config,ic_id,band0,t_yr,omega_e,Id_over_Is,beta_deg
telstar401,1,LAM,0.000000,7.89395007e-04,0.439076,38.2810
telstar401,1,LAM,0.001000,7.89338563e-04,0.439107,36.9801
telstar401,1,LAM,0.001102,7.89332778e-04,0.439111,36.8469
telstar401,1,LAM,0.001215,7.89326400e-04,0.439114,36.7000
telstar401,1,LAM,0.001340,7.89319368e-04,0.439118,36.5381
telstar401,1,LAM,0.001477,7.89311615e-04,0.439122,36.3595
telstar401,1,LAM,0.001629,7.89303068e-04,0.439127,36.1628
telstar401,1,LAM,0.001796,7.89293645e-04,0.439132,35.9459
telstar401,1,LAM,0.001980,7.89283255e-04,0.439138,35.7068
telstar401,1,LAM,0.002183,7.89271801e-04,0.439145,35.4432
telstar401,1,LAM,0.002406,7.89259173e-04,0.439152,35.1527
telstar401,1,LAM,0.002653,7.89245249e-04,0.439159,34.8325
telstar401,1,LAM,0.002925,7.89229899e-04,0.439168,34.4796
telstar401,1,LAM,0.003225,7.89212974e-04,0.439177,34.0906
telstar401,1,LAM,0.003555,7.89194315e-04,0.439188,33.6619
telstar401,1,LAM,0.003919,7.89173742e-04,0.439199,33.1895
telstar401,1,LAM,0.004321,7.89151060e-04,0.439212,32.6688
telstar401,1,LAM,0.004764,7.89126052e-04,0.439226,32.0951
telstar401,1,LAM,0.005252,7.89098479e-04,0.439241,31.4630
telstar401,1,LAM,0.005790,7.89068079e-04,0.439258,30.7665
telstar401,1,LAM,0.006384,7.89034562e-04,0.439277,29.9993
telstar401,1,LAM,0.007038,7.88997606e-04,0.439297,29.1541
telstar401,1,LAM,0.007759,7.88956860e-04,0.439320,28.2233
telstar401,1,LAM,0.008555,7.88911934e-04,0.439345,27.1984
telstar401,1,LAM,0.009431,7.88862399e-04,0.439372,26.0701
telstar401,1,LAM,0.010398,7.88807782e-04,0.439403,24.8284
telstar401,1,LAM,0.011464,7.88747560e-04,0.439436,23.4624
telstar401,1,LAM,0.012638,7.88681157e-04,0.439473,21.9608
telstar401,1,LAM,0.013934,7.88607939e-04,0.439514,20.3114
telstar401,1,LAM,0.015362,7.88527204e-04,0.439559,18.5020
telstar401,1,LAM,0.016936,7.88438180e-04,0.439609,16.5213
telstar401,1,LAM,0.018672,7.88340014e-04,0.439664,14.3611
telstar401,1,LAM,0.020585,7.88231764e-04,0.439724,12.0222
telstar401,1,LAM,0.022695,7.88112393e-04,0.439791,9.5313
telstar401,1,LAM,0.025021,7.87980754e-04,0.439864,7.0020
telstar401,1,LAM,0.027585,7.87835583e-04,0.439945,4.8936
telstar401,1,LAM,0.030412,7.87675486e-04,0.440034,4.6606
telstar401,1,LAM,0.033529,7.87498921e-04,0.440133,7.0702
telstar401,1,LAM,0.036966,7.87304187e-04,0.440242,10.8736
telstar401,1,LAM,0.040754,7.87089409e-04,0.440362,15.4331
telstar401,1,LAM,0.044931,7.86852511e-04,0.440495,20.5969
telstar401,1,LAM,0.049535,7.86591205e-04,0.440641,26.3439
telstar401,1,LAM,0.054612,7.86302962e-04,0.440803,32.6940
telstar401,1,LAM,0.060209,7.85984987e-04,0.440981,39.6838
telstar401,1,LAM,0.066379,7.85634193e-04,0.441178,47.3576
telstar401,1,LAM,0.073182,7.85247167e-04,0.441395,55.7634
telstar401,1,LAM,0.080683,7.84820137e-04,0.441635,64.9492
telstar401,1,LAM,0.088951,7.84348931e-04,0.441901,74.9586
telstar401,1,LAM,0.098068,7.83828936e-04,0.442194,85.8229
telstar401,1,LAM,0.108118,7.83255046e-04,0.442518,97.5448
telstar401,1,LAM,0.119199,7.82621611e-04,0.442876,110.0627
telstar401,1,LAM,0.131415,7.81922379e-04,0.443272,123.1570
telstar401,1,LAM,0.144883,7.81150421e-04,0.443710,136.1679
telstar401,1,LAM,0.159731,7.80298064e-04,0.444195,147.0671
telstar401,1,LAM,0.176101,7.79356805e-04,0.444731,150.5537
telstar401,1,LAM,0.194149,7.78317215e-04,0.445325,142.0327
telstar401,1,LAM,0.214047,7.77168837e-04,0.445983,125.1068
telstar401,1,LAM,0.235983,7.75900068e-04,0.446713,103.6448
telstar401,1,LAM,0.260168,7.74498028e-04,0.447521,79.0266
telstar401,1,LAM,0.286832,7.72948416e-04,0.448419,51.6699
telstar401,1,LAM,0.316228,7.71235347e-04,0.449415,22.5543
telstar401,1,LAM,0.348637,7.69341169e-04,0.450521,19.0668
telstar401,1,LAM,0.384367,7.67246264e-04,0.451751,54.9397
telstar401,1,LAM,0.423759,7.64928826e-04,0.453120,97.2553
telstar401,1,LAM,0.467188,7.62364614e-04,0.454644,143.9590
telstar401,1,LAM,0.515068,7.59526687e-04,0.456343,161.2369
telstar401,1,LAM,0.567855,7.56385112e-04,0.458238,108.1568
telstar401,1,LAM,0.626052,7.52906657e-04,0.460355,54.3018
telstar401,1,LAM,0.690213,7.49054464e-04,0.462723,32.5721
telstar401,1,LAM,0.760950,7.44787716e-04,0.465373,80.6643
telstar401,1,LAM,0.838936,7.40061313e-04,0.468346,143.0587
telstar401,1,LAM,0.924915,7.34825574e-04,0.471683,143.3582
telstar401,1,LAM,1.019705,7.29025999e-04,0.475435,63.7626
telstar401,1,LAM,1.124210,7.22603131e-04,0.479661,18.3768
telstar401,1,LAM,1.239425,7.15492598e-04,0.484428,91.9016
telstar401,1,LAM,1.366448,7.07625407e-04,0.489813,153.6512
telstar401,1,LAM,1.506489,6.98928629e-04,0.495908,102.6635
telstar401,1,LAM,1.660883,6.89326635e-04,0.502816,36.5817
telstar401,1,LAM,1.831099,6.78743094e-04,0.510656,51.0876
telstar401,1,LAM,2.018760,6.67103992e-04,0.519566,106.1029
telstar401,1,LAM,2.225654,6.54341991e-04,0.529699,139.2564
telstar401,1,LAM,2.453751,6.40402434e-04,0.541229,164.8492
telstar401,1,LAM,2.705225,6.25251308e-04,0.554344,166.0306
telstar401,1,LAM,2.982471,6.08885311e-04,0.569244,143.4139
telstar401,1,LAM,3.288131,5.91343935e-04,0.586130,60.6725
telstar401,1,LAM,3.625117,5.72722951e-04,0.605187,77.0907
telstar401,1,LAM,3.996639,5.53188006e-04,0.626558,73.1783
telstar401,1,LAM,4.406236,5.32986129e-04,0.650307,128.4007
telstar401,1,LAM,4.857812,5.12452098e-04,0.676364,92.5744
telstar401,1,LAM,5.355667,4.92006289e-04,0.704471,73.5264
telstar401,1,LAM,5.904545,4.72141618e-04,0.734111,30.5196
telstar401,1,LAM,6.509675,4.53400928e-04,0.764455,124.3545
telstar401,1,LAM,7.176822,4.36356535e-04,0.794315,41.8004
telstar401,1,LAM,7.912343,4.21642471e-04,0.822034,145.2208
telstar401,1,LAM,8.723243,4.10574097e-04,0.844194,49.8949
telstar401,1,LAM,9.617249,3.99093104e-04,0.868480,168.6998
telstar401,1,LAM,10.602877,3.84234699e-04,0.902064,72.4353
telstar401,1,LAM,11.689518,3.70288242e-04,0.936039,79.7906
telstar401,1,LAM,12.887524,3.59728148e-04,0.963518,136.1290
telstar401,1,LAM,14.208308,3.53064010e-04,0.981704,125.3504
telstar401,1,LAM,15.664454,3.49454866e-04,0.991843,157.9851
telstar401,1,LAM,17.269833,3.47737799e-04,0.996741,56.4233
telstar401,1,LAM,19.039740,3.47010303e-04,0.998830,147.4602
telstar401,1,LAM,20.991037,3.46734655e-04,0.999624,80.2154
telstar401,1,LAM,23.142314,3.46641530e-04,0.999893,150.5249
telstar401,1,LAM,25.514065,3.46613693e-04,0.999973,15.0758
telstar401,1,LAM,28.128887,3.46606409e-04,0.999994,139.0646
telstar401,1,LAM,31.011689,3.46604762e-04,0.999999,39.8453
telstar401,1,LAM,34.189937,3.46604445e-04,1.000000,114.3694
telstar401,1,LAM,37.693910,3.46604393e-04,1.000000,31.0403
telstar401,1,LAM,41.556988,3.46604387e-04,1.000000,39.8505
telstar401,1,LAM,45.815977,3.46604386e-04,1.000000,114.7728
telstar401,1,LAM,50.511449,3.46604386e-04,1.000000,31.8519
telstar401,1,LAM,55.688140,3.46604386e-04,1.000000,100.0555
telstar401,1,LAM,61.395366,3.46604386e-04,1.000000,78.4121
telstar401,1,LAM,67.687500,3.46604386e-04,1.000000,69.9224
telstar401,1,LAM,74.624487,3.46604386e-04,1.000000,42.8038
telstar401,1,LAM,82.272413,3.46604386e-04,1.000000,145.7599
telstar401,1,LAM,90.704142,3.46604386e-04,1.000000,98.8377
telstar401,1,LAM,100.000000,3.46604386e-04,1.000000,92.0718
telstar401,2,LAM,0.000000,8.86467479e-04,0.409256,103.8745
telstar401,2,LAM,0.001000,8.86408954e-04,0.409283,107.4321
telstar401,2,LAM,0.001102,8.86402955e-04,0.409286,107.7961
telstar401,2,LAM,0.001215,8.86396341e-04,0.409289,108.1973
telstar401,2,LAM,0.001340,8.86389050e-04,0.409293,108.6394
telstar401,2,LAM,0.001477,8.86381010e-04,0.409296,109.1266
telstar401,2,LAM,0.001629,8.86372147e-04,0.409300,109.6635
telstar401,2,LAM,0.001796,8.86362375e-04,0.409305,110.2551
telstar401,2,LAM,0.001980,8.86351601e-04,0.409310,110.9068
telstar401,2,LAM,0.002183,8.86339723e-04,0.409315,111.6248
telstar401,2,LAM,0.002406,8.86326626e-04,0.409322,112.4156
telstar401,2,LAM,0.002653,8.86312187e-04,0.409328,113.2867
telstar401,2,LAM,0.002925,8.86296266e-04,0.409336,114.2458
telstar401,2,LAM,0.003225,8.86278714e-04,0.409344,115.3017
telstar401,2,LAM,0.003555,8.86259361e-04,0.409353,116.4639
telstar401,2,LAM,0.003919,8.86238022e-04,0.409362,117.7427
telstar401,2,LAM,0.004321,8.86214496e-04,0.409373,119.1492
telstar401,2,LAM,0.004764,8.86188555e-04,0.409385,120.6954
telstar401,2,LAM,0.005252,8.86159954e-04,0.409398,122.3943
telstar401,2,LAM,0.005790,8.86128417e-04,0.409413,124.2594
telstar401,2,LAM,0.006384,8.86093645e-04,0.409429,126.3049
telstar401,2,LAM,0.007038,8.86055303e-04,0.409447,128.5452
telstar401,2,LAM,0.007759,8.86013026e-04,0.409466,130.9944
telstar401,2,LAM,0.008555,8.85966409e-04,0.409488,133.6652
telstar401,2,LAM,0.009431,8.85915004e-04,0.409512,136.5668
telstar401,2,LAM,0.010398,8.85858321e-04,0.409538,139.7020
telstar401,2,LAM,0.011464,8.85795815e-04,0.409567,143.0607
telstar401,2,LAM,0.012638,8.85726886e-04,0.409599,146.6078
telstar401,2,LAM,0.013934,8.85650873e-04,0.409634,150.2604
telstar401,2,LAM,0.015362,8.85567046e-04,0.409673,153.8412
telstar401,2,LAM,0.016936,8.85474598e-04,0.409715,156.9919
telstar401,2,LAM,0.018672,8.85372639e-04,0.409763,159.0584
telstar401,2,LAM,0.020585,8.85260188e-04,0.409815,159.1287
telstar401,2,LAM,0.022695,8.85136159e-04,0.409872,156.5383
telstar401,2,LAM,0.025021,8.84999354e-04,0.409935,151.3565
telstar401,2,LAM,0.027585,8.84848451e-04,0.410005,144.0539
telstar401,2,LAM,0.030412,8.84681987e-04,0.410082,135.0207
telstar401,2,LAM,0.033529,8.84498348e-04,0.410168,124.4602
telstar401,2,LAM,0.036966,8.84295748e-04,0.410262,112.4411
telstar401,2,LAM,0.040754,8.84072214e-04,0.410365,98.9523
telstar401,2,LAM,0.044931,8.83825564e-04,0.410480,83.9375
telstar401,2,LAM,0.049535,8.83553384e-04,0.410606,67.3181
telstar401,2,LAM,0.054612,8.83253005e-04,0.410746,49.0270
telstar401,2,LAM,0.060209,8.82921470e-04,0.410900,29.1423
telstar401,2,LAM,0.066379,8.82555507e-04,0.411071,9.9636
telstar401,2,LAM,0.073182,8.82151491e-04,0.411259,20.8242
telstar401,2,LAM,0.080683,8.81705405e-04,0.411467,46.7285
telstar401,2,LAM,0.088951,8.81212795e-04,0.411697,75.5843
telstar401,2,LAM,0.098068,8.80668721e-04,0.411951,106.3318
telstar401,2,LAM,0.108118,8.80067700e-04,0.412233,135.7916
telstar401,2,LAM,0.119199,8.79403642e-04,0.412544,145.0879
telstar401,2,LAM,0.131415,8.78669779e-04,0.412888,115.9045
telstar401,2,LAM,0.144883,8.77858586e-04,0.413270,71.8986
telstar401,2,LAM,0.159731,8.76961686e-04,0.413693,21.3477
telstar401,2,LAM,0.176101,8.75969751e-04,0.414161,34.5089
telstar401,2,LAM,0.194149,8.74872382e-04,0.414681,93.2214
telstar401,2,LAM,0.214047,8.73657975e-04,0.415257,138.6514
telstar401,2,LAM,0.235983,8.72313574e-04,0.415897,100.7619
telstar401,2,LAM,0.260168,8.70824694e-04,0.416608,24.6811
telstar401,2,LAM,0.286832,8.69175128e-04,0.417399,62.7861
telstar401,2,LAM,0.316228,8.67346724e-04,0.418279,139.4835
telstar401,2,LAM,0.348637,8.65319126e-04,0.419259,74.3823
telstar401,2,LAM,0.384367,8.63069493e-04,0.420351,41.5496
telstar401,2,LAM,0.423759,8.60572160e-04,0.421571,151.5561
telstar401,2,LAM,0.467188,8.57798271e-04,0.422935,37.4587
telstar401,2,LAM,0.515068,8.54715356e-04,0.424460,122.8266
telstar401,2,LAM,0.567855,8.51286852e-04,0.426170,67.6870
telstar401,2,LAM,0.626052,8.47471577e-04,0.428088,126.9313
telstar401,2,LAM,0.690213,8.43223138e-04,0.430245,52.2294
telstar401,2,LAM,0.760950,8.38489295e-04,0.432674,174.3824
telstar401,2,LAM,0.838936,8.33211281e-04,0.435415,63.3511
telstar401,2,LAM,0.924915,8.27323093e-04,0.438514,63.3145
telstar401,2,LAM,1.019705,8.20750806e-04,0.442025,142.3878
telstar401,2,LAM,1.124210,8.13411954e-04,0.446013,125.5893
telstar401,2,LAM,1.239425,8.05215078e-04,0.450554,68.0098
telstar401,2,LAM,1.366448,7.96059583e-04,0.455735,21.4228
telstar401,2,LAM,1.506489,7.85836100e-04,0.461664,21.8718
telstar401,2,LAM,1.660883,7.74427661e-04,0.468465,53.2098
telstar401,2,LAM,1.831099,7.61712081e-04,0.476286,77.9829
telstar401,2,LAM,2.018760,7.47566088e-04,0.485298,96.3542
telstar401,2,LAM,2.225654,7.31871870e-04,0.495705,124.4946
telstar401,2,LAM,2.453751,7.14526802e-04,0.507738,139.1972
telstar401,2,LAM,2.705225,6.95457137e-04,0.521661,56.0007
telstar401,2,LAM,2.982471,6.74636193e-04,0.537760,129.1113
telstar401,2,LAM,3.288131,6.52106990e-04,0.556339,20.2936
telstar401,2,LAM,3.625117,6.28008118e-04,0.577688,37.4550
telstar401,2,LAM,3.996639,6.02599764e-04,0.602046,151.0754
telstar401,2,LAM,4.406236,5.76284529e-04,0.629537,106.0872
telstar401,2,LAM,4.857812,5.49615451e-04,0.660084,87.8672
telstar401,2,LAM,5.355667,5.23283163e-04,0.693301,21.6454
telstar401,2,LAM,5.904545,4.98077325e-04,0.728386,45.2642
telstar401,2,LAM,6.509675,4.74827457e-04,0.764051,84.2803
telstar401,2,LAM,7.176822,4.54352161e-04,0.798483,129.3855
telstar401,2,LAM,7.912343,4.37541193e-04,0.829162,141.7879
telstar401,2,LAM,8.723243,4.25755104e-04,0.852116,45.5654
telstar401,2,LAM,9.617249,4.09885010e-04,0.885108,156.8452
telstar401,2,LAM,10.602877,3.93049439e-04,0.923020,142.7810
telstar401,2,LAM,11.689518,3.79571592e-04,0.955795,48.2530
telstar401,2,LAM,12.887524,3.70920143e-04,0.978088,38.7430
telstar401,2,LAM,14.208308,3.66279807e-04,0.990479,92.4432
telstar401,2,LAM,15.664454,3.64129887e-04,0.996327,54.9478
telstar401,2,LAM,17.269833,3.63251763e-04,0.998736,66.5163
telstar401,2,LAM,19.039740,3.62933135e-04,0.999613,47.0046
telstar401,2,LAM,20.991037,3.62830597e-04,0.999895,37.7570
telstar401,2,LAM,23.142314,3.62801551e-04,0.999975,27.8079
telstar401,2,LAM,25.514065,3.62794387e-04,0.999995,34.1226
telstar401,2,LAM,28.128887,3.62792869e-04,0.999999,130.0607
telstar401,2,LAM,31.011689,3.62792597e-04,1.000000,97.0752
telstar401,2,LAM,34.189937,3.62792556e-04,1.000000,93.9287
telstar401,2,LAM,37.693910,3.62792551e-04,1.000000,174.3971
telstar401,2,LAM,41.556988,3.62792551e-04,1.000000,47.7424
telstar401,2,LAM,45.815977,3.62792551e-04,1.000000,43.3115
telstar401,2,LAM,50.511449,3.62792551e-04,1.000000,90.0629
telstar401,2,LAM,55.688140,3.62792551e-04,1.000000,162.7263
telstar401,2,LAM,61.395366,3.62792551e-04,1.000000,93.1319
telstar401,2,LAM,67.687500,3.62792551e-04,1.000000,164.4655
telstar401,2,LAM,74.624487,3.62792551e-04,1.000000,51.2267
telstar401,2,LAM,82.272413,3.62792551e-04,1.000000,137.6855
telstar401,2,LAM,90.704142,3.62792551e-04,1.000000,142.2352
telstar401,2,LAM,100.000000,3.62792551e-04,1.000000,126.0654
telstar401,3,SAM,0.000000,1.20056181e-03,0.923531,30.2245
telstar401,3,SAM,0.001000,1.20009150e-03,0.923893,31.1711
telstar401,3,SAM,0.001102,1.20004341e-03,0.923930,31.2697
telstar401,3,SAM,0.001215,1.19999041e-03,0.923971,31.3787
telstar401,3,SAM,0.001340,1.19993201e-03,0.924016,31.4992
telstar401,3,SAM,0.001477,1.19986765e-03,0.924065,31.6326
telstar401,3,SAM,0.001629,1.19979674e-03,0.924120,31.7801
telstar401,3,SAM,0.001796,1.19971862e-03,0.924180,31.9435
telstar401,3,SAM,0.001980,1.19963254e-03,0.924246,32.1245
telstar401,3,SAM,0.002183,1.19953772e-03,0.924319,32.3249
telstar401,3,SAM,0.002406,1.19943328e-03,0.924400,32.5470
telstar401,3,SAM,0.002653,1.19931823e-03,0.924489,32.7933
telstar401,3,SAM,0.002925,1.19919153e-03,0.924586,33.0665
telstar401,3,SAM,0.003225,1.19905200e-03,0.924694,33.3696
telstar401,3,SAM,0.003555,1.19889837e-03,0.924812,33.7060
telstar401,3,SAM,0.003919,1.19872923e-03,0.924943,34.0798
telstar401,3,SAM,0.004321,1.19854305e-03,0.925087,34.4950
telstar401,3,SAM,0.004764,1.19833813e-03,0.925245,34.9566
telstar401,3,SAM,0.005252,1.19811264e-03,0.925419,35.4700
telstar401,3,SAM,0.005790,1.19786456e-03,0.925611,36.0412
telstar401,3,SAM,0.006384,1.19759168e-03,0.925821,36.6770
telstar401,3,SAM,0.007038,1.19729160e-03,0.926053,37.3851
telstar401,3,SAM,0.007759,1.19696169e-03,0.926309,38.1739
telstar401,3,SAM,0.008555,1.19659910e-03,0.926589,39.0530
telstar401,3,SAM,0.009431,1.19620071e-03,0.926898,40.0329
telstar401,3,SAM,0.010398,1.19576315e-03,0.927237,41.1256
telstar401,3,SAM,0.011464,1.19528278e-03,0.927610,42.3443
telstar401,3,SAM,0.012638,1.19475561e-03,0.928019,43.7037
telstar401,3,SAM,0.013934,1.19417740e-03,0.928468,45.2201
telstar401,3,SAM,0.015362,1.19354353e-03,0.928962,46.9118
telstar401,3,SAM,0.016936,1.19284908e-03,0.929502,48.7988
telstar401,3,SAM,0.018672,1.19208876e-03,0.930095,50.9036
telstar401,3,SAM,0.020585,1.19125697e-03,0.930745,53.2508
telstar401,3,SAM,0.022695,1.19034773e-03,0.931456,55.8678
telstar401,3,SAM,0.025021,1.18935476e-03,0.932233,58.7849
telstar401,3,SAM,0.027585,1.18827148e-03,0.933083,62.0354
telstar401,3,SAM,0.030412,1.18709103e-03,0.934011,65.6561
telstar401,3,SAM,0.033529,1.18580636e-03,0.935023,69.6877
telstar401,3,SAM,0.036966,1.18441028e-03,0.936125,74.1749
telstar401,3,SAM,0.040754,1.18289557e-03,0.937324,79.1670
telstar401,3,SAM,0.044931,1.18125508e-03,0.938625,84.7181
telstar401,3,SAM,0.049535,1.17948197e-03,0.940036,90.8873
telstar401,3,SAM,0.054612,1.17756979e-03,0.941563,97.7393
telstar401,3,SAM,0.060209,1.17551285e-03,0.943210,105.3438
telstar401,3,SAM,0.066379,1.17330643e-03,0.944984,113.7748
telstar401,3,SAM,0.073182,1.17094713e-03,0.946888,123.1084
telstar401,3,SAM,0.080683,1.16843331e-03,0.948925,133.4153
telstar401,3,SAM,0.088951,1.16576548e-03,0.951097,144.7369
telstar401,3,SAM,0.098068,1.16294681e-03,0.953402,156.9735
telstar401,3,SAM,0.108118,1.15998366e-03,0.955838,168.8988
telstar401,3,SAM,0.119199,1.15688605e-03,0.958397,168.2567
telstar401,3,SAM,0.131415,1.15366820e-03,0.961070,153.2756
telstar401,3,SAM,0.144883,1.15034890e-03,0.963843,135.1053
telstar401,3,SAM,0.159731,1.14695187e-03,0.966698,115.0558
telstar401,3,SAM,0.176101,1.14350583e-03,0.969611,93.5929
telstar401,3,SAM,0.194149,1.14004436e-03,0.972555,71.7472
telstar401,3,SAM,0.214047,1.13660541e-03,0.975498,52.9435
telstar401,3,SAM,0.235983,1.13323042e-03,0.978403,47.2598
telstar401,3,SAM,0.260168,1.12996302e-03,0.981232,63.9990
telstar401,3,SAM,0.286832,1.12684721e-03,0.983945,96.2003
telstar401,3,SAM,0.316228,1.12392530e-03,0.986503,137.2789
telstar401,3,SAM,0.348637,1.12123548e-03,0.988870,172.9030
telstar401,3,SAM,0.384367,1.11880937e-03,0.991014,119.2420
telstar401,3,SAM,0.423759,1.11666979e-03,0.992913,59.8103
telstar401,3,SAM,0.467188,1.11482900e-03,0.994553,35.6223
telstar401,3,SAM,0.515068,1.11328769e-03,0.995929,101.4297
telstar401,3,SAM,0.567855,1.11203501e-03,0.997051,144.8535
telstar401,3,SAM,0.626052,1.11104963e-03,0.997936,64.9437
telstar401,3,SAM,0.690213,1.11030175e-03,0.998608,34.5060
telstar401,3,SAM,0.760950,1.10975595e-03,0.999099,126.8435
telstar401,3,SAM,0.838936,1.10937440e-03,0.999443,70.8167
telstar401,3,SAM,0.924915,1.10911996e-03,0.999672,65.6317
telstar401,3,SAM,1.019705,1.10895885e-03,0.999817,127.7603
telstar401,3,SAM,1.124210,1.10886248e-03,0.999904,60.9177
telstar401,3,SAM,1.239425,1.10880832e-03,0.999953,126.2441
telstar401,3,SAM,1.366448,1.10877992e-03,0.999978,96.6490
telstar401,3,SAM,1.506489,1.10876610e-03,0.999991,38.1987
telstar401,3,SAM,1.660883,1.10875992e-03,0.999997,114.9884
telstar401,3,SAM,1.831099,1.10875740e-03,0.999999,128.4222
telstar401,3,SAM,2.018760,1.10875647e-03,1.000000,109.6757
telstar401,3,SAM,2.225654,1.10875616e-03,1.000000,106.3837
telstar401,3,SAM,2.453751,1.10875607e-03,1.000000,120.3032
telstar401,3,SAM,2.705225,1.10875605e-03,1.000000,133.7847
telstar401,3,SAM,2.982471,1.10875604e-03,1.000000,70.1923
telstar401,3,SAM,3.288131,1.10875604e-03,1.000000,93.7902
telstar401,3,SAM,3.625117,1.10875604e-03,1.000000,61.3705
telstar401,3,SAM,3.996639,1.10875604e-03,1.000000,150.9092
telstar401,3,SAM,4.406236,1.10875604e-03,1.000000,161.5299
telstar401,3,SAM,4.857812,1.10875604e-03,1.000000,132.5959
telstar401,3,SAM,5.355667,1.10875604e-03,1.000000,56.3189
telstar401,3,SAM,5.904545,1.10875604e-03,1.000000,140.6866
telstar401,3,SAM,6.509675,1.10875604e-03,1.000000,103.4428
telstar401,3,SAM,7.176822,1.10875604e-03,1.000000,151.5897
telstar401,3,SAM,7.912343,1.10875604e-03,1.000000,55.4882
telstar401,3,SAM,8.723243,1.10875604e-03,1.000000,112.8892
telstar401,3,SAM,9.617249,1.10875604e-03,1.000000,60.9073
telstar401,3,SAM,10.602877,1.10875604e-03,1.000000,134.6348
telstar401,3,SAM,11.689518,1.10875604e-03,1.000000,134.9290
telstar401,3,SAM,12.887524,1.10875604e-03,1.000000,31.5860
telstar401,3,SAM,14.208308,1.10875604e-03,1.000000,105.7161
telstar401,3,SAM,15.664454,1.10875604e-03,1.000000,26.8410
telstar401,3,SAM,17.269833,1.10875604e-03,1.000000,155.5606
telstar401,3,SAM,19.039740,1.10875604e-03,1.000000,60.1274
telstar401,3,SAM,20.991037,1.10875604e-03,1.000000,25.2704
telstar401,3,SAM,23.142314,1.10875604e-03,1.000000,42.4201
telstar401,3,SAM,25.514065,1.10875604e-03,1.000000,41.9801
telstar401,3,SAM,28.128887,1.10875604e-03,1.000000,122.1692
telstar401,3,SAM,31.011689,1.10875604e-03,1.000000,75.9037
telstar401,3,SAM,34.189937,1.10875604e-03,1.000000,129.9890
telstar401,3,SAM,37.693910,1.10875604e-03,1.000000,8.6466
telstar401,3,SAM,41.556988,1.10875604e-03,1.000000,31.0695
telstar401,3,SAM,45.815977,1.10875604e-03,1.000000,9.6327
telstar401,3,SAM,50.511449,1.10875604e-03,1.000000,35.2085
telstar401,3,SAM,55.688140,1.10875604e-03,1.000000,38.5582
telstar401,3,SAM,61.395366,1.10875604e-03,1.000000,87.3694
telstar401,3,SAM,67.687500,1.10875604e-03,1.000000,63.0379
telstar401,3,SAM,74.624487,1.10875604e-03,1.000000,124.3546
telstar401,3,SAM,82.272413,1.10875604e-03,1.000000,128.1815
telstar401,3,SAM,90.704142,1.10875604e-03,1.000000,80.9910
telstar401,3,SAM,100.000000,1.10875604e-03,1.000000,69.6867
telstar401,4,SAM,0.000000,1.71067940e-03,0.895743,60.9249
telstar401,4,SAM,0.001000,1.70954821e-03,0.896336,61.9972
telstar401,4,SAM,0.001102,1.70943254e-03,0.896396,62.1076
telstar401,4,SAM,0.001215,1.70930508e-03,0.896463,62.2296
telstar401,4,SAM,0.001340,1.70916462e-03,0.896537,62.3642
telstar401,4,SAM,0.001477,1.70900985e-03,0.896618,62.5128
telstar401,4,SAM,0.001629,1.70883932e-03,0.896707,62.6768
telstar401,4,SAM,0.001796,1.70865145e-03,0.896806,62.8579
telstar401,4,SAM,0.001980,1.70844446e-03,0.896915,63.0579
telstar401,4,SAM,0.002183,1.70821645e-03,0.897034,63.2788
telstar401,4,SAM,0.002406,1.70796530e-03,0.897166,63.5228
telstar401,4,SAM,0.002653,1.70768868e-03,0.897312,63.7924
telstar401,4,SAM,0.002925,1.70738405e-03,0.897472,64.0903
telstar401,4,SAM,0.003225,1.70704859e-03,0.897648,64.4196
telstar401,4,SAM,0.003555,1.70667926e-03,0.897842,64.7836
telstar401,4,SAM,0.003919,1.70627267e-03,0.898056,65.1862
telstar401,4,SAM,0.004321,1.70582515e-03,0.898292,65.6314
telstar401,4,SAM,0.004764,1.70533265e-03,0.898551,66.1240
telstar401,4,SAM,0.005252,1.70479077e-03,0.898837,66.6692
telstar401,4,SAM,0.005790,1.70419467e-03,0.899151,67.2727
telstar401,4,SAM,0.006384,1.70353910e-03,0.899497,67.9411
telstar401,4,SAM,0.007038,1.70281831e-03,0.899878,68.6814
telstar401,4,SAM,0.007759,1.70202604e-03,0.900297,69.5018
telstar401,4,SAM,0.008555,1.70115550e-03,0.900758,70.4111
telstar401,4,SAM,0.009431,1.70019930e-03,0.901264,71.4195
telstar401,4,SAM,0.010398,1.69914946e-03,0.901821,72.5380
telstar401,4,SAM,0.011464,1.69799733e-03,0.902433,73.7792
telstar401,4,SAM,0.012638,1.69673359e-03,0.903105,75.1569
telstar401,4,SAM,0.013934,1.69534823e-03,0.903843,76.6867
telstar401,4,SAM,0.015362,1.69383052e-03,0.904653,78.3858
telstar401,4,SAM,0.016936,1.69216903e-03,0.905541,80.2734
telstar401,4,SAM,0.018672,1.69035160e-03,0.906515,82.3708
telstar401,4,SAM,0.020585,1.68836542e-03,0.907581,84.7017
telstar401,4,SAM,0.022695,1.68619701e-03,0.908748,87.2919
telstar401,4,SAM,0.025021,1.68383240e-03,0.910025,90.1701
telstar401,4,SAM,0.027585,1.68125717e-03,0.911419,93.3672
telstar401,4,SAM,0.030412,1.67845663e-03,0.912939,96.9164
telstar401,4,SAM,0.033529,1.67541608e-03,0.914596,100.8529
telstar401,4,SAM,0.036966,1.67212104e-03,0.916398,105.2123
telstar401,4,SAM,0.040754,1.66855766e-03,0.918355,110.0287
telstar401,4,SAM,0.044931,1.66471313e-03,0.920476,115.3307
telstar401,4,SAM,0.049535,1.66057626e-03,0.922769,121.1320
telstar401,4,SAM,0.054612,1.65613812e-03,0.925242,127.4149
telstar401,4,SAM,0.060209,1.65139279e-03,0.927901,134.0909
telstar401,4,SAM,0.066379,1.64633825e-03,0.930750,140.9126
telstar401,4,SAM,0.073182,1.64097738e-03,0.933790,147.2642
telstar401,4,SAM,0.080683,1.63531893e-03,0.937021,151.7490
telstar401,4,SAM,0.088951,1.62937869e-03,0.940438,152.0415
telstar401,4,SAM,0.098068,1.62318053e-03,0.944029,146.6299
telstar401,4,SAM,0.108118,1.61675734e-03,0.947779,136.3991
telstar401,4,SAM,0.119199,1.61015183e-03,0.951667,122.9016
telstar401,4,SAM,0.131415,1.60341691e-03,0.955665,107.2512
telstar401,4,SAM,0.144883,1.59661567e-03,0.959736,90.4719
telstar401,4,SAM,0.159731,1.58982068e-03,0.963838,74.3029
telstar401,4,SAM,0.176101,1.58311249e-03,0.967922,62.6059
telstar401,4,SAM,0.194149,1.57657732e-03,0.971934,62.1756
telstar401,4,SAM,0.214047,1.57030383e-03,0.975817,77.0974
telstar401,4,SAM,0.235983,1.56437901e-03,0.979513,104.1190
telstar401,4,SAM,0.260168,1.55888349e-03,0.982966,138.4966
telstar401,4,SAM,0.286832,1.55388659e-03,0.986127,163.3190
telstar401,4,SAM,0.316228,1.54944155e-03,0.988956,126.1309
telstar401,4,SAM,0.348637,1.54558152e-03,0.991425,79.0992
telstar401,4,SAM,0.384367,1.54231699e-03,0.993524,55.4692
telstar401,4,SAM,0.423759,1.53963498e-03,0.995255,96.1368
telstar401,4,SAM,0.467188,1.53750045e-03,0.996636,145.4137
telstar401,4,SAM,0.515068,1.53585973e-03,0.997701,87.5085
telstar401,4,SAM,0.567855,1.53464575e-03,0.998490,33.2945
telstar401,4,SAM,0.626052,1.53378425e-03,0.999051,109.2244
telstar401,4,SAM,0.690213,1.53320024e-03,0.999432,84.2739
telstar401,4,SAM,0.760950,1.53282375e-03,0.999677,35.3885
telstar401,4,SAM,0.838936,1.53259406e-03,0.999827,120.4562
telstar401,4,SAM,0.924915,1.53246217e-03,0.999913,28.6452
telstar401,4,SAM,1.019705,1.53239133e-03,0.999959,142.1655
telstar401,4,SAM,1.124210,1.53235596e-03,0.999982,67.4456
telstar401,4,SAM,1.239425,1.53233968e-03,0.999993,105.9866
telstar401,4,SAM,1.366448,1.53233281e-03,0.999997,150.5782
telstar401,4,SAM,1.506489,1.53233019e-03,0.999999,80.1190
telstar401,4,SAM,1.660883,1.53232929e-03,1.000000,29.9785
telstar401,4,SAM,1.831099,1.53232902e-03,1.000000,18.7175
telstar401,4,SAM,2.018760,1.53232895e-03,1.000000,44.0566
telstar401,4,SAM,2.225654,1.53232893e-03,1.000000,87.7690
telstar401,4,SAM,2.453751,1.53232893e-03,1.000000,141.5083
telstar401,4,SAM,2.705225,1.53232893e-03,1.000000,53.9116
telstar401,4,SAM,2.982471,1.53232893e-03,1.000000,116.4628
telstar401,4,SAM,3.288131,1.53232893e-03,1.000000,63.0915
telstar401,4,SAM,3.625117,1.53232893e-03,1.000000,37.0528
telstar401,4,SAM,3.996639,1.53232893e-03,1.000000,42.1386
telstar401,4,SAM,4.406236,1.53232893e-03,1.000000,84.8839
telstar401,4,SAM,4.857812,1.53232893e-03,1.000000,94.1344
telstar401,4,SAM,5.355667,1.53232893e-03,1.000000,151.3123
telstar401,4,SAM,5.904545,1.53232893e-03,1.000000,126.5987
telstar401,4,SAM,6.509675,1.53232893e-03,1.000000,72.9719
telstar401,4,SAM,7.176822,1.53232893e-03,1.000000,161.6846
telstar401,4,SAM,7.912343,1.53232893e-03,1.000000,127.4789
telstar401,4,SAM,8.723243,1.53232893e-03,1.000000,16.7735
telstar401,4,SAM,9.617249,1.53232893e-03,1.000000,28.0552
telstar401,4,SAM,10.602877,1.53232893e-03,1.000000,114.8632
telstar401,4,SAM,11.689518,1.53232893e-03,1.000000,106.6425
telstar401,4,SAM,12.887524,1.53232893e-03,1.000000,25.5576
telstar401,4,SAM,14.208308,1.53232893e-03,1.000000,108.5329
telstar401,4,SAM,15.664454,1.53232893e-03,1.000000,90.5237
telstar401,4,SAM,17.269833,1.53232893e-03,1.000000,79.1239
telstar401,4,SAM,19.039740,1.53232893e-03,1.000000,53.6910
telstar401,4,SAM,20.991037,1.53232893e-03,1.000000,111.7498
telstar401,4,SAM,23.142314,1.53232893e-03,1.000000,155.7871
telstar401,4,SAM,25.514065,1.53232893e-03,1.000000,124.5756
telstar401,4,SAM,28.128887,1.53232893e-03,1.000000,57.2618
telstar401,4,SAM,31.011689,1.53232893e-03,1.000000,46.7579
telstar401,4,SAM,34.189937,1.53232893e-03,1.000000,159.0037
telstar401,4,SAM,37.693910,1.53232893e-03,1.000000,66.9709
telstar401,4,SAM,41.556988,1.53232893e-03,1.000000,42.1465
telstar401,4,SAM,45.815977,1.53232893e-03,1.000000,115.6470
telstar401,4,SAM,50.511449,1.53232893e-03,1.000000,137.8340
telstar401,4,SAM,55.688140,1.53232893e-03,1.000000,18.3454
telstar401,4,SAM,61.395366,1.53232893e-03,1.000000,154.3001
telstar401,4,SAM,67.687500,1.53232893e-03,1.000000,60.6730
telstar401,4,SAM,74.624487,1.53232893e-03,1.000000,122.1043
telstar401,4,SAM,82.272413,1.53232893e-03,1.000000,141.1249
telstar401,4,SAM,90.704142,1.53232893e-03,1.000000,40.5658
telstar401,4,SAM,100.000000,1.53232893e-03,1.000000,124.8502
telstar401,5,SAM,0.000000,2.34962900e-03,0.859510,94.2320
telstar401,5,SAM,0.001000,2.34758182e-03,0.860260,93.7234
telstar401,5,SAM,0.001102,2.34737182e-03,0.860337,93.6711
telstar401,5,SAM,0.001215,2.34714027e-03,0.860422,93.6132
telstar401,5,SAM,0.001340,2.34688494e-03,0.860515,93.5494
telstar401,5,SAM,0.001477,2.34660340e-03,0.860619,93.4789
telstar401,5,SAM,0.001629,2.34629294e-03,0.860733,93.4012
telstar401,5,SAM,0.001796,2.34595059e-03,0.860858,93.3153
telstar401,5,SAM,0.001980,2.34557308e-03,0.860997,93.2204
telstar401,5,SAM,0.002183,2.34515678e-03,0.861150,93.1157
telstar401,5,SAM,0.002406,2.34469770e-03,0.861318,93.0000
telstar401,5,SAM,0.002653,2.34419146e-03,0.861504,92.8722
telstar401,5,SAM,0.002925,2.34363320e-03,0.861709,92.7309
telstar401,5,SAM,0.003225,2.34301756e-03,0.861936,92.5747
telstar401,5,SAM,0.003555,2.34233867e-03,0.862186,92.4021
telstar401,5,SAM,0.003919,2.34159003e-03,0.862461,92.2112
telstar401,5,SAM,0.004321,2.34076448e-03,0.862765,92.0001
telstar401,5,SAM,0.004764,2.33985416e-03,0.863101,91.7664
telstar401,5,SAM,0.005252,2.33885038e-03,0.863472,91.5079
telstar401,5,SAM,0.005790,2.33774363e-03,0.863880,91.2216
telstar401,5,SAM,0.006384,2.33652342e-03,0.864331,90.9045
telstar401,5,SAM,0.007038,2.33517823e-03,0.864829,90.5533
telstar401,5,SAM,0.007759,2.33369546e-03,0.865379,90.1641
telstar401,5,SAM,0.008555,2.33206127e-03,0.865985,89.7325
telstar401,5,SAM,0.009431,2.33026054e-03,0.866654,89.2539
telstar401,5,SAM,0.010398,2.32827674e-03,0.867393,88.7230
telstar401,5,SAM,0.011464,2.32609189e-03,0.868208,88.1337
telstar401,5,SAM,0.012638,2.32368644e-03,0.869106,87.4795
telstar401,5,SAM,0.013934,2.32103920e-03,0.870098,86.7531
telstar401,5,SAM,0.015362,2.31812732e-03,0.871191,85.9464
telstar401,5,SAM,0.016936,2.31492626e-03,0.872395,85.0503
telstar401,5,SAM,0.018672,2.31140977e-03,0.873722,84.0551
telstar401,5,SAM,0.020585,2.30754999e-03,0.875184,82.9501
telstar401,5,SAM,0.022695,2.30331755e-03,0.876792,81.7238
telstar401,5,SAM,0.025021,2.29868182e-03,0.878560,80.3642
telstar401,5,SAM,0.027585,2.29361116e-03,0.880503,78.8589
telstar401,5,SAM,0.030412,2.28807342e-03,0.882634,77.1955
telstar401,5,SAM,0.033529,2.28203652e-03,0.884969,75.3632
telstar401,5,SAM,0.036966,2.27546920e-03,0.887523,73.3534
telstar401,5,SAM,0.040754,2.26834204e-03,0.890311,71.1626
telstar401,5,SAM,0.044931,2.26062868e-03,0.893349,68.7958
telstar401,5,SAM,0.049535,2.25230732e-03,0.896650,66.2724
telstar401,5,SAM,0.054612,2.24336245e-03,0.900225,63.6350
telstar401,5,SAM,0.060209,2.23378695e-03,0.904084,60.9628
telstar401,5,SAM,0.066379,2.22358428e-03,0.908232,58.3912
telstar401,5,SAM,0.073182,2.21277096e-03,0.912670,56.1371
telstar401,5,SAM,0.080683,2.20137908e-03,0.917393,54.5257
telstar401,5,SAM,0.088951,2.18945874e-03,0.922388,54.0032
telstar401,5,SAM,0.098068,2.17708010e-03,0.927633,55.1043
telstar401,5,SAM,0.108118,2.16433493e-03,0.933095,58.3566
telstar401,5,SAM,0.119199,2.15133725e-03,0.938733,64.1548
telstar401,5,SAM,0.131415,2.13822266e-03,0.944490,72.6930
telstar401,5,SAM,0.144883,2.12514612e-03,0.950302,83.9950
telstar401,5,SAM,0.159731,2.11227792e-03,0.956091,97.9858
telstar401,5,SAM,0.176101,2.09979767e-03,0.961774,114.5195
telstar401,5,SAM,0.194149,2.08788647e-03,0.967261,133.2455
telstar401,5,SAM,0.214047,2.07671752e-03,0.972463,152.6041
telstar401,5,SAM,0.235983,2.06644599e-03,0.977297,160.9847
telstar401,5,SAM,0.260168,2.05719887e-03,0.981690,141.9850
telstar401,5,SAM,0.286832,2.04906603e-03,0.985586,113.6208
telstar401,5,SAM,0.316228,2.04209359e-03,0.988951,83.7196
telstar401,5,SAM,0.348637,2.03628073e-03,0.991774,61.5665
telstar401,5,SAM,0.384367,2.03158046e-03,0.994069,68.1639
telstar401,5,SAM,0.423759,2.02790477e-03,0.995871,104.4408
telstar401,5,SAM,0.467188,2.02513353e-03,0.997233,141.0819
telstar401,5,SAM,0.515068,2.02312618e-03,0.998223,110.5795
telstar401,5,SAM,0.567855,2.02173453e-03,0.998910,47.0797
telstar401,5,SAM,0.626052,2.02081503e-03,0.999364,49.1536
telstar401,5,SAM,0.690213,2.02023872e-03,0.999650,109.2354
telstar401,5,SAM,0.760950,2.01989785e-03,0.999818,87.7731
telstar401,5,SAM,0.838936,2.01970868e-03,0.999912,22.7086
telstar401,5,SAM,0.924915,2.01961080e-03,0.999960,115.1200
telstar401,5,SAM,1.019705,2.01956392e-03,0.999984,81.5318
telstar401,5,SAM,1.124210,2.01954329e-03,0.999994,96.5000
telstar401,5,SAM,1.239425,2.01953502e-03,0.999998,114.9268
telstar401,5,SAM,1.366448,2.01953203e-03,0.999999,98.7245
telstar401,5,SAM,1.506489,2.01953106e-03,1.000000,66.4650
telstar401,5,SAM,1.660883,2.01953078e-03,1.000000,118.6640
telstar401,5,SAM,1.831099,2.01953072e-03,1.000000,62.6425
telstar401,5,SAM,2.018760,2.01953070e-03,1.000000,44.3078
telstar401,5,SAM,2.225654,2.01953070e-03,1.000000,78.5918
telstar401,5,SAM,2.453751,2.01953070e-03,1.000000,75.8873
telstar401,5,SAM,2.705225,2.01953070e-03,1.000000,38.9769
telstar401,5,SAM,2.982471,2.01953070e-03,1.000000,42.1567
telstar401,5,SAM,3.288131,2.01953070e-03,1.000000,127.0980
telstar401,5,SAM,3.625117,2.01953070e-03,1.000000,75.8914
telstar401,5,SAM,3.996639,2.01953070e-03,1.000000,108.1310
telstar401,5,SAM,4.406236,2.01953070e-03,1.000000,55.8107
telstar401,5,SAM,4.857812,2.01953070e-03,1.000000,30.1580
telstar401,5,SAM,5.355667,2.01953070e-03,1.000000,60.9530
telstar401,5,SAM,5.904545,2.01953070e-03,1.000000,105.2948
telstar401,5,SAM,6.509675,2.01953070e-03,1.000000,51.5151
telstar401,5,SAM,7.176822,2.01953070e-03,1.000000,113.1710
telstar401,5,SAM,7.912343,2.01953070e-03,1.000000,68.9329
telstar401,5,SAM,8.723243,2.01953070e-03,1.000000,67.3889
telstar401,5,SAM,9.617249,2.01953070e-03,1.000000,26.3027
telstar401,5,SAM,10.602877,2.01953070e-03,1.000000,51.1567
telstar401,5,SAM,11.689518,2.01953070e-03,1.000000,85.4658
telstar401,5,SAM,12.887524,2.01953070e-03,1.000000,81.8213
telstar401,5,SAM,14.208308,2.01953070e-03,1.000000,121.7701
telstar401,5,SAM,15.664454,2.01953070e-03,1.000000,115.9628
telstar401,5,SAM,17.269833,2.01953070e-03,1.000000,92.3584
telstar401,5,SAM,19.039740,2.01953070e-03,1.000000,119.1453
telstar401,5,SAM,20.991037,2.01953070e-03,1.000000,59.3521
telstar401,5,SAM,23.142314,2.01953070e-03,1.000000,64.1275
telstar401,5,SAM,25.514065,2.01953070e-03,1.000000,49.3482
telstar401,5,SAM,28.128887,2.01953070e-03,1.000000,63.7359
telstar401,5,SAM,31.011689,2.01953070e-03,1.000000,46.6573
telstar401,5,SAM,34.189937,2.01953070e-03,1.000000,152.6019
telstar401,5,SAM,37.693910,2.01953070e-03,1.000000,59.5430
telstar401,5,SAM,41.556988,2.01953070e-03,1.000000,127.9570
telstar401,5,SAM,45.815977,2.01953070e-03,1.000000,104.1590
telstar401,5,SAM,50.511449,2.01953070e-03,1.000000,61.9709
telstar401,5,SAM,55.688140,2.01953070e-03,1.000000,26.0824
telstar401,5,SAM,61.395366,2.01953070e-03,1.000000,57.1923
telstar401,5,SAM,67.687500,2.01953070e-03,1.000000,115.5674
telstar401,5,SAM,74.624487,2.01953070e-03,1.000000,99.6330
telstar401,5,SAM,82.272413,2.01953070e-03,1.000000,80.4427
telstar401,5,SAM,90.704142,2.01953070e-03,1.000000,100.8085
telstar401,5,SAM,100.000000,2.01953070e-03,1.000000,138.3151
telstar401,6,LAM,0.000000,5.25852431e-04,0.397926,56.2301
telstar401,6,LAM,0.001000,5.25848175e-04,0.397930,46.2049
telstar401,6,LAM,0.001102,5.25847739e-04,0.397930,45.2561
telstar401,6,LAM,0.001215,5.25847259e-04,0.397930,44.2317
telstar401,6,LAM,0.001340,5.25846728e-04,0.397931,43.1307
telstar401,6,LAM,0.001477,5.25846144e-04,0.397931,41.9542
telstar401,6,LAM,0.001629,5.25845500e-04,0.397932,40.7067
telstar401,6,LAM,0.001796,5.25844789e-04,0.397932,39.3974
telstar401,6,LAM,0.001980,5.25844006e-04,0.397933,38.0427
telstar401,6,LAM,0.002183,5.25843143e-04,0.397933,36.6696
telstar401,6,LAM,0.002406,5.25842191e-04,0.397934,35.3196
telstar401,6,LAM,0.002653,5.25841141e-04,0.397935,34.0542
telstar401,6,LAM,0.002925,5.25839984e-04,0.397936,32.9621
telstar401,6,LAM,0.003225,5.25838709e-04,0.397937,32.1638
telstar401,6,LAM,0.003555,5.25837302e-04,0.397938,31.8140
telstar401,6,LAM,0.003919,5.25835752e-04,0.397939,32.0927
telstar401,6,LAM,0.004321,5.25834042e-04,0.397940,33.1849
telstar401,6,LAM,0.004764,5.25832158e-04,0.397942,35.2506
telstar401,6,LAM,0.005252,5.25830080e-04,0.397943,38.4010
telstar401,6,LAM,0.005790,5.25827789e-04,0.397945,42.6942
telstar401,6,LAM,0.006384,5.25825263e-04,0.397947,48.1495
telstar401,6,LAM,0.007038,5.25822478e-04,0.397949,54.7687
telstar401,6,LAM,0.007759,5.25819408e-04,0.397951,62.5525
telstar401,6,LAM,0.008555,5.25816024e-04,0.397954,71.5078
telstar401,6,LAM,0.009431,5.25812292e-04,0.397957,81.6459
telstar401,6,LAM,0.010398,5.25808177e-04,0.397960,92.9705
telstar401,6,LAM,0.011464,5.25803641e-04,0.397963,105.4468
telstar401,6,LAM,0.012638,5.25798640e-04,0.397967,118.9208
telstar401,6,LAM,0.013934,5.25793126e-04,0.397971,132.8684
telstar401,6,LAM,0.015362,5.25787046e-04,0.397976,145.4915
telstar401,6,LAM,0.016936,5.25780343e-04,0.397981,151.0751
telstar401,6,LAM,0.018672,5.25772953e-04,0.397986,142.5980
telstar401,6,LAM,0.020585,5.25764805e-04,0.397993,123.7827
telstar401,6,LAM,0.022695,5.25755821e-04,0.397999,99.8332
telstar401,6,LAM,0.025021,5.25745916e-04,0.398007,73.1410
telstar401,6,LAM,0.027585,5.25734994e-04,0.398015,47.0747
telstar401,6,LAM,0.030412,5.25722952e-04,0.398024,36.0538
telstar401,6,LAM,0.033529,5.25709675e-04,0.398034,58.4791
telstar401,6,LAM,0.036966,5.25695035e-04,0.398045,97.1968
telstar401,6,LAM,0.040754,5.25678893e-04,0.398058,139.8963
telstar401,6,LAM,0.044931,5.25661094e-04,0.398071,146.4843
telstar401,6,LAM,0.049535,5.25641468e-04,0.398086,96.3686
telstar401,6,LAM,0.054612,5.25619827e-04,0.398102,45.2176
telstar401,6,LAM,0.060209,5.25595963e-04,0.398120,63.9513
telstar401,6,LAM,0.066379,5.25569649e-04,0.398140,134.1561
telstar401,6,LAM,0.073182,5.25540631e-04,0.398162,129.6927
telstar401,6,LAM,0.080683,5.25508632e-04,0.398187,50.3324
telstar401,6,LAM,0.088951,5.25473343e-04,0.398213,91.7532
telstar401,6,LAM,0.098068,5.25434426e-04,0.398243,147.9002
telstar401,6,LAM,0.108118,5.25391507e-04,0.398275,47.6814
telstar401,6,LAM,0.119199,5.25344171e-04,0.398311,138.1332
telstar401,6,LAM,0.131415,5.25291964e-04,0.398351,72.2891
telstar401,6,LAM,0.144883,5.25234380e-04,0.398395,131.2410
telstar401,6,LAM,0.159731,5.25170864e-04,0.398443,58.3286
telstar401,6,LAM,0.176101,5.25100801e-04,0.398496,163.8741
telstar401,6,LAM,0.194149,5.25023511e-04,0.398555,93.2233
telstar401,6,LAM,0.214047,5.24938245e-04,0.398619,54.7140
telstar401,6,LAM,0.235983,5.24844173e-04,0.398691,85.8525
telstar401,6,LAM,0.260168,5.24740378e-04,0.398770,109.5648
telstar401,6,LAM,0.286832,5.24625845e-04,0.398857,106.5661
telstar401,6,LAM,0.316228,5.24499453e-04,0.398953,75.1678
telstar401,6,LAM,0.348637,5.24359960e-04,0.399059,55.4040
telstar401,6,LAM,0.384367,5.24205992e-04,0.399176,147.6676
telstar401,6,LAM,0.423759,5.24036026e-04,0.399306,55.1481
telstar401,6,LAM,0.467188,5.23848377e-04,0.399449,151.9391
telstar401,6,LAM,0.515068,5.23641175e-04,0.399607,110.3508
telstar401,6,LAM,0.567855,5.23412346e-04,0.399781,99.2683
telstar401,6,LAM,0.626052,5.23159592e-04,0.399975,131.5160
telstar401,6,LAM,0.690213,5.22880356e-04,0.400188,40.3532
telstar401,6,LAM,0.760950,5.22571802e-04,0.400424,124.6747
telstar401,6,LAM,0.838936,5.22230774e-04,0.400686,124.4495
telstar401,6,LAM,0.924915,5.21853761e-04,0.400975,118.0014
telstar401,6,LAM,1.019705,5.21436853e-04,0.401296,59.6594
telstar401,6,LAM,1.124210,5.20975692e-04,0.401651,47.5864
telstar401,6,LAM,1.239425,5.20465415e-04,0.402045,105.7752
telstar401,6,LAM,1.366448,5.19900592e-04,0.402482,52.2475
telstar401,6,LAM,1.506489,5.19275150e-04,0.402967,38.5998
telstar401,6,LAM,1.660883,5.18582294e-04,0.403505,93.7433
telstar401,6,LAM,1.831099,5.17814408e-04,0.404103,33.3900
telstar401,6,LAM,2.018760,5.16962943e-04,0.404769,111.6141
telstar401,6,LAM,2.225654,5.16018298e-04,0.405510,70.0912
telstar401,6,LAM,2.453751,5.14969669e-04,0.406336,106.3325
telstar401,6,LAM,2.705225,5.13804881e-04,0.407257,69.2859
telstar401,6,LAM,2.982471,5.12510201e-04,0.408286,28.7904
telstar401,6,LAM,3.288131,5.11070112e-04,0.409436,120.3011
telstar401,6,LAM,3.625117,5.09467059e-04,0.410724,108.7832
telstar401,6,LAM,3.996639,5.07681160e-04,0.412169,41.7632
telstar401,6,LAM,4.406236,5.05689865e-04,0.413792,46.8521
telstar401,6,LAM,4.857812,5.03467585e-04,0.415619,17.2105
telstar401,6,LAM,5.355667,5.00985255e-04,0.417678,146.1385
telstar401,6,LAM,5.904545,4.98209864e-04,0.420005,48.8519
telstar401,6,LAM,6.509675,4.95103924e-04,0.422640,103.0004
telstar401,6,LAM,7.176822,4.91624915e-04,0.425630,55.9979
telstar401,6,LAM,7.912343,4.87724703e-04,0.429034,47.2093
telstar401,6,LAM,8.723243,4.83348985e-04,0.432918,50.4469
telstar401,6,LAM,9.617249,4.78436811e-04,0.437363,32.9048
telstar401,6,LAM,10.602877,4.72920285e-04,0.442465,65.0174
telstar401,6,LAM,11.689518,4.66724586e-04,0.448338,37.8358
telstar401,6,LAM,12.887524,4.59768550e-04,0.455121,48.1251
telstar401,6,LAM,14.208308,4.51966099e-04,0.462978,100.8816
telstar401,6,LAM,15.664454,4.43228976e-04,0.472105,53.9034
telstar401,6,LAM,17.269833,4.33471327e-04,0.482732,129.9922
telstar401,6,LAM,19.039740,4.22616797e-04,0.495131,36.9580
telstar401,6,LAM,20.991037,4.10608828e-04,0.509610,53.6779
telstar401,6,LAM,23.142314,3.97424657e-04,0.526516,115.5331
telstar401,6,LAM,25.514065,3.83092993e-04,0.546213,29.2908
telstar401,6,LAM,28.128887,3.67714253e-04,0.569057,50.3406
telstar401,6,LAM,31.011689,3.51480529e-04,0.595340,150.0697
telstar401,6,LAM,34.189937,3.34690311e-04,0.625206,97.0596
telstar401,6,LAM,37.693910,3.17751170e-04,0.658536,84.9091
telstar401,6,LAM,41.556988,3.01163765e-04,0.694806,139.3876
telstar401,6,LAM,45.815977,2.85484645e-04,0.732966,58.7001
telstar401,6,LAM,50.511449,2.71275959e-04,0.771357,31.8983
telstar401,6,LAM,55.688140,2.59075358e-04,0.807682,61.4894
telstar401,6,LAM,61.395366,2.49568510e-04,0.838449,98.5356
telstar401,6,LAM,67.687500,2.41684774e-04,0.865799,123.8971
telstar401,6,LAM,74.624487,2.30630517e-04,0.907298,56.3000
telstar401,6,LAM,82.272413,2.20823066e-04,0.947594,117.1157
telstar401,6,LAM,90.704142,2.14488519e-04,0.975579,122.4560
telstar401,6,LAM,100.000000,2.11287857e-04,0.990358,59.3025
telstar401,7,SAM,0.000000,6.91376261e-04,0.864057,21.1350
telstar401,7,SAM,0.001000,6.91259018e-04,0.864204,22.3756
telstar401,7,SAM,0.001102,6.91246999e-04,0.864219,22.5079
telstar401,7,SAM,0.001215,6.91233747e-04,0.864235,22.6547
telstar401,7,SAM,0.001340,6.91219136e-04,0.864254,22.8178
telstar401,7,SAM,0.001477,6.91203026e-04,0.864274,22.9991
telstar401,7,SAM,0.001629,6.91185264e-04,0.864296,23.2007
telstar401,7,SAM,0.001796,6.91165679e-04,0.864320,23.4250
telstar401,7,SAM,0.001980,6.91144086e-04,0.864347,23.6747
telstar401,7,SAM,0.002183,6.91120277e-04,0.864377,23.9529
telstar401,7,SAM,0.002406,6.91094025e-04,0.864410,24.2629
telstar401,7,SAM,0.002653,6.91065079e-04,0.864446,24.6086
telstar401,7,SAM,0.002925,6.91033161e-04,0.864486,24.9943
telstar401,7,SAM,0.003225,6.90997968e-04,0.864530,25.4248
telstar401,7,SAM,0.003555,6.90959161e-04,0.864579,25.9056
telstar401,7,SAM,0.003919,6.90916369e-04,0.864632,26.4427
telstar401,7,SAM,0.004321,6.90869181e-04,0.864691,27.0429
telstar401,7,SAM,0.004764,6.90817147e-04,0.864756,27.7138
telstar401,7,SAM,0.005252,6.90759765e-04,0.864828,28.4638
telstar401,7,SAM,0.005790,6.90696487e-04,0.864908,29.3023
telstar401,7,SAM,0.006384,6.90626703e-04,0.864995,30.2397
telstar401,7,SAM,0.007038,6.90549743e-04,0.865091,31.2876
telstar401,7,SAM,0.007759,6.90464868e-04,0.865198,32.4587
telstar401,7,SAM,0.008555,6.90371259e-04,0.865315,33.7671
telstar401,7,SAM,0.009431,6.90268015e-04,0.865444,35.2283
telstar401,7,SAM,0.010398,6.90154141e-04,0.865587,36.8594
telstar401,7,SAM,0.011464,6.90028538e-04,0.865745,38.6789
telstar401,7,SAM,0.012638,6.89889992e-04,0.865919,40.7074
telstar401,7,SAM,0.013934,6.89737165e-04,0.866111,42.9673
telstar401,7,SAM,0.015362,6.89568577e-04,0.866322,45.4832
telstar401,7,SAM,0.016936,6.89382596e-04,0.866556,48.2820
telstar401,7,SAM,0.018672,6.89177419e-04,0.866814,51.3930
telstar401,7,SAM,0.020585,6.88951057e-04,0.867099,54.8483
telstar401,7,SAM,0.022695,6.88701313e-04,0.867413,58.6828
telstar401,7,SAM,0.025021,6.88425763e-04,0.867760,62.9344
telstar401,7,SAM,0.027585,6.88121731e-04,0.868144,67.6445
telstar401,7,SAM,0.030412,6.87786267e-04,0.868567,72.8571
telstar401,7,SAM,0.033529,6.87416115e-04,0.869035,78.6195
telstar401,7,SAM,0.036966,6.87007690e-04,0.869552,84.9807
telstar401,7,SAM,0.040754,6.86557042e-04,0.870122,91.9897
telstar401,7,SAM,0.044931,6.86059823e-04,0.870753,99.6917
telstar401,7,SAM,0.049535,6.85511255e-04,0.871450,108.1188
telstar401,7,SAM,0.054612,6.84906094e-04,0.872220,117.2698
telstar401,7,SAM,0.060209,6.84238591e-04,0.873071,127.0596
telstar401,7,SAM,0.066379,6.83502460e-04,0.874011,137.1798
telstar401,7,SAM,0.073182,6.82690842e-04,0.875050,146.6737
telstar401,7,SAM,0.080683,6.81796281e-04,0.876198,152.7816
telstar401,7,SAM,0.088951,6.80810699e-04,0.877467,150.6522
telstar401,7,SAM,0.098068,6.79725389e-04,0.878868,139.4172
telstar401,7,SAM,0.108118,6.78531017e-04,0.880415,122.3796
telstar401,7,SAM,0.119199,6.77217653e-04,0.882122,101.5046
telstar401,7,SAM,0.131415,6.75774832e-04,0.884005,77.4170
telstar401,7,SAM,0.144883,6.74191644e-04,0.886081,50.2382
telstar401,7,SAM,0.159731,6.72456891e-04,0.888367,20.1067
telstar401,7,SAM,0.176101,6.70559302e-04,0.890881,15.3096
telstar401,7,SAM,0.194149,6.68487825e-04,0.893642,52.1068
telstar401,7,SAM,0.214047,6.66232030e-04,0.896668,92.3067
telstar401,7,SAM,0.235983,6.63782621e-04,0.899976,130.7713
telstar401,7,SAM,0.260168,6.61132084e-04,0.903584,134.6418
telstar401,7,SAM,0.286832,6.58275480e-04,0.907505,87.7564
telstar401,7,SAM,0.316228,6.55211393e-04,0.911749,24.7131
telstar401,7,SAM,0.348637,6.51943005e-04,0.916320,48.9622
telstar401,7,SAM,0.384367,6.48479280e-04,0.921215,127.1358
telstar401,7,SAM,0.423759,6.44836174e-04,0.926419,123.1775
telstar401,7,SAM,0.467188,6.41037777e-04,0.931909,25.3818
telstar401,7,SAM,0.515068,6.37117213e-04,0.937643,94.7928
telstar401,7,SAM,0.567855,6.33117122e-04,0.943567,134.3116
telstar401,7,SAM,0.626052,6.29089462e-04,0.949608,35.1277
telstar401,7,SAM,0.690213,6.25094436e-04,0.955677,172.9604
telstar401,7,SAM,0.760950,6.21198326e-04,0.961671,40.4693
telstar401,7,SAM,0.838936,6.17470202e-04,0.967478,138.9235
telstar401,7,SAM,0.924915,6.13977600e-04,0.972981,98.3230
telstar401,7,SAM,1.019705,6.10781544e-04,0.978072,14.0601
telstar401,7,SAM,1.124210,6.07931483e-04,0.982658,75.1914
telstar401,7,SAM,1.239425,6.05460896e-04,0.986668,105.0266
telstar401,7,SAM,1.366448,6.03384329e-04,0.990063,106.8072
telstar401,7,SAM,1.506489,6.01696463e-04,0.992840,79.6855
telstar401,7,SAM,1.660883,6.00373454e-04,0.995028,35.0294
telstar401,7,SAM,1.831099,5.99376394e-04,0.996684,132.4059
telstar401,7,SAM,2.018760,5.98656275e-04,0.997882,54.9957
telstar401,7,SAM,2.225654,5.98159618e-04,0.998711,141.5356
telstar401,7,SAM,2.453751,5.97833822e-04,0.999255,115.1451
telstar401,7,SAM,2.705225,5.97631462e-04,0.999594,123.0087
telstar401,7,SAM,2.982471,5.97513046e-04,0.999792,156.0329
telstar401,7,SAM,3.288131,5.97448131e-04,0.999900,7.6875
telstar401,7,SAM,3.625117,5.97415004e-04,0.999956,113.1544
telstar401,7,SAM,3.996639,5.97399378e-04,0.999982,115.7338
telstar401,7,SAM,4.406236,5.97392618e-04,0.999993,13.5172
telstar401,7,SAM,4.857812,5.97389959e-04,0.999998,152.7667
telstar401,7,SAM,5.355667,5.97389017e-04,0.999999,139.1991
telstar401,7,SAM,5.904545,5.97388720e-04,1.000000,31.6259
telstar401,7,SAM,6.509675,5.97388637e-04,1.000000,73.3733
telstar401,7,SAM,7.176822,5.97388617e-04,1.000000,46.9399
telstar401,7,SAM,7.912343,5.97388613e-04,1.000000,30.5444
telstar401,7,SAM,8.723243,5.97388612e-04,1.000000,168.8497
telstar401,7,SAM,9.617249,5.97388612e-04,1.000000,118.4041
telstar401,7,SAM,10.602877,5.97388612e-04,1.000000,155.1258
telstar401,7,SAM,11.689518,5.97388612e-04,1.000000,103.6464
telstar401,7,SAM,12.887524,5.97388612e-04,1.000000,52.4053
telstar401,7,SAM,14.208308,5.97388612e-04,1.000000,137.6120
telstar401,7,SAM,15.664454,5.97388612e-04,1.000000,51.0620
telstar401,7,SAM,17.269833,5.97388612e-04,1.000000,13.4733
telstar401,7,SAM,19.039740,5.97388612e-04,1.000000,49.0694
telstar401,7,SAM,20.991037,5.97388612e-04,1.000000,84.8178
telstar401,7,SAM,23.142314,5.97388612e-04,1.000000,5.6685
telstar401,7,SAM,25.514065,5.97388612e-04,1.000000,18.2444
telstar401,7,SAM,28.128887,5.97388612e-04,1.000000,28.5633
telstar401,7,SAM,31.011689,5.97388612e-04,1.000000,13.9754
telstar401,7,SAM,34.189937,5.97388612e-04,1.000000,139.8187
telstar401,7,SAM,37.693910,5.97388612e-04,1.000000,171.5601
telstar401,7,SAM,41.556988,5.97388612e-04,1.000000,161.1747
telstar401,7,SAM,45.815977,5.97388612e-04,1.000000,156.7550
telstar401,7,SAM,50.511449,5.97388612e-04,1.000000,59.5435
telstar401,7,SAM,55.688140,5.97388612e-04,1.000000,141.7791
telstar401,7,SAM,61.395366,5.97388612e-04,1.000000,111.1215
telstar401,7,SAM,67.687500,5.97388612e-04,1.000000,111.9756
telstar401,7,SAM,74.624487,5.97388612e-04,1.000000,93.7817
telstar401,7,SAM,82.272413,5.97388612e-04,1.000000,141.4902
telstar401,7,SAM,90.704142,5.97388612e-04,1.000000,38.1107
telstar401,7,SAM,100.000000,5.97388612e-04,1.000000,158.8188
telstar401,8,SAM,0.000000,2.71921918e-03,0.882384,97.9516
telstar401,8,SAM,0.001000,2.71669832e-03,0.883203,97.9243
telstar401,8,SAM,0.001102,2.71644057e-03,0.883287,97.9215
telstar401,8,SAM,0.001215,2.71615654e-03,0.883379,97.9185
telstar401,8,SAM,0.001340,2.71584355e-03,0.883481,97.9152
telstar401,8,SAM,0.001477,2.71549868e-03,0.883593,97.9115
telstar401,8,SAM,0.001629,2.71511871e-03,0.883717,97.9076
telstar401,8,SAM,0.001796,2.71470008e-03,0.883853,97.9032
telstar401,8,SAM,0.001980,2.71423890e-03,0.884003,97.8984
telstar401,8,SAM,0.002183,2.71373089e-03,0.884169,97.8932
telstar401,8,SAM,0.002406,2.71317134e-03,0.884351,97.8875
telstar401,8,SAM,0.002653,2.71255508e-03,0.884552,97.8812
telstar401,8,SAM,0.002925,2.71187644e-03,0.884773,97.8744
telstar401,8,SAM,0.003225,2.71112921e-03,0.885017,97.8670
telstar401,8,SAM,0.003555,2.71030657e-03,0.885286,97.8589
telstar401,8,SAM,0.003919,2.70940104e-03,0.885582,97.8501
telstar401,8,SAM,0.004321,2.70840446e-03,0.885907,97.8405
telstar401,8,SAM,0.004764,2.70730788e-03,0.886266,97.8302
telstar401,8,SAM,0.005252,2.70610154e-03,0.886661,97.8190
telstar401,8,SAM,0.005790,2.70477476e-03,0.887096,97.8069
telstar401,8,SAM,0.006384,2.70331595e-03,0.887575,97.7939
telstar401,8,SAM,0.007038,2.70171245e-03,0.888102,97.7800
telstar401,8,SAM,0.007759,2.69995052e-03,0.888681,97.7651
telstar401,8,SAM,0.008555,2.69801529e-03,0.889319,97.7493
telstar401,8,SAM,0.009431,2.69589064e-03,0.890020,97.7325
telstar401,8,SAM,0.010398,2.69355921e-03,0.890790,97.7148
telstar401,8,SAM,0.011464,2.69100231e-03,0.891636,97.6962
telstar401,8,SAM,0.012638,2.68819992e-03,0.892566,97.6770
telstar401,8,SAM,0.013934,2.68513070e-03,0.893586,97.6571
telstar401,8,SAM,0.015362,2.68177197e-03,0.894705,97.6369
telstar401,8,SAM,0.016936,2.67809983e-03,0.895932,97.6166
telstar401,8,SAM,0.018672,2.67408923e-03,0.897276,97.5965
telstar401,8,SAM,0.020585,2.66971416e-03,0.898746,97.5772
telstar401,8,SAM,0.022695,2.66494792e-03,0.900354,97.5593
telstar401,8,SAM,0.025021,2.65976344e-03,0.902109,97.5434
telstar401,8,SAM,0.027585,2.65413376e-03,0.904022,97.5304
telstar401,8,SAM,0.030412,2.64803259e-03,0.906105,97.5214
telstar401,8,SAM,0.033529,2.64143512e-03,0.908368,97.5176
telstar401,8,SAM,0.036966,2.63431886e-03,0.910822,97.5205
telstar401,8,SAM,0.040754,2.62666483e-03,0.913476,97.5318
telstar401,8,SAM,0.044931,2.61845884e-03,0.916339,97.5534
telstar401,8,SAM,0.049535,2.60969300e-03,0.919417,97.5873
telstar401,8,SAM,0.054612,2.60036745e-03,0.922714,97.6358
telstar401,8,SAM,0.060209,2.59049225e-03,0.926232,97.7013
telstar401,8,SAM,0.066379,2.58008931e-03,0.929966,97.7860
telstar401,8,SAM,0.073182,2.56919438e-03,0.933910,97.8918
telstar401,8,SAM,0.080683,2.55785887e-03,0.938048,98.0204
telstar401,8,SAM,0.088951,2.54615136e-03,0.942362,98.1723
telstar401,8,SAM,0.098068,2.53415859e-03,0.946821,98.3468
telstar401,8,SAM,0.108118,2.52198566e-03,0.951391,98.5414
telstar401,8,SAM,0.119199,2.50975517e-03,0.956028,98.7512
telstar401,8,SAM,0.131415,2.49760510e-03,0.960679,98.9682
telstar401,8,SAM,0.144883,2.48568523e-03,0.965285,99.1812
telstar401,8,SAM,0.159731,2.47415201e-03,0.969785,99.3759
telstar401,8,SAM,0.176101,2.46316200e-03,0.974112,99.5357
telstar401,8,SAM,0.194149,2.45286422e-03,0.978202,99.6449
telstar401,8,SAM,0.214047,2.44339172e-03,0.981994,99.6924
telstar401,8,SAM,0.235983,2.43485335e-03,0.985437,99.6801
telstar401,8,SAM,0.260168,2.42732641e-03,0.988493,99.6316
telstar401,8,SAM,0.286832,2.42085102e-03,0.991137,99.6046
telstar401,8,SAM,0.316228,2.41542733e-03,0.993363,99.6984
telstar401,8,SAM,0.348637,2.41101577e-03,0.995180,100.0530
telstar401,8,SAM,0.384367,2.40754101e-03,0.996617,100.8264
telstar401,8,SAM,0.423759,2.40489892e-03,0.997712,102.1382
telstar401,8,SAM,0.467188,2.40296620e-03,0.998514,103.9773
telstar401,8,SAM,0.515068,2.40161120e-03,0.999077,106.0963
telstar401,8,SAM,0.567855,2.40070453e-03,0.999455,107.9774
telstar401,8,SAM,0.626052,2.40012818e-03,0.999695,109.0250
telstar401,8,SAM,0.690213,2.39978189e-03,0.999839,109.1149
telstar401,8,SAM,0.760950,2.39958634e-03,0.999921,109.2722
telstar401,8,SAM,0.838936,2.39948320e-03,0.999963,111.6743
telstar401,8,SAM,0.924915,2.39943274e-03,0.999985,118.1543
telstar401,8,SAM,1.019705,2.39941001e-03,0.999994,127.5710
telstar401,8,SAM,1.124210,2.39940067e-03,0.999998,134.6622
telstar401,8,SAM,1.239425,2.39939719e-03,0.999999,136.3261
telstar401,8,SAM,1.366448,2.39939603e-03,1.000000,139.4665
telstar401,8,SAM,1.506489,2.39939569e-03,1.000000,145.8459
telstar401,8,SAM,1.660883,2.39939560e-03,1.000000,142.1774
telstar401,8,SAM,1.831099,2.39939558e-03,1.000000,143.2560
telstar401,8,SAM,2.018760,2.39939558e-03,1.000000,166.9581
telstar401,8,SAM,2.225654,2.39939558e-03,1.000000,166.3914
telstar401,8,SAM,2.453751,2.39939558e-03,1.000000,174.0581
telstar401,8,SAM,2.705225,2.39939558e-03,1.000000,143.2306
telstar401,8,SAM,2.982471,2.39939558e-03,1.000000,149.7952
telstar401,8,SAM,3.288131,2.39939558e-03,1.000000,139.8715
telstar401,8,SAM,3.625117,2.39939558e-03,1.000000,117.6201
telstar401,8,SAM,3.996639,2.39939558e-03,1.000000,109.5262
telstar401,8,SAM,4.406236,2.39939558e-03,1.000000,97.0624
telstar401,8,SAM,4.857812,2.39939558e-03,1.000000,74.3910
telstar401,8,SAM,5.355667,2.39939558e-03,1.000000,61.9512
telstar401,8,SAM,5.904545,2.39939558e-03,1.000000,32.6614
telstar401,8,SAM,6.509675,2.39939558e-03,1.000000,10.0190
telstar401,8,SAM,7.176822,2.39939558e-03,1.000000,38.4684
telstar401,8,SAM,7.912343,2.39939558e-03,1.000000,49.0634
telstar401,8,SAM,8.723243,2.39939558e-03,1.000000,83.0263
telstar401,8,SAM,9.617249,2.39939558e-03,1.000000,120.0458
telstar401,8,SAM,10.602877,2.39939558e-03,1.000000,152.4997
telstar401,8,SAM,11.689518,2.39939558e-03,1.000000,136.9041
telstar401,8,SAM,12.887524,2.39939558e-03,1.000000,101.2738
telstar401,8,SAM,14.208308,2.39939558e-03,1.000000,55.6143
telstar401,8,SAM,15.664454,2.39939558e-03,1.000000,17.6875
telstar401,8,SAM,17.269833,2.39939558e-03,1.000000,83.4335
telstar401,8,SAM,19.039740,2.39939558e-03,1.000000,153.3755
telstar401,8,SAM,20.991037,2.39939558e-03,1.000000,126.3630
telstar401,8,SAM,23.142314,2.39939558e-03,1.000000,44.8029
telstar401,8,SAM,25.514065,2.39939558e-03,1.000000,60.5630
telstar401,8,SAM,28.128887,2.39939558e-03,1.000000,168.5121
telstar401,8,SAM,31.011689,2.39939558e-03,1.000000,72.8114
telstar401,8,SAM,34.189937,2.39939558e-03,1.000000,67.2137
telstar401,8,SAM,37.693910,2.39939558e-03,1.000000,139.7253
telstar401,8,SAM,41.556988,2.39939558e-03,1.000000,5.3019
telstar401,8,SAM,45.815977,2.39939558e-03,1.000000,148.8558
telstar401,8,SAM,50.511449,2.39939558e-03,1.000000,16.2398
telstar401,8,SAM,55.688140,2.39939558e-03,1.000000,122.0480
telstar401,8,SAM,61.395366,2.39939558e-03,1.000000,103.4735
telstar401,8,SAM,67.687500,2.39939558e-03,1.000000,13.1543
telstar401,8,SAM,74.624487,2.39939558e-03,1.000000,64.8728
telstar401,8,SAM,82.272413,2.39939558e-03,1.000000,115.2228
telstar401,8,SAM,90.704142,2.39939558e-03,1.000000,115.2331
telstar401,8,SAM,100.000000,2.39939558e-03,1.000000,99.4008
telstar401,9,LAM,0.000000,4.29216554e-04,0.722241,97.4410
telstar401,9,LAM,0.001000,4.29194786e-04,0.722277,93.9200
telstar401,9,LAM,0.001102,4.29192555e-04,0.722281,93.5585
telstar401,9,LAM,0.001215,4.29190096e-04,0.722285,93.1599
telstar401,9,LAM,0.001340,4.29187384e-04,0.722290,92.7203
telstar401,9,LAM,0.001477,4.29184395e-04,0.722295,92.2355
telstar401,9,LAM,0.001629,4.29181100e-04,0.722300,91.7009
telstar401,9,LAM,0.001796,4.29177467e-04,0.722306,91.1113
telstar401,9,LAM,0.001980,4.29173462e-04,0.722313,90.4612
telstar401,9,LAM,0.002183,4.29169046e-04,0.722321,89.7444
telstar401,9,LAM,0.002406,4.29164179e-04,0.722329,88.9541
telstar401,9,LAM,0.002653,4.29158812e-04,0.722338,88.0828
telstar401,9,LAM,0.002925,4.29152896e-04,0.722348,87.1223
telstar401,9,LAM,0.003225,4.29146374e-04,0.722359,86.0638
telstar401,9,LAM,0.003555,4.29139184e-04,0.722371,84.8974
telstar401,9,LAM,0.003919,4.29131257e-04,0.722384,83.6125
telstar401,9,LAM,0.004321,4.29122519e-04,0.722399,82.1977
telstar401,9,LAM,0.004764,4.29112885e-04,0.722415,80.6404
telstar401,9,LAM,0.005252,4.29102266e-04,0.722433,78.9274
telstar401,9,LAM,0.005790,4.29090559e-04,0.722453,77.0447
telstar401,9,LAM,0.006384,4.29077653e-04,0.722475,74.9776
telstar401,9,LAM,0.007038,4.29063427e-04,0.722498,72.7109
telstar401,9,LAM,0.007759,4.29047744e-04,0.722525,70.2300
telstar401,9,LAM,0.008555,4.29030456e-04,0.722554,67.5211
telstar401,9,LAM,0.009431,4.29011400e-04,0.722586,64.5728
telstar401,9,LAM,0.010398,4.28990394e-04,0.722621,61.3786
telstar401,9,LAM,0.011464,4.28967239e-04,0.722660,57.9403
telstar401,9,LAM,0.012638,4.28941716e-04,0.722703,54.2748
telstar401,9,LAM,0.013934,4.28913583e-04,0.722751,50.4245
telstar401,9,LAM,0.015362,4.28882575e-04,0.722803,46.4762
telstar401,9,LAM,0.016936,4.28848398e-04,0.722861,42.5914
telstar401,9,LAM,0.018672,4.28810729e-04,0.722924,39.0556
telstar401,9,LAM,0.020585,4.28769213e-04,0.722994,36.3373
telstar401,9,LAM,0.022695,4.28723458e-04,0.723071,35.1071
telstar401,9,LAM,0.025021,4.28673034e-04,0.723156,36.1001
telstar401,9,LAM,0.027585,4.28617465e-04,0.723250,39.7956
telstar401,9,LAM,0.030412,4.28556231e-04,0.723354,46.2159
telstar401,9,LAM,0.033529,4.28488757e-04,0.723467,55.0737
telstar401,9,LAM,0.036966,4.28414410e-04,0.723593,66.0164
telstar401,9,LAM,0.040754,4.28332496e-04,0.723731,78.7161
telstar401,9,LAM,0.044931,4.28242250e-04,0.723884,92.8032
telstar401,9,LAM,0.049535,4.28142832e-04,0.724052,107.6439
telstar401,9,LAM,0.054612,4.28033319e-04,0.724237,121.7712
telstar401,9,LAM,0.060209,4.27912696e-04,0.724441,131.5535
telstar401,9,LAM,0.066379,4.27779849e-04,0.724666,130.6159
telstar401,9,LAM,0.073182,4.27633555e-04,0.724914,116.2502
telstar401,9,LAM,0.080683,4.27472471e-04,0.725187,92.3849
telstar401,9,LAM,0.088951,4.27295127e-04,0.725488,63.0060
telstar401,9,LAM,0.098068,4.27099908e-04,0.725820,32.9604
telstar401,9,LAM,0.108118,4.26885048e-04,0.726185,30.2712
telstar401,9,LAM,0.119199,4.26648613e-04,0.726588,65.6216
telstar401,9,LAM,0.131415,4.26388486e-04,0.727031,105.2878
telstar401,9,LAM,0.144883,4.26102355e-04,0.727519,122.8982
telstar401,9,LAM,0.159731,4.25787697e-04,0.728057,88.7906
telstar401,9,LAM,0.176101,4.25441758e-04,0.728649,30.9583
telstar401,9,LAM,0.194149,4.25061541e-04,0.729301,48.2628
telstar401,9,LAM,0.214047,4.24643784e-04,0.730018,110.7535
telstar401,9,LAM,0.235983,4.24184947e-04,0.730808,91.8591
telstar401,9,LAM,0.260168,4.23681189e-04,0.731677,14.9580
telstar401,9,LAM,0.286832,4.23128358e-04,0.732633,100.0927
telstar401,9,LAM,0.316228,4.22521971e-04,0.733684,81.8943
telstar401,9,LAM,0.348637,4.21857202e-04,0.734840,52.2188
telstar401,9,LAM,0.384367,4.21128870e-04,0.736111,111.5028
telstar401,9,LAM,0.423759,4.20331434e-04,0.737508,54.4374
telstar401,9,LAM,0.467188,4.19458991e-04,0.739042,94.9229
telstar401,9,LAM,0.515068,4.18505282e-04,0.740726,121.8098
telstar401,9,LAM,0.567855,4.17463705e-04,0.742574,53.5769
telstar401,9,LAM,0.626052,4.16327345e-04,0.744601,71.2087
telstar401,9,LAM,0.690213,4.15089012e-04,0.746822,102.7348
telstar401,9,LAM,0.760950,4.13741306e-04,0.749255,105.9981
telstar401,9,LAM,0.838936,4.12276695e-04,0.751917,77.5418
telstar401,9,LAM,0.924915,4.10687632e-04,0.754826,54.5322
telstar401,9,LAM,1.019705,4.08966699e-04,0.758002,133.4043
telstar401,9,LAM,1.124210,4.07106798e-04,0.761465,25.6894
telstar401,9,LAM,1.239425,4.05101388e-04,0.765235,94.6797
telstar401,9,LAM,1.366448,4.02944786e-04,0.769330,115.5720
telstar401,9,LAM,1.506489,4.00632538e-04,0.773771,95.3873
telstar401,9,LAM,1.660883,3.98161880e-04,0.778572,72.6937
telstar401,9,LAM,1.831099,3.95532300e-04,0.783748,80.6417
telstar401,9,LAM,2.018760,3.92746237e-04,0.789308,60.5051
telstar401,9,LAM,2.225654,3.89809948e-04,0.795253,73.6284
telstar401,9,LAM,2.453751,3.86734634e-04,0.801577,36.2464
telstar401,9,LAM,2.705225,3.83537951e-04,0.808258,121.8561
telstar401,9,LAM,2.982471,3.80246270e-04,0.815255,54.1518
telstar401,9,LAM,3.288131,3.76898495e-04,0.822496,117.8221
telstar401,9,LAM,3.625117,3.73553980e-04,0.829860,149.4705
telstar401,9,LAM,3.996639,3.70314468e-04,0.837120,45.4995
telstar401,9,LAM,4.406236,3.67441797e-04,0.843665,98.7107
telstar401,9,LAM,4.857812,3.64611957e-04,0.850213,131.2058
telstar401,9,LAM,5.355667,3.60484126e-04,0.859948,33.2265
telstar401,9,LAM,5.904545,3.55443629e-04,0.872143,131.1978
telstar401,9,LAM,6.509675,3.49696930e-04,0.886475,99.7476
telstar401,9,LAM,7.176822,3.43501147e-04,0.902465,108.4616
telstar401,9,LAM,7.912343,3.37182438e-04,0.919377,111.2093
telstar401,9,LAM,8.723243,3.31105972e-04,0.936249,131.7792
telstar401,9,LAM,9.617249,3.25616419e-04,0.952033,66.4484
telstar401,9,LAM,10.602877,3.20971819e-04,0.965810,84.4456
telstar401,9,LAM,11.689518,3.17298510e-04,0.976991,157.7243
telstar401,9,LAM,12.887524,3.14585097e-04,0.985418,82.7470
telstar401,9,LAM,14.208308,3.12713355e-04,0.991316,98.4988
telstar401,9,LAM,15.664454,3.11507913e-04,0.995152,120.4230
telstar401,9,LAM,17.269833,3.10783792e-04,0.997471,116.6791
telstar401,9,LAM,19.039740,3.10378915e-04,0.998772,57.4557
telstar401,9,LAM,20.991037,3.10168953e-04,0.999448,54.8628
telstar401,9,LAM,23.142314,3.10068473e-04,0.999772,69.9122
telstar401,9,LAM,25.514065,3.10024386e-04,0.999914,75.1204
telstar401,9,LAM,28.128887,3.10006787e-04,0.999971,106.3543
telstar401,9,LAM,31.011689,3.10000454e-04,0.999991,106.0306
telstar401,9,LAM,34.189937,3.09998420e-04,0.999998,93.9991
telstar401,9,LAM,37.693910,3.09997844e-04,0.999999,128.3863
telstar401,9,LAM,41.556988,3.09997702e-04,1.000000,95.5331
telstar401,9,LAM,45.815977,3.09997672e-04,1.000000,72.2215
telstar401,9,LAM,50.511449,3.09997666e-04,1.000000,88.2533
telstar401,9,LAM,55.688140,3.09997665e-04,1.000000,77.9586
telstar401,9,LAM,61.395366,3.09997665e-04,1.000000,37.1964
telstar401,9,LAM,67.687500,3.09997665e-04,1.000000,92.3532
telstar401,9,LAM,74.624487,3.09997665e-04,1.000000,91.4402
telstar401,9,LAM,82.272413,3.09997665e-04,1.000000,20.7386
telstar401,9,LAM,90.704142,3.09997665e-04,1.000000,63.7117
telstar401,9,LAM,100.000000,3.09997665e-04,1.000000,56.6087
telstar401,10,LAM,0.000000,2.42359495e-03,0.533736,145.0406
telstar401,10,LAM,0.001000,2.41747176e-03,0.535088,144.9684
telstar401,10,LAM,0.001102,2.41684477e-03,0.535227,144.9606
telstar401,10,LAM,0.001215,2.41615365e-03,0.535380,144.9519
telstar401,10,LAM,0.001340,2.41539185e-03,0.535549,144.9422
telstar401,10,LAM,0.001477,2.41455215e-03,0.535735,144.9314
telstar401,10,LAM,0.001629,2.41362662e-03,0.535940,144.9193
telstar401,10,LAM,0.001796,2.41260650e-03,0.536167,144.9058
telstar401,10,LAM,0.001980,2.41148216e-03,0.536417,144.8907
telstar401,10,LAM,0.002183,2.41024300e-03,0.536693,144.8738
telstar401,10,LAM,0.002406,2.40887732e-03,0.536997,144.8548
telstar401,10,LAM,0.002653,2.40737229e-03,0.537333,144.8334
telstar401,10,LAM,0.002925,2.40571374e-03,0.537703,144.8094
telstar401,10,LAM,0.003225,2.40388612e-03,0.538112,144.7823
telstar401,10,LAM,0.003555,2.40187230e-03,0.538563,144.7517
telstar401,10,LAM,0.003919,2.39965344e-03,0.539061,144.7171
telstar401,10,LAM,0.004321,2.39720885e-03,0.539611,144.6779
telstar401,10,LAM,0.004764,2.39451576e-03,0.540218,144.6334
telstar401,10,LAM,0.005252,2.39154920e-03,0.540888,144.5828
telstar401,10,LAM,0.005790,2.38828170e-03,0.541628,144.5251
telstar401,10,LAM,0.006384,2.38468315e-03,0.542445,144.4593
telstar401,10,LAM,0.007038,2.38072053e-03,0.543348,144.3840
telstar401,10,LAM,0.007759,2.37635764e-03,0.544346,144.2978
telstar401,10,LAM,0.008555,2.37155483e-03,0.545448,144.1987
telstar401,10,LAM,0.009431,2.36626878e-03,0.546667,144.0847
telstar401,10,LAM,0.010398,2.36045210e-03,0.548014,143.9533
telstar401,10,LAM,0.011464,2.35405312e-03,0.549503,143.8014
telstar401,10,LAM,0.012638,2.34701557e-03,0.551151,143.6257
telstar401,10,LAM,0.013934,2.33927824e-03,0.552974,143.4217
telstar401,10,LAM,0.015362,2.33077478e-03,0.554992,143.1847
telstar401,10,LAM,0.016936,2.32143339e-03,0.557225,142.9087
telstar401,10,LAM,0.018672,2.31117670e-03,0.559698,142.5866
telstar401,10,LAM,0.020585,2.29992162e-03,0.562437,142.2098
telstar401,10,LAM,0.022695,2.28757937e-03,0.565471,141.7682
telstar401,10,LAM,0.025021,2.27405569e-03,0.568834,141.2494
telstar401,10,LAM,0.027585,2.25925118e-03,0.572561,140.6384
telstar401,10,LAM,0.030412,2.24306206e-03,0.576694,139.9170
telstar401,10,LAM,0.033529,2.22538125e-03,0.581276,139.0627
telstar401,10,LAM,0.036966,2.20609994e-03,0.586356,138.0479
telstar401,10,LAM,0.040754,2.18510984e-03,0.591989,136.8385
telstar401,10,LAM,0.044931,2.16230623e-03,0.598232,135.3922
telstar401,10,LAM,0.049535,2.13759197e-03,0.605148,133.6566
telstar401,10,LAM,0.054612,2.11088264e-03,0.612805,131.5665
telstar401,10,LAM,0.060209,2.08211314e-03,0.621273,129.0417
telstar401,10,LAM,0.066379,2.05124569e-03,0.630622,125.9835
telstar401,10,LAM,0.073182,2.01827946e-03,0.640922,122.2724
telstar401,10,LAM,0.080683,1.98326177e-03,0.652239,117.7651
telstar401,10,LAM,0.088951,1.94630050e-03,0.664625,112.2923
telstar401,10,LAM,0.098068,1.90757724e-03,0.678117,105.6583
telstar401,10,LAM,0.108118,1.86736026e-03,0.692721,97.6405
telstar401,10,LAM,0.119199,1.82601579e-03,0.708406,87.9919
telstar401,10,LAM,0.131415,1.78401597e-03,0.725083,76.4447
telstar401,10,LAM,0.144883,1.74194161e-03,0.742597,62.7190
telstar401,10,LAM,0.159731,1.70047826e-03,0.760704,46.5401
telstar401,10,LAM,0.176101,1.66040617e-03,0.779063,27.6970
telstar401,10,LAM,0.194149,1.62258925e-03,0.797220,7.0128
telstar401,10,LAM,0.214047,1.58798254e-03,0.814593,20.3122
telstar401,10,LAM,0.235983,1.55773445e-03,0.830411,48.1199
telstar401,10,LAM,0.260168,1.53402485e-03,0.843246,78.2101
telstar401,10,LAM,0.286832,1.51343416e-03,0.854719,109.0271
telstar401,10,LAM,0.316228,1.48652453e-03,0.870191,131.6753
telstar401,10,LAM,0.348637,1.45747173e-03,0.887537,113.1349
telstar401,10,LAM,0.384367,1.42829247e-03,0.905669,60.6597
telstar401,10,LAM,0.423759,1.40054832e-03,0.923610,19.1508
telstar401,10,LAM,0.467188,1.37545241e-03,0.940462,94.7041
telstar401,10,LAM,0.515068,1.35383312e-03,0.955480,150.5582
telstar401,10,LAM,0.567855,1.33610360e-03,0.968159,60.3894
telstar401,10,LAM,0.626052,1.32227859e-03,0.978281,87.8583
telstar401,10,LAM,0.690213,1.31204433e-03,0.985912,138.9035
telstar401,10,LAM,0.760950,1.30486608e-03,0.991336,57.5447
telstar401,10,LAM,0.838936,1.30010713e-03,0.994964,150.1757
telstar401,10,LAM,0.924915,1.29713386e-03,0.997245,62.1284
telstar401,10,LAM,1.019705,1.29538976e-03,0.998588,88.6703
telstar401,10,LAM,1.124210,1.29443362e-03,0.999325,129.4497
telstar401,10,LAM,1.239425,1.29394645e-03,0.999702,57.8110
telstar401,10,LAM,1.366448,1.29371726e-03,0.999879,10.4400
telstar401,10,LAM,1.506489,1.29361844e-03,0.999955,39.9303
telstar401,10,LAM,1.660883,1.29357973e-03,0.999985,54.9204
telstar401,10,LAM,1.831099,1.29356607e-03,0.999995,48.6649
telstar401,10,LAM,2.018760,1.29356178e-03,0.999999,88.6689
telstar401,10,LAM,2.225654,1.29356060e-03,1.000000,120.0905
telstar401,10,LAM,2.453751,1.29356031e-03,1.000000,35.5816
telstar401,10,LAM,2.705225,1.29356025e-03,1.000000,110.6687
telstar401,10,LAM,2.982471,1.29356024e-03,1.000000,154.3829
telstar401,10,LAM,3.288131,1.29356024e-03,1.000000,130.2690
telstar401,10,LAM,3.625117,1.29356024e-03,1.000000,113.5934
telstar401,10,LAM,3.996639,1.29356024e-03,1.000000,50.5876
telstar401,10,LAM,4.406236,1.29356024e-03,1.000000,70.0506
telstar401,10,LAM,4.857812,1.29356024e-03,1.000000,102.9482
telstar401,10,LAM,5.355667,1.29356024e-03,1.000000,12.0758
telstar401,10,LAM,5.904545,1.29356024e-03,1.000000,159.3662
telstar401,10,LAM,6.509675,1.29356024e-03,1.000000,153.4197
telstar401,10,LAM,7.176822,1.29356024e-03,1.000000,60.9934
telstar401,10,LAM,7.912343,1.29356024e-03,1.000000,139.4871
telstar401,10,LAM,8.723243,1.29356024e-03,1.000000,64.8266
telstar401,10,LAM,9.617249,1.29356024e-03,1.000000,114.5048
telstar401,10,LAM,10.602877,1.29356024e-03,1.000000,55.6732
telstar401,10,LAM,11.689518,1.29356024e-03,1.000000,79.8589
telstar401,10,LAM,12.887524,1.29356024e-03,1.000000,41.8139
telstar401,10,LAM,14.208308,1.29356024e-03,1.000000,124.0917
telstar401,10,LAM,15.664454,1.29356024e-03,1.000000,49.7865
telstar401,10,LAM,17.269833,1.29356024e-03,1.000000,130.0108
telstar401,10,LAM,19.039740,1.29356024e-03,1.000000,22.0016
telstar401,10,LAM,20.991037,1.29356024e-03,1.000000,99.8507
telstar401,10,LAM,23.142314,1.29356024e-03,1.000000,92.9539
telstar401,10,LAM,25.514065,1.29356024e-03,1.000000,60.7887
telstar401,10,LAM,28.128887,1.29356024e-03,1.000000,55.8609
telstar401,10,LAM,31.011689,1.29356024e-03,1.000000,34.1900
telstar401,10,LAM,34.189937,1.29356024e-03,1.000000,117.7293
telstar401,10,LAM,37.693910,1.29356024e-03,1.000000,152.1140
telstar401,10,LAM,41.556988,1.29356024e-03,1.000000,153.0797
telstar401,10,LAM,45.815977,1.29356024e-03,1.000000,109.6422
telstar401,10,LAM,50.511449,1.29356024e-03,1.000000,63.8986
telstar401,10,LAM,55.688140,1.29356024e-03,1.000000,171.7090
telstar401,10,LAM,61.395366,1.29356024e-03,1.000000,106.9995
telstar401,10,LAM,67.687500,1.29356024e-03,1.000000,143.5890
telstar401,10,LAM,74.624487,1.29356024e-03,1.000000,96.2040
telstar401,10,LAM,82.272413,1.29356024e-03,1.000000,128.7197
telstar401,10,LAM,90.704142,1.29356024e-03,1.000000,147.2889
telstar401,10,LAM,100.000000,1.29356024e-03,1.000000,43.5222
telstar401,11,SAM,0.000000,1.08478174e-03,0.884943,44.4008
telstar401,11,SAM,0.001000,1.08432887e-03,0.885313,44.2736
telstar401,11,SAM,0.001102,1.08428249e-03,0.885350,44.2672
telstar401,11,SAM,0.001215,1.08423137e-03,0.885392,44.2616
telstar401,11,SAM,0.001340,1.08417502e-03,0.885438,44.2571
telstar401,11,SAM,0.001477,1.08411291e-03,0.885489,44.2542
telstar401,11,SAM,0.001629,1.08404445e-03,0.885545,44.2537
telstar401,11,SAM,0.001796,1.08396899e-03,0.885607,44.2562
telstar401,11,SAM,0.001980,1.08388582e-03,0.885674,44.2628
telstar401,11,SAM,0.002183,1.08379415e-03,0.885749,44.2747
telstar401,11,SAM,0.002406,1.08369313e-03,0.885832,44.2935
telstar401,11,SAM,0.002653,1.08358179e-03,0.885923,44.3212
telstar401,11,SAM,0.002925,1.08345908e-03,0.886023,44.3599
telstar401,11,SAM,0.003225,1.08332386e-03,0.886134,44.4129
telstar401,11,SAM,0.003555,1.08317486e-03,0.886256,44.4835
telstar401,11,SAM,0.003919,1.08301068e-03,0.886390,44.5764
telstar401,11,SAM,0.004321,1.08282978e-03,0.886538,44.6968
telstar401,11,SAM,0.004764,1.08263048e-03,0.886701,44.8515
telstar401,11,SAM,0.005252,1.08241091e-03,0.886881,45.0484
telstar401,11,SAM,0.005790,1.08216904e-03,0.887080,45.2973
telstar401,11,SAM,0.006384,1.08190263e-03,0.887298,45.6097
telstar401,11,SAM,0.007038,1.08160922e-03,0.887539,45.9998
telstar401,11,SAM,0.007759,1.08128610e-03,0.887804,46.4840
telstar401,11,SAM,0.008555,1.08093032e-03,0.888096,47.0820
telstar401,11,SAM,0.009431,1.08053864e-03,0.888418,47.8166
telstar401,11,SAM,0.010398,1.08010749e-03,0.888773,48.7144
telstar401,11,SAM,0.011464,1.07963298e-03,0.889163,49.8056
telstar401,11,SAM,0.012638,1.07911088e-03,0.889593,51.1248
telstar401,11,SAM,0.013934,1.07853653e-03,0.890067,52.7104
telstar401,11,SAM,0.015362,1.07790488e-03,0.890589,54.6049
telstar401,11,SAM,0.016936,1.07721041e-03,0.891163,56.8543
telstar401,11,SAM,0.018672,1.07644713e-03,0.891795,59.5083
telstar401,11,SAM,0.020585,1.07560854e-03,0.892490,62.6194
telstar401,11,SAM,0.022695,1.07468762e-03,0.893255,66.2425
telstar401,11,SAM,0.025021,1.07367678e-03,0.894096,70.4342
telstar401,11,SAM,0.027585,1.07256786e-03,0.895020,75.2517
telstar401,11,SAM,0.030412,1.07135212e-03,0.896036,80.7516
telstar401,11,SAM,0.033529,1.07002024e-03,0.897151,86.9868
telstar401,11,SAM,0.036966,1.06856235e-03,0.898375,94.0014
telstar401,11,SAM,0.040754,1.06696803e-03,0.899718,101.8196
telstar401,11,SAM,0.044931,1.06522642e-03,0.901189,110.4230
telstar401,11,SAM,0.049535,1.06332627e-03,0.902799,119.6975
telstar401,11,SAM,0.054612,1.06125610e-03,0.904560,129.3057
telstar401,11,SAM,0.060209,1.05900438e-03,0.906484,138.3611
telstar401,11,SAM,0.066379,1.05655975e-03,0.908581,144.7181
telstar401,11,SAM,0.073182,1.05391136e-03,0.910864,144.6892
telstar401,11,SAM,0.080683,1.05104925e-03,0.913344,136.3023
telstar401,11,SAM,0.088951,1.04796484e-03,0.916033,121.5682
telstar401,11,SAM,0.098068,1.04465152e-03,0.918938,103.1639
telstar401,11,SAM,0.108118,1.04110535e-03,0.922068,83.4891
telstar401,11,SAM,0.119199,1.03732586e-03,0.925428,66.5918
telstar401,11,SAM,0.131415,1.03331696e-03,0.929018,61.0942
telstar401,11,SAM,0.144883,1.02908790e-03,0.932836,75.1969
telstar401,11,SAM,0.159731,1.02465427e-03,0.936872,105.1385
telstar401,11,SAM,0.176101,1.02003893e-03,0.941111,142.3022
telstar401,11,SAM,0.194149,1.01527286e-03,0.945529,151.6625
telstar401,11,SAM,0.214047,1.01039567e-03,0.950093,108.4009
telstar401,11,SAM,0.235983,1.00545577e-03,0.954761,70.2756
telstar401,11,SAM,0.260168,1.00050988e-03,0.959481,85.8619
telstar401,11,SAM,0.286832,9.95621923e-04,0.964191,146.4003
telstar401,11,SAM,0.316228,9.90860990e-04,0.968824,119.6087
telstar401,11,SAM,0.348637,9.86298443e-04,0.973306,62.8513
telstar401,11,SAM,0.384367,9.82004216e-04,0.977562,127.6249
telstar401,11,SAM,0.423759,9.78042533e-04,0.981522,97.8152
telstar401,11,SAM,0.467188,9.74467418e-04,0.985123,77.1736
telstar401,11,SAM,0.515068,9.71318538e-04,0.988316,107.4809
telstar401,11,SAM,0.567855,9.68617960e-04,0.991072,74.9423
telstar401,11,SAM,0.626052,9.66368369e-04,0.993379,61.6069
telstar401,11,SAM,0.690213,9.64553138e-04,0.995248,113.8664
telstar401,11,SAM,0.760950,9.63138370e-04,0.996710,62.0793
telstar401,11,SAM,0.838936,9.62076673e-04,0.997810,24.3432
telstar401,11,SAM,0.924915,9.61312161e-04,0.998604,44.8758
telstar401,11,SAM,1.019705,9.60785914e-04,0.999151,56.8513
telstar401,11,SAM,1.124210,9.60441095e-04,0.999510,60.2070
telstar401,11,SAM,1.239425,9.60227023e-04,0.999732,92.7066
telstar401,11,SAM,1.366448,9.60101757e-04,0.999863,152.9478
telstar401,11,SAM,1.506489,9.60033065e-04,0.999934,43.2683
telstar401,11,SAM,1.660883,9.59997992e-04,0.999971,107.5025
telstar401,11,SAM,1.831099,9.59981436e-04,0.999988,103.3410
telstar401,11,SAM,2.018760,9.59974268e-04,0.999996,115.4150
telstar401,11,SAM,2.225654,9.59971445e-04,0.999999,159.1024
telstar401,11,SAM,2.453751,9.59970445e-04,1.000000,62.4614
telstar401,11,SAM,2.705225,9.59970128e-04,1.000000,113.1305
telstar401,11,SAM,2.982471,9.59970040e-04,1.000000,126.5295
telstar401,11,SAM,3.288131,9.59970019e-04,1.000000,140.6743
telstar401,11,SAM,3.625117,9.59970014e-04,1.000000,52.1320
telstar401,11,SAM,3.996639,9.59970014e-04,1.000000,44.1601
telstar401,11,SAM,4.406236,9.59970013e-04,1.000000,112.2001
telstar401,11,SAM,4.857812,9.59970013e-04,1.000000,26.8466
telstar401,11,SAM,5.355667,9.59970013e-04,1.000000,97.5129
telstar401,11,SAM,5.904545,9.59970013e-04,1.000000,32.3224
telstar401,11,SAM,6.509675,9.59970013e-04,1.000000,103.1535
telstar401,11,SAM,7.176822,9.59970013e-04,1.000000,113.5901
telstar401,11,SAM,7.912343,9.59970013e-04,1.000000,33.5753
telstar401,11,SAM,8.723243,9.59970013e-04,1.000000,111.3173
telstar401,11,SAM,9.617249,9.59970013e-04,1.000000,64.3675
telstar401,11,SAM,10.602877,9.59970013e-04,1.000000,46.2510
telstar401,11,SAM,11.689518,9.59970013e-04,1.000000,113.9208
telstar401,11,SAM,12.887524,9.59970013e-04,1.000000,29.0568
telstar401,11,SAM,14.208308,9.59970013e-04,1.000000,90.1762
telstar401,11,SAM,15.664454,9.59970013e-04,1.000000,27.4809
telstar401,11,SAM,17.269833,9.59970013e-04,1.000000,88.5121
telstar401,11,SAM,19.039740,9.59970013e-04,1.000000,116.4551
telstar401,11,SAM,20.991037,9.59970013e-04,1.000000,91.7857
telstar401,11,SAM,23.142314,9.59970013e-04,1.000000,100.8477
telstar401,11,SAM,25.514065,9.59970013e-04,1.000000,43.8564
telstar401,11,SAM,28.128887,9.59970013e-04,1.000000,136.9749
telstar401,11,SAM,31.011689,9.59970013e-04,1.000000,136.6278
telstar401,11,SAM,34.189937,9.59970013e-04,1.000000,99.8947
telstar401,11,SAM,37.693910,9.59970013e-04,1.000000,108.0342
telstar401,11,SAM,41.556988,9.59970013e-04,1.000000,69.1409
telstar401,11,SAM,45.815977,9.59970013e-04,1.000000,95.5561
telstar401,11,SAM,50.511449,9.59970013e-04,1.000000,131.1435
telstar401,11,SAM,55.688140,9.59970013e-04,1.000000,108.8916
telstar401,11,SAM,61.395366,9.59970013e-04,1.000000,100.8133
telstar401,11,SAM,67.687500,9.59970013e-04,1.000000,29.5128
telstar401,11,SAM,74.624487,9.59970013e-04,1.000000,109.9849
telstar401,11,SAM,82.272413,9.59970013e-04,1.000000,149.3356
telstar401,11,SAM,90.704142,9.59970013e-04,1.000000,73.2888
telstar401,11,SAM,100.000000,9.59970013e-04,1.000000,45.6721
telstar401,12,SAM,0.000000,3.13452034e-03,0.991863,85.6013
telstar401,12,SAM,0.001000,3.13424555e-03,0.991950,85.3919
telstar401,12,SAM,0.001102,3.13421755e-03,0.991959,85.3706
telstar401,12,SAM,0.001215,3.13418672e-03,0.991969,85.3471
telstar401,12,SAM,0.001340,3.13415278e-03,0.991979,85.3213
telstar401,12,SAM,0.001477,3.13411541e-03,0.991991,85.2928
telstar401,12,SAM,0.001629,3.13407427e-03,0.992004,85.2616
telstar401,12,SAM,0.001796,3.13402899e-03,0.992019,85.2272
telstar401,12,SAM,0.001980,3.13397917e-03,0.992034,85.1893
telstar401,12,SAM,0.002183,3.13392436e-03,0.992052,85.1477
telstar401,12,SAM,0.002406,3.13386407e-03,0.992071,85.1020
telstar401,12,SAM,0.002653,3.13379777e-03,0.992092,85.0518
telstar401,12,SAM,0.002925,3.13372487e-03,0.992115,84.9967
telstar401,12,SAM,0.003225,3.13364476e-03,0.992140,84.9361
telstar401,12,SAM,0.003555,3.13355673e-03,0.992168,84.8698
telstar401,12,SAM,0.003919,3.13346004e-03,0.992199,84.7970
telstar401,12,SAM,0.004321,3.13335388e-03,0.992232,84.7173
telstar401,12,SAM,0.004764,3.13323738e-03,0.992269,84.6301
telstar401,12,SAM,0.005252,3.13310957e-03,0.992310,84.5347
telstar401,12,SAM,0.005790,3.13296945e-03,0.992354,84.4306
telstar401,12,SAM,0.006384,3.13281591e-03,0.992403,84.3171
telstar401,12,SAM,0.007038,3.13264776e-03,0.992456,84.1936
telstar401,12,SAM,0.007759,3.13246375e-03,0.992514,84.0594
telstar401,12,SAM,0.008555,3.13226253e-03,0.992578,83.9139
telstar401,12,SAM,0.009431,3.13204269e-03,0.992648,83.7568
telstar401,12,SAM,0.010398,3.13180271e-03,0.992724,83.5876
telstar401,12,SAM,0.011464,3.13154101e-03,0.992807,83.4062
telstar401,12,SAM,0.012638,3.13125597e-03,0.992897,83.2127
telstar401,12,SAM,0.013934,3.13094587e-03,0.992995,83.0076
telstar401,12,SAM,0.015362,3.13060897e-03,0.993102,82.7919
telstar401,12,SAM,0.016936,3.13024351e-03,0.993218,82.5676
telstar401,12,SAM,0.018672,3.12984774e-03,0.993344,82.3374
telstar401,12,SAM,0.020585,3.12941991e-03,0.993480,82.1054
telstar401,12,SAM,0.022695,3.12895836e-03,0.993626,81.8775
telstar401,12,SAM,0.025021,3.12846156e-03,0.993784,81.6618
telstar401,12,SAM,0.027585,3.12792811e-03,0.993953,81.4694
telstar401,12,SAM,0.030412,3.12735688e-03,0.994135,81.3150
telstar401,12,SAM,0.033529,3.12674700e-03,0.994329,81.2181
telstar401,12,SAM,0.036966,3.12609801e-03,0.994535,81.2039
telstar401,12,SAM,0.040754,3.12540991e-03,0.994754,81.3046
telstar401,12,SAM,0.044931,3.12468326e-03,0.994986,81.5608
telstar401,12,SAM,0.049535,3.12391930e-03,0.995229,82.0223
telstar401,12,SAM,0.054612,3.12312002e-03,0.995484,82.7491
telstar401,12,SAM,0.060209,3.12228828e-03,0.995749,83.8112
telstar401,12,SAM,0.066379,3.12142789e-03,0.996023,85.2869
telstar401,12,SAM,0.073182,3.12054366e-03,0.996306,87.2598
telstar401,12,SAM,0.080683,3.11964148e-03,0.996594,89.8124
telstar401,12,SAM,0.088951,3.11872829e-03,0.996885,93.0158
telstar401,12,SAM,0.098068,3.11781203e-03,0.997178,96.9156
telstar401,12,SAM,0.108118,3.11690156e-03,0.997470,101.5092
telstar401,12,SAM,0.119199,3.11600645e-03,0.997756,106.7140
telstar401,12,SAM,0.131415,3.11513674e-03,0.998035,112.3166
telstar401,12,SAM,0.144883,3.11430261e-03,0.998302,117.8976
telstar401,12,SAM,0.159731,3.11351398e-03,0.998555,122.7369
telstar401,12,SAM,0.176101,3.11278002e-03,0.998790,125.7733
telstar401,12,SAM,0.194149,3.11210874e-03,0.999006,125.8281
telstar401,12,SAM,0.214047,3.11150642e-03,0.999199,122.2446
telstar401,12,SAM,0.235983,3.11097728e-03,0.999369,115.4945
telstar401,12,SAM,0.260168,3.11052312e-03,0.999515,107.1848
telstar401,12,SAM,0.286832,3.11014318e-03,0.999637,99.8175
telstar401,12,SAM,0.316228,3.10983420e-03,0.999737,96.5301
telstar401,12,SAM,0.348637,3.10959062e-03,0.999815,99.8503
telstar401,12,SAM,0.384367,3.10940508e-03,0.999874,108.6527
telstar401,12,SAM,0.423759,3.10926898e-03,0.999918,114.6881
telstar401,12,SAM,0.467188,3.10917323e-03,0.999949,105.4092
telstar401,12,SAM,0.515068,3.10910888e-03,0.999970,82.2235
telstar401,12,SAM,0.567855,3.10906777e-03,0.999983,65.7166
telstar401,12,SAM,0.626052,3.10904292e-03,0.999991,74.4732
telstar401,12,SAM,0.690213,3.10902880e-03,0.999996,83.2683
telstar401,12,SAM,0.760950,3.10902129e-03,0.999998,65.1056
telstar401,12,SAM,0.838936,3.10901759e-03,0.999999,57.1818
telstar401,12,SAM,0.924915,3.10901591e-03,1.000000,92.5135
telstar401,12,SAM,1.019705,3.10901521e-03,1.000000,88.7273
telstar401,12,SAM,1.124210,3.10901495e-03,1.000000,101.9374
telstar401,12,SAM,1.239425,3.10901486e-03,1.000000,121.1091
telstar401,12,SAM,1.366448,3.10901483e-03,1.000000,97.7908
telstar401,12,SAM,1.506489,3.10901483e-03,1.000000,93.4284
telstar401,12,SAM,1.660883,3.10901482e-03,1.000000,76.7347
telstar401,12,SAM,1.831099,3.10901482e-03,1.000000,54.9851
telstar401,12,SAM,2.018760,3.10901482e-03,1.000000,95.8837
telstar401,12,SAM,2.225654,3.10901482e-03,1.000000,127.8908
telstar401,12,SAM,2.453751,3.10901482e-03,1.000000,109.4174
telstar401,12,SAM,2.705225,3.10901482e-03,1.000000,80.4062
telstar401,12,SAM,2.982471,3.10901482e-03,1.000000,102.4721
telstar401,12,SAM,3.288131,3.10901482e-03,1.000000,117.3218
telstar401,12,SAM,3.625117,3.10901482e-03,1.000000,58.8538
telstar401,12,SAM,3.996639,3.10901482e-03,1.000000,104.3231
telstar401,12,SAM,4.406236,3.10901482e-03,1.000000,89.4307
telstar401,12,SAM,4.857812,3.10901482e-03,1.000000,63.7569
telstar401,12,SAM,5.355667,3.10901482e-03,1.000000,102.8826
telstar401,12,SAM,5.904545,3.10901482e-03,1.000000,62.6216
telstar401,12,SAM,6.509675,3.10901482e-03,1.000000,96.5554
telstar401,12,SAM,7.176822,3.10901482e-03,1.000000,96.2804
telstar401,12,SAM,7.912343,3.10901482e-03,1.000000,70.5297
telstar401,12,SAM,8.723243,3.10901482e-03,1.000000,52.1959
telstar401,12,SAM,9.617249,3.10901482e-03,1.000000,89.0045
telstar401,12,SAM,10.602877,3.10901482e-03,1.000000,88.8696
telstar401,12,SAM,11.689518,3.10901482e-03,1.000000,75.8359
telstar401,12,SAM,12.887524,3.10901482e-03,1.000000,85.0309
telstar401,12,SAM,14.208308,3.10901482e-03,1.000000,126.4969
telstar401,12,SAM,15.664454,3.10901482e-03,1.000000,72.9791
telstar401,12,SAM,17.269833,3.10901482e-03,1.000000,126.7251
telstar401,12,SAM,19.039740,3.10901482e-03,1.000000,110.5230
telstar401,12,SAM,20.991037,3.10901482e-03,1.000000,81.8431
telstar401,12,SAM,23.142314,3.10901482e-03,1.000000,118.3541
telstar401,12,SAM,25.514065,3.10901482e-03,1.000000,74.6125
telstar401,12,SAM,28.128887,3.10901482e-03,1.000000,101.1793
telstar401,12,SAM,31.011689,3.10901482e-03,1.000000,106.6596
telstar401,12,SAM,34.189937,3.10901482e-03,1.000000,96.8156
telstar401,12,SAM,37.693910,3.10901482e-03,1.000000,70.4734
telstar401,12,SAM,41.556988,3.10901482e-03,1.000000,70.3794
telstar401,12,SAM,45.815977,3.10901482e-03,1.000000,81.0022
telstar401,12,SAM,50.511449,3.10901482e-03,1.000000,73.7251
telstar401,12,SAM,55.688140,3.10901482e-03,1.000000,77.9968
telstar401,12,SAM,61.395366,3.10901482e-03,1.000000,104.2352
telstar401,12,SAM,67.687500,3.10901482e-03,1.000000,82.7320
telstar401,12,SAM,74.624487,3.10901482e-03,1.000000,80.7426
telstar401,12,SAM,82.272413,3.10901482e-03,1.000000,118.4263
telstar401,12,SAM,90.704142,3.10901482e-03,1.000000,65.3895
telstar401,12,SAM,100.000000,3.10901482e-03,1.000000,91.1164
telstar401,13,LAM,0.000000,2.05485823e-03,0.474864,133.7912
telstar401,13,LAM,0.001000,2.05186688e-03,0.475556,134.3568
telstar401,13,LAM,0.001102,2.05156019e-03,0.475627,134.4129
telstar401,13,LAM,0.001215,2.05122205e-03,0.475705,134.4744
telstar401,13,LAM,0.001340,2.05084922e-03,0.475792,134.5416
telstar401,13,LAM,0.001477,2.05043815e-03,0.475887,134.6152
telstar401,13,LAM,0.001629,2.04998490e-03,0.475993,134.6955
telstar401,13,LAM,0.001796,2.04948515e-03,0.476109,134.7832
telstar401,13,LAM,0.001980,2.04893412e-03,0.476237,134.8788
telstar401,13,LAM,0.002183,2.04832653e-03,0.476378,134.9829
telstar401,13,LAM,0.002406,2.04765658e-03,0.476534,135.0961
telstar401,13,LAM,0.002653,2.04691786e-03,0.476706,135.2188
telstar401,13,LAM,0.002925,2.04610329e-03,0.476896,135.3518
telstar401,13,LAM,0.003225,2.04520508e-03,0.477105,135.4956
telstar401,13,LAM,0.003555,2.04421461e-03,0.477336,135.6505
telstar401,13,LAM,0.003919,2.04312239e-03,0.477591,135.8170
telstar401,13,LAM,0.004321,2.04191795e-03,0.477873,135.9954
telstar401,13,LAM,0.004764,2.04058973e-03,0.478184,136.1856
telstar401,13,LAM,0.005252,2.03912498e-03,0.478528,136.3876
telstar401,13,LAM,0.005790,2.03750961e-03,0.478907,136.6009
telstar401,13,LAM,0.006384,2.03572811e-03,0.479326,136.8244
telstar401,13,LAM,0.007038,2.03376334e-03,0.479789,137.0570
telstar401,13,LAM,0.007759,2.03159638e-03,0.480301,137.2963
telstar401,13,LAM,0.008555,2.02920637e-03,0.480867,137.5396
telstar401,13,LAM,0.009431,2.02657028e-03,0.481492,137.7828
telstar401,13,LAM,0.010398,2.02366269e-03,0.482184,138.0208
telstar401,13,LAM,0.011464,2.02045556e-03,0.482949,138.2468
telstar401,13,LAM,0.012638,2.01691794e-03,0.483796,138.4524
telstar401,13,LAM,0.013934,2.01301572e-03,0.484734,138.6268
telstar401,13,LAM,0.015362,2.00871125e-03,0.485773,138.7573
telstar401,13,LAM,0.016936,2.00396302e-03,0.486924,138.8282
telstar401,13,LAM,0.018672,1.99872531e-03,0.488200,138.8213
telstar401,13,LAM,0.020585,1.99294774e-03,0.489615,138.7157
telstar401,13,LAM,0.022695,1.98657488e-03,0.491186,138.4882
telstar401,13,LAM,0.025021,1.97954578e-03,0.492930,138.1137
telstar401,13,LAM,0.027585,1.97179349e-03,0.494868,137.5666
telstar401,13,LAM,0.030412,1.96324463e-03,0.497023,136.8218
telstar401,13,LAM,0.033529,1.95381891e-03,0.499421,135.8571
telstar401,13,LAM,0.036966,1.94342870e-03,0.502091,134.6549
telstar401,13,LAM,0.040754,1.93197869e-03,0.505066,133.2052
telstar401,13,LAM,0.044931,1.91936566e-03,0.508385,131.5076
telstar401,13,LAM,0.049535,1.90547839e-03,0.512091,129.5742
telstar401,13,LAM,0.054612,1.89019791e-03,0.516230,127.4317
telstar401,13,LAM,0.060209,1.87339810e-03,0.520860,125.1238
telstar401,13,LAM,0.066379,1.85494677e-03,0.526041,122.7135
telstar401,13,LAM,0.073182,1.83470761e-03,0.531844,120.2854
telstar401,13,LAM,0.080683,1.81254297e-03,0.538347,117.9482
telstar401,13,LAM,0.088951,1.78831805e-03,0.545640,115.8357
telstar401,13,LAM,0.098068,1.76190659e-03,0.553819,114.1074
telstar401,13,LAM,0.108118,1.73319870e-03,0.562992,112.9447
telstar401,13,LAM,0.119199,1.70211097e-03,0.573275,112.5378
telstar401,13,LAM,0.131415,1.66859927e-03,0.584788,113.0544
telstar401,13,LAM,0.144883,1.63267444e-03,0.597656,114.5665
telstar401,13,LAM,0.159731,1.59442047e-03,0.611995,116.8907
telstar401,13,LAM,0.176101,1.55401450e-03,0.627908,119.2593
telstar401,13,LAM,0.194149,1.51174708e-03,0.645464,119.7804
telstar401,13,LAM,0.214047,1.46804005e-03,0.664680,115.1332
telstar401,13,LAM,0.235983,1.42345858e-03,0.685498,101.7500
telstar401,13,LAM,0.260168,1.37871313e-03,0.707745,77.8984
telstar401,13,LAM,0.286832,1.33464748e-03,0.731113,44.1537
telstar401,13,LAM,0.316228,1.29221137e-03,0.755122,17.4760
telstar401,13,LAM,0.348637,1.25242198e-03,0.779112,62.3457
telstar401,13,LAM,0.384367,1.21633288e-03,0.802229,116.9957
telstar401,13,LAM,0.423759,1.18507565e-03,0.823388,111.3939
telstar401,13,LAM,0.467188,1.16038896e-03,0.840906,43.4882
telstar401,13,LAM,0.515068,1.14107777e-03,0.855137,83.0272
telstar401,13,LAM,0.567855,1.11548853e-03,0.874754,136.2056
telstar401,13,LAM,0.626052,1.08823771e-03,0.896658,59.5215
telstar401,13,LAM,0.690213,1.06196959e-03,0.918838,136.0514
telstar401,13,LAM,0.760950,1.03854616e-03,0.939561,117.8982
telstar401,13,LAM,0.838936,1.01910977e-03,0.957480,63.1430
telstar401,13,LAM,0.924915,1.00407091e-03,0.971821,50.9797
telstar401,13,LAM,1.019705,9.93210656e-04,0.982448,39.3261
telstar401,13,LAM,1.124210,9.85888272e-04,0.989745,30.5898
telstar401,13,LAM,1.239425,9.81280034e-04,0.994393,95.3136
telstar401,13,LAM,1.366448,9.78576470e-04,0.997140,85.1082
telstar401,13,LAM,1.506489,9.77101650e-04,0.998645,94.6802
telstar401,13,LAM,1.660883,9.76356600e-04,0.999407,59.2734
telstar401,13,LAM,1.831099,9.76009965e-04,0.999762,75.9280
telstar401,13,LAM,2.018760,9.75862465e-04,0.999913,43.3980
telstar401,13,LAM,2.225654,9.75805531e-04,0.999971,65.5479
telstar401,13,LAM,2.453751,9.75785783e-04,0.999992,88.5596
telstar401,13,LAM,2.705225,9.75779693e-04,0.999998,163.5499
telstar401,13,LAM,2.982471,9.75778042e-04,1.000000,134.2773
telstar401,13,LAM,3.288131,9.75777654e-04,1.000000,18.1867
telstar401,13,LAM,3.625117,9.75777576e-04,1.000000,117.8234
telstar401,13,LAM,3.996639,9.75777563e-04,1.000000,75.4260
telstar401,13,LAM,4.406236,9.75777561e-04,1.000000,105.7446
telstar401,13,LAM,4.857812,9.75777561e-04,1.000000,124.8432
telstar401,13,LAM,5.355667,9.75777561e-04,1.000000,53.1594
telstar401,13,LAM,5.904545,9.75777561e-04,1.000000,59.1724
telstar401,13,LAM,6.509675,9.75777561e-04,1.000000,130.8896
telstar401,13,LAM,7.176822,9.75777561e-04,1.000000,19.3269
telstar401,13,LAM,7.912343,9.75777561e-04,1.000000,64.4607
telstar401,13,LAM,8.723243,9.75777561e-04,1.000000,67.1620
telstar401,13,LAM,9.617249,9.75777561e-04,1.000000,55.0603
telstar401,13,LAM,10.602877,9.75777561e-04,1.000000,68.7007
telstar401,13,LAM,11.689518,9.75777561e-04,1.000000,70.8913
telstar401,13,LAM,12.887524,9.75777561e-04,1.000000,73.5199
telstar401,13,LAM,14.208308,9.75777561e-04,1.000000,76.4140
telstar401,13,LAM,15.664454,9.75777561e-04,1.000000,76.5124
telstar401,13,LAM,17.269833,9.75777561e-04,1.000000,106.7439
telstar401,13,LAM,19.039740,9.75777561e-04,1.000000,69.5049
telstar401,13,LAM,20.991037,9.75777561e-04,1.000000,83.2940
telstar401,13,LAM,23.142314,9.75777561e-04,1.000000,119.6351
telstar401,13,LAM,25.514065,9.75777561e-04,1.000000,76.3105
telstar401,13,LAM,28.128887,9.75777561e-04,1.000000,87.8611
telstar401,13,LAM,31.011689,9.75777561e-04,1.000000,125.4263
telstar401,13,LAM,34.189937,9.75777561e-04,1.000000,73.3543
telstar401,13,LAM,37.693910,9.75777561e-04,1.000000,162.5391
telstar401,13,LAM,41.556988,9.75777561e-04,1.000000,94.7061
telstar401,13,LAM,45.815977,9.75777561e-04,1.000000,135.6736
telstar401,13,LAM,50.511449,9.75777561e-04,1.000000,104.1818
telstar401,13,LAM,55.688140,9.75777561e-04,1.000000,156.9365
telstar401,13,LAM,61.395366,9.75777561e-04,1.000000,97.4685
telstar401,13,LAM,67.687500,9.75777561e-04,1.000000,109.9744
telstar401,13,LAM,74.624487,9.75777561e-04,1.000000,54.5570
telstar401,13,LAM,82.272413,9.75777561e-04,1.000000,109.2333
telstar401,13,LAM,90.704142,9.75777561e-04,1.000000,76.8495
telstar401,13,LAM,100.000000,9.75777561e-04,1.000000,108.3019
telstar401,14,SAM,0.000000,3.62701039e-04,0.988532,16.3681
telstar401,14,SAM,0.001000,3.62698440e-04,0.988540,18.5637
telstar401,14,SAM,0.001102,3.62698173e-04,0.988540,18.7941
telstar401,14,SAM,0.001215,3.62697880e-04,0.988541,19.0492
telstar401,14,SAM,0.001340,3.62697556e-04,0.988542,19.3316
telstar401,14,SAM,0.001477,3.62697200e-04,0.988543,19.6444
telstar401,14,SAM,0.001629,3.62696806e-04,0.988544,19.9907
telstar401,14,SAM,0.001796,3.62696373e-04,0.988545,20.3744
telstar401,14,SAM,0.001980,3.62695895e-04,0.988546,20.7995
telstar401,14,SAM,0.002183,3.62695368e-04,0.988548,21.2706
telstar401,14,SAM,0.002406,3.62694787e-04,0.988549,21.7927
telstar401,14,SAM,0.002653,3.62694147e-04,0.988551,22.3713
telstar401,14,SAM,0.002925,3.62693442e-04,0.988553,23.0127
telstar401,14,SAM,0.003225,3.62692664e-04,0.988555,23.7236
telstar401,14,SAM,0.003555,3.62691806e-04,0.988558,24.5117
telstar401,14,SAM,0.003919,3.62690861e-04,0.988560,25.3852
telstar401,14,SAM,0.004321,3.62689820e-04,0.988563,26.3534
telstar401,14,SAM,0.004764,3.62688671e-04,0.988566,27.4263
telstar401,14,SAM,0.005252,3.62687406e-04,0.988570,28.6151
telstar401,14,SAM,0.005790,3.62686011e-04,0.988573,29.9322
telstar401,14,SAM,0.006384,3.62684474e-04,0.988578,31.3909
telstar401,14,SAM,0.007038,3.62682780e-04,0.988582,33.0062
telstar401,14,SAM,0.007759,3.62680913e-04,0.988587,34.7944
telstar401,14,SAM,0.008555,3.62678856e-04,0.988593,36.7734
telstar401,14,SAM,0.009431,3.62676589e-04,0.988599,38.9628
telstar401,14,SAM,0.010398,3.62674091e-04,0.988606,41.3844
telstar401,14,SAM,0.011464,3.62671339e-04,0.988613,44.0618
telstar401,14,SAM,0.012638,3.62668307e-04,0.988622,47.0211
telstar401,14,SAM,0.013934,3.62664966e-04,0.988631,50.2908
telstar401,14,SAM,0.015362,3.62661286e-04,0.988641,53.9024
telstar401,14,SAM,0.016936,3.62657233e-04,0.988652,57.8901
telstar401,14,SAM,0.018672,3.62652769e-04,0.988664,62.2917
telstar401,14,SAM,0.020585,3.62647852e-04,0.988677,67.1480
telstar401,14,SAM,0.022695,3.62642439e-04,0.988692,72.5039
telstar401,14,SAM,0.025021,3.62636478e-04,0.988708,78.4079
telstar401,14,SAM,0.027585,3.62629917e-04,0.988726,84.9120
telstar401,14,SAM,0.030412,3.62622695e-04,0.988746,92.0716
telstar401,14,SAM,0.033529,3.62614746e-04,0.988768,99.9437
telstar401,14,SAM,0.036966,3.62606001e-04,0.988792,108.5836
telstar401,14,SAM,0.040754,3.62596380e-04,0.988818,118.0370
telstar401,14,SAM,0.044931,3.62585799e-04,0.988847,128.3179
telstar401,14,SAM,0.049535,3.62574164e-04,0.988878,139.3438
telstar401,14,SAM,0.054612,3.62561375e-04,0.988913,150.6900
telstar401,14,SAM,0.060209,3.62547320e-04,0.988952,160.4146
telstar401,14,SAM,0.066379,3.62531879e-04,0.988994,161.4183
telstar401,14,SAM,0.073182,3.62514923e-04,0.989040,150.1112
telstar401,14,SAM,0.080683,3.62496310e-04,0.989091,132.9470
telstar401,14,SAM,0.088951,3.62475887e-04,0.989146,112.6348
telstar401,14,SAM,0.098068,3.62453489e-04,0.989208,89.7287
telstar401,14,SAM,0.108118,3.62428939e-04,0.989275,64.3037
telstar401,14,SAM,0.119199,3.62402045e-04,0.989348,36.4509
telstar401,14,SAM,0.131415,3.62372604e-04,0.989428,9.7373
telstar401,14,SAM,0.144883,3.62340397e-04,0.989516,31.4453
telstar401,14,SAM,0.159731,3.62305193e-04,0.989612,68.1943
telstar401,14,SAM,0.176101,3.62266748e-04,0.989718,107.9194
telstar401,14,SAM,0.194149,3.62224803e-04,0.989832,144.1965
telstar401,14,SAM,0.214047,3.62179090e-04,0.989957,134.9798
telstar401,14,SAM,0.235983,3.62129329e-04,0.990093,85.4590
telstar401,14,SAM,0.260168,3.62075234e-04,0.990241,27.8297
telstar401,14,SAM,0.286832,3.62016513e-04,0.990402,46.6440
telstar401,14,SAM,0.316228,3.61952871e-04,0.990576,117.6762
telstar401,14,SAM,0.348637,3.61884019e-04,0.990764,140.0095
telstar401,14,SAM,0.384367,3.61809676e-04,0.990968,55.5260
telstar401,14,SAM,0.423759,3.61729578e-04,0.991187,45.9482
telstar401,14,SAM,0.467188,3.61643486e-04,0.991423,155.9022
telstar401,14,SAM,0.515068,3.61551195e-04,0.991676,76.3356
telstar401,14,SAM,0.567855,3.61452548e-04,0.991947,63.9149
telstar401,14,SAM,0.626052,3.61347446e-04,0.992235,145.7438
telstar401,14,SAM,0.690213,3.61235867e-04,0.992542,38.0857
telstar401,14,SAM,0.760950,3.61117878e-04,0.992866,145.6170
telstar401,14,SAM,0.838936,3.60993656e-04,0.993208,65.2189
telstar401,14,SAM,0.924915,3.60863499e-04,0.993566,75.6466
telstar401,14,SAM,1.019705,3.60727851e-04,0.993940,167.3827
telstar401,14,SAM,1.124210,3.60587313e-04,0.994327,86.1116
telstar401,14,SAM,1.239425,3.60442655e-04,0.994726,36.8480
telstar401,14,SAM,1.366448,3.60294827e-04,0.995134,16.3404
telstar401,14,SAM,1.506489,3.60144962e-04,0.995548,24.1191
telstar401,14,SAM,1.660883,3.59994364e-04,0.995965,73.9001
telstar401,14,SAM,1.831099,3.59844500e-04,0.996380,161.5245
telstar401,14,SAM,2.018760,3.59696961e-04,0.996788,59.0106
telstar401,14,SAM,2.225654,3.59553431e-04,0.997186,122.1741
telstar401,14,SAM,2.453751,3.59415622e-04,0.997569,18.8767
telstar401,14,SAM,2.705225,3.59285209e-04,0.997931,45.8197
telstar401,14,SAM,2.982471,3.59163755e-04,0.998268,18.1378
telstar401,14,SAM,3.288131,3.59052620e-04,0.998577,77.9900
telstar401,14,SAM,3.625117,3.58952886e-04,0.998855,106.6126
telstar401,14,SAM,3.996639,3.58865280e-04,0.999098,166.0455
telstar401,14,SAM,4.406236,3.58790121e-04,0.999308,158.6069
telstar401,14,SAM,4.857812,3.58727296e-04,0.999483,56.9457
telstar401,14,SAM,5.355667,3.58676260e-04,0.999625,147.9668
telstar401,14,SAM,5.904545,3.58636087e-04,0.999737,136.8707
telstar401,14,SAM,6.509675,3.58605543e-04,0.999822,38.5647
telstar401,14,SAM,7.176822,3.58583188e-04,0.999884,21.3358
telstar401,14,SAM,7.912343,3.58567500e-04,0.999928,172.1160
telstar401,14,SAM,8.723243,3.58556989e-04,0.999957,162.0650
telstar401,14,SAM,9.617249,3.58550295e-04,0.999976,61.9973
telstar401,14,SAM,10.602877,3.58546265e-04,0.999987,169.9888
telstar401,14,SAM,11.689518,3.58543983e-04,0.999994,159.9071
telstar401,14,SAM,12.887524,3.58542776e-04,0.999997,160.2090
telstar401,14,SAM,14.208308,3.58542184e-04,0.999999,83.5753
telstar401,14,SAM,15.664454,3.58541917e-04,1.000000,32.6542
telstar401,14,SAM,17.269833,3.58541806e-04,1.000000,18.2179
telstar401,14,SAM,19.039740,3.58541765e-04,1.000000,36.4510
telstar401,14,SAM,20.991037,3.58541751e-04,1.000000,147.2803
telstar401,14,SAM,23.142314,3.58541747e-04,1.000000,148.2679
telstar401,14,SAM,25.514065,3.58541746e-04,1.000000,58.1104
telstar401,14,SAM,28.128887,3.58541746e-04,1.000000,146.5524
telstar401,14,SAM,31.011689,3.58541746e-04,1.000000,14.0332
telstar401,14,SAM,34.189937,3.58541746e-04,1.000000,144.7362
telstar401,14,SAM,37.693910,3.58541746e-04,1.000000,154.9774
telstar401,14,SAM,41.556988,3.58541746e-04,1.000000,85.7460
telstar401,14,SAM,45.815977,3.58541746e-04,1.000000,58.7418
telstar401,14,SAM,50.511449,3.58541746e-04,1.000000,107.1328
telstar401,14,SAM,55.688140,3.58541746e-04,1.000000,52.6375
telstar401,14,SAM,61.395366,3.58541746e-04,1.000000,157.5332
telstar401,14,SAM,67.687500,3.58541746e-04,1.000000,72.7515
telstar401,14,SAM,74.624487,3.58541746e-04,1.000000,117.8218
telstar401,14,SAM,82.272413,3.58541746e-04,1.000000,144.1676
telstar401,14,SAM,90.704142,3.58541746e-04,1.000000,32.6245
telstar401,14,SAM,100.000000,3.58541746e-04,1.000000,14.6532
telstar401,15,SAM,0.000000,1.48518321e-03,0.957758,52.2715
telstar401,15,SAM,0.001000,1.48474118e-03,0.958043,53.5195
telstar401,15,SAM,0.001102,1.48469604e-03,0.958072,53.6496
telstar401,15,SAM,0.001215,1.48464631e-03,0.958104,53.7934
telstar401,15,SAM,0.001340,1.48459152e-03,0.958139,53.9526
telstar401,15,SAM,0.001477,1.48453117e-03,0.958178,54.1288
telstar401,15,SAM,0.001629,1.48446470e-03,0.958221,54.3238
telstar401,15,SAM,0.001796,1.48439150e-03,0.958269,54.5398
telstar401,15,SAM,0.001980,1.48431088e-03,0.958321,54.7791
telstar401,15,SAM,0.002183,1.48422211e-03,0.958378,55.0443
telstar401,15,SAM,0.002406,1.48412439e-03,0.958441,55.3383
telstar401,15,SAM,0.002653,1.48401681e-03,0.958510,55.6645
telstar401,15,SAM,0.002925,1.48389840e-03,0.958587,56.0265
telstar401,15,SAM,0.003225,1.48376811e-03,0.958671,56.4284
telstar401,15,SAM,0.003555,1.48362475e-03,0.958764,56.8749
telstar401,15,SAM,0.003919,1.48346707e-03,0.958866,57.3711
telstar401,15,SAM,0.004321,1.48329365e-03,0.958978,57.9230
telstar401,15,SAM,0.004764,1.48310299e-03,0.959101,58.5370
telstar401,15,SAM,0.005252,1.48289343e-03,0.959237,59.2205
telstar401,15,SAM,0.005790,1.48266317e-03,0.959386,59.9819
telstar401,15,SAM,0.006384,1.48241025e-03,0.959549,60.8302
telstar401,15,SAM,0.007038,1.48213254e-03,0.959729,61.7760
telstar401,15,SAM,0.007759,1.48182776e-03,0.959926,62.8309
telstar401,15,SAM,0.008555,1.48149340e-03,0.960143,64.0078
telstar401,15,SAM,0.009431,1.48112679e-03,0.960381,65.3213
telstar401,15,SAM,0.010398,1.48072506e-03,0.960641,66.7877
telstar401,15,SAM,0.011464,1.48028511e-03,0.960927,68.4247
telstar401,15,SAM,0.012638,1.47980364e-03,0.961239,70.2525
telstar401,15,SAM,0.013934,1.47927713e-03,0.961582,72.2928
telstar401,15,SAM,0.015362,1.47870187e-03,0.961956,74.5698
telstar401,15,SAM,0.016936,1.47807392e-03,0.962364,77.1097
telstar401,15,SAM,0.018672,1.47738918e-03,0.962810,79.9412
telstar401,15,SAM,0.020585,1.47664336e-03,0.963297,83.0947
telstar401,15,SAM,0.022695,1.47583206e-03,0.963826,86.6025
telstar401,15,SAM,0.025021,1.47495075e-03,0.964402,90.4984
telstar401,15,SAM,0.027585,1.47399489e-03,0.965028,94.8158
telstar401,15,SAM,0.030412,1.47295995e-03,0.965706,99.5869
telstar401,15,SAM,0.033529,1.47184155e-03,0.966439,104.8382
telstar401,15,SAM,0.036966,1.47063550e-03,0.967232,110.5850
telstar401,15,SAM,0.040754,1.46933797e-03,0.968086,116.8188
telstar401,15,SAM,0.044931,1.46794566e-03,0.969004,123.4834
telstar401,15,SAM,0.049535,1.46645595e-03,0.969989,130.4249
telstar401,15,SAM,0.054612,1.46486712e-03,0.971041,137.2842
telstar401,15,SAM,0.060209,1.46317857e-03,0.972161,143.2771
telstar401,15,SAM,0.066379,1.46139110e-03,0.973350,146.8865
telstar401,15,SAM,0.073182,1.45950717e-03,0.974607,146.0834
telstar401,15,SAM,0.080683,1.45753118e-03,0.975928,139.9131
telstar401,15,SAM,0.088951,1.45546977e-03,0.977310,129.2585
telstar401,15,SAM,0.098068,1.45333206e-03,0.978748,115.4992
telstar401,15,SAM,0.108118,1.45112986e-03,0.980233,99.8004
telstar401,15,SAM,0.119199,1.44887787e-03,0.981757,83.4760
telstar401,15,SAM,0.131415,1.44659367e-03,0.983307,68.9254
telstar401,15,SAM,0.144883,1.44429767e-03,0.984870,61.0571
telstar401,15,SAM,0.159731,1.44201282e-03,0.986431,66.1977
telstar401,15,SAM,0.176101,1.43976418e-03,0.987971,85.2373
telstar401,15,SAM,0.194149,1.43757819e-03,0.989474,113.8161
telstar401,15,SAM,0.214047,1.43548179e-03,0.990919,146.8481
telstar401,15,SAM,0.235983,1.43350128e-03,0.992288,156.2162
telstar401,15,SAM,0.260168,1.43166102e-03,0.993563,118.4259
telstar401,15,SAM,0.286832,1.42998206e-03,0.994730,78.3373
telstar401,15,SAM,0.316228,1.42848086e-03,0.995775,66.2637
telstar401,15,SAM,0.348637,1.42716807e-03,0.996691,105.9136
telstar401,15,SAM,0.384367,1.42604777e-03,0.997474,152.9318
telstar401,15,SAM,0.423759,1.42511713e-03,0.998125,97.3221
telstar401,15,SAM,0.467188,1.42436655e-03,0.998651,48.2111
telstar401,15,SAM,0.515068,1.42378059e-03,0.999062,113.5176
telstar401,15,SAM,0.567855,1.42333920e-03,0.999372,98.1897
telstar401,15,SAM,0.626052,1.42301954e-03,0.999597,34.3033
telstar401,15,SAM,0.690213,1.42279783e-03,0.999752,115.8497
telstar401,15,SAM,0.760950,1.42265119e-03,0.999856,25.7129
telstar401,15,SAM,0.838936,1.42255916e-03,0.999920,115.1778
telstar401,15,SAM,0.924915,1.42250463e-03,0.999959,31.9056
telstar401,15,SAM,1.019705,1.42247430e-03,0.999980,123.4875
telstar401,15,SAM,1.124210,1.42245857e-03,0.999991,116.8958
telstar401,15,SAM,1.239425,1.42245101e-03,0.999996,68.0739
telstar401,15,SAM,1.366448,1.42244767e-03,0.999999,73.1735
telstar401,15,SAM,1.506489,1.42244633e-03,1.000000,78.9539
telstar401,15,SAM,1.660883,1.42244585e-03,1.000000,64.1250
telstar401,15,SAM,1.831099,1.42244569e-03,1.000000,39.1006
telstar401,15,SAM,2.018760,1.42244564e-03,1.000000,59.5901
telstar401,15,SAM,2.225654,1.42244563e-03,1.000000,158.2735
telstar401,15,SAM,2.453751,1.42244563e-03,1.000000,52.3413
telstar401,15,SAM,2.705225,1.42244563e-03,1.000000,109.3529
telstar401,15,SAM,2.982471,1.42244563e-03,1.000000,120.9935
telstar401,15,SAM,3.288131,1.42244563e-03,1.000000,135.8295
telstar401,15,SAM,3.625117,1.42244563e-03,1.000000,117.2038
telstar401,15,SAM,3.996639,1.42244563e-03,1.000000,42.5710
telstar401,15,SAM,4.406236,1.42244563e-03,1.000000,129.4524
telstar401,15,SAM,4.857812,1.42244563e-03,1.000000,115.6613
telstar401,15,SAM,5.355667,1.42244563e-03,1.000000,88.8467
telstar401,15,SAM,5.904545,1.42244563e-03,1.000000,110.3550
telstar401,15,SAM,6.509675,1.42244563e-03,1.000000,105.4400
telstar401,15,SAM,7.176822,1.42244563e-03,1.000000,129.2076
telstar401,15,SAM,7.912343,1.42244563e-03,1.000000,120.0905
telstar401,15,SAM,8.723243,1.42244563e-03,1.000000,86.1947
telstar401,15,SAM,9.617249,1.42244563e-03,1.000000,121.8518
telstar401,15,SAM,10.602877,1.42244563e-03,1.000000,36.6412
telstar401,15,SAM,11.689518,1.42244563e-03,1.000000,20.9613
telstar401,15,SAM,12.887524,1.42244563e-03,1.000000,76.4091
telstar401,15,SAM,14.208308,1.42244563e-03,1.000000,133.8216
telstar401,15,SAM,15.664454,1.42244563e-03,1.000000,56.2136
telstar401,15,SAM,17.269833,1.42244563e-03,1.000000,106.7989
telstar401,15,SAM,19.039740,1.42244563e-03,1.000000,89.6785
telstar401,15,SAM,20.991037,1.42244563e-03,1.000000,133.0006
telstar401,15,SAM,23.142314,1.42244563e-03,1.000000,149.1503
telstar401,15,SAM,25.514065,1.42244563e-03,1.000000,62.8785
telstar401,15,SAM,28.128887,1.42244563e-03,1.000000,76.6096
telstar401,15,SAM,31.011689,1.42244563e-03,1.000000,130.7868
telstar401,15,SAM,34.189937,1.42244563e-03,1.000000,104.4079
telstar401,15,SAM,37.693910,1.42244563e-03,1.000000,21.9533
telstar401,15,SAM,41.556988,1.42244563e-03,1.000000,55.5245
telstar401,15,SAM,45.815977,1.42244563e-03,1.000000,58.9861
telstar401,15,SAM,50.511449,1.42244563e-03,1.000000,112.8324
telstar401,15,SAM,55.688140,1.42244563e-03,1.000000,20.7211
telstar401,15,SAM,61.395366,1.42244563e-03,1.000000,63.0772
telstar401,15,SAM,67.687500,1.42244563e-03,1.000000,20.7502
telstar401,15,SAM,74.624487,1.42244563e-03,1.000000,38.8363
telstar401,15,SAM,82.272413,1.42244563e-03,1.000000,93.2247
telstar401,15,SAM,90.704142,1.42244563e-03,1.000000,104.7778
telstar401,15,SAM,100.000000,1.42244563e-03,1.000000,44.1097
telstar401,16,SAM,0.000000,2.23832861e-03,0.973408,16.5685
telstar401,16,SAM,0.001000,2.23777547e-03,0.973648,16.6674
telstar401,16,SAM,0.001102,2.23771906e-03,0.973673,16.6776
telstar401,16,SAM,0.001215,2.23765693e-03,0.973700,16.6888
telstar401,16,SAM,0.001340,2.23758851e-03,0.973730,16.7012
telstar401,16,SAM,0.001477,2.23751317e-03,0.973762,16.7148
telstar401,16,SAM,0.001629,2.23743021e-03,0.973799,16.7299
telstar401,16,SAM,0.001796,2.23733889e-03,0.973838,16.7465
telstar401,16,SAM,0.001980,2.23723836e-03,0.973882,16.7649
telstar401,16,SAM,0.002183,2.23712772e-03,0.973930,16.7851
telstar401,16,SAM,0.002406,2.23700598e-03,0.973983,16.8075
telstar401,16,SAM,0.002653,2.23687206e-03,0.974042,16.8322
telstar401,16,SAM,0.002925,2.23672475e-03,0.974106,16.8594
telstar401,16,SAM,0.003225,2.23656276e-03,0.974176,16.8895
telstar401,16,SAM,0.003555,2.23638468e-03,0.974254,16.9228
telstar401,16,SAM,0.003919,2.23618897e-03,0.974339,16.9595
telstar401,16,SAM,0.004321,2.23597395e-03,0.974433,17.0000
telstar401,16,SAM,0.004764,2.23573780e-03,0.974536,17.0448
telstar401,16,SAM,0.005252,2.23547854e-03,0.974649,17.0944
telstar401,16,SAM,0.005790,2.23519404e-03,0.974773,17.1491
telstar401,16,SAM,0.006384,2.23488199e-03,0.974909,17.2097
telstar401,16,SAM,0.007038,2.23453991e-03,0.975058,17.2766
telstar401,16,SAM,0.007759,2.23416511e-03,0.975222,17.3507
telstar401,16,SAM,0.008555,2.23375474e-03,0.975401,17.4327
telstar401,16,SAM,0.009431,2.23330574e-03,0.975597,17.5235
telstar401,16,SAM,0.010398,2.23281486e-03,0.975811,17.6241
telstar401,16,SAM,0.011464,2.23227864e-03,0.976046,17.7354
telstar401,16,SAM,0.012638,2.23169348e-03,0.976302,17.8589
telstar401,16,SAM,0.013934,2.23105556e-03,0.976581,17.9957
telstar401,16,SAM,0.015362,2.23036095e-03,0.976885,18.1475
telstar401,16,SAM,0.016936,2.22960557e-03,0.977216,18.3159
telstar401,16,SAM,0.018672,2.22878526e-03,0.977576,18.5029
telstar401,16,SAM,0.020585,2.22789586e-03,0.977966,18.7104
telstar401,16,SAM,0.022695,2.22693318e-03,0.978389,18.9411
telstar401,16,SAM,0.025021,2.22589320e-03,0.978846,19.1973
telstar401,16,SAM,0.027585,2.22477206e-03,0.979339,19.4822
telstar401,16,SAM,0.030412,2.22356624e-03,0.979870,19.7990
telstar401,16,SAM,0.033529,2.22227268e-03,0.980441,20.1514
telstar401,16,SAM,0.036966,2.22088894e-03,0.981051,20.5434
telstar401,16,SAM,0.040754,2.21941336e-03,0.981704,20.9795
telstar401,16,SAM,0.044931,2.21784531e-03,0.982398,21.4646
telstar401,16,SAM,0.049535,2.21618538e-03,0.983134,22.0040
telstar401,16,SAM,0.054612,2.21443560e-03,0.983910,22.6035
telstar401,16,SAM,0.060209,2.21259974e-03,0.984727,23.2694
telstar401,16,SAM,0.066379,2.21068352e-03,0.985580,24.0082
telstar401,16,SAM,0.073182,2.20869483e-03,0.986468,24.8267
telstar401,16,SAM,0.080683,2.20664394e-03,0.987385,25.7317
telstar401,16,SAM,0.088951,2.20454363e-03,0.988325,26.7298
telstar401,16,SAM,0.098068,2.20240926e-03,0.989283,27.8269
telstar401,16,SAM,0.108118,2.20025870e-03,0.990250,29.0280
telstar401,16,SAM,0.119199,2.19811213e-03,0.991217,30.3357
telstar401,16,SAM,0.131415,2.19599173e-03,0.992174,31.7500
telstar401,16,SAM,0.144883,2.19392109e-03,0.993111,33.2662
telstar401,16,SAM,0.159731,2.19192449e-03,0.994015,34.8737
telstar401,16,SAM,0.176101,2.19002603e-03,0.994877,36.5533
telstar401,16,SAM,0.194149,2.18824850e-03,0.995685,38.2750
telstar401,16,SAM,0.214047,2.18661225e-03,0.996430,39.9952
telstar401,16,SAM,0.235983,2.18513403e-03,0.997104,41.6537
telstar401,16,SAM,0.260168,2.18382586e-03,0.997701,43.1733
telstar401,16,SAM,0.286832,2.18269423e-03,0.998219,44.4614
telstar401,16,SAM,0.316228,2.18173953e-03,0.998656,45.4184
telstar401,16,SAM,0.348637,2.18095603e-03,0.999014,45.9572
telstar401,16,SAM,0.384367,2.18033228e-03,0.999300,46.0409
telstar401,16,SAM,0.423759,2.17985203e-03,0.999520,45.7422
telstar401,16,SAM,0.467188,2.17949566e-03,0.999684,45.3234
telstar401,16,SAM,0.515068,2.17924171e-03,0.999800,45.2996
telstar401,16,SAM,0.567855,2.17906866e-03,0.999880,46.3881
telstar401,16,SAM,0.626052,2.17895638e-03,0.999931,49.2163
telstar401,16,SAM,0.690213,2.17888739e-03,0.999963,53.8559
telstar401,16,SAM,0.760950,2.17884744e-03,0.999981,59.5713
telstar401,16,SAM,0.838936,2.17882577e-03,0.999991,65.1051
telstar401,16,SAM,0.924915,2.17881485e-03,0.999996,69.5532
telstar401,16,SAM,1.019705,2.17880976e-03,0.999998,73.5717
telstar401,16,SAM,1.124210,2.17880759e-03,0.999999,79.5201
telstar401,16,SAM,1.239425,2.17880675e-03,1.000000,88.5597
telstar401,16,SAM,1.366448,2.17880645e-03,1.000000,97.0693
telstar401,16,SAM,1.506489,2.17880636e-03,1.000000,100.2910
telstar401,16,SAM,1.660883,2.17880634e-03,1.000000,103.5157
telstar401,16,SAM,1.831099,2.17880633e-03,1.000000,115.8975
telstar401,16,SAM,2.018760,2.17880633e-03,1.000000,128.5619
telstar401,16,SAM,2.225654,2.17880633e-03,1.000000,137.9863
telstar401,16,SAM,2.453751,2.17880633e-03,1.000000,154.6768
telstar401,16,SAM,2.705225,2.17880633e-03,1.000000,147.7012
telstar401,16,SAM,2.982471,2.17880633e-03,1.000000,170.3291
telstar401,16,SAM,3.288131,2.17880633e-03,1.000000,154.4404
telstar401,16,SAM,3.625117,2.17880633e-03,1.000000,137.8416
telstar401,16,SAM,3.996639,2.17880633e-03,1.000000,120.8380
telstar401,16,SAM,4.406236,2.17880633e-03,1.000000,97.5693
telstar401,16,SAM,4.857812,2.17880633e-03,1.000000,69.9605
telstar401,16,SAM,5.355667,2.17880633e-03,1.000000,49.5892
telstar401,16,SAM,5.904545,2.17880633e-03,1.000000,14.4186
telstar401,16,SAM,6.509675,2.17880633e-03,1.000000,18.5581
telstar401,16,SAM,7.176822,2.17880633e-03,1.000000,58.9629
telstar401,16,SAM,7.912343,2.17880633e-03,1.000000,96.4384
telstar401,16,SAM,8.723243,2.17880633e-03,1.000000,130.8922
telstar401,16,SAM,9.617249,2.17880633e-03,1.000000,156.4426
telstar401,16,SAM,10.602877,2.17880633e-03,1.000000,114.4097
telstar401,16,SAM,11.689518,2.17880633e-03,1.000000,56.3524
telstar401,16,SAM,12.887524,2.17880633e-03,1.000000,16.2420
telstar401,16,SAM,14.208308,2.17880633e-03,1.000000,86.8676
telstar401,16,SAM,15.664454,2.17880633e-03,1.000000,148.8414
telstar401,16,SAM,17.269833,2.17880633e-03,1.000000,105.9453
telstar401,16,SAM,19.039740,2.17880633e-03,1.000000,14.7570
telstar401,16,SAM,20.991037,2.17880633e-03,1.000000,101.2402
telstar401,16,SAM,23.142314,2.17880633e-03,1.000000,141.1972
telstar401,16,SAM,25.514065,2.17880633e-03,1.000000,9.5656
telstar401,16,SAM,28.128887,2.17880633e-03,1.000000,134.5154
telstar401,16,SAM,31.011689,2.17880633e-03,1.000000,63.8523
telstar401,16,SAM,34.189937,2.17880633e-03,1.000000,112.3417
telstar401,16,SAM,37.693910,2.17880633e-03,1.000000,54.3464
telstar401,16,SAM,41.556988,2.17880633e-03,1.000000,155.3524
telstar401,16,SAM,45.815977,2.17880633e-03,1.000000,41.1284
telstar401,16,SAM,50.511449,2.17880633e-03,1.000000,62.0396
telstar401,16,SAM,55.688140,2.17880633e-03,1.000000,128.7525
telstar401,16,SAM,61.395366,2.17880633e-03,1.000000,171.5140
telstar401,16,SAM,67.687500,2.17880633e-03,1.000000,149.7788
telstar401,16,SAM,74.624487,2.17880633e-03,1.000000,153.6526
telstar401,16,SAM,82.272413,2.17880633e-03,1.000000,101.4555
telstar401,16,SAM,90.704142,2.17880633e-03,1.000000,16.7211
telstar401,16,SAM,100.000000,2.17880633e-03,1.000000,161.5456
telstar401,17,LAM,0.000000,2.00076967e-03,0.628125,35.4915
telstar401,17,LAM,0.001000,1.99613636e-03,0.629583,35.2577
telstar401,17,LAM,0.001102,1.99566274e-03,0.629733,35.2339
telstar401,17,LAM,0.001215,1.99514083e-03,0.629897,35.2078
telstar401,17,LAM,0.001340,1.99456576e-03,0.630079,35.1789
telstar401,17,LAM,0.001477,1.99393214e-03,0.630279,35.1472
telstar401,17,LAM,0.001629,1.99323405e-03,0.630500,35.1123
telstar401,17,LAM,0.001796,1.99246500e-03,0.630743,35.0739
telstar401,17,LAM,0.001980,1.99161783e-03,0.631012,35.0316
telstar401,17,LAM,0.002183,1.99068469e-03,0.631307,34.9852
telstar401,17,LAM,0.002406,1.98965695e-03,0.631634,34.9341
telstar401,17,LAM,0.002653,1.98852515e-03,0.631993,34.8779
telstar401,17,LAM,0.002925,1.98727888e-03,0.632389,34.8163
telstar401,17,LAM,0.003225,1.98590676e-03,0.632826,34.7485
telstar401,17,LAM,0.003555,1.98439628e-03,0.633308,34.6742
telstar401,17,LAM,0.003919,1.98273376e-03,0.633839,34.5926
telstar401,17,LAM,0.004321,1.98090422e-03,0.634424,34.5031
telstar401,17,LAM,0.004764,1.97889127e-03,0.635070,34.4050
telstar401,17,LAM,0.005252,1.97667700e-03,0.635781,34.2975
telstar401,17,LAM,0.005790,1.97424188e-03,0.636565,34.1798
telstar401,17,LAM,0.006384,1.97156458e-03,0.637430,34.0511
telstar401,17,LAM,0.007038,1.96862189e-03,0.638383,33.9105
telstar401,17,LAM,0.007759,1.96538858e-03,0.639433,33.7570
telstar401,17,LAM,0.008555,1.96183727e-03,0.640590,33.5895
telstar401,17,LAM,0.009431,1.95793827e-03,0.641866,33.4071
telstar401,17,LAM,0.010398,1.95365953e-03,0.643272,33.2087
telstar401,17,LAM,0.011464,1.94896645e-03,0.644821,32.9932
telstar401,17,LAM,0.012638,1.94382188e-03,0.646527,32.7597
telstar401,17,LAM,0.013934,1.93818601e-03,0.648407,32.5071
telstar401,17,LAM,0.015362,1.93201638e-03,0.650478,32.2344
telstar401,17,LAM,0.016936,1.92526790e-03,0.652758,31.9409
telstar401,17,LAM,0.018672,1.91789298e-03,0.655268,31.6260
telstar401,17,LAM,0.020585,1.90984174e-03,0.658031,31.2893
telstar401,17,LAM,0.022695,1.90106231e-03,0.661069,30.9309
telstar401,17,LAM,0.025021,1.89150131e-03,0.664411,30.5511
telstar401,17,LAM,0.027585,1.88110451e-03,0.668083,30.1510
telstar401,17,LAM,0.030412,1.86981772e-03,0.672116,29.7324
telstar401,17,LAM,0.033529,1.85758796e-03,0.676541,29.2981
telstar401,17,LAM,0.036966,1.84436490e-03,0.681391,28.8519
telstar401,17,LAM,0.040754,1.83010283e-03,0.686701,28.3991
telstar401,17,LAM,0.044931,1.81476288e-03,0.692506,27.9465
telstar401,17,LAM,0.049535,1.79831597e-03,0.698839,27.5031
telstar401,17,LAM,0.054612,1.78074609e-03,0.705735,27.0796
telstar401,17,LAM,0.060209,1.76205433e-03,0.713221,26.6889
telstar401,17,LAM,0.066379,1.74226342e-03,0.721323,26.3462
telstar401,17,LAM,0.073182,1.72142276e-03,0.730055,26.0683
telstar401,17,LAM,0.080683,1.69961393e-03,0.739423,25.8729
telstar401,17,LAM,0.088951,1.67695644e-03,0.749414,25.7779
telstar401,17,LAM,0.098068,1.65361346e-03,0.759993,25.7990
telstar401,17,LAM,0.108118,1.62979734e-03,0.771098,25.9480
telstar401,17,LAM,0.119199,1.60577491e-03,0.782634,26.2302
telstar401,17,LAM,0.131415,1.58187280e-03,0.794460,26.6411
telstar401,17,LAM,0.144883,1.55848512e-03,0.806382,27.1644
telstar401,17,LAM,0.159731,1.53609006e-03,0.818138,27.7687
telstar401,17,LAM,0.176101,1.51530026e-03,0.829363,28.4060
telstar401,17,LAM,0.194149,1.49707721e-03,0.839458,29.0090
telstar401,17,LAM,0.214047,1.48332343e-03,0.847242,29.4963
telstar401,17,LAM,0.235983,1.46559495e-03,0.857491,29.8522
telstar401,17,LAM,0.260168,1.44466198e-03,0.869916,29.8668
telstar401,17,LAM,0.286832,1.42195502e-03,0.883807,29.2962
telstar401,17,LAM,0.316228,1.39850087e-03,0.898629,27.8862
telstar401,17,LAM,0.348637,1.37523298e-03,0.913834,25.4136
telstar401,17,LAM,0.384367,1.35301207e-03,0.928842,21.8006
telstar401,17,LAM,0.423759,1.33258513e-03,0.943080,17.4395
telstar401,17,LAM,0.467188,1.31453060e-03,0.956033,14.1538
telstar401,17,LAM,0.515068,1.29921337e-03,0.967304,15.8262
telstar401,17,LAM,0.567855,1.28676459e-03,0.976662,22.9306
telstar401,17,LAM,0.626052,1.27709330e-03,0.984058,32.0879
telstar401,17,LAM,0.690213,1.26992804e-03,0.989611,40.8522
telstar401,17,LAM,0.760950,1.26487865e-03,0.993561,48.4303
telstar401,17,LAM,0.838936,1.26150408e-03,0.996219,56.6153
telstar401,17,LAM,0.924915,1.25937268e-03,0.997905,69.1452
telstar401,17,LAM,1.019705,1.25810563e-03,0.998910,87.0410
telstar401,17,LAM,1.124210,1.25740014e-03,0.999470,105.5815
telstar401,17,LAM,1.239425,1.25703429e-03,0.999761,119.8203
telstar401,17,LAM,1.366448,1.25685876e-03,0.999901,135.9667
telstar401,17,LAM,1.506489,1.25678141e-03,0.999962,158.8903
telstar401,17,LAM,1.660883,1.25675037e-03,0.999987,153.2234
telstar401,17,LAM,1.831099,1.25673913e-03,0.999996,142.1244
telstar401,17,LAM,2.018760,1.25673549e-03,0.999999,121.6118
telstar401,17,LAM,2.225654,1.25673445e-03,1.000000,92.3799
telstar401,17,LAM,2.453751,1.25673420e-03,1.000000,58.5447
telstar401,17,LAM,2.705225,1.25673414e-03,1.000000,22.4053
telstar401,17,LAM,2.982471,1.25673413e-03,1.000000,24.2670
telstar401,17,LAM,3.288131,1.25673413e-03,1.000000,74.2146
telstar401,17,LAM,3.625117,1.25673413e-03,1.000000,120.7931
telstar401,17,LAM,3.996639,1.25673413e-03,1.000000,172.9265
telstar401,17,LAM,4.406236,1.25673413e-03,1.000000,121.7062
telstar401,17,LAM,4.857812,1.25673413e-03,1.000000,52.4991
telstar401,17,LAM,5.355667,1.25673413e-03,1.000000,33.6684
telstar401,17,LAM,5.904545,1.25673413e-03,1.000000,104.7555
telstar401,17,LAM,6.509675,1.25673413e-03,1.000000,157.2223
telstar401,17,LAM,7.176822,1.25673413e-03,1.000000,60.8287
telstar401,17,LAM,7.912343,1.25673413e-03,1.000000,51.9046
telstar401,17,LAM,8.723243,1.25673413e-03,1.000000,150.4080
telstar401,17,LAM,9.617249,1.25673413e-03,1.000000,43.7240
telstar401,17,LAM,10.602877,1.25673413e-03,1.000000,103.9827
telstar401,17,LAM,11.689518,1.25673413e-03,1.000000,86.7880
telstar401,17,LAM,12.887524,1.25673413e-03,1.000000,87.3446
telstar401,17,LAM,14.208308,1.25673413e-03,1.000000,71.0969
telstar401,17,LAM,15.664454,1.25673413e-03,1.000000,144.5803
telstar401,17,LAM,17.269833,1.25673413e-03,1.000000,47.1260
telstar401,17,LAM,19.039740,1.25673413e-03,1.000000,52.8445
telstar401,17,LAM,20.991037,1.25673413e-03,1.000000,115.7418
telstar401,17,LAM,23.142314,1.25673413e-03,1.000000,145.0066
telstar401,17,LAM,25.514065,1.25673413e-03,1.000000,146.2886
telstar401,17,LAM,28.128887,1.25673413e-03,1.000000,108.5561
telstar401,17,LAM,31.011689,1.25673413e-03,1.000000,32.0351
telstar401,17,LAM,34.189937,1.25673413e-03,1.000000,95.9690
telstar401,17,LAM,37.693910,1.25673413e-03,1.000000,90.5031
telstar401,17,LAM,41.556988,1.25673413e-03,1.000000,132.3139
telstar401,17,LAM,45.815977,1.25673413e-03,1.000000,58.7497
telstar401,17,LAM,50.511449,1.25673413e-03,1.000000,55.4978
telstar401,17,LAM,55.688140,1.25673413e-03,1.000000,118.7384
telstar401,17,LAM,61.395366,1.25673413e-03,1.000000,92.9910
telstar401,17,LAM,67.687500,1.25673413e-03,1.000000,139.2938
telstar401,17,LAM,74.624487,1.25673413e-03,1.000000,121.8390
telstar401,17,LAM,82.272413,1.25673413e-03,1.000000,149.7642
telstar401,17,LAM,90.704142,1.25673413e-03,1.000000,51.6224
telstar401,17,LAM,100.000000,1.25673413e-03,1.000000,24.6174
telstar401,18,LAM,0.000000,2.18497286e-03,0.368335,38.8776
telstar401,18,LAM,0.001000,2.18427377e-03,0.368453,38.1244
telstar401,18,LAM,0.001102,2.18420198e-03,0.368465,38.0835
telstar401,18,LAM,0.001215,2.18412282e-03,0.368479,38.0464
telstar401,18,LAM,0.001340,2.18403550e-03,0.368493,38.0152
telstar401,18,LAM,0.001477,2.18393919e-03,0.368510,37.9926
telstar401,18,LAM,0.001629,2.18383295e-03,0.368527,37.9821
telstar401,18,LAM,0.001796,2.18371577e-03,0.368547,37.9880
telstar401,18,LAM,0.001980,2.18358650e-03,0.368569,38.0158
telstar401,18,LAM,0.002183,2.18344388e-03,0.368593,38.0722
telstar401,18,LAM,0.002406,2.18328653e-03,0.368620,38.1656
telstar401,18,LAM,0.002653,2.18311292e-03,0.368649,38.3062
telstar401,18,LAM,0.002925,2.18292134e-03,0.368681,38.5065
telstar401,18,LAM,0.003225,2.18270992e-03,0.368717,38.7813
telstar401,18,LAM,0.003555,2.18247658e-03,0.368756,39.1485
telstar401,18,LAM,0.003919,2.18221902e-03,0.368800,39.6292
telstar401,18,LAM,0.004321,2.18193469e-03,0.368848,40.2479
telstar401,18,LAM,0.004764,2.18162077e-03,0.368901,41.0328
telstar401,18,LAM,0.005252,2.18127412e-03,0.368960,42.0158
telstar401,18,LAM,0.005790,2.18089128e-03,0.369025,43.2324
telstar401,18,LAM,0.006384,2.18046837e-03,0.369096,44.7213
telstar401,18,LAM,0.007038,2.18000113e-03,0.369175,46.5241
telstar401,18,LAM,0.007759,2.17948480e-03,0.369263,48.6849
telstar401,18,LAM,0.008555,2.17891407e-03,0.369359,51.2493
telstar401,18,LAM,0.009431,2.17828305e-03,0.369466,54.2641
telstar401,18,LAM,0.010398,2.17758517e-03,0.369585,57.7768
telstar401,18,LAM,0.011464,2.17681311e-03,0.369716,61.8352
telstar401,18,LAM,0.012638,2.17595867e-03,0.369861,66.4870
telstar401,18,LAM,0.013934,2.17501271e-03,0.370022,71.7792
telstar401,18,LAM,0.015362,2.17396498e-03,0.370200,77.7572
telstar401,18,LAM,0.016936,2.17280400e-03,0.370398,84.4623
telstar401,18,LAM,0.018672,2.17151686e-03,0.370618,91.9275
telstar401,18,LAM,0.020585,2.17008907e-03,0.370861,100.1683
telstar401,18,LAM,0.022695,2.16850428e-03,0.371132,109.1626
telstar401,18,LAM,0.025021,2.16674404e-03,0.371434,118.8060
telstar401,18,LAM,0.027585,2.16478751e-03,0.371770,128.8026
telstar401,18,LAM,0.030412,2.16261103e-03,0.372144,138.3803
telstar401,18,LAM,0.033529,2.16018776e-03,0.372561,145.6116
telstar401,18,LAM,0.036966,2.15748710e-03,0.373028,146.8428
telstar401,18,LAM,0.040754,2.15447417e-03,0.373549,139.5876
telstar401,18,LAM,0.044931,2.15110899e-03,0.374134,125.6531
telstar401,18,LAM,0.049535,2.14734573e-03,0.374789,107.6703
telstar401,18,LAM,0.054612,2.14313160e-03,0.375526,87.3909
telstar401,18,LAM,0.060209,2.13840568e-03,0.376356,66.7901
telstar401,18,LAM,0.066379,2.13309746e-03,0.377293,50.6372
telstar401,18,LAM,0.073182,2.12712503e-03,0.378352,49.7851
telstar401,18,LAM,0.080683,2.12039299e-03,0.379553,69.2047
telstar401,18,LAM,0.088951,2.11278996e-03,0.380919,100.4523
telstar401,18,LAM,0.098068,2.10418542e-03,0.382477,136.2976
telstar401,18,LAM,0.108118,2.09442620e-03,0.384259,155.5463
telstar401,18,LAM,0.119199,2.08333207e-03,0.386305,121.3330
telstar401,18,LAM,0.131415,2.07069067e-03,0.388664,78.0550
telstar401,18,LAM,0.144883,2.05625166e-03,0.391393,56.1631
telstar401,18,LAM,0.159731,2.03972002e-03,0.394565,88.8996
telstar401,18,LAM,0.176101,2.02074879e-03,0.398269,146.3150
telstar401,18,LAM,0.194149,1.99893166e-03,0.402616,138.0788
telstar401,18,LAM,0.214047,1.97379622e-03,0.407743,76.7332
telstar401,18,LAM,0.235983,1.94479964e-03,0.413823,71.3615
telstar401,18,LAM,0.260168,1.91132930e-03,0.421069,137.7761
telstar401,18,LAM,0.286832,1.87271299e-03,0.429752,134.2031
telstar401,18,LAM,0.316228,1.82824500e-03,0.440205,65.1871
telstar401,18,LAM,0.348637,1.77723731e-03,0.452839,87.2169
telstar401,18,LAM,0.384367,1.71910679e-03,0.468151,155.3819
telstar401,18,LAM,0.423759,1.65350849e-03,0.486724,103.9428
telstar401,18,LAM,0.467188,1.58051866e-03,0.509201,45.3683
telstar401,18,LAM,0.515068,1.50085305e-03,0.536230,58.0566
telstar401,18,LAM,0.567855,1.41607526e-03,0.568333,90.3078
telstar401,18,LAM,0.626052,1.32871181e-03,0.605701,101.9032
telstar401,18,LAM,0.690213,1.24216774e-03,0.647902,92.3846
telstar401,18,LAM,0.760950,1.16036815e-03,0.693575,57.8651
telstar401,18,LAM,0.838936,1.08716221e-03,0.740278,25.0289
telstar401,18,LAM,0.924915,1.02569961e-03,0.784638,125.0875
telstar401,18,LAM,1.019705,9.78225442e-04,0.822717,50.8817
telstar401,18,LAM,1.124210,9.48121310e-04,0.848839,156.8083
telstar401,18,LAM,1.239425,9.15111478e-04,0.879458,94.2165
telstar401,18,LAM,1.366448,8.80750893e-04,0.913768,88.3056
telstar401,18,LAM,1.506489,8.52043175e-04,0.944556,140.4383
telstar401,18,LAM,1.660883,8.31468597e-04,0.967929,18.0444
telstar401,18,LAM,1.831099,8.18519428e-04,0.983242,74.5329
telstar401,18,LAM,2.018760,8.11249644e-04,0.992053,82.0806
telstar401,18,LAM,2.225654,8.07571067e-04,0.996572,62.4724
telstar401,18,LAM,2.453751,8.05885231e-04,0.998656,145.7785
telstar401,18,LAM,2.705225,8.05185777e-04,0.999524,95.4317
telstar401,18,LAM,2.982471,8.04924258e-04,0.999849,123.5326
telstar401,18,LAM,3.288131,8.04836822e-04,0.999957,101.9397
telstar401,18,LAM,3.625117,8.04810942e-04,0.999989,125.8300
telstar401,18,LAM,3.996639,8.04804240e-04,0.999998,131.6219
telstar401,18,LAM,4.406236,8.04802741e-04,1.000000,62.7090
telstar401,18,LAM,4.857812,8.04802456e-04,1.000000,37.1452
telstar401,18,LAM,5.355667,8.04802410e-04,1.000000,142.4057
telstar401,18,LAM,5.904545,8.04802404e-04,1.000000,103.7871
telstar401,18,LAM,6.509675,8.04802404e-04,1.000000,120.2255
telstar401,18,LAM,7.176822,8.04802404e-04,1.000000,104.8884
telstar401,18,LAM,7.912343,8.04802404e-04,1.000000,51.9786
telstar401,18,LAM,8.723243,8.04802404e-04,1.000000,54.1073
telstar401,18,LAM,9.617249,8.04802404e-04,1.000000,90.5180
telstar401,18,LAM,10.602877,8.04802404e-04,1.000000,117.1620
telstar401,18,LAM,11.689518,8.04802404e-04,1.000000,109.2039
telstar401,18,LAM,12.887524,8.04802404e-04,1.000000,54.8082
telstar401,18,LAM,14.208308,8.04802404e-04,1.000000,158.2260
telstar401,18,LAM,15.664454,8.04802404e-04,1.000000,120.3299
telstar401,18,LAM,17.269833,8.04802404e-04,1.000000,111.9205
telstar401,18,LAM,19.039740,8.04802404e-04,1.000000,67.6788
telstar401,18,LAM,20.991037,8.04802404e-04,1.000000,129.9406
telstar401,18,LAM,23.142314,8.04802404e-04,1.000000,84.5844
telstar401,18,LAM,25.514065,8.04802404e-04,1.000000,126.9955
telstar401,18,LAM,28.128887,8.04802404e-04,1.000000,113.7782
telstar401,18,LAM,31.011689,8.04802404e-04,1.000000,64.0660
telstar401,18,LAM,34.189937,8.04802404e-04,1.000000,111.6821
telstar401,18,LAM,37.693910,8.04802404e-04,1.000000,15.9072
telstar401,18,LAM,41.556988,8.04802404e-04,1.000000,99.2887
telstar401,18,LAM,45.815977,8.04802404e-04,1.000000,74.8306
telstar401,18,LAM,50.511449,8.04802404e-04,1.000000,114.6462
telstar401,18,LAM,55.688140,8.04802404e-04,1.000000,42.5204
telstar401,18,LAM,61.395366,8.04802404e-04,1.000000,56.2113
telstar401,18,LAM,67.687500,8.04802404e-04,1.000000,120.5086
telstar401,18,LAM,74.624487,8.04802404e-04,1.000000,52.6088
telstar401,18,LAM,82.272413,8.04802404e-04,1.000000,127.3071
telstar401,18,LAM,90.704142,8.04802404e-04,1.000000,46.5271
telstar401,18,LAM,100.000000,8.04802404e-04,1.000000,132.3691
telstar401,19,SAM,0.000000,1.26955086e-03,0.944212,83.4034
telstar401,19,SAM,0.001000,1.26913367e-03,0.944523,81.2472
telstar401,19,SAM,0.001102,1.26909104e-03,0.944554,81.0263
telstar401,19,SAM,0.001215,1.26904406e-03,0.944589,80.7828
telstar401,19,SAM,0.001340,1.26899230e-03,0.944628,80.5144
telstar401,19,SAM,0.001477,1.26893527e-03,0.944670,80.2185
telstar401,19,SAM,0.001629,1.26887245e-03,0.944717,79.8923
telstar401,19,SAM,0.001796,1.26880324e-03,0.944769,79.5327
telstar401,19,SAM,0.001980,1.26872701e-03,0.944825,79.1363
telstar401,19,SAM,0.002183,1.26864305e-03,0.944888,78.6995
telstar401,19,SAM,0.002406,1.26855059e-03,0.944957,78.2179
telstar401,19,SAM,0.002653,1.26844877e-03,0.945033,77.6872
telstar401,19,SAM,0.002925,1.26833667e-03,0.945116,77.1023
telstar401,19,SAM,0.003225,1.26821326e-03,0.945208,76.4577
telstar401,19,SAM,0.003555,1.26807743e-03,0.945309,75.7474
telstar401,19,SAM,0.003919,1.26792794e-03,0.945421,74.9648
telstar401,19,SAM,0.004321,1.26776346e-03,0.945543,74.1027
telstar401,19,SAM,0.004764,1.26758252e-03,0.945678,73.1530
telstar401,19,SAM,0.005252,1.26738351e-03,0.945827,72.1071
telstar401,19,SAM,0.005790,1.26716470e-03,0.945990,70.9555
telstar401,19,SAM,0.006384,1.26692416e-03,0.946170,69.6879
telstar401,19,SAM,0.007038,1.26665982e-03,0.946367,68.2932
telstar401,19,SAM,0.007759,1.26636944e-03,0.946584,66.7592
telstar401,19,SAM,0.008555,1.26605055e-03,0.946823,65.0730
telstar401,19,SAM,0.009431,1.26570051e-03,0.947085,63.2210
telstar401,19,SAM,0.010398,1.26531645e-03,0.947372,61.1889
telstar401,19,SAM,0.011464,1.26489527e-03,0.947687,58.9619
telstar401,19,SAM,0.012638,1.26443365e-03,0.948033,56.5257
telstar401,19,SAM,0.013934,1.26392799e-03,0.948413,53.8671
telstar401,19,SAM,0.015362,1.26337450e-03,0.948828,50.9755
telstar401,19,SAM,0.016936,1.26276909e-03,0.949283,47.8460
telstar401,19,SAM,0.018672,1.26210744e-03,0.949781,44.4840
telstar401,19,SAM,0.020585,1.26138501e-03,0.950325,40.9139
telstar401,19,SAM,0.022695,1.26059701e-03,0.950919,37.1954
telstar401,19,SAM,0.025021,1.25973848e-03,0.951567,33.4534
telstar401,19,SAM,0.027585,1.25880426e-03,0.952273,29.9316
telstar401,19,SAM,0.030412,1.25778913e-03,0.953042,27.0762
telstar401,19,SAM,0.033529,1.25668777e-03,0.953877,25.5988
telstar401,19,SAM,0.036966,1.25549493e-03,0.954783,26.3308
telstar401,19,SAM,0.040754,1.25420548e-03,0.955765,29.7602
telstar401,19,SAM,0.044931,1.25281457e-03,0.956826,35.7764
telstar401,19,SAM,0.049535,1.25131777e-03,0.957970,43.9785
telstar401,19,SAM,0.054612,1.24971127e-03,0.959202,54.0119
telstar401,19,SAM,0.060209,1.24799208e-03,0.960523,65.6425
telstar401,19,SAM,0.066379,1.24615832e-03,0.961937,78.6991
telstar401,19,SAM,0.073182,1.24420947e-03,0.963443,92.9664
telstar401,19,SAM,0.080683,1.24214671e-03,0.965043,107.9889
telstar401,19,SAM,0.088951,1.23997323e-03,0.966735,122.5759
telstar401,19,SAM,0.098068,1.23769462e-03,0.968515,133.5016
telstar401,19,SAM,0.108118,1.23531918e-03,0.970377,134.2509
telstar401,19,SAM,0.119199,1.23285827e-03,0.972314,121.0020
telstar401,19,SAM,0.131415,1.23032654e-03,0.974315,97.4976
telstar401,19,SAM,0.144883,1.22774210e-03,0.976366,67.5525
telstar401,19,SAM,0.159731,1.22512657e-03,0.978450,33.1678
telstar401,19,SAM,0.176101,1.22250489e-03,0.980549,12.4738
telstar401,19,SAM,0.194149,1.21990498e-03,0.982638,51.7351
telstar401,19,SAM,0.214047,1.21735703e-03,0.984695,95.3286
telstar401,19,SAM,0.235983,1.21489264e-03,0.986692,125.5939
telstar401,19,SAM,0.260168,1.21254350e-03,0.988604,103.2771
telstar401,19,SAM,0.286832,1.21033999e-03,0.990404,44.8477
telstar401,19,SAM,0.316228,1.20830953e-03,0.992068,29.1082
telstar401,19,SAM,0.348637,1.20647488e-03,0.993577,104.0011
telstar401,19,SAM,0.384367,1.20485261e-03,0.994915,121.6908
telstar401,19,SAM,0.423759,1.20345186e-03,0.996073,37.8750
telstar401,19,SAM,0.467188,1.20227361e-03,0.997049,82.1042
telstar401,19,SAM,0.515068,1.20131061e-03,0.997848,137.1977
telstar401,19,SAM,0.567855,1.20054799e-03,0.998482,39.8761
telstar401,19,SAM,0.626052,1.19996462e-03,0.998967,155.6698
telstar401,19,SAM,0.690213,1.19953505e-03,0.999325,56.9227
telstar401,19,SAM,0.760950,1.19923167e-03,0.999578,171.0374
telstar401,19,SAM,0.838936,1.19902703e-03,0.999748,58.4000
telstar401,19,SAM,0.924915,1.19889579e-03,0.999858,96.3457
telstar401,19,SAM,1.019705,1.19881617e-03,0.999924,145.0092
telstar401,19,SAM,1.124210,1.19877072e-03,0.999962,86.5193
telstar401,19,SAM,1.239425,1.19874647e-03,0.999982,50.3441
telstar401,19,SAM,1.366448,1.19873444e-03,0.999992,47.7960
telstar401,19,SAM,1.506489,1.19872895e-03,0.999997,77.9845
telstar401,19,SAM,1.660883,1.19872666e-03,0.999999,142.9112
telstar401,19,SAM,1.831099,1.19872579e-03,1.000000,111.8855
telstar401,19,SAM,2.018760,1.19872549e-03,1.000000,56.6564
telstar401,19,SAM,2.225654,1.19872540e-03,1.000000,82.8972
telstar401,19,SAM,2.453751,1.19872538e-03,1.000000,143.0208
telstar401,19,SAM,2.705225,1.19872537e-03,1.000000,152.7560
telstar401,19,SAM,2.982471,1.19872537e-03,1.000000,146.4668
telstar401,19,SAM,3.288131,1.19872537e-03,1.000000,31.2072
telstar401,19,SAM,3.625117,1.19872537e-03,1.000000,165.1658
telstar401,19,SAM,3.996639,1.19872537e-03,1.000000,120.0544
telstar401,19,SAM,4.406236,1.19872537e-03,1.000000,136.8584
telstar401,19,SAM,4.857812,1.19872537e-03,1.000000,49.3673
telstar401,19,SAM,5.355667,1.19872537e-03,1.000000,66.1971
telstar401,19,SAM,5.904545,1.19872537e-03,1.000000,43.7044
telstar401,19,SAM,6.509675,1.19872537e-03,1.000000,118.4444
telstar401,19,SAM,7.176822,1.19872537e-03,1.000000,70.0777
telstar401,19,SAM,7.912343,1.19872537e-03,1.000000,154.3070
telstar401,19,SAM,8.723243,1.19872537e-03,1.000000,125.6163
telstar401,19,SAM,9.617249,1.19872537e-03,1.000000,161.0216
telstar401,19,SAM,10.602877,1.19872537e-03,1.000000,58.5401
telstar401,19,SAM,11.689518,1.19872537e-03,1.000000,165.3160
telstar401,19,SAM,12.887524,1.19872537e-03,1.000000,118.4945
telstar401,19,SAM,14.208308,1.19872537e-03,1.000000,57.1785
telstar401,19,SAM,15.664454,1.19872537e-03,1.000000,50.4686
telstar401,19,SAM,17.269833,1.19872537e-03,1.000000,106.7508
telstar401,19,SAM,19.039740,1.19872537e-03,1.000000,29.4935
telstar401,19,SAM,20.991037,1.19872537e-03,1.000000,35.6088
telstar401,19,SAM,23.142314,1.19872537e-03,1.000000,130.9558
telstar401,19,SAM,25.514065,1.19872537e-03,1.000000,103.2242
telstar401,19,SAM,28.128887,1.19872537e-03,1.000000,66.2929
telstar401,19,SAM,31.011689,1.19872537e-03,1.000000,31.6555
telstar401,19,SAM,34.189937,1.19872537e-03,1.000000,113.8993
telstar401,19,SAM,37.693910,1.19872537e-03,1.000000,119.2233
telstar401,19,SAM,41.556988,1.19872537e-03,1.000000,38.3838
telstar401,19,SAM,45.815977,1.19872537e-03,1.000000,103.5543
telstar401,19,SAM,50.511449,1.19872537e-03,1.000000,69.5699
telstar401,19,SAM,55.688140,1.19872537e-03,1.000000,146.9909
telstar401,19,SAM,61.395366,1.19872537e-03,1.000000,134.4499
telstar401,19,SAM,67.687500,1.19872537e-03,1.000000,82.2289
telstar401,19,SAM,74.624487,1.19872537e-03,1.000000,63.7299
telstar401,19,SAM,82.272413,1.19872537e-03,1.000000,29.8377
telstar401,19,SAM,90.704142,1.19872537e-03,1.000000,115.2576
telstar401,19,SAM,100.000000,1.19872537e-03,1.000000,58.4861
telstar401,20,LAM,0.000000,3.86597528e-04,0.768664,138.1520
telstar401,20,LAM,0.001000,3.86583611e-04,0.768691,138.1718
telstar401,20,LAM,0.001102,3.86582185e-04,0.768694,138.1738
telstar401,20,LAM,0.001215,3.86580613e-04,0.768697,138.1760
telstar401,20,LAM,0.001340,3.86578879e-04,0.768701,138.1785
telstar401,20,LAM,0.001477,3.86576969e-04,0.768705,138.1811
telstar401,20,LAM,0.001629,3.86574862e-04,0.768709,138.1841
telstar401,20,LAM,0.001796,3.86572539e-04,0.768714,138.1873
telstar401,20,LAM,0.001980,3.86569979e-04,0.768719,138.1908
telstar401,20,LAM,0.002183,3.86567156e-04,0.768724,138.1947
telstar401,20,LAM,0.002406,3.86564044e-04,0.768730,138.1990
telstar401,20,LAM,0.002653,3.86560613e-04,0.768737,138.2036
telstar401,20,LAM,0.002925,3.86556831e-04,0.768745,138.2088
telstar401,20,LAM,0.003225,3.86552661e-04,0.768753,138.2144
telstar401,20,LAM,0.003555,3.86548064e-04,0.768762,138.2205
telstar401,20,LAM,0.003919,3.86542997e-04,0.768772,138.2272
telstar401,20,LAM,0.004321,3.86537410e-04,0.768783,138.2346
telstar401,20,LAM,0.004764,3.86531252e-04,0.768796,138.2426
telstar401,20,LAM,0.005252,3.86524462e-04,0.768809,138.2514
telstar401,20,LAM,0.005790,3.86516978e-04,0.768824,138.2609
telstar401,20,LAM,0.006384,3.86508728e-04,0.768840,138.2713
telstar401,20,LAM,0.007038,3.86499633e-04,0.768859,138.2825
telstar401,20,LAM,0.007759,3.86489607e-04,0.768878,138.2947
telstar401,20,LAM,0.008555,3.86478555e-04,0.768900,138.3080
telstar401,20,LAM,0.009431,3.86466372e-04,0.768925,138.3222
telstar401,20,LAM,0.010398,3.86452943e-04,0.768951,138.3376
telstar401,20,LAM,0.011464,3.86438141e-04,0.768981,138.3542
telstar401,20,LAM,0.012638,3.86421824e-04,0.769013,138.3719
telstar401,20,LAM,0.013934,3.86403840e-04,0.769049,138.3909
telstar401,20,LAM,0.015362,3.86384017e-04,0.769089,138.4110
telstar401,20,LAM,0.016936,3.86362168e-04,0.769132,138.4323
telstar401,20,LAM,0.018672,3.86338088e-04,0.769180,138.4548
telstar401,20,LAM,0.020585,3.86311548e-04,0.769233,138.4783
telstar401,20,LAM,0.022695,3.86282299e-04,0.769291,138.5027
telstar401,20,LAM,0.025021,3.86250065e-04,0.769355,138.5278
telstar401,20,LAM,0.027585,3.86214543e-04,0.769426,138.5534
telstar401,20,LAM,0.030412,3.86175400e-04,0.769504,138.5793
telstar401,20,LAM,0.033529,3.86132268e-04,0.769590,138.6049
telstar401,20,LAM,0.036966,3.86084744e-04,0.769685,138.6299
telstar401,20,LAM,0.040754,3.86032383e-04,0.769789,138.6537
telstar401,20,LAM,0.044931,3.85974697e-04,0.769904,138.6757
telstar401,20,LAM,0.049535,3.85911150e-04,0.770031,138.6954
telstar401,20,LAM,0.054612,3.85841152e-04,0.770171,138.7119
telstar401,20,LAM,0.060209,3.85764053e-04,0.770325,138.7248
telstar401,20,LAM,0.066379,3.85679144e-04,0.770494,138.7337
telstar401,20,LAM,0.073182,3.85585642e-04,0.770681,138.7387
telstar401,20,LAM,0.080683,3.85482691e-04,0.770887,138.7403
telstar401,20,LAM,0.088951,3.85369350e-04,0.771114,138.7403
telstar401,20,LAM,0.098068,3.85244591e-04,0.771363,138.7418
telstar401,20,LAM,0.108118,3.85107284e-04,0.771638,138.7503
telstar401,20,LAM,0.119199,3.84956195e-04,0.771941,138.7744
telstar401,20,LAM,0.131415,3.84789973e-04,0.772275,138.8270
telstar401,20,LAM,0.144883,3.84607144e-04,0.772642,138.9268
telstar401,20,LAM,0.159731,3.84406097e-04,0.773046,139.0995
telstar401,20,LAM,0.176101,3.84185077e-04,0.773491,139.3799
telstar401,20,LAM,0.194149,3.83942170e-04,0.773980,139.8126
telstar401,20,LAM,0.214047,3.83675299e-04,0.774518,140.4529
telstar401,20,LAM,0.235983,3.83382205e-04,0.775110,141.3644
telstar401,20,LAM,0.260168,3.83060442e-04,0.775761,142.6138
telstar401,20,LAM,0.286832,3.82707364e-04,0.776477,144.2583
telstar401,20,LAM,0.316228,3.82320116e-04,0.777264,146.3210
telstar401,20,LAM,0.348637,3.81895625e-04,0.778128,148.7475
telstar401,20,LAM,0.384367,3.81430595e-04,0.779076,151.3332
telstar401,20,LAM,0.423759,3.80921499e-04,0.780118,153.6282
telstar401,20,LAM,0.467188,3.80364585e-04,0.781260,154.9079
telstar401,20,LAM,0.515068,3.79755873e-04,0.782512,154.4645
telstar401,20,LAM,0.567855,3.79091172e-04,0.783884,152.2847
telstar401,20,LAM,0.626052,3.78366091e-04,0.785386,149.3991
telstar401,20,LAM,0.690213,3.77576074e-04,0.787030,147.5095
telstar401,20,LAM,0.760950,3.76716434e-04,0.788826,148.3918
telstar401,20,LAM,0.838936,3.75782414e-04,0.790786,153.1109
telstar401,20,LAM,0.924915,3.74769259e-04,0.792924,160.4487
telstar401,20,LAM,1.019705,3.73672320e-04,0.795252,163.5244
telstar401,20,LAM,1.124210,3.72487183e-04,0.797782,157.7986
telstar401,20,LAM,1.239425,3.71209843e-04,0.800527,154.4992
telstar401,20,LAM,1.366448,3.69836922e-04,0.803499,161.2655
telstar401,20,LAM,1.506489,3.68365956e-04,0.806707,165.7643
telstar401,20,LAM,1.660883,3.66795776e-04,0.810161,152.8738
telstar401,20,LAM,1.831099,3.65127002e-04,0.813863,154.1691
telstar401,20,LAM,2.018760,3.63362742e-04,0.817815,162.5222
telstar401,20,LAM,2.225654,3.61509595e-04,0.822007,151.2134
telstar401,20,LAM,2.453751,3.59579250e-04,0.826420,157.8923
telstar401,20,LAM,2.705225,3.57591323e-04,0.831014,142.6004
telstar401,20,LAM,2.982471,3.55579419e-04,0.835716,147.3731
telstar401,20,LAM,3.288131,3.53608659e-04,0.840374,138.4541
telstar401,20,LAM,3.625117,3.51906618e-04,0.844439,132.9764
telstar401,20,LAM,3.996639,3.49949184e-04,0.849162,131.5819
telstar401,20,LAM,4.406236,3.47246959e-04,0.855770,114.0174
telstar401,20,LAM,4.857812,3.43942081e-04,0.863993,81.1403
telstar401,20,LAM,5.355667,3.40085288e-04,0.873791,37.6981
telstar401,20,LAM,5.904545,3.35742467e-04,0.885094,38.0829
telstar401,20,LAM,6.509675,3.31017196e-04,0.897728,132.3247
telstar401,20,LAM,7.176822,3.26058992e-04,0.911380,103.9615
telstar401,20,LAM,7.912343,3.21059478e-04,0.925572,47.5065
telstar401,20,LAM,8.723243,3.16235122e-04,0.939692,113.4138
telstar401,20,LAM,9.617249,3.11798307e-04,0.953063,119.1403
telstar401,20,LAM,10.602877,3.07923598e-04,0.965056,44.5281
telstar401,20,LAM,11.689518,3.04719763e-04,0.975203,24.3847
telstar401,20,LAM,12.887524,3.02217026e-04,0.983279,36.9090
telstar401,20,LAM,14.208308,3.00373002e-04,0.989315,116.1707
telstar401,20,LAM,15.664454,2.99093314e-04,0.993548,104.1500
telstar401,20,LAM,17.269833,2.98258261e-04,0.996330,87.6194
telstar401,20,LAM,19.039740,2.97747028e-04,0.998040,15.5283
telstar401,20,LAM,20.991037,2.97454313e-04,0.999022,49.1902
telstar401,20,LAM,23.142314,2.97298231e-04,0.999547,21.7272
telstar401,20,LAM,25.514065,2.97221143e-04,0.999806,107.2534
telstar401,20,LAM,28.128887,2.97186108e-04,0.999924,49.6375
telstar401,20,LAM,31.011689,2.97171569e-04,0.999973,109.5788
telstar401,20,LAM,34.189937,2.97166107e-04,0.999991,67.2240
telstar401,20,LAM,37.693910,2.97164268e-04,0.999998,93.3098
telstar401,20,LAM,41.556988,2.97163719e-04,0.999999,21.0342
telstar401,20,LAM,45.815977,2.97163576e-04,1.000000,82.4944
telstar401,20,LAM,50.511449,2.97163543e-04,1.000000,54.7260
telstar401,20,LAM,55.688140,2.97163537e-04,1.000000,29.5876
telstar401,20,LAM,61.395366,2.97163536e-04,1.000000,163.8769
telstar401,20,LAM,67.687500,2.97163536e-04,1.000000,98.5384
telstar401,20,LAM,74.624487,2.97163536e-04,1.000000,157.2779
telstar401,20,LAM,82.272413,2.97163536e-04,1.000000,29.0201
telstar401,20,LAM,90.704142,2.97163536e-04,1.000000,114.8574
telstar401,20,LAM,100.000000,2.97163536e-04,1.000000,163.4798
telstar401,21,SAM,0.000000,2.93351415e-03,0.898632,68.7554
telstar401,21,SAM,0.001000,2.93092486e-03,0.899425,68.2511
telstar401,21,SAM,0.001102,2.93066040e-03,0.899507,68.1994
telstar401,21,SAM,0.001215,2.93036904e-03,0.899596,68.1423
telstar401,21,SAM,0.001340,2.93004805e-03,0.899695,68.0795
telstar401,21,SAM,0.001477,2.92969446e-03,0.899803,68.0102
telstar401,21,SAM,0.001629,2.92930497e-03,0.899923,67.9337
telstar401,21,SAM,0.001796,2.92887601e-03,0.900055,67.8494
telstar401,21,SAM,0.001980,2.92840360e-03,0.900200,67.7565
telstar401,21,SAM,0.002183,2.92788340e-03,0.900360,67.6540
telstar401,21,SAM,0.002406,2.92731067e-03,0.900536,67.5410
telstar401,21,SAM,0.002653,2.92668018e-03,0.900730,67.4164
telstar401,21,SAM,0.002925,2.92598622e-03,0.900944,67.2790
telstar401,21,SAM,0.003225,2.92522252e-03,0.901179,67.1275
telstar401,21,SAM,0.003555,2.92438225e-03,0.901438,66.9604
telstar401,21,SAM,0.003919,2.92345792e-03,0.901723,66.7761
telstar401,21,SAM,0.004321,2.92244136e-03,0.902036,66.5729
telstar401,21,SAM,0.004764,2.92132367e-03,0.902381,66.3487
telstar401,21,SAM,0.005252,2.92009514e-03,0.902761,66.1015
telstar401,21,SAM,0.005790,2.91874523e-03,0.903179,65.8288
telstar401,21,SAM,0.006384,2.91726247e-03,0.903638,65.5281
telstar401,21,SAM,0.007038,2.91563445e-03,0.904142,65.1963
telstar401,21,SAM,0.007759,2.91384774e-03,0.904697,64.8303
telstar401,21,SAM,0.008555,2.91188785e-03,0.905306,64.4266
telstar401,21,SAM,0.009431,2.90973919e-03,0.905974,63.9812
telstar401,21,SAM,0.010398,2.90738504e-03,0.906708,63.4899
telstar401,21,SAM,0.011464,2.90480755e-03,0.907512,62.9477
telstar401,21,SAM,0.012638,2.90198773e-03,0.908394,62.3495
telstar401,21,SAM,0.013934,2.89890546e-03,0.909360,61.6893
telstar401,21,SAM,0.015362,2.89553960e-03,0.910417,60.9608
telstar401,21,SAM,0.016936,2.89186805e-03,0.911573,60.1569
telstar401,21,SAM,0.018672,2.88786796e-03,0.912836,59.2696
telstar401,21,SAM,0.020585,2.88351589e-03,0.914213,58.2902
telstar401,21,SAM,0.022695,2.87878814e-03,0.915715,57.2092
telstar401,21,SAM,0.025021,2.87366114e-03,0.917348,56.0159
telstar401,21,SAM,0.027585,2.86811195e-03,0.919123,54.6987
telstar401,21,SAM,0.030412,2.86211885e-03,0.921048,53.2448
telstar401,21,SAM,0.033529,2.85566215e-03,0.923130,51.6399
telstar401,21,SAM,0.036966,2.84872508e-03,0.925378,49.8687
telstar401,21,SAM,0.040754,2.84129484e-03,0.927798,47.9142
telstar401,21,SAM,0.044931,2.83336392e-03,0.930395,45.7581
telstar401,21,SAM,0.049535,2.82493142e-03,0.933173,43.3809
telstar401,21,SAM,0.054612,2.81600464e-03,0.936131,40.7618
telstar401,21,SAM,0.060209,2.80660069e-03,0.939267,37.8797
telstar401,21,SAM,0.066379,2.79674812e-03,0.942576,34.7142
telstar401,21,SAM,0.073182,2.78648853e-03,0.946047,31.2490
telstar401,21,SAM,0.080683,2.77587789e-03,0.949663,27.4775
telstar401,21,SAM,0.088951,2.76498752e-03,0.953403,23.4185
telstar401,21,SAM,0.098068,2.75390455e-03,0.957240,19.1572
telstar401,21,SAM,0.108118,2.74273149e-03,0.961140,14.9678
telstar401,21,SAM,0.119199,2.73158492e-03,0.965062,11.6897
telstar401,21,SAM,0.131415,2.72059298e-03,0.968961,11.2557
telstar401,21,SAM,0.144883,2.70989159e-03,0.972787,14.8946
telstar401,21,SAM,0.159731,2.69961942e-03,0.976489,21.3782
telstar401,21,SAM,0.176101,2.68991178e-03,0.980013,29.5966
telstar401,21,SAM,0.194149,2.68089370e-03,0.983310,39.1554
telstar401,21,SAM,0.214047,2.67267269e-03,0.986334,49.9615
telstar401,21,SAM,0.235983,2.66533196e-03,0.989051,62.0341
telstar401,21,SAM,0.260168,2.65892462e-03,0.991434,75.4395
telstar401,21,SAM,0.286832,2.65346986e-03,0.993472,90.2644
telstar401,21,SAM,0.316228,2.64895153e-03,0.995167,106.5932
telstar401,21,SAM,0.348637,2.64531973e-03,0.996533,124.4618
telstar401,21,SAM,0.384367,2.64249529e-03,0.997598,143.6543
telstar401,21,SAM,0.423759,2.64037694e-03,0.998399,161.9848
telstar401,21,SAM,0.467188,2.63885020e-03,0.998976,160.6083
telstar401,21,SAM,0.515068,2.63779697e-03,0.999375,137.3667
telstar401,21,SAM,0.567855,2.63710454e-03,0.999637,108.9527
telstar401,21,SAM,0.626052,2.63667279e-03,0.999801,77.7375
telstar401,21,SAM,0.690213,2.63641881e-03,0.999897,45.9761
telstar401,21,SAM,0.760950,2.63627869e-03,0.999951,29.5952
telstar401,21,SAM,0.838936,2.63620665e-03,0.999978,57.3118
telstar401,21,SAM,0.924915,2.63617238e-03,0.999991,102.3409
telstar401,21,SAM,1.019705,2.63615742e-03,0.999997,152.3858
telstar401,21,SAM,1.124210,2.63615147e-03,0.999999,141.3131
telstar401,21,SAM,1.239425,2.63614934e-03,1.000000,77.8374
telstar401,21,SAM,1.366448,2.63614866e-03,1.000000,11.8493
telstar401,21,SAM,1.506489,2.63614846e-03,1.000000,75.2620
telstar401,21,SAM,1.660883,2.63614842e-03,1.000000,157.7299
telstar401,21,SAM,1.831099,2.63614841e-03,1.000000,96.8603
telstar401,21,SAM,2.018760,2.63614841e-03,1.000000,10.8361
telstar401,21,SAM,2.225654,2.63614841e-03,1.000000,122.9526
telstar401,21,SAM,2.453751,2.63614841e-03,1.000000,95.9001
telstar401,21,SAM,2.705225,2.63614841e-03,1.000000,52.9799
telstar401,21,SAM,2.982471,2.63614841e-03,1.000000,152.1246
telstar401,21,SAM,3.288131,2.63614841e-03,1.000000,29.3767
telstar401,21,SAM,3.625117,2.63614841e-03,1.000000,143.4447
telstar401,21,SAM,3.996639,2.63614841e-03,1.000000,72.8838
telstar401,21,SAM,4.406236,2.63614841e-03,1.000000,48.4901
telstar401,21,SAM,4.857812,2.63614841e-03,1.000000,146.2974
telstar401,21,SAM,5.355667,2.63614841e-03,1.000000,133.4117
telstar401,21,SAM,5.904545,2.63614841e-03,1.000000,97.2963
telstar401,21,SAM,6.509675,2.63614841e-03,1.000000,83.1088
telstar401,21,SAM,7.176822,2.63614841e-03,1.000000,103.0066
telstar401,21,SAM,7.912343,2.63614841e-03,1.000000,172.0436
telstar401,21,SAM,8.723243,2.63614841e-03,1.000000,83.0550
telstar401,21,SAM,9.617249,2.63614841e-03,1.000000,76.7655
telstar401,21,SAM,10.602877,2.63614841e-03,1.000000,78.3264
telstar401,21,SAM,11.689518,2.63614841e-03,1.000000,160.6467
telstar401,21,SAM,12.887524,2.63614841e-03,1.000000,164.2996
telstar401,21,SAM,14.208308,2.63614841e-03,1.000000,142.0802
telstar401,21,SAM,15.664454,2.63614841e-03,1.000000,42.7169
telstar401,21,SAM,17.269833,2.63614841e-03,1.000000,150.5574
telstar401,21,SAM,19.039740,2.63614841e-03,1.000000,113.8060
telstar401,21,SAM,20.991037,2.63614841e-03,1.000000,161.8923
telstar401,21,SAM,23.142314,2.63614841e-03,1.000000,39.5378
telstar401,21,SAM,25.514065,2.63614841e-03,1.000000,107.5912
telstar401,21,SAM,28.128887,2.63614841e-03,1.000000,40.8353
telstar401,21,SAM,31.011689,2.63614841e-03,1.000000,170.4979
telstar401,21,SAM,34.189937,2.63614841e-03,1.000000,132.8815
telstar401,21,SAM,37.693910,2.63614841e-03,1.000000,84.5380
telstar401,21,SAM,41.556988,2.63614841e-03,1.000000,151.7894
telstar401,21,SAM,45.815977,2.63614841e-03,1.000000,95.3271
telstar401,21,SAM,50.511449,2.63614841e-03,1.000000,78.6357
telstar401,21,SAM,55.688140,2.63614841e-03,1.000000,38.9217
telstar401,21,SAM,61.395366,2.63614841e-03,1.000000,85.4292
telstar401,21,SAM,67.687500,2.63614841e-03,1.000000,114.8818
telstar401,21,SAM,74.624487,2.63614841e-03,1.000000,156.0283
telstar401,21,SAM,82.272413,2.63614841e-03,1.000000,100.7050
telstar401,21,SAM,90.704142,2.63614841e-03,1.000000,83.5762
telstar401,21,SAM,100.000000,2.63614841e-03,1.000000,48.0272
telstar401,22,SAM,0.000000,2.96476303e-04,0.950502,42.6783
telstar401,22,SAM,0.001000,2.96472598e-04,0.950514,48.2387
telstar401,22,SAM,0.001102,2.96472218e-04,0.950515,48.8188
telstar401,22,SAM,0.001215,2.96471800e-04,0.950517,49.4603
telstar401,22,SAM,0.001340,2.96471338e-04,0.950518,50.1698
telstar401,22,SAM,0.001477,2.96470829e-04,0.950520,50.9546
telstar401,22,SAM,0.001629,2.96470269e-04,0.950522,51.8228
telstar401,22,SAM,0.001796,2.96469650e-04,0.950524,52.7834
telstar401,22,SAM,0.001980,2.96468968e-04,0.950526,53.8463
telstar401,22,SAM,0.002183,2.96468217e-04,0.950528,55.0227
telstar401,22,SAM,0.002406,2.96467388e-04,0.950531,56.3247
telstar401,22,SAM,0.002653,2.96466475e-04,0.950534,57.7659
telstar401,22,SAM,0.002925,2.96465468e-04,0.950537,59.3611
telstar401,22,SAM,0.003225,2.96464358e-04,0.950541,61.1268
telstar401,22,SAM,0.003555,2.96463134e-04,0.950545,63.0813
telstar401,22,SAM,0.003919,2.96461785e-04,0.950549,65.2444
telstar401,22,SAM,0.004321,2.96460298e-04,0.950554,67.6383
telstar401,22,SAM,0.004764,2.96458658e-04,0.950559,70.2870
telstar401,22,SAM,0.005252,2.96456851e-04,0.950565,73.2170
telstar401,22,SAM,0.005790,2.96454859e-04,0.950571,76.4573
telstar401,22,SAM,0.006384,2.96452662e-04,0.950578,80.0393
telstar401,22,SAM,0.007038,2.96450241e-04,0.950586,83.9974
telstar401,22,SAM,0.007759,2.96447572e-04,0.950595,88.3684
telstar401,22,SAM,0.008555,2.96444630e-04,0.950604,93.1920
telstar401,22,SAM,0.009431,2.96441387e-04,0.950614,98.5099
telstar401,22,SAM,0.010398,2.96437813e-04,0.950626,104.3651
telstar401,22,SAM,0.011464,2.96433873e-04,0.950638,110.7995
telstar401,22,SAM,0.012638,2.96429530e-04,0.950652,117.8497
telstar401,22,SAM,0.013934,2.96424743e-04,0.950668,125.5368
telstar401,22,SAM,0.015362,2.96419467e-04,0.950685,133.8409
telstar401,22,SAM,0.016936,2.96413652e-04,0.950703,142.6324
telstar401,22,SAM,0.018672,2.96407243e-04,0.950724,151.4515
telstar401,22,SAM,0.020585,2.96400181e-04,0.950746,158.7308
telstar401,22,SAM,0.022695,2.96392397e-04,0.950771,160.2260
telstar401,22,SAM,0.025021,2.96383820e-04,0.950799,152.9115
telstar401,22,SAM,0.027585,2.96374368e-04,0.950829,139.9082
telstar401,22,SAM,0.030412,2.96363953e-04,0.950863,123.7435
telstar401,22,SAM,0.033529,2.96352478e-04,0.950900,105.2694
telstar401,22,SAM,0.036966,2.96339836e-04,0.950940,84.8370
telstar401,22,SAM,0.040754,2.96325908e-04,0.950985,62.9288
telstar401,22,SAM,0.044931,2.96310564e-04,0.951034,41.3736
telstar401,22,SAM,0.049535,2.96293664e-04,0.951088,29.4256
telstar401,22,SAM,0.054612,2.96275050e-04,0.951148,43.9266
telstar401,22,SAM,0.060209,2.96254551e-04,0.951214,74.3115
telstar401,22,SAM,0.066379,2.96231977e-04,0.951286,111.2328
telstar401,22,SAM,0.073182,2.96207124e-04,0.951366,151.8550
telstar401,22,SAM,0.080683,2.96179763e-04,0.951454,155.8685
telstar401,22,SAM,0.088951,2.96149647e-04,0.951551,107.2691
telstar401,22,SAM,0.098068,2.96116503e-04,0.951657,56.3914
telstar401,22,SAM,0.108118,2.96080035e-04,0.951775,42.1733
telstar401,22,SAM,0.119199,2.96039916e-04,0.951904,98.5429
telstar401,22,SAM,0.131415,2.95995791e-04,0.952045,170.9834
telstar401,22,SAM,0.144883,2.95947273e-04,0.952201,105.8958
telstar401,22,SAM,0.159731,2.95893938e-04,0.952373,42.1781
telstar401,22,SAM,0.176101,2.95835327e-04,0.952562,109.0026
telstar401,22,SAM,0.194149,2.95770939e-04,0.952769,143.1706
telstar401,22,SAM,0.214047,2.95700231e-04,0.952997,46.4714
telstar401,22,SAM,0.235983,2.95622614e-04,0.953247,135.5148
telstar401,22,SAM,0.260168,2.95537454e-04,0.953522,83.1615
telstar401,22,SAM,0.286832,2.95444065e-04,0.953823,108.9468
telstar401,22,SAM,0.316228,2.95341708e-04,0.954154,78.2028
telstar401,22,SAM,0.348637,2.95229593e-04,0.954516,147.2856
telstar401,22,SAM,0.384367,2.95106874e-04,0.954913,42.1960
telstar401,22,SAM,0.423759,2.94972653e-04,0.955348,86.5893
telstar401,22,SAM,0.467188,2.94825976e-04,0.955823,150.3585
telstar401,22,SAM,0.515068,2.94665841e-04,0.956342,149.1908
telstar401,22,SAM,0.567855,2.94491196e-04,0.956910,136.7496
telstar401,22,SAM,0.626052,2.94300953e-04,0.957528,140.8219
telstar401,22,SAM,0.690213,2.94093988e-04,0.958202,107.8266
telstar401,22,SAM,0.760950,2.93869163e-04,0.958935,13.5990
telstar401,22,SAM,0.838936,2.93625332e-04,0.959731,123.3827
telstar401,22,SAM,0.924915,2.93361371e-04,0.960595,13.3468
telstar401,22,SAM,1.019705,2.93076199e-04,0.961530,91.9681
telstar401,22,SAM,1.124210,2.92768810e-04,0.962539,114.0107
telstar401,22,SAM,1.239425,2.92438314e-04,0.963627,73.1410
telstar401,22,SAM,1.366448,2.92083985e-04,0.964796,82.2471
telstar401,22,SAM,1.506489,2.91705311e-04,0.966048,60.0065
telstar401,22,SAM,1.660883,2.91302062e-04,0.967386,81.7989
telstar401,22,SAM,1.831099,2.90874355e-04,0.968808,14.4255
telstar401,22,SAM,2.018760,2.90422735e-04,0.970315,158.3114
telstar401,22,SAM,2.225654,2.89948256e-04,0.971902,169.4331
telstar401,22,SAM,2.453751,2.89452557e-04,0.973567,67.4105
telstar401,22,SAM,2.705225,2.88937948e-04,0.975301,105.9909
telstar401,22,SAM,2.982471,2.88407469e-04,0.977095,20.6824
telstar401,22,SAM,3.288131,2.87864939e-04,0.978936,49.2983
telstar401,22,SAM,3.625117,2.87314970e-04,0.980810,140.4660
telstar401,22,SAM,3.996639,2.86762942e-04,0.982698,76.3519
telstar401,22,SAM,4.406236,2.86214924e-04,0.984580,65.3606
telstar401,22,SAM,4.857812,2.85677528e-04,0.986432,76.9123
telstar401,22,SAM,5.355667,2.85157694e-04,0.988230,127.8197
telstar401,22,SAM,5.904545,2.84662413e-04,0.989950,129.9282
telstar401,22,SAM,6.509675,2.84198383e-04,0.991566,98.5444
telstar401,22,SAM,7.176822,2.83771627e-04,0.993057,63.9415
telstar401,22,SAM,7.912343,2.83387107e-04,0.994405,19.3003
telstar401,22,SAM,8.723243,2.83048369e-04,0.995595,113.0954
telstar401,22,SAM,9.617249,2.82757272e-04,0.996620,141.9375
telstar401,22,SAM,10.602877,2.82513834e-04,0.997478,143.1242
telstar401,22,SAM,11.689518,2.82316243e-04,0.998176,114.7035
telstar401,22,SAM,12.887524,2.82161031e-04,0.998726,17.9731
telstar401,22,SAM,14.208308,2.82043407e-04,0.999142,45.2640
telstar401,22,SAM,15.664454,2.81957705e-04,0.999446,79.9904
telstar401,22,SAM,17.269833,2.81897898e-04,0.999658,160.2894
telstar401,22,SAM,19.039740,2.81858092e-04,0.999799,91.9395
telstar401,22,SAM,20.991037,2.81832939e-04,0.999888,121.6955
telstar401,22,SAM,23.142314,2.81817928e-04,0.999941,125.6361
telstar401,22,SAM,25.514065,2.81809514e-04,0.999971,63.3121
telstar401,22,SAM,28.128887,2.81805113e-04,0.999987,122.9624
telstar401,22,SAM,31.011689,2.81802979e-04,0.999995,127.8585
telstar401,22,SAM,34.189937,2.81802027e-04,0.999998,126.9552
telstar401,22,SAM,37.693910,2.81801640e-04,0.999999,109.2641
telstar401,22,SAM,41.556988,2.81801498e-04,1.000000,125.6637
telstar401,22,SAM,45.815977,2.81801451e-04,1.000000,136.1302
telstar401,22,SAM,50.511449,2.81801438e-04,1.000000,148.7773
telstar401,22,SAM,55.688140,2.81801434e-04,1.000000,134.1865
telstar401,22,SAM,61.395366,2.81801433e-04,1.000000,82.2332
telstar401,22,SAM,67.687500,2.81801433e-04,1.000000,18.9612
telstar401,22,SAM,74.624487,2.81801433e-04,1.000000,47.8111
telstar401,22,SAM,82.272413,2.81801433e-04,1.000000,117.5206
telstar401,22,SAM,90.704142,2.81801433e-04,1.000000,62.8615
telstar401,22,SAM,100.000000,2.81801433e-04,1.000000,23.8436
telstar401,23,LAM,0.000000,3.33215928e-03,0.490756,77.5178
telstar401,23,LAM,0.001000,3.32184674e-03,0.492280,77.6346
telstar401,23,LAM,0.001102,3.32078967e-03,0.492437,77.6461
telstar401,23,LAM,0.001215,3.31962422e-03,0.492609,77.6586
telstar401,23,LAM,0.001340,3.31833930e-03,0.492800,77.6723
telstar401,23,LAM,0.001477,3.31692264e-03,0.493011,77.6872
telstar401,23,LAM,0.001629,3.31536073e-03,0.493243,77.7035
telstar401,23,LAM,0.001796,3.31363869e-03,0.493499,77.7213
telstar401,23,LAM,0.001980,3.31174009e-03,0.493782,77.7405
telstar401,23,LAM,0.002183,3.30964683e-03,0.494094,77.7614
telstar401,23,LAM,0.002406,3.30733895e-03,0.494439,77.7840
telstar401,23,LAM,0.002653,3.30479445e-03,0.494820,77.8084
telstar401,23,LAM,0.002925,3.30198908e-03,0.495240,77.8347
telstar401,23,LAM,0.003225,3.29889609e-03,0.495705,77.8629
telstar401,23,LAM,0.003555,3.29548603e-03,0.496218,77.8931
telstar401,23,LAM,0.003919,3.29172642e-03,0.496784,77.9252
telstar401,23,LAM,0.004321,3.28758147e-03,0.497411,77.9593
telstar401,23,LAM,0.004764,3.28301176e-03,0.498103,77.9953
telstar401,23,LAM,0.005252,3.27797387e-03,0.498869,78.0329
telstar401,23,LAM,0.005790,3.27241997e-03,0.499715,78.0719
telstar401,23,LAM,0.006384,3.26629742e-03,0.500652,78.1119
telstar401,23,LAM,0.007038,3.25954830e-03,0.501689,78.1525
telstar401,23,LAM,0.007759,3.25210890e-03,0.502836,78.1927
telstar401,23,LAM,0.008555,3.24390921e-03,0.504107,78.2318
telstar401,23,LAM,0.009431,3.23487233e-03,0.505516,78.2683
telstar401,23,LAM,0.010398,3.22491391e-03,0.507077,78.3007
telstar401,23,LAM,0.011464,3.21394149e-03,0.508808,78.3268
telstar401,23,LAM,0.012638,3.20185395e-03,0.510729,78.3438
telstar401,23,LAM,0.013934,3.18854084e-03,0.512861,78.3483
telstar401,23,LAM,0.015362,3.17388180e-03,0.515230,78.3361
telstar401,23,LAM,0.016936,3.15774612e-03,0.517862,78.3015
telstar401,23,LAM,0.018672,3.13999229e-03,0.520791,78.2380
telstar401,23,LAM,0.020585,3.12046782e-03,0.524049,78.1370
telstar401,23,LAM,0.022695,3.09900935e-03,0.527678,77.9881
telstar401,23,LAM,0.025021,3.07544314e-03,0.531721,77.7785
telstar401,23,LAM,0.027585,3.04958608e-03,0.536230,77.4923
telstar401,23,LAM,0.030412,3.02124755e-03,0.541259,77.1102
telstar401,23,LAM,0.033529,2.99023228e-03,0.546873,76.6086
telstar401,23,LAM,0.036966,2.95634449e-03,0.553142,75.9585
telstar401,23,LAM,0.040754,2.91939386e-03,0.560143,75.1253
telstar401,23,LAM,0.044931,2.87920357e-03,0.567962,74.0666
telstar401,23,LAM,0.049535,2.83562103e-03,0.576691,72.7320
telstar401,23,LAM,0.054612,2.78853167e-03,0.586430,71.0609
telstar401,23,LAM,0.060209,2.73787621e-03,0.597280,68.9812
telstar401,23,LAM,0.066379,2.68367148e-03,0.609344,66.4082
telstar401,23,LAM,0.073182,2.62603462e-03,0.622718,63.2424
telstar401,23,LAM,0.080683,2.56520970e-03,0.637483,59.3684
telstar401,23,LAM,0.088951,2.50159480e-03,0.653694,54.6540
telstar401,23,LAM,0.098068,2.43576682e-03,0.671361,48.9502
telstar401,23,LAM,0.108118,2.36849952e-03,0.690428,42.0920
telstar401,23,LAM,0.119199,2.30076990e-03,0.710753,33.9028
telstar401,23,LAM,0.131415,2.23374775e-03,0.732078,24.2072
telstar401,23,LAM,0.144883,2.16876545e-03,0.754013,12.8965
telstar401,23,LAM,0.159731,2.10727049e-03,0.776017,3.1297
telstar401,23,LAM,0.176101,2.05077611e-03,0.797395,16.5909
telstar401,23,LAM,0.194149,2.00085980e-03,0.817288,34.0600
telstar401,23,LAM,0.214047,1.95942194e-03,0.834572,53.6858
telstar401,23,LAM,0.235983,1.93070348e-03,0.846986,74.7828
telstar401,23,LAM,0.260168,1.89747522e-03,0.861818,98.5041
telstar401,23,LAM,0.286832,1.85937194e-03,0.879479,122.8930
telstar401,23,LAM,0.316228,1.82040726e-03,0.898303,136.0008
telstar401,23,LAM,0.348637,1.78304834e-03,0.917125,116.6475
telstar401,23,LAM,0.384367,1.74907597e-03,0.934938,74.0467
telstar401,23,LAM,0.423759,1.71966521e-03,0.950928,22.1030
telstar401,23,LAM,0.467188,1.69539961e-03,0.964538,49.3148
telstar401,23,LAM,0.515068,1.67632488e-03,0.975514,121.2699
telstar401,23,LAM,0.567855,1.66205506e-03,0.983889,150.0090
telstar401,23,LAM,0.626052,1.65191394e-03,0.989929,67.1949
telstar401,23,LAM,0.690213,1.64508416e-03,0.994039,67.3802
telstar401,23,LAM,0.760950,1.64073865e-03,0.996672,173.8106
telstar401,23,LAM,0.838936,1.63813647e-03,0.998255,66.7790
telstar401,23,LAM,0.924915,1.63667667e-03,0.999146,96.0455
telstar401,23,LAM,1.019705,1.63591364e-03,0.999612,106.8767
telstar401,23,LAM,1.124210,1.63554441e-03,0.999837,61.9027
telstar401,23,LAM,1.239425,1.63538019e-03,0.999938,86.8995
telstar401,23,LAM,1.366448,1.63531361e-03,0.999978,110.4895
telstar401,23,LAM,1.506489,1.63528923e-03,0.999993,23.6818
telstar401,23,LAM,1.660883,1.63528125e-03,0.999998,109.3575
telstar401,23,LAM,1.831099,1.63527894e-03,1.000000,170.6406
telstar401,23,LAM,2.018760,1.63527835e-03,1.000000,137.9387
telstar401,23,LAM,2.225654,1.63527823e-03,1.000000,117.6247
telstar401,23,LAM,2.453751,1.63527820e-03,1.000000,147.6226
telstar401,23,LAM,2.705225,1.63527820e-03,1.000000,134.5242
telstar401,23,LAM,2.982471,1.63527820e-03,1.000000,30.7113
telstar401,23,LAM,3.288131,1.63527820e-03,1.000000,120.9796
telstar401,23,LAM,3.625117,1.63527820e-03,1.000000,40.2817
telstar401,23,LAM,3.996639,1.63527820e-03,1.000000,97.4130
telstar401,23,LAM,4.406236,1.63527820e-03,1.000000,112.0321
telstar401,23,LAM,4.857812,1.63527820e-03,1.000000,83.1512
telstar401,23,LAM,5.355667,1.63527820e-03,1.000000,47.2783
telstar401,23,LAM,5.904545,1.63527820e-03,1.000000,102.5331
telstar401,23,LAM,6.509675,1.63527820e-03,1.000000,147.1656
telstar401,23,LAM,7.176822,1.63527820e-03,1.000000,94.0287
telstar401,23,LAM,7.912343,1.63527820e-03,1.000000,75.2850
telstar401,23,LAM,8.723243,1.63527820e-03,1.000000,45.6311
telstar401,23,LAM,9.617249,1.63527820e-03,1.000000,84.0133
telstar401,23,LAM,10.602877,1.63527820e-03,1.000000,61.7424
telstar401,23,LAM,11.689518,1.63527820e-03,1.000000,44.6628
telstar401,23,LAM,12.887524,1.63527820e-03,1.000000,131.9185
telstar401,23,LAM,14.208308,1.63527820e-03,1.000000,47.9810
telstar401,23,LAM,15.664454,1.63527820e-03,1.000000,108.5144
telstar401,23,LAM,17.269833,1.63527820e-03,1.000000,93.4390
telstar401,23,LAM,19.039740,1.63527820e-03,1.000000,127.1154
telstar401,23,LAM,20.991037,1.63527820e-03,1.000000,64.7546
telstar401,23,LAM,23.142314,1.63527820e-03,1.000000,14.1627
telstar401,23,LAM,25.514065,1.63527820e-03,1.000000,56.3071
telstar401,23,LAM,28.128887,1.63527820e-03,1.000000,138.6438
telstar401,23,LAM,31.011689,1.63527820e-03,1.000000,28.7282
telstar401,23,LAM,34.189937,1.63527820e-03,1.000000,10.8994
telstar401,23,LAM,37.693910,1.63527820e-03,1.000000,163.9846
telstar401,23,LAM,41.556988,1.63527820e-03,1.000000,91.0692
telstar401,23,LAM,45.815977,1.63527820e-03,1.000000,71.4134
telstar401,23,LAM,50.511449,1.63527820e-03,1.000000,27.2178
telstar401,23,LAM,55.688140,1.63527820e-03,1.000000,133.3410
telstar401,23,LAM,61.395366,1.63527820e-03,1.000000,91.3327
telstar401,23,LAM,67.687500,1.63527820e-03,1.000000,53.0788
telstar401,23,LAM,74.624487,1.63527820e-03,1.000000,142.2946
telstar401,23,LAM,82.272413,1.63527820e-03,1.000000,106.2147
telstar401,23,LAM,90.704142,1.63527820e-03,1.000000,147.0318
telstar401,23,LAM,100.000000,1.63527820e-03,1.000000,79.5205
telstar401,24,LAM,0.000000,2.78036422e-03,0.766377,57.8202
telstar401,24,LAM,0.001000,2.77389082e-03,0.768166,58.1066
telstar401,24,LAM,0.001102,2.77323247e-03,0.768348,58.1371
telstar401,24,LAM,0.001215,2.77250773e-03,0.768549,58.1709
telstar401,24,LAM,0.001340,2.77171005e-03,0.768770,58.2084
telstar401,24,LAM,0.001477,2.77083222e-03,0.769014,58.2502
telstar401,24,LAM,0.001629,2.76986638e-03,0.769282,58.2967
telstar401,24,LAM,0.001796,2.76880392e-03,0.769577,58.3484
telstar401,24,LAM,0.001980,2.76763545e-03,0.769902,58.4061
telstar401,24,LAM,0.002183,2.76635073e-03,0.770259,58.4704
telstar401,24,LAM,0.002406,2.76493858e-03,0.770653,58.5422
telstar401,24,LAM,0.002653,2.76338685e-03,0.771086,58.6226
telstar401,24,LAM,0.002925,2.76168233e-03,0.771561,58.7124
telstar401,24,LAM,0.003225,2.75981068e-03,0.772085,58.8132
telstar401,24,LAM,0.003555,2.75775640e-03,0.772660,58.9262
telstar401,24,LAM,0.003919,2.75550271e-03,0.773292,59.0532
telstar401,24,LAM,0.004321,2.75303154e-03,0.773986,59.1962
telstar401,24,LAM,0.004764,2.75032344e-03,0.774748,59.3573
telstar401,24,LAM,0.005252,2.74735760e-03,0.775584,59.5391
telstar401,24,LAM,0.005790,2.74411177e-03,0.776502,59.7447
telstar401,24,LAM,0.006384,2.74056230e-03,0.777507,59.9775
telstar401,24,LAM,0.007038,2.73668416e-03,0.778609,60.2416
telstar401,24,LAM,0.007759,2.73245099e-03,0.779815,60.5417
telstar401,24,LAM,0.008555,2.72783527e-03,0.781135,60.8832
telstar401,24,LAM,0.009431,2.72280845e-03,0.782577,61.2726
telstar401,24,LAM,0.010398,2.71734120e-03,0.784152,61.7172
telstar401,24,LAM,0.011464,2.71140378e-03,0.785869,62.2256
telstar401,24,LAM,0.012638,2.70496650e-03,0.787739,62.8077
telstar401,24,LAM,0.013934,2.69800027e-03,0.789773,63.4750
telstar401,24,LAM,0.015362,2.69047738e-03,0.791981,64.2406
telstar401,24,LAM,0.016936,2.68237243e-03,0.794374,65.1197
telstar401,24,LAM,0.018672,2.67366353e-03,0.796962,66.1294
telstar401,24,LAM,0.020585,2.66433373e-03,0.799753,67.2888
telstar401,24,LAM,0.022695,2.65437281e-03,0.802754,68.6196
telstar401,24,LAM,0.025021,2.64377944e-03,0.805970,70.1451
telstar401,24,LAM,0.027585,2.63256386e-03,0.809404,71.8907
telstar401,24,LAM,0.030412,2.62075117e-03,0.813052,73.8825
telstar401,24,LAM,0.033529,2.60838548e-03,0.816907,76.1469
telstar401,24,LAM,0.036966,2.59553533e-03,0.820951,78.7082
telstar401,24,LAM,0.040754,2.58230128e-03,0.825158,81.5858
telstar401,24,LAM,0.044931,2.56882772e-03,0.829486,84.7901
telstar401,24,LAM,0.049535,2.55532421e-03,0.833870,88.3145
telstar401,24,LAM,0.054612,2.54211438e-03,0.838203,92.1246
telstar401,24,LAM,0.060209,2.52980511e-03,0.842281,96.1349
telstar401,24,LAM,0.066379,2.51979596e-03,0.845627,100.1625
telstar401,24,LAM,0.073182,2.50667648e-03,0.850053,104.3600
telstar401,24,LAM,0.080683,2.49067550e-03,0.855514,108.3820
telstar401,24,LAM,0.088951,2.47235606e-03,0.861853,111.6125
telstar401,24,LAM,0.098068,2.45200882e-03,0.869005,113.1313
telstar401,24,LAM,0.108118,2.42989119e-03,0.876915,111.7523
telstar401,24,LAM,0.119199,2.40628666e-03,0.885517,106.3269
telstar401,24,LAM,0.131415,2.38152777e-03,0.894723,96.1850
telstar401,24,LAM,0.144883,2.35600382e-03,0.904416,81.3466
telstar401,24,LAM,0.159731,2.33015803e-03,0.914448,62.5723
telstar401,24,LAM,0.176101,2.30447548e-03,0.924639,42.3670
telstar401,24,LAM,0.194149,2.27946258e-03,0.934785,31.4092
telstar401,24,LAM,0.214047,2.25561965e-03,0.944666,46.9487
telstar401,24,LAM,0.235983,2.23340931e-03,0.954061,75.8653
telstar401,24,LAM,0.260168,2.21322446e-03,0.962762,100.1339
telstar401,24,LAM,0.286832,2.19536010e-03,0.970596,97.3739
telstar401,24,LAM,0.316228,2.17999305e-03,0.977438,62.3298
telstar401,24,LAM,0.348637,2.16717263e-03,0.983220,34.7411
telstar401,24,LAM,0.384367,2.15682385e-03,0.987938,80.0520
telstar401,24,LAM,0.423759,2.14876260e-03,0.991644,115.6002
telstar401,24,LAM,0.467188,2.14272092e-03,0.994440,70.5942
telstar401,24,LAM,0.515068,2.13837865e-03,0.996459,71.3310
telstar401,24,LAM,0.567855,2.13539688e-03,0.997851,136.0854
telstar401,24,LAM,0.626052,2.13344874e-03,0.998762,74.6076
telstar401,24,LAM,0.690213,2.13224330e-03,0.999327,130.9757
telstar401,24,LAM,0.760950,2.13154057e-03,0.999656,88.2332
telstar401,24,LAM,0.838936,2.13115683e-03,0.999836,137.7881
telstar401,24,LAM,0.924915,2.13096180e-03,0.999928,63.6729
telstar401,24,LAM,1.019705,2.13087022e-03,0.999971,106.8239
telstar401,24,LAM,1.124210,2.13083078e-03,0.999989,101.1280
telstar401,24,LAM,1.239425,2.13081536e-03,0.999996,58.0306
telstar401,24,LAM,1.366448,2.13080992e-03,0.999999,42.2759
telstar401,24,LAM,1.506489,2.13080822e-03,1.000000,55.9188
telstar401,24,LAM,1.660883,2.13080775e-03,1.000000,81.2144
telstar401,24,LAM,1.831099,2.13080763e-03,1.000000,119.3924
telstar401,24,LAM,2.018760,2.13080761e-03,1.000000,114.9739
telstar401,24,LAM,2.225654,2.13080761e-03,1.000000,33.0031
telstar401,24,LAM,2.453751,2.13080761e-03,1.000000,106.2123
telstar401,24,LAM,2.705225,2.13080761e-03,1.000000,136.2617
telstar401,24,LAM,2.982471,2.13080761e-03,1.000000,106.9187
telstar401,24,LAM,3.288131,2.13080761e-03,1.000000,102.4078
telstar401,24,LAM,3.625117,2.13080761e-03,1.000000,95.8119
telstar401,24,LAM,3.996639,2.13080761e-03,1.000000,115.8764
telstar401,24,LAM,4.406236,2.13080761e-03,1.000000,76.3861
telstar401,24,LAM,4.857812,2.13080761e-03,1.000000,131.0449
telstar401,24,LAM,5.355667,2.13080761e-03,1.000000,55.7888
telstar401,24,LAM,5.904545,2.13080761e-03,1.000000,119.1289
telstar401,24,LAM,6.509675,2.13080761e-03,1.000000,67.6884
telstar401,24,LAM,7.176822,2.13080761e-03,1.000000,105.8616
telstar401,24,LAM,7.912343,2.13080761e-03,1.000000,123.6289
telstar401,24,LAM,8.723243,2.13080761e-03,1.000000,112.5817
telstar401,24,LAM,9.617249,2.13080761e-03,1.000000,142.0991
telstar401,24,LAM,10.602877,2.13080761e-03,1.000000,121.7647
telstar401,24,LAM,11.689518,2.13080761e-03,1.000000,79.8000
telstar401,24,LAM,12.887524,2.13080761e-03,1.000000,104.3216
telstar401,24,LAM,14.208308,2.13080761e-03,1.000000,102.1031
telstar401,24,LAM,15.664454,2.13080761e-03,1.000000,140.8419
telstar401,24,LAM,17.269833,2.13080761e-03,1.000000,70.4328
telstar401,24,LAM,19.039740,2.13080761e-03,1.000000,51.6720
telstar401,24,LAM,20.991037,2.13080761e-03,1.000000,111.2057
telstar401,24,LAM,23.142314,2.13080761e-03,1.000000,99.9681
telstar401,24,LAM,25.514065,2.13080761e-03,1.000000,67.4633
telstar401,24,LAM,28.128887,2.13080761e-03,1.000000,91.0847
telstar401,24,LAM,31.011689,2.13080761e-03,1.000000,116.0799
telstar401,24,LAM,34.189937,2.13080761e-03,1.000000,105.0289
telstar401,24,LAM,37.693910,2.13080761e-03,1.000000,82.2229
telstar401,24,LAM,41.556988,2.13080761e-03,1.000000,90.2768
telstar401,24,LAM,45.815977,2.13080761e-03,1.000000,142.6652
telstar401,24,LAM,50.511449,2.13080761e-03,1.000000,62.8344
telstar401,24,LAM,55.688140,2.13080761e-03,1.000000,84.4680
telstar401,24,LAM,61.395366,2.13080761e-03,1.000000,56.0910
telstar401,24,LAM,67.687500,2.13080761e-03,1.000000,131.0937
telstar401,24,LAM,74.624487,2.13080761e-03,1.000000,74.4541
telstar401,24,LAM,82.272413,2.13080761e-03,1.000000,50.2184
telstar401,24,LAM,90.704142,2.13080761e-03,1.000000,93.0185
telstar401,24,LAM,100.000000,2.13080761e-03,1.000000,126.2221
telstar401,25,SAM,0.000000,7.52408181e-04,0.855539,158.3772
telstar401,25,SAM,0.001000,7.52266268e-04,0.855701,158.3552
telstar401,25,SAM,0.001102,7.52251711e-04,0.855717,158.3404
telstar401,25,SAM,0.001215,7.52235659e-04,0.855736,158.3214
telstar401,25,SAM,0.001340,7.52217958e-04,0.855756,158.2971
telstar401,25,SAM,0.001477,7.52198439e-04,0.855778,158.2665
telstar401,25,SAM,0.001629,7.52176915e-04,0.855802,158.2279
telstar401,25,SAM,0.001796,7.52153178e-04,0.855829,158.1795
telstar401,25,SAM,0.001980,7.52127002e-04,0.855859,158.1192
telstar401,25,SAM,0.002183,7.52098133e-04,0.855892,158.0443
telstar401,25,SAM,0.002406,7.52066295e-04,0.855928,157.9515
telstar401,25,SAM,0.002653,7.52031180e-04,0.855968,157.8370
telstar401,25,SAM,0.002925,7.51992451e-04,0.856012,157.6961
telstar401,25,SAM,0.003225,7.51949733e-04,0.856061,157.5233
telstar401,25,SAM,0.003555,7.51902613e-04,0.856115,157.3120
telstar401,25,SAM,0.003919,7.51850636e-04,0.856174,157.0544
telstar401,25,SAM,0.004321,7.51793297e-04,0.856239,156.7416
telstar401,25,SAM,0.004764,7.51730040e-04,0.856311,156.3628
telstar401,25,SAM,0.005252,7.51660250e-04,0.856391,155.9060
telstar401,25,SAM,0.005790,7.51583247e-04,0.856478,155.3573
telstar401,25,SAM,0.006384,7.51498279e-04,0.856575,154.7009
telstar401,25,SAM,0.007038,7.51404516e-04,0.856682,153.9194
telstar401,25,SAM,0.007759,7.51301037e-04,0.856800,152.9934
telstar401,25,SAM,0.008555,7.51186827e-04,0.856930,151.9017
telstar401,25,SAM,0.009431,7.51060760e-04,0.857074,150.6213
telstar401,25,SAM,0.010398,7.50921591e-04,0.857233,149.1277
telstar401,25,SAM,0.011464,7.50767942e-04,0.857409,147.3946
telstar401,25,SAM,0.012638,7.50598286e-04,0.857602,145.3939
telstar401,25,SAM,0.013934,7.50410933e-04,0.857816,143.0959
telstar401,25,SAM,0.015362,7.50204012e-04,0.858053,140.4688
telstar401,25,SAM,0.016936,7.49975449e-04,0.858315,137.4787
telstar401,25,SAM,0.018672,7.49722945e-04,0.858604,134.0890
telstar401,25,SAM,0.020585,7.49443955e-04,0.858923,130.2603
telstar401,25,SAM,0.022695,7.49135659e-04,0.859277,125.9493
telstar401,25,SAM,0.025021,7.48794931e-04,0.859668,121.1090
telstar401,25,SAM,0.027585,7.48418308e-04,0.860100,115.6874
telstar401,25,SAM,0.030412,7.48001958e-04,0.860579,109.6276
telstar401,25,SAM,0.033529,7.47541635e-04,0.861109,102.8668
telstar401,25,SAM,0.036966,7.47032646e-04,0.861696,95.3357
telstar401,25,SAM,0.040754,7.46469800e-04,0.862345,86.9591
telstar401,25,SAM,0.044931,7.45847367e-04,0.863065,77.6556
telstar401,25,SAM,0.049535,7.45159027e-04,0.863862,67.3403
telstar401,25,SAM,0.054612,7.44397824e-04,0.864746,55.9321
telstar401,25,SAM,0.060209,7.43556118e-04,0.865725,43.3781
telstar401,25,SAM,0.066379,7.42625537e-04,0.866809,29.7590
telstar401,25,SAM,0.073182,7.41596942e-04,0.868012,16.0382
telstar401,25,SAM,0.080683,7.40460391e-04,0.869344,12.0426
telstar401,25,SAM,0.088951,7.39205128e-04,0.870820,27.0998
telstar401,25,SAM,0.098068,7.37819585e-04,0.872456,47.4353
telstar401,25,SAM,0.108118,7.36291417e-04,0.874266,70.3287
telstar401,25,SAM,0.119199,7.34607574e-04,0.876270,95.1040
telstar401,25,SAM,0.131415,7.32754428e-04,0.878486,120.1671
telstar401,25,SAM,0.144883,7.30717970e-04,0.880935,138.4883
telstar401,25,SAM,0.159731,7.28484088e-04,0.883636,131.2665
telstar401,25,SAM,0.176101,7.26038965e-04,0.886612,99.5070
telstar401,25,SAM,0.194149,7.23369599e-04,0.889884,56.5966
telstar401,25,SAM,0.214047,7.20464487e-04,0.893472,6.6820
telstar401,25,SAM,0.235983,7.17314482e-04,0.897396,49.3857
telstar401,25,SAM,0.260168,7.13913844e-04,0.901670,107.6757
telstar401,25,SAM,0.286832,7.10261482e-04,0.906307,132.4267
telstar401,25,SAM,0.316228,7.06362368e-04,0.911310,70.8795
telstar401,25,SAM,0.348637,7.02229062e-04,0.916674,17.0997
telstar401,25,SAM,0.384367,6.97883254e-04,0.922382,114.0264
telstar401,25,SAM,0.423759,6.93357159e-04,0.928403,110.6082
telstar401,25,SAM,0.467188,6.88694537e-04,0.934688,22.4109
telstar401,25,SAM,0.515068,6.83951085e-04,0.941171,154.9925
telstar401,25,SAM,0.567855,6.79193861e-04,0.947763,42.4217
telstar401,25,SAM,0.626052,6.74499481e-04,0.954359,158.8795
telstar401,25,SAM,0.690213,6.69950877e-04,0.960839,44.3499
telstar401,25,SAM,0.760950,6.65632624e-04,0.967072,117.1484
telstar401,25,SAM,0.838936,6.61625104e-04,0.972930,156.3762
telstar401,25,SAM,0.924915,6.57998087e-04,0.978293,93.3421
telstar401,25,SAM,1.019705,6.54804604e-04,0.983064,57.3134
telstar401,25,SAM,1.124210,6.52076103e-04,0.987177,56.6218
telstar401,25,SAM,1.239425,6.49819806e-04,0.990605,97.3958
telstar401,25,SAM,1.366448,6.48018859e-04,0.993358,135.3331
telstar401,25,SAM,1.506489,6.46635314e-04,0.995484,29.7607
telstar401,25,SAM,1.660883,6.45615475e-04,0.997056,171.4524
telstar401,25,SAM,1.831099,6.44896603e-04,0.998167,77.6270
telstar401,25,SAM,2.018760,6.44413852e-04,0.998915,26.8045
telstar401,25,SAM,2.225654,6.44106296e-04,0.999392,41.3808
telstar401,25,SAM,2.453751,6.43921287e-04,0.999679,138.9503
telstar401,25,SAM,2.705225,6.43816762e-04,0.999842,50.7853
telstar401,25,SAM,2.982471,6.43761631e-04,0.999927,103.7752
telstar401,25,SAM,3.288131,6.43734666e-04,0.999969,73.2215
telstar401,25,SAM,3.625117,6.43722525e-04,0.999988,63.7634
telstar401,25,SAM,3.996639,6.43717536e-04,0.999996,48.4616
telstar401,25,SAM,4.406236,6.43715681e-04,0.999999,9.4907
telstar401,25,SAM,4.857812,6.43715064e-04,1.000000,173.3611
telstar401,25,SAM,5.355667,6.43714882e-04,1.000000,140.1481
telstar401,25,SAM,5.904545,6.43714835e-04,1.000000,34.6506
telstar401,25,SAM,6.509675,6.43714825e-04,1.000000,33.4100
telstar401,25,SAM,7.176822,6.43714823e-04,1.000000,81.6803
telstar401,25,SAM,7.912343,6.43714822e-04,1.000000,59.0984
telstar401,25,SAM,8.723243,6.43714822e-04,1.000000,100.9881
telstar401,25,SAM,9.617249,6.43714822e-04,1.000000,84.9438
telstar401,25,SAM,10.602877,6.43714822e-04,1.000000,49.4785
telstar401,25,SAM,11.689518,6.43714822e-04,1.000000,43.2459
telstar401,25,SAM,12.887524,6.43714822e-04,1.000000,36.8442
telstar401,25,SAM,14.208308,6.43714822e-04,1.000000,80.4819
telstar401,25,SAM,15.664454,6.43714822e-04,1.000000,69.7072
telstar401,25,SAM,17.269833,6.43714822e-04,1.000000,19.1591
telstar401,25,SAM,19.039740,6.43714822e-04,1.000000,110.6410
telstar401,25,SAM,20.991037,6.43714822e-04,1.000000,89.3912
telstar401,25,SAM,23.142314,6.43714822e-04,1.000000,65.2946
telstar401,25,SAM,25.514065,6.43714822e-04,1.000000,143.4280
telstar401,25,SAM,28.128887,6.43714822e-04,1.000000,68.8369
telstar401,25,SAM,31.011689,6.43714822e-04,1.000000,105.2945
telstar401,25,SAM,34.189937,6.43714822e-04,1.000000,131.8638
telstar401,25,SAM,37.693910,6.43714822e-04,1.000000,117.6672
telstar401,25,SAM,41.556988,6.43714822e-04,1.000000,147.8020
telstar401,25,SAM,45.815977,6.43714822e-04,1.000000,60.5311
telstar401,25,SAM,50.511449,6.43714822e-04,1.000000,69.8578
telstar401,25,SAM,55.688140,6.43714822e-04,1.000000,51.4621
telstar401,25,SAM,61.395366,6.43714822e-04,1.000000,102.9862
telstar401,25,SAM,67.687500,6.43714822e-04,1.000000,137.8382
telstar401,25,SAM,74.624487,6.43714822e-04,1.000000,48.2337
telstar401,25,SAM,82.272413,6.43714822e-04,1.000000,124.4083
telstar401,25,SAM,90.704142,6.43714822e-04,1.000000,59.9877
telstar401,25,SAM,100.000000,6.43714822e-04,1.000000,110.4152
telstar401,26,SAM,0.000000,3.38319106e-04,0.877185,35.0622
telstar401,26,SAM,0.001000,3.38311240e-04,0.877206,37.0453
telstar401,26,SAM,0.001102,3.38310434e-04,0.877208,37.3196
telstar401,26,SAM,0.001215,3.38309545e-04,0.877210,37.6362
telstar401,26,SAM,0.001340,3.38308565e-04,0.877213,38.0019
telstar401,26,SAM,0.001477,3.38307485e-04,0.877216,38.4247
telstar401,26,SAM,0.001629,3.38306293e-04,0.877219,38.9140
telstar401,26,SAM,0.001796,3.38304980e-04,0.877222,39.4804
telstar401,26,SAM,0.001980,3.38303533e-04,0.877226,40.1364
telstar401,26,SAM,0.002183,3.38301937e-04,0.877230,40.8958
telstar401,26,SAM,0.002406,3.38300177e-04,0.877234,41.7746
telstar401,26,SAM,0.002653,3.38298237e-04,0.877240,42.7907
telstar401,26,SAM,0.002925,3.38296098e-04,0.877245,43.9643
telstar401,26,SAM,0.003225,3.38293740e-04,0.877251,45.3176
telstar401,26,SAM,0.003555,3.38291140e-04,0.877258,46.8753
telstar401,26,SAM,0.003919,3.38288274e-04,0.877265,48.6641
telstar401,26,SAM,0.004321,3.38285114e-04,0.877274,50.7134
telstar401,26,SAM,0.004764,3.38281630e-04,0.877283,53.0545
telstar401,26,SAM,0.005252,3.38277790e-04,0.877293,55.7210
telstar401,26,SAM,0.005790,3.38273555e-04,0.877304,58.7486
telstar401,26,SAM,0.006384,3.38268886e-04,0.877316,62.1746
telstar401,26,SAM,0.007038,3.38263739e-04,0.877329,66.0381
telstar401,26,SAM,0.007759,3.38258065e-04,0.877344,70.3792
telstar401,26,SAM,0.008555,3.38251808e-04,0.877360,75.2382
telstar401,26,SAM,0.009431,3.38244911e-04,0.877378,80.6545
telstar401,26,SAM,0.010398,3.38237306e-04,0.877398,86.6636
telstar401,26,SAM,0.011464,3.38228922e-04,0.877419,93.2926
telstar401,26,SAM,0.012638,3.38219678e-04,0.877443,100.5505
telstar401,26,SAM,0.013934,3.38209487e-04,0.877470,108.4102
telstar401,26,SAM,0.015362,3.38198251e-04,0.877499,116.7697
telstar401,26,SAM,0.016936,3.38185863e-04,0.877531,125.3669
telstar401,26,SAM,0.018672,3.38172205e-04,0.877566,133.5882
telstar401,26,SAM,0.020585,3.38157147e-04,0.877606,140.0842
telstar401,26,SAM,0.022695,3.38140545e-04,0.877649,142.4204
telstar401,26,SAM,0.025021,3.38122241e-04,0.877696,138.1980
telstar401,26,SAM,0.027585,3.38102060e-04,0.877749,127.4072
telstar401,26,SAM,0.030412,3.38079810e-04,0.877806,111.6794
telstar401,26,SAM,0.033529,3.38055279e-04,0.877870,92.3769
telstar401,26,SAM,0.036966,3.38028232e-04,0.877940,70.4342
telstar401,26,SAM,0.040754,3.37998411e-04,0.878018,47.2737
telstar401,26,SAM,0.044931,3.37965532e-04,0.878103,29.1294
telstar401,26,SAM,0.049535,3.37929282e-04,0.878197,36.6518
telstar401,26,SAM,0.054612,3.37889313e-04,0.878301,65.4487
telstar401,26,SAM,0.060209,3.37845245e-04,0.878416,100.0983
telstar401,26,SAM,0.066379,3.37796657e-04,0.878542,130.7517
telstar401,26,SAM,0.073182,3.37743086e-04,0.878681,128.1014
telstar401,26,SAM,0.080683,3.37684019e-04,0.878835,87.0748
telstar401,26,SAM,0.088951,3.37618893e-04,0.879005,35.3715
telstar401,26,SAM,0.098068,3.37547087e-04,0.879192,41.7935
telstar401,26,SAM,0.108118,3.37467916e-04,0.879398,103.2923
telstar401,26,SAM,0.119199,3.37380623e-04,0.879625,125.2358
telstar401,26,SAM,0.131415,3.37284378e-04,0.879876,57.5462
telstar401,26,SAM,0.144883,3.37178263e-04,0.880153,41.1071
telstar401,26,SAM,0.159731,3.37061267e-04,0.880459,122.2333
telstar401,26,SAM,0.176101,3.36932278e-04,0.880796,65.6310
telstar401,26,SAM,0.194149,3.36790070e-04,0.881168,59.3959
telstar401,26,SAM,0.214047,3.36633294e-04,0.881578,109.7352
telstar401,26,SAM,0.235983,3.36460466e-04,0.882031,32.7378
telstar401,26,SAM,0.260168,3.36269956e-04,0.882531,107.6344
telstar401,26,SAM,0.286832,3.36059972e-04,0.883082,66.6547
telstar401,26,SAM,0.316228,3.35828546e-04,0.883691,46.4102
telstar401,26,SAM,0.348637,3.35573521e-04,0.884362,121.3838
telstar401,26,SAM,0.384367,3.35292538e-04,0.885103,110.8585
telstar401,26,SAM,0.423759,3.34983015e-04,0.885921,77.9196
telstar401,26,SAM,0.467188,3.34642139e-04,0.886824,69.7144
telstar401,26,SAM,0.515068,3.34266848e-04,0.887819,92.3835
telstar401,26,SAM,0.567855,3.33853822e-04,0.888918,146.5792
telstar401,26,SAM,0.626052,3.33399476e-04,0.890129,102.0436
telstar401,26,SAM,0.690213,3.32899954e-04,0.891465,86.7929
telstar401,26,SAM,0.760950,3.32351135e-04,0.892937,86.8927
telstar401,26,SAM,0.838936,3.31748652e-04,0.894559,144.5886
telstar401,26,SAM,0.924915,3.31087910e-04,0.896344,143.5503
telstar401,26,SAM,1.019705,3.30364143e-04,0.898307,79.6380
telstar401,26,SAM,1.124210,3.29572478e-04,0.900465,72.9358
telstar401,26,SAM,1.239425,3.28708037e-04,0.902833,18.7696
telstar401,26,SAM,1.366448,3.27766071e-04,0.905428,17.4443
telstar401,26,SAM,1.506489,3.26742151e-04,0.908265,121.4667
telstar401,26,SAM,1.660883,3.25632398e-04,0.911361,66.1343
telstar401,26,SAM,1.831099,3.24433789e-04,0.914728,120.8448
telstar401,26,SAM,2.018760,3.23144519e-04,0.918377,31.8638
telstar401,26,SAM,2.225654,3.21764442e-04,0.922316,66.7033
telstar401,26,SAM,2.453751,3.20295563e-04,0.926546,33.5528
telstar401,26,SAM,2.705225,3.18742585e-04,0.931060,153.6511
telstar401,26,SAM,2.982471,3.17113451e-04,0.935844,55.3444
telstar401,26,SAM,3.288131,3.15419853e-04,0.940868,18.0084
telstar401,26,SAM,3.625117,3.13677608e-04,0.946094,76.7882
telstar401,26,SAM,3.996639,3.11906816e-04,0.951466,131.7406
telstar401,26,SAM,4.406236,3.10131685e-04,0.956912,56.2869
telstar401,26,SAM,4.857812,3.08379919e-04,0.962347,135.3663
telstar401,26,SAM,5.355667,3.06681595e-04,0.967677,28.6268
telstar401,26,SAM,5.904545,3.05067517e-04,0.972796,59.9363
telstar401,26,SAM,6.509675,3.03567137e-04,0.977604,105.3567
telstar401,26,SAM,7.176822,3.02206247e-04,0.982007,122.0175
telstar401,26,SAM,7.912343,3.01004733e-04,0.985927,121.9519
telstar401,26,SAM,8.723243,2.99974763e-04,0.989312,95.8842
telstar401,26,SAM,9.617249,2.99119735e-04,0.992140,161.0884
telstar401,26,SAM,10.602877,2.98434214e-04,0.994419,102.9470
telstar401,26,SAM,11.689518,2.97904914e-04,0.996186,92.7138
telstar401,26,SAM,12.887524,2.97512548e-04,0.997499,102.3426
telstar401,26,SAM,14.208308,2.97234235e-04,0.998433,57.8131
telstar401,26,SAM,15.664454,2.97046037e-04,0.999066,138.4650
telstar401,26,SAM,17.269833,2.96925220e-04,0.999472,82.3702
telstar401,26,SAM,19.039740,2.96851929e-04,0.999719,100.7497
telstar401,26,SAM,20.991037,2.96810138e-04,0.999860,35.6118
telstar401,26,SAM,23.142314,2.96787870e-04,0.999935,28.9087
telstar401,26,SAM,25.514065,2.96776856e-04,0.999972,96.3127
telstar401,26,SAM,28.128887,2.96771836e-04,0.999989,35.6633
telstar401,26,SAM,31.011689,2.96769745e-04,0.999996,70.3799
telstar401,26,SAM,34.189937,2.96768956e-04,0.999999,87.5842
telstar401,26,SAM,37.693910,2.96768689e-04,1.000000,99.8735
telstar401,26,SAM,41.556988,2.96768609e-04,1.000000,43.0996
telstar401,26,SAM,45.815977,2.96768588e-04,1.000000,164.8542
telstar401,26,SAM,50.511449,2.96768583e-04,1.000000,122.7193
telstar401,26,SAM,55.688140,2.96768582e-04,1.000000,106.6148
telstar401,26,SAM,61.395366,2.96768582e-04,1.000000,110.1456
telstar401,26,SAM,67.687500,2.96768582e-04,1.000000,76.0055
telstar401,26,SAM,74.624487,2.96768582e-04,1.000000,51.3792
telstar401,26,SAM,82.272413,2.96768582e-04,1.000000,15.8700
telstar401,26,SAM,90.704142,2.96768582e-04,1.000000,152.9730
telstar401,26,SAM,100.000000,2.96768582e-04,1.000000,101.5405
telstar401,27,SAM,0.000000,5.43604690e-04,0.964960,108.2356
telstar401,27,SAM,0.001000,5.43573680e-04,0.965015,112.9167
telstar401,27,SAM,0.001102,5.43570505e-04,0.965021,113.3824
telstar401,27,SAM,0.001215,5.43567004e-04,0.965027,113.8924
telstar401,27,SAM,0.001340,5.43563146e-04,0.965034,114.4503
telstar401,27,SAM,0.001477,5.43558893e-04,0.965041,115.0600
telstar401,27,SAM,0.001629,5.43554205e-04,0.965050,115.7254
telstar401,27,SAM,0.001796,5.43549038e-04,0.965059,116.4502
telstar401,27,SAM,0.001980,5.43543342e-04,0.965069,117.2384
telstar401,27,SAM,0.002183,5.43537065e-04,0.965080,118.0932
telstar401,27,SAM,0.002406,5.43530147e-04,0.965092,119.0176
telstar401,27,SAM,0.002653,5.43522522e-04,0.965106,120.0134
telstar401,27,SAM,0.002925,5.43514119e-04,0.965121,121.0814
telstar401,27,SAM,0.003225,5.43504858e-04,0.965137,122.2198
telstar401,27,SAM,0.003555,5.43494653e-04,0.965155,123.4240
telstar401,27,SAM,0.003919,5.43483408e-04,0.965175,124.6851
telstar401,27,SAM,0.004321,5.43471017e-04,0.965197,125.9880
telstar401,27,SAM,0.004764,5.43457365e-04,0.965221,127.3090
telstar401,27,SAM,0.005252,5.43442324e-04,0.965248,128.6129
telstar401,27,SAM,0.005790,5.43425753e-04,0.965278,129.8490
telstar401,27,SAM,0.006384,5.43407500e-04,0.965310,130.9464
telstar401,27,SAM,0.007038,5.43387394e-04,0.965346,131.8096
telstar401,27,SAM,0.007759,5.43365249e-04,0.965385,132.3152
telstar401,27,SAM,0.008555,5.43340862e-04,0.965428,132.3117
telstar401,27,SAM,0.009431,5.43314008e-04,0.965476,131.6258
telstar401,27,SAM,0.010398,5.43284442e-04,0.965529,130.0767
telstar401,27,SAM,0.011464,5.43251893e-04,0.965587,127.4956
telstar401,27,SAM,0.012638,5.43216067e-04,0.965650,123.7446
telstar401,27,SAM,0.013934,5.43176641e-04,0.965720,118.7290
telstar401,27,SAM,0.015362,5.43133260e-04,0.965797,112.3972
telstar401,27,SAM,0.016936,5.43085538e-04,0.965882,104.7378
telstar401,27,SAM,0.018672,5.43033051e-04,0.965976,95.7786
telstar401,27,SAM,0.020585,5.42975340e-04,0.966078,85.6043
telstar401,27,SAM,0.022695,5.42911900e-04,0.966191,74.4118
telstar401,27,SAM,0.025021,5.42842185e-04,0.966315,62.6583
telstar401,27,SAM,0.027585,5.42765600e-04,0.966452,51.4437
telstar401,27,SAM,0.030412,5.42681498e-04,0.966601,43.3582
telstar401,27,SAM,0.033529,5.42589181e-04,0.966766,42.8976
telstar401,27,SAM,0.036966,5.42487890e-04,0.966946,52.6030
telstar401,27,SAM,0.040754,5.42376810e-04,0.967144,69.9701
telstar401,27,SAM,0.044931,5.42255061e-04,0.967362,91.3459
telstar401,27,SAM,0.049535,5.42121701e-04,0.967600,112.6896
telstar401,27,SAM,0.054612,5.41975720e-04,0.967860,125.4778
telstar401,27,SAM,0.060209,5.41816045e-04,0.968145,116.6804
telstar401,27,SAM,0.066379,5.41641534e-04,0.968457,88.2978
telstar401,27,SAM,0.073182,5.41450983e-04,0.968798,52.7330
telstar401,27,SAM,0.080683,5.41243131e-04,0.969170,36.8031
telstar401,27,SAM,0.088951,5.41016659e-04,0.969576,71.4228
telstar401,27,SAM,0.098068,5.40770208e-04,0.970018,112.8608
telstar401,27,SAM,0.108118,5.40502384e-04,0.970498,107.7593
telstar401,27,SAM,0.119199,5.40211778e-04,0.971021,52.3238
telstar401,27,SAM,0.131415,5.39896989e-04,0.971587,46.1429
telstar401,27,SAM,0.144883,5.39556646e-04,0.972200,108.8916
telstar401,27,SAM,0.159731,5.39189442e-04,0.972862,80.7737
telstar401,27,SAM,0.176101,5.38794179e-04,0.973575,35.3818
telstar401,27,SAM,0.194149,5.38369808e-04,0.974343,111.1265
telstar401,27,SAM,0.214047,5.37915493e-04,0.975166,35.8989
telstar401,27,SAM,0.235983,5.37430671e-04,0.976045,100.7121
telstar401,27,SAM,0.260168,5.36915126e-04,0.976983,34.2619
telstar401,27,SAM,0.286832,5.36369073e-04,0.977977,110.7707
telstar401,27,SAM,0.316228,5.35793244e-04,0.979028,47.5800
telstar401,27,SAM,0.348637,5.35188979e-04,0.980134,51.7611
telstar401,27,SAM,0.384367,5.34558317e-04,0.981290,104.4033
telstar401,27,SAM,0.423759,5.33904082e-04,0.982492,123.0005
telstar401,27,SAM,0.467188,5.33229955e-04,0.983735,127.0125
telstar401,27,SAM,0.515068,5.32540522e-04,0.985008,135.5599
telstar401,27,SAM,0.567855,5.31841292e-04,0.986303,114.1340
telstar401,27,SAM,0.626052,5.31138670e-04,0.987608,63.4618
telstar401,27,SAM,0.690213,5.30439869e-04,0.988909,143.5717
telstar401,27,SAM,0.760950,5.29752763e-04,0.990192,69.8193
telstar401,27,SAM,0.838936,5.29085654e-04,0.991440,103.2221
telstar401,27,SAM,0.924915,5.28446979e-04,0.992638,112.7455
telstar401,27,SAM,1.019705,5.27844933e-04,0.993771,70.6579
telstar401,27,SAM,1.124210,5.27287055e-04,0.994822,60.8750
telstar401,27,SAM,1.239425,5.26779785e-04,0.995780,61.8111
telstar401,27,SAM,1.366448,5.26328042e-04,0.996635,91.5797
telstar401,27,SAM,1.506489,5.25934871e-04,0.997380,62.8391
telstar401,27,SAM,1.660883,5.25601205e-04,0.998013,136.0538
telstar401,27,SAM,1.831099,5.25325785e-04,0.998536,110.9806
telstar401,27,SAM,2.018760,5.25105269e-04,0.998955,127.9614
telstar401,27,SAM,2.225654,5.24934526e-04,0.999280,80.8053
telstar401,27,SAM,2.453751,5.24807096e-04,0.999523,127.0115
telstar401,27,SAM,2.705225,5.24715756e-04,0.999697,105.7287
telstar401,27,SAM,2.982471,5.24653130e-04,0.999816,126.4103
telstar401,27,SAM,3.288131,5.24612235e-04,0.999894,104.1139
telstar401,27,SAM,3.625117,5.24586927e-04,0.999942,114.0017
telstar401,27,SAM,3.996639,5.24572162e-04,0.999971,75.2234
telstar401,27,SAM,4.406236,5.24564090e-04,0.999986,67.1770
telstar401,27,SAM,4.857812,5.24559982e-04,0.999994,149.8785
telstar401,27,SAM,5.355667,5.24558050e-04,0.999997,34.6385
telstar401,27,SAM,5.904545,5.24557216e-04,0.999999,146.5346
telstar401,27,SAM,6.509675,5.24556889e-04,1.000000,113.9031
telstar401,27,SAM,7.176822,5.24556774e-04,1.000000,103.0764
telstar401,27,SAM,7.912343,5.24556737e-04,1.000000,144.0115
telstar401,27,SAM,8.723243,5.24556727e-04,1.000000,69.9079
telstar401,27,SAM,9.617249,5.24556725e-04,1.000000,148.7789
telstar401,27,SAM,10.602877,5.24556724e-04,1.000000,62.5935
telstar401,27,SAM,11.689518,5.24556724e-04,1.000000,71.6498
telstar401,27,SAM,12.887524,5.24556724e-04,1.000000,130.3051
telstar401,27,SAM,14.208308,5.24556724e-04,1.000000,103.6828
telstar401,27,SAM,15.664454,5.24556724e-04,1.000000,69.6765
telstar401,27,SAM,17.269833,5.24556724e-04,1.000000,85.2936
telstar401,27,SAM,19.039740,5.24556724e-04,1.000000,77.0725
telstar401,27,SAM,20.991037,5.24556724e-04,1.000000,58.5676
telstar401,27,SAM,23.142314,5.24556724e-04,1.000000,49.5019
telstar401,27,SAM,25.514065,5.24556724e-04,1.000000,132.1981
telstar401,27,SAM,28.128887,5.24556724e-04,1.000000,90.5261
telstar401,27,SAM,31.011689,5.24556724e-04,1.000000,103.4972
telstar401,27,SAM,34.189937,5.24556724e-04,1.000000,32.3139
telstar401,27,SAM,37.693910,5.24556724e-04,1.000000,116.3748
telstar401,27,SAM,41.556988,5.24556724e-04,1.000000,98.7871
telstar401,27,SAM,45.815977,5.24556724e-04,1.000000,106.6373
telstar401,27,SAM,50.511449,5.24556724e-04,1.000000,91.0097
telstar401,27,SAM,55.688140,5.24556724e-04,1.000000,109.1624
telstar401,27,SAM,61.395366,5.24556724e-04,1.000000,36.8204
telstar401,27,SAM,67.687500,5.24556724e-04,1.000000,68.1357
telstar401,27,SAM,74.624487,5.24556724e-04,1.000000,88.8480
telstar401,27,SAM,82.272413,5.24556724e-04,1.000000,34.8108
telstar401,27,SAM,90.704142,5.24556724e-04,1.000000,71.0551
telstar401,27,SAM,100.000000,5.24556724e-04,1.000000,83.6447
telstar401,28,SAM,0.000000,2.48725381e-03,0.986713,31.1079
telstar401,28,SAM,0.001000,2.48692658e-03,0.986843,31.8505
telstar401,28,SAM,0.001102,2.48689322e-03,0.986856,31.9276
telstar401,28,SAM,0.001215,2.48685648e-03,0.986871,32.0129
telstar401,28,SAM,0.001340,2.48681603e-03,0.986887,32.1072
telstar401,28,SAM,0.001477,2.48677149e-03,0.986905,32.2115
telstar401,28,SAM,0.001629,2.48672245e-03,0.986924,32.3269
telstar401,28,SAM,0.001796,2.48666848e-03,0.986945,32.4545
telstar401,28,SAM,0.001980,2.48660907e-03,0.986969,32.5958
telstar401,28,SAM,0.002183,2.48654370e-03,0.986995,32.7523
telstar401,28,SAM,0.002406,2.48647178e-03,0.987023,32.9256
telstar401,28,SAM,0.002653,2.48639267e-03,0.987055,33.1176
telstar401,28,SAM,0.002925,2.48630568e-03,0.987089,33.3305
telstar401,28,SAM,0.003225,2.48621004e-03,0.987127,33.5665
telstar401,28,SAM,0.003555,2.48610493e-03,0.987169,33.8284
telstar401,28,SAM,0.003919,2.48598944e-03,0.987215,34.1191
telstar401,28,SAM,0.004321,2.48586259e-03,0.987265,34.4418
telstar401,28,SAM,0.004764,2.48572333e-03,0.987321,34.8003
telstar401,28,SAM,0.005252,2.48557049e-03,0.987381,35.1988
telstar401,28,SAM,0.005790,2.48540284e-03,0.987448,35.6418
telstar401,28,SAM,0.006384,2.48521903e-03,0.987521,36.1346
telstar401,28,SAM,0.007038,2.48501763e-03,0.987601,36.6830
telstar401,28,SAM,0.007759,2.48479708e-03,0.987689,37.2934
telstar401,28,SAM,0.008555,2.48455574e-03,0.987785,37.9733
telstar401,28,SAM,0.009431,2.48429185e-03,0.987890,38.7306
telstar401,28,SAM,0.010398,2.48400354e-03,0.988004,39.5745
telstar401,28,SAM,0.011464,2.48368886e-03,0.988129,40.5150
telstar401,28,SAM,0.012638,2.48334573e-03,0.988266,41.5633
telstar401,28,SAM,0.013934,2.48297202e-03,0.988415,42.7318
telstar401,28,SAM,0.015362,2.48256550e-03,0.988577,44.0342
telstar401,28,SAM,0.016936,2.48212391e-03,0.988752,45.4857
telstar401,28,SAM,0.018672,2.48164495e-03,0.988943,47.1029
telstar401,28,SAM,0.020585,2.48112633e-03,0.989150,48.9043
telstar401,28,SAM,0.022695,2.48056581e-03,0.989373,50.9097
telstar401,28,SAM,0.025021,2.47996124e-03,0.989615,53.1412
telstar401,28,SAM,0.027585,2.47931062e-03,0.989874,55.6226
telstar401,28,SAM,0.030412,2.47861220e-03,0.990153,58.3795
telstar401,28,SAM,0.033529,2.47786451e-03,0.990452,61.4400
telstar401,28,SAM,0.036966,2.47706650e-03,0.990771,64.8337
telstar401,28,SAM,0.040754,2.47621763e-03,0.991111,68.5925
telstar401,28,SAM,0.044931,2.47531799e-03,0.991471,72.7495
telstar401,28,SAM,0.049535,2.47436840e-03,0.991851,77.3391
telstar401,28,SAM,0.054612,2.47337060e-03,0.992252,82.3955
telstar401,28,SAM,0.060209,2.47232733e-03,0.992670,87.9507
telstar401,28,SAM,0.066379,2.47124245e-03,0.993106,94.0312
telstar401,28,SAM,0.073182,2.47012111e-03,0.993557,100.6510
telstar401,28,SAM,0.080683,2.46896977e-03,0.994020,107.7988
telstar401,28,SAM,0.088951,2.46779629e-03,0.994493,115.4115
telstar401,28,SAM,0.098068,2.46660992e-03,0.994971,123.3203
telstar401,28,SAM,0.108118,2.46542118e-03,0.995451,131.1320
telstar401,28,SAM,0.119199,2.46424178e-03,0.995927,137.9842
telstar401,28,SAM,0.131415,2.46308431e-03,0.996395,142.1860
telstar401,28,SAM,0.144883,2.46196194e-03,0.996850,141.3988
telstar401,28,SAM,0.159731,2.46088790e-03,0.997285,134.3715
telstar401,28,SAM,0.176101,2.45987501e-03,0.997695,121.8962
telstar401,28,SAM,0.194149,2.45893505e-03,0.998077,105.2702
telstar401,28,SAM,0.214047,2.45807811e-03,0.998425,85.2882
telstar401,28,SAM,0.235983,2.45731198e-03,0.998736,62.2849
telstar401,28,SAM,0.260168,2.45664164e-03,0.999009,36.3490
telstar401,28,SAM,0.286832,2.45606888e-03,0.999242,7.7469
telstar401,28,SAM,0.316228,2.45559213e-03,0.999436,25.0554
telstar401,28,SAM,0.348637,2.45520657e-03,0.999592,60.3388
telstar401,28,SAM,0.384367,2.45490450e-03,0.999715,98.6957
telstar401,28,SAM,0.423759,2.45467598e-03,0.999809,137.6929
telstar401,28,SAM,0.467188,2.45450963e-03,0.999876,149.3452
telstar401,28,SAM,0.515068,2.45439356e-03,0.999924,107.3688
telstar401,28,SAM,0.567855,2.45431629e-03,0.999955,56.0159
telstar401,28,SAM,0.626052,2.45426741e-03,0.999975,40.1034
telstar401,28,SAM,0.690213,2.45423821e-03,0.999987,98.7899
telstar401,28,SAM,0.760950,2.45422181e-03,0.999994,174.1169
telstar401,28,SAM,0.838936,2.45421322e-03,0.999997,99.8442
telstar401,28,SAM,0.924915,2.45420904e-03,0.999999,30.5228
telstar401,28,SAM,1.019705,2.45420718e-03,1.000000,108.4310
telstar401,28,SAM,1.124210,2.45420642e-03,1.000000,120.1294
telstar401,28,SAM,1.239425,2.45420613e-03,1.000000,4.5008
telstar401,28,SAM,1.366448,2.45420604e-03,1.000000,133.5130
telstar401,28,SAM,1.506489,2.45420602e-03,1.000000,53.8714
telstar401,28,SAM,1.660883,2.45420601e-03,1.000000,127.7148
telstar401,28,SAM,1.831099,2.45420601e-03,1.000000,53.5484
telstar401,28,SAM,2.018760,2.45420601e-03,1.000000,157.2384
telstar401,28,SAM,2.225654,2.45420601e-03,1.000000,49.3464
telstar401,28,SAM,2.453751,2.45420601e-03,1.000000,43.9536
telstar401,28,SAM,2.705225,2.45420601e-03,1.000000,122.1218
telstar401,28,SAM,2.982471,2.45420601e-03,1.000000,152.2943
telstar401,28,SAM,3.288131,2.45420601e-03,1.000000,135.5594
telstar401,28,SAM,3.625117,2.45420601e-03,1.000000,145.6580
telstar401,28,SAM,3.996639,2.45420601e-03,1.000000,76.5125
telstar401,28,SAM,4.406236,2.45420601e-03,1.000000,35.4517
telstar401,28,SAM,4.857812,2.45420601e-03,1.000000,166.4521
telstar401,28,SAM,5.355667,2.45420601e-03,1.000000,42.4461
telstar401,28,SAM,5.904545,2.45420601e-03,1.000000,55.7570
telstar401,28,SAM,6.509675,2.45420601e-03,1.000000,76.0267
telstar401,28,SAM,7.176822,2.45420601e-03,1.000000,29.4564
telstar401,28,SAM,7.912343,2.45420601e-03,1.000000,99.6081
telstar401,28,SAM,8.723243,2.45420601e-03,1.000000,70.4070
telstar401,28,SAM,9.617249,2.45420601e-03,1.000000,117.2194
telstar401,28,SAM,10.602877,2.45420601e-03,1.000000,71.1357
telstar401,28,SAM,11.689518,2.45420601e-03,1.000000,108.5074
telstar401,28,SAM,12.887524,2.45420601e-03,1.000000,52.7911
telstar401,28,SAM,14.208308,2.45420601e-03,1.000000,100.4740
telstar401,28,SAM,15.664454,2.45420601e-03,1.000000,44.4935
telstar401,28,SAM,17.269833,2.45420601e-03,1.000000,21.6929
telstar401,28,SAM,19.039740,2.45420601e-03,1.000000,106.2189
telstar401,28,SAM,20.991037,2.45420601e-03,1.000000,36.8931
telstar401,28,SAM,23.142314,2.45420601e-03,1.000000,81.3692
telstar401,28,SAM,25.514065,2.45420601e-03,1.000000,113.3822
telstar401,28,SAM,28.128887,2.45420601e-03,1.000000,118.7583
telstar401,28,SAM,31.011689,2.45420601e-03,1.000000,63.7509
telstar401,28,SAM,34.189937,2.45420601e-03,1.000000,18.8903
telstar401,28,SAM,37.693910,2.45420601e-03,1.000000,55.4141
telstar401,28,SAM,41.556988,2.45420601e-03,1.000000,145.5407
telstar401,28,SAM,45.815977,2.45420601e-03,1.000000,41.6919
telstar401,28,SAM,50.511449,2.45420601e-03,1.000000,33.1346
telstar401,28,SAM,55.688140,2.45420601e-03,1.000000,150.0150
telstar401,28,SAM,61.395366,2.45420601e-03,1.000000,131.3431
telstar401,28,SAM,67.687500,2.45420601e-03,1.000000,137.6039
telstar401,28,SAM,74.624487,2.45420601e-03,1.000000,106.2808
telstar401,28,SAM,82.272413,2.45420601e-03,1.000000,27.9069
telstar401,28,SAM,90.704142,2.45420601e-03,1.000000,48.8247
telstar401,28,SAM,100.000000,2.45420601e-03,1.000000,155.8792
telstar401,29,SAM,0.000000,4.14348203e-04,0.925691,88.6755
telstar401,29,SAM,0.001000,4.14329750e-04,0.925732,83.9095
telstar401,29,SAM,0.001102,4.14327859e-04,0.925736,83.4216
telstar401,29,SAM,0.001215,4.14325774e-04,0.925741,82.8840
telstar401,29,SAM,0.001340,4.14323476e-04,0.925746,82.2915
telstar401,29,SAM,0.001477,4.14320943e-04,0.925752,81.6386
telstar401,29,SAM,0.001629,4.14318150e-04,0.925758,80.9193
telstar401,29,SAM,0.001796,4.14315071e-04,0.925765,80.1268
telstar401,29,SAM,0.001980,4.14311677e-04,0.925773,79.2539
telstar401,29,SAM,0.002183,4.14307935e-04,0.925781,78.2927
telstar401,29,SAM,0.002406,4.14303810e-04,0.925790,77.2343
telstar401,29,SAM,0.002653,4.14299263e-04,0.925800,76.0694
telstar401,29,SAM,0.002925,4.14294251e-04,0.925812,74.7876
telstar401,29,SAM,0.003225,4.14288725e-04,0.925824,73.3780
telstar401,29,SAM,0.003555,4.14282633e-04,0.925837,71.8287
telstar401,29,SAM,0.003919,4.14275919e-04,0.925852,70.1270
telstar401,29,SAM,0.004321,4.14268517e-04,0.925869,68.2598
telstar401,29,SAM,0.004764,4.14260358e-04,0.925887,66.2134
telstar401,29,SAM,0.005252,4.14251364e-04,0.925907,63.9741
telstar401,29,SAM,0.005790,4.14241451e-04,0.925930,61.5290
telstar401,29,SAM,0.006384,4.14230525e-04,0.925954,58.8668
telstar401,29,SAM,0.007038,4.14218481e-04,0.925981,55.9795
telstar401,29,SAM,0.007759,4.14205207e-04,0.926011,52.8660
telstar401,29,SAM,0.008555,4.14190577e-04,0.926043,49.5361
telstar401,29,SAM,0.009431,4.14174453e-04,0.926079,46.0201
telstar401,29,SAM,0.010398,4.14156683e-04,0.926119,42.3829
telstar401,29,SAM,0.011464,4.14137099e-04,0.926163,38.7501
telstar401,29,SAM,0.012638,4.14115519e-04,0.926211,35.3507
telstar401,29,SAM,0.013934,4.14091738e-04,0.926264,32.5756
telstar401,29,SAM,0.015362,4.14065534e-04,0.926323,31.0198
telstar401,29,SAM,0.016936,4.14036663e-04,0.926388,31.3995
telstar401,29,SAM,0.018672,4.14004853e-04,0.926459,34.2607
telstar401,29,SAM,0.020585,4.13969809e-04,0.926537,39.7195
telstar401,29,SAM,0.022695,4.13931205e-04,0.926624,47.5569
telstar401,29,SAM,0.025021,4.13888682e-04,0.926719,57.4873
telstar401,29,SAM,0.027585,4.13841847e-04,0.926824,69.3036
telstar401,29,SAM,0.030412,4.13790269e-04,0.926939,82.8892
telstar401,29,SAM,0.033529,4.13733473e-04,0.927066,98.1758
telstar401,29,SAM,0.036966,4.13670939e-04,0.927207,115.0603
telstar401,29,SAM,0.040754,4.13602097e-04,0.927361,133.1722
telstar401,29,SAM,0.044931,4.13526323e-04,0.927531,150.7213
telstar401,29,SAM,0.049535,4.13442933e-04,0.927718,157.7874
telstar401,29,SAM,0.054612,4.13351177e-04,0.927924,142.0929
telstar401,29,SAM,0.060209,4.13250240e-04,0.928150,116.2611
telstar401,29,SAM,0.066379,4.13139227e-04,0.928400,86.7472
telstar401,29,SAM,0.073182,4.13017165e-04,0.928674,57.0288
telstar401,29,SAM,0.080683,4.12882992e-04,0.928976,39.7805
telstar401,29,SAM,0.088951,4.12735554e-04,0.929308,59.1951
telstar401,29,SAM,0.098068,4.12573596e-04,0.929673,100.7659
telstar401,29,SAM,0.108118,4.12395760e-04,0.930074,149.7880
telstar401,29,SAM,0.119199,4.12200574e-04,0.930514,147.0354
telstar401,29,SAM,0.131415,4.11986451e-04,0.930998,88.7682
telstar401,29,SAM,0.144883,4.11751683e-04,0.931528,47.0587
telstar401,29,SAM,0.159731,4.11494435e-04,0.932111,90.4114
telstar401,29,SAM,0.176101,4.11212750e-04,0.932749,168.6561
telstar401,29,SAM,0.194149,4.10904541e-04,0.933449,98.6515
telstar401,29,SAM,0.214047,4.10567600e-04,0.934215,56.2447
telstar401,29,SAM,0.235983,4.10199604e-04,0.935053,149.9278
telstar401,29,SAM,0.260168,4.09798124e-04,0.935969,90.2997
telstar401,29,SAM,0.286832,4.09360646e-04,0.936969,87.8918
telstar401,29,SAM,0.316228,4.08884592e-04,0.938060,124.7449
telstar401,29,SAM,0.348637,4.08367359e-04,0.939248,79.6052
telstar401,29,SAM,0.384367,4.07806360e-04,0.940540,95.9541
telstar401,29,SAM,0.423759,4.07199083e-04,0.941943,138.0614
telstar401,29,SAM,0.467188,4.06543164e-04,0.943463,45.6250
telstar401,29,SAM,0.515068,4.05836478e-04,0.945106,51.9625
telstar401,29,SAM,0.567855,4.05077251e-04,0.946877,90.8961
telstar401,29,SAM,0.626052,4.04264187e-04,0.948782,100.8133
telstar401,29,SAM,0.690213,4.03396625e-04,0.950822,82.1474
telstar401,29,SAM,0.760950,4.02474714e-04,0.953000,29.8872
telstar401,29,SAM,0.838936,4.01499605e-04,0.955314,66.8330
telstar401,29,SAM,0.924915,4.00473659e-04,0.957762,114.8307
telstar401,29,SAM,1.019705,3.99400656e-04,0.960335,94.9638
telstar401,29,SAM,1.124210,3.98286001e-04,0.963023,47.9415
telstar401,29,SAM,1.239425,3.97136888e-04,0.965809,52.5624
telstar401,29,SAM,1.366448,3.95962419e-04,0.968674,87.2603
telstar401,29,SAM,1.506489,3.94773633e-04,0.971591,116.0797
telstar401,29,SAM,1.660883,3.93583415e-04,0.974529,117.5006
telstar401,29,SAM,1.831099,3.92406262e-04,0.977452,117.9799
telstar401,29,SAM,2.018760,3.91257857e-04,0.980321,91.7266
telstar401,29,SAM,2.225654,3.90154471e-04,0.983094,168.8373
telstar401,29,SAM,2.453751,3.89112183e-04,0.985727,141.1630
telstar401,29,SAM,2.705225,3.88145958e-04,0.988181,59.1106
telstar401,29,SAM,2.982471,3.87268670e-04,0.990419,91.4435
telstar401,29,SAM,3.288131,3.86490167e-04,0.992414,64.7686
telstar401,29,SAM,3.625117,3.85816491e-04,0.994147,44.8338
telstar401,29,SAM,3.996639,3.85249388e-04,0.995611,29.1951
telstar401,29,SAM,4.406236,3.84786196e-04,0.996809,128.5471
telstar401,29,SAM,4.857812,3.84420160e-04,0.997758,28.1494
telstar401,29,SAM,5.355667,3.84141147e-04,0.998483,143.8471
telstar401,29,SAM,5.904545,3.83936688e-04,0.999015,104.9143
telstar401,29,SAM,6.509675,3.83793181e-04,0.999388,30.1368
telstar401,29,SAM,7.176822,3.83697097e-04,0.999639,157.3832
telstar401,29,SAM,7.912343,3.83636005e-04,0.999798,118.2287
telstar401,29,SAM,8.723243,3.83599303e-04,0.999893,116.3314
telstar401,29,SAM,9.617249,3.83578584e-04,0.999947,125.5022
telstar401,29,SAM,10.602877,3.83567662e-04,0.999976,28.3663
telstar401,29,SAM,11.689518,3.83562321e-04,0.999990,106.1900
telstar401,29,SAM,12.887524,3.83559918e-04,0.999996,53.2853
telstar401,29,SAM,14.208308,3.83558930e-04,0.999999,123.9030
telstar401,29,SAM,15.664454,3.83558563e-04,1.000000,15.4189
telstar401,29,SAM,17.269833,3.83558441e-04,1.000000,86.0292
telstar401,29,SAM,19.039740,3.83558405e-04,1.000000,153.5850
telstar401,29,SAM,20.991037,3.83558395e-04,1.000000,50.8895
telstar401,29,SAM,23.142314,3.83558393e-04,1.000000,158.2500
telstar401,29,SAM,25.514065,3.83558393e-04,1.000000,49.0450
telstar401,29,SAM,28.128887,3.83558393e-04,1.000000,101.4907
telstar401,29,SAM,31.011689,3.83558393e-04,1.000000,143.2223
telstar401,29,SAM,34.189937,3.83558393e-04,1.000000,73.4304
telstar401,29,SAM,37.693910,3.83558393e-04,1.000000,6.7349
telstar401,29,SAM,41.556988,3.83558393e-04,1.000000,131.9876
telstar401,29,SAM,45.815977,3.83558393e-04,1.000000,116.8188
telstar401,29,SAM,50.511449,3.83558393e-04,1.000000,57.7145
telstar401,29,SAM,55.688140,3.83558393e-04,1.000000,43.0869
telstar401,29,SAM,61.395366,3.83558393e-04,1.000000,132.9075
telstar401,29,SAM,67.687500,3.83558393e-04,1.000000,116.1955
telstar401,29,SAM,74.624487,3.83558393e-04,1.000000,15.9493
telstar401,29,SAM,82.272413,3.83558393e-04,1.000000,123.9598
telstar401,29,SAM,90.704142,3.83558393e-04,1.000000,39.9111
telstar401,29,SAM,100.000000,3.83558393e-04,1.000000,74.8534
telstar401,30,LAM,0.000000,5.85356922e-04,0.714259,41.0071
telstar401,30,LAM,0.001000,5.85273972e-04,0.714360,40.5991
telstar401,30,LAM,0.001102,5.85265473e-04,0.714371,40.5574
telstar401,30,LAM,0.001215,5.85256104e-04,0.714382,40.5113
telstar401,30,LAM,0.001340,5.85245775e-04,0.714395,40.4605
telstar401,30,LAM,0.001477,5.85234388e-04,0.714409,40.4045
telstar401,30,LAM,0.001629,5.85221835e-04,0.714424,40.3428
telstar401,30,LAM,0.001796,5.85207996e-04,0.714441,40.2748
telstar401,30,LAM,0.001980,5.85192741e-04,0.714460,40.1998
telstar401,30,LAM,0.002183,5.85175923e-04,0.714480,40.1171
telstar401,30,LAM,0.002406,5.85157384e-04,0.714503,40.0260
telstar401,30,LAM,0.002653,5.85136947e-04,0.714528,39.9255
telstar401,30,LAM,0.002925,5.85114418e-04,0.714555,39.8148
telstar401,30,LAM,0.003225,5.85089584e-04,0.714586,39.6928
telstar401,30,LAM,0.003555,5.85062209e-04,0.714619,39.5583
telstar401,30,LAM,0.003919,5.85032033e-04,0.714656,39.4101
telstar401,30,LAM,0.004321,5.84998771e-04,0.714696,39.2467
telstar401,30,LAM,0.004764,5.84962107e-04,0.714741,39.0666
telstar401,30,LAM,0.005252,5.84921694e-04,0.714791,38.8682
telstar401,30,LAM,0.005790,5.84877150e-04,0.714845,38.6496
telstar401,30,LAM,0.006384,5.84828055e-04,0.714905,38.4086
telstar401,30,LAM,0.007038,5.84773944e-04,0.714971,38.1432
telstar401,30,LAM,0.007759,5.84714306e-04,0.715044,37.8507
telstar401,30,LAM,0.008555,5.84648580e-04,0.715125,37.5285
telstar401,30,LAM,0.009431,5.84576147e-04,0.715213,37.1736
telstar401,30,LAM,0.010398,5.84496325e-04,0.715311,36.7828
telstar401,30,LAM,0.011464,5.84408365e-04,0.715419,36.3523
telstar401,30,LAM,0.012638,5.84311442e-04,0.715537,35.8784
telstar401,30,LAM,0.013934,5.84204648e-04,0.715668,35.3568
telstar401,30,LAM,0.015362,5.84086985e-04,0.715812,34.7827
telstar401,30,LAM,0.016936,5.83957355e-04,0.715971,34.1510
telstar401,30,LAM,0.018672,5.83814553e-04,0.716146,33.4564
telstar401,30,LAM,0.020585,5.83657251e-04,0.716339,32.6928
telstar401,30,LAM,0.022695,5.83483994e-04,0.716552,31.8539
telstar401,30,LAM,0.025021,5.83293182e-04,0.716786,30.9329
telstar401,30,LAM,0.027585,5.83083059e-04,0.717045,29.9228
telstar401,30,LAM,0.030412,5.82851699e-04,0.717329,28.8162
telstar401,30,LAM,0.033529,5.82596988e-04,0.717643,27.6060
telstar401,30,LAM,0.036966,5.82316612e-04,0.717988,26.2854
telstar401,30,LAM,0.040754,5.82008034e-04,0.718369,24.8488
telstar401,30,LAM,0.044931,5.81668479e-04,0.718788,23.2932
telstar401,30,LAM,0.049535,5.81294912e-04,0.719250,21.6201
telstar401,30,LAM,0.054612,5.80884015e-04,0.719759,19.8400
telstar401,30,LAM,0.060209,5.80432168e-04,0.720319,17.9800
telstar401,30,LAM,0.066379,5.79935424e-04,0.720936,16.0983
telstar401,30,LAM,0.073182,5.79389484e-04,0.721616,14.3118
telstar401,30,LAM,0.080683,5.78789674e-04,0.722364,12.8408
telstar401,30,LAM,0.088951,5.78130918e-04,0.723187,12.0492
telstar401,30,LAM,0.098068,5.77407718e-04,0.724092,12.3751
telstar401,30,LAM,0.108118,5.76614126e-04,0.725089,14.0759
telstar401,30,LAM,0.119199,5.75743723e-04,0.726185,17.0856
telstar401,30,LAM,0.131415,5.74789605e-04,0.727391,21.1957
telstar401,30,LAM,0.144883,5.73744364e-04,0.728716,26.2410
telstar401,30,LAM,0.159731,5.72600080e-04,0.730172,32.1387
telstar401,30,LAM,0.176101,5.71348324e-04,0.731772,38.8687
telstar401,30,LAM,0.194149,5.69980163e-04,0.733528,46.4515
telstar401,30,LAM,0.214047,5.68486189e-04,0.735456,54.9351
telstar401,30,LAM,0.235983,5.66856556e-04,0.737570,64.3873
telstar401,30,LAM,0.260168,5.65081043e-04,0.739888,74.8922
telstar401,30,LAM,0.286832,5.63149150e-04,0.742426,86.5489
telstar401,30,LAM,0.316228,5.61050212e-04,0.745203,99.4705
telstar401,30,LAM,0.348637,5.58773576e-04,0.748240,113.7850
telstar401,30,LAM,0.384367,5.56308806e-04,0.751555,129.6347
telstar401,30,LAM,0.423759,5.53645968e-04,0.755170,147.1756
telstar401,30,LAM,0.467188,5.50775970e-04,0.759105,166.5561
telstar401,30,LAM,0.515068,5.47690999e-04,0.763380,171.7501
telstar401,30,LAM,0.567855,5.44385055e-04,0.768016,148.0744
telstar401,30,LAM,0.626052,5.40854599e-04,0.773030,121.8291
telstar401,30,LAM,0.690213,5.37099352e-04,0.778434,92.8918
telstar401,30,LAM,0.760950,5.33123249e-04,0.784240,61.2403
telstar401,30,LAM,0.838936,5.28935628e-04,0.790449,28.2945
telstar401,30,LAM,0.924915,5.24552692e-04,0.797054,23.0029
telstar401,30,LAM,1.019705,5.19999436e-04,0.804033,62.0788
telstar401,30,LAM,1.124210,5.15312354e-04,0.811346,108.4093
telstar401,30,LAM,1.239425,5.10543763e-04,0.818924,152.2279
telstar401,30,LAM,1.366448,5.05770085e-04,0.826653,128.0979
telstar401,30,LAM,1.506489,5.01112386e-04,0.834337,66.5468
telstar401,30,LAM,1.660883,4.96816751e-04,0.841551,21.1887
telstar401,30,LAM,1.831099,4.93218985e-04,0.847690,90.4219
telstar401,30,LAM,2.018760,4.88030828e-04,0.856701,176.0825
telstar401,30,LAM,2.225654,4.81565290e-04,0.868203,79.6964
telstar401,30,LAM,2.453751,4.74130456e-04,0.881818,38.6858
telstar401,30,LAM,2.705225,4.66044749e-04,0.897117,154.3624
telstar401,30,LAM,2.982471,4.57697500e-04,0.913478,46.2272
telstar401,30,LAM,3.288131,4.49530294e-04,0.930074,116.1718
telstar401,30,LAM,3.625117,4.41979663e-04,0.945963,61.7037
telstar401,30,LAM,3.996639,4.35403833e-04,0.960250,149.0940
telstar401,30,LAM,4.406236,4.30021683e-04,0.972269,24.7315
telstar401,30,LAM,4.857812,4.25887827e-04,0.981706,81.8165
telstar401,30,LAM,5.355667,4.22910782e-04,0.988616,149.5223
telstar401,30,LAM,5.904545,4.20901876e-04,0.993335,156.7257
telstar401,30,LAM,6.509675,4.19632963e-04,0.996339,146.8374
telstar401,30,LAM,7.176822,4.18884120e-04,0.998120,156.5420
telstar401,30,LAM,7.912343,4.18472480e-04,0.999102,118.1031
telstar401,30,LAM,8.723243,4.18262624e-04,0.999603,26.5051
telstar401,30,LAM,9.617249,4.18163968e-04,0.999839,142.7431
telstar401,30,LAM,10.602877,4.18121497e-04,0.999940,15.0978
telstar401,30,LAM,11.689518,4.18104891e-04,0.999980,92.4887
telstar401,30,LAM,12.887524,4.18099049e-04,0.999994,112.7776
telstar401,30,LAM,14.208308,4.18097219e-04,0.999998,72.1981
telstar401,30,LAM,15.664454,4.18096714e-04,1.000000,55.4893
telstar401,30,LAM,17.269833,4.18096593e-04,1.000000,92.9493
telstar401,30,LAM,19.039740,4.18096569e-04,1.000000,148.2734
telstar401,30,LAM,20.991037,4.18096564e-04,1.000000,95.8681
telstar401,30,LAM,23.142314,4.18096564e-04,1.000000,69.8708
telstar401,30,LAM,25.514065,4.18096564e-04,1.000000,7.2384
telstar401,30,LAM,28.128887,4.18096564e-04,1.000000,81.1586
telstar401,30,LAM,31.011689,4.18096564e-04,1.000000,44.9355
telstar401,30,LAM,34.189937,4.18096564e-04,1.000000,20.9974
telstar401,30,LAM,37.693910,4.18096564e-04,1.000000,127.7990
telstar401,30,LAM,41.556988,4.18096564e-04,1.000000,51.0030
telstar401,30,LAM,45.815977,4.18096564e-04,1.000000,96.7705
telstar401,30,LAM,50.511449,4.18096564e-04,1.000000,104.0622
telstar401,30,LAM,55.688140,4.18096564e-04,1.000000,131.6875
telstar401,30,LAM,61.395366,4.18096564e-04,1.000000,61.7711
telstar401,30,LAM,67.687500,4.18096564e-04,1.000000,27.4239
telstar401,30,LAM,74.624487,4.18096564e-04,1.000000,48.9051
telstar401,30,LAM,82.272413,4.18096564e-04,1.000000,151.8328
telstar401,30,LAM,90.704142,4.18096564e-04,1.000000,26.5453
telstar401,30,LAM,100.000000,4.18096564e-04,1.000000,5.6291
telstar401,31,LAM,0.000000,2.34674891e-04,0.668962,154.8107
telstar401,31,LAM,0.001000,2.34673773e-04,0.668966,153.4972
telstar401,31,LAM,0.001102,2.34673659e-04,0.668966,153.3374
telstar401,31,LAM,0.001215,2.34673532e-04,0.668966,153.1561
telstar401,31,LAM,0.001340,2.34673393e-04,0.668967,152.9501
telstar401,31,LAM,0.001477,2.34673240e-04,0.668967,152.7158
telstar401,31,LAM,0.001629,2.34673071e-04,0.668968,152.4491
telstar401,31,LAM,0.001796,2.34672884e-04,0.668968,152.1449
telstar401,31,LAM,0.001980,2.34672678e-04,0.668969,151.7977
telstar401,31,LAM,0.002183,2.34672452e-04,0.668969,151.4011
telstar401,31,LAM,0.002406,2.34672202e-04,0.668970,150.9477
telstar401,31,LAM,0.002653,2.34671926e-04,0.668971,150.4292
telstar401,31,LAM,0.002925,2.34671622e-04,0.668972,149.8359
telstar401,31,LAM,0.003225,2.34671287e-04,0.668973,149.1572
telstar401,31,LAM,0.003555,2.34670918e-04,0.668974,148.3808
telstar401,31,LAM,0.003919,2.34670511e-04,0.668975,147.4931
telstar401,31,LAM,0.004321,2.34670062e-04,0.668976,146.4791
telstar401,31,LAM,0.004764,2.34669567e-04,0.668978,145.3219
telstar401,31,LAM,0.005252,2.34669021e-04,0.668979,144.0031
telstar401,31,LAM,0.005790,2.34668420e-04,0.668981,142.5023
telstar401,31,LAM,0.006384,2.34667757e-04,0.668983,140.7975
telstar401,31,LAM,0.007038,2.34667026e-04,0.668985,138.8645
telstar401,31,LAM,0.007759,2.34666219e-04,0.668987,136.6773
telstar401,31,LAM,0.008555,2.34665331e-04,0.668990,134.2076
telstar401,31,LAM,0.009431,2.34664351e-04,0.668993,131.4251
telstar401,31,LAM,0.010398,2.34663271e-04,0.668996,128.2967
telstar401,31,LAM,0.011464,2.34662080e-04,0.668999,124.7871
telstar401,31,LAM,0.012638,2.34660767e-04,0.669003,120.8580
telstar401,31,LAM,0.013934,2.34659320e-04,0.669007,116.4678
telstar401,31,LAM,0.015362,2.34657724e-04,0.669011,111.5721
telstar401,31,LAM,0.016936,2.34655965e-04,0.669016,106.1227
telstar401,31,LAM,0.018672,2.34654026e-04,0.669022,100.0682
telstar401,31,LAM,0.020585,2.34651888e-04,0.669028,93.3538
telstar401,31,LAM,0.022695,2.34649531e-04,0.669035,85.9228
telstar401,31,LAM,0.025021,2.34646932e-04,0.669042,77.7179
telstar401,31,LAM,0.027585,2.34644067e-04,0.669050,68.6876
telstar401,31,LAM,0.030412,2.34640909e-04,0.669059,58.7979
telstar401,31,LAM,0.033529,2.34637427e-04,0.669069,48.0687
telstar401,31,LAM,0.036966,2.34633588e-04,0.669080,36.6877
telstar401,31,LAM,0.040754,2.34629356e-04,0.669092,25.4821
telstar401,31,LAM,0.044931,2.34624691e-04,0.669106,18.1253
telstar401,31,LAM,0.049535,2.34619547e-04,0.669120,22.7428
telstar401,31,LAM,0.054612,2.34613877e-04,0.669136,37.1244
telstar401,31,LAM,0.060209,2.34607626e-04,0.669154,55.7085
telstar401,31,LAM,0.066379,2.34600735e-04,0.669174,76.8292
telstar401,31,LAM,0.073182,2.34593139e-04,0.669196,99.7495
telstar401,31,LAM,0.080683,2.34584764e-04,0.669219,123.0462
telstar401,31,LAM,0.088951,2.34575532e-04,0.669246,140.9990
telstar401,31,LAM,0.098068,2.34565355e-04,0.669275,137.1400
telstar401,31,LAM,0.108118,2.34554136e-04,0.669307,110.1216
telstar401,31,LAM,0.119199,2.34541769e-04,0.669342,72.7879
telstar401,31,LAM,0.131415,2.34528136e-04,0.669381,29.7223
telstar401,31,LAM,0.144883,2.34513109e-04,0.669424,20.5068
telstar401,31,LAM,0.159731,2.34496544e-04,0.669471,71.8994
telstar401,31,LAM,0.176101,2.34478284e-04,0.669523,121.4763
telstar401,31,LAM,0.194149,2.34458157e-04,0.669581,124.3585
telstar401,31,LAM,0.214047,2.34435972e-04,0.669644,64.2476
telstar401,31,LAM,0.235983,2.34411520e-04,0.669714,13.2698
telstar401,31,LAM,0.260168,2.34384569e-04,0.669791,96.0049
telstar401,31,LAM,0.286832,2.34354864e-04,0.669876,123.1876
telstar401,31,LAM,0.316228,2.34322126e-04,0.669970,30.3133
telstar401,31,LAM,0.348637,2.34286045e-04,0.670073,85.1512
telstar401,31,LAM,0.384367,2.34246282e-04,0.670186,115.6440
telstar401,31,LAM,0.423759,2.34202463e-04,0.670312,27.0131
telstar401,31,LAM,0.467188,2.34154177e-04,0.670450,148.5975
telstar401,31,LAM,0.515068,2.34100969e-04,0.670602,31.4139
telstar401,31,LAM,0.567855,2.34042343e-04,0.670770,137.4880
telstar401,31,LAM,0.626052,2.33977751e-04,0.670956,95.4327
telstar401,31,LAM,0.690213,2.33906589e-04,0.671160,49.8589
telstar401,31,LAM,0.760950,2.33828195e-04,0.671385,108.0502
telstar401,31,LAM,0.838936,2.33741841e-04,0.671633,153.3150
telstar401,31,LAM,0.924915,2.33646729e-04,0.671906,164.5820
telstar401,31,LAM,1.019705,2.33541979e-04,0.672208,147.1657
telstar401,31,LAM,1.124210,2.33426627e-04,0.672540,99.5099
telstar401,31,LAM,1.239425,2.33299617e-04,0.672906,7.7723
telstar401,31,LAM,1.366448,2.33159789e-04,0.673309,123.8612
telstar401,31,LAM,1.506489,2.33005871e-04,0.673754,31.9969
telstar401,31,LAM,1.660883,2.32836471e-04,0.674244,125.4599
telstar401,31,LAM,1.831099,2.32650067e-04,0.674785,150.4380
telstar401,31,LAM,2.018760,2.32444993e-04,0.675380,105.3536
telstar401,31,LAM,2.225654,2.32219428e-04,0.676036,15.9158
telstar401,31,LAM,2.453751,2.31971387e-04,0.676759,115.8863
telstar401,31,LAM,2.705225,2.31698705e-04,0.677555,164.7281
telstar401,31,LAM,2.982471,2.31399023e-04,0.678433,86.3068
telstar401,31,LAM,3.288131,2.31069781e-04,0.679399,106.2940
telstar401,31,LAM,3.625117,2.30708197e-04,0.680464,112.6829
telstar401,31,LAM,3.996639,2.30311260e-04,0.681637,97.2130
telstar401,31,LAM,4.406236,2.29875715e-04,0.682929,112.5434
telstar401,31,LAM,4.857812,2.29398053e-04,0.684351,68.4434
telstar401,31,LAM,5.355667,2.28874501e-04,0.685916,92.7274
telstar401,31,LAM,5.904545,2.28301019e-04,0.687639,59.0456
telstar401,31,LAM,6.509675,2.27673293e-04,0.689535,80.3277
telstar401,31,LAM,7.176822,2.26986741e-04,0.691621,110.7976
telstar401,31,LAM,7.912343,2.26236522e-04,0.693914,37.6662
telstar401,31,LAM,8.723243,2.25417552e-04,0.696435,99.7642
telstar401,31,LAM,9.617249,2.24524533e-04,0.699205,62.8098
telstar401,31,LAM,10.602877,2.23551996e-04,0.702247,169.3668
telstar401,31,LAM,11.689518,2.22494361e-04,0.705585,68.6949
telstar401,31,LAM,12.887524,2.21346015e-04,0.709246,77.1549
telstar401,31,LAM,14.208308,2.20101421e-04,0.713256,82.4355
telstar401,31,LAM,15.664454,2.18755249e-04,0.717645,63.4201
telstar401,31,LAM,17.269833,2.17302553e-04,0.722443,21.0497
telstar401,31,LAM,19.039740,2.15738982e-04,0.727679,116.5513
telstar401,31,LAM,20.991037,2.14061048e-04,0.733383,141.1407
telstar401,31,LAM,23.142314,2.12266440e-04,0.739583,73.1104
telstar401,31,LAM,25.514065,2.10354410e-04,0.746306,46.5431
telstar401,31,LAM,28.128887,2.08326225e-04,0.753571,98.5671
telstar401,31,LAM,31.011689,2.06185691e-04,0.761395,102.7107
telstar401,31,LAM,34.189937,2.03939781e-04,0.769780,76.1531
telstar401,31,LAM,37.693910,2.01599356e-04,0.778716,92.5958
telstar401,31,LAM,41.556988,1.99180061e-04,0.788175,152.6457
telstar401,31,LAM,45.815977,1.96703504e-04,0.798098,45.7267
telstar401,31,LAM,50.511449,1.94199057e-04,0.808391,94.6378
telstar401,31,LAM,55.688140,1.91707260e-04,0.818898,52.0216
telstar401,31,LAM,61.395366,1.89288270e-04,0.829363,114.6334
telstar401,31,LAM,67.687500,1.87053542e-04,0.839271,48.0315
telstar401,31,LAM,74.624487,1.85253515e-04,0.847426,139.1904
telstar401,31,LAM,82.272413,1.82643558e-04,0.859536,51.2994
telstar401,31,LAM,90.704142,1.79269695e-04,0.875712,127.7665
telstar401,31,LAM,100.000000,1.75406458e-04,0.895000,127.7700
telstar401,32,LAM,0.000000,3.47403647e-04,0.577372,104.4821
telstar401,32,LAM,0.001000,3.47398992e-04,0.577380,105.0424
telstar401,32,LAM,0.001102,3.47398515e-04,0.577380,105.0994
telstar401,32,LAM,0.001215,3.47397989e-04,0.577381,105.1622
telstar401,32,LAM,0.001340,3.47397409e-04,0.577382,105.2313
telstar401,32,LAM,0.001477,3.47396769e-04,0.577383,105.3073
telstar401,32,LAM,0.001629,3.47396064e-04,0.577385,105.3910
telstar401,32,LAM,0.001796,3.47395287e-04,0.577386,105.4830
telstar401,32,LAM,0.001980,3.47394430e-04,0.577387,105.5842
telstar401,32,LAM,0.002183,3.47393486e-04,0.577389,105.6955
telstar401,32,LAM,0.002406,3.47392445e-04,0.577391,105.8179
telstar401,32,LAM,0.002653,3.47391296e-04,0.577392,105.9523
telstar401,32,LAM,0.002925,3.47390031e-04,0.577395,106.1000
telstar401,32,LAM,0.003225,3.47388635e-04,0.577397,106.2621
telstar401,32,LAM,0.003555,3.47387097e-04,0.577399,106.4400
telstar401,32,LAM,0.003919,3.47385401e-04,0.577402,106.6352
telstar401,32,LAM,0.004321,3.47383531e-04,0.577405,106.8491
telstar401,32,LAM,0.004764,3.47381469e-04,0.577409,107.0834
telstar401,32,LAM,0.005252,3.47379196e-04,0.577413,107.3398
telstar401,32,LAM,0.005790,3.47376690e-04,0.577417,107.6202
telstar401,32,LAM,0.006384,3.47373928e-04,0.577421,107.9264
telstar401,32,LAM,0.007038,3.47370882e-04,0.577426,108.2605
telstar401,32,LAM,0.007759,3.47367524e-04,0.577432,108.6245
telstar401,32,LAM,0.008555,3.47363823e-04,0.577438,109.0203
telstar401,32,LAM,0.009431,3.47359741e-04,0.577445,109.4500
telstar401,32,LAM,0.010398,3.47355242e-04,0.577452,109.9154
telstar401,32,LAM,0.011464,3.47350282e-04,0.577461,110.4180
telstar401,32,LAM,0.012638,3.47344813e-04,0.577470,110.9591
telstar401,32,LAM,0.013934,3.47338784e-04,0.577480,111.5395
telstar401,32,LAM,0.015362,3.47332137e-04,0.577491,112.1591
telstar401,32,LAM,0.016936,3.47324809e-04,0.577503,112.8167
telstar401,32,LAM,0.018672,3.47316731e-04,0.577516,113.5098
telstar401,32,LAM,0.020585,3.47307824e-04,0.577531,114.2340
telstar401,32,LAM,0.022695,3.47298006e-04,0.577548,114.9820
telstar401,32,LAM,0.025021,3.47287181e-04,0.577566,115.7434
telstar401,32,LAM,0.027585,3.47275247e-04,0.577585,116.5033
telstar401,32,LAM,0.030412,3.47262091e-04,0.577607,117.2414
telstar401,32,LAM,0.033529,3.47247587e-04,0.577631,117.9305
telstar401,32,LAM,0.036966,3.47231598e-04,0.577658,118.5352
telstar401,32,LAM,0.040754,3.47213971e-04,0.577687,119.0104
telstar401,32,LAM,0.044931,3.47194538e-04,0.577720,119.3003
telstar401,32,LAM,0.049535,3.47173115e-04,0.577755,119.3386
telstar401,32,LAM,0.054612,3.47149499e-04,0.577795,119.0493
telstar401,32,LAM,0.060209,3.47123464e-04,0.577838,118.3502
telstar401,32,LAM,0.066379,3.47094764e-04,0.577886,117.1592
telstar401,32,LAM,0.073182,3.47063125e-04,0.577938,115.4034
telstar401,32,LAM,0.080683,3.47028247e-04,0.577997,113.0310
telstar401,32,LAM,0.088951,3.46989800e-04,0.578061,110.0265
telstar401,32,LAM,0.098068,3.46947418e-04,0.578131,106.4274
telstar401,32,LAM,0.108118,3.46900699e-04,0.578209,102.3463
telstar401,32,LAM,0.119199,3.46849200e-04,0.578295,97.9971
telstar401,32,LAM,0.131415,3.46792433e-04,0.578390,93.7304
telstar401,32,LAM,0.144883,3.46729861e-04,0.578494,90.0695
telstar401,32,LAM,0.159731,3.46660890e-04,0.578609,87.7267
telstar401,32,LAM,0.176101,3.46584869e-04,0.578736,87.5470
telstar401,32,LAM,0.194149,3.46501079e-04,0.578876,90.3267
telstar401,32,LAM,0.214047,3.46408728e-04,0.579030,96.5250
telstar401,32,LAM,0.235983,3.46306945e-04,0.579200,105.9852
telstar401,32,LAM,0.260168,3.46194770e-04,0.579388,117.6645
telstar401,32,LAM,0.286832,3.46071146e-04,0.579595,128.9727
telstar401,32,LAM,0.316228,3.45934912e-04,0.579823,134.4505
telstar401,32,LAM,0.348637,3.45784786e-04,0.580075,128.0127
telstar401,32,LAM,0.384367,3.45619361e-04,0.580353,111.1130
telstar401,32,LAM,0.423759,3.45437088e-04,0.580659,90.2294
telstar401,32,LAM,0.467188,3.45236264e-04,0.580997,72.7230
telstar401,32,LAM,0.515068,3.45015015e-04,0.581369,67.6993
telstar401,32,LAM,0.567855,3.44771282e-04,0.581780,77.7609
telstar401,32,LAM,0.626052,3.44502804e-04,0.582234,90.9298
telstar401,32,LAM,0.690213,3.44207096e-04,0.582734,90.6497
telstar401,32,LAM,0.760950,3.43881430e-04,0.583286,71.9294
telstar401,32,LAM,0.838936,3.43522813e-04,0.583895,51.2887
telstar401,32,LAM,0.924915,3.43127961e-04,0.584567,60.8055
telstar401,32,LAM,1.019705,3.42693278e-04,0.585308,96.1574
telstar401,32,LAM,1.124210,3.42214822e-04,0.586126,128.5033
telstar401,32,LAM,1.239425,3.41688282e-04,0.587030,126.0487
telstar401,32,LAM,1.366448,3.41108942e-04,0.588027,95.9940
telstar401,32,LAM,1.506489,3.40471653e-04,0.589127,66.2507
telstar401,32,LAM,1.660883,3.39770799e-04,0.590342,51.3526
telstar401,32,LAM,1.831099,3.39000261e-04,0.591684,62.7343
telstar401,32,LAM,2.018760,3.38153386e-04,0.593166,87.4186
telstar401,32,LAM,2.225654,3.37222952e-04,0.594803,101.1467
telstar401,32,LAM,2.453751,3.36201139e-04,0.596610,74.1053
telstar401,32,LAM,2.705225,3.35079500e-04,0.598608,66.1666
telstar401,32,LAM,2.982471,3.33848936e-04,0.600814,101.5270
telstar401,32,LAM,3.288131,3.32499687e-04,0.603252,114.4367
telstar401,32,LAM,3.625117,3.31021326e-04,0.605946,65.1239
telstar401,32,LAM,3.996639,3.29402771e-04,0.608924,107.8787
telstar401,32,LAM,4.406236,3.27632320e-04,0.612214,79.8196
telstar401,32,LAM,4.857812,3.25697709e-04,0.615851,63.3849
telstar401,32,LAM,5.355667,3.23586214e-04,0.619869,85.4210
telstar401,32,LAM,5.904545,3.21284785e-04,0.624309,99.4696
telstar401,32,LAM,6.509675,3.18780254e-04,0.629214,69.5456
telstar401,32,LAM,7.176822,3.16059603e-04,0.634631,98.6613
telstar401,32,LAM,7.912343,3.13110322e-04,0.640608,54.7056
telstar401,32,LAM,8.723243,3.09920882e-04,0.647201,45.3692
telstar401,32,LAM,9.617249,3.06481318e-04,0.654464,51.6299
telstar401,32,LAM,10.602877,3.02783970e-04,0.662456,85.7925
telstar401,32,LAM,11.689518,2.98824375e-04,0.671234,90.7615
telstar401,32,LAM,12.887524,2.94602332e-04,0.680854,53.7723
telstar401,32,LAM,14.208308,2.90123133e-04,0.691365,93.9204
telstar401,32,LAM,15.664454,2.85398955e-04,0.702810,54.4751
telstar401,32,LAM,17.269833,2.80450363e-04,0.715211,132.4997
telstar401,32,LAM,19.039740,2.75307879e-04,0.728570,113.2895
telstar401,32,LAM,20.991037,2.70013545e-04,0.742856,90.4385
telstar401,32,LAM,23.142314,2.64622425e-04,0.757990,84.8599
telstar401,32,LAM,25.514065,2.59204136e-04,0.773835,110.2546
telstar401,32,LAM,28.128887,2.53844862e-04,0.790172,85.8912
telstar401,32,LAM,31.011689,2.48651644e-04,0.806675,114.8626
telstar401,32,LAM,34.189937,2.43765908e-04,0.822843,132.8698
telstar401,32,LAM,37.693910,2.39425864e-04,0.837759,83.2092
telstar401,32,LAM,41.556988,2.36002123e-04,0.849912,104.5234
telstar401,32,LAM,45.815977,2.30933005e-04,0.868568,59.0297
telstar401,32,LAM,50.511449,2.24715448e-04,0.892600,110.8364
telstar401,32,LAM,55.688140,2.18252919e-04,0.919031,79.4732
telstar401,32,LAM,61.395366,2.12419884e-04,0.944267,107.4372
telstar401,32,LAM,67.687500,2.07820211e-04,0.965167,87.5159
telstar401,32,LAM,74.624487,2.04625829e-04,0.980234,93.1655
telstar401,32,LAM,82.272413,2.02650738e-04,0.989787,99.1345
telstar401,32,LAM,90.704142,2.01552023e-04,0.995183,46.0062
telstar401,32,LAM,100.000000,2.00998152e-04,0.997925,99.4894
telstar401,33,SAM,0.000000,5.61220578e-04,0.930823,114.0645
telstar401,33,SAM,0.001000,5.61165511e-04,0.930914,114.2734
telstar401,33,SAM,0.001102,5.61159870e-04,0.930923,114.2666
telstar401,33,SAM,0.001215,5.61153653e-04,0.930934,114.2531
telstar401,33,SAM,0.001340,5.61146798e-04,0.930945,114.2308
telstar401,33,SAM,0.001477,5.61139243e-04,0.930957,114.1973
telstar401,33,SAM,0.001629,5.61130914e-04,0.930971,114.1496
telstar401,33,SAM,0.001796,5.61121733e-04,0.930987,114.0838
telstar401,33,SAM,0.001980,5.61111613e-04,0.931003,113.9955
telstar401,33,SAM,0.002183,5.61100459e-04,0.931022,113.8790
telstar401,33,SAM,0.002406,5.61088163e-04,0.931042,113.7275
telstar401,33,SAM,0.002653,5.61074611e-04,0.931065,113.5326
telstar401,33,SAM,0.002925,5.61059674e-04,0.931090,113.2846
telstar401,33,SAM,0.003225,5.61043211e-04,0.931117,112.9714
telstar401,33,SAM,0.003555,5.61025067e-04,0.931147,112.5788
telstar401,33,SAM,0.003919,5.61005070e-04,0.931180,112.0902
telstar401,33,SAM,0.004321,5.60983033e-04,0.931217,111.4857
telstar401,33,SAM,0.004764,5.60958747e-04,0.931257,110.7428
telstar401,33,SAM,0.005252,5.60931986e-04,0.931301,109.8355
telstar401,33,SAM,0.005790,5.60902498e-04,0.931350,108.7348
telstar401,33,SAM,0.006384,5.60870006e-04,0.931404,107.4088
telstar401,33,SAM,0.007038,5.60834208e-04,0.931464,105.8234
telstar401,33,SAM,0.007759,5.60794769e-04,0.931529,103.9437
telstar401,33,SAM,0.008555,5.60751322e-04,0.931602,101.7359
telstar401,33,SAM,0.009431,5.60703463e-04,0.931681,99.1703
telstar401,33,SAM,0.010398,5.60650751e-04,0.931769,96.2261
telstar401,33,SAM,0.011464,5.60592697e-04,0.931865,92.8980
telstar401,33,SAM,0.012638,5.60528769e-04,0.931971,89.2060
telstar401,33,SAM,0.013934,5.60458379e-04,0.932088,85.2110
telstar401,33,SAM,0.015362,5.60380885e-04,0.932217,81.0365
telstar401,33,SAM,0.016936,5.60295583e-04,0.932359,76.9005
telstar401,33,SAM,0.018672,5.60201702e-04,0.932516,73.1561
telstar401,33,SAM,0.020585,5.60098396e-04,0.932688,70.3298
telstar401,33,SAM,0.022695,5.59984744e-04,0.932877,69.1198
telstar401,33,SAM,0.025021,5.59859737e-04,0.933085,70.2933
telstar401,33,SAM,0.027585,5.59722273e-04,0.933314,74.4521
telstar401,33,SAM,0.030412,5.59571153e-04,0.933566,81.7670
telstar401,33,SAM,0.033529,5.59405070e-04,0.933843,91.8190
telstar401,33,SAM,0.036966,5.59222604e-04,0.934148,103.4627
telstar401,33,SAM,0.040754,5.59022214e-04,0.934483,114.3964
telstar401,33,SAM,0.044931,5.58802229e-04,0.934851,120.4525
telstar401,33,SAM,0.049535,5.58560845e-04,0.935255,116.8634
telstar401,33,SAM,0.054612,5.58296114e-04,0.935698,103.4855
telstar401,33,SAM,0.060209,5.58005944e-04,0.936185,86.2614
telstar401,33,SAM,0.066379,5.57688092e-04,0.936719,75.5040
telstar401,33,SAM,0.073182,5.57340161e-04,0.937303,82.8543
telstar401,33,SAM,0.080683,5.56959605e-04,0.937944,106.6655
telstar401,33,SAM,0.088951,5.56543729e-04,0.938645,126.1552
telstar401,33,SAM,0.098068,5.56089701e-04,0.939411,111.0389
telstar401,33,SAM,0.108118,5.55594563e-04,0.940248,83.3130
telstar401,33,SAM,0.119199,5.55055255e-04,0.941162,93.3345
telstar401,33,SAM,0.131415,5.54468643e-04,0.942157,129.7092
telstar401,33,SAM,0.144883,5.53831559e-04,0.943241,105.4061
telstar401,33,SAM,0.159731,5.53140858e-04,0.944419,89.6626
telstar401,33,SAM,0.176101,5.52393477e-04,0.945697,134.6910
telstar401,33,SAM,0.194149,5.51586529e-04,0.947080,92.3206
telstar401,33,SAM,0.214047,5.50717403e-04,0.948575,126.1101
telstar401,33,SAM,0.235983,5.49783889e-04,0.950186,96.0838
telstar401,33,SAM,0.260168,5.48784335e-04,0.951916,135.0478
telstar401,33,SAM,0.286832,5.47717814e-04,0.953770,90.3406
telstar401,33,SAM,0.316228,5.46584331e-04,0.955748,107.7964
telstar401,33,SAM,0.348637,5.45385037e-04,0.957849,132.3378
telstar401,33,SAM,0.384367,5.44122473e-04,0.960072,123.5176
telstar401,33,SAM,0.423759,5.42800806e-04,0.962410,113.7846
telstar401,33,SAM,0.467188,5.41426069e-04,0.964853,114.8689
telstar401,33,SAM,0.515068,5.40006364e-04,0.967390,108.0969
telstar401,33,SAM,0.567855,5.38552015e-04,0.970002,61.6593
telstar401,33,SAM,0.626052,5.37075634e-04,0.972669,88.2812
telstar401,33,SAM,0.690213,5.35592057e-04,0.975363,45.3656
telstar401,33,SAM,0.760950,5.34118133e-04,0.978055,71.0970
telstar401,33,SAM,0.838936,5.32672311e-04,0.980709,77.7935
telstar401,33,SAM,0.924915,5.31274022e-04,0.983291,59.7402
telstar401,33,SAM,1.019705,5.29942854e-04,0.985761,107.2304
telstar401,33,SAM,1.124210,5.28697541e-04,0.988082,83.9757
telstar401,33,SAM,1.239425,5.27554850e-04,0.990223,90.6080
telstar401,33,SAM,1.366448,5.26528447e-04,0.992153,122.6372
telstar401,33,SAM,1.506489,5.25627882e-04,0.993853,66.4591
telstar401,33,SAM,1.660883,5.24857834e-04,0.995311,55.2068
telstar401,33,SAM,1.831099,5.24217735e-04,0.996526,88.0529
telstar401,33,SAM,2.018760,5.23701872e-04,0.997508,111.9869
telstar401,33,SAM,2.225654,5.23299979e-04,0.998274,92.6721
telstar401,33,SAM,2.453751,5.22998268e-04,0.998850,82.8897
telstar401,33,SAM,2.705225,5.22780770e-04,0.999265,54.0144
telstar401,33,SAM,2.982471,5.22630793e-04,0.999552,86.4825
telstar401,33,SAM,3.288131,5.22532290e-04,0.999741,129.9789
telstar401,33,SAM,3.625117,5.22470959e-04,0.999858,92.3849
telstar401,33,SAM,3.996639,5.22434949e-04,0.999927,95.5773
telstar401,33,SAM,4.406236,5.22415126e-04,0.999965,96.3412
telstar401,33,SAM,4.857812,5.22404960e-04,0.999984,75.2509
telstar401,33,SAM,5.355667,5.22400139e-04,0.999994,131.2044
telstar401,33,SAM,5.904545,5.22398040e-04,0.999998,69.6399
telstar401,33,SAM,6.509675,5.22397208e-04,0.999999,102.0495
telstar401,33,SAM,7.176822,5.22396912e-04,1.000000,95.9527
telstar401,33,SAM,7.912343,5.22396817e-04,1.000000,76.6921
telstar401,33,SAM,8.723243,5.22396791e-04,1.000000,87.8362
telstar401,33,SAM,9.617249,5.22396784e-04,1.000000,78.9245
telstar401,33,SAM,10.602877,5.22396783e-04,1.000000,98.0908
telstar401,33,SAM,11.689518,5.22396783e-04,1.000000,90.7706
telstar401,33,SAM,12.887524,5.22396783e-04,1.000000,99.0413
telstar401,33,SAM,14.208308,5.22396783e-04,1.000000,107.4630
telstar401,33,SAM,15.664454,5.22396783e-04,1.000000,87.3918
telstar401,33,SAM,17.269833,5.22396783e-04,1.000000,136.2634
telstar401,33,SAM,19.039740,5.22396783e-04,1.000000,104.0842
telstar401,33,SAM,20.991037,5.22396783e-04,1.000000,88.6542
telstar401,33,SAM,23.142314,5.22396783e-04,1.000000,94.4372
telstar401,33,SAM,25.514065,5.22396783e-04,1.000000,110.4718
telstar401,33,SAM,28.128887,5.22396783e-04,1.000000,100.7438
telstar401,33,SAM,31.011689,5.22396783e-04,1.000000,75.8864
telstar401,33,SAM,34.189937,5.22396783e-04,1.000000,88.8496
telstar401,33,SAM,37.693910,5.22396783e-04,1.000000,90.7758
telstar401,33,SAM,41.556988,5.22396783e-04,1.000000,105.9578
telstar401,33,SAM,45.815977,5.22396783e-04,1.000000,56.7057
telstar401,33,SAM,50.511449,5.22396783e-04,1.000000,111.2858
telstar401,33,SAM,55.688140,5.22396783e-04,1.000000,89.5626
telstar401,33,SAM,61.395366,5.22396783e-04,1.000000,88.2111
telstar401,33,SAM,67.687500,5.22396783e-04,1.000000,68.1047
telstar401,33,SAM,74.624487,5.22396783e-04,1.000000,58.5068
telstar401,33,SAM,82.272413,5.22396783e-04,1.000000,91.0110
telstar401,33,SAM,90.704142,5.22396783e-04,1.000000,46.9267
telstar401,33,SAM,100.000000,5.22396783e-04,1.000000,66.5266
telstar401,34,SAM,0.000000,1.94935864e-03,0.893322,142.9127
telstar401,34,SAM,0.001000,1.94792276e-03,0.893980,143.0199
telstar401,34,SAM,0.001102,1.94777597e-03,0.894048,143.0308
telstar401,34,SAM,0.001215,1.94761421e-03,0.894122,143.0428
telstar401,34,SAM,0.001340,1.94743596e-03,0.894204,143.0561
telstar401,34,SAM,0.001477,1.94723957e-03,0.894294,143.0706
telstar401,34,SAM,0.001629,1.94702318e-03,0.894393,143.0867
telstar401,34,SAM,0.001796,1.94678479e-03,0.894503,143.1044
telstar401,34,SAM,0.001980,1.94652218e-03,0.894623,143.1238
telstar401,34,SAM,0.002183,1.94623291e-03,0.894756,143.1452
telstar401,34,SAM,0.002406,1.94591430e-03,0.894903,143.1688
telstar401,34,SAM,0.002653,1.94556341e-03,0.895064,143.1947
telstar401,34,SAM,0.002925,1.94517702e-03,0.895242,143.2231
telstar401,34,SAM,0.003225,1.94475159e-03,0.895438,143.2545
telstar401,34,SAM,0.003555,1.94428323e-03,0.895654,143.2889
telstar401,34,SAM,0.003919,1.94376770e-03,0.895891,143.3267
telstar401,34,SAM,0.004321,1.94320034e-03,0.896153,143.3682
telstar401,34,SAM,0.004764,1.94257606e-03,0.896441,143.4137
telstar401,34,SAM,0.005252,1.94188930e-03,0.896758,143.4637
telstar401,34,SAM,0.005790,1.94113398e-03,0.897107,143.5186
telstar401,34,SAM,0.006384,1.94030347e-03,0.897491,143.5787
telstar401,34,SAM,0.007038,1.93939056e-03,0.897913,143.6445
telstar401,34,SAM,0.007759,1.93838739e-03,0.898378,143.7166
telstar401,34,SAM,0.008555,1.93728545e-03,0.898889,143.7955
telstar401,34,SAM,0.009431,1.93607549e-03,0.899451,143.8816
telstar401,34,SAM,0.010398,1.93474755e-03,0.900068,143.9757
telstar401,34,SAM,0.011464,1.93329084e-03,0.900746,144.0783
telstar401,34,SAM,0.012638,1.93169380e-03,0.901491,144.1901
telstar401,34,SAM,0.013934,1.92994401e-03,0.902308,144.3117
telstar401,34,SAM,0.015362,1.92802825e-03,0.903205,144.4437
telstar401,34,SAM,0.016936,1.92593245e-03,0.904188,144.5869
telstar401,34,SAM,0.018672,1.92364175e-03,0.905264,144.7419
telstar401,34,SAM,0.020585,1.92114057e-03,0.906443,144.9093
telstar401,34,SAM,0.022695,1.91841269e-03,0.907732,145.0897
telstar401,34,SAM,0.025021,1.91544136e-03,0.909140,145.2834
telstar401,34,SAM,0.027585,1.91220955e-03,0.910677,145.4909
telstar401,34,SAM,0.030412,1.90870012e-03,0.912351,145.7123
telstar401,34,SAM,0.033529,1.90489624e-03,0.914173,145.9475
telstar401,34,SAM,0.036966,1.90078171e-03,0.916152,146.1964
telstar401,34,SAM,0.040754,1.89634155e-03,0.918297,146.4583
telstar401,34,SAM,0.044931,1.89156258e-03,0.920617,146.7321
telstar401,34,SAM,0.049535,1.88643417e-03,0.923120,147.0164
telstar401,34,SAM,0.054612,1.88094916e-03,0.925811,147.3092
telstar401,34,SAM,0.060209,1.87510480e-03,0.928697,147.6080
telstar401,34,SAM,0.066379,1.86890390e-03,0.931778,147.9096
telstar401,34,SAM,0.073182,1.86235602e-03,0.935054,148.2105
telstar401,34,SAM,0.080683,1.85547871e-03,0.938520,148.5067
telstar401,34,SAM,0.088951,1.84829876e-03,0.942166,148.7945
telstar401,34,SAM,0.098068,1.84085328e-03,0.945977,149.0704
telstar401,34,SAM,0.108118,1.83319057e-03,0.949931,149.3323
telstar401,34,SAM,0.119199,1.82537068e-03,0.954000,149.5808
telstar401,34,SAM,0.131415,1.81746530e-03,0.958150,149.8205
telstar401,34,SAM,0.144883,1.80955709e-03,0.962337,150.0623
telstar401,34,SAM,0.159731,1.80173801e-03,0.966514,150.3259
telstar401,34,SAM,0.176101,1.79410681e-03,0.970625,150.6422
telstar401,34,SAM,0.194149,1.78676540e-03,0.974613,151.0567
telstar401,34,SAM,0.214047,1.77981434e-03,0.978419,151.6311
telstar401,34,SAM,0.235983,1.77334758e-03,0.981987,152.4433
telstar401,34,SAM,0.260168,1.76744689e-03,0.985265,153.5844
telstar401,34,SAM,0.286832,1.76217641e-03,0.988212,155.1473
telstar401,34,SAM,0.316228,1.75757798e-03,0.990798,157.2016
telstar401,34,SAM,0.348637,1.75366792e-03,0.993007,159.7373
telstar401,34,SAM,0.384367,1.75043580e-03,0.994840,162.5392
telstar401,34,SAM,0.423759,1.74784557e-03,0.996315,164.9261
telstar401,34,SAM,0.467188,1.74583904e-03,0.997460,165.5137
telstar401,34,SAM,0.515068,1.74434144e-03,0.998316,163.1544
telstar401,34,SAM,0.567855,1.74326835e-03,0.998931,158.5508
telstar401,34,SAM,0.626052,1.74253309e-03,0.999352,153.4885
telstar401,34,SAM,0.690213,1.74205345e-03,0.999627,149.8538
telstar401,34,SAM,0.760950,1.74175698e-03,0.999798,149.4954
telstar401,34,SAM,0.838936,1.74158428e-03,0.999897,153.8754
telstar401,34,SAM,0.924915,1.74149003e-03,0.999951,163.2746
telstar401,34,SAM,1.019705,1.74144215e-03,0.999978,174.8959
telstar401,34,SAM,1.124210,1.74141968e-03,0.999991,169.0586
telstar401,34,SAM,1.239425,1.74141001e-03,0.999997,162.5292
telstar401,34,SAM,1.366448,1.74140622e-03,0.999999,167.1141
telstar401,34,SAM,1.506489,1.74140489e-03,1.000000,170.4223
telstar401,34,SAM,1.660883,1.74140447e-03,1.000000,153.2150
telstar401,34,SAM,1.831099,1.74140436e-03,1.000000,149.4294
telstar401,34,SAM,2.018760,1.74140433e-03,1.000000,162.5167
telstar401,34,SAM,2.225654,1.74140433e-03,1.000000,153.1367
telstar401,34,SAM,2.453751,1.74140433e-03,1.000000,151.8222
telstar401,34,SAM,2.705225,1.74140432e-03,1.000000,138.4338
telstar401,34,SAM,2.982471,1.74140432e-03,1.000000,140.3439
telstar401,34,SAM,3.288131,1.74140432e-03,1.000000,132.6545
telstar401,34,SAM,3.625117,1.74140432e-03,1.000000,126.2182
telstar401,34,SAM,3.996639,1.74140432e-03,1.000000,119.8048
telstar401,34,SAM,4.406236,1.74140432e-03,1.000000,109.9774
telstar401,34,SAM,4.857812,1.74140432e-03,1.000000,97.0224
telstar401,34,SAM,5.355667,1.74140432e-03,1.000000,90.7333
telstar401,34,SAM,5.904545,1.74140432e-03,1.000000,76.3230
telstar401,34,SAM,6.509675,1.74140432e-03,1.000000,66.9473
telstar401,34,SAM,7.176822,1.74140432e-03,1.000000,59.8132
telstar401,34,SAM,7.912343,1.74140432e-03,1.000000,34.7630
telstar401,34,SAM,8.723243,1.74140432e-03,1.000000,26.1135
telstar401,34,SAM,9.617249,1.74140432e-03,1.000000,10.0127
telstar401,34,SAM,10.602877,1.74140432e-03,1.000000,19.4599
telstar401,34,SAM,11.689518,1.74140432e-03,1.000000,43.3137
telstar401,34,SAM,12.887524,1.74140432e-03,1.000000,70.5578
telstar401,34,SAM,14.208308,1.74140432e-03,1.000000,97.6339
telstar401,34,SAM,15.664454,1.74140432e-03,1.000000,120.8214
telstar401,34,SAM,17.269833,1.74140432e-03,1.000000,156.0831
telstar401,34,SAM,19.039740,1.74140432e-03,1.000000,161.3469
telstar401,34,SAM,20.991037,1.74140432e-03,1.000000,118.0142
telstar401,34,SAM,23.142314,1.74140432e-03,1.000000,77.9694
telstar401,34,SAM,25.514065,1.74140432e-03,1.000000,23.0726
telstar401,34,SAM,28.128887,1.74140432e-03,1.000000,37.9509
telstar401,34,SAM,31.011689,1.74140432e-03,1.000000,94.3776
telstar401,34,SAM,34.189937,1.74140432e-03,1.000000,155.3760
telstar401,34,SAM,37.693910,1.74140432e-03,1.000000,119.3145
telstar401,34,SAM,41.556988,1.74140432e-03,1.000000,42.3710
telstar401,34,SAM,45.815977,1.74140432e-03,1.000000,51.9976
telstar401,34,SAM,50.511449,1.74140432e-03,1.000000,148.2015
telstar401,34,SAM,55.688140,1.74140432e-03,1.000000,99.0959
telstar401,34,SAM,61.395366,1.74140432e-03,1.000000,30.5805
telstar401,34,SAM,67.687500,1.74140432e-03,1.000000,141.8449
telstar401,34,SAM,74.624487,1.74140432e-03,1.000000,59.6484
telstar401,34,SAM,82.272413,1.74140432e-03,1.000000,106.8436
telstar401,34,SAM,90.704142,1.74140432e-03,1.000000,75.6735
telstar401,34,SAM,100.000000,1.74140432e-03,1.000000,122.0369
telstar401,35,LAM,0.000000,2.78687292e-04,0.564068,143.2957
telstar401,35,LAM,0.001000,2.78685804e-04,0.564071,143.4114
telstar401,35,LAM,0.001102,2.78685652e-04,0.564071,143.4202
telstar401,35,LAM,0.001215,2.78685483e-04,0.564071,143.4293
telstar401,35,LAM,0.001340,2.78685298e-04,0.564072,143.4385
telstar401,35,LAM,0.001477,2.78685094e-04,0.564072,143.4477
telstar401,35,LAM,0.001629,2.78684868e-04,0.564072,143.4567
telstar401,35,LAM,0.001796,2.78684620e-04,0.564073,143.4651
telstar401,35,LAM,0.001980,2.78684346e-04,0.564074,143.4727
telstar401,35,LAM,0.002183,2.78684044e-04,0.564074,143.4790
telstar401,35,LAM,0.002406,2.78683712e-04,0.564075,143.4832
telstar401,35,LAM,0.002653,2.78683345e-04,0.564076,143.4848
telstar401,35,LAM,0.002925,2.78682940e-04,0.564076,143.4828
telstar401,35,LAM,0.003225,2.78682494e-04,0.564077,143.4759
telstar401,35,LAM,0.003555,2.78682003e-04,0.564078,143.4627
telstar401,35,LAM,0.003919,2.78681460e-04,0.564079,143.4412
telstar401,35,LAM,0.004321,2.78680863e-04,0.564081,143.4093
telstar401,35,LAM,0.004764,2.78680204e-04,0.564082,143.3640
telstar401,35,LAM,0.005252,2.78679478e-04,0.564083,143.3019
telstar401,35,LAM,0.005790,2.78678677e-04,0.564085,143.2186
telstar401,35,LAM,0.006384,2.78677794e-04,0.564087,143.1090
telstar401,35,LAM,0.007038,2.78676820e-04,0.564089,142.9667
telstar401,35,LAM,0.007759,2.78675747e-04,0.564091,142.7840
telstar401,35,LAM,0.008555,2.78674564e-04,0.564093,142.5516
telstar401,35,LAM,0.009431,2.78673260e-04,0.564096,142.2584
telstar401,35,LAM,0.010398,2.78671822e-04,0.564099,141.8914
telstar401,35,LAM,0.011464,2.78670236e-04,0.564102,141.4349
telstar401,35,LAM,0.012638,2.78668488e-04,0.564106,140.8709
telstar401,35,LAM,0.013934,2.78666561e-04,0.564110,140.1784
telstar401,35,LAM,0.015362,2.78664437e-04,0.564114,139.3334
telstar401,35,LAM,0.016936,2.78662095e-04,0.564119,138.3088
telstar401,35,LAM,0.018672,2.78659512e-04,0.564124,137.0743
telstar401,35,LAM,0.020585,2.78656666e-04,0.564130,135.5966
telstar401,35,LAM,0.022695,2.78653527e-04,0.564136,133.8395
telstar401,35,LAM,0.025021,2.78650067e-04,0.564143,131.7643
telstar401,35,LAM,0.027585,2.78646252e-04,0.564151,129.3299
telstar401,35,LAM,0.030412,2.78642047e-04,0.564159,126.4930
telstar401,35,LAM,0.033529,2.78637410e-04,0.564169,123.2089
telstar401,35,LAM,0.036966,2.78632298e-04,0.564179,119.4308
telstar401,35,LAM,0.040754,2.78626663e-04,0.564190,115.1107
telstar401,35,LAM,0.044931,2.78620450e-04,0.564203,110.1989
telstar401,35,LAM,0.049535,2.78613600e-04,0.564217,104.6446
telstar401,35,LAM,0.054612,2.78606049e-04,0.564232,98.3956
telstar401,35,LAM,0.060209,2.78597724e-04,0.564249,91.3998
telstar401,35,LAM,0.066379,2.78588546e-04,0.564268,83.6073
telstar401,35,LAM,0.073182,2.78578428e-04,0.564288,74.9741
telstar401,35,LAM,0.080683,2.78567274e-04,0.564311,65.4723
telstar401,35,LAM,0.088951,2.78554976e-04,0.564336,55.1137
telstar401,35,LAM,0.098068,2.78541419e-04,0.564363,44.0151
telstar401,35,LAM,0.108118,2.78526474e-04,0.564393,32.6201
telstar401,35,LAM,0.119199,2.78509997e-04,0.564427,22.6207
telstar401,35,LAM,0.131415,2.78491833e-04,0.564463,19.7631
telstar401,35,LAM,0.144883,2.78471809e-04,0.564504,28.7358
telstar401,35,LAM,0.159731,2.78449734e-04,0.564549,44.1547
telstar401,35,LAM,0.176101,2.78425399e-04,0.564598,62.3016
telstar401,35,LAM,0.194149,2.78398572e-04,0.564653,81.6727
telstar401,35,LAM,0.214047,2.78368999e-04,0.564713,100.6676
telstar401,35,LAM,0.235983,2.78336398e-04,0.564779,115.8591
telstar401,35,LAM,0.260168,2.78300461e-04,0.564852,120.2286
telstar401,35,LAM,0.286832,2.78260845e-04,0.564932,107.7921
telstar401,35,LAM,0.316228,2.78217176e-04,0.565021,81.4769
telstar401,35,LAM,0.348637,2.78169040e-04,0.565118,47.0865
telstar401,35,LAM,0.384367,2.78115979e-04,0.565226,20.6301
telstar401,35,LAM,0.423759,2.78057492e-04,0.565345,55.1381
telstar401,35,LAM,0.467188,2.77993024e-04,0.565476,107.0018
telstar401,35,LAM,0.515068,2.77921967e-04,0.565621,146.1798
telstar401,35,LAM,0.567855,2.77843647e-04,0.565780,108.3628
telstar401,35,LAM,0.626052,2.77757326e-04,0.565956,58.4630
telstar401,35,LAM,0.690213,2.77662189e-04,0.566150,78.7312
telstar401,35,LAM,0.760950,2.77557339e-04,0.566364,148.9671
telstar401,35,LAM,0.838936,2.77441789e-04,0.566600,120.6936
telstar401,35,LAM,0.924915,2.77314452e-04,0.566860,46.5645
telstar401,35,LAM,1.019705,2.77174131e-04,0.567147,109.3303
telstar401,35,LAM,1.124210,2.77019512e-04,0.567464,98.3313
telstar401,35,LAM,1.239425,2.76849147e-04,0.567813,23.4464
telstar401,35,LAM,1.366448,2.76661444e-04,0.568198,125.8699
telstar401,35,LAM,1.506489,2.76454654e-04,0.568623,45.1599
telstar401,35,LAM,1.660883,2.76226853e-04,0.569092,145.5675
telstar401,35,LAM,1.831099,2.75975928e-04,0.569609,66.0581
telstar401,35,LAM,2.018760,2.75699559e-04,0.570180,136.9286
telstar401,35,LAM,2.225654,2.75395199e-04,0.570810,13.2066
telstar401,35,LAM,2.453751,2.75060055e-04,0.571506,126.1945
telstar401,35,LAM,2.705225,2.74691062e-04,0.572274,94.9866
telstar401,35,LAM,2.982471,2.74284864e-04,0.573121,63.9546
telstar401,35,LAM,3.288131,2.73837786e-04,0.574057,121.1281
telstar401,35,LAM,3.625117,2.73345809e-04,0.575090,69.3065
telstar401,35,LAM,3.996639,2.72804542e-04,0.576231,91.3307
telstar401,35,LAM,4.406236,2.72209191e-04,0.577491,102.7365
telstar401,35,LAM,4.857812,2.71554535e-04,0.578884,75.9737
telstar401,35,LAM,5.355667,2.70834889e-04,0.580422,84.6004
telstar401,35,LAM,5.904545,2.70044082e-04,0.582122,150.1065
telstar401,35,LAM,6.509675,2.69175428e-04,0.584000,114.1676
telstar401,35,LAM,7.176822,2.68221700e-04,0.586077,122.5880
telstar401,35,LAM,7.912343,2.67175112e-04,0.588372,48.9905
telstar401,35,LAM,8.723243,2.66027305e-04,0.590911,71.9212
telstar401,35,LAM,9.617249,2.64769350e-04,0.593719,128.1109
telstar401,35,LAM,10.602877,2.63391752e-04,0.596824,154.6421
telstar401,35,LAM,11.689518,2.61884485e-04,0.600259,137.2914
telstar401,35,LAM,12.887524,2.60237046e-04,0.604059,69.2633
telstar401,35,LAM,14.208308,2.58438541e-04,0.608262,121.3008
telstar401,35,LAM,15.664454,2.56477817e-04,0.612913,69.5764
telstar401,35,LAM,17.269833,2.54343637e-04,0.618055,118.8226
telstar401,35,LAM,19.039740,2.52024930e-04,0.623742,102.1533
telstar401,35,LAM,20.991037,2.49511121e-04,0.630026,85.1162
telstar401,35,LAM,23.142314,2.46792544e-04,0.636966,75.0207
telstar401,35,LAM,25.514065,2.43860986e-04,0.644623,75.3371
telstar401,35,LAM,28.128887,2.40710351e-04,0.653061,126.5041
telstar401,35,LAM,31.011689,2.37337463e-04,0.662342,34.3500
telstar401,35,LAM,34.189937,2.33743025e-04,0.672527,20.9198
telstar401,35,LAM,37.693910,2.29932719e-04,0.683672,129.3773
telstar401,35,LAM,41.556988,2.25918430e-04,0.695820,73.2836
telstar401,35,LAM,45.815977,2.21719549e-04,0.708997,107.4319
telstar401,35,LAM,50.511449,2.17364304e-04,0.723203,140.9131
telstar401,35,LAM,55.688140,2.12891023e-04,0.738399,73.2546
telstar401,35,LAM,61.395366,2.08349293e-04,0.754495,125.4006
telstar401,35,LAM,67.687500,2.03801043e-04,0.771333,68.8192
telstar401,35,LAM,74.624487,1.99321999e-04,0.788666,83.8552
telstar401,35,LAM,82.272413,1.95005119e-04,0.806125,15.5884
telstar401,35,LAM,90.704142,1.90972577e-04,0.823147,59.4867
telstar401,35,LAM,100.000000,1.87436267e-04,0.838677,68.4013
telstar401,36,SAM,0.000000,1.53829528e-03,0.914630,125.3543
telstar401,36,SAM,0.001000,1.53746850e-03,0.915122,125.8006
telstar401,36,SAM,0.001102,1.53738399e-03,0.915172,125.8429
telstar401,36,SAM,0.001215,1.53729087e-03,0.915227,125.8888
telstar401,36,SAM,0.001340,1.53718826e-03,0.915288,125.9385
telstar401,36,SAM,0.001477,1.53707522e-03,0.915356,125.9921
telstar401,36,SAM,0.001629,1.53695067e-03,0.915430,126.0499
telstar401,36,SAM,0.001796,1.53681347e-03,0.915512,126.1119
telstar401,36,SAM,0.001980,1.53666233e-03,0.915602,126.1783
telstar401,36,SAM,0.002183,1.53649587e-03,0.915701,126.2490
telstar401,36,SAM,0.002406,1.53631253e-03,0.915810,126.3240
telstar401,36,SAM,0.002653,1.53611064e-03,0.915930,126.4029
telstar401,36,SAM,0.002925,1.53588833e-03,0.916063,126.4854
telstar401,36,SAM,0.003225,1.53564359e-03,0.916209,126.5709
telstar401,36,SAM,0.003555,1.53537418e-03,0.916370,126.6583
telstar401,36,SAM,0.003919,1.53507766e-03,0.916547,126.7465
telstar401,36,SAM,0.004321,1.53475138e-03,0.916742,126.8336
telstar401,36,SAM,0.004764,1.53439240e-03,0.916956,126.9173
telstar401,36,SAM,0.005252,1.53399754e-03,0.917192,126.9944
telstar401,36,SAM,0.005790,1.53356332e-03,0.917452,127.0609
telstar401,36,SAM,0.006384,1.53308594e-03,0.917738,127.1117
telstar401,36,SAM,0.007038,1.53256126e-03,0.918052,127.1402
telstar401,36,SAM,0.007759,1.53198480e-03,0.918397,127.1379
telstar401,36,SAM,0.008555,1.53135166e-03,0.918777,127.0945
telstar401,36,SAM,0.009431,1.53065656e-03,0.919194,126.9969
telstar401,36,SAM,0.010398,1.52989378e-03,0.919652,126.8293
telstar401,36,SAM,0.011464,1.52905714e-03,0.920156,126.5720
telstar401,36,SAM,0.012638,1.52813999e-03,0.920708,126.2016
telstar401,36,SAM,0.013934,1.52713521e-03,0.921314,125.6902
telstar401,36,SAM,0.015362,1.52603518e-03,0.921978,125.0046
telstar401,36,SAM,0.016936,1.52483177e-03,0.922705,124.1070
telstar401,36,SAM,0.018672,1.52351640e-03,0.923502,122.9541
telstar401,36,SAM,0.020585,1.52208000e-03,0.924374,121.4983
telstar401,36,SAM,0.022695,1.52051308e-03,0.925326,119.6880
telstar401,36,SAM,0.025021,1.51880579e-03,0.926366,117.4696
telstar401,36,SAM,0.027585,1.51694799e-03,0.927501,114.7892
telstar401,36,SAM,0.030412,1.51492938e-03,0.928737,111.5961
telstar401,36,SAM,0.033529,1.51273962e-03,0.930081,107.8465
telstar401,36,SAM,0.036966,1.51036856e-03,0.931541,103.5100
telstar401,36,SAM,0.040754,1.50780645e-03,0.933124,98.5779
telstar401,36,SAM,0.044931,1.50504423e-03,0.934837,93.0783
telstar401,36,SAM,0.049535,1.50207395e-03,0.936685,87.1004
telstar401,36,SAM,0.054612,1.49888911e-03,0.938676,80.8363
telstar401,36,SAM,0.060209,1.49548525e-03,0.940812,74.6514
telstar401,36,SAM,0.066379,1.49186046e-03,0.943098,69.1895
telstar401,36,SAM,0.073182,1.48801606e-03,0.945535,65.4828
telstar401,36,SAM,0.080683,1.48395725e-03,0.948121,64.9197
telstar401,36,SAM,0.088951,1.47969390e-03,0.950852,68.8358
telstar401,36,SAM,0.098068,1.47524124e-03,0.953722,77.8597
telstar401,36,SAM,0.108118,1.47062052e-03,0.956719,91.6801
telstar401,36,SAM,0.119199,1.46585963e-03,0.959826,109.2766
telstar401,36,SAM,0.131415,1.46099345e-03,0.963023,128.6046
telstar401,36,SAM,0.144883,1.45606391e-03,0.966284,143.5351
telstar401,36,SAM,0.159731,1.45111975e-03,0.969576,139.4704
telstar401,36,SAM,0.176101,1.44621573e-03,0.972864,116.9921
telstar401,36,SAM,0.194149,1.44141128e-03,0.976106,90.9991
telstar401,36,SAM,0.214047,1.43676852e-03,0.979260,76.6749
telstar401,36,SAM,0.235983,1.43234977e-03,0.982281,90.6551
telstar401,36,SAM,0.260168,1.42821445e-03,0.985126,127.5209
telstar401,36,SAM,0.286832,1.42441570e-03,0.987753,146.6491
telstar401,36,SAM,0.316228,1.42099701e-03,0.990129,102.0520
telstar401,36,SAM,0.348637,1.41798905e-03,0.992230,73.2270
telstar401,36,SAM,0.384367,1.41540740e-03,0.994039,115.7391
telstar401,36,SAM,0.423759,1.41325123e-03,0.995556,123.2277
telstar401,36,SAM,0.467188,1.41150350e-03,0.996789,58.7445
telstar401,36,SAM,0.515068,1.41013256e-03,0.997758,111.6869
telstar401,36,SAM,0.567855,1.40909516e-03,0.998492,72.4003
telstar401,36,SAM,0.626052,1.40834050e-03,0.999027,80.5391
telstar401,36,SAM,0.690213,1.40781476e-03,0.999400,65.5312
telstar401,36,SAM,0.760950,1.40746547e-03,0.999648,89.8286
telstar401,36,SAM,0.838936,1.40724520e-03,0.999805,34.7863
telstar401,36,SAM,0.924915,1.40711403e-03,0.999898,97.7104
telstar401,36,SAM,1.019705,1.40704068e-03,0.999950,126.3817
telstar401,36,SAM,1.124210,1.40700241e-03,0.999977,112.2853
telstar401,36,SAM,1.239425,1.40698391e-03,0.999991,102.4760
telstar401,36,SAM,1.366448,1.40697568e-03,0.999996,101.4349
telstar401,36,SAM,1.506489,1.40697235e-03,0.999999,114.4279
telstar401,36,SAM,1.660883,1.40697113e-03,1.000000,95.9016
telstar401,36,SAM,1.831099,1.40697073e-03,1.000000,33.4519
telstar401,36,SAM,2.018760,1.40697061e-03,1.000000,128.5274
telstar401,36,SAM,2.225654,1.40697058e-03,1.000000,97.6542
telstar401,36,SAM,2.453751,1.40697058e-03,1.000000,61.1629
telstar401,36,SAM,2.705225,1.40697058e-03,1.000000,37.2752
telstar401,36,SAM,2.982471,1.40697058e-03,1.000000,100.7169
telstar401,36,SAM,3.288131,1.40697058e-03,1.000000,101.9316
telstar401,36,SAM,3.625117,1.40697058e-03,1.000000,109.7239
telstar401,36,SAM,3.996639,1.40697058e-03,1.000000,125.6265
telstar401,36,SAM,4.406236,1.40697058e-03,1.000000,86.3629
telstar401,36,SAM,4.857812,1.40697058e-03,1.000000,107.5765
telstar401,36,SAM,5.355667,1.40697058e-03,1.000000,144.4766
telstar401,36,SAM,5.904545,1.40697058e-03,1.000000,44.8900
telstar401,36,SAM,6.509675,1.40697058e-03,1.000000,71.4680
telstar401,36,SAM,7.176822,1.40697058e-03,1.000000,103.3259
telstar401,36,SAM,7.912343,1.40697058e-03,1.000000,63.3524
telstar401,36,SAM,8.723243,1.40697058e-03,1.000000,74.7019
telstar401,36,SAM,9.617249,1.40697058e-03,1.000000,39.3094
telstar401,36,SAM,10.602877,1.40697058e-03,1.000000,43.6593
telstar401,36,SAM,11.689518,1.40697058e-03,1.000000,78.2861
telstar401,36,SAM,12.887524,1.40697058e-03,1.000000,104.4259
telstar401,36,SAM,14.208308,1.40697058e-03,1.000000,81.0981
telstar401,36,SAM,15.664454,1.40697058e-03,1.000000,50.0066
telstar401,36,SAM,17.269833,1.40697058e-03,1.000000,91.8896
telstar401,36,SAM,19.039740,1.40697058e-03,1.000000,75.3260
telstar401,36,SAM,20.991037,1.40697058e-03,1.000000,56.5877
telstar401,36,SAM,23.142314,1.40697058e-03,1.000000,121.6591
telstar401,36,SAM,25.514065,1.40697058e-03,1.000000,124.2199
telstar401,36,SAM,28.128887,1.40697058e-03,1.000000,123.8676
telstar401,36,SAM,31.011689,1.40697058e-03,1.000000,56.9029
telstar401,36,SAM,34.189937,1.40697058e-03,1.000000,126.2946
telstar401,36,SAM,37.693910,1.40697058e-03,1.000000,31.8940
telstar401,36,SAM,41.556988,1.40697058e-03,1.000000,79.1959
telstar401,36,SAM,45.815977,1.40697058e-03,1.000000,90.3983
telstar401,36,SAM,50.511449,1.40697058e-03,1.000000,112.1334
telstar401,36,SAM,55.688140,1.40697058e-03,1.000000,104.6230
telstar401,36,SAM,61.395366,1.40697058e-03,1.000000,125.7987
telstar401,36,SAM,67.687500,1.40697058e-03,1.000000,104.3973
telstar401,36,SAM,74.624487,1.40697058e-03,1.000000,101.4786
telstar401,36,SAM,82.272413,1.40697058e-03,1.000000,146.2723
telstar401,36,SAM,90.704142,1.40697058e-03,1.000000,93.5070
telstar401,36,SAM,100.000000,1.40697058e-03,1.000000,80.6209
telstar401,37,LAM,0.000000,2.52791406e-04,0.454600,48.6232
telstar401,37,LAM,0.001000,2.52791076e-04,0.454601,43.1410
telstar401,37,LAM,0.001102,2.52791042e-04,0.454601,42.9317
telstar401,37,LAM,0.001215,2.52791005e-04,0.454601,42.7844
telstar401,37,LAM,0.001340,2.52790964e-04,0.454601,42.7248
telstar401,37,LAM,0.001477,2.52790918e-04,0.454601,42.7842
telstar401,37,LAM,0.001629,2.52790868e-04,0.454601,43.0011
telstar401,37,LAM,0.001796,2.52790813e-04,0.454601,43.4213
telstar401,37,LAM,0.001980,2.52790752e-04,0.454601,44.0978
telstar401,37,LAM,0.002183,2.52790685e-04,0.454602,45.0902
telstar401,37,LAM,0.002406,2.52790612e-04,0.454602,46.4637
telstar401,37,LAM,0.002653,2.52790530e-04,0.454602,48.2863
telstar401,37,LAM,0.002925,2.52790440e-04,0.454602,50.6269
telstar401,37,LAM,0.003225,2.52790341e-04,0.454602,53.5526
telstar401,37,LAM,0.003555,2.52790232e-04,0.454602,57.1259
telstar401,37,LAM,0.003919,2.52790112e-04,0.454603,61.4041
telstar401,37,LAM,0.004321,2.52789979e-04,0.454603,66.4367
telstar401,37,LAM,0.004764,2.52789833e-04,0.454603,72.2647
telstar401,37,LAM,0.005252,2.52789672e-04,0.454603,78.9165
telstar401,37,LAM,0.005790,2.52789494e-04,0.454604,86.4006
telstar401,37,LAM,0.006384,2.52789298e-04,0.454604,94.6902
telstar401,37,LAM,0.007038,2.52789082e-04,0.454604,103.6890
telstar401,37,LAM,0.007759,2.52788844e-04,0.454605,113.1585
telstar401,37,LAM,0.008555,2.52788581e-04,0.454605,122.5571
telstar401,37,LAM,0.009431,2.52788291e-04,0.454606,130.7034
telstar401,37,LAM,0.010398,2.52787972e-04,0.454606,135.3165
telstar401,37,LAM,0.011464,2.52787620e-04,0.454607,133.4544
telstar401,37,LAM,0.012638,2.52787232e-04,0.454608,123.9798
telstar401,37,LAM,0.013934,2.52786805e-04,0.454609,108.3508
telstar401,37,LAM,0.015362,2.52786333e-04,0.454609,88.5700
telstar401,37,LAM,0.016936,2.52785813e-04,0.454610,66.6315
telstar401,37,LAM,0.018672,2.52785240e-04,0.454611,46.6278
telstar401,37,LAM,0.020585,2.52784608e-04,0.454613,41.0257
telstar401,37,LAM,0.022695,2.52783911e-04,0.454614,60.0368
telstar401,37,LAM,0.025021,2.52783143e-04,0.454615,91.6867
telstar401,37,LAM,0.027585,2.52782296e-04,0.454617,123.4613
telstar401,37,LAM,0.030412,2.52781362e-04,0.454618,129.6267
telstar401,37,LAM,0.033529,2.52780333e-04,0.454620,94.5795
telstar401,37,LAM,0.036966,2.52779198e-04,0.454622,48.5632
telstar401,37,LAM,0.040754,2.52777947e-04,0.454625,50.0667
telstar401,37,LAM,0.044931,2.52776567e-04,0.454627,105.7066
telstar401,37,LAM,0.049535,2.52775046e-04,0.454630,124.4197
telstar401,37,LAM,0.054612,2.52773370e-04,0.454633,59.8667
telstar401,37,LAM,0.060209,2.52771521e-04,0.454636,56.9355
telstar401,37,LAM,0.066379,2.52769483e-04,0.454640,127.1135
telstar401,37,LAM,0.073182,2.52767236e-04,0.454644,60.3296
telstar401,37,LAM,0.080683,2.52764759e-04,0.454648,79.1080
telstar401,37,LAM,0.088951,2.52762028e-04,0.454653,99.6435
telstar401,37,LAM,0.098068,2.52759016e-04,0.454659,58.6438
telstar401,37,LAM,0.108118,2.52755697e-04,0.454665,92.6234
telstar401,37,LAM,0.119199,2.52752037e-04,0.454671,89.8579
telstar401,37,LAM,0.131415,2.52748002e-04,0.454678,31.2934
telstar401,37,LAM,0.144883,2.52743553e-04,0.454686,99.0594
telstar401,37,LAM,0.159731,2.52738648e-04,0.454695,115.4232
telstar401,37,LAM,0.176101,2.52733240e-04,0.454705,93.4482
telstar401,37,LAM,0.194149,2.52727278e-04,0.454716,83.5081
telstar401,37,LAM,0.214047,2.52720705e-04,0.454727,96.0008
telstar401,37,LAM,0.235983,2.52713458e-04,0.454741,113.6801
telstar401,37,LAM,0.260168,2.52705468e-04,0.454755,62.8855
telstar401,37,LAM,0.286832,2.52696659e-04,0.454771,64.9857
telstar401,37,LAM,0.316228,2.52686947e-04,0.454788,69.1776
telstar401,37,LAM,0.348637,2.52676239e-04,0.454808,118.1905
telstar401,37,LAM,0.384367,2.52664433e-04,0.454829,113.1489
telstar401,37,LAM,0.423759,2.52651416e-04,0.454852,126.5154
telstar401,37,LAM,0.467188,2.52637064e-04,0.454878,70.7662
telstar401,37,LAM,0.515068,2.52621241e-04,0.454907,119.8483
telstar401,37,LAM,0.567855,2.52603795e-04,0.454938,76.8172
telstar401,37,LAM,0.626052,2.52584559e-04,0.454973,105.5450
telstar401,37,LAM,0.690213,2.52563351e-04,0.455011,124.3542
telstar401,37,LAM,0.760950,2.52539966e-04,0.455053,150.4088
telstar401,37,LAM,0.838936,2.52514183e-04,0.455099,150.5261
telstar401,37,LAM,0.924915,2.52485754e-04,0.455151,66.9204
telstar401,37,LAM,1.019705,2.52454407e-04,0.455207,64.1725
telstar401,37,LAM,1.124210,2.52419844e-04,0.455269,91.1285
telstar401,37,LAM,1.239425,2.52381732e-04,0.455338,61.8166
telstar401,37,LAM,1.366448,2.52339708e-04,0.455414,119.6830
telstar401,37,LAM,1.506489,2.52293369e-04,0.455498,49.5959
telstar401,37,LAM,1.660883,2.52242271e-04,0.455590,69.7372
telstar401,37,LAM,1.831099,2.52185924e-04,0.455692,66.9793
telstar401,37,LAM,2.018760,2.52123787e-04,0.455804,41.3184
telstar401,37,LAM,2.225654,2.52055265e-04,0.455928,43.3750
telstar401,37,LAM,2.453751,2.51979698e-04,0.456065,56.4775
telstar401,37,LAM,2.705225,2.51896361e-04,0.456216,70.6717
telstar401,37,LAM,2.982471,2.51804451e-04,0.456382,124.9264
telstar401,37,LAM,3.288131,2.51703084e-04,0.456566,103.4569
telstar401,37,LAM,3.625117,2.51591282e-04,0.456769,98.1880
telstar401,37,LAM,3.996639,2.51467965e-04,0.456993,125.7338
telstar401,37,LAM,4.406236,2.51331943e-04,0.457240,41.5393
telstar401,37,LAM,4.857812,2.51181898e-04,0.457513,125.4743
telstar401,37,LAM,5.355667,2.51016377e-04,0.457815,38.5935
telstar401,37,LAM,5.904545,2.50833773e-04,0.458148,138.3621
telstar401,37,LAM,6.509675,2.50632311e-04,0.458516,138.2353
telstar401,37,LAM,7.176822,2.50410029e-04,0.458924,94.5044
telstar401,37,LAM,7.912343,2.50164758e-04,0.459373,74.2711
telstar401,37,LAM,8.723243,2.49894099e-04,0.459871,117.5855
telstar401,37,LAM,9.617249,2.49595401e-04,0.460421,141.7861
telstar401,37,LAM,10.602877,2.49265731e-04,0.461030,73.9816
telstar401,37,LAM,11.689518,2.48901844e-04,0.461704,64.6557
telstar401,37,LAM,12.887524,2.48500150e-04,0.462451,104.8270
telstar401,37,LAM,14.208308,2.48056675e-04,0.463277,35.2771
telstar401,37,LAM,15.664454,2.47567024e-04,0.464194,68.3273
telstar401,37,LAM,17.269833,2.47026331e-04,0.465210,63.7852
telstar401,37,LAM,19.039740,2.46429209e-04,0.466337,131.0779
telstar401,37,LAM,20.991037,2.45769699e-04,0.467588,84.2292
telstar401,37,LAM,23.142314,2.45041208e-04,0.468978,26.2520
telstar401,37,LAM,25.514065,2.44236443e-04,0.470524,81.4122
telstar401,37,LAM,28.128887,2.43347341e-04,0.472243,119.2827
telstar401,37,LAM,31.011689,2.42365000e-04,0.474157,70.1326
telstar401,37,LAM,34.189937,2.41279596e-04,0.476290,66.4300
telstar401,37,LAM,37.693910,2.40080307e-04,0.478669,141.2125
telstar401,37,LAM,41.556988,2.38755236e-04,0.481326,64.4551
telstar401,37,LAM,45.815977,2.37291341e-04,0.484295,129.7704
telstar401,37,LAM,50.511449,2.35674370e-04,0.487618,75.1538
telstar401,37,LAM,55.688140,2.33888830e-04,0.491340,70.2245
telstar401,37,LAM,61.395366,2.31917974e-04,0.495516,59.5058
telstar401,37,LAM,67.687500,2.29743849e-04,0.500205,133.7706
telstar401,37,LAM,74.624487,2.27347412e-04,0.505478,134.5925
telstar401,37,LAM,82.272413,2.24708749e-04,0.511413,99.5787
telstar401,37,LAM,90.704142,2.21807439e-04,0.518103,74.1933
telstar401,37,LAM,100.000000,2.18623108e-04,0.525649,73.5323
telstar401,38,SAM,0.000000,1.17619231e-03,0.896654,32.6201
telstar401,38,SAM,0.001000,1.17566145e-03,0.897059,33.2599
telstar401,38,SAM,0.001102,1.17560712e-03,0.897101,33.3256
telstar401,38,SAM,0.001215,1.17554724e-03,0.897146,33.3980
telstar401,38,SAM,0.001340,1.17548125e-03,0.897197,33.4779
telstar401,38,SAM,0.001477,1.17540851e-03,0.897252,33.5661
telstar401,38,SAM,0.001629,1.17532835e-03,0.897314,33.6633
telstar401,38,SAM,0.001796,1.17524001e-03,0.897381,33.7705
telstar401,38,SAM,0.001980,1.17514266e-03,0.897455,33.8888
telstar401,38,SAM,0.002183,1.17503539e-03,0.897537,34.0193
telstar401,38,SAM,0.002406,1.17491719e-03,0.897628,34.1632
telstar401,38,SAM,0.002653,1.17478696e-03,0.897727,34.3221
telstar401,38,SAM,0.002925,1.17464347e-03,0.897837,34.4973
telstar401,38,SAM,0.003225,1.17448540e-03,0.897958,34.6908
telstar401,38,SAM,0.003555,1.17431127e-03,0.898091,34.9042
telstar401,38,SAM,0.003919,1.17411947e-03,0.898237,35.1398
telstar401,38,SAM,0.004321,1.17390823e-03,0.898399,35.3998
telstar401,38,SAM,0.004764,1.17367560e-03,0.898577,35.6869
telstar401,38,SAM,0.005252,1.17341944e-03,0.898773,36.0039
telstar401,38,SAM,0.005790,1.17313741e-03,0.898989,36.3538
telstar401,38,SAM,0.006384,1.17282695e-03,0.899227,36.7404
telstar401,38,SAM,0.007038,1.17248524e-03,0.899489,37.1673
telstar401,38,SAM,0.007759,1.17210922e-03,0.899778,37.6389
telstar401,38,SAM,0.008555,1.17169550e-03,0.900096,38.1601
telstar401,38,SAM,0.009431,1.17124043e-03,0.900445,38.7360
telstar401,38,SAM,0.010398,1.17073998e-03,0.900830,39.3726
telstar401,38,SAM,0.011464,1.17018979e-03,0.901254,40.0764
telstar401,38,SAM,0.012638,1.16958511e-03,0.901720,40.8548
telstar401,38,SAM,0.013934,1.16892076e-03,0.902232,41.7157
telstar401,38,SAM,0.015362,1.16819115e-03,0.902796,42.6682
telstar401,38,SAM,0.016936,1.16739021e-03,0.903415,43.7224
telstar401,38,SAM,0.018672,1.16651141e-03,0.904096,44.8894
telstar401,38,SAM,0.020585,1.16554769e-03,0.904843,46.1816
telstar401,38,SAM,0.022695,1.16449152e-03,0.905664,47.6129
telstar401,38,SAM,0.025021,1.16333483e-03,0.906564,49.1988
telstar401,38,SAM,0.027585,1.16206903e-03,0.907552,50.9565
telstar401,38,SAM,0.030412,1.16068506e-03,0.908634,52.9051
telstar401,38,SAM,0.033529,1.15917340e-03,0.909819,55.0661
telstar401,38,SAM,0.036966,1.15752412e-03,0.911115,57.4634
telstar401,38,SAM,0.040754,1.15572697e-03,0.912532,60.1233
telstar401,38,SAM,0.044931,1.15377152e-03,0.914079,63.0756
telstar401,38,SAM,0.049535,1.15164728e-03,0.915765,66.3529
telstar401,38,SAM,0.054612,1.14934394e-03,0.917600,69.9915
telstar401,38,SAM,0.060209,1.14685161e-03,0.919594,74.0317
telstar401,38,SAM,0.066379,1.14416117e-03,0.921757,78.5176
telstar401,38,SAM,0.073182,1.14126467e-03,0.924096,83.4979
telstar401,38,SAM,0.080683,1.13815581e-03,0.926620,89.0257
telstar401,38,SAM,0.088951,1.13483056e-03,0.929335,95.1583
telstar401,38,SAM,0.098068,1.13128778e-03,0.932246,101.9575
telstar401,38,SAM,0.108118,1.12752997e-03,0.935353,109.4887
telstar401,38,SAM,0.119199,1.12356413e-03,0.938654,117.8198
telstar401,38,SAM,0.131415,1.11940252e-03,0.942144,127.0181
telstar401,38,SAM,0.144883,1.11506356e-03,0.945810,137.1427
telstar401,38,SAM,0.159731,1.11057252e-03,0.949635,148.2159
telstar401,38,SAM,0.176101,1.10596213e-03,0.953593,160.0758
telstar401,38,SAM,0.194149,1.10127278e-03,0.957654,170.8040
telstar401,38,SAM,0.214047,1.09655247e-03,0.961776,166.4299
telstar401,38,SAM,0.235983,1.09185607e-03,0.965913,151.0306
telstar401,38,SAM,0.260168,1.08724399e-03,0.970010,132.6744
telstar401,38,SAM,0.286832,1.08278015e-03,0.974009,111.8745
telstar401,38,SAM,0.316228,1.07852918e-03,0.977848,88.4694
telstar401,38,SAM,0.348637,1.07455296e-03,0.981467,62.5020
telstar401,38,SAM,0.384367,1.07090688e-03,0.984808,36.2331
telstar401,38,SAM,0.423759,1.06763599e-03,0.987825,29.1093
telstar401,38,SAM,0.467188,1.06477153e-03,0.990483,59.5411
telstar401,38,SAM,0.515068,1.06232848e-03,0.992761,102.3407
telstar401,38,SAM,0.567855,1.06030431e-03,0.994656,145.4112
telstar401,38,SAM,0.626052,1.05867950e-03,0.996183,137.0906
telstar401,38,SAM,0.690213,1.05741964e-03,0.997369,83.9823
telstar401,38,SAM,0.760950,1.05647903e-03,0.998257,24.0510
telstar401,38,SAM,0.838936,1.05580522e-03,0.998894,47.3910
telstar401,38,SAM,0.924915,1.05534388e-03,0.999331,126.6494
telstar401,38,SAM,1.019705,1.05504328e-03,0.999616,133.3157
telstar401,38,SAM,1.124210,1.05485777e-03,0.999792,43.6358
telstar401,38,SAM,1.239425,1.05474992e-03,0.999894,84.1495
telstar401,38,SAM,1.366448,1.05469118e-03,0.999950,163.7740
telstar401,38,SAM,1.506489,1.05466142e-03,0.999978,28.8791
telstar401,38,SAM,1.660883,1.05464749e-03,0.999991,115.9802
telstar401,38,SAM,1.831099,1.05464151e-03,0.999997,72.0248
telstar401,38,SAM,2.018760,1.05463918e-03,0.999999,107.7480
telstar401,38,SAM,2.225654,1.05463837e-03,1.000000,63.8176
telstar401,38,SAM,2.453751,1.05463811e-03,1.000000,163.0670
telstar401,38,SAM,2.705225,1.05463804e-03,1.000000,47.4370
telstar401,38,SAM,2.982471,1.05463802e-03,1.000000,46.4131
telstar401,38,SAM,3.288131,1.05463802e-03,1.000000,115.3212
telstar401,38,SAM,3.625117,1.05463802e-03,1.000000,132.9700
telstar401,38,SAM,3.996639,1.05463802e-03,1.000000,145.6446
telstar401,38,SAM,4.406236,1.05463802e-03,1.000000,118.2836
telstar401,38,SAM,4.857812,1.05463802e-03,1.000000,40.2096
telstar401,38,SAM,5.355667,1.05463802e-03,1.000000,83.0772
telstar401,38,SAM,5.904545,1.05463802e-03,1.000000,108.9710
telstar401,38,SAM,6.509675,1.05463802e-03,1.000000,110.4405
telstar401,38,SAM,7.176822,1.05463802e-03,1.000000,49.4894
telstar401,38,SAM,7.912343,1.05463802e-03,1.000000,19.2257
telstar401,38,SAM,8.723243,1.05463802e-03,1.000000,78.5655
telstar401,38,SAM,9.617249,1.05463802e-03,1.000000,125.8728
telstar401,38,SAM,10.602877,1.05463802e-03,1.000000,91.0919
telstar401,38,SAM,11.689518,1.05463802e-03,1.000000,57.6528
telstar401,38,SAM,12.887524,1.05463802e-03,1.000000,122.4160
telstar401,38,SAM,14.208308,1.05463802e-03,1.000000,50.1221
telstar401,38,SAM,15.664454,1.05463802e-03,1.000000,68.4023
telstar401,38,SAM,17.269833,1.05463802e-03,1.000000,48.2147
telstar401,38,SAM,19.039740,1.05463802e-03,1.000000,65.4935
telstar401,38,SAM,20.991037,1.05463802e-03,1.000000,19.2459
telstar401,38,SAM,23.142314,1.05463802e-03,1.000000,77.4429
telstar401,38,SAM,25.514065,1.05463802e-03,1.000000,51.0344
telstar401,38,SAM,28.128887,1.05463802e-03,1.000000,58.2038
telstar401,38,SAM,31.011689,1.05463802e-03,1.000000,58.0652
telstar401,38,SAM,34.189937,1.05463802e-03,1.000000,127.5597
telstar401,38,SAM,37.693910,1.05463802e-03,1.000000,94.6669
telstar401,38,SAM,41.556988,1.05463802e-03,1.000000,19.1147
telstar401,38,SAM,45.815977,1.05463802e-03,1.000000,137.3016
telstar401,38,SAM,50.511449,1.05463802e-03,1.000000,12.5432
telstar401,38,SAM,55.688140,1.05463802e-03,1.000000,52.6095
telstar401,38,SAM,61.395366,1.05463802e-03,1.000000,45.5558
telstar401,38,SAM,67.687500,1.05463802e-03,1.000000,21.5218
telstar401,38,SAM,74.624487,1.05463802e-03,1.000000,149.5414
telstar401,38,SAM,82.272413,1.05463802e-03,1.000000,42.4043
telstar401,38,SAM,90.704142,1.05463802e-03,1.000000,143.4283
telstar401,38,SAM,100.000000,1.05463802e-03,1.000000,127.9795
telstar401,39,LAM,0.000000,6.00838169e-04,0.717107,129.9781
telstar401,39,LAM,0.001000,6.00745367e-04,0.717218,131.5295
telstar401,39,LAM,0.001102,6.00735858e-04,0.717229,131.6878
telstar401,39,LAM,0.001215,6.00725377e-04,0.717241,131.8623
telstar401,39,LAM,0.001340,6.00713821e-04,0.717255,132.0545
telstar401,39,LAM,0.001477,6.00701082e-04,0.717270,132.2662
telstar401,39,LAM,0.001629,6.00687039e-04,0.717287,132.4992
telstar401,39,LAM,0.001796,6.00671558e-04,0.717306,132.7559
telstar401,39,LAM,0.001980,6.00654491e-04,0.717326,133.0385
telstar401,39,LAM,0.002183,6.00635678e-04,0.717349,133.3495
telstar401,39,LAM,0.002406,6.00614939e-04,0.717373,133.6918
telstar401,39,LAM,0.002653,6.00592077e-04,0.717401,134.0684
telstar401,39,LAM,0.002925,6.00566875e-04,0.717431,134.4826
telstar401,39,LAM,0.003225,6.00539095e-04,0.717464,134.9381
telstar401,39,LAM,0.003555,6.00508473e-04,0.717500,135.4387
telstar401,39,LAM,0.003919,6.00474719e-04,0.717541,135.9887
telstar401,39,LAM,0.004321,6.00437513e-04,0.717585,136.5927
telstar401,39,LAM,0.004764,6.00396503e-04,0.717634,137.2554
telstar401,39,LAM,0.005252,6.00351301e-04,0.717688,137.9820
telstar401,39,LAM,0.005790,6.00301480e-04,0.717748,138.7779
telstar401,39,LAM,0.006384,6.00246570e-04,0.717814,139.6487
telstar401,39,LAM,0.007038,6.00186052e-04,0.717886,140.6000
telstar401,39,LAM,0.007759,6.00119356e-04,0.717966,141.6373
telstar401,39,LAM,0.008555,6.00045854e-04,0.718054,142.7657
telstar401,39,LAM,0.009431,5.99964854e-04,0.718151,143.9892
telstar401,39,LAM,0.010398,5.99875597e-04,0.718257,145.3104
telstar401,39,LAM,0.011464,5.99777245e-04,0.718375,146.7289
telstar401,39,LAM,0.012638,5.99668878e-04,0.718505,148.2400
telstar401,39,LAM,0.013934,5.99549482e-04,0.718648,149.8313
telstar401,39,LAM,0.015362,5.99417945e-04,0.718806,151.4792
telstar401,39,LAM,0.016936,5.99273042e-04,0.718980,153.1415
telstar401,39,LAM,0.018672,5.99113428e-04,0.719171,154.7478
telstar401,39,LAM,0.020585,5.98937626e-04,0.719382,156.1860
telstar401,39,LAM,0.022695,5.98744013e-04,0.719615,157.2881
telstar401,39,LAM,0.025021,5.98530809e-04,0.719871,157.8255
telstar401,39,LAM,0.027585,5.98296060e-04,0.720154,157.5339
telstar401,39,LAM,0.030412,5.98037622e-04,0.720465,156.1778
telstar401,39,LAM,0.033529,5.97753148e-04,0.720808,153.6198
telstar401,39,LAM,0.036966,5.97440067e-04,0.721186,149.8350
telstar401,39,LAM,0.040754,5.97095564e-04,0.721602,144.8646
telstar401,39,LAM,0.044931,5.96716561e-04,0.722060,138.7592
telstar401,39,LAM,0.049535,5.96299697e-04,0.722565,131.5469
telstar401,39,LAM,0.054612,5.95841301e-04,0.723121,123.2239
telstar401,39,LAM,0.060209,5.95337373e-04,0.723733,113.7559
telstar401,39,LAM,0.066379,5.94783557e-04,0.724407,103.0820
telstar401,39,LAM,0.073182,5.94175116e-04,0.725148,91.1187
telstar401,39,LAM,0.080683,5.93506910e-04,0.725965,77.7625
telstar401,39,LAM,0.088951,5.92773368e-04,0.726863,62.8927
telstar401,39,LAM,0.098068,5.91968468e-04,0.727851,46.3739
telstar401,39,LAM,0.108118,5.91085713e-04,0.728938,28.0685
telstar401,39,LAM,0.119199,5.90118114e-04,0.730134,7.9963
telstar401,39,LAM,0.131415,5.89058175e-04,0.731447,14.9581
telstar401,39,LAM,0.144883,5.87897888e-04,0.732891,39.5457
telstar401,39,LAM,0.159731,5.86628728e-04,0.734477,66.4670
telstar401,39,LAM,0.176101,5.85241670e-04,0.736217,95.1983
telstar401,39,LAM,0.194149,5.83727211e-04,0.738128,123.3231
telstar401,39,LAM,0.214047,5.82075411e-04,0.740222,138.7393
telstar401,39,LAM,0.235983,5.80275963e-04,0.742518,119.7669
telstar401,39,LAM,0.260168,5.78318283e-04,0.745031,78.8950
telstar401,39,LAM,0.286832,5.76191638e-04,0.747781,28.3251
telstar401,39,LAM,0.316228,5.73885315e-04,0.750786,30.0705
telstar401,39,LAM,0.348637,5.71388846e-04,0.754066,93.5576
telstar401,39,LAM,0.384367,5.68692285e-04,0.757642,146.0808
telstar401,39,LAM,0.423759,5.65786565e-04,0.761533,94.6585
telstar401,39,LAM,0.467188,5.62663945e-04,0.765759,14.4438
telstar401,39,LAM,0.515068,5.59318547e-04,0.770339,100.8073
telstar401,39,LAM,0.567855,5.55747030e-04,0.775290,141.5752
telstar401,39,LAM,0.626052,5.51949398e-04,0.780624,35.8676
telstar401,39,LAM,0.690213,5.47929990e-04,0.786351,144.3566
telstar401,39,LAM,0.760950,5.43698692e-04,0.792470,62.6598
telstar401,39,LAM,0.838936,5.39272470e-04,0.798975,144.5968
telstar401,39,LAM,0.924915,5.34677384e-04,0.805841,29.5943
telstar401,39,LAM,1.019705,5.29951478e-04,0.813027,128.6681
telstar401,39,LAM,1.124210,5.25149489e-04,0.820462,120.0739
telstar401,39,LAM,1.239425,5.20352130e-04,0.828026,63.1316
telstar401,39,LAM,1.366448,5.15690041e-04,0.835512,37.1564
telstar401,39,LAM,1.506489,5.11447364e-04,0.842443,41.1313
telstar401,39,LAM,1.660883,5.07733873e-04,0.848604,77.2175
telstar401,39,LAM,1.831099,5.02322964e-04,0.857745,175.6619
telstar401,39,LAM,2.018760,4.95677167e-04,0.869245,23.5626
telstar401,39,LAM,2.225654,4.88087064e-04,0.882763,45.0906
telstar401,39,LAM,2.453751,4.79866430e-04,0.897886,11.9346
telstar401,39,LAM,2.705225,4.71399248e-04,0.914013,173.2679
telstar401,39,LAM,2.982471,4.63119895e-04,0.930353,135.7299
telstar401,39,LAM,3.288131,4.55457879e-04,0.946004,89.9977
telstar401,39,LAM,3.625117,4.48767564e-04,0.960108,162.0305
telstar401,39,LAM,3.996639,4.43268955e-04,0.972017,32.9706
telstar401,39,LAM,4.406236,4.39022184e-04,0.981420,48.3753
telstar401,39,LAM,4.857812,4.35943048e-04,0.988352,144.6424
telstar401,39,LAM,5.355667,4.33848888e-04,0.993123,134.8868
telstar401,39,LAM,5.904545,4.32514420e-04,0.996187,158.3527
telstar401,39,LAM,6.509675,4.31719191e-04,0.998022,24.2042
telstar401,39,LAM,7.176822,4.31277365e-04,0.999044,136.0544
telstar401,39,LAM,7.912343,4.31049478e-04,0.999572,96.4613
telstar401,39,LAM,8.723243,4.30940968e-04,0.999824,42.1888
telstar401,39,LAM,9.617249,4.30893597e-04,0.999934,102.7687
telstar401,39,LAM,10.602877,4.30874787e-04,0.999978,99.9572
telstar401,39,LAM,11.689518,4.30868057e-04,0.999993,169.8450
telstar401,39,LAM,12.887524,4.30865909e-04,0.999998,135.8797
telstar401,39,LAM,14.208308,4.30865305e-04,1.000000,102.9602
telstar401,39,LAM,15.664454,4.30865156e-04,1.000000,105.8921
telstar401,39,LAM,17.269833,4.30865125e-04,1.000000,9.0895
telstar401,39,LAM,19.039740,4.30865120e-04,1.000000,134.9581
telstar401,39,LAM,20.991037,4.30865119e-04,1.000000,30.1677
telstar401,39,LAM,23.142314,4.30865119e-04,1.000000,85.3003
telstar401,39,LAM,25.514065,4.30865119e-04,1.000000,87.7418
telstar401,39,LAM,28.128887,4.30865119e-04,1.000000,98.2880
telstar401,39,LAM,31.011689,4.30865119e-04,1.000000,92.4700
telstar401,39,LAM,34.189937,4.30865119e-04,1.000000,28.5845
telstar401,39,LAM,37.693910,4.30865119e-04,1.000000,84.9558
telstar401,39,LAM,41.556988,4.30865119e-04,1.000000,31.5895
telstar401,39,LAM,45.815977,4.30865119e-04,1.000000,53.3891
telstar401,39,LAM,50.511449,4.30865119e-04,1.000000,91.0939
telstar401,39,LAM,55.688140,4.30865119e-04,1.000000,116.2277
telstar401,39,LAM,61.395366,4.30865119e-04,1.000000,51.7196
telstar401,39,LAM,67.687500,4.30865119e-04,1.000000,140.0881
telstar401,39,LAM,74.624487,4.30865119e-04,1.000000,43.8021
telstar401,39,LAM,82.272413,4.30865119e-04,1.000000,77.5234
telstar401,39,LAM,90.704142,4.30865119e-04,1.000000,130.1245
telstar401,39,LAM,100.000000,4.30865119e-04,1.000000,49.2843
telstar401,40,LAM,0.000000,4.59760133e-04,0.387134,49.8061
telstar401,40,LAM,0.001000,4.59758404e-04,0.387136,62.9042
telstar401,40,LAM,0.001102,4.59758227e-04,0.387136,64.4300
telstar401,40,LAM,0.001215,4.59758031e-04,0.387136,66.1395
telstar401,40,LAM,0.001340,4.59757816e-04,0.387136,68.0540
telstar401,40,LAM,0.001477,4.59757579e-04,0.387136,70.1969
telstar401,40,LAM,0.001629,4.59757317e-04,0.387136,72.5936
telstar401,40,LAM,0.001796,4.59757028e-04,0.387137,75.2710
telstar401,40,LAM,0.001980,4.59756710e-04,0.387137,78.2579
telstar401,40,LAM,0.002183,4.59756359e-04,0.387137,81.5840
telstar401,40,LAM,0.002406,4.59755972e-04,0.387138,85.2794
telstar401,40,LAM,0.002653,4.59755545e-04,0.387138,89.3733
telstar401,40,LAM,0.002925,4.59755075e-04,0.387138,93.8916
telstar401,40,LAM,0.003225,4.59754557e-04,0.387139,98.8535
telstar401,40,LAM,0.003555,4.59753985e-04,0.387139,104.2648
telstar401,40,LAM,0.003919,4.59753355e-04,0.387140,110.1059
telstar401,40,LAM,0.004321,4.59752660e-04,0.387140,116.3109
telstar401,40,LAM,0.004764,4.59751895e-04,0.387141,122.7262
telstar401,40,LAM,0.005252,4.59751050e-04,0.387142,129.0330
telstar401,40,LAM,0.005790,4.59750119e-04,0.387143,134.6104
telstar401,40,LAM,0.006384,4.59749093e-04,0.387143,138.3636
telstar401,40,LAM,0.007038,4.59747961e-04,0.387144,138.7769
telstar401,40,LAM,0.007759,4.59746714e-04,0.387145,134.6431
telstar401,40,LAM,0.008555,4.59745338e-04,0.387147,125.9066
telstar401,40,LAM,0.009431,4.59743822e-04,0.387148,113.3616
telstar401,40,LAM,0.010398,4.59742150e-04,0.387149,97.9201
telstar401,40,LAM,0.011464,4.59740306e-04,0.387151,80.4892
telstar401,40,LAM,0.012638,4.59738274e-04,0.387152,62.5178
telstar401,40,LAM,0.013934,4.59736034e-04,0.387154,47.7494
telstar401,40,LAM,0.015362,4.59733563e-04,0.387156,45.1383
telstar401,40,LAM,0.016936,4.59730840e-04,0.387159,60.6011
telstar401,40,LAM,0.018672,4.59727837e-04,0.387161,87.5316
telstar401,40,LAM,0.020585,4.59724526e-04,0.387164,118.6320
telstar401,40,LAM,0.022695,4.59720876e-04,0.387167,140.9519
telstar401,40,LAM,0.025021,4.59716852e-04,0.387171,124.4522
telstar401,40,LAM,0.027585,4.59712415e-04,0.387174,83.7190
telstar401,40,LAM,0.030412,4.59707522e-04,0.387178,48.2255
telstar401,40,LAM,0.033529,4.59702129e-04,0.387183,67.5765
telstar401,40,LAM,0.036966,4.59696182e-04,0.387188,122.6522
telstar401,40,LAM,0.040754,4.59689625e-04,0.387193,132.8377
telstar401,40,LAM,0.044931,4.59682395e-04,0.387200,68.2620
telstar401,40,LAM,0.049535,4.59674424e-04,0.387206,66.2190
telstar401,40,LAM,0.054612,4.59665635e-04,0.387214,142.1823
telstar401,40,LAM,0.060209,4.59655944e-04,0.387222,84.0813
telstar401,40,LAM,0.066379,4.59645258e-04,0.387231,76.7537
telstar401,40,LAM,0.073182,4.59633476e-04,0.387241,136.7129
telstar401,40,LAM,0.080683,4.59620484e-04,0.387252,56.1135
telstar401,40,LAM,0.088951,4.59606158e-04,0.387264,143.9316
telstar401,40,LAM,0.098068,4.59590361e-04,0.387277,69.3820
telstar401,40,LAM,0.108118,4.59572942e-04,0.387292,100.4949
telstar401,40,LAM,0.119199,4.59553733e-04,0.387308,145.9579
telstar401,40,LAM,0.131415,4.59532550e-04,0.387326,84.3977
telstar401,40,LAM,0.144883,4.59509190e-04,0.387346,60.3191
telstar401,40,LAM,0.159731,4.59483428e-04,0.387367,65.9371
telstar401,40,LAM,0.176101,4.59455016e-04,0.387391,66.0447
telstar401,40,LAM,0.194149,4.59423681e-04,0.387418,65.9784
telstar401,40,LAM,0.214047,4.59389120e-04,0.387447,112.1367
telstar401,40,LAM,0.235983,4.59351001e-04,0.387479,137.0479
telstar401,40,LAM,0.260168,4.59308954e-04,0.387514,76.7156
telstar401,40,LAM,0.286832,4.59262572e-04,0.387554,101.2938
telstar401,40,LAM,0.316228,4.59211407e-04,0.387597,149.3797
telstar401,40,LAM,0.348637,4.59154960e-04,0.387644,148.6441
telstar401,40,LAM,0.384367,4.59092684e-04,0.387697,95.7667
telstar401,40,LAM,0.423759,4.59023970e-04,0.387755,80.6644
telstar401,40,LAM,0.467188,4.58948146e-04,0.387819,67.1999
telstar401,40,LAM,0.515068,4.58864471e-04,0.387890,78.5686
telstar401,40,LAM,0.567855,4.58772121e-04,0.387968,33.1894
telstar401,40,LAM,0.626052,4.58670187e-04,0.388054,114.4611
telstar401,40,LAM,0.690213,4.58557659e-04,0.388149,115.9120
telstar401,40,LAM,0.760950,4.58433422e-04,0.388254,45.0069
telstar401,40,LAM,0.838936,4.58296236e-04,0.388371,102.9805
telstar401,40,LAM,0.924915,4.58144727e-04,0.388499,45.7269
telstar401,40,LAM,1.019705,4.57977372e-04,0.388641,111.3491
telstar401,40,LAM,1.124210,4.57792477e-04,0.388798,60.1378
telstar401,40,LAM,1.239425,4.57588161e-04,0.388972,69.5549
telstar401,40,LAM,1.366448,4.57362331e-04,0.389164,86.5548
telstar401,40,LAM,1.506489,4.57112658e-04,0.389376,105.1746
telstar401,40,LAM,1.660883,4.56836548e-04,0.389612,96.8795
telstar401,40,LAM,1.831099,4.56531108e-04,0.389872,21.9962
telstar401,40,LAM,2.018760,4.56193109e-04,0.390161,109.2090
telstar401,40,LAM,2.225654,4.55818942e-04,0.390481,96.2198
telstar401,40,LAM,2.453751,4.55404571e-04,0.390837,144.6257
telstar401,40,LAM,2.705225,4.54945473e-04,0.391231,110.7913
telstar401,40,LAM,2.982471,4.54436575e-04,0.391669,62.9136
telstar401,40,LAM,3.288131,4.53872181e-04,0.392156,134.2910
telstar401,40,LAM,3.625117,4.53245879e-04,0.392698,102.3469
telstar401,40,LAM,3.996639,4.52550447e-04,0.393302,103.1681
telstar401,40,LAM,4.406236,4.51777732e-04,0.393974,134.6687
telstar401,40,LAM,4.857812,4.50918517e-04,0.394725,65.6872
telstar401,40,LAM,5.355667,4.49962361e-04,0.395564,105.6961
telstar401,40,LAM,5.904545,4.48897418e-04,0.396502,120.0372
telstar401,40,LAM,6.509675,4.47710219e-04,0.397554,50.9084
telstar401,40,LAM,7.176822,4.46385426e-04,0.398733,62.7522
telstar401,40,LAM,7.912343,4.44905541e-04,0.400060,116.8768
telstar401,40,LAM,8.723243,4.43250565e-04,0.401554,113.9591
telstar401,40,LAM,9.617249,4.41397611e-04,0.403239,93.4439
telstar401,40,LAM,10.602877,4.39320452e-04,0.405146,54.6638
telstar401,40,LAM,11.689518,4.36989007e-04,0.407307,52.4834
telstar401,40,LAM,12.887524,4.34368765e-04,0.409764,27.4349
telstar401,40,LAM,14.208308,4.31420140e-04,0.412565,93.0032
telstar401,40,LAM,15.664454,4.28097780e-04,0.415767,61.0845
telstar401,40,LAM,17.269833,4.24349859e-04,0.419439,76.9863
telstar401,40,LAM,19.039740,4.20117397e-04,0.423664,100.8273
telstar401,40,LAM,20.991037,4.15333700e-04,0.428544,136.8216
telstar401,40,LAM,23.142314,4.09924080e-04,0.434199,76.3569
telstar401,40,LAM,25.514065,4.03806076e-04,0.440778,54.1735
telstar401,40,LAM,28.128887,3.96890522e-04,0.448458,152.2693
telstar401,40,LAM,31.011689,3.89083975e-04,0.457456,72.8341
telstar401,40,LAM,34.189937,3.80293143e-04,0.468031,106.3575
telstar401,40,LAM,37.693910,3.70432177e-04,0.480490,108.0135
telstar401,40,LAM,41.556988,3.59433700e-04,0.495192,129.0350
telstar401,40,LAM,45.815977,3.47264328e-04,0.512546,115.9068
telstar401,40,LAM,50.511449,3.33944761e-04,0.532989,125.9909
telstar401,40,LAM,55.688140,3.19573145e-04,0.556958,88.6095
telstar401,40,LAM,61.395366,3.04348102e-04,0.584820,96.3733
telstar401,40,LAM,67.687500,2.88584965e-04,0.616764,115.4246
telstar401,40,LAM,74.624487,2.72716480e-04,0.652651,39.9957
telstar401,40,LAM,82.272413,2.57269875e-04,0.691837,143.3364
telstar401,40,LAM,90.704142,2.42818503e-04,0.733012,114.9498
telstar401,40,LAM,100.000000,2.29920565e-04,0.774132,129.9866
telstar401,41,LAM,0.000000,1.56170991e-03,0.650127,52.9164
telstar401,41,LAM,0.001000,1.55921538e-03,0.651167,52.8360
telstar401,41,LAM,0.001102,1.55896025e-03,0.651274,52.8275
telstar401,41,LAM,0.001215,1.55867909e-03,0.651391,52.8180
telstar401,41,LAM,0.001340,1.55836925e-03,0.651521,52.8075
telstar401,41,LAM,0.001477,1.55802783e-03,0.651663,52.7958
telstar401,41,LAM,0.001629,1.55765162e-03,0.651821,52.7829
telstar401,41,LAM,0.001796,1.55723710e-03,0.651994,52.7684
telstar401,41,LAM,0.001980,1.55678040e-03,0.652186,52.7523
telstar401,41,LAM,0.002183,1.55627726e-03,0.652396,52.7344
telstar401,41,LAM,0.002406,1.55572300e-03,0.652629,52.7144
telstar401,41,LAM,0.002653,1.55511248e-03,0.652885,52.6921
telstar401,41,LAM,0.002925,1.55444005e-03,0.653167,52.6672
telstar401,41,LAM,0.003225,1.55369950e-03,0.653479,52.6392
telstar401,41,LAM,0.003555,1.55288403e-03,0.653822,52.6079
telstar401,41,LAM,0.003919,1.55198617e-03,0.654200,52.5729
telstar401,41,LAM,0.004321,1.55099773e-03,0.654617,52.5335
telstar401,41,LAM,0.004764,1.54990974e-03,0.655077,52.4891
telstar401,41,LAM,0.005252,1.54871238e-03,0.655583,52.4393
telstar401,41,LAM,0.005790,1.54739490e-03,0.656141,52.3830
telstar401,41,LAM,0.006384,1.54594554e-03,0.656756,52.3195
telstar401,41,LAM,0.007038,1.54435147e-03,0.657434,52.2477
telstar401,41,LAM,0.007759,1.54259870e-03,0.658181,52.1664
telstar401,41,LAM,0.008555,1.54067196e-03,0.659004,52.0742
telstar401,41,LAM,0.009431,1.53855466e-03,0.659911,51.9697
telstar401,41,LAM,0.010398,1.53622875e-03,0.660910,51.8508
telstar401,41,LAM,0.011464,1.53367469e-03,0.662011,51.7157
telstar401,41,LAM,0.012638,1.53087129e-03,0.663223,51.5620
telstar401,41,LAM,0.013934,1.52779571e-03,0.664558,51.3869
telstar401,41,LAM,0.015362,1.52442332e-03,0.666029,51.1875
telstar401,41,LAM,0.016936,1.52072769e-03,0.667647,50.9606
telstar401,41,LAM,0.018672,1.51668056e-03,0.669429,50.7025
telstar401,41,LAM,0.020585,1.51225179e-03,0.671389,50.4095
telstar401,41,LAM,0.022695,1.50740947e-03,0.673546,50.0776
telstar401,41,LAM,0.025021,1.50211994e-03,0.675918,49.7032
telstar401,41,LAM,0.027585,1.49634797e-03,0.678525,49.2832
telstar401,41,LAM,0.030412,1.49005702e-03,0.681390,48.8157
telstar401,41,LAM,0.033529,1.48320952e-03,0.684536,48.3013
telstar401,41,LAM,0.036966,1.47576742e-03,0.687988,47.7442
telstar401,41,LAM,0.040754,1.46769274e-03,0.691773,47.1553
telstar401,41,LAM,0.044931,1.45894843e-03,0.695919,46.5554
telstar401,41,LAM,0.049535,1.44949938e-03,0.700455,45.9806
telstar401,41,LAM,0.054612,1.43931376e-03,0.705412,45.4894
telstar401,41,LAM,0.060209,1.42836460e-03,0.710820,45.1727
telstar401,41,LAM,0.066379,1.41663174e-03,0.716707,45.1644
telstar401,41,LAM,0.073182,1.40410415e-03,0.723101,45.6520
telstar401,41,LAM,0.080683,1.39078268e-03,0.730028,46.8810
telstar401,41,LAM,0.088951,1.37668314e-03,0.737504,49.1463
telstar401,41,LAM,0.098068,1.36183981e-03,0.745543,52.7680
telstar401,41,LAM,0.108118,1.34630932e-03,0.754143,58.0570
telstar401,41,LAM,0.119199,1.33017472e-03,0.763290,65.2860
telstar401,41,LAM,0.131415,1.31354984e-03,0.772951,74.6792
telstar401,41,LAM,0.144883,1.29658376e-03,0.783065,86.4179
telstar401,41,LAM,0.159731,1.27946582e-03,0.793542,100.6475
telstar401,41,LAM,0.176101,1.26243196e-03,0.804249,117.4633
telstar401,41,LAM,0.194149,1.24577561e-03,0.815002,136.8088
telstar401,41,LAM,0.214047,1.22987309e-03,0.825540,157.7266
telstar401,41,LAM,0.235983,1.21526598e-03,0.835463,165.9022
telstar401,41,LAM,0.260168,1.20318947e-03,0.843848,143.2001
telstar401,41,LAM,0.286832,1.19173555e-03,0.851959,113.5036
telstar401,41,LAM,0.316228,1.17637031e-03,0.863087,78.7229
telstar401,41,LAM,0.348637,1.15894829e-03,0.876061,54.3861
telstar401,41,LAM,0.384367,1.14033848e-03,0.890358,80.6916
telstar401,41,LAM,0.423759,1.12132133e-03,0.905458,141.5711
telstar401,41,LAM,0.467188,1.10265757e-03,0.920784,113.4977
telstar401,41,LAM,0.515068,1.08506133e-03,0.935716,33.3887
telstar401,41,LAM,0.567855,1.06914357e-03,0.949648,114.2062
telstar401,41,LAM,0.626052,1.05535279e-03,0.962057,73.1731
telstar401,41,LAM,0.690213,1.04393343e-03,0.972581,76.9776
telstar401,41,LAM,0.760950,1.03491527e-03,0.981056,68.5389
telstar401,41,LAM,0.838936,1.02813756e-03,0.987523,110.8663
telstar401,41,LAM,0.924915,1.02330081e-03,0.992191,30.7700
telstar401,41,LAM,1.019705,1.02003171e-03,0.995371,73.1232
telstar401,41,LAM,1.124210,1.01794528e-03,0.997411,127.1978
telstar401,41,LAM,1.239425,1.01669244e-03,0.998640,154.3147
telstar401,41,LAM,1.366448,1.01598779e-03,0.999332,146.9494
telstar401,41,LAM,1.506489,1.01561853e-03,0.999696,97.9247
telstar401,41,LAM,1.660883,1.01543937e-03,0.999872,18.3330
telstar401,41,LAM,1.831099,1.01535947e-03,0.999951,99.5686
telstar401,41,LAM,2.018760,1.01532697e-03,0.999983,63.2270
telstar401,41,LAM,2.225654,1.01531504e-03,0.999995,166.4547
telstar401,41,LAM,2.453751,1.01531111e-03,0.999999,122.9695
telstar401,41,LAM,2.705225,1.01530997e-03,1.000000,110.0180
telstar401,41,LAM,2.982471,1.01530968e-03,1.000000,125.9883
telstar401,41,LAM,3.288131,1.01530962e-03,1.000000,63.7038
telstar401,41,LAM,3.625117,1.01530961e-03,1.000000,65.5032
telstar401,41,LAM,3.996639,1.01530961e-03,1.000000,78.2068
telstar401,41,LAM,4.406236,1.01530961e-03,1.000000,56.2185
telstar401,41,LAM,4.857812,1.01530961e-03,1.000000,86.9512
telstar401,41,LAM,5.355667,1.01530961e-03,1.000000,104.3162
telstar401,41,LAM,5.904545,1.01530961e-03,1.000000,56.4904
telstar401,41,LAM,6.509675,1.01530961e-03,1.000000,37.2860
telstar401,41,LAM,7.176822,1.01530961e-03,1.000000,152.7742
telstar401,41,LAM,7.912343,1.01530961e-03,1.000000,108.7413
telstar401,41,LAM,8.723243,1.01530961e-03,1.000000,37.0677
telstar401,41,LAM,9.617249,1.01530961e-03,1.000000,37.1963
telstar401,41,LAM,10.602877,1.01530961e-03,1.000000,25.4375
telstar401,41,LAM,11.689518,1.01530961e-03,1.000000,63.9613
telstar401,41,LAM,12.887524,1.01530961e-03,1.000000,125.8303
telstar401,41,LAM,14.208308,1.01530961e-03,1.000000,66.9450
telstar401,41,LAM,15.664454,1.01530961e-03,1.000000,53.5229
telstar401,41,LAM,17.269833,1.01530961e-03,1.000000,98.3693
telstar401,41,LAM,19.039740,1.01530961e-03,1.000000,43.0699
telstar401,41,LAM,20.991037,1.01530961e-03,1.000000,85.9866
telstar401,41,LAM,23.142314,1.01530961e-03,1.000000,64.9152
telstar401,41,LAM,25.514065,1.01530961e-03,1.000000,79.4446
telstar401,41,LAM,28.128887,1.01530961e-03,1.000000,113.7072
telstar401,41,LAM,31.011689,1.01530961e-03,1.000000,144.9483
telstar401,41,LAM,34.189937,1.01530961e-03,1.000000,76.1993
telstar401,41,LAM,37.693910,1.01530961e-03,1.000000,111.2525
telstar401,41,LAM,41.556988,1.01530961e-03,1.000000,135.7182
telstar401,41,LAM,45.815977,1.01530961e-03,1.000000,51.3201
telstar401,41,LAM,50.511449,1.01530961e-03,1.000000,105.6701
telstar401,41,LAM,55.688140,1.01530961e-03,1.000000,116.7433
telstar401,41,LAM,61.395366,1.01530961e-03,1.000000,143.3514
telstar401,41,LAM,67.687500,1.01530961e-03,1.000000,43.8448
telstar401,41,LAM,74.624487,1.01530961e-03,1.000000,24.1890
telstar401,41,LAM,82.272413,1.01530961e-03,1.000000,123.7383
telstar401,41,LAM,90.704142,1.01530961e-03,1.000000,104.4817
telstar401,41,LAM,100.000000,1.01530961e-03,1.000000,138.9592
telstar401,42,SAM,0.000000,1.03812990e-03,0.963134,72.6188
telstar401,42,SAM,0.001000,1.03793582e-03,0.963314,73.0187
telstar401,42,SAM,0.001102,1.03791598e-03,0.963332,73.0597
telstar401,42,SAM,0.001215,1.03789412e-03,0.963353,73.1049
telstar401,42,SAM,0.001340,1.03787003e-03,0.963375,73.1547
telstar401,42,SAM,0.001477,1.03784348e-03,0.963400,73.2096
telstar401,42,SAM,0.001629,1.03781424e-03,0.963427,73.2702
telstar401,42,SAM,0.001796,1.03778202e-03,0.963457,73.3370
telstar401,42,SAM,0.001980,1.03774653e-03,0.963490,73.4106
telstar401,42,SAM,0.002183,1.03770744e-03,0.963526,73.4918
telstar401,42,SAM,0.002406,1.03766439e-03,0.963566,73.5813
telstar401,42,SAM,0.002653,1.03761697e-03,0.963610,73.6800
telstar401,42,SAM,0.002925,1.03756476e-03,0.963658,73.7888
telstar401,42,SAM,0.003225,1.03750728e-03,0.963712,73.9088
telstar401,42,SAM,0.003555,1.03744399e-03,0.963771,74.0410
telstar401,42,SAM,0.003919,1.03737433e-03,0.963835,74.1869
telstar401,42,SAM,0.004321,1.03729767e-03,0.963907,74.3477
telstar401,42,SAM,0.004764,1.03721332e-03,0.963985,74.5251
telstar401,42,SAM,0.005252,1.03712053e-03,0.964071,74.7206
telstar401,42,SAM,0.005790,1.03701847e-03,0.964166,74.9362
telstar401,42,SAM,0.006384,1.03690624e-03,0.964270,75.1740
telstar401,42,SAM,0.007038,1.03678288e-03,0.964385,75.4361
telstar401,42,SAM,0.007759,1.03664731e-03,0.964511,75.7252
telstar401,42,SAM,0.008555,1.03649837e-03,0.964650,76.0441
telstar401,42,SAM,0.009431,1.03633481e-03,0.964802,76.3956
telstar401,42,SAM,0.010398,1.03615526e-03,0.964969,76.7833
telstar401,42,SAM,0.011464,1.03595825e-03,0.965153,77.2109
telstar401,42,SAM,0.012638,1.03574218e-03,0.965354,77.6824
telstar401,42,SAM,0.013934,1.03550535e-03,0.965575,78.2024
telstar401,42,SAM,0.015362,1.03524591e-03,0.965817,78.7758
telstar401,42,SAM,0.016936,1.03496190e-03,0.966082,79.4083
telstar401,42,SAM,0.018672,1.03465121e-03,0.966372,80.1058
telstar401,42,SAM,0.020585,1.03431161e-03,0.966689,80.8751
telstar401,42,SAM,0.022695,1.03394075e-03,0.967036,81.7235
telstar401,42,SAM,0.025021,1.03353616e-03,0.967415,82.6592
telstar401,42,SAM,0.027585,1.03309524e-03,0.967828,83.6911
telstar401,42,SAM,0.030412,1.03261533e-03,0.968277,84.8291
telstar401,42,SAM,0.033529,1.03209368e-03,0.968767,86.0841
telstar401,42,SAM,0.036966,1.03152749e-03,0.969298,87.4679
telstar401,42,SAM,0.040754,1.03091400e-03,0.969875,88.9937
telstar401,42,SAM,0.044931,1.03025045e-03,0.970500,90.6758
telstar401,42,SAM,0.049535,1.02953422e-03,0.971175,92.5300
telstar401,42,SAM,0.054612,1.02876287e-03,0.971903,94.5733
telstar401,42,SAM,0.060209,1.02793423e-03,0.972687,96.8243
telstar401,42,SAM,0.066379,1.02704650e-03,0.973527,99.3033
telstar401,42,SAM,0.073182,1.02609840e-03,0.974427,102.0320
telstar401,42,SAM,0.080683,1.02508925e-03,0.975386,105.0331
telstar401,42,SAM,0.088951,1.02401921e-03,0.976406,108.3310
telstar401,42,SAM,0.098068,1.02288936e-03,0.977484,111.9500
telstar401,42,SAM,0.108118,1.02170192e-03,0.978620,115.9139
telstar401,42,SAM,0.119199,1.02046043e-03,0.979811,120.2437
telstar401,42,SAM,0.131415,1.01916988e-03,0.981051,124.9531
telstar401,42,SAM,0.144883,1.01783691e-03,0.982336,130.0411
telstar401,42,SAM,0.159731,1.01646989e-03,0.983657,135.4751
telstar401,42,SAM,0.176101,1.01507898e-03,0.985005,141.1564
telstar401,42,SAM,0.194149,1.01367612e-03,0.986368,146.8404
telstar401,42,SAM,0.214047,1.01227490e-03,0.987734,151.9605
telstar401,42,SAM,0.235983,1.01089031e-03,0.989087,155.3231
telstar401,42,SAM,0.260168,1.00953841e-03,0.990411,155.1295
telstar401,42,SAM,0.286832,1.00823574e-03,0.991691,150.3566
telstar401,42,SAM,0.316228,1.00699874e-03,0.992909,141.6721
telstar401,42,SAM,0.348637,1.00584289e-03,0.994050,130.1215
telstar401,42,SAM,0.384367,1.00478197e-03,0.995099,116.3139
telstar401,42,SAM,0.423759,1.00382711e-03,0.996046,100.5106
telstar401,42,SAM,0.467188,1.00298612e-03,0.996881,82.8172
telstar401,42,SAM,0.515068,1.00226287e-03,0.997601,63.3510
telstar401,42,SAM,0.567855,1.00165697e-03,0.998204,42.6132
telstar401,42,SAM,0.626052,1.00116380e-03,0.998696,23.8532
telstar401,42,SAM,0.690213,1.00077492e-03,0.999084,25.4215
telstar401,42,SAM,0.760950,1.00047877e-03,0.999380,50.1054
telstar401,42,SAM,0.838936,1.00026171e-03,0.999596,82.0462
telstar401,42,SAM,0.924915,1.00010918e-03,0.999749,118.2651
telstar401,42,SAM,1.019705,1.00000684e-03,0.999851,157.3467
telstar401,42,SAM,1.124210,9.99941581e-04,0.999916,152.7602
telstar401,42,SAM,1.239425,9.99902237e-04,0.999956,104.2022
telstar401,42,SAM,1.366448,9.99879933e-04,0.999978,49.4133
telstar401,42,SAM,1.506489,9.99868119e-04,0.999990,11.4434
telstar401,42,SAM,1.660883,9.99862312e-04,0.999996,77.9510
telstar401,42,SAM,1.831099,9.99859682e-04,0.999998,149.3928
telstar401,42,SAM,2.018760,9.99858595e-04,0.999999,124.4822
telstar401,42,SAM,2.225654,9.99858188e-04,1.000000,39.9708
telstar401,42,SAM,2.453751,9.99858051e-04,1.000000,67.9515
telstar401,42,SAM,2.705225,9.99858011e-04,1.000000,157.8650
telstar401,42,SAM,2.982471,9.99858000e-04,1.000000,61.2874
telstar401,42,SAM,3.288131,9.99857998e-04,1.000000,74.3970
telstar401,42,SAM,3.625117,9.99857997e-04,1.000000,139.9990
telstar401,42,SAM,3.996639,9.99857997e-04,1.000000,22.8006
telstar401,42,SAM,4.406236,9.99857997e-04,1.000000,152.2682
telstar401,42,SAM,4.857812,9.99857997e-04,1.000000,45.7985
telstar401,42,SAM,5.355667,9.99857997e-04,1.000000,98.6772
telstar401,42,SAM,5.904545,9.99857997e-04,1.000000,139.4471
telstar401,42,SAM,6.509675,9.99857997e-04,1.000000,43.6178
telstar401,42,SAM,7.176822,9.99857997e-04,1.000000,32.2393
telstar401,42,SAM,7.912343,9.99857997e-04,1.000000,60.2871
telstar401,42,SAM,8.723243,9.99857997e-04,1.000000,69.2939
telstar401,42,SAM,9.617249,9.99857997e-04,1.000000,39.9089
telstar401,42,SAM,10.602877,9.99857997e-04,1.000000,37.7360
telstar401,42,SAM,11.689518,9.99857997e-04,1.000000,145.5271
telstar401,42,SAM,12.887524,9.99857997e-04,1.000000,41.6706
telstar401,42,SAM,14.208308,9.99857997e-04,1.000000,156.3040
telstar401,42,SAM,15.664454,9.99857997e-04,1.000000,93.2525
telstar401,42,SAM,17.269833,9.99857997e-04,1.000000,80.0334
telstar401,42,SAM,19.039740,9.99857997e-04,1.000000,132.8975
telstar401,42,SAM,20.991037,9.99857997e-04,1.000000,90.3060
telstar401,42,SAM,23.142314,9.99857997e-04,1.000000,127.0695
telstar401,42,SAM,25.514065,9.99857997e-04,1.000000,91.0044
telstar401,42,SAM,28.128887,9.99857997e-04,1.000000,149.5255
telstar401,42,SAM,31.011689,9.99857997e-04,1.000000,19.9608
telstar401,42,SAM,34.189937,9.99857997e-04,1.000000,69.9360
telstar401,42,SAM,37.693910,9.99857997e-04,1.000000,34.6543
telstar401,42,SAM,41.556988,9.99857997e-04,1.000000,80.5219
telstar401,42,SAM,45.815977,9.99857997e-04,1.000000,24.4498
telstar401,42,SAM,50.511449,9.99857997e-04,1.000000,115.3311
telstar401,42,SAM,55.688140,9.99857997e-04,1.000000,23.8341
telstar401,42,SAM,61.395366,9.99857997e-04,1.000000,26.6713
telstar401,42,SAM,67.687500,9.99857997e-04,1.000000,144.4306
telstar401,42,SAM,74.624487,9.99857997e-04,1.000000,19.1021
telstar401,42,SAM,82.272413,9.99857997e-04,1.000000,119.8018
telstar401,42,SAM,90.704142,9.99857997e-04,1.000000,139.0585
telstar401,42,SAM,100.000000,9.99857997e-04,1.000000,29.4826
telstar401,43,LAM,0.000000,2.57596268e-03,0.812566,90.7246
telstar401,43,LAM,0.001000,2.57200713e-03,0.813815,90.4244
telstar401,43,LAM,0.001102,2.57160559e-03,0.813942,90.3936
telstar401,43,LAM,0.001215,2.57116372e-03,0.814082,90.3595
telstar401,43,LAM,0.001340,2.57067758e-03,0.814236,90.3219
telstar401,43,LAM,0.001477,2.57014283e-03,0.814406,90.2805
telstar401,43,LAM,0.001629,2.56955477e-03,0.814592,90.2347
telstar401,43,LAM,0.001796,2.56890823e-03,0.814797,90.1842
telstar401,43,LAM,0.001980,2.56819761e-03,0.815023,90.1285
telstar401,43,LAM,0.002183,2.56741682e-03,0.815270,90.0670
telstar401,43,LAM,0.002406,2.56655922e-03,0.815543,89.9991
telstar401,43,LAM,0.002653,2.56561764e-03,0.815842,89.9242
telstar401,43,LAM,0.002925,2.56458430e-03,0.816171,89.8414
telstar401,43,LAM,0.003225,2.56345081e-03,0.816532,89.7500
telstar401,43,LAM,0.003555,2.56220813e-03,0.816928,89.6491
telstar401,43,LAM,0.003919,2.56084655e-03,0.817362,89.5376
telstar401,43,LAM,0.004321,2.55935569e-03,0.817838,89.4145
telstar401,43,LAM,0.004764,2.55772449e-03,0.818360,89.2784
telstar401,43,LAM,0.005252,2.55594119e-03,0.818931,89.1281
telstar401,43,LAM,0.005790,2.55399341e-03,0.819555,88.9619
telstar401,43,LAM,0.006384,2.55186816e-03,0.820238,88.7782
telstar401,43,LAM,0.007038,2.54955194e-03,0.820983,88.5752
telstar401,43,LAM,0.007759,2.54703086e-03,0.821796,88.3507
telstar401,43,LAM,0.008555,2.54429078e-03,0.822681,88.1024
telstar401,43,LAM,0.009431,2.54131757e-03,0.823643,87.8279
telstar401,43,LAM,0.010398,2.53809741e-03,0.824688,87.5244
telstar401,43,LAM,0.011464,2.53461718e-03,0.825821,87.1888
telstar401,43,LAM,0.012638,2.53086502e-03,0.827045,86.8177
telstar401,43,LAM,0.013934,2.52683108e-03,0.828365,86.4076
telstar401,43,LAM,0.015362,2.52250841e-03,0.829785,85.9545
telstar401,43,LAM,0.016936,2.51789434e-03,0.831305,85.4543
telstar401,43,LAM,0.018672,2.51299222e-03,0.832927,84.9027
telstar401,43,LAM,0.020585,2.50781411e-03,0.834647,84.2952
telstar401,43,LAM,0.022695,2.50238481e-03,0.836458,83.6278
telstar401,43,LAM,0.025021,2.49674881e-03,0.838346,82.8968
telstar401,43,LAM,0.027585,2.49098399e-03,0.840286,82.1005
telstar401,43,LAM,0.030412,2.48523712e-03,0.842229,81.2416
telstar401,43,LAM,0.033529,2.47988701e-03,0.844046,80.3387
telstar401,43,LAM,0.036966,2.47484525e-03,0.845766,79.3811
telstar401,43,LAM,0.040754,2.46794014e-03,0.848132,78.2081
telstar401,43,LAM,0.044931,2.45966790e-03,0.850984,76.8352
telstar401,43,LAM,0.049535,2.45010870e-03,0.854305,75.2503
telstar401,43,LAM,0.054612,2.43927194e-03,0.858100,73.4363
telstar401,43,LAM,0.060209,2.42715066e-03,0.862385,71.3773
telstar401,43,LAM,0.066379,2.41374066e-03,0.867176,69.0629
telstar401,43,LAM,0.073182,2.39905155e-03,0.872486,66.4950
telstar401,43,LAM,0.080683,2.38311521e-03,0.878321,63.6987
telstar401,43,LAM,0.088951,2.36599316e-03,0.884677,60.7394
telstar401,43,LAM,0.098068,2.34778301e-03,0.891539,57.7506
telstar401,43,LAM,0.108118,2.32862385e-03,0.898874,54.9739
telstar401,43,LAM,0.119199,2.30869981e-03,0.906631,52.8096
telstar401,43,LAM,0.131415,2.28824100e-03,0.914737,51.8534
telstar401,43,LAM,0.144883,2.26752114e-03,0.923096,52.8599
telstar401,43,LAM,0.159731,2.24685099e-03,0.931588,56.5749
telstar401,43,LAM,0.176101,2.22656724e-03,0.940074,63.5045
telstar401,43,LAM,0.194149,2.20701702e-03,0.948402,73.8253
telstar401,43,LAM,0.214047,2.18853876e-03,0.956409,87.4987
telstar401,43,LAM,0.235983,2.17144108e-03,0.963940,104.4344
telstar401,43,LAM,0.260168,2.15598173e-03,0.970852,124.5502
telstar401,43,LAM,0.286832,2.14234922e-03,0.977030,147.4682
telstar401,43,LAM,0.316228,2.13064951e-03,0.982395,166.6945
telstar401,43,LAM,0.348637,2.12089980e-03,0.986911,146.8225
telstar401,43,LAM,0.384367,2.11303056e-03,0.990586,111.7839
telstar401,43,LAM,0.423759,2.10689583e-03,0.993471,72.6439
telstar401,43,LAM,0.467188,2.10229062e-03,0.995647,39.9381
telstar401,43,LAM,0.515068,2.09897304e-03,0.997221,55.3770
telstar401,43,LAM,0.567855,2.09668811e-03,0.998307,102.0026
telstar401,43,LAM,0.626052,2.09518988e-03,0.999021,129.1635
telstar401,43,LAM,0.690213,2.09425897e-03,0.999465,88.9961
telstar401,43,LAM,0.760950,2.09371370e-03,0.999726,23.0257
telstar401,43,LAM,0.838936,2.09341437e-03,0.999868,60.2532
telstar401,43,LAM,0.924915,2.09326135e-03,0.999942,133.8975
telstar401,43,LAM,1.019705,2.09318902e-03,0.999976,81.0427
telstar401,43,LAM,1.124210,2.09315765e-03,0.999991,68.1605
telstar401,43,LAM,1.239425,2.09314528e-03,0.999997,168.8895
telstar401,43,LAM,1.366448,2.09314089e-03,0.999999,59.5193
telstar401,43,LAM,1.506489,2.09313950e-03,1.000000,126.2256
telstar401,43,LAM,1.660883,2.09313911e-03,1.000000,37.5483
telstar401,43,LAM,1.831099,2.09313901e-03,1.000000,121.1604
telstar401,43,LAM,2.018760,2.09313899e-03,1.000000,42.1201
telstar401,43,LAM,2.225654,2.09313899e-03,1.000000,106.3168
telstar401,43,LAM,2.453751,2.09313899e-03,1.000000,151.3156
telstar401,43,LAM,2.705225,2.09313899e-03,1.000000,93.8821
telstar401,43,LAM,2.982471,2.09313899e-03,1.000000,77.8471
telstar401,43,LAM,3.288131,2.09313899e-03,1.000000,92.5879
telstar401,43,LAM,3.625117,2.09313899e-03,1.000000,102.2879
telstar401,43,LAM,3.996639,2.09313899e-03,1.000000,142.8543
telstar401,43,LAM,4.406236,2.09313899e-03,1.000000,63.8240
telstar401,43,LAM,4.857812,2.09313899e-03,1.000000,107.3901
telstar401,43,LAM,5.355667,2.09313899e-03,1.000000,52.9086
telstar401,43,LAM,5.904545,2.09313899e-03,1.000000,72.8847
telstar401,43,LAM,6.509675,2.09313899e-03,1.000000,82.3198
telstar401,43,LAM,7.176822,2.09313899e-03,1.000000,56.6273
telstar401,43,LAM,7.912343,2.09313899e-03,1.000000,113.9715
telstar401,43,LAM,8.723243,2.09313899e-03,1.000000,14.2719
telstar401,43,LAM,9.617249,2.09313899e-03,1.000000,22.6385
telstar401,43,LAM,10.602877,2.09313899e-03,1.000000,64.7123
telstar401,43,LAM,11.689518,2.09313899e-03,1.000000,78.1013
telstar401,43,LAM,12.887524,2.09313899e-03,1.000000,105.5080
telstar401,43,LAM,14.208308,2.09313899e-03,1.000000,56.9809
telstar401,43,LAM,15.664454,2.09313899e-03,1.000000,71.6865
telstar401,43,LAM,17.269833,2.09313899e-03,1.000000,58.3798
telstar401,43,LAM,19.039740,2.09313899e-03,1.000000,69.7279
telstar401,43,LAM,20.991037,2.09313899e-03,1.000000,80.6968
telstar401,43,LAM,23.142314,2.09313899e-03,1.000000,108.0384
telstar401,43,LAM,25.514065,2.09313899e-03,1.000000,35.4557
telstar401,43,LAM,28.128887,2.09313899e-03,1.000000,138.6510
telstar401,43,LAM,31.011689,2.09313899e-03,1.000000,40.7693
telstar401,43,LAM,34.189937,2.09313899e-03,1.000000,164.8792
telstar401,43,LAM,37.693910,2.09313899e-03,1.000000,18.9606
telstar401,43,LAM,41.556988,2.09313899e-03,1.000000,122.9226
telstar401,43,LAM,45.815977,2.09313899e-03,1.000000,120.8749
telstar401,43,LAM,50.511449,2.09313899e-03,1.000000,36.9765
telstar401,43,LAM,55.688140,2.09313899e-03,1.000000,29.8037
telstar401,43,LAM,61.395366,2.09313899e-03,1.000000,140.7656
telstar401,43,LAM,67.687500,2.09313899e-03,1.000000,72.8040
telstar401,43,LAM,74.624487,2.09313899e-03,1.000000,21.6640
telstar401,43,LAM,82.272413,2.09313899e-03,1.000000,57.7604
telstar401,43,LAM,90.704142,2.09313899e-03,1.000000,104.2688
telstar401,43,LAM,100.000000,2.09313899e-03,1.000000,48.4159
telstar401,44,LAM,0.000000,7.27216965e-04,0.455845,161.8406
telstar401,44,LAM,0.001000,7.27168307e-04,0.455875,160.7199
telstar401,44,LAM,0.001102,7.27163320e-04,0.455878,160.6045
telstar401,44,LAM,0.001215,7.27157822e-04,0.455882,160.4771
telstar401,44,LAM,0.001340,7.27151760e-04,0.455885,160.3365
telstar401,44,LAM,0.001477,7.27145077e-04,0.455890,160.1813
telstar401,44,LAM,0.001629,7.27137710e-04,0.455894,160.0100
telstar401,44,LAM,0.001796,7.27129587e-04,0.455899,159.8209
telstar401,44,LAM,0.001980,7.27120631e-04,0.455905,159.6122
telstar401,44,LAM,0.002183,7.27110757e-04,0.455911,159.3817
telstar401,44,LAM,0.002406,7.27099872e-04,0.455918,159.1273
telstar401,44,LAM,0.002653,7.27087870e-04,0.455925,158.8463
telstar401,44,LAM,0.002925,7.27074639e-04,0.455934,158.5360
telstar401,44,LAM,0.003225,7.27060051e-04,0.455943,158.1932
telstar401,44,LAM,0.003555,7.27043967e-04,0.455953,157.8146
telstar401,44,LAM,0.003919,7.27026235e-04,0.455964,157.3965
telstar401,44,LAM,0.004321,7.27006685e-04,0.455976,156.9345
telstar401,44,LAM,0.004764,7.26985131e-04,0.455990,156.4241
telstar401,44,LAM,0.005252,7.26961367e-04,0.456005,155.8603
telstar401,44,LAM,0.005790,7.26935166e-04,0.456021,155.2373
telstar401,44,LAM,0.006384,7.26906279e-04,0.456039,154.5489
telstar401,44,LAM,0.007038,7.26874431e-04,0.456059,153.7883
telstar401,44,LAM,0.007759,7.26839317e-04,0.456081,152.9479
telstar401,44,LAM,0.008555,7.26800601e-04,0.456106,152.0194
telstar401,44,LAM,0.009431,7.26757916e-04,0.456132,150.9936
telstar401,44,LAM,0.010398,7.26710853e-04,0.456162,149.8603
telstar401,44,LAM,0.011464,7.26658963e-04,0.456195,148.6084
telstar401,44,LAM,0.012638,7.26601751e-04,0.456231,147.2256
telstar401,44,LAM,0.013934,7.26538669e-04,0.456270,145.6985
telstar401,44,LAM,0.015362,7.26469116e-04,0.456314,144.0122
telstar401,44,LAM,0.016936,7.26392427e-04,0.456362,142.1505
telstar401,44,LAM,0.018672,7.26307869e-04,0.456415,140.0954
telstar401,44,LAM,0.020585,7.26214632e-04,0.456474,137.8274
telstar401,44,LAM,0.022695,7.26111826e-04,0.456538,135.3249
telstar401,44,LAM,0.025021,7.25998467e-04,0.456610,132.5644
telstar401,44,LAM,0.027585,7.25873468e-04,0.456688,129.5201
telstar401,44,LAM,0.030412,7.25735633e-04,0.456775,126.1639
telstar401,44,LAM,0.033529,7.25583641e-04,0.456871,122.4650
telstar401,44,LAM,0.036966,7.25416034e-04,0.456976,118.3898
telstar401,44,LAM,0.040754,7.25231203e-04,0.457093,113.9022
telstar401,44,LAM,0.044931,7.25027375e-04,0.457221,108.9628
telstar401,44,LAM,0.049535,7.24802590e-04,0.457363,103.5296
telstar401,44,LAM,0.054612,7.24554686e-04,0.457519,97.5582
telstar401,44,LAM,0.060209,7.24281276e-04,0.457692,91.0022
telstar401,44,LAM,0.066379,7.23979725e-04,0.457883,83.8157
telstar401,44,LAM,0.073182,7.23647125e-04,0.458093,75.9561
telstar401,44,LAM,0.080683,7.23280263e-04,0.458326,67.3927
telstar401,44,LAM,0.088951,7.22875591e-04,0.458582,58.1252
telstar401,44,LAM,0.098068,7.22429188e-04,0.458866,48.2306
telstar401,44,LAM,0.108118,7.21936727e-04,0.459179,38.0031
telstar401,44,LAM,0.119199,7.21393422e-04,0.459524,28.4246
telstar401,44,LAM,0.131415,7.20793985e-04,0.459907,22.6233
telstar401,44,LAM,0.144883,7.20132571e-04,0.460329,25.9500
telstar401,44,LAM,0.159731,7.19402720e-04,0.460796,37.9206
telstar401,44,LAM,0.176101,7.18597284e-04,0.461312,54.6175
telstar401,44,LAM,0.194149,7.17708361e-04,0.461884,74.3119
telstar401,44,LAM,0.214047,7.16727207e-04,0.462516,96.4527
telstar401,44,LAM,0.235983,7.15644148e-04,0.463216,120.7350
telstar401,44,LAM,0.260168,7.14448480e-04,0.463991,146.1583
telstar401,44,LAM,0.286832,7.13128352e-04,0.464850,162.1885
telstar401,44,LAM,0.316228,7.11670650e-04,0.465802,140.6237
telstar401,44,LAM,0.348637,7.10060854e-04,0.466858,106.0710
telstar401,44,LAM,0.384367,7.08282892e-04,0.468030,67.0194
telstar401,44,LAM,0.423759,7.06318974e-04,0.469332,25.6955
telstar401,44,LAM,0.467188,7.04149412e-04,0.470778,28.7811
telstar401,44,LAM,0.515068,7.01752427e-04,0.472386,78.5305
telstar401,44,LAM,0.567855,6.99103942e-04,0.474175,132.8443
telstar401,44,LAM,0.626052,6.96177359e-04,0.476169,152.6261
telstar401,44,LAM,0.690213,6.92943331e-04,0.478391,91.9094
telstar401,44,LAM,0.760950,6.89369530e-04,0.480871,25.3466
telstar401,44,LAM,0.838936,6.85420421e-04,0.483642,63.3396
telstar401,44,LAM,0.924915,6.81057053e-04,0.486740,145.6544
telstar401,44,LAM,1.019705,6.76236896e-04,0.490210,120.8469
telstar401,44,LAM,1.124210,6.70913742e-04,0.494099,31.4920
telstar401,44,LAM,1.239425,6.65037710e-04,0.498465,87.1623
telstar401,44,LAM,1.366448,6.58555424e-04,0.503371,156.8998
telstar401,44,LAM,1.506489,6.51410416e-04,0.508893,43.6127
telstar401,44,LAM,1.660883,6.43543873e-04,0.515113,78.4507
telstar401,44,LAM,1.831099,6.34895841e-04,0.522130,137.7349
telstar401,44,LAM,2.018760,6.25407040e-04,0.530051,15.6667
telstar401,44,LAM,2.225654,6.15021484e-04,0.539002,122.9369
telstar401,44,LAM,2.453751,6.03690115e-04,0.549119,96.2188
telstar401,44,LAM,2.705225,5.91375649e-04,0.560554,41.0158
telstar401,44,LAM,2.982471,5.78058822e-04,0.573467,169.2039
telstar401,44,LAM,3.288131,5.63746086e-04,0.588027,68.3374
telstar401,44,LAM,3.625117,5.48478642e-04,0.604395,42.3058
telstar401,44,LAM,3.996639,5.32342316e-04,0.622716,133.3855
telstar401,44,LAM,4.406236,5.15477357e-04,0.643089,160.0059
telstar401,44,LAM,4.857812,4.98086650e-04,0.665543,127.7598
telstar401,44,LAM,5.355667,4.80440322e-04,0.689988,144.9863
telstar401,44,LAM,5.904545,4.62874622e-04,0.716172,142.6439
telstar401,44,LAM,6.509675,4.45783762e-04,0.743629,18.2579
telstar401,44,LAM,7.176822,4.29606377e-04,0.771632,164.2021
telstar401,44,LAM,7.912343,4.14817118e-04,0.799142,83.9911
telstar401,44,LAM,8.723243,4.01970744e-04,0.824682,72.4939
telstar401,44,LAM,9.617249,3.92400962e-04,0.844794,110.5804
telstar401,44,LAM,10.602877,3.81737507e-04,0.868392,79.1909
telstar401,44,LAM,11.689518,3.68129316e-04,0.900493,35.8453
telstar401,44,LAM,12.887524,3.55128488e-04,0.933459,84.7397
telstar401,44,LAM,14.208308,3.44996008e-04,0.960875,136.9107
telstar401,44,LAM,15.664454,3.38372043e-04,0.979685,96.7840
telstar401,44,LAM,17.269833,3.34644464e-04,0.990597,99.3978
telstar401,44,LAM,19.039740,3.32798876e-04,0.996091,140.9893
telstar401,44,LAM,20.991037,3.31983796e-04,0.998536,109.5725
telstar401,44,LAM,23.142314,3.31661102e-04,0.999508,112.4691
telstar401,44,LAM,25.514065,3.31546807e-04,0.999852,143.0127
telstar401,44,LAM,28.128887,3.31510837e-04,0.999961,36.9523
telstar401,44,LAM,31.011689,3.31500879e-04,0.999991,106.5659
telstar401,44,LAM,34.189937,3.31498483e-04,0.999998,126.0665
telstar401,44,LAM,37.693910,3.31497989e-04,1.000000,25.6608
telstar401,44,LAM,41.556988,3.31497903e-04,1.000000,130.4545
telstar401,44,LAM,45.815977,3.31497890e-04,1.000000,153.3169
telstar401,44,LAM,50.511449,3.31497889e-04,1.000000,77.5995
telstar401,44,LAM,55.688140,3.31497889e-04,1.000000,123.0046
telstar401,44,LAM,61.395366,3.31497889e-04,1.000000,78.5327
telstar401,44,LAM,67.687500,3.31497889e-04,1.000000,100.9585
telstar401,44,LAM,74.624487,3.31497889e-04,1.000000,105.4335
telstar401,44,LAM,82.272413,3.31497889e-04,1.000000,72.8287
telstar401,44,LAM,90.704142,3.31497889e-04,1.000000,120.4863
telstar401,44,LAM,100.000000,3.31497889e-04,1.000000,31.8440
telstar401,45,LAM,0.000000,1.37916690e-03,0.654760,46.9804
telstar401,45,LAM,0.001000,1.37741367e-03,0.655593,47.5777
telstar401,45,LAM,0.001102,1.37723429e-03,0.655678,47.6393
telstar401,45,LAM,0.001215,1.37703659e-03,0.655773,47.7074
telstar401,45,LAM,0.001340,1.37681871e-03,0.655876,47.7825
telstar401,45,LAM,0.001477,1.37657859e-03,0.655991,47.8655
telstar401,45,LAM,0.001629,1.37631398e-03,0.656117,47.9571
telstar401,45,LAM,0.001796,1.37602240e-03,0.656256,48.0583
telstar401,45,LAM,0.001980,1.37570111e-03,0.656409,48.1702
telstar401,45,LAM,0.002183,1.37534710e-03,0.656578,48.2938
telstar401,45,LAM,0.002406,1.37495706e-03,0.656764,48.4304
telstar401,45,LAM,0.002653,1.37452736e-03,0.656970,48.5814
telstar401,45,LAM,0.002925,1.37405399e-03,0.657196,48.7484
telstar401,45,LAM,0.003225,1.37353258e-03,0.657445,48.9332
telstar401,45,LAM,0.003555,1.37295828e-03,0.657720,49.1376
telstar401,45,LAM,0.003919,1.37232580e-03,0.658024,49.3639
telstar401,45,LAM,0.004321,1.37162933e-03,0.658358,49.6146
telstar401,45,LAM,0.004764,1.37086247e-03,0.658726,49.8922
telstar401,45,LAM,0.005252,1.37001825e-03,0.659132,50.1999
telstar401,45,LAM,0.005790,1.36908898e-03,0.659579,50.5410
telstar401,45,LAM,0.006384,1.36806628e-03,0.660072,50.9195
telstar401,45,LAM,0.007038,1.36694095e-03,0.660616,51.3395
telstar401,45,LAM,0.007759,1.36570296e-03,0.661215,51.8060
telstar401,45,LAM,0.008555,1.36434133e-03,0.661875,52.3244
telstar401,45,LAM,0.009431,1.36284409e-03,0.662602,52.9007
telstar401,45,LAM,0.010398,1.36119820e-03,0.663403,53.5420
telstar401,45,LAM,0.011464,1.35938946e-03,0.664286,54.2560
telstar401,45,LAM,0.012638,1.35740243e-03,0.665258,55.0515
telstar401,45,LAM,0.013934,1.35522039e-03,0.666329,55.9385
telstar401,45,LAM,0.015362,1.35282520e-03,0.667509,56.9284
telstar401,45,LAM,0.016936,1.35019731e-03,0.668808,58.0338
telstar401,45,LAM,0.018672,1.34731563e-03,0.670238,59.2693
telstar401,45,LAM,0.020585,1.34415750e-03,0.671813,60.6512
telstar401,45,LAM,0.022695,1.34069867e-03,0.673546,62.1982
telstar401,45,LAM,0.025021,1.33691332e-03,0.675454,63.9311
telstar401,45,LAM,0.027585,1.33277401e-03,0.677551,65.8737
telstar401,45,LAM,0.030412,1.32825181e-03,0.679858,68.0529
telstar401,45,LAM,0.033529,1.32331640e-03,0.682394,70.4988
telstar401,45,LAM,0.036966,1.31793627e-03,0.685179,73.2453
telstar401,45,LAM,0.040754,1.31207898e-03,0.688238,76.3301
telstar401,45,LAM,0.044931,1.30571154e-03,0.691594,79.7952
telstar401,45,LAM,0.049535,1.29880096e-03,0.695274,83.6862
telstar401,45,LAM,0.054612,1.29131487e-03,0.699305,88.0523
telstar401,45,LAM,0.060209,1.28322242e-03,0.703715,92.9443
telstar401,45,LAM,0.066379,1.27449534e-03,0.708534,98.4114
telstar401,45,LAM,0.073182,1.26510926e-03,0.713790,104.4938
telstar401,45,LAM,0.080683,1.25504537e-03,0.719514,111.2082
telstar401,45,LAM,0.088951,1.24429233e-03,0.725732,118.5153
telstar401,45,LAM,0.098068,1.23284856e-03,0.732469,126.2475
telstar401,45,LAM,0.108118,1.22072489e-03,0.739743,133.9401
telstar401,45,LAM,0.119199,1.20794750e-03,0.747568,140.4572
telstar401,45,LAM,0.131415,1.19456129e-03,0.755945,143.4687
telstar401,45,LAM,0.144883,1.18063338e-03,0.764863,140.0636
telstar401,45,LAM,0.159731,1.16625701e-03,0.774291,129.4094
telstar401,45,LAM,0.176101,1.15155562e-03,0.784176,112.8365
telstar401,45,LAM,0.194149,1.13668753e-03,0.794434,91.5864
telstar401,45,LAM,0.214047,1.12185206e-03,0.804939,66.2229
telstar401,45,LAM,0.235983,1.10730005e-03,0.815518,36.9379
telstar401,45,LAM,0.260168,1.09335808e-03,0.825917,5.2221
telstar401,45,LAM,0.286832,1.08050616e-03,0.835741,34.1149
telstar401,45,LAM,0.316228,1.06989645e-03,0.844028,74.2515
telstar401,45,LAM,0.348637,1.05951439e-03,0.852299,116.9471
telstar401,45,LAM,0.384367,1.04559987e-03,0.863641,144.7121
telstar401,45,LAM,0.423759,1.02977865e-03,0.876910,101.4285
telstar401,45,LAM,0.467188,1.01284869e-03,0.891567,31.1634
telstar401,45,LAM,0.515068,9.95551474e-04,0.907058,64.8236
telstar401,45,LAM,0.567855,9.78621493e-04,0.922750,164.2807
telstar401,45,LAM,0.626052,9.62749325e-04,0.937963,78.2372
telstar401,45,LAM,0.690213,9.48517263e-04,0.952036,79.9187
telstar401,45,LAM,0.760950,9.36336045e-04,0.964422,131.9346
telstar401,45,LAM,0.838936,9.26404774e-04,0.974761,65.6877
telstar401,45,LAM,0.924915,9.18707521e-04,0.982927,106.3302
telstar401,45,LAM,1.019705,9.13047433e-04,0.989021,117.3337
telstar401,45,LAM,1.124210,9.09106892e-04,0.993308,10.7421
telstar401,45,LAM,1.239425,9.06515846e-04,0.996147,61.9154
telstar401,45,LAM,1.366448,9.04911587e-04,0.997913,105.5387
telstar401,45,LAM,1.506489,9.03979805e-04,0.998941,131.1476
telstar401,45,LAM,1.660883,9.03474488e-04,0.999500,121.2932
telstar401,45,LAM,1.831099,9.03220056e-04,0.999782,67.1215
telstar401,45,LAM,2.018760,9.03101901e-04,0.999912,44.8495
telstar401,45,LAM,2.225654,9.03051680e-04,0.999968,136.3167
telstar401,45,LAM,2.453751,9.03032310e-04,0.999989,33.9440
telstar401,45,LAM,2.705225,9.03025596e-04,0.999997,82.5791
telstar401,45,LAM,2.982471,9.03023527e-04,0.999999,110.0515
telstar401,45,LAM,3.288131,9.03022966e-04,1.000000,73.1620
telstar401,45,LAM,3.625117,9.03022834e-04,1.000000,43.0123
telstar401,45,LAM,3.996639,9.03022808e-04,1.000000,137.3262
telstar401,45,LAM,4.406236,9.03022804e-04,1.000000,134.1640
telstar401,45,LAM,4.857812,9.03022803e-04,1.000000,175.6854
telstar401,45,LAM,5.355667,9.03022803e-04,1.000000,39.7429
telstar401,45,LAM,5.904545,9.03022803e-04,1.000000,136.1288
telstar401,45,LAM,6.509675,9.03022803e-04,1.000000,91.9484
telstar401,45,LAM,7.176822,9.03022803e-04,1.000000,95.9727
telstar401,45,LAM,7.912343,9.03022803e-04,1.000000,116.8924
telstar401,45,LAM,8.723243,9.03022803e-04,1.000000,70.4476
telstar401,45,LAM,9.617249,9.03022803e-04,1.000000,42.3006
telstar401,45,LAM,10.602877,9.03022803e-04,1.000000,126.6905
telstar401,45,LAM,11.689518,9.03022803e-04,1.000000,47.2545
telstar401,45,LAM,12.887524,9.03022803e-04,1.000000,94.3058
telstar401,45,LAM,14.208308,9.03022803e-04,1.000000,81.1727
telstar401,45,LAM,15.664454,9.03022803e-04,1.000000,72.6305
telstar401,45,LAM,17.269833,9.03022803e-04,1.000000,43.3417
telstar401,45,LAM,19.039740,9.03022803e-04,1.000000,69.3226
telstar401,45,LAM,20.991037,9.03022803e-04,1.000000,161.8078
telstar401,45,LAM,23.142314,9.03022803e-04,1.000000,57.4219
telstar401,45,LAM,25.514065,9.03022803e-04,1.000000,124.2955
telstar401,45,LAM,28.128887,9.03022803e-04,1.000000,59.9946
telstar401,45,LAM,31.011689,9.03022803e-04,1.000000,58.3913
telstar401,45,LAM,34.189937,9.03022803e-04,1.000000,138.6938
telstar401,45,LAM,37.693910,9.03022803e-04,1.000000,149.2668
telstar401,45,LAM,41.556988,9.03022803e-04,1.000000,91.2462
telstar401,45,LAM,45.815977,9.03022803e-04,1.000000,78.6878
telstar401,45,LAM,50.511449,9.03022803e-04,1.000000,65.4985
telstar401,45,LAM,55.688140,9.03022803e-04,1.000000,59.7767
telstar401,45,LAM,61.395366,9.03022803e-04,1.000000,20.2328
telstar401,45,LAM,67.687500,9.03022803e-04,1.000000,43.8176
telstar401,45,LAM,74.624487,9.03022803e-04,1.000000,99.1936
telstar401,45,LAM,82.272413,9.03022803e-04,1.000000,130.3186
telstar401,45,LAM,90.704142,9.03022803e-04,1.000000,49.8151
telstar401,45,LAM,100.000000,9.03022803e-04,1.000000,114.1887
telstar401,46,SAM,0.000000,5.03465743e-04,0.883658,161.9743
telstar401,46,SAM,0.001000,5.03424332e-04,0.883731,160.2546
telstar401,46,SAM,0.001102,5.03420088e-04,0.883738,160.0684
telstar401,46,SAM,0.001215,5.03415409e-04,0.883747,159.8613
telstar401,46,SAM,0.001340,5.03410251e-04,0.883756,159.6306
telstar401,46,SAM,0.001477,5.03404564e-04,0.883766,159.3737
telstar401,46,SAM,0.001629,5.03398295e-04,0.883777,159.0874
telstar401,46,SAM,0.001796,5.03391383e-04,0.883789,158.7680
telstar401,46,SAM,0.001980,5.03383763e-04,0.883802,158.4118
telstar401,46,SAM,0.002183,5.03375362e-04,0.883817,158.0142
telstar401,46,SAM,0.002406,5.03366101e-04,0.883833,157.5703
telstar401,46,SAM,0.002653,5.03355890e-04,0.883851,157.0744
telstar401,46,SAM,0.002925,5.03344634e-04,0.883871,156.5205
telstar401,46,SAM,0.003225,5.03332224e-04,0.883893,155.9015
telstar401,46,SAM,0.003555,5.03318543e-04,0.883917,155.2098
telstar401,46,SAM,0.003919,5.03303461e-04,0.883943,154.4368
telstar401,46,SAM,0.004321,5.03286833e-04,0.883972,153.5730
telstar401,46,SAM,0.004764,5.03268502e-04,0.884005,152.6080
telstar401,46,SAM,0.005252,5.03248294e-04,0.884040,151.5302
telstar401,46,SAM,0.005790,5.03226016e-04,0.884079,150.3268
telstar401,46,SAM,0.006384,5.03201456e-04,0.884122,148.9839
telstar401,46,SAM,0.007038,5.03174382e-04,0.884170,147.4861
telstar401,46,SAM,0.007759,5.03144535e-04,0.884222,145.8164
telstar401,46,SAM,0.008555,5.03111632e-04,0.884280,143.9563
telstar401,46,SAM,0.009431,5.03075360e-04,0.884344,141.8855
telstar401,46,SAM,0.010398,5.03035376e-04,0.884414,139.5817
telstar401,46,SAM,0.011464,5.02991299e-04,0.884492,137.0205
telstar401,46,SAM,0.012638,5.02942712e-04,0.884577,134.1750
telstar401,46,SAM,0.013934,5.02889154e-04,0.884671,131.0159
telstar401,46,SAM,0.015362,5.02830117e-04,0.884775,127.5109
telstar401,46,SAM,0.016936,5.02765041e-04,0.884890,123.6245
telstar401,46,SAM,0.018672,5.02693312e-04,0.885016,119.3176
telstar401,46,SAM,0.020585,5.02614251e-04,0.885155,114.5474
telstar401,46,SAM,0.022695,5.02527110e-04,0.885309,109.2666
telstar401,46,SAM,0.025021,5.02431068e-04,0.885478,103.4233
telstar401,46,SAM,0.027585,5.02325219e-04,0.885665,96.9602
telstar401,46,SAM,0.030412,5.02208566e-04,0.885870,89.8145
telstar401,46,SAM,0.033529,5.02080013e-04,0.886097,81.9174
telstar401,46,SAM,0.036966,5.01938354e-04,0.886347,73.1935
telstar401,46,SAM,0.040754,5.01782264e-04,0.886623,63.5614
telstar401,46,SAM,0.044931,5.01610284e-04,0.886927,52.9344
telstar401,46,SAM,0.049535,5.01420812e-04,0.887262,41.2266
telstar401,46,SAM,0.054612,5.01212091e-04,0.887632,28.3767
telstar401,46,SAM,0.060209,5.00982190e-04,0.888039,14.5312
telstar401,46,SAM,0.066379,5.00728993e-04,0.888488,5.8210
telstar401,46,SAM,0.073182,5.00450183e-04,0.888983,20.4668
telstar401,46,SAM,0.080683,5.00143220e-04,0.889529,39.3077
telstar401,46,SAM,0.088951,4.99805333e-04,0.890130,60.2199
telstar401,46,SAM,0.098068,4.99433494e-04,0.890793,83.0753
telstar401,46,SAM,0.108118,4.99024406e-04,0.891523,107.5723
telstar401,46,SAM,0.119199,4.98574481e-04,0.892327,132.1614
telstar401,46,SAM,0.131415,4.98079833e-04,0.893214,148.1627
telstar401,46,SAM,0.144883,4.97536257e-04,0.894189,134.8144
telstar401,46,SAM,0.159731,4.96939223e-04,0.895264,101.5761
telstar401,46,SAM,0.176101,4.96283875e-04,0.896446,60.4776
telstar401,46,SAM,0.194149,4.95565031e-04,0.897746,15.1528
telstar401,46,SAM,0.214047,4.94777201e-04,0.899176,39.7221
telstar401,46,SAM,0.235983,4.93914616e-04,0.900746,95.1178
telstar401,46,SAM,0.260168,4.92971273e-04,0.902470,140.8858
telstar401,46,SAM,0.286832,4.91941014e-04,0.904360,106.1505
telstar401,46,SAM,0.316228,4.90817620e-04,0.906430,30.7859
telstar401,46,SAM,0.348637,4.89594959e-04,0.908693,57.8505
telstar401,46,SAM,0.384367,4.88267171e-04,0.911164,145.4669
telstar401,46,SAM,0.423759,4.86828911e-04,0.913856,82.5437
telstar401,46,SAM,0.467188,4.85275654e-04,0.916781,40.4884
telstar401,46,SAM,0.515068,4.83604074e-04,0.919950,167.5924
telstar401,46,SAM,0.567855,4.81812496e-04,0.923371,35.7507
telstar401,46,SAM,0.626052,4.79901424e-04,0.927048,147.5657
telstar401,46,SAM,0.690213,4.77874130e-04,0.930981,40.7992
telstar401,46,SAM,0.760950,4.75737286e-04,0.935163,160.0234
telstar401,46,SAM,0.838936,4.73501594e-04,0.939578,87.4295
telstar401,46,SAM,0.924915,4.71182358e-04,0.944203,26.6337
telstar401,46,SAM,1.019705,4.68799910e-04,0.949001,71.7849
telstar401,46,SAM,1.124210,4.66379785e-04,0.953926,94.1223
telstar401,46,SAM,1.239425,4.63952528e-04,0.958916,77.8140
telstar401,46,SAM,1.366448,4.61553015e-04,0.963902,22.0902
telstar401,46,SAM,1.506489,4.59219211e-04,0.968800,80.3761
telstar401,46,SAM,1.660883,4.56990326e-04,0.973525,126.1132
telstar401,46,SAM,1.831099,4.54904455e-04,0.977989,102.6773
telstar401,46,SAM,2.018760,4.52995874e-04,0.982110,21.7515
telstar401,46,SAM,2.225654,4.51292313e-04,0.985817,14.9802
telstar401,46,SAM,2.453751,4.49812568e-04,0.989060,87.0645
telstar401,46,SAM,2.705225,4.48564875e-04,0.991811,117.0124
telstar401,46,SAM,2.982471,4.47546337e-04,0.994068,142.3574
telstar401,46,SAM,3.288131,4.46743581e-04,0.995855,129.0362
telstar401,46,SAM,3.625117,4.46134568e-04,0.997214,107.9726
telstar401,46,SAM,3.996639,4.45691273e-04,0.998206,135.7431
telstar401,46,SAM,4.406236,4.45382792e-04,0.998897,144.5723
telstar401,46,SAM,4.857812,4.45178381e-04,0.999356,46.7269
telstar401,46,SAM,5.355667,4.45049973e-04,0.999644,56.7218
telstar401,46,SAM,5.904545,4.44973882e-04,0.999815,100.9577
telstar401,46,SAM,6.509675,4.44931586e-04,0.999910,94.5393
telstar401,46,SAM,7.176822,4.44909669e-04,0.999960,45.1866
telstar401,46,SAM,7.912343,4.44899154e-04,0.999983,66.3998
telstar401,46,SAM,8.723243,4.44894520e-04,0.999994,79.7273
telstar401,46,SAM,9.617249,4.44892659e-04,0.999998,36.1157
telstar401,46,SAM,10.602877,4.44891985e-04,0.999999,68.0686
telstar401,46,SAM,11.689518,4.44891767e-04,1.000000,145.5902
telstar401,46,SAM,12.887524,4.44891704e-04,1.000000,174.6380
telstar401,46,SAM,14.208308,4.44891689e-04,1.000000,136.2480
telstar401,46,SAM,15.664454,4.44891685e-04,1.000000,34.4887
telstar401,46,SAM,17.269833,4.44891685e-04,1.000000,29.6340
telstar401,46,SAM,19.039740,4.44891685e-04,1.000000,154.2226
telstar401,46,SAM,20.991037,4.44891685e-04,1.000000,72.9905
telstar401,46,SAM,23.142314,4.44891685e-04,1.000000,40.0131
telstar401,46,SAM,25.514065,4.44891685e-04,1.000000,132.2671
telstar401,46,SAM,28.128887,4.44891685e-04,1.000000,145.4203
telstar401,46,SAM,31.011689,4.44891685e-04,1.000000,45.1095
telstar401,46,SAM,34.189937,4.44891685e-04,1.000000,124.2243
telstar401,46,SAM,37.693910,4.44891685e-04,1.000000,128.8872
telstar401,46,SAM,41.556988,4.44891685e-04,1.000000,129.5415
telstar401,46,SAM,45.815977,4.44891685e-04,1.000000,59.3381
telstar401,46,SAM,50.511449,4.44891685e-04,1.000000,142.4920
telstar401,46,SAM,55.688140,4.44891685e-04,1.000000,109.2346
telstar401,46,SAM,61.395366,4.44891685e-04,1.000000,99.3760
telstar401,46,SAM,67.687500,4.44891685e-04,1.000000,130.5876
telstar401,46,SAM,74.624487,4.44891685e-04,1.000000,145.2939
telstar401,46,SAM,82.272413,4.44891685e-04,1.000000,72.6365
telstar401,46,SAM,90.704142,4.44891685e-04,1.000000,85.2027
telstar401,46,SAM,100.000000,4.44891685e-04,1.000000,30.3961
telstar401,47,SAM,0.000000,2.98012411e-03,0.873425,130.6313
telstar401,47,SAM,0.001000,2.97718640e-03,0.874287,130.7101
telstar401,47,SAM,0.001102,2.97688580e-03,0.874375,130.7181
telstar401,47,SAM,0.001215,2.97655450e-03,0.874472,130.7268
telstar401,47,SAM,0.001340,2.97618938e-03,0.874580,130.7365
telstar401,47,SAM,0.001477,2.97578699e-03,0.874698,130.7471
telstar401,47,SAM,0.001629,2.97534356e-03,0.874828,130.7588
telstar401,47,SAM,0.001796,2.97485492e-03,0.874972,130.7716
telstar401,47,SAM,0.001980,2.97431649e-03,0.875130,130.7857
telstar401,47,SAM,0.002183,2.97372323e-03,0.875305,130.8012
telstar401,47,SAM,0.002406,2.97306960e-03,0.875497,130.8182
telstar401,47,SAM,0.002653,2.97234953e-03,0.875709,130.8369
telstar401,47,SAM,0.002925,2.97155632e-03,0.875943,130.8574
telstar401,47,SAM,0.003225,2.97068262e-03,0.876201,130.8798
telstar401,47,SAM,0.003555,2.96972039e-03,0.876485,130.9044
telstar401,47,SAM,0.003919,2.96866077e-03,0.876798,130.9313
telstar401,47,SAM,0.004321,2.96749407e-03,0.877142,130.9607
telstar401,47,SAM,0.004764,2.96620969e-03,0.877522,130.9929
telstar401,47,SAM,0.005252,2.96479601e-03,0.877941,131.0280
telstar401,47,SAM,0.005790,2.96324032e-03,0.878401,131.0663
telstar401,47,SAM,0.006384,2.96152877e-03,0.878909,131.1081
telstar401,47,SAM,0.007038,2.95964624e-03,0.879468,131.1535
telstar401,47,SAM,0.007759,2.95757628e-03,0.880084,131.2029
telstar401,47,SAM,0.008555,2.95530101e-03,0.880761,131.2564
telstar401,47,SAM,0.009431,2.95280107e-03,0.881507,131.3143
telstar401,47,SAM,0.010398,2.95005551e-03,0.882327,131.3770
telstar401,47,SAM,0.011464,2.94704175e-03,0.883230,131.4444
telstar401,47,SAM,0.012638,2.94373555e-03,0.884222,131.5170
telstar401,47,SAM,0.013934,2.94011098e-03,0.885312,131.5947
telstar401,47,SAM,0.015362,2.93614047e-03,0.886509,131.6776
telstar401,47,SAM,0.016936,2.93179483e-03,0.887823,131.7658
telstar401,47,SAM,0.018672,2.92704346e-03,0.889264,131.8591
telstar401,47,SAM,0.020585,2.92185448e-03,0.890843,131.9572
telstar401,47,SAM,0.022695,2.91619510e-03,0.892572,132.0598
telstar401,47,SAM,0.025021,2.91003203e-03,0.894463,132.1661
telstar401,47,SAM,0.027585,2.90333204e-03,0.896527,132.2753
telstar401,47,SAM,0.030412,2.89606272e-03,0.898777,132.3861
telstar401,47,SAM,0.033529,2.88819343e-03,0.901226,132.4969
telstar401,47,SAM,0.036966,2.87969646e-03,0.903885,132.6056
telstar401,47,SAM,0.040754,2.87054847e-03,0.906766,132.7096
telstar401,47,SAM,0.044931,2.86073214e-03,0.909877,132.8058
telstar401,47,SAM,0.049535,2.85023812e-03,0.913227,132.8904
telstar401,47,SAM,0.054612,2.83906725e-03,0.916820,132.9587
telstar401,47,SAM,0.060209,2.82723290e-03,0.920658,133.0056
telstar401,47,SAM,0.066379,2.81476348e-03,0.924737,133.0250
telstar401,47,SAM,0.073182,2.80170490e-03,0.929047,133.0104
telstar401,47,SAM,0.080683,2.78812281e-03,0.933572,132.9548
telstar401,47,SAM,0.088951,2.77410444e-03,0.938290,132.8511
telstar401,47,SAM,0.098068,2.75975964e-03,0.943167,132.6927
telstar401,47,SAM,0.108118,2.74522084e-03,0.948162,132.4738
telstar401,47,SAM,0.119199,2.73064174e-03,0.953225,132.1907
telstar401,47,SAM,0.131415,2.71619411e-03,0.958295,131.8422
telstar401,47,SAM,0.144883,2.70206289e-03,0.963306,131.4311
telstar401,47,SAM,0.159731,2.68843931e-03,0.968188,130.9641
telstar401,47,SAM,0.176101,2.67551228e-03,0.972866,130.4521
telstar401,47,SAM,0.194149,2.66345861e-03,0.977269,129.9073
telstar401,47,SAM,0.214047,2.65243263e-03,0.981331,129.3392
telstar401,47,SAM,0.235983,2.64255634e-03,0.984999,128.7440
telstar401,47,SAM,0.260168,2.63391099e-03,0.988232,128.0895
telstar401,47,SAM,0.286832,2.62653132e-03,0.991008,127.2932
telstar401,47,SAM,0.316228,2.62040331e-03,0.993326,126.1977
telstar401,47,SAM,0.348637,2.61546602e-03,0.995201,124.5568
telstar401,47,SAM,0.384367,2.61161754e-03,0.996668,122.0532
telstar401,47,SAM,0.423759,2.60872463e-03,0.997773,118.3768
telstar401,47,SAM,0.467188,2.60663489e-03,0.998573,113.3669
telstar401,47,SAM,0.515068,2.60518988e-03,0.999127,107.1814
telstar401,47,SAM,0.567855,2.60423754e-03,0.999492,100.4175
telstar401,47,SAM,0.626052,2.60364215e-03,0.999721,94.0788
telstar401,47,SAM,0.690213,2.60329092e-03,0.999855,89.2018
telstar401,47,SAM,0.760950,2.60309654e-03,0.999930,86.0026
telstar401,47,SAM,0.838936,2.60299627e-03,0.999969,83.0814
telstar401,47,SAM,0.924915,2.60294839e-03,0.999987,78.2305
telstar401,47,SAM,1.019705,2.60292740e-03,0.999995,71.3875
telstar401,47,SAM,1.124210,2.60291902e-03,0.999998,66.1086
telstar401,47,SAM,1.239425,2.60291600e-03,0.999999,63.4450
telstar401,47,SAM,1.366448,2.60291503e-03,1.000000,55.0508
telstar401,47,SAM,1.506489,2.60291475e-03,1.000000,35.8166
telstar401,47,SAM,1.660883,2.60291468e-03,1.000000,21.7643
telstar401,47,SAM,1.831099,2.60291467e-03,1.000000,15.0622
telstar401,47,SAM,2.018760,2.60291467e-03,1.000000,14.6672
telstar401,47,SAM,2.225654,2.60291467e-03,1.000000,39.5701
telstar401,47,SAM,2.453751,2.60291467e-03,1.000000,38.7972
telstar401,47,SAM,2.705225,2.60291467e-03,1.000000,54.3547
telstar401,47,SAM,2.982471,2.60291467e-03,1.000000,74.5388
telstar401,47,SAM,3.288131,2.60291467e-03,1.000000,100.6090
telstar401,47,SAM,3.625117,2.60291467e-03,1.000000,119.4333
telstar401,47,SAM,3.996639,2.60291467e-03,1.000000,148.5341
telstar401,47,SAM,4.406236,2.60291467e-03,1.000000,178.3734
telstar401,47,SAM,4.857812,2.60291467e-03,1.000000,136.4294
telstar401,47,SAM,5.355667,2.60291467e-03,1.000000,112.7454
telstar401,47,SAM,5.904545,2.60291467e-03,1.000000,67.6003
telstar401,47,SAM,6.509675,2.60291467e-03,1.000000,23.8044
telstar401,47,SAM,7.176822,2.60291467e-03,1.000000,43.5271
telstar401,47,SAM,7.912343,2.60291467e-03,1.000000,78.2872
telstar401,47,SAM,8.723243,2.60291467e-03,1.000000,130.4544
telstar401,47,SAM,9.617249,2.60291467e-03,1.000000,138.5149
telstar401,47,SAM,10.602877,2.60291467e-03,1.000000,72.7356
telstar401,47,SAM,11.689518,2.60291467e-03,1.000000,11.5352
telstar401,47,SAM,12.887524,2.60291467e-03,1.000000,87.6322
telstar401,47,SAM,14.208308,2.60291467e-03,1.000000,163.5428
telstar401,47,SAM,15.664454,2.60291467e-03,1.000000,56.1680
telstar401,47,SAM,17.269833,2.60291467e-03,1.000000,67.1455
telstar401,47,SAM,19.039740,2.60291467e-03,1.000000,166.4484
telstar401,47,SAM,20.991037,2.60291467e-03,1.000000,25.5860
telstar401,47,SAM,23.142314,2.60291467e-03,1.000000,140.1331
telstar401,47,SAM,25.514065,2.60291467e-03,1.000000,46.6624
telstar401,47,SAM,28.128887,2.60291467e-03,1.000000,151.1410
telstar401,47,SAM,31.011689,2.60291467e-03,1.000000,13.5146
telstar401,47,SAM,34.189937,2.60291467e-03,1.000000,120.5639
telstar401,47,SAM,37.693910,2.60291467e-03,1.000000,130.2373
telstar401,47,SAM,41.556988,2.60291467e-03,1.000000,68.9299
telstar401,47,SAM,45.815977,2.60291467e-03,1.000000,24.8436
telstar401,47,SAM,50.511449,2.60291467e-03,1.000000,18.4365
telstar401,47,SAM,55.688140,2.60291467e-03,1.000000,42.1015
telstar401,47,SAM,61.395366,2.60291467e-03,1.000000,105.8896
telstar401,47,SAM,67.687500,2.60291467e-03,1.000000,131.2608
telstar401,47,SAM,74.624487,2.60291467e-03,1.000000,14.3437
telstar401,47,SAM,82.272413,2.60291467e-03,1.000000,139.8481
telstar401,47,SAM,90.704142,2.60291467e-03,1.000000,120.8733
telstar401,47,SAM,100.000000,2.60291467e-03,1.000000,101.2939
telstar401,48,SAM,0.000000,6.96892474e-04,0.934854,148.6441
telstar401,48,SAM,0.001000,6.96785573e-04,0.934997,150.4106
telstar401,48,SAM,0.001102,6.96774628e-04,0.935012,150.5762
telstar401,48,SAM,0.001215,6.96762564e-04,0.935028,150.7552
telstar401,48,SAM,0.001340,6.96749266e-04,0.935046,150.9481
telstar401,48,SAM,0.001477,6.96734609e-04,0.935065,151.1553
telstar401,48,SAM,0.001629,6.96718454e-04,0.935087,151.3770
telstar401,48,SAM,0.001796,6.96700648e-04,0.935111,151.6129
telstar401,48,SAM,0.001980,6.96681024e-04,0.935137,151.8624
telstar401,48,SAM,0.002183,6.96659397e-04,0.935166,152.1243
telstar401,48,SAM,0.002406,6.96635562e-04,0.935198,152.3965
telstar401,48,SAM,0.002653,6.96609295e-04,0.935234,152.6759
telstar401,48,SAM,0.002925,6.96580350e-04,0.935272,152.9581
telstar401,48,SAM,0.003225,6.96548456e-04,0.935315,153.2366
telstar401,48,SAM,0.003555,6.96513312e-04,0.935362,153.5028
telstar401,48,SAM,0.003919,6.96474592e-04,0.935414,153.7451
telstar401,48,SAM,0.004321,6.96431933e-04,0.935472,153.9483
telstar401,48,SAM,0.004764,6.96384938e-04,0.935535,154.0925
telstar401,48,SAM,0.005252,6.96333171e-04,0.935604,154.1530
telstar401,48,SAM,0.005790,6.96276152e-04,0.935681,154.0990
telstar401,48,SAM,0.006384,6.96213354e-04,0.935765,153.8936
telstar401,48,SAM,0.007038,6.96144199e-04,0.935858,153.4939
telstar401,48,SAM,0.007759,6.96068053e-04,0.935961,152.8519
telstar401,48,SAM,0.008555,6.95984219e-04,0.936074,151.9163
telstar401,48,SAM,0.009431,6.95891934e-04,0.936198,150.6342
telstar401,48,SAM,0.010398,6.95790364e-04,0.936334,148.9539
telstar401,48,SAM,0.011464,6.95678594e-04,0.936485,146.8266
telstar401,48,SAM,0.012638,6.95555622e-04,0.936650,144.2065
telstar401,48,SAM,0.013934,6.95420356e-04,0.936832,141.0516
telstar401,48,SAM,0.015362,6.95271602e-04,0.937033,137.3212
telstar401,48,SAM,0.016936,6.95108057e-04,0.937253,132.9750
telstar401,48,SAM,0.018672,6.94928305e-04,0.937496,127.9711
telstar401,48,SAM,0.020585,6.94730802e-04,0.937762,122.2639
telstar401,48,SAM,0.022695,6.94513873e-04,0.938055,115.8034
telstar401,48,SAM,0.025021,6.94275702e-04,0.938377,108.5342
telstar401,48,SAM,0.027585,6.94014324e-04,0.938730,100.3959
telstar401,48,SAM,0.030412,6.93727618e-04,0.939118,91.3233
telstar401,48,SAM,0.033529,6.93413300e-04,0.939544,81.2504
telstar401,48,SAM,0.036966,6.93068918e-04,0.940011,70.1178
telstar401,48,SAM,0.040754,6.92691849e-04,0.940523,57.8955
telstar401,48,SAM,0.044931,6.92279297e-04,0.941083,44.6531
telstar401,48,SAM,0.049535,6.91828299e-04,0.941697,30.8524
telstar401,48,SAM,0.054612,6.91335724e-04,0.942368,19.0616
telstar401,48,SAM,0.060209,6.90798293e-04,0.943101,19.9776
telstar401,48,SAM,0.066379,6.90212594e-04,0.943901,35.5951
telstar401,48,SAM,0.073182,6.89575108e-04,0.944774,56.6554
telstar401,48,SAM,0.080683,6.88882246e-04,0.945724,80.5025
telstar401,48,SAM,0.088951,6.88130402e-04,0.946757,105.9516
telstar401,48,SAM,0.098068,6.87316012e-04,0.947879,130.0006
telstar401,48,SAM,0.108118,6.86435636e-04,0.949095,140.3217
telstar401,48,SAM,0.119199,6.85486061e-04,0.950409,121.0855
telstar401,48,SAM,0.131415,6.84464419e-04,0.951828,84.4659
telstar401,48,SAM,0.144883,6.83368337e-04,0.953355,39.8595
telstar401,48,SAM,0.159731,6.82196109e-04,0.954993,12.5876
telstar401,48,SAM,0.176101,6.80946893e-04,0.956745,66.4903
telstar401,48,SAM,0.194149,6.79620940e-04,0.958611,119.1956
telstar401,48,SAM,0.214047,6.78219835e-04,0.960592,121.3683
telstar401,48,SAM,0.235983,6.76746763e-04,0.962683,56.3264
telstar401,48,SAM,0.260168,6.75206772e-04,0.964878,26.8889
telstar401,48,SAM,0.286832,6.73607025e-04,0.967170,112.6908
telstar401,48,SAM,0.316228,6.71957019e-04,0.969545,102.6818
telstar401,48,SAM,0.348637,6.70268735e-04,0.971987,9.7562
telstar401,48,SAM,0.384367,6.68556700e-04,0.974476,127.5430
telstar401,48,SAM,0.423759,6.66837898e-04,0.976988,60.6877
telstar401,48,SAM,0.467188,6.65131522e-04,0.979494,101.8928
telstar401,48,SAM,0.515068,6.63458504e-04,0.981964,71.7594
telstar401,48,SAM,0.567855,6.61840830e-04,0.984364,136.7388
telstar401,48,SAM,0.626052,6.60300623e-04,0.986660,42.0341
telstar401,48,SAM,0.690213,6.58859039e-04,0.988819,105.7021
telstar401,48,SAM,0.760950,6.57535031e-04,0.990810,173.9583
telstar401,48,SAM,0.838936,6.56344111e-04,0.992608,143.1682
telstar401,48,SAM,0.924915,6.55297218e-04,0.994194,126.4465
telstar401,48,SAM,1.019705,6.54399866e-04,0.995557,136.0062
telstar401,48,SAM,1.124210,6.53651704e-04,0.996697,131.9611
telstar401,48,SAM,1.239425,6.53046579e-04,0.997620,42.1139
telstar401,48,SAM,1.366448,6.52573153e-04,0.998344,100.9991
telstar401,48,SAM,1.506489,6.52216013e-04,0.998891,48.8100
telstar401,48,SAM,1.660883,6.51957135e-04,0.999287,140.4328
telstar401,48,SAM,1.831099,6.51777513e-04,0.999563,161.7858
telstar401,48,SAM,2.018760,6.51658720e-04,0.999745,115.8386
telstar401,48,SAM,2.225654,6.51584185e-04,0.999859,2.3041
telstar401,48,SAM,2.453751,6.51540049e-04,0.999927,135.7793
telstar401,48,SAM,2.705225,6.51515522e-04,0.999964,154.8883
telstar401,48,SAM,2.982471,6.51502814e-04,0.999984,148.3453
telstar401,48,SAM,3.288131,6.51496717e-04,0.999993,7.5994
telstar401,48,SAM,3.625117,6.51494029e-04,0.999997,74.8303
telstar401,48,SAM,3.996639,6.51492950e-04,0.999999,27.6286
telstar401,48,SAM,4.406236,6.51492558e-04,1.000000,110.1053
telstar401,48,SAM,4.857812,6.51492432e-04,1.000000,90.0602
telstar401,48,SAM,5.355667,6.51492396e-04,1.000000,125.0421
telstar401,48,SAM,5.904545,6.51492387e-04,1.000000,141.0279
telstar401,48,SAM,6.509675,6.51492385e-04,1.000000,149.4966
telstar401,48,SAM,7.176822,6.51492384e-04,1.000000,6.8922
telstar401,48,SAM,7.912343,6.51492384e-04,1.000000,115.0505
telstar401,48,SAM,8.723243,6.51492384e-04,1.000000,170.7394
telstar401,48,SAM,9.617249,6.51492384e-04,1.000000,152.4324
telstar401,48,SAM,10.602877,6.51492384e-04,1.000000,104.8594
telstar401,48,SAM,11.689518,6.51492384e-04,1.000000,46.8845
telstar401,48,SAM,12.887524,6.51492384e-04,1.000000,154.9038
telstar401,48,SAM,14.208308,6.51492384e-04,1.000000,132.2636
telstar401,48,SAM,15.664454,6.51492384e-04,1.000000,47.7571
telstar401,48,SAM,17.269833,6.51492384e-04,1.000000,37.6786
telstar401,48,SAM,19.039740,6.51492384e-04,1.000000,46.5680
telstar401,48,SAM,20.991037,6.51492384e-04,1.000000,71.2874
telstar401,48,SAM,23.142314,6.51492384e-04,1.000000,136.7727
telstar401,48,SAM,25.514065,6.51492384e-04,1.000000,117.3465
telstar401,48,SAM,28.128887,6.51492384e-04,1.000000,36.9896
telstar401,48,SAM,31.011689,6.51492384e-04,1.000000,153.2021
telstar401,48,SAM,34.189937,6.51492384e-04,1.000000,126.9286
telstar401,48,SAM,37.693910,6.51492384e-04,1.000000,49.9813
telstar401,48,SAM,41.556988,6.51492384e-04,1.000000,99.9485
telstar401,48,SAM,45.815977,6.51492384e-04,1.000000,58.8023
telstar401,48,SAM,50.511449,6.51492384e-04,1.000000,27.3207
telstar401,48,SAM,55.688140,6.51492384e-04,1.000000,174.3418
telstar401,48,SAM,61.395366,6.51492384e-04,1.000000,22.4970
telstar401,48,SAM,67.687500,6.51492384e-04,1.000000,82.0145
telstar401,48,SAM,74.624487,6.51492384e-04,1.000000,135.7407
telstar401,48,SAM,82.272413,6.51492384e-04,1.000000,37.7452
telstar401,48,SAM,90.704142,6.51492384e-04,1.000000,162.9575
telstar401,48,SAM,100.000000,6.51492384e-04,1.000000,146.6581
telstar401,49,LAM,0.000000,1.74861690e-03,0.795550,23.6435
telstar401,49,LAM,0.001000,1.74633778e-03,0.796588,23.0325
telstar401,49,LAM,0.001102,1.74610558e-03,0.796694,22.9715
telstar401,49,LAM,0.001215,1.74584988e-03,0.796811,22.9047
telstar401,49,LAM,0.001340,1.74556832e-03,0.796939,22.8314
telstar401,49,LAM,0.001477,1.74525835e-03,0.797081,22.7511
telstar401,49,LAM,0.001629,1.74491714e-03,0.797237,22.6633
telstar401,49,LAM,0.001796,1.74454161e-03,0.797408,22.5674
telstar401,49,LAM,0.001980,1.74412837e-03,0.797597,22.4626
telstar401,49,LAM,0.002183,1.74367372e-03,0.797805,22.3483
telstar401,49,LAM,0.002406,1.74317364e-03,0.798034,22.2239
telstar401,49,LAM,0.002653,1.74262370e-03,0.798286,22.0887
telstar401,49,LAM,0.002925,1.74201909e-03,0.798563,21.9420
telstar401,49,LAM,0.003225,1.74135458e-03,0.798868,21.7833
telstar401,49,LAM,0.003555,1.74062447e-03,0.799203,21.6120
telstar401,49,LAM,0.003919,1.73982256e-03,0.799571,21.4277
telstar401,49,LAM,0.004321,1.73894214e-03,0.799976,21.2304
telstar401,49,LAM,0.004764,1.73797596e-03,0.800421,21.0201
telstar401,49,LAM,0.005252,1.73691616e-03,0.800909,20.7974
telstar401,49,LAM,0.005790,1.73575431e-03,0.801445,20.5633
telstar401,49,LAM,0.006384,1.73448133e-03,0.802033,20.3197
telstar401,49,LAM,0.007038,1.73308752e-03,0.802678,20.0695
telstar401,49,LAM,0.007759,1.73156253e-03,0.803385,19.8168
telstar401,49,LAM,0.008555,1.72989537e-03,0.804160,19.5676
telstar401,49,LAM,0.009431,1.72807444e-03,0.805007,19.3301
telstar401,49,LAM,0.010398,1.72608758e-03,0.805934,19.1154
telstar401,49,LAM,0.011464,1.72392211e-03,0.806946,18.9383
telstar401,49,LAM,0.012638,1.72156495e-03,0.808051,18.8178
telstar401,49,LAM,0.013934,1.71900276e-03,0.809255,18.7779
telstar401,49,LAM,0.015362,1.71622211e-03,0.810566,18.8482
telstar401,49,LAM,0.016936,1.71320976e-03,0.811992,19.0636
telstar401,49,LAM,0.018672,1.70995295e-03,0.813538,19.4637
telstar401,49,LAM,0.020585,1.70643987e-03,0.815213,20.0916
telstar401,49,LAM,0.022695,1.70266017e-03,0.817023,20.9912
telstar401,49,LAM,0.025021,1.69860568e-03,0.818973,22.2052
telstar401,49,LAM,0.027585,1.69427131e-03,0.821068,23.7733
telstar401,49,LAM,0.030412,1.68965624e-03,0.823311,25.7307
telstar401,49,LAM,0.033529,1.68476544e-03,0.825701,28.1089
telstar401,49,LAM,0.036966,1.67961185e-03,0.828234,30.9364
telstar401,49,LAM,0.040754,1.67421945e-03,0.830902,34.2398
telstar401,49,LAM,0.044931,1.66862808e-03,0.833686,38.0449
telstar401,49,LAM,0.049535,1.66290206e-03,0.836557,42.3766
telstar401,49,LAM,0.054612,1.65714861e-03,0.839461,47.2558
telstar401,49,LAM,0.060209,1.65157326e-03,0.842295,52.6905
telstar401,49,LAM,0.066379,1.64687904e-03,0.844696,58.6095
telstar401,49,LAM,0.073182,1.64121176e-03,0.847613,65.3362
telstar401,49,LAM,0.080683,1.63401526e-03,0.851346,73.0334
telstar401,49,LAM,0.088951,1.62557526e-03,0.855766,81.7257
telstar401,49,LAM,0.098068,1.61597166e-03,0.860852,91.4453
telstar401,49,LAM,0.108118,1.60525265e-03,0.866600,102.1679
telstar401,49,LAM,0.119199,1.59346990e-03,0.873008,113.7069
telstar401,49,LAM,0.131415,1.58069432e-03,0.880064,125.4422
telstar401,49,LAM,0.144883,1.56702562e-03,0.887740,135.5790
telstar401,49,LAM,0.159731,1.55259888e-03,0.895989,139.8077
telstar401,49,LAM,0.176101,1.53758834e-03,0.904736,132.9644
telstar401,49,LAM,0.194149,1.52220796e-03,0.913878,115.3981
telstar401,49,LAM,0.214047,1.50670823e-03,0.923279,90.3700
telstar401,49,LAM,0.235983,1.49136841e-03,0.932776,59.6672
telstar401,49,LAM,0.260168,1.47648410e-03,0.942179,23.9116
telstar401,49,LAM,0.286832,1.46235057e-03,0.951285,17.2469
telstar401,49,LAM,0.316228,1.44924293e-03,0.959889,62.7542
telstar401,49,LAM,0.348637,1.43739542e-03,0.967800,111.4649
telstar401,49,LAM,0.384367,1.42698230e-03,0.974863,143.8948
telstar401,49,LAM,0.423759,1.41810356e-03,0.980966,103.0481
telstar401,49,LAM,0.467188,1.41077791e-03,0.986060,36.1667
telstar401,49,LAM,0.515068,1.40494474e-03,0.990154,53.6539
telstar401,49,LAM,0.567855,1.40047494e-03,0.993314,141.7808
telstar401,49,LAM,0.626052,1.39718907e-03,0.995650,118.4250
telstar401,49,LAM,0.690213,1.39487959e-03,0.997299,42.3043
telstar401,49,LAM,0.760950,1.39333348e-03,0.998406,133.6941
telstar401,49,LAM,0.838936,1.39235177e-03,0.999110,95.0102
telstar401,49,LAM,0.924915,1.39176337e-03,0.999532,72.2830
telstar401,49,LAM,1.019705,1.39143226e-03,0.999770,121.6147
telstar401,49,LAM,1.124210,1.39125838e-03,0.999895,57.6896
telstar401,49,LAM,1.239425,1.39117374e-03,0.999956,81.4107
telstar401,49,LAM,1.366448,1.39113583e-03,0.999983,127.1304
telstar401,49,LAM,1.506489,1.39112034e-03,0.999994,37.9664
telstar401,49,LAM,1.660883,1.39111462e-03,0.999998,64.8382
telstar401,49,LAM,1.831099,1.39111273e-03,0.999999,106.6738
telstar401,49,LAM,2.018760,1.39111217e-03,1.000000,121.6924
telstar401,49,LAM,2.225654,1.39111203e-03,1.000000,101.3136
telstar401,49,LAM,2.453751,1.39111200e-03,1.000000,59.4761
telstar401,49,LAM,2.705225,1.39111200e-03,1.000000,52.3973
telstar401,49,LAM,2.982471,1.39111199e-03,1.000000,160.3279
telstar401,49,LAM,3.288131,1.39111199e-03,1.000000,3.8389
telstar401,49,LAM,3.625117,1.39111199e-03,1.000000,116.7974
telstar401,49,LAM,3.996639,1.39111199e-03,1.000000,152.7078
telstar401,49,LAM,4.406236,1.39111199e-03,1.000000,129.1699
telstar401,49,LAM,4.857812,1.39111199e-03,1.000000,60.2453
telstar401,49,LAM,5.355667,1.39111199e-03,1.000000,117.3523
telstar401,49,LAM,5.904545,1.39111199e-03,1.000000,50.6692
telstar401,49,LAM,6.509675,1.39111199e-03,1.000000,50.4119
telstar401,49,LAM,7.176822,1.39111199e-03,1.000000,136.5409
telstar401,49,LAM,7.912343,1.39111199e-03,1.000000,64.0295
telstar401,49,LAM,8.723243,1.39111199e-03,1.000000,84.3784
telstar401,49,LAM,9.617249,1.39111199e-03,1.000000,119.9612
telstar401,49,LAM,10.602877,1.39111199e-03,1.000000,142.0080
telstar401,49,LAM,11.689518,1.39111199e-03,1.000000,45.6546
telstar401,49,LAM,12.887524,1.39111199e-03,1.000000,40.7938
telstar401,49,LAM,14.208308,1.39111199e-03,1.000000,110.0777
telstar401,49,LAM,15.664454,1.39111199e-03,1.000000,45.4336
telstar401,49,LAM,17.269833,1.39111199e-03,1.000000,5.8245
telstar401,49,LAM,19.039740,1.39111199e-03,1.000000,58.5052
telstar401,49,LAM,20.991037,1.39111199e-03,1.000000,137.5605
telstar401,49,LAM,23.142314,1.39111199e-03,1.000000,119.1900
telstar401,49,LAM,25.514065,1.39111199e-03,1.000000,88.2926
telstar401,49,LAM,28.128887,1.39111199e-03,1.000000,107.4881
telstar401,49,LAM,31.011689,1.39111199e-03,1.000000,86.7587
telstar401,49,LAM,34.189937,1.39111199e-03,1.000000,109.4472
telstar401,49,LAM,37.693910,1.39111199e-03,1.000000,81.4679
telstar401,49,LAM,41.556988,1.39111199e-03,1.000000,163.1554
telstar401,49,LAM,45.815977,1.39111199e-03,1.000000,65.3594
telstar401,49,LAM,50.511449,1.39111199e-03,1.000000,124.5486
telstar401,49,LAM,55.688140,1.39111199e-03,1.000000,99.3569
telstar401,49,LAM,61.395366,1.39111199e-03,1.000000,57.9884
telstar401,49,LAM,67.687500,1.39111199e-03,1.000000,117.0921
telstar401,49,LAM,74.624487,1.39111199e-03,1.000000,38.1566
telstar401,49,LAM,82.272413,1.39111199e-03,1.000000,101.2978
telstar401,49,LAM,90.704142,1.39111199e-03,1.000000,176.9578
telstar401,49,LAM,100.000000,1.39111199e-03,1.000000,24.0800
telstar401,50,LAM,0.000000,2.20133656e-04,0.697706,73.4907
telstar401,50,LAM,0.001000,2.20132758e-04,0.697709,73.0124
telstar401,50,LAM,0.001102,2.20132665e-04,0.697709,72.9957
telstar401,50,LAM,0.001215,2.20132564e-04,0.697710,72.9842
telstar401,50,LAM,0.001340,2.20132452e-04,0.697710,72.9802
telstar401,50,LAM,0.001477,2.20132328e-04,0.697711,72.9861
telstar401,50,LAM,0.001629,2.20132192e-04,0.697711,73.0054
telstar401,50,LAM,0.001796,2.20132042e-04,0.697711,73.0420
telstar401,50,LAM,0.001980,2.20131877e-04,0.697712,73.1011
telstar401,50,LAM,0.002183,2.20131694e-04,0.697713,73.1889
telstar401,50,LAM,0.002406,2.20131493e-04,0.697713,73.3131
telstar401,50,LAM,0.002653,2.20131272e-04,0.697714,73.4832
telstar401,50,LAM,0.002925,2.20131027e-04,0.697715,73.7104
telstar401,50,LAM,0.003225,2.20130758e-04,0.697716,74.0086
telstar401,50,LAM,0.003555,2.20130461e-04,0.697716,74.3941
telstar401,50,LAM,0.003919,2.20130133e-04,0.697718,74.8864
telstar401,50,LAM,0.004321,2.20129772e-04,0.697719,75.5082
telstar401,50,LAM,0.004764,2.20129374e-04,0.697720,76.2854
telstar401,50,LAM,0.005252,2.20128935e-04,0.697721,77.2475
telstar401,50,LAM,0.005790,2.20128452e-04,0.697723,78.4268
telstar401,50,LAM,0.006384,2.20127918e-04,0.697725,79.8578
telstar401,50,LAM,0.007038,2.20127330e-04,0.697726,81.5751
telstar401,50,LAM,0.007759,2.20126682e-04,0.697728,83.6112
telstar401,50,LAM,0.008555,2.20125967e-04,0.697731,85.9919
telstar401,50,LAM,0.009431,2.20125179e-04,0.697733,88.7305
telstar401,50,LAM,0.010398,2.20124310e-04,0.697736,91.8181
telstar401,50,LAM,0.011464,2.20123353e-04,0.697739,95.2106
telstar401,50,LAM,0.012638,2.20122297e-04,0.697742,98.8094
telstar401,50,LAM,0.013934,2.20121133e-04,0.697746,102.4357
telstar401,50,LAM,0.015362,2.20119849e-04,0.697750,105.7986
telstar401,50,LAM,0.016936,2.20118434e-04,0.697755,108.4673
telstar401,50,LAM,0.018672,2.20116874e-04,0.697760,109.8735
telstar401,50,LAM,0.020585,2.20115155e-04,0.697765,109.3924
telstar401,50,LAM,0.022695,2.20113259e-04,0.697771,106.5352
telstar401,50,LAM,0.025021,2.20111169e-04,0.697778,101.2071
telstar401,50,LAM,0.027585,2.20108864e-04,0.697785,93.9265
telstar401,50,LAM,0.030412,2.20106324e-04,0.697793,85.9988
telstar401,50,LAM,0.033529,2.20103523e-04,0.697802,79.7023
telstar401,50,LAM,0.036966,2.20100436e-04,0.697812,78.1406
telstar401,50,LAM,0.040754,2.20097032e-04,0.697822,83.7513
telstar401,50,LAM,0.044931,2.20093280e-04,0.697834,95.8349
telstar401,50,LAM,0.049535,2.20089143e-04,0.697847,109.3322
telstar401,50,LAM,0.054612,2.20084582e-04,0.697862,114.6638
telstar401,50,LAM,0.060209,2.20079555e-04,0.697878,104.6108
telstar401,50,LAM,0.066379,2.20074012e-04,0.697895,87.7208
telstar401,50,LAM,0.073182,2.20067902e-04,0.697915,84.1635
telstar401,50,LAM,0.080683,2.20061167e-04,0.697936,103.5093
telstar401,50,LAM,0.088951,2.20053741e-04,0.697960,119.3195
telstar401,50,LAM,0.098068,2.20045556e-04,0.697986,99.7884
telstar401,50,LAM,0.108118,2.20036533e-04,0.698014,88.6700
telstar401,50,LAM,0.119199,2.20026586e-04,0.698046,118.2507
telstar401,50,LAM,0.131415,2.20015622e-04,0.698081,107.5822
telstar401,50,LAM,0.144883,2.20003535e-04,0.698119,95.7808
telstar401,50,LAM,0.159731,2.19990213e-04,0.698161,125.7940
telstar401,50,LAM,0.176101,2.19975527e-04,0.698208,93.7631
telstar401,50,LAM,0.194149,2.19959340e-04,0.698259,128.4856
telstar401,50,LAM,0.214047,2.19941498e-04,0.698316,99.4149
telstar401,50,LAM,0.235983,2.19921832e-04,0.698378,112.8741
telstar401,50,LAM,0.260168,2.19900157e-04,0.698447,129.1708
telstar401,50,LAM,0.286832,2.19876268e-04,0.698523,107.2685
telstar401,50,LAM,0.316228,2.19849939e-04,0.698607,95.0115
telstar401,50,LAM,0.348637,2.19820923e-04,0.698699,91.7000
telstar401,50,LAM,0.384367,2.19788946e-04,0.698801,88.2600
telstar401,50,LAM,0.423759,2.19753708e-04,0.698913,91.4907
telstar401,50,LAM,0.467188,2.19714877e-04,0.699036,109.9611
telstar401,50,LAM,0.515068,2.19672090e-04,0.699172,80.8389
telstar401,50,LAM,0.567855,2.19624947e-04,0.699322,91.2585
telstar401,50,LAM,0.626052,2.19573007e-04,0.699488,57.2348
telstar401,50,LAM,0.690213,2.19515786e-04,0.699670,53.8362
telstar401,50,LAM,0.760950,2.19452752e-04,0.699871,49.7198
telstar401,50,LAM,0.838936,2.19383320e-04,0.700093,70.5348
telstar401,50,LAM,0.924915,2.19306848e-04,0.700337,78.9935
telstar401,50,LAM,1.019705,2.19222630e-04,0.700606,109.3066
telstar401,50,LAM,1.124210,2.19129893e-04,0.700902,118.2456
telstar401,50,LAM,1.239425,2.19027787e-04,0.701229,96.1761
telstar401,50,LAM,1.366448,2.18915382e-04,0.701589,106.3537
telstar401,50,LAM,1.506489,2.18791656e-04,0.701986,74.9295
telstar401,50,LAM,1.660883,2.18655495e-04,0.702423,87.5281
telstar401,50,LAM,1.831099,2.18505674e-04,0.702905,85.8793
telstar401,50,LAM,2.018760,2.18340859e-04,0.703435,85.3012
telstar401,50,LAM,2.225654,2.18159589e-04,0.704020,126.2761
telstar401,50,LAM,2.453751,2.17960272e-04,0.704664,98.8100
telstar401,50,LAM,2.705225,2.17741174e-04,0.705373,53.5030
telstar401,50,LAM,2.982471,2.17500404e-04,0.706153,98.2664
telstar401,50,LAM,3.288131,2.17235911e-04,0.707013,113.5369
telstar401,50,LAM,3.625117,2.16945468e-04,0.707960,63.8567
telstar401,50,LAM,3.996639,2.16626663e-04,0.709002,95.6798
telstar401,50,LAM,4.406236,2.16276891e-04,0.710148,119.8659
telstar401,50,LAM,4.857812,2.15893345e-04,0.711410,69.0205
telstar401,50,LAM,5.355667,2.15473006e-04,0.712798,116.9549
telstar401,50,LAM,5.904545,2.15012644e-04,0.714324,85.6663
telstar401,50,LAM,6.509675,2.14508808e-04,0.716002,71.6630
telstar401,50,LAM,7.176822,2.13957836e-04,0.717845,93.6714
telstar401,50,LAM,7.912343,2.13355855e-04,0.719871,95.1999
telstar401,50,LAM,8.723243,2.12698800e-04,0.722095,54.2494
telstar401,50,LAM,9.617249,2.11982431e-04,0.724535,91.5289
telstar401,50,LAM,10.602877,2.11202369e-04,0.727211,69.7027
telstar401,50,LAM,11.689518,2.10354139e-04,0.730143,69.2357
telstar401,50,LAM,12.887524,2.09433232e-04,0.733354,86.1404
telstar401,50,LAM,14.208308,2.08435186e-04,0.736865,106.3919
telstar401,50,LAM,15.664454,2.07355688e-04,0.740701,72.0327
telstar401,50,LAM,17.269833,2.06190706e-04,0.744886,129.4402
telstar401,50,LAM,19.039740,2.04936657e-04,0.749444,107.4022
telstar401,50,LAM,20.991037,2.03590605e-04,0.754399,105.6146
telstar401,50,LAM,23.142314,2.02150512e-04,0.759774,125.2721
telstar401,50,LAM,25.514065,2.00615539e-04,0.765587,76.9903
telstar401,50,LAM,28.128887,1.98986406e-04,0.771855,103.0333
telstar401,50,LAM,31.011689,1.97265832e-04,0.778587,97.1814
telstar401,50,LAM,34.189937,1.95459063e-04,0.785784,96.9134
telstar401,50,LAM,37.693910,1.93574538e-04,0.793434,70.0268
telstar401,50,LAM,41.556988,1.91624771e-04,0.801507,93.3512
telstar401,50,LAM,45.815977,1.89627639e-04,0.809949,74.4223
telstar401,50,LAM,50.511449,1.87608591e-04,0.818665,96.0350
telstar401,50,LAM,55.688140,1.85605351e-04,0.827501,52.8473
telstar401,50,LAM,61.395366,1.83681562e-04,0.836168,89.2796
telstar401,50,LAM,67.687500,1.82007663e-04,0.843858,85.6224
telstar401,50,LAM,74.624487,1.80282034e-04,0.851935,88.2760
telstar401,50,LAM,82.272413,1.77741895e-04,0.864111,129.2055
telstar401,50,LAM,90.704142,1.74644389e-04,0.879436,55.5011
telstar401,50,LAM,100.000000,1.71173076e-04,0.897271,73.9921
telstar401,51,SAM,0.000000,3.26503798e-04,0.952418,150.3983
telstar401,51,SAM,0.001000,3.26498329e-04,0.952434,146.7938
telstar401,51,SAM,0.001102,3.26497769e-04,0.952436,146.4140
telstar401,51,SAM,0.001215,3.26497151e-04,0.952438,145.9933
telstar401,51,SAM,0.001340,3.26496470e-04,0.952440,145.5273
telstar401,51,SAM,0.001477,3.26495719e-04,0.952442,145.0109
telstar401,51,SAM,0.001629,3.26494891e-04,0.952444,144.4385
telstar401,51,SAM,0.001796,3.26493978e-04,0.952447,143.8038
telstar401,51,SAM,0.001980,3.26492972e-04,0.952450,143.1001
telstar401,51,SAM,0.002183,3.26491863e-04,0.952453,142.3195
telstar401,51,SAM,0.002406,3.26490640e-04,0.952457,141.4536
telstar401,51,SAM,0.002653,3.26489292e-04,0.952461,140.4930
telstar401,51,SAM,0.002925,3.26487806e-04,0.952465,139.4271
telstar401,51,SAM,0.003225,3.26486168e-04,0.952470,138.2443
telstar401,51,SAM,0.003555,3.26484362e-04,0.952475,136.9320
telstar401,51,SAM,0.003919,3.26482372e-04,0.952481,135.4758
telstar401,51,SAM,0.004321,3.26480177e-04,0.952487,133.8603
telstar401,51,SAM,0.004764,3.26477758e-04,0.952494,132.0682
telstar401,51,SAM,0.005252,3.26475091e-04,0.952502,130.0807
telstar401,51,SAM,0.005790,3.26472151e-04,0.952511,127.8770
telstar401,51,SAM,0.006384,3.26468911e-04,0.952520,125.4344
telstar401,51,SAM,0.007038,3.26465339e-04,0.952530,122.7279
telstar401,51,SAM,0.007759,3.26461402e-04,0.952542,119.7302
telstar401,51,SAM,0.008555,3.26457063e-04,0.952555,116.4116
telstar401,51,SAM,0.009431,3.26452279e-04,0.952569,112.7396
telstar401,51,SAM,0.010398,3.26447007e-04,0.952584,108.6791
telstar401,51,SAM,0.011464,3.26441197e-04,0.952601,104.1919
telstar401,51,SAM,0.012638,3.26434792e-04,0.952620,99.2371
telstar401,51,SAM,0.013934,3.26427735e-04,0.952640,93.7712
telstar401,51,SAM,0.015362,3.26419956e-04,0.952663,87.7488
telstar401,51,SAM,0.016936,3.26411385e-04,0.952688,81.1237
telstar401,51,SAM,0.018672,3.26401939e-04,0.952715,73.8528
telstar401,51,SAM,0.020585,3.26391531e-04,0.952746,65.9020
telstar401,51,SAM,0.022695,3.26380062e-04,0.952779,57.2625
telstar401,51,SAM,0.025021,3.26367427e-04,0.952816,47.9897
telstar401,51,SAM,0.027585,3.26353506e-04,0.952857,38.3160
telstar401,51,SAM,0.030412,3.26338171e-04,0.952902,29.0185
telstar401,51,SAM,0.033529,3.26321278e-04,0.952951,22.6045
telstar401,51,SAM,0.036966,3.26302672e-04,0.953005,24.1526
telstar401,51,SAM,0.040754,3.26282180e-04,0.953065,34.5743
telstar401,51,SAM,0.044931,3.26259615e-04,0.953131,50.1684
telstar401,51,SAM,0.049535,3.26234768e-04,0.953204,68.9806
telstar401,51,SAM,0.054612,3.26207413e-04,0.953284,90.4359
telstar401,51,SAM,0.060209,3.26177301e-04,0.953372,114.4179
telstar401,51,SAM,0.066379,3.26144159e-04,0.953469,140.9071
telstar401,51,SAM,0.073182,3.26107690e-04,0.953575,168.8123
telstar401,51,SAM,0.080683,3.26067566e-04,0.953692,155.6562
telstar401,51,SAM,0.088951,3.26023432e-04,0.953822,120.7618
telstar401,51,SAM,0.098068,3.25974898e-04,0.953964,82.8675
telstar401,51,SAM,0.108118,3.25921539e-04,0.954120,45.5576
telstar401,51,SAM,0.119199,3.25862893e-04,0.954291,36.3855
telstar401,51,SAM,0.131415,3.25798456e-04,0.954480,77.2700
telstar401,51,SAM,0.144883,3.25727682e-04,0.954688,132.8555
telstar401,51,SAM,0.159731,3.25649979e-04,0.954915,164.2063
telstar401,51,SAM,0.176101,3.25564705e-04,0.955166,96.7083
telstar401,51,SAM,0.194149,3.25471168e-04,0.955440,40.3502
telstar401,51,SAM,0.214047,3.25368622e-04,0.955741,85.8022
telstar401,51,SAM,0.235983,3.25256267e-04,0.956071,172.2597
telstar401,51,SAM,0.260168,3.25133245e-04,0.956433,85.6341
telstar401,51,SAM,0.286832,3.24998641e-04,0.956829,56.7620
telstar401,51,SAM,0.316228,3.24851485e-04,0.957263,171.7457
telstar401,51,SAM,0.348637,3.24690751e-04,0.957737,55.0012
telstar401,51,SAM,0.384367,3.24515361e-04,0.958254,121.0232
telstar401,51,SAM,0.423759,3.24324194e-04,0.958819,68.6927
telstar401,51,SAM,0.467188,3.24116086e-04,0.959435,132.7573
telstar401,51,SAM,0.515068,3.23889850e-04,0.960105,17.1401
telstar401,51,SAM,0.567855,3.23644283e-04,0.960833,122.1879
telstar401,51,SAM,0.626052,3.23378189e-04,0.961624,125.9531
telstar401,51,SAM,0.690213,3.23090403e-04,0.962480,64.1279
telstar401,51,SAM,0.760950,3.22779821e-04,0.963407,27.9858
telstar401,51,SAM,0.838936,3.22445432e-04,0.964406,23.0320
telstar401,51,SAM,0.924915,3.22086369e-04,0.965481,57.5928
telstar401,51,SAM,1.019705,3.21701956e-04,0.966634,136.4673
telstar401,51,SAM,1.124210,3.21291773e-04,0.967868,101.3997
telstar401,51,SAM,1.239425,3.20855719e-04,0.969184,83.4728
telstar401,51,SAM,1.366448,3.20394091e-04,0.970580,65.6821
telstar401,51,SAM,1.506489,3.19907667e-04,0.972056,118.2660
telstar401,51,SAM,1.660883,3.19397787e-04,0.973608,105.2656
telstar401,51,SAM,1.831099,3.18866441e-04,0.975230,34.4471
telstar401,51,SAM,2.018760,3.18316342e-04,0.976916,132.9545
telstar401,51,SAM,2.225654,3.17750987e-04,0.978654,54.6891
telstar401,51,SAM,2.453751,3.17174698e-04,0.980432,50.3187
telstar401,51,SAM,2.705225,3.16592616e-04,0.982234,140.0386
telstar401,51,SAM,2.982471,3.16010660e-04,0.984043,68.3993
telstar401,51,SAM,3.288131,3.15435417e-04,0.985838,112.0278
telstar401,51,SAM,3.625117,3.14873965e-04,0.987596,48.1048
telstar401,51,SAM,3.996639,3.14333632e-04,0.989293,41.3248
telstar401,51,SAM,4.406236,3.13821672e-04,0.990907,167.6437
telstar401,51,SAM,4.857812,3.13344898e-04,0.992415,118.9582
telstar401,51,SAM,5.355667,3.12909282e-04,0.993797,170.5280
telstar401,51,SAM,5.904545,3.12519551e-04,0.995036,10.7505
telstar401,51,SAM,6.509675,3.12178852e-04,0.996122,136.4582
telstar401,51,SAM,7.176822,3.11888499e-04,0.997049,137.4178
telstar401,51,SAM,7.912343,3.11647868e-04,0.997819,65.6607
telstar401,51,SAM,8.723243,3.11454462e-04,0.998439,28.0078
telstar401,51,SAM,9.617249,3.11304151e-04,0.998921,146.8842
telstar401,51,SAM,10.602877,3.11191556e-04,0.999282,81.2821
telstar401,51,SAM,11.689518,3.11110553e-04,0.999542,120.1463
telstar401,51,SAM,12.887524,3.11054804e-04,0.999722,19.1122
telstar401,51,SAM,14.208308,3.11018257e-04,0.999839,170.8594
telstar401,51,SAM,15.664454,3.10995545e-04,0.999912,72.4491
telstar401,51,SAM,17.269833,3.10982235e-04,0.999955,71.1777
telstar401,51,SAM,19.039740,3.10974924e-04,0.999978,55.7145
telstar401,51,SAM,20.991037,3.10971183e-04,0.999990,29.1216
telstar401,51,SAM,23.142314,3.10969413e-04,0.999996,45.7087
telstar401,51,SAM,25.514065,3.10968644e-04,0.999999,57.9767
telstar401,51,SAM,28.128887,3.10968341e-04,1.000000,133.2727
telstar401,51,SAM,31.011689,3.10968233e-04,1.000000,59.7881
telstar401,51,SAM,34.189937,3.10968199e-04,1.000000,72.7230
telstar401,51,SAM,37.693910,3.10968189e-04,1.000000,17.0832
telstar401,51,SAM,41.556988,3.10968187e-04,1.000000,25.8749
telstar401,51,SAM,45.815977,3.10968186e-04,1.000000,107.7158
telstar401,51,SAM,50.511449,3.10968186e-04,1.000000,63.5274
telstar401,51,SAM,55.688140,3.10968186e-04,1.000000,12.6857
telstar401,51,SAM,61.395366,3.10968186e-04,1.000000,135.4258
telstar401,51,SAM,67.687500,3.10968186e-04,1.000000,128.5318
telstar401,51,SAM,74.624487,3.10968186e-04,1.000000,56.0817
telstar401,51,SAM,82.272413,3.10968186e-04,1.000000,72.5100
telstar401,51,SAM,90.704142,3.10968186e-04,1.000000,135.3660
telstar401,51,SAM,100.000000,3.10968186e-04,1.000000,38.1722
telstar401,52,LAM,0.000000,1.15485272e-03,0.421564,102.4529
telstar401,52,LAM,0.001000,1.15463050e-03,0.421645,101.8579
telstar401,52,LAM,0.001102,1.15460772e-03,0.421653,101.7815
telstar401,52,LAM,0.001215,1.15458261e-03,0.421662,101.6939
telstar401,52,LAM,0.001340,1.15455491e-03,0.421673,101.5935
telstar401,52,LAM,0.001477,1.15452438e-03,0.421684,101.4780
telstar401,52,LAM,0.001629,1.15449072e-03,0.421696,101.3450
telstar401,52,LAM,0.001796,1.15445360e-03,0.421710,101.1915
telstar401,52,LAM,0.001980,1.15441268e-03,0.421725,101.0141
telstar401,52,LAM,0.002183,1.15436756e-03,0.421741,100.8086
telstar401,52,LAM,0.002406,1.15431781e-03,0.421759,100.5703
telstar401,52,LAM,0.002653,1.15426296e-03,0.421779,100.2936
telstar401,52,LAM,0.002925,1.15420247e-03,0.421801,99.9719
telstar401,52,LAM,0.003225,1.15413578e-03,0.421826,99.5978
telstar401,52,LAM,0.003555,1.15406224e-03,0.421853,99.1624
telstar401,52,LAM,0.003919,1.15398116e-03,0.421882,98.6559
telstar401,52,LAM,0.004321,1.15389175e-03,0.421915,98.0667
telstar401,52,LAM,0.004764,1.15379315e-03,0.421951,97.3821
telstar401,52,LAM,0.005252,1.15368443e-03,0.421991,96.5883
telstar401,52,LAM,0.005790,1.15356453e-03,0.422035,95.6700
telstar401,52,LAM,0.006384,1.15343232e-03,0.422083,94.6116
telstar401,52,LAM,0.007038,1.15328651e-03,0.422136,93.3977
telstar401,52,LAM,0.007759,1.15312570e-03,0.422195,92.0142
telstar401,52,LAM,0.008555,1.15294836e-03,0.422260,90.4504
telstar401,52,LAM,0.009431,1.15275276e-03,0.422332,88.7020
telstar401,52,LAM,0.010398,1.15253703e-03,0.422411,86.7752
telstar401,52,LAM,0.011464,1.15229908e-03,0.422498,84.6920
telstar401,52,LAM,0.012638,1.15203660e-03,0.422594,82.4989
telstar401,52,LAM,0.013934,1.15174706e-03,0.422701,80.2760
telstar401,52,LAM,0.015362,1.15142765e-03,0.422818,78.1491
telstar401,52,LAM,0.016936,1.15107527e-03,0.422947,76.3011
telstar401,52,LAM,0.018672,1.15068647e-03,0.423090,74.9769
telstar401,52,LAM,0.020585,1.15025747e-03,0.423248,74.4734
telstar401,52,LAM,0.022695,1.14978408e-03,0.423422,75.0990
telstar401,52,LAM,0.025021,1.14926164e-03,0.423615,77.0950
telstar401,52,LAM,0.027585,1.14868503e-03,0.423827,80.5226
telstar401,52,LAM,0.030412,1.14804855e-03,0.424062,85.1363
telstar401,52,LAM,0.033529,1.14734591e-03,0.424322,90.2610
telstar401,52,LAM,0.036966,1.14657012e-03,0.424609,94.6951
telstar401,52,LAM,0.040754,1.14571345e-03,0.424927,96.7597
telstar401,52,LAM,0.044931,1.14476732e-03,0.425278,94.7901
telstar401,52,LAM,0.049535,1.14372221e-03,0.425666,88.2078
telstar401,52,LAM,0.054612,1.14256755e-03,0.426097,78.6010
telstar401,52,LAM,0.060209,1.14129160e-03,0.426573,70.2671
telstar401,52,LAM,0.066379,1.13988131e-03,0.427101,69.2868
telstar401,52,LAM,0.073182,1.13832218e-03,0.427686,77.8337
telstar401,52,LAM,0.080683,1.13659805e-03,0.428335,88.6574
telstar401,52,LAM,0.088951,1.13469093e-03,0.429054,89.1416
telstar401,52,LAM,0.098068,1.13258078e-03,0.429854,74.9854
telstar401,52,LAM,0.108118,1.13024525e-03,0.430742,62.9056
telstar401,52,LAM,0.119199,1.12765938e-03,0.431730,73.7474
telstar401,52,LAM,0.131415,1.12479532e-03,0.432829,85.6239
telstar401,52,LAM,0.144883,1.12162194e-03,0.434054,69.1226
telstar401,52,LAM,0.159731,1.11810444e-03,0.435419,60.4553
telstar401,52,LAM,0.176101,1.11420389e-03,0.436944,80.9814
telstar401,52,LAM,0.194149,1.10987676e-03,0.438647,63.9947
telstar401,52,LAM,0.214047,1.10507435e-03,0.440553,64.5300
telstar401,52,LAM,0.235983,1.09974218e-03,0.442689,74.9937
telstar401,52,LAM,0.260168,1.09381941e-03,0.445086,56.9448
telstar401,52,LAM,0.286832,1.08723809e-03,0.447781,77.3210
telstar401,52,LAM,0.316228,1.07992258e-03,0.450814,61.2040
telstar401,52,LAM,0.348637,1.07178886e-03,0.454235,74.1222
telstar401,52,LAM,0.384367,1.06274400e-03,0.458101,80.8818
telstar401,52,LAM,0.423759,1.05268581e-03,0.462478,66.9769
telstar401,52,LAM,0.467188,1.04150283e-03,0.467444,92.4936
telstar401,52,LAM,0.515068,1.02907480e-03,0.473089,100.2538
telstar401,52,LAM,0.567855,1.01527396e-03,0.479520,88.7375
telstar401,52,LAM,0.626052,9.99967431e-04,0.486860,100.4402
telstar401,52,LAM,0.690213,9.83021296e-04,0.495253,123.5449
telstar401,52,LAM,0.760950,9.64306839e-04,0.504864,113.4964
telstar401,52,LAM,0.838936,9.43709674e-04,0.515883,98.4813
telstar401,52,LAM,0.924915,9.21142439e-04,0.528522,112.9325
telstar401,52,LAM,1.019705,8.96561621e-04,0.543012,74.6366
telstar401,52,LAM,1.124210,8.69988629e-04,0.559598,82.1030
telstar401,52,LAM,1.239425,8.41534431e-04,0.578520,79.2253
telstar401,52,LAM,1.366448,8.11425709e-04,0.599986,80.7376
telstar401,52,LAM,1.506489,7.80028610e-04,0.624136,80.8729
telstar401,52,LAM,1.660883,7.47864182e-04,0.650979,97.2012
telstar401,52,LAM,1.831099,7.15608191e-04,0.680322,118.3666
telstar401,52,LAM,2.018760,6.84068864e-04,0.711689,92.5680
telstar401,52,LAM,2.225654,6.54140986e-04,0.744250,55.1974
telstar401,52,LAM,2.453751,6.26746966e-04,0.776779,87.5821
telstar401,52,LAM,2.705225,6.02806135e-04,0.807630,123.4970
telstar401,52,LAM,2.982471,5.83428811e-04,0.834453,97.0207
telstar401,52,LAM,3.288131,5.69369096e-04,0.855059,61.1006
telstar401,52,LAM,3.625117,5.50142440e-04,0.884942,94.6709
telstar401,52,LAM,3.996639,5.30112551e-04,0.918379,95.3931
telstar401,52,LAM,4.406236,5.13240543e-04,0.948569,81.9946
telstar401,52,LAM,4.857812,5.01278046e-04,0.971206,103.3938
telstar401,52,LAM,5.355667,4.93964134e-04,0.985586,70.6952
telstar401,52,LAM,5.904545,4.90028282e-04,0.993502,111.4945
telstar401,52,LAM,6.509675,4.88136783e-04,0.997352,78.8065
telstar401,52,LAM,7.176822,4.87319172e-04,0.999025,66.2211
telstar401,52,LAM,7.912343,4.87001182e-04,0.999678,92.7984
telstar401,52,LAM,8.723243,4.86890439e-04,0.999905,124.4834
telstar401,52,LAM,9.617249,4.86856190e-04,0.999975,107.3084
telstar401,52,LAM,10.602877,4.86846885e-04,0.999994,91.3413
telstar401,52,LAM,11.689518,4.86844692e-04,0.999999,119.8589
telstar401,52,LAM,12.887524,4.86844250e-04,1.000000,94.5583
telstar401,52,LAM,14.208308,4.86844175e-04,1.000000,62.1500
telstar401,52,LAM,15.664454,4.86844164e-04,1.000000,100.0815
telstar401,52,LAM,17.269833,4.86844163e-04,1.000000,79.3672
telstar401,52,LAM,19.039740,4.86844163e-04,1.000000,96.9824
telstar401,52,LAM,20.991037,4.86844163e-04,1.000000,103.2925
telstar401,52,LAM,23.142314,4.86844163e-04,1.000000,60.2409
telstar401,52,LAM,25.514065,4.86844163e-04,1.000000,98.0436
telstar401,52,LAM,28.128887,4.86844163e-04,1.000000,81.0514
telstar401,52,LAM,31.011689,4.86844163e-04,1.000000,82.4157
telstar401,52,LAM,34.189937,4.86844163e-04,1.000000,55.8225
telstar401,52,LAM,37.693910,4.86844163e-04,1.000000,107.3192
telstar401,52,LAM,41.556988,4.86844163e-04,1.000000,108.0186
telstar401,52,LAM,45.815977,4.86844163e-04,1.000000,98.8646
telstar401,52,LAM,50.511449,4.86844163e-04,1.000000,84.7747
telstar401,52,LAM,55.688140,4.86844163e-04,1.000000,124.1060
telstar401,52,LAM,61.395366,4.86844163e-04,1.000000,88.4727
telstar401,52,LAM,67.687500,4.86844163e-04,1.000000,114.7377
telstar401,52,LAM,74.624487,4.86844163e-04,1.000000,93.8440
telstar401,52,LAM,82.272413,4.86844163e-04,1.000000,73.8029
telstar401,52,LAM,90.704142,4.86844163e-04,1.000000,100.0460
telstar401,52,LAM,100.000000,4.86844163e-04,1.000000,100.1975
telstar401,53,LAM,0.000000,1.84103074e-03,0.443416,63.8249
telstar401,53,LAM,0.001000,1.83939610e-03,0.443810,65.5897
telstar401,53,LAM,0.001102,1.83922846e-03,0.443851,65.7704
telstar401,53,LAM,0.001215,1.83904361e-03,0.443895,65.9696
telstar401,53,LAM,0.001340,1.83883979e-03,0.443945,66.1892
telstar401,53,LAM,0.001477,1.83861504e-03,0.443999,66.4312
telstar401,53,LAM,0.001629,1.83836721e-03,0.444059,66.6980
telstar401,53,LAM,0.001796,1.83809394e-03,0.444125,66.9921
telstar401,53,LAM,0.001980,1.83779259e-03,0.444198,67.3162
telstar401,53,LAM,0.002183,1.83746027e-03,0.444278,67.6734
telstar401,53,LAM,0.002406,1.83709381e-03,0.444367,68.0671
telstar401,53,LAM,0.002653,1.83668967e-03,0.444464,68.5009
telstar401,53,LAM,0.002925,1.83624397e-03,0.444572,68.9790
telstar401,53,LAM,0.003225,1.83575242e-03,0.444691,69.5058
telstar401,53,LAM,0.003555,1.83521028e-03,0.444823,70.0863
telstar401,53,LAM,0.003919,1.83461233e-03,0.444968,70.7259
telstar401,53,LAM,0.004321,1.83395280e-03,0.445128,71.4305
telstar401,53,LAM,0.004764,1.83322530e-03,0.445304,72.2067
telstar401,53,LAM,0.005252,1.83242279e-03,0.445499,73.0617
telstar401,53,LAM,0.005790,1.83153749e-03,0.445715,74.0033
telstar401,53,LAM,0.006384,1.83056081e-03,0.445952,75.0402
telstar401,53,LAM,0.007038,1.82948322e-03,0.446215,76.1818
telstar401,53,LAM,0.007759,1.82829424e-03,0.446505,77.4385
telstar401,53,LAM,0.008555,1.82698224e-03,0.446826,78.8216
telstar401,53,LAM,0.009431,1.82553436e-03,0.447180,80.3435
telstar401,53,LAM,0.010398,1.82393640e-03,0.447572,82.0176
telstar401,53,LAM,0.011464,1.82217261e-03,0.448005,83.8587
telstar401,53,LAM,0.012638,1.82022559e-03,0.448485,85.8825
telstar401,53,LAM,0.013934,1.81807605e-03,0.449015,88.1065
telstar401,53,LAM,0.015362,1.81570262e-03,0.449602,90.5492
telstar401,53,LAM,0.016936,1.81308164e-03,0.450252,93.2308
telstar401,53,LAM,0.018672,1.81018688e-03,0.450972,96.1728
telstar401,53,LAM,0.020585,1.80698926e-03,0.451770,99.3984
telstar401,53,LAM,0.022695,1.80345653e-03,0.452655,102.9321
telstar401,53,LAM,0.025021,1.79955293e-03,0.453637,106.7995
telstar401,53,LAM,0.027585,1.79523877e-03,0.454727,111.0278
telstar401,53,LAM,0.030412,1.79047003e-03,0.455938,115.6444
telstar401,53,LAM,0.033529,1.78519785e-03,0.457284,120.6770
telstar401,53,LAM,0.036966,1.77936804e-03,0.458783,126.1522
telstar401,53,LAM,0.040754,1.77292050e-03,0.460451,132.0933
telstar401,53,LAM,0.044931,1.76578860e-03,0.462311,138.5156
telstar401,53,LAM,0.049535,1.75789854e-03,0.464386,145.4168
telstar401,53,LAM,0.054612,1.74916871e-03,0.466703,152.7485
telstar401,53,LAM,0.060209,1.73950895e-03,0.469295,160.3176
telstar401,53,LAM,0.066379,1.72881997e-03,0.472197,167.3154
telstar401,53,LAM,0.073182,1.71699270e-03,0.475449,170.1113
telstar401,53,LAM,0.080683,1.70390792e-03,0.479100,164.6329
telstar401,53,LAM,0.088951,1.68943598e-03,0.483205,155.1733
telstar401,53,LAM,0.098068,1.67343705e-03,0.487824,144.2363
telstar401,53,LAM,0.108118,1.65576180e-03,0.493032,132.4431
telstar401,53,LAM,0.119199,1.63625297e-03,0.498910,120.0553
telstar401,53,LAM,0.131415,1.61474812e-03,0.505554,107.2869
telstar401,53,LAM,0.144883,1.59108386e-03,0.513074,94.3935
telstar401,53,LAM,0.159731,1.56510233e-03,0.521591,81.7228
telstar401,53,LAM,0.176101,1.53666024e-03,0.531245,69.7645
telstar401,53,LAM,0.194149,1.50564136e-03,0.542190,59.1952
telstar401,53,LAM,0.214047,1.47197287e-03,0.554591,50.8591
telstar401,53,LAM,0.235983,1.43564593e-03,0.568624,45.5156
telstar401,53,LAM,0.260168,1.39674020e-03,0.584463,43.2428
telstar401,53,LAM,0.286832,1.35545130e-03,0.602267,42.9793
telstar401,53,LAM,0.316228,1.31211848e-03,0.622157,42.8869
telstar401,53,LAM,0.348637,1.26724841e-03,0.644186,41.1292
telstar401,53,LAM,0.384367,1.22152903e-03,0.668296,36.5659
telstar401,53,LAM,0.423759,1.17582656e-03,0.694272,30.3111
telstar401,53,LAM,0.467188,1.13115957e-03,0.721687,30.6345
telstar401,53,LAM,0.515068,1.08864896e-03,0.749868,48.5600
telstar401,53,LAM,0.567855,1.04945286e-03,0.777875,80.5365
telstar401,53,LAM,0.626052,1.01472016e-03,0.804501,118.5629
telstar401,53,LAM,0.690213,9.85685384e-04,0.828198,138.3389
telstar401,53,LAM,0.760950,9.65264966e-04,0.845719,103.9658
telstar401,53,LAM,0.838936,9.43181266e-04,0.865521,36.0614
telstar401,53,LAM,0.924915,9.17101526e-04,0.890134,65.8470
telstar401,53,LAM,1.019705,8.91385529e-04,0.915814,149.9019
telstar401,53,LAM,1.124210,8.68676728e-04,0.939755,38.4435
telstar401,53,LAM,1.239425,8.50465302e-04,0.959878,151.3119
telstar401,53,LAM,1.366448,8.37120179e-04,0.975180,87.0256
telstar401,53,LAM,1.506489,8.28145278e-04,0.985749,21.6316
telstar401,53,LAM,1.660883,8.22587134e-04,0.992409,63.8470
telstar401,53,LAM,1.831099,8.19411437e-04,0.996255,89.3347
telstar401,53,LAM,2.018760,8.17737733e-04,0.998295,82.5367
telstar401,53,LAM,2.225654,8.16926084e-04,0.999286,50.8407
telstar401,53,LAM,2.453751,8.16565622e-04,0.999727,69.9673
telstar401,53,LAM,2.705225,8.16419993e-04,0.999906,127.6325
telstar401,53,LAM,2.982471,8.16366916e-04,0.999971,46.9074
telstar401,53,LAM,3.288131,8.16349634e-04,0.999992,75.6877
telstar401,53,LAM,3.625117,8.16344662e-04,0.999998,98.9169
telstar401,53,LAM,3.996639,8.16343414e-04,1.000000,85.1579
telstar401,53,LAM,4.406236,8.16343145e-04,1.000000,34.8202
telstar401,53,LAM,4.857812,8.16343095e-04,1.000000,138.9481
telstar401,53,LAM,5.355667,8.16343088e-04,1.000000,116.8848
telstar401,53,LAM,5.904545,8.16343087e-04,1.000000,122.1767
telstar401,53,LAM,6.509675,8.16343087e-04,1.000000,93.9596
telstar401,53,LAM,7.176822,8.16343087e-04,1.000000,163.4062
telstar401,53,LAM,7.912343,8.16343087e-04,1.000000,146.6470
telstar401,53,LAM,8.723243,8.16343087e-04,1.000000,15.6105
telstar401,53,LAM,9.617249,8.16343087e-04,1.000000,8.2052
telstar401,53,LAM,10.602877,8.16343087e-04,1.000000,146.3918
telstar401,53,LAM,11.689518,8.16343087e-04,1.000000,136.2479
telstar401,53,LAM,12.887524,8.16343087e-04,1.000000,64.7462
telstar401,53,LAM,14.208308,8.16343087e-04,1.000000,165.3849
telstar401,53,LAM,15.664454,8.16343087e-04,1.000000,116.3047
telstar401,53,LAM,17.269833,8.16343087e-04,1.000000,159.9710
telstar401,53,LAM,19.039740,8.16343087e-04,1.000000,143.6407
telstar401,53,LAM,20.991037,8.16343087e-04,1.000000,89.2921
telstar401,53,LAM,23.142314,8.16343087e-04,1.000000,85.5671
telstar401,53,LAM,25.514065,8.16343087e-04,1.000000,138.0040
telstar401,53,LAM,28.128887,8.16343087e-04,1.000000,41.8690
telstar401,53,LAM,31.011689,8.16343087e-04,1.000000,24.9258
telstar401,53,LAM,34.189937,8.16343087e-04,1.000000,133.6000
telstar401,53,LAM,37.693910,8.16343087e-04,1.000000,40.1266
telstar401,53,LAM,41.556988,8.16343087e-04,1.000000,135.7479
telstar401,53,LAM,45.815977,8.16343087e-04,1.000000,88.2708
telstar401,53,LAM,50.511449,8.16343087e-04,1.000000,132.2263
telstar401,53,LAM,55.688140,8.16343087e-04,1.000000,55.0770
telstar401,53,LAM,61.395366,8.16343087e-04,1.000000,53.1957
telstar401,53,LAM,67.687500,8.16343087e-04,1.000000,40.7779
telstar401,53,LAM,74.624487,8.16343087e-04,1.000000,139.6841
telstar401,53,LAM,82.272413,8.16343087e-04,1.000000,45.0663
telstar401,53,LAM,90.704142,8.16343087e-04,1.000000,51.6095
telstar401,53,LAM,100.000000,8.16343087e-04,1.000000,158.3763
telstar401,54,LAM,0.000000,1.27389021e-03,0.695568,156.9284
telstar401,54,LAM,0.001000,1.27248811e-03,0.696334,156.5938
telstar401,54,LAM,0.001102,1.27234469e-03,0.696413,156.5595
telstar401,54,LAM,0.001215,1.27218663e-03,0.696499,156.5216
telstar401,54,LAM,0.001340,1.27201245e-03,0.696595,156.4798
telstar401,54,LAM,0.001477,1.27182050e-03,0.696700,156.4338
telstar401,54,LAM,0.001629,1.27160900e-03,0.696816,156.3830
telstar401,54,LAM,0.001796,1.27137594e-03,0.696944,156.3270
telstar401,54,LAM,0.001980,1.27111916e-03,0.697084,156.2652
telstar401,54,LAM,0.002183,1.27083625e-03,0.697240,156.1971
telstar401,54,LAM,0.002406,1.27052458e-03,0.697411,156.1219
telstar401,54,LAM,0.002653,1.27018126e-03,0.697599,156.0390
telstar401,54,LAM,0.002925,1.26980310e-03,0.697807,155.9475
telstar401,54,LAM,0.003225,1.26938660e-03,0.698036,155.8467
telstar401,54,LAM,0.003555,1.26892792e-03,0.698288,155.7353
telstar401,54,LAM,0.003919,1.26842286e-03,0.698566,155.6125
telstar401,54,LAM,0.004321,1.26786678e-03,0.698873,155.4770
telstar401,54,LAM,0.004764,1.26725464e-03,0.699210,155.3275
telstar401,54,LAM,0.005252,1.26658087e-03,0.699582,155.1625
telstar401,54,LAM,0.005790,1.26583940e-03,0.699992,154.9804
telstar401,54,LAM,0.006384,1.26502358e-03,0.700443,154.7794
telstar401,54,LAM,0.007038,1.26412615e-03,0.700941,154.5575
telstar401,54,LAM,0.007759,1.26313917e-03,0.701488,154.3126
telstar401,54,LAM,0.008555,1.26205399e-03,0.702091,154.0423
telstar401,54,LAM,0.009431,1.26086116e-03,0.702756,153.7437
telstar401,54,LAM,0.010398,1.25955044e-03,0.703487,153.4141
telstar401,54,LAM,0.011464,1.25811066e-03,0.704292,153.0501
telstar401,54,LAM,0.012638,1.25652974e-03,0.705178,152.6481
telstar401,54,LAM,0.013934,1.25479458e-03,0.706153,152.2041
telstar401,54,LAM,0.015362,1.25289105e-03,0.707226,151.7136
telstar401,54,LAM,0.016936,1.25080391e-03,0.708406,151.1717
telstar401,54,LAM,0.018672,1.24851680e-03,0.709704,150.5731
telstar401,54,LAM,0.020585,1.24601219e-03,0.711130,149.9116
telstar401,54,LAM,0.022695,1.24327141e-03,0.712698,149.1808
telstar401,54,LAM,0.025021,1.24027461e-03,0.714420,148.3732
telstar401,54,LAM,0.027585,1.23700085e-03,0.716311,147.4807
telstar401,54,LAM,0.030412,1.23342812e-03,0.718386,146.4944
telstar401,54,LAM,0.033529,1.22953353e-03,0.720661,145.4044
telstar401,54,LAM,0.036966,1.22529342e-03,0.723155,144.1998
telstar401,54,LAM,0.040754,1.22068365e-03,0.725886,142.8685
telstar401,54,LAM,0.044931,1.21567991e-03,0.728874,141.3974
telstar401,54,LAM,0.049535,1.21025816e-03,0.732139,139.7716
telstar401,54,LAM,0.054612,1.20439519e-03,0.735703,137.9752
telstar401,54,LAM,0.060209,1.19806929e-03,0.739588,135.9902
telstar401,54,LAM,0.066379,1.19126118e-03,0.743814,133.7972
telstar401,54,LAM,0.073182,1.18395501e-03,0.748405,131.3745
telstar401,54,LAM,0.080683,1.17613967e-03,0.753378,128.6983
telstar401,54,LAM,0.088951,1.16781030e-03,0.758751,125.7426
telstar401,54,LAM,0.098068,1.15897009e-03,0.764539,122.4784
telstar401,54,LAM,0.108118,1.14963237e-03,0.770748,118.8741
telstar401,54,LAM,0.119199,1.13982296e-03,0.777381,114.8948
telstar401,54,LAM,0.131415,1.12958294e-03,0.784429,110.5023
telstar401,54,LAM,0.144883,1.11897181e-03,0.791867,105.6544
telstar401,54,LAM,0.159731,1.10807125e-03,0.799657,100.3051
telstar401,54,LAM,0.176101,1.09699006e-03,0.807735,94.4039
telstar401,54,LAM,0.194149,1.08587140e-03,0.816006,87.8959
telstar401,54,LAM,0.214047,1.07490624e-03,0.824330,80.7215
telstar401,54,LAM,0.235983,1.06436549e-03,0.832493,72.8171
telstar401,54,LAM,0.260168,1.05471432e-03,0.840111,64.1169
telstar401,54,LAM,0.286832,1.04711362e-03,0.846209,54.5585
telstar401,54,LAM,0.316228,1.03725073e-03,0.854256,44.0729
telstar401,54,LAM,0.348637,1.02513623e-03,0.864351,32.6582
telstar401,54,LAM,0.384367,1.01146691e-03,0.876032,20.5885
telstar401,54,LAM,0.423759,9.96740890e-04,0.888975,10.4672
telstar401,54,LAM,0.467188,9.81463954e-04,0.902812,15.6156
telstar401,54,LAM,0.515068,9.66174387e-04,0.917099,31.2703
telstar401,54,LAM,0.567855,9.51421641e-04,0.931319,50.0007
telstar401,54,LAM,0.626052,9.37722272e-04,0.944925,71.0204
telstar401,54,LAM,0.690213,9.25507014e-04,0.957397,94.3060
telstar401,54,LAM,0.760950,9.15073226e-04,0.968313,119.9167
telstar401,54,LAM,0.838936,9.06556045e-04,0.977410,147.5790
telstar401,54,LAM,0.924915,8.99926609e-04,0.984611,168.4644
telstar401,54,LAM,1.019705,8.95017462e-04,0.990011,142.1063
telstar401,54,LAM,1.124210,8.91567186e-04,0.993842,104.6835
telstar401,54,LAM,1.239425,8.89271819e-04,0.996408,63.0770
telstar401,54,LAM,1.366448,8.87830999e-04,0.998025,20.0362
telstar401,54,LAM,1.506489,8.86980967e-04,0.998981,38.7283
telstar401,54,LAM,1.660883,8.86511848e-04,0.999510,93.7229
telstar401,54,LAM,1.831099,8.86271013e-04,0.999781,152.8415
telstar401,54,LAM,2.018760,8.86156749e-04,0.999910,131.5540
telstar401,54,LAM,2.225654,8.86107022e-04,0.999966,58.2036
telstar401,54,LAM,2.453751,8.86087337e-04,0.999989,32.1887
telstar401,54,LAM,2.705225,8.86080315e-04,0.999997,119.5648
telstar401,54,LAM,2.982471,8.86078082e-04,0.999999,133.0013
telstar401,54,LAM,3.288131,8.86077456e-04,1.000000,29.2185
telstar401,54,LAM,3.625117,8.86077303e-04,1.000000,101.8894
telstar401,54,LAM,3.996639,8.86077271e-04,1.000000,117.2465
telstar401,54,LAM,4.406236,8.86077265e-04,1.000000,38.6561
telstar401,54,LAM,4.857812,8.86077265e-04,1.000000,149.9244
telstar401,54,LAM,5.355667,8.86077264e-04,1.000000,33.9660
telstar401,54,LAM,5.904545,8.86077264e-04,1.000000,126.2452
telstar401,54,LAM,6.509675,8.86077264e-04,1.000000,94.6076
telstar401,54,LAM,7.176822,8.86077264e-04,1.000000,28.2858
telstar401,54,LAM,7.912343,8.86077264e-04,1.000000,102.3547
telstar401,54,LAM,8.723243,8.86077264e-04,1.000000,152.6733
telstar401,54,LAM,9.617249,8.86077264e-04,1.000000,158.7947
telstar401,54,LAM,10.602877,8.86077264e-04,1.000000,163.5878
telstar401,54,LAM,11.689518,8.86077264e-04,1.000000,139.9037
telstar401,54,LAM,12.887524,8.86077264e-04,1.000000,58.0477
telstar401,54,LAM,14.208308,8.86077264e-04,1.000000,71.1044
telstar401,54,LAM,15.664454,8.86077264e-04,1.000000,109.9496
telstar401,54,LAM,17.269833,8.86077264e-04,1.000000,123.6399
telstar401,54,LAM,19.039740,8.86077264e-04,1.000000,62.0638
telstar401,54,LAM,20.991037,8.86077264e-04,1.000000,67.1943
telstar401,54,LAM,23.142314,8.86077264e-04,1.000000,138.9402
telstar401,54,LAM,25.514065,8.86077264e-04,1.000000,55.6557
telstar401,54,LAM,28.128887,8.86077264e-04,1.000000,159.2394
telstar401,54,LAM,31.011689,8.86077264e-04,1.000000,175.7641
telstar401,54,LAM,34.189937,8.86077264e-04,1.000000,79.3261
telstar401,54,LAM,37.693910,8.86077264e-04,1.000000,136.5154
telstar401,54,LAM,41.556988,8.86077264e-04,1.000000,134.0002
telstar401,54,LAM,45.815977,8.86077264e-04,1.000000,82.6907
telstar401,54,LAM,50.511449,8.86077264e-04,1.000000,142.4554
telstar401,54,LAM,55.688140,8.86077264e-04,1.000000,31.6176
telstar401,54,LAM,61.395366,8.86077264e-04,1.000000,63.1431
telstar401,54,LAM,67.687500,8.86077264e-04,1.000000,106.4754
telstar401,54,LAM,74.624487,8.86077264e-04,1.000000,154.7940
telstar401,54,LAM,82.272413,8.86077264e-04,1.000000,117.9190
telstar401,54,LAM,90.704142,8.86077264e-04,1.000000,23.3665
telstar401,54,LAM,100.000000,8.86077264e-04,1.000000,143.7877
telstar401,55,SAM,0.000000,5.04369878e-04,0.919747,123.4415
telstar401,55,SAM,0.001000,5.04329594e-04,0.919820,121.7293
telstar401,55,SAM,0.001102,5.04325467e-04,0.919828,121.5108
telstar401,55,SAM,0.001215,5.04320917e-04,0.919836,121.2611
telstar401,55,SAM,0.001340,5.04315901e-04,0.919845,120.9751
telstar401,55,SAM,0.001477,5.04310372e-04,0.919855,120.6473
telstar401,55,SAM,0.001629,5.04304277e-04,0.919866,120.2707
telstar401,55,SAM,0.001796,5.04297557e-04,0.919879,119.8375
telstar401,55,SAM,0.001980,5.04290150e-04,0.919892,119.3387
telstar401,55,SAM,0.002183,5.04281985e-04,0.919907,118.7636
telstar401,55,SAM,0.002406,5.04272984e-04,0.919923,118.1001
telstar401,55,SAM,0.002653,5.04263062e-04,0.919941,117.3340
telstar401,55,SAM,0.002925,5.04252125e-04,0.919961,116.4494
telstar401,55,SAM,0.003225,5.04240069e-04,0.919983,115.4277
telstar401,55,SAM,0.003555,5.04226781e-04,0.920008,114.2484
telstar401,55,SAM,0.003919,5.04212134e-04,0.920034,112.8883
telstar401,55,SAM,0.004321,5.04195989e-04,0.920064,111.3215
telstar401,55,SAM,0.004764,5.04178195e-04,0.920096,109.5199
telstar401,55,SAM,0.005252,5.04158583e-04,0.920132,107.4533
telstar401,55,SAM,0.005790,5.04136968e-04,0.920172,105.0893
telstar401,55,SAM,0.006384,5.04113146e-04,0.920215,102.3951
telstar401,55,SAM,0.007038,5.04086893e-04,0.920263,99.3379
telstar401,55,SAM,0.007759,5.04057963e-04,0.920316,95.8871
telstar401,55,SAM,0.008555,5.04026083e-04,0.920374,92.0175
telstar401,55,SAM,0.009431,5.03990954e-04,0.920438,87.7140
telstar401,55,SAM,0.010398,5.03952248e-04,0.920509,82.9789
telstar401,55,SAM,0.011464,5.03909602e-04,0.920587,77.8450
telstar401,55,SAM,0.012638,5.03862620e-04,0.920673,72.3967
telstar401,55,SAM,0.013934,5.03810864e-04,0.920767,66.8058
telstar401,55,SAM,0.015362,5.03753853e-04,0.920871,61.3898
telstar401,55,SAM,0.016936,5.03691060e-04,0.920986,56.6951
telstar401,55,SAM,0.018672,5.03621906e-04,0.921113,53.5723
telstar401,55,SAM,0.020585,5.03545753e-04,0.921252,53.1135
telstar401,55,SAM,0.022695,5.03461905e-04,0.921405,56.2803
telstar401,55,SAM,0.025021,5.03369597e-04,0.921574,63.3937
telstar401,55,SAM,0.027585,5.03267990e-04,0.921760,74.0089
telstar401,55,SAM,0.030412,5.03156167e-04,0.921965,87.1381
telstar401,55,SAM,0.033529,5.03033122e-04,0.922191,101.2142
telstar401,55,SAM,0.036966,5.02897759e-04,0.922439,113.3833
telstar401,55,SAM,0.040754,5.02748878e-04,0.922712,118.4842
telstar401,55,SAM,0.044931,5.02585171e-04,0.923013,111.2299
telstar401,55,SAM,0.049535,5.02405213e-04,0.923343,92.2884
telstar401,55,SAM,0.054612,5.02207454e-04,0.923707,67.5232
telstar401,55,SAM,0.060209,5.01990208e-04,0.924107,48.3229
telstar401,55,SAM,0.066379,5.01751651e-04,0.924546,56.3198
telstar401,55,SAM,0.073182,5.01489805e-04,0.925029,86.8948
telstar401,55,SAM,0.080683,5.01202539e-04,0.925559,111.8883
telstar401,55,SAM,0.088951,5.00887557e-04,0.926141,97.5208
telstar401,55,SAM,0.098068,5.00542396e-04,0.926780,54.4161
telstar401,55,SAM,0.108118,5.00164426e-04,0.927480,52.9169
telstar401,55,SAM,0.119199,4.99750845e-04,0.928248,101.1358
telstar401,55,SAM,0.131415,4.99298691e-04,0.929088,87.9659
telstar401,55,SAM,0.144883,4.98804845e-04,0.930008,37.7070
telstar401,55,SAM,0.159731,4.98266052e-04,0.931014,96.4500
telstar401,55,SAM,0.176101,4.97678947e-04,0.932112,65.9454
telstar401,55,SAM,0.194149,4.97040083e-04,0.933310,68.2684
telstar401,55,SAM,0.214047,4.96345990e-04,0.934615,76.0356
telstar401,55,SAM,0.235983,4.95593227e-04,0.936035,75.3949
telstar401,55,SAM,0.260168,4.94778470e-04,0.937576,45.2311
telstar401,55,SAM,0.286832,4.93898615e-04,0.939246,99.9198
telstar401,55,SAM,0.316228,4.92950902e-04,0.941052,81.1648
telstar401,55,SAM,0.348637,4.91933072e-04,0.942999,48.8027
telstar401,55,SAM,0.384367,4.90843547e-04,0.945092,41.2938
telstar401,55,SAM,0.423759,4.89681651e-04,0.947335,46.6030
telstar401,55,SAM,0.467188,4.88447846e-04,0.949728,68.3956
telstar401,55,SAM,0.515068,4.87144002e-04,0.952270,119.2995
telstar401,55,SAM,0.567855,4.85773682e-04,0.954956,91.7236
telstar401,55,SAM,0.626052,4.84342423e-04,0.957778,116.5202
telstar401,55,SAM,0.690213,4.82858006e-04,0.960722,77.7516
telstar401,55,SAM,0.760950,4.81330667e-04,0.963771,82.5304
telstar401,55,SAM,0.838936,4.79773232e-04,0.966900,76.1746
telstar401,55,SAM,0.924915,4.78201117e-04,0.970078,122.4944
telstar401,55,SAM,1.019705,4.76632160e-04,0.973272,53.8118
telstar401,55,SAM,1.124210,4.75086226e-04,0.976439,56.8013
telstar401,55,SAM,1.239425,4.73584578e-04,0.979535,36.4520
telstar401,55,SAM,1.366448,4.72148984e-04,0.982513,96.6559
telstar401,55,SAM,1.506489,4.70800599e-04,0.985327,120.5774
telstar401,55,SAM,1.660883,4.69558689e-04,0.987933,76.5054
telstar401,55,SAM,1.831099,4.68439310e-04,0.990294,91.5763
telstar401,55,SAM,2.018760,4.67454095e-04,0.992381,79.7554
telstar401,55,SAM,2.225654,4.66609317e-04,0.994178,55.4956
telstar401,55,SAM,2.453751,4.65905385e-04,0.995680,79.2682
telstar401,55,SAM,2.705225,4.65336881e-04,0.996896,80.6262
telstar401,55,SAM,2.982471,4.64893176e-04,0.997848,69.7010
telstar401,55,SAM,3.288131,4.64559561e-04,0.998564,34.3667
telstar401,55,SAM,3.625117,4.64318745e-04,0.999082,84.4347
telstar401,55,SAM,3.996639,4.64152496e-04,0.999440,98.9728
telstar401,55,SAM,4.406236,4.64043190e-04,0.999675,93.2776
telstar401,55,SAM,4.857812,4.63975066e-04,0.999822,83.0006
telstar401,55,SAM,5.355667,4.63935028e-04,0.999908,102.7281
telstar401,55,SAM,5.904545,4.63912966e-04,0.999956,136.5376
telstar401,55,SAM,6.509675,4.63901640e-04,0.999980,73.0209
telstar401,55,SAM,7.176822,4.63896262e-04,0.999992,89.7524
telstar401,55,SAM,7.912343,4.63893918e-04,0.999997,85.2078
telstar401,55,SAM,8.723243,4.63892988e-04,0.999999,87.7758
telstar401,55,SAM,9.617249,4.63892656e-04,1.000000,71.2727
telstar401,55,SAM,10.602877,4.63892550e-04,1.000000,87.0468
telstar401,55,SAM,11.689518,4.63892520e-04,1.000000,137.1036
telstar401,55,SAM,12.887524,4.63892513e-04,1.000000,124.7253
telstar401,55,SAM,14.208308,4.63892511e-04,1.000000,70.0469
telstar401,55,SAM,15.664454,4.63892511e-04,1.000000,94.2420
telstar401,55,SAM,17.269833,4.63892511e-04,1.000000,69.0050
telstar401,55,SAM,19.039740,4.63892511e-04,1.000000,118.6190
telstar401,55,SAM,20.991037,4.63892511e-04,1.000000,122.9666
telstar401,55,SAM,23.142314,4.63892511e-04,1.000000,104.5846
telstar401,55,SAM,25.514065,4.63892511e-04,1.000000,81.8217
telstar401,55,SAM,28.128887,4.63892511e-04,1.000000,75.2065
telstar401,55,SAM,31.011689,4.63892511e-04,1.000000,121.5507
telstar401,55,SAM,34.189937,4.63892511e-04,1.000000,101.5126
telstar401,55,SAM,37.693910,4.63892511e-04,1.000000,82.7309
telstar401,55,SAM,41.556988,4.63892511e-04,1.000000,76.9702
telstar401,55,SAM,45.815977,4.63892511e-04,1.000000,134.3908
telstar401,55,SAM,50.511449,4.63892511e-04,1.000000,107.7909
telstar401,55,SAM,55.688140,4.63892511e-04,1.000000,77.5187
telstar401,55,SAM,61.395366,4.63892511e-04,1.000000,50.6436
telstar401,55,SAM,67.687500,4.63892511e-04,1.000000,89.3657
telstar401,55,SAM,74.624487,4.63892511e-04,1.000000,118.8056
telstar401,55,SAM,82.272413,4.63892511e-04,1.000000,78.9149
telstar401,55,SAM,90.704142,4.63892511e-04,1.000000,96.8016
telstar401,55,SAM,100.000000,4.63892511e-04,1.000000,116.0903
telstar401,56,LAM,0.000000,2.28758581e-03,0.799028,115.8259
telstar401,56,LAM,0.001000,2.28386525e-03,0.800330,115.4932
telstar401,56,LAM,0.001102,2.28348695e-03,0.800462,115.4577
telstar401,56,LAM,0.001215,2.28307052e-03,0.800608,115.4183
telstar401,56,LAM,0.001340,2.28261220e-03,0.800769,115.3745
telstar401,56,LAM,0.001477,2.28210786e-03,0.800946,115.3257
telstar401,56,LAM,0.001629,2.28155299e-03,0.801141,115.2714
telstar401,56,LAM,0.001796,2.28094265e-03,0.801355,115.2109
telstar401,56,LAM,0.001980,2.28027147e-03,0.801591,115.1435
telstar401,56,LAM,0.002183,2.27953357e-03,0.801850,115.0681
telstar401,56,LAM,0.002406,2.27872256e-03,0.802136,114.9839
telstar401,56,LAM,0.002653,2.27783147e-03,0.802450,114.8896
telstar401,56,LAM,0.002925,2.27685275e-03,0.802795,114.7839
telstar401,56,LAM,0.003225,2.27577822e-03,0.803174,114.6654
telstar401,56,LAM,0.003555,2.27459899e-03,0.803590,114.5322
telstar401,56,LAM,0.003919,2.27330551e-03,0.804047,114.3823
telstar401,56,LAM,0.004321,2.27188745e-03,0.804549,114.2134
telstar401,56,LAM,0.004764,2.27033375e-03,0.805100,114.0228
telstar401,56,LAM,0.005252,2.26863255e-03,0.805703,113.8072
telstar401,56,LAM,0.005790,2.26677123e-03,0.806365,113.5631
telstar401,56,LAM,0.006384,2.26473637e-03,0.807090,113.2862
telstar401,56,LAM,0.007038,2.26251380e-03,0.807882,112.9715
telstar401,56,LAM,0.007759,2.26008867e-03,0.808749,112.6133
telstar401,56,LAM,0.008555,2.25744551e-03,0.809696,112.2048
telstar401,56,LAM,0.009431,2.25456834e-03,0.810729,111.7382
telstar401,56,LAM,0.010398,2.25144087e-03,0.811856,111.2045
telstar401,56,LAM,0.011464,2.24804671e-03,0.813081,110.5930
telstar401,56,LAM,0.012638,2.24436970e-03,0.814413,109.8915
telstar401,56,LAM,0.013934,2.24039427e-03,0.815859,109.0860
telstar401,56,LAM,0.015362,2.23610603e-03,0.817423,108.1602
telstar401,56,LAM,0.016936,2.23149237e-03,0.819113,107.0955
telstar401,56,LAM,0.018672,2.22654340e-03,0.820934,105.8709
telstar401,56,LAM,0.020585,2.22125300e-03,0.822889,104.4628
telstar401,56,LAM,0.022695,2.21562033e-03,0.824981,102.8450
telstar401,56,LAM,0.025021,2.20965177e-03,0.827210,100.9889
telstar401,56,LAM,0.027585,2.20336357e-03,0.829570,98.8640
telstar401,56,LAM,0.030412,2.19678573e-03,0.832054,96.4391
telstar401,56,LAM,0.033529,2.18996819e-03,0.834645,93.6837
telstar401,56,LAM,0.036966,2.18299173e-03,0.837312,90.5710
telstar401,56,LAM,0.040754,2.17599200e-03,0.840005,87.0834
telstar401,56,LAM,0.044931,2.16923372e-03,0.842622,83.2236
telstar401,56,LAM,0.049535,2.16357275e-03,0.844827,79.0627
telstar401,56,LAM,0.054612,2.15651677e-03,0.847591,74.4102
telstar401,56,LAM,0.060209,2.14767001e-03,0.851083,69.2891
telstar401,56,LAM,0.066379,2.13733154e-03,0.855200,63.8895
telstar401,56,LAM,0.073182,2.12558634e-03,0.859925,58.5747
telstar401,56,LAM,0.080683,2.11248252e-03,0.865259,54.0268
telstar401,56,LAM,0.088951,2.09807035e-03,0.871203,51.3693
telstar401,56,LAM,0.098068,2.08241988e-03,0.877750,52.0265
telstar401,56,LAM,0.108118,2.06563201e-03,0.884884,57.0289
telstar401,56,LAM,0.119199,2.04784630e-03,0.892569,66.2178
telstar401,56,LAM,0.131415,2.02924603e-03,0.900751,78.1059
telstar401,56,LAM,0.144883,2.01006025e-03,0.909348,89.8101
telstar401,56,LAM,0.159731,1.99056198e-03,0.918256,96.4278
telstar401,56,LAM,0.176101,1.97106205e-03,0.927340,91.8754
telstar401,56,LAM,0.194149,1.95189793e-03,0.936445,74.0965
telstar401,56,LAM,0.214047,1.93341794e-03,0.945396,49.6030
telstar401,56,LAM,0.235983,1.91596144e-03,0.954009,42.3045
telstar401,56,LAM,0.260168,1.89983698e-03,0.962106,69.3451
telstar401,56,LAM,0.286832,1.88530043e-03,0.969524,93.2852
telstar401,56,LAM,0.316228,1.87253605e-03,0.976133,76.1641
telstar401,56,LAM,0.348637,1.86164313e-03,0.981845,44.7153
telstar401,56,LAM,0.384367,1.85263028e-03,0.986622,83.1155
telstar401,56,LAM,0.423759,1.84541878e-03,0.990477,97.7983
telstar401,56,LAM,0.467188,1.83985454e-03,0.993473,58.8734
telstar401,56,LAM,0.515068,1.83572740e-03,0.995706,114.4768
telstar401,56,LAM,0.567855,1.83279476e-03,0.997299,81.2898
telstar401,56,LAM,0.626052,1.83080603e-03,0.998383,123.7564
telstar401,56,LAM,0.690213,1.82952447e-03,0.999082,87.0429
telstar401,56,LAM,0.760950,1.82874342e-03,0.999509,137.1179
telstar401,56,LAM,0.838936,1.82829562e-03,0.999753,107.7479
telstar401,56,LAM,0.924915,1.82805554e-03,0.999885,73.9632
telstar401,56,LAM,1.019705,1.82793596e-03,0.999950,75.4680
telstar401,56,LAM,1.124210,1.82788104e-03,0.999980,77.4660
telstar401,56,LAM,1.239425,1.82785796e-03,0.999993,68.7051
telstar401,56,LAM,1.366448,1.82784917e-03,0.999998,55.6698
telstar401,56,LAM,1.506489,1.82784617e-03,0.999999,69.1602
telstar401,56,LAM,1.660883,1.82784526e-03,1.000000,133.8523
telstar401,56,LAM,1.831099,1.82784501e-03,1.000000,85.2820
telstar401,56,LAM,2.018760,1.82784496e-03,1.000000,110.2016
telstar401,56,LAM,2.225654,1.82784495e-03,1.000000,88.3376
telstar401,56,LAM,2.453751,1.82784494e-03,1.000000,104.7596
telstar401,56,LAM,2.705225,1.82784494e-03,1.000000,132.9886
telstar401,56,LAM,2.982471,1.82784494e-03,1.000000,66.5539
telstar401,56,LAM,3.288131,1.82784494e-03,1.000000,75.7675
telstar401,56,LAM,3.625117,1.82784494e-03,1.000000,119.6604
telstar401,56,LAM,3.996639,1.82784494e-03,1.000000,67.7630
telstar401,56,LAM,4.406236,1.82784494e-03,1.000000,103.6142
telstar401,56,LAM,4.857812,1.82784494e-03,1.000000,133.9145
telstar401,56,LAM,5.355667,1.82784494e-03,1.000000,60.5979
telstar401,56,LAM,5.904545,1.82784494e-03,1.000000,118.2011
telstar401,56,LAM,6.509675,1.82784494e-03,1.000000,66.9969
telstar401,56,LAM,7.176822,1.82784494e-03,1.000000,66.5972
telstar401,56,LAM,7.912343,1.82784494e-03,1.000000,98.7124
telstar401,56,LAM,8.723243,1.82784494e-03,1.000000,124.0552
telstar401,56,LAM,9.617249,1.82784494e-03,1.000000,91.2129
telstar401,56,LAM,10.602877,1.82784494e-03,1.000000,94.2050
telstar401,56,LAM,11.689518,1.82784494e-03,1.000000,121.5828
telstar401,56,LAM,12.887524,1.82784494e-03,1.000000,90.3832
telstar401,56,LAM,14.208308,1.82784494e-03,1.000000,89.4980
telstar401,56,LAM,15.664454,1.82784494e-03,1.000000,94.6471
telstar401,56,LAM,17.269833,1.82784494e-03,1.000000,67.1231
telstar401,56,LAM,19.039740,1.82784494e-03,1.000000,86.2856
telstar401,56,LAM,20.991037,1.82784494e-03,1.000000,76.6137
telstar401,56,LAM,23.142314,1.82784494e-03,1.000000,82.9386
telstar401,56,LAM,25.514065,1.82784494e-03,1.000000,118.2553
telstar401,56,LAM,28.128887,1.82784494e-03,1.000000,94.0249
telstar401,56,LAM,31.011689,1.82784494e-03,1.000000,102.4626
telstar401,56,LAM,34.189937,1.82784494e-03,1.000000,94.7329
telstar401,56,LAM,37.693910,1.82784494e-03,1.000000,103.9510
telstar401,56,LAM,41.556988,1.82784494e-03,1.000000,73.9151
telstar401,56,LAM,45.815977,1.82784494e-03,1.000000,131.4746
telstar401,56,LAM,50.511449,1.82784494e-03,1.000000,117.0751
telstar401,56,LAM,55.688140,1.82784494e-03,1.000000,89.3483
telstar401,56,LAM,61.395366,1.82784494e-03,1.000000,52.5072
telstar401,56,LAM,67.687500,1.82784494e-03,1.000000,86.7148
telstar401,56,LAM,74.624487,1.82784494e-03,1.000000,90.1550
telstar401,56,LAM,82.272413,1.82784494e-03,1.000000,49.4768
telstar401,56,LAM,90.704142,1.82784494e-03,1.000000,107.7789
telstar401,56,LAM,100.000000,1.82784494e-03,1.000000,86.9853
telstar401,57,LAM,0.000000,4.62320595e-04,0.521590,92.0416
telstar401,57,LAM,0.001000,4.62308709e-04,0.521603,93.0310
telstar401,57,LAM,0.001102,4.62307491e-04,0.521605,93.1324
telstar401,57,LAM,0.001215,4.62306148e-04,0.521606,93.2442
telstar401,57,LAM,0.001340,4.62304667e-04,0.521608,93.3674
telstar401,57,LAM,0.001477,4.62303035e-04,0.521610,93.5032
telstar401,57,LAM,0.001629,4.62301235e-04,0.521612,93.6529
telstar401,57,LAM,0.001796,4.62299251e-04,0.521614,93.8180
telstar401,57,LAM,0.001980,4.62297064e-04,0.521616,94.0000
telstar401,57,LAM,0.002183,4.62294652e-04,0.521619,94.2006
telstar401,57,LAM,0.002406,4.62291994e-04,0.521622,94.4217
telstar401,57,LAM,0.002653,4.62289063e-04,0.521625,94.6655
telstar401,57,LAM,0.002925,4.62285831e-04,0.521629,94.9342
telstar401,57,LAM,0.003225,4.62282268e-04,0.521633,95.2304
telstar401,57,LAM,0.003555,4.62278340e-04,0.521638,95.5568
telstar401,57,LAM,0.003919,4.62274010e-04,0.521642,95.9167
telstar401,57,LAM,0.004321,4.62269236e-04,0.521648,96.3133
telstar401,57,LAM,0.004764,4.62263972e-04,0.521654,96.7505
telstar401,57,LAM,0.005252,4.62258170e-04,0.521660,97.2323
telstar401,57,LAM,0.005790,4.62251772e-04,0.521668,97.7632
telstar401,57,LAM,0.006384,4.62244719e-04,0.521676,98.3483
telstar401,57,LAM,0.007038,4.62236943e-04,0.521684,98.9930
telstar401,57,LAM,0.007759,4.62228370e-04,0.521694,99.7033
telstar401,57,LAM,0.008555,4.62218919e-04,0.521705,100.4859
telstar401,57,LAM,0.009431,4.62208499e-04,0.521716,101.3478
telstar401,57,LAM,0.010398,4.62197011e-04,0.521729,102.2972
telstar401,57,LAM,0.011464,4.62184346e-04,0.521744,103.3426
telstar401,57,LAM,0.012638,4.62170384e-04,0.521759,104.4934
telstar401,57,LAM,0.013934,4.62154990e-04,0.521777,105.7600
telstar401,57,LAM,0.015362,4.62138019e-04,0.521796,107.1536
telstar401,57,LAM,0.016936,4.62119309e-04,0.521817,108.6862
telstar401,57,LAM,0.018672,4.62098682e-04,0.521840,110.3708
telstar401,57,LAM,0.020585,4.62075941e-04,0.521866,112.2213
telstar401,57,LAM,0.022695,4.62050870e-04,0.521894,114.2524
telstar401,57,LAM,0.025021,4.62023230e-04,0.521926,116.4793
telstar401,57,LAM,0.027585,4.61992757e-04,0.521960,118.9177
telstar401,57,LAM,0.030412,4.61959163e-04,0.521998,121.5826
telstar401,57,LAM,0.033529,4.61922127e-04,0.522040,124.4880
telstar401,57,LAM,0.036966,4.61881296e-04,0.522086,127.6448
telstar401,57,LAM,0.040754,4.61836282e-04,0.522137,131.0578
telstar401,57,LAM,0.044931,4.61786656e-04,0.522193,134.7206
telstar401,57,LAM,0.049535,4.61731946e-04,0.522255,138.6064
telstar401,57,LAM,0.054612,4.61671632e-04,0.522323,142.6500
telstar401,57,LAM,0.060209,4.61605139e-04,0.522398,146.7142
telstar401,57,LAM,0.066379,4.61531835e-04,0.522481,150.5284
telstar401,57,LAM,0.073182,4.61451024e-04,0.522573,153.5900
telstar401,57,LAM,0.080683,4.61361936e-04,0.522674,155.0964
telstar401,57,LAM,0.088951,4.61263724e-04,0.522785,154.1533
telstar401,57,LAM,0.098068,4.61155455e-04,0.522908,150.3479
telstar401,57,LAM,0.108118,4.61036100e-04,0.523043,143.9473
telstar401,57,LAM,0.119199,4.60904524e-04,0.523192,135.4511
telstar401,57,LAM,0.131415,4.60759480e-04,0.523357,125.2408
telstar401,57,LAM,0.144883,4.60599588e-04,0.523539,113.5346
telstar401,57,LAM,0.159731,4.60423332e-04,0.523739,100.4386
telstar401,57,LAM,0.176101,4.60229039e-04,0.523960,85.9923
telstar401,57,LAM,0.194149,4.60014868e-04,0.524204,70.1973
telstar401,57,LAM,0.214047,4.59778789e-04,0.524473,53.0417
telstar401,57,LAM,0.235983,4.59518566e-04,0.524770,34.5868
telstar401,57,LAM,0.260168,4.59231736e-04,0.525098,15.8306
telstar401,57,LAM,0.286832,4.58915586e-04,0.525460,14.2004
telstar401,57,LAM,0.316228,4.58567131e-04,0.525859,36.8129
telstar401,57,LAM,0.348637,4.58183082e-04,0.526300,64.2780
telstar401,57,LAM,0.384367,4.57759818e-04,0.526787,95.2887
telstar401,57,LAM,0.423759,4.57293356e-04,0.527324,129.4865
telstar401,57,LAM,0.467188,4.56779311e-04,0.527917,161.1608
telstar401,57,LAM,0.515068,4.56212861e-04,0.528573,141.1930
telstar401,57,LAM,0.567855,4.55588703e-04,0.529297,97.9609
telstar401,57,LAM,0.626052,4.54901008e-04,0.530097,54.9132
telstar401,57,LAM,0.690213,4.54143373e-04,0.530982,35.4442
telstar401,57,LAM,0.760950,4.53308765e-04,0.531959,68.6753
telstar401,57,LAM,0.838936,4.52389466e-04,0.533040,120.3208
telstar401,57,LAM,0.924915,4.51377014e-04,0.534236,176.1914
telstar401,57,LAM,1.019705,4.50262137e-04,0.535559,105.5435
telstar401,57,LAM,1.124210,4.49034689e-04,0.537023,31.7151
telstar401,57,LAM,1.239425,4.47683580e-04,0.538643,39.8435
telstar401,57,LAM,1.366448,4.46196706e-04,0.540438,110.3941
telstar401,57,LAM,1.506489,4.44560883e-04,0.542427,156.3431
telstar401,57,LAM,1.660883,4.42761782e-04,0.544631,81.0584
telstar401,57,LAM,1.831099,4.40783869e-04,0.547075,33.8048
telstar401,57,LAM,2.018760,4.38610363e-04,0.549786,85.6348
telstar401,57,LAM,2.225654,4.36223205e-04,0.552794,139.8572
telstar401,57,LAM,2.453751,4.33603061e-04,0.556135,126.0893
telstar401,57,LAM,2.705225,4.30729355e-04,0.559845,75.8322
telstar401,57,LAM,2.982471,4.27580360e-04,0.563968,31.3973
telstar401,57,LAM,3.288131,4.24133357e-04,0.568552,11.5114
telstar401,57,LAM,3.625117,4.20364890e-04,0.573649,32.0447
telstar401,57,LAM,3.996639,4.16251139e-04,0.579318,63.4005
telstar401,57,LAM,4.406236,4.11768454e-04,0.585625,149.0088
telstar401,57,LAM,4.857812,4.06894084e-04,0.592640,45.1169
telstar401,57,LAM,5.355667,4.01607149e-04,0.600442,134.1659
telstar401,57,LAM,5.904545,3.95889904e-04,0.609113,156.8186
telstar401,57,LAM,6.509675,3.89729338e-04,0.618742,41.4216
telstar401,57,LAM,7.176822,3.83119151e-04,0.629417,112.8969
telstar401,57,LAM,7.912343,3.76062119e-04,0.641228,25.4452
telstar401,57,LAM,8.723243,3.68572823e-04,0.654258,38.0140
telstar401,57,LAM,9.617249,3.60680664e-04,0.668574,94.7669
telstar401,57,LAM,10.602877,3.52433002e-04,0.684220,174.3778
telstar401,57,LAM,11.689518,3.43898159e-04,0.701201,130.4637
telstar401,57,LAM,12.887524,3.35167945e-04,0.719465,154.6114
telstar401,57,LAM,14.208308,3.26359366e-04,0.738884,105.4832
telstar401,57,LAM,15.664454,3.17615363e-04,0.759226,65.1894
telstar401,57,LAM,17.269833,3.09105200e-04,0.780128,126.0843
telstar401,57,LAM,19.039740,3.01027666e-04,0.801062,51.6267
telstar401,57,LAM,20.991037,2.93630510e-04,0.821242,103.7283
telstar401,57,LAM,23.142314,2.87334626e-04,0.839237,87.4161
telstar401,57,LAM,25.514065,2.82143669e-04,0.854677,163.6656
telstar401,57,LAM,28.128887,2.74372011e-04,0.878886,98.4580
telstar401,57,LAM,31.011689,2.65578254e-04,0.907988,11.9958
telstar401,57,LAM,34.189937,2.57337412e-04,0.937064,134.2362
telstar401,57,LAM,37.693910,2.50797271e-04,0.961501,36.4563
telstar401,57,LAM,41.556988,2.46336387e-04,0.978912,106.5436
telstar401,57,LAM,45.815977,2.43676093e-04,0.989600,160.2047
telstar401,57,LAM,50.511449,2.42266577e-04,0.995357,166.6446
telstar401,57,LAM,55.688140,2.41595788e-04,0.998121,54.6089
telstar401,57,LAM,61.395366,2.41307781e-04,0.999312,56.0920
telstar401,57,LAM,67.687500,2.41196370e-04,0.999774,37.0312
telstar401,57,LAM,74.624487,2.41157764e-04,0.999934,154.0568
telstar401,57,LAM,82.272413,2.41145886e-04,0.999983,121.4752
telstar401,57,LAM,90.704142,2.41142677e-04,0.999996,35.9471
telstar401,57,LAM,100.000000,2.41141925e-04,0.999999,119.8378
telstar401,58,SAM,0.000000,1.64173465e-03,0.905139,28.5464
telstar401,58,SAM,0.001000,1.64073862e-03,0.905689,27.5193
telstar401,58,SAM,0.001102,1.64063680e-03,0.905745,27.4152
telstar401,58,SAM,0.001215,1.64052461e-03,0.905807,27.3006
telstar401,58,SAM,0.001340,1.64040098e-03,0.905875,27.1746
telstar401,58,SAM,0.001477,1.64026476e-03,0.905950,27.0360
telstar401,58,SAM,0.001629,1.64011468e-03,0.906033,26.8837
telstar401,58,SAM,0.001796,1.63994935e-03,0.906124,26.7164
telstar401,58,SAM,0.001980,1.63976721e-03,0.906225,26.5327
telstar401,58,SAM,0.002183,1.63956660e-03,0.906336,26.3310
telstar401,58,SAM,0.002406,1.63934564e-03,0.906458,26.1098
telstar401,58,SAM,0.002653,1.63910230e-03,0.906593,25.8673
telstar401,58,SAM,0.002925,1.63883435e-03,0.906741,25.6018
telstar401,58,SAM,0.003225,1.63853933e-03,0.906904,25.3112
telstar401,58,SAM,0.003555,1.63821456e-03,0.907084,24.9936
telstar401,58,SAM,0.003919,1.63785709e-03,0.907282,24.6469
telstar401,58,SAM,0.004321,1.63746369e-03,0.907500,24.2693
telstar401,58,SAM,0.004764,1.63703084e-03,0.907740,23.8586
telstar401,58,SAM,0.005252,1.63655467e-03,0.908004,23.4133
telstar401,58,SAM,0.005790,1.63603099e-03,0.908295,22.9318
telstar401,58,SAM,0.006384,1.63545519e-03,0.908614,22.4133
telstar401,58,SAM,0.007038,1.63482227e-03,0.908966,21.8579
telstar401,58,SAM,0.007759,1.63412678e-03,0.909353,21.2668
telstar401,58,SAM,0.008555,1.63336282e-03,0.909778,20.6434
telstar401,58,SAM,0.009431,1.63252397e-03,0.910246,19.9938
telstar401,58,SAM,0.010398,1.63160329e-03,0.910760,19.3284
telstar401,58,SAM,0.011464,1.63059329e-03,0.911324,18.6634
telstar401,58,SAM,0.012638,1.62948592e-03,0.911943,18.0234
telstar401,58,SAM,0.013934,1.62827251e-03,0.912623,17.4440
telstar401,58,SAM,0.015362,1.62694382e-03,0.913368,16.9751
telstar401,58,SAM,0.016936,1.62548998e-03,0.914185,16.6831
telstar401,58,SAM,0.018672,1.62390056e-03,0.915080,16.6497
telstar401,58,SAM,0.020585,1.62216454e-03,0.916059,16.9669
telstar401,58,SAM,0.022695,1.62027040e-03,0.917130,17.7249
telstar401,58,SAM,0.025021,1.61820617e-03,0.918300,18.9983
telstar401,58,SAM,0.027585,1.61595957e-03,0.919576,20.8384
telstar401,58,SAM,0.030412,1.61351808e-03,0.920968,23.2736
telstar401,58,SAM,0.033529,1.61086922e-03,0.922482,26.3180
telstar401,58,SAM,0.036966,1.60800072e-03,0.924128,29.9816
telstar401,58,SAM,0.040754,1.60490089e-03,0.925913,34.2778
telstar401,58,SAM,0.044931,1.60155893e-03,0.927845,39.2274
telstar401,58,SAM,0.049535,1.59796546e-03,0.929931,44.8602
telstar401,58,SAM,0.054612,1.59411300e-03,0.932179,51.2142
telstar401,58,SAM,0.060209,1.58999665e-03,0.934592,58.3344
telstar401,58,SAM,0.066379,1.58561483e-03,0.937175,66.2702
telstar401,58,SAM,0.073182,1.58097002e-03,0.939928,75.0698
telstar401,58,SAM,0.080683,1.57606972e-03,0.942851,84.7707
telstar401,58,SAM,0.088951,1.57092728e-03,0.945937,95.3794
telstar401,58,SAM,0.098068,1.56556281e-03,0.949178,106.8242
telstar401,58,SAM,0.108118,1.56000402e-03,0.952561,118.8390
telstar401,58,SAM,0.119199,1.55428684e-03,0.956064,130.6437
telstar401,58,SAM,0.131415,1.54845579e-03,0.959665,140.0860
telstar401,58,SAM,0.144883,1.54256397e-03,0.963330,142.4777
telstar401,58,SAM,0.159731,1.53667256e-03,0.967023,133.8401
telstar401,58,SAM,0.176101,1.53084965e-03,0.970702,116.1345
telstar401,58,SAM,0.194149,1.52516834e-03,0.974318,92.5327
telstar401,58,SAM,0.214047,1.51970415e-03,0.977821,64.5028
telstar401,58,SAM,0.235983,1.51453167e-03,0.981160,32.5819
telstar401,58,SAM,0.260168,1.50972063e-03,0.984287,5.6619
telstar401,58,SAM,0.286832,1.50533177e-03,0.987157,43.7084
telstar401,58,SAM,0.316228,1.50141273e-03,0.989733,86.8072
telstar401,58,SAM,0.348637,1.49799455e-03,0.991992,129.5561
telstar401,58,SAM,0.384367,1.49508928e-03,0.993919,138.6336
telstar401,58,SAM,0.423759,1.49268895e-03,0.995518,90.3219
telstar401,58,SAM,0.467188,1.49076649e-03,0.996801,28.6030
telstar401,58,SAM,0.515068,1.48927834e-03,0.997798,53.7997
telstar401,58,SAM,0.567855,1.48816857e-03,0.998542,134.5541
telstar401,58,SAM,0.626052,1.48737416e-03,0.999075,135.0632
telstar401,58,SAM,0.690213,1.48683045e-03,0.999440,49.3963
telstar401,58,SAM,0.760950,1.48647619e-03,0.999678,95.6272
telstar401,58,SAM,0.838936,1.48625753e-03,0.999826,146.2820
telstar401,58,SAM,0.924915,1.48613035e-03,0.999911,30.0174
telstar401,58,SAM,1.019705,1.48606106e-03,0.999958,139.3034
telstar401,58,SAM,1.124210,1.48602593e-03,0.999981,45.5457
telstar401,58,SAM,1.239425,1.48600947e-03,0.999992,122.6417
telstar401,58,SAM,1.366448,1.48600241e-03,0.999997,10.9756
telstar401,58,SAM,1.506489,1.48599965e-03,0.999999,143.4871
telstar401,58,SAM,1.660883,1.48599868e-03,1.000000,105.1856
telstar401,58,SAM,1.831099,1.48599838e-03,1.000000,43.7438
telstar401,58,SAM,2.018760,1.48599830e-03,1.000000,42.4118
telstar401,58,SAM,2.225654,1.48599828e-03,1.000000,61.0082
telstar401,58,SAM,2.453751,1.48599827e-03,1.000000,54.8785
telstar401,58,SAM,2.705225,1.48599827e-03,1.000000,42.9875
telstar401,58,SAM,2.982471,1.48599827e-03,1.000000,80.2614
telstar401,58,SAM,3.288131,1.48599827e-03,1.000000,126.8801
telstar401,58,SAM,3.625117,1.48599827e-03,1.000000,49.1200
telstar401,58,SAM,3.996639,1.48599827e-03,1.000000,82.9167
telstar401,58,SAM,4.406236,1.48599827e-03,1.000000,127.8716
telstar401,58,SAM,4.857812,1.48599827e-03,1.000000,130.8974
telstar401,58,SAM,5.355667,1.48599827e-03,1.000000,40.9211
telstar401,58,SAM,5.904545,1.48599827e-03,1.000000,125.8028
telstar401,58,SAM,6.509675,1.48599827e-03,1.000000,27.9257
telstar401,58,SAM,7.176822,1.48599827e-03,1.000000,15.1044
telstar401,58,SAM,7.912343,1.48599827e-03,1.000000,130.5453
telstar401,58,SAM,8.723243,1.48599827e-03,1.000000,42.3071
telstar401,58,SAM,9.617249,1.48599827e-03,1.000000,34.5993
telstar401,58,SAM,10.602877,1.48599827e-03,1.000000,154.0598
telstar401,58,SAM,11.689518,1.48599827e-03,1.000000,115.3631
telstar401,58,SAM,12.887524,1.48599827e-03,1.000000,112.3364
telstar401,58,SAM,14.208308,1.48599827e-03,1.000000,121.2943
telstar401,58,SAM,15.664454,1.48599827e-03,1.000000,66.6343
telstar401,58,SAM,17.269833,1.48599827e-03,1.000000,117.4675
telstar401,58,SAM,19.039740,1.48599827e-03,1.000000,108.6028
telstar401,58,SAM,20.991037,1.48599827e-03,1.000000,33.7437
telstar401,58,SAM,23.142314,1.48599827e-03,1.000000,91.3598
telstar401,58,SAM,25.514065,1.48599827e-03,1.000000,135.2077
telstar401,58,SAM,28.128887,1.48599827e-03,1.000000,40.1162
telstar401,58,SAM,31.011689,1.48599827e-03,1.000000,29.2835
telstar401,58,SAM,34.189937,1.48599827e-03,1.000000,108.4767
telstar401,58,SAM,37.693910,1.48599827e-03,1.000000,47.1552
telstar401,58,SAM,41.556988,1.48599827e-03,1.000000,147.1442
telstar401,58,SAM,45.815977,1.48599827e-03,1.000000,165.0914
telstar401,58,SAM,50.511449,1.48599827e-03,1.000000,134.2598
telstar401,58,SAM,55.688140,1.48599827e-03,1.000000,64.1576
telstar401,58,SAM,61.395366,1.48599827e-03,1.000000,146.8010
telstar401,58,SAM,67.687500,1.48599827e-03,1.000000,101.4689
telstar401,58,SAM,74.624487,1.48599827e-03,1.000000,55.0985
telstar401,58,SAM,82.272413,1.48599827e-03,1.000000,75.7344
telstar401,58,SAM,90.704142,1.48599827e-03,1.000000,50.2811
telstar401,58,SAM,100.000000,1.48599827e-03,1.000000,65.4383
telstar401,59,SAM,0.000000,3.09836276e-03,0.907620,152.5058
telstar401,59,SAM,0.001000,3.09574329e-03,0.908388,152.7589
telstar401,59,SAM,0.001102,3.09547588e-03,0.908466,152.7849
telstar401,59,SAM,0.001215,3.09518129e-03,0.908552,152.8135
telstar401,59,SAM,0.001340,3.09485679e-03,0.908648,152.8451
telstar401,59,SAM,0.001477,3.09449936e-03,0.908753,152.8800
telstar401,59,SAM,0.001629,3.09410570e-03,0.908868,152.9184
telstar401,59,SAM,0.001796,3.09367220e-03,0.908996,152.9608
telstar401,59,SAM,0.001980,3.09319486e-03,0.909136,153.0076
telstar401,59,SAM,0.002183,3.09266934e-03,0.909290,153.0592
telstar401,59,SAM,0.002406,3.09209084e-03,0.909461,153.1161
telstar401,59,SAM,0.002653,3.09145412e-03,0.909648,153.1789
telstar401,59,SAM,0.002925,3.09075347e-03,0.909854,153.2482
telstar401,59,SAM,0.003225,3.08998260e-03,0.910081,153.3247
telstar401,59,SAM,0.003555,3.08913465e-03,0.910331,153.4090
telstar401,59,SAM,0.003919,3.08820216e-03,0.910606,153.5021
telstar401,59,SAM,0.004321,3.08717696e-03,0.910908,153.6049
telstar401,59,SAM,0.004764,3.08605016e-03,0.911241,153.7183
telstar401,59,SAM,0.005252,3.08481210e-03,0.911606,153.8435
telstar401,59,SAM,0.005790,3.08345229e-03,0.912008,153.9817
telstar401,59,SAM,0.006384,3.08195935e-03,0.912450,154.1343
telstar401,59,SAM,0.007038,3.08032099e-03,0.912936,154.3027
telstar401,59,SAM,0.007759,3.07852392e-03,0.913468,154.4887
telstar401,59,SAM,0.008555,3.07655386e-03,0.914053,154.6941
telstar401,59,SAM,0.009431,3.07439548e-03,0.914695,154.9210
telstar401,59,SAM,0.010398,3.07203239e-03,0.915399,155.1716
telstar401,59,SAM,0.011464,3.06944713e-03,0.916170,155.4483
telstar401,59,SAM,0.012638,3.06662122e-03,0.917014,155.7540
telstar401,59,SAM,0.013934,3.06353517e-03,0.917938,156.0915
telstar401,59,SAM,0.015362,3.06016856e-03,0.918948,156.4643
telstar401,59,SAM,0.016936,3.05650022e-03,0.920051,156.8760
telstar401,59,SAM,0.018672,3.05250835e-03,0.921254,157.3303
telstar401,59,SAM,0.020585,3.04817076e-03,0.922565,157.8316
telstar401,59,SAM,0.022695,3.04346526e-03,0.923991,158.3843
telstar401,59,SAM,0.025021,3.03836998e-03,0.925541,158.9932
telstar401,59,SAM,0.027585,3.03286395e-03,0.927221,159.6630
telstar401,59,SAM,0.030412,3.02692772e-03,0.929039,160.3984
telstar401,59,SAM,0.033529,3.02054411e-03,0.931003,161.2037
telstar401,59,SAM,0.036966,3.01369914e-03,0.933117,162.0822
telstar401,59,SAM,0.040754,3.00638310e-03,0.935388,163.0351
telstar401,59,SAM,0.044931,2.99859171e-03,0.937818,164.0602
telstar401,59,SAM,0.049535,2.99032754e-03,0.940410,165.1485
telstar401,59,SAM,0.054612,2.98160138e-03,0.943162,166.2804
telstar401,59,SAM,0.060209,2.97243378e-03,0.946071,167.4161
telstar401,59,SAM,0.066379,2.96285654e-03,0.949130,168.4836
telstar401,59,SAM,0.073182,2.95291408e-03,0.952325,169.3592
telstar401,59,SAM,0.080683,2.94266456e-03,0.955642,169.8547
telstar401,59,SAM,0.088951,2.93218058e-03,0.959059,169.7438
telstar401,59,SAM,0.098068,2.92154935e-03,0.962549,168.8516
telstar401,59,SAM,0.108118,2.91087205e-03,0.966080,167.1395
telstar401,59,SAM,0.119199,2.90026220e-03,0.969614,164.6811
telstar401,59,SAM,0.131415,2.88984300e-03,0.973110,161.5791
telstar401,59,SAM,0.144883,2.87974347e-03,0.976523,157.9160
telstar401,59,SAM,0.159731,2.87009348e-03,0.979806,153.7451
telstar401,59,SAM,0.176101,2.86101783e-03,0.982914,149.0941
telstar401,59,SAM,0.194149,2.85262973e-03,0.985804,143.9673
telstar401,59,SAM,0.214047,2.84502413e-03,0.988440,138.3401
telstar401,59,SAM,0.235983,2.83827161e-03,0.990791,132.1470
telstar401,59,SAM,0.260168,2.83241342e-03,0.992840,125.2616
telstar401,59,SAM,0.286832,2.82745845e-03,0.994580,117.4762
telstar401,59,SAM,0.316228,2.82338259e-03,0.996016,108.4905
telstar401,59,SAM,0.348637,2.82013093e-03,0.997165,97.9276
telstar401,59,SAM,0.384367,2.81762257e-03,0.998052,85.3905
telstar401,59,SAM,0.423759,2.81575778e-03,0.998713,70.5634
telstar401,59,SAM,0.467188,2.81442661e-03,0.999186,53.3500
telstar401,59,SAM,0.515068,2.81351788e-03,0.999508,34.0682
telstar401,59,SAM,0.567855,2.81292726e-03,0.999718,14.2324
telstar401,59,SAM,0.626052,2.81256360e-03,0.999847,12.6358
telstar401,59,SAM,0.690213,2.81235261e-03,0.999922,32.4192
telstar401,59,SAM,0.760950,2.81223797e-03,0.999963,53.5828
telstar401,59,SAM,0.838936,2.81218000e-03,0.999984,77.9999
telstar401,59,SAM,0.924915,2.81215293e-03,0.999993,109.3127
telstar401,59,SAM,1.019705,2.81214135e-03,0.999998,147.3444
telstar401,59,SAM,1.124210,2.81213685e-03,0.999999,168.3021
telstar401,59,SAM,1.239425,2.81213527e-03,1.000000,133.2337
telstar401,59,SAM,1.366448,2.81213478e-03,1.000000,92.9327
telstar401,59,SAM,1.506489,2.81213465e-03,1.000000,38.3352
telstar401,59,SAM,1.660883,2.81213461e-03,1.000000,22.4255
telstar401,59,SAM,1.831099,2.81213461e-03,1.000000,74.5629
telstar401,59,SAM,2.018760,2.81213461e-03,1.000000,146.2106
telstar401,59,SAM,2.225654,2.81213461e-03,1.000000,138.1709
telstar401,59,SAM,2.453751,2.81213461e-03,1.000000,60.4742
telstar401,59,SAM,2.705225,2.81213461e-03,1.000000,35.2727
telstar401,59,SAM,2.982471,2.81213461e-03,1.000000,130.7470
telstar401,59,SAM,3.288131,2.81213461e-03,1.000000,120.3156
telstar401,59,SAM,3.625117,2.81213461e-03,1.000000,9.9422
telstar401,59,SAM,3.996639,2.81213461e-03,1.000000,135.7161
telstar401,59,SAM,4.406236,2.81213461e-03,1.000000,80.7649
telstar401,59,SAM,4.857812,2.81213461e-03,1.000000,81.1302
telstar401,59,SAM,5.355667,2.81213461e-03,1.000000,100.0320
telstar401,59,SAM,5.904545,2.81213461e-03,1.000000,97.3517
telstar401,59,SAM,6.509675,2.81213461e-03,1.000000,40.9621
telstar401,59,SAM,7.176822,2.81213461e-03,1.000000,157.3260
telstar401,59,SAM,7.912343,2.81213461e-03,1.000000,98.6777
telstar401,59,SAM,8.723243,2.81213461e-03,1.000000,35.5963
telstar401,59,SAM,9.617249,2.81213461e-03,1.000000,5.3411
telstar401,59,SAM,10.602877,2.81213461e-03,1.000000,8.4817
telstar401,59,SAM,11.689518,2.81213461e-03,1.000000,22.7560
telstar401,59,SAM,12.887524,2.81213461e-03,1.000000,85.1279
telstar401,59,SAM,14.208308,2.81213461e-03,1.000000,153.6043
telstar401,59,SAM,15.664454,2.81213461e-03,1.000000,11.4364
telstar401,59,SAM,17.269833,2.81213461e-03,1.000000,137.6557
telstar401,59,SAM,19.039740,2.81213461e-03,1.000000,141.1493
telstar401,59,SAM,20.991037,2.81213461e-03,1.000000,119.4789
telstar401,59,SAM,23.142314,2.81213461e-03,1.000000,176.4240
telstar401,59,SAM,25.514065,2.81213461e-03,1.000000,54.8007
telstar401,59,SAM,28.128887,2.81213461e-03,1.000000,168.0306
telstar401,59,SAM,31.011689,2.81213461e-03,1.000000,119.5537
telstar401,59,SAM,34.189937,2.81213461e-03,1.000000,176.3958
telstar401,59,SAM,37.693910,2.81213461e-03,1.000000,2.0611
telstar401,59,SAM,41.556988,2.81213461e-03,1.000000,50.9101
telstar401,59,SAM,45.815977,2.81213461e-03,1.000000,32.3475
telstar401,59,SAM,50.511449,2.81213461e-03,1.000000,77.3048
telstar401,59,SAM,55.688140,2.81213461e-03,1.000000,15.6612
telstar401,59,SAM,61.395366,2.81213461e-03,1.000000,133.5035
telstar401,59,SAM,67.687500,2.81213461e-03,1.000000,26.1871
telstar401,59,SAM,74.624487,2.81213461e-03,1.000000,53.5469
telstar401,59,SAM,82.272413,2.81213461e-03,1.000000,167.2038
telstar401,59,SAM,90.704142,2.81213461e-03,1.000000,40.6430
telstar401,59,SAM,100.000000,2.81213461e-03,1.000000,55.4682
telstar401,60,SAM,0.000000,2.88893085e-04,0.932111,112.0003
telstar401,60,SAM,0.001000,2.88889180e-04,0.932124,118.2522
telstar401,60,SAM,0.001102,2.88888779e-04,0.932125,118.8128
telstar401,60,SAM,0.001215,2.88888338e-04,0.932126,119.4110
telstar401,60,SAM,0.001340,2.88887852e-04,0.932128,120.0455
telstar401,60,SAM,0.001477,2.88887315e-04,0.932130,120.7135
telstar401,60,SAM,0.001629,2.88886724e-04,0.932132,121.4100
telstar401,60,SAM,0.001796,2.88886072e-04,0.932134,122.1274
telstar401,60,SAM,0.001980,2.88885354e-04,0.932136,122.8542
telstar401,60,SAM,0.002183,2.88884562e-04,0.932139,123.5741
telstar401,60,SAM,0.002406,2.88883688e-04,0.932141,124.2644
telstar401,60,SAM,0.002653,2.88882725e-04,0.932145,124.8946
telstar401,60,SAM,0.002925,2.88881664e-04,0.932148,125.4242
telstar401,60,SAM,0.003225,2.88880494e-04,0.932152,125.8010
telstar401,60,SAM,0.003555,2.88879203e-04,0.932156,125.9590
telstar401,60,SAM,0.003919,2.88877781e-04,0.932161,125.8181
telstar401,60,SAM,0.004321,2.88876213e-04,0.932166,125.2837
telstar401,60,SAM,0.004764,2.88874485e-04,0.932171,124.2501
telstar401,60,SAM,0.005252,2.88872579e-04,0.932177,122.6053
telstar401,60,SAM,0.005790,2.88870478e-04,0.932184,120.2382
telstar401,60,SAM,0.006384,2.88868163e-04,0.932192,117.0482
telstar401,60,SAM,0.007038,2.88865610e-04,0.932200,112.9539
telstar401,60,SAM,0.007759,2.88862795e-04,0.932209,107.9014
telstar401,60,SAM,0.008555,2.88859693e-04,0.932219,101.8742
telstar401,60,SAM,0.009431,2.88856273e-04,0.932230,94.9072
telstar401,60,SAM,0.010398,2.88852503e-04,0.932242,87.1145
telstar401,60,SAM,0.011464,2.88848347e-04,0.932256,78.7467
telstar401,60,SAM,0.012638,2.88843766e-04,0.932270,70.3042
telstar401,60,SAM,0.013934,2.88838716e-04,0.932287,62.7427
telstar401,60,SAM,0.015362,2.88833150e-04,0.932305,57.7260
telstar401,60,SAM,0.016936,2.88827015e-04,0.932324,57.5062
telstar401,60,SAM,0.018672,2.88820252e-04,0.932346,63.7345
telstar401,60,SAM,0.020585,2.88812799e-04,0.932370,76.1796
telstar401,60,SAM,0.022695,2.88804583e-04,0.932397,93.1210
telstar401,60,SAM,0.025021,2.88795529e-04,0.932426,111.8355
telstar401,60,SAM,0.027585,2.88785550e-04,0.932458,126.8299
telstar401,60,SAM,0.030412,2.88774552e-04,0.932494,127.2529
telstar401,60,SAM,0.033529,2.88762432e-04,0.932533,108.7491
telstar401,60,SAM,0.036966,2.88749076e-04,0.932576,81.5522
telstar401,60,SAM,0.040754,2.88734358e-04,0.932624,61.4367
telstar401,60,SAM,0.044931,2.88718141e-04,0.932676,71.5754
telstar401,60,SAM,0.049535,2.88700273e-04,0.932734,107.3971
telstar401,60,SAM,0.054612,2.88680587e-04,0.932797,133.1115
telstar401,60,SAM,0.060209,2.88658899e-04,0.932867,101.9217
telstar401,60,SAM,0.066379,2.88635008e-04,0.932945,64.5414
telstar401,60,SAM,0.073182,2.88608692e-04,0.933030,95.3151
telstar401,60,SAM,0.080683,2.88579708e-04,0.933123,135.7208
telstar401,60,SAM,0.088951,2.88547788e-04,0.933227,79.7695
telstar401,60,SAM,0.098068,2.88512640e-04,0.933340,93.5143
telstar401,60,SAM,0.108118,2.88473941e-04,0.933465,129.6043
telstar401,60,SAM,0.119199,2.88431339e-04,0.933603,71.6272
telstar401,60,SAM,0.131415,2.88384447e-04,0.933755,141.7646
telstar401,60,SAM,0.144883,2.88332843e-04,0.933922,74.8633
telstar401,60,SAM,0.159731,2.88276063e-04,0.934106,128.3762
telstar401,60,SAM,0.176101,2.88213602e-04,0.934309,114.0110
telstar401,60,SAM,0.194149,2.88144906e-04,0.934531,76.4965
telstar401,60,SAM,0.214047,2.88069374e-04,0.934776,102.6364
telstar401,60,SAM,0.235983,2.87986348e-04,0.935046,130.7619
telstar401,60,SAM,0.260168,2.87895115e-04,0.935342,139.3759
telstar401,60,SAM,0.286832,2.87794898e-04,0.935668,128.9784
telstar401,60,SAM,0.316228,2.87684856e-04,0.936026,95.1092
telstar401,60,SAM,0.348637,2.87564078e-04,0.936419,79.2310
telstar401,60,SAM,0.384367,2.87431582e-04,0.936851,140.5373
telstar401,60,SAM,0.423759,2.87286309e-04,0.937324,69.8415
telstar401,60,SAM,0.467188,2.87127123e-04,0.937844,80.4378
telstar401,60,SAM,0.515068,2.86952810e-04,0.938414,92.3909
telstar401,60,SAM,0.567855,2.86762077e-04,0.939038,63.1066
telstar401,60,SAM,0.626052,2.86553552e-04,0.939721,61.4701
telstar401,60,SAM,0.690213,2.86325790e-04,0.940469,72.3770
telstar401,60,SAM,0.760950,2.86077280e-04,0.941286,97.1456
telstar401,60,SAM,0.838936,2.85806454e-04,0.942178,77.6690
telstar401,60,SAM,0.924915,2.85511699e-04,0.943150,73.5511
telstar401,60,SAM,1.019705,2.85191381e-04,0.944210,60.6275
telstar401,60,SAM,1.124210,2.84843870e-04,0.945362,119.0408
telstar401,60,SAM,1.239425,2.84467570e-04,0.946612,78.4514
telstar401,60,SAM,1.366448,2.84060966e-04,0.947967,100.3636
telstar401,60,SAM,1.506489,2.83622677e-04,0.949432,53.6827
telstar401,60,SAM,1.660883,2.83151518e-04,0.951012,99.9872
telstar401,60,SAM,1.831099,2.82646578e-04,0.952711,104.4672
telstar401,60,SAM,2.018760,2.82107314e-04,0.954532,105.8510
telstar401,60,SAM,2.225654,2.81533653e-04,0.956477,77.7406
telstar401,60,SAM,2.453751,2.80926107e-04,0.958546,117.6954
telstar401,60,SAM,2.705225,2.80285903e-04,0.960735,87.2692
telstar401,60,SAM,2.982471,2.79615108e-04,0.963040,73.6800
telstar401,60,SAM,3.288131,2.78916761e-04,0.965451,125.0331
telstar401,60,SAM,3.625117,2.78194983e-04,0.967956,42.1857
telstar401,60,SAM,3.996639,2.77455065e-04,0.970537,65.6911
telstar401,60,SAM,4.406236,2.76703501e-04,0.973173,73.9741
telstar401,60,SAM,4.857812,2.75947969e-04,0.975838,39.7420
telstar401,60,SAM,5.355667,2.75197214e-04,0.978500,96.2337
telstar401,60,SAM,5.904545,2.74460833e-04,0.981125,71.4478
telstar401,60,SAM,6.509675,2.73748945e-04,0.983677,56.8072
telstar401,60,SAM,7.176822,2.73071748e-04,0.986116,121.8432
telstar401,60,SAM,7.912343,2.72438978e-04,0.988407,60.0257
telstar401,60,SAM,8.723243,2.71859313e-04,0.990514,32.1728
telstar401,60,SAM,9.617249,2.71339766e-04,0.992411,66.6816
telstar401,60,SAM,10.602877,2.70885158e-04,0.994076,73.8523
telstar401,60,SAM,11.689518,2.70497725e-04,0.995500,61.3619
telstar401,60,SAM,12.887524,2.70176944e-04,0.996682,42.7951
telstar401,60,SAM,14.208308,2.69919613e-04,0.997632,142.6467
telstar401,60,SAM,15.664454,2.69720195e-04,0.998370,94.2696
telstar401,60,SAM,17.269833,2.69571386e-04,0.998921,103.3408
telstar401,60,SAM,19.039740,2.69464836e-04,0.999316,101.2630
telstar401,60,SAM,20.991037,2.69391918e-04,0.999586,82.0946
telstar401,60,SAM,23.142314,2.69344428e-04,0.999763,86.6814
telstar401,60,SAM,25.514065,2.69315133e-04,0.999871,122.0817
telstar401,60,SAM,28.128887,2.69298109e-04,0.999934,94.2614
telstar401,60,SAM,31.011689,2.69288843e-04,0.999969,126.3691
telstar401,60,SAM,34.189937,2.69284150e-04,0.999986,108.5052
telstar401,60,SAM,37.693910,2.69281955e-04,0.999994,72.7850
telstar401,60,SAM,41.556988,2.69281014e-04,0.999998,107.5322
telstar401,60,SAM,45.815977,2.69280647e-04,0.999999,101.0616
telstar401,60,SAM,50.511449,2.69280519e-04,1.000000,53.5486
telstar401,60,SAM,55.688140,2.69280478e-04,1.000000,38.9808
telstar401,60,SAM,61.395366,2.69280467e-04,1.000000,68.8695
telstar401,60,SAM,67.687500,2.69280465e-04,1.000000,102.0922
telstar401,60,SAM,74.624487,2.69280464e-04,1.000000,54.2253
telstar401,60,SAM,82.272413,2.69280464e-04,1.000000,99.1912
telstar401,60,SAM,90.704142,2.69280464e-04,1.000000,38.3077
telstar401,60,SAM,100.000000,2.69280464e-04,1.000000,125.2602
telstar401,61,SAM,0.000000,8.70891144e-04,0.938310,126.0778
telstar401,61,SAM,0.001000,8.70699132e-04,0.938516,126.2712
telstar401,61,SAM,0.001102,8.70679485e-04,0.938538,126.2911
telstar401,61,SAM,0.001215,8.70657831e-04,0.938561,126.3129
telstar401,61,SAM,0.001340,8.70633967e-04,0.938587,126.3370
telstar401,61,SAM,0.001477,8.70607666e-04,0.938615,126.3636
telstar401,61,SAM,0.001629,8.70578682e-04,0.938646,126.3929
telstar401,61,SAM,0.001796,8.70546742e-04,0.938681,126.4252
telstar401,61,SAM,0.001980,8.70511547e-04,0.938719,126.4608
telstar401,61,SAM,0.002183,8.70472767e-04,0.938760,126.5001
telstar401,61,SAM,0.002406,8.70430039e-04,0.938807,126.5434
telstar401,61,SAM,0.002653,8.70382964e-04,0.938857,126.5912
telstar401,61,SAM,0.002925,8.70331103e-04,0.938913,126.6438
telstar401,61,SAM,0.003225,8.70273975e-04,0.938975,126.7019
telstar401,61,SAM,0.003555,8.70211050e-04,0.939043,126.7659
telstar401,61,SAM,0.003919,8.70141746e-04,0.939118,126.8365
telstar401,61,SAM,0.004321,8.70065425e-04,0.939200,126.9143
telstar401,61,SAM,0.004764,8.69981385e-04,0.939291,127.0001
telstar401,61,SAM,0.005252,8.69888858e-04,0.939391,127.0948
telstar401,61,SAM,0.005790,8.69787000e-04,0.939501,127.1991
telstar401,61,SAM,0.006384,8.69674890e-04,0.939622,127.3142
telstar401,61,SAM,0.007038,8.69551514e-04,0.939755,127.4411
telstar401,61,SAM,0.007759,8.69415769e-04,0.939902,127.5810
telstar401,61,SAM,0.008555,8.69266443e-04,0.940063,127.7353
telstar401,61,SAM,0.009431,8.69102217e-04,0.940241,127.9055
telstar401,61,SAM,0.010398,8.68921650e-04,0.940436,128.0931
telstar401,61,SAM,0.011464,8.68723172e-04,0.940651,128.2999
telstar401,61,SAM,0.012638,8.68505075e-04,0.940887,128.5280
telstar401,61,SAM,0.013934,8.68265502e-04,0.941147,128.7795
telstar401,61,SAM,0.015362,8.68002439e-04,0.941432,129.0567
telstar401,61,SAM,0.016936,8.67713706e-04,0.941745,129.3622
telstar401,61,SAM,0.018672,8.67396947e-04,0.942089,129.6989
telstar401,61,SAM,0.020585,8.67049621e-04,0.942467,130.0699
telstar401,61,SAM,0.022695,8.66669000e-04,0.942881,130.4786
telstar401,61,SAM,0.025021,8.66252158e-04,0.943334,130.9287
telstar401,61,SAM,0.027585,8.65795973e-04,0.943831,131.4240
telstar401,61,SAM,0.030412,8.65297125e-04,0.944376,131.9690
telstar401,61,SAM,0.033529,8.64752103e-04,0.944971,132.5682
telstar401,61,SAM,0.036966,8.64157211e-04,0.945621,133.2263
telstar401,61,SAM,0.040754,8.63508592e-04,0.946332,133.9485
telstar401,61,SAM,0.044931,8.62802243e-04,0.947106,134.7400
telstar401,61,SAM,0.049535,8.62034062e-04,0.947950,135.6060
telstar401,61,SAM,0.054612,8.61199883e-04,0.948868,136.5515
telstar401,61,SAM,0.060209,8.60295550e-04,0.949866,137.5813
telstar401,61,SAM,0.066379,8.59316985e-04,0.950948,138.6994
telstar401,61,SAM,0.073182,8.58260296e-04,0.952118,139.9085
telstar401,61,SAM,0.080683,8.57121896e-04,0.953383,141.2098
telstar401,61,SAM,0.088951,8.55898647e-04,0.954746,142.6019
telstar401,61,SAM,0.098068,8.54588040e-04,0.956210,144.0800
telstar401,61,SAM,0.108118,8.53188394e-04,0.957778,145.6352
telstar401,61,SAM,0.119199,8.51699090e-04,0.959453,147.2535
telstar401,61,SAM,0.131415,8.50120831e-04,0.961234,148.9155
telstar401,61,SAM,0.144883,8.48455919e-04,0.963121,150.5973
telstar401,61,SAM,0.159731,8.46708553e-04,0.965108,152.2730
telstar401,61,SAM,0.176101,8.44885116e-04,0.967191,153.9205
telstar401,61,SAM,0.194149,8.42994452e-04,0.969360,155.5304
telstar401,61,SAM,0.214047,8.41048089e-04,0.971604,157.1151
telstar401,61,SAM,0.235983,8.39060388e-04,0.973905,158.7119
telstar401,61,SAM,0.260168,8.37048576e-04,0.976246,160.3580
telstar401,61,SAM,0.286832,8.35032619e-04,0.978603,162.0006
telstar401,61,SAM,0.316228,8.33034897e-04,0.980950,163.2694
telstar401,61,SAM,0.348637,8.31079648e-04,0.983258,163.1272
telstar401,61,SAM,0.384367,8.29192164e-04,0.985496,160.0380
telstar401,61,SAM,0.423759,8.27397739e-04,0.987633,153.2231
telstar401,61,SAM,0.467188,8.25720415e-04,0.989639,143.0468
telstar401,61,SAM,0.515068,8.24181599e-04,0.991487,130.3072
telstar401,61,SAM,0.567855,8.22798679e-04,0.993154,116.0145
telstar401,61,SAM,0.626052,8.21583770e-04,0.994622,101.4123
telstar401,61,SAM,0.690213,8.20542786e-04,0.995884,87.5921
telstar401,61,SAM,0.760950,8.19674954e-04,0.996938,74.3113
telstar401,61,SAM,0.838936,8.18972915e-04,0.997793,58.9302
telstar401,61,SAM,0.924915,8.18423423e-04,0.998463,38.2522
telstar401,61,SAM,1.019705,8.18008607e-04,0.998969,15.4441
telstar401,61,SAM,1.124210,8.17707635e-04,0.999337,24.8349
telstar401,61,SAM,1.239425,8.17498556e-04,0.999593,46.8257
telstar401,61,SAM,1.366448,8.17360084e-04,0.999762,68.3246
telstar401,61,SAM,1.506489,8.17273059e-04,0.999868,101.1861
telstar401,61,SAM,1.660883,8.17221429e-04,0.999931,133.5695
telstar401,61,SAM,1.831099,8.17192679e-04,0.999967,154.4525
telstar401,61,SAM,2.018760,8.17177748e-04,0.999985,137.0053
telstar401,61,SAM,2.225654,8.17170565e-04,0.999994,89.8285
telstar401,61,SAM,2.453751,8.17167390e-04,0.999998,37.4634
telstar401,61,SAM,2.705225,8.17166111e-04,0.999999,31.0832
telstar401,61,SAM,2.982471,8.17165646e-04,1.000000,90.1404
telstar401,61,SAM,3.288131,8.17165495e-04,1.000000,155.1828
telstar401,61,SAM,3.625117,8.17165451e-04,1.000000,111.7334
telstar401,61,SAM,3.996639,8.17165440e-04,1.000000,29.1747
telstar401,61,SAM,4.406236,8.17165438e-04,1.000000,67.9450
telstar401,61,SAM,4.857812,8.17165438e-04,1.000000,155.9903
telstar401,61,SAM,5.355667,8.17165438e-04,1.000000,71.9100
telstar401,61,SAM,5.904545,8.17165438e-04,1.000000,60.7824
telstar401,61,SAM,6.509675,8.17165438e-04,1.000000,152.2271
telstar401,61,SAM,7.176822,8.17165438e-04,1.000000,26.6652
telstar401,61,SAM,7.912343,8.17165438e-04,1.000000,162.8289
telstar401,61,SAM,8.723243,8.17165438e-04,1.000000,21.6851
telstar401,61,SAM,9.617249,8.17165438e-04,1.000000,130.3652
telstar401,61,SAM,10.602877,8.17165438e-04,1.000000,97.7007
telstar401,61,SAM,11.689518,8.17165438e-04,1.000000,17.1892
telstar401,61,SAM,12.887524,8.17165438e-04,1.000000,83.0748
telstar401,61,SAM,14.208308,8.17165438e-04,1.000000,126.2790
telstar401,61,SAM,15.664454,8.17165438e-04,1.000000,134.6232
telstar401,61,SAM,17.269833,8.17165438e-04,1.000000,122.8628
telstar401,61,SAM,19.039740,8.17165438e-04,1.000000,63.3379
telstar401,61,SAM,20.991037,8.17165438e-04,1.000000,38.5985
telstar401,61,SAM,23.142314,8.17165438e-04,1.000000,162.9889
telstar401,61,SAM,25.514065,8.17165438e-04,1.000000,31.1689
telstar401,61,SAM,28.128887,8.17165438e-04,1.000000,69.7766
telstar401,61,SAM,31.011689,8.17165438e-04,1.000000,106.1632
telstar401,61,SAM,34.189937,8.17165438e-04,1.000000,74.7728
telstar401,61,SAM,37.693910,8.17165438e-04,1.000000,41.2621
telstar401,61,SAM,41.556988,8.17165438e-04,1.000000,124.3292
telstar401,61,SAM,45.815977,8.17165438e-04,1.000000,147.3469
telstar401,61,SAM,50.511449,8.17165438e-04,1.000000,163.4664
telstar401,61,SAM,55.688140,8.17165438e-04,1.000000,23.1320
telstar401,61,SAM,61.395366,8.17165438e-04,1.000000,108.7209
telstar401,61,SAM,67.687500,8.17165438e-04,1.000000,53.6824
telstar401,61,SAM,74.624487,8.17165438e-04,1.000000,145.0719
telstar401,61,SAM,82.272413,8.17165438e-04,1.000000,154.2712
telstar401,61,SAM,90.704142,8.17165438e-04,1.000000,17.5838
telstar401,61,SAM,100.000000,8.17165438e-04,1.000000,43.4886
telstar401,62,LAM,0.000000,2.70360192e-04,0.640404,70.3667
telstar401,62,LAM,0.001000,2.70358222e-04,0.640408,68.8565
telstar401,62,LAM,0.001102,2.70358020e-04,0.640409,68.7071
telstar401,62,LAM,0.001215,2.70357797e-04,0.640409,68.5437
telstar401,62,LAM,0.001340,2.70357552e-04,0.640410,68.3649
telstar401,62,LAM,0.001477,2.70357281e-04,0.640411,68.1697
telstar401,62,LAM,0.001629,2.70356983e-04,0.640411,67.9567
telstar401,62,LAM,0.001796,2.70356654e-04,0.640412,67.7247
telstar401,62,LAM,0.001980,2.70356291e-04,0.640413,67.4724
telstar401,62,LAM,0.002183,2.70355891e-04,0.640414,67.1985
telstar401,62,LAM,0.002406,2.70355451e-04,0.640415,66.9018
telstar401,62,LAM,0.002653,2.70354965e-04,0.640416,66.5812
telstar401,62,LAM,0.002925,2.70354429e-04,0.640417,66.2359
telstar401,62,LAM,0.003225,2.70353839e-04,0.640419,65.8653
telstar401,62,LAM,0.003555,2.70353187e-04,0.640420,65.4693
telstar401,62,LAM,0.003919,2.70352470e-04,0.640422,65.0484
telstar401,62,LAM,0.004321,2.70351678e-04,0.640424,64.6041
telstar401,62,LAM,0.004764,2.70350806e-04,0.640426,64.1389
telstar401,62,LAM,0.005252,2.70349844e-04,0.640428,63.6568
telstar401,62,LAM,0.005790,2.70348783e-04,0.640431,63.1640
telstar401,62,LAM,0.006384,2.70347614e-04,0.640434,62.6692
telstar401,62,LAM,0.007038,2.70346325e-04,0.640437,62.1847
telstar401,62,LAM,0.007759,2.70344904e-04,0.640440,61.7271
telstar401,62,LAM,0.008555,2.70343337e-04,0.640444,61.3184
telstar401,62,LAM,0.009431,2.70341610e-04,0.640448,60.9878
telstar401,62,LAM,0.010398,2.70339706e-04,0.640452,60.7723
telstar401,62,LAM,0.011464,2.70337606e-04,0.640457,60.7189
telstar401,62,LAM,0.012638,2.70335292e-04,0.640463,60.8856
telstar401,62,LAM,0.013934,2.70332740e-04,0.640469,61.3419
telstar401,62,LAM,0.015362,2.70329927e-04,0.640475,62.1691
telstar401,62,LAM,0.016936,2.70326826e-04,0.640483,63.4583
telstar401,62,LAM,0.018672,2.70323407e-04,0.640491,65.3076
telstar401,62,LAM,0.020585,2.70319637e-04,0.640500,67.8167
telstar401,62,LAM,0.022695,2.70315482e-04,0.640510,71.0806
telstar401,62,LAM,0.025021,2.70310900e-04,0.640521,75.1819
telstar401,62,LAM,0.027585,2.70305850e-04,0.640533,80.1815
telstar401,62,LAM,0.030412,2.70300282e-04,0.640546,86.1074
telstar401,62,LAM,0.033529,2.70294143e-04,0.640560,92.9364
telstar401,62,LAM,0.036966,2.70287376e-04,0.640576,100.5621
telstar401,62,LAM,0.040754,2.70279916e-04,0.640594,108.7299
telstar401,62,LAM,0.044931,2.70271691e-04,0.640613,116.9107
telstar401,62,LAM,0.049535,2.70262624e-04,0.640635,124.0736
telstar401,62,LAM,0.054612,2.70252629e-04,0.640659,128.4389
telstar401,62,LAM,0.060209,2.70241610e-04,0.640685,127.7844
telstar401,62,LAM,0.066379,2.70229463e-04,0.640714,120.9482
telstar401,62,LAM,0.073182,2.70216072e-04,0.640745,108.9110
telstar401,62,LAM,0.080683,2.70201311e-04,0.640780,94.0889
telstar401,62,LAM,0.088951,2.70185038e-04,0.640819,80.0728
telstar401,62,LAM,0.098068,2.70167100e-04,0.640861,72.6318
telstar401,62,LAM,0.108118,2.70147326e-04,0.640908,78.3154
telstar401,62,LAM,0.119199,2.70125529e-04,0.640960,97.7082
telstar401,62,LAM,0.131415,2.70101502e-04,0.641017,123.8960
telstar401,62,LAM,0.144883,2.70075018e-04,0.641080,139.1662
telstar401,62,LAM,0.159731,2.70045825e-04,0.641149,119.7013
telstar401,62,LAM,0.176101,2.70013648e-04,0.641226,89.1691
telstar401,62,LAM,0.194149,2.69978182e-04,0.641310,83.6885
telstar401,62,LAM,0.214047,2.69939092e-04,0.641403,118.1725
telstar401,62,LAM,0.235983,2.69896009e-04,0.641505,142.2916
telstar401,62,LAM,0.260168,2.69848526e-04,0.641618,97.4728
telstar401,62,LAM,0.286832,2.69796196e-04,0.641743,90.2527
telstar401,62,LAM,0.316228,2.69738527e-04,0.641880,141.2940
telstar401,62,LAM,0.348637,2.69674976e-04,0.642031,90.9081
telstar401,62,LAM,0.384367,2.69604946e-04,0.642198,104.1019
telstar401,62,LAM,0.423759,2.69527781e-04,0.642382,105.3229
telstar401,62,LAM,0.467188,2.69442759e-04,0.642584,89.7824
telstar401,62,LAM,0.515068,2.69349086e-04,0.642808,80.1720
telstar401,62,LAM,0.567855,2.69245888e-04,0.643054,107.6656
telstar401,62,LAM,0.626052,2.69132207e-04,0.643326,51.7216
telstar401,62,LAM,0.690213,2.69006986e-04,0.643625,49.1879
telstar401,62,LAM,0.760950,2.68869068e-04,0.643955,76.0749
telstar401,62,LAM,0.838936,2.68717182e-04,0.644319,89.5528
telstar401,62,LAM,0.924915,2.68549930e-04,0.644721,90.7569
telstar401,62,LAM,1.019705,2.68365783e-04,0.645163,73.0483
telstar401,62,LAM,1.124210,2.68163062e-04,0.645651,88.0723
telstar401,62,LAM,1.239425,2.67939928e-04,0.646188,138.4228
telstar401,62,LAM,1.366448,2.67694368e-04,0.646781,91.3071
telstar401,62,LAM,1.506489,2.67424179e-04,0.647435,59.3463
telstar401,62,LAM,1.660883,2.67126955e-04,0.648155,41.7909
telstar401,62,LAM,1.831099,2.66800066e-04,0.648949,53.9551
telstar401,62,LAM,2.018760,2.66440646e-04,0.649825,113.3538
telstar401,62,LAM,2.225654,2.66045572e-04,0.650790,135.4293
telstar401,62,LAM,2.453751,2.65611448e-04,0.651853,127.4183
telstar401,62,LAM,2.705225,2.65134585e-04,0.653026,37.2132
telstar401,62,LAM,2.982471,2.64610985e-04,0.654318,66.7604
telstar401,62,LAM,3.288131,2.64036326e-04,0.655742,111.3838
telstar401,62,LAM,3.625117,2.63405943e-04,0.657311,69.8663
telstar401,62,LAM,3.996639,2.62714819e-04,0.659040,82.5885
telstar401,62,LAM,4.406236,2.61957574e-04,0.660946,75.9956
telstar401,62,LAM,4.857812,2.61128464e-04,0.663044,68.6701
telstar401,62,LAM,5.355667,2.60221380e-04,0.665355,115.6596
telstar401,62,LAM,5.904545,2.59229865e-04,0.667900,107.8959
telstar401,62,LAM,6.509675,2.58147136e-04,0.670702,59.9031
telstar401,62,LAM,7.176822,2.56966122e-04,0.673784,91.0196
telstar401,62,LAM,7.912343,2.55679526e-04,0.677175,106.1697
telstar401,62,LAM,8.723243,2.54279904e-04,0.680902,36.2744
telstar401,62,LAM,9.617249,2.52759779e-04,0.684997,69.7078
telstar401,62,LAM,10.602877,2.51111788e-04,0.689492,71.2435
telstar401,62,LAM,11.689518,2.49328876e-04,0.694423,83.4543
telstar401,62,LAM,12.887524,2.47404535e-04,0.699824,90.3718
telstar401,62,LAM,14.208308,2.45333113e-04,0.705733,100.8018
telstar401,62,LAM,15.664454,2.43110179e-04,0.712186,83.7178
telstar401,62,LAM,17.269833,2.40732979e-04,0.719219,88.5073
telstar401,62,LAM,19.039740,2.38200965e-04,0.726864,65.0831
telstar401,62,LAM,20.991037,2.35516419e-04,0.735149,94.9321
telstar401,62,LAM,23.142314,2.32685174e-04,0.744094,99.7635
telstar401,62,LAM,25.514065,2.29717420e-04,0.753707,61.2318
telstar401,62,LAM,28.128887,2.26628624e-04,0.763980,126.6573
telstar401,62,LAM,31.011689,2.23440571e-04,0.774880,94.6962
telstar401,62,LAM,34.189937,2.20182622e-04,0.786346,81.3592
telstar401,62,LAM,37.693910,2.16893446e-04,0.798271,38.0438
telstar401,62,LAM,41.556988,2.13624019e-04,0.810488,99.3588
telstar401,62,LAM,45.815977,2.10444504e-04,0.822733,74.7629
telstar401,62,LAM,50.511449,2.07466661e-04,0.834542,64.3063
telstar401,62,LAM,55.688140,2.05028598e-04,0.844466,61.4187
telstar401,62,LAM,61.395366,2.02226480e-04,0.856167,88.5013
telstar401,62,LAM,67.687500,1.98282126e-04,0.873199,54.3523
telstar401,62,LAM,74.624487,1.93681472e-04,0.893940,53.7756
telstar401,62,LAM,82.272413,1.88882840e-04,0.916651,83.4485
telstar401,62,LAM,90.704142,1.84381890e-04,0.939028,96.4829
telstar401,62,LAM,100.000000,1.80587556e-04,0.958758,112.1483
telstar401,63,SAM,0.000000,4.84757331e-04,0.927472,141.1163
telstar401,63,SAM,0.001000,4.84723947e-04,0.927536,138.1587
telstar401,63,SAM,0.001102,4.84720527e-04,0.927542,137.8538
telstar401,63,SAM,0.001215,4.84716756e-04,0.927549,137.5174
telstar401,63,SAM,0.001340,4.84712600e-04,0.927557,137.1462
telstar401,63,SAM,0.001477,4.84708017e-04,0.927566,136.7363
telstar401,63,SAM,0.001629,4.84702966e-04,0.927576,136.2840
telstar401,63,SAM,0.001796,4.84697398e-04,0.927586,135.7846
telstar401,63,SAM,0.001980,4.84691259e-04,0.927598,135.2332
telstar401,63,SAM,0.002183,4.84684493e-04,0.927611,134.6244
telstar401,63,SAM,0.002406,4.84677034e-04,0.927625,133.9521
telstar401,63,SAM,0.002653,4.84668812e-04,0.927641,133.2098
telstar401,63,SAM,0.002925,4.84659748e-04,0.927659,132.3898
telstar401,63,SAM,0.003225,4.84649758e-04,0.927678,131.4842
telstar401,63,SAM,0.003555,4.84638746e-04,0.927699,130.4839
telstar401,63,SAM,0.003919,4.84626609e-04,0.927722,129.3789
telstar401,63,SAM,0.004321,4.84613230e-04,0.927748,128.1581
telstar401,63,SAM,0.004764,4.84598485e-04,0.927776,126.8094
telstar401,63,SAM,0.005252,4.84582234e-04,0.927807,125.3193
telstar401,63,SAM,0.005790,4.84564323e-04,0.927841,123.6730
telstar401,63,SAM,0.006384,4.84544584e-04,0.927879,121.8540
telstar401,63,SAM,0.007038,4.84522830e-04,0.927921,119.8442
telstar401,63,SAM,0.007759,4.84498858e-04,0.927967,117.6236
telstar401,63,SAM,0.008555,4.84472443e-04,0.928017,115.1704
telstar401,63,SAM,0.009431,4.84443336e-04,0.928073,112.4601
telstar401,63,SAM,0.010398,4.84411266e-04,0.928134,109.4661
telstar401,63,SAM,0.011464,4.84375933e-04,0.928202,106.1590
telstar401,63,SAM,0.012638,4.84337007e-04,0.928277,102.5065
telstar401,63,SAM,0.013934,4.84294127e-04,0.928359,98.4730
telstar401,63,SAM,0.015362,4.84246895e-04,0.928449,94.0197
telstar401,63,SAM,0.016936,4.84194874e-04,0.928549,89.1037
telstar401,63,SAM,0.018672,4.84137584e-04,0.928659,83.6786
telstar401,63,SAM,0.020585,4.84074500e-04,0.928780,77.6936
telstar401,63,SAM,0.022695,4.84005043e-04,0.928913,71.0941
telstar401,63,SAM,0.025021,4.83928581e-04,0.929060,63.8221
telstar401,63,SAM,0.027585,4.83844420e-04,0.929222,55.8181
telstar401,63,SAM,0.030412,4.83751802e-04,0.929400,47.0268
telstar401,63,SAM,0.033529,4.83649894e-04,0.929595,37.4134
telstar401,63,SAM,0.036966,4.83537790e-04,0.929811,27.0272
telstar401,63,SAM,0.040754,4.83414498e-04,0.930048,16.3541
telstar401,63,SAM,0.044931,4.83278936e-04,0.930309,9.5576
telstar401,63,SAM,0.049535,4.83129927e-04,0.930596,17.4098
telstar401,63,SAM,0.054612,4.82966187e-04,0.930911,32.0597
telstar401,63,SAM,0.060209,4.82786326e-04,0.931258,49.1749
telstar401,63,SAM,0.066379,4.82588833e-04,0.931639,68.2286
telstar401,63,SAM,0.073182,4.82372075e-04,0.932058,89.0976
telstar401,63,SAM,0.080683,4.82134289e-04,0.932518,111.5064
telstar401,63,SAM,0.088951,4.81873576e-04,0.933022,134.1628
telstar401,63,SAM,0.098068,4.81587901e-04,0.933576,150.0344
telstar401,63,SAM,0.108118,4.81275084e-04,0.934182,140.1072
telstar401,63,SAM,0.119199,4.80932805e-04,0.934847,110.5867
telstar401,63,SAM,0.131415,4.80558607e-04,0.935575,73.3896
telstar401,63,SAM,0.144883,4.80149901e-04,0.936372,31.0833
telstar401,63,SAM,0.159731,4.79703977e-04,0.937242,16.5093
telstar401,63,SAM,0.176101,4.79218025e-04,0.938192,67.5644
telstar401,63,SAM,0.194149,4.78689160e-04,0.939229,119.7187
telstar401,63,SAM,0.214047,4.78114456e-04,0.940358,136.9832
telstar401,63,SAM,0.235983,4.77490994e-04,0.941586,80.7530
telstar401,63,SAM,0.260168,4.76815925e-04,0.942919,8.5738
telstar401,63,SAM,0.286832,4.76086542e-04,0.944364,80.6941
telstar401,63,SAM,0.316228,4.75300379e-04,0.945926,142.1579
telstar401,63,SAM,0.348637,4.74455329e-04,0.947610,59.2689
telstar401,63,SAM,0.384367,4.73549778e-04,0.949422,57.5090
telstar401,63,SAM,0.423759,4.72582771e-04,0.951365,149.7195
telstar401,63,SAM,0.467188,4.71554200e-04,0.953440,19.4485
telstar401,63,SAM,0.515068,4.70465009e-04,0.955648,146.2615
telstar401,63,SAM,0.567855,4.69317418e-04,0.957984,37.8075
telstar401,63,SAM,0.626052,4.68115159e-04,0.960445,175.6040
telstar401,63,SAM,0.690213,4.66863698e-04,0.963019,56.4414
telstar401,63,SAM,0.760950,4.65570437e-04,0.965694,73.4001
telstar401,63,SAM,0.838936,4.64244862e-04,0.968452,144.1428
telstar401,63,SAM,0.924915,4.62898609e-04,0.971268,166.0897
telstar401,63,SAM,1.019705,4.61545418e-04,0.974116,143.1817
telstar401,63,SAM,1.124210,4.60200927e-04,0.976962,145.4742
telstar401,63,SAM,1.239425,4.58882285e-04,0.979769,115.5062
telstar401,63,SAM,1.366448,4.57607564e-04,0.982499,15.1754
telstar401,63,SAM,1.506489,4.56394968e-04,0.985109,139.3854
telstar401,63,SAM,1.660883,4.55261875e-04,0.987561,35.8067
telstar401,63,SAM,1.831099,4.54223768e-04,0.989818,87.0715
telstar401,63,SAM,2.018760,4.53293169e-04,0.991850,95.0280
telstar401,63,SAM,2.225654,4.52478689e-04,0.993635,32.1368
telstar401,63,SAM,2.453751,4.51784339e-04,0.995162,111.7240
telstar401,63,SAM,2.705225,4.51209209e-04,0.996431,39.6822
telstar401,63,SAM,2.982471,4.50747613e-04,0.997451,35.1949
telstar401,63,SAM,3.288131,4.50389691e-04,0.998244,55.7105
telstar401,63,SAM,3.625117,4.50122425e-04,0.998837,98.6249
telstar401,63,SAM,3.996639,4.49930911e-04,0.999262,107.5613
telstar401,63,SAM,4.406236,4.49799733e-04,0.999553,24.2581
telstar401,63,SAM,4.857812,4.49714216e-04,0.999743,53.7667
telstar401,63,SAM,5.355667,4.49661408e-04,0.999861,65.0876
telstar401,63,SAM,5.904545,4.49630682e-04,0.999929,32.6089
telstar401,63,SAM,6.509675,4.49613937e-04,0.999966,164.9263
telstar401,63,SAM,7.176822,4.49605444e-04,0.999985,129.2677
telstar401,63,SAM,7.912343,4.49601464e-04,0.999994,163.7486
telstar401,63,SAM,8.723243,4.49599755e-04,0.999998,51.3547
telstar401,63,SAM,9.617249,4.49599088e-04,0.999999,136.6748
telstar401,63,SAM,10.602877,4.49598853e-04,1.000000,57.2802
telstar401,63,SAM,11.689518,4.49598780e-04,1.000000,102.8046
telstar401,63,SAM,12.887524,4.49598760e-04,1.000000,173.9740
telstar401,63,SAM,14.208308,4.49598755e-04,1.000000,129.3429
telstar401,63,SAM,15.664454,4.49598754e-04,1.000000,55.8601
telstar401,63,SAM,17.269833,4.49598754e-04,1.000000,84.0228
telstar401,63,SAM,19.039740,4.49598754e-04,1.000000,44.3715
telstar401,63,SAM,20.991037,4.49598754e-04,1.000000,28.1385
telstar401,63,SAM,23.142314,4.49598754e-04,1.000000,43.3877
telstar401,63,SAM,25.514065,4.49598754e-04,1.000000,64.6652
telstar401,63,SAM,28.128887,4.49598754e-04,1.000000,19.6460
telstar401,63,SAM,31.011689,4.49598754e-04,1.000000,69.2782
telstar401,63,SAM,34.189937,4.49598754e-04,1.000000,99.5892
telstar401,63,SAM,37.693910,4.49598754e-04,1.000000,45.6739
telstar401,63,SAM,41.556988,4.49598754e-04,1.000000,100.2608
telstar401,63,SAM,45.815977,4.49598754e-04,1.000000,110.0815
telstar401,63,SAM,50.511449,4.49598754e-04,1.000000,80.6403
telstar401,63,SAM,55.688140,4.49598754e-04,1.000000,37.8836
telstar401,63,SAM,61.395366,4.49598754e-04,1.000000,46.7582
telstar401,63,SAM,67.687500,4.49598754e-04,1.000000,39.9467
telstar401,63,SAM,74.624487,4.49598754e-04,1.000000,37.9608
telstar401,63,SAM,82.272413,4.49598754e-04,1.000000,140.3342
telstar401,63,SAM,90.704142,4.49598754e-04,1.000000,158.2847
telstar401,63,SAM,100.000000,4.49598754e-04,1.000000,145.9235
telstar401,64,LAM,0.000000,9.96671059e-04,0.676758,164.9305
telstar401,64,LAM,0.001000,9.96047283e-04,0.677182,165.1101
telstar401,64,LAM,0.001102,9.95983414e-04,0.677225,165.1260
telstar401,64,LAM,0.001215,9.95913014e-04,0.677273,165.1429
telstar401,64,LAM,0.001340,9.95835413e-04,0.677326,165.1610
telstar401,64,LAM,0.001477,9.95749879e-04,0.677384,165.1800
telstar401,64,LAM,0.001629,9.95655602e-04,0.677448,165.2000
telstar401,64,LAM,0.001796,9.95551691e-04,0.677519,165.2208
telstar401,64,LAM,0.001980,9.95437165e-04,0.677597,165.2422
telstar401,64,LAM,0.002183,9.95310943e-04,0.677683,165.2640
telstar401,64,LAM,0.002406,9.95171835e-04,0.677777,165.2857
telstar401,64,LAM,0.002653,9.95018533e-04,0.677882,165.3070
telstar401,64,LAM,0.002925,9.94849594e-04,0.677997,165.3270
telstar401,64,LAM,0.003225,9.94663432e-04,0.678124,165.3450
telstar401,64,LAM,0.003555,9.94458301e-04,0.678264,165.3598
telstar401,64,LAM,0.003919,9.94232281e-04,0.678418,165.3700
telstar401,64,LAM,0.004321,9.93983260e-04,0.678588,165.3736
telstar401,64,LAM,0.004764,9.93708916e-04,0.678775,165.3685
telstar401,64,LAM,0.005252,9.93406697e-04,0.678982,165.3517
telstar401,64,LAM,0.005790,9.93073797e-04,0.679209,165.3196
telstar401,64,LAM,0.006384,9.92707135e-04,0.679460,165.2677
telstar401,64,LAM,0.007038,9.92303328e-04,0.679737,165.1906
telstar401,64,LAM,0.007759,9.91858661e-04,0.680041,165.0817
telstar401,64,LAM,0.008555,9.91369062e-04,0.680377,164.9330
telstar401,64,LAM,0.009431,9.90830062e-04,0.680747,164.7351
telstar401,64,LAM,0.010398,9.90236765e-04,0.681155,164.4770
telstar401,64,LAM,0.011464,9.89583812e-04,0.681605,164.1459
telstar401,64,LAM,0.012638,9.88865334e-04,0.682100,163.7273
telstar401,64,LAM,0.013934,9.88074918e-04,0.682646,163.2050
telstar401,64,LAM,0.015362,9.87205555e-04,0.683247,162.5612
telstar401,64,LAM,0.016936,9.86249599e-04,0.683909,161.7765
telstar401,64,LAM,0.018672,9.85198716e-04,0.684638,160.8304
telstar401,64,LAM,0.020585,9.84043831e-04,0.685442,159.7011
telstar401,64,LAM,0.022695,9.82775084e-04,0.686327,158.3656
telstar401,64,LAM,0.025021,9.81381774e-04,0.687301,156.7998
telstar401,64,LAM,0.027585,9.79852311e-04,0.688374,154.9784
telstar401,64,LAM,0.030412,9.78174173e-04,0.689555,152.8739
telstar401,64,LAM,0.033529,9.76333858e-04,0.690855,150.4570
telstar401,64,LAM,0.036966,9.74316856e-04,0.692285,147.6954
telstar401,64,LAM,0.040754,9.72107619e-04,0.693858,144.5534
telstar401,64,LAM,0.044931,9.69689557e-04,0.695589,140.9910
telstar401,64,LAM,0.049535,9.67045040e-04,0.697491,136.9633
telstar401,64,LAM,0.054612,9.64155435e-04,0.699581,132.4196
telstar401,64,LAM,0.060209,9.61001173e-04,0.701877,127.3020
telstar401,64,LAM,0.066379,9.57561851e-04,0.704398,121.5452
telstar401,64,LAM,0.073182,9.53816390e-04,0.707164,115.0748
telstar401,64,LAM,0.080683,9.49743255e-04,0.710197,107.8062
telstar401,64,LAM,0.088951,9.45320750e-04,0.713520,99.6438
telstar401,64,LAM,0.098068,9.40527412e-04,0.717156,90.4792
telstar401,64,LAM,0.108118,9.35342508e-04,0.721132,80.1907
telstar401,64,LAM,0.119199,9.29746673e-04,0.725472,68.6438
telstar401,64,LAM,0.131415,9.23722696e-04,0.730203,55.6944
telstar401,64,LAM,0.144883,9.17256492e-04,0.735350,41.2079
telstar401,64,LAM,0.159731,9.10338263e-04,0.740939,25.1653
telstar401,64,LAM,0.176101,9.02963892e-04,0.746990,9.2181
telstar401,64,LAM,0.194149,8.95136567e-04,0.753522,16.9418
telstar401,64,LAM,0.214047,8.86868675e-04,0.760547,39.2538
telstar401,64,LAM,0.235983,8.78183954e-04,0.768068,64.9442
telstar401,64,LAM,0.260168,8.69119955e-04,0.776078,93.3505
telstar401,64,LAM,0.286832,8.59730850e-04,0.784554,123.0251
telstar401,64,LAM,0.316228,8.50090768e-04,0.793451,144.5463
telstar401,64,LAM,0.348637,8.40298074e-04,0.802697,129.0700
telstar401,64,LAM,0.384367,8.30481802e-04,0.812185,87.1879
telstar401,64,LAM,0.423759,8.20813732e-04,0.821752,35.2040
telstar401,64,LAM,0.467188,8.11538312e-04,0.831144,26.2615
telstar401,64,LAM,0.515068,8.03084080e-04,0.839893,92.5627
telstar401,64,LAM,0.567855,7.96401851e-04,0.846940,164.7244
telstar401,64,LAM,0.626052,7.87409149e-04,0.856613,110.9273
telstar401,64,LAM,0.690213,7.76358275e-04,0.868806,35.7602
telstar401,64,LAM,0.760950,7.63948893e-04,0.882919,121.5145
telstar401,64,LAM,0.838936,7.50769739e-04,0.898418,102.3488
telstar401,64,LAM,0.924915,7.37442475e-04,0.914654,69.0264
telstar401,64,LAM,1.019705,7.24604397e-04,0.930860,106.5999
telstar401,64,LAM,1.124210,7.12843136e-04,0.946218,102.8792
telstar401,64,LAM,1.239425,7.02618522e-04,0.959987,9.6295
telstar401,64,LAM,1.366448,6.94201366e-04,0.971627,72.8099
telstar401,64,LAM,1.506489,6.87651377e-04,0.980882,119.8040
telstar401,64,LAM,1.660883,6.82840480e-04,0.987793,128.2828
telstar401,64,LAM,1.831099,6.79510120e-04,0.992634,89.4923
telstar401,64,LAM,2.018760,6.77341054e-04,0.995813,12.3078
telstar401,64,LAM,2.225654,6.76015095e-04,0.997766,113.5998
telstar401,64,LAM,2.453751,6.75256816e-04,0.998887,53.0644
telstar401,64,LAM,2.705225,6.74852917e-04,0.999484,171.2852
telstar401,64,LAM,2.982471,6.74653633e-04,0.999780,121.3897
telstar401,64,LAM,3.288131,6.74563155e-04,0.999914,118.2053
telstar401,64,LAM,3.625117,6.74525646e-04,0.999969,154.0736
telstar401,64,LAM,3.996639,6.74511572e-04,0.999990,19.0823
telstar401,64,LAM,4.406236,6.74506839e-04,0.999997,87.9691
telstar401,64,LAM,4.857812,6.74505428e-04,0.999999,100.7331
telstar401,64,LAM,5.355667,6.74505060e-04,1.000000,8.0126
telstar401,64,LAM,5.904545,6.74504977e-04,1.000000,129.4681
telstar401,64,LAM,6.509675,6.74504961e-04,1.000000,130.4431
telstar401,64,LAM,7.176822,6.74504958e-04,1.000000,14.5430
telstar401,64,LAM,7.912343,6.74504958e-04,1.000000,41.9837
telstar401,64,LAM,8.723243,6.74504958e-04,1.000000,97.1357
telstar401,64,LAM,9.617249,6.74504958e-04,1.000000,62.9684
telstar401,64,LAM,10.602877,6.74504958e-04,1.000000,121.5652
telstar401,64,LAM,11.689518,6.74504958e-04,1.000000,64.5271
telstar401,64,LAM,12.887524,6.74504958e-04,1.000000,85.9098
telstar401,64,LAM,14.208308,6.74504958e-04,1.000000,143.3209
telstar401,64,LAM,15.664454,6.74504958e-04,1.000000,49.8152
telstar401,64,LAM,17.269833,6.74504958e-04,1.000000,95.4539
telstar401,64,LAM,19.039740,6.74504958e-04,1.000000,140.1336
telstar401,64,LAM,20.991037,6.74504958e-04,1.000000,106.4573
telstar401,64,LAM,23.142314,6.74504958e-04,1.000000,148.1305
telstar401,64,LAM,25.514065,6.74504958e-04,1.000000,63.4170
telstar401,64,LAM,28.128887,6.74504958e-04,1.000000,142.5939
telstar401,64,LAM,31.011689,6.74504958e-04,1.000000,163.9578
telstar401,64,LAM,34.189937,6.74504958e-04,1.000000,143.7205
telstar401,64,LAM,37.693910,6.74504958e-04,1.000000,136.4350
telstar401,64,LAM,41.556988,6.74504958e-04,1.000000,55.8857
telstar401,64,LAM,45.815977,6.74504958e-04,1.000000,107.2483
telstar401,64,LAM,50.511449,6.74504958e-04,1.000000,107.1822
telstar401,64,LAM,55.688140,6.74504958e-04,1.000000,171.4493
telstar401,64,LAM,61.395366,6.74504958e-04,1.000000,70.1048
telstar401,64,LAM,67.687500,6.74504958e-04,1.000000,93.7162
telstar401,64,LAM,74.624487,6.74504958e-04,1.000000,153.5194
telstar401,64,LAM,82.272413,6.74504958e-04,1.000000,36.8336
telstar401,64,LAM,90.704142,6.74504958e-04,1.000000,80.4058
telstar401,64,LAM,100.000000,6.74504958e-04,1.000000,74.5835
telstar401,65,LAM,0.000000,2.09116409e-03,0.789298,100.4697
telstar401,65,LAM,0.001000,2.08774854e-03,0.790589,101.2711
telstar401,65,LAM,0.001102,2.08740090e-03,0.790721,101.3530
telstar401,65,LAM,0.001215,2.08701814e-03,0.790866,101.4432
telstar401,65,LAM,0.001340,2.08659679e-03,0.791026,101.5425
telstar401,65,LAM,0.001477,2.08613302e-03,0.791202,101.6520
telstar401,65,LAM,0.001629,2.08562264e-03,0.791395,101.7725
telstar401,65,LAM,0.001796,2.08506109e-03,0.791608,101.9053
telstar401,65,LAM,0.001980,2.08444334e-03,0.791843,102.0515
telstar401,65,LAM,0.002183,2.08376394e-03,0.792101,102.2124
telstar401,65,LAM,0.002406,2.08301692e-03,0.792385,102.3895
telstar401,65,LAM,0.002653,2.08219578e-03,0.792698,102.5844
telstar401,65,LAM,0.002925,2.08129345e-03,0.793041,102.7989
telstar401,65,LAM,0.003225,2.08030224e-03,0.793419,103.0347
telstar401,65,LAM,0.003555,2.07921380e-03,0.793835,103.2940
telstar401,65,LAM,0.003919,2.07801909e-03,0.794291,103.5789
telstar401,65,LAM,0.004321,2.07670835e-03,0.794792,103.8918
telstar401,65,LAM,0.004764,2.07527105e-03,0.795343,104.2353
telstar401,65,LAM,0.005252,2.07369586e-03,0.795947,104.6120
telstar401,65,LAM,0.005790,2.07197065e-03,0.796610,105.0250
telstar401,65,LAM,0.006384,2.07008243e-03,0.797336,105.4770
telstar401,65,LAM,0.007038,2.06801743e-03,0.798132,105.9713
telstar401,65,LAM,0.007759,2.06576103e-03,0.799004,106.5109
telstar401,65,LAM,0.008555,2.06329788e-03,0.799958,107.0989
telstar401,65,LAM,0.009431,2.06061189e-03,0.801001,107.7381
telstar401,65,LAM,0.010398,2.05768640e-03,0.802140,108.4312
telstar401,65,LAM,0.011464,2.05450431e-03,0.803382,109.1799
telstar401,65,LAM,0.012638,2.05104828e-03,0.804736,109.9851
telstar401,65,LAM,0.013934,2.04730098e-03,0.806209,110.8463
telstar401,65,LAM,0.015362,2.04324551e-03,0.807809,111.7605
telstar401,65,LAM,0.016936,2.03886581e-03,0.809544,112.7219
telstar401,65,LAM,0.018672,2.03414729e-03,0.811422,113.7201
telstar401,65,LAM,0.020585,2.02907756e-03,0.813449,114.7386
telstar401,65,LAM,0.022695,2.02364742e-03,0.815632,115.7528
telstar401,65,LAM,0.025021,2.01785202e-03,0.817975,116.7267
telstar401,65,LAM,0.027585,2.01169245e-03,0.820479,117.6099
telstar401,65,LAM,0.030412,2.00517778e-03,0.823145,118.3337
telstar401,65,LAM,0.033529,1.99832769e-03,0.825967,118.8072
telstar401,65,LAM,0.036966,1.99117635e-03,0.828933,118.9145
telstar401,65,LAM,0.040754,1.98377821e-03,0.832024,118.5151
telstar401,65,LAM,0.044931,1.97621796e-03,0.835207,117.4484
telstar401,65,LAM,0.049535,1.96863105e-03,0.838426,115.5464
telstar401,65,LAM,0.054612,1.96126093e-03,0.841577,112.6565
telstar401,65,LAM,0.060209,1.95483442e-03,0.844344,108.7004
telstar401,65,LAM,0.066379,1.94806672e-03,0.847277,103.4778
telstar401,65,LAM,0.073182,1.93909212e-03,0.851198,96.6333
telstar401,65,LAM,0.080683,1.92852575e-03,0.855862,88.0738
telstar401,65,LAM,0.088951,1.91651053e-03,0.861228,77.7841
telstar401,65,LAM,0.098068,1.90313456e-03,0.867281,65.9745
telstar401,65,LAM,0.108118,1.88848688e-03,0.874008,53.4366
telstar401,65,LAM,0.119199,1.87267949e-03,0.881385,42.5998
telstar401,65,LAM,0.131415,1.85585939e-03,0.889373,39.3689
telstar401,65,LAM,0.144883,1.83821565e-03,0.897910,49.1266
telstar401,65,LAM,0.159731,1.81998234e-03,0.906905,68.2643
telstar401,65,LAM,0.176101,1.80143711e-03,0.916242,89.3987
telstar401,65,LAM,0.194149,1.78289479e-03,0.925771,102.0048
telstar401,65,LAM,0.214047,1.76469568e-03,0.935318,92.3310
telstar401,65,LAM,0.235983,1.74718891e-03,0.944690,60.6556
telstar401,65,LAM,0.260168,1.73071165e-03,0.953684,32.3096
telstar401,65,LAM,0.286832,1.71556638e-03,0.962103,64.5888
telstar401,65,LAM,0.316228,1.70199841e-03,0.969773,102.1423
telstar401,65,LAM,0.348637,1.69017707e-03,0.976556,76.8453
telstar401,65,LAM,0.384367,1.68018324e-03,0.982364,42.1923
telstar401,65,LAM,0.423759,1.67200544e-03,0.987169,105.2534
telstar401,65,LAM,0.467188,1.66554567e-03,0.990998,83.8494
telstar401,65,LAM,0.515068,1.66063423e-03,0.993929,77.7308
telstar401,65,LAM,0.567855,1.65705138e-03,0.996078,119.0046
telstar401,65,LAM,0.626052,1.65455252e-03,0.997582,86.2767
telstar401,65,LAM,0.690213,1.65289278e-03,0.998584,111.8310
telstar401,65,LAM,0.760950,1.65184755e-03,0.999216,132.2718
telstar401,65,LAM,0.838936,1.65122652e-03,0.999591,78.1343
telstar401,65,LAM,0.924915,1.65088031e-03,0.999801,82.5732
telstar401,65,LAM,1.019705,1.65070033e-03,0.999910,102.7593
telstar401,65,LAM,1.124210,1.65061369e-03,0.999962,101.7875
telstar401,65,LAM,1.239425,1.65057535e-03,0.999986,90.6695
telstar401,65,LAM,1.366448,1.65055990e-03,0.999995,70.1245
telstar401,65,LAM,1.506489,1.65055427e-03,0.999998,56.9738
telstar401,65,LAM,1.660883,1.65055244e-03,1.000000,134.2497
telstar401,65,LAM,1.831099,1.65055192e-03,1.000000,79.1614
telstar401,65,LAM,2.018760,1.65055179e-03,1.000000,115.1395
telstar401,65,LAM,2.225654,1.65055176e-03,1.000000,99.2795
telstar401,65,LAM,2.453751,1.65055175e-03,1.000000,117.6410
telstar401,65,LAM,2.705225,1.65055175e-03,1.000000,113.3803
telstar401,65,LAM,2.982471,1.65055175e-03,1.000000,83.3541
telstar401,65,LAM,3.288131,1.65055175e-03,1.000000,36.8044
telstar401,65,LAM,3.625117,1.65055175e-03,1.000000,74.4503
telstar401,65,LAM,3.996639,1.65055175e-03,1.000000,93.1317
telstar401,65,LAM,4.406236,1.65055175e-03,1.000000,47.4133
telstar401,65,LAM,4.857812,1.65055175e-03,1.000000,74.6664
telstar401,65,LAM,5.355667,1.65055175e-03,1.000000,100.9470
telstar401,65,LAM,5.904545,1.65055175e-03,1.000000,112.8174
telstar401,65,LAM,6.509675,1.65055175e-03,1.000000,99.6699
telstar401,65,LAM,7.176822,1.65055175e-03,1.000000,89.0498
telstar401,65,LAM,7.912343,1.65055175e-03,1.000000,98.3894
telstar401,65,LAM,8.723243,1.65055175e-03,1.000000,146.8220
telstar401,65,LAM,9.617249,1.65055175e-03,1.000000,138.1092
telstar401,65,LAM,10.602877,1.65055175e-03,1.000000,103.5552
telstar401,65,LAM,11.689518,1.65055175e-03,1.000000,77.9950
telstar401,65,LAM,12.887524,1.65055175e-03,1.000000,116.5816
telstar401,65,LAM,14.208308,1.65055175e-03,1.000000,101.0159
telstar401,65,LAM,15.664454,1.65055175e-03,1.000000,143.3044
telstar401,65,LAM,17.269833,1.65055175e-03,1.000000,57.8552
telstar401,65,LAM,19.039740,1.65055175e-03,1.000000,109.3961
telstar401,65,LAM,20.991037,1.65055175e-03,1.000000,58.8475
telstar401,65,LAM,23.142314,1.65055175e-03,1.000000,76.5401
telstar401,65,LAM,25.514065,1.65055175e-03,1.000000,124.0719
telstar401,65,LAM,28.128887,1.65055175e-03,1.000000,67.2062
telstar401,65,LAM,31.011689,1.65055175e-03,1.000000,120.8984
telstar401,65,LAM,34.189937,1.65055175e-03,1.000000,38.6404
telstar401,65,LAM,37.693910,1.65055175e-03,1.000000,103.5495
telstar401,65,LAM,41.556988,1.65055175e-03,1.000000,100.4860
telstar401,65,LAM,45.815977,1.65055175e-03,1.000000,101.7090
telstar401,65,LAM,50.511449,1.65055175e-03,1.000000,99.1232
telstar401,65,LAM,55.688140,1.65055175e-03,1.000000,79.2042
telstar401,65,LAM,61.395366,1.65055175e-03,1.000000,46.0148
telstar401,65,LAM,67.687500,1.65055175e-03,1.000000,85.0036
telstar401,65,LAM,74.624487,1.65055175e-03,1.000000,75.2542
telstar401,65,LAM,82.272413,1.65055175e-03,1.000000,94.1352
telstar401,65,LAM,90.704142,1.65055175e-03,1.000000,120.1177
telstar401,65,LAM,100.000000,1.65055175e-03,1.000000,95.6671
telstar401,66,SAM,0.000000,1.10355007e-03,0.891964,121.1813
telstar401,66,SAM,0.001000,1.10308483e-03,0.892340,122.0066
telstar401,66,SAM,0.001102,1.10303720e-03,0.892379,122.0912
telstar401,66,SAM,0.001215,1.10298470e-03,0.892421,122.1845
telstar401,66,SAM,0.001340,1.10292684e-03,0.892468,122.2873
telstar401,66,SAM,0.001477,1.10286307e-03,0.892519,122.4007
telstar401,66,SAM,0.001629,1.10279277e-03,0.892576,122.5256
telstar401,66,SAM,0.001796,1.10271530e-03,0.892639,122.6634
telstar401,66,SAM,0.001980,1.10262992e-03,0.892708,122.8153
telstar401,66,SAM,0.002183,1.10253583e-03,0.892784,122.9828
telstar401,66,SAM,0.002406,1.10243214e-03,0.892868,123.1674
telstar401,66,SAM,0.002653,1.10231788e-03,0.892961,123.3710
telstar401,66,SAM,0.002925,1.10219198e-03,0.893063,123.5954
telstar401,66,SAM,0.003225,1.10205325e-03,0.893175,123.8428
telstar401,66,SAM,0.003555,1.10190041e-03,0.893299,124.1155
telstar401,66,SAM,0.003919,1.10173202e-03,0.893436,124.4162
telstar401,66,SAM,0.004321,1.10154653e-03,0.893586,124.7477
telstar401,66,SAM,0.004764,1.10134221e-03,0.893752,125.1131
telstar401,66,SAM,0.005252,1.10111716e-03,0.893935,125.5160
telstar401,66,SAM,0.005790,1.10086933e-03,0.894136,125.9600
telstar401,66,SAM,0.006384,1.10059642e-03,0.894358,126.4495
telstar401,66,SAM,0.007038,1.10029595e-03,0.894602,126.9891
telstar401,66,SAM,0.007759,1.09996517e-03,0.894871,127.5837
telstar401,66,SAM,0.008555,1.09960109e-03,0.895167,128.2391
telstar401,66,SAM,0.009431,1.09920042e-03,0.895493,128.9613
telstar401,66,SAM,0.010398,1.09875960e-03,0.895853,129.7570
telstar401,66,SAM,0.011464,1.09827468e-03,0.896248,130.6337
telstar401,66,SAM,0.012638,1.09774141e-03,0.896684,131.5992
telstar401,66,SAM,0.013934,1.09715513e-03,0.897163,132.6623
telstar401,66,SAM,0.015362,1.09651078e-03,0.897690,133.8325
telstar401,66,SAM,0.016936,1.09580284e-03,0.898270,135.1200
telstar401,66,SAM,0.018672,1.09502538e-03,0.898908,136.5355
telstar401,66,SAM,0.020585,1.09417194e-03,0.899609,138.0905
telstar401,66,SAM,0.022695,1.09323558e-03,0.900379,139.7967
telstar401,66,SAM,0.025021,1.09220885e-03,0.901226,141.6657
telstar401,66,SAM,0.027585,1.09108374e-03,0.902155,143.7083
telstar401,66,SAM,0.030412,1.08985176e-03,0.903175,145.9329
telstar401,66,SAM,0.033529,1.08850388e-03,0.904293,148.3431
telstar401,66,SAM,0.036966,1.08703059e-03,0.905519,150.9330
telstar401,66,SAM,0.040754,1.08542196e-03,0.906861,153.6778
telstar401,66,SAM,0.044931,1.08366772e-03,0.908329,156.5157
telstar401,66,SAM,0.049535,1.08175733e-03,0.909933,159.3118
telstar401,66,SAM,0.054612,1.07968019e-03,0.911684,161.7893
telstar401,66,SAM,0.060209,1.07742581e-03,0.913591,163.4343
telstar401,66,SAM,0.066379,1.07498408e-03,0.915666,163.5131
telstar401,66,SAM,0.073182,1.07234559e-03,0.917919,161.4651
telstar401,66,SAM,0.080683,1.06950206e-03,0.920360,157.3133
telstar401,66,SAM,0.088951,1.06644683e-03,0.922997,151.4159
telstar401,66,SAM,0.098068,1.06317543e-03,0.925837,144.0723
telstar401,66,SAM,0.108118,1.05968631e-03,0.928885,135.4305
telstar401,66,SAM,0.119199,1.05598155e-03,0.932144,125.5272
telstar401,66,SAM,0.131415,1.05206776e-03,0.935612,114.3322
telstar401,66,SAM,0.144883,1.04795690e-03,0.939282,101.7759
telstar401,66,SAM,0.159731,1.04366723e-03,0.943142,87.7688
telstar401,66,SAM,0.176101,1.03922399e-03,0.947175,72.2247
telstar401,66,SAM,0.194149,1.03466009e-03,0.951353,55.1195
telstar401,66,SAM,0.214047,1.03001638e-03,0.955642,36.7424
telstar401,66,SAM,0.235983,1.02534148e-03,0.959999,19.6231
telstar401,66,SAM,0.260168,1.02069114e-03,0.964373,20.9916
telstar401,66,SAM,0.286832,1.01612677e-03,0.968705,43.4932
telstar401,66,SAM,0.316228,1.01171331e-03,0.972931,72.1174
telstar401,66,SAM,0.348637,1.00751623e-03,0.976984,104.4251
telstar401,66,SAM,0.384367,1.00359800e-03,0.980798,139.2174
telstar401,66,SAM,0.423759,1.00001410e-03,0.984313,160.9180
telstar401,66,SAM,0.467188,9.96809027e-04,0.987478,126.5658
telstar401,66,SAM,0.515068,9.94012859e-04,0.990256,78.3415
telstar401,66,SAM,0.567855,9.91638777e-04,0.992626,28.0350
telstar401,66,SAM,0.626052,9.89682079e-04,0.994589,45.6304
telstar401,66,SAM,0.690213,9.88120897e-04,0.996160,110.7349
telstar401,66,SAM,0.760950,9.86918661e-04,0.997374,162.0260
telstar401,66,SAM,0.838936,9.86027980e-04,0.998275,88.0880
telstar401,66,SAM,0.924915,9.85395422e-04,0.998915,19.2146
telstar401,66,SAM,1.019705,9.84966464e-04,0.999351,107.5993
telstar401,66,SAM,1.124210,9.84689920e-04,0.999631,134.1042
telstar401,66,SAM,1.239425,9.84521248e-04,0.999802,20.2756
telstar401,66,SAM,1.366448,9.84424441e-04,0.999901,123.3076
telstar401,66,SAM,1.506489,9.84372472e-04,0.999954,82.2890
telstar401,66,SAM,1.660883,9.84346549e-04,0.999980,86.6162
telstar401,66,SAM,1.831099,9.84334622e-04,0.999992,89.3897
telstar401,66,SAM,2.018760,9.84329601e-04,0.999997,114.1781
telstar401,66,SAM,2.225654,9.84327685e-04,0.999999,25.2420
telstar401,66,SAM,2.453751,9.84327028e-04,1.000000,128.4126
telstar401,66,SAM,2.705225,9.84326829e-04,1.000000,139.2669
telstar401,66,SAM,2.982471,9.84326775e-04,1.000000,84.5795
telstar401,66,SAM,3.288131,9.84326763e-04,1.000000,57.1993
telstar401,66,SAM,3.625117,9.84326760e-04,1.000000,64.1514
telstar401,66,SAM,3.996639,9.84326760e-04,1.000000,106.9647
telstar401,66,SAM,4.406236,9.84326760e-04,1.000000,155.2157
telstar401,66,SAM,4.857812,9.84326760e-04,1.000000,41.8627
telstar401,66,SAM,5.355667,9.84326760e-04,1.000000,139.2454
telstar401,66,SAM,5.904545,9.84326760e-04,1.000000,31.7666
telstar401,66,SAM,6.509675,9.84326760e-04,1.000000,40.4124
telstar401,66,SAM,7.176822,9.84326760e-04,1.000000,36.9823
telstar401,66,SAM,7.912343,9.84326760e-04,1.000000,52.1312
telstar401,66,SAM,8.723243,9.84326760e-04,1.000000,148.8818
telstar401,66,SAM,9.617249,9.84326760e-04,1.000000,100.3510
telstar401,66,SAM,10.602877,9.84326760e-04,1.000000,92.7774
telstar401,66,SAM,11.689518,9.84326760e-04,1.000000,160.3573
telstar401,66,SAM,12.887524,9.84326760e-04,1.000000,64.5504
telstar401,66,SAM,14.208308,9.84326760e-04,1.000000,54.3279
telstar401,66,SAM,15.664454,9.84326760e-04,1.000000,158.8598
telstar401,66,SAM,17.269833,9.84326760e-04,1.000000,135.3647
telstar401,66,SAM,19.039740,9.84326760e-04,1.000000,89.0836
telstar401,66,SAM,20.991037,9.84326760e-04,1.000000,125.5576
telstar401,66,SAM,23.142314,9.84326760e-04,1.000000,51.5651
telstar401,66,SAM,25.514065,9.84326760e-04,1.000000,113.9909
telstar401,66,SAM,28.128887,9.84326760e-04,1.000000,74.9318
telstar401,66,SAM,31.011689,9.84326760e-04,1.000000,26.0011
telstar401,66,SAM,34.189937,9.84326760e-04,1.000000,149.2990
telstar401,66,SAM,37.693910,9.84326760e-04,1.000000,50.7094
telstar401,66,SAM,41.556988,9.84326760e-04,1.000000,76.4689
telstar401,66,SAM,45.815977,9.84326760e-04,1.000000,119.2581
telstar401,66,SAM,50.511449,9.84326760e-04,1.000000,53.5742
telstar401,66,SAM,55.688140,9.84326760e-04,1.000000,165.3225
telstar401,66,SAM,61.395366,9.84326760e-04,1.000000,88.5835
telstar401,66,SAM,67.687500,9.84326760e-04,1.000000,92.3593
telstar401,66,SAM,74.624487,9.84326760e-04,1.000000,105.4533
telstar401,66,SAM,82.272413,9.84326760e-04,1.000000,60.7263
telstar401,66,SAM,90.704142,9.84326760e-04,1.000000,110.3219
telstar401,66,SAM,100.000000,9.84326760e-04,1.000000,142.2498
telstar401,67,SAM,0.000000,9.74007056e-04,0.978752,110.4412
telstar401,67,SAM,0.001000,9.73904272e-04,0.978856,113.1531
telstar401,67,SAM,0.001102,9.73893766e-04,0.978866,113.4290
telstar401,67,SAM,0.001215,9.73882189e-04,0.978878,113.7329
telstar401,67,SAM,0.001340,9.73869433e-04,0.978891,114.0672
telstar401,67,SAM,0.001477,9.73855378e-04,0.978905,114.4352
telstar401,67,SAM,0.001629,9.73839893e-04,0.978920,114.8400
telstar401,67,SAM,0.001796,9.73822834e-04,0.978938,115.2852
telstar401,67,SAM,0.001980,9.73804042e-04,0.978956,115.7747
telstar401,67,SAM,0.002183,9.73783344e-04,0.978977,116.3126
telstar401,67,SAM,0.002406,9.73760547e-04,0.979000,116.9036
telstar401,67,SAM,0.002653,9.73735442e-04,0.979025,117.5524
telstar401,67,SAM,0.002925,9.73707798e-04,0.979053,118.2642
telstar401,67,SAM,0.003225,9.73677362e-04,0.979084,119.0446
telstar401,67,SAM,0.003555,9.73643857e-04,0.979117,119.8995
telstar401,67,SAM,0.003919,9.73606979e-04,0.979155,120.8348
telstar401,67,SAM,0.004321,9.73566396e-04,0.979195,121.8567
telstar401,67,SAM,0.004764,9.73521743e-04,0.979240,122.9714
telstar401,67,SAM,0.005252,9.73472622e-04,0.979290,124.1847
telstar401,67,SAM,0.005790,9.73418599e-04,0.979344,125.5019
telstar401,67,SAM,0.006384,9.73359199e-04,0.979404,126.9270
telstar401,67,SAM,0.007038,9.73293906e-04,0.979470,128.4621
telstar401,67,SAM,0.007759,9.73222156e-04,0.979542,130.1061
telstar401,67,SAM,0.008555,9.73143337e-04,0.979621,131.8529
telstar401,67,SAM,0.009431,9.73056785e-04,0.979708,133.6889
telstar401,67,SAM,0.010398,9.72961780e-04,0.979804,135.5893
telstar401,67,SAM,0.011464,9.72857545e-04,0.979909,137.5121
telstar401,67,SAM,0.012638,9.72743238e-04,0.980024,139.3910
telstar401,67,SAM,0.013934,9.72617956e-04,0.980150,141.1247
telstar401,67,SAM,0.015362,9.72480728e-04,0.980289,142.5661
telstar401,67,SAM,0.016936,9.72330516e-04,0.980440,143.5135
telstar401,67,SAM,0.018672,9.72166214e-04,0.980606,143.7150
telstar401,67,SAM,0.020585,9.71986646e-04,0.980787,142.8954
telstar401,67,SAM,0.022695,9.71790570e-04,0.980985,140.8068
telstar401,67,SAM,0.025021,9.71576683e-04,0.981201,137.2789
telstar401,67,SAM,0.027585,9.71343624e-04,0.981436,132.2351
telstar401,67,SAM,0.030412,9.71089981e-04,0.981692,125.6693
telstar401,67,SAM,0.033529,9.70814308e-04,0.981971,117.6053
telstar401,67,SAM,0.036966,9.70515136e-04,0.982274,108.0677
telstar401,67,SAM,0.040754,9.70190993e-04,0.982602,97.0710
telstar401,67,SAM,0.044931,9.69840433e-04,0.982957,84.6271
telstar401,67,SAM,0.049535,9.69462062e-04,0.983341,70.7791
telstar401,67,SAM,0.054612,9.69054578e-04,0.983754,55.7001
telstar401,67,SAM,0.060209,9.68616815e-04,0.984199,40.0572
telstar401,67,SAM,0.066379,9.68147800e-04,0.984676,26.7414
telstar401,67,SAM,0.073182,9.67646806e-04,0.985186,25.9356
telstar401,67,SAM,0.080683,9.67113430e-04,0.985729,41.8664
telstar401,67,SAM,0.088951,9.66547661e-04,0.986306,65.1285
telstar401,67,SAM,0.098068,9.65949971e-04,0.986916,91.2198
telstar401,67,SAM,0.108118,9.65321397e-04,0.987559,116.4892
telstar401,67,SAM,0.119199,9.64663633e-04,0.988232,130.5302
telstar401,67,SAM,0.131415,9.63979116e-04,0.988934,116.6567
telstar401,67,SAM,0.144883,9.63271099e-04,0.989661,81.2482
telstar401,67,SAM,0.159731,9.62543716e-04,0.990409,36.4695
telstar401,67,SAM,0.176101,9.61802016e-04,0.991172,22.7833
telstar401,67,SAM,0.194149,9.61051962e-04,0.991946,75.5965
telstar401,67,SAM,0.214047,9.60300388e-04,0.992722,120.2601
telstar401,67,SAM,0.235983,9.59554892e-04,0.993494,99.6740
telstar401,67,SAM,0.260168,9.58823674e-04,0.994251,29.6887
telstar401,67,SAM,0.286832,9.58115300e-04,0.994986,58.0868
telstar401,67,SAM,0.316228,9.57438387e-04,0.995690,124.7071
telstar401,67,SAM,0.348637,9.56801245e-04,0.996353,61.5252
telstar401,67,SAM,0.384367,9.56211457e-04,0.996967,58.9899
telstar401,67,SAM,0.423759,9.55675456e-04,0.997527,129.3093
telstar401,67,SAM,0.467188,9.55198113e-04,0.998025,29.1794
telstar401,67,SAM,0.515068,9.54782398e-04,0.998460,148.4749
telstar401,67,SAM,0.567855,9.54429151e-04,0.998829,44.1034
telstar401,67,SAM,0.626052,9.54137003e-04,0.999135,138.1051
telstar401,67,SAM,0.690213,9.53902479e-04,0.999381,108.8035
telstar401,67,SAM,0.760950,9.53720286e-04,0.999572,56.9984
telstar401,67,SAM,0.838936,9.53583761e-04,0.999715,86.3366
telstar401,67,SAM,0.924915,9.53485439e-04,0.999818,117.2830
telstar401,67,SAM,1.019705,9.53417656e-04,0.999889,120.7350
telstar401,67,SAM,1.124210,9.53373120e-04,0.999936,95.5470
telstar401,67,SAM,1.239425,9.53345367e-04,0.999965,38.8401
telstar401,67,SAM,1.366448,9.53329050e-04,0.999982,61.2069
telstar401,67,SAM,1.506489,9.53320053e-04,0.999991,131.5063
telstar401,67,SAM,1.660883,9.53315430e-04,0.999996,80.5370
telstar401,67,SAM,1.831099,9.53313232e-04,0.999998,59.7009
telstar401,67,SAM,2.018760,9.53312273e-04,0.999999,63.8766
telstar401,67,SAM,2.225654,9.53311893e-04,1.000000,20.6093
telstar401,67,SAM,2.453751,9.53311756e-04,1.000000,94.4645
telstar401,67,SAM,2.705225,9.53311713e-04,1.000000,79.3495
telstar401,67,SAM,2.982471,9.53311700e-04,1.000000,114.9640
telstar401,67,SAM,3.288131,9.53311697e-04,1.000000,65.5981
telstar401,67,SAM,3.625117,9.53311697e-04,1.000000,90.5102
telstar401,67,SAM,3.996639,9.53311697e-04,1.000000,34.7034
telstar401,67,SAM,4.406236,9.53311697e-04,1.000000,69.5664
telstar401,67,SAM,4.857812,9.53311697e-04,1.000000,82.0998
telstar401,67,SAM,5.355667,9.53311697e-04,1.000000,37.2027
telstar401,67,SAM,5.904545,9.53311697e-04,1.000000,159.3004
telstar401,67,SAM,6.509675,9.53311697e-04,1.000000,116.3377
telstar401,67,SAM,7.176822,9.53311697e-04,1.000000,124.3359
telstar401,67,SAM,7.912343,9.53311697e-04,1.000000,45.9375
telstar401,67,SAM,8.723243,9.53311697e-04,1.000000,102.9549
telstar401,67,SAM,9.617249,9.53311697e-04,1.000000,134.3198
telstar401,67,SAM,10.602877,9.53311697e-04,1.000000,149.5443
telstar401,67,SAM,11.689518,9.53311697e-04,1.000000,166.5033
telstar401,67,SAM,12.887524,9.53311697e-04,1.000000,96.1618
telstar401,67,SAM,14.208308,9.53311697e-04,1.000000,70.6645
telstar401,67,SAM,15.664454,9.53311697e-04,1.000000,60.6608
telstar401,67,SAM,17.269833,9.53311697e-04,1.000000,122.4208
telstar401,67,SAM,19.039740,9.53311697e-04,1.000000,139.3810
telstar401,67,SAM,20.991037,9.53311697e-04,1.000000,143.1333
telstar401,67,SAM,23.142314,9.53311697e-04,1.000000,116.7533
telstar401,67,SAM,25.514065,9.53311697e-04,1.000000,133.0810
telstar401,67,SAM,28.128887,9.53311697e-04,1.000000,89.9003
telstar401,67,SAM,31.011689,9.53311697e-04,1.000000,102.0078
telstar401,67,SAM,34.189937,9.53311697e-04,1.000000,44.7671
telstar401,67,SAM,37.693910,9.53311697e-04,1.000000,66.1745
telstar401,67,SAM,41.556988,9.53311697e-04,1.000000,114.7760
telstar401,67,SAM,45.815977,9.53311697e-04,1.000000,90.3385
telstar401,67,SAM,50.511449,9.53311697e-04,1.000000,105.3225
telstar401,67,SAM,55.688140,9.53311697e-04,1.000000,165.4321
telstar401,67,SAM,61.395366,9.53311697e-04,1.000000,73.4812
telstar401,67,SAM,67.687500,9.53311697e-04,1.000000,55.6294
telstar401,67,SAM,74.624487,9.53311697e-04,1.000000,93.2957
telstar401,67,SAM,82.272413,9.53311697e-04,1.000000,55.4246
telstar401,67,SAM,90.704142,9.53311697e-04,1.000000,72.5770
telstar401,67,SAM,100.000000,9.53311697e-04,1.000000,94.9346
telstar401,68,SAM,0.000000,5.73419627e-04,0.867572,67.0720
telstar401,68,SAM,0.001000,5.73357247e-04,0.867666,65.6955
telstar401,68,SAM,0.001102,5.73350853e-04,0.867676,65.5544
telstar401,68,SAM,0.001215,5.73343803e-04,0.867687,65.3989
telstar401,68,SAM,0.001340,5.73336031e-04,0.867698,65.2274
telstar401,68,SAM,0.001477,5.73327462e-04,0.867711,65.0383
telstar401,68,SAM,0.001629,5.73318014e-04,0.867726,64.8298
telstar401,68,SAM,0.001796,5.73307598e-04,0.867741,64.5999
telstar401,68,SAM,0.001980,5.73296113e-04,0.867759,64.3465
telstar401,68,SAM,0.002183,5.73283451e-04,0.867778,64.0670
telstar401,68,SAM,0.002406,5.73269490e-04,0.867799,63.7589
telstar401,68,SAM,0.002653,5.73254098e-04,0.867822,63.4192
telstar401,68,SAM,0.002925,5.73237127e-04,0.867848,63.0447
telstar401,68,SAM,0.003225,5.73218415e-04,0.867876,62.6317
telstar401,68,SAM,0.003555,5.73197784e-04,0.867908,62.1763
telstar401,68,SAM,0.003919,5.73175036e-04,0.867942,61.6742
telstar401,68,SAM,0.004321,5.73149954e-04,0.867980,61.1205
telstar401,68,SAM,0.004764,5.73122299e-04,0.868022,60.5100
telstar401,68,SAM,0.005252,5.73091806e-04,0.868068,59.8368
telstar401,68,SAM,0.005790,5.73058183e-04,0.868119,59.0945
telstar401,68,SAM,0.006384,5.73021109e-04,0.868175,58.2760
telstar401,68,SAM,0.007038,5.72980229e-04,0.868237,57.3733
telstar401,68,SAM,0.007759,5.72935151e-04,0.868305,56.3779
telstar401,68,SAM,0.008555,5.72885444e-04,0.868381,55.2801
telstar401,68,SAM,0.009431,5.72830632e-04,0.868464,54.0695
telstar401,68,SAM,0.010398,5.72770188e-04,0.868556,52.7344
telstar401,68,SAM,0.011464,5.72703533e-04,0.868657,51.2619
telstar401,68,SAM,0.012638,5.72630027e-04,0.868768,49.6379
telstar401,68,SAM,0.013934,5.72548965e-04,0.868891,47.8466
telstar401,68,SAM,0.015362,5.72459566e-04,0.869027,45.8709
telstar401,68,SAM,0.016936,5.72360973e-04,0.869177,43.6917
telstar401,68,SAM,0.018672,5.72252235e-04,0.869342,41.2878
telstar401,68,SAM,0.020585,5.72132306e-04,0.869524,38.6361
telstar401,68,SAM,0.022695,5.72000031e-04,0.869725,35.7108
telstar401,68,SAM,0.025021,5.71854135e-04,0.869947,32.4839
telstar401,68,SAM,0.027585,5.71693210e-04,0.870192,28.9240
telstar401,68,SAM,0.030412,5.71515704e-04,0.870462,24.9971
telstar401,68,SAM,0.033529,5.71319905e-04,0.870760,20.6661
telstar401,68,SAM,0.036966,5.71103921e-04,0.871090,15.8915
telstar401,68,SAM,0.040754,5.70865669e-04,0.871453,10.6362
telstar401,68,SAM,0.044931,5.70602849e-04,0.871855,4.9079
telstar401,68,SAM,0.049535,5.70312928e-04,0.872298,2.1822
telstar401,68,SAM,0.054612,5.69993114e-04,0.872787,8.9210
telstar401,68,SAM,0.060209,5.69640333e-04,0.873328,16.7106
telstar401,68,SAM,0.066379,5.69251201e-04,0.873925,25.3397
telstar401,68,SAM,0.073182,5.68822001e-04,0.874584,34.8687
telstar401,68,SAM,0.080683,5.68348649e-04,0.875313,45.3791
telstar401,68,SAM,0.088951,5.67826670e-04,0.876117,56.9592
telstar401,68,SAM,0.098068,5.67251165e-04,0.877006,69.6965
telstar401,68,SAM,0.108118,5.66616787e-04,0.877988,83.6643
telstar401,68,SAM,0.119199,5.65917712e-04,0.879073,98.8889
telstar401,68,SAM,0.131415,5.65147623e-04,0.880270,115.2513
telstar401,68,SAM,0.144883,5.64299692e-04,0.881593,132.1410
telstar401,68,SAM,0.159731,5.63366585e-04,0.883053,146.9405
telstar401,68,SAM,0.176101,5.62340467e-04,0.884665,150.3034
telstar401,68,SAM,0.194149,5.61213043e-04,0.886442,135.0890
telstar401,68,SAM,0.214047,5.59975619e-04,0.888401,109.6351
telstar401,68,SAM,0.235983,5.58619203e-04,0.890558,78.8206
telstar401,68,SAM,0.260168,5.57134653e-04,0.892931,44.2196
telstar401,68,SAM,0.286832,5.55512892e-04,0.895538,14.6625
telstar401,68,SAM,0.316228,5.53745191e-04,0.898396,45.5914
telstar401,68,SAM,0.348637,5.51823545e-04,0.901525,93.8306
telstar401,68,SAM,0.384367,5.49741160e-04,0.904940,145.0542
telstar401,68,SAM,0.423759,5.47493054e-04,0.908656,138.8364
telstar401,68,SAM,0.467188,5.45076781e-04,0.912684,73.0258
telstar401,68,SAM,0.515068,5.42493282e-04,0.917030,11.0655
telstar401,68,SAM,0.567855,5.39747833e-04,0.921695,92.0063
telstar401,68,SAM,0.626052,5.36851054e-04,0.926668,168.3796
telstar401,68,SAM,0.690213,5.33819891e-04,0.931930,66.8913
telstar401,68,SAM,0.760950,5.30678471e-04,0.937447,69.8400
telstar401,68,SAM,0.838936,5.27458659e-04,0.943169,154.9772
telstar401,68,SAM,0.924915,5.24200141e-04,0.949032,19.0101
telstar401,68,SAM,1.019705,5.20949832e-04,0.954953,161.2972
telstar401,68,SAM,1.124210,5.17760422e-04,0.960836,9.7829
telstar401,68,SAM,1.239425,5.14687980e-04,0.966572,136.8146
telstar401,68,SAM,1.366448,5.11788643e-04,0.972047,88.8380
telstar401,68,SAM,1.506489,5.09114633e-04,0.977153,10.7322
telstar401,68,SAM,1.660883,5.06710013e-04,0.981790,76.1876
telstar401,68,SAM,1.831099,5.04606797e-04,0.985882,101.1377
telstar401,68,SAM,2.018760,5.02822055e-04,0.989381,96.0698
telstar401,68,SAM,2.225654,5.01356568e-04,0.992273,51.8069
telstar401,68,SAM,2.453751,5.00195364e-04,0.994577,38.5089
telstar401,68,SAM,2.705225,4.99310069e-04,0.996340,163.9890
telstar401,68,SAM,2.982471,4.98662703e-04,0.997634,11.1228
telstar401,68,SAM,3.288131,4.98210232e-04,0.998540,104.9346
telstar401,68,SAM,3.625117,4.97909116e-04,0.999144,162.7761
telstar401,68,SAM,3.996639,4.97719135e-04,0.999525,142.8141
telstar401,68,SAM,4.406236,4.97606050e-04,0.999752,46.1954
telstar401,68,SAM,4.857812,4.97542891e-04,0.999879,132.0536
telstar401,68,SAM,5.355667,4.97509993e-04,0.999945,42.1793
telstar401,68,SAM,5.904545,4.97494122e-04,0.999977,57.7961
telstar401,68,SAM,6.509675,4.97487085e-04,0.999991,171.9813
telstar401,68,SAM,7.176822,4.97484240e-04,0.999997,60.5385
telstar401,68,SAM,7.912343,4.97483202e-04,0.999999,90.9817
telstar401,68,SAM,8.723243,4.97482863e-04,1.000000,102.4887
telstar401,68,SAM,9.617249,4.97482765e-04,1.000000,123.6791
telstar401,68,SAM,10.602877,4.97482741e-04,1.000000,44.1801
telstar401,68,SAM,11.689518,4.97482735e-04,1.000000,50.4386
telstar401,68,SAM,12.887524,4.97482734e-04,1.000000,92.5746
telstar401,68,SAM,14.208308,4.97482734e-04,1.000000,19.7275
telstar401,68,SAM,15.664454,4.97482734e-04,1.000000,41.2359
telstar401,68,SAM,17.269833,4.97482734e-04,1.000000,18.9835
telstar401,68,SAM,19.039740,4.97482734e-04,1.000000,91.0741
telstar401,68,SAM,20.991037,4.97482734e-04,1.000000,165.9119
telstar401,68,SAM,23.142314,4.97482734e-04,1.000000,140.7439
telstar401,68,SAM,25.514065,4.97482734e-04,1.000000,166.6253
telstar401,68,SAM,28.128887,4.97482734e-04,1.000000,10.9291
telstar401,68,SAM,31.011689,4.97482734e-04,1.000000,29.0190
telstar401,68,SAM,34.189937,4.97482734e-04,1.000000,149.6491
telstar401,68,SAM,37.693910,4.97482734e-04,1.000000,59.9441
telstar401,68,SAM,41.556988,4.97482734e-04,1.000000,75.7378
telstar401,68,SAM,45.815977,4.97482734e-04,1.000000,90.6063
telstar401,68,SAM,50.511449,4.97482734e-04,1.000000,106.2870
telstar401,68,SAM,55.688140,4.97482734e-04,1.000000,114.6408
telstar401,68,SAM,61.395366,4.97482734e-04,1.000000,45.2570
telstar401,68,SAM,67.687500,4.97482734e-04,1.000000,129.4729
telstar401,68,SAM,74.624487,4.97482734e-04,1.000000,25.2060
telstar401,68,SAM,82.272413,4.97482734e-04,1.000000,91.7951
telstar401,68,SAM,90.704142,4.97482734e-04,1.000000,56.4053
telstar401,68,SAM,100.000000,4.97482734e-04,1.000000,90.7242
telstar401,69,LAM,0.000000,3.08689961e-04,0.740147,105.8108
telstar401,69,LAM,0.001000,3.08685059e-04,0.740158,109.6465
telstar401,69,LAM,0.001102,3.08684557e-04,0.740160,110.0383
telstar401,69,LAM,0.001215,3.08684003e-04,0.740161,110.4698
telstar401,69,LAM,0.001340,3.08683392e-04,0.740162,110.9452
telstar401,69,LAM,0.001477,3.08682719e-04,0.740164,111.4688
telstar401,69,LAM,0.001629,3.08681977e-04,0.740166,112.0453
telstar401,69,LAM,0.001796,3.08681158e-04,0.740168,112.6802
telstar401,69,LAM,0.001980,3.08680256e-04,0.740170,113.3791
telstar401,69,LAM,0.002183,3.08679262e-04,0.740172,114.1483
telstar401,69,LAM,0.002406,3.08678165e-04,0.740175,114.9946
telstar401,69,LAM,0.002653,3.08676957e-04,0.740178,115.9256
telstar401,69,LAM,0.002925,3.08675624e-04,0.740181,116.9492
telstar401,69,LAM,0.003225,3.08674155e-04,0.740184,118.0742
telstar401,69,LAM,0.003555,3.08672535e-04,0.740188,119.3098
telstar401,69,LAM,0.003919,3.08670749e-04,0.740193,120.6661
telstar401,69,LAM,0.004321,3.08668780e-04,0.740197,122.1534
telstar401,69,LAM,0.004764,3.08666610e-04,0.740203,123.7825
telstar401,69,LAM,0.005252,3.08664217e-04,0.740208,125.5644
telstar401,69,LAM,0.005790,3.08661579e-04,0.740215,127.5097
telstar401,69,LAM,0.006384,3.08658671e-04,0.740222,129.6280
telstar401,69,LAM,0.007038,3.08655465e-04,0.740229,131.9267
telstar401,69,LAM,0.007759,3.08651931e-04,0.740238,134.4093
telstar401,69,LAM,0.008555,3.08648034e-04,0.740247,137.0718
telstar401,69,LAM,0.009431,3.08643738e-04,0.740257,139.8981
telstar401,69,LAM,0.010398,3.08639003e-04,0.740269,142.8500
telstar401,69,LAM,0.011464,3.08633782e-04,0.740281,145.8526
telstar401,69,LAM,0.012638,3.08628027e-04,0.740295,148.7673
telstar401,69,LAM,0.013934,3.08621682e-04,0.740310,151.3526
telstar401,69,LAM,0.015362,3.08614688e-04,0.740327,153.2191
telstar401,69,LAM,0.016936,3.08606978e-04,0.740346,153.8313
telstar401,69,LAM,0.018672,3.08598478e-04,0.740366,152.6483
telstar401,69,LAM,0.020585,3.08589108e-04,0.740388,149.3749
telstar401,69,LAM,0.022695,3.08578780e-04,0.740413,144.0537
telstar401,69,LAM,0.025021,3.08567394e-04,0.740441,136.9033
telstar401,69,LAM,0.027585,3.08554843e-04,0.740471,128.1372
telstar401,69,LAM,0.030412,3.08541009e-04,0.740504,117.9012
telstar401,69,LAM,0.033529,3.08525759e-04,0.740540,106.2863
telstar401,69,LAM,0.036966,3.08508950e-04,0.740581,93.3709
telstar401,69,LAM,0.040754,3.08490423e-04,0.740625,79.2939
telstar401,69,LAM,0.044931,3.08470002e-04,0.740674,64.4180
telstar401,69,LAM,0.049535,3.08447494e-04,0.740728,49.8049
telstar401,69,LAM,0.054612,3.08422687e-04,0.740788,38.6906
telstar401,69,LAM,0.060209,3.08395346e-04,0.740854,38.3021
telstar401,69,LAM,0.066379,3.08365215e-04,0.740926,52.1575
telstar401,69,LAM,0.073182,3.08332009e-04,0.741006,75.2091
telstar401,69,LAM,0.080683,3.08295416e-04,0.741094,103.6255
telstar401,69,LAM,0.088951,3.08255093e-04,0.741191,135.6015
telstar401,69,LAM,0.098068,3.08210662e-04,0.741298,164.1538
telstar401,69,LAM,0.108118,3.08161706e-04,0.741415,141.1698
telstar401,69,LAM,0.119199,3.08107769e-04,0.741545,99.6258
telstar401,69,LAM,0.131415,3.08048347e-04,0.741688,59.3366
telstar401,69,LAM,0.144883,3.07982887e-04,0.741846,50.4218
telstar401,69,LAM,0.159731,3.07910783e-04,0.742020,94.1739
telstar401,69,LAM,0.176101,3.07831367e-04,0.742211,156.2127
telstar401,69,LAM,0.194149,3.07743907e-04,0.742422,131.3868
telstar401,69,LAM,0.214047,3.07647598e-04,0.742654,64.0687
telstar401,69,LAM,0.235983,3.07541557e-04,0.742910,74.6169
telstar401,69,LAM,0.260168,3.07424819e-04,0.743192,162.2330
telstar401,69,LAM,0.286832,3.07296322e-04,0.743503,94.5897
telstar401,69,LAM,0.316228,3.07154905e-04,0.743846,66.8521
telstar401,69,LAM,0.348637,3.06999299e-04,0.744223,167.5382
telstar401,69,LAM,0.384367,3.06828114e-04,0.744638,45.7528
telstar401,69,LAM,0.423759,3.06639833e-04,0.745095,155.0677
telstar401,69,LAM,0.467188,3.06432799e-04,0.745598,33.4889
telstar401,69,LAM,0.515068,3.06205208e-04,0.746153,137.8172
telstar401,69,LAM,0.567855,3.05955093e-04,0.746763,83.2203
telstar401,69,LAM,0.626052,3.05680318e-04,0.747434,15.8070
telstar401,69,LAM,0.690213,3.05378564e-04,0.748172,74.0559
telstar401,69,LAM,0.760950,3.05047318e-04,0.748985,106.3016
telstar401,69,LAM,0.838936,3.04683864e-04,0.749878,114.2749
telstar401,69,LAM,0.924915,3.04285272e-04,0.750861,94.9843
telstar401,69,LAM,1.019705,3.03848392e-04,0.751940,39.3378
telstar401,69,LAM,1.124210,3.03369843e-04,0.753126,105.0822
telstar401,69,LAM,1.239425,3.02846016e-04,0.754429,100.4551
telstar401,69,LAM,1.366448,3.02273068e-04,0.755859,142.0679
telstar401,69,LAM,1.506489,3.01646933e-04,0.757428,81.8965
telstar401,69,LAM,1.660883,3.00963328e-04,0.759148,84.5431
telstar401,69,LAM,1.831099,3.00217775e-04,0.761034,131.0548
telstar401,69,LAM,2.018760,2.99405631e-04,0.763098,32.6960
telstar401,69,LAM,2.225654,2.98522130e-04,0.765356,79.6576
telstar401,69,LAM,2.453751,2.97562439e-04,0.767825,41.8108
telstar401,69,LAM,2.705225,2.96521738e-04,0.770520,120.9808
telstar401,69,LAM,2.982471,2.95395320e-04,0.773458,99.2097
telstar401,69,LAM,3.288131,2.94178723e-04,0.776657,145.3208
telstar401,69,LAM,3.625117,2.92867890e-04,0.780133,131.4839
telstar401,69,LAM,3.996639,2.91459387e-04,0.783903,61.4397
telstar401,69,LAM,4.406236,2.89950656e-04,0.787982,59.7447
telstar401,69,LAM,4.857812,2.88340351e-04,0.792382,113.4485
telstar401,69,LAM,5.355667,2.86628748e-04,0.797114,85.7755
telstar401,69,LAM,5.904545,2.84818284e-04,0.802181,103.2985
telstar401,69,LAM,6.509675,2.82914254e-04,0.807580,69.8193
telstar401,69,LAM,7.176822,2.80925806e-04,0.813296,78.5819
telstar401,69,LAM,7.912343,2.78867431e-04,0.819299,97.8616
telstar401,69,LAM,8.723243,2.76761558e-04,0.825533,5.5072
telstar401,69,LAM,9.617249,2.74643947e-04,0.831898,69.3579
telstar401,69,LAM,10.602877,2.72578687e-04,0.838201,54.8822
telstar401,69,LAM,11.689518,2.70741148e-04,0.843890,24.9791
telstar401,69,LAM,12.887524,2.68876775e-04,0.849742,91.3120
telstar401,69,LAM,14.208308,2.66154696e-04,0.858432,91.0765
telstar401,69,LAM,15.664454,2.62797833e-04,0.869398,121.6689
telstar401,69,LAM,17.269833,2.58910953e-04,0.882449,129.7674
telstar401,69,LAM,19.039740,2.54633820e-04,0.897272,156.8396
telstar401,69,LAM,20.991037,2.50160810e-04,0.913316,58.0576
telstar401,69,LAM,23.142314,2.45730930e-04,0.929780,136.3470
telstar401,69,LAM,25.514065,2.41594806e-04,0.945698,26.6167
telstar401,69,LAM,28.128887,2.37968477e-04,0.960110,143.1813
telstar401,69,LAM,31.011689,2.34991521e-04,0.972273,34.8572
telstar401,69,LAM,34.189937,2.32706816e-04,0.981818,103.8193
telstar401,69,LAM,37.693910,2.31068547e-04,0.988779,113.0049
telstar401,69,LAM,41.556988,2.29971205e-04,0.993498,113.8983
telstar401,69,LAM,45.815977,2.29284985e-04,0.996471,92.3903
telstar401,69,LAM,50.511449,2.28884935e-04,0.998213,87.7186
telstar401,69,LAM,55.688140,2.28668115e-04,0.999159,103.0712
telstar401,69,LAM,61.395366,2.28559326e-04,0.999635,66.6679
telstar401,69,LAM,67.687500,2.28509081e-04,0.999854,8.3070
telstar401,69,LAM,74.624487,2.28487869e-04,0.999947,35.7829
telstar401,69,LAM,82.272413,2.28479752e-04,0.999983,122.7582
telstar401,69,LAM,90.704142,2.28476964e-04,0.999995,100.7077
telstar401,69,LAM,100.000000,2.28476113e-04,0.999999,144.7389
telstar401,70,SAM,0.000000,8.43129896e-04,0.936248,81.9458
telstar401,70,SAM,0.001000,8.42949446e-04,0.936449,81.6348
telstar401,70,SAM,0.001102,8.42930980e-04,0.936469,81.6030
telstar401,70,SAM,0.001215,8.42910627e-04,0.936492,81.5678
telstar401,70,SAM,0.001340,8.42888195e-04,0.936517,81.5290
telstar401,70,SAM,0.001477,8.42863473e-04,0.936544,81.4863
telstar401,70,SAM,0.001629,8.42836228e-04,0.936575,81.4392
telstar401,70,SAM,0.001796,8.42806204e-04,0.936608,81.3872
telstar401,70,SAM,0.001980,8.42773118e-04,0.936645,81.3299
telstar401,70,SAM,0.002183,8.42736660e-04,0.936685,81.2667
telstar401,70,SAM,0.002406,8.42696489e-04,0.936730,81.1970
telstar401,70,SAM,0.002653,8.42652228e-04,0.936779,81.1202
telstar401,70,SAM,0.002925,8.42603466e-04,0.936833,81.0355
telstar401,70,SAM,0.003225,8.42549747e-04,0.936893,80.9421
telstar401,70,SAM,0.003555,8.42490573e-04,0.936959,80.8390
telstar401,70,SAM,0.003919,8.42425396e-04,0.937031,80.7254
telstar401,70,SAM,0.004321,8.42353613e-04,0.937111,80.6001
telstar401,70,SAM,0.004764,8.42274563e-04,0.937199,80.4618
telstar401,70,SAM,0.005252,8.42187520e-04,0.937296,80.3094
telstar401,70,SAM,0.005790,8.42091690e-04,0.937403,80.1412
telstar401,70,SAM,0.006384,8.41986200e-04,0.937520,79.9558
telstar401,70,SAM,0.007038,8.41870095e-04,0.937649,79.7512
telstar401,70,SAM,0.007759,8.41742328e-04,0.937792,79.5256
telstar401,70,SAM,0.008555,8.41601757e-04,0.937948,79.2767
telstar401,70,SAM,0.009431,8.41447129e-04,0.938121,79.0021
telstar401,70,SAM,0.010398,8.41277081e-04,0.938310,78.6992
telstar401,70,SAM,0.011464,8.41090124e-04,0.938519,78.3650
telstar401,70,SAM,0.012638,8.40884634e-04,0.938748,77.9964
telstar401,70,SAM,0.013934,8.40658849e-04,0.939000,77.5897
telstar401,70,SAM,0.015362,8.40410850e-04,0.939277,77.1410
telstar401,70,SAM,0.016936,8.40138559e-04,0.939582,76.6461
telstar401,70,SAM,0.018672,8.39839727e-04,0.939916,76.1001
telstar401,70,SAM,0.020585,8.39511924e-04,0.940283,75.4979
telstar401,70,SAM,0.022695,8.39152535e-04,0.940686,74.8337
telstar401,70,SAM,0.025021,8.38758749e-04,0.941128,74.1012
telstar401,70,SAM,0.027585,8.38327558e-04,0.941612,73.2937
telstar401,70,SAM,0.030412,8.37855753e-04,0.942142,72.4037
telstar401,70,SAM,0.033529,8.37339929e-04,0.942722,71.4232
telstar401,70,SAM,0.036966,8.36776487e-04,0.943357,70.3434
telstar401,70,SAM,0.040754,8.36161649e-04,0.944051,69.1552
telstar401,70,SAM,0.044931,8.35491478e-04,0.944808,67.8488
telstar401,70,SAM,0.049535,8.34761903e-04,0.945634,66.4139
telstar401,70,SAM,0.054612,8.33968761e-04,0.946533,64.8403
telstar401,70,SAM,0.060209,8.33107849e-04,0.947511,63.1175
telstar401,70,SAM,0.066379,8.32174993e-04,0.948573,61.2358
telstar401,70,SAM,0.073182,8.31166131e-04,0.949725,59.1865
telstar401,70,SAM,0.080683,8.30077426e-04,0.950970,56.9631
telstar401,70,SAM,0.088951,8.28905395e-04,0.952315,54.5626
telstar401,70,SAM,0.098068,8.27647069e-04,0.953763,51.9871
telstar401,70,SAM,0.108118,8.26300181e-04,0.955317,49.2469
telstar401,70,SAM,0.119199,8.24863380e-04,0.956981,46.3635
telstar401,70,SAM,0.131415,8.23336484e-04,0.958756,43.3752
telstar401,70,SAM,0.144883,8.21720743e-04,0.960641,40.3430
telstar401,70,SAM,0.159731,8.20019140e-04,0.962635,37.3600
telstar401,70,SAM,0.176101,8.18236688e-04,0.964732,34.5626
telstar401,70,SAM,0.194149,8.16380721e-04,0.966925,32.1440
telstar401,70,SAM,0.214047,8.14461165e-04,0.969204,30.3674
telstar401,70,SAM,0.235983,8.12490737e-04,0.971554,29.5722
telstar401,70,SAM,0.260168,8.10485062e-04,0.973959,30.1644
telstar401,70,SAM,0.286832,8.08462645e-04,0.976395,32.5876
telstar401,70,SAM,0.316228,8.06444673e-04,0.978838,37.2893
telstar401,70,SAM,0.348637,8.04454590e-04,0.981260,44.6931
telstar401,70,SAM,0.384367,8.02517435e-04,0.983628,55.1565
telstar401,70,SAM,0.423759,8.00658912e-04,0.985912,68.8863
telstar401,70,SAM,0.467188,7.98904229e-04,0.988077,85.8066
telstar401,70,SAM,0.515068,7.97276754e-04,0.990094,105.3595
telstar401,70,SAM,0.567855,7.95796587e-04,0.991936,126.1097
telstar401,70,SAM,0.626052,7.94479185e-04,0.993580,144.5671
telstar401,70,SAM,0.690213,7.93334211e-04,0.995014,152.0318
telstar401,70,SAM,0.760950,7.92364765e-04,0.996232,141.8872
telstar401,70,SAM,0.838936,7.91567139e-04,0.997236,120.2204
telstar401,70,SAM,0.924915,7.90931196e-04,0.998037,88.3209
telstar401,70,SAM,1.019705,7.90441336e-04,0.998656,48.4435
telstar401,70,SAM,1.124210,7.90077988e-04,0.999115,22.5509
telstar401,70,SAM,1.239425,7.89819412e-04,0.999442,51.5529
telstar401,70,SAM,1.366448,7.89643567e-04,0.999665,94.9453
telstar401,70,SAM,1.506489,7.89529800e-04,0.999809,153.2927
telstar401,70,SAM,1.660883,7.89460117e-04,0.999897,132.4586
telstar401,70,SAM,1.831099,7.89419931e-04,0.999948,71.9296
telstar401,70,SAM,2.018760,7.89398239e-04,0.999976,11.8362
telstar401,70,SAM,2.225654,7.89387352e-04,0.999989,96.3287
telstar401,70,SAM,2.453751,7.89382310e-04,0.999996,172.8432
telstar401,70,SAM,2.705225,7.89380172e-04,0.999998,64.9370
telstar401,70,SAM,2.982471,7.89379349e-04,0.999999,48.1897
telstar401,70,SAM,3.288131,7.89379064e-04,1.000000,162.7086
telstar401,70,SAM,3.625117,7.89378977e-04,1.000000,41.5151
telstar401,70,SAM,3.996639,7.89378953e-04,1.000000,110.8677
telstar401,70,SAM,4.406236,7.89378947e-04,1.000000,82.1476
telstar401,70,SAM,4.857812,7.89378946e-04,1.000000,104.4629
telstar401,70,SAM,5.355667,7.89378946e-04,1.000000,50.8229
telstar401,70,SAM,5.904545,7.89378946e-04,1.000000,160.5296
telstar401,70,SAM,6.509675,7.89378946e-04,1.000000,78.1080
telstar401,70,SAM,7.176822,7.89378946e-04,1.000000,27.1365
telstar401,70,SAM,7.912343,7.89378946e-04,1.000000,59.4368
telstar401,70,SAM,8.723243,7.89378946e-04,1.000000,77.7088
telstar401,70,SAM,9.617249,7.89378946e-04,1.000000,64.5612
telstar401,70,SAM,10.602877,7.89378946e-04,1.000000,16.4920
telstar401,70,SAM,11.689518,7.89378946e-04,1.000000,75.8565
telstar401,70,SAM,12.887524,7.89378946e-04,1.000000,141.8585
telstar401,70,SAM,14.208308,7.89378946e-04,1.000000,53.2879
telstar401,70,SAM,15.664454,7.89378946e-04,1.000000,65.9977
telstar401,70,SAM,17.269833,7.89378946e-04,1.000000,120.7014
telstar401,70,SAM,19.039740,7.89378946e-04,1.000000,102.3335
telstar401,70,SAM,20.991037,7.89378946e-04,1.000000,11.5355
telstar401,70,SAM,23.142314,7.89378946e-04,1.000000,163.4996
telstar401,70,SAM,25.514065,7.89378946e-04,1.000000,74.0528
telstar401,70,SAM,28.128887,7.89378946e-04,1.000000,87.3689
telstar401,70,SAM,31.011689,7.89378946e-04,1.000000,155.6276
telstar401,70,SAM,34.189937,7.89378946e-04,1.000000,91.5779
telstar401,70,SAM,37.693910,7.89378946e-04,1.000000,104.7689
telstar401,70,SAM,41.556988,7.89378946e-04,1.000000,81.6005
telstar401,70,SAM,45.815977,7.89378946e-04,1.000000,107.7421
telstar401,70,SAM,50.511449,7.89378946e-04,1.000000,46.3066
telstar401,70,SAM,55.688140,7.89378946e-04,1.000000,45.1139
telstar401,70,SAM,61.395366,7.89378946e-04,1.000000,104.0928
telstar401,70,SAM,67.687500,7.89378946e-04,1.000000,15.5136
telstar401,70,SAM,74.624487,7.89378946e-04,1.000000,15.5827
telstar401,70,SAM,82.272413,7.89378946e-04,1.000000,53.2514
telstar401,70,SAM,90.704142,7.89378946e-04,1.000000,124.4665
telstar401,70,SAM,100.000000,7.89378946e-04,1.000000,138.8935
telstar401,71,LAM,0.000000,2.67420371e-03,0.779316,58.9273
telstar401,71,LAM,0.001000,2.66858584e-03,0.780956,58.7140
telstar401,71,LAM,0.001102,2.66801465e-03,0.781124,58.6921
telstar401,71,LAM,0.001215,2.66738590e-03,0.781308,58.6680
telstar401,71,LAM,0.001340,2.66669390e-03,0.781510,58.6413
telstar401,71,LAM,0.001477,2.66593243e-03,0.781734,58.6120
telstar401,71,LAM,0.001629,2.66509466e-03,0.781979,58.5796
telstar401,71,LAM,0.001796,2.66417317e-03,0.782250,58.5439
telstar401,71,LAM,0.001980,2.66315982e-03,0.782547,58.5046
telstar401,71,LAM,0.002183,2.66204575e-03,0.782875,58.4612
telstar401,71,LAM,0.002406,2.66082131e-03,0.783235,58.4133
telstar401,71,LAM,0.002653,2.65947600e-03,0.783631,58.3605
telstar401,71,LAM,0.002925,2.65799841e-03,0.784067,58.3023
telstar401,71,LAM,0.003225,2.65637618e-03,0.784546,58.2381
telstar401,71,LAM,0.003555,2.65459594e-03,0.785072,58.1674
telstar401,71,LAM,0.003919,2.65264323e-03,0.785650,58.0894
telstar401,71,LAM,0.004321,2.65050249e-03,0.786285,58.0034
telstar401,71,LAM,0.004764,2.64815702e-03,0.786981,57.9086
telstar401,71,LAM,0.005252,2.64558892e-03,0.787745,57.8042
telstar401,71,LAM,0.005790,2.64277913e-03,0.788582,57.6891
telstar401,71,LAM,0.006384,2.63970738e-03,0.789500,57.5624
telstar401,71,LAM,0.007038,2.63635229e-03,0.790505,57.4229
telstar401,71,LAM,0.007759,2.63269141e-03,0.791604,57.2695
telstar401,71,LAM,0.008555,2.62870130e-03,0.792806,57.1007
telstar401,71,LAM,0.009431,2.62435779e-03,0.794118,56.9153
telstar401,71,LAM,0.010398,2.61963614e-03,0.795549,56.7119
telstar401,71,LAM,0.011464,2.61451140e-03,0.797108,56.4889
telstar401,71,LAM,0.012638,2.60895882e-03,0.798805,56.2449
telstar401,71,LAM,0.013934,2.60295443e-03,0.800648,55.9785
telstar401,71,LAM,0.015362,2.59647571e-03,0.802645,55.6884
telstar401,71,LAM,0.016936,2.58950251e-03,0.804807,55.3735
telstar401,71,LAM,0.018672,2.58201813e-03,0.807140,55.0332
telstar401,71,LAM,0.020585,2.57401075e-03,0.809650,54.6675
telstar401,71,LAM,0.022695,2.56547511e-03,0.812344,54.2771
telstar401,71,LAM,0.025021,2.55641469e-03,0.815223,53.8644
telstar401,71,LAM,0.027585,2.54684444e-03,0.818287,53.4333
telstar401,71,LAM,0.030412,2.53679427e-03,0.821529,52.9904
telstar401,71,LAM,0.033529,2.52631381e-03,0.824937,52.5457
telstar401,71,LAM,0.036966,2.51547927e-03,0.828490,52.1139
telstar401,71,LAM,0.040754,2.50440424e-03,0.832154,51.7157
telstar401,71,LAM,0.044931,2.49326007e-03,0.835873,51.3793
telstar401,71,LAM,0.049535,2.48232406e-03,0.839556,51.1423
telstar401,71,LAM,0.054612,2.47216000e-03,0.843007,51.0547
telstar401,71,LAM,0.060209,2.46362376e-03,0.845928,51.1711
telstar401,71,LAM,0.066379,2.45206320e-03,0.849917,51.4757
telstar401,71,LAM,0.073182,2.43810110e-03,0.854784,52.1108
telstar401,71,LAM,0.080683,2.42210366e-03,0.860429,53.2500
telstar401,71,LAM,0.088951,2.40425936e-03,0.866815,55.1049
telstar401,71,LAM,0.098068,2.38473515e-03,0.873912,57.9236
telstar401,71,LAM,0.108118,2.36372123e-03,0.881681,61.9777
telstar401,71,LAM,0.119199,2.34145108e-03,0.890067,67.5418
telstar401,71,LAM,0.131415,2.31821119e-03,0.898990,74.8727
telstar401,71,LAM,0.144883,2.29434334e-03,0.908342,84.1939
telstar401,71,LAM,0.159731,2.27024001e-03,0.917986,95.6863
telstar401,71,LAM,0.176101,2.24633266e-03,0.927756,109.4706
telstar401,71,LAM,0.194149,2.22307313e-03,0.937463,125.5401
telstar401,71,LAM,0.214047,2.20090925e-03,0.946904,143.4137
telstar401,71,LAM,0.235983,2.18025677e-03,0.955873,159.4574
telstar401,71,LAM,0.260168,2.16147079e-03,0.964181,154.9500
telstar401,71,LAM,0.286832,2.14482031e-03,0.971666,130.6618
telstar401,71,LAM,0.316228,2.13046931e-03,0.978211,100.8761
telstar401,71,LAM,0.348637,2.11846740e-03,0.983753,71.5790
telstar401,71,LAM,0.384367,2.10875146e-03,0.988286,57.9381
telstar401,71,LAM,0.423759,2.10115820e-03,0.991857,80.1893
telstar401,71,LAM,0.467188,2.09544612e-03,0.994561,122.1157
telstar401,71,LAM,0.515068,2.09132374e-03,0.996521,131.9814
telstar401,71,LAM,0.567855,2.08848001e-03,0.997878,76.7462
telstar401,71,LAM,0.626052,2.08661266e-03,0.998771,25.8750
telstar401,71,LAM,0.690213,2.08545079e-03,0.999328,81.6678
telstar401,71,LAM,0.760950,2.08476930e-03,0.999655,112.0454
telstar401,71,LAM,0.838936,2.08439466e-03,0.999834,45.3979
telstar401,71,LAM,0.924915,2.08420284e-03,0.999926,75.3180
telstar401,71,LAM,1.019705,2.08411203e-03,0.999970,126.1746
telstar401,71,LAM,1.124210,2.08407258e-03,0.999989,60.2387
telstar401,71,LAM,1.239425,2.08405699e-03,0.999996,161.1371
telstar401,71,LAM,1.366448,2.08405144e-03,0.999999,59.6116
telstar401,71,LAM,1.506489,2.08404968e-03,1.000000,125.9596
telstar401,71,LAM,1.660883,2.08404918e-03,1.000000,73.7140
telstar401,71,LAM,1.831099,2.08404906e-03,1.000000,32.4632
telstar401,71,LAM,2.018760,2.08404904e-03,1.000000,106.7344
telstar401,71,LAM,2.225654,2.08404903e-03,1.000000,157.8313
telstar401,71,LAM,2.453751,2.08404903e-03,1.000000,142.8554
telstar401,71,LAM,2.705225,2.08404903e-03,1.000000,115.5960
telstar401,71,LAM,2.982471,2.08404903e-03,1.000000,119.6233
telstar401,71,LAM,3.288131,2.08404903e-03,1.000000,77.4780
telstar401,71,LAM,3.625117,2.08404903e-03,1.000000,81.1700
telstar401,71,LAM,3.996639,2.08404903e-03,1.000000,85.0026
telstar401,71,LAM,4.406236,2.08404903e-03,1.000000,144.2376
telstar401,71,LAM,4.857812,2.08404903e-03,1.000000,84.9808
telstar401,71,LAM,5.355667,2.08404903e-03,1.000000,117.9347
telstar401,71,LAM,5.904545,2.08404903e-03,1.000000,122.5244
telstar401,71,LAM,6.509675,2.08404903e-03,1.000000,41.6208
telstar401,71,LAM,7.176822,2.08404903e-03,1.000000,101.8303
telstar401,71,LAM,7.912343,2.08404903e-03,1.000000,82.2513
telstar401,71,LAM,8.723243,2.08404903e-03,1.000000,27.8091
telstar401,71,LAM,9.617249,2.08404903e-03,1.000000,86.7656
telstar401,71,LAM,10.602877,2.08404903e-03,1.000000,81.6671
telstar401,71,LAM,11.689518,2.08404903e-03,1.000000,57.6701
telstar401,71,LAM,12.887524,2.08404903e-03,1.000000,33.0137
telstar401,71,LAM,14.208308,2.08404903e-03,1.000000,157.8589
telstar401,71,LAM,15.664454,2.08404903e-03,1.000000,111.5111
telstar401,71,LAM,17.269833,2.08404903e-03,1.000000,66.6212
telstar401,71,LAM,19.039740,2.08404903e-03,1.000000,78.0382
telstar401,71,LAM,20.991037,2.08404903e-03,1.000000,63.8254
telstar401,71,LAM,23.142314,2.08404903e-03,1.000000,62.8567
telstar401,71,LAM,25.514065,2.08404903e-03,1.000000,120.8632
telstar401,71,LAM,28.128887,2.08404903e-03,1.000000,115.2729
telstar401,71,LAM,31.011689,2.08404903e-03,1.000000,48.8502
telstar401,71,LAM,34.189937,2.08404903e-03,1.000000,65.6032
telstar401,71,LAM,37.693910,2.08404903e-03,1.000000,99.7541
telstar401,71,LAM,41.556988,2.08404903e-03,1.000000,52.3619
telstar401,71,LAM,45.815977,2.08404903e-03,1.000000,116.6869
telstar401,71,LAM,50.511449,2.08404903e-03,1.000000,106.6760
telstar401,71,LAM,55.688140,2.08404903e-03,1.000000,56.6848
telstar401,71,LAM,61.395366,2.08404903e-03,1.000000,67.2917
telstar401,71,LAM,67.687500,2.08404903e-03,1.000000,58.8970
telstar401,71,LAM,74.624487,2.08404903e-03,1.000000,49.6812
telstar401,71,LAM,82.272413,2.08404903e-03,1.000000,133.1076
telstar401,71,LAM,90.704142,2.08404903e-03,1.000000,65.6429
telstar401,71,LAM,100.000000,2.08404903e-03,1.000000,93.5717
telstar401,72,LAM,0.000000,3.99204459e-04,0.424905,55.3123
telstar401,72,LAM,0.001000,3.99202521e-04,0.424908,63.9381
telstar401,72,LAM,0.001102,3.99202323e-04,0.424908,64.9738
telstar401,72,LAM,0.001215,3.99202104e-04,0.424908,66.1412
telstar401,72,LAM,0.001340,3.99201863e-04,0.424908,67.4569
telstar401,72,LAM,0.001477,3.99201596e-04,0.424909,68.9397
telstar401,72,LAM,0.001629,3.99201303e-04,0.424909,70.6099
telstar401,72,LAM,0.001796,3.99200980e-04,0.424909,72.4896
telstar401,72,LAM,0.001980,3.99200623e-04,0.424910,74.6028
telstar401,72,LAM,0.002183,3.99200230e-04,0.424910,76.9747
telstar401,72,LAM,0.002406,3.99199796e-04,0.424910,79.6313
telstar401,72,LAM,0.002653,3.99199319e-04,0.424911,82.5990
telstar401,72,LAM,0.002925,3.99198792e-04,0.424912,85.9029
telstar401,72,LAM,0.003225,3.99198211e-04,0.424912,89.5646
telstar401,72,LAM,0.003555,3.99197570e-04,0.424913,93.5996
telstar401,72,LAM,0.003919,3.99196865e-04,0.424914,98.0113
telstar401,72,LAM,0.004321,3.99196086e-04,0.424914,102.7829
telstar401,72,LAM,0.004764,3.99195228e-04,0.424915,107.8623
telstar401,72,LAM,0.005252,3.99194282e-04,0.424916,113.1382
telstar401,72,LAM,0.005790,3.99193239e-04,0.424917,118.3992
telstar401,72,LAM,0.006384,3.99192089e-04,0.424919,123.2704
telstar401,72,LAM,0.007038,3.99190821e-04,0.424920,127.1338
telstar401,72,LAM,0.007759,3.99189423e-04,0.424921,129.0915
telstar401,72,LAM,0.008555,3.99187882e-04,0.424923,128.1184
telstar401,72,LAM,0.009431,3.99186183e-04,0.424925,123.4796
telstar401,72,LAM,0.010398,3.99184310e-04,0.424927,115.0746
telstar401,72,LAM,0.011464,3.99182245e-04,0.424929,103.3435
telstar401,72,LAM,0.012638,3.99179968e-04,0.424932,89.0073
telstar401,72,LAM,0.013934,3.99177458e-04,0.424934,73.1132
telstar401,72,LAM,0.015362,3.99174691e-04,0.424937,57.7342
telstar401,72,LAM,0.016936,3.99171640e-04,0.424940,47.8504
telstar401,72,LAM,0.018672,3.99168276e-04,0.424944,51.4158
telstar401,72,LAM,0.020585,3.99164567e-04,0.424948,69.3313
telstar401,72,LAM,0.022695,3.99160479e-04,0.424952,94.6914
telstar401,72,LAM,0.025021,3.99155971e-04,0.424957,118.9770
telstar401,72,LAM,0.027585,3.99151000e-04,0.424962,124.9397
telstar401,72,LAM,0.030412,3.99145521e-04,0.424968,100.4369
telstar401,72,LAM,0.033529,3.99139479e-04,0.424975,62.7803
telstar401,72,LAM,0.036966,3.99132819e-04,0.424982,45.8178
telstar401,72,LAM,0.040754,3.99125475e-04,0.424990,82.6006
telstar401,72,LAM,0.044931,3.99117378e-04,0.424998,122.4289
telstar401,72,LAM,0.049535,3.99108451e-04,0.425008,95.6280
telstar401,72,LAM,0.054612,3.99098609e-04,0.425018,42.9374
telstar401,72,LAM,0.060209,3.99087757e-04,0.425030,87.4198
telstar401,72,LAM,0.066379,3.99075792e-04,0.425042,114.1559
telstar401,72,LAM,0.073182,3.99062601e-04,0.425057,41.9592
telstar401,72,LAM,0.080683,3.99048056e-04,0.425072,102.9553
telstar401,72,LAM,0.088951,3.99032019e-04,0.425089,72.2325
telstar401,72,LAM,0.098068,3.99014337e-04,0.425108,84.1079
telstar401,72,LAM,0.108118,3.98994841e-04,0.425129,67.5551
telstar401,72,LAM,0.119199,3.98973344e-04,0.425152,105.0243
telstar401,72,LAM,0.131415,3.98949641e-04,0.425177,33.7976
telstar401,72,LAM,0.144883,3.98923505e-04,0.425205,78.4199
telstar401,72,LAM,0.159731,3.98894686e-04,0.425235,110.3113
telstar401,72,LAM,0.176101,3.98862908e-04,0.425269,100.5823
telstar401,72,LAM,0.194149,3.98827867e-04,0.425307,91.3823
telstar401,72,LAM,0.214047,3.98789227e-04,0.425348,98.4858
telstar401,72,LAM,0.235983,3.98746617e-04,0.425393,105.9833
telstar401,72,LAM,0.260168,3.98699628e-04,0.425443,58.8365
telstar401,72,LAM,0.286832,3.98647810e-04,0.425499,63.7266
telstar401,72,LAM,0.316228,3.98590663e-04,0.425560,72.7760
telstar401,72,LAM,0.348637,3.98527639e-04,0.425627,110.0974
telstar401,72,LAM,0.384367,3.98458130e-04,0.425701,96.7405
telstar401,72,LAM,0.423759,3.98381466e-04,0.425783,112.7808
telstar401,72,LAM,0.467188,3.98296907e-04,0.425874,100.6382
telstar401,72,LAM,0.515068,3.98203636e-04,0.425973,80.6070
telstar401,72,LAM,0.567855,3.98100751e-04,0.426083,59.8598
telstar401,72,LAM,0.626052,3.97987254e-04,0.426205,66.4209
telstar401,72,LAM,0.690213,3.97862043e-04,0.426339,134.1500
telstar401,72,LAM,0.760950,3.97723899e-04,0.426487,75.4626
telstar401,72,LAM,0.838936,3.97571477e-04,0.426651,79.2368
telstar401,72,LAM,0.924915,3.97403288e-04,0.426831,131.1951
telstar401,72,LAM,1.019705,3.97217683e-04,0.427031,126.5742
telstar401,72,LAM,1.124210,3.97012840e-04,0.427251,35.5195
telstar401,72,LAM,1.239425,3.96786742e-04,0.427495,34.8017
telstar401,72,LAM,1.366448,3.96537155e-04,0.427764,112.5650
telstar401,72,LAM,1.506489,3.96261603e-04,0.428061,102.5864
telstar401,72,LAM,1.660883,3.95957346e-04,0.428390,130.2897
telstar401,72,LAM,1.831099,3.95621341e-04,0.428754,128.2505
telstar401,72,LAM,2.018760,3.95250218e-04,0.429156,50.4305
telstar401,72,LAM,2.225654,3.94840233e-04,0.429602,106.4156
telstar401,72,LAM,2.453751,3.94387230e-04,0.430095,43.5567
telstar401,72,LAM,2.705225,3.93886592e-04,0.430642,115.9514
telstar401,72,LAM,2.982471,3.93333186e-04,0.431248,120.6204
telstar401,72,LAM,3.288131,3.92721303e-04,0.431920,45.6724
telstar401,72,LAM,3.625117,3.92044587e-04,0.432665,137.9239
telstar401,72,LAM,3.996639,3.91295960e-04,0.433493,63.2435
telstar401,72,LAM,4.406236,3.90467533e-04,0.434413,51.0020
telstar401,72,LAM,4.857812,3.89550510e-04,0.435436,103.4948
telstar401,72,LAM,5.355667,3.88535075e-04,0.436574,100.5264
telstar401,72,LAM,5.904545,3.87410269e-04,0.437841,118.1925
telstar401,72,LAM,6.509675,3.86163856e-04,0.439254,52.4783
telstar401,72,LAM,7.176822,3.84782162e-04,0.440832,43.4480
telstar401,72,LAM,7.912343,3.83249915e-04,0.442594,123.3170
telstar401,72,LAM,8.723243,3.81550049e-04,0.444566,132.4134
telstar401,72,LAM,9.617249,3.79663514e-04,0.446775,78.4603
telstar401,72,LAM,10.602877,3.77569056e-04,0.449253,78.2896
telstar401,72,LAM,11.689518,3.75243004e-04,0.452038,141.5362
telstar401,72,LAM,12.887524,3.72659050e-04,0.455173,103.9480
telstar401,72,LAM,14.208308,3.69788050e-04,0.458706,59.4308
telstar401,72,LAM,15.664454,3.66597867e-04,0.462698,114.8096
telstar401,72,LAM,17.269833,3.63053284e-04,0.467216,100.9889
telstar401,72,LAM,19.039740,3.59116037e-04,0.472338,91.1574
telstar401,72,LAM,20.991037,3.54745047e-04,0.478158,127.8528
telstar401,72,LAM,23.142314,3.49896922e-04,0.484783,81.5763
telstar401,72,LAM,25.514065,3.44526884e-04,0.492339,67.0269
telstar401,72,LAM,28.128887,3.38590257e-04,0.500972,33.1709
telstar401,72,LAM,31.011689,3.32044723e-04,0.510847,57.5264
telstar401,72,LAM,34.189937,3.24853572e-04,0.522156,37.3060
telstar401,72,LAM,37.693910,3.16990139e-04,0.535109,124.6537
telstar401,72,LAM,41.556988,3.08443619e-04,0.549936,133.2358
telstar401,72,LAM,45.815977,2.99226218e-04,0.566876,90.9018
telstar401,72,LAM,50.511449,2.89381373e-04,0.586161,112.2656
telstar401,72,LAM,55.688140,2.78992264e-04,0.607989,148.7860
telstar401,72,LAM,61.395366,2.68189251e-04,0.632479,42.7491
telstar401,72,LAM,67.687500,2.57154254e-04,0.659620,71.4957
telstar401,72,LAM,74.624487,2.46119787e-04,0.689194,93.5821
telstar401,72,LAM,82.272413,2.35360856e-04,0.720698,26.5529
telstar401,72,LAM,90.704142,2.25180013e-04,0.753282,146.3172
telstar401,72,LAM,100.000000,2.15891122e-04,0.785693,99.7680
telstar401,73,LAM,0.000000,7.70525679e-04,0.429643,22.7441
telstar401,73,LAM,0.001000,7.70481452e-04,0.429667,21.0423
telstar401,73,LAM,0.001102,7.70476919e-04,0.429670,20.8693
telstar401,73,LAM,0.001215,7.70471922e-04,0.429673,20.6790
telstar401,73,LAM,0.001340,7.70466412e-04,0.429676,20.4695
telstar401,73,LAM,0.001477,7.70460337e-04,0.429679,20.2392
telstar401,73,LAM,0.001629,7.70453640e-04,0.429683,19.9859
telstar401,73,LAM,0.001796,7.70446256e-04,0.429687,19.7075
telstar401,73,LAM,0.001980,7.70438115e-04,0.429691,19.4017
telstar401,73,LAM,0.002183,7.70429140e-04,0.429696,19.0659
telstar401,73,LAM,0.002406,7.70419245e-04,0.429702,18.6975
telstar401,73,LAM,0.002653,7.70408335e-04,0.429708,18.2936
telstar401,73,LAM,0.002925,7.70396307e-04,0.429715,17.8513
telstar401,73,LAM,0.003225,7.70383046e-04,0.429722,17.3675
telstar401,73,LAM,0.003555,7.70368425e-04,0.429730,16.8392
telstar401,73,LAM,0.003919,7.70352305e-04,0.429739,16.2636
telstar401,73,LAM,0.004321,7.70334533e-04,0.429749,15.6382
telstar401,73,LAM,0.004764,7.70314937e-04,0.429760,14.9614
telstar401,73,LAM,0.005252,7.70293333e-04,0.429772,14.2327
telstar401,73,LAM,0.005790,7.70269513e-04,0.429785,13.4540
telstar401,73,LAM,0.006384,7.70243250e-04,0.429800,12.6311
telstar401,73,LAM,0.007038,7.70214293e-04,0.429816,11.7763
telstar401,73,LAM,0.007759,7.70182366e-04,0.429834,10.9124
telstar401,73,LAM,0.008555,7.70147164e-04,0.429854,10.0801
telstar401,73,LAM,0.009431,7.70108350e-04,0.429875,9.3472
telstar401,73,LAM,0.010398,7.70065554e-04,0.429899,8.8194
telstar401,73,LAM,0.011464,7.70018366e-04,0.429926,8.6389
telstar401,73,LAM,0.012638,7.69966336e-04,0.429955,8.9540
telstar401,73,LAM,0.013934,7.69908965e-04,0.429987,9.8612
telstar401,73,LAM,0.015362,7.69845705e-04,0.430022,11.3743
telstar401,73,LAM,0.016936,7.69775948e-04,0.430061,13.4525
telstar401,73,LAM,0.018672,7.69699029e-04,0.430104,16.0467
telstar401,73,LAM,0.020585,7.69614208e-04,0.430151,19.1239
telstar401,73,LAM,0.022695,7.69520672e-04,0.430204,22.6720
telstar401,73,LAM,0.025021,7.69417525e-04,0.430261,26.6964
telstar401,73,LAM,0.027585,7.69303773e-04,0.430325,31.2162
telstar401,73,LAM,0.030412,7.69178325e-04,0.430395,36.2612
telstar401,73,LAM,0.033529,7.69039973e-04,0.430473,41.8698
telstar401,73,LAM,0.036966,7.68887385e-04,0.430558,48.0885
telstar401,73,LAM,0.040754,7.68719089e-04,0.430652,54.9706
telstar401,73,LAM,0.044931,7.68533460e-04,0.430756,62.5765
telstar401,73,LAM,0.049535,7.68328704e-04,0.430871,70.9736
telstar401,73,LAM,0.054612,7.68102838e-04,0.430998,80.2361
telstar401,73,LAM,0.060209,7.67853673e-04,0.431138,90.4451
telstar401,73,LAM,0.066379,7.67578788e-04,0.431292,101.6877
telstar401,73,LAM,0.073182,7.67275508e-04,0.431463,114.0552
telstar401,73,LAM,0.080683,7.66940876e-04,0.431651,127.6352
telstar401,73,LAM,0.088951,7.66571621e-04,0.431859,142.4833
telstar401,73,LAM,0.098068,7.66164125e-04,0.432088,158.4502
telstar401,73,LAM,0.108118,7.65714383e-04,0.432342,172.1323
telstar401,73,LAM,0.119199,7.65217965e-04,0.432623,160.3990
telstar401,73,LAM,0.131415,7.64669964e-04,0.432933,139.3201
telstar401,73,LAM,0.144883,7.64064943e-04,0.433276,115.6864
telstar401,73,LAM,0.159731,7.63396878e-04,0.433655,89.9519
telstar401,73,LAM,0.176101,7.62659091e-04,0.434074,62.7314
telstar401,73,LAM,0.194149,7.61844174e-04,0.434539,37.2913
telstar401,73,LAM,0.214047,7.60943906e-04,0.435053,32.2562
telstar401,73,LAM,0.235983,7.59949160e-04,0.435622,59.9606
telstar401,73,LAM,0.260168,7.58849796e-04,0.436253,99.4501
telstar401,73,LAM,0.286832,7.57634543e-04,0.436953,143.6180
telstar401,73,LAM,0.316228,7.56290868e-04,0.437729,156.6440
telstar401,73,LAM,0.348637,7.54804825e-04,0.438591,104.5058
telstar401,73,LAM,0.384367,7.53160887e-04,0.439548,45.4654
telstar401,73,LAM,0.423759,7.51341758e-04,0.440613,33.3018
telstar401,73,LAM,0.467188,7.49328166e-04,0.441797,103.1876
telstar401,73,LAM,0.515068,7.47098624e-04,0.443115,170.1575
telstar401,73,LAM,0.567855,7.44629171e-04,0.444585,86.7611
telstar401,73,LAM,0.626052,7.41893086e-04,0.446224,13.1995
telstar401,73,LAM,0.690213,7.38860568e-04,0.448056,111.7261
telstar401,73,LAM,0.760950,7.35498396e-04,0.450104,118.5351
telstar401,73,LAM,0.838936,7.31769559e-04,0.452397,12.9350
telstar401,73,LAM,0.924915,7.27632878e-04,0.454969,134.9223
telstar401,73,LAM,1.019705,7.23042610e-04,0.457858,77.6715
telstar401,73,LAM,1.124210,7.17948081e-04,0.461107,81.8455
telstar401,73,LAM,1.239425,7.12293352e-04,0.464767,109.5773
telstar401,73,LAM,1.366448,7.06016985e-04,0.468899,79.3323
telstar401,73,LAM,1.506489,6.99051962e-04,0.473571,92.0727
telstar401,73,LAM,1.660883,6.91325858e-04,0.478863,107.3190
telstar401,73,LAM,1.831099,6.82761404e-04,0.484870,30.1350
telstar401,73,LAM,2.018760,6.73277618e-04,0.491700,163.8342
telstar401,73,LAM,2.225654,6.62791737e-04,0.499479,74.4488
telstar401,73,LAM,2.453751,6.51222263e-04,0.508353,49.9641
telstar401,73,LAM,2.705225,6.38493475e-04,0.518487,148.5228
telstar401,73,LAM,2.982471,6.24541794e-04,0.530070,73.0919
telstar401,73,LAM,3.288131,6.09324401e-04,0.543308,60.5672
telstar401,73,LAM,3.625117,5.92830324e-04,0.558424,148.9295
telstar401,73,LAM,3.996639,5.75093947e-04,0.575646,8.4513
telstar401,73,LAM,4.406236,5.56210306e-04,0.595190,154.3569
telstar401,73,LAM,4.857812,5.36350674e-04,0.617228,92.2846
telstar401,73,LAM,5.355667,5.15775847e-04,0.641850,51.8700
telstar401,73,LAM,5.904545,4.94843426e-04,0.669001,73.5018
telstar401,73,LAM,6.509675,4.74004950e-04,0.698412,158.9414
telstar401,73,LAM,7.176822,4.53789803e-04,0.729524,76.9701
telstar401,73,LAM,7.912343,4.34777197e-04,0.761426,64.5856
telstar401,73,LAM,8.723243,4.17569031e-04,0.792805,144.2081
telstar401,73,LAM,9.617249,4.02818363e-04,0.821836,106.8785
telstar401,73,LAM,10.602877,3.91958087e-04,0.844607,118.2844
telstar401,73,LAM,11.689518,3.80183191e-04,0.870766,18.3896
telstar401,73,LAM,12.887524,3.65372267e-04,0.906064,103.2356
telstar401,73,LAM,14.208308,3.51896282e-04,0.940762,121.1750
telstar401,73,LAM,15.664454,3.42119007e-04,0.967648,67.9902
telstar401,73,LAM,17.269833,3.36247957e-04,0.984543,36.6430
telstar401,73,LAM,19.039740,3.33231746e-04,0.993455,130.7523
telstar401,73,LAM,20.991037,3.31872754e-04,0.997523,120.3425
telstar401,73,LAM,23.142314,3.31328624e-04,0.999161,25.1308
telstar401,73,LAM,25.514065,3.31134455e-04,0.999747,151.1025
telstar401,73,LAM,28.128887,3.31072969e-04,0.999933,26.8417
telstar401,73,LAM,31.011689,3.31055844e-04,0.999984,26.2106
telstar401,73,LAM,34.189937,3.31051697e-04,0.999997,96.8011
telstar401,73,LAM,37.693910,3.31050836e-04,0.999999,57.8234
telstar401,73,LAM,41.556988,3.31050685e-04,1.000000,74.1723
telstar401,73,LAM,45.815977,3.31050663e-04,1.000000,111.3015
telstar401,73,LAM,50.511449,3.31050660e-04,1.000000,10.6694
telstar401,73,LAM,55.688140,3.31050660e-04,1.000000,24.1547
telstar401,73,LAM,61.395366,3.31050660e-04,1.000000,163.6555
telstar401,73,LAM,67.687500,3.31050660e-04,1.000000,65.3378
telstar401,73,LAM,74.624487,3.31050660e-04,1.000000,96.3935
telstar401,73,LAM,82.272413,3.31050660e-04,1.000000,61.0545
telstar401,73,LAM,90.704142,3.31050660e-04,1.000000,63.2130
telstar401,73,LAM,100.000000,3.31050660e-04,1.000000,124.8179
telstar401,74,LAM,0.000000,4.40196239e-04,0.659794,77.2188
telstar401,74,LAM,0.001000,4.40175355e-04,0.659825,79.3242
telstar401,74,LAM,0.001102,4.40173215e-04,0.659828,79.5406
telstar401,74,LAM,0.001215,4.40170855e-04,0.659832,79.7794
telstar401,74,LAM,0.001340,4.40168254e-04,0.659836,80.0427
telstar401,74,LAM,0.001477,4.40165386e-04,0.659840,80.3333
telstar401,74,LAM,0.001629,4.40162224e-04,0.659845,80.6538
telstar401,74,LAM,0.001796,4.40158739e-04,0.659850,81.0074
telstar401,74,LAM,0.001980,4.40154896e-04,0.659856,81.3975
telstar401,74,LAM,0.002183,4.40150659e-04,0.659862,81.8279
telstar401,74,LAM,0.002406,4.40145988e-04,0.659869,82.3029
telstar401,74,LAM,0.002653,4.40140839e-04,0.659877,82.8269
telstar401,74,LAM,0.002925,4.40135162e-04,0.659885,83.4052
telstar401,74,LAM,0.003225,4.40128904e-04,0.659895,84.0432
telstar401,74,LAM,0.003555,4.40122004e-04,0.659905,84.7472
telstar401,74,LAM,0.003919,4.40114398e-04,0.659916,85.5240
telstar401,74,LAM,0.004321,4.40106012e-04,0.659929,86.3810
telstar401,74,LAM,0.004764,4.40096767e-04,0.659943,87.3265
telstar401,74,LAM,0.005252,4.40086576e-04,0.659958,88.3693
telstar401,74,LAM,0.005790,4.40075340e-04,0.659975,89.5193
telstar401,74,LAM,0.006384,4.40062954e-04,0.659993,90.7871
telstar401,74,LAM,0.007038,4.40049300e-04,0.660014,92.1843
telstar401,74,LAM,0.007759,4.40034247e-04,0.660037,93.7233
telstar401,74,LAM,0.008555,4.40017652e-04,0.660061,95.4172
telstar401,74,LAM,0.009431,4.39999359e-04,0.660089,97.2802
telstar401,74,LAM,0.010398,4.39979193e-04,0.660119,99.3267
telstar401,74,LAM,0.011464,4.39956962e-04,0.660152,101.5714
telstar401,74,LAM,0.012638,4.39932456e-04,0.660189,104.0284
telstar401,74,LAM,0.013934,4.39905442e-04,0.660230,106.7106
telstar401,74,LAM,0.015362,4.39875664e-04,0.660274,109.6279
telstar401,74,LAM,0.016936,4.39842839e-04,0.660324,112.7849
telstar401,74,LAM,0.018672,4.39806657e-04,0.660378,116.1767
telstar401,74,LAM,0.020585,4.39766774e-04,0.660438,119.7826
telstar401,74,LAM,0.022695,4.39722814e-04,0.660504,123.5553
telstar401,74,LAM,0.025021,4.39674359e-04,0.660577,127.4039
telstar401,74,LAM,0.027585,4.39620953e-04,0.660657,131.1655
telstar401,74,LAM,0.030412,4.39562090e-04,0.660745,134.5654
telstar401,74,LAM,0.033529,4.39497215e-04,0.660843,137.1702
telstar401,74,LAM,0.036966,4.39425717e-04,0.660951,138.3728
telstar401,74,LAM,0.040754,4.39346921e-04,0.661069,137.4866
telstar401,74,LAM,0.044931,4.39260087e-04,0.661200,133.9764
telstar401,74,LAM,0.049535,4.39164399e-04,0.661344,127.6545
telstar401,74,LAM,0.054612,4.39058959e-04,0.661503,118.6366
telstar401,74,LAM,0.060209,4.38942780e-04,0.661678,107.1515
telstar401,74,LAM,0.066379,4.38814775e-04,0.661871,93.4101
telstar401,74,LAM,0.073182,4.38673749e-04,0.662084,77.5913
telstar401,74,LAM,0.080683,4.38518391e-04,0.662318,59.9445
telstar401,74,LAM,0.088951,4.38347255e-04,0.662577,41.2097
telstar401,74,LAM,0.098068,4.38158758e-04,0.662862,25.0631
telstar401,74,LAM,0.108118,4.37951158e-04,0.663176,26.8330
telstar401,74,LAM,0.119199,4.37722543e-04,0.663522,48.3425
telstar401,74,LAM,0.131415,4.37470817e-04,0.663904,75.9774
telstar401,74,LAM,0.144883,4.37193680e-04,0.664325,104.0678
telstar401,74,LAM,0.159731,4.36888611e-04,0.664789,122.9373
telstar401,74,LAM,0.176101,4.36552849e-04,0.665300,113.6227
telstar401,74,LAM,0.194149,4.36183373e-04,0.665864,77.6156
telstar401,74,LAM,0.214047,4.35776877e-04,0.666485,29.8548
telstar401,74,LAM,0.235983,4.35329753e-04,0.667169,33.0426
telstar401,74,LAM,0.260168,4.34838058e-04,0.667924,90.3104
telstar401,74,LAM,0.286832,4.34297497e-04,0.668755,120.1414
telstar401,74,LAM,0.316228,4.33703392e-04,0.669671,68.7891
telstar401,74,LAM,0.348637,4.33050657e-04,0.670681,25.8448
telstar401,74,LAM,0.384367,4.32333775e-04,0.671793,112.1573
telstar401,74,LAM,0.423759,4.31546767e-04,0.673018,94.0282
telstar401,74,LAM,0.467188,4.30683172e-04,0.674367,44.6969
telstar401,74,LAM,0.515068,4.29736024e-04,0.675854,145.1750
telstar401,74,LAM,0.567855,4.28697836e-04,0.677490,45.7066
telstar401,74,LAM,0.626052,4.27560587e-04,0.679292,157.4868
telstar401,74,LAM,0.690213,4.26315717e-04,0.681276,74.4976
telstar401,74,LAM,0.760950,4.24954137e-04,0.683459,85.6576
telstar401,74,LAM,0.838936,4.23466242e-04,0.685860,149.1805
telstar401,74,LAM,0.924915,4.21841958e-04,0.688501,146.5327
telstar401,74,LAM,1.019705,4.20070793e-04,0.691404,125.8353
telstar401,74,LAM,1.124210,4.18141930e-04,0.694594,126.2440
telstar401,74,LAM,1.239425,4.16044349e-04,0.698095,90.9950
telstar401,74,LAM,1.366448,4.13766997e-04,0.701938,33.1654
telstar401,74,LAM,1.506489,4.11299002e-04,0.706150,120.5284
telstar401,74,LAM,1.660883,4.08629962e-04,0.710762,148.2230
telstar401,74,LAM,1.831099,4.05750300e-04,0.715806,155.8218
telstar401,74,LAM,2.018760,4.02651714e-04,0.721315,95.1937
telstar401,74,LAM,2.225654,3.99327722e-04,0.727319,98.2242
telstar401,74,LAM,2.453751,3.95774328e-04,0.733849,103.7537
telstar401,74,LAM,2.705225,3.91990812e-04,0.740932,118.9722
telstar401,74,LAM,2.982471,3.87980659e-04,0.748591,139.7976
telstar401,74,LAM,3.288131,3.83752647e-04,0.756838,14.6233
telstar401,74,LAM,3.625117,3.79322088e-04,0.765678,52.7331
telstar401,74,LAM,3.996639,3.74712286e-04,0.775098,84.0585
telstar401,74,LAM,4.406236,3.69956259e-04,0.785062,106.6745
telstar401,74,LAM,4.857812,3.65098962e-04,0.795507,83.1820
telstar401,74,LAM,5.355667,3.60200591e-04,0.806325,95.9832
telstar401,74,LAM,5.904545,3.55342702e-04,0.817348,53.4020
telstar401,74,LAM,6.509675,3.50643287e-04,0.828302,81.9572
telstar401,74,LAM,7.176822,3.46312246e-04,0.838661,44.2378
telstar401,74,LAM,7.912343,3.42867748e-04,0.847087,49.8321
telstar401,74,LAM,8.723243,3.38035300e-04,0.859196,101.5289
telstar401,74,LAM,9.617249,3.31840371e-04,0.875236,52.1790
telstar401,74,LAM,10.602877,3.24810166e-04,0.894180,72.9093
telstar401,74,LAM,11.689518,3.17509050e-04,0.914741,70.9887
telstar401,74,LAM,12.887524,3.10548987e-04,0.935243,107.5794
telstar401,74,LAM,14.208308,3.04467884e-04,0.953922,37.6054
telstar401,74,LAM,15.664454,2.99602233e-04,0.969414,157.1310
telstar401,74,LAM,17.269833,2.96033057e-04,0.981102,13.2280
telstar401,74,LAM,19.039740,2.93626708e-04,0.989143,31.3010
telstar401,74,LAM,20.991037,2.92131550e-04,0.994205,76.8258
telstar401,74,LAM,23.142314,2.91273993e-04,0.997132,92.3892
telstar401,74,LAM,25.514065,2.90820081e-04,0.998689,92.1572
telstar401,74,LAM,28.128887,2.90598913e-04,0.999449,24.8138
telstar401,74,LAM,31.011689,2.90500176e-04,0.999788,58.8512
telstar401,74,LAM,34.189937,2.90460057e-04,0.999926,121.5095
telstar401,74,LAM,37.693910,2.90445343e-04,0.999977,60.2388
telstar401,74,LAM,41.556988,2.90440518e-04,0.999994,151.1110
telstar401,74,LAM,45.815977,2.90439120e-04,0.999998,81.6189
telstar401,74,LAM,50.511449,2.90438766e-04,1.000000,111.9650
telstar401,74,LAM,55.688140,2.90438689e-04,1.000000,164.3387
telstar401,74,LAM,61.395366,2.90438675e-04,1.000000,95.9422
telstar401,74,LAM,67.687500,2.90438672e-04,1.000000,158.6383
telstar401,74,LAM,74.624487,2.90438672e-04,1.000000,100.6041
telstar401,74,LAM,82.272413,2.90438672e-04,1.000000,109.3051
telstar401,74,LAM,90.704142,2.90438672e-04,1.000000,59.2172
telstar401,74,LAM,100.000000,2.90438672e-04,1.000000,70.9488
telstar401,75,LAM,0.000000,6.47220274e-04,0.543718,133.0444
telstar401,75,LAM,0.001000,6.47155518e-04,0.543772,133.9843
telstar401,75,LAM,0.001102,6.47148882e-04,0.543778,134.0806
telstar401,75,LAM,0.001215,6.47141565e-04,0.543784,134.1867
telstar401,75,LAM,0.001340,6.47133499e-04,0.543791,134.3037
telstar401,75,LAM,0.001477,6.47124606e-04,0.543798,134.4326
telstar401,75,LAM,0.001629,6.47114802e-04,0.543806,134.5747
telstar401,75,LAM,0.001796,6.47103994e-04,0.543816,134.7314
telstar401,75,LAM,0.001980,6.47092077e-04,0.543826,134.9041
telstar401,75,LAM,0.002183,6.47078940e-04,0.543837,135.0944
telstar401,75,LAM,0.002406,6.47064457e-04,0.543849,135.3041
telstar401,75,LAM,0.002653,6.47048489e-04,0.543862,135.5353
telstar401,75,LAM,0.002925,6.47030885e-04,0.543877,135.7901
telstar401,75,LAM,0.003225,6.47011478e-04,0.543893,136.0709
telstar401,75,LAM,0.003555,6.46990081e-04,0.543911,136.3803
telstar401,75,LAM,0.003919,6.46966493e-04,0.543931,136.7213
telstar401,75,LAM,0.004321,6.46940488e-04,0.543953,137.0970
telstar401,75,LAM,0.004764,6.46911819e-04,0.543977,137.5110
telstar401,75,LAM,0.005252,6.46880212e-04,0.544004,137.9672
telstar401,75,LAM,0.005790,6.46845367e-04,0.544033,138.4696
telstar401,75,LAM,0.006384,6.46806953e-04,0.544065,139.0232
telstar401,75,LAM,0.007038,6.46764603e-04,0.544101,139.6328
telstar401,75,LAM,0.007759,6.46717915e-04,0.544140,140.3043
telstar401,75,LAM,0.008555,6.46666446e-04,0.544183,141.0437
telstar401,75,LAM,0.009431,6.46609704e-04,0.544231,141.8578
telstar401,75,LAM,0.010398,6.46547151e-04,0.544284,142.7540
telstar401,75,LAM,0.011464,6.46478192e-04,0.544342,143.7403
telstar401,75,LAM,0.012638,6.46402171e-04,0.544406,144.8256
telstar401,75,LAM,0.013934,6.46318366e-04,0.544477,146.0193
telstar401,75,LAM,0.015362,6.46225981e-04,0.544554,147.3319
telstar401,75,LAM,0.016936,6.46124138e-04,0.544640,148.7745
telstar401,75,LAM,0.018672,6.46011869e-04,0.544735,150.3590
telstar401,75,LAM,0.020585,6.45888111e-04,0.544839,152.0980
telstar401,75,LAM,0.022695,6.45751687e-04,0.544954,154.0043
telstar401,75,LAM,0.025021,6.45601304e-04,0.545081,156.0909
telstar401,75,LAM,0.027585,6.45435536e-04,0.545221,158.3690
telstar401,75,LAM,0.030412,6.45252814e-04,0.545376,160.8465
telstar401,75,LAM,0.033529,6.45051405e-04,0.545546,163.5216
telstar401,75,LAM,0.036966,6.44829405e-04,0.545734,166.3683
telstar401,75,LAM,0.040754,6.44584714e-04,0.545941,169.2932
telstar401,75,LAM,0.044931,6.44315020e-04,0.546169,171.9896
telstar401,75,LAM,0.049535,6.44017776e-04,0.546422,173.5077
telstar401,75,LAM,0.054612,6.43690180e-04,0.546700,172.3736
telstar401,75,LAM,0.060209,6.43329144e-04,0.547006,168.8649
telstar401,75,LAM,0.066379,6.42931273e-04,0.547345,164.0614
telstar401,75,LAM,0.073182,6.42492828e-04,0.547718,158.4175
telstar401,75,LAM,0.080683,6.42009696e-04,0.548131,152.0650
telstar401,75,LAM,0.088951,6.41477352e-04,0.548586,145.0298
telstar401,75,LAM,0.098068,6.40890823e-04,0.549088,137.3002
telstar401,75,LAM,0.108118,6.40244638e-04,0.549642,128.8507
telstar401,75,LAM,0.119199,6.39532787e-04,0.550254,119.6529
telstar401,75,LAM,0.131415,6.38748669e-04,0.550929,109.6846
telstar401,75,LAM,0.144883,6.37885036e-04,0.551675,98.9410
telstar401,75,LAM,0.159731,6.36933932e-04,0.552499,87.4551
telstar401,75,LAM,0.176101,6.35886638e-04,0.553409,75.3396
telstar401,75,LAM,0.194149,6.34733592e-04,0.554414,62.8855
telstar401,75,LAM,0.214047,6.33464332e-04,0.555525,50.8132
telstar401,75,LAM,0.235983,6.32067409e-04,0.556753,40.9042
telstar401,75,LAM,0.260168,6.30530316e-04,0.558110,36.8866
telstar401,75,LAM,0.286832,6.28839408e-04,0.559611,42.3555
telstar401,75,LAM,0.316228,6.26979821e-04,0.561270,56.0145
telstar401,75,LAM,0.348637,6.24935391e-04,0.563107,74.5974
telstar401,75,LAM,0.384367,6.22688586e-04,0.565138,96.1434
telstar401,75,LAM,0.423759,6.20220433e-04,0.567387,119.5706
telstar401,75,LAM,0.467188,6.17510473e-04,0.569877,143.6174
telstar401,75,LAM,0.515068,6.14536722e-04,0.572635,161.9911
telstar401,75,LAM,0.567855,6.11275671e-04,0.575690,150.5171
telstar401,75,LAM,0.626052,6.07702326e-04,0.579075,124.2997
telstar401,75,LAM,0.690213,6.03790296e-04,0.582827,95.9171
telstar401,75,LAM,0.760950,5.99511962e-04,0.586986,67.3992
telstar401,75,LAM,0.838936,5.94838741e-04,0.591598,39.9183
telstar401,75,LAM,0.924915,5.89741479e-04,0.596711,16.0572
telstar401,75,LAM,1.019705,5.84190998e-04,0.602380,16.5941
telstar401,75,LAM,1.124210,5.78158847e-04,0.608665,34.6060
telstar401,75,LAM,1.239425,5.71618310e-04,0.615630,46.7906
telstar401,75,LAM,1.366448,5.64545695e-04,0.623342,44.0631
telstar401,75,LAM,1.506489,5.56921984e-04,0.631875,20.5748
telstar401,75,LAM,1.660883,5.48734881e-04,0.641303,15.4594
telstar401,75,LAM,1.831099,5.39981272e-04,0.651699,57.7094
telstar401,75,LAM,2.018760,5.30670137e-04,0.663134,137.6273
telstar401,75,LAM,2.225654,5.20825831e-04,0.675668,116.8246
telstar401,75,LAM,2.453751,5.10491667e-04,0.689346,36.4682
telstar401,75,LAM,2.705225,4.99733585e-04,0.704186,121.6371
telstar401,75,LAM,2.982471,4.88643649e-04,0.720167,113.4552
telstar401,75,LAM,3.288131,4.77343047e-04,0.737217,77.7435
telstar401,75,LAM,3.625117,4.65984360e-04,0.755187,102.2397
telstar401,75,LAM,3.996639,4.54753290e-04,0.773838,131.7194
telstar401,75,LAM,4.406236,4.43871545e-04,0.792809,89.1890
telstar401,75,LAM,4.857812,4.33607631e-04,0.811575,54.1650
telstar401,75,LAM,5.355667,4.24326206e-04,0.829327,140.9874
telstar401,75,LAM,5.904545,4.16906153e-04,0.844087,43.0744
telstar401,75,LAM,6.509675,4.09146603e-04,0.860096,57.8025
telstar401,75,LAM,7.176822,3.98466172e-04,0.883150,97.6167
telstar401,75,LAM,7.912343,3.86922994e-04,0.909497,114.7152
telstar401,75,LAM,8.723243,3.76121706e-04,0.935615,75.9658
telstar401,75,LAM,9.617249,3.67259393e-04,0.958193,39.6641
telstar401,75,LAM,10.602877,3.60831768e-04,0.975261,103.0154
telstar401,75,LAM,11.689518,3.56671304e-04,0.986637,141.3557
telstar401,75,LAM,12.887524,3.54244630e-04,0.993396,122.0145
telstar401,75,LAM,14.208308,3.52959909e-04,0.997012,40.7816
telstar401,75,LAM,15.664454,3.52340483e-04,0.998765,63.3517
telstar401,75,LAM,17.269833,3.52068706e-04,0.999536,37.5400
telstar401,75,LAM,19.039740,3.51960667e-04,0.999842,66.8721
telstar401,75,LAM,20.991037,3.51922033e-04,0.999952,121.0604
telstar401,75,LAM,23.142314,3.51909721e-04,0.999987,86.7095
telstar401,75,LAM,25.514065,3.51906262e-04,0.999997,102.1110
telstar401,75,LAM,28.128887,3.51905417e-04,0.999999,52.0262
telstar401,75,LAM,31.011689,3.51905239e-04,1.000000,167.0687
telstar401,75,LAM,34.189937,3.51905208e-04,1.000000,122.6889
telstar401,75,LAM,37.693910,3.51905203e-04,1.000000,23.5128
telstar401,75,LAM,41.556988,3.51905203e-04,1.000000,133.5244
telstar401,75,LAM,45.815977,3.51905202e-04,1.000000,17.1868
telstar401,75,LAM,50.511449,3.51905202e-04,1.000000,129.8901
telstar401,75,LAM,55.688140,3.51905202e-04,1.000000,71.8127
telstar401,75,LAM,61.395366,3.51905202e-04,1.000000,29.7290
telstar401,75,LAM,67.687500,3.51905202e-04,1.000000,93.6055
telstar401,75,LAM,74.624487,3.51905202e-04,1.000000,135.7312
telstar401,75,LAM,82.272413,3.51905202e-04,1.000000,79.4588
telstar401,75,LAM,90.704142,3.51905202e-04,1.000000,89.8771
telstar401,75,LAM,100.000000,3.51905202e-04,1.000000,163.7125
telstar401,76,LAM,0.000000,2.28890150e-04,0.524218,75.4350
telstar401,76,LAM,0.001000,2.28889728e-04,0.524219,76.0209
telstar401,76,LAM,0.001102,2.28889684e-04,0.524219,76.1095
telstar401,76,LAM,0.001215,2.28889637e-04,0.524219,76.2132
telstar401,76,LAM,0.001340,2.28889584e-04,0.524219,76.3347
telstar401,76,LAM,0.001477,2.28889526e-04,0.524219,76.4773
telstar401,76,LAM,0.001629,2.28889462e-04,0.524220,76.6449
telstar401,76,LAM,0.001796,2.28889392e-04,0.524220,76.8420
telstar401,76,LAM,0.001980,2.28889314e-04,0.524220,77.0741
telstar401,76,LAM,0.002183,2.28889228e-04,0.524220,77.3476
telstar401,76,LAM,0.002406,2.28889134e-04,0.524220,77.6699
telstar401,76,LAM,0.002653,2.28889030e-04,0.524220,78.0496
telstar401,76,LAM,0.002925,2.28888915e-04,0.524221,78.4967
telstar401,76,LAM,0.003225,2.28888788e-04,0.524221,79.0228
telstar401,76,LAM,0.003555,2.28888649e-04,0.524221,79.6407
telstar401,76,LAM,0.003919,2.28888495e-04,0.524222,80.3649
telstar401,76,LAM,0.004321,2.28888325e-04,0.524222,81.2110
telstar401,76,LAM,0.004764,2.28888138e-04,0.524223,82.1957
telstar401,76,LAM,0.005252,2.28887932e-04,0.524223,83.3359
telstar401,76,LAM,0.005790,2.28887705e-04,0.524224,84.6474
telstar401,76,LAM,0.006384,2.28887455e-04,0.524224,86.1433
telstar401,76,LAM,0.007038,2.28887178e-04,0.524225,87.8315
telstar401,76,LAM,0.007759,2.28886874e-04,0.524225,89.7102
telstar401,76,LAM,0.008555,2.28886538e-04,0.524226,91.7629
telstar401,76,LAM,0.009431,2.28886168e-04,0.524227,93.9503
telstar401,76,LAM,0.010398,2.28885760e-04,0.524228,96.2004
telstar401,76,LAM,0.011464,2.28885310e-04,0.524229,98.3951
telstar401,76,LAM,0.012638,2.28884814e-04,0.524230,100.3570
telstar401,76,LAM,0.013934,2.28884267e-04,0.524231,101.8377
telstar401,76,LAM,0.015362,2.28883664e-04,0.524233,102.5180
telstar401,76,LAM,0.016936,2.28883000e-04,0.524234,102.0344
telstar401,76,LAM,0.018672,2.28882267e-04,0.524236,100.0436
telstar401,76,LAM,0.020585,2.28881459e-04,0.524238,96.3289
telstar401,76,LAM,0.022695,2.28880568e-04,0.524240,90.9318
telstar401,76,LAM,0.025021,2.28879586e-04,0.524242,84.2960
telstar401,76,LAM,0.027585,2.28878504e-04,0.524245,77.4401
telstar401,76,LAM,0.030412,2.28877310e-04,0.524247,72.1291
telstar401,76,LAM,0.033529,2.28875994e-04,0.524250,70.7077
telstar401,76,LAM,0.036966,2.28874544e-04,0.524254,74.8966
telstar401,76,LAM,0.040754,2.28872944e-04,0.524257,83.9258
telstar401,76,LAM,0.044931,2.28871181e-04,0.524261,93.7706
telstar401,76,LAM,0.049535,2.28869237e-04,0.524266,97.7629
telstar401,76,LAM,0.054612,2.28867094e-04,0.524271,90.4480
telstar401,76,LAM,0.060209,2.28864731e-04,0.524276,75.0700
telstar401,76,LAM,0.066379,2.28862126e-04,0.524282,65.9841
telstar401,76,LAM,0.073182,2.28859254e-04,0.524289,76.7870
telstar401,76,LAM,0.080683,2.28856088e-04,0.524296,92.5190
telstar401,76,LAM,0.088951,2.28852597e-04,0.524304,84.1145
telstar401,76,LAM,0.098068,2.28848749e-04,0.524313,62.5716
telstar401,76,LAM,0.108118,2.28844506e-04,0.524322,76.4319
telstar401,76,LAM,0.119199,2.28839829e-04,0.524333,87.1218
telstar401,76,LAM,0.131415,2.28834672e-04,0.524345,59.0881
telstar401,76,LAM,0.144883,2.28828986e-04,0.524358,80.6128
telstar401,76,LAM,0.159731,2.28822718e-04,0.524372,67.4167
telstar401,76,LAM,0.176101,2.28815808e-04,0.524388,72.2345
telstar401,76,LAM,0.194149,2.28808190e-04,0.524406,63.2375
telstar401,76,LAM,0.214047,2.28799791e-04,0.524425,79.4234
telstar401,76,LAM,0.235983,2.28790531e-04,0.524446,52.7498
telstar401,76,LAM,0.260168,2.28780323e-04,0.524470,65.8601
telstar401,76,LAM,0.286832,2.28769068e-04,0.524495,81.1532
telstar401,76,LAM,0.316228,2.28756661e-04,0.524524,81.9941
telstar401,76,LAM,0.348637,2.28742982e-04,0.524555,82.4614
telstar401,76,LAM,0.384367,2.28727902e-04,0.524590,88.6048
telstar401,76,LAM,0.423759,2.28711276e-04,0.524628,90.7714
telstar401,76,LAM,0.467188,2.28692948e-04,0.524670,73.4586
telstar401,76,LAM,0.515068,2.28672741e-04,0.524716,98.3297
telstar401,76,LAM,0.567855,2.28650465e-04,0.524767,88.4079
telstar401,76,LAM,0.626052,2.28625907e-04,0.524824,117.9790
telstar401,76,LAM,0.690213,2.28598833e-04,0.524886,126.4724
telstar401,76,LAM,0.760950,2.28568986e-04,0.524955,126.5703
telstar401,76,LAM,0.838936,2.28536083e-04,0.525030,100.1232
telstar401,76,LAM,0.924915,2.28499809e-04,0.525113,111.1821
telstar401,76,LAM,1.019705,2.28459821e-04,0.525205,80.1770
telstar401,76,LAM,1.124210,2.28415738e-04,0.525307,72.7945
telstar401,76,LAM,1.239425,2.28367141e-04,0.525419,79.1183
telstar401,76,LAM,1.366448,2.28313569e-04,0.525542,76.7894
telstar401,76,LAM,1.506489,2.28254513e-04,0.525678,100.8091
telstar401,76,LAM,1.660883,2.28189413e-04,0.525828,100.5507
telstar401,76,LAM,1.831099,2.28117650e-04,0.525993,108.5580
telstar401,76,LAM,2.018760,2.28038544e-04,0.526176,81.0591
telstar401,76,LAM,2.225654,2.27951345e-04,0.526377,56.7257
telstar401,76,LAM,2.453751,2.27855227e-04,0.526599,92.7304
telstar401,76,LAM,2.705225,2.27749279e-04,0.526844,106.0640
telstar401,76,LAM,2.982471,2.27632499e-04,0.527114,99.5338
telstar401,76,LAM,3.288131,2.27503783e-04,0.527412,71.4237
telstar401,76,LAM,3.625117,2.27361915e-04,0.527742,106.2405
telstar401,76,LAM,3.996639,2.27205555e-04,0.528105,77.8275
telstar401,76,LAM,4.406236,2.27033230e-04,0.528506,89.5501
telstar401,76,LAM,4.857812,2.26843317e-04,0.528948,103.8057
telstar401,76,LAM,5.355667,2.26634030e-04,0.529436,78.7840
telstar401,76,LAM,5.904545,2.26403405e-04,0.529976,90.7376
telstar401,76,LAM,6.509675,2.26149282e-04,0.530571,87.6791
telstar401,76,LAM,7.176822,2.25869284e-04,0.531229,69.5894
telstar401,76,LAM,7.912343,2.25560800e-04,0.531956,96.1786
telstar401,76,LAM,8.723243,2.25220962e-04,0.532758,127.7057
telstar401,76,LAM,9.617249,2.24846618e-04,0.533645,91.2077
telstar401,76,LAM,10.602877,2.24434313e-04,0.534626,100.1073
telstar401,76,LAM,11.689518,2.23980254e-04,0.535709,121.7223
telstar401,76,LAM,12.887524,2.23480288e-04,0.536908,119.7164
telstar401,76,LAM,14.208308,2.22929868e-04,0.538233,72.8192
telstar401,76,LAM,15.664454,2.22324020e-04,0.539700,96.2087
telstar401,76,LAM,17.269833,2.21657317e-04,0.541324,64.9288
telstar401,76,LAM,19.039740,2.20923839e-04,0.543121,99.0955
telstar401,76,LAM,20.991037,2.20117150e-04,0.545111,98.3824
telstar401,76,LAM,23.142314,2.19230259e-04,0.547316,86.6351
telstar401,76,LAM,25.514065,2.18255604e-04,0.549761,94.0422
telstar401,76,LAM,28.128887,2.17185026e-04,0.552471,61.7767
telstar401,76,LAM,31.011689,2.16009763e-04,0.555476,100.7241
telstar401,76,LAM,34.189937,2.14720452e-04,0.558812,83.0470
telstar401,76,LAM,37.693910,2.13307152e-04,0.562514,98.8714
telstar401,76,LAM,41.556988,2.11759394e-04,0.566626,90.9699
telstar401,76,LAM,45.815977,2.10066262e-04,0.571193,96.6442
telstar401,76,LAM,50.511449,2.08216519e-04,0.576267,102.1261
telstar401,76,LAM,55.688140,2.06198802e-04,0.581906,108.6716
telstar401,76,LAM,61.395366,2.04001872e-04,0.588173,63.1211
telstar401,76,LAM,67.687500,2.01614978e-04,0.595136,112.7737
telstar401,76,LAM,74.624487,1.99028316e-04,0.602871,92.8353
telstar401,76,LAM,82.272413,1.96233633e-04,0.611456,75.2202
telstar401,76,LAM,90.704142,1.93224980e-04,0.620977,117.8346
telstar401,76,LAM,100.000000,1.89999632e-04,0.631519,98.5548
telstar401,77,SAM,0.000000,4.05077166e-04,0.969875,24.5152
telstar401,77,SAM,0.001000,4.05067764e-04,0.969898,26.5001
telstar401,77,SAM,0.001102,4.05066801e-04,0.969900,26.7462
telstar401,77,SAM,0.001215,4.05065739e-04,0.969903,27.0258
telstar401,77,SAM,0.001340,4.05064568e-04,0.969905,27.3438
telstar401,77,SAM,0.001477,4.05063278e-04,0.969908,27.7058
telstar401,77,SAM,0.001629,4.05061855e-04,0.969912,28.1184
telstar401,77,SAM,0.001796,4.05060287e-04,0.969916,28.5887
telstar401,77,SAM,0.001980,4.05058559e-04,0.969920,29.1252
telstar401,77,SAM,0.002183,4.05056653e-04,0.969924,29.7374
telstar401,77,SAM,0.002406,4.05054553e-04,0.969929,30.4358
telstar401,77,SAM,0.002653,4.05052237e-04,0.969935,31.2326
telstar401,77,SAM,0.002925,4.05049685e-04,0.969941,32.1411
telstar401,77,SAM,0.003225,4.05046872e-04,0.969948,33.1763
telstar401,77,SAM,0.003555,4.05043771e-04,0.969955,34.3545
telstar401,77,SAM,0.003919,4.05040353e-04,0.969963,35.6940
telstar401,77,SAM,0.004321,4.05036586e-04,0.969972,37.2146
telstar401,77,SAM,0.004764,4.05032434e-04,0.969982,38.9381
telstar401,77,SAM,0.005252,4.05027858e-04,0.969993,40.8880
telstar401,77,SAM,0.005790,4.05022815e-04,0.970005,43.0900
telstar401,77,SAM,0.006384,4.05017257e-04,0.970019,45.5717
telstar401,77,SAM,0.007038,4.05011132e-04,0.970033,48.3630
telstar401,77,SAM,0.007759,4.05004383e-04,0.970050,51.4964
telstar401,77,SAM,0.008555,4.04996946e-04,0.970067,55.0068
telstar401,77,SAM,0.009431,4.04988751e-04,0.970087,58.9320
telstar401,77,SAM,0.010398,4.04979723e-04,0.970109,63.3128
telstar401,77,SAM,0.011464,4.04969776e-04,0.970132,68.1933
telstar401,77,SAM,0.012638,4.04958818e-04,0.970159,73.6211
telstar401,77,SAM,0.013934,4.04946748e-04,0.970188,79.6470
telstar401,77,SAM,0.015362,4.04933453e-04,0.970219,86.3249
telstar401,77,SAM,0.016936,4.04918811e-04,0.970255,93.7109
telstar401,77,SAM,0.018672,4.04902687e-04,0.970293,101.8609
telstar401,77,SAM,0.020585,4.04884933e-04,0.970336,110.8254
telstar401,77,SAM,0.022695,4.04865387e-04,0.970383,120.6358
telstar401,77,SAM,0.025021,4.04843870e-04,0.970434,131.2696
telstar401,77,SAM,0.027585,4.04820190e-04,0.970491,142.5364
telstar401,77,SAM,0.030412,4.04794131e-04,0.970553,153.6273
telstar401,77,SAM,0.033529,4.04765461e-04,0.970622,161.0970
telstar401,77,SAM,0.036966,4.04733925e-04,0.970698,157.1614
telstar401,77,SAM,0.040754,4.04699244e-04,0.970781,143.2446
telstar401,77,SAM,0.044931,4.04661115e-04,0.970872,124.8664
telstar401,77,SAM,0.049535,4.04619208e-04,0.970973,103.7946
telstar401,77,SAM,0.054612,4.04573161e-04,0.971083,80.7069
telstar401,77,SAM,0.060209,4.04522585e-04,0.971205,56.7163
telstar401,77,SAM,0.066379,4.04467055e-04,0.971338,36.5897
telstar401,77,SAM,0.073182,4.04406112e-04,0.971485,37.8050
telstar401,77,SAM,0.080683,4.04339259e-04,0.971645,64.4830
telstar401,77,SAM,0.088951,4.04265962e-04,0.971821,101.6361
telstar401,77,SAM,0.098068,4.04185647e-04,0.972015,144.2061
telstar401,77,SAM,0.108118,4.04097696e-04,0.972226,163.5587
telstar401,77,SAM,0.119199,4.04001452e-04,0.972458,113.5701
telstar401,77,SAM,0.131415,4.03896215e-04,0.972711,61.5401
telstar401,77,SAM,0.144883,4.03781244e-04,0.972988,46.3643
telstar401,77,SAM,0.159731,4.03655758e-04,0.973290,102.7180
telstar401,77,SAM,0.176101,4.03518939e-04,0.973621,177.0575
telstar401,77,SAM,0.194149,4.03369939e-04,0.973980,98.7483
telstar401,77,SAM,0.214047,4.03207883e-04,0.974372,47.3329
telstar401,77,SAM,0.235983,4.03031880e-04,0.974797,126.4993
telstar401,77,SAM,0.260168,4.02841033e-04,0.975259,122.1155
telstar401,77,SAM,0.286832,4.02634454e-04,0.975759,49.7042
telstar401,77,SAM,0.316228,4.02411283e-04,0.976300,168.8691
telstar401,77,SAM,0.348637,4.02170711e-04,0.976884,49.6476
telstar401,77,SAM,0.384367,4.01912003e-04,0.977513,156.3075
telstar401,77,SAM,0.423759,4.01634537e-04,0.978189,34.0233
telstar401,77,SAM,0.467188,4.01337835e-04,0.978912,134.3629
telstar401,77,SAM,0.515068,4.01021608e-04,0.979684,108.4171
telstar401,77,SAM,0.567855,4.00685805e-04,0.980505,27.6135
telstar401,77,SAM,0.626052,4.00330668e-04,0.981375,32.1137
telstar401,77,SAM,0.690213,3.99956781e-04,0.982292,56.4251
telstar401,77,SAM,0.760950,3.99565134e-04,0.983255,51.1340
telstar401,77,SAM,0.838936,3.99157179e-04,0.984260,11.5652
telstar401,77,SAM,0.924915,3.98734877e-04,0.985302,74.5532
telstar401,77,SAM,1.019705,3.98300744e-04,0.986376,139.1773
telstar401,77,SAM,1.124210,3.97857874e-04,0.987474,60.7240
telstar401,77,SAM,1.239425,3.97409940e-04,0.988587,81.3214
telstar401,77,SAM,1.366448,3.96961169e-04,0.989705,124.3941
telstar401,77,SAM,1.506489,3.96516277e-04,0.990815,95.7383
telstar401,77,SAM,1.660883,3.96080356e-04,0.991906,5.9278
telstar401,77,SAM,1.831099,3.95658719e-04,0.992963,135.7941
telstar401,77,SAM,2.018760,3.95256701e-04,0.993973,109.6932
telstar401,77,SAM,2.225654,3.94879412e-04,0.994922,140.6295
telstar401,77,SAM,2.453751,3.94531472e-04,0.995800,85.9000
telstar401,77,SAM,2.705225,3.94216727e-04,0.996595,132.9738
telstar401,77,SAM,2.982471,3.93938000e-04,0.997300,116.0872
telstar401,77,SAM,3.288131,3.93696879e-04,0.997911,95.7001
telstar401,77,SAM,3.625117,3.93493592e-04,0.998426,99.2444
telstar401,77,SAM,3.996639,3.93326985e-04,0.998849,51.8137
telstar401,77,SAM,4.406236,3.93194623e-04,0.999185,36.4397
telstar401,77,SAM,4.857812,3.93092999e-04,0.999444,67.9487
telstar401,77,SAM,5.355667,3.93017851e-04,0.999635,107.2693
telstar401,77,SAM,5.904545,3.92964529e-04,0.999770,141.2874
telstar401,77,SAM,6.509675,3.92928370e-04,0.999862,122.6110
telstar401,77,SAM,7.176822,3.92905044e-04,0.999922,116.8637
telstar401,77,SAM,7.912343,3.92890799e-04,0.999958,85.9485
telstar401,77,SAM,8.723243,3.92882609e-04,0.999979,13.3445
telstar401,77,SAM,9.617249,3.92878204e-04,0.999990,131.6758
telstar401,77,SAM,10.602877,3.92876001e-04,0.999996,85.2486
telstar401,77,SAM,11.689518,3.92874985e-04,0.999998,121.8273
telstar401,77,SAM,12.887524,3.92874556e-04,0.999999,121.9792
telstar401,77,SAM,14.208308,3.92874391e-04,1.000000,175.9147
telstar401,77,SAM,15.664454,3.92874335e-04,1.000000,130.1297
telstar401,77,SAM,17.269833,3.92874318e-04,1.000000,152.3859
telstar401,77,SAM,19.039740,3.92874313e-04,1.000000,84.4748
telstar401,77,SAM,20.991037,3.92874312e-04,1.000000,139.9325
telstar401,77,SAM,23.142314,3.92874312e-04,1.000000,42.4315
telstar401,77,SAM,25.514065,3.92874312e-04,1.000000,116.9101
telstar401,77,SAM,28.128887,3.92874312e-04,1.000000,41.1093
telstar401,77,SAM,31.011689,3.92874312e-04,1.000000,140.6190
telstar401,77,SAM,34.189937,3.92874312e-04,1.000000,96.4258
telstar401,77,SAM,37.693910,3.92874312e-04,1.000000,7.1106
telstar401,77,SAM,41.556988,3.92874312e-04,1.000000,43.9479
telstar401,77,SAM,45.815977,3.92874312e-04,1.000000,68.7438
telstar401,77,SAM,50.511449,3.92874312e-04,1.000000,46.0918
telstar401,77,SAM,55.688140,3.92874312e-04,1.000000,66.3312
telstar401,77,SAM,61.395366,3.92874312e-04,1.000000,117.6307
telstar401,77,SAM,67.687500,3.92874312e-04,1.000000,121.2963
telstar401,77,SAM,74.624487,3.92874312e-04,1.000000,68.0826
telstar401,77,SAM,82.272413,3.92874312e-04,1.000000,59.8405
telstar401,77,SAM,90.704142,3.92874312e-04,1.000000,65.9890
telstar401,77,SAM,100.000000,3.92874312e-04,1.000000,106.4268
telstar401,78,LAM,0.000000,3.45870304e-03,0.486610,128.1797
telstar401,78,LAM,0.001000,3.44781677e-03,0.488146,128.2795
telstar401,78,LAM,0.001102,3.44670072e-03,0.488304,128.2890
telstar401,78,LAM,0.001215,3.44547022e-03,0.488479,128.2993
telstar401,78,LAM,0.001340,3.44411352e-03,0.488671,128.3105
telstar401,78,LAM,0.001477,3.44261767e-03,0.488883,128.3226
telstar401,78,LAM,0.001629,3.44096840e-03,0.489118,128.3357
telstar401,78,LAM,0.001796,3.43914996e-03,0.489376,128.3498
telstar401,78,LAM,0.001980,3.43714499e-03,0.489662,128.3649
telstar401,78,LAM,0.002183,3.43493433e-03,0.489977,128.3811
telstar401,78,LAM,0.002406,3.43249689e-03,0.490325,128.3983
telstar401,78,LAM,0.002653,3.42980937e-03,0.490709,128.4166
telstar401,78,LAM,0.002925,3.42684611e-03,0.491133,128.4359
telstar401,78,LAM,0.003225,3.42357881e-03,0.491602,128.4562
telstar401,78,LAM,0.003555,3.41997628e-03,0.492120,128.4774
telstar401,78,LAM,0.003919,3.41600411e-03,0.492692,128.4992
telstar401,78,LAM,0.004321,3.41162439e-03,0.493325,128.5215
telstar401,78,LAM,0.004764,3.40679534e-03,0.494024,128.5439
telstar401,78,LAM,0.005252,3.40147091e-03,0.494797,128.5662
telstar401,78,LAM,0.005790,3.39560038e-03,0.495653,128.5876
telstar401,78,LAM,0.006384,3.38912789e-03,0.496599,128.6077
telstar401,78,LAM,0.007038,3.38199194e-03,0.497647,128.6256
telstar401,78,LAM,0.007759,3.37412485e-03,0.498807,128.6403
telstar401,78,LAM,0.008555,3.36545222e-03,0.500093,128.6505
telstar401,78,LAM,0.009431,3.35589227e-03,0.501518,128.6548
telstar401,78,LAM,0.010398,3.34535524e-03,0.503097,128.6514
telstar401,78,LAM,0.011464,3.33374271e-03,0.504850,128.6382
telstar401,78,LAM,0.012638,3.32094691e-03,0.506795,128.6128
telstar401,78,LAM,0.013934,3.30685008e-03,0.508955,128.5721
telstar401,78,LAM,0.015362,3.29132383e-03,0.511356,128.5130
telstar401,78,LAM,0.016936,3.27422858e-03,0.514026,128.4316
telstar401,78,LAM,0.018672,3.25541316e-03,0.516997,128.3237
telstar401,78,LAM,0.020585,3.23471456e-03,0.520305,128.1847
telstar401,78,LAM,0.022695,3.21195804e-03,0.523992,128.0095
telstar401,78,LAM,0.025021,3.18695768e-03,0.528102,127.7924
telstar401,78,LAM,0.027585,3.15951752e-03,0.532689,127.5274
telstar401,78,LAM,0.030412,3.12943357e-03,0.537809,127.2079
telstar401,78,LAM,0.033529,3.09649694e-03,0.543530,126.8265
telstar401,78,LAM,0.036966,3.06049853e-03,0.549923,126.3741
telstar401,78,LAM,0.040754,3.02123553e-03,0.557070,125.8398
telstar401,78,LAM,0.044931,2.97852043e-03,0.565059,125.2081
telstar401,78,LAM,0.049535,2.93219292e-03,0.573986,124.4568
telstar401,78,LAM,0.054612,2.88213519e-03,0.583956,123.5516
telstar401,78,LAM,0.060209,2.82829109e-03,0.595073,122.4401
telstar401,78,LAM,0.066379,2.77068922e-03,0.607444,121.0412
telstar401,78,LAM,0.073182,2.70946959e-03,0.621169,119.2326
telstar401,78,LAM,0.080683,2.64491269e-03,0.636331,116.8361
telstar401,78,LAM,0.088951,2.57746885e-03,0.652981,113.6039
telstar401,78,LAM,0.098068,2.50778423e-03,0.671126,109.2122
telstar401,78,LAM,0.108118,2.43671879e-03,0.690699,103.2695
telstar401,78,LAM,0.119199,2.36535027e-03,0.711539,95.3472
telstar401,78,LAM,0.131415,2.29495885e-03,0.733363,85.0358
telstar401,78,LAM,0.144883,2.22698972e-03,0.755746,72.0374
telstar401,78,LAM,0.159731,2.16299750e-03,0.778105,56.3623
telstar401,78,LAM,0.176101,2.10459224e-03,0.799698,39.0408
telstar401,78,LAM,0.194149,2.05344964e-03,0.819615,25.9987
telstar401,78,LAM,0.214047,2.01167579e-03,0.836635,33.6316
telstar401,78,LAM,0.235983,1.98271940e-03,0.848854,56.9663
telstar401,78,LAM,0.260168,1.94705089e-03,0.864404,86.0237
telstar401,78,LAM,0.286832,1.90724138e-03,0.882447,108.4729
telstar401,78,LAM,0.316228,1.86705597e-03,0.901440,97.8087
telstar401,78,LAM,0.348637,1.82893037e-03,0.920231,52.5816
telstar401,78,LAM,0.384367,1.79459884e-03,0.937836,41.8599
telstar401,78,LAM,0.423759,1.76515904e-03,0.953477,108.0356
telstar401,78,LAM,0.467188,1.74109735e-03,0.966654,102.6504
telstar401,78,LAM,0.515068,1.72235989e-03,0.977170,51.1148
telstar401,78,LAM,0.567855,1.70847434e-03,0.985112,137.5387
telstar401,78,LAM,0.626052,1.69870066e-03,0.990780,73.3796
telstar401,78,LAM,0.690213,1.69218312e-03,0.994596,139.9205
telstar401,78,LAM,0.760950,1.68807885e-03,0.997014,72.2702
telstar401,78,LAM,0.838936,1.68564783e-03,0.998452,143.6575
telstar401,78,LAM,0.924915,1.68429991e-03,0.999251,100.3937
telstar401,78,LAM,1.019705,1.68360424e-03,0.999664,44.7961
telstar401,78,LAM,1.124210,1.68327221e-03,0.999861,58.2080
telstar401,78,LAM,1.239425,1.68312676e-03,0.999948,72.0371
telstar401,78,LAM,1.366448,1.68306876e-03,0.999982,72.2229
telstar401,78,LAM,1.506489,1.68304791e-03,0.999995,61.8099
telstar401,78,LAM,1.660883,1.68304121e-03,0.999999,74.4872
telstar401,78,LAM,1.831099,1.68303932e-03,1.000000,150.8616
telstar401,78,LAM,2.018760,1.68303885e-03,1.000000,47.6099
telstar401,78,LAM,2.225654,1.68303875e-03,1.000000,103.1405
telstar401,78,LAM,2.453751,1.68303874e-03,1.000000,119.1313
telstar401,78,LAM,2.705225,1.68303873e-03,1.000000,142.6940
telstar401,78,LAM,2.982471,1.68303873e-03,1.000000,122.8859
telstar401,78,LAM,3.288131,1.68303873e-03,1.000000,28.0100
telstar401,78,LAM,3.625117,1.68303873e-03,1.000000,110.7011
telstar401,78,LAM,3.996639,1.68303873e-03,1.000000,108.3220
telstar401,78,LAM,4.406236,1.68303873e-03,1.000000,39.6551
telstar401,78,LAM,4.857812,1.68303873e-03,1.000000,149.4302
telstar401,78,LAM,5.355667,1.68303873e-03,1.000000,114.0074
telstar401,78,LAM,5.904545,1.68303873e-03,1.000000,77.6197
telstar401,78,LAM,6.509675,1.68303873e-03,1.000000,114.1151
telstar401,78,LAM,7.176822,1.68303873e-03,1.000000,30.2931
telstar401,78,LAM,7.912343,1.68303873e-03,1.000000,84.9934
telstar401,78,LAM,8.723243,1.68303873e-03,1.000000,106.2723
telstar401,78,LAM,9.617249,1.68303873e-03,1.000000,125.5089
telstar401,78,LAM,10.602877,1.68303873e-03,1.000000,85.4951
telstar401,78,LAM,11.689518,1.68303873e-03,1.000000,88.9962
telstar401,78,LAM,12.887524,1.68303873e-03,1.000000,127.7870
telstar401,78,LAM,14.208308,1.68303873e-03,1.000000,49.0387
telstar401,78,LAM,15.664454,1.68303873e-03,1.000000,144.8786
telstar401,78,LAM,17.269833,1.68303873e-03,1.000000,60.1072
telstar401,78,LAM,19.039740,1.68303873e-03,1.000000,88.5876
telstar401,78,LAM,20.991037,1.68303873e-03,1.000000,84.2282
telstar401,78,LAM,23.142314,1.68303873e-03,1.000000,47.4985
telstar401,78,LAM,25.514065,1.68303873e-03,1.000000,95.5570
telstar401,78,LAM,28.128887,1.68303873e-03,1.000000,115.5198
telstar401,78,LAM,31.011689,1.68303873e-03,1.000000,127.1260
telstar401,78,LAM,34.189937,1.68303873e-03,1.000000,85.1647
telstar401,78,LAM,37.693910,1.68303873e-03,1.000000,149.4183
telstar401,78,LAM,41.556988,1.68303873e-03,1.000000,100.4607
telstar401,78,LAM,45.815977,1.68303873e-03,1.000000,81.8305
telstar401,78,LAM,50.511449,1.68303873e-03,1.000000,132.3132
telstar401,78,LAM,55.688140,1.68303873e-03,1.000000,139.3259
telstar401,78,LAM,61.395366,1.68303873e-03,1.000000,33.5802
telstar401,78,LAM,67.687500,1.68303873e-03,1.000000,69.1212
telstar401,78,LAM,74.624487,1.68303873e-03,1.000000,79.5851
telstar401,78,LAM,82.272413,1.68303873e-03,1.000000,27.3739
telstar401,78,LAM,90.704142,1.68303873e-03,1.000000,70.2265
telstar401,78,LAM,100.000000,1.68303873e-03,1.000000,59.3417
telstar401,79,LAM,0.000000,2.66504320e-04,0.479722,85.0695
telstar401,79,LAM,0.001000,2.66503743e-04,0.479723,95.3321
telstar401,79,LAM,0.001102,2.66503684e-04,0.479723,96.3801
telstar401,79,LAM,0.001215,2.66503619e-04,0.479723,97.5330
telstar401,79,LAM,0.001340,2.66503548e-04,0.479723,98.8007
telstar401,79,LAM,0.001477,2.66503468e-04,0.479723,100.1933
telstar401,79,LAM,0.001629,2.66503381e-04,0.479724,101.7216
telstar401,79,LAM,0.001796,2.66503285e-04,0.479724,103.3964
telstar401,79,LAM,0.001980,2.66503179e-04,0.479724,105.2286
telstar401,79,LAM,0.002183,2.66503062e-04,0.479724,107.2285
telstar401,79,LAM,0.002406,2.66502933e-04,0.479724,109.4049
telstar401,79,LAM,0.002653,2.66502791e-04,0.479725,111.7640
telstar401,79,LAM,0.002925,2.66502634e-04,0.479725,114.3076
telstar401,79,LAM,0.003225,2.66502462e-04,0.479725,117.0301
telstar401,79,LAM,0.003555,2.66502271e-04,0.479726,119.9138
telstar401,79,LAM,0.003919,2.66502061e-04,0.479726,122.9226
telstar401,79,LAM,0.004321,2.66501830e-04,0.479726,125.9913
telstar401,79,LAM,0.004764,2.66501575e-04,0.479727,129.0098
telstar401,79,LAM,0.005252,2.66501294e-04,0.479727,131.8026
telstar401,79,LAM,0.005790,2.66500983e-04,0.479728,134.1040
telstar401,79,LAM,0.006384,2.66500642e-04,0.479729,135.5431
telstar401,79,LAM,0.007038,2.66500265e-04,0.479729,135.6649
telstar401,79,LAM,0.007759,2.66499849e-04,0.479730,134.0159
telstar401,79,LAM,0.008555,2.66499391e-04,0.479731,130.2738
telstar401,79,LAM,0.009431,2.66498886e-04,0.479732,124.3283
telstar401,79,LAM,0.010398,2.66498329e-04,0.479733,116.2569
telstar401,79,LAM,0.011464,2.66497715e-04,0.479734,106.2477
telstar401,79,LAM,0.012638,2.66497038e-04,0.479735,94.5620
telstar401,79,LAM,0.013934,2.66496292e-04,0.479736,81.5912
telstar401,79,LAM,0.015362,2.66495469e-04,0.479738,68.0810
telstar401,79,LAM,0.016936,2.66494562e-04,0.479739,55.7218
telstar401,79,LAM,0.018672,2.66493562e-04,0.479741,48.3068
telstar401,79,LAM,0.020585,2.66492459e-04,0.479743,51.2913
telstar401,79,LAM,0.022695,2.66491244e-04,0.479745,65.8984
telstar401,79,LAM,0.025021,2.66489904e-04,0.479748,88.3056
telstar401,79,LAM,0.027585,2.66488427e-04,0.479751,114.2509
telstar401,79,LAM,0.030412,2.66486798e-04,0.479753,136.1670
telstar401,79,LAM,0.033529,2.66485002e-04,0.479757,133.3613
telstar401,79,LAM,0.036966,2.66483022e-04,0.479760,103.3718
telstar401,79,LAM,0.040754,2.66480839e-04,0.479764,67.1500
telstar401,79,LAM,0.044931,2.66478433e-04,0.479768,52.4924
telstar401,79,LAM,0.049535,2.66475780e-04,0.479773,86.3529
telstar401,79,LAM,0.054612,2.66472855e-04,0.479779,134.8488
telstar401,79,LAM,0.060209,2.66469630e-04,0.479784,122.5055
telstar401,79,LAM,0.066379,2.66466075e-04,0.479791,64.9333
telstar401,79,LAM,0.073182,2.66462155e-04,0.479798,76.4278
telstar401,79,LAM,0.080683,2.66457834e-04,0.479806,144.1949
telstar401,79,LAM,0.088951,2.66453070e-04,0.479814,87.4885
telstar401,79,LAM,0.098068,2.66447817e-04,0.479824,78.3335
telstar401,79,LAM,0.108118,2.66442026e-04,0.479834,143.7228
telstar401,79,LAM,0.119199,2.66435642e-04,0.479846,60.9288
telstar401,79,LAM,0.131415,2.66428603e-04,0.479858,151.8319
telstar401,79,LAM,0.144883,2.66420842e-04,0.479872,64.6775
telstar401,79,LAM,0.159731,2.66412287e-04,0.479888,132.9412
telstar401,79,LAM,0.176101,2.66402854e-04,0.479905,114.7401
telstar401,79,LAM,0.194149,2.66392454e-04,0.479923,67.2743
telstar401,79,LAM,0.214047,2.66380988e-04,0.479944,91.2323
telstar401,79,LAM,0.235983,2.66368347e-04,0.479967,120.1755
telstar401,79,LAM,0.260168,2.66354411e-04,0.479992,127.6224
telstar401,79,LAM,0.286832,2.66339045e-04,0.480020,109.6279
telstar401,79,LAM,0.316228,2.66322105e-04,0.480050,72.2830
telstar401,79,LAM,0.348637,2.66303428e-04,0.480084,94.0311
telstar401,79,LAM,0.384367,2.66282836e-04,0.480121,128.1702
telstar401,79,LAM,0.423759,2.66260133e-04,0.480162,88.6362
telstar401,79,LAM,0.467188,2.66235102e-04,0.480207,52.6722
telstar401,79,LAM,0.515068,2.66207505e-04,0.480257,62.6338
telstar401,79,LAM,0.567855,2.66177079e-04,0.480312,37.9344
telstar401,79,LAM,0.626052,2.66143532e-04,0.480372,85.3195
telstar401,79,LAM,0.690213,2.66106546e-04,0.480439,52.7197
telstar401,79,LAM,0.760950,2.66065767e-04,0.480513,93.5281
telstar401,79,LAM,0.838936,2.66020806e-04,0.480594,71.1860
telstar401,79,LAM,0.924915,2.65971233e-04,0.480683,66.8568
telstar401,79,LAM,1.019705,2.65916576e-04,0.480782,51.0561
telstar401,79,LAM,1.124210,2.65856312e-04,0.480891,67.5722
telstar401,79,LAM,1.239425,2.65789867e-04,0.481011,129.6254
telstar401,79,LAM,1.366448,2.65716604e-04,0.481144,117.0256
telstar401,79,LAM,1.506489,2.65635825e-04,0.481290,80.7092
telstar401,79,LAM,1.660883,2.65546756e-04,0.481452,87.8600
telstar401,79,LAM,1.831099,2.65448546e-04,0.481630,25.0844
telstar401,79,LAM,2.018760,2.65340256e-04,0.481826,122.2689
telstar401,79,LAM,2.225654,2.65220849e-04,0.482043,157.4737
telstar401,79,LAM,2.453751,2.65089183e-04,0.482283,131.5310
telstar401,79,LAM,2.705225,2.64943997e-04,0.482547,62.2211
telstar401,79,LAM,2.982471,2.64783900e-04,0.482839,43.0872
telstar401,79,LAM,3.288131,2.64607358e-04,0.483161,89.8619
telstar401,79,LAM,3.625117,2.64412677e-04,0.483517,63.2217
telstar401,79,LAM,3.996639,2.64197992e-04,0.483910,53.0953
telstar401,79,LAM,4.406236,2.63961242e-04,0.484344,96.9257
telstar401,79,LAM,4.857812,2.63700153e-04,0.484823,33.0577
telstar401,79,LAM,5.355667,2.63412218e-04,0.485353,98.7222
telstar401,79,LAM,5.904545,2.63094672e-04,0.485939,112.4293
telstar401,79,LAM,6.509675,2.62744462e-04,0.486587,44.8990
telstar401,79,LAM,7.176822,2.62358222e-04,0.487303,126.1552
telstar401,79,LAM,7.912343,2.61932238e-04,0.488096,100.3988
telstar401,79,LAM,8.723243,2.61462416e-04,0.488973,45.2615
telstar401,79,LAM,9.617249,2.60944242e-04,0.489944,85.1974
telstar401,79,LAM,10.602877,2.60372737e-04,0.491019,89.1483
telstar401,79,LAM,11.689518,2.59742419e-04,0.492211,100.5802
telstar401,79,LAM,12.887524,2.59047248e-04,0.493531,83.3797
telstar401,79,LAM,14.208308,2.58280579e-04,0.494996,153.1898
telstar401,79,LAM,15.664454,2.57435101e-04,0.496622,27.1878
telstar401,79,LAM,17.269833,2.56502786e-04,0.498427,135.5631
telstar401,79,LAM,19.039740,2.55474824e-04,0.500433,113.5043
telstar401,79,LAM,20.991037,2.54341570e-04,0.502662,51.3770
telstar401,79,LAM,23.142314,2.53092480e-04,0.505143,129.6938
telstar401,79,LAM,25.514065,2.51716066e-04,0.507905,115.2788
telstar401,79,LAM,28.128887,2.50199850e-04,0.510983,71.5082
telstar401,79,LAM,31.011689,2.48530341e-04,0.514416,107.7741
telstar401,79,LAM,34.189937,2.46693031e-04,0.518247,123.8465
telstar401,79,LAM,37.693910,2.44672435e-04,0.522527,112.8318
telstar401,79,LAM,41.556988,2.42452173e-04,0.527312,105.9681
telstar401,79,LAM,45.815977,2.40015131e-04,0.532666,24.0368
telstar401,79,LAM,50.511449,2.37343714e-04,0.538662,47.3268
telstar401,79,LAM,55.688140,2.34420228e-04,0.545379,38.9577
telstar401,79,LAM,61.395366,2.31227423e-04,0.552910,70.2982
telstar401,79,LAM,67.687500,2.27749252e-04,0.561354,39.5288
telstar401,79,LAM,74.624487,2.23971872e-04,0.570821,30.3330
telstar401,79,LAM,82.272413,2.19884951e-04,0.581431,72.8877
telstar401,79,LAM,90.704142,2.15483308e-04,0.593308,100.7557
telstar401,79,LAM,100.000000,2.10768888e-04,0.606579,110.0687
telstar401,80,LAM,0.000000,1.02174609e-03,0.551072,66.1789
telstar401,80,LAM,0.001000,1.02129364e-03,0.551316,66.3348
telstar401,80,LAM,0.001102,1.02124728e-03,0.551342,66.3519
telstar401,80,LAM,0.001215,1.02119617e-03,0.551369,66.3709
telstar401,80,LAM,0.001340,1.02113982e-03,0.551400,66.3921
telstar401,80,LAM,0.001477,1.02107771e-03,0.551433,66.4159
telstar401,80,LAM,0.001629,1.02100923e-03,0.551470,66.4425
telstar401,80,LAM,0.001796,1.02093373e-03,0.551511,66.4723
telstar401,80,LAM,0.001980,1.02085051e-03,0.551556,66.5057
telstar401,80,LAM,0.002183,1.02075876e-03,0.551605,66.5433
telstar401,80,LAM,0.002406,1.02065762e-03,0.551660,66.5856
telstar401,80,LAM,0.002653,1.02054612e-03,0.551720,66.6334
telstar401,80,LAM,0.002925,1.02042321e-03,0.551787,66.6872
telstar401,80,LAM,0.003225,1.02028771e-03,0.551860,66.7481
telstar401,80,LAM,0.003555,1.02013835e-03,0.551941,66.8172
telstar401,80,LAM,0.003919,1.01997369e-03,0.552030,66.8955
telstar401,80,LAM,0.004321,1.01979219e-03,0.552128,66.9845
telstar401,80,LAM,0.004764,1.01959212e-03,0.552237,67.0859
telstar401,80,LAM,0.005252,1.01937158e-03,0.552356,67.2015
telstar401,80,LAM,0.005790,1.01912848e-03,0.552488,67.3336
telstar401,80,LAM,0.006384,1.01886053e-03,0.552633,67.4849
telstar401,80,LAM,0.007038,1.01856518e-03,0.552793,67.6583
telstar401,80,LAM,0.007759,1.01823965e-03,0.552970,67.8574
telstar401,80,LAM,0.008555,1.01788086e-03,0.553165,68.0864
telstar401,80,LAM,0.009431,1.01748542e-03,0.553380,68.3500
telstar401,80,LAM,0.010398,1.01704960e-03,0.553617,68.6538
telstar401,80,LAM,0.011464,1.01656930e-03,0.553879,69.0044
telstar401,80,LAM,0.012638,1.01604000e-03,0.554167,69.4091
telstar401,80,LAM,0.013934,1.01545673e-03,0.554485,69.8764
telstar401,80,LAM,0.015362,1.01481402e-03,0.554837,70.4162
telstar401,80,LAM,0.016936,1.01410585e-03,0.555224,71.0394
telstar401,80,LAM,0.018672,1.01332559e-03,0.555652,71.7586
telstar401,80,LAM,0.020585,1.01246599e-03,0.556123,72.5874
telstar401,80,LAM,0.022695,1.01151903e-03,0.556644,73.5411
telstar401,80,LAM,0.025021,1.01047594e-03,0.557219,74.6363
telstar401,80,LAM,0.027585,1.00932706e-03,0.557853,75.8903
telstar401,80,LAM,0.030412,1.00806182e-03,0.558553,77.3215
telstar401,80,LAM,0.033529,1.00666859e-03,0.559326,78.9483
telstar401,80,LAM,0.036966,1.00513465e-03,0.560180,80.7888
telstar401,80,LAM,0.040754,1.00344605e-03,0.561122,82.8593
telstar401,80,LAM,0.044931,1.00158753e-03,0.562164,85.1739
telstar401,80,LAM,0.049535,9.99542398e-04,0.563314,87.7426
telstar401,80,LAM,0.054612,9.97292427e-04,0.564585,90.5694
telstar401,80,LAM,0.060209,9.94817741e-04,0.565989,93.6511
telstar401,80,LAM,0.066379,9.92096696e-04,0.567541,96.9746
telstar401,80,LAM,0.073182,9.89105766e-04,0.569258,100.5149
telstar401,80,LAM,0.080683,9.85819437e-04,0.571155,104.2330
telstar401,80,LAM,0.088951,9.82210108e-04,0.573254,108.0743
telstar401,80,LAM,0.098068,9.78248013e-04,0.575576,111.9677
telstar401,80,LAM,0.108118,9.73901170e-04,0.578145,115.8259
telstar401,80,LAM,0.119199,9.69135366e-04,0.580988,119.5489
telstar401,80,LAM,0.131415,9.63914197e-04,0.584135,123.0300
telstar401,80,LAM,0.144883,9.58199184e-04,0.587619,126.1633
telstar401,80,LAM,0.159731,9.51949983e-04,0.591476,128.8519
telstar401,80,LAM,0.176101,9.45124725e-04,0.595748,131.0055
telstar401,80,LAM,0.194149,9.37680522e-04,0.600477,132.5169
telstar401,80,LAM,0.214047,9.29574185e-04,0.605714,133.1965
telstar401,80,LAM,0.235983,9.20763207e-04,0.611510,132.6516
telstar401,80,LAM,0.260168,9.11207064e-04,0.617923,130.1325
telstar401,80,LAM,0.286832,9.00868922e-04,0.625014,124.4722
telstar401,80,LAM,0.316228,8.89717792e-04,0.632848,114.4026
telstar401,80,LAM,0.348637,8.77731225e-04,0.641490,99.6462
telstar401,80,LAM,0.384367,8.64898573e-04,0.651008,83.8227
telstar401,80,LAM,0.423759,8.51224856e-04,0.661466,80.4119
telstar401,80,LAM,0.467188,8.36735190e-04,0.672920,102.0695
telstar401,80,LAM,0.515068,8.21479671e-04,0.685417,108.8127
telstar401,80,LAM,0.567855,8.05538499e-04,0.698981,59.9975
telstar401,80,LAM,0.626052,7.89027008e-04,0.713608,87.5952
telstar401,80,LAM,0.690213,7.72100165e-04,0.729253,54.3307
telstar401,80,LAM,0.760950,7.54956061e-04,0.745813,90.4113
telstar401,80,LAM,0.838936,7.37838155e-04,0.763116,72.3139
telstar401,80,LAM,0.924915,7.21036845e-04,0.780898,68.7632
telstar401,80,LAM,1.019705,7.04893506e-04,0.798782,93.3234
telstar401,80,LAM,1.124210,6.89818879e-04,0.816237,129.8217
telstar401,80,LAM,1.239425,6.76380441e-04,0.832455,90.2161
telstar401,80,LAM,1.366448,6.66158948e-04,0.845228,130.1984
telstar401,80,LAM,1.506489,6.54399294e-04,0.860417,112.0157
telstar401,80,LAM,1.660883,6.39447499e-04,0.880535,53.5669
telstar401,80,LAM,1.831099,6.23429698e-04,0.903159,55.5015
telstar401,80,LAM,2.018760,6.07976942e-04,0.926114,116.5026
telstar401,80,LAM,2.225654,5.94411572e-04,0.947249,101.2285
telstar401,80,LAM,2.453751,5.83538502e-04,0.964899,79.9106
telstar401,80,LAM,2.705225,5.75558597e-04,0.978277,77.1398
telstar401,80,LAM,2.982471,5.70178658e-04,0.987508,92.8687
telstar401,80,LAM,3.288131,5.66836765e-04,0.993330,119.6304
telstar401,80,LAM,3.625117,5.64920730e-04,0.996699,51.3358
telstar401,80,LAM,3.996639,5.63907020e-04,0.998491,69.5306
telstar401,80,LAM,4.406236,5.63413345e-04,0.999366,94.4229
telstar401,80,LAM,4.857812,5.63193078e-04,0.999757,88.3328
telstar401,80,LAM,5.355667,5.63103634e-04,0.999915,116.1407
telstar401,80,LAM,5.904545,5.63070852e-04,0.999974,80.9110
telstar401,80,LAM,6.509675,5.63060112e-04,0.999993,89.3523
telstar401,80,LAM,7.176822,5.63057002e-04,0.999998,105.8465
telstar401,80,LAM,7.912343,5.63056215e-04,1.000000,54.7677
telstar401,80,LAM,8.723243,5.63056044e-04,1.000000,44.4148
telstar401,80,LAM,9.617249,5.63056012e-04,1.000000,65.8046
telstar401,80,LAM,10.602877,5.63056007e-04,1.000000,97.3765
telstar401,80,LAM,11.689518,5.63056007e-04,1.000000,91.8111
telstar401,80,LAM,12.887524,5.63056007e-04,1.000000,57.9604
telstar401,80,LAM,14.208308,5.63056007e-04,1.000000,101.4846
telstar401,80,LAM,15.664454,5.63056007e-04,1.000000,55.9704
telstar401,80,LAM,17.269833,5.63056007e-04,1.000000,132.2120
telstar401,80,LAM,19.039740,5.63056007e-04,1.000000,115.1181
telstar401,80,LAM,20.991037,5.63056007e-04,1.000000,95.6979
telstar401,80,LAM,23.142314,5.63056007e-04,1.000000,84.9756
telstar401,80,LAM,25.514065,5.63056007e-04,1.000000,100.5895
telstar401,80,LAM,28.128887,5.63056007e-04,1.000000,124.0797
telstar401,80,LAM,31.011689,5.63056007e-04,1.000000,92.9926
telstar401,80,LAM,34.189937,5.63056007e-04,1.000000,131.2534
telstar401,80,LAM,37.693910,5.63056007e-04,1.000000,55.2092
telstar401,80,LAM,41.556988,5.63056007e-04,1.000000,80.3433
telstar401,80,LAM,45.815977,5.63056007e-04,1.000000,60.0555
telstar401,80,LAM,50.511449,5.63056007e-04,1.000000,108.1970
telstar401,80,LAM,55.688140,5.63056007e-04,1.000000,91.2290
telstar401,80,LAM,61.395366,5.63056007e-04,1.000000,95.0810
telstar401,80,LAM,67.687500,5.63056007e-04,1.000000,90.5678
telstar401,80,LAM,74.624487,5.63056007e-04,1.000000,78.5229
telstar401,80,LAM,82.272413,5.63056007e-04,1.000000,134.0490
telstar401,80,LAM,90.704142,5.63056007e-04,1.000000,74.3623
telstar401,80,LAM,100.000000,5.63056007e-04,1.000000,106.8220
telstar401,81,LAM,0.000000,3.21246092e-03,0.371840,44.7888
telstar401,81,LAM,0.001000,3.21008165e-03,0.372115,44.6951
telstar401,81,LAM,0.001102,3.20983688e-03,0.372144,44.6855
telstar401,81,LAM,0.001215,3.20956682e-03,0.372175,44.6750
telstar401,81,LAM,0.001340,3.20926885e-03,0.372210,44.6634
telstar401,81,LAM,0.001477,3.20894004e-03,0.372248,44.6507
telstar401,81,LAM,0.001629,3.20857717e-03,0.372290,44.6367
telstar401,81,LAM,0.001796,3.20817668e-03,0.372336,44.6213
telstar401,81,LAM,0.001980,3.20773460e-03,0.372388,44.6043
telstar401,81,LAM,0.002183,3.20724658e-03,0.372444,44.5857
telstar401,81,LAM,0.002406,3.20670775e-03,0.372507,44.5652
telstar401,81,LAM,0.002653,3.20611273e-03,0.372576,44.5427
telstar401,81,LAM,0.002925,3.20545557e-03,0.372652,44.5179
telstar401,81,LAM,0.003225,3.20472964e-03,0.372737,44.4907
telstar401,81,LAM,0.003555,3.20392759e-03,0.372830,44.4608
telstar401,81,LAM,0.003919,3.20304123e-03,0.372933,44.4281
telstar401,81,LAM,0.004321,3.20206147e-03,0.373047,44.3921
telstar401,81,LAM,0.004764,3.20097819e-03,0.373174,44.3527
telstar401,81,LAM,0.005252,3.19978009e-03,0.373313,44.3095
telstar401,81,LAM,0.005790,3.19845458e-03,0.373468,44.2622
telstar401,81,LAM,0.006384,3.19698760e-03,0.373639,44.2105
telstar401,81,LAM,0.007038,3.19536342e-03,0.373829,44.1540
telstar401,81,LAM,0.007759,3.19356443e-03,0.374040,44.0923
telstar401,81,LAM,0.008555,3.19157089e-03,0.374274,44.0251
telstar401,81,LAM,0.009431,3.18936064e-03,0.374533,43.9518
telstar401,81,LAM,0.010398,3.18690874e-03,0.374821,43.8722
telstar401,81,LAM,0.011464,3.18418712e-03,0.375142,43.7858
telstar401,81,LAM,0.012638,3.18116405e-03,0.375498,43.6922
telstar401,81,LAM,0.013934,3.17780370e-03,0.375895,43.5912
telstar401,81,LAM,0.015362,3.17406544e-03,0.376338,43.4823
telstar401,81,LAM,0.016936,3.16990312e-03,0.376832,43.3655
telstar401,81,LAM,0.018672,3.16526421e-03,0.377384,43.2405
telstar401,81,LAM,0.020585,3.16008878e-03,0.378002,43.1076
telstar401,81,LAM,0.022695,3.15430825e-03,0.378695,42.9671
telstar401,81,LAM,0.025021,3.14784396e-03,0.379473,42.8195
telstar401,81,LAM,0.027585,3.14060547e-03,0.380347,42.6660
telstar401,81,LAM,0.030412,3.13248848e-03,0.381333,42.5080
telstar401,81,LAM,0.033529,3.12337237e-03,0.382446,42.3479
telstar401,81,LAM,0.036966,3.11311736e-03,0.383706,42.1889
telstar401,81,LAM,0.040754,3.10156093e-03,0.385135,42.0354
telstar401,81,LAM,0.044931,3.08851380e-03,0.386762,41.8930
telstar401,81,LAM,0.049535,3.07375499e-03,0.388619,41.7696
telstar401,81,LAM,0.054612,3.05702609e-03,0.390746,41.6753
telstar401,81,LAM,0.060209,3.03802468e-03,0.393190,41.6230
telstar401,81,LAM,0.066379,3.01639668e-03,0.396009,41.6293
telstar401,81,LAM,0.073182,2.99172798e-03,0.399275,41.7155
telstar401,81,LAM,0.080683,2.96353550e-03,0.403073,41.9080
telstar401,81,LAM,0.088951,2.93125836e-03,0.407511,42.2397
telstar401,81,LAM,0.098068,2.89425050e-03,0.412722,42.7513
telstar401,81,LAM,0.108118,2.85177684e-03,0.418869,43.4924
telstar401,81,LAM,0.119199,2.80301654e-03,0.426155,44.5229
telstar401,81,LAM,0.131415,2.74707907e-03,0.434833,45.9153
telstar401,81,LAM,0.144883,2.68304097e-03,0.445212,47.7566
telstar401,81,LAM,0.159731,2.61001431e-03,0.457668,50.1517
telstar401,81,LAM,0.176101,2.52725961e-03,0.472655,53.2276
telstar401,81,LAM,0.194149,2.43435476e-03,0.490693,57.1388
telstar401,81,LAM,0.214047,2.33142340e-03,0.512357,62.0729
telstar401,81,LAM,0.235983,2.21940580e-03,0.538217,68.2553
telstar401,81,LAM,0.260168,2.10032003e-03,0.568733,75.9499
telstar401,81,LAM,0.286832,1.97741791e-03,0.604081,85.4528
telstar401,81,LAM,0.316228,1.85511080e-03,0.643908,97.0763
telstar401,81,LAM,0.348637,1.73856760e-03,0.687072,111.1220
telstar401,81,LAM,0.384367,1.63300143e-03,0.731488,127.8402
telstar401,81,LAM,0.423759,1.54284911e-03,0.774231,147.3344
telstar401,81,LAM,0.467188,1.47126096e-03,0.811903,168.6107
telstar401,81,LAM,0.515068,1.42109769e-03,0.840562,162.0699
telstar401,81,LAM,0.567855,1.38467890e-03,0.862670,134.0240
telstar401,81,LAM,0.626052,1.34039335e-03,0.891172,100.4833
telstar401,81,LAM,0.690213,1.29876875e-03,0.919733,62.6870
telstar401,81,LAM,0.760950,1.26412645e-03,0.944938,29.1935
telstar401,81,LAM,0.838936,1.23795524e-03,0.964914,50.7503
telstar401,81,LAM,0.924915,1.21983619e-03,0.979247,105.5198
telstar401,81,LAM,1.019705,1.20828339e-03,0.988610,167.2052
telstar401,81,LAM,1.124210,1.20148262e-03,0.994206,115.5411
telstar401,81,LAM,1.239425,1.19778528e-03,0.997275,37.7108
telstar401,81,LAM,1.366448,1.19593236e-03,0.998820,60.2004
telstar401,81,LAM,1.506489,1.19507989e-03,0.999532,157.6750
telstar401,81,LAM,1.660883,1.19472203e-03,0.999832,94.5996
telstar401,81,LAM,1.831099,1.19458602e-03,0.999945,40.8806
telstar401,81,LAM,2.018760,1.19453965e-03,0.999984,163.7086
telstar401,81,LAM,2.225654,1.19452562e-03,0.999996,48.5813
telstar401,81,LAM,2.453751,1.19452190e-03,0.999999,118.5626
telstar401,81,LAM,2.705225,1.19452104e-03,1.000000,66.8021
telstar401,81,LAM,2.982471,1.19452088e-03,1.000000,138.2597
telstar401,81,LAM,3.288131,1.19452085e-03,1.000000,18.5052
telstar401,81,LAM,3.625117,1.19452084e-03,1.000000,123.2023
telstar401,81,LAM,3.996639,1.19452084e-03,1.000000,145.7337
telstar401,81,LAM,4.406236,1.19452084e-03,1.000000,81.3745
telstar401,81,LAM,4.857812,1.19452084e-03,1.000000,51.0007
telstar401,81,LAM,5.355667,1.19452084e-03,1.000000,45.1242
telstar401,81,LAM,5.904545,1.19452084e-03,1.000000,79.1585
telstar401,81,LAM,6.509675,1.19452084e-03,1.000000,149.6244
telstar401,81,LAM,7.176822,1.19452084e-03,1.000000,91.2950
telstar401,81,LAM,7.912343,1.19452084e-03,1.000000,80.3689
telstar401,81,LAM,8.723243,1.19452084e-03,1.000000,66.0228
telstar401,81,LAM,9.617249,1.19452084e-03,1.000000,140.4379
telstar401,81,LAM,10.602877,1.19452084e-03,1.000000,152.3371
telstar401,81,LAM,11.689518,1.19452084e-03,1.000000,94.3198
telstar401,81,LAM,12.887524,1.19452084e-03,1.000000,54.3536
telstar401,81,LAM,14.208308,1.19452084e-03,1.000000,82.9520
telstar401,81,LAM,15.664454,1.19452084e-03,1.000000,119.2971
telstar401,81,LAM,17.269833,1.19452084e-03,1.000000,46.6967
telstar401,81,LAM,19.039740,1.19452084e-03,1.000000,143.3314
telstar401,81,LAM,20.991037,1.19452084e-03,1.000000,107.0134
telstar401,81,LAM,23.142314,1.19452084e-03,1.000000,143.8916
telstar401,81,LAM,25.514065,1.19452084e-03,1.000000,113.6086
telstar401,81,LAM,28.128887,1.19452084e-03,1.000000,157.2519
telstar401,81,LAM,31.011689,1.19452084e-03,1.000000,100.3811
telstar401,81,LAM,34.189937,1.19452084e-03,1.000000,132.2462
telstar401,81,LAM,37.693910,1.19452084e-03,1.000000,140.3702
telstar401,81,LAM,41.556988,1.19452084e-03,1.000000,110.5539
telstar401,81,LAM,45.815977,1.19452084e-03,1.000000,71.9301
telstar401,81,LAM,50.511449,1.19452084e-03,1.000000,60.3986
telstar401,81,LAM,55.688140,1.19452084e-03,1.000000,162.0948
telstar401,81,LAM,61.395366,1.19452084e-03,1.000000,43.6449
telstar401,81,LAM,67.687500,1.19452084e-03,1.000000,146.1986
telstar401,81,LAM,74.624487,1.19452084e-03,1.000000,90.9156
telstar401,81,LAM,82.272413,1.19452084e-03,1.000000,152.2823
telstar401,81,LAM,90.704142,1.19452084e-03,1.000000,114.7156
telstar401,81,LAM,100.000000,1.19452084e-03,1.000000,49.8574
telstar401,82,SAM,0.000000,3.07489173e-04,0.972114,116.8857
telstar401,82,SAM,0.001000,3.07486312e-04,0.972123,122.4901
telstar401,82,SAM,0.001102,3.07486019e-04,0.972124,122.9664
telstar401,82,SAM,0.001215,3.07485695e-04,0.972125,123.4678
telstar401,82,SAM,0.001340,3.07485339e-04,0.972126,123.9907
telstar401,82,SAM,0.001477,3.07484946e-04,0.972127,124.5298
telstar401,82,SAM,0.001629,3.07484513e-04,0.972129,125.0772
telstar401,82,SAM,0.001796,3.07484036e-04,0.972130,125.6217
telstar401,82,SAM,0.001980,3.07483510e-04,0.972132,126.1479
telstar401,82,SAM,0.002183,3.07482930e-04,0.972134,126.6350
telstar401,82,SAM,0.002406,3.07482290e-04,0.972136,127.0555
telstar401,82,SAM,0.002653,3.07481585e-04,0.972138,127.3740
telstar401,82,SAM,0.002925,3.07480808e-04,0.972140,127.5453
telstar401,82,SAM,0.003225,3.07479951e-04,0.972143,127.5136
telstar401,82,SAM,0.003555,3.07479006e-04,0.972146,127.2116
telstar401,82,SAM,0.003919,3.07477965e-04,0.972149,126.5606
telstar401,82,SAM,0.004321,3.07476817e-04,0.972153,125.4727
telstar401,82,SAM,0.004764,3.07475551e-04,0.972157,123.8539
telstar401,82,SAM,0.005252,3.07474157e-04,0.972161,121.6091
telstar401,82,SAM,0.005790,3.07472619e-04,0.972166,118.6482
telstar401,82,SAM,0.006384,3.07470924e-04,0.972172,114.8928
telstar401,82,SAM,0.007038,3.07469056e-04,0.972178,110.2820
telstar401,82,SAM,0.007759,3.07466997e-04,0.972184,104.7794
telstar401,82,SAM,0.008555,3.07464727e-04,0.972191,98.3823
telstar401,82,SAM,0.009431,3.07462225e-04,0.972199,91.1386
telstar401,82,SAM,0.010398,3.07459468e-04,0.972208,83.1798
telstar401,82,SAM,0.011464,3.07456429e-04,0.972218,74.7882
telstar401,82,SAM,0.012638,3.07453079e-04,0.972228,66.5281
telstar401,82,SAM,0.013934,3.07449388e-04,0.972240,59.4713
telstar401,82,SAM,0.015362,3.07445320e-04,0.972253,55.4248
telstar401,82,SAM,0.016936,3.07440837e-04,0.972267,56.6115
telstar401,82,SAM,0.018672,3.07435898e-04,0.972282,64.2876
telstar401,82,SAM,0.020585,3.07430455e-04,0.972300,77.8212
telstar401,82,SAM,0.022695,3.07424458e-04,0.972319,95.4206
telstar401,82,SAM,0.025021,3.07417850e-04,0.972340,114.4041
telstar401,82,SAM,0.027585,3.07410571e-04,0.972363,129.0587
telstar401,82,SAM,0.030412,3.07402553e-04,0.972388,128.1214
telstar401,82,SAM,0.033529,3.07393720e-04,0.972416,108.3005
telstar401,82,SAM,0.036966,3.07383992e-04,0.972447,80.3615
telstar401,82,SAM,0.040754,3.07373279e-04,0.972481,59.7784
telstar401,82,SAM,0.044931,3.07361482e-04,0.972518,70.1944
telstar401,82,SAM,0.049535,3.07348493e-04,0.972559,106.8598
telstar401,82,SAM,0.054612,3.07334194e-04,0.972604,134.8196
telstar401,82,SAM,0.060209,3.07318455e-04,0.972654,104.2185
telstar401,82,SAM,0.066379,3.07301134e-04,0.972709,63.7033
telstar401,82,SAM,0.073182,3.07282075e-04,0.972769,91.2395
telstar401,82,SAM,0.080683,3.07261109e-04,0.972836,138.1956
telstar401,82,SAM,0.088951,3.07238049e-04,0.972909,83.6058
telstar401,82,SAM,0.098068,3.07212692e-04,0.972989,86.4715
telstar401,82,SAM,0.108118,3.07184818e-04,0.973077,136.6226
telstar401,82,SAM,0.119199,3.07154186e-04,0.973174,68.5837
telstar401,82,SAM,0.131415,3.07120534e-04,0.973281,143.3221
telstar401,82,SAM,0.144883,3.07083578e-04,0.973398,71.1996
telstar401,82,SAM,0.159731,3.07043010e-04,0.973527,141.5512
telstar401,82,SAM,0.176101,3.06998496e-04,0.973668,96.8481
telstar401,82,SAM,0.194149,3.06949678e-04,0.973823,80.8805
telstar401,82,SAM,0.214047,3.06896168e-04,0.973992,124.8447
telstar401,82,SAM,0.235983,3.06837550e-04,0.974178,149.9056
telstar401,82,SAM,0.260168,3.06773379e-04,0.974382,148.3556
telstar401,82,SAM,0.286832,3.06703182e-04,0.974605,149.8164
telstar401,82,SAM,0.316228,3.06626456e-04,0.974849,132.0710
telstar401,82,SAM,0.348637,3.06542667e-04,0.975116,79.3909
telstar401,82,SAM,0.384367,3.06451257e-04,0.975406,108.9430
telstar401,82,SAM,0.423759,3.06351644e-04,0.975724,84.4867
telstar401,82,SAM,0.467188,3.06243224e-04,0.976069,131.6541
telstar401,82,SAM,0.515068,3.06125377e-04,0.976445,114.9432
telstar401,82,SAM,0.567855,3.05997476e-04,0.976853,115.7990
telstar401,82,SAM,0.626052,3.05858894e-04,0.977296,81.7637
telstar401,82,SAM,0.690213,3.05709014e-04,0.977775,69.9992
telstar401,82,SAM,0.760950,3.05547249e-04,0.978292,29.5014
telstar401,82,SAM,0.838936,3.05373049e-04,0.978850,36.9153
telstar401,82,SAM,0.924915,3.05185931e-04,0.979451,113.9026
telstar401,82,SAM,1.019705,3.04985499e-04,0.980094,76.6534
telstar401,82,SAM,1.124210,3.04771469e-04,0.980783,114.0340
telstar401,82,SAM,1.239425,3.04543706e-04,0.981516,90.1366
telstar401,82,SAM,1.366448,3.04302257e-04,0.982295,81.7824
telstar401,82,SAM,1.506489,3.04047385e-04,0.983118,121.4718
telstar401,82,SAM,1.660883,3.03779616e-04,0.983985,104.8410
telstar401,82,SAM,1.831099,3.03499773e-04,0.984892,89.2292
telstar401,82,SAM,2.018760,3.03209018e-04,0.985837,76.8563
telstar401,82,SAM,2.225654,3.02908883e-04,0.986813,81.8758
telstar401,82,SAM,2.453751,3.02601297e-04,0.987816,92.0109
telstar401,82,SAM,2.705225,3.02288594e-04,0.988838,90.9613
telstar401,82,SAM,2.982471,3.01973510e-04,0.989870,124.5357
telstar401,82,SAM,3.288131,3.01659153e-04,0.990902,88.7793
telstar401,82,SAM,3.625117,3.01348942e-04,0.991922,110.7814
telstar401,82,SAM,3.996639,3.01046522e-04,0.992918,123.0107
telstar401,82,SAM,4.406236,3.00755638e-04,0.993878,92.9773
telstar401,82,SAM,4.857812,3.00479983e-04,0.994790,100.1906
telstar401,82,SAM,5.355667,3.00223021e-04,0.995642,73.0393
telstar401,82,SAM,5.904545,2.99987794e-04,0.996422,107.4648
telstar401,82,SAM,6.509675,2.99776728e-04,0.997124,79.3721
telstar401,82,SAM,7.176822,2.99591472e-04,0.997740,139.4680
telstar401,82,SAM,7.912343,2.99432768e-04,0.998269,68.9303
telstar401,82,SAM,8.723243,2.99300389e-04,0.998711,54.5445
telstar401,82,SAM,9.617249,2.99193161e-04,0.999069,37.6206
telstar401,82,SAM,10.602877,2.99109061e-04,0.999350,106.9182
telstar401,82,SAM,11.689518,2.99045397e-04,0.999562,98.3316
telstar401,82,SAM,12.887524,2.98999042e-04,0.999717,69.0936
telstar401,82,SAM,14.208308,2.98966704e-04,0.999825,116.7726
telstar401,82,SAM,15.664454,2.98945182e-04,0.999897,98.1533
telstar401,82,SAM,17.269833,2.98931580e-04,0.999943,134.9882
telstar401,82,SAM,19.039740,2.98923459e-04,0.999970,109.8914
telstar401,82,SAM,20.991037,2.98918904e-04,0.999985,80.9233
telstar401,82,SAM,23.142314,2.98916520e-04,0.999993,71.0917
telstar401,82,SAM,25.514065,2.98915364e-04,0.999997,58.1253
telstar401,82,SAM,28.128887,2.98914848e-04,0.999999,85.2338
telstar401,82,SAM,31.011689,2.98914638e-04,1.000000,75.2004
telstar401,82,SAM,34.189937,2.98914560e-04,1.000000,74.7552
telstar401,82,SAM,37.693910,2.98914535e-04,1.000000,92.1967
telstar401,82,SAM,41.556988,2.98914527e-04,1.000000,53.6959
telstar401,82,SAM,45.815977,2.98914525e-04,1.000000,44.1757
telstar401,82,SAM,50.511449,2.98914525e-04,1.000000,98.2441
telstar401,82,SAM,55.688140,2.98914525e-04,1.000000,97.3033
telstar401,82,SAM,61.395366,2.98914525e-04,1.000000,68.9062
telstar401,82,SAM,67.687500,2.98914525e-04,1.000000,87.6624
telstar401,82,SAM,74.624487,2.98914525e-04,1.000000,36.7493
telstar401,82,SAM,82.272413,2.98914525e-04,1.000000,122.7281
telstar401,82,SAM,90.704142,2.98914525e-04,1.000000,78.1938
telstar401,82,SAM,100.000000,2.98914525e-04,1.000000,121.7870
telstar401,83,SAM,0.000000,9.25978452e-04,0.902393,109.6770
telstar401,83,SAM,0.001000,9.25687681e-04,0.902676,107.9240
telstar401,83,SAM,0.001102,9.25657912e-04,0.902705,107.7401
telstar401,83,SAM,0.001215,9.25625099e-04,0.902737,107.5365
telstar401,83,SAM,0.001340,9.25588931e-04,0.902773,107.3110
telstar401,83,SAM,0.001477,9.25549067e-04,0.902811,107.0611
telstar401,83,SAM,0.001629,9.25505129e-04,0.902854,106.7841
telstar401,83,SAM,0.001796,9.25456702e-04,0.902902,106.4769
telstar401,83,SAM,0.001980,9.25403330e-04,0.902954,106.1362
telstar401,83,SAM,0.002183,9.25344510e-04,0.903011,105.7581
telstar401,83,SAM,0.002406,9.25279688e-04,0.903074,105.3383
telstar401,83,SAM,0.002653,9.25208255e-04,0.903144,104.8720
telstar401,83,SAM,0.002925,9.25129540e-04,0.903221,104.3538
telstar401,83,SAM,0.003225,9.25042804e-04,0.903306,103.7779
telstar401,83,SAM,0.003555,9.24947238e-04,0.903399,103.1375
telstar401,83,SAM,0.003919,9.24841947e-04,0.903502,102.4252
telstar401,83,SAM,0.004321,9.24725951e-04,0.903615,101.6328
telstar401,83,SAM,0.004764,9.24598171e-04,0.903740,100.7513
telstar401,83,SAM,0.005252,9.24457422e-04,0.903878,99.7705
telstar401,83,SAM,0.005790,9.24302402e-04,0.904029,98.6796
telstar401,83,SAM,0.006384,9.24131682e-04,0.904196,97.4668
telstar401,83,SAM,0.007038,9.23943694e-04,0.904380,96.1193
telstar401,83,SAM,0.007759,9.23736718e-04,0.904583,94.6237
telstar401,83,SAM,0.008555,9.23508869e-04,0.904806,92.9664
telstar401,83,SAM,0.009431,9.23258083e-04,0.905052,91.1335
telstar401,83,SAM,0.010398,9.22982097e-04,0.905322,89.1122
telstar401,83,SAM,0.011464,9.22678442e-04,0.905620,86.8916
telstar401,83,SAM,0.012638,9.22344415e-04,0.905948,84.4644
telstar401,83,SAM,0.013934,9.21977069e-04,0.906309,81.8299
telstar401,83,SAM,0.015362,9.21573191e-04,0.906706,78.9975
telstar401,83,SAM,0.016936,9.21129282e-04,0.907143,75.9933
telstar401,83,SAM,0.018672,9.20641540e-04,0.907624,72.8683
telstar401,83,SAM,0.020585,9.20105841e-04,0.908152,69.7117
telstar401,83,SAM,0.022695,9.19517720e-04,0.908733,66.6686
telstar401,83,SAM,0.025021,9.18872354e-04,0.909371,63.9623
telstar401,83,SAM,0.027585,9.18164552e-04,0.910072,61.9161
telstar401,83,SAM,0.030412,9.17388738e-04,0.910842,60.9601
telstar401,83,SAM,0.033529,9.16538951e-04,0.911687,61.5980
telstar401,83,SAM,0.036966,9.15608845e-04,0.912613,64.3169
telstar401,83,SAM,0.040754,9.14591701e-04,0.913628,69.4636
telstar401,83,SAM,0.044931,9.13480448e-04,0.914739,77.1581
telstar401,83,SAM,0.049535,9.12267702e-04,0.915955,87.2753
telstar401,83,SAM,0.054612,9.10945826e-04,0.917284,99.4298
telstar401,83,SAM,0.060209,9.09507008e-04,0.918735,112.8084
telstar401,83,SAM,0.066379,9.07943376e-04,0.920318,125.5638
telstar401,83,SAM,0.073182,9.06247146e-04,0.922040,133.4514
telstar401,83,SAM,0.080683,9.04410809e-04,0.923912,130.2957
telstar401,83,SAM,0.088951,9.02427373e-04,0.925943,115.4539
telstar401,83,SAM,0.098068,9.00290660e-04,0.928141,94.8431
telstar401,83,SAM,0.108118,8.97995665e-04,0.930513,76.5843
telstar401,83,SAM,0.119199,8.95538983e-04,0.933065,73.1952
telstar401,83,SAM,0.131415,8.92919309e-04,0.935803,92.9247
telstar401,83,SAM,0.144883,8.90137992e-04,0.938727,126.2429
telstar401,83,SAM,0.159731,8.87199655e-04,0.941836,141.2228
telstar401,83,SAM,0.176101,8.84112837e-04,0.945124,106.8858
telstar401,83,SAM,0.194149,8.80890642e-04,0.948581,78.6033
telstar401,83,SAM,0.214047,8.77551317e-04,0.952191,106.8534
telstar401,83,SAM,0.235983,8.74118730e-04,0.955930,146.1637
telstar401,83,SAM,0.260168,8.70622620e-04,0.959769,92.6894
telstar401,83,SAM,0.286832,8.67098550e-04,0.963669,99.6112
telstar401,83,SAM,0.316228,8.63587451e-04,0.967587,136.3892
telstar401,83,SAM,0.348637,8.60134657e-04,0.971471,76.3986
telstar401,83,SAM,0.384367,8.56788380e-04,0.975266,137.6533
telstar401,83,SAM,0.423759,8.53597612e-04,0.978911,72.1193
telstar401,83,SAM,0.467188,8.50609530e-04,0.982350,102.6631
telstar401,83,SAM,0.515068,8.47866582e-04,0.985528,113.4498
telstar401,83,SAM,0.567855,8.45403518e-04,0.988399,63.4657
telstar401,83,SAM,0.626052,8.43244726e-04,0.990930,40.0538
telstar401,83,SAM,0.690213,8.41402252e-04,0.993100,39.6894
telstar401,83,SAM,0.760950,8.39874853e-04,0.994906,35.1303
telstar401,83,SAM,0.838936,8.38648299e-04,0.996361,44.5110
telstar401,83,SAM,0.924915,8.37696975e-04,0.997492,101.2022
telstar401,83,SAM,1.019705,8.36986595e-04,0.998339,89.5093
telstar401,83,SAM,1.124210,8.36477676e-04,0.998946,115.9803
telstar401,83,SAM,1.239425,8.36129242e-04,0.999363,79.9466
telstar401,83,SAM,1.366448,8.35902231e-04,0.999634,81.6876
telstar401,83,SAM,1.506489,8.35762158e-04,0.999802,56.5310
telstar401,83,SAM,1.660883,8.35680734e-04,0.999899,74.9587
telstar401,83,SAM,1.831099,8.35636405e-04,0.999952,70.0474
telstar401,83,SAM,2.018760,8.35613950e-04,0.999979,124.0136
telstar401,83,SAM,2.225654,8.35603442e-04,0.999991,134.3192
telstar401,83,SAM,2.453751,8.35598935e-04,0.999997,63.0664
telstar401,83,SAM,2.705225,8.35597179e-04,0.999999,75.8588
telstar401,83,SAM,2.982471,8.35596564e-04,1.000000,72.5408
telstar401,83,SAM,3.288131,8.35596372e-04,1.000000,129.5984
telstar401,83,SAM,3.625117,8.35596319e-04,1.000000,95.8058
telstar401,83,SAM,3.996639,8.35596306e-04,1.000000,69.4965
telstar401,83,SAM,4.406236,8.35596304e-04,1.000000,73.3269
telstar401,83,SAM,4.857812,8.35596303e-04,1.000000,98.4139
telstar401,83,SAM,5.355667,8.35596303e-04,1.000000,74.8639
telstar401,83,SAM,5.904545,8.35596303e-04,1.000000,54.4572
telstar401,83,SAM,6.509675,8.35596303e-04,1.000000,61.1722
telstar401,83,SAM,7.176822,8.35596303e-04,1.000000,77.5763
telstar401,83,SAM,7.912343,8.35596303e-04,1.000000,57.4628
telstar401,83,SAM,8.723243,8.35596303e-04,1.000000,43.9461
telstar401,83,SAM,9.617249,8.35596303e-04,1.000000,56.0343
telstar401,83,SAM,10.602877,8.35596303e-04,1.000000,79.5631
telstar401,83,SAM,11.689518,8.35596303e-04,1.000000,53.7750
telstar401,83,SAM,12.887524,8.35596303e-04,1.000000,104.4434
telstar401,83,SAM,14.208308,8.35596303e-04,1.000000,92.8898
telstar401,83,SAM,15.664454,8.35596303e-04,1.000000,75.6458
telstar401,83,SAM,17.269833,8.35596303e-04,1.000000,146.4632
telstar401,83,SAM,19.039740,8.35596303e-04,1.000000,95.6170
telstar401,83,SAM,20.991037,8.35596303e-04,1.000000,107.3330
telstar401,83,SAM,23.142314,8.35596303e-04,1.000000,140.4561
telstar401,83,SAM,25.514065,8.35596303e-04,1.000000,103.7071
telstar401,83,SAM,28.128887,8.35596303e-04,1.000000,134.4325
telstar401,83,SAM,31.011689,8.35596303e-04,1.000000,68.5278
telstar401,83,SAM,34.189937,8.35596303e-04,1.000000,102.0965
telstar401,83,SAM,37.693910,8.35596303e-04,1.000000,49.5238
telstar401,83,SAM,41.556988,8.35596303e-04,1.000000,105.2821
telstar401,83,SAM,45.815977,8.35596303e-04,1.000000,101.4653
telstar401,83,SAM,50.511449,8.35596303e-04,1.000000,56.1973
telstar401,83,SAM,55.688140,8.35596303e-04,1.000000,72.7998
telstar401,83,SAM,61.395366,8.35596303e-04,1.000000,110.8035
telstar401,83,SAM,67.687500,8.35596303e-04,1.000000,101.2342
telstar401,83,SAM,74.624487,8.35596303e-04,1.000000,89.2381
telstar401,83,SAM,82.272413,8.35596303e-04,1.000000,133.4365
telstar401,83,SAM,90.704142,8.35596303e-04,1.000000,99.0504
telstar401,83,SAM,100.000000,8.35596303e-04,1.000000,97.3995
telstar401,84,SAM,0.000000,3.73830891e-04,0.923901,95.1155
telstar401,84,SAM,0.001000,3.73818616e-04,0.923931,98.3162
telstar401,84,SAM,0.001102,3.73817358e-04,0.923934,98.6227
telstar401,84,SAM,0.001215,3.73815971e-04,0.923938,98.9551
telstar401,84,SAM,0.001340,3.73814443e-04,0.923942,99.3146
telstar401,84,SAM,0.001477,3.73812757e-04,0.923946,99.7021
telstar401,84,SAM,0.001629,3.73810899e-04,0.923950,100.1181
telstar401,84,SAM,0.001796,3.73808851e-04,0.923955,100.5624
telstar401,84,SAM,0.001980,3.73806593e-04,0.923961,101.0341
telstar401,84,SAM,0.002183,3.73804103e-04,0.923967,101.5307
telstar401,84,SAM,0.002406,3.73801358e-04,0.923974,102.0485
telstar401,84,SAM,0.002653,3.73798333e-04,0.923981,102.5813
telstar401,84,SAM,0.002925,3.73794997e-04,0.923990,103.1200
telstar401,84,SAM,0.003225,3.73791320e-04,0.923999,103.6519
telstar401,84,SAM,0.003555,3.73787267e-04,0.924009,104.1591
telstar401,84,SAM,0.003919,3.73782799e-04,0.924020,104.6176
telstar401,84,SAM,0.004321,3.73777873e-04,0.924032,104.9961
telstar401,84,SAM,0.004764,3.73772443e-04,0.924045,105.2536
telstar401,84,SAM,0.005252,3.73766457e-04,0.924060,105.3389
telstar401,84,SAM,0.005790,3.73759858e-04,0.924077,105.1890
telstar401,84,SAM,0.006384,3.73752585e-04,0.924095,104.7296
telstar401,84,SAM,0.007038,3.73744567e-04,0.924114,103.8763
telstar401,84,SAM,0.007759,3.73735730e-04,0.924136,102.5391
telstar401,84,SAM,0.008555,3.73725989e-04,0.924160,100.6302
telstar401,84,SAM,0.009431,3.73715252e-04,0.924187,98.0761
telstar401,84,SAM,0.010398,3.73703418e-04,0.924216,94.8357
telstar401,84,SAM,0.011464,3.73690374e-04,0.924248,90.9246
telstar401,84,SAM,0.012638,3.73675998e-04,0.924284,86.4504
telstar401,84,SAM,0.013934,3.73660154e-04,0.924323,81.6607
telstar401,84,SAM,0.015362,3.73642694e-04,0.924366,77.0076
telstar401,84,SAM,0.016936,3.73623451e-04,0.924414,73.2124
telstar401,84,SAM,0.018672,3.73602247e-04,0.924466,71.2620
telstar401,84,SAM,0.020585,3.73578881e-04,0.924524,72.1975
telstar401,84,SAM,0.022695,3.73553135e-04,0.924588,76.6169
telstar401,84,SAM,0.025021,3.73524768e-04,0.924658,84.1213
telstar401,84,SAM,0.027585,3.73493514e-04,0.924736,92.9882
telstar401,84,SAM,0.030412,3.73459084e-04,0.924821,99.9907
telstar401,84,SAM,0.033529,3.73421157e-04,0.924915,100.8206
telstar401,84,SAM,0.036966,3.73379382e-04,0.925018,92.8395
telstar401,84,SAM,0.040754,3.73333372e-04,0.925132,78.8233
telstar401,84,SAM,0.044931,3.73282703e-04,0.925258,68.0292
telstar401,84,SAM,0.049535,3.73226910e-04,0.925396,72.3983
telstar401,84,SAM,0.054612,3.73165484e-04,0.925548,89.3819
telstar401,84,SAM,0.060209,3.73097865e-04,0.925716,97.4029
telstar401,84,SAM,0.066379,3.73023441e-04,0.925901,80.3938
telstar401,84,SAM,0.073182,3.72941541e-04,0.926104,63.7675
telstar401,84,SAM,0.080683,3.72851432e-04,0.926328,83.0733
telstar401,84,SAM,0.088951,3.72752313e-04,0.926574,91.1792
telstar401,84,SAM,0.098068,3.72643309e-04,0.926845,62.0434
telstar401,84,SAM,0.108118,3.72523468e-04,0.927144,81.8891
telstar401,84,SAM,0.119199,3.72391750e-04,0.927471,77.5027
telstar401,84,SAM,0.131415,3.72247028e-04,0.927832,66.8476
telstar401,84,SAM,0.144883,3.72088075e-04,0.928228,78.6510
telstar401,84,SAM,0.159731,3.71913567e-04,0.928664,70.3576
telstar401,84,SAM,0.176101,3.71722068e-04,0.929142,59.8188
telstar401,84,SAM,0.194149,3.71512032e-04,0.929668,83.7803
telstar401,84,SAM,0.214047,3.71281799e-04,0.930244,71.7263
telstar401,84,SAM,0.235983,3.71029588e-04,0.930877,55.2489
telstar401,84,SAM,0.260168,3.70753502e-04,0.931570,50.9201
telstar401,84,SAM,0.286832,3.70451526e-04,0.932329,51.8909
telstar401,84,SAM,0.316228,3.70121532e-04,0.933160,61.1903
telstar401,84,SAM,0.348637,3.69761288e-04,0.934069,84.3305
telstar401,84,SAM,0.384367,3.69368477e-04,0.935063,73.7853
telstar401,84,SAM,0.423759,3.68940707e-04,0.936147,82.1563
telstar401,84,SAM,0.467188,3.68475549e-04,0.937329,70.4074
telstar401,84,SAM,0.515068,3.67970571e-04,0.938615,88.6927
telstar401,84,SAM,0.567855,3.67423386e-04,0.940013,91.8920
telstar401,84,SAM,0.626052,3.66831717e-04,0.941529,92.6333
telstar401,84,SAM,0.690213,3.66193477e-04,0.943170,124.4359
telstar401,84,SAM,0.760950,3.65506863e-04,0.944942,124.7454
telstar401,84,SAM,0.838936,3.64770475e-04,0.946849,125.4326
telstar401,84,SAM,0.924915,3.63983455e-04,0.948897,88.4840
telstar401,84,SAM,1.019705,3.63145641e-04,0.951086,95.7620
telstar401,84,SAM,1.124210,3.62257751e-04,0.953417,64.3386
telstar401,84,SAM,1.239425,3.61321571e-04,0.955887,82.5609
telstar401,84,SAM,1.366448,3.60340161e-04,0.958491,77.8934
telstar401,84,SAM,1.506489,3.59318046e-04,0.961217,105.9200
telstar401,84,SAM,1.660883,3.58261398e-04,0.964052,102.7412
telstar401,84,SAM,1.831099,3.57178157e-04,0.966976,96.4681
telstar401,84,SAM,2.018760,3.56078099e-04,0.969963,85.1071
telstar401,84,SAM,2.225654,3.54972787e-04,0.972984,82.8978
telstar401,84,SAM,2.453751,3.53875390e-04,0.976001,81.3417
telstar401,84,SAM,2.705225,3.52800340e-04,0.978975,96.3704
telstar401,84,SAM,2.982471,3.51762813e-04,0.981863,76.6891
telstar401,84,SAM,3.288131,3.50778029e-04,0.984619,68.4835
telstar401,84,SAM,3.625117,3.49860413e-04,0.987202,90.4491
telstar401,84,SAM,3.996639,3.49022673e-04,0.989571,96.7397
telstar401,84,SAM,4.406236,3.48274889e-04,0.991696,91.3306
telstar401,84,SAM,4.857812,3.47623724e-04,0.993553,123.5784
telstar401,84,SAM,5.355667,3.47071882e-04,0.995133,82.4626
telstar401,84,SAM,5.904545,3.46617906e-04,0.996436,94.6111
telstar401,84,SAM,6.509675,3.46256375e-04,0.997477,93.3623
telstar401,84,SAM,7.176822,3.45978498e-04,0.998278,66.4134
telstar401,84,SAM,7.912343,3.45773037e-04,0.998871,105.8162
telstar401,84,SAM,8.723243,3.45627419e-04,0.999292,109.1862
telstar401,84,SAM,9.617249,3.45528884e-04,0.999577,89.9238
telstar401,84,SAM,10.602877,3.45465506e-04,0.999760,119.2927
telstar401,84,SAM,11.689518,3.45426947e-04,0.999872,126.4418
telstar401,84,SAM,12.887524,3.45404876e-04,0.999936,120.5556
telstar401,84,SAM,14.208308,3.45393063e-04,0.999970,51.3152
telstar401,84,SAM,15.664454,3.45387189e-04,0.999987,117.8321
telstar401,84,SAM,17.269833,3.45384496e-04,0.999995,51.9197
telstar401,84,SAM,19.039740,3.45383367e-04,0.999998,74.0095
telstar401,84,SAM,20.991037,3.45382938e-04,0.999999,81.2622
telstar401,84,SAM,23.142314,3.45382792e-04,1.000000,62.4134
telstar401,84,SAM,25.514065,3.45382747e-04,1.000000,85.8166
telstar401,84,SAM,28.128887,3.45382736e-04,1.000000,77.1092
telstar401,84,SAM,31.011689,3.45382733e-04,1.000000,91.5614
telstar401,84,SAM,34.189937,3.45382732e-04,1.000000,52.5599
telstar401,84,SAM,37.693910,3.45382732e-04,1.000000,96.2154
telstar401,84,SAM,41.556988,3.45382732e-04,1.000000,96.2282
telstar401,84,SAM,45.815977,3.45382732e-04,1.000000,115.0510
telstar401,84,SAM,50.511449,3.45382732e-04,1.000000,75.7228
telstar401,84,SAM,55.688140,3.45382732e-04,1.000000,126.8953
telstar401,84,SAM,61.395366,3.45382732e-04,1.000000,69.4662
telstar401,84,SAM,67.687500,3.45382732e-04,1.000000,126.9869
telstar401,84,SAM,74.624487,3.45382732e-04,1.000000,115.3992
telstar401,84,SAM,82.272413,3.45382732e-04,1.000000,65.8988
telstar401,84,SAM,90.704142,3.45382732e-04,1.000000,127.2046
telstar401,84,SAM,100.000000,3.45382732e-04,1.000000,101.3015
telstar401,85,LAM,0.000000,2.49267037e-04,0.705293,87.0723
telstar401,85,LAM,0.001000,2.49265367e-04,0.705298,91.6292
telstar401,85,LAM,0.001102,2.49265196e-04,0.705298,92.0958
telstar401,85,LAM,0.001215,2.49265008e-04,0.705299,92.6097
telstar401,85,LAM,0.001340,2.49264800e-04,0.705299,93.1754
telstar401,85,LAM,0.001477,2.49264570e-04,0.705300,93.7979
telstar401,85,LAM,0.001629,2.49264317e-04,0.705301,94.4824
telstar401,85,LAM,0.001796,2.49264039e-04,0.705301,95.2346
telstar401,85,LAM,0.001980,2.49263732e-04,0.705302,96.0602
telstar401,85,LAM,0.002183,2.49263393e-04,0.705303,96.9655
telstar401,85,LAM,0.002406,2.49263019e-04,0.705304,97.9565
telstar401,85,LAM,0.002653,2.49262608e-04,0.705305,99.0393
telstar401,85,LAM,0.002925,2.49262154e-04,0.705307,100.2193
telstar401,85,LAM,0.003225,2.49261653e-04,0.705308,101.5014
telstar401,85,LAM,0.003555,2.49261102e-04,0.705310,102.8888
telstar401,85,LAM,0.003919,2.49260493e-04,0.705311,104.3822
telstar401,85,LAM,0.004321,2.49259823e-04,0.705313,105.9789
telstar401,85,LAM,0.004764,2.49259083e-04,0.705315,107.6707
telstar401,85,LAM,0.005252,2.49258268e-04,0.705318,109.4414
telstar401,85,LAM,0.005790,2.49257370e-04,0.705320,111.2639
telstar401,85,LAM,0.006384,2.49256379e-04,0.705323,113.0949
telstar401,85,LAM,0.007038,2.49255287e-04,0.705326,114.8700
telstar401,85,LAM,0.007759,2.49254083e-04,0.705330,116.4959
telstar401,85,LAM,0.008555,2.49252755e-04,0.705333,117.8437
telstar401,85,LAM,0.009431,2.49251292e-04,0.705337,118.7426
telstar401,85,LAM,0.010398,2.49249678e-04,0.705342,118.9795
telstar401,85,LAM,0.011464,2.49247899e-04,0.705347,118.3097
telstar401,85,LAM,0.012638,2.49245938e-04,0.705353,116.4811
telstar401,85,LAM,0.013934,2.49243776e-04,0.705359,113.2713
telstar401,85,LAM,0.015362,2.49241393e-04,0.705365,108.5264
telstar401,85,LAM,0.016936,2.49238765e-04,0.705373,102.1921
telstar401,85,LAM,0.018672,2.49235868e-04,0.705381,94.3376
telstar401,85,LAM,0.020585,2.49232675e-04,0.705390,85.1939
telstar401,85,LAM,0.022695,2.49229154e-04,0.705400,75.2536
telstar401,85,LAM,0.025021,2.49225272e-04,0.705411,65.5046
telstar401,85,LAM,0.027585,2.49220993e-04,0.705423,57.8551
telstar401,85,LAM,0.030412,2.49216276e-04,0.705437,55.3535
telstar401,85,LAM,0.033529,2.49211076e-04,0.705451,60.6831
telstar401,85,LAM,0.036966,2.49205343e-04,0.705468,73.4783
telstar401,85,LAM,0.040754,2.49199023e-04,0.705485,90.5629
telstar401,85,LAM,0.044931,2.49192055e-04,0.705505,106.7893
telstar401,85,LAM,0.049535,2.49184375e-04,0.705527,113.4451
telstar401,85,LAM,0.054612,2.49175908e-04,0.705551,102.2413
telstar401,85,LAM,0.060209,2.49166574e-04,0.705577,77.0587
telstar401,85,LAM,0.066379,2.49156285e-04,0.705606,52.8386
telstar401,85,LAM,0.073182,2.49144943e-04,0.705639,58.2389
telstar401,85,LAM,0.080683,2.49132441e-04,0.705674,90.6691
telstar401,85,LAM,0.088951,2.49118659e-04,0.705713,108.0221
telstar401,85,LAM,0.098068,2.49103468e-04,0.705756,77.3938
telstar401,85,LAM,0.108118,2.49086723e-04,0.705803,45.2562
telstar401,85,LAM,0.119199,2.49068266e-04,0.705856,85.5966
telstar401,85,LAM,0.131415,2.49047923e-04,0.705913,96.0925
telstar401,85,LAM,0.144883,2.49025500e-04,0.705977,42.1562
telstar401,85,LAM,0.159731,2.49000787e-04,0.706047,89.6211
telstar401,85,LAM,0.176101,2.48973550e-04,0.706124,67.5923
telstar401,85,LAM,0.194149,2.48943532e-04,0.706209,70.0808
telstar401,85,LAM,0.214047,2.48910450e-04,0.706303,68.5484
telstar401,85,LAM,0.235983,2.48873994e-04,0.706407,83.4858
telstar401,85,LAM,0.260168,2.48833820e-04,0.706521,37.4550
telstar401,85,LAM,0.286832,2.48789553e-04,0.706647,85.7875
telstar401,85,LAM,0.316228,2.48740777e-04,0.706785,95.9364
telstar401,85,LAM,0.348637,2.48687037e-04,0.706938,76.7974
telstar401,85,LAM,0.384367,2.48627831e-04,0.707106,67.3289
telstar401,85,LAM,0.423759,2.48562607e-04,0.707292,76.1197
telstar401,85,LAM,0.467188,2.48490761e-04,0.707496,103.8549
telstar401,85,LAM,0.515068,2.48411627e-04,0.707722,115.8743
telstar401,85,LAM,0.567855,2.48324473e-04,0.707970,69.1985
telstar401,85,LAM,0.626052,2.48228498e-04,0.708244,136.8764
telstar401,85,LAM,0.690213,2.48122821e-04,0.708545,99.2424
telstar401,85,LAM,0.760950,2.48006478e-04,0.708878,85.0837
telstar401,85,LAM,0.838936,2.47878409e-04,0.709244,87.7665
telstar401,85,LAM,0.924915,2.47737456e-04,0.709648,124.4325
telstar401,85,LAM,1.019705,2.47582351e-04,0.710092,61.7387
telstar401,85,LAM,1.124210,2.47411705e-04,0.710582,86.6381
telstar401,85,LAM,1.239425,2.47224004e-04,0.711121,66.0476
telstar401,85,LAM,1.366448,2.47017591e-04,0.711716,63.3495
telstar401,85,LAM,1.506489,2.46790663e-04,0.712370,62.3448
telstar401,85,LAM,1.660883,2.46541255e-04,0.713091,85.9457
telstar401,85,LAM,1.831099,2.46267227e-04,0.713884,107.7003
telstar401,85,LAM,2.018760,2.45966261e-04,0.714758,68.1157
telstar401,85,LAM,2.225654,2.45635840e-04,0.715719,96.3207
telstar401,85,LAM,2.453751,2.45273245e-04,0.716777,66.7165
telstar401,85,LAM,2.705225,2.44875540e-04,0.717941,94.9575
telstar401,85,LAM,2.982471,2.44439564e-04,0.719222,115.4399
telstar401,85,LAM,3.288131,2.43961929e-04,0.720630,69.2517
telstar401,85,LAM,3.625117,2.43439011e-04,0.722178,90.2368
telstar401,85,LAM,3.996639,2.42866951e-04,0.723879,120.6621
telstar401,85,LAM,4.406236,2.42241661e-04,0.725747,104.3470
telstar401,85,LAM,4.857812,2.41558833e-04,0.727799,117.4936
telstar401,85,LAM,5.355667,2.40813959e-04,0.730050,101.8901
telstar401,85,LAM,5.904545,2.40002359e-04,0.732519,72.5507
telstar401,85,LAM,6.509675,2.39119225e-04,0.735224,119.6011
telstar401,85,LAM,7.176822,2.38159673e-04,0.738187,44.1460
telstar401,85,LAM,7.912343,2.37118823e-04,0.741427,93.6701
telstar401,85,LAM,8.723243,2.35991900e-04,0.744967,89.2431
telstar401,85,LAM,9.617249,2.34774353e-04,0.748831,90.9350
telstar401,85,LAM,10.602877,2.33462023e-04,0.753040,89.7767
telstar401,85,LAM,11.689518,2.32051338e-04,0.757618,142.0249
telstar401,85,LAM,12.887524,2.30539558e-04,0.762586,94.2249
telstar401,85,LAM,14.208308,2.28925074e-04,0.767964,72.5397
telstar401,85,LAM,15.664454,2.27207771e-04,0.773769,130.6168
telstar401,85,LAM,17.269833,2.25389471e-04,0.780011,87.0587
telstar401,85,LAM,19.039740,2.23474465e-04,0.786695,74.5289
telstar401,85,LAM,20.991037,2.21470194e-04,0.793815,90.3960
telstar401,85,LAM,23.142314,2.19388129e-04,0.801348,57.0487
telstar401,85,LAM,25.514065,2.17245026e-04,0.809253,75.8005
telstar401,85,LAM,28.128887,2.15064990e-04,0.817456,90.4501
telstar401,85,LAM,31.011689,2.12883520e-04,0.825833,117.2805
telstar401,85,LAM,34.189937,2.10758028e-04,0.834162,90.7191
telstar401,85,LAM,37.693910,2.08812359e-04,0.841934,108.8360
telstar401,85,LAM,41.556988,2.07122036e-04,0.848805,73.3221
telstar401,85,LAM,45.815977,2.04576212e-04,0.859368,81.0789
telstar401,85,LAM,50.511449,2.01368328e-04,0.873058,100.9673
telstar401,85,LAM,55.688140,1.97672046e-04,0.889384,138.2218
telstar401,85,LAM,61.395366,1.93706530e-04,0.907591,81.8224
telstar401,85,LAM,67.687500,1.89745995e-04,0.926535,83.9572
telstar401,85,LAM,74.624487,1.86077772e-04,0.944800,136.7494
telstar401,85,LAM,82.272413,1.82938140e-04,0.961015,50.0397
telstar401,85,LAM,90.704142,1.80459055e-04,0.974217,109.5263
telstar401,85,LAM,100.000000,1.78652657e-04,0.984067,82.8123
telstar401,86,SAM,0.000000,3.28509830e-04,0.966400,63.2571
telstar401,86,SAM,0.001000,3.28505446e-04,0.966413,70.5954
telstar401,86,SAM,0.001102,3.28504997e-04,0.966414,71.3612
telstar401,86,SAM,0.001215,3.28504502e-04,0.966416,72.2079
telstar401,86,SAM,0.001340,3.28503956e-04,0.966418,73.1441
telstar401,86,SAM,0.001477,3.28503354e-04,0.966419,74.1794
telstar401,86,SAM,0.001629,3.28502691e-04,0.966421,75.3245
telstar401,86,SAM,0.001796,3.28501959e-04,0.966423,76.5908
telstar401,86,SAM,0.001980,3.28501153e-04,0.966426,77.9913
telstar401,86,SAM,0.002183,3.28500264e-04,0.966428,79.5401
telstar401,86,SAM,0.002406,3.28499284e-04,0.966431,81.2525
telstar401,86,SAM,0.002653,3.28498203e-04,0.966434,83.1455
telstar401,86,SAM,0.002925,3.28497012e-04,0.966438,85.2374
telstar401,86,SAM,0.003225,3.28495699e-04,0.966442,87.5480
telstar401,86,SAM,0.003555,3.28494252e-04,0.966446,90.0983
telstar401,86,SAM,0.003919,3.28492657e-04,0.966451,92.9109
telstar401,86,SAM,0.004321,3.28490898e-04,0.966456,96.0088
telstar401,86,SAM,0.004764,3.28488959e-04,0.966462,99.4156
telstar401,86,SAM,0.005252,3.28486822e-04,0.966468,103.1537
telstar401,86,SAM,0.005790,3.28484467e-04,0.966475,107.2427
telstar401,86,SAM,0.006384,3.28481870e-04,0.966483,111.6959
telstar401,86,SAM,0.007038,3.28479008e-04,0.966491,116.5142
telstar401,86,SAM,0.007759,3.28475854e-04,0.966500,121.6752
telstar401,86,SAM,0.008555,3.28472377e-04,0.966510,127.1126
telstar401,86,SAM,0.009431,3.28468545e-04,0.966522,132.6769
telstar401,86,SAM,0.010398,3.28464321e-04,0.966534,138.0595
telstar401,86,SAM,0.011464,3.28459667e-04,0.966548,142.6633
telstar401,86,SAM,0.012638,3.28454537e-04,0.966563,145.4591
telstar401,86,SAM,0.013934,3.28448884e-04,0.966580,145.1167
telstar401,86,SAM,0.015362,3.28442655e-04,0.966598,140.7541
telstar401,86,SAM,0.016936,3.28435791e-04,0.966618,132.5223
telstar401,86,SAM,0.018672,3.28428227e-04,0.966640,121.1288
telstar401,86,SAM,0.020585,3.28419894e-04,0.966665,107.2307
telstar401,86,SAM,0.022695,3.28410714e-04,0.966692,91.3431
telstar401,86,SAM,0.025021,3.28400600e-04,0.966722,74.0721
telstar401,86,SAM,0.027585,3.28389460e-04,0.966754,56.7329
telstar401,86,SAM,0.030412,3.28377189e-04,0.966791,43.2283
telstar401,86,SAM,0.033529,3.28363675e-04,0.966830,42.7008
telstar401,86,SAM,0.036966,3.28348793e-04,0.966874,59.4557
telstar401,86,SAM,0.040754,3.28332407e-04,0.966922,86.5997
telstar401,86,SAM,0.044931,3.28314367e-04,0.966976,118.6264
telstar401,86,SAM,0.049535,3.28294508e-04,0.967034,147.6533
telstar401,86,SAM,0.054612,3.28272652e-04,0.967098,138.8692
telstar401,86,SAM,0.060209,3.28248601e-04,0.967169,98.5220
telstar401,86,SAM,0.066379,3.28222140e-04,0.967247,56.6443
telstar401,86,SAM,0.073182,3.28193033e-04,0.967333,53.4276
telstar401,86,SAM,0.080683,3.28161025e-04,0.967427,104.0154
telstar401,86,SAM,0.088951,3.28125834e-04,0.967531,155.9669
telstar401,86,SAM,0.098068,3.28087155e-04,0.967645,102.6999
telstar401,86,SAM,0.108118,3.28044657e-04,0.967771,50.5914
telstar401,86,SAM,0.119199,3.27997979e-04,0.967908,110.1869
telstar401,86,SAM,0.131415,3.27946728e-04,0.968060,140.3058
telstar401,86,SAM,0.144883,3.27890482e-04,0.968226,55.8329
telstar401,86,SAM,0.159731,3.27828783e-04,0.968408,131.1831
telstar401,86,SAM,0.176101,3.27761137e-04,0.968608,92.9469
telstar401,86,SAM,0.194149,3.27687015e-04,0.968827,104.8667
telstar401,86,SAM,0.214047,3.27605848e-04,0.969067,94.9679
telstar401,86,SAM,0.235983,3.27517030e-04,0.969330,134.0602
telstar401,86,SAM,0.260168,3.27419916e-04,0.969617,59.5472
telstar401,86,SAM,0.286832,3.27313823e-04,0.969931,118.8213
telstar401,86,SAM,0.316228,3.27198033e-04,0.970275,162.3867
telstar401,86,SAM,0.348637,3.27071794e-04,0.970649,122.6436
telstar401,86,SAM,0.384367,3.26934325e-04,0.971057,105.0417
telstar401,86,SAM,0.423759,3.26784824e-04,0.971502,115.5702
telstar401,86,SAM,0.467188,3.26622474e-04,0.971985,147.2441
telstar401,86,SAM,0.515068,3.26446454e-04,0.972509,89.1523
telstar401,86,SAM,0.567855,3.26255954e-04,0.973076,57.5937
telstar401,86,SAM,0.626052,3.26050195e-04,0.973691,91.4394
telstar401,86,SAM,0.690213,3.25828443e-04,0.974353,116.2378
telstar401,86,SAM,0.760950,3.25590041e-04,0.975067,91.5302
telstar401,86,SAM,0.838936,3.25334440e-04,0.975833,113.0771
telstar401,86,SAM,0.924915,3.25061230e-04,0.976653,97.7266
telstar401,86,SAM,1.019705,3.24770184e-04,0.977528,94.1567
telstar401,86,SAM,1.124210,3.24461303e-04,0.978459,59.3797
telstar401,86,SAM,1.239425,3.24134864e-04,0.979444,88.0509
telstar401,86,SAM,1.366448,3.23791478e-04,0.980483,135.7474
telstar401,86,SAM,1.506489,3.23432138e-04,0.981572,137.7182
telstar401,86,SAM,1.660883,3.23058275e-04,0.982708,103.9056
telstar401,86,SAM,1.831099,3.22671802e-04,0.983885,89.4647
telstar401,86,SAM,2.018760,3.22275152e-04,0.985096,141.4679
telstar401,86,SAM,2.225654,3.21871297e-04,0.986332,74.0106
telstar401,86,SAM,2.453751,3.21463746e-04,0.987583,139.0153
telstar401,86,SAM,2.705225,3.21056506e-04,0.988835,107.7797
telstar401,86,SAM,2.982471,3.20654017e-04,0.990076,39.2185
telstar401,86,SAM,3.288131,3.20261036e-04,0.991291,156.4914
telstar401,86,SAM,3.625117,3.19882479e-04,0.992464,21.5527
telstar401,86,SAM,3.996639,3.19523219e-04,0.993580,120.2160
telstar401,86,SAM,4.406236,3.19187855e-04,0.994624,73.3842
telstar401,86,SAM,4.857812,3.18880450e-04,0.995583,124.8207
telstar401,86,SAM,5.355667,3.18604279e-04,0.996446,155.2284
telstar401,86,SAM,5.904545,3.18361600e-04,0.997206,27.1083
telstar401,86,SAM,6.509675,3.18153481e-04,0.997858,62.0550
telstar401,86,SAM,7.176822,3.17979717e-04,0.998403,58.8054
telstar401,86,SAM,7.912343,3.17838843e-04,0.998846,47.7679
telstar401,86,SAM,8.723243,3.17728265e-04,0.999193,39.7839
telstar401,86,SAM,9.617249,3.17644493e-04,0.999457,82.4681
telstar401,86,SAM,10.602877,3.17583456e-04,0.999649,79.6223
telstar401,86,SAM,11.689518,3.17540846e-04,0.999783,36.3735
telstar401,86,SAM,12.887524,3.17512468e-04,0.999872,47.7073
telstar401,86,SAM,14.208308,3.17494521e-04,0.999929,123.8475
telstar401,86,SAM,15.664454,3.17483798e-04,0.999963,25.6172
telstar401,86,SAM,17.269833,3.17477780e-04,0.999982,122.5010
telstar401,86,SAM,19.039740,3.17474627e-04,0.999992,41.8209
telstar401,86,SAM,20.991037,3.17473096e-04,0.999996,139.0978
telstar401,86,SAM,23.142314,3.17472412e-04,0.999999,142.3890
telstar401,86,SAM,25.514065,3.17472134e-04,1.000000,34.3109
telstar401,86,SAM,28.128887,3.17472031e-04,1.000000,125.4653
telstar401,86,SAM,31.011689,3.17471997e-04,1.000000,97.3511
telstar401,86,SAM,34.189937,3.17471987e-04,1.000000,142.1803
telstar401,86,SAM,37.693910,3.17471985e-04,1.000000,64.9648
telstar401,86,SAM,41.556988,3.17471984e-04,1.000000,28.2044
telstar401,86,SAM,45.815977,3.17471984e-04,1.000000,22.1029
telstar401,86,SAM,50.511449,3.17471984e-04,1.000000,141.6958
telstar401,86,SAM,55.688140,3.17471984e-04,1.000000,100.2377
telstar401,86,SAM,61.395366,3.17471984e-04,1.000000,67.1730
telstar401,86,SAM,67.687500,3.17471984e-04,1.000000,84.8149
telstar401,86,SAM,74.624487,3.17471984e-04,1.000000,38.4311
telstar401,86,SAM,82.272413,3.17471984e-04,1.000000,108.1354
telstar401,86,SAM,90.704142,3.17471984e-04,1.000000,25.7759
telstar401,86,SAM,100.000000,3.17471984e-04,1.000000,60.2023
telstar401,87,LAM,0.000000,1.41807481e-03,0.750669,152.2400
telstar401,87,LAM,0.001000,1.41633563e-03,0.751591,152.4726
telstar401,87,LAM,0.001102,1.41615798e-03,0.751686,152.4956
telstar401,87,LAM,0.001215,1.41596226e-03,0.751789,152.5208
telstar401,87,LAM,0.001340,1.41574663e-03,0.751904,152.5484
telstar401,87,LAM,0.001477,1.41550909e-03,0.752030,152.5785
telstar401,87,LAM,0.001629,1.41524744e-03,0.752169,152.6114
telstar401,87,LAM,0.001796,1.41495925e-03,0.752322,152.6472
telstar401,87,LAM,0.001980,1.41464186e-03,0.752491,152.6863
telstar401,87,LAM,0.002183,1.41429236e-03,0.752677,152.7287
telstar401,87,LAM,0.002406,1.41390753e-03,0.752882,152.7748
telstar401,87,LAM,0.002653,1.41348388e-03,0.753108,152.8247
telstar401,87,LAM,0.002925,1.41301754e-03,0.753356,152.8786
telstar401,87,LAM,0.003225,1.41250430e-03,0.753630,152.9366
telstar401,87,LAM,0.003555,1.41193955e-03,0.753931,152.9990
telstar401,87,LAM,0.003919,1.41131825e-03,0.754263,153.0656
telstar401,87,LAM,0.004321,1.41063487e-03,0.754629,153.1366
telstar401,87,LAM,0.004764,1.40988340e-03,0.755031,153.2117
telstar401,87,LAM,0.005252,1.40905727e-03,0.755474,153.2907
telstar401,87,LAM,0.005790,1.40814935e-03,0.755961,153.3729
telstar401,87,LAM,0.006384,1.40715185e-03,0.756496,153.4577
telstar401,87,LAM,0.007038,1.40605635e-03,0.757086,153.5439
telstar401,87,LAM,0.007759,1.40485369e-03,0.757734,153.6298
telstar401,87,LAM,0.008555,1.40353398e-03,0.758447,153.7132
telstar401,87,LAM,0.009431,1.40208655e-03,0.759229,153.7912
telstar401,87,LAM,0.010398,1.40049990e-03,0.760090,153.8598
telstar401,87,LAM,0.011464,1.39876170e-03,0.761034,153.9138
telstar401,87,LAM,0.012638,1.39685876e-03,0.762071,153.9465
telstar401,87,LAM,0.013934,1.39477701e-03,0.763208,153.9493
telstar401,87,LAM,0.015362,1.39250154e-03,0.764455,153.9114
telstar401,87,LAM,0.016936,1.39001663e-03,0.765822,153.8189
telstar401,87,LAM,0.018672,1.38730577e-03,0.767319,153.6550
telstar401,87,LAM,0.020585,1.38435181e-03,0.768956,153.3988
telstar401,87,LAM,0.022695,1.38113705e-03,0.770746,153.0253
telstar401,87,LAM,0.025021,1.37764342e-03,0.772700,152.5050
telstar401,87,LAM,0.027585,1.37385279e-03,0.774832,151.8036
telstar401,87,LAM,0.030412,1.36974720e-03,0.777155,150.8828
telstar401,87,LAM,0.033529,1.36530936e-03,0.779681,149.6999
telstar401,87,LAM,0.036966,1.36052313e-03,0.782424,148.2094
telstar401,87,LAM,0.040754,1.35537418e-03,0.785396,146.3635
telstar401,87,LAM,0.044931,1.34985080e-03,0.788610,144.1131
telstar401,87,LAM,0.049535,1.34394489e-03,0.792075,141.4086
telstar401,87,LAM,0.054612,1.33765317e-03,0.795801,138.2005
telstar401,87,LAM,0.060209,1.33097861e-03,0.799792,134.4397
telstar401,87,LAM,0.066379,1.32393227e-03,0.804048,130.0783
telstar401,87,LAM,0.073182,1.31653545e-03,0.808566,125.0703
telstar401,87,LAM,0.080683,1.30882249e-03,0.813331,119.3747
telstar401,87,LAM,0.088951,1.30084456e-03,0.818319,112.9589
telstar401,87,LAM,0.098068,1.29267504e-03,0.823490,105.8080
telstar401,87,LAM,0.108118,1.28441869e-03,0.828784,97.9389
telstar401,87,LAM,0.119199,1.27623000e-03,0.834102,89.4291
telstar401,87,LAM,0.131415,1.26836331e-03,0.839275,80.4725
telstar401,87,LAM,0.144883,1.26143911e-03,0.843882,71.5412
telstar401,87,LAM,0.159731,1.25484973e-03,0.848313,62.8695
telstar401,87,LAM,0.176101,1.24581762e-03,0.854463,54.5903
telstar401,87,LAM,0.194149,1.23517907e-03,0.861823,49.7822
telstar401,87,LAM,0.214047,1.22320415e-03,0.870260,52.8605
telstar401,87,LAM,0.235983,1.21011233e-03,0.879675,66.4781
telstar401,87,LAM,0.260168,1.19614222e-03,0.889949,89.7582
telstar401,87,LAM,0.286832,1.18157267e-03,0.900923,121.2441
telstar401,87,LAM,0.316228,1.16672653e-03,0.912386,159.8923
telstar401,87,LAM,0.348637,1.15196285e-03,0.924080,150.4937
telstar401,87,LAM,0.384367,1.13765921e-03,0.935698,95.8724
telstar401,87,LAM,0.423759,1.12418588e-03,0.946912,42.0522
telstar401,87,LAM,0.467188,1.11187509e-03,0.957397,68.0325
telstar401,87,LAM,0.515068,1.10099010e-03,0.966862,141.5485
telstar401,87,LAM,0.567855,1.09170011e-03,0.975090,95.4026
telstar401,87,LAM,0.626052,1.08406627e-03,0.981956,18.0493
telstar401,87,LAM,0.690213,1.07804226e-03,0.987443,120.2352
telstar401,87,LAM,0.760950,1.07348949e-03,0.991631,64.1193
telstar401,87,LAM,0.838936,1.07020348e-03,0.994676,79.3900
telstar401,87,LAM,0.924915,1.06794563e-03,0.996779,87.0247
telstar401,87,LAM,1.019705,1.06647399e-03,0.998154,108.4300
telstar401,87,LAM,1.124210,1.06556782e-03,0.999003,51.9193
telstar401,87,LAM,1.239425,1.06504318e-03,0.999495,151.0734
telstar401,87,LAM,1.366448,1.06475914e-03,0.999762,121.3752
telstar401,87,LAM,1.506489,1.06461623e-03,0.999896,59.0561
telstar401,87,LAM,1.660883,1.06454987e-03,0.999958,22.5674
telstar401,87,LAM,1.831099,1.06452166e-03,0.999985,18.0338
telstar401,87,LAM,2.018760,1.06451078e-03,0.999995,62.5941
telstar401,87,LAM,2.225654,1.06450701e-03,0.999999,138.5373
telstar401,87,LAM,2.453751,1.06450584e-03,1.000000,107.4895
telstar401,87,LAM,2.705225,1.06450553e-03,1.000000,60.4902
telstar401,87,LAM,2.982471,1.06450545e-03,1.000000,70.4192
telstar401,87,LAM,3.288131,1.06450544e-03,1.000000,147.5891
telstar401,87,LAM,3.625117,1.06450544e-03,1.000000,127.0407
telstar401,87,LAM,3.996639,1.06450544e-03,1.000000,87.4880
telstar401,87,LAM,4.406236,1.06450544e-03,1.000000,66.9826
telstar401,87,LAM,4.857812,1.06450544e-03,1.000000,65.7008
telstar401,87,LAM,5.355667,1.06450544e-03,1.000000,107.1064
telstar401,87,LAM,5.904545,1.06450544e-03,1.000000,24.5007
telstar401,87,LAM,6.509675,1.06450544e-03,1.000000,151.1465
telstar401,87,LAM,7.176822,1.06450544e-03,1.000000,151.4459
telstar401,87,LAM,7.912343,1.06450544e-03,1.000000,94.5989
telstar401,87,LAM,8.723243,1.06450544e-03,1.000000,129.0619
telstar401,87,LAM,9.617249,1.06450544e-03,1.000000,89.1731
telstar401,87,LAM,10.602877,1.06450544e-03,1.000000,138.5282
telstar401,87,LAM,11.689518,1.06450544e-03,1.000000,38.9238
telstar401,87,LAM,12.887524,1.06450544e-03,1.000000,36.6740
telstar401,87,LAM,14.208308,1.06450544e-03,1.000000,130.0855
telstar401,87,LAM,15.664454,1.06450544e-03,1.000000,64.3815
telstar401,87,LAM,17.269833,1.06450544e-03,1.000000,145.9171
telstar401,87,LAM,19.039740,1.06450544e-03,1.000000,33.2798
telstar401,87,LAM,20.991037,1.06450544e-03,1.000000,142.5498
telstar401,87,LAM,23.142314,1.06450544e-03,1.000000,49.4806
telstar401,87,LAM,25.514065,1.06450544e-03,1.000000,28.8475
telstar401,87,LAM,28.128887,1.06450544e-03,1.000000,114.0655
telstar401,87,LAM,31.011689,1.06450544e-03,1.000000,76.3058
telstar401,87,LAM,34.189937,1.06450544e-03,1.000000,71.9149
telstar401,87,LAM,37.693910,1.06450544e-03,1.000000,119.5994
telstar401,87,LAM,41.556988,1.06450544e-03,1.000000,27.5068
telstar401,87,LAM,45.815977,1.06450544e-03,1.000000,10.7410
telstar401,87,LAM,50.511449,1.06450544e-03,1.000000,141.5598
telstar401,87,LAM,55.688140,1.06450544e-03,1.000000,20.9819
telstar401,87,LAM,61.395366,1.06450544e-03,1.000000,144.0422
telstar401,87,LAM,67.687500,1.06450544e-03,1.000000,99.3453
telstar401,87,LAM,74.624487,1.06450544e-03,1.000000,11.2457
telstar401,87,LAM,82.272413,1.06450544e-03,1.000000,72.4655
telstar401,87,LAM,90.704142,1.06450544e-03,1.000000,97.1342
telstar401,87,LAM,100.000000,1.06450544e-03,1.000000,65.6744
telstar401,88,LAM,0.000000,6.27701489e-04,0.582358,122.3824
telstar401,88,LAM,0.001000,6.27629665e-04,0.582425,122.5760
telstar401,88,LAM,0.001102,6.27622305e-04,0.582432,122.5959
telstar401,88,LAM,0.001215,6.27614190e-04,0.582439,122.6178
telstar401,88,LAM,0.001340,6.27605244e-04,0.582447,122.6419
telstar401,88,LAM,0.001477,6.27595382e-04,0.582457,122.6686
telstar401,88,LAM,0.001629,6.27584509e-04,0.582467,122.6979
telstar401,88,LAM,0.001796,6.27572521e-04,0.582478,122.7303
telstar401,88,LAM,0.001980,6.27559306e-04,0.582490,122.7660
telstar401,88,LAM,0.002183,6.27544736e-04,0.582504,122.8054
telstar401,88,LAM,0.002406,6.27528674e-04,0.582519,122.8489
telstar401,88,LAM,0.002653,6.27510966e-04,0.582535,122.8968
telstar401,88,LAM,0.002925,6.27491444e-04,0.582553,122.9497
telstar401,88,LAM,0.003225,6.27469922e-04,0.582573,123.0080
telstar401,88,LAM,0.003555,6.27446196e-04,0.582595,123.0723
telstar401,88,LAM,0.003919,6.27420039e-04,0.582619,123.1432
telstar401,88,LAM,0.004321,6.27391203e-04,0.582646,123.2215
telstar401,88,LAM,0.004764,6.27359414e-04,0.582676,123.3078
telstar401,88,LAM,0.005252,6.27324368e-04,0.582708,123.4031
telstar401,88,LAM,0.005790,6.27285734e-04,0.582744,123.5082
telstar401,88,LAM,0.006384,6.27243144e-04,0.582784,123.6241
telstar401,88,LAM,0.007038,6.27196193e-04,0.582827,123.7521
telstar401,88,LAM,0.007759,6.27144435e-04,0.582875,123.8934
telstar401,88,LAM,0.008555,6.27087378e-04,0.582929,124.0493
telstar401,88,LAM,0.009431,6.27024481e-04,0.582987,124.2214
telstar401,88,LAM,0.010398,6.26955146e-04,0.583051,124.4114
telstar401,88,LAM,0.011464,6.26878717e-04,0.583123,124.6212
telstar401,88,LAM,0.012638,6.26794467e-04,0.583201,124.8528
telstar401,88,LAM,0.013934,6.26701599e-04,0.583287,125.1086
telstar401,88,LAM,0.015362,6.26599232e-04,0.583383,125.3910
telstar401,88,LAM,0.016936,6.26486398e-04,0.583488,125.7030
telstar401,88,LAM,0.018672,6.26362027e-04,0.583604,126.0476
telstar401,88,LAM,0.020585,6.26224945e-04,0.583731,126.4282
telstar401,88,LAM,0.022695,6.26073855e-04,0.583872,126.8486
telstar401,88,LAM,0.025021,6.25907332e-04,0.584028,127.3130
telstar401,88,LAM,0.027585,6.25723805e-04,0.584199,127.8259
telstar401,88,LAM,0.030412,6.25521544e-04,0.584388,128.3922
telstar401,88,LAM,0.033529,6.25298646e-04,0.584596,129.0173
telstar401,88,LAM,0.036966,6.25053016e-04,0.584826,129.7070
telstar401,88,LAM,0.040754,6.24782349e-04,0.585079,130.4673
telstar401,88,LAM,0.044931,6.24484107e-04,0.585359,131.3045
telstar401,88,LAM,0.049535,6.24155503e-04,0.585667,132.2250
telstar401,88,LAM,0.054612,6.23793466e-04,0.586007,133.2349
telstar401,88,LAM,0.060209,6.23394627e-04,0.586382,134.3392
telstar401,88,LAM,0.066379,6.22955277e-04,0.586795,135.5414
telstar401,88,LAM,0.073182,6.22471347e-04,0.587251,136.8415
telstar401,88,LAM,0.080683,6.21938364e-04,0.587755,138.2341
telstar401,88,LAM,0.088951,6.21351422e-04,0.588310,139.7044
telstar401,88,LAM,0.098068,6.20705137e-04,0.588922,141.2227
telstar401,88,LAM,0.108118,6.19993607e-04,0.589598,142.7352
telstar401,88,LAM,0.119199,6.19210365e-04,0.590344,144.1513
telstar401,88,LAM,0.131415,6.18348330e-04,0.591167,145.3259
telstar401,88,LAM,0.144883,6.17399756e-04,0.592075,146.0410
telstar401,88,LAM,0.159731,6.16356180e-04,0.593078,145.9966
telstar401,88,LAM,0.176101,6.15208360e-04,0.594184,144.8290
telstar401,88,LAM,0.194149,6.13946223e-04,0.595406,142.1684
telstar401,88,LAM,0.214047,6.12558802e-04,0.596754,137.7100
telstar401,88,LAM,0.235983,6.11034180e-04,0.598243,131.2436
telstar401,88,LAM,0.260168,6.09359431e-04,0.599887,122.6240
telstar401,88,LAM,0.286832,6.07520566e-04,0.601703,111.7134
telstar401,88,LAM,0.316228,6.05502491e-04,0.603709,98.3378
telstar401,88,LAM,0.348637,6.03288969e-04,0.605924,82.2682
telstar401,88,LAM,0.384367,6.00862597e-04,0.608371,63.2378
telstar401,88,LAM,0.423759,5.98204809e-04,0.611073,41.0850
telstar401,88,LAM,0.467188,5.95295908e-04,0.614059,17.4777
telstar401,88,LAM,0.515068,5.92115125e-04,0.617358,23.0798
telstar401,88,LAM,0.567855,5.88640746e-04,0.621002,57.8764
telstar401,88,LAM,0.626052,5.84850291e-04,0.625027,100.7282
telstar401,88,LAM,0.690213,5.80720783e-04,0.629471,150.6970
telstar401,88,LAM,0.760950,5.76229116e-04,0.634378,147.0830
telstar401,88,LAM,0.838936,5.71352560e-04,0.639793,79.1598
telstar401,88,LAM,0.924915,5.66069415e-04,0.645764,27.0737
telstar401,88,LAM,1.019705,5.60359870e-04,0.652343,106.8542
telstar401,88,LAM,1.124210,5.54207066e-04,0.659586,127.6156
telstar401,88,LAM,1.239425,5.47598430e-04,0.667546,9.5838
telstar401,88,LAM,1.366448,5.40527283e-04,0.676279,146.3141
telstar401,88,LAM,1.506489,5.32994750e-04,0.685836,15.7075
telstar401,88,LAM,1.660883,5.25011967e-04,0.696264,143.3052
telstar401,88,LAM,1.831099,5.16602553e-04,0.707598,128.4471
telstar401,88,LAM,2.018760,5.07805286e-04,0.719857,73.0083
telstar401,88,LAM,2.225654,4.98676891e-04,0.733034,71.6874
telstar401,88,LAM,2.453751,4.89294801e-04,0.747090,137.2590
telstar401,88,LAM,2.705225,4.79759847e-04,0.761938,91.3449
telstar401,88,LAM,2.982471,4.70199018e-04,0.777431,130.5251
telstar401,88,LAM,3.288131,4.60769240e-04,0.793341,72.6635
telstar401,88,LAM,3.625117,4.51665607e-04,0.809331,120.0730
telstar401,88,LAM,3.996639,4.43147595e-04,0.824888,88.4007
telstar401,88,LAM,4.406236,4.35664340e-04,0.839057,152.0062
telstar401,88,LAM,4.857812,4.29678613e-04,0.850745,168.6415
telstar401,88,LAM,5.355667,4.20948890e-04,0.868388,55.2774
telstar401,88,LAM,5.904545,4.10535986e-04,0.890414,119.0338
telstar401,88,LAM,6.509675,3.99713595e-04,0.914523,46.3336
telstar401,88,LAM,7.176822,3.89683349e-04,0.938062,126.0740
telstar401,88,LAM,7.912343,3.81354105e-04,0.958550,90.9265
telstar401,88,LAM,8.723243,3.75132414e-04,0.974448,37.8289
telstar401,88,LAM,9.617249,3.70928709e-04,0.985492,29.7534
telstar401,88,LAM,10.602877,3.68343911e-04,0.992407,79.6959
telstar401,88,LAM,11.689518,3.66890513e-04,0.996338,107.8854
telstar401,88,LAM,12.887524,3.66141544e-04,0.998376,150.2208
telstar401,88,LAM,14.208308,3.65788138e-04,0.999341,34.1750
telstar401,88,LAM,15.664454,3.65636035e-04,0.999757,72.0932
telstar401,88,LAM,17.269833,3.65576704e-04,0.999919,142.4853
telstar401,88,LAM,19.039740,3.65555903e-04,0.999976,26.1713
telstar401,88,LAM,20.991037,3.65549414e-04,0.999994,84.6733
telstar401,88,LAM,23.142314,3.65547634e-04,0.999999,76.5181
telstar401,88,LAM,25.514065,3.65547209e-04,1.000000,130.7007
telstar401,88,LAM,28.128887,3.65547123e-04,1.000000,79.3839
telstar401,88,LAM,31.011689,3.65547108e-04,1.000000,107.5426
telstar401,88,LAM,34.189937,3.65547106e-04,1.000000,87.9797
telstar401,88,LAM,37.693910,3.65547105e-04,1.000000,36.2914
telstar401,88,LAM,41.556988,3.65547105e-04,1.000000,31.6352
telstar401,88,LAM,45.815977,3.65547105e-04,1.000000,169.4104
telstar401,88,LAM,50.511449,3.65547105e-04,1.000000,32.0058
telstar401,88,LAM,55.688140,3.65547105e-04,1.000000,104.1337
telstar401,88,LAM,61.395366,3.65547105e-04,1.000000,115.7130
telstar401,88,LAM,67.687500,3.65547105e-04,1.000000,71.0557
telstar401,88,LAM,74.624487,3.65547105e-04,1.000000,177.8878
telstar401,88,LAM,82.272413,3.65547105e-04,1.000000,138.8040
telstar401,88,LAM,90.704142,3.65547105e-04,1.000000,171.6987
telstar401,88,LAM,100.000000,3.65547105e-04,1.000000,136.7385
telstar401,89,LAM,0.000000,1.44394834e-03,0.785057,118.7636
telstar401,89,LAM,0.001000,1.44237542e-03,0.785913,118.4807
telstar401,89,LAM,0.001102,1.44221489e-03,0.786001,118.4501
telstar401,89,LAM,0.001215,1.44203806e-03,0.786097,118.4160
telstar401,89,LAM,0.001340,1.44184329e-03,0.786203,118.3780
telstar401,89,LAM,0.001477,1.44162876e-03,0.786320,118.3356
telstar401,89,LAM,0.001629,1.44139252e-03,0.786449,118.2883
telstar401,89,LAM,0.001796,1.44113238e-03,0.786591,118.2354
telstar401,89,LAM,0.001980,1.44084596e-03,0.786747,118.1761
telstar401,89,LAM,0.002183,1.44053066e-03,0.786920,118.1096
telstar401,89,LAM,0.002406,1.44018361e-03,0.787109,118.0351
telstar401,89,LAM,0.002653,1.43980169e-03,0.787318,117.9512
telstar401,89,LAM,0.002925,1.43938146e-03,0.787548,117.8569
telstar401,89,LAM,0.003225,1.43891919e-03,0.787801,117.7505
telstar401,89,LAM,0.003555,1.43841078e-03,0.788079,117.6303
telstar401,89,LAM,0.003919,1.43785176e-03,0.788386,117.4944
telstar401,89,LAM,0.004321,1.43723727e-03,0.788723,117.3404
telstar401,89,LAM,0.004764,1.43656201e-03,0.789094,117.1657
telstar401,89,LAM,0.005252,1.43582024e-03,0.789501,116.9669
telstar401,89,LAM,0.005790,1.43500569e-03,0.789949,116.7405
telstar401,89,LAM,0.006384,1.43411162e-03,0.790442,116.4822
telstar401,89,LAM,0.007038,1.43313069e-03,0.790983,116.1869
telstar401,89,LAM,0.007759,1.43205504e-03,0.791577,115.8488
telstar401,89,LAM,0.008555,1.43087618e-03,0.792229,115.4611
telstar401,89,LAM,0.009431,1.42958502e-03,0.792945,115.0158
telstar401,89,LAM,0.010398,1.42817185e-03,0.793729,114.5037
telstar401,89,LAM,0.011464,1.42662635e-03,0.794589,113.9142
telstar401,89,LAM,0.012638,1.42493757e-03,0.795531,113.2350
telstar401,89,LAM,0.013934,1.42309401e-03,0.796561,112.4520
telstar401,89,LAM,0.015362,1.42108363e-03,0.797688,111.5491
telstar401,89,LAM,0.016936,1.41889395e-03,0.798919,110.5083
telstar401,89,LAM,0.018672,1.41651215e-03,0.800263,109.3092
telstar401,89,LAM,0.020585,1.41392524e-03,0.801727,107.9297
telstar401,89,LAM,0.022695,1.41112024e-03,0.803321,106.3457
telstar401,89,LAM,0.025021,1.40808449e-03,0.805052,104.5320
telstar401,89,LAM,0.027585,1.40480596e-03,0.806931,102.4633
telstar401,89,LAM,0.030412,1.40127370e-03,0.808965,100.1157
telstar401,89,LAM,0.033529,1.39747844e-03,0.811162,97.4693
telstar401,89,LAM,0.036966,1.39341327e-03,0.813529,94.5121
telstar401,89,LAM,0.040754,1.38907460e-03,0.816070,91.2462
telstar401,89,LAM,0.044931,1.38446326e-03,0.818788,87.6970
telstar401,89,LAM,0.049535,1.37958613e-03,0.821683,83.9270
telstar401,89,LAM,0.054612,1.37445814e-03,0.824748,80.0561
telstar401,89,LAM,0.060209,1.36910524e-03,0.827973,76.2906
telstar401,89,LAM,0.066379,1.36356900e-03,0.831334,72.9577
telstar401,89,LAM,0.073182,1.35791461e-03,0.834796,70.5354
telstar401,89,LAM,0.080683,1.35224797e-03,0.838294,69.6427
telstar401,89,LAM,0.088951,1.34676592e-03,0.841707,70.9359
telstar401,89,LAM,0.098068,1.34214293e-03,0.844606,74.8128
telstar401,89,LAM,0.108118,1.33673699e-03,0.848022,81.8008
telstar401,89,LAM,0.119199,1.32978188e-03,0.852457,92.5001
telstar401,89,LAM,0.131415,1.32161109e-03,0.857727,106.7829
telstar401,89,LAM,0.144883,1.31232785e-03,0.863795,123.5459
telstar401,89,LAM,0.159731,1.30200699e-03,0.870642,138.6033
telstar401,89,LAM,0.176101,1.29073292e-03,0.878247,139.7311
telstar401,89,LAM,0.194149,1.27861597e-03,0.886569,120.6392
telstar401,89,LAM,0.214047,1.26580150e-03,0.895545,94.8713
telstar401,89,LAM,0.235983,1.25247462e-03,0.905074,81.6831
telstar401,89,LAM,0.260168,1.23886043e-03,0.915020,101.3614
telstar401,89,LAM,0.286832,1.22521938e-03,0.925207,140.0464
telstar401,89,LAM,0.316228,1.21183700e-03,0.935424,119.5088
telstar401,89,LAM,0.348637,1.19900817e-03,0.945433,77.3185
telstar401,89,LAM,0.384367,1.18701677e-03,0.954984,117.3272
telstar401,89,LAM,0.423759,1.17611286e-03,0.963838,105.8716
telstar401,89,LAM,0.467188,1.16649057e-03,0.971788,76.5167
telstar401,89,LAM,0.515068,1.15827052e-03,0.978685,106.6695
telstar401,89,LAM,0.567855,1.15149013e-03,0.984448,72.4473
telstar401,89,LAM,0.626052,1.14610419e-03,0.989074,63.7424
telstar401,89,LAM,0.690213,1.14199571e-03,0.992632,99.9569
telstar401,89,LAM,0.760950,1.13899509e-03,0.995247,70.5729
telstar401,89,LAM,0.838936,1.13690373e-03,0.997078,45.0457
telstar401,89,LAM,0.924915,1.13551782e-03,0.998295,48.2738
telstar401,89,LAM,1.019705,1.13464820e-03,0.999060,63.4161
telstar401,89,LAM,1.124210,1.13413397e-03,0.999513,94.9044
telstar401,89,LAM,1.239425,1.13384895e-03,0.999764,142.7560
telstar401,89,LAM,1.366448,1.13370177e-03,0.999894,91.2210
telstar401,89,LAM,1.506489,1.13363145e-03,0.999956,108.6369
telstar401,89,LAM,1.660883,1.13360059e-03,0.999983,40.6213
telstar401,89,LAM,1.831099,1.13358827e-03,0.999994,47.4204
telstar401,89,LAM,2.018760,1.13358383e-03,0.999998,63.1098
telstar401,89,LAM,2.225654,1.13358240e-03,1.000000,100.5642
telstar401,89,LAM,2.453751,1.13358200e-03,1.000000,108.6781
telstar401,89,LAM,2.705225,1.13358190e-03,1.000000,96.3833
telstar401,89,LAM,2.982471,1.13358187e-03,1.000000,117.1201
telstar401,89,LAM,3.288131,1.13358187e-03,1.000000,104.8148
telstar401,89,LAM,3.625117,1.13358187e-03,1.000000,104.2548
telstar401,89,LAM,3.996639,1.13358187e-03,1.000000,121.1968
telstar401,89,LAM,4.406236,1.13358187e-03,1.000000,72.1737
telstar401,89,LAM,4.857812,1.13358187e-03,1.000000,51.2624
telstar401,89,LAM,5.355667,1.13358187e-03,1.000000,115.8926
telstar401,89,LAM,5.904545,1.13358187e-03,1.000000,86.0210
telstar401,89,LAM,6.509675,1.13358187e-03,1.000000,64.7401
telstar401,89,LAM,7.176822,1.13358187e-03,1.000000,93.3805
telstar401,89,LAM,7.912343,1.13358187e-03,1.000000,65.2495
telstar401,89,LAM,8.723243,1.13358187e-03,1.000000,35.5611
telstar401,89,LAM,9.617249,1.13358187e-03,1.000000,73.6286
telstar401,89,LAM,10.602877,1.13358187e-03,1.000000,107.7611
telstar401,89,LAM,11.689518,1.13358187e-03,1.000000,88.6401
telstar401,89,LAM,12.887524,1.13358187e-03,1.000000,100.6999
telstar401,89,LAM,14.208308,1.13358187e-03,1.000000,99.6520
telstar401,89,LAM,15.664454,1.13358187e-03,1.000000,85.8812
telstar401,89,LAM,17.269833,1.13358187e-03,1.000000,95.3977
telstar401,89,LAM,19.039740,1.13358187e-03,1.000000,126.2661
telstar401,89,LAM,20.991037,1.13358187e-03,1.000000,93.4245
telstar401,89,LAM,23.142314,1.13358187e-03,1.000000,93.0975
telstar401,89,LAM,25.514065,1.13358187e-03,1.000000,56.7823
telstar401,89,LAM,28.128887,1.13358187e-03,1.000000,137.5925
telstar401,89,LAM,31.011689,1.13358187e-03,1.000000,61.9609
telstar401,89,LAM,34.189937,1.13358187e-03,1.000000,136.5350
telstar401,89,LAM,37.693910,1.13358187e-03,1.000000,65.6377
telstar401,89,LAM,41.556988,1.13358187e-03,1.000000,59.2998
telstar401,89,LAM,45.815977,1.13358187e-03,1.000000,80.2497
telstar401,89,LAM,50.511449,1.13358187e-03,1.000000,119.7654
telstar401,89,LAM,55.688140,1.13358187e-03,1.000000,43.9862
telstar401,89,LAM,61.395366,1.13358187e-03,1.000000,78.1350
telstar401,89,LAM,67.687500,1.13358187e-03,1.000000,82.1307
telstar401,89,LAM,74.624487,1.13358187e-03,1.000000,85.5509
telstar401,89,LAM,82.272413,1.13358187e-03,1.000000,128.1945
telstar401,89,LAM,90.704142,1.13358187e-03,1.000000,97.5157
telstar401,89,LAM,100.000000,1.13358187e-03,1.000000,68.7545
telstar401,90,SAM,0.000000,2.38157180e-04,0.910827,27.1906
telstar401,90,SAM,0.001000,2.38155424e-04,0.910833,31.2320
telstar401,90,SAM,0.001102,2.38155244e-04,0.910834,31.7350
telstar401,90,SAM,0.001215,2.38155045e-04,0.910835,32.3053
telstar401,90,SAM,0.001340,2.38154826e-04,0.910836,32.9524
telstar401,90,SAM,0.001477,2.38154585e-04,0.910837,33.6867
telstar401,90,SAM,0.001629,2.38154319e-04,0.910838,34.5199
telstar401,90,SAM,0.001796,2.38154026e-04,0.910839,35.4654
telstar401,90,SAM,0.001980,2.38153703e-04,0.910840,36.5378
telstar401,90,SAM,0.002183,2.38153347e-04,0.910841,37.7534
telstar401,90,SAM,0.002406,2.38152954e-04,0.910843,39.1302
telstar401,90,SAM,0.002653,2.38152521e-04,0.910845,40.6881
telstar401,90,SAM,0.002925,2.38152043e-04,0.910846,42.4487
telstar401,90,SAM,0.003225,2.38151517e-04,0.910848,44.4358
telstar401,90,SAM,0.003555,2.38150936e-04,0.910851,46.6751
telstar401,90,SAM,0.003919,2.38150297e-04,0.910853,49.1944
telstar401,90,SAM,0.004321,2.38149591e-04,0.910856,52.0242
telstar401,90,SAM,0.004764,2.38148813e-04,0.910859,55.1969
telstar401,90,SAM,0.005252,2.38147956e-04,0.910862,58.7480
telstar401,90,SAM,0.005790,2.38147011e-04,0.910866,62.7154
telstar401,90,SAM,0.006384,2.38145969e-04,0.910870,67.1399
telstar401,90,SAM,0.007038,2.38144820e-04,0.910874,72.0655
telstar401,90,SAM,0.007759,2.38143554e-04,0.910879,77.5386
telstar401,90,SAM,0.008555,2.38142157e-04,0.910884,83.6083
telstar401,90,SAM,0.009431,2.38140618e-04,0.910890,90.3252
telstar401,90,SAM,0.010398,2.38138921e-04,0.910897,97.7392
telstar401,90,SAM,0.011464,2.38137050e-04,0.910904,105.8948
telstar401,90,SAM,0.012638,2.38134988e-04,0.910912,114.8205
telstar401,90,SAM,0.013934,2.38132714e-04,0.910920,124.5031
telstar401,90,SAM,0.015362,2.38130207e-04,0.910930,134.8175
telstar401,90,SAM,0.016936,2.38127444e-04,0.910940,145.3056
telstar401,90,SAM,0.018672,2.38124398e-04,0.910952,154.3834
telstar401,90,SAM,0.020585,2.38121039e-04,0.910965,157.3878
telstar401,90,SAM,0.022695,2.38117337e-04,0.910979,149.8613
telstar401,90,SAM,0.025021,2.38113256e-04,0.910995,135.0844
telstar401,90,SAM,0.027585,2.38108757e-04,0.911012,116.4368
telstar401,90,SAM,0.030412,2.38103797e-04,0.911031,95.1472
telstar401,90,SAM,0.033529,2.38098330e-04,0.911052,71.9046
telstar401,90,SAM,0.036966,2.38092303e-04,0.911075,48.2577
telstar401,90,SAM,0.040754,2.38085660e-04,0.911100,31.7177
telstar401,90,SAM,0.044931,2.38078336e-04,0.911128,42.1222
telstar401,90,SAM,0.049535,2.38070264e-04,0.911159,72.9416
telstar401,90,SAM,0.054612,2.38061367e-04,0.911193,111.4279
telstar401,90,SAM,0.060209,2.38051559e-04,0.911231,152.5644
telstar401,90,SAM,0.066379,2.38040749e-04,0.911272,147.9694
telstar401,90,SAM,0.073182,2.38028834e-04,0.911318,97.4648
telstar401,90,SAM,0.080683,2.38015702e-04,0.911368,46.9202
telstar401,90,SAM,0.088951,2.38001229e-04,0.911424,53.5357
telstar401,90,SAM,0.098068,2.37985278e-04,0.911485,118.9409
telstar401,90,SAM,0.108118,2.37967699e-04,0.911552,157.8665
telstar401,90,SAM,0.119199,2.37948328e-04,0.911626,76.3419
telstar401,90,SAM,0.131415,2.37926981e-04,0.911708,55.3105
telstar401,90,SAM,0.144883,2.37903459e-04,0.911798,151.2668
telstar401,90,SAM,0.159731,2.37877541e-04,0.911897,94.1632
telstar401,90,SAM,0.176101,2.37848986e-04,0.912007,68.6518
telstar401,90,SAM,0.194149,2.37817526e-04,0.912128,157.7423
telstar401,90,SAM,0.214047,2.37782870e-04,0.912260,49.3137
telstar401,90,SAM,0.235983,2.37744696e-04,0.912407,165.6758
telstar401,90,SAM,0.260168,2.37702650e-04,0.912568,61.5497
telstar401,90,SAM,0.286832,2.37656345e-04,0.912746,105.2909
telstar401,90,SAM,0.316228,2.37605355e-04,0.912942,153.0322
telstar401,90,SAM,0.348637,2.37549214e-04,0.913158,76.6852
telstar401,90,SAM,0.384367,2.37487409e-04,0.913395,41.1470
telstar401,90,SAM,0.423759,2.37419381e-04,0.913657,40.3384
telstar401,90,SAM,0.467188,2.37344516e-04,0.913945,31.3880
telstar401,90,SAM,0.515068,2.37262143e-04,0.914263,43.4879
telstar401,90,SAM,0.567855,2.37171531e-04,0.914612,118.9015
telstar401,90,SAM,0.626052,2.37071879e-04,0.914996,87.8877
telstar401,90,SAM,0.690213,2.36962316e-04,0.915419,81.5152
telstar401,90,SAM,0.760950,2.36841896e-04,0.915885,24.9142
telstar401,90,SAM,0.838936,2.36709588e-04,0.916397,74.8118
telstar401,90,SAM,0.924915,2.36564278e-04,0.916960,62.7977
telstar401,90,SAM,1.019705,2.36404758e-04,0.917578,41.9440
telstar401,90,SAM,1.124210,2.36229729e-04,0.918258,147.1285
telstar401,90,SAM,1.239425,2.36037793e-04,0.919005,131.5471
telstar401,90,SAM,1.366448,2.35827452e-04,0.919825,145.1234
telstar401,90,SAM,1.506489,2.35597112e-04,0.920724,78.4497
telstar401,90,SAM,1.660883,2.35345081e-04,0.921710,134.0198
telstar401,90,SAM,1.831099,2.35069580e-04,0.922790,110.4030
telstar401,90,SAM,2.018760,2.34768748e-04,0.923973,86.3308
telstar401,90,SAM,2.225654,2.34440661e-04,0.925266,116.4261
telstar401,90,SAM,2.453751,2.34083354e-04,0.926678,44.2408
telstar401,90,SAM,2.705225,2.33694850e-04,0.928219,45.9852
telstar401,90,SAM,2.982471,2.33273205e-04,0.929896,25.1307
telstar401,90,SAM,3.288131,2.32816556e-04,0.931720,122.6880
telstar401,90,SAM,3.625117,2.32323195e-04,0.933699,57.3599
telstar401,90,SAM,3.996639,2.31791648e-04,0.935840,142.3096
telstar401,90,SAM,4.406236,2.31220784e-04,0.938151,39.4060
telstar401,90,SAM,4.857812,2.30609933e-04,0.940636,113.4374
telstar401,90,SAM,5.355667,2.29959036e-04,0.943298,160.8008
telstar401,90,SAM,5.904545,2.29268800e-04,0.946138,33.8672
telstar401,90,SAM,6.509675,2.28540877e-04,0.949151,48.5977
telstar401,90,SAM,7.176822,2.27778048e-04,0.952330,132.0927
telstar401,90,SAM,7.912343,2.26984395e-04,0.955660,129.2321
telstar401,90,SAM,8.723243,2.26165450e-04,0.959120,123.5098
telstar401,90,SAM,9.617249,2.25328297e-04,0.962684,28.1927
telstar401,90,SAM,10.602877,2.24481593e-04,0.966315,68.0286
telstar401,90,SAM,11.689518,2.23635479e-04,0.969971,127.3630
telstar401,90,SAM,12.887524,2.22801353e-04,0.973602,116.7839
telstar401,90,SAM,14.208308,2.21991478e-04,0.977154,48.0931
telstar401,90,SAM,15.664454,2.21218429e-04,0.980569,57.0521
telstar401,90,SAM,17.269833,2.20494387e-04,0.983789,123.8129
telstar401,90,SAM,19.039740,2.19830339e-04,0.986761,30.9607
telstar401,90,SAM,20.991037,2.19235266e-04,0.989439,117.9736
telstar401,90,SAM,23.142314,2.18715415e-04,0.991791,46.8800
telstar401,90,SAM,25.514065,2.18273771e-04,0.993797,141.9295
telstar401,90,SAM,28.128887,2.17909829e-04,0.995457,165.2954
telstar401,90,SAM,31.011689,2.17619719e-04,0.996784,78.9051
telstar401,90,SAM,34.189937,2.17396682e-04,0.997807,90.2870
telstar401,90,SAM,37.693910,2.17231836e-04,0.998564,111.1178
telstar401,90,SAM,41.556988,2.17115121e-04,0.999101,22.0885
telstar401,90,SAM,45.815977,2.17036266e-04,0.999464,133.0907
telstar401,90,SAM,50.511449,2.16985648e-04,0.999697,74.7809
telstar401,90,SAM,55.688140,2.16954928e-04,0.999839,132.9481
telstar401,90,SAM,61.395366,2.16937395e-04,0.999919,62.1765
telstar401,90,SAM,67.687500,2.16928040e-04,0.999963,24.2153
telstar401,90,SAM,74.624487,2.16923406e-04,0.999984,137.4976
telstar401,90,SAM,82.272413,2.16921290e-04,0.999994,177.1767
telstar401,90,SAM,90.704142,2.16920407e-04,0.999998,67.9389
telstar401,90,SAM,100.000000,2.16920073e-04,0.999999,26.1851
telstar401,91,SAM,0.000000,8.11758086e-04,0.862690,79.2229
telstar401,91,SAM,0.001000,8.11563778e-04,0.862897,76.5424
telstar401,91,SAM,0.001102,8.11543855e-04,0.862918,76.2681
telstar401,91,SAM,0.001215,8.11521889e-04,0.862941,75.9659
telstar401,91,SAM,0.001340,8.11497670e-04,0.862967,75.6328
telstar401,91,SAM,0.001477,8.11470965e-04,0.862995,75.2658
telstar401,91,SAM,0.001629,8.11441521e-04,0.863027,74.8614
telstar401,91,SAM,0.001796,8.11409055e-04,0.863061,74.4158
telstar401,91,SAM,0.001980,8.11373257e-04,0.863099,73.9250
telstar401,91,SAM,0.002183,8.11333785e-04,0.863141,73.3843
telstar401,91,SAM,0.002406,8.11290260e-04,0.863188,72.7888
telstar401,91,SAM,0.002653,8.11242266e-04,0.863239,72.1330
telstar401,91,SAM,0.002925,8.11189343e-04,0.863295,71.4111
telstar401,91,SAM,0.003225,8.11130984e-04,0.863357,70.6164
telstar401,91,SAM,0.003555,8.11066629e-04,0.863426,69.7419
telstar401,91,SAM,0.003919,8.10995661e-04,0.863501,68.7799
telstar401,91,SAM,0.004321,8.10917398e-04,0.863584,67.7222
telstar401,91,SAM,0.004764,8.10831089e-04,0.863676,66.5597
telstar401,91,SAM,0.005252,8.10735903e-04,0.863778,65.2830
telstar401,91,SAM,0.005790,8.10630926e-04,0.863890,63.8820
telstar401,91,SAM,0.006384,8.10515146e-04,0.864013,62.3462
telstar401,91,SAM,0.007038,8.10387447e-04,0.864149,60.6647
telstar401,91,SAM,0.007759,8.10246598e-04,0.864299,58.8269
telstar401,91,SAM,0.008555,8.10091239e-04,0.864465,56.8227
telstar401,91,SAM,0.009431,8.09919871e-04,0.864648,54.6436
telstar401,91,SAM,0.010398,8.09730835e-04,0.864850,52.2839
telstar401,91,SAM,0.011464,8.09522304e-04,0.865073,49.7433
telstar401,91,SAM,0.012638,8.09292257e-04,0.865319,47.0302
telstar401,91,SAM,0.013934,8.09038467e-04,0.865590,44.1680
telstar401,91,SAM,0.015362,8.08758473e-04,0.865890,41.2053
telstar401,91,SAM,0.016936,8.08449560e-04,0.866221,38.2323
telstar401,91,SAM,0.018672,8.08108734e-04,0.866586,35.4060
telstar401,91,SAM,0.020585,8.07732689e-04,0.866989,32.9865
telstar401,91,SAM,0.022695,8.07317784e-04,0.867435,31.3675
telstar401,91,SAM,0.025021,8.06860003e-04,0.867927,31.0591
telstar401,91,SAM,0.027585,8.06354926e-04,0.868471,32.5592
telstar401,91,SAM,0.030412,8.05797687e-04,0.869071,36.1568
telstar401,91,SAM,0.033529,8.05182938e-04,0.869735,41.8576
telstar401,91,SAM,0.036966,8.04504808e-04,0.870468,49.4971
telstar401,91,SAM,0.040754,8.03756862e-04,0.871278,58.8825
telstar401,91,SAM,0.044931,8.02932060e-04,0.872173,69.8499
telstar401,91,SAM,0.049535,8.02022719e-04,0.873162,82.2435
telstar401,91,SAM,0.054612,8.01020479e-04,0.874254,95.8325
telstar401,91,SAM,0.060209,7.99916276e-04,0.875461,110.1136
telstar401,91,SAM,0.066379,7.98700327e-04,0.876794,123.7927
telstar401,91,SAM,0.073182,7.97362126e-04,0.878265,133.5042
telstar401,91,SAM,0.080683,7.95890471e-04,0.879889,133.0145
telstar401,91,SAM,0.088951,7.94273510e-04,0.881681,119.2528
telstar401,91,SAM,0.098068,7.92498839e-04,0.883655,95.7994
telstar401,91,SAM,0.108118,7.90553637e-04,0.885829,66.2292
telstar401,91,SAM,0.119199,7.88424886e-04,0.888221,33.4482
telstar401,91,SAM,0.131415,7.86099653e-04,0.890848,21.2676
telstar401,91,SAM,0.144883,7.83565491e-04,0.893730,58.0904
telstar401,91,SAM,0.159731,7.80810946e-04,0.896882,100.7317
telstar401,91,SAM,0.176101,7.77826211e-04,0.900324,124.7399
telstar401,91,SAM,0.194149,7.74603936e-04,0.904069,92.5411
telstar401,91,SAM,0.214047,7.71140187e-04,0.908130,30.0253
telstar401,91,SAM,0.235983,7.67435585e-04,0.912514,49.0831
telstar401,91,SAM,0.260168,7.63496557e-04,0.917222,116.6782
telstar401,91,SAM,0.286832,7.59336682e-04,0.922247,83.6040
telstar401,91,SAM,0.316228,7.54978019e-04,0.927571,24.7567
telstar401,91,SAM,0.348637,7.50452288e-04,0.933165,123.5001
telstar401,91,SAM,0.384367,7.45801715e-04,0.938984,46.4155
telstar401,91,SAM,0.423759,7.41079306e-04,0.944967,109.7765
telstar401,91,SAM,0.467188,7.36348301e-04,0.951039,52.4012
telstar401,91,SAM,0.515068,7.31680566e-04,0.957106,145.2642
telstar401,91,SAM,0.567855,7.27153763e-04,0.963064,60.9264
telstar401,91,SAM,0.626052,7.22847275e-04,0.968802,68.2201
telstar401,91,SAM,0.690213,7.18837100e-04,0.974206,116.1134
telstar401,91,SAM,0.760950,7.15190166e-04,0.979174,136.3347
telstar401,91,SAM,0.838936,7.11958757e-04,0.983618,122.8676
telstar401,91,SAM,0.924915,7.09175911e-04,0.987478,74.5595
telstar401,91,SAM,1.019705,7.06852591e-04,0.990724,45.1602
telstar401,91,SAM,1.124210,7.04977213e-04,0.993359,129.2286
telstar401,91,SAM,1.239425,7.03517745e-04,0.995420,29.2459
telstar401,91,SAM,1.366448,7.02426049e-04,0.996967,55.9866
telstar401,91,SAM,1.506489,7.01643762e-04,0.998079,91.2496
telstar401,91,SAM,1.660883,7.01108718e-04,0.998840,71.1805
telstar401,91,SAM,1.831099,7.00760866e-04,0.999336,93.1238
telstar401,91,SAM,2.018760,7.00546880e-04,0.999641,73.9741
telstar401,91,SAM,2.225654,7.00422968e-04,0.999818,102.7971
telstar401,91,SAM,2.453751,7.00355812e-04,0.999914,70.9823
telstar401,91,SAM,2.705225,7.00321969e-04,0.999962,105.9903
telstar401,91,SAM,2.982471,7.00306223e-04,0.999985,48.1755
telstar401,91,SAM,3.288131,7.00299513e-04,0.999994,93.3526
telstar401,91,SAM,3.625117,7.00296917e-04,0.999998,53.8933
telstar401,91,SAM,3.996639,7.00296015e-04,0.999999,43.8344
telstar401,91,SAM,4.406236,7.00295735e-04,1.000000,87.3994
telstar401,91,SAM,4.857812,7.00295659e-04,1.000000,53.9543
telstar401,91,SAM,5.355667,7.00295641e-04,1.000000,56.2490
telstar401,91,SAM,5.904545,7.00295638e-04,1.000000,141.1501
telstar401,91,SAM,6.509675,7.00295637e-04,1.000000,93.7458
telstar401,91,SAM,7.176822,7.00295637e-04,1.000000,24.0730
telstar401,91,SAM,7.912343,7.00295637e-04,1.000000,56.4303
telstar401,91,SAM,8.723243,7.00295637e-04,1.000000,108.5471
telstar401,91,SAM,9.617249,7.00295637e-04,1.000000,143.4314
telstar401,91,SAM,10.602877,7.00295637e-04,1.000000,81.3670
telstar401,91,SAM,11.689518,7.00295637e-04,1.000000,83.6737
telstar401,91,SAM,12.887524,7.00295637e-04,1.000000,107.9388
telstar401,91,SAM,14.208308,7.00295637e-04,1.000000,26.4580
telstar401,91,SAM,15.664454,7.00295637e-04,1.000000,54.4474
telstar401,91,SAM,17.269833,7.00295637e-04,1.000000,50.3525
telstar401,91,SAM,19.039740,7.00295637e-04,1.000000,134.2144
telstar401,91,SAM,20.991037,7.00295637e-04,1.000000,146.4018
telstar401,91,SAM,23.142314,7.00295637e-04,1.000000,50.0695
telstar401,91,SAM,25.514065,7.00295637e-04,1.000000,57.5711
telstar401,91,SAM,28.128887,7.00295637e-04,1.000000,29.0416
telstar401,91,SAM,31.011689,7.00295637e-04,1.000000,104.6853
telstar401,91,SAM,34.189937,7.00295637e-04,1.000000,122.9054
telstar401,91,SAM,37.693910,7.00295637e-04,1.000000,73.6369
telstar401,91,SAM,41.556988,7.00295637e-04,1.000000,65.0748
telstar401,91,SAM,45.815977,7.00295637e-04,1.000000,65.6108
telstar401,91,SAM,50.511449,7.00295637e-04,1.000000,117.9282
telstar401,91,SAM,55.688140,7.00295637e-04,1.000000,59.1850
telstar401,91,SAM,61.395366,7.00295637e-04,1.000000,71.1676
telstar401,91,SAM,67.687500,7.00295637e-04,1.000000,156.2391
telstar401,91,SAM,74.624487,7.00295637e-04,1.000000,97.1973
telstar401,91,SAM,82.272413,7.00295637e-04,1.000000,79.8838
telstar401,91,SAM,90.704142,7.00295637e-04,1.000000,57.9628
telstar401,91,SAM,100.000000,7.00295637e-04,1.000000,91.4798
telstar401,92,SAM,0.000000,1.33987911e-03,0.928609,160.0136
telstar401,92,SAM,0.001000,1.33931833e-03,0.928998,159.0220
telstar401,92,SAM,0.001102,1.33926101e-03,0.929037,158.9185
telstar401,92,SAM,0.001215,1.33919785e-03,0.929081,158.8040
telstar401,92,SAM,0.001340,1.33912825e-03,0.929129,158.6774
telstar401,92,SAM,0.001477,1.33905157e-03,0.929183,158.5373
telstar401,92,SAM,0.001629,1.33896710e-03,0.929241,158.3821
telstar401,92,SAM,0.001796,1.33887403e-03,0.929306,158.2103
telstar401,92,SAM,0.001980,1.33877151e-03,0.929377,158.0200
telstar401,92,SAM,0.002183,1.33865860e-03,0.929455,157.8090
telstar401,92,SAM,0.002406,1.33853424e-03,0.929542,157.5752
telstar401,92,SAM,0.002653,1.33839728e-03,0.929637,157.3160
telstar401,92,SAM,0.002925,1.33824649e-03,0.929742,157.0284
telstar401,92,SAM,0.003225,1.33808046e-03,0.929857,156.7092
telstar401,92,SAM,0.003555,1.33789770e-03,0.929984,156.3549
telstar401,92,SAM,0.003919,1.33769655e-03,0.930124,155.9615
telstar401,92,SAM,0.004321,1.33747519e-03,0.930278,155.5244
telstar401,92,SAM,0.004764,1.33723165e-03,0.930447,155.0388
telstar401,92,SAM,0.005252,1.33696376e-03,0.930634,154.4990
telstar401,92,SAM,0.005790,1.33666914e-03,0.930839,153.8989
telstar401,92,SAM,0.006384,1.33634523e-03,0.931064,153.2317
telstar401,92,SAM,0.007038,1.33598921e-03,0.931313,152.4895
telstar401,92,SAM,0.007759,1.33559801e-03,0.931585,151.6640
telstar401,92,SAM,0.008555,1.33516833e-03,0.931885,150.7457
telstar401,92,SAM,0.009431,1.33469654e-03,0.932215,149.7242
telstar401,92,SAM,0.010398,1.33417876e-03,0.932576,148.5878
telstar401,92,SAM,0.011464,1.33361078e-03,0.932974,147.3238
telstar401,92,SAM,0.012638,1.33298804e-03,0.933409,145.9180
telstar401,92,SAM,0.013934,1.33230568e-03,0.933887,144.3547
telstar401,92,SAM,0.015362,1.33155848e-03,0.934411,142.6167
telstar401,92,SAM,0.016936,1.33074086e-03,0.934986,140.6849
telstar401,92,SAM,0.018672,1.32984691e-03,0.935614,138.5382
telstar401,92,SAM,0.020585,1.32887037e-03,0.936302,136.1534
telstar401,92,SAM,0.022695,1.32780467e-03,0.937053,133.5049
telstar401,92,SAM,0.025021,1.32664295e-03,0.937874,130.5644
telstar401,92,SAM,0.027585,1.32537811e-03,0.938769,127.3005
telstar401,92,SAM,0.030412,1.32400289e-03,0.939744,123.6788
telstar401,92,SAM,0.033529,1.32250991e-03,0.940805,119.6608
telstar401,92,SAM,0.036966,1.32089185e-03,0.941957,115.2045
telstar401,92,SAM,0.040754,1.31914154e-03,0.943207,110.2628
telstar401,92,SAM,0.044931,1.31725216e-03,0.944560,104.7840
telstar401,92,SAM,0.049535,1.31521746e-03,0.946021,98.7107
telstar401,92,SAM,0.054612,1.31303204e-03,0.947596,91.9793
telstar401,92,SAM,0.060209,1.31069161e-03,0.949288,84.5195
telstar401,92,SAM,0.066379,1.30819341e-03,0.951101,76.2535
telstar401,92,SAM,0.073182,1.30553660e-03,0.953036,67.0957
telstar401,92,SAM,0.080683,1.30272268e-03,0.955095,56.9515
telstar401,92,SAM,0.088951,1.29975605e-03,0.957275,45.7180
telstar401,92,SAM,0.098068,1.29664445e-03,0.959572,33.2837
telstar401,92,SAM,0.108118,1.29339950e-03,0.961979,19.5353
telstar401,92,SAM,0.119199,1.29003717e-03,0.964487,4.4878
telstar401,92,SAM,0.131415,1.28657813e-03,0.967080,12.6468
telstar401,92,SAM,0.144883,1.28304799e-03,0.969740,31.1430
telstar401,92,SAM,0.159731,1.27947737e-03,0.972447,51.5001
telstar401,92,SAM,0.176101,1.27590160e-03,0.975172,73.7049
telstar401,92,SAM,0.194149,1.27236017e-03,0.977886,97.4900
telstar401,92,SAM,0.214047,1.26889573e-03,0.980556,121.5625
telstar401,92,SAM,0.235983,1.26555267e-03,0.983146,139.9877
telstar401,92,SAM,0.260168,1.26237532e-03,0.985621,135.5185
telstar401,92,SAM,0.286832,1.25940573e-03,0.987945,107.0527
telstar401,92,SAM,0.316228,1.25668130e-03,0.990087,67.7662
telstar401,92,SAM,0.348637,1.25423239e-03,0.992020,21.9627
telstar401,92,SAM,0.384367,1.25208016e-03,0.993725,30.0703
telstar401,92,SAM,0.423759,1.25023493e-03,0.995192,87.2740
telstar401,92,SAM,0.467188,1.24869538e-03,0.996419,148.0985
telstar401,92,SAM,0.515068,1.24744866e-03,0.997415,133.6096
telstar401,92,SAM,0.567855,1.24647161e-03,0.998196,60.7252
telstar401,92,SAM,0.626052,1.24573292e-03,0.998788,43.7809
telstar401,92,SAM,0.690213,1.24519603e-03,0.999219,131.4229
telstar401,92,SAM,0.760950,1.24482232e-03,0.999519,124.2933
telstar401,92,SAM,0.838936,1.24457426e-03,0.999718,34.3577
telstar401,92,SAM,0.924915,1.24441798e-03,0.999844,130.0723
telstar401,92,SAM,1.019705,1.24432500e-03,0.999918,89.0197
telstar401,92,SAM,1.124210,1.24427307e-03,0.999960,64.3224
telstar401,92,SAM,1.239425,1.24424600e-03,0.999982,106.7754
telstar401,92,SAM,1.366448,1.24423294e-03,0.999992,76.0742
telstar401,92,SAM,1.506489,1.24422714e-03,0.999997,71.3220
telstar401,92,SAM,1.660883,1.24422479e-03,0.999999,161.9835
telstar401,92,SAM,1.831099,1.24422393e-03,1.000000,72.5296
telstar401,92,SAM,2.018760,1.24422365e-03,1.000000,17.6241
telstar401,92,SAM,2.225654,1.24422357e-03,1.000000,56.3808
telstar401,92,SAM,2.453751,1.24422355e-03,1.000000,69.9673
telstar401,92,SAM,2.705225,1.24422354e-03,1.000000,62.9015
telstar401,92,SAM,2.982471,1.24422354e-03,1.000000,20.2352
telstar401,92,SAM,3.288131,1.24422354e-03,1.000000,106.6861
telstar401,92,SAM,3.625117,1.24422354e-03,1.000000,100.2022
telstar401,92,SAM,3.996639,1.24422354e-03,1.000000,109.4390
telstar401,92,SAM,4.406236,1.24422354e-03,1.000000,13.6327
telstar401,92,SAM,4.857812,1.24422354e-03,1.000000,38.3761
telstar401,92,SAM,5.355667,1.24422354e-03,1.000000,15.1460
telstar401,92,SAM,5.904545,1.24422354e-03,1.000000,129.9613
telstar401,92,SAM,6.509675,1.24422354e-03,1.000000,38.6594
telstar401,92,SAM,7.176822,1.24422354e-03,1.000000,97.8669
telstar401,92,SAM,7.912343,1.24422354e-03,1.000000,68.6020
telstar401,92,SAM,8.723243,1.24422354e-03,1.000000,90.4603
telstar401,92,SAM,9.617249,1.24422354e-03,1.000000,30.1281
telstar401,92,SAM,10.602877,1.24422354e-03,1.000000,62.2725
telstar401,92,SAM,11.689518,1.24422354e-03,1.000000,98.8818
telstar401,92,SAM,12.887524,1.24422354e-03,1.000000,76.2813
telstar401,92,SAM,14.208308,1.24422354e-03,1.000000,118.6243
telstar401,92,SAM,15.664454,1.24422354e-03,1.000000,174.6379
telstar401,92,SAM,17.269833,1.24422354e-03,1.000000,92.7297
telstar401,92,SAM,19.039740,1.24422354e-03,1.000000,93.8462
telstar401,92,SAM,20.991037,1.24422354e-03,1.000000,19.8303
telstar401,92,SAM,23.142314,1.24422354e-03,1.000000,11.1290
telstar401,92,SAM,25.514065,1.24422354e-03,1.000000,21.2924
telstar401,92,SAM,28.128887,1.24422354e-03,1.000000,20.0555
telstar401,92,SAM,31.011689,1.24422354e-03,1.000000,78.9389
telstar401,92,SAM,34.189937,1.24422354e-03,1.000000,124.8904
telstar401,92,SAM,37.693910,1.24422354e-03,1.000000,142.7825
telstar401,92,SAM,41.556988,1.24422354e-03,1.000000,115.3595
telstar401,92,SAM,45.815977,1.24422354e-03,1.000000,128.0136
telstar401,92,SAM,50.511449,1.24422354e-03,1.000000,156.4192
telstar401,92,SAM,55.688140,1.24422354e-03,1.000000,101.6445
telstar401,92,SAM,61.395366,1.24422354e-03,1.000000,118.2967
telstar401,92,SAM,67.687500,1.24422354e-03,1.000000,59.2130
telstar401,92,SAM,74.624487,1.24422354e-03,1.000000,51.7524
telstar401,92,SAM,82.272413,1.24422354e-03,1.000000,121.9063
telstar401,92,SAM,90.704142,1.24422354e-03,1.000000,45.9009
telstar401,92,SAM,100.000000,1.24422354e-03,1.000000,46.8426
telstar401,93,SAM,0.000000,6.68077762e-04,0.920872,147.1147
telstar401,93,SAM,0.001000,6.67973395e-04,0.921016,145.4427
telstar401,93,SAM,0.001102,6.67962707e-04,0.921031,145.2622
telstar401,93,SAM,0.001215,6.67950925e-04,0.921047,145.0612
telstar401,93,SAM,0.001340,6.67937937e-04,0.921065,144.8375
telstar401,93,SAM,0.001477,6.67923621e-04,0.921084,144.5881
telstar401,93,SAM,0.001629,6.67907841e-04,0.921106,144.3100
telstar401,93,SAM,0.001796,6.67890448e-04,0.921130,143.9997
telstar401,93,SAM,0.001980,6.67871276e-04,0.921157,143.6532
telstar401,93,SAM,0.002183,6.67850145e-04,0.921186,143.2659
telstar401,93,SAM,0.002406,6.67826855e-04,0.921218,142.8327
telstar401,93,SAM,0.002653,6.67801187e-04,0.921253,142.3479
telstar401,93,SAM,0.002925,6.67772897e-04,0.921292,141.8050
telstar401,93,SAM,0.003225,6.67741721e-04,0.921335,141.1966
telstar401,93,SAM,0.003555,6.67707363e-04,0.921383,140.5146
telstar401,93,SAM,0.003919,6.67669502e-04,0.921435,139.7495
telstar401,93,SAM,0.004321,6.67627783e-04,0.921493,138.8909
telstar401,93,SAM,0.004764,6.67581814e-04,0.921556,137.9274
telstar401,93,SAM,0.005252,6.67531166e-04,0.921626,136.8457
telstar401,93,SAM,0.005790,6.67475365e-04,0.921703,135.6315
telstar401,93,SAM,0.006384,6.67413893e-04,0.921788,134.2687
telstar401,93,SAM,0.007038,6.67346179e-04,0.921881,132.7395
telstar401,93,SAM,0.007759,6.67271593e-04,0.921985,131.0244
telstar401,93,SAM,0.008555,6.67189449e-04,0.922098,129.1019
telstar401,93,SAM,0.009431,6.67098989e-04,0.922223,126.9485
telstar401,93,SAM,0.010398,6.66999383e-04,0.922361,124.5386
telstar401,93,SAM,0.011464,6.66889721e-04,0.922512,121.8443
telstar401,93,SAM,0.012638,6.66769006e-04,0.922679,118.8357
telstar401,93,SAM,0.013934,6.66636143e-04,0.922863,115.4804
telstar401,93,SAM,0.015362,6.66489939e-04,0.923066,111.7440
telstar401,93,SAM,0.016936,6.66329083e-04,0.923289,107.5898
telstar401,93,SAM,0.018672,6.66152148e-04,0.923534,102.9799
telstar401,93,SAM,0.020585,6.65957572e-04,0.923804,97.8755
telstar401,93,SAM,0.022695,6.65743655e-04,0.924101,92.2384
telstar401,93,SAM,0.025021,6.65508545e-04,0.924427,86.0348
telstar401,93,SAM,0.027585,6.65250228e-04,0.924786,79.2400
telstar401,93,SAM,0.030412,6.64966518e-04,0.925181,71.8509
telstar401,93,SAM,0.033529,6.64655049e-04,0.925614,63.9087
telstar401,93,SAM,0.036966,6.64313261e-04,0.926090,55.5522
telstar401,93,SAM,0.040754,6.63938393e-04,0.926613,47.1380
telstar401,93,SAM,0.044931,6.63527481e-04,0.927187,39.5225
telstar401,93,SAM,0.049535,6.63077344e-04,0.927816,34.5740
telstar401,93,SAM,0.054612,6.62584589e-04,0.928506,35.1426
telstar401,93,SAM,0.060209,6.62045612e-04,0.929262,42.6978
telstar401,93,SAM,0.066379,6.61456603e-04,0.930090,56.0095
telstar401,93,SAM,0.073182,6.60813560e-04,0.930995,73.4580
telstar401,93,SAM,0.080683,6.60112314e-04,0.931984,94.1600
telstar401,93,SAM,0.088951,6.59348560e-04,0.933064,117.7055
telstar401,93,SAM,0.098068,6.58517903e-04,0.934240,143.6389
telstar401,93,SAM,0.108118,6.57615924e-04,0.935522,167.1454
telstar401,93,SAM,0.119199,6.56638255e-04,0.936915,149.3499
telstar401,93,SAM,0.131415,6.55580687e-04,0.938426,115.2787
telstar401,93,SAM,0.144883,6.54439302e-04,0.940063,79.1539
telstar401,93,SAM,0.159731,6.53210629e-04,0.941831,49.9798
telstar401,93,SAM,0.176101,6.51891842e-04,0.943736,57.4241
telstar401,93,SAM,0.194149,6.50480986e-04,0.945783,101.1558
telstar401,93,SAM,0.214047,6.48977245e-04,0.947975,158.4323
telstar401,93,SAM,0.235983,6.47381239e-04,0.950312,136.1897
telstar401,93,SAM,0.260168,6.45695358e-04,0.952793,70.7135
telstar401,93,SAM,0.286832,6.43924102e-04,0.955414,61.0653
telstar401,93,SAM,0.316228,6.42074438e-04,0.958166,139.5345
telstar401,93,SAM,0.348637,6.40156119e-04,0.961038,119.2242
telstar401,93,SAM,0.384367,6.38181952e-04,0.964010,42.9040
telstar401,93,SAM,0.423759,6.36167966e-04,0.967062,144.5165
telstar401,93,SAM,0.467188,6.34133421e-04,0.970165,66.1336
telstar401,93,SAM,0.515068,6.32100620e-04,0.973285,107.1147
telstar401,93,SAM,0.567855,6.30094454e-04,0.976384,59.0219
telstar401,93,SAM,0.626052,6.28141657e-04,0.979419,127.9402
telstar401,93,SAM,0.690213,6.26269753e-04,0.982347,20.4511
telstar401,93,SAM,0.760950,6.24505710e-04,0.985122,72.9948
telstar401,93,SAM,0.838936,6.22874397e-04,0.987702,128.5921
telstar401,93,SAM,0.924915,6.21396945e-04,0.990050,138.7230
telstar401,93,SAM,1.019705,6.20089209e-04,0.992138,147.2399
telstar401,93,SAM,1.124210,6.18960524e-04,0.993947,166.5432
telstar401,93,SAM,1.239425,6.18012944e-04,0.995471,109.0285
telstar401,93,SAM,1.366448,6.17241135e-04,0.996716,46.3288
telstar401,93,SAM,1.506489,6.16632966e-04,0.997699,151.6125
telstar401,93,SAM,1.660883,6.16170781e-04,0.998447,49.2111
telstar401,93,SAM,1.831099,6.15833170e-04,0.998995,24.4190
telstar401,93,SAM,2.018760,6.15597007e-04,0.999378,41.8254
telstar401,93,SAM,2.225654,6.15439460e-04,0.999634,60.2873
telstar401,93,SAM,2.453751,6.15339682e-04,0.999796,159.8783
telstar401,93,SAM,2.705225,6.15279995e-04,0.999893,52.7366
telstar401,93,SAM,2.982471,6.15246458e-04,0.999947,37.8544
telstar401,93,SAM,3.288131,6.15228869e-04,0.999976,118.7186
telstar401,93,SAM,3.625117,6.15220317e-04,0.999990,41.2750
telstar401,93,SAM,3.996639,6.15216491e-04,0.999996,74.7315
telstar401,93,SAM,4.406236,6.15214930e-04,0.999999,56.8574
telstar401,93,SAM,4.857812,6.15214354e-04,1.000000,38.6804
telstar401,93,SAM,5.355667,6.15214164e-04,1.000000,67.5983
telstar401,93,SAM,5.904545,6.15214109e-04,1.000000,23.7752
telstar401,93,SAM,6.509675,6.15214095e-04,1.000000,118.1729
telstar401,93,SAM,7.176822,6.15214091e-04,1.000000,144.1482
telstar401,93,SAM,7.912343,6.15214091e-04,1.000000,52.3711
telstar401,93,SAM,8.723243,6.15214091e-04,1.000000,88.0420
telstar401,93,SAM,9.617249,6.15214091e-04,1.000000,57.4831
telstar401,93,SAM,10.602877,6.15214091e-04,1.000000,130.8603
telstar401,93,SAM,11.689518,6.15214091e-04,1.000000,18.7268
telstar401,93,SAM,12.887524,6.15214091e-04,1.000000,99.5976
telstar401,93,SAM,14.208308,6.15214091e-04,1.000000,128.7264
telstar401,93,SAM,15.664454,6.15214091e-04,1.000000,14.8027
telstar401,93,SAM,17.269833,6.15214091e-04,1.000000,50.0781
telstar401,93,SAM,19.039740,6.15214091e-04,1.000000,112.7229
telstar401,93,SAM,20.991037,6.15214091e-04,1.000000,103.2188
telstar401,93,SAM,23.142314,6.15214091e-04,1.000000,45.4211
telstar401,93,SAM,25.514065,6.15214091e-04,1.000000,33.9599
telstar401,93,SAM,28.128887,6.15214091e-04,1.000000,115.9519
telstar401,93,SAM,31.011689,6.15214091e-04,1.000000,54.3906
telstar401,93,SAM,34.189937,6.15214091e-04,1.000000,112.8799
telstar401,93,SAM,37.693910,6.15214091e-04,1.000000,90.5295
telstar401,93,SAM,41.556988,6.15214091e-04,1.000000,144.7699
telstar401,93,SAM,45.815977,6.15214091e-04,1.000000,131.9044
telstar401,93,SAM,50.511449,6.15214091e-04,1.000000,40.5153
telstar401,93,SAM,55.688140,6.15214091e-04,1.000000,73.4668
telstar401,93,SAM,61.395366,6.15214091e-04,1.000000,43.2648
telstar401,93,SAM,67.687500,6.15214091e-04,1.000000,131.6127
telstar401,93,SAM,74.624487,6.15214091e-04,1.000000,72.6429
telstar401,93,SAM,82.272413,6.15214091e-04,1.000000,162.8639
telstar401,93,SAM,90.704142,6.15214091e-04,1.000000,116.8839
telstar401,93,SAM,100.000000,6.15214091e-04,1.000000,75.9912
telstar401,94,LAM,0.000000,9.04856630e-04,0.571582,19.3178
telstar401,94,LAM,0.001000,9.04543254e-04,0.571780,19.5197
telstar401,94,LAM,0.001102,9.04511145e-04,0.571800,19.5406
telstar401,94,LAM,0.001215,9.04475745e-04,0.571822,19.5636
telstar401,94,LAM,0.001340,9.04436720e-04,0.571847,19.5891
telstar401,94,LAM,0.001477,9.04393698e-04,0.571874,19.6172
telstar401,94,LAM,0.001629,9.04346268e-04,0.571904,19.6483
telstar401,94,LAM,0.001796,9.04293981e-04,0.571937,19.6826
telstar401,94,LAM,0.001980,9.04236339e-04,0.571974,19.7205
telstar401,94,LAM,0.002183,9.04172795e-04,0.572014,19.7625
telstar401,94,LAM,0.002406,9.04102743e-04,0.572058,19.8089
telstar401,94,LAM,0.002653,9.04025520e-04,0.572107,19.8602
telstar401,94,LAM,0.002925,9.03940390e-04,0.572161,19.9170
telstar401,94,LAM,0.003225,9.03846546e-04,0.572220,19.9799
telstar401,94,LAM,0.003555,9.03743096e-04,0.572286,20.0495
telstar401,94,LAM,0.003919,9.03629060e-04,0.572358,20.1267
telstar401,94,LAM,0.004321,9.03503355e-04,0.572438,20.2122
telstar401,94,LAM,0.004764,9.03364788e-04,0.572526,20.3070
telstar401,94,LAM,0.005252,9.03212048e-04,0.572622,20.4122
telstar401,94,LAM,0.005790,9.03043688e-04,0.572729,20.5289
telstar401,94,LAM,0.006384,9.02858112e-04,0.572847,20.6586
telstar401,94,LAM,0.007038,9.02653567e-04,0.572977,20.8027
telstar401,94,LAM,0.007759,9.02428118e-04,0.573120,20.9629
telstar401,94,LAM,0.008555,9.02179635e-04,0.573278,21.1411
telstar401,94,LAM,0.009431,9.01905775e-04,0.573452,21.3396
telstar401,94,LAM,0.010398,9.01603955e-04,0.573644,21.5608
telstar401,94,LAM,0.011464,9.01271333e-04,0.573855,21.8074
telstar401,94,LAM,0.012638,9.00904780e-04,0.574089,22.0826
telstar401,94,LAM,0.013934,9.00500855e-04,0.574346,22.3899
telstar401,94,LAM,0.015362,9.00055768e-04,0.574631,22.7334
telstar401,94,LAM,0.016936,8.99565354e-04,0.574944,23.1176
telstar401,94,LAM,0.018672,8.99025029e-04,0.575289,23.5476
telstar401,94,LAM,0.020585,8.98429756e-04,0.575670,24.0294
telstar401,94,LAM,0.022695,8.97773996e-04,0.576091,24.5695
telstar401,94,LAM,0.025021,8.97051666e-04,0.576555,25.1754
telstar401,94,LAM,0.027585,8.96256083e-04,0.577067,25.8555
telstar401,94,LAM,0.030412,8.95379912e-04,0.577631,26.6196
telstar401,94,LAM,0.033529,8.94415103e-04,0.578254,27.4785
telstar401,94,LAM,0.036966,8.93352831e-04,0.578942,28.4444
telstar401,94,LAM,0.040754,8.92183422e-04,0.579701,29.5313
telstar401,94,LAM,0.044931,8.90896284e-04,0.580538,30.7548
telstar401,94,LAM,0.049535,8.89479826e-04,0.581463,32.1327
telstar401,94,LAM,0.054612,8.87921380e-04,0.582483,33.6851
telstar401,94,LAM,0.060209,8.86207112e-04,0.583610,35.4347
telstar401,94,LAM,0.066379,8.84321936e-04,0.584854,37.4072
telstar401,94,LAM,0.073182,8.82249427e-04,0.586228,39.6318
telstar401,94,LAM,0.080683,8.79971729e-04,0.587746,42.1417
telstar401,94,LAM,0.088951,8.77469469e-04,0.589422,44.9744
telstar401,94,LAM,0.098068,8.74721681e-04,0.591273,48.1731
telstar401,94,LAM,0.108118,8.71705733e-04,0.593319,51.7866
telstar401,94,LAM,0.119199,8.68397273e-04,0.595579,55.8709
telstar401,94,LAM,0.131415,8.64770205e-04,0.598077,60.4900
telstar401,94,LAM,0.144883,8.60796681e-04,0.600838,65.7170
telstar401,94,LAM,0.159731,8.56447161e-04,0.603890,71.6351
telstar401,94,LAM,0.176101,8.51690507e-04,0.607262,78.3387
telstar401,94,LAM,0.194149,8.46494182e-04,0.610990,85.9334
telstar401,94,LAM,0.214047,8.40824525e-04,0.615110,94.5342
telstar401,94,LAM,0.235983,8.34647180e-04,0.619662,104.2588
telstar401,94,LAM,0.260168,8.27927668e-04,0.624692,115.2064
telstar401,94,LAM,0.286832,8.20632179e-04,0.630245,127.3916
telstar401,94,LAM,0.316228,8.12728597e-04,0.636374,140.4999
telstar401,94,LAM,0.348637,8.04187832e-04,0.643133,152.7690
telstar401,94,LAM,0.384367,7.94985491e-04,0.650577,156.6414
telstar401,94,LAM,0.423759,7.85103948e-04,0.658766,143.9580
telstar401,94,LAM,0.467188,7.74534836e-04,0.667755,121.2832
telstar401,94,LAM,0.515068,7.63281995e-04,0.677600,92.9706
telstar401,94,LAM,0.567855,7.51364846e-04,0.688347,60.3908
telstar401,94,LAM,0.626052,7.38822121e-04,0.700033,28.8634
telstar401,94,LAM,0.690213,7.25715841e-04,0.712675,40.4124
telstar401,94,LAM,0.760950,7.12135308e-04,0.726266,89.2860
telstar401,94,LAM,0.838936,6.98200883e-04,0.740760,149.0151
telstar401,94,LAM,0.924915,6.84067315e-04,0.756065,136.9359
telstar401,94,LAM,1.019705,6.69926642e-04,0.772024,56.1109
telstar401,94,LAM,1.124210,6.56011526e-04,0.788400,37.4784
telstar401,94,LAM,1.239425,6.42602534e-04,0.804851,136.4454
telstar401,94,LAM,1.366448,6.30052493e-04,0.820883,85.7060
telstar401,94,LAM,1.506489,6.18894069e-04,0.835683,48.0016
telstar401,94,LAM,1.660883,6.10459165e-04,0.847230,159.2525
telstar401,94,LAM,1.831099,5.99439207e-04,0.862806,32.0727
telstar401,94,LAM,2.018760,5.85904510e-04,0.882737,130.8994
telstar401,94,LAM,2.225654,5.71488932e-04,0.905004,114.4278
telstar401,94,LAM,2.453751,5.57600755e-04,0.927544,57.0474
telstar401,94,LAM,2.705225,5.45408866e-04,0.948279,46.8638
telstar401,94,LAM,2.982471,5.35632731e-04,0.965586,74.3372
telstar401,94,LAM,3.288131,5.28454553e-04,0.978702,146.3225
telstar401,94,LAM,3.625117,5.23613129e-04,0.987751,61.3970
telstar401,94,LAM,3.996639,5.20604719e-04,0.993459,146.7946
telstar401,94,LAM,4.406236,5.18879383e-04,0.996762,53.7182
telstar401,94,LAM,4.857812,5.17966331e-04,0.998520,35.2639
telstar401,94,LAM,5.355667,5.17521568e-04,0.999378,69.2996
telstar401,94,LAM,5.904545,5.17323075e-04,0.999761,165.1474
telstar401,94,LAM,6.509675,5.17242452e-04,0.999917,41.6107
telstar401,94,LAM,7.176822,5.17212894e-04,0.999974,20.7592
telstar401,94,LAM,7.912343,5.17203208e-04,0.999993,43.6690
telstar401,94,LAM,8.723243,5.17200402e-04,0.999998,151.5597
telstar401,94,LAM,9.617249,5.17199692e-04,1.000000,136.4971
telstar401,94,LAM,10.602877,5.17199537e-04,1.000000,147.4183
telstar401,94,LAM,11.689518,5.17199508e-04,1.000000,86.2595
telstar401,94,LAM,12.887524,5.17199504e-04,1.000000,129.8000
telstar401,94,LAM,14.208308,5.17199503e-04,1.000000,16.7817
telstar401,94,LAM,15.664454,5.17199503e-04,1.000000,77.7502
telstar401,94,LAM,17.269833,5.17199503e-04,1.000000,30.0938
telstar401,94,LAM,19.039740,5.17199503e-04,1.000000,133.3615
telstar401,94,LAM,20.991037,5.17199503e-04,1.000000,15.1435
telstar401,94,LAM,23.142314,5.17199503e-04,1.000000,51.7702
telstar401,94,LAM,25.514065,5.17199503e-04,1.000000,100.4949
telstar401,94,LAM,28.128887,5.17199503e-04,1.000000,148.8704
telstar401,94,LAM,31.011689,5.17199503e-04,1.000000,86.6998
telstar401,94,LAM,34.189937,5.17199503e-04,1.000000,113.5578
telstar401,94,LAM,37.693910,5.17199503e-04,1.000000,107.0371
telstar401,94,LAM,41.556988,5.17199503e-04,1.000000,75.5194
telstar401,94,LAM,45.815977,5.17199503e-04,1.000000,27.5985
telstar401,94,LAM,50.511449,5.17199503e-04,1.000000,16.5266
telstar401,94,LAM,55.688140,5.17199503e-04,1.000000,58.4415
telstar401,94,LAM,61.395366,5.17199503e-04,1.000000,156.6932
telstar401,94,LAM,67.687500,5.17199503e-04,1.000000,140.1420
telstar401,94,LAM,74.624487,5.17199503e-04,1.000000,23.5191
telstar401,94,LAM,82.272413,5.17199503e-04,1.000000,106.2014
telstar401,94,LAM,90.704142,5.17199503e-04,1.000000,109.3860
telstar401,94,LAM,100.000000,5.17199503e-04,1.000000,145.3274
telstar401,95,SAM,0.000000,1.89808791e-03,0.857135,139.5506
telstar401,95,SAM,0.001000,1.89667650e-03,0.857773,139.8249
telstar401,95,SAM,0.001102,1.89653164e-03,0.857838,139.8532
telstar401,95,SAM,0.001215,1.89637188e-03,0.857910,139.8844
telstar401,95,SAM,0.001340,1.89619569e-03,0.857990,139.9188
telstar401,95,SAM,0.001477,1.89600138e-03,0.858078,139.9568
telstar401,95,SAM,0.001629,1.89578708e-03,0.858175,139.9987
telstar401,95,SAM,0.001796,1.89555073e-03,0.858282,140.0450
telstar401,95,SAM,0.001980,1.89529005e-03,0.858400,140.0961
telstar401,95,SAM,0.002183,1.89500251e-03,0.858530,140.1526
telstar401,95,SAM,0.002406,1.89468536e-03,0.858674,140.2149
telstar401,95,SAM,0.002653,1.89433553e-03,0.858833,140.2838
telstar401,95,SAM,0.002925,1.89394963e-03,0.859008,140.3599
telstar401,95,SAM,0.003225,1.89352394e-03,0.859201,140.4440
telstar401,95,SAM,0.003555,1.89305433e-03,0.859414,140.5370
telstar401,95,SAM,0.003919,1.89253626e-03,0.859649,140.6398
telstar401,95,SAM,0.004321,1.89196472e-03,0.859909,140.7535
telstar401,95,SAM,0.004764,1.89133417e-03,0.860195,140.8793
telstar401,95,SAM,0.005252,1.89063851e-03,0.860512,141.0185
telstar401,95,SAM,0.005790,1.88987102e-03,0.860861,141.1726
telstar401,95,SAM,0.006384,1.88902427e-03,0.861247,141.3432
telstar401,95,SAM,0.007038,1.88809011e-03,0.861673,141.5323
telstar401,95,SAM,0.007759,1.88705956e-03,0.862144,141.7419
telstar401,95,SAM,0.008555,1.88592272e-03,0.862664,141.9743
telstar401,95,SAM,0.009431,1.88466876e-03,0.863238,142.2322
telstar401,95,SAM,0.010398,1.88328577e-03,0.863872,142.5185
telstar401,95,SAM,0.011464,1.88176072e-03,0.864572,142.8365
telstar401,95,SAM,0.012638,1.88007935e-03,0.865345,143.1898
telstar401,95,SAM,0.013934,1.87822615e-03,0.866199,143.5828
telstar401,95,SAM,0.015362,1.87618421e-03,0.867141,144.0202
telstar401,95,SAM,0.016936,1.87393522e-03,0.868182,144.5072
telstar401,95,SAM,0.018672,1.87145943e-03,0.869331,145.0500
telstar401,95,SAM,0.020585,1.86873558e-03,0.870598,145.6554
telstar401,95,SAM,0.022695,1.86574099e-03,0.871995,146.3311
telstar401,95,SAM,0.025021,1.86245157e-03,0.873535,147.0859
telstar401,95,SAM,0.027585,1.85884197e-03,0.875232,147.9298
telstar401,95,SAM,0.030412,1.85488579e-03,0.877098,148.8739
telstar401,95,SAM,0.033529,1.85055586e-03,0.879150,149.9311
telstar401,95,SAM,0.036966,1.84582466e-03,0.881404,151.1157
telstar401,95,SAM,0.040754,1.84066489e-03,0.883875,152.4441
telstar401,95,SAM,0.044931,1.83505020e-03,0.886579,153.9346
telstar401,95,SAM,0.049535,1.82895612e-03,0.889533,155.6078
telstar401,95,SAM,0.054612,1.82236118e-03,0.892752,157.4870
telstar401,95,SAM,0.060209,1.81524832e-03,0.896250,159.5980
telstar401,95,SAM,0.066379,1.80760650e-03,0.900039,161.9693
telstar401,95,SAM,0.073182,1.79943258e-03,0.904128,164.6323
telstar401,95,SAM,0.080683,1.79073335e-03,0.908520,167.6203
telstar401,95,SAM,0.088951,1.78152772e-03,0.913215,170.9675
telstar401,95,SAM,0.098068,1.77184897e-03,0.918203,174.6971
telstar401,95,SAM,0.108118,1.76174677e-03,0.923468,178.5930
telstar401,95,SAM,0.119199,1.75128891e-03,0.928983,176.1389
telstar401,95,SAM,0.131415,1.74056240e-03,0.934708,170.9560
telstar401,95,SAM,0.144883,1.72967360e-03,0.940592,165.1254
telstar401,95,SAM,0.159731,1.71874712e-03,0.946572,158.6382
telstar401,95,SAM,0.176101,1.70792321e-03,0.952570,151.4441
telstar401,95,SAM,0.194149,1.69735337e-03,0.958502,143.4764
telstar401,95,SAM,0.214047,1.68719414e-03,0.964274,134.6455
telstar401,95,SAM,0.235983,1.67759943e-03,0.969789,124.8239
telstar401,95,SAM,0.260168,1.66871148e-03,0.974954,113.8261
telstar401,95,SAM,0.286832,1.66065166e-03,0.979686,101.3920
telstar401,95,SAM,0.316228,1.65351162e-03,0.983916,87.1915
telstar401,95,SAM,0.348637,1.64734631e-03,0.987599,70.8870
telstar401,95,SAM,0.384367,1.64216975e-03,0.990712,52.3604
telstar401,95,SAM,0.423759,1.63795444e-03,0.993261,32.7086
telstar401,95,SAM,0.467188,1.63463476e-03,0.995279,21.3421
telstar401,95,SAM,0.515068,1.63211415e-03,0.996816,37.6295
telstar401,95,SAM,0.567855,1.63027508e-03,0.997940,66.2413
telstar401,95,SAM,0.626052,1.62899050e-03,0.998727,97.1575
telstar401,95,SAM,0.690213,1.62813502e-03,0.999252,125.4740
telstar401,95,SAM,0.760950,1.62759431e-03,0.999584,140.9040
telstar401,95,SAM,0.838936,1.62727157e-03,0.999782,124.8057
telstar401,95,SAM,0.924915,1.62709070e-03,0.999893,83.3765
telstar401,95,SAM,1.019705,1.62699609e-03,0.999951,32.9873
telstar401,95,SAM,1.124210,1.62695024e-03,0.999980,47.6851
telstar401,95,SAM,1.239425,1.62692980e-03,0.999992,106.6048
telstar401,95,SAM,1.366448,1.62692149e-03,0.999997,173.7745
telstar401,95,SAM,1.506489,1.62691844e-03,0.999999,100.4334
telstar401,95,SAM,1.660883,1.62691743e-03,1.000000,8.6431
telstar401,95,SAM,1.831099,1.62691714e-03,1.000000,82.6635
telstar401,95,SAM,2.018760,1.62691707e-03,1.000000,155.4286
telstar401,95,SAM,2.225654,1.62691705e-03,1.000000,52.8842
telstar401,95,SAM,2.453751,1.62691705e-03,1.000000,97.1958
telstar401,95,SAM,2.705225,1.62691705e-03,1.000000,104.5169
telstar401,95,SAM,2.982471,1.62691705e-03,1.000000,49.1084
telstar401,95,SAM,3.288131,1.62691705e-03,1.000000,134.7505
telstar401,95,SAM,3.625117,1.62691705e-03,1.000000,66.7129
telstar401,95,SAM,3.996639,1.62691705e-03,1.000000,74.3022
telstar401,95,SAM,4.406236,1.62691705e-03,1.000000,165.5905
telstar401,95,SAM,4.857812,1.62691705e-03,1.000000,67.9161
telstar401,95,SAM,5.355667,1.62691705e-03,1.000000,34.2915
telstar401,95,SAM,5.904545,1.62691705e-03,1.000000,30.6530
telstar401,95,SAM,6.509675,1.62691705e-03,1.000000,34.9647
telstar401,95,SAM,7.176822,1.62691705e-03,1.000000,36.6740
telstar401,95,SAM,7.912343,1.62691705e-03,1.000000,69.5546
telstar401,95,SAM,8.723243,1.62691705e-03,1.000000,139.2396
telstar401,95,SAM,9.617249,1.62691705e-03,1.000000,1.2380
telstar401,95,SAM,10.602877,1.62691705e-03,1.000000,128.9857
telstar401,95,SAM,11.689518,1.62691705e-03,1.000000,127.1449
telstar401,95,SAM,12.887524,1.62691705e-03,1.000000,116.5505
telstar401,95,SAM,14.208308,1.62691705e-03,1.000000,171.1545
telstar401,95,SAM,15.664454,1.62691705e-03,1.000000,33.5316
telstar401,95,SAM,17.269833,1.62691705e-03,1.000000,169.1441
telstar401,95,SAM,19.039740,1.62691705e-03,1.000000,151.8217
telstar401,95,SAM,20.991037,1.62691705e-03,1.000000,135.3715
telstar401,95,SAM,23.142314,1.62691705e-03,1.000000,61.6263
telstar401,95,SAM,25.514065,1.62691705e-03,1.000000,15.8665
telstar401,95,SAM,28.128887,1.62691705e-03,1.000000,114.3328
telstar401,95,SAM,31.011689,1.62691705e-03,1.000000,19.1435
telstar401,95,SAM,34.189937,1.62691705e-03,1.000000,89.1734
telstar401,95,SAM,37.693910,1.62691705e-03,1.000000,13.2389
telstar401,95,SAM,41.556988,1.62691705e-03,1.000000,101.3928
telstar401,95,SAM,45.815977,1.62691705e-03,1.000000,85.1660
telstar401,95,SAM,50.511449,1.62691705e-03,1.000000,23.8738
telstar401,95,SAM,55.688140,1.62691705e-03,1.000000,134.1403
telstar401,95,SAM,61.395366,1.62691705e-03,1.000000,91.6730
telstar401,95,SAM,67.687500,1.62691705e-03,1.000000,24.1101
telstar401,95,SAM,74.624487,1.62691705e-03,1.000000,138.8369
telstar401,95,SAM,82.272413,1.62691705e-03,1.000000,44.4868
telstar401,95,SAM,90.704142,1.62691705e-03,1.000000,84.6673
telstar401,95,SAM,100.000000,1.62691705e-03,1.000000,20.5809
telstar401,96,SAM,0.000000,1.65540716e-03,0.949894,136.4829
telstar401,96,SAM,0.001000,1.65478801e-03,0.950249,135.1024
telstar401,96,SAM,0.001102,1.65472479e-03,0.950286,134.9603
telstar401,96,SAM,0.001215,1.65465515e-03,0.950326,134.8036
telstar401,96,SAM,0.001340,1.65457843e-03,0.950370,134.6306
telstar401,96,SAM,0.001477,1.65449392e-03,0.950418,134.4397
telstar401,96,SAM,0.001629,1.65440084e-03,0.950472,134.2290
telstar401,96,SAM,0.001796,1.65429834e-03,0.950531,133.9964
telstar401,96,SAM,0.001980,1.65418546e-03,0.950595,133.7397
telstar401,96,SAM,0.002183,1.65406118e-03,0.950667,133.4563
telstar401,96,SAM,0.002406,1.65392437e-03,0.950745,133.1435
telstar401,96,SAM,0.002653,1.65377377e-03,0.950832,132.7980
telstar401,96,SAM,0.002925,1.65360804e-03,0.950927,132.4164
telstar401,96,SAM,0.003225,1.65342567e-03,0.951032,131.9950
telstar401,96,SAM,0.003555,1.65322505e-03,0.951148,131.5295
telstar401,96,SAM,0.003919,1.65300439e-03,0.951275,131.0151
telstar401,96,SAM,0.004321,1.65276175e-03,0.951414,130.4468
telstar401,96,SAM,0.004764,1.65249501e-03,0.951568,129.8187
telstar401,96,SAM,0.005252,1.65220188e-03,0.951737,129.1245
telstar401,96,SAM,0.005790,1.65187983e-03,0.951922,128.3571
telstar401,96,SAM,0.006384,1.65152616e-03,0.952126,127.5085
telstar401,96,SAM,0.007038,1.65113791e-03,0.952350,126.5701
telstar401,96,SAM,0.007759,1.65071189e-03,0.952596,125.5323
telstar401,96,SAM,0.008555,1.65024464e-03,0.952865,124.3842
telstar401,96,SAM,0.009431,1.64973247e-03,0.953161,123.1141
telstar401,96,SAM,0.010398,1.64917139e-03,0.953486,121.7088
telstar401,96,SAM,0.011464,1.64855713e-03,0.953841,120.1536
telstar401,96,SAM,0.012638,1.64788514e-03,0.954230,118.4324
telstar401,96,SAM,0.013934,1.64715060e-03,0.954655,116.5273
telstar401,96,SAM,0.015362,1.64634840e-03,0.955120,114.4186
telstar401,96,SAM,0.016936,1.64547318e-03,0.955628,112.0843
telstar401,96,SAM,0.018672,1.64451932e-03,0.956183,109.5002
telstar401,96,SAM,0.020585,1.64348104e-03,0.956787,106.6396
telstar401,96,SAM,0.022695,1.64235238e-03,0.957444,103.4729
telstar401,96,SAM,0.025021,1.64112729e-03,0.958159,99.9677
telstar401,96,SAM,0.027585,1.63979972e-03,0.958935,96.0879
telstar401,96,SAM,0.030412,1.63836374e-03,0.959775,91.7943
telstar401,96,SAM,0.033529,1.63681364e-03,0.960684,87.0436
telstar401,96,SAM,0.036966,1.63514410e-03,0.961665,81.7884
telstar401,96,SAM,0.040754,1.63335041e-03,0.962721,75.9775
telstar401,96,SAM,0.044931,1.63142867e-03,0.963855,69.5556
telstar401,96,SAM,0.049535,1.62937604e-03,0.965069,62.4648
telstar401,96,SAM,0.054612,1.62719110e-03,0.966365,54.6465
telstar401,96,SAM,0.060209,1.62487410e-03,0.967743,46.0492
telstar401,96,SAM,0.066379,1.62242738e-03,0.969203,36.6491
telstar401,96,SAM,0.073182,1.61985574e-03,0.970741,26.5297
telstar401,96,SAM,0.080683,1.61716680e-03,0.972356,16.3103
telstar401,96,SAM,0.088951,1.61437138e-03,0.974039,10.4828
telstar401,96,SAM,0.098068,1.61148381e-03,0.975785,18.3069
telstar401,96,SAM,0.108118,1.60852219e-03,0.977581,32.6108
telstar401,96,SAM,0.119199,1.60550849e-03,0.979416,49.3800
telstar401,96,SAM,0.131415,1.60246854e-03,0.981274,67.9508
telstar401,96,SAM,0.144883,1.59943171e-03,0.983137,87.9671
telstar401,96,SAM,0.159731,1.59643046e-03,0.984986,108.6166
telstar401,96,SAM,0.176101,1.59349949e-03,0.986797,127.2286
telstar401,96,SAM,0.194149,1.59067463e-03,0.988550,135.4989
telstar401,96,SAM,0.214047,1.58799141e-03,0.990220,123.0997
telstar401,96,SAM,0.235983,1.58548341e-03,0.991786,94.8550
telstar401,96,SAM,0.260168,1.58318045e-03,0.993229,58.0511
telstar401,96,SAM,0.286832,1.58110676e-03,0.994532,15.2710
telstar401,96,SAM,0.316228,1.57927936e-03,0.995683,32.6446
telstar401,96,SAM,0.348637,1.57770679e-03,0.996675,84.7579
telstar401,96,SAM,0.384367,1.57638842e-03,0.997509,134.6412
telstar401,96,SAM,0.423759,1.57531444e-03,0.998189,126.5356
telstar401,96,SAM,0.467188,1.57446676e-03,0.998726,62.6494
telstar401,96,SAM,0.515068,1.57382053e-03,0.999136,31.5413
telstar401,96,SAM,0.567855,1.57334631e-03,0.999437,113.0328
telstar401,96,SAM,0.626052,1.57301262e-03,0.999649,148.9533
telstar401,96,SAM,0.690213,1.57278840e-03,0.999792,55.6104
telstar401,96,SAM,0.760950,1.57264519e-03,0.999883,100.0417
telstar401,96,SAM,0.838936,1.57255870e-03,0.999938,133.4491
telstar401,96,SAM,0.924915,1.57250957e-03,0.999969,38.5610
telstar401,96,SAM,1.019705,1.57248348e-03,0.999986,154.3252
telstar401,96,SAM,1.124210,1.57247063e-03,0.999994,8.0064
telstar401,96,SAM,1.239425,1.57246480e-03,0.999998,125.9584
telstar401,96,SAM,1.366448,1.57246238e-03,0.999999,69.6976
telstar401,96,SAM,1.506489,1.57246147e-03,1.000000,47.6541
telstar401,96,SAM,1.660883,1.57246116e-03,1.000000,137.2428
telstar401,96,SAM,1.831099,1.57246107e-03,1.000000,169.1692
telstar401,96,SAM,2.018760,1.57246105e-03,1.000000,129.1810
telstar401,96,SAM,2.225654,1.57246104e-03,1.000000,118.1242
telstar401,96,SAM,2.453751,1.57246104e-03,1.000000,150.8727
telstar401,96,SAM,2.705225,1.57246104e-03,1.000000,109.8346
telstar401,96,SAM,2.982471,1.57246104e-03,1.000000,34.7695
telstar401,96,SAM,3.288131,1.57246104e-03,1.000000,130.3047
telstar401,96,SAM,3.625117,1.57246104e-03,1.000000,76.9790
telstar401,96,SAM,3.996639,1.57246104e-03,1.000000,23.0941
telstar401,96,SAM,4.406236,1.57246104e-03,1.000000,9.8946
telstar401,96,SAM,4.857812,1.57246104e-03,1.000000,82.0964
telstar401,96,SAM,5.355667,1.57246104e-03,1.000000,119.6597
telstar401,96,SAM,5.904545,1.57246104e-03,1.000000,110.6096
telstar401,96,SAM,6.509675,1.57246104e-03,1.000000,85.9983
telstar401,96,SAM,7.176822,1.57246104e-03,1.000000,135.9400
telstar401,96,SAM,7.912343,1.57246104e-03,1.000000,42.7296
telstar401,96,SAM,8.723243,1.57246104e-03,1.000000,45.7926
telstar401,96,SAM,9.617249,1.57246104e-03,1.000000,131.2709
telstar401,96,SAM,10.602877,1.57246104e-03,1.000000,65.9207
telstar401,96,SAM,11.689518,1.57246104e-03,1.000000,162.3580
telstar401,96,SAM,12.887524,1.57246104e-03,1.000000,108.8741
telstar401,96,SAM,14.208308,1.57246104e-03,1.000000,93.8205
telstar401,96,SAM,15.664454,1.57246104e-03,1.000000,83.5178
telstar401,96,SAM,17.269833,1.57246104e-03,1.000000,118.3005
telstar401,96,SAM,19.039740,1.57246104e-03,1.000000,80.8170
telstar401,96,SAM,20.991037,1.57246104e-03,1.000000,96.6728
telstar401,96,SAM,23.142314,1.57246104e-03,1.000000,65.7448
telstar401,96,SAM,25.514065,1.57246104e-03,1.000000,91.7476
telstar401,96,SAM,28.128887,1.57246104e-03,1.000000,139.2981
telstar401,96,SAM,31.011689,1.57246104e-03,1.000000,155.5571
telstar401,96,SAM,34.189937,1.57246104e-03,1.000000,7.8950
telstar401,96,SAM,37.693910,1.57246104e-03,1.000000,46.0222
telstar401,96,SAM,41.556988,1.57246104e-03,1.000000,64.4747
telstar401,96,SAM,45.815977,1.57246104e-03,1.000000,153.0908
telstar401,96,SAM,50.511449,1.57246104e-03,1.000000,148.1906
telstar401,96,SAM,55.688140,1.57246104e-03,1.000000,137.8059
telstar401,96,SAM,61.395366,1.57246104e-03,1.000000,133.8770
telstar401,96,SAM,67.687500,1.57246104e-03,1.000000,46.1277
telstar401,96,SAM,74.624487,1.57246104e-03,1.000000,78.9382
telstar401,96,SAM,82.272413,1.57246104e-03,1.000000,14.2105
telstar401,96,SAM,90.704142,1.57246104e-03,1.000000,53.2974
telstar401,96,SAM,100.000000,1.57246104e-03,1.000000,118.5216
