Id_over_Is,beta_deg,Mz_num,Mz_ana,Mperp_num,Mperp_ana,Mx_num,Mx_ana,My_num,My_ana,Iddot_num,Iddot_ana,dev_Mz,dev_Mperp,dev_Iddot,sign_flip_Mz
0.281517,1.0000,4.27182735e-07,8.57549737e-07,1.01077759e-06,1.10551399e-06,5.29024463e-08,5.54194699e-08,-1.00939223e-06,-1.10412402e-06,-3.36847601e-05,-3.99345909e-05,2.90380153e-03,4.31770373e-04,5.30124841e-03,0
0.281517,4.7872,4.26174839e-07,8.46458717e-07,4.94062994e-06,5.35887280e-06,2.51880599e-07,2.63909302e-07,-4.93420514e-06,-5.35237046e-06,-3.34192886e-05,-3.93378702e-05,2.83576798e-03,1.90618269e-03,5.02027531e-03,0
0.281517,8.5745,4.26547115e-07,8.21128163e-07,9.28761310e-06,9.87048802e-06,4.45300711e-07,4.66950719e-07,-9.27693184e-06,-9.85943663e-06,-3.28175571e-05,-3.79731834e-05,2.66234410e-03,2.65650936e-03,4.37311925e-03,0
0.281517,12.3617,4.41012709e-07,7.82206102e-07,1.44989171e-05,1.48331923e-05,6.27680433e-07,6.60373084e-07,-1.44853241e-05,-1.48184851e-05,-3.19374811e-05,-3.58711233e-05,2.30212328e-03,1.52349205e-03,3.33660465e-03,0
0.281517,16.1489,4.62191190e-07,7.30683922e-07,2.10514456e-05,2.04207041e-05,7.96376456e-07,8.40239178e-07,-2.10363767e-05,-2.04034103e-05,-3.06745746e-05,-3.30786557e-05,1.81159243e-03,2.87466587e-03,2.03919622e-03,0
0.281517,19.9362,4.71012935e-07,6.67865495e-07,2.90607890e-05,2.67800838e-05,9.49964979e-07,1.00293939e-06,-2.90452582e-05,-2.67612967e-05,-2.89375932e-05,-2.96578667e-05,1.32821699e-03,1.03945369e-02,6.10952378e-04,0
0.281517,23.7234,4.64238158e-07,5.95326742e-07,3.84281776e-05,3.40251657e-05,1.08599540e-06,1.14527657e-06,-3.84128292e-05,-3.40058854e-05,-2.67448957e-05,-2.56843162e-05,8.84489816e-04,2.00671569e-02,8.99607624e-04,0
0.281517,27.5106,4.41886709e-07,5.14867043e-07,4.89976482e-05,4.22312317e-05,1.20218016e-06,1.26453917e-06,-4.89828979e-05,-4.22122952e-05,-2.41400710e-05,-2.12450469e-05,4.92417880e-04,3.08386044e-02,2.45562523e-03,0
0.281517,31.2979,4.05217895e-07,4.28454178e-07,6.05829223e-05,5.14311394e-05,1.29652664e-06,1.35856079e-06,-6.05690473e-05,-5.14131929e-05,-2.11801269e-05,-1.64363115e-05,1.56781431e-04,4.17101446e-02,4.02381191e-03,0
0.281517,35.0851,3.56105804e-07,3.38164701e-07,7.29766986e-05,6.16130561e-05,1.36741353e-06,1.42576444e-06,-7.29638864e-05,-6.15965574e-05,-1.79247913e-05,-1.13610864e-05,1.21053432e-04,5.17909107e-02,5.56748356e-03,0
0.281517,38.8723,2.96774462e-07,2.46121790e-07,8.59562770e-05,7.27198794e-05,1.41357709e-06,1.46519067e-06,-8.59446529e-05,-7.27051172e-05,-1.44537311e-05,-6.12644778e-06,3.41767153e-04,6.03261754e-02,7.06339080e-03,0
0.281517,42.6596,2.29668834e-07,1.54432698e-07,9.92884373e-05,8.46503589e-05,1.43420593e-06,1.47650887e-06,-9.92780783e-05,-8.46374809e-05,-1.08395336e-05,-8.40888629e-07,5.07638378e-04,6.67144725e-02,8.48107772e-03,0
0.281517,46.4468,1.57387964e-07,6.51278893e-08,1.12733762e-04,9.72618720e-05,1.42894592e-06,1.46001184e-06,-1.12724705e-04,-9.72509131e-05,-7.15349714e-06,4.38834407e-06,6.22503456e-04,7.05146496e-02,9.79005184e-03,0
0.281517,50.2340,8.25319096e-08,-1.98960774e-08,1.26051076e-04,1.10374740e-04,1.39787606e-06,1.41659414e-06,-1.26043324e-04,-1.10365649e-04,-3.47695074e-06,9.45781541e-06,6.91109084e-04,7.14464313e-02,1.09715624e-02,0
0.281517,54.0213,7.68190781e-09,-9.89280850e-08,1.39001726e-04,1.23777917e-04,1.34153234e-06,1.34771519e-06,-1.38995253e-04,-1.23770580e-04,1.16657532e-07,1.42702989e-05,7.19326198e-04,6.93839979e-02,1.20054401e-02,0
0.281517,57.8085,-6.46544681e-08,-1.70486746e-07,1.51353929e-04,1.37235838e-04,1.26085871e-06,1.25534866e-06,-1.51348677e-04,-1.37230096e-04,3.54967713e-06,1.87369380e-05,7.14078749e-04,6.43445798e-02,1.28821796e-02,0
0.281517,61.5957,-1.32112403e-07,-2.33356094e-07,1.62886855e-04,1.50496153e-04,1.15723961e-06,1.14191991e-06,-1.62882744e-04,-1.50491821e-04,6.75136931e-06,2.27791160e-05,6.83118318e-04,5.64718343e-02,1.35950988e-02,0
0.281517,65.3830,-1.92530892e-07,-2.86611630e-07,1.73394423e-04,1.63298076e-04,1.03245926e-06,1.01023378e-06,-1.73391349e-04,-1.63294952e-04,9.65313140e-06,2.63299888e-05,6.34787958e-04,4.60150838e-02,1.41456892e-02,0
0.281517,69.1702,-2.44038632e-07,-3.29636074e-07,1.82688897e-04,1.75381010e-04,8.88681969e-07,8.63395053e-07,-1.82686736e-04,-1.75378884e-04,1.21910993e-05,2.93356468e-05,5.77548886e-04,3.33064117e-02,1.45423946e-02,0
0.281517,72.9574,-2.84889632e-07,-3.62124513e-07,1.90604259e-04,1.86493139e-04,7.28390638e-07,7.04724231e-07,-1.90602867e-04,-1.86491808e-04,1.43373620e-05,3.17558856e-05,5.21124444e-04,1.87368287e-02,1.47747873e-02,0
0.281517,76.7447,-3.13706276e-07,-3.84079057e-07,1.96999643e-04,1.96399677e-04,5.54362400e-07,5.37671237e-07,-1.96998863e-04,-1.96398941e-04,1.60469851e-05,3.35645773e-05,4.74824019e-04,2.73440319e-03,1.48588196e-02,0
0.281517,80.5319,-3.45336275e-07,-3.95793488e-07,2.02021035e-04,2.04890438e-04,3.71254498e-07,3.65729662e-07,-2.02020694e-04,-2.04890111e-04,1.71814081e-05,3.47496488e-05,3.40448343e-04,1.30775815e-02,1.49017808e-02,0
0.281517,84.3191,-3.69255195e-07,-3.97828733e-07,2.07014116e-04,2.11786488e-04,1.95102586e-07,1.92354050e-07,-2.07014024e-04,-2.11786401e-04,1.72255740e-05,3.53126858e-05,1.92793322e-04,2.17505531e-02,1.53418990e-02,0
0.281517,88.1064,-3.77220861e-07,-3.90980318e-07,2.11309710e-04,2.16945614e-04,2.40292849e-08,2.08825123e-08,-2.11309708e-04,-2.16945613e-04,1.65664285e-05,3.52681913e-05,9.28387433e-05,2.56861834e-02,1.58632599e-02,0
0.281517,91.8936,-3.73734000e-07,-3.76239239e-07,2.14627386e-04,2.20266424e-04,-1.40742437e-07,-1.45533307e-07,-2.14627340e-04,-2.20266375e-04,1.53987776e-05,3.46425406e-05,1.69035155e-05,2.57004655e-02,1.63229968e-02,0
0.281517,95.6809,-3.60862816e-07,-3.54747880e-07,2.16908752e-04,2.21690946e-04,-2.96072400e-07,-3.03989245e-07,-2.16908550e-04,-2.21690737e-04,1.39535839e-05,3.34726797e-05,4.12591157e-05,2.17953137e-02,1.65565403e-02,0
0.281517,99.4681,-3.43639941e-07,-3.27752774e-07,2.18317049e-04,2.21205640e-04,-4.36222456e-07,-4.51879299e-07,-2.18316613e-04,-2.21205179e-04,1.24992376e-05,3.18046228e-05,1.07194978e-04,1.31650381e-02,1.63752661e-02,0
0.281517,103.2553,-3.15690958e-07,-2.96556063e-07,2.19413838e-04,2.18840808e-04,-5.55990625e-07,-5.86935096e-07,-2.19413133e-04,-2.18840021e-04,1.13624636e-05,2.96918084e-05,1.29108267e-04,2.61163903e-03,1.55473665e-02,0
0.281517,107.0426,-2.68605130e-07,-2.62467528e-07,2.18753930e-04,2.14668441e-04,-6.69994249e-07,-7.07253694e-07,-2.18752904e-04,-2.14667276e-04,9.82088642e-06,2.71933743e-05,4.14120490e-05,1.86200165e-02,1.47357388e-02,0
0.281517,110.8298,-2.18675052e-07,-2.26758970e-07,2.16082934e-04,2.08798619e-04,-7.73451432e-07,-8.11313691e-07,-2.16081550e-04,-2.08797043e-04,8.02340959e-06,2.43724122e-05,5.45443650e-05,3.31989771e-02,1.38675954e-02,0
0.281517,114.6170,-1.67424962e-07,-1.90622625e-07,2.11450330e-04,2.01374615e-04,-8.64608942e-07,-8.97980029e-07,-2.11448562e-04,-2.01372613e-04,6.00679897e-06,2.12942598e-05,1.56520848e-04,4.59210566e-02,1.29671714e-02,0
0.281517,118.4043,-1.16479243e-07,-1.55135032e-07,2.04940909e-04,1.92566907e-04,-9.41998069e-07,-9.66498256e-07,-2.04938744e-04,-1.92564482e-04,3.83886725e-06,1.80248824e-05,2.60820969e-04,5.63957233e-02,1.20329003e-02,0
0.281517,122.1915,-6.77317630e-08,-1.21227588e-07,1.96672758e-04,1.82566366e-04,-1.00424339e-06,-1.01647934e-06,-1.96670194e-04,-1.82563536e-04,1.56047179e-06,1.46293926e-05,3.60950669e-04,6.42912594e-02,1.10853555e-02,0
0.281517,125.9787,-2.30806506e-08,-8.96646721e-08,1.86795107e-04,1.71576875e-04,-1.05029175e-06,-1.04787642e-06,-1.86792154e-04,-1.71573675e-04,-7.81578486e-07,1.11707428e-05,4.49260241e-04,6.93585803e-02,1.01382304e-02,0
0.281517,129.7660,1.55613788e-08,-6.10299166e-08,1.75485712e-04,1.59807696e-04,-1.07939049e-06,-1.06095502e-06,-1.75482393e-04,-1.59804175e-04,-3.13582757e-06,7.70862236e-06,5.16782000e-04,7.14540891e-02,9.19850871e-03,0
0.281517,133.5532,4.63021051e-08,-3.57208534e-08,1.62947820e-04,1.47465889e-04,-1.09110837e-06,-1.05625856e-06,-1.62944167e-04,-1.47462106e-04,-5.45231895e-06,4.29857690e-06,5.53430887e-04,7.05604143e-02,8.27093132e-03,0
0.281517,137.3404,6.72896978e-08,-1.39518136e-08,1.49406597e-04,1.34749065e-04,-1.08525205e-06,-1.03457071e-06,-1.49402655e-04,-1.34745093e-04,-7.67588194e-06,9.91358089e-07,5.48158254e-04,6.68031338e-02,7.35174984e-03,0
0.281517,141.1277,7.67883573e-08,4.23538314e-09,1.35104934e-04,1.21838787e-04,-1.06192858e-06,-9.96876625e-07,-1.35100760e-04,-1.21834708e-04,-9.75841298e-06,-2.16749728e-06,4.89534364e-04,6.04617612e-02,6.43878710e-03,0
0.281517,144.9149,7.32739543e-08,1.89537256e-08,1.20299246e-04,1.08894850e-04,-1.02161942e-06,-9.44324433e-07,-1.20294908e-04,-1.08890755e-04,-1.16450038e-05,-5.13787062e-06,3.66513143e-04,5.19766526e-02,5.51949814e-03,0
0.281517,148.7021,5.54331513e-08,3.04473469e-08,1.05254630e-04,9.60506690e-05,-9.65040676e-07,-8.78188659e-07,-1.05250206e-04,-9.60466543e-05,-1.32882516e-05,-7.88506730e-06,1.68585920e-04,4.19479510e-02,4.58310365e-03,0
0.281517,152.4894,2.22898963e-08,3.90631852e-08,9.02399694e-05,8.34099460e-05,-8.93174942e-07,-7.99836786e-07,-9.02355490e-05,-8.34061110e-05,-1.46568891e-05,-1.03796525e-05,1.13173876e-04,3.11284988e-02,3.62804922e-03,0
0.281517,156.2766,-2.66164002e-08,4.52194253e-08,7.55222090e-05,7.10447270e-05,-8.07231091e-07,-7.10699970e-07,-7.55178948e-05,-7.10411722e-05,-1.57132294e-05,-1.25971505e-05,4.84695570e-04,2.04065616e-02,2.64312886e-03,0
0.281517,160.0638,-9.09141577e-08,4.93722910e-08,6.13594397e-05,5.89949196e-05,-7.08629302e-07,-6.12248625e-07,-6.13553476e-05,-5.89917425e-05,-1.64380233e-05,-1.45176452e-05,9.46550273e-04,1.07765314e-02,1.62890835e-03,0
0.281517,163.8511,-1.68614317e-07,5.19827974e-08,4.79896491e-05,4.72692620e-05,-5.98754234e-07,-5.05973276e-07,-4.79859138e-05,-4.72665539e-05,-1.68322920e-05,-1.61253208e-05,1.48842786e-03,3.28323479e-03,5.99669049e-04,0
0.281517,167.6383,-2.53314082e-07,5.34850490e-08,3.55986878e-05,3.58476895e-05,-4.78392049e-07,-3.93370723e-07,-3.55954732e-05,-3.58455311e-05,-1.69554658e-05,-1.74079843e-05,2.07005597e-03,1.13484984e-03,3.83836464e-04,0
0.281517,171.4255,-3.16657552e-07,5.42575763e-08,2.41461011e-05,2.46849792e-05,-3.43602425e-07,-2.75935299e-07,-2.41436562e-05,-2.46834369e-05,-1.71278543e-05,-1.83566057e-05,2.50266380e-03,2.45598954e-03,1.04225483e-03,0
0.281517,175.2128,-3.45881565e-07,5.45990475e-08,1.33183838e-05,1.37155053e-05,-1.95357229e-07,-1.55154641e-07,-1.33169509e-05,-1.37146277e-05,-1.74044725e-05,-1.89649125e-05,2.70215004e-03,1.80992034e-03,1.32360069e-03,0
0.281517,179.0000,-3.57153360e-07,5.47094795e-08,2.76834804e-06,2.85889133e-06,-4.11132456e-08,-3.25092107e-08,-2.76804274e-06,-2.85870649e-06,-1.75471120e-05,-1.92290664e-05,2.77894898e-03,4.12659894e-04,1.42667198e-03,0
0.298685,1.0000,2.03092312e-07,3.92527850e-07,1.78019817e-06,1.43319539e-06,4.32081671e-08,5.53398298e-08,-1.77967373e-06,-1.43212657e-06,-1.04503770e-04,-1.18243295e-04,1.27817235e-03,1.58149908e-03,1.16541772e-02,0
0.298685,4.7872,1.97613154e-07,3.86377536e-07,8.54728796e-06,6.90972861e-06,2.05967354e-07,2.63419586e-07,-8.54480597e-06,-6.90470561e-06,-1.03434107e-04,-1.16431503e-04,1.27364389e-03,7.46333674e-03,1.10246862e-02,0
0.298685,8.5745,1.85548841e-07,3.72341944e-07,1.54148956e-05,1.25751882e-05,3.64897568e-07,4.65632397e-07,-1.54105761e-05,-1.25665646e-05,-1.00988211e-04,-1.12287218e-04,1.26034313e-03,1.29422437e-02,9.58407425e-03,0
0.298685,12.3617,1.68376159e-07,3.50805886e-07,2.24720146e-05,1.85702536e-05,5.17009790e-07,6.57505200e-07,-2.24660665e-05,-1.85586100e-05,-9.72186882e-05,-1.05901578e-04,1.23090227e-03,1.77826570e-02,7.36502431e-03,0
0.298685,16.1489,1.48855120e-07,3.22357347e-07,2.98287205e-05,2.50209944e-05,6.59109154e-07,8.34845756e-07,-2.98214376e-05,-2.50070628e-05,-9.22199023e-05,-9.74145653e-05,1.17066603e-03,2.19116816e-02,4.40623113e-03,0
0.298685,19.9362,1.33462302e-07,2.87768224e-07,3.76535720e-05,3.20331289e-05,7.87321720e-07,9.93854807e-07,-3.76453398e-05,-3.20177076e-05,-8.61718995e-05,-8.70113689e-05,1.04114341e-03,2.56157187e-02,7.12056990e-04,0
0.298685,23.7234,1.29426025e-07,2.47969140e-07,4.62157389e-05,3.96870340e-05,8.97886826e-07,1.13122583e-06,-4.62070159e-05,-3.96709086e-05,-7.92353447e-05,-7.49175917e-05,7.99842169e-04,2.97552103e-02,3.66241617e-03,0
0.298685,27.5106,1.23922067e-07,2.04019230e-07,5.56550586e-05,4.80336961e-05,9.91230823e-07,1.24422931e-06,-5.56462308e-05,-4.80175786e-05,-7.12530497e-05,-6.13934531e-05,5.40437023e-04,3.47351042e-02,8.36313373e-03,0
0.298685,31.2979,1.13085744e-07,1.57071973e-07,6.59020778e-05,5.70917614e-05,1.06641582e-06,1.33077899e-06,-6.58934490e-05,-5.70762494e-05,-6.22969682e-05,-4.67271601e-05,2.96786873e-04,4.01538776e-02,1.32066648e-02,0
0.298685,35.0851,9.62756460e-08,1.08338300e-07,7.68127299e-05,6.68457981e-05,1.12237220e-06,1.38947817e-06,-7.68045295e-05,-6.68313555e-05,-5.25189221e-05,-3.12276452e-05,8.13899567e-05,4.54252652e-02,1.80597447e-02,0
0.298685,38.8723,7.39728767e-08,5.90482717e-08,8.82105338e-05,7.72458357e-05,1.15815949e-06,1.41964490e-06,-8.82029304e-05,-7.72327893e-05,-4.21157222e-05,-1.52168857e-05,1.00700311e-04,4.99726825e-02,2.28162040e-02,0
0.298685,42.6596,4.71904634e-08,1.04126892e-08,9.99013986e-05,8.82081986e-05,1.17313877e-06,1.42131550e-06,-9.98945103e-05,-8.81967469e-05,-3.13047292e-05,9.77969485e-07,2.48149500e-04,5.32929012e-02,2.73829182e-02,0
0.298685,46.4468,1.73558068e-08,-3.64140321e-08,1.11681590e-04,9.96175974e-05,1.16708164e-06,1.39522667e-06,-1.11675491e-04,-9.96078263e-05,-2.02922025e-05,1.70324406e-05,3.62799516e-04,5.49828232e-02,3.16596099e-02,0
0.298685,50.2340,-1.41019857e-08,-8.03684303e-08,1.23343586e-04,1.11330398e-04,1.13999488e-06,1.34277718e-06,-1.23338317e-04,-1.11322300e-04,-9.31866786e-06,3.26323022e-05,4.47117464e-04,5.47512765e-02,3.55837656e-02,0
0.298685,54.0213,-4.56493863e-08,-1.20508834e-07,1.34680829e-04,1.23178941e-04,1.09226353e-06,1.26597081e-06,-1.34676399e-04,-1.23172435e-04,1.39018502e-06,4.74807055e-05,5.05096758e-04,5.24209789e-02,3.90950262e-02,0
0.298685,57.8085,-7.57541578e-08,-1.56041433e-07,1.45491903e-04,1.34976747e-04,1.02466576e-06,1.16734268e-06,-1.45488295e-04,-1.34971699e-04,1.16127137e-05,6.13046454e-05,5.41719769e-04,4.79238522e-02,4.21498251e-02,0
0.298685,61.5957,-1.02979161e-07,-1.86340747e-07,1.55584426e-04,1.46524413e-04,9.38284929e-07,1.04987192e-06,-1.55581596e-04,-1.46520651e-04,2.11414954e-05,7.38606111e-05,5.62462961e-04,4.12918937e-02,4.47175512e-02,0
0.298685,65.3830,-1.25914559e-07,-2.10963843e-07,1.64778830e-04,1.57615974e-04,8.34550651e-07,9.16883707e-07,-1.64776717e-04,-1.57613307e-04,2.97960218e-05,8.49392818e-05,5.73850317e-04,3.26454187e-02,4.67737655e-02,0
0.298685,69.1702,-1.43606719e-07,-2.29657941e-07,1.72911147e-04,1.68045493e-04,7.15099229e-07,7.71944366e-07,-1.72909669e-04,-1.68043720e-04,3.73487369e-05,9.43691694e-05,5.80610657e-04,2.21756940e-02,4.83660259e-02,0
0.298685,72.9574,-1.73680139e-07,-2.42361231e-07,1.80434456e-04,1.77613642e-04,5.83727871e-07,6.18752947e-07,-1.80433511e-04,-1.77612564e-04,4.36043437e-05,1.02019142e-04,4.63409739e-04,1.28561333e-02,4.95487583e-02,0
0.298685,76.7447,-1.93983915e-07,-2.49197047e-07,1.87780836e-04,1.86134016e-04,4.51517411e-07,4.61033184e-07,-1.87780293e-04,-1.86133445e-04,4.76633816e-05,1.07799799e-04,3.72537803e-04,7.50554474e-03,5.10090746e-02,0
0.298685,80.5319,-2.06994861e-07,-2.50461725e-07,1.94313152e-04,1.93438964e-04,3.15549537e-07,3.02429294e-07,-1.94312896e-04,-1.93438727e-04,4.99880708e-05,1.11663714e-04,2.93282582e-04,3.98419823e-03,5.23146811e-02,0
0.298685,84.3191,-2.13668308e-07,-2.46606753e-07,1.99775706e-04,1.99384721e-04,1.76700657e-07,1.46409003e-07,-1.99775628e-04,-1.99384667e-04,5.07512650e-05,1.13604584e-04,2.22244515e-04,1.78195266e-03,5.33136128e-02,0
0.298685,88.1064,-2.14243425e-07,-2.38216006e-07,2.04011835e-04,2.03855657e-04,3.66455472e-08,-3.82321642e-09,-2.04011832e-04,-2.03855657e-04,5.00552144e-05,1.13655367e-04,1.61749430e-04,7.11798931e-04,5.39470941e-02,0
0.298685,91.8936,-2.09073386e-07,-2.25979012e-07,2.06922479e-04,2.06767494e-04,-1.02471434e-07,-1.45400151e-07,-2.06922454e-04,-2.06767443e-04,4.80256371e-05,1.11885517e-04,1.14066787e-04,7.06361339e-04,5.41674001e-02,0
0.298685,95.6809,-1.98621298e-07,-2.10661368e-07,2.08456808e-04,2.08069393e-04,-2.38295359e-07,-2.75851106e-07,-2.08456672e-04,-2.08069210e-04,4.47815144e-05,1.08397443e-04,8.12375784e-05,1.76568086e-03,5.39604756e-02,0
0.298685,99.4681,-1.83659485e-07,-1.93073485e-07,2.08613055e-04,2.07744844e-04,-3.68210389e-07,-3.93145024e-07,-2.08612730e-04,-2.07744472e-04,4.05113688e-05,1.03322358e-04,6.35187835e-05,3.95695809e-03,5.32777073e-02,0
0.298685,103.2553,-1.65245480e-07,-1.74038894e-07,2.07449565e-04,2.05811334e-04,-4.89335923e-07,-4.95716706e-07,-2.07448988e-04,-2.05810737e-04,3.54269272e-05,9.68156552e-05,5.93315210e-05,7.46639703e-03,5.20713133e-02,0
0.298685,107.0426,-1.45466189e-07,-1.54363331e-07,2.05127507e-04,2.02318850e-04,-5.97678588e-07,-5.82476039e-07,-2.05126636e-04,-2.02318012e-04,2.99056542e-05,8.90520126e-05,6.00314027e-05,1.28007257e-02,5.01692845e-02,0
0.298685,110.8298,-1.28103605e-07,-1.34805790e-07,2.02193868e-04,1.97347262e-04,-6.85105676e-07,-6.52800773e-07,-2.02192708e-04,-1.97346182e-04,2.47494050e-05,8.02203682e-05,4.52214364e-05,2.20888838e-02,4.70517308e-02,0
0.298685,114.6170,-9.52271075e-08,-1.16052593e-07,1.98149948e-04,1.91002725e-04,-7.65853155e-07,-7.06514008e-07,-1.98148468e-04,-1.91001418e-04,1.86229242e-05,7.05189472e-05,1.40515136e-04,3.25741697e-02,4.40193854e-02,0
0.298685,118.4043,-6.46806459e-08,-9.86954358e-08,1.92461917e-04,1.83413257e-04,-8.35682939e-07,-7.43848065e-07,-1.92460102e-04,-1.83411748e-04,1.20457892e-05,6.01504822e-05,2.29506905e-04,4.12401510e-02,4.08034932e-02,0
0.298685,122.1915,-3.79451751e-08,-8.32141429e-08,1.85232671e-04,1.74723662e-04,-8.93325666e-07,-7.65396916e-07,-1.85230517e-04,-1.74721986e-04,5.10538849e-06,4.93177644e-05,3.05441860e-04,4.78958350e-02,3.75019414e-02,0
0.298685,125.9787,-1.61875022e-08,-6.99647127e-08,1.76591902e-04,1.65090025e-04,-9.37925539e-07,-7.72059692e-07,-1.76589411e-04,-1.65088220e-04,-2.03591023e-06,3.82196348e-05,3.62849254e-04,5.24209293e-02,3.41456675e-02,0
0.298685,129.7660,-6.39801092e-10,-5.91729700e-08,1.66694190e-04,1.54673992e-04,-9.68764098e-07,-7.64978057e-07,-1.66691375e-04,-1.54672100e-04,-9.22336689e-06,2.70475034e-05,3.94938980e-04,5.47832272e-02,3.07657759e-02,0
0.298685,133.5532,7.57604826e-09,-5.09339349e-08,1.55715893e-04,1.43637068e-04,-9.85356594e-07,-7.45470354e-07,-1.55712775e-04,-1.43635134e-04,-1.63026975e-05,1.59824562e-05,3.94782540e-04,5.50504216e-02,2.73850005e-02,0
0.298685,137.3404,7.44057800e-09,-4.52167762e-08,1.43851625e-04,1.32135165e-04,-9.87448443e-07,-7.14965473e-07,-1.43848235e-04,-1.32133230e-04,-2.31242694e-05,5.19297995e-06,3.55293284e-04,5.33989101e-02,2.40193340e-02,0
0.298685,141.1277,-1.90464723e-09,-4.18749881e-08,1.31310330e-04,1.20313596e-04,-9.74894855e-07,-6.74939261e-07,-1.31306711e-04,-1.20311702e-04,-2.95574445e-05,-5.16669026e-06,2.69690604e-04,5.01186922e-02,2.06887917e-02,0
0.298685,144.9149,-2.08625129e-08,-4.06612247e-08,1.18310459e-04,1.08302732e-04,-9.47945311e-07,-6.26856081e-07,-1.18306662e-04,-1.08300918e-04,-3.54568767e-05,-1.49576247e-05,1.33587215e-04,4.56111967e-02,1.73879310e-02,0
0.298685,148.7021,-4.94640344e-08,-4.12460398e-08,1.05073686e-04,9.62144661e-05,-9.06802123e-07,-5.72117804e-07,-1.05069773e-04,-9.62127651e-05,-4.07209780e-05,-2.40567006e-05,5.54490120e-05,4.03767605e-02,1.41350186e-02,0
0.298685,152.4894,-8.69017895e-08,-4.32396296e-08,9.18162981e-05,8.41396247e-05,-8.51714264e-07,-5.12022106e-07,-9.18123477e-05,-8.41380667e-05,-4.52880444e-05,-3.23566193e-05,2.94600296e-04,3.49871893e-02,1.09687284e-02,0
0.298685,156.2766,-1.30757376e-07,-4.62155612e-08,7.87329438e-05,7.21464112e-05,-7.82623359e-07,-4.47731440e-07,-7.87290539e-05,-7.21450219e-05,-4.91615696e-05,-3.97655242e-05,5.70426285e-04,3.00187657e-02,7.96993908e-03,0
0.298685,160.0638,-1.74323040e-07,-4.97354014e-08,6.59489993e-05,6.02799315e-05,-6.97865163e-07,-3.80253547e-07,-6.59453068e-05,-6.02787321e-05,-5.25375416e-05,-4.62063147e-05,8.40626195e-04,2.58373303e-02,5.37029047e-03,0
0.298685,163.8511,-1.98629159e-07,-5.33731344e-08,5.33967826e-05,4.85628009e-05,-5.90553786e-07,-3.10433778e-07,-5.33935168e-05,-4.85618087e-05,-5.61165532e-05,-5.16157588e-05,9.80081332e-04,2.20313438e-02,3.81767601e-03,0
0.298685,167.6383,-2.10511717e-07,-5.67382768e-08,4.09155180e-05,3.69967892e-05,-4.66246696e-07,-2.38958960e-07,-4.09128614e-05,-3.69960175e-05,-5.94164543e-05,-5.59435093e-05,1.03755062e-03,1.78599891e-02,2.94583083e-03,0
0.298685,171.4255,-2.16771417e-07,-5.94966679e-08,2.84157899e-05,2.55654193e-05,-3.30467747e-07,-1.66371972e-07,-2.84138682e-05,-2.55648779e-05,-6.20346033e-05,-5.91511212e-05,1.06117489e-03,1.29908423e-02,2.44583497e-03,0
0.298685,175.2128,-2.19872414e-07,-6.13880177e-08,1.58805859e-05,1.42373925e-05,-1.86982181e-07,-9.30957295e-08,-1.58794851e-05,-1.42370881e-05,-6.37828017e-05,-6.12111635e-05,1.06933670e-03,7.48901447e-03,2.18132198e-03,0
0.298685,179.0000,-2.21012966e-07,-6.22394439e-08,3.31884804e-06,2.97068281e-06,-3.93000724e-08,-1.94647956e-08,-3.31861534e-06,-2.97061904e-06,-6.45545987e-05,-6.21064998e-05,1.07128751e-03,1.58679702e-03,2.07653303e-03,0
0.315853,1.0000,-6.41116236e-08,9.88858145e-09,2.18053774e-06,1.69993375e-06,3.47029299e-08,6.58850754e-08,-2.18026157e-06,-1.69865650e-06,-1.55534675e-04,-1.71520952e-04,4.99299219e-04,2.19039963e-03,1.35599230e-02,0
0.315853,4.7872,-6.80502648e-08,7.65591305e-09,1.04390806e-05,8.17166664e-06,1.65187169e-07,3.13411238e-07,-1.04377736e-05,-8.16565423e-06,-1.53862085e-04,-1.68813943e-04,5.10809875e-04,1.03339607e-02,1.26825057e-02,0
0.315853,8.5745,-7.68161747e-08,2.57948779e-09,1.87001759e-05,1.47740134e-05,2.92874264e-07,5.53164998e-07,-1.86978823e-05,-1.47636540e-05,-1.50034107e-04,-1.62620812e-04,5.35703817e-04,1.78938692e-02,1.06763290e-02,0
0.315853,12.3617,-8.95740892e-08,-5.15755107e-09,2.69709830e-05,2.16038266e-05,4.15555111e-07,7.79252260e-07,-2.69677815e-05,-2.15897681e-05,-1.44124405e-04,-1.53075108e-04,5.69581011e-04,2.44613399e-02,7.59218961e-03,0
0.315853,16.1489,-1.04979530e-07,-1.52765013e-08,3.52684294e-05,2.87471835e-05,5.30919217e-07,9.86203029e-07,-3.52644330e-05,-2.87302621e-05,-1.36257671e-04,-1.40382071e-04,6.05250381e-04,2.97212152e-02,3.49840940e-03,0
0.315853,19.9362,-1.20892591e-07,-2.74137004e-08,4.36266678e-05,3.62751504e-05,6.36658534e-07,1.16913897e-06,-4.36220221e-05,-3.62563050e-05,-1.26605522e-04,-1.24813429e-04,6.30727134e-04,3.35052589e-02,1.52009346e-03,0
0.315853,23.7234,-1.33765341e-07,-4.11343453e-08,5.21130395e-05,4.42400975e-05,7.30093890e-07,1.32392036e-06,-5.21079250e-05,-4.42202834e-05,-1.15415300e-04,-1.06700565e-04,6.25006156e-04,3.58817023e-02,7.39203621e-03,0
0.315853,27.5106,-1.34867300e-07,-5.59489968e-08,6.08822338e-05,5.26727039e-05,8.07362471e-07,1.44726739e-06,-6.08768804e-05,-5.26528172e-05,-1.03103966e-04,-8.64262154e-05,5.32482946e-04,3.74157346e-02,1.41464470e-02,0
0.315853,31.2979,-1.28002074e-07,-7.13321316e-08,7.01146947e-05,6.15797668e-05,8.67862787e-07,1.53685172e-06,-7.01093234e-05,-6.15605861e-05,-8.97026117e-05,-6.44149865e-05,3.82367289e-04,3.88987676e-02,2.14495380e-02,0
0.315853,35.0851,-1.20240879e-07,-8.67420251e-08,7.98158668e-05,7.09428998e-05,9.12162760e-07,1.59135535e-06,-7.98106544e-05,-7.09250494e-05,-7.52305355e-05,-4.11229305e-05,2.26025745e-04,4.04394138e-02,2.89308452e-02,0
0.315853,38.8723,-1.13337700e-07,-1.01641196e-07,8.98805399e-05,8.07181714e-05,9.39881118e-07,1.61049494e-06,-8.98756256e-05,-8.07021034e-05,-5.99089308e-05,-1.70265038e-05,7.89194454e-05,4.17583895e-02,3.63738485e-02,0
0.315853,42.6596,-1.07687084e-07,-1.15516625e-07,1.00163409e-04,9.08366954e-05,9.50666815e-07,1.59501103e-06,-1.00158897e-04,-9.08226909e-05,-4.40199280e-05,7.38878748e-06,5.28280136e-05,4.25074063e-02,4.36060400e-02,0
0.315853,46.4468,-1.03095443e-07,-1.27898967e-07,1.10500177e-04,1.01206153e-04,9.44321795e-07,1.54662310e-06,-1.10496142e-04,-1.01194335e-04,-2.78771435e-05,3.16397335e-05,1.67356025e-04,4.23584206e-02,5.04835668e-02,0
0.315853,50.2340,-9.90880178e-08,-1.38380020e-07,1.20717834e-04,1.11713187e-04,9.20932217e-07,1.46795224e-06,-1.20714321e-04,-1.11703542e-04,-1.18009741e-05,5.52564458e-05,2.65113671e-04,4.10395577e-02,5.68796265e-02,0
0.315853,54.0213,-9.50416366e-08,-1.46627781e-07,1.30641016e-04,1.22226575e-04,8.80748468e-07,1.36241470e-06,-1.30638047e-04,-1.22218982e-04,3.86896273e-06,7.77927673e-05,3.48065542e-04,3.83496357e-02,6.27038499e-02,0
0.315853,57.8085,-9.02789884e-08,-1.52398507e-07,1.40097283e-04,1.32601068e-04,8.24357372e-07,1.23409057e-06,-1.40094857e-04,-1.32595325e-04,1.88137055e-05,9.88357958e-05,4.19137043e-04,3.41647304e-02,6.78765544e-02,0
0.315853,61.5957,-8.41498630e-08,-1.55545335e-07,1.48920956e-04,1.42681741e-04,7.52631238e-07,1.08757249e-06,-1.48919054e-04,-1.42677596e-04,3.27259444e-05,1.18014286e-04,4.81724390e-04,2.84358341e-02,7.23435086e-02,0
0.315853,65.3830,-8.34474378e-08,-1.56023126e-07,1.57035430e-04,1.52308702e-04,6.65127184e-07,9.27800408e-07,-1.57034021e-04,-1.52305876e-04,4.55016891e-05,1.35005735e-04,4.89687624e-04,2.15425253e-02,7.59193646e-02,0
0.315853,69.1702,-9.01794165e-08,-1.53889362e-07,1.65291575e-04,1.61321980e-04,5.71671940e-07,7.59888194e-07,-1.65290586e-04,-1.61320190e-04,5.59922915e-05,1.49541999e-04,4.29868079e-04,1.80918172e-02,7.93509864e-02,0
0.315853,72.9574,-9.19321133e-08,-1.49301074e-07,1.73191547e-04,1.69566415e-04,4.73652613e-07,5.88948925e-07,-1.73190899e-04,-1.69565392e-04,6.40522346e-05,1.61413346e-04,3.87083758e-04,1.65218928e-02,8.25839055e-02,0
0.315853,76.7447,-9.16120089e-08,-1.42507937e-07,1.80352856e-04,1.76896366e-04,3.69510233e-07,4.19924919e-07,-1.80352478e-04,-1.76895868e-04,6.99209639e-05,1.70470892e-04,3.43408471e-04,1.57532897e-02,8.52887325e-02,0
0.315853,80.5319,-8.97035057e-08,-1.33841802e-07,1.86555977e-04,1.83180081e-04,2.59940191e-07,2.57428781e-07,-1.86555796e-04,-1.83179900e-04,7.36163709e-05,1.76627430e-04,2.97812917e-04,1.53859755e-02,8.73763196e-02,0
0.315853,84.3191,-8.58969747e-08,-1.23703098e-07,1.91644632e-04,1.88303551e-04,1.46175440e-07,1.05601006e-07,-1.91644576e-04,-1.88303521e-04,7.52508180e-05,1.79856693e-04,2.55088046e-04,1.52273023e-02,8.87290790e-02,0
0.315853,88.1064,-8.04510918e-08,-1.12544636e-07,1.95501828e-04,1.92173740e-04,2.97828773e-08,-3.20109422e-08,-1.95501826e-04,-1.92173737e-04,7.48279273e-05,1.80191166e-04,2.16543746e-04,1.51680879e-02,8.93714924e-02,0
0.315853,91.8936,-7.34013344e-08,-1.00853464e-07,1.98048710e-04,1.94721059e-04,-8.74920512e-08,-1.52548071e-07,-1.98048690e-04,-1.94720999e-04,7.24508924e-05,1.77718572e-04,1.85226877e-04,1.51660928e-02,8.92904366e-02,0
0.315853,95.6809,-6.50516719e-08,-8.91314760e-08,1.99240827e-04,1.95901019e-04,-2.03746155e-07,-2.53906856e-07,-1.99240722e-04,-1.95900854e-04,6.82410916e-05,1.72577213e-04,1.62472893e-04,1.52214993e-02,8.85002680e-02,0
0.315853,99.4681,-5.56491150e-08,-7.78755527e-08,1.99068921e-04,1.95695008e-04,-3.17004911e-07,-3.34775954e-07,-1.99068668e-04,-1.95694721e-04,6.23810511e-05,1.64950372e-04,1.49967733e-04,1.53769373e-02,8.70016278e-02,0
0.315853,103.2553,-4.59607888e-08,-6.75580032e-08,1.97564164e-04,1.94110179e-04,-4.25064500e-07,-3.94641980e-07,-1.97563706e-04,-1.94109778e-04,5.50358285e-05,1.55059987e-04,1.45722195e-04,1.57418711e-02,8.48427626e-02,0
0.315853,107.0426,-3.63417400e-08,-5.86080756e-08,1.94800689e-04,1.91178479e-04,-5.25751306e-07,-4.33764932e-07,-1.94799980e-04,-1.91177987e-04,4.65526162e-05,1.43159829e-04,1.50236935e-04,1.65085768e-02,8.19444317e-02,0
0.315853,110.8298,-2.81337349e-08,-5.13952600e-08,1.90920865e-04,1.86954853e-04,-6.16117117e-07,-4.53124989e-07,-1.90919871e-04,-1.86954303e-04,3.72766679e-05,1.29528428e-04,1.56951745e-04,1.80754900e-02,7.82500383e-02,0
0.315853,114.6170,-2.48781653e-08,-4.62150312e-08,1.86234689e-04,1.81514729e-04,-6.90505736e-07,-4.54343512e-07,-1.86233409e-04,-1.81514160e-04,2.79519574e-05,1.14461957e-04,1.43965553e-04,2.15116826e-02,7.33797464e-02,0
0.315853,118.4043,-1.69867614e-08,-4.32775862e-08,1.81184161e-04,1.74950882e-04,-7.50675000e-07,-4.39582028e-07,-1.81182606e-04,-1.74950330e-04,1.84840432e-05,9.82672877e-05,1.77391242e-04,2.84087761e-02,6.76739600e-02,0
0.315853,122.1915,-7.63742708e-09,-4.27000071e-08,1.74865796e-04,1.67369815e-04,-8.04689647e-07,-4.11423813e-07,-1.74863945e-04,-1.67369310e-04,8.07771382e-06,8.12554155e-05,2.36576626e-04,3.41636653e-02,6.20709885e-02,0
0.315853,125.9787,-3.99357158e-09,-4.45021499e-08,1.67308513e-04,1.58887805e-04,-8.48220010e-07,-3.72743255e-07,-1.67306363e-04,-1.58887368e-04,-2.63669075e-06,6.37354039e-05,2.73322236e-04,3.83782026e-02,5.62983181e-02,0
0.315853,129.7660,-6.70251050e-09,-4.86064079e-08,1.58644871e-04,1.49626776e-04,-8.80506064e-07,-3.26568631e-07,-1.58642427e-04,-1.49626420e-04,-1.34411186e-05,4.60089811e-05,2.82736828e-04,4.11008476e-02,5.04269247e-02,0
0.315853,133.5532,-1.62522782e-08,-5.48413483e-08,1.49025325e-04,1.39710176e-04,-9.00982873e-07,-2.75944060e-07,-1.49022602e-04,-1.39709904e-04,-2.41182921e-05,2.83658797e-05,2.60370800e-04,4.24547019e-02,4.45182665e-02,0
0.315853,137.3404,-3.29294625e-08,-6.29490673e-08,1.38614688e-04,1.29259000e-04,-9.09259266e-07,-2.23796359e-07,-1.38611706e-04,-1.29258806e-04,-3.44759010e-05,1.10799778e-05,2.02550321e-04,4.26394630e-02,3.86415311e-02,0
0.315853,141.1277,-5.66987753e-08,-7.25959609e-08,1.27587039e-04,1.18388133e-04,-9.04934803e-07,-1.72812221e-07,-1.27583830e-04,-1.18388007e-04,-4.43227870e-05,-5.59374319e-06,1.07262572e-04,4.19249143e-02,3.28508546e-02,0
0.315853,144.9149,-8.70126698e-08,-8.33864772e-08,1.16119197e-04,1.07203148e-04,-8.87667937e-07,-1.25330641e-07,-1.16115804e-04,-1.07203075e-04,-5.35148759e-05,-2.14214389e-05,2.44668937e-05,4.06357646e-02,2.72223822e-02,0
0.315853,148.7021,-1.22443887e-07,-9.48792979e-08,1.04379915e-04,9.57976731e-05,-8.56889725e-07,-8.32548079e-08,-1.04376398e-04,-9.57976369e-05,-6.19734698e-05,-3.61918896e-05,1.85985675e-04,3.91144080e-02,2.18685218e-02,0
0.315853,152.4894,-1.59727336e-07,-1.06605300e-07,9.25072422e-05,8.42514279e-05,-8.11235183e-07,-4.79867942e-08,-9.25036851e-05,-8.42514142e-05,-6.97637058e-05,-4.97173137e-05,3.58428622e-04,3.76266803e-02,1.70038051e-02,0
0.315853,156.2766,-1.88747729e-07,-1.18086579e-07,8.05306566e-05,7.26289947e-05,-7.45310068e-07,-2.03874265e-08,-8.05272076e-05,-7.26289919e-05,-7.74792997e-05,-6.18336047e-05,4.76769723e-04,3.60125959e-02,1.32710338e-02,0
0.315853,160.0638,-2.02616725e-07,-1.28855784e-07,6.83500029e-05,6.09793575e-05,-6.56077806e-07,-7.62579310e-10,-6.83468541e-05,-6.09793575e-05,-8.53741945e-05,-7.24001108e-05,4.97684837e-04,3.35924365e-02,1.10049124e-02,0
0.315853,163.8511,-2.09973450e-07,-1.38474983e-07,5.58712009e-05,4.93362120e-05,-5.50821890e-07,1.11239538e-08,-5.58684856e-05,-4.93362107e-05,-9.25473419e-05,-8.12990801e-05,4.82419320e-04,2.97838505e-02,9.54103111e-03,0
0.315853,167.6383,-2.13833894e-07,-1.46553314e-07,4.30960321e-05,3.77190167e-05,-4.33222446e-07,1.60120046e-08,-4.30938546e-05,-3.77190133e-05,-9.85785242e-05,-8.84349023e-05,4.53960109e-04,2.45062729e-02,8.60405047e-03,0
0.315853,171.4255,-2.15736232e-07,-1.52762726e-07,3.00675207e-05,2.61347247e-05,-3.06371885e-07,1.50830563e-08,-3.00659598e-05,-2.61347203e-05,-1.03204117e-04,-9.37332698e-05,4.24899127e-04,1.79241022e-02,8.03338761e-03,0
0.315853,175.2128,-2.16568201e-07,-1.56851176e-07,1.68511709e-05,1.45801058e-05,-1.73130228e-07,9.87780862e-09,-1.68502815e-05,-1.45801025e-05,-1.06237718e-04,-9.71403731e-05,4.02926777e-04,1.03506010e-02,7.71657414e-03,0
0.315853,179.0000,-2.16842773e-07,-1.58652762e-07,3.52590809e-06,3.04454729e-06,-3.63057955e-08,2.19719588e-09,-3.52572116e-06,-3.04454650e-06,-1.07571730e-04,-9.86222262e-05,3.92623604e-04,2.19384886e-03,7.59117195e-03,0
0.333021,1.0000,-3.14262637e-07,-3.07247160e-07,2.43013567e-06,1.91733308e-06,2.71063919e-08,8.38532189e-08,-2.42998449e-06,-1.91549857e-06,-1.89752895e-04,-2.05358348e-04,4.73353093e-05,2.33714791e-03,1.32368997e-02,0
0.333021,4.7872,-3.16089782e-07,-3.06367325e-07,1.16202494e-05,9.19973320e-06,1.29572334e-07,3.98672554e-07,-1.16195269e-05,-9.19109086e-06,-1.87664422e-04,-2.02002856e-04,6.56000280e-05,1.10317389e-02,1.21621851e-02,0
0.333021,8.5745,-3.20096517e-07,-3.04323063e-07,2.07588846e-05,1.65634789e-05,2.30010486e-07,7.02781791e-07,-2.07576103e-05,-1.65485628e-05,-1.82869269e-04,-1.94324706e-04,1.06427724e-04,1.91209712e-02,9.71676182e-03,0
0.333021,12.3617,-3.25760992e-07,-3.01085002e-07,2.98095611e-05,2.40684029e-05,3.26725033e-07,9.88089032e-07,-2.98077706e-05,-2.40481121e-05,-1.75467283e-04,-1.82486173e-04,1.66495519e-04,2.61658896e-02,5.95358213e-03,0
0.333021,16.1489,-3.32193736e-07,-2.96610447e-07,3.87432999e-05,3.17668143e-05,4.18213355e-07,1.24713598e-06,-3.87410426e-05,-3.17423242e-05,-1.65595828e-04,-1.66736788e-04,2.40089993e-04,3.17960143e-02,9.67788098e-04,0
0.333021,19.9362,-3.38161578e-07,-2.90847604e-07,4.75431942e-05,3.97005363e-05,5.02666966e-07,1.47334672e-06,-4.75405368e-05,-3.96731878e-05,-1.53463951e-04,-1.47407195e-04,3.19240067e-04,3.57436794e-02,5.13747725e-03,0
0.333021,23.7234,-3.41803755e-07,-2.83741032e-07,5.62107768e-05,4.78983208e-05,5.78397672e-07,1.66124422e-06,-5.62078010e-05,-4.78695039e-05,-1.39324735e-04,-1.24901076e-04,3.91764757e-04,3.78848303e-02,1.22344755e-02,0
0.333021,27.5106,-3.40316142e-07,-2.75238029e-07,6.47787625e-05,5.63737399e-05,6.43327698e-07,1.80662656e-06,-6.47755680e-05,-5.63447837e-05,-1.23512701e-04,-9.96853329e-05,4.39099474e-04,3.83067117e-02,2.02109149e-02,0
0.333021,31.2979,-3.26722145e-07,-2.65295658e-07,7.33534981e-05,6.51236323e-05,6.94098510e-07,1.90669676e-06,-7.33502142e-05,-6.50957141e-05,-1.06582669e-04,-7.22788456e-05,4.14460978e-04,3.75084176e-02,2.90972825e-02,0
0.333021,35.0851,-3.01412077e-07,-2.53888023e-07,8.20995521e-05,7.41271670e-05,7.29687694e-07,1.96014138e-06,-8.20963094e-05,-7.41012465e-05,-8.87497590e-05,-4.32400977e-05,3.20657528e-04,3.63349238e-02,3.86023283e-02,0
0.333021,38.8723,-2.71843884e-07,-2.41013453e-07,9.10503621e-05,8.33455613e-05,7.51318750e-07,1.96715557e-06,-9.10472623e-05,-8.33223433e-05,-7.00331193e-05,-1.31540301e-05,2.08021178e-04,3.51153823e-02,4.82461352e-02,0
0.333021,42.6596,-2.40289808e-07,-2.26701172e-07,1.00126819e-04,9.27224654e-05,7.59092482e-07,1.92941367e-06,-1.00123941e-04,-9.27023891e-05,-5.07031606e-05,1.73815182e-05,9.16861681e-05,3.37460646e-02,5.77509709e-02,0
0.333021,46.4468,-2.07737822e-07,-2.11017116e-07,1.09209830e-04,1.02185001e-04,7.52979547e-07,1.84998704e-06,-1.09207234e-04,-1.02168254e-04,-3.11104930e-05,4.77694116e-05,2.21262759e-05,3.20163400e-02,6.69077265e-02,0
0.333021,50.2340,-1.74717103e-07,-1.94068529e-07,1.18162473e-04,1.11645419e-04,7.33004958e-07,1.73321242e-06,-1.18160200e-04,-1.11631965e-04,-1.16525720e-05,7.74264991e-05,1.30569257e-04,2.97021103e-02,7.55588911e-02,0
0.333021,54.0213,-1.41306215e-07,-1.76007058e-07,1.26840765e-04,1.21003305e-04,6.99517975e-07,1.58451614e-06,-1.26838836e-04,-1.20992930e-04,7.30909958e-06,1.05796230e-04,2.34135887e-04,2.66047940e-02,8.35390205e-02,0
0.333021,57.8085,-1.07646937e-07,-1.57030089e-07,1.35100125e-04,1.30148264e-04,6.52866489e-07,1.41020116e-06,-1.35098548e-04,-1.30140624e-04,2.53646001e-05,1.32360285e-04,3.33201365e-04,2.25685898e-02,9.07561700e-02,0
0.333021,61.5957,-8.40709811e-08,-1.37380164e-07,1.42971885e-04,1.38962978e-04,5.91442831e-07,1.21720513e-06,-1.42970662e-04,-1.38957647e-04,4.24870720e-05,1.56648949e-04,3.59691345e-04,1.82709873e-02,9.68346968e-02,0
0.333021,65.3830,-6.53981660e-08,-1.17342376e-07,1.51200197e-04,1.47326519e-04,5.26224487e-07,1.01283884e-06,-1.51199282e-04,-1.47323037e-04,5.70296991e-05,1.78249979e-04,3.50481509e-04,1.76546697e-02,1.02821795e-01,0
0.333021,69.1702,-4.62129295e-08,-9.72397400e-08,1.59191094e-04,1.55117806e-04,4.55736029e-07,8.04515175e-07,-1.59190442e-04,-1.55115720e-04,6.90490086e-05,1.96815799e-04,3.44291568e-04,1.85644069e-02,1.08374693e-01,0
0.333021,72.9574,-2.80663229e-08,-7.74266069e-08,1.66613046e-04,1.62219080e-04,3.78688710e-07,5.99478683e-07,-1.66612616e-04,-1.62217972e-04,7.87005031e-05,2.12068877e-04,3.33047067e-04,2.00259308e-02,1.13126084e-01,0
0.333021,76.7447,-1.14128931e-08,-5.82802884e-08,1.73254272e-04,1.68519255e-04,2.95242480e-07,4.04546161e-07,-1.73254021e-04,-1.68518770e-04,8.59178502e-05,2.23805238e-04,3.16226879e-04,2.15803013e-02,1.16959214e-01,0
0.333021,80.5319,3.63335772e-09,-4.01911296e-08,1.78951877e-04,1.73917061e-04,2.06181851e-07,2.25867830e-07,-1.78951758e-04,-1.73916914e-04,9.07039967e-05,2.31896075e-04,2.95695563e-04,2.29466655e-02,1.19762327e-01,0
0.333021,84.3191,1.71670318e-08,-2.35513446e-08,1.83577176e-04,1.78323826e-04,1.12541550e-07,6.87179922e-08,-1.83577141e-04,-1.78323813e-04,9.30002153e-05,2.36287526e-04,2.74737800e-04,2.39426537e-02,1.21539551e-01,0
0.333021,88.1064,2.90130326e-08,-8.74298913e-09,1.87034422e-04,1.81665845e-04,1.55841954e-08,-6.26772186e-08,-1.87034421e-04,-1.81665834e-04,9.28820682e-05,2.36998705e-04,2.54749999e-04,2.44678129e-02,1.22243004e-01,0
0.333021,91.8936,3.91029251e-08,3.87450696e-09,1.89254885e-04,1.83886224e-04,-8.33460448e-08,-1.65268863e-07,-1.89254867e-04,-1.83886150e-04,9.03559478e-05,2.34118135e-04,2.37695580e-04,2.44681958e-02,1.21942352e-01,0
0.333021,95.6809,4.71795489e-08,1.39767924e-08,1.90199754e-04,1.84946165e-04,-1.82678612e-07,-2.37266589e-07,-1.90199666e-04,-1.84946013e-04,8.55996217e-05,2.27798768e-04,2.24027898e-04,2.39437445e-02,1.20616546e-01,0
0.333021,99.4681,5.30755969e-08,2.12865642e-08,1.89861093e-04,1.84825642e-04,-2.80849096e-07,-2.78169876e-07,-1.89860885e-04,-1.84825433e-04,7.87136872e-05,2.18251820e-04,2.14489125e-04,2.29495602e-02,1.18359414e-01,0
0.333021,103.2553,5.64365786e-08,2.55845868e-08,1.88259754e-04,1.83523467e-04,-3.76129787e-07,-2.88748583e-07,-1.88259379e-04,-1.83523240e-04,6.99629883e-05,2.05739647e-04,2.08166658e-04,2.15860937e-02,1.15168846e-01,0
0.333021,107.0426,5.70963726e-08,2.67193189e-08,1.85452993e-04,1.81056749e-04,-4.66798083e-07,-2.70974243e-07,-1.85452406e-04,-1.81056546e-04,5.95721695e-05,1.90567935e-04,2.04962124e-04,2.00363114e-02,1.11113583e-01,0
0.333021,110.8298,5.46296318e-08,2.46147397e-08,1.81536650e-04,1.77459789e-04,-5.50888660e-07,-2.27905447e-07,-1.81535814e-04,-1.77459642e-04,4.79156389e-05,1.73077456e-04,2.02518522e-04,1.85806914e-02,1.06165096e-01,0
0.333021,114.6170,4.82895283e-08,1.92760290e-08,1.76660982e-04,1.72782456e-04,-6.25977672e-07,-1.63532450e-07,-1.76659873e-04,-1.72782378e-04,3.53932536e-05,1.53635651e-04,1.95761856e-04,1.76767639e-02,1.00295887e-01,0
0.333021,118.4043,3.63895319e-08,1.07928189e-08,1.71101726e-04,1.67088130e-04,-6.87786991e-07,-8.25876899e-08,-1.71100343e-04,-1.67088110e-04,2.27523135e-05,1.32628269e-04,1.72707884e-04,1.82923538e-02,9.31992811e-02,0
0.333021,122.1915,2.32661702e-08,-6.60178204e-10,1.65408512e-04,1.60451297e-04,-7.34013293e-07,9.66982254e-09,-1.65406884e-04,-1.60451297e-04,1.04879534e-05,1.10451304e-04,1.61437486e-04,2.25929940e-02,8.47911840e-02,0
0.333021,125.9787,1.25961603e-08,-1.48252712e-08,1.58804651e-04,1.52954891e-04,-7.76681700e-07,1.07687293e-07,-1.58802752e-04,-1.52954854e-04,-2.88249725e-06,8.75033951e-05,1.85019749e-04,2.66608529e-02,7.66673666e-02,0
0.333021,129.7660,-4.50120845e-09,-3.13666313e-08,1.51224316e-04,1.44687511e-04,-8.10132329e-07,2.05858567e-07,-1.51222146e-04,-1.44687364e-04,-1.63953934e-05,6.41788725e-05,1.81268209e-04,2.97921301e-02,6.83449223e-02,0
0.333021,133.5532,-2.80317896e-08,-4.98777823e-08,1.42792786e-04,1.35740600e-04,-8.33617931e-07,2.98762414e-07,-1.42790353e-04,-1.35740271e-04,-2.98316262e-05,4.08615469e-05,1.47400768e-04,3.21410294e-02,5.99635550e-02,0
0.333021,137.3404,-5.75245214e-08,-6.98915538e-08,1.33644742e-04,1.26205727e-04,-8.46534540e-07,3.81389067e-07,-1.33642061e-04,-1.26205150e-04,-4.29462621e-05,1.79193368e-05,8.34436827e-05,3.39040375e-02,5.16275834e-02,0
0.333021,141.1277,-9.21986535e-08,-9.08922197e-08,1.23917740e-04,1.16172053e-04,-8.48029656e-07,4.49345946e-07,-1.23914838e-04,-1.16171184e-04,-5.55789075e-05,-4.30023216e-06,8.81485860e-06,3.53017255e-02,4.34957370e-02,0
0.333021,144.9149,-1.30413392e-07,-1.12329460e-07,1.13741187e-04,1.05724091e-04,-8.36979853e-07,4.99034405e-07,-1.13738107e-04,-1.05722913e-04,-6.76431771e-05,-2.54736532e-05,1.22017135e-04,3.65386960e-02,3.57691479e-02,0
0.333021,148.7021,-1.68781324e-07,-1.33633717e-07,1.03212735e-04,9.49398366e-05,-8.11235699e-07,5.27790565e-07,-1.03209547e-04,-9.49383695e-05,-7.92347706e-05,-4.53042233e-05,2.37150326e-04,3.77045439e-02,2.87806608e-02,0
0.333021,152.4894,-1.97631607e-07,-1.54232452e-07,9.23218139e-05,8.38893359e-05,-7.63809462e-07,5.33984785e-07,-9.23186542e-05,-8.38876364e-05,-9.11540570e-05,-6.35240529e-05,2.92825729e-04,3.84318424e-02,2.34363970e-02,0
0.333021,156.2766,-2.14416292e-07,-1.73566794e-07,8.09667589e-05,7.26337372e-05,-6.93939235e-07,5.17076037e-07,-8.09637851e-05,-7.26318967e-05,-1.03295602e-04,-7.98953896e-05,2.75622512e-04,3.79785602e-02,1.98485914e-02,0
0.333021,160.0638,-2.25559560e-07,-1.91108005e-07,6.90840337e-05,6.12248492e-05,-6.07990341e-07,4.77619299e-07,-6.90813582e-05,-6.12229862e-05,-1.14627165e-04,-9.42113664e-05,2.32453876e-04,3.58190011e-02,1.73171437e-02,0
0.333021,163.8511,-2.33145107e-07,-2.06373252e-07,5.66950972e-05,4.97052084e-05,-5.08963617e-07,4.17225997e-07,-5.66928126e-05,-4.97034573e-05,-1.24606747e-04,-1.06296296e-04,1.80636879e-04,3.18571011e-02,1.55313403e-02,0
0.333021,167.6383,-2.38249314e-07,-2.18940125e-07,4.38602840e-05,3.81086390e-05,-3.99609431e-07,3.38479456e-07,-4.38584636e-05,-3.81071358e-05,-1.32866359e-04,-1.16005634e-04,1.30284274e-04,2.62136842e-02,1.43016498e-02,0
0.333021,171.4255,-2.41580041e-07,-2.28459439e-07,3.06641338e-05,2.64612621e-05,-2.82242061e-07,2.44809116e-07,-3.06628348e-05,-2.64601296e-05,-1.39147535e-04,-1.23225742e-04,8.85282252e-05,1.91549984e-02,1.35052265e-02,0
0.333021,175.2128,-2.43522161e-07,-2.34665863e-07,1.72076685e-05,1.47828976e-05,-1.59436211e-07,1.40328972e-07,-1.72069299e-05,-1.47822316e-05,-1.43247356e-04,-1.27873551e-04,5.97558165e-05,1.10511301e-02,1.30404104e-02,0
0.333021,179.0000,-2.44332358e-07,-2.37386043e-07,3.60248006e-06,3.08878312e-06,-3.35369618e-08,2.96471467e-08,-3.60232395e-06,-3.08864084e-06,-1.45054514e-04,-1.29896235e-04,4.68686440e-05,2.34122397e-03,1.28575970e-02,0
0.350189,1.0000,-5.38153619e-07,-5.71772330e-07,2.59286284e-06,2.09449593e-06,2.04812479e-08,1.06958800e-07,-2.59278194e-06,-2.09176314e-06,-2.10161072e-04,-2.23974273e-04,2.26834458e-04,2.27135584e-03,1.17166704e-02,0
0.350189,4.7872,-5.37948595e-07,-5.68420768e-07,1.23904128e-05,1.00370896e-05,9.85209291e-08,5.08345787e-07,-1.23900211e-05,-1.00242083e-05,-2.07797769e-04,-2.20162404e-04,2.05603914e-04,1.07255004e-02,1.04879638e-02,0
0.350189,8.5745,-5.37327341e-07,-5.60719157e-07,2.21017654e-05,1.80191911e-05,1.75054497e-07,8.95376503e-07,-2.21010722e-05,-1.79969317e-05,-2.02382352e-04,-2.11438331e-04,1.57830848e-04,1.86067311e-02,7.68148703e-03,0
0.350189,12.3617,-5.35931250e-07,-5.48754184e-07,3.16626794e-05,2.60692010e-05,2.49103493e-07,1.25722793e-06,-3.16616995e-05,-2.60388675e-05,-1.94013354e-04,-1.97982653e-04,8.65197717e-05,2.54928243e-02,3.36684912e-03,0
0.350189,16.1489,-5.33195107e-07,-5.32661452e-07,4.10158221e-05,3.42107654e-05,3.19474950e-07,1.58396525e-06,-4.10145779e-05,-3.41740768e-05,-1.82853697e-04,-1.80073237e-04,3.60070865e-06,3.10147108e-02,2.35844996e-03,0
0.350189,19.9362,-5.28341546e-07,-5.12625124e-07,5.01143639e-05,4.24608950e-05,3.84961718e-07,1.86688953e-06,-5.01128853e-05,-4.24198341e-05,-1.69118852e-04,-1.58078612e-04,1.06042914e-04,3.48814323e-02,9.36458196e-03,0
0.350189,23.7234,-5.20223755e-07,-4.88877329e-07,5.89263191e-05,5.08283157e-05,4.44394682e-07,2.09883892e-06,-5.89246434e-05,-5.07849639e-05,-1.53078885e-04,-1.32449245e-04,2.11502734e-04,3.69074413e-02,1.74985295e-02,0
0.350189,27.5106,-5.07325520e-07,-4.61697260e-07,6.74410452e-05,5.93121117e-05,4.96235208e-07,2.27443216e-06,-6.74392195e-05,-5.92684871e-05,-1.35087884e-04,-1.03706935e-04,3.07866103e-04,3.70484081e-02,2.66180334e-02,0
0.350189,31.2979,-4.86992505e-07,-4.31409835e-07,7.56815224e-05,6.79007118e-05,5.39057841e-07,2.39024534e-06,-7.56796026e-05,-6.78586280e-05,-1.15545987e-04,-7.24326455e-05,3.75031173e-04,3.54618043e-02,3.65697155e-02,0
0.350189,35.0851,-4.53032582e-07,-3.98383841e-07,8.37450644e-05,7.65712610e-05,5.69329803e-07,2.44491549e-06,-8.37431291e-05,-7.65322181e-05,-9.51661232e-05,-3.92530707e-05,3.68729700e-04,3.26953098e-02,4.74267210e-02,0
0.350189,38.8723,-4.06650127e-07,-3.63029438e-07,9.17838772e-05,8.52894041e-05,5.86693742e-07,2.43916723e-06,-9.17820021e-05,-8.52545184e-05,-7.41853927e-05,-4.82633370e-06,2.94320482e-04,2.95991956e-02,5.88319290e-02,0
0.350189,42.6596,-3.54680376e-07,-3.25794923e-07,9.98316597e-05,9.40094920e-05,5.92478451e-07,2.37576194e-06,-9.98299016e-05,-9.39794677e-05,-5.26722730e-05,3.01728223e-05,1.94897894e-04,2.65350979e-02,7.02710913e-02,0
0.350189,46.4468,-2.99555815e-07,-2.87162671e-07,1.07825360e-04,1.02675208e-04,5.86998738e-07,2.25937162e-06,-1.07823763e-04,-1.02650347e-04,-3.09449702e-05,6.50679512e-05,8.36198691e-05,2.34723209e-02,8.14403405e-02,0
0.350189,50.2340,-2.42726111e-07,-2.47644191e-07,1.15667567e-04,1.11220595e-04,5.70375838e-07,2.09638253e-06,-1.15666161e-04,-1.11200837e-04,-9.40914600e-06,9.91955474e-05,3.31836046e-05,2.02675088e-02,9.21209675e-02,0
0.350189,54.0213,-1.85111002e-07,-2.07774256e-07,1.23246001e-04,1.19571443e-04,5.42854165e-07,1.89463656e-06,-1.23244806e-04,-1.19556432e-04,1.15244600e-05,1.31919046e-04,1.52915054e-04,1.67471582e-02,1.02121422e-01,0
0.350189,57.8085,-1.36481641e-07,-1.68104107e-07,1.30578934e-04,1.27646992e-04,5.01985695e-07,1.66312039e-06,-1.30577969e-04,-1.27636158e-04,3.18954557e-05,1.62641843e-04,2.13365251e-04,1.33626110e-02,1.10902055e-01,0
0.350189,61.5957,-9.46467160e-08,-1.29193758e-07,1.38418793e-04,1.35361895e-04,4.57851004e-07,1.41161469e-06,-1.38418036e-04,-1.35354534e-04,4.98846417e-05,1.90819025e-04,2.33098152e-04,1.39321112e-02,1.19543745e-01,0
0.350189,65.3830,-5.36104402e-08,-9.16034970e-08,1.46209086e-04,1.42628350e-04,4.09598143e-07,1.15031689e-06,-1.46208513e-04,-1.42623712e-04,6.53790751e-05,2.15967560e-04,2.56349338e-04,1.63195540e-02,1.27732573e-01,0
0.350189,69.1702,-1.54223953e-08,-5.58846721e-08,1.53618130e-04,1.49358355e-04,3.55229726e-07,8.89452228e-07,-1.53617719e-04,-1.49355707e-04,7.85172121e-05,2.37674735e-04,2.73009828e-04,1.94143374e-02,1.35001026e-01,0
0.350189,72.9574,1.94228011e-08,-2.25699395e-08,1.60433718e-04,1.55465976e-04,2.94491741e-07,6.38887920e-07,-1.60433448e-04,-1.55464664e-04,8.91935617e-05,2.55604694e-04,2.83336277e-04,2.26409674e-02,1.41153702e-01,0
0.350189,76.7447,5.04442453e-08,7.83684206e-09,1.66490205e-04,1.60869571e-04,2.27701664e-07,4.07765440e-07,-1.66490049e-04,-1.60869054e-04,9.73239766e-05,2.69502994e-04,2.87483571e-04,2.56165894e-02,1.46046153e-01,0
0.350189,80.5319,7.75059521e-08,3.48708408e-08,1.71651870e-04,1.65493880e-04,1.55394109e-07,2.04164748e-07,-1.71651800e-04,-1.65493754e-04,1.02802953e-04,2.79199130e-04,2.87670524e-04,2.80656414e-02,1.49623244e-01,0
0.350189,84.3191,1.00332593e-07,5.81163516e-08,1.75810450e-04,1.69271920e-04,7.83668775e-08,3.48133060e-08,-1.75810432e-04,-1.69271916e-04,1.05590192e-04,2.84607087e-04,2.84844295e-04,2.97999884e-02,1.51846196e-01,0
0.350189,88.1064,1.18767814e-07,7.72164908e-08,1.78882119e-04,1.72146612e-04,-2.40571043e-09,-9.51492531e-08,-1.78882119e-04,-1.72146586e-04,1.05681054e-04,2.85723969e-04,2.80357917e-04,3.06977317e-02,1.52716489e-01,0
0.350189,91.8936,1.32586905e-07,9.18822033e-08,1.80808046e-04,1.74072101e-04,-8.58395695e-08,-1.82342081e-07,-1.80808026e-04,-1.74072006e-04,1.03124694e-04,2.82626873e-04,2.74645534e-04,3.06997279e-02,1.52257825e-01,0
0.350189,95.6809,1.41734758e-07,1.01900292e-07,1.81554640e-04,1.75014720e-04,-1.70759488e-07,-2.25243554e-07,-1.81554559e-04,-1.75014575e-04,9.80246757e-05,2.75468157e-04,2.68773824e-04,2.98063235e-02,1.50511591e-01,0
0.350189,99.4681,1.46010273e-07,1.07140194e-07,1.81114144e-04,1.74953578e-04,-2.55879595e-07,-2.24217828e-07,-1.81113963e-04,-1.74953434e-04,9.05318730e-05,2.64469337e-04,2.62266845e-04,2.80773799e-02,1.47537707e-01,0
0.350189,103.2553,1.45313142e-07,1.07559246e-07,1.79505527e-04,1.73880768e-04,-3.39821635e-07,-1.81467044e-07,-1.79505206e-04,-1.73880673e-04,8.08548012e-05,2.49913837e-04,2.54735655e-04,2.56353904e-02,1.43399714e-01,0
0.350189,107.0426,1.39509749e-07,1.03206208e-07,1.76775014e-04,1.71801182e-04,-4.21118829e-07,-1.00911629e-07,-1.76774512e-04,-1.71801152e-04,6.92693675e-05,2.32138861e-04,2.44949725e-04,2.26687244e-02,1.38149604e-01,0
0.350189,110.8298,1.28595406e-07,9.42228491e-08,1.73000310e-04,1.68731974e-04,-4.98298434e-07,1.19960352e-08,-1.72999592e-04,-1.68731974e-04,5.60646813e-05,2.11526645e-04,2.31920854e-04,1.94533564e-02,1.31866368e-01,0
0.350189,114.6170,1.12366441e-07,8.08434655e-08,1.68293767e-04,1.64701685e-04,-5.69494327e-07,1.50516762e-07,-1.68292804e-04,-1.64701616e-04,4.16589237e-05,1.88495352e-04,2.12693966e-04,1.63712660e-02,1.24549994e-01,0
0.350189,118.4043,9.06850388e-08,6.33922259e-08,1.62820140e-04,1.59749084e-04,-6.32519703e-07,3.06918373e-07,-1.62818911e-04,-1.59748789e-04,2.65198729e-05,1.63489870e-04,1.84151925e-04,1.39966352e-02,1.16181063e-01,0
0.350189,122.1915,6.23363523e-08,4.22783245e-08,1.56869070e-04,1.53921780e-04,-6.83027348e-07,4.72806216e-07,-1.56867583e-04,-1.53921054e-04,1.15161732e-05,1.36972736e-04,1.35336891e-04,1.34325631e-02,1.06415106e-01,0
0.350189,125.9787,3.29394889e-08,1.79889726e-08,1.50966870e-04,1.47274652e-04,-7.19960624e-07,6.39476994e-07,-1.50965153e-04,-1.47273264e-04,-2.99851722e-06,1.09415401e-04,1.00875141e-04,1.68276415e-02,9.53520384e-02,0
0.350189,129.7660,4.50101319e-09,-8.91967319e-09,1.44340473e-04,1.39868190e-04,-7.54215337e-07,7.98281676e-07,-1.44338502e-04,-1.39865912e-04,-1.85647722e-05,8.12900130e-05,9.05529684e-05,2.03828641e-02,8.46990966e-02,0
0.350189,133.5532,-2.98760654e-08,-3.78334829e-08,1.36949729e-04,1.31766785e-04,-7.79898383e-07,9.40982949e-07,-1.36947508e-04,-1.31763425e-04,-3.41196921e-05,5.30618563e-05,5.36908292e-05,2.36217748e-02,7.39493694e-02,0
0.350189,137.3404,-6.91974598e-08,-6.80930008e-08,1.28898610e-04,1.23037055e-04,-7.95978747e-07,1.06009297e-06,-1.28896152e-04,-1.23032488e-04,-4.94626427e-05,2.51825521e-05,7.45208138e-06,2.67146089e-02,6.33157495e-02,0
0.350189,141.1277,-1.11845987e-07,-9.90074889e-08,1.20284610e-04,1.13746275e-04,-8.00973926e-07,1.14917803e-06,-1.20281944e-04,-1.13740470e-04,-6.44986927e-05,-1.91591349e-06,8.66247898e-05,2.97991009e-02,5.30841347e-02,0
0.350189,144.9149,-1.54734687e-07,-1.29870038e-07,1.11178259e-04,1.03960948e-04,-7.92457995e-07,1.20311797e-06,-1.11175434e-04,-1.03953986e-04,-7.93148897e-05,-2.78263056e-05,1.67768453e-04,3.28936006e-02,4.36737864e-02,0
0.350189,148.7021,-1.89818701e-07,-1.59973377e-07,1.01556817e-04,9.37455842e-05,-7.63331982e-07,1.21831043e-06,-1.01553948e-04,-9.37376674e-05,-9.47603326e-05,-5.21704094e-05,2.01374400e-04,3.56004565e-02,3.61257401e-02,0
0.350189,152.4894,-2.13856868e-07,-1.88625978e-07,9.13154622e-05,8.31617317e-05,-7.11834312e-07,1.19281156e-06,-9.13126877e-05,-8.31531769e-05,-1.10765578e-04,-7.46024878e-05,1.70239578e-04,3.71614232e-02,3.06743543e-02,0
0.350189,156.2766,-2.32449707e-07,-2.15168054e-07,8.03869905e-05,7.22672656e-05,-6.43866884e-07,1.12640827e-06,-8.03844119e-05,-7.22584866e-05,-1.26125406e-04,-9.48119935e-05,1.16603948e-04,3.70064392e-02,2.65607478e-02,0
0.350189,160.0638,-2.47069536e-07,-2.38987004e-07,6.87886928e-05,6.11159725e-05,-5.62570845e-07,1.02061895e-06,-6.87863923e-05,-6.11074499e-05,-1.40154175e-04,-1.12525617e-04,5.45350121e-05,3.49691723e-02,2.34351702e-02,0
0.350189,163.8511,-2.58560401e-07,-2.59531920e-07,5.65791117e-05,4.97574216e-05,-4.70075938e-07,8.78623223e-07,-5.65771589e-05,-4.97496635e-05,-1.52393956e-04,-1.27508772e-04,6.55509905e-06,3.10905190e-02,2.11081781e-02,0
0.350189,167.6383,-2.67324452e-07,-2.76326740e-07,4.38441296e-05,3.82371140e-05,-3.68594801e-07,7.05123550e-07,-4.38425802e-05,-3.82306119e-05,-1.62471859e-04,-1.39566614e-04,6.07408506e-05,2.55545217e-02,1.94287492e-02,0
0.350189,171.4255,-2.73609923e-07,-2.88981699e-07,3.06893272e-05,2.65968890e-05,-2.60183448e-07,5.06144680e-07,-3.06882242e-05,-2.65920725e-05,-1.70094521e-04,-1.48544707e-04,1.03717490e-04,1.86516869e-02,1.82790418e-02,0
0.350189,175.2128,-2.77572826e-07,-2.97202749e-07,1.72345702e-05,1.48755530e-05,-1.46895453e-07,2.88779099e-07,-1.72339442e-05,-1.48727497e-05,-1.75061921e-04,-1.54329421e-04,1.32448353e-04,1.07514515e-02,1.75857774e-02,0
0.350189,179.0000,-2.79278178e-07,-3.00798707e-07,3.60925541e-06,3.10968818e-06,-3.10026693e-08,6.08889592e-08,-3.60912225e-06,-3.10909201e-06,-1.77238496e-04,-1.56848158e-04,1.45204780e-04,2.27682643e-03,1.72955478e-02,0
0.367357,1.0000,-7.35587081e-07,-7.93672765e-07,2.69878917e-06,2.23856781e-06,1.48615960e-08,1.33554393e-07,-2.69874825e-06,-2.23458029e-06,-2.19285954e-04,-2.30593698e-04,3.91919682e-04,2.09750379e-03,9.59148534e-03,0
0.367357,4.7872,-7.33580700e-07,-7.88364626e-07,1.28914087e-05,1.07176138e-05,7.13920186e-08,6.34604187e-07,-1.28912110e-05,-1.06988094e-05,-2.16773371e-04,-2.26476208e-04,3.69641835e-04,9.90728256e-03,8.23016614e-03,0
0.367357,8.5745,-7.28762357e-07,-7.76182251e-07,2.29739851e-05,1.92004802e-05,1.26980307e-07,1.11717581e-06,-2.29736342e-05,-1.91679514e-05,-2.11012702e-04,-2.17050891e-04,3.19954733e-04,1.71981171e-02,5.12172867e-03,0
0.367357,12.3617,-7.20995404e-07,-7.57298373e-07,3.28632522e-05,2.76887598e-05,1.81022639e-07,1.56735680e-06,-3.28627536e-05,-2.76443631e-05,-2.02111262e-04,-2.02508706e-04,2.44945859e-04,2.35832544e-02,3.37120599e-04,0
0.367357,16.1489,-7.09905013e-07,-7.31980964e-07,4.24827946e-05,3.61816586e-05,2.32717700e-07,1.97240752e-06,-4.24821572e-05,-3.61278567e-05,-1.90236756e-04,-1.83143655e-04,1.48952359e-04,2.87180430e-02,6.01652961e-03,0
0.367357,19.9362,-6.94964468e-07,-7.00589699e-07,5.17659518e-05,4.46750400e-05,2.81429543e-07,2.32121938e-06,-5.17651868e-05,-4.46146965e-05,-1.75604210e-04,-1.59346043e-04,3.79549461e-05,3.23175232e-02,1.37905468e-02,0
0.367357,23.7234,-6.75530668e-07,-6.63571172e-07,6.06596991e-05,5.31605747e-05,3.26178354e-07,2.60471099e-06,-6.06588221e-05,-5.30967248e-05,-1.58507698e-04,-1.31593560e-04,8.06939247e-05,3.41779921e-02,2.28291829e-02,0
0.367357,27.5106,-6.50570003e-07,-6.21452902e-07,6.91290912e-05,6.16250249e-05,3.66194452e-07,2.81614698e-06,-6.91281213e-05,-6.15606450e-05,-1.39273422e-04,-1.00440440e-04,1.96460889e-04,3.42005153e-02,3.29390171e-02,0
0.367357,31.2979,-6.18859344e-07,-5.74836165e-07,7.71639711e-05,7.00496923e-05,4.00027473e-07,2.95136772e-06,-7.71629342e-05,-6.99874905e-05,-1.18336072e-04,-6.65049687e-05,2.97036189e-04,3.24240203e-02,4.39643190e-02,0
0.367357,35.0851,-5.77926554e-07,-5.24387718e-07,8.47929337e-05,7.84100507e-05,4.26118020e-07,3.00892114e-06,-8.47918630e-05,-7.83522970e-05,-9.62172542e-05,-3.04556817e-05,3.61240879e-04,2.90906128e-02,5.57804593e-02,0
0.367357,38.8723,-5.21609749e-07,-4.70830474e-07,9.21273960e-05,8.66755829e-05,4.41368932e-07,2.99009196e-06,-9.21263388e-05,-8.66239922e-05,-7.36963870e-05,7.00339276e-06,3.42621375e-04,2.48471709e-02,6.84513860e-02,0
0.367357,42.6596,-4.54019138e-07,-4.14933225e-07,9.93081500e-05,9.48098324e-05,4.46161778e-07,2.89882742e-06,-9.93071477e-05,-9.47655059e-05,-5.09416179e-05,4.51480701e-05,2.63723132e-04,2.05015218e-02,8.15054557e-02,0
0.367357,46.4468,-3.80839484e-07,-3.57499512e-07,1.06357645e-04,1.02770674e-04,4.41711221e-07,2.74156278e-06,-1.06356727e-04,-1.02734100e-04,-2.80922295e-05,8.32495319e-05,1.57481045e-04,1.63479701e-02,9.44426107e-02,0
0.367357,50.2340,-3.04598803e-07,-2.99355767e-07,1.13223906e-04,1.10510799e-04,4.28323553e-07,2.52695349e-06,-1.13223096e-04,-1.10481904e-04,-5.51958281e-06,1.20589654e-04,3.53761680e-05,1.23652510e-02,1.06968718e-01,0
0.367357,54.0213,-2.31653394e-07,-2.41338871e-07,1.19874541e-04,1.17978402e-04,4.04206653e-07,2.26552478e-06,-1.19873860e-04,-1.17956647e-04,1.67467635e-05,1.56475766e-04,6.53505110e-05,8.64184263e-03,1.18521313e-01,0
0.367357,57.8085,-1.70519172e-07,-1.84283283e-07,1.27077870e-04,1.25118049e-04,3.74663543e-07,1.96925230e-06,-1.27077317e-04,-1.25102551e-04,3.75001633e-05,1.90254502e-04,9.28701491e-05,8.93207356e-03,1.29569699e-01,0
0.367357,61.5957,-1.08682742e-07,-1.29007929e-07,1.34458671e-04,1.31871701e-04,3.43837904e-07,1.65109040e-06,-1.34458231e-04,-1.31861365e-04,5.56933759e-05,2.21324428e-04,1.37139483e-04,1.17903659e-02,1.40492020e-01,0
0.367357,65.3830,-5.00082666e-08,-7.63030327e-08,1.41640171e-04,1.38179851e-04,3.08065851e-07,1.32446634e-06,-1.41639836e-04,-1.38173504e-04,7.17001933e-05,2.49147172e-04,1.77417835e-04,1.57707433e-02,1.50514557e-01,0
0.367357,69.1702,4.23995378e-09,-2.69171172e-08,1.48408384e-04,1.43982749e-04,2.66507653e-07,1.00276019e-06,-1.48408145e-04,-1.43979257e-04,8.53879827e-05,2.73256847e-04,2.10225110e-04,2.01702631e-02,1.59354638e-01,0
0.367357,72.9574,5.36253686e-08,1.84556154e-08,1.54596367e-04,1.49221661e-04,2.19107932e-07,6.98790520e-07,-1.54596212e-04,-1.49220025e-04,9.65849712e-05,2.93267598e-04,2.37299752e-04,2.44957483e-02,1.66830671e-01,0
0.367357,76.7447,9.75777063e-08,5.91872887e-08,1.60066042e-04,1.53840130e-04,1.66050829e-07,4.24325815e-07,-1.60065956e-04,-1.53839545e-04,1.05210671e-04,3.08879149e-04,2.59030438e-04,2.83752044e-02,1.72756229e-01,0
0.367357,80.5319,1.35462306e-07,9.47275087e-08,1.64702197e-04,1.57785187e-04,1.07691536e-07,1.89640473e-07,-1.64702162e-04,-1.57785073e-04,1.11060850e-04,3.19880327e-04,2.74848599e-04,3.15249466e-02,1.77125424e-01,0
0.367357,84.3191,1.67180193e-07,1.24613443e-07,1.68410410e-04,1.61008488e-04,4.46041596e-08,3.13236232e-09,-1.68410404e-04,-1.61008488e-04,1.14137624e-04,3.26150539e-04,2.87209274e-04,3.37349833e-02,1.79834169e-01,0
0.367357,88.1064,1.92275345e-07,1.48478594e-07,1.71120443e-04,1.63467320e-04,-2.25373087e-08,-1.28983428e-07,-1.71120442e-04,-1.63467269e-04,1.14370585e-04,3.27659278e-04,2.95508419e-04,3.48798571e-02,1.80916314e-01,0
0.367357,91.8936,2.10518877e-07,1.66060064e-07,1.72779333e-04,1.65125474e-04,-9.28941346e-08,-2.02893108e-07,-1.72779308e-04,-1.65125349e-04,1.11812275e-04,3.24463768e-04,2.99975530e-04,3.48832106e-02,1.80375826e-01,0
0.367357,95.6809,2.21762471e-07,1.77204110e-07,1.73358158e-04,1.65953934e-04,-1.65553912e-07,-2.17306861e-07,-1.73358079e-04,-1.65953792e-04,1.06533694e-04,3.16704896e-04,3.00647204e-04,3.37454744e-02,1.78271987e-01,0
0.367357,99.4681,2.25915823e-07,1.81869833e-07,1.72852522e-04,1.65931391e-04,-2.39479767e-07,-1.73481354e-07,-1.72852356e-04,-1.65931301e-04,9.87012699e-05,3.04601616e-04,2.97190098e-04,3.15437286e-02,1.74649350e-01,0
0.367357,103.2553,2.22791679e-07,1.80130861e-07,1.71276794e-04,1.65044550e-04,-3.13524140e-07,-7.51416882e-08,-1.71276507e-04,-1.65044533e-04,8.84615058e-05,2.88444063e-04,2.87843974e-04,2.84040619e-02,1.69629746e-01,0
0.367357,107.0426,2.12731154e-07,1.72174928e-07,1.68671996e-04,1.63288249e-04,-3.86579733e-07,7.16936698e-08,-1.68671553e-04,-1.63288233e-04,7.61445713e-05,2.68585596e-04,2.73643726e-04,2.45369546e-02,1.63232848e-01,0
0.367357,110.8298,1.95633778e-07,1.58301300e-07,1.65103364e-04,1.60665386e-04,-4.57284219e-07,2.58977615e-07,-1.65102731e-04,-1.60665178e-04,6.19591281e-05,2.45434039e-04,2.51892233e-04,2.02265178e-02,1.55627586e-01,0
0.367357,114.6170,1.71720879e-07,1.38916025e-07,1.60663104e-04,1.57186670e-04,-5.24149027e-07,4.76977969e-07,-1.60662249e-04,-1.57185946e-04,4.63451975e-05,2.19442353e-04,2.21343146e-04,1.58441886e-02,1.46824938e-01,0
0.367357,118.4043,1.41479441e-07,1.14525041e-07,1.55477433e-04,1.52870209e-04,-5.85590902e-07,7.14685962e-07,-1.55476331e-04,-1.52868538e-04,2.97141019e-05,1.91099011e-04,1.81868563e-04,1.18826807e-02,1.36890346e-01,0
0.367357,122.1915,1.04883301e-07,8.57252463e-08,1.49724941e-04,1.47740975e-04,-6.39128714e-07,9.60273224e-07,-1.49723577e-04,-1.47737855e-04,1.25967049e-05,1.60918297e-04,1.29264528e-04,9.04211922e-03,1.25809743e-01,0
0.367357,125.9787,6.02505226e-08,5.31936314e-08,1.43751099e-04,1.41830157e-04,-6.78607148e-07,1.20157901e-06,-1.43749497e-04,-1.41825067e-04,-3.75292623e-06,1.29430739e-04,4.76147362e-05,8.75488070e-03,1.12969410e-01,0
0.367357,129.7660,1.92947530e-08,1.76746802e-08,1.37917374e-04,1.35174434e-04,-7.10132439e-07,1.42660819e-06,-1.37915545e-04,-1.35166906e-04,-2.02852200e-05,9.71738795e-05,1.09310653e-05,1.25012156e-02,9.96314759e-02,0
0.367357,133.5532,-2.34336871e-08,-2.00337501e-08,1.31439186e-04,1.27815217e-04,-7.37188156e-07,1.62402035e-06,-1.31437118e-04,-1.27804899e-04,-3.75281288e-05,6.46835325e-05,2.29402864e-05,1.65165910e-02,8.66982525e-02,0
0.367357,137.3404,-7.01024144e-08,-5.90958004e-08,1.24338730e-04,1.19797865e-04,-7.54989585e-07,1.78359037e-06,-1.24336438e-04,-1.19784587e-04,-5.47593048e-05,3.24856571e-05,7.42645747e-05,2.06954381e-02,7.40031581e-02,0
0.367357,141.1277,-1.18109994e-07,-9.86539320e-08,1.16667052e-04,1.11170920e-04,-7.61056496e-07,1.89662256e-06,-1.16664570e-04,-1.11154740e-04,-7.20377893e-05,1.08893962e-06,1.31275266e-04,2.50491578e-02,6.20277522e-02,0
0.367357,144.9149,-1.61309794e-07,-1.37845871e-07,1.08402538e-04,1.01985385e-04,-7.49232901e-07,1.95630181e-06,-1.08399948e-04,-1.01966620e-04,-9.00696972e-05,-2.90218542e-05,1.58317381e-04,2.92467987e-02,5.17821669e-02,0
0.367357,148.7021,-1.94284518e-07,-1.75821819e-07,9.94374848e-05,9.22940606e-05,-7.14481933e-07,1.95796796e-06,-9.94349179e-05,-9.22732897e-05,-1.09323589e-04,-5.73917308e-05,1.24572777e-04,3.25568532e-02,4.40497813e-02,0
0.367357,152.4894,-2.21739981e-07,-2.11761575e-07,8.96820984e-05,8.21509637e-05,-6.63201205e-07,1.89930286e-06,-8.96796462e-05,-8.21290051e-05,-1.28280483e-04,-8.36005234e-05,6.73269813e-05,3.43238822e-02,3.78985563e-02,0
0.367357,156.2766,-2.45061906e-07,-2.44891180e-07,7.91354797e-05,7.16108386e-05,-5.98394737e-07,1.78042258e-06,-7.91332172e-05,-7.15887023e-05,-1.46143947e-04,-1.07267176e-04,1.15193344e-06,3.42942869e-02,3.29761605e-02,0
0.367357,160.0638,-2.64881732e-07,-2.74498743e-07,6.78432886e-05,6.07287665e-05,-5.21784875e-07,1.60387154e-06,-6.78412820e-05,-6.07075834e-05,-1.62346231e-04,-1.28053301e-04,6.48885517e-05,3.24251293e-02,2.90880422e-02,0
0.367357,163.8511,-2.81280990e-07,-2.99949075e-07,5.58819228e-05,4.95598765e-05,-4.35439808e-07,1.37451886e-06,-5.58802263e-05,-4.95408120e-05,-1.76399518e-04,-1.45666072e-04,1.25958575e-04,2.88133439e-02,2.60688067e-02,0
0.367357,167.6383,-2.94330176e-07,-3.20696813e-07,4.33508981e-05,3.81591537e-05,-3.41032926e-07,1.09936122e-06,-4.33495566e-05,-3.81433142e-05,-1.87934174e-04,-1.59860518e-04,1.77902764e-04,2.36618822e-02,2.38127123e-02,0
0.367357,171.4255,-3.03951900e-07,-3.36297737e-07,3.03675120e-05,2.65813384e-05,-2.40529094e-07,7.87240423e-07,-3.03665594e-05,-2.65696783e-05,-1.96637087e-04,-1.70441288e-04,2.18246029e-04,1.72558557e-02,2.22198720e-02,0
0.367357,175.2128,-3.10149740e-07,-3.46418015e-07,1.70620405e-05,1.48809028e-05,-1.35720896e-07,4.48486774e-07,-1.70615007e-05,-1.48741429e-05,-2.02309918e-04,-1.77263957e-04,2.44711778e-04,9.94074820e-03,2.12445526e-02,0
0.367357,179.0000,-3.12806737e-07,-3.50841174e-07,3.57387348e-06,3.11209077e-06,-2.85751107e-08,9.45029334e-08,-3.57375924e-06,-3.11065558e-06,-2.04776152e-04,-1.80235937e-04,2.56628541e-04,2.10461984e-03,2.08155677e-02,0
0.384525,1.0000,-9.08780372e-07,-9.80781598e-07,2.76497656e-06,2.35520061e-06,9.94052005e-09,1.62443133e-07,-2.76495869e-06,-2.34959191e-06,-2.19217134e-04,-2.27710606e-04,4.85811568e-04,1.86759392e-03,7.20435585e-03,0
0.384525,4.7872,-9.05168421e-07,-9.73934886e-07,1.32039723e-05,1.12681009e-05,4.74061625e-08,7.71761440e-07,-1.32038872e-05,-1.12416406e-05,-2.16653882e-04,-2.23406594e-04,4.63985775e-04,8.82292291e-03,5.72780348e-03,0
0.384525,8.5745,-8.96748170e-07,-9.58226550e-07,2.35159478e-05,2.01542665e-05,8.44816788e-08,1.35817249e-06,-2.35157961e-05,-2.01084516e-05,-2.10776534e-04,-2.13552404e-04,4.14811111e-04,1.53211910e-02,2.35455620e-03,0
0.384525,12.3617,-8.83417152e-07,-9.33891251e-07,3.36042719e-05,2.89923408e-05,1.20831876e-07,1.90444282e-06,-3.36040546e-05,-2.89297239e-05,-2.01690922e-04,-1.98343246e-04,3.40562277e-04,2.10193263e-02,2.83957420e-03,0
0.384525,16.1489,-8.64947263e-07,-9.01292410e-07,4.33789696e-05,3.77606133e-05,1.56181000e-07,2.39481549e-06,-4.33786884e-05,-3.76845960e-05,-1.89556088e-04,-1.78079882e-04,2.45230448e-04,2.56062078e-02,9.73437886e-03,0
0.384525,19.9362,-8.41121875e-07,-8.60916611e-07,5.27596451e-05,4.64368574e-05,1.89868669e-07,2.81558627e-06,-5.27593035e-05,-4.63514207e-05,-1.74609353e-04,-1.53162003e-04,1.33560387e-04,2.88167226e-02,1.81921289e-02,0
0.384525,23.7234,-8.11514685e-07,-8.13366094e-07,6.16788942e-05,5.49981664e-05,2.21569712e-07,3.15560119e-06,-6.16784962e-05,-5.49075632e-05,-1.57117864e-04,-1.24079471e-04,1.24919557e-05,3.04480692e-02,2.80239155e-02,0
0.384525,27.5106,-7.75576863e-07,-7.59349448e-07,7.00860149e-05,6.34207888e-05,2.50614567e-07,3.40665599e-06,-7.00855668e-05,-6.33292282e-05,-1.37430515e-04,-9.14016243e-05,1.09490724e-04,3.03774192e-02,3.90427503e-02,0
0.384525,31.2979,-7.32662915e-07,-6.99670604e-07,7.79518111e-05,7.16799704e-05,2.76093314e-07,3.56378246e-06,-7.79513222e-05,-7.15913236e-05,-1.15938314e-04,-5.57649486e-05,2.22607967e-04,2.85845267e-02,5.10404154e-02,0
0.384525,35.0851,-6.81361014e-07,-6.35216321e-07,8.52760017e-05,7.97498110e-05,2.96997477e-07,3.62541078e-06,-8.52754845e-05,-7.96673632e-05,-9.31445588e-05,-1.78593990e-05,3.11350615e-04,2.51861539e-02,6.38585824e-02,0
0.384525,38.8723,-6.19057773e-07,-5.66942300e-07,9.21059927e-05,8.76031451e-05,3.11482443e-07,3.59340184e-06,-9.21054660e-05,-8.75294150e-05,-6.96554723e-05,2.15862767e-05,3.51637066e-04,2.05221676e-02,7.73933237e-02,0
0.384525,42.6596,-5.40747349e-07,-4.95858163e-07,9.85780229e-05,9.52114576e-05,3.16380092e-07,3.47294849e-06,-9.85775152e-05,-9.51480966e-05,-4.63234525e-05,6.18198567e-05,3.02879375e-04,1.53434499e-02,9.17296110e-02,0
0.384525,46.4468,-4.53420833e-07,-4.23011484e-07,1.04813995e-04,1.02544846e-04,3.13363014e-07,3.27234988e-06,-1.04813527e-04,-1.02492621e-04,-2.31249261e-05,1.02081238e-04,2.05180031e-04,1.03418678e-02,1.06202712e-01,0
0.384525,50.2340,-3.61575252e-07,-3.49471134e-07,1.10824341e-04,1.09572040e-04,3.03109532e-07,3.00266800e-06,-1.10823926e-04,-1.09530890e-04,-2.93554824e-07,1.41617930e-04,8.16697303e-05,5.70748381e-03,1.20372545e-01,0
0.384525,54.0213,-2.84243387e-07,-2.76310179e-07,1.17204821e-04,1.16260478e-04,2.82952479e-07,2.67727984e-06,-1.17204479e-04,-1.16229648e-04,2.24491900e-05,1.79700103e-04,5.35274771e-05,4.30393202e-03,1.33383796e-01,0
0.384525,57.8085,-2.04380487e-07,-2.04588602e-07,1.24030915e-04,1.22576464e-04,2.65173725e-07,2.31134287e-06,-1.24030632e-04,-1.22554670e-04,4.25057178e-05,2.15634833e-04,1.40420978e-06,6.62880567e-03,1.46852047e-01,0
0.384525,61.5957,-1.26973414e-07,-1.35336120e-07,1.30825470e-04,1.28485379e-04,2.44034699e-07,1.92119490e-06,-1.30825242e-04,-1.28471015e-04,6.05756832e-05,2.48779261e-04,5.64254158e-05,1.06651919e-02,1.59638549e-01,0
0.384525,65.3830,-5.35478849e-08,-6.95353791e-08,1.37368263e-04,1.33951977e-04,2.18262255e-07,1.52371153e-06,-1.37368089e-04,-1.33943311e-04,7.65717700e-05,2.78552376e-04,1.07871909e-04,1.55700558e-02,1.71324537e-01,0
0.384525,69.1702,1.47562335e-08,-8.10581119e-09,1.43494888e-04,1.38940727e-04,1.87356006e-07,1.13564662e-06,-1.43494766e-04,-1.38936085e-04,9.03551526e-05,3.04445200e-04,1.54256344e-04,2.07560361e-02,1.81596041e-01,0
0.384525,72.9574,7.69381580e-08,4.81115843e-08,1.49068075e-04,1.43416218e-04,1.51083564e-07,7.72981125e-07,-1.49067999e-04,-1.43414135e-04,1.01657722e-04,3.26029203e-04,1.94500620e-04,2.57588914e-02,1.90316986e-01,0
0.384525,76.7447,1.32424739e-07,9.83682487e-08,1.53971677e-04,1.47343606e-04,1.09567683e-07,4.50305853e-07,-1.53971638e-04,-1.47342918e-04,1.10395596e-04,3.42962805e-04,2.29788267e-04,3.02080813e-02,1.97268788e-01,0
0.384525,80.5319,1.80600661e-07,1.42020618e-07,1.58104869e-04,1.50689087e-04,6.29567684e-08,1.80261952e-07,-1.58104857e-04,-1.50688979e-04,1.16403606e-04,3.54995904e-04,2.60309896e-04,3.37981534e-02,2.02379405e-01,0
0.384525,84.3191,2.20673846e-07,1.78540980e-07,1.61389949e-04,1.53420384e-04,1.16238798e-08,-2.69391899e-08,-1.61389949e-04,-1.53420382e-04,1.19544680e-04,3.61972401e-04,2.84281740e-04,3.63220704e-02,2.05632699e-01,0
0.384525,88.1064,2.52418871e-07,2.07526431e-07,1.63761384e-04,1.55507246e-04,-4.39750729e-08,-1.63898168e-07,-1.63761378e-04,-1.55507160e-04,1.19826218e-04,3.63830751e-04,3.02901325e-04,3.76190383e-02,2.06970187e-01,0
0.384525,91.8936,2.75486881e-07,2.28705727e-07,1.65177052e-04,1.56921928e-04,-1.03239654e-07,-2.26297288e-07,-1.65177020e-04,-1.56921765e-04,1.17252044e-04,3.60602614e-04,3.15644985e-04,3.76235341e-02,2.06415481e-01,0
0.384525,95.6809,2.89625412e-07,2.41943905e-07,1.65612264e-04,1.57639654e-04,-1.65464204e-07,-2.13047606e-07,-1.65612181e-04,-1.57639510e-04,1.11887760e-04,3.52409729e-04,3.21719907e-04,3.63359471e-02,2.04016196e-01,0
0.384525,99.4681,2.94672718e-07,2.47244532e-07,1.65060199e-04,1.57639052e-04,-2.29805821e-07,-1.26307937e-07,-1.65060039e-04,-1.57639002e-04,1.03843963e-04,3.39459160e-04,3.20010685e-04,3.38226021e-02,1.99854161e-01,0
0.384525,103.2553,2.90925522e-07,2.44749524e-07,1.63538735e-04,1.56902551e-04,-2.95460950e-07,2.86245179e-08,-1.63538468e-04,-1.56902549e-04,9.33591517e-05,3.22037115e-04,3.11561836e-04,3.02450564e-02,1.93969842e-01,0
0.384525,107.0426,2.78234966e-07,2.34736502e-07,1.61079968e-04,1.55416736e-04,-3.61301570e-07,2.43547208e-07,-1.61079563e-04,-1.55416545e-04,8.06187390e-05,3.00501524e-04,2.93495799e-04,2.58107337e-02,1.86509572e-01,0
0.384525,110.8298,2.56913198e-07,2.17613680e-07,1.57742107e-04,1.53172661e-04,-4.26238675e-07,5.07699401e-07,-1.57741531e-04,-1.53171819e-04,6.58797455e-05,2.75273621e-04,2.65164381e-04,2.08256965e-02,1.77612641e-01,0
0.384525,114.6170,2.27554570e-07,1.93912380e-07,1.53602162e-04,1.50166112e-04,-4.89044852e-07,8.08209471e-07,-1.53601384e-04,-1.50163937e-04,4.95629059e-05,2.46828753e-04,2.26992873e-04,1.56601374e-02,1.67325372e-01,0
0.384525,118.4043,1.90614650e-07,1.64277240e-07,1.48762634e-04,1.46397829e-04,-5.48248068e-07,1.13062440e-06,-1.48761624e-04,-1.46393463e-04,3.19833030e-05,2.15686648e-04,1.77705565e-04,1.07778298e-02,1.55821349e-01,0
0.384525,122.1915,1.46746221e-07,1.29454305e-07,1.43357842e-04,1.41873678e-04,-6.01933857e-07,1.45950038e-06,-1.43356579e-04,-1.41866171e-04,1.36425681e-05,1.82401375e-04,1.16673192e-04,6.76422315e-03,1.43145053e-01,0
0.384525,125.9787,9.66980548e-08,9.02771733e-08,1.37582986e-04,1.36604776e-04,-6.47360625e-07,1.77903106e-06,-1.37581463e-04,-1.36593191e-04,-4.84851139e-06,1.47551205e-04,4.33234092e-05,4.45828759e-03,1.29268901e-01,0
0.384525,129.7660,3.91148955e-08,4.76514481e-08,1.31893074e-04,1.30607571e-04,-6.75863840e-07,2.07368849e-06,-1.31891343e-04,-1.30591108e-04,-2.18704946e-05,1.11728563e-04,5.75984087e-05,5.85880614e-03,1.13321755e-01,0
0.384525,133.5532,-9.96508030e-09,2.53776895e-09,1.26212696e-04,1.23903873e-04,-7.03367047e-07,2.32885149e-06,-1.26210736e-04,-1.23881985e-04,-4.04796838e-05,7.55302568e-05,8.43600752e-05,1.05226841e-02,9.84022664e-02,0
0.384525,137.3404,-6.18491299e-08,-4.40662695e-08,1.19930963e-04,1.16520837e-04,-7.21379269e-07,2.53139644e-06,-1.19928793e-04,-1.16493337e-04,-5.94266465e-05,3.95481253e-05,1.19985726e-04,1.55419794e-02,8.39526492e-02,0
0.384525,141.1277,-1.12425069e-07,-9.11449745e-08,1.13032588e-04,1.08490896e-04,-7.25181532e-07,2.67022740e-06,-1.13030262e-04,-1.08458030e-04,-7.91239627e-05,4.36022333e-06,1.43582500e-04,2.06992082e-02,7.08131827e-02,0
0.384525,144.9149,-1.54276834e-07,-1.37683832e-07,1.05410037e-04,9.98516339e-05,-7.06297995e-07,2.73672448e-06,-1.05407670e-04,-9.98141229e-05,-1.00699759e-04,-2.94773538e-05,1.11957432e-04,2.53329642e-02,6.04124617e-02,0
0.384525,148.7021,-1.90736453e-07,-1.82688835e-07,9.69484626e-05,9.06456134e-05,-6.70271581e-07,2.72509298e-06,-9.69461456e-05,-9.06046417e-05,-1.22637112e-04,-6.14379436e-05,5.42994306e-05,2.87258511e-02,5.19105250e-02,0
0.384525,152.4894,-2.23322058e-07,-2.25205486e-07,8.76159465e-05,8.09201335e-05,-6.20210237e-07,2.63259952e-06,-8.76137514e-05,-8.08772986e-05,-1.43864609e-04,-9.10310430e-05,1.27079956e-05,3.05168219e-02,4.48146305e-02,0
0.384525,156.2766,-2.52295958e-07,-2.64337103e-07,7.74374493e-05,7.07269336e-05,-5.58370824e-07,2.45968597e-06,-7.74354362e-05,-7.06841502e-05,-1.63738865e-04,-1.17808266e-04,8.12448291e-05,3.05838309e-02,3.89593770e-02,0
0.384525,160.0638,-2.77610341e-07,-2.99262065e-07,6.64726642e-05,6.01218337e-05,-4.86179470e-07,2.20995689e-06,-6.64708862e-05,-6.00812032e-05,-1.81659026e-04,-1.41368534e-04,1.46089986e-04,2.89445302e-02,3.41753104e-02,0
0.384525,163.8511,-2.99073278e-07,-3.29249660e-07,5.48077432e-05,4.91643154e-05,-4.05188990e-07,1.89004093e-06,-5.48062454e-05,-4.91279722e-05,-1.97168749e-04,-1.61362502e-04,2.03608138e-04,2.57204734e-02,3.03716714e-02,0
0.384525,167.6383,-3.16361288e-07,-3.53674201e-07,4.25497440e-05,3.79170450e-05,-3.17189688e-07,1.50933204e-06,-4.25485617e-05,-3.78869928e-05,-2.09856167e-04,-1.77496265e-04,2.51760230e-04,2.11139782e-02,2.74484044e-02,0
0.384525,171.4255,-3.29293798e-07,-3.72027142e-07,2.98223051e-05,2.64453443e-05,-2.23568988e-07,1.07962064e-06,-2.98214670e-05,-2.64232976e-05,-2.19425249e-04,-1.89534338e-04,2.88333328e-04,1.53908286e-02,2.53541496e-02,0
0.384525,175.2128,-3.37650408e-07,-3.83926941e-07,1.67613487e-05,1.48166153e-05,-1.26087765e-07,6.14629617e-07,-1.67608745e-05,-1.48038617e-05,-2.25644635e-04,-1.97301987e-04,3.12240174e-04,8.86331245e-03,2.40408777e-02,0
0.384525,179.0000,-3.41281778e-07,-3.89126463e-07,3.51138832e-06,3.09972815e-06,-2.64361708e-08,1.29473477e-07,-3.51128881e-06,-3.09702296e-06,-2.28360423e-04,-2.00686895e-04,3.22820917e-04,1.87618147e-03,2.34733149e-02,0
0.401694,1.0000,-1.06051239e-06,-1.13931624e-06,2.80215793e-06,2.44890381e-06,5.52274983e-09,1.92750332e-07,-2.80215249e-06,-2.44130645e-06,-2.11655942e-04,-2.17273880e-04,5.31710705e-04,1.60999017e-03,4.76526306e-03,0
0.401694,4.7872,-1.05555661e-06,-1.13127304e-06,1.33788878e-05,1.17099289e-05,2.61731171e-08,9.15661771e-07,-1.33788622e-05,-1.16740738e-05,-2.09122495e-04,-2.12877951e-04,5.10879087e-04,7.60644323e-03,3.18546326e-03,0
0.401694,8.5745,-1.04402527e-06,-1.11282023e-06,2.38163943e-05,2.09179802e-05,4.68204148e-08,1.61105238e-06,-2.38163483e-05,-2.08558482e-05,-2.03304188e-04,-2.02811315e-04,4.64178025e-04,1.32098057e-02,4.18065350e-04,0
0.401694,12.3617,-1.02589419e-06,-1.08423480e-06,3.40084337e-05,3.00319965e-05,6.75083487e-08,2.25822846e-06,-3.40083667e-05,-2.99469734e-05,-1.94310229e-04,-1.87268729e-04,3.93639770e-04,1.81230012e-02,5.97275966e-03,0
0.401694,16.1489,-1.00112179e-06,-1.04594568e-06,4.38552519e-05,3.90123134e-05,8.81120327e-08,2.83828759e-06,-4.38551634e-05,-3.89089286e-05,-1.82300159e-04,-1.66550495e-04,3.02438783e-04,2.20721651e-02,1.33592223e-02,0
0.401694,19.9362,-9.69582433e-07,-9.98526896e-07,5.32667219e-05,4.78211856e-05,1.08559783e-07,3.33481727e-06,-5.32666113e-05,-4.77047669e-05,-1.67486578e-04,-1.41056150e-04,1.95296054e-04,2.48185638e-02,2.24188894e-02,0
0.401694,23.7234,-9.31107913e-07,-9.42688573e-07,6.21652477e-05,5.64232124e-05,1.28568110e-07,3.73449755e-06,-6.21651148e-05,-5.62994887e-05,-1.50144322e-04,-1.11276100e-04,7.81378200e-05,2.61698868e-02,3.29689092e-02,0
0.401694,27.5106,-8.85497245e-07,-8.79265711e-07,7.04892381e-05,6.47856489e-05,1.47736131e-07,4.02758420e-06,-7.04890833e-05,-6.46603346e-05,-1.30607669e-04,-7.77813985e-05,4.20458283e-05,2.59946650e-02,4.48084421e-02,0
0.401694,31.2979,-8.32335600e-07,-8.09204971e-07,7.81968555e-05,7.28785872e-05,1.65602457e-07,4.20825396e-06,-7.81966802e-05,-7.27569864e-05,-1.09254484e-04,-4.12119108e-05,1.56068552e-04,2.42385277e-02,5.77152560e-02,0
0.401694,35.0851,-7.71044775e-07,-7.33549659e-07,8.52715104e-05,8.06750048e-05,1.81347476e-07,4.27479875e-06,-8.52713175e-05,-8.05616689e-05,-8.65306946e-05,-2.26314397e-06,2.52989599e-04,2.09490229e-02,7.14776502e-02,0
0.401694,38.8723,-7.00422405e-07,-6.53423124e-07,9.17305730e-05,8.81506824e-05,1.93623776e-07,4.22966140e-06,-9.17303687e-05,-8.80491498e-05,-6.30132361e-05,3.83279477e-05,3.17116750e-04,1.63157010e-02,8.59598936e-02,0
0.401694,42.6596,-6.16614851e-07,-5.70010830e-07,9.76541859e-05,9.52840000e-05,2.00069845e-07,4.07931189e-06,-9.76539809e-05,-9.51966380e-05,-3.94704854e-05,7.97978570e-05,3.14449820e-04,1.08023536e-02,1.01166117e-01,0
0.401694,46.4468,-5.18759951e-07,-4.84541367e-07,1.03198802e-04,1.02055630e-04,1.98922539e-07,3.83396911e-06,-1.03198610e-04,-1.01983589e-04,-1.64974815e-05,1.21371778e-04,2.30881960e-04,5.21011494e-03,1.16943837e-01,0
0.401694,50.2340,-4.25786148e-07,-3.98266698e-07,1.08739057e-04,1.08448151e-04,1.87628731e-07,3.50717926e-06,-1.08738895e-04,-1.08391425e-04,6.84562321e-06,1.62278878e-04,1.85681101e-04,1.32583176e-03,1.31842017e-01,0
0.401694,54.0213,-3.32599574e-07,-3.12441956e-07,1.14923728e-04,1.14445599e-04,1.78712023e-07,3.11526752e-06,-1.14923589e-04,-1.14403191e-04,2.79919765e-05,2.01767258e-04,1.36008850e-04,2.17911926e-03,1.47400140e-01,0
0.401694,57.8085,-2.39484904e-07,-2.28305103e-07,1.21228274e-04,1.20033001e-04,1.68669212e-07,2.67668457e-06,-1.21228156e-04,-1.20003153e-04,4.73153129e-05,2.39118275e-04,7.54331133e-05,5.44757160e-03,1.62691628e-01,0
0.401694,61.5957,-1.49100449e-07,-1.47056797e-07,1.27417972e-04,1.25195902e-04,1.55371838e-07,2.21127362e-06,-1.27417877e-04,-1.25176372e-04,6.48491528e-05,2.73659938e-04,1.37890706e-05,1.01273017e-02,1.77118050e-01,0
0.401694,65.3830,-6.29528876e-08,-6.98407750e-08,1.33332356e-04,1.29919917e-04,1.37997207e-07,1.73948662e-06,-1.33332284e-04,-1.29908272e-04,8.04496177e-05,3.04779105e-04,4.64744225e-05,1.55525229e-02,1.90281366e-01,0
0.401694,69.1702,1.75852922e-08,2.27488813e-09,1.38838765e-04,1.34190340e-04,1.16045344e-07,1.28158036e-06,-1.38838717e-04,-1.34184220e-04,9.39066789e-05,3.31932260e-04,1.03303400e-04,2.11856550e-02,2.01898704e-01,0
0.401694,72.9574,9.13123058e-08,6.83153540e-08,1.43823537e-04,1.37991812e-04,8.92424089e-08,8.56823720e-07,-1.43823509e-04,-1.37989152e-04,1.04994121e-04,3.54654668e-04,1.55166598e-04,2.65786556e-02,2.11767747e-01,0
0.401694,76.7447,1.57412542e-07,1.27415098e-07,1.48188342e-04,1.41308082e-04,5.75159152e-08,4.82747202e-07,-1.48188331e-04,-1.41307258e-04,1.13563221e-04,3.72567775e-04,2.02400794e-04,3.13574542e-02,2.19693545e-01,0
0.401694,80.5319,2.14801015e-07,1.78832213e-07,1.51848366e-04,1.44121857e-04,2.08981369e-08,1.74463698e-07,-1.51848365e-04,-1.44121752e-04,1.19419814e-04,3.85384744e-04,2.42691144e-04,3.52143178e-02,2.25597494e-01,0
0.401694,84.3191,2.63057902e-07,2.21960670e-07,1.54733928e-04,1.46414753e-04,-2.04610205e-08,-5.59129220e-08,-1.54733927e-04,-1.46414742e-04,1.22507749e-04,3.92914081e-04,2.77294039e-04,3.79154528e-02,2.29364792e-01,0
0.401694,88.1064,3.01440526e-07,2.56340304e-07,1.56791661e-04,1.48167352e-04,-6.62469161e-08,-1.99728999e-07,-1.56791647e-04,-1.48167217e-04,1.22726849e-04,3.95061338e-04,3.04303288e-04,3.93061331e-02,2.31000299e-01,0
0.401694,91.8936,3.29643192e-07,2.81664329e-07,1.57984866e-04,1.49359364e-04,-1.16082553e-07,-2.52114225e-07,-1.57984823e-04,-1.49359151e-04,1.20111809e-04,3.91828931e-04,3.23726254e-04,3.93115678e-02,2.30476634e-01,0
0.401694,95.6809,3.47301099e-07,2.97784220e-07,1.58292743e-04,1.49969894e-04,-1.69422727e-07,-2.12154414e-07,-1.58292652e-04,-1.49969744e-04,1.14688021e-04,3.83314153e-04,3.34103657e-04,3.79321956e-02,2.27854786e-01,0
0.401694,99.4681,3.54457732e-07,3.04711846e-07,1.57710706e-04,1.49977805e-04,-2.25681068e-07,-8.29074503e-08,-1.57710544e-04,-1.49977782e-04,1.06608124e-04,3.69705484e-04,3.35648829e-04,3.52434507e-02,2.23165157e-01,0
0.401694,103.2553,3.50913860e-07,3.02618793e-07,1.56251979e-04,1.49362177e-04,-2.84020381e-07,1.28737843e-07,-1.56251721e-04,-1.49362121e-04,9.59804519e-05,3.51277363e-04,3.25859761e-04,3.14009489e-02,2.16548638e-01,0
0.401694,107.0426,3.37188659e-07,2.91832850e-07,1.53947820e-04,1.48102855e-04,-3.43712780e-07,4.12354056e-07,-1.53947436e-04,-1.48102281e-04,8.30669034e-05,3.28383560e-04,3.06027799e-04,2.66389985e-02,2.08083160e-01,0
0.401694,110.8298,3.13454042e-07,2.72831702e-07,1.50847100e-04,1.46181075e-04,-4.03671155e-07,7.54406936e-07,-1.50846560e-04,-1.46179128e-04,6.80979989e-05,3.01449370e-04,2.74089816e-04,2.12658653e-02,1.97933933e-01,0
0.401694,114.6170,2.80358139e-07,2.46233907e-07,1.47015133e-04,1.43580150e-04,-4.62785718e-07,1.13880928e-06,-1.47014405e-04,-1.43575633e-04,5.13960315e-05,2.70962809e-04,2.30245338e-04,1.56552738e-02,1.86241527e-01,0
0.401694,118.4043,2.38654880e-07,2.12787299e-07,1.42536260e-04,1.40286211e-04,-5.19707649e-07,1.54757492e-06,-1.42535312e-04,-1.40277675e-04,3.33057618e-05,2.37465026e-04,1.74535504e-04,1.02548175e-02,1.73172525e-01,0
0.401694,122.1915,1.89249700e-07,1.73355004e-07,1.37517799e-04,1.36288976e-04,-5.72706069e-07,1.96154688e-06,-1.37516606e-04,-1.36274860e-04,1.42148106e-05,2.01540151e-04,1.07245770e-04,5.60047842e-03,1.58893608e-01,0
0.401694,125.9787,1.33439529e-07,1.28899311e-07,1.32099238e-04,1.31582527e-04,-6.19606909e-07,2.36117089e-06,-1.32097785e-04,-1.31561341e-04,-5.39835564e-06,1.63804772e-04,3.06340650e-05,2.35495916e-03,1.43521935e-01,0
0.401694,129.7660,7.22050724e-08,8.04636636e-08,1.26498365e-04,1.26166067e-04,-6.56259732e-07,2.72728361e-06,-1.26496663e-04,-1.26136586e-04,-2.48621179e-05,1.24897248e-04,5.57229282e-05,1.51448081e-03,1.27029295e-01,0
0.401694,133.5532,9.58166528e-09,2.91531092e-08,1.21228326e-04,1.20044632e-04,-6.76716115e-07,3.04188459e-06,-1.21226437e-04,-1.20006086e-04,-4.33217989e-05,8.54670425e-05,1.32053778e-04,5.39479904e-03,1.09241620e-01,0
0.401694,137.3404,-4.56105243e-08,-2.38864508e-08,1.15641358e-04,1.13229731e-04,-6.93076263e-07,3.28886136e-06,-1.15639282e-04,-1.13181957e-04,-6.40114512e-05,4.61642423e-05,1.46578147e-04,1.09912295e-02,9.34535255e-02,0
0.401694,141.1277,-9.57188905e-08,-7.74898248e-08,1.09353180e-04,1.05739872e-04,-6.89823561e-07,3.45463921e-06,-1.09351004e-04,-1.05683424e-04,-8.67414099e-05,7.62941484e-06,1.22996392e-04,1.64680047e-02,8.00474768e-02,0
0.401694,144.9149,-1.40317760e-07,-1.30494509e-07,1.02230085e-04,9.76009687e-05,-6.67617597e-07,3.52873000e-06,-1.02227905e-04,-9.75371578e-05,-1.10840931e-04,-2.95160639e-05,6.62801128e-05,2.10976513e-02,6.89815995e-02,0
0.401694,148.7021,-1.81491922e-07,-1.81762660e-07,9.41981135e-05,8.88465768e-05,-6.31307986e-07,3.50415848e-06,-9.41959980e-05,-8.87774470e-05,-1.34800154e-04,-6.46791012e-05,1.82673970e-06,2.43901510e-02,5.94782694e-02,0
0.401694,152.4894,-2.19510639e-07,-2.30202657e-07,8.52553670e-05,7.95179620e-05,-5.82899274e-07,3.37774933e-06,-8.52533743e-05,-7.94461899e-05,-1.57842466e-04,-9.73033081e-05,7.21419121e-05,2.61487837e-02,5.13506887e-02,0
0.401694,156.2766,-2.54088291e-07,-2.74789820e-07,7.54394496e-05,6.96639724e-05,-5.23824860e-07,3.15026372e-06,-7.54376309e-05,-6.95927071e-05,-1.79290568e-04,-1.26876676e-04,1.39678761e-04,2.63223014e-02,4.44586536e-02,0
0.401694,160.0638,-2.84736824e-07,-3.14585899e-07,6.48179692e-05,5.93407133e-05,-4.55530928e-07,2.82638009e-06,-6.48163685e-05,-5.92733652e-05,-1.98575625e-04,-1.52938452e-04,2.01399713e-04,2.49631291e-02,3.87104866e-02,0
0.401694,163.8511,-3.10956453e-07,-3.48756956e-07,5.34823941e-05,4.86110223e-05,-3.79365955e-07,2.41451992e-06,-5.34810486e-05,-4.85510204e-05,-2.15216497e-04,-1.75085182e-04,2.55050123e-04,2.22017528e-02,3.40402926e-02,0
0.401694,167.6383,-3.32300061e-07,-3.76589268e-07,4.15437789e-05,3.75437538e-05,-2.96688632e-07,1.92652558e-06,-4.15427195e-05,-3.74942922e-05,-2.28824613e-04,-1.92975876e-04,2.98831152e-04,1.82305054e-02,3.04077129e-02,0
0.401694,171.4255,-3.48332501e-07,-3.97502974e-07,2.91286622e-05,2.62128874e-05,-2.09029894e-07,1.37720290e-06,-2.91279121e-05,-2.61766838e-05,-2.39078318e-04,-2.06336296e-04,3.31766366e-04,1.32889284e-02,2.77725261e-02,0
0.401694,175.2128,-3.58724877e-07,-4.11063156e-07,1.63755091e-05,1.46964841e-05,-1.17820215e-07,7.83746670e-07,-1.63750852e-05,-1.46755711e-05,-2.45734097e-04,-2.14962352e-04,3.53140394e-04,7.65232030e-03,2.61012925e-02,0
0.401694,179.0000,-3.63229305e-07,-4.16988168e-07,3.43090953e-06,3.07551863e-06,-2.46582964e-08,1.65071690e-07,-3.43082092e-06,-3.07108551e-06,-2.48634045e-04,-2.18722589e-04,3.62725465e-04,1.61972873e-03,2.53715763e-02,0
0.418862,1.0000,-1.19353443e-06,-1.27426687e-06,2.81753759e-06,2.52330584e-06,1.51239367e-09,2.23834196e-07,-2.81753719e-06,-2.51335843e-06,-1.97983986e-04,-2.00820850e-04,5.44723367e-04,1.34098997e-03,2.40629218e-03,0
0.418862,4.7872,-1.18742341e-06,-1.26530942e-06,1.34502837e-05,1.20602981e-05,7.14773949e-09,1.06325581e-06,-1.34502818e-05,-1.20133375e-05,-1.95538202e-04,-1.96408489e-04,5.25517812e-04,6.33499488e-03,7.38197241e-04,0
0.418862,8.5745,-1.17323777e-06,-1.24475690e-06,2.39350623e-05,2.15217333e-05,1.32106716e-08,1.87044815e-06,-2.39350587e-05,-2.14402992e-05,-1.89927801e-04,-1.86302146e-04,4.82558734e-04,1.09989828e-02,3.07536323e-03,0
0.418862,12.3617,-1.15109448e-06,-1.21291264e-06,3.41586045e-05,3.08495942e-05,1.98806273e-08,2.62118545e-06,-3.41585987e-05,-3.07380359e-05,-1.81251966e-04,-1.70692510e-04,4.17103685e-04,1.50811377e-02,8.95677036e-03,0
0.418862,16.1489,-1.12094559e-06,-1.17024650e-06,4.40143140e-05,3.99887722e-05,2.73760682e-08,3.29335330e-06,-4.40143055e-05,-3.98529262e-05,-1.69662035e-04,-1.49873862e-04,3.32646453e-04,1.83467999e-02,1.67847776e-02,0
0.418862,19.9362,-1.08284804e-06,-1.11738764e-06,5.34049030e-05,4.88881803e-05,3.58767881e-08,3.86777186e-06,-5.34048910e-05,-4.87349414e-05,-1.55360596e-04,-1.24238226e-04,2.33047930e-04,2.05854051e-02,2.63987006e-02,0
0.418862,23.7234,-1.03682817e-06,-1.05511489e-06,6.22455378e-05,5.75016893e-05,4.53374463e-08,4.32890543e-06,-6.22455213e-05,-5.73385111e-05,-1.38606281e-04,-9.42675798e-05,1.23385459e-04,2.16205530e-02,3.76090933e-02,0
0.418862,27.5106,-9.82881093e-07,-9.84344861e-07,7.04668367e-05,6.57888487e-05,5.55823817e-08,4.66543081e-06,-7.04668148e-05,-6.56232152e-05,-1.19715094e-04,-6.05243257e-05,9.87643678e-06,2.13203872e-02,5.02069537e-02,0
0.418862,31.2979,-9.20926684e-07,-9.06117741e-07,7.80182421e-05,7.37153615e-05,6.62916662e-08,4.87064267e-06,-7.80182140e-05,-7.35542750e-05,-9.90504068e-05,-2.36402107e-05,9.99199068e-05,1.96107987e-02,6.39646410e-02,0
0.418862,35.0851,-8.50639324e-07,-8.21581273e-07,8.48722349e-05,8.12532981e-05,7.70840506e-08,4.94268020e-06,-8.48721999e-05,-8.11028259e-05,-7.70198878e-05,1.56960543e-05,1.96062458e-04,1.64936581e-02,7.86437677e-02,0
0.418862,38.8723,-7.71526454e-07,-7.31972897e-07,9.10304873e-05,8.83810438e-05,8.69805177e-08,4.88456668e-06,-9.10304457e-05,-8.82459626e-05,-5.41249129e-05,5.67522087e-05,2.66878449e-04,1.20750975e-02,9.40484927e-02,0
0.418862,42.6596,-6.82167392e-07,-6.38600431e-07,9.65360411e-05,9.50829911e-05,9.43460007e-08,4.70406043e-06,-9.65359950e-05,-9.49665573e-05,-3.09965552e-05,9.87666046e-05,2.93957963e-04,6.62241733e-03,1.10068059e-01,0
0.418862,46.4468,-5.81660026e-07,-5.42821528e-07,1.01550234e-04,1.01348997e-04,9.36585843e-08,4.41332340e-06,-1.01550191e-04,-1.01252861e-04,-8.09353611e-06,1.40962816e-04,2.62053757e-04,9.17156862e-04,1.26432983e-01,0
0.418862,50.2340,-4.83589079e-07,-4.46022228e-07,1.07040928e-04,1.07173641e-04,8.84750090e-08,4.02842039e-06,-1.07040891e-04,-1.07097905e-04,1.39715382e-05,1.82564392e-04,2.53473613e-04,6.04855557e-04,1.43004288e-01,0
0.418862,54.0213,-3.79746552e-07,-3.49594923e-07,1.12819597e-04,1.12555322e-04,8.62211264e-08,3.56866889e-06,-1.12819564e-04,-1.12498734e-04,3.37970770e-05,2.22809450e-04,2.03441124e-04,1.20445759e-03,1.60324587e-01,0
0.418862,57.8085,-2.75884506e-07,-2.54916063e-07,1.18584891e-04,1.17495248e-04,8.24108313e-08,3.05586489e-06,-1.18584862e-04,-1.17455502e-04,5.20838668e-05,2.60964812e-04,1.41479705e-04,4.96615294e-03,1.77177562e-01,0
0.418862,61.5957,-1.74403516e-07,-1.63323981e-07,1.24183462e-04,1.21996364e-04,7.57697674e-08,2.51341513e-06,-1.24183439e-04,-1.21970470e-04,6.87333516e-05,2.96339424e-04,7.47565947e-05,9.96791341e-03,1.93060640e-01,0
0.418862,65.3830,-7.73289077e-08,-7.60971663e-08,1.29494086e-04,1.26062278e-04,6.55260753e-08,1.96540994e-06,-1.29494069e-04,-1.26046956e-04,8.35729388e-05,3.28296771e-04,8.31088900e-06,1.56407981e-02,2.07580312e-01,0
0.418862,69.1702,1.40528181e-08,5.56662307e-09,1.34410076e-04,1.29696226e-04,5.12737762e-08,1.43567275e-06,-1.34410067e-04,-1.29688280e-04,9.64052558e-05,3.56266091e-04,5.72586324e-05,2.14838320e-02,2.20419862e-01,0
0.418862,72.9574,9.80476349e-08,8.05700776e-08,1.38838097e-04,1.32900123e-04,3.25393902e-08,9.46823552e-07,-1.38838093e-04,-1.32896750e-04,1.06965010e-04,3.79752177e-04,1.17925764e-04,2.70628952e-02,2.31384270e-01,0
0.418862,76.7447,1.73761639e-07,1.47934516e-07,1.42694074e-04,1.35673740e-04,9.22820243e-09,5.19393005e-07,-1.42694074e-04,-1.35672746e-04,1.15113992e-04,3.98343602e-04,1.74262525e-04,3.19958610e-02,2.40241787e-01,0
0.418862,80.5319,2.40086160e-07,2.06816205e-07,1.45908013e-04,1.38014031e-04,-1.88469441e-08,1.71021512e-07,-1.45908012e-04,-1.38013925e-04,1.20674922e-04,4.11719246e-04,2.24481304e-04,3.59775967e-02,2.46870405e-01,0
0.418862,84.3191,2.96083574e-07,2.56520513e-07,1.48421199e-04,1.39914639e-04,-5.16787053e-08,-8.42253078e-08,-1.48421190e-04,-1.39914614e-04,1.23523783e-04,4.19653048e-04,2.66942580e-04,3.87694797e-02,2.51183568e-01,0
0.418862,88.1064,3.41118019e-07,2.96513607e-07,1.50188112e-04,1.41365588e-04,-8.90954908e-08,-2.36398253e-07,-1.50188086e-04,-1.41365390e-04,1.23607992e-04,4.22016925e-04,3.00957920e-04,4.02095160e-02,2.53117234e-01,0
0.418862,91.8936,3.74725206e-07,3.26431470e-07,1.51177063e-04,1.42353174e-04,-1.30892874e-07,-2.80042264e-07,-1.51177006e-04,-1.42352899e-04,1.20916638e-04,4.18781851e-04,3.25850777e-04,4.02157352e-02,2.52656039e-01,0
0.418862,95.6809,3.96491286e-07,3.46086013e-07,1.51370794e-04,1.42860068e-04,-1.76679631e-07,-2.14395699e-07,-1.51370691e-04,-1.42859907e-04,1.15473412e-04,4.10017139e-04,3.40097892e-04,3.87884675e-02,2.49838679e-01,0
0.418862,99.4681,4.06377505e-07,3.55468149e-07,1.50766823e-04,1.42865610e-04,-2.26016257e-07,-4.34036246e-08,-1.50766654e-04,-1.42865603e-04,1.07383418e-04,3.95887972e-04,3.43499067e-04,3.60105537e-02,2.44716115e-01,0
0.418862,103.2553,4.04412534e-07,3.54747721e-07,1.49377359e-04,1.42346318e-04,-2.78261249e-07,2.24455109e-07,-1.49377100e-04,-1.42346141e-04,9.67861956e-05,3.76651292e-04,3.35101807e-04,3.20446550e-02,2.37387931e-01,0
0.418862,107.0426,3.90815490e-07,3.44270225e-07,1.47229271e-04,1.41276581e-04,-3.32654030e-07,5.76519931e-07,-1.47228895e-04,-1.41275404e-04,8.38762054e-05,3.52650163e-04,3.14053380e-04,2.71299686e-02,2.27980175e-01,0
0.418862,110.8298,3.65934964e-07,3.24550368e-07,1.44362707e-04,1.39629530e-04,-3.88293169e-07,9.96465657e-07,-1.44362185e-04,-1.39625974e-04,6.88570252e-05,3.24306760e-04,2.79232961e-04,2.15719188e-02,2.16678267e-01,0
0.418862,114.6170,3.30720968e-07,2.96262509e-07,1.40834419e-04,1.37378077e-04,-4.44174578e-07,1.46496410e-06,-1.40833719e-04,-1.37370266e-04,5.20499425e-05,2.92114144e-04,2.32500459e-04,1.57526171e-02,2.03627908e-01,0
0.418862,118.4043,2.85781980e-07,2.60228131e-07,1.36713371e-04,1.34496078e-04,-4.98865969e-07,1.96046393e-06,-1.36712460e-04,-1.34481789e-04,3.37110816e-05,2.56627009e-04,1.72418671e-04,1.01055278e-02,1.89082352e-01,0
0.418862,122.1915,2.32561699e-07,2.17400538e-07,1.32085249e-04,1.30959600e-04,-5.50905473e-07,2.46005802e-06,-1.32084100e-04,-1.30936492e-04,1.41849876e-05,2.18451583e-04,1.02296414e-04,5.13025516e-03,1.73263565e-01,0
0.418862,125.9787,1.72373105e-07,1.68847030e-07,1.27053762e-04,1.26748247e-04,-5.98004887e-07,2.94040394e-06,-1.27052354e-04,-1.26714135e-04,-6.16271504e-06,1.78234892e-04,2.37913703e-05,1.39241327e-03,1.56410238e-01,0
0.418862,129.7660,1.07033661e-07,1.15728859e-07,1.21758398e-04,1.21846493e-04,-6.36894079e-07,3.37866134e-06,-1.21756732e-04,-1.21799641e-04,-2.69531406e-05,1.36653569e-04,5.86688305e-05,4.01502909e-04,1.38774927e-01,0
0.418862,133.5532,3.72699979e-08,5.92793270e-08,1.16487600e-04,1.16244980e-04,-6.58885113e-07,3.75340937e-06,-1.16485737e-04,-1.16184368e-04,-4.70345703e-05,9.44024109e-05,1.48502843e-04,1.10576334e-03,1.19970060e-01,0
0.418862,137.3404,-2.16469759e-08,7.80428112e-10,1.11428100e-04,1.09941719e-04,-6.67197414e-07,4.04550774e-06,-1.11426103e-04,-1.09867262e-04,-6.92018128e-05,5.21828690e-05,1.51323706e-04,6.77433027e-03,1.02961244e-01,0
0.418862,141.1277,-7.26712140e-08,-5.84615393e-08,1.05624270e-04,1.02943138e-04,-6.58135538e-07,4.23886789e-06,-1.05622220e-04,-1.02855830e-04,-9.44987512e-05,1.06916522e-05,9.58764840e-05,1.22195219e-02,8.92248891e-02,0
0.418862,144.9149,-1.21105015e-07,-1.17140917e-07,9.89169148e-05,9.52649448e-05,-6.34374904e-07,4.32110356e-06,-9.89148806e-05,-9.51668943e-05,-1.20431005e-04,-2.93903887e-05,2.67468301e-05,1.66442100e-02,7.72227183e-02,0
0.418862,148.7021,-1.67229067e-07,-1.73977717e-07,9.12703910e-05,8.69327321e-05,-5.98278221e-07,4.28403547e-06,-9.12684302e-05,-8.68271095e-05,-1.46005742e-04,-6.74089388e-05,4.55349509e-05,1.97693046e-02,6.66675937e-02,0
0.418862,152.4894,-2.10612776e-07,-2.27742238e-07,8.26962085e-05,7.79823126e-05,-5.51215166e-07,4.12403007e-06,-8.26943714e-05,-7.78731882e-05,-1.70465607e-04,-1.02746321e-04,1.15577069e-04,2.14840413e-02,5.74410366e-02,0
0.418862,156.2766,-2.50467062e-07,-2.77278801e-07,7.32393775e-05,6.84597470e-05,-4.94597101e-07,3.84215927e-06,-7.32377074e-05,-6.83518454e-05,-1.93147352e-04,-1.34830891e-04,1.80905991e-04,2.17836328e-02,4.94653469e-02,0
0.418862,160.0638,-2.86061723e-07,-3.21528111e-07,6.29718276e-05,5.84210535e-05,-4.29629027e-07,3.44417460e-06,-6.29703620e-05,-5.83194406e-05,-2.13490787e-04,-1.63145618e-04,2.39301226e-04,2.07405978e-02,4.27039152e-02,0
0.418862,163.8511,-3.16701446e-07,-3.59547812e-07,5.19877017e-05,4.79315981e-05,-3.57499781e-07,2.94029725e-06,-5.19864725e-05,-4.78413288e-05,-2.31024927e-04,-1.87235753e-04,2.89095913e-04,1.84860887e-02,3.71429726e-02,0
0.418862,167.6383,-3.41743433e-07,-3.90530807e-07,4.03995483e-05,3.70651785e-05,-2.79420973e-07,2.34483188e-06,-4.03985820e-05,-3.69909343e-05,-2.45347743e-04,-2.06715497e-04,3.29181494e-04,1.51967159e-02,3.27687485e-02,0
0.418862,171.4255,-3.60571691e-07,-4.13820989e-07,2.83348050e-05,2.59028262e-05,-1.96758192e-07,1.67561977e-06,-2.83341218e-05,-2.58485726e-05,-2.56114931e-04,-2.21273615e-04,3.59287289e-04,1.10839808e-02,2.95531958e-02,0
0.418862,175.2128,-3.72827719e-07,-4.28926034e-07,1.59321582e-05,1.45313629e-05,-1.10926742e-07,9.53352607e-07,-1.59317720e-05,-1.45000561e-05,-2.63117232e-04,-2.30677925e-04,3.78510366e-04,6.38426129e-03,2.75157568e-02,0
0.418862,179.0000,-3.78156060e-07,-4.35527026e-07,3.33828410e-06,3.04175915e-06,-2.32267118e-08,2.00774127e-07,-3.33820330e-06,-3.03512578e-06,-2.66165450e-04,-2.34778631e-04,3.87097288e-04,1.35144143e-03,2.66230132e-02,0
0.436030,1.0000,-1.31038678e-06,-1.38968182e-06,2.81615012e-06,2.58134920e-06,-2.13063886e-09,2.55222870e-07,-2.81614932e-06,-2.56870103e-06,-1.79329027e-04,-1.79574629e-04,5.35024874e-04,1.07012815e-03,2.08324813e-04,0
0.436030,4.7872,-1.30328097e-06,-1.38004476e-06,1.34420685e-05,1.23331565e-05,-9.92236156e-09,1.21230152e-06,-1.34420649e-05,-1.22734297e-05,-1.77023137e-04,-1.75206267e-04,5.17945847e-04,5.05397473e-03,1.54111030e-03,0
0.436030,8.5745,-1.28694951e-06,-1.35792861e-06,2.39138238e-05,2.19899410e-05,-1.70278654e-08,2.13241310e-06,-2.39138177e-05,-2.18863044e-05,-1.71739305e-04,-1.65198563e-04,4.78915014e-04,8.76828397e-03,5.54800628e-03,0
0.436030,12.3617,-1.26138192e-06,-1.32364980e-06,3.41132337e-05,3.14790730e-05,-2.29336254e-08,2.98777719e-06,-3.41132260e-05,-3.13369626e-05,-1.63561953e-04,-1.49735355e-04,4.20138099e-04,1.20054447e-02,1.17280338e-02,0
0.436030,16.1489,-1.22675736e-06,-1.27769881e-06,4.39287117e-05,4.07321397e-05,-2.72034299e-08,3.75304599e-06,-4.39287033e-05,-4.05588689e-05,-1.52631758e-04,-1.29100638e-04,3.43715603e-04,1.45686893e-02,1.99596308e-02,0
0.436030,19.9362,-1.18314978e-06,-1.22073317e-06,5.32579882e-05,4.96865694e-05,-2.94890467e-08,4.40625248e-06,-5.32579800e-05,-4.94908084e-05,-1.39143476e-04,-1.03673251e-04,2.53585219e-04,1.62770901e-02,3.00866503e-02,0
0.436030,23.7234,-1.13076423e-06,-1.15356805e-06,6.20109565e-05,5.82870096e-05,-2.95665201e-08,4.92962739e-06,-6.20109494e-05,-5.80781737e-05,-1.23327979e-04,-7.39198277e-05,1.53863434e-04,1.69722516e-02,4.19091159e-02,0
0.436030,27.5106,-1.06972521e-06,-1.07716450e-06,7.01126781e-05,6.64864029e-05,-2.73889213e-08,5.31025315e-06,-7.01126727e-05,-6.62739993e-05,-1.05478409e-04,-4.03861050e-05,5.01948366e-05,1.65271034e-02,5.52127707e-02,0
0.436030,31.2979,-1.00019395e-06,-9.92615529e-07,7.75063119e-05,7.42467158e-05,-2.31243331e-08,5.54052956e-06,-7.75063084e-05,-7.40397011e-05,-8.59272508e-05,-3.68679699e-06,5.11336131e-05,1.48559276e-02,6.97582207e-02,0
0.436030,35.0851,-9.22114164e-07,-9.01130107e-07,8.41568606e-05,8.15392955e-05,-1.69698311e-08,5.61843333e-06,-8.41568588e-05,-8.13454972e-05,-6.50612273e-05,3.55057911e-05,1.41585057e-04,1.19298084e-02,8.53032290e-02,0
0.436030,38.8723,-8.35380293e-07,-8.04015327e-07,9.00555088e-05,8.83448435e-05,-9.71307594e-09,5.54756152e-06,-9.00555082e-05,-8.81704935e-05,-4.33353173e-05,7.64741755e-05,2.11627829e-04,7.79652428e-03,1.01625133e-01,0
0.436030,42.6596,-7.39528952e-07,-7.02656928e-07,9.52275455e-05,9.46530144e-05,-2.60041831e-09,5.33695734e-06,-9.52275454e-05,-9.45024340e-05,-2.12943463e-05,1.18468895e-04,2.48785426e-04,2.61848136e-03,1.18550356e-01,0
0.436030,46.4468,-6.45023073e-07,-5.98498423e-07,1.00157614e-04,1.00461668e-04,-3.09634610e-09,5.00072560e-06,-1.00157614e-04,-1.00337129e-04,1.52452755e-06,1.60722248e-04,3.13914279e-04,1.38575724e-03,1.35035122e-01,0
0.436030,50.2340,-5.38152576e-07,-4.93019099e-07,1.05472066e-04,1.05775816e-04,-1.23090947e-10,4.55745275e-06,-1.05472066e-04,-1.05677589e-04,2.15240759e-05,2.02462295e-04,3.04527664e-04,1.38437200e-03,1.53475907e-01,0
0.436030,54.0213,-4.26181426e-07,-3.87711195e-07,1.10815505e-04,1.10606318e-04,2.91969106e-09,4.02945468e-06,-1.10815505e-04,-1.10532896e-04,3.99181834e-05,2.42926879e-04,2.59568959e-04,9.53390501e-04,1.72196586e-01,0
0.436030,57.8085,-3.13546862e-07,-2.84056586e-07,1.16054954e-04,1.14968400e-04,4.37706767e-09,3.44188165e-06,-1.16054954e-04,-1.14916867e-04,5.69081908e-05,2.81377380e-04,1.98978793e-04,4.95207866e-03,1.90399865e-01,0
0.436030,61.5957,-2.02715303e-07,-1.83503319e-07,1.21088619e-04,1.18880061e-04,3.49059761e-09,2.82171564e-06,-1.21088619e-04,-1.18846569e-04,7.24057927e-05,3.17111964e-04,1.29628409e-04,1.00657156e-02,2.07565332e-01,0
0.436030,65.3830,-9.59533548e-08,-8.74423588e-08,1.25826569e-04,1.22360454e-04,-5.02412607e-10,2.19669934e-06,-1.25826569e-04,-1.22340734e-04,8.62052105e-05,3.49478081e-04,5.74259718e-05,1.57971595e-02,2.23314028e-01,0
0.436030,69.1702,4.94085568e-09,2.81506031e-09,1.30184379e-04,1.25428298e-04,-8.10836861e-09,1.59423884e-06,-1.30184378e-04,-1.25418165e-04,9.81283035e-05,3.77883985e-04,1.43433112e-05,2.16763037e-02,2.37295123e-01,0
0.436030,72.9574,9.84275059e-08,8.60591047e-08,1.34087616e-04,1.28100404e-04,-1.97806044e-08,1.04032293e-06,-1.34087615e-04,-1.28096180e-04,1.07944052e-04,4.01809087e-04,8.34529181e-05,2.72873028e-02,2.49262996e-01,0
0.436030,76.7447,1.83054346e-07,1.61201639e-07,1.37466943e-04,1.30390363e-04,-3.58736154e-08,5.58501298e-07,-1.37466938e-04,-1.30389167e-04,1.15469930e-04,4.20812937e-04,1.47446075e-04,3.22522013e-02,2.58998873e-01,0
0.436030,80.5319,2.57642507e-07,2.27294770e-07,1.40263392e-04,1.32307435e-04,-5.66061292e-08,1.68961585e-07,-1.40263380e-04,-1.32307327e-04,1.20538133e-04,4.34542725e-04,2.04764319e-04,3.62600493e-02,2.66345827e-01,0
0.436030,84.3191,3.21205809e-07,2.83547274e-07,1.42428403e-04,1.33855682e-04,-8.21037798e-08,-1.12258698e-07,-1.42428380e-04,-1.33855635e-04,1.23034032e-04,4.42739141e-04,2.54092232e-04,3.90710130e-02,2.71181135e-01,0
0.436030,88.1064,3.72912480e-07,3.29338556e-07,1.43924110e-04,1.35033365e-04,-1.12382707e-07,-2.73894669e-07,-1.43924066e-04,-1.35033087e-04,1.22895205e-04,4.45240544e-04,2.94004947e-04,4.05204368e-02,2.73420637e-01,0
0.436030,91.8936,4.12123701e-07,3.64229841e-07,1.44724858e-04,1.35832614e-04,-1.47323123e-07,-3.09886760e-07,-1.44724783e-04,-1.35832260e-04,1.20084170e-04,4.41985362e-04,3.23152710e-04,4.05272746e-02,2.73043901e-01,0
0.436030,95.6809,4.38521633e-07,3.87972308e-07,1.44816676e-04,1.36239384e-04,-1.86714880e-07,-2.19606865e-07,-1.44816555e-04,-1.36239207e-04,1.14623823e-04,4.33012715e-04,3.41069844e-04,3.90918438e-02,2.70064689e-01,0
0.436030,99.4681,4.51888875e-07,4.00511962e-07,1.44197557e-04,1.36233702e-04,-2.30182764e-07,-7.86929760e-09,-1.44197373e-04,-1.36233702e-04,1.06574597e-04,4.18461267e-04,3.46653808e-04,3.62960465e-02,2.64549358e-01,0
0.436030,103.2553,4.52236311e-07,4.01991050e-07,1.42878390e-04,1.35790191e-04,-2.77216606e-07,3.15273618e-07,-1.42878121e-04,-1.35789825e-04,9.60678052e-05,3.98566357e-04,3.39018240e-04,3.23051595e-02,2.56586142e-01,0
0.436030,107.0426,4.39812986e-07,3.92745946e-07,1.40881896e-04,1.34878874e-04,-3.27148227e-07,7.34943080e-07,-1.40881516e-04,-1.34876872e-04,8.32602764e-05,3.73655468e-04,3.17573938e-04,2.73593598e-02,2.46319797e-01,0
0.436030,110.8298,4.15206295e-07,3.73301424e-07,1.38242903e-04,1.33466247e-04,-3.79164242e-07,1.23203608e-06,-1.38242383e-04,-1.33460560e-04,6.83615130e-05,3.44142155e-04,2.82743393e-04,2.17700783e-02,2.33923404e-01,0
0.436030,114.6170,3.79068267e-07,3.44361394e-07,1.35008559e-04,1.31516582e-04,-4.32177633e-07,1.78399456e-06,-1.35007868e-04,-1.31504482e-04,5.16022198e-05,3.10518537e-04,2.34176576e-04,1.59150270e-02,2.19618700e-01,0
0.436030,118.4043,3.32443040e-07,3.06796165e-07,1.31233558e-04,1.28993446e-04,-4.84923132e-07,2.36571104e-06,-1.31232662e-04,-1.28971751e-04,3.32062462e-05,2.73346514e-04,1.73046341e-04,1.02095286e-02,2.03692429e-01,0
0.436030,122.1915,2.76724264e-07,2.61626446e-07,1.26985173e-04,1.25861376e-04,-5.35739966e-07,2.95053509e-06,-1.26984042e-04,-1.25826787e-04,1.34759721e-05,2.33247871e-04,1.01869020e-04,5.12181182e-03,1.86415516e-01,0
0.436030,125.9787,2.13484277e-07,2.10004320e-07,1.22339036e-04,1.22087666e-04,-5.82301936e-07,3.51134076e-06,-1.22337650e-04,-1.22037161e-04,-7.36526303e-06,1.90893441e-04,2.34801968e-05,1.14564243e-03,1.68167535e-01,0
0.436030,129.7660,1.45136623e-07,1.53191514e-07,1.17385419e-04,1.17644195e-04,-6.21444686e-07,4.02161321e-06,-1.17383774e-04,-1.17575437e-04,-2.91137379e-05,1.46991536e-04,5.43485043e-05,1.17939584e-03,1.49376493e-01,0
0.436030,133.5532,7.45761907e-08,9.25353588e-08,1.12246841e-04,1.12509222e-04,-6.46769348e-07,4.45651151e-06,-1.12244977e-04,-1.12420926e-04,-5.16660415e-05,1.02275836e-04,1.21175321e-04,1.19583036e-03,1.30576997e-01,0
0.436030,137.3404,8.54443912e-09,2.94428873e-08,1.07272355e-04,1.06669079e-04,-6.43294235e-07,4.79386592e-06,-1.07270426e-04,-1.06561303e-04,-7.51842224e-05,5.74929448e-05,1.41007431e-04,2.74948639e-03,1.12539786e-01,0
0.436030,141.1277,-4.52753633e-08,-3.46464497e-08,1.01860253e-04,1.00119676e-04,-6.31077750e-07,5.01507037e-06,-1.01858298e-04,-9.99939926e-05,-1.02242766e-04,1.33898147e-05,7.17161295e-05,7.93284988e-03,9.80821810e-02,0
0.436030,144.9149,-9.78298820e-08,-9.82888954e-08,9.55177359e-05,9.28677563e-05,-6.06340363e-07,5.10583510e-06,-9.55158113e-05,-9.27272916e-05,-1.29621740e-04,-2.92987422e-05,3.09708652e-06,1.20775408e-02,8.50962454e-02,0
0.436030,148.7021,-1.48638957e-07,-1.60064777e-07,8.82262402e-05,8.49318357e-05,-5.70551490e-07,5.05676972e-06,-8.82243954e-05,-8.47811642e-05,-1.56441065e-04,-6.98622690e-05,7.70930678e-05,1.50145704e-02,7.34381010e-02,0
0.436030,152.4894,-1.96917081e-07,-2.18606587e-07,8.00053353e-05,7.63427715e-05,-5.24785031e-07,4.86377391e-06,-8.00036142e-05,-7.61876792e-05,-1.81986890e-04,-1.07626406e-04,1.46344911e-04,1.66924923e-02,6.30742513e-02,0
0.436030,156.2766,-2.41576845e-07,-2.72626182e-07,7.09042035e-05,6.71439313e-05,-4.70313644e-07,4.52822038e-06,-7.09026437e-05,-6.69910645e-05,-2.05620615e-04,-1.41963979e-04,2.09498199e-04,1.71378083e-02,5.39950048e-02,0
0.436030,160.0638,-2.81671413e-07,-3.20940519e-07,6.09969894e-05,5.73909389e-05,-4.08138618e-07,4.05692274e-06,-6.09956240e-05,-5.72473689e-05,-2.26779690e-04,-1.72305262e-04,2.64959184e-04,1.64349274e-02,4.62064467e-02,0
0.436030,163.8511,-3.16321377e-07,-3.62495395e-07,5.03786694e-05,4.71509977e-05,-3.39351044e-07,3.46188976e-06,-5.03775264e-05,-4.70237376e-05,-2.45002280e-04,-1.98147267e-04,3.11548476e-04,1.47104292e-02,3.97434863e-02,0
0.436030,167.6383,-3.44658404e-07,-3.96386672e-07,3.91617613e-05,3.65018050e-05,-2.65117592e-07,2.75987552e-06,-3.91608639e-05,-3.63973193e-05,-2.59853000e-04,-2.19061910e-04,3.49024491e-04,1.21230107e-02,3.45999288e-02,0
0.436030,171.4255,-3.66060492e-07,-4.21878536e-07,2.74729490e-05,2.55300945e-05,-1.86650916e-07,1.97174315e-06,-2.74723150e-05,-2.54538397e-05,-2.71035130e-04,-2.34702945e-04,3.76619305e-04,8.85474907e-03,3.08177838e-02,0
0.436030,175.2128,-3.79940486e-07,-4.38418394e-07,1.54497528e-05,1.43298523e-05,-1.05198306e-07,1.12166718e-06,-1.54493947e-05,-1.42858857e-05,-2.78277193e-04,-2.44811556e-04,3.94566122e-04,5.10405612e-03,2.83863134e-02,0
0.436030,179.0000,-3.86035089e-07,-4.45648077e-07,3.23740322e-06,3.00027031e-06,-2.20846843e-08,2.36205825e-07,-3.23732789e-06,-2.99095783e-06,-2.81449994e-04,-2.49220530e-04,4.02224810e-04,1.08075637e-03,2.73377638e-02,0
0.453198,1.0000,-1.41333989e-06,-1.48888019e-06,2.80164571e-06,2.62543721e-06,-5.43922480e-09,2.86569484e-07,-2.80164043e-06,-2.60975065e-06,-1.56619890e-04,-1.54515988e-04,5.09690684e-04,8.03087461e-04,1.78457741e-03,0
0.453198,4.7872,-1.40543374e-06,-1.47876007e-06,1.33715776e-05,1.25398955e-05,-2.53806107e-08,1.36115065e-06,-1.33715535e-05,-1.24658031e-05,-1.54498433e-04,-1.50240122e-04,4.94752399e-04,3.79047257e-03,3.61199550e-03,0
0.453198,8.5745,-1.38727233e-06,-1.45552938e-06,2.37831072e-05,2.23425400e-05,-4.44099123e-08,2.39404538e-06,-2.37830657e-05,-2.22139065e-05,-1.49630777e-04,-1.40442120e-04,4.60548579e-04,6.56552553e-03,7.79402739e-03,0
0.453198,12.3617,-1.35894509e-06,-1.41950654e-06,3.39147296e-05,3.19481398e-05,-6.16906137e-08,3.35393202e-06,-3.39146735e-05,-3.17716034e-05,-1.42096114e-04,-1.25296855e-04,4.08624379e-04,8.96292478e-03,1.42495129e-02,0
0.453198,16.1489,-1.32060940e-06,-1.37118572e-06,4.36514178e-05,4.12768142e-05,-7.66941369e-08,4.21224085e-06,-4.36513504e-05,-4.10613251e-05,-1.32029663e-04,-1.05074759e-04,3.41251954e-04,1.08224878e-02,2.28637618e-02,0
0.453198,19.9362,-1.27243940e-06,-1.31123046e-06,5.28873332e-05,5.02561002e-05,-8.87205475e-08,4.94422654e-06,-5.28872588e-05,-5.00123008e-05,-1.19588912e-04,-8.01371515e-05,2.61733638e-04,1.19921015e-02,3.34638794e-02,0
0.453198,23.7234,-1.21476469e-06,-1.24046516e-06,6.15287146e-05,5.88227138e-05,-9.74553209e-08,5.52989179e-06,-6.15286375e-05,-5.85622059e-05,-1.04992221e-04,-5.09300004e-05,1.73407994e-04,1.23328632e-02,4.58568034e-02,0
0.453198,27.5106,-1.14779618e-06,-1.15986432e-06,6.94966777e-05,6.69239337e-05,-1.02648500e-07,5.95472649e-06,-6.94966019e-05,-6.66584888e-05,-8.85043667e-05,-1.79762068e-05,8.14269950e-05,1.17255323e-02,5.98235870e-02,0
0.453198,31.2979,-1.07186091e-06,-1.07053966e-06,7.67298513e-05,7.45185507e-05,-1.04242217e-07,6.21023342e-06,-7.67297805e-05,-7.42593253e-05,-7.04231235e-05,1.81334424e-05,8.91486765e-06,1.00782186e-02,7.51156904e-02,0
0.453198,35.0851,-9.87095809e-07,-9.73725199e-07,8.31878596e-05,8.15773480e-05,-1.02341990e-07,6.29422058e-06,-8.31877967e-05,-8.13341656e-05,-5.10928845e-05,5.67505113e-05,9.02150914e-05,7.34006412e-03,9.14752176e-02,0
0.453198,38.8723,-8.93913909e-07,-8.70760473e-07,8.88546598e-05,8.80830964e-05,-9.78550334e-08,6.21084851e-06,-8.88546059e-05,-8.78638562e-05,-3.09553099e-05,9.71801642e-05,1.56222436e-04,3.51647560e-03,1.08687419e-01,0
0.453198,42.6596,-7.96543996e-07,-7.63071899e-07,9.37943557e-05,9.40300720e-05,-9.44124032e-08,5.97043142e-06,-9.37943082e-05,-9.38403345e-05,-9.68213783e-06,1.38693239e-04,2.25845211e-04,1.07429992e-03,1.25855364e-01,0
0.453198,46.4468,-7.00442623e-07,-6.52152588e-07,9.88882228e-05,9.94231263e-05,-8.91865164e-08,5.58899981e-06,-9.88881825e-05,-9.92659112e-05,1.11630564e-05,1.80538936e-04,3.25825813e-04,2.43787525e-03,1.43668468e-01,0
0.453198,50.2340,-5.90324602e-07,-5.39540757e-07,1.03949870e-04,1.04276360e-04,-8.06767034e-08,5.08764211e-06,-1.03949839e-04,-1.04152173e-04,2.95522348e-05,2.21957915e-04,3.42652213e-04,1.48800927e-03,1.63202868e-01,0
0.453198,54.0213,-4.72347952e-07,-4.26797009e-07,1.08870337e-04,1.08611468e-04,-7.31304689e-08,4.49165121e-06,-1.08870312e-04,-1.08518551e-04,4.63558839e-05,2.62195567e-04,3.07344424e-04,1.17982005e-03,1.83080122e-01,0
0.453198,57.8085,-3.52386529e-07,-3.15480746e-07,1.13610311e-04,1.12455843e-04,-6.69483494e-08,3.82950942e-06,-1.13610291e-04,-1.12390620e-04,6.18238661e-05,3.00515236e-04,2.49013210e-04,5.26160182e-03,2.02463441e-01,0
0.453198,61.5957,-2.33547049e-07,-2.07126064e-07,1.18110472e-04,1.15840529e-04,-6.27416976e-08,3.13175185e-06,-1.18110455e-04,-1.15798188e-04,7.59426271e-05,3.36211166e-04,1.78269467e-04,1.03454849e-02,2.20765685e-01,0
0.453198,65.3830,-1.18387398e-07,-1.03217461e-07,1.22308905e-04,1.18798124e-04,-6.12507791e-08,2.42975269e-06,-1.22308889e-04,-1.18773274e-04,8.84857962e-05,3.68620952e-04,1.02355626e-04,1.60007244e-02,2.37617001e-01,0
0.453198,69.1702,-8.91912287e-09,-5.16575837e-09,1.26142163e-04,1.21360723e-04,-6.30004606e-08,1.75448205e-06,-1.26142147e-04,-1.21348040e-04,9.92978158e-05,3.97137267e-04,2.53249564e-05,2.17918787e-02,2.52634187e-01,0
0.453198,72.9574,9.31453796e-08,8.57153620e-08,1.29551682e-04,1.23557990e-04,-6.85491060e-08,1.13528201e-06,-1.29551664e-04,-1.23552774e-04,1.08173909e-04,4.21218670e-04,5.01323201e-05,2.73168382e-02,2.65531676e-01,0
0.453198,76.7447,1.86067948e-07,1.68231769e-07,1.32483144e-04,1.25415434e-04,-7.83227595e-08,5.98709879e-07,-1.32483121e-04,-1.25414005e-04,1.14912327e-04,4.40399300e-04,1.20345482e-04,3.22117793e-02,2.76085442e-01,0
0.453198,80.5319,2.68589769e-07,2.41329815e-07,1.34888848e-04,1.26952940e-04,-9.26846175e-08,1.67493931e-07,-1.34888816e-04,-1.26952829e-04,1.19360151e-04,4.54297285e-04,1.83930214e-04,3.61686744e-02,2.84101284e-01,0
0.453198,84.3191,3.39556972e-07,3.04115346e-07,1.36728805e-04,1.28183598e-04,-1.11886908e-07,-1.40357676e-07,-1.36728759e-04,-1.28183522e-04,1.21387681e-04,4.62621717e-04,2.39134146e-04,3.89456146e-02,2.89442460e-01,0
0.453198,88.1064,3.97964691e-07,3.55870367e-07,1.37972253e-04,1.29112860e-04,-1.36044373e-07,-3.12259837e-07,-1.37972186e-04,-1.29112483e-04,1.20929586e-04,4.65178060e-04,2.84021693e-04,4.03775493e-02,2.91999373e-01,0
0.453198,91.8936,4.43074741e-07,3.96066958e-07,1.38599037e-04,1.29738029e-04,-1.65153290e-07,-3.41537998e-07,-1.38598938e-04,-1.29737580e-04,1.17961104e-04,4.61871892e-04,3.17174107e-04,4.03849064e-02,2.91712941e-01,0
0.453198,95.6809,4.74517975e-07,4.24378083e-07,1.38598249e-04,1.30048104e-04,-1.99119330e-07,-2.27681216e-07,-1.38598106e-04,-1.30047904e-04,1.12448101e-04,4.52710921e-04,3.38307290e-04,3.89681249e-02,2.88618652e-01,0
0.453198,99.4681,4.92001234e-07,4.40684948e-07,1.37968369e-04,1.30023964e-04,-2.37659927e-07,2.36489153e-08,-1.37968164e-04,-1.30023962e-04,1.04451651e-04,4.37805208e-04,3.46244737e-04,3.62074002e-02,2.82758057e-01,0
0.453198,103.2553,4.95478358e-07,4.45080669e-07,1.36718970e-04,1.29638911e-04,-2.80315301e-07,4.00853662e-07,-1.36718683e-04,-1.29638292e-04,9.40857261e-05,4.17365610e-04,3.40046721e-04,3.22680593e-02,2.74213340e-01,0
0.453198,107.0426,4.85218305e-07,4.37870032e-07,1.34869863e-04,1.28859549e-04,-3.26485877e-07,8.86867425e-07,-1.34869468e-04,-1.28856497e-04,8.14780957e-05,3.91700453e-04,3.19471490e-04,2.73925947e-02,2.63137649e-01,0
0.453198,110.8298,4.61791640e-07,4.19565238e-07,1.32449807e-04,1.27646990e-04,-3.75428655e-07,1.45984425e-06,-1.32449275e-04,-1.27638642e-04,6.67846447e-05,3.61210481e-04,2.84912855e-04,2.18893088e-02,2.49738681e-01,0
0.453198,114.6170,4.25933405e-07,3.90877587e-07,1.29495742e-04,1.25958384e-04,-4.26011214e-07,2.09403347e-06,-1.29495041e-04,-1.25940976e-04,5.01946325e-05,3.26382172e-04,2.36531001e-04,1.61218569e-02,2.34268543e-01,0
0.453198,118.4043,3.78736897e-07,3.52705156e-07,1.26050671e-04,1.23748705e-04,-4.76929034e-07,2.76080992e-06,-1.26049769e-04,-1.23717905e-04,3.18802414e-05,2.87779525e-04,1.75643138e-04,1.04914350e-02,2.17059584e-01,0
0.453198,122.1915,3.21784971e-07,3.06116614e-07,1.22164511e-04,1.20972773e-04,-5.26450989e-07,3.42981818e-06,-1.22163377e-04,-1.20924142e-04,1.20796350e-05,2.46034471e-04,1.05718601e-04,5.43146170e-03,1.98445805e-01,0
0.453198,125.9787,2.56820967e-07,2.52331416e-07,1.17887780e-04,1.17587423e-04,-5.72073724e-07,4.07018578e-06,-1.17886392e-04,-1.17516959e-04,-9.14479777e-06,2.01836043e-04,3.02922001e-05,1.36890511e-03,1.78958741e-01,0
0.453198,129.7660,1.86487144e-07,1.92696693e-07,1.13270126e-04,1.13553753e-04,-6.10026860e-07,4.65175758e-06,-1.13268484e-04,-1.13458433e-04,-3.17398874e-05,1.55918533e-04,4.18974931e-05,1.29265581e-03,1.59176134e-01,0
0.453198,133.5532,1.15140372e-07,1.28661260e-07,1.08339033e-04,1.08839353e-04,-6.32105006e-07,5.14630291e-06,-1.08337189e-04,-1.08717617e-04,-5.64273927e-05,1.09048797e-04,9.12290554e-05,2.28025410e-03,1.40360663e-01,0
0.453198,137.3404,4.58139448e-08,6.17472307e-08,1.03212314e-04,1.03420423e-04,-6.27461180e-07,5.52864776e-06,-1.03210407e-04,-1.03272542e-04,-8.26227831e-05,6.20129756e-05,1.07506151e-04,9.48477037e-04,1.22683335e-01,0
0.453198,141.1277,-1.43042290e-08,-6.48020036e-09,9.80823357e-05,9.72836828e-05,-6.08976531e-07,5.77768777e-06,-9.80804451e-05,-9.71119625e-05,-1.09979384e-04,1.56028199e-05,5.27908182e-05,3.63993852e-03,1.06521677e-01,0
0.453198,144.9149,-7.08678723e-08,-7.44441911e-08,9.20686375e-05,9.04279729e-05,-5.83369711e-07,5.87724194e-06,-9.20667893e-05,-9.02367792e-05,-1.38478526e-04,-2.93980985e-05,2.41303817e-05,7.47748902e-03,9.25244963e-02,0
0.453198,148.7021,-1.25918206e-07,-1.40588241e-07,8.51096290e-05,8.28654877e-05,-5.47976422e-07,5.81671369e-06,-8.51078649e-05,-8.26610845e-05,-1.66247263e-04,-7.22280723e-05,9.89826534e-05,1.02278934e-02,7.97492130e-02,0
0.453198,152.4894,-1.78575679e-07,-2.03408046e-07,7.72297954e-05,7.46225566e-05,-5.03382067e-07,5.59153307e-06,-7.72281548e-05,-7.44127725e-05,-1.92621179e-04,-1.12160585e-04,1.67550634e-04,1.18827456e-02,6.82485033e-02,0
0.453198,156.2766,-2.27574403e-07,-2.61482530e-07,6.84806186e-05,6.57399405e-05,-4.50671976e-07,5.20336287e-06,-6.84791357e-05,-6.55336921e-05,-2.16980875e-04,-1.48517041e-04,2.28787225e-04,1.24909081e-02,5.80725785e-02,0
0.453198,160.0638,-2.71694207e-07,-3.13503353e-07,5.89369693e-05,5.62726154e-05,-3.90788725e-07,4.66006044e-06,-5.89356737e-05,-5.60793285e-05,-2.38749826e-04,-1.80678679e-04,2.82097511e-04,1.21430534e-02,4.92572661e-02,0
0.453198,163.8511,-3.09906547e-07,-3.58302236e-07,4.86934074e-05,4.62890406e-05,-3.24778567e-07,3.97539664e-06,-4.86923242e-05,-4.61180171e-05,-2.57477266e-04,-2.08097437e-04,3.26538689e-04,1.09581367e-02,4.18850925e-02,0
0.453198,167.6383,-3.41247177e-07,-3.94875489e-07,3.78612192e-05,3.58699334e-05,-2.53581000e-07,3.16854291e-06,-3.78603700e-05,-3.57297140e-05,-2.72742609e-04,-2.30305599e-04,3.61844597e-04,9.07547954e-03,3.59960355e-02,0
0.453198,171.4255,-3.64886018e-07,-4.22405158e-07,2.65653145e-05,2.51065897e-05,-1.78499343e-07,2.26334665e-06,-2.65647148e-05,-2.50043618e-05,-2.84205887e-04,-2.46924024e-04,3.88097060e-04,6.64828051e-03,3.16233225e-02,0
0.453198,175.2128,-3.80282985e-07,-4.40276326e-07,1.49410079e-05,1.40988094e-05,-1.00593015e-07,1.28742316e-06,-1.49406692e-05,-1.40399063e-05,-2.91645493e-04,-2.57668829e-04,4.04791154e-04,3.83840170e-03,2.88197782e-02,0
0.453198,179.0000,-3.87043926e-07,-4.48090144e-07,3.13094005e-06,2.95250412e-06,-2.11817121e-08,2.71099861e-07,-3.13086840e-06,-2.94003154e-06,-2.94907150e-04,-2.62356388e-04,4.11895194e-04,8.13239184e-04,2.76102954e-02,0
0.470366,1.0000,-1.50440165e-06,-1.57461252e-06,2.77673505e-06,2.65754536e-06,-8.44910668e-09,3.17619692e-07,-2.77672219e-06,-2.63849675e-06,-1.30622042e-04,-1.26437066e-04,4.73731513e-04,5.43218632e-04,3.54979224e-03,0
0.470366,4.7872,-1.49586829e-06,-1.56417522e-06,1.32516571e-05,1.26898779e-05,-3.94956055e-08,1.50859451e-06,-1.32515982e-05,-1.25998867e-05,-1.28716443e-04,-1.22292665e-04,4.60885212e-04,2.56036333e-03,5.44879469e-03,0
0.470366,8.5745,-1.47623803e-06,-1.54020901e-06,2.35655033e-05,2.25959144e-05,-6.93731914e-08,2.65321665e-06,-2.35654011e-05,-2.24396031e-05,-1.24342946e-04,-1.12793654e-04,4.31629398e-04,4.41899598e-03,9.79637116e-03,0
0.470366,12.3617,-1.44563693e-06,-1.50302496e-06,3.35946210e-05,3.22795581e-05,-9.70812976e-08,3.71666279e-06,-3.35944807e-05,-3.20648762e-05,-1.17571443e-04,-9.81043310e-05,3.87212435e-04,5.99352763e-03,1.65124462e-02,0
0.470366,16.1489,-1.40426106e-06,-1.45310657e-06,4.32217474e-05,4.16510452e-05,-1.21790531e-07,4.66717669e-06,-4.32215758e-05,-4.13887307e-05,-1.08514858e-04,-7.84790858e-05,3.29573773e-04,7.15862863e-03,2.54770240e-02,0
0.470366,19.9362,-1.35240807e-06,-1.39110453e-06,5.23387098e-05,5.06293970e-05,-1.42755682e-07,5.47726437e-06,-5.23385152e-05,-5.03322503e-05,-9.73160916e-05,-5.42584159e-05,2.61095403e-04,7.79036015e-03,3.65224985e-02,0
0.470366,23.7234,-1.29038723e-06,-1.31782959e-06,6.08492843e-05,5.91445134e-05,-1.59392205e-07,6.12472313e-06,-6.08490756e-05,-5.88265351e-05,-8.41642996e-05,-2.58635670e-05,1.85160985e-04,7.76966016e-03,4.94520054e-02,0
0.470366,27.5106,-1.21855328e-06,-1.23424344e-06,6.86717485e-05,6.71388236e-05,-1.71350183e-07,6.59346478e-06,-6.86715348e-05,-6.68142788e-05,-6.92955255e-05,6.21012342e-06,1.05865724e-04,6.98645539e-03,6.40456063e-02,0
0.470366,31.2979,-1.13732166e-06,-1.14144769e-06,7.57415438e-05,7.45684272e-05,-1.78359392e-07,6.87410075e-06,-7.57413338e-05,-7.42509062e-05,-5.29591238e-05,4.14010984e-05,2.78394600e-05,5.34659331e-03,8.00384835e-02,0
0.470366,35.0851,-1.04702899e-06,-1.04067086e-06,8.20144303e-05,8.14036819e-05,-1.80534307e-07,6.96426670e-06,-8.20142316e-05,-8.11052305e-05,-3.54799101e-05,7.90905624e-05,4.28999698e-05,2.78354564e-03,9.71812768e-02,0
0.470366,38.8723,-9.48224402e-07,-9.33253414e-07,8.74690593e-05,8.76292163e-05,-1.78474042e-07,6.86867402e-06,-8.74688772e-05,-8.73596066e-05,-1.72321161e-05,1.18612452e-04,1.01013274e-04,7.29930960e-04,1.15226448e-01,0
0.470366,42.6596,-8.53370117e-07,-8.20630904e-07,9.24885484e-05,9.32433764e-05,-1.78733046e-07,6.59888650e-06,-9.24883757e-05,-9.30095798e-05,2.88937743e-06,1.59264262e-04,2.20900243e-04,3.44020251e-03,1.32640728e-01,0
0.470366,46.4468,-7.51900883e-07,-7.04315324e-07,9.76091864e-05,9.82571359e-05,-1.68450055e-07,6.17283113e-06,-9.76090411e-05,-9.80630456e-05,2.11658485e-05,2.00318563e-04,3.21072522e-04,2.95309286e-03,1.51961401e-01,0
0.470366,50.2340,-6.40566430e-07,-5.85874728e-07,1.02431663e-04,1.02692529e-04,-1.55084365e-07,5.61406234e-06,-1.02431545e-04,-1.02538957e-04,3.79648429e-05,2.41035062e-04,3.69019577e-04,1.18892374e-03,1.72248772e-01,0
0.470366,54.0213,-5.18341606e-07,-4.66911345e-07,1.06958682e-04,1.06580687e-04,-1.43365432e-07,4.95080882e-06,-1.06958586e-04,-1.06465639e-04,5.30462195e-05,2.80673012e-04,3.47013754e-04,1.72275166e-03,1.93078215e-01,0
0.470366,57.8085,-3.92379244e-07,-3.49038392e-07,1.11230843e-04,1.09959577e-04,-1.32808841e-07,4.21484022e-06,-1.11230764e-04,-1.09878768e-04,6.68832596e-05,3.18503779e-04,2.92432350e-04,5.79392108e-03,2.13430239e-01,0
0.470366,61.5957,-2.66746135e-07,-2.33855854e-07,1.15230926e-04,1.12871557e-04,-1.24050210e-07,3.44019842e-06,-1.15230859e-04,-1.12819118e-04,7.94332205e-05,3.53823386e-04,2.21919546e-04,1.07530552e-02,2.32743970e-01,0
0.470366,65.3830,-1.44109292e-07,-1.22925577e-07,1.18923290e-04,1.15360862e-04,-1.17629923e-07,2.66184304e-06,-1.18923232e-04,-1.15330148e-04,9.05533239e-05,3.85964804e-04,1.42932203e-04,1.62361149e-02,2.50574727e-01,0
0.470366,69.1702,-2.68573485e-08,-1.77460417e-08,1.22264592e-04,1.17471140e-04,-1.14193263e-07,1.91426446e-06,-1.22264539e-04,-1.17455542e-04,1.00092950e-04,4.14309802e-04,6.14764295e-05,2.18466279e-02,2.66525870e-01,0
0.470366,72.9574,8.30551237e-08,8.02727430e-08,1.25211407e-04,1.19243143e-04,-1.14321978e-07,1.23011859e-06,-1.25211355e-04,-1.19236797e-04,1.07846539e-04,4.38300142e-04,1.87734682e-05,2.72009478e-02,2.80298251e-01,0
0.470366,76.7447,1.83901254e-07,1.69833768e-07,1.27722433e-04,1.20712651e-04,-1.18581528e-07,6.38936971e-07,-1.27722378e-04,-1.20710960e-04,1.13659853e-04,4.57447913e-04,9.49170962e-05,3.19477693e-02,2.91608840e-01,0
0.470366,80.5319,2.73893048e-07,2.49776470e-07,1.29761554e-04,1.21908713e-04,-1.27433108e-07,1.65962700e-07,-1.29761491e-04,-1.21908600e-04,1.17371243e-04,4.71344810e-04,1.62721018e-04,3.57900900e-02,3.00248419e-01,0
0.470366,84.3191,3.52120221e-07,3.19098578e-07,1.31297968e-04,1.22852233e-04,-1.41178363e-07,-1.68842251e-07,-1.31297892e-04,-1.22852117e-04,1.18851543e-04,4.79670185e-04,2.22805876e-04,3.84922620e-02,3.06054567e-01,0
0.470366,88.1064,4.17240994e-07,3.76975853e-07,1.32306438e-04,1.23554937e-04,-1.60085915e-07,-3.51579509e-07,-1.32306341e-04,-1.23554437e-04,1.17984717e-04,4.82197681e-04,2.71679698e-04,3.98858186e-02,3.08933707e-01,0
0.470366,91.8936,4.68477348e-07,4.22779196e-07,1.32771936e-04,1.24018723e-04,-1.84229104e-07,-3.74956001e-07,-1.32771808e-04,-1.24018156e-04,1.14811865e-04,4.78800320e-04,3.08337681e-04,3.98936227e-02,3.08743274e-01,0
0.470366,95.6809,5.05337329e-07,4.56088652e-07,1.32686406e-04,1.24235412e-04,-2.13598974e-07,-2.38563778e-07,-1.32686234e-04,-1.24235183e-04,1.09207805e-04,4.69453914e-04,3.32294020e-04,3.85162298e-02,3.05568932e-01,0
0.470366,99.4681,5.27491530e-07,4.76703861e-07,1.32048678e-04,1.24186886e-04,-2.47972454e-07,5.11128658e-08,-1.32048445e-04,-1.24186875e-04,1.01284058e-04,4.54238702e-04,3.42678018e-04,3.58308879e-02,2.99384145e-01,0
0.470366,103.2553,5.34677112e-07,4.84650579e-07,1.30868256e-04,1.23845620e-04,-2.86948858e-07,4.80963102e-07,-1.30867942e-04,-1.23844686e-04,9.10891502e-05,4.33339138e-04,3.37542427e-04,3.20063508e-02,2.90304212e-01,0
0.470366,107.0426,5.27456492e-07,4.80182956e-07,1.29161018e-04,1.23175609e-04,-3.30047460e-07,1.03177753e-06,-1.29160597e-04,-1.23171287e-04,7.87059679e-05,4.07041814e-04,3.18967220e-04,2.72790885e-02,2.78501922e-01,0
0.470366,110.8298,5.06142981e-07,4.63781345e-07,1.26948915e-04,1.22133676e-04,-3.76379053e-07,1.67901750e-06,-1.26948357e-04,-1.22122134e-04,6.42628946e-05,3.75731501e-04,2.85825315e-04,2.19459251e-02,2.64194746e-01,0
0.470366,114.6170,4.71576735e-07,4.36145515e-07,1.24260279e-04,1.20671149e-04,-4.24914432e-07,2.39379553e-06,-1.24259552e-04,-1.20647404e-04,4.79133090e-05,3.39885353e-04,2.39063941e-04,1.63578067e-02,2.47657318e-01,0
0.470366,118.4043,4.24941991e-07,3.98183251e-07,1.21126906e-04,1.18735878e-04,-4.74233850e-07,3.14402813e-06,-1.21125978e-04,-1.18694245e-04,2.97654426e-05,3.00065345e-04,1.80548394e-04,1.08973432e-02,2.29274516e-01,0
0.470366,122.1915,3.67775442e-07,3.50994433e-07,1.17581917e-04,1.16274519e-04,-5.22366893e-07,3.89571570e-06,-1.17580756e-04,-1.16209239e-04,9.95254557e-06,2.56909065e-04,1.13225971e-04,5.95859271e-03,2.09474129e-01,0
0.470366,125.9787,3.02237773e-07,2.95850797e-07,1.13652118e-04,1.13235033e-04,-5.66598006e-07,4.61429918e-06,-1.13650706e-04,-1.13140978e-04,-1.15424421e-05,2.11118986e-04,4.30946403e-05,1.90090682e-03,1.88866480e-01,0
0.470366,129.7660,2.31062493e-07,2.34171712e-07,1.09346087e-04,1.09569292e-04,-6.02124182e-07,5.26604009e-06,-1.09344429e-04,-1.09442672e-04,-3.50669770e-05,1.63450417e-04,2.09787331e-05,1.01727601e-03,1.68386962e-01,0
0.470366,133.5532,1.59676491e-07,1.67496398e-07,1.04617206e-04,1.05235682e-04,-6.18678885e-07,5.81936969e-06,-1.04615377e-04,-1.05074657e-04,-6.18928768e-05,1.14698333e-04,5.27630082e-05,2.81876184e-03,1.49788675e-01,0
0.470366,137.3404,8.87879628e-08,9.74531295e-08,9.94734969e-05,1.00201597e-04,-6.15661192e-07,6.24615422e-06,-9.94715917e-05,-1.00006727e-04,-9.04022723e-05,6.56833245e-05,5.84662027e-05,3.31838507e-03,1.32395348e-01,0
0.470366,141.1277,1.97110669e-08,2.57260452e-08,9.43081088e-05,9.44456973e-05,-5.91513597e-07,6.52282651e-06,-9.43062538e-05,-9.42201808e-05,-1.17743682e-04,1.72369197e-05,4.05846703e-05,6.27073035e-04,1.14493612e-01,0
0.470366,144.9149,-4.02932606e-08,-4.59797140e-08,8.85963491e-05,8.79598323e-05,-5.65447821e-07,6.63133943e-06,-8.85945446e-05,-8.77095060e-05,-1.47072663e-04,-2.98134343e-05,3.83680252e-05,2.90098729e-03,9.94619406e-02,0
0.470366,148.7021,-9.92056706e-08,-1.15973785e-07,8.19521341e-05,8.07505236e-05,-5.30308920e-07,6.55990372e-06,-8.19504183e-05,-8.04836301e-05,-1.75570902e-04,-7.46594509e-05,1.13138965e-04,5.47645729e-03,8.55953847e-02,0
0.470366,152.4894,-1.55768971e-07,-1.82616467e-07,7.44030606e-05,7.28399427e-05,-4.86644188e-07,6.30348112e-06,-7.44014691e-05,-7.25666823e-05,-2.02556886e-04,-1.16526846e-04,1.81147252e-04,7.12406244e-03,7.29726339e-02,0
0.470366,156.2766,-2.08616014e-07,-2.44353872e-07,6.60016054e-05,6.42663232e-05,-4.35325029e-07,5.86401342e-06,-6.60001698e-05,-6.39982316e-05,-2.27452513e-04,-1.54689651e-04,2.41132909e-04,7.90871801e-03,6.17191123e-02,0
0.470366,160.0638,-2.56317842e-07,-2.99751536e-07,5.68223269e-05,5.50837813e-05,-3.77261296e-07,5.25037831e-06,-5.68210746e-05,-5.48329873e-05,-2.49671819e-04,-1.88483708e-04,2.93058778e-04,7.92359157e-03,5.19011457e-02,0
0.470366,163.8511,-2.97691664e-07,-3.47525660e-07,4.69585645e-05,4.53615427e-05,-3.13373390e-07,4.47807373e-06,-4.69575188e-05,-4.51399647e-05,-2.68757661e-04,-2.17319081e-04,3.36243327e-04,7.27858283e-03,4.36313716e-02,0
0.470366,167.6383,-3.31682693e-07,-3.86571254e-07,3.65195216e-05,3.51825988e-05,-2.44641816e-07,3.56864300e-06,-3.65187021e-05,-3.50011435e-05,-2.84315500e-04,-2.40691121e-04,3.70347837e-04,6.09315605e-03,3.70031885e-02,0
0.470366,171.4255,-3.57369714e-07,-4.15986479e-07,2.56275115e-05,2.46418393e-05,-1.72166227e-07,2.54886318e-06,-2.56269331e-05,-2.45096622e-05,-2.96000882e-04,-2.58189970e-04,3.95503027e-04,4.49229722e-03,3.20720737e-02,0
0.470366,175.2128,-3.74099557e-07,-4.35092594e-07,1.44148263e-05,1.38437301e-05,-9.70369873e-08,1.44972844e-06,-1.44144996e-05,-1.37676124e-05,-3.03579108e-04,-2.69508295e-04,4.11536367e-04,2.60282642e-03,2.88996369e-02,0
0.470366,179.0000,-3.81436845e-07,-4.43449011e-07,3.02078256e-06,2.89962474e-06,-2.04822771e-08,3.05268317e-07,-3.02071312e-06,-2.88351086e-06,-3.06895256e-04,-2.74447104e-04,4.18412706e-04,5.52188618e-04,2.75232592e-02,0
0.487534,1.0000,-1.58534457e-06,-1.64918377e-06,2.74346402e-06,2.67930669e-06,-1.12041227e-08,3.48187978e-07,-2.74344114e-06,-2.65658605e-06,-1.01970280e-04,-9.59819500e-05,4.30740194e-04,2.92403325e-04,5.07943788e-03,0
0.487534,4.7872,-1.57630923e-06,-1.63857042e-06,1.30920447e-05,1.27908429e-05,-5.24161469e-08,1.65375141e-06,-1.30919397e-05,-1.26834841e-05,-1.00306911e-04,-9.20003349e-05,4.20092905e-04,1.37275631e-03,7.04582626e-03,0
0.487534,8.5745,-1.55551456e-06,-1.61419108e-06,2.32781139e-05,2.27636040e-05,-9.22104470e-08,2.90837404e-06,-2.32779313e-05,-2.25770465e-05,-9.64844439e-05,-8.28721206e-05,3.95906238e-04,2.34492907e-03,1.15462818e-02,0
0.487534,12.3617,-1.52312248e-06,-1.57634150e-06,3.31767968e-05,3.24921336e-05,-1.29491342e-07,4.07378919e-06,-3.31765441e-05,-3.22357409e-05,-9.05632431e-05,-6.87498229e-05,3.59082989e-04,3.12041949e-03,1.85026384e-02,0
0.487534,16.1489,-1.47935977e-06,-1.52548226e-06,4.26696034e-05,4.18781604e-05,-1.63175780e-07,5.11510679e-06,-4.26692914e-05,-4.15646004e-05,-8.26366794e-05,-4.98699322e-05,3.11200819e-04,3.60707856e-03,2.77934992e-02,0
0.487534,19.9362,-1.42455565e-06,-1.46223506e-06,5.16469423e-05,5.08333837e-05,-1.92395284e-07,6.00212890e-06,-5.16465840e-05,-5.04777907e-05,-7.28336841e-05,-2.65496388e-05,2.54233072e-04,3.70787267e-03,3.92591784e-02,0
0.487534,23.7234,-1.35904651e-06,-1.38737738e-06,6.00110830e-05,5.92818555e-05,-2.16354006e-07,6.71048238e-06,-6.00106930e-05,-5.89008304e-05,-6.13113774e-05,8.17593693e-07,1.91156025e-04,3.32352551e-03,5.26992043e-02,0
0.487534,27.5106,-1.28329007e-06,-1.30183572e-06,6.76783882e-05,6.71618631e-05,-2.34527143e-07,7.22252460e-06,-6.76779819e-05,-6.67723819e-05,-4.82572266e-05,3.17675773e-05,1.25132506e-04,2.35411390e-03,6.78788561e-02,0
0.487534,31.2979,-1.19779247e-06,-1.20667692e-06,7.45821017e-05,7.44272362e-05,-2.46617736e-07,7.52798695e-06,-7.45816940e-05,-7.40455461e-05,-3.38973983e-05,6.57720281e-05,5.99457474e-05,7.05814596e-04,8.45418711e-02,0
0.487534,35.0851,-1.10300736e-06,-1.10309781e-06,8.06750936e-05,8.10480279e-05,-2.52642551e-07,7.62433130e-06,-8.06746980e-05,-8.06886138e-05,-1.85128468e-05,1.02246222e-04,6.10329881e-07,1.69968429e-03,1.02430584e-01,0
0.487534,38.8723,-1.00215006e-06,-9.92412850e-07,8.59599117e-05,8.70105429e-05,-2.55044446e-07,7.51680558e-06,-8.59595333e-05,-8.66852479e-05,-1.87309228e-06,1.40557606e-04,6.56995621e-05,4.78835443e-03,1.20812953e-01,0
0.487534,42.6596,-9.06505540e-07,-8.76039743e-07,9.12180658e-05,9.23167203e-05,-2.54452868e-07,7.21819661e-06,-9.12177109e-05,-9.20340942e-05,1.57412686e-05,1.80035292e-04,2.05560903e-04,5.00722540e-03,1.39357922e-01,0
0.487534,46.4468,-8.01456860e-07,-7.55483062e-07,9.62790310e-05,9.69829035e-05,-2.41835054e-07,6.74829006e-06,-9.62787273e-05,-9.67478379e-05,3.16570793e-05,2.19980320e-04,3.10197537e-04,3.20796740e-03,1.59740050e-01,0
0.487534,50.2340,-6.88622797e-07,-6.32315784e-07,1.00887016e-04,1.01038061e-04,-2.24885250e-07,6.13305893e-06,-1.00886765e-04,-1.00851749e-04,4.66361405e-05,2.59676589e-04,3.79918506e-04,6.88402671e-04,1.80705747e-01,0
0.487534,54.0213,-5.64295340e-07,-5.08158869e-07,1.05062959e-04,1.04521549e-04,-2.08871864e-07,5.40361247e-06,-1.05062752e-04,-1.04381776e-04,6.00423939e-05,2.98402311e-04,3.78767817e-04,2.46753078e-03,2.02182295e-01,0
0.487534,57.8085,-4.33737587e-07,-3.84659023e-07,1.08902233e-04,1.07480532e-04,-1.94393573e-07,4.59494692e-06,-1.08902060e-04,-1.07382267e-04,7.20679112e-05,3.35441847e-04,3.31146221e-04,6.47954242e-03,2.23399754e-01,0
0.487534,61.5957,-3.02224071e-07,-2.63464839e-07,1.12435800e-04,1.09967182e-04,-1.81392607e-07,3.74454722e-06,-1.12435654e-04,-1.09903410e-04,8.29268303e-05,3.70097742e-04,2.61518930e-04,1.12509666e-02,2.43584890e-01,0
0.487534,65.3830,-1.72959081e-07,-1.46201623e-07,1.15654242e-04,1.12035807e-04,-1.70486305e-07,2.89089441e-06,-1.15654116e-04,-1.11998503e-04,9.24876354e-05,4.01702796e-04,1.80539741e-04,1.64913722e-02,2.62283322e-01,0
0.487534,69.1702,-4.86518213e-08,-3.44452734e-08,1.18534030e-04,1.13740028e-04,-1.62382506e-07,2.07193749e-06,-1.18533919e-04,-1.13721155e-04,1.00612179e-04,4.29631951e-04,9.58553867e-05,2.18491318e-02,2.79082043e-01,0
0.487534,72.9574,6.85127686e-08,7.03043525e-08,1.21047697e-04,1.15130146e-04,-1.57724888e-07,1.32358950e-06,-1.21047594e-04,-1.15122537e-04,1.07152589e-04,4.53313804e-04,1.20882973e-05,2.69698183e-02,2.93621805e-01,0
0.487534,76.7447,1.76782423e-07,1.66650067e-07,1.23165771e-04,1.16250778e-04,-1.57116324e-07,6.78306997e-07,-1.23165671e-04,-1.16248799e-04,1.11918217e-04,4.72241525e-04,6.83657218e-05,3.15157575e-02,3.05634414e-01,0
0.487534,80.5319,2.74349002e-07,2.53323420e-07,1.24861099e-04,1.17138860e-04,-1.61106834e-07,1.63808304e-07,-1.24860996e-04,-1.17138746e-04,1.14772134e-04,4.85982957e-04,1.41865238e-04,3.51948597e-02,3.14869451e-01,0
0.487534,84.3191,3.59577480e-07,3.29209606e-07,1.26112954e-04,1.17822045e-04,-1.70150185e-07,-1.98018960e-07,-1.26112840e-04,-1.17821878e-04,1.15621411e-04,4.94189695e-04,2.04900184e-04,3.77866308e-02,3.21110217e-01,0
0.487534,88.1064,4.31582883e-07,3.93370575e-07,1.26902136e-04,1.18317524e-04,-1.84547237e-07,-3.91978515e-07,-1.26902002e-04,-1.18316875e-04,1.14301006e-04,4.96604927e-04,2.57828683e-04,3.91252078e-02,3.24278869e-01,0
0.487534,91.8936,4.89151533e-07,4.45065728e-07,1.27217684e-04,1.18631281e-04,-2.04467141e-07,-4.10160452e-07,-1.27217520e-04,-1.18630572e-04,1.10854216e-04,4.93069844e-04,2.97458743e-04,3.91333724e-02,3.24203976e-01,0
0.487534,95.6809,5.31854711e-07,4.83769575e-07,1.27054191e-04,1.18757763e-04,-2.29971665e-07,-2.52247472e-07,-1.27053983e-04,-1.18757495e-04,1.05142082e-04,4.83528441e-04,3.24443297e-04,3.78117815e-02,3.20955903e-01,0
0.487534,99.4681,5.59046822e-07,5.09185777e-07,1.26411467e-04,1.18679977e-04,-2.60861517e-07,7.44795722e-08,-1.26411198e-04,-1.18679954e-04,9.72814219e-05,4.68030569e-04,3.36425835e-04,3.52370197e-02,3.14477846e-01,0
0.487534,103.2553,5.70849920e-07,5.21257048e-07,1.25298252e-04,1.18370006e-04,-2.96877140e-07,5.55436942e-07,-1.25297901e-04,-1.18368703e-04,8.72228939e-05,4.46733088e-04,3.34616403e-04,3.15761592e-02,3.04944712e-01,0
0.487534,107.0426,5.67346281e-07,5.20170480e-07,1.23724947e-04,1.17789946e-04,-3.37419782e-07,1.16932236e-06,-1.23724487e-04,-1.17784142e-04,7.50809362e-05,4.19899067e-04,3.18307773e-04,2.70493477e-02,2.92482570e-01,0
0.487534,110.8298,5.48885023e-07,5.06357939e-07,1.21709089e-04,1.16893276e-04,-3.81612222e-07,1.88896541e-06,-1.21708490e-04,-1.16878012e-04,6.09394499e-05,3.87894950e-04,2.86941640e-04,2.19485372e-02,2.77331081e-01,0
0.487534,114.6170,5.16489402e-07,4.80491294e-07,1.19271329e-04,1.15626641e-04,-4.28416513e-07,2.68241050e-06,-1.19270560e-04,-1.15595522e-04,4.48578083e-05,3.51185694e-04,2.42888883e-04,1.66110243e-02,2.59834270e-01,0
0.487534,118.4043,4.71346001e-07,4.43472381e-07,1.16431115e-04,1.13932027e-04,-4.76295437e-07,3.51418976e-06,-1.16430141e-04,-1.13877818e-04,2.69139556e-05,3.10327919e-04,1.88070790e-04,1.13898380e-02,2.40398160e-01,0
0.487534,122.1915,4.15000693e-07,3.96417716e-07,1.13204781e-04,1.11749275e-04,-5.23029032e-07,4.34673595e-06,-1.13203573e-04,-1.11664705e-04,7.12179240e-06,2.65961132e-04,1.25384327e-04,6.63361280e-03,2.19553406e-01,0
0.487534,125.9787,3.49630765e-07,3.40638146e-07,1.09595156e-04,1.09018837e-04,-5.65298567e-07,5.14187957e-06,-1.09593699e-04,-1.08897511e-04,-1.47310596e-05,2.18797177e-04,6.06756092e-05,2.62663134e-03,1.98083954e-01,0
0.487534,129.7660,2.78868299e-07,2.77613726e-07,1.05561470e-04,1.05684695e-04,-5.96355225e-07,5.86237168e-06,-1.05559786e-04,-1.05521976e-04,-3.94430286e-05,1.69608056e-04,8.46494278e-06,5.61608807e-04,1.77321878e-01,0
0.487534,133.5532,2.07008249e-07,2.08964298e-07,1.01017173e-04,1.01697290e-04,-6.08312102e-07,6.47337228e-06,-1.01015342e-04,-1.01491055e-04,-6.78953759e-05,1.19212352e-04,1.31979934e-05,3.09969645e-03,1.58709025e-01,0
0.487534,137.3404,1.33682900e-07,1.36416342e-07,9.59400070e-05,9.70163446e-05,-6.04957128e-07,6.94384595e-06,-9.59380997e-05,-9.67675262e-05,-9.77426224e-05,6.84604963e-05,1.84432677e-05,4.90551353e-03,1.40977260e-01,0
0.487534,141.1277,5.86055976e-08,6.17667982e-08,9.05805081e-05,9.16134387e-05,-5.81514117e-07,7.24780981e-06,-9.05786414e-05,-9.13262908e-05,-1.26230641e-04,1.82191597e-05,2.13294681e-05,4.70768221e-03,1.22525601e-01,0
0.487534,144.9149,-6.23783718e-09,-1.31553193e-08,8.51201451e-05,8.54742077e-05,-5.52349442e-07,7.36538473e-06,-8.51183530e-05,-8.51562757e-05,-1.55495900e-04,-3.06449083e-05,4.66741062e-05,1.61367478e-03,1.05901447e-01,0
0.487534,148.7021,-6.85787974e-08,-8.65286514e-08,7.87763091e-05,7.86000623e-05,-5.17325933e-07,7.28360852e-06,-7.87746105e-05,-7.82618607e-05,-1.84535433e-04,-7.72812766e-05,1.21112477e-04,8.03262103e-04,9.09754112e-02,0
0.487534,152.4894,-1.28607983e-07,-1.56579608e-07,7.15488853e-05,7.10093374e-05,-4.74299817e-07,6.99697902e-06,-7.15473132e-05,-7.06637692e-05,-2.11970066e-04,-1.20872114e-04,1.88732053e-04,2.45904243e-03,7.72713514e-02,0
0.487534,156.2766,-1.84827767e-07,-2.21621901e-07,6.34905609e-05,6.27378113e-05,-4.24029194e-07,6.50770570e-06,-6.34891449e-05,-6.23993809e-05,-2.37237259e-04,-1.60648012e-04,2.48259885e-04,3.43072957e-03,6.49647385e-02,0
0.487534,160.0638,-2.35729802e-07,-2.80094507e-07,5.46748248e-05,5.38385642e-05,-3.67279367e-07,5.82565982e-06,-5.46735911e-05,-5.35224503e-05,-2.59784975e-04,-1.95902998e-04,2.99340551e-04,3.81133899e-03,5.41861434e-02,0
0.487534,163.8511,-2.79928878e-07,-3.30597118e-07,4.51931540e-05,4.43811727e-05,-3.04937126e-07,4.96802492e-06,-4.51921252e-05,-4.41022360e-05,-2.79127956e-04,-2.26008425e-04,3.41872198e-04,3.70068393e-03,4.50571919e-02,0
0.487534,167.6383,-3.16254463e-07,-3.71922170e-07,3.51520464e-05,3.44502672e-05,-2.37981426e-07,3.95866129e-06,-3.51512408e-05,-3.42220676e-05,-2.94873701e-04,-2.50425412e-04,3.75604941e-04,3.19842718e-03,3.77020480e-02,0
0.487534,171.4255,-3.43732410e-07,-4.03082613e-07,2.46706339e-05,2.41435053e-05,-1.67423668e-07,2.82720924e-06,-2.46700658e-05,-2.39774006e-05,-3.06698897e-04,-2.68715564e-04,4.00451727e-04,2.40243980e-03,3.22183259e-02,0
0.487534,175.2128,-3.61627617e-07,-4.23334730e-07,1.38775558e-05,1.35690384e-05,-9.43877287e-08,1.60796614e-06,-1.38772349e-05,-1.34734275e-05,-3.14365060e-04,-2.80549734e-04,4.16354433e-04,1.40609831e-03,2.86829276e-02,0
0.487534,179.0000,-3.69476875e-07,-4.32195383e-07,2.90826685e-06,2.84256966e-06,-1.99690481e-08,3.38581237e-07,-2.90819829e-06,-2.82233326e-06,-3.17719368e-04,-2.85714617e-04,4.23178587e-04,2.99421343e-04,2.71471564e-02,0
0.504702,1.0000,-1.65773620e-06,-1.71454901e-06,2.70340315e-06,2.69207768e-06,-1.37414627e-08,3.78140191e-07,-2.70336823e-06,-2.66538782e-06,-7.11937932e-05,-6.36776619e-05,3.83331257e-04,5.16169633e-05,6.37535331e-03,0
0.504702,4.7872,-1.64830164e-06,-1.70388064e-06,1.29001981e-05,1.28492186e-05,-6.42795560e-08,1.79598370e-06,-1.29000379e-05,-1.27230838e-05,-6.97904194e-05,-5.98839839e-05,3.75006371e-04,2.32343943e-04,8.40286360e-03,0
0.504702,8.5745,-1.62661760e-06,-1.67936467e-06,2.29339873e-05,2.28568526e-05,-1.13405072e-07,3.15839409e-06,-2.29337069e-05,-2.26375851e-05,-6.65664429e-05,-5.11842611e-05,3.55898632e-04,3.51548845e-04,1.30475160e-02,0
0.504702,12.3617,-1.59286431e-06,-1.64127457e-06,3.26795694e-05,3.26014775e-05,-1.59635100e-07,4.42373306e-06,-3.26791795e-05,-3.22999524e-05,-6.15744224e-05,-3.77183455e-05,3.26636953e-04,3.55911423e-04,2.02352662e-02,0
0.504702,16.1489,-1.54727005e-06,-1.59003739e-06,4.20179151e-05,4.19775146e-05,-2.01653850e-07,5.55404156e-06,-4.20174312e-05,-4.16084649e-05,-5.48815746e-05,-1.97034578e-05,2.88562754e-04,1.84129488e-04,2.98388776e-02,0
0.504702,19.9362,-1.49016016e-06,-1.52623182e-06,5.08388686e-05,5.08903828e-05,-2.38417692e-07,6.51647317e-06,-5.08383095e-05,-5.04714437e-05,-4.65889295e-05,2.56835278e-06,2.43385150e-04,2.34780788e-04,4.16963232e-02,0
0.504702,23.7234,-1.42198085e-06,-1.45058516e-06,5.90437810e-05,5.92591313e-05,-2.69166472e-07,7.28452801e-06,-5.90431674e-05,-5.88096955e-05,-3.68248662e-05,2.87336781e-05,1.93000930e-04,9.81479951e-04,5.56082462e-02,0
0.504702,27.5106,-1.34317489e-06,-1.36396921e-06,6.65479511e-05,6.70185232e-05,-2.93148562e-07,7.83903924e-06,-6.65473054e-05,-6.65584849e-05,-2.57461757e-05,5.83621575e-05,1.40304816e-04,2.14467829e-03,7.13425984e-02,0
0.504702,31.2979,-1.25427392e-06,-1.26739470e-06,7.32831174e-05,7.41204871e-05,-3.09940900e-07,8.16887370e-06,-7.32824620e-05,-7.36689630e-05,-1.35330475e-05,9.09618243e-05,8.85294480e-05,3.81639427e-03,8.86349235e-02,0
0.504702,35.0851,-1.15594831e-06,-1.16200410e-06,7.92001976e-05,8.05348781e-05,-3.19630008e-07,8.27131960e-06,-7.91995526e-05,-8.01089999e-05,-4.37192062e-07,1.25985388e-04,4.08600144e-05,6.08293671e-03,1.07234504e-01,0
0.504702,38.8723,-1.05883708e-06,-1.04906250e-06,8.45211695e-05,8.62495198e-05,-3.28524291e-07,8.15214611e-06,-8.45205311e-05,-8.58633925e-05,1.49552311e-05,1.62837442e-04,6.59517125e-05,7.87712503e-03,1.25437050e-01,0
0.504702,42.6596,-9.58017057e-07,-9.29946388e-07,8.99126996e-05,9.12695303e-05,-3.24234117e-07,7.82533301e-06,-8.99121150e-05,-9.09334445e-05,2.91600816e-05,2.00882559e-04,1.89400331e-04,6.18388850e-03,1.45658905e-01,0
0.504702,46.4468,-8.50006550e-07,-8.06130154e-07,9.48845899e-05,9.56159685e-05,-3.10232512e-07,7.31248102e-06,-9.48840828e-05,-9.53359379e-05,4.26686754e-05,2.39454249e-04,2.96045803e-04,3.33332907e-03,1.66917993e-01,0
0.504702,50.2340,-7.35159751e-07,-6.79170127e-07,9.92987115e-05,9.93238678e-05,-2.91034400e-07,6.64192621e-06,-9.92982850e-05,-9.91015415e-05,5.55399726e-05,2.77864695e-04,3.77776996e-04,1.14652341e-04,1.88580879e-01,0
0.504702,54.0213,-6.10483378e-07,-5.50686199e-07,1.03169082e-04,1.02439758e-04,-2.70849427e-07,5.84759340e-06,-1.03168727e-04,-1.02272722e-04,6.72243942e-05,3.15415189e-04,4.03467592e-04,3.32396709e-03,2.10521069e-01,0
0.504702,57.8085,-4.76446566e-07,-4.22341004e-07,1.06613039e-04,1.05018800e-04,-2.52548894e-07,4.96763354e-06,-1.06612740e-04,-1.04901244e-04,7.74060545e-05,3.51407162e-04,3.65064732e-04,7.26589730e-03,2.32413962e-01,0
0.504702,61.5957,-3.39854311e-07,-2.95816825e-07,1.09713589e-04,1.07121679e-04,-2.35525607e-07,4.04289878e-06,-1.09713337e-04,-1.07045360e-04,8.64837953e-05,3.85153660e-04,2.97132719e-04,1.18128851e-02,2.53338563e-01,0
0.504702,65.3830,-2.05024422e-07,-1.72790475e-07,1.12490198e-04,1.08811409e-04,-2.20663571e-07,3.11531492e-06,-1.12489982e-04,-1.08766803e-04,9.43340473e-05,4.15991110e-04,2.17491079e-04,1.67664431e-02,2.72836826e-01,0
0.504702,69.1702,-7.41178444e-08,-5.49064786e-08,1.14938527e-04,1.10150208e-04,-2.08248773e-07,2.22621529e-06,-1.14938338e-04,-1.10127709e-04,1.00968161e-04,4.43291193e-04,1.29624234e-04,2.18232303e-02,2.90366170e-01,0
0.504702,72.9574,5.01828485e-08,5.62509655e-08,1.17044812e-04,1.11196583e-04,-1.99223239e-07,1.41470131e-06,-1.17044643e-04,-1.11187584e-04,1.06171962e-04,4.66472610e-04,4.09432118e-05,2.66538747e-02,3.05615193e-01,0
0.504702,76.7447,1.65412302e-07,1.59186715e-07,1.18793649e-04,1.12002731e-04,-1.94302343e-07,7.16094085e-07,-1.18793490e-04,-1.12000442e-04,1.09824431e-04,4.85012525e-04,4.20056984e-05,3.09502710e-02,3.18243062e-01,0
0.504702,80.5319,2.70252421e-07,2.52523470e-07,1.20167815e-04,1.12612351e-04,-1.94044411e-07,1.60537769e-07,-1.20167658e-04,-1.12612237e-04,1.11745325e-04,4.98457434e-04,1.19621981e-04,3.44347636e-02,3.28017993e-01,0
0.504702,84.3191,3.62592016e-07,3.35029914e-07,1.21152447e-04,1.13058904e-04,-1.98965890e-07,-2.28190666e-07,-1.21152284e-04,-1.13058674e-04,1.11880048e-04,5.06433232e-04,1.85968888e-04,3.68871150e-02,3.34668971e-01,0
0.504702,88.1064,4.41619018e-07,4.05647480e-07,1.21736636e-04,1.13364335e-04,-2.09507161e-07,-4.33618489e-07,-1.21736455e-04,-1.13363506e-04,1.10046517e-04,5.08654213e-04,2.42709606e-04,3.81575762e-02,3.38108101e-01,0
0.504702,91.8936,5.05756071e-07,4.63514970e-07,1.21912420e-04,1.13538257e-04,-2.25829919e-07,-4.47224521e-07,-1.21912211e-04,-1.13537376e-04,1.06277062e-04,5.04930775e-04,2.85012030e-04,3.81660662e-02,3.38147133e-01,0
0.504702,95.6809,5.54701673e-07,5.07990258e-07,1.21676834e-04,1.13577568e-04,-2.48123371e-07,-2.68771318e-07,-1.21676581e-04,-1.13577250e-04,1.00421809e-04,4.95175592e-04,3.15174439e-04,3.69131978e-02,3.34839124e-01,0
0.504702,99.4681,5.87505961e-07,5.38668359e-07,1.21031508e-04,1.13466508e-04,-2.76147045e-07,9.36906791e-08,-1.21031193e-04,-1.13466469e-04,9.25779410e-05,4.79408062e-04,3.29520391e-04,3.44782283e-02,3.28118094e-01,0
0.504702,103.2553,6.04442686e-07,5.55395177e-07,1.19981583e-04,1.13177144e-04,-3.09741400e-07,6.24147123e-07,-1.19981183e-04,-1.13175423e-04,8.26632542e-05,4.57756828e-04,3.30936693e-04,3.10118934e-02,3.18162888e-01,0
0.504702,107.0426,6.05149918e-07,5.58276334e-07,1.18536019e-04,1.12670301e-04,-3.48161907e-07,1.29925906e-06,-1.18535507e-04,-1.12662809e-04,7.07766028e-05,4.30460257e-04,3.16268634e-04,2.67335825e-02,3.05091845e-01,0
0.504702,110.8298,5.90581004e-07,5.47680607e-07,1.16706763e-04,1.11896941e-04,-3.90767671e-07,2.08929237e-06,-1.16706109e-04,-1.11877434e-04,5.69084348e-05,3.97864750e-04,2.89460481e-04,2.19212312e-02,2.89206890e-01,0
0.504702,114.6170,5.61272646e-07,5.24237598e-07,1.14504095e-04,1.10800019e-04,-4.36198667e-07,2.95930080e-06,-1.14503264e-04,-1.10760493e-04,4.11271349e-05,3.60420847e-04,2.49885399e-04,1.68816852e-02,2.70832178e-01,0
0.504702,118.4043,5.18113849e-07,4.88829441e-07,1.11937116e-04,1.09316764e-04,-4.82634270e-07,3.87051610e-06,-1.11936075e-04,-1.09248222e-04,2.33382471e-05,3.18677111e-04,1.97589747e-04,1.19425096e-02,2.50513132e-01,0
0.504702,122.1915,4.63496157e-07,4.42576490e-07,1.09005798e-04,1.07381362e-04,-5.27887155e-07,4.78189060e-06,-1.09004520e-04,-1.07274836e-04,3.56073590e-06,2.73271857e-04,1.41150596e-04,7.40352639e-03,2.28775098e-01,0
0.504702,125.9787,3.99204864e-07,3.86817111e-07,1.05685783e-04,1.04927941e-04,-5.67644577e-07,5.65173164e-06,-1.05684259e-04,-1.04775621e-04,-1.87111833e-05,2.24922807e-04,8.35834963e-05,3.45393988e-03,2.06655884e-01,0
0.504702,129.7660,3.29609541e-07,3.23081871e-07,1.01888000e-04,1.01893747e-04,-5.92665643e-07,6.43936367e-06,-1.01886276e-04,-1.01690069e-04,-4.49233365e-05,1.74414864e-04,4.40439433e-05,2.61899793e-05,1.86047643e-01,0
0.504702,133.5532,2.56687728e-07,2.53062601e-07,9.75076065e-05,9.82223587e-05,-6.01467620e-07,7.10675266e-06,-9.75057515e-05,-9.79649213e-05,-7.44202235e-05,1.22586187e-04,2.44597071e-05,3.25755266e-03,1.67105312e-01,0
0.504702,137.3404,1.81179215e-07,1.78576944e-07,9.25253220e-05,9.38668096e-05,-5.97496323e-07,7.62002905e-06,-9.25233928e-05,-9.35570046e-05,-1.05150857e-04,7.03128552e-05,1.75582161e-05,6.11396098e-03,1.48832306e-01,0
0.504702,141.1277,1.04248465e-07,1.01529183e-07,8.70771670e-05,8.87924376e-05,-5.78889994e-07,7.95084936e-06,-8.70752427e-05,-8.84357449e-05,-1.35520793e-04,1.84924089e-05,1.83477289e-05,7.81751351e-03,1.30637496e-01,0
0.504702,144.9149,3.12506284e-08,2.38682390e-08,8.16537974e-05,8.29793399e-05,-5.43814790e-07,8.07754293e-06,-8.16519865e-05,-8.25852538e-05,-1.63820619e-04,-3.19733765e-05,4.98109596e-05,6.04128924e-03,1.11835825e-01,0
0.504702,148.7021,-3.40757676e-08,-5.24561298e-08,7.55981103e-05,7.64243007e-05,-5.08758280e-07,7.98599876e-06,-7.55963984e-05,-7.60059047e-05,-1.93246245e-04,-8.01961215e-05,1.24017231e-04,3.76544313e-03,9.58916824e-02,0
0.504702,152.4894,-9.71168889e-08,-1.25537862e-07,6.86842026e-05,6.91420978e-05,-4.66169860e-07,7.67025742e-06,-6.86826206e-05,-6.87153319e-05,-2.20990781e-04,-1.25318482e-04,1.91763923e-04,2.08690230e-03,8.11514167e-02,0
0.504702,156.2766,-1.56298810e-07,-1.93558709e-07,6.09641807e-05,6.11661206e-05,-4.16565807e-07,7.13278478e-06,-6.09627575e-05,-6.07488081e-05,-2.46503501e-04,-1.66531403e-04,2.51402531e-04,9.20360886e-04,6.78341497e-02,0
0.504702,160.0638,-2.09972952e-07,-2.54830802e-07,5.25100033e-05,5.25482652e-05,-3.60690573e-07,6.38441663e-06,-5.25087645e-05,-5.21589820e-05,-2.69243435e-04,-2.03090579e-04,3.02667942e-04,1.74382716e-04,5.61123546e-02,0
0.504702,163.8511,-2.56637313e-07,-3.07836536e-07,4.34106952e-05,4.33581055e-05,-2.99452987e-07,5.44397625e-06,-4.34096623e-05,-4.30149792e-05,-2.88745704e-04,-2.34331751e-04,3.45454883e-04,2.39682518e-04,4.61551512e-02,0
0.504702,167.6383,-2.95045086e-07,-3.51264716e-07,3.37697358e-05,3.36813678e-05,-2.33670381e-07,4.33757976e-06,-3.37689273e-05,-3.34008973e-05,-3.04616356e-04,-2.59684459e-04,3.79328913e-04,4.02745629e-04,3.81122556e-02,0
0.504702,171.4255,-3.24136131e-07,-3.84041987e-07,2.37025466e-05,2.36177699e-05,-1.64304280e-07,3.09765630e-06,-2.37019771e-05,-2.34137477e-05,-3.16536089e-04,-2.78683933e-04,4.04200868e-04,3.86377864e-04,3.21070589e-02,0
0.504702,175.2128,-3.43092533e-07,-4.05358692e-07,1.33337396e-05,1.32783077e-05,-9.25303633e-08,1.76172135e-06,-1.33334185e-05,-1.31609192e-05,-3.24260838e-04,-2.90980833e-04,4.20126465e-04,2.52636084e-04,2.82288563e-02,0
0.504702,179.0000,-3.51396407e-07,-4.14688449e-07,2.79435062e-06,2.78209647e-06,-1.96269655e-08,3.70951209e-07,-2.79428169e-06,-2.75725515e-06,-3.27638473e-04,-2.96348593e-04,4.27048372e-04,5.58495047e-05,2.65407867e-02,0
0.521870,1.0000,-1.72297294e-06,-1.77238890e-06,2.65777038e-06,2.69698969e-06,-1.60850365e-08,4.07380556e-07,-2.65772171e-06,-2.66604473e-06,-3.87359695e-05,-2.99580326e-05,3.33422714e-04,1.78745846e-04,7.44564543e-03,0
0.521870,4.7872,-1.71324994e-06,-1.76177026e-06,1.26818602e-05,1.28703655e-05,-7.54298769e-08,1.93483604e-06,-1.26816359e-05,-1.27240999e-05,-3.76081305e-05,-2.63724438e-05,3.27379611e-04,8.59131432e-04,9.53036462e-03,0
0.521870,8.5745,-1.69093828e-06,-1.73735692e-06,2.25433088e-05,2.28850343e-05,-1.33334655e-07,3.40247420e-06,-2.25429145e-05,-2.26306863e-05,-3.50233199e-05,-1.81474737e-05,3.13199012e-04,1.55744751e-03,1.43144760e-02,0
0.521870,12.3617,-1.65621254e-06,-1.69939394e-06,3.21171477e-05,3.26205998e-05,-1.87802212e-07,4.76536607e-06,-3.21165986e-05,-3.22706495e-05,-3.10059173e-05,-5.40968172e-06,2.91356476e-04,2.29453208e-03,2.17113083e-02,0
0.521870,16.1489,-1.60927467e-06,-1.64826551e-06,4.12845237e-05,4.19652278e-05,-2.37519631e-07,5.98255705e-06,-4.12838404e-05,-4.15366026e-05,-2.56137258e-05,1.16439602e-05,2.63081633e-04,3.10237547e-03,3.16028155e-02,0
0.521870,19.9362,-1.55049561e-06,-1.58449495e-06,4.99352445e-05,5.08189706e-05,-2.81408504e-07,7.01861513e-06,-4.99344516e-05,-5.03319662e-05,-1.89176924e-05,3.27478630e-05,2.29402670e-04,4.02766823e-03,4.38238974e-02,0
0.521870,23.7234,-1.48029893e-06,-1.50874443e-06,5.79703981e-05,5.90966161e-05,-3.18489993e-07,7.84496357e-06,-5.79695232e-05,-5.85735997e-05,-1.10244269e-05,5.75703200e-05,1.91929439e-04,5.13284842e-03,5.81836222e-02,0
0.521870,27.5106,-1.39920706e-06,-1.42181396e-06,6.53048365e-05,6.67299455e-05,-3.47956178e-07,8.44094621e-06,-6.53039095e-05,-6.61939277e-05,-2.04430726e-06,8.57167547e-05,1.52534823e-04,6.49507387e-03,7.44409260e-02,0
0.521870,31.2979,-1.30776156e-06,-1.32463934e-06,7.18694117e-05,7.36693103e-05,-3.69251537e-07,8.79458383e-06,-7.18684631e-05,-7.31424813e-05,7.87731633e-06,1.16733764e-04,1.13878847e-04,8.20321361e-03,9.23345113e-02,0
0.521870,35.0851,-1.20695766e-06,-1.21828873e-06,7.76166073e-05,7.98844625e-05,-3.82636506e-07,8.90299229e-06,-7.76156642e-05,-7.93868004e-05,1.86208723e-05,1.50114004e-04,7.64537749e-05,1.03359715e-02,1.11535461e-01,0
0.521870,38.8723,-1.11230987e-06,-1.10395736e-06,8.31508674e-05,8.53646082e-05,-3.94527767e-07,8.77244621e-06,-8.31499314e-05,-8.49126641e-05,3.17973155e-05,1.85301959e-04,5.63566425e-05,1.00893401e-02,1.30206125e-01,0
0.521870,42.6596,-1.00882998e-06,-9.82959957e-07,8.85553166e-05,9.01176837e-05,-3.89438680e-07,8.41808596e-06,-8.85544602e-05,-8.97236465e-05,4.31438691e-05,2.21700618e-04,1.74551999e-04,7.12064093e-03,1.51455890e-01,0
0.521870,46.4468,-8.98487663e-07,-8.56720756e-07,9.34228927e-05,9.41688920e-05,-3.74736724e-07,7.86327976e-06,-9.34221411e-05,-9.38400184e-05,5.41435581e-05,2.58679077e-04,2.81812518e-04,3.39996484e-03,1.73491673e-01,0
0.521870,50.2340,-7.81683269e-07,-7.26760561e-07,9.76565908e-05,9.75585723e-05,-3.53969222e-07,7.13866595e-06,-9.76559493e-05,-9.72970424e-05,6.47104407e-05,2.95581045e-04,3.70578236e-04,4.46729064e-04,1.95829690e-01,0
0.521870,54.0213,-6.56755269e-07,-5.94680880e-07,1.01262750e-04,1.00339508e-04,-3.30186453e-07,6.28091332e-06,-1.01262211e-04,-1.00142733e-04,7.45569607e-05,3.31734216e-04,4.18832539e-04,4.20776647e-03,2.18143589e-01,0
0.521870,57.8085,-5.20691071e-07,-4.62144966e-07,1.04352599e-04,1.02573809e-04,-3.08134562e-07,5.33124805e-06,-1.04352144e-04,-1.02435170e-04,8.28586046e-05,3.66460447e-04,3.95026267e-04,8.10701080e-03,2.40557524e-01,0
0.521870,61.5957,-3.80036277e-07,-3.30855839e-07,1.07053487e-04,1.04329532e-04,-2.87455042e-07,4.33380541e-06,-1.07053101e-04,-1.04239481e-04,9.00587485e-05,3.99086616e-04,3.31833599e-04,1.24146908e-02,2.62124456e-01,0
0.521870,65.3830,-2.39362975e-07,-2.02531487e-07,1.09417921e-04,1.05677206e-04,-2.68412851e-07,3.33387070e-06,-1.09417591e-04,-1.05624605e-04,9.62609000e-05,4.28956040e-04,2.48511920e-04,1.70486735e-02,2.82199574e-01,0
0.521870,69.1702,-1.02740471e-07,-7.88775511e-08,1.11461655e-04,1.06686438e-04,-2.52278180e-07,2.37607867e-06,-1.11461370e-04,-1.06659975e-04,1.01250106e-04,4.55440272e-04,1.61009516e-04,2.17635182e-02,3.00432143e-01,0
0.521870,72.9574,2.79402739e-08,3.84420369e-08,1.13188088e-04,1.07422762e-04,-2.39346481e-07,1.50264195e-06,-1.13187835e-04,-1.07412252e-04,1.05052052e-04,4.77951065e-04,7.08582100e-05,2.62760354e-02,3.16301412e-01,0
0.521870,76.7447,1.50342325e-07,1.47835877e-07,1.14589863e-04,1.07944846e-04,-2.30501873e-07,7.51678081e-07,-1.14589632e-04,-1.07942228e-04,1.07475149e-04,4.95952289e-04,1.69116737e-05,3.02853181e-02,3.29515133e-01,0
0.521870,80.5319,2.62139431e-07,2.47816689e-07,1.15662631e-04,1.08302160e-04,-2.26486538e-07,1.55700741e-07,-1.15662409e-04,-1.08302048e-04,1.08431068e-04,5.08971515e-04,9.66393776e-05,3.35460645e-02,3.39747503e-01,0
0.521870,84.3191,3.61728807e-07,3.37032869e-07,1.16396893e-04,1.08533141e-04,-2.27824133e-07,-2.59665708e-07,-1.16396670e-04,-1.08532831e-04,1.07768300e-04,5.16611014e-04,1.66630117e-04,3.58398146e-02,3.46789675e-01,0
0.521870,88.1064,4.47858146e-07,4.14299140e-07,1.16788935e-04,1.08663852e-04,-2.35050815e-07,-4.76697915e-07,-1.16788698e-04,-1.08662807e-04,1.05369424e-04,5.18557879e-04,2.26431610e-04,3.70308569e-02,3.50475832e-01,0
0.521870,91.8936,5.18865960e-07,4.78625402e-07,1.16834129e-04,1.08707126e-04,-2.48345974e-07,-4.86271866e-07,-1.16833865e-04,-1.08706039e-04,1.01226168e-04,5.14592980e-04,2.71513831e-04,3.70396074e-02,3.50627117e-01,0
0.521870,95.6809,5.74387272e-07,5.29242842e-07,1.16531775e-04,1.08662154e-04,-2.67965908e-07,-2.88220482e-07,-1.16531467e-04,-1.08661771e-04,9.51951815e-05,5.04598473e-04,3.04601567e-04,3.58665679e-02,3.47265170e-01,0
0.521870,99.4681,6.13387363e-07,5.65626415e-07,1.15884734e-04,1.08514502e-04,-2.93697778e-07,1.08663459e-07,-1.15884362e-04,-1.08514448e-04,8.73164356e-05,4.88563621e-04,3.22255916e-04,3.35905530e-02,3.40346975e-01,0
0.521870,103.2553,6.35790635e-07,5.87512841e-07,1.14895168e-04,1.08236560e-04,-3.25281959e-07,6.86979151e-07,-1.14894707e-04,-1.08234380e-04,7.75510649e-05,4.66588661e-04,3.25743220e-04,3.03472551e-02,3.29990525e-01,0
0.521870,107.0426,6.41745140e-07,5.94913358e-07,1.13571126e-04,1.07788430e-04,-3.62196473e-07,1.42141045e-06,-1.13570549e-04,-1.07779057e-04,6.58516350e-05,4.38886559e-04,3.15986589e-04,2.63552057e-02,3.16416695e-01,0
0.521870,110.8298,6.31436387e-07,5.88120596e-07,1.11915339e-04,1.07119295e-04,-4.03402435e-07,2.27973219e-06,-1.11914611e-04,-1.07095033e-04,5.22648507e-05,4.05782466e-04,2.92263252e-04,2.18584382e-02,2.99861670e-01,0
0.521870,114.6170,6.05457767e-07,5.67709072e-07,1.09933725e-04,1.06169288e-04,-4.47563613e-07,3.22409061e-06,-1.09932814e-04,-1.06120323e-04,3.66741147e-05,3.67710798e-04,2.54700558e-04,1.71567901e-02,2.80792833e-01,0
0.521870,118.4043,5.65923908e-07,5.34528975e-07,1.07621359e-04,1.04871846e-04,-4.93043242e-07,4.21250750e-06,-1.07620229e-04,-1.04787208e-04,1.91553619e-05,3.25209893e-04,2.11830031e-04,1.25311718e-02,2.59602404e-01,0
0.521870,122.1915,5.13534531e-07,4.89693117e-07,1.04960548e-04,1.03156522e-04,-5.36618397e-07,5.20054912e-06,-1.04959177e-04,-1.03025348e-04,-7.08955778e-07,2.78914253e-04,1.60864414e-04,8.22202678e-03,2.37182756e-01,0
0.521870,125.9787,4.51111076e-07,4.34557111e-07,1.01894102e-04,1.00952144e-04,-5.72879712e-07,6.14309423e-06,-1.01892492e-04,-1.00765062e-04,-2.36329060e-05,2.29544480e-04,1.11694036e-04,4.29306762e-03,2.14750809e-01,0
0.521870,129.7660,3.82626756e-07,3.70693046e-07,9.82989078e-05,9.81902201e-05,-5.92201348e-07,6.99613183e-06,-9.82971239e-05,-9.79406630e-05,-5.11724610e-05,1.77895033e-04,8.05199419e-05,4.95354690e-04,1.94300251e-01,0
0.521870,133.5532,3.08846667e-07,2.99857130e-07,9.40700830e-05,9.48084093e-05,-5.98589849e-07,7.71851799e-06,-9.40681785e-05,-9.44936980e-05,-8.14095779e-05,1.24820031e-04,6.06548126e-05,3.36499464e-03,1.74928638e-01,0
0.521870,137.3404,2.31433977e-07,2.23951999e-07,8.91972335e-05,9.07538989e-05,-5.93839345e-07,8.27362282e-06,-8.91952567e-05,-9.03759776e-05,-1.12756397e-04,7.12173816e-05,5.04829164e-05,7.09465458e-03,1.56050737e-01,0
0.521870,141.1277,1.52003446e-07,1.44984514e-07,8.37760831e-05,8.59865130e-05,-5.76665480e-07,8.63080276e-06,-8.37740983e-05,-8.55522628e-05,-1.43976023e-04,1.80115456e-05,4.73586177e-05,1.00742503e-02,1.37401535e-01,0
0.521870,144.9149,7.23951954e-08,6.50200903e-08,7.82099555e-05,8.04813938e-05,-5.40006439e-07,8.76664039e-06,-7.82080912e-05,-8.00025048e-05,-1.72207837e-04,-3.38646715e-05,4.97618111e-05,1.03523022e-02,1.17345815e-01,0
0.521870,148.7021,4.35307422e-09,-1.38653171e-08,7.24287965e-05,7.42311202e-05,-5.04488212e-07,8.66590298e-06,-7.24270395e-05,-7.37235466e-05,-2.01799318e-04,-8.34889015e-05,1.22924369e-04,8.21426618e-03,1.00353583e-01,0
0.521870,152.4894,-6.13331119e-08,-8.96343203e-08,6.58208875e-05,6.72471570e-05,-4.62014436e-07,8.32218206e-06,-6.58192660e-05,-6.67302136e-05,-2.29748937e-04,-1.29968129e-04,1.90955839e-04,6.50036236e-03,8.46363469e-02,0
0.521870,156.2766,-1.23119626e-07,-1.60336999e-07,5.84342413e-05,5.95605647e-05,-4.12700480e-07,7.73818870e-06,-5.84327839e-05,-5.90557474e-05,-2.55414151e-04,-1.72457293e-04,2.51115587e-04,5.13332878e-03,7.03658909e-02,0
0.521870,160.0638,-1.79236555e-07,-2.24158272e-07,5.03388526e-05,5.12219311e-05,-3.57288539e-07,6.92569290e-06,-5.03375846e-05,-5.07515616e-05,-2.78274059e-04,-2.10177117e-04,3.03098866e-04,4.02471642e-03,5.77613726e-02,0
0.521870,163.8511,-2.28073150e-07,-2.79462441e-07,4.16208862e-05,4.23005246e-05,-2.96598086e-07,5.90510906e-06,-4.16198294e-05,-4.18863232e-05,-2.97852932e-04,-2.42430736e-04,3.46737326e-04,3.09751834e-03,4.70103654e-02,0
0.521870,167.6383,-2.68282401e-07,-3.24833668e-07,3.23804205e-05,3.28827019e-05,-2.31489948e-07,4.70474388e-06,-3.23795931e-05,-3.25443922e-05,-3.13776448e-04,-2.68618703e-04,3.81566553e-04,2.28919617e-03,3.83038254e-02,0
0.521870,171.4255,-2.98752997e-07,-3.59111243e-07,2.27289144e-05,2.30696321e-05,-1.62820039e-07,3.35973575e-06,-2.27283312e-05,-2.28236741e-05,-3.25725028e-04,-2.88251985e-04,4.07253261e-04,1.55285417e-03,3.17854859e-02,0
0.521870,175.2128,-3.18658688e-07,-3.81418659e-07,1.27865714e-05,1.29744311e-05,-9.15977980e-08,1.91072717e-06,-1.27862434e-05,-1.28329648e-05,-3.33482469e-04,-3.00962641e-04,4.23458348e-04,8.56188942e-04,2.75840569e-02,0
0.521870,179.0000,-3.27376365e-07,-3.91185649e-07,2.67972032e-06,2.71881885e-06,-1.94351607e-08,4.02321993e-07,-2.67964984e-06,-2.68888694e-06,-3.36872887e-04,-3.06511875e-04,4.30538348e-04,1.78195391e-04,2.57529001e-02,0
0.539038,1.0000,-1.78231365e-06,-1.82417044e-06,2.60751739e-06,2.69498927e-06,-1.82593981e-08,4.35841912e-07,-2.60745345e-06,-2.65951292e-06,-4.96994236e-06,4.81772228e-06,2.82418945e-04,3.98661632e-04,8.30211943e-03,0
0.539038,4.7872,-1.77240845e-06,-1.81369312e-06,1.24415543e-05,1.28587679e-05,-8.60293880e-08,2.06998902e-06,-1.24412569e-05,-1.26910621e-05,-4.12950153e-06,8.17913539e-06,2.78558781e-04,1.90149184e-03,1.04404654e-02,0
0.539038,8.5745,-1.74969916e-06,-1.78959153e-06,2.21139735e-05,2.28559885e-05,-1.52073540e-07,3.64005096e-06,-2.21134506e-05,-2.25642691e-05,-2.20288966e-06,1.58923916e-05,2.69164545e-04,3.38180613e-03,1.53488285e-02,0
0.539038,12.3617,-1.71431312e-06,-1.75207686e-06,3.15006857e-05,3.25603752e-05,-2.14272460e-07,5.09789528e-06,-3.14999569e-05,-3.21588167e-05,7.97660404e-07,2.78446516e-05,2.54802059e-04,4.82963842e-03,2.29418722e-02,0
0.539038,16.1489,-1.66648278e-06,-1.70148199e-06,4.04833531e-05,4.18547651e-05,-2.71390180e-07,6.39965098e-06,-4.04824434e-05,-4.13626139e-05,4.83039663e-06,4.38598604e-05,2.36149056e-04,6.25034440e-03,3.31056776e-02,0
0.539038,19.9362,-1.60658101e-06,-1.63826386e-06,4.89523572e-05,5.06346491e-05,-3.22101904e-07,7.50736837e-06,-4.89512975e-05,-5.00750149e-05,9.84817771e-06,6.36997978e-05,2.13772684e-04,7.66720981e-03,4.56781672e-02,0
0.539038,23.7234,-1.53503853e-06,-1.56300608e-06,5.68090317e-05,5.88112073e-05,-3.65147206e-07,8.39044794e-06,-5.68078582e-05,-5.82096082e-05,1.57984141e-05,8.70656056e-05,1.88704546e-04,9.12511104e-03,6.04504504e-02,0
0.539038,27.5106,-1.45233664e-06,-1.47642152e-06,6.39682352e-05,6.63137179e-05,-3.99730300e-07,9.02678229e-06,-6.39669862e-05,-6.56964716e-05,2.25932319e-05,1.13599872e-04,1.62507146e-04,1.06897667e-02,7.71938993e-02,0
0.539038,31.2979,-1.35906636e-06,-1.37935423e-06,7.03604055e-05,7.30912416e-05,-4.25279027e-07,9.40356671e-06,-7.03591202e-05,-7.24838088e-05,3.01272439e-05,1.42889368e-04,1.36887723e-04,1.24460524e-02,9.56473947e-02,0
0.539038,35.0851,-1.26248948e-06,-1.27278024e-06,7.60247137e-05,7.91135128e-05,-4.47180636e-07,9.51774705e-06,-7.60233985e-05,-7.85389101e-05,3.96704382e-05,1.74468525e-04,6.94344860e-05,1.40775035e-02,1.14338799e-01,0
0.539038,38.8723,-1.16487607e-06,-1.15780654e-06,8.17702697e-05,8.43710015e-05,-4.56138065e-07,9.37608729e-06,-8.17689974e-05,-8.38484041e-05,4.90822111e-05,2.07823757e-04,4.76999812e-05,1.18530891e-02,1.34648184e-01,0
0.539038,42.6596,-1.05964338e-06,-1.03566783e-06,8.71411173e-05,8.88741457e-05,-4.51124814e-07,8.99485474e-06,-8.71399496e-05,-8.84177944e-05,5.76292696e-05,2.42398700e-04,1.61769408e-04,7.89844652e-03,1.56725627e-01,0
0.539038,46.4468,-9.47548186e-07,-9.07720407e-07,9.18956894e-05,9.26517922e-05,-4.36203175e-07,8.39913512e-06,-9.18946541e-05,-9.22703047e-05,6.60168096e-05,2.77600440e-04,2.68728699e-04,3.44601257e-03,1.79470040e-01,0
0.539038,50.2340,-8.28985959e-07,-7.75432774e-07,9.59589994e-05,9.57489192e-05,-4.14267575e-07,7.62180485e-06,-9.59581051e-05,-9.54450816e-05,7.41963884e-05,3.12806765e-04,3.61337693e-04,9.57461125e-04,2.02394741e-01,0
0.539038,54.0213,-7.03013702e-07,-6.40372747e-07,9.93341124e-05,9.82237557e-05,-3.87856783e-07,6.70220082e-06,-9.93333551e-05,-9.79948299e-05,8.19567529e-05,3.47374448e-04,4.22655313e-04,5.06055908e-03,2.25133317e-01,0
0.539038,57.8085,-5.66210591e-07,-5.04190710e-07,1.02111611e-04,1.00144442e-04,-3.61652992e-07,5.68454012e-06,-1.02110971e-04,-9.99829751e-05,8.84892633e-05,3.80648528e-04,4.18464762e-04,8.96556396e-03,2.47816123e-01,0
0.539038,61.5957,-4.22317791e-07,-3.68599090e-07,1.04445065e-04,1.01585406e-04,-3.37458444e-07,4.61615167e-06,-1.04444519e-04,-1.01480470e-04,9.37670243e-05,4.11972521e-04,3.62454471e-04,1.30331734e-02,2.69909129e-01,0
0.539038,65.3830,-2.77375766e-07,-2.35348112e-07,1.06427147e-04,1.02623641e-04,-3.15027103e-07,3.54558940e-06,-1.06426681e-04,-1.02562373e-04,9.81146031e-05,4.40699444e-04,2.83571847e-04,1.73348533e-02,2.90588242e-01,0
0.539038,69.1702,-1.34430634e-07,-1.06198146e-07,1.08094078e-04,1.03335080e-04,-2.94917186e-07,2.52070088e-06,-1.08093675e-04,-1.03304331e-04,1.01544774e-04,4.66203483e-04,1.90492160e-04,2.16895979e-02,3.09311799e-01,0
0.539038,72.9574,2.29126346e-09,1.71108868e-08,1.09462340e-04,1.03791242e-04,-2.78480600e-07,1.58672728e-06,-1.09461985e-04,-1.03779113e-04,1.03845331e-04,4.87892120e-04,9.99919713e-05,2.58465808e-02,3.25757209e-01,0
0.539038,76.7447,1.31513512e-07,1.32892448e-07,1.10540044e-04,1.04056288e-04,-2.66114728e-07,7.84509300e-07,-1.10539724e-04,-1.04053331e-04,1.05005176e-04,5.05218452e-04,9.30404889e-06,2.95503519e-02,3.39469990e-01,0
0.539038,80.5319,2.50395014e-07,2.39547850e-07,1.11328693e-04,1.04184578e-04,-2.58721879e-07,1.48869258e-07,-1.11328392e-04,-1.04184472e-04,1.04920650e-04,5.17693450e-04,7.31887211e-05,3.25600024e-02,3.50123264e-01,0
0.539038,84.3191,3.57400563e-07,3.35601385e-07,1.11828224e-04,1.04218779e-04,-2.56953999e-07,-2.92766968e-07,-1.11827929e-04,-1.04218368e-04,1.03389519e-04,5.24897838e-04,1.47084902e-04,3.46807893e-02,3.57532929e-01,0
0.539038,88.1064,4.50727482e-07,4.19735093e-07,1.12039831e-04,1.04188503e-04,-2.61301109e-07,-5.21454278e-07,-1.12039527e-04,-1.04187198e-04,1.00386128e-04,5.26493278e-04,2.09113959e-04,3.57831978e-02,3.61433762e-01,0
0.539038,91.8936,5.28991782e-07,4.90822122e-07,1.11962739e-04,1.04109436e-04,-2.72066538e-07,-5.27476371e-07,-1.11962408e-04,-1.04108100e-04,9.58327245e-05,5.22232534e-04,2.57540929e-04,3.57921932e-02,3.61682003e-01,0
0.539038,95.6809,5.91405162e-07,5.47957573e-07,1.11598320e-04,1.03982919e-04,-2.89455492e-07,-3.10728153e-07,-1.11597945e-04,-1.03982455e-04,8.95976503e-05,5.11968278e-04,2.93152526e-04,3.47079356e-02,3.58264359e-01,0
0.539038,99.4681,6.37140852e-07,5.90485747e-07,1.10949950e-04,1.03795929e-04,-3.13412756e-07,1.19282426e-07,-1.10949507e-04,-1.03795860e-04,8.16242221e-05,4.95660238e-04,3.14794504e-04,3.26051487e-02,3.51194752e-01,0
0.539038,103.2553,6.65686567e-07,6.18022769e-07,1.10018841e-04,1.03521475e-04,-3.43492165e-07,7.43813148e-07,-1.10018305e-04,-1.03518803e-04,7.19495955e-05,4.73380398e-04,3.21600425e-04,2.96123801e-02,3.40502724e-01,0
0.539038,107.0426,6.77336758e-07,6.30473644e-07,1.08807576e-04,1.03119431e-04,-3.79223557e-07,1.53563201e-06,-1.08806916e-04,-1.03107996e-04,6.04355729e-05,4.45315999e-04,3.16197989e-04,2.59242776e-02,3.26464319e-01,0
0.539038,110.8298,6.71754269e-07,6.28042935e-07,1.07316692e-04,1.02537854e-04,-4.19368885e-07,2.46009816e-06,-1.07315873e-04,-1.02508338e-04,4.70366097e-05,4.11770135e-04,2.94932087e-04,2.17800238e-02,3.09375260e-01,0
0.539038,114.6170,6.50889078e-07,6.11238417e-07,1.05539983e-04,1.01714825e-04,-4.62892010e-07,3.47653683e-06,-1.05538968e-04,-1.01655395e-04,3.17616156e-05,3.73159816e-04,2.67533638e-04,1.74335309e-02,2.89581707e-01,0
0.539038,118.4043,6.14544068e-07,5.80867259e-07,1.03462242e-04,1.00580843e-04,-5.07074457e-07,4.53985430e-06,-1.03460999e-04,-1.00478334e-04,1.42886082e-05,3.30011396e-04,2.27226456e-04,1.31322571e-02,2.67803239e-01,0
0.539038,122.1915,5.64960679e-07,5.38024499e-07,1.01047597e-04,9.90617137e-05,-5.48620671e-07,5.60232943e-06,-1.01046107e-04,-9.89031700e-05,-5.77017106e-06,2.82953378e-04,1.81745630e-04,9.05085602e-03,2.44901871e-01,0
0.539038,125.9787,5.05247230e-07,4.84073813e-07,9.81995602e-05,9.70818644e-05,-5.79856995e-07,6.61551150e-06,-9.81978482e-05,-9.68561996e-05,-2.97370537e-05,2.32706641e-04,1.42862718e-04,5.09400753e-03,2.22610702e-01,0
0.539038,129.7660,4.37858608e-07,4.20620830e-07,9.47787458e-05,9.45679345e-05,-5.95400263e-07,7.53214973e-06,-9.47768756e-05,-9.42674968e-05,-5.81005175e-05,1.80072244e-04,1.16307904e-04,9.60793305e-04,2.02023545e-01,0
0.539038,133.5532,3.63578981e-07,3.49479463e-07,9.06929224e-05,9.14524747e-05,-5.99833409e-07,8.30807879e-06,-9.06909388e-05,-9.10743155e-05,-8.88169680e-05,1.25917011e-04,9.51332308e-05,3.46173365e-03,1.82142238e-01,0
0.539038,137.3404,2.84623859e-07,2.72631990e-07,8.59377293e-05,8.76775609e-05,-5.94218665e-07,8.90398625e-06,-8.59356749e-05,-8.72242725e-05,-1.20598655e-04,7.11571852e-05,8.09123528e-05,7.92945245e-03,1.62651658e-01,0
0.539038,141.1277,2.02985687e-07,1.92183821e-07,8.05871338e-05,8.31981329e-05,-5.77584566e-07,9.28699241e-06,-8.05850639e-05,-8.26781778e-05,-1.52326713e-04,1.67404959e-05,7.28830795e-05,1.18998836e-02,1.43406646e-01,0
0.539038,144.9149,1.21177536e-07,1.10314063e-07,7.48802561e-05,7.79848841e-05,-5.46671178e-07,9.43198059e-06,-7.48782606e-05,-7.74124014e-05,-1.82184181e-04,-3.63729561e-05,7.32987607e-05,1.41496450e-02,1.23680392e-01,0
0.539038,148.7021,4.67920335e-08,2.92231838e-08,6.92759191e-05,7.20265534e-05,-5.04335965e-07,9.32262541e-06,-6.92740832e-05,-7.14206766e-05,-2.10273337e-04,-8.72305481e-05,1.18541738e-04,1.25362845e-02,1.04367688e-01,0
0.539038,152.4894,-2.11524197e-08,-4.89208328e-08,6.29672010e-05,6.53315066e-05,-4.61758281e-07,8.95207867e-06,-6.29655079e-05,-6.47152690e-05,-2.38333865e-04,-1.34907243e-04,1.87360926e-04,1.07755536e-02,8.77288101e-02,0
0.539038,156.2766,-8.51549160e-08,-1.22036350e-07,5.59090005e-05,5.79285298e-05,-4.12468776e-07,8.32328568e-06,-5.59074790e-05,-5.73274583e-05,-2.64062279e-04,-1.78525452e-04,2.48848922e-04,9.20420194e-03,7.25542788e-02,0
0.539038,160.0638,-1.43373361e-07,-1.88180462e-07,4.81690762e-05,4.98667970e-05,-3.57099418e-07,7.44891953e-06,-4.81677526e-05,-4.93073123e-05,-2.86950992e-04,-2.17274158e-04,3.02325522e-04,7.73752827e-03,5.91014729e-02,0
0.539038,163.8511,-1.94184828e-07,-2.45598396e-07,3.98305240e-05,4.12150123e-05,-2.96366162e-07,6.35093556e-06,-3.98294214e-05,-4.07227560e-05,-3.06572240e-04,-2.50426796e-04,3.46901121e-04,6.30994090e-03,4.76238405e-02,0
0.539038,167.6383,-2.36041842e-07,-2.92768518e-07,3.09896873e-05,3.20597608e-05,-2.31256726e-07,5.05976344e-06,-3.09888244e-05,-3.16579699e-05,-3.22517248e-04,-2.77357438e-04,3.82750086e-04,4.87696456e-03,3.83055766e-02,0
0.539038,171.4255,-2.67734421e-07,-3.28441632e-07,2.17537169e-05,2.25031380e-05,-1.62723078e-07,3.61316813e-06,-2.17531083e-05,-2.22111737e-05,-3.34467064e-04,-2.97554846e-04,4.09607830e-04,3.41555981e-03,3.13097813e-02,0
0.539038,175.2128,-2.88443328e-07,-3.51673414e-07,1.22383518e-05,1.26597540e-05,-9.15680339e-08,2.05482435e-06,-1.22380093e-05,-1.24918801e-05,-3.42218112e-04,-3.10634023e-04,4.26630334e-04,1.92058152e-03,2.67903417e-02,0
0.539038,179.0000,-2.97534461e-07,-3.61849029e-07,2.56486322e-06,2.65323460e-06,-1.93793926e-08,4.32660035e-07,-2.56479000e-06,-2.61772021e-06,-3.45611144e-04,-3.16344954e-04,4.33947631e-04,4.02761191e-04,2.48242471e-02,0
0.556206,1.0000,-1.83691408e-06,-1.87119698e-06,2.55338531e-06,2.68686994e-06,-2.03308479e-08,4.63478311e-07,-2.55330437e-06,-2.64659365e-06,2.97897836e-05,4.03504302e-05,2.31315949e-04,6.08369223e-04,8.95778028e-03,0
0.556206,4.7872,-1.82692041e-06,-1.86094201e-06,1.21828259e-05,1.28181848e-05,-9.61547804e-08,2.20122403e-06,-1.21824464e-05,-1.26277660e-05,3.03352662e-05,4.34748965e-05,2.29552806e-04,2.89571035e-03,1.11453328e-02,0
0.556206,8.5745,-1.80402253e-06,-1.83733706e-06,2.16522778e-05,2.27762843e-05,-1.69975400e-07,3.87073830e-06,-2.16516106e-05,-2.24449663e-05,3.15833144e-05,5.06470640e-05,2.24782074e-04,5.12276960e-03,1.61703054e-02,0
0.556206,12.3617,-1.76827080e-06,-1.80055444e-06,3.08388527e-05,3.24299108e-05,-2.39569148e-07,5.42077634e-06,-3.08379221e-05,-3.19736500e-05,3.35372832e-05,6.17680798e-05,2.17826388e-04,7.25140259e-03,2.39460028e-02,0
0.556206,16.1489,-1.71998085e-06,-1.75086805e-06,3.96253010e-05,4.16573934e-05,-3.03755726e-07,6.80463348e-06,-3.96241368e-05,-4.10978757e-05,3.61718415e-05,7.66832272e-05,2.08404213e-04,9.26145933e-03,3.43626774e-02,0
0.556206,19.9362,-1.65945900e-06,-1.68865827e-06,4.79029490e-05,5.03503742e-05,-3.60789403e-07,7.98191358e-06,-4.79015904e-05,-4.97136726e-05,3.94788390e-05,9.51822366e-05,1.97015342e-04,1.11543793e-02,4.72488870e-02,0
0.556206,23.7234,-1.58710483e-06,-1.61441790e-06,5.55738710e-05,5.84170049e-05,-4.09590084e-07,8.92005115e-06,-5.55723616e-05,-5.77319595e-05,4.34191013e-05,1.16999846e-04,1.84288587e-04,1.29578606e-02,6.24128589e-02,0
0.556206,27.5106,-1.50345618e-06,-1.52875864e-06,6.25531849e-05,6.57844851e-05,-4.49190189e-07,9.59552771e-06,-6.25515721e-05,-6.50809061e-05,4.79530059e-05,1.41816731e-04,1.70722431e-04,1.47269665e-02,7.96173429e-02,0
0.556206,31.2979,-1.40902631e-06,-1.43241741e-06,6.87714114e-05,7.24008400e-05,-4.78766318e-07,9.99473511e-06,-6.87697449e-05,-7.17076488e-05,5.30332403e-05,1.69260933e-04,1.57825994e-04,1.65414751e-02,9.85869683e-02,0
0.556206,35.0851,-1.31655542e-06,-1.32626182e-06,7.45471368e-05,7.82358627e-05,-5.06136476e-07,1.01144522e-05,-7.45454186e-05,-7.75793018e-05,6.06483679e-05,1.98909943e-04,6.54917171e-05,1.68117287e-02,1.17276608e-01,0
0.556206,38.8723,-1.21749900e-06,-1.21129398e-06,8.03600439e-05,8.32811844e-05,-5.14715240e-07,9.96191640e-06,-8.03583954e-05,-8.26832262e-05,6.67924366e-05,2.30293572e-04,4.18668791e-05,1.33133834e-02,1.38685377e-01,0
0.556206,42.6596,-1.11100266e-06,-1.08865192e-06,8.56696210e-05,8.75494675e-05,-5.10067732e-07,9.55448750e-06,-8.56681025e-05,-8.70265535e-05,7.25703425e-05,2.62897754e-04,1.50806444e-04,8.56758411e-03,1.61440033e-01,0
0.556206,46.4468,-9.97758922e-07,-9.59607874e-07,9.03060521e-05,9.10727609e-05,-4.95359308e-07,8.91891746e-06,-9.03046935e-05,-9.06349860e-05,7.82905159e-05,2.96169393e-04,2.57415349e-04,3.49435038e-03,1.84809812e-01,0
0.556206,50.2340,-8.77678895e-07,-8.25562969e-07,9.42071092e-05,9.39000953e-05,-4.72571732e-07,8.09025460e-06,-9.42059240e-05,-9.35509255e-05,8.39843919e-05,3.29522351e-04,3.51640120e-04,1.39924625e-03,2.08270873e-01,0
0.556206,54.0213,-7.50364608e-07,-6.88037574e-07,9.73751501e-05,9.60944338e-05,-4.44157060e-07,7.11042565e-06,-9.73741371e-05,-9.58310078e-05,8.94865337e-05,3.62344618e-04,4.20537209e-04,5.83698965e-03,2.31444424e-01,0
0.556206,57.8085,-6.13648933e-07,-5.48657201e-07,9.98811851e-05,9.77291357e-05,-4.14130427e-07,6.02655132e-06,-9.98803265e-05,-9.75431424e-05,9.41876217e-05,3.94006688e-04,4.38516637e-04,9.80817541e-03,2.54313341e-01,0
0.556206,61.5957,-4.67047131e-07,-4.09133693e-07,1.01881332e-04,9.88841156e-05,-3.86341506e-07,4.88906157e-06,-1.01880600e-04,-9.87631783e-05,9.75828033e-05,4.23871082e-04,3.90757490e-04,1.36601082e-02,2.76765128e-01,0
0.556206,65.3830,-3.17776971e-07,-2.71241763e-07,1.03507935e-04,9.96419049e-05,-3.60414684e-07,3.74968464e-06,-1.03507307e-04,-9.95713266e-05,1.00076741e-04,4.51302945e-04,3.13985522e-04,1.76198090e-02,2.97918043e-01,0
0.556206,69.1702,-1.70031004e-07,-1.36791149e-07,1.04822365e-04,1.00083823e-04,-3.37032595e-07,2.65938888e-06,-1.04821823e-04,-1.00048485e-04,1.01790116e-04,4.75681552e-04,2.24278212e-04,2.15963675e-02,3.17143208e-01,0
0.556206,72.9574,-2.62803677e-08,-7.59483850e-09,1.05856179e-04,1.00286453e-04,-3.16939185e-07,1.66635797e-06,-1.05855704e-04,-1.00272608e-04,1.02654340e-04,4.96412535e-04,1.26076274e-04,2.53845678e-02,3.33994644e-01,0
0.556206,76.7447,1.09185061e-07,1.14565972e-07,1.06628817e-04,1.00318573e-04,-3.01468630e-07,8.14079192e-07,-1.06628391e-04,-1.00315270e-04,1.02491889e-04,5.12940576e-04,3.63064456e-05,2.87595548e-02,3.48151898e-01,0
0.556206,80.5319,2.35312810e-07,2.27979325e-07,1.07150552e-04,1.00238647e-04,-2.91050511e-07,1.39619747e-07,-1.07150157e-04,-1.00238550e-04,1.01292404e-04,5.24762273e-04,4.94809908e-05,3.15016845e-02,3.59196760e-01,0
0.556206,84.3191,3.49829409e-07,3.31041359e-07,1.07429656e-04,1.00092905e-04,-2.86523308e-07,-3.27841385e-07,-1.07429274e-04,-1.00092368e-04,9.88701561e-05,5.31438851e-04,1.26768012e-04,3.34379598e-02,3.66914591e-01,0
0.556206,88.1064,4.50690702e-07,4.22295412e-07,1.07471665e-04,9.99139942e-05,-2.88420322e-07,-5.68168288e-07,-1.07471278e-04,-9.99123787e-05,9.52109104e-05,5.32608358e-04,1.91590633e-04,3.44448251e-02,3.71010449e-01,0
0.556206,91.8936,5.36479540e-07,5.00470170e-07,1.07279813e-04,9.97201247e-05,-2.97061940e-07,-5.71064446e-07,-1.07279402e-04,-9.97184895e-05,9.01893834e-05,5.27996980e-04,2.42964877e-04,3.44540172e-02,3.71358346e-01,0
0.556206,95.6809,6.06246198e-07,5.64515546e-07,1.06857438e-04,9.95146532e-05,-3.12688376e-07,-3.36479316e-07,-1.06856980e-04,-9.95140844e-05,8.36923701e-05,5.17429100e-04,2.81567897e-04,3.34654582e-02,3.67905345e-01,0
0.556206,99.4681,6.59182605e-07,6.13635049e-07,1.06207924e-04,9.92860417e-05,-3.35246320e-07,1.25390785e-07,-1.06207395e-04,-9.92859625e-05,7.56073817e-05,5.00835738e-04,3.07321566e-04,3.15471545e-02,3.60688349e-01,0
0.556206,103.2553,6.94540333e-07,6.47313385e-07,1.05331988e-04,9.90081915e-05,-3.64289139e-07,7.94507512e-07,-1.05331358e-04,-9.90050036e-05,6.59520822e-05,4.78261030e-04,3.18652879e-04,2.88213206e-02,3.49729813e-01,0
0.556206,107.0426,7.11948083e-07,6.65338164e-07,1.04227402e-04,9.86411922e-05,-3.99034840e-07,1.64178512e-06,-1.04226638e-04,-9.86275283e-05,5.45602314e-05,4.49866461e-04,3.14489613e-04,2.54596982e-02,3.35307721e-01,0
0.556206,110.8298,7.12909608e-07,6.67814735e-07,1.02889647e-04,9.81325558e-05,-4.38825309e-07,2.63024369e-06,-1.02888711e-04,-9.80973003e-05,4.14146262e-05,4.15932585e-04,3.04267195e-04,2.16809075e-02,3.17674638e-01,0
0.556206,114.6170,6.96516144e-07,6.55173317e-07,1.01304004e-04,9.74190042e-05,-4.81432626e-07,3.71647573e-06,-1.01302860e-04,-9.73480878e-05,2.62680436e-05,3.76858053e-04,2.78951131e-04,1.77062665e-02,2.97378408e-01,0
0.556206,118.4043,6.64504694e-07,6.28167863e-07,9.94430493e-05,9.64288484e-05,-5.24570135e-07,4.85236847e-06,-9.94416657e-05,-9.63066836e-05,8.79916747e-06,3.33155835e-04,2.45174340e-04,1.37375151e-02,2.75126692e-01,0
0.556206,122.1915,6.18536519e-07,5.87866298e-07,9.72472104e-05,9.50849339e-05,-5.63862408e-07,5.98701438e-06,-9.72455756e-05,-9.48962608e-05,-1.15692001e-05,2.85446583e-04,2.06940200e-04,9.85478632e-03,2.51935533e-01,0
0.556206,125.9787,5.61715042e-07,5.35632081e-07,9.45855693e-05,9.33080687e-05,-5.89693319e-07,7.06873484e-06,-9.45837310e-05,-9.30399305e-05,-3.66972820e-05,2.34449199e-04,1.75988731e-04,5.82233388e-03,2.29992603e-01,0
0.556206,129.7660,4.95447216e-07,4.73097283e-07,9.13169239e-05,9.10207816e-05,-6.02474910e-07,8.04713747e-06,-9.13149364e-05,-9.06643604e-05,-6.56211735e-05,1.80968714e-04,1.50800986e-04,1.34969768e-03,2.09163143e-01,0
0.556206,133.5532,4.21069386e-07,4.02127691e-07,8.73675080e-05,8.81512222e-05,-6.05321658e-07,8.87512645e-06,-8.73654110e-05,-8.77033072e-05,-9.66663713e-05,1.25881712e-04,1.27804696e-04,3.57185386e-03,1.88770339e-01,0
0.556206,137.3404,3.40873129e-07,3.24780690e-07,8.27346578e-05,8.46369909e-05,-5.98700167e-07,9.51078683e-06,-8.27324916e-05,-8.41009225e-05,-1.28722980e-04,7.01195727e-05,1.08580003e-04,8.67006889e-03,1.68662769e-01,0
0.556206,141.1277,2.57589752e-07,2.43256950e-07,7.74798568e-05,8.04286894e-05,-5.82337169e-07,9.91906870e-06,-7.74776684e-05,-7.98146989e-05,-1.60725120e-04,1.46499065e-05,9.67072517e-05,1.34395927e-02,1.48757081e-01,0
0.556206,144.9149,1.73640159e-07,1.59847162e-07,7.17708161e-05,7.54930012e-05,-5.54001423e-07,1.00732052e-05,-7.17686779e-05,-7.48179375e-05,-1.91417523e-04,-3.95433833e-05,9.30650500e-05,1.69642225e-02,1.28823094e-01,0
0.556206,148.7021,9.34105386e-08,7.68752408e-08,6.61444068e-05,6.98151440e-05,-5.08256685e-07,9.95580865e-06,-6.61424541e-05,-6.91016368e-05,-2.18736319e-04,-9.14809395e-05,1.11568087e-04,1.67297432e-02,1.07940903e-01,0
0.556206,152.4894,2.35818185e-08,-3.36040706e-09,6.01285905e-05,6.34005711e-05,-4.65353687e-07,9.55960109e-06,-6.01267897e-05,-6.26757245e-05,-2.46825753e-04,-1.40209164e-04,1.81786417e-04,1.49123713e-02,9.04346125e-02,0
0.556206,156.2766,-4.24131061e-08,-7.86459043e-08,5.33940669e-05,5.62758434e-05,-4.15625687e-07,8.88775134e-06,-5.33924493e-05,-5.55695818e-05,-2.72573414e-04,-1.84821263e-04,2.44472401e-04,1.31339776e-02,7.44333673e-02,0
0.556206,160.0638,-1.02524794e-07,-1.46909491e-07,4.60059624e-05,4.84886320e-05,-3.59844274e-07,7.95380424e-06,-4.60045551e-05,-4.78318349e-05,-2.95464849e-04,-2.24477571e-04,2.99475449e-04,1.13150090e-02,6.02130213e-02,0
0.556206,163.8511,-1.54960176e-07,-2.06275994e-07,3.80442412e-05,4.01068531e-05,-2.98752399e-07,6.78120515e-06,-3.80430682e-05,-3.95294184e-05,-3.15046024e-04,-2.58424616e-04,3.46241581e-04,9.40055520e-03,4.80275637e-02,0
0.556206,167.6383,-1.98266117e-07,-2.55116557e-07,2.96013163e-05,3.12169738e-05,-2.33085512e-07,5.40243789e-06,-2.96003986e-05,-3.07459448e-05,-3.30968929e-04,-2.86012413e-04,3.83585153e-04,7.36351706e-03,3.81331381e-02,0
0.556206,171.4255,-2.31072779e-07,-2.92092140e-07,2.07798169e-05,2.19215611e-05,-1.64086163e-07,3.85780975e-06,-2.07791690e-05,-2.15794380e-05,-3.42902947e-04,-3.06709501e-04,4.11713991e-04,5.20361078e-03,3.07001032e-02,0
0.556206,175.2128,-2.52497177e-07,-3.16189479e-07,1.16906872e-05,1.23361769e-05,-9.23607932e-08,2.19393101e-06,-1.16903224e-05,-1.21395193e-05,-3.50630979e-04,-3.20115331e-04,4.29749034e-04,2.94188226e-03,2.58840657e-02,0
0.556206,179.0000,-2.61919281e-07,-3.26748397e-07,2.45010882e-06,2.58574742e-06,-1.94930199e-08,4.61948076e-07,-2.45003127e-06,-2.54414891e-06,-3.54017119e-04,-3.25969645e-04,4.37419423e-04,6.18186179e-04,2.37905048e-02,0
0.573374,1.0000,-1.88784571e-06,-1.91465060e-06,2.49596196e-06,2.67329752e-06,-2.23197071e-08,4.90259336e-07,-2.49586217e-06,-2.62795841e-06,6.52747188e-05,7.63894282e-05,1.80859828e-04,8.08224121e-04,9.42774894e-03,0
0.573374,4.7872,-1.87784785e-06,-1.90469059e-06,1.19084525e-05,1.27517694e-05,-1.05918684e-07,2.32839622e-06,-1.19079814e-05,-1.25373918e-05,6.55200821e-05,7.92668860e-05,1.81115139e-04,3.84349911e-03,1.16603513e-02,0
0.573374,8.5745,-1.85492524e-06,-1.88174795e-06,2.11630960e-05,2.26514298e-05,-1.87145392e-07,4.09427992e-06,-2.11622685e-05,-2.22783335e-05,6.60789445e-05,8.58747915e-05,1.80980037e-04,6.78322666e-03,1.67912870e-02,0
0.573374,12.3617,-1.81913127e-06,-1.84595135e-06,3.01385223e-05,3.22368375e-05,-2.64055260e-07,5.73364671e-06,-3.01373655e-05,-3.17228465e-05,6.69630024e-05,9.61284159e-05,1.80962267e-04,9.56327674e-03,2.47387660e-02,0
0.573374,16.1489,-1.77075490e-06,-1.79750849e-06,3.87190250e-05,4.13825434e-05,-3.34916231e-07,7.19704319e-06,-3.87175765e-05,-4.07519014e-05,6.81814547e-05,1.09894605e-04,1.80513658e-04,1.21392456e-02,3.53820417e-02,0
0.573374,19.9362,-1.71005957e-06,-1.73671369e-06,4.67971503e-05,4.99769751e-05,-3.98156141e-07,8.44169981e-06,-4.67954565e-05,-4.92588647e-05,6.97378879e-05,1.26991362e-04,1.79842475e-04,1.44923623e-02,4.85636966e-02,0
0.573374,23.7234,-1.63745762e-06,-1.66395743e-06,5.42759684e-05,5.79257715e-05,-4.52519783e-07,9.43314351e-06,-5.42740819e-05,-5.71525223e-05,7.16355509e-05,1.47187449e-04,1.78801291e-04,1.66343343e-02,6.40848358e-02,0
0.573374,27.5106,-1.55341435e-06,-1.57973712e-06,6.10715016e-05,6.51544321e-05,-4.96822078e-07,1.01464862e-05,-6.10694807e-05,-6.43595280e-05,7.38792162e-05,1.70202181e-04,1.77606776e-04,1.86083549e-02,8.17033265e-02,0
0.573374,31.2979,-1.45947953e-06,-1.48466819e-06,6.71258555e-05,7.16101746e-05,-5.31499612e-07,1.05673393e-05,-6.71237513e-05,-7.08261847e-05,7.67423339e-05,1.95705565e-04,1.69954634e-04,2.04377222e-02,1.00907315e-01,0
0.573374,35.0851,-1.37025279e-06,-1.37949466e-06,7.31010185e-05,7.72629212e-05,-5.61706922e-07,1.06923184e-05,-7.30988604e-05,-7.65194963e-05,8.17656742e-05,2.23318994e-04,6.23573698e-05,1.89682780e-02,1.20068740e-01,0
0.573374,38.8723,-1.27084589e-06,-1.26509824e-06,7.89128944e-05,8.21053744e-05,-5.71140541e-07,1.05291184e-05,-7.89108276e-05,-8.14274534e-05,8.48901765e-05,2.52616682e-04,3.87809267e-05,1.45500391e-02,1.42269431e-01,0
0.573374,42.6596,-1.16380480e-06,-1.14250485e-06,8.41429932e-05,8.61521762e-05,-5.67374204e-07,1.00961571e-05,-8.41410803e-05,-8.55585476e-05,8.78660292e-05,2.83128043e-04,1.43716419e-04,9.15704777e-03,1.65625674e-01,0
0.573374,46.4468,-1.04957769e-06,-1.01288789e-06,8.86572280e-05,8.94381888e-05,-5.52846079e-07,9.42180089e-06,-8.86555043e-05,-8.89405379e-05,9.09096270e-05,3.14341158e-04,2.47555931e-04,3.55930490e-03,1.89519699e-01,0
0.573374,50.2340,-9.28285805e-07,-8.77567178e-07,9.24029213e-05,9.20159753e-05,-5.29474675e-07,8.54320293e-06,-9.24014044e-05,-9.16185211e-05,9.40642632e-05,3.45707501e-04,3.42212168e-04,1.76354423e-03,2.13449510e-01,0
0.573374,54.0213,-7.99725994e-07,-7.38003131e-07,9.53818164e-05,9.39526036e-05,-4.99508600e-07,7.50480033e-06,-9.53805084e-05,-9.36523876e-05,9.72092095e-05,3.76647991e-04,4.16460703e-04,6.51377666e-03,2.37026321e-01,0
0.573374,57.8085,-6.62781266e-07,-5.95785558e-07,9.76507844e-05,9.53259332e-05,-4.66184011e-07,6.35652877e-06,-9.76496716e-05,-9.51137638e-05,9.99644308e-05,4.06560440e-04,4.52038002e-04,1.05957366e-02,2.60061698e-01,0
0.573374,61.5957,-5.14254135e-07,-4.52616842e-07,9.93522205e-05,9.62205832e-05,-4.34589367e-07,5.15182496e-06,-9.93512700e-05,-9.60825652e-05,1.01510394e-04,4.34828378e-04,4.15883338e-04,1.42727429e-02,2.82727884e-01,0
0.573374,65.3830,-3.61335982e-07,-3.10289469e-07,1.00651341e-04,9.67238008e-05,-4.05362458e-07,3.94549548e-06,-1.00650525e-04,-9.66432962e-05,1.02160788e-04,4.60831188e-04,3.44424507e-04,1.79001500e-02,3.04232379e-01,0
0.573374,69.1702,-2.08266964e-07,-1.70658111e-07,1.01636596e-04,9.69214556e-05,-3.78637088e-07,2.79153553e-06,-1.01635891e-04,-9.68812463e-05,1.02126121e-04,4.83955416e-04,2.53757013e-04,2.14897139e-02,3.23876280e-01,0
0.573374,72.9574,-5.89990204e-08,-3.56067250e-08,1.02357452e-04,9.68943719e-05,-3.55505290e-07,1.74098340e-06,-1.02356835e-04,-9.68787297e-05,1.01438529e-04,5.03607061e-04,1.57834087e-04,2.48985211e-02,3.41128483e-01,0
0.573374,76.7447,8.38407090e-08,9.29886184e-08,1.02843056e-04,9.67151663e-05,-3.36845733e-07,8.39894713e-07,-1.02842504e-04,-9.67115193e-05,1.00014994e-04,5.19224588e-04,6.17233968e-05,2.79284539e-02,3.55583098e-01,0
0.573374,80.5319,2.17075490e-07,2.13300264e-07,1.03114118e-04,9.64456984e-05,-3.23751459e-07,1.27516027e-07,-1.03113609e-04,-9.64456141e-05,9.76091476e-05,5.30292352e-04,2.54724574e-05,3.03919713e-02,3.67011721e-01,0
0.573374,84.3191,3.39207657e-07,3.23591714e-07,1.03185708e-04,9.61351611e-05,-3.16792683e-07,-3.65270486e-07,-1.03185222e-04,-9.61344671e-05,9.42767346e-05,5.36354089e-04,1.05364952e-04,3.21335556e-02,3.74980052e-01,0
0.573374,88.1064,4.47956682e-07,4.22261298e-07,1.03068038e-04,9.58187690e-05,-3.16570974e-07,-6.17170338e-07,-1.03067552e-04,-9.58167813e-05,8.99133155e-05,5.37026064e-04,1.73373639e-04,3.30392536e-02,3.79251188e-01,0
0.573374,91.8936,5.41751182e-07,5.07885369e-07,1.02768274e-04,9.55169549e-05,-3.23475595e-07,-6.17319944e-07,-1.02767765e-04,-9.55149600e-05,8.43891237e-05,5.32009487e-04,2.28501719e-04,3.30485967e-02,3.79681758e-01,0
0.573374,95.6809,6.19386724e-07,5.79259545e-07,1.02291620e-04,9.52349725e-05,-3.37725067e-07,-3.65716694e-07,-1.02291063e-04,-9.52342703e-05,7.75795684e-05,5.21101765e-04,2.70748833e-04,3.21613622e-02,3.76205600e-01,0
0.573374,99.4681,6.79919798e-07,6.35436517e-07,1.01641238e-04,9.49628360e-05,-3.59255605e-07,1.26781004e-07,-1.01640603e-04,-9.49627514e-05,6.93556818e-05,5.04206189e-04,3.00140618e-04,3.04374682e-02,3.68850077e-01,0
0.573374,103.2553,7.22405620e-07,6.75758981e-07,1.00816848e-04,9.46755850e-05,-3.87562251e-07,8.38883703e-07,-1.00816103e-04,-9.46718685e-05,5.96140506e-05,4.81339659e-04,3.14737373e-04,2.79894051e-02,3.57717239e-01,0
0.573374,107.0426,7.47271899e-07,6.99886349e-07,9.98128743e-05,9.43339285e-05,-4.21988104e-07,1.73971405e-06,-9.98119823e-05,-9.43178852e-05,4.83840152e-05,4.52638103e-04,3.19723004e-04,2.49708306e-02,3.42897498e-01,0
0.573374,110.8298,7.54014277e-07,7.07814062e-07,9.86173867e-05,9.38853634e-05,-4.61207367e-07,2.79002998e-06,-9.86163082e-05,-9.38438980e-05,3.53517737e-05,4.18359302e-04,3.11725231e-04,2.15666581e-02,3.24875684e-01,0
0.573374,114.6170,7.43384248e-07,6.99884517e-07,9.72091566e-05,9.32658690e-05,-5.03415493e-07,3.94378001e-06,-9.72078531e-05,-9.31824497e-05,2.02454978e-05,3.78882874e-04,2.93504348e-04,1.79719185e-02,3.04204368e-01,0
0.573374,118.4043,7.16015898e-07,6.76788877e-07,9.55449853e-05,9.24022407e-05,-5.45342853e-07,5.14992952e-06,-9.55434289e-05,-9.22586164e-05,2.70501611e-06,3.34707277e-04,2.64675227e-04,1.43233654e-02,2.81611858e-01,0
0.573374,122.1915,6.74391566e-07,6.39559307e-07,9.35384697e-05,9.12150571e-05,-5.81680679e-07,6.35448642e-06,-9.35366610e-05,-9.09934456e-05,-1.82636569e-05,2.86443758e-04,2.35022584e-04,1.05891796e-02,2.58459749e-01,0
0.573374,125.9787,6.20547414e-07,5.89551498e-07,9.10367614e-05,8.96221956e-05,-6.02984737e-07,7.50264672e-06,-9.10347644e-05,-8.93076046e-05,-4.43709263e-05,2.34807268e-04,2.09137754e-04,6.44702193e-03,2.36805285e-01,0
0.573374,129.7660,5.55615056e-07,5.28417639e-07,8.79052215e-05,8.75427351e-05,-6.13571185e-07,8.54097564e-06,-8.79030802e-05,-8.71250951e-05,-7.36823965e-05,1.80604469e-04,1.83508261e-04,1.65206743e-03,2.15691894e-01,0
0.573374,133.5532,4.81529299e-07,4.58070349e-07,8.40867086e-05,8.49010389e-05,-6.15066042e-07,9.41953879e-06,-8.40844591e-05,-8.43768849e-05,-1.04921783e-04,1.24719029e-04,1.58283822e-04,3.71138979e-03,1.94786552e-01,0
0.573374,137.3404,4.00753572e-07,3.80638374e-07,7.95799865e-05,8.16307839e-05,-6.07717683e-07,1.00938997e-05,-7.95776660e-05,-8.10043090e-05,-1.37108134e-04,6.80945195e-05,1.35722630e-04,9.34670976e-03,1.74057551e-01,0
0.573374,141.1277,3.16047730e-07,2.98415148e-07,7.44370088e-05,7.76787070e-05,-5.91139978e-07,1.05269050e-05,-7.44346615e-05,-7.69621062e-05,-1.69272021e-04,1.17152891e-05,1.18971759e-04,1.47743566e-02,1.53517547e-01,0
0.573374,144.9149,2.30101953e-07,2.13801595e-07,6.87895853e-05,7.30078634e-05,-5.63807223e-07,1.06901877e-05,-6.87872748e-05,-7.22209665e-05,-2.00362815e-04,-4.34142302e-05,1.09982882e-04,1.92252145e-02,1.33127354e-01,0
0.573374,148.7021,1.45045458e-07,1.29244750e-07,6.30493331e-05,6.76002261e-05,-5.17620656e-07,1.05653285e-05,-6.30472083e-05,-6.67694870e-05,-2.27616512e-04,-9.62912668e-05,1.06611617e-04,2.07411392e-02,1.11393055e-01,0
0.573374,152.4894,7.29540655e-08,4.71739482e-08,5.73084786e-05,6.14584992e-05,-4.72702430e-07,1.01446304e-05,-5.73065290e-05,-6.06154568e-05,-2.55342220e-04,-1.45936946e-04,1.73945361e-04,1.89141245e-02,9.28000386e-02,0
0.573374,156.2766,5.33250793e-09,-3.00635321e-08,5.08928737e-05,5.46070627e-05,-4.22304459e-07,9.43147500e-06,-5.08911215e-05,-5.37864163e-05,-2.81036578e-04,-1.91418430e-04,2.38826570e-04,1.69277792e-02,7.60161486e-02,0
0.573374,160.0638,-5.64197074e-08,-1.00265481e-07,4.38530432e-05,4.70920084e-05,-3.65663667e-07,8.44024778e-06,-4.38515186e-05,-4.63294666e-05,-3.03874680e-04,-2.31870368e-04,2.95839186e-04,1.47619006e-02,6.10756930e-02,0
0.573374,163.8511,-1.10355527e-07,-1.61434498e-07,3.62652364e-05,3.89802722e-05,-3.03641266e-07,7.19583296e-06,-3.62639653e-05,-3.83103329e-05,-3.23406614e-04,-2.66515063e-04,3.44643506e-04,1.23740408e-02,4.82567052e-02,0
0.573374,167.6383,-1.54889837e-07,-2.11832653e-07,2.82178626e-05,3.03579026e-05,-2.37006700e-07,5.73269941e-06,-2.82168673e-05,-2.98117160e-05,-3.39263046e-04,-2.94680798e-04,3.84208443e-04,9.75344154e-03,3.78156754e-02,0
0.573374,171.4255,-1.88721669e-07,-2.50029373e-07,1.98090515e-05,2.13275435e-05,-1.66768995e-07,4.09361207e-06,-1.98083495e-05,-2.09309926e-05,-3.51163931e-04,-3.15817806e-04,4.13659517e-04,6.92067533e-03,2.99813855e-02,0
0.573374,175.2128,-2.10780051e-07,-2.74941074e-07,1.11446451e-05,1.20052374e-05,-9.39513268e-08,2.32801949e-06,-1.11442491e-05,-1.17773533e-05,-3.58857941e-04,-3.29511437e-04,4.32911622e-04,3.92223367e-03,2.48923719e-02,0
0.573374,179.0000,-2.20496232e-07,-2.85861300e-07,2.33568654e-06,2.51668419e-06,-1.97674225e-08,4.90180289e-07,-2.33560289e-06,-2.46848589e-06,-3.62230158e-04,-3.35492130e-04,4.41035637e-04,8.24914470e-04,2.26798025e-02,0
0.590542,1.0000,-1.93612739e-06,-1.95562931e-06,2.43570837e-06,2.65483014e-06,-2.42712311e-08,5.16165673e-07,-2.43558744e-06,-2.60416898e-06,1.01255076e-04,1.12723355e-04,1.31584683e-04,9.98668879e-04,9.72765494e-03,0
0.590542,4.7872,-1.92620340e-06,-1.94603039e-06,1.16206235e-05,1.26621644e-05,-1.15415335e-07,2.45141347e-06,-1.16200503e-05,-1.24225996e-05,1.01199373e-04,1.15345960e-04,1.33778015e-04,4.74692466e-03,1.19994567e-02,0
0.590542,8.5745,-1.90343163e-06,-1.92390079e-06,2.06502751e-05,2.24860389e-05,-2.03946556e-07,4.31051224e-06,-2.06492679e-05,-2.20690152e-05,1.01060198e-04,1.21371506e-04,1.38110915e-04,8.36667312e-03,1.72285128e-02,0
0.590542,12.3617,-1.86786489e-06,-1.88932100e-06,2.94050523e-05,3.19875420e-05,-2.87905011e-07,6.03627376e-06,-2.94036429e-05,-3.14128356e-05,1.00869436e-04,1.30729423e-04,1.44770144e-04,1.17699489e-02,2.53279194e-02,0
0.590542,16.1489,-1.81973910e-06,-1.84242554e-06,3.77712059e-05,4.10380979e-05,-3.65320214e-07,7.57658176e-06,-3.77694392e-05,-4.03326281e-05,1.00653442e-04,1.43308190e-04,1.53071517e-04,1.48891795e-02,3.61807259e-02,0
0.590542,19.9362,-1.75931452e-06,-1.78341352e-06,4.56427266e-05,4.95234871e-05,-4.34683216e-07,8.88636728e-06,-4.56406567e-05,-4.87196905e-05,1.00441141e-04,1.58954191e-04,1.62602422e-04,1.76869449e-02,4.96320978e-02,0
0.590542,23.7234,-1.68694186e-06,-1.71256208e-06,5.29241476e-05,5.73472969e-05,-4.94361544e-07,9.92930889e-06,-5.29218387e-05,-5.64811587e-05,1.00280373e-04,1.77470393e-04,1.72866518e-04,2.01589348e-02,6.54743287e-02,0
0.590542,27.5106,-1.60304111e-06,-1.63024171e-06,5.95323691e-05,6.44336664e-05,-5.43373250e-07,1.06791912e-05,-5.95298893e-05,-6.35425231e-05,1.00198312e-04,1.98615009e-04,1.83529697e-04,2.23381409e-02,8.34792777e-02,0
0.590542,31.2979,-1.51510566e-06,-1.53693258e-06,6.55120819e-05,7.07292106e-05,-5.87348630e-07,1.11208687e-05,-6.55094489e-05,-6.98494633e-05,1.01970328e-04,2.22100371e-04,1.47272057e-04,2.37775740e-02,1.01897031e-01,0
0.590542,35.0851,-1.42475054e-06,-1.43324066e-06,7.16531174e-05,7.62040455e-05,-6.15432379e-07,1.12507978e-05,-7.16504743e-05,-7.53689332e-05,1.03104768e-04,2.47592267e-04,5.72851535e-05,2.07412993e-02,1.22557578e-01,0
0.590542,38.8723,-1.32552561e-06,-1.31991247e-06,7.74260664e-05,8.08518669e-05,-6.26136642e-07,1.10771154e-05,-7.74235346e-05,-8.00894619e-05,1.03335828e-04,2.74709954e-04,3.78733328e-05,1.56134207e-02,1.45363426e-01,0
0.590542,42.6596,-1.21839353e-06,-1.19784726e-06,8.25630828e-05,8.46890807e-05,-6.23482114e-07,1.06192632e-05,-8.25607286e-05,-8.40206620e-05,1.03506003e-04,3.03027126e-04,1.38631237e-04,9.68944339e-03,1.69238348e-01,0
0.590542,46.4468,-1.10362265e-06,-1.06810552e-06,8.69525749e-05,8.77530167e-05,-6.09375550e-07,9.90716998e-06,-8.69504396e-05,-8.71919717e-05,1.03837560e-04,3.32074024e-04,2.39643585e-04,3.64809172e-03,1.93595352e-01,0
0.590542,50.2340,-9.81329476e-07,-9.31912802e-07,9.05485367e-05,9.00993101e-05,-5.85574419e-07,8.98002673e-06,-9.05466432e-05,-8.96506820e-05,1.04420849e-04,3.61340899e-04,3.33427548e-04,2.04739412e-03,2.17925422e-01,0
0.590542,54.0213,-8.51482847e-07,-7.90657959e-07,9.33522802e-05,9.17985731e-05,-5.54258329e-07,7.88470127e-06,-9.33506348e-05,-9.14593326e-05,1.05160213e-04,3.90282951e-04,4.10401823e-04,7.08117178e-03,2.41847582e-01,0
0.590542,57.8085,-7.13577039e-07,-6.45885180e-07,9.54123944e-05,9.29325271e-05,-5.18395946e-07,6.67385524e-06,-9.54109861e-05,-9.26925792e-05,1.05790543e-04,4.18326845e-04,4.56735119e-04,1.13022376e-02,2.65100389e-01,0
0.590542,61.5957,-5.64638456e-07,-4.99279429e-07,9.68508184e-05,9.35897990e-05,-4.83027679e-07,5.40383739e-06,-9.68496139e-05,-9.34336610e-05,1.05535437e-04,4.44878817e-04,4.40994878e-04,1.48624144e-02,2.87838762e-01,0
0.590542,65.3830,-4.07837458e-07,-3.52645146e-07,9.78478308e-05,9.38616189e-05,-4.50261323e-07,4.13243606e-06,-9.78467948e-05,-9.37706056e-05,1.04354249e-04,4.69334332e-04,3.72397327e-04,1.81675502e-02,3.09584395e-01,0
0.590542,69.1702,-2.50147507e-07,-2.07878376e-07,9.85276985e-05,9.38376602e-05,-4.20430650e-07,2.91657883e-06,-9.85268015e-05,-9.37923240e-05,1.02594907e-04,4.91089161e-04,2.85201153e-04,2.13753076e-02,3.29529649e-01,0
0.590542,72.9574,-9.47331158e-08,-6.69327854e-08,9.89543764e-05,9.36022522e-05,-3.94208968e-07,1.81007003e-06,-9.89535912e-05,-9.35847491e-05,1.00360390e-04,5.09551697e-04,1.87576281e-04,2.43928289e-02,3.47085360e-01,0
0.590542,76.7447,5.49280482e-08,6.82196955e-08,9.91705408e-05,9.32311490e-05,-3.72788350e-07,8.61454562e-07,-9.91698401e-05,-9.32271690e-05,9.75130183e-05,5.24156246e-04,8.96823073e-05,2.70693585e-02,3.61888475e-01,0
0.590542,80.5319,1.96047060e-07,1.95632575e-07,9.92060726e-05,9.27889667e-05,-3.57098481e-07,1.12092129e-07,-9.92054299e-05,-9.27888990e-05,9.39946253e-05,5.34376960e-04,2.79664706e-06,2.92465870e-02,3.73542298e-01,0
0.590542,84.3191,3.25722214e-07,3.13431611e-07,9.90820478e-05,9.23273135e-05,-3.47995872e-07,-4.05482591e-07,-9.90814367e-05,-9.23264231e-05,8.96802994e-05,5.39742046e-04,8.29279969e-05,3.07853614e-02,3.81752595e-01,0
0.590542,88.1064,4.42803800e-07,4.19863279e-07,9.88138816e-05,9.18835480e-05,-3.45971162e-07,-6.68849545e-07,-9.88132759e-05,-9.18811136e-05,8.45668612e-05,5.39847814e-04,1.54785844e-04,3.15856724e-02,3.86179644e-01,0
0.590542,91.8936,5.45079863e-07,5.13343302e-07,9.84124543e-05,9.14800480e-05,-3.51458308e-07,-6.66591960e-07,-9.84118267e-05,-9.14776193e-05,7.84966714e-05,5.34372139e-04,2.14135084e-04,3.15951188e-02,3.86683925e-01,0
0.590542,95.6809,6.31151782e-07,5.92503564e-07,9.78847429e-05,9.11238543e-05,-3.64705203e-07,-3.98749234e-07,-9.78840635e-05,-9.11229818e-05,7.13209602e-05,5.23086851e-04,2.60769887e-04,3.08134106e-02,3.83198089e-01,0
0.590542,99.4681,6.99516485e-07,6.56235710e-07,9.72336205e-05,9.08065958e-05,-3.85489565e-07,1.23183754e-07,-9.72328564e-05,-9.08065123e-05,6.28735491e-05,5.05868612e-04,2.92026989e-04,2.92917929e-02,3.75758473e-01,0
0.590542,103.2553,7.50298903e-07,7.03729748e-07,9.64571734e-05,9.05046783e-05,-4.13481249e-07,8.76710891e-07,-9.64562872e-05,-9.05004319e-05,5.31112915e-05,4.82707841e-04,3.14214577e-04,2.71290781e-02,3.64393550e-01,0
0.590542,107.0426,7.82574921e-07,7.34506120e-07,9.55469562e-05,9.01798007e-05,-4.47782789e-07,1.82922483e-06,-9.55459069e-05,-9.01612466e-05,4.18420277e-05,4.53715292e-04,3.24333086e-04,2.44613352e-02,3.49360257e-01,0
0.590542,110.8298,7.96293575e-07,7.48439828e-07,9.44849143e-05,8.97799281e-05,-4.86938740e-07,2.93929781e-06,-9.44836596e-05,-8.97318005e-05,2.88658736e-05,4.19125941e-04,3.22882063e-04,2.14434343e-02,3.31027452e-01,0
0.590542,114.6170,7.91554428e-07,7.45775455e-07,9.32388741e-05,8.92408568e-05,-5.28618346e-07,4.15832275e-06,-9.32373756e-05,-8.91439223e-05,1.37625784e-05,3.79299914e-04,3.08883003e-04,1.82213543e-02,3.10057070e-01,0
0.590542,118.4043,7.69916274e-07,7.27132194e-07,9.17535456e-05,8.84884695e-05,-5.69573023e-07,5.43244004e-06,-9.17517777e-05,-8.83215593e-05,-3.97924016e-06,3.34720270e-04,2.88675658e-04,1.48809032e-02,2.87292616e-01,0
0.590542,122.1915,7.32643620e-07,6.93498299e-07,8.99082038e-05,8.74416941e-05,-6.01592792e-07,6.70467469e-06,-8.99061911e-05,-8.71842716e-05,-2.59376532e-05,2.85987527e-04,2.64123974e-04,1.12413589e-02,2.64582022e-01,0
0.590542,125.9787,6.81820664e-07,6.46214735e-07,8.75423198e-05,8.60160832e-05,-6.19900251e-07,7.91719969e-06,-8.75401250e-05,-8.56509458e-05,-5.26753404e-05,2.33810963e-04,2.40242751e-04,6.95597227e-03,2.43004189e-01,0
0.590542,129.7660,6.18696312e-07,5.86948160e-07,8.45367114e-05,8.41278438e-05,-6.28842598e-07,9.01363698e-06,-8.45343725e-05,-8.36435798e-05,-8.22374219e-05,1.78996760e-04,2.14213293e-04,1.86345422e-03,2.21584766e-01,0
0.590542,133.5532,5.45356374e-07,5.17653732e-07,8.08448300e-05,8.16980873e-05,-6.29244256e-07,9.94130552e-06,-8.08423812e-05,-8.10909854e-05,-1.13572280e-04,1.22433235e-04,1.86917149e-04,3.88880335e-03,2.00185238e-01,0
0.590542,137.3404,4.64374557e-07,4.40528610e-07,7.64664721e-05,7.86570453e-05,-6.21137846e-07,1.06533283e-05,-7.64639493e-05,-7.79322614e-05,-1.45808995e-04,6.50734352e-05,1.60894996e-04,9.98375166e-03,1.78875267e-01,0
0.590542,141.1277,3.78650686e-07,3.57957326e-07,7.14469784e-05,7.49480001e-05,-6.04141569e-07,1.11105157e-05,-7.14444241e-05,-7.41198972e-05,-1.78036747e-04,7.91551496e-06,1.39623647e-04,1.59562487e-02,1.57728932e-01,0
0.590542,144.9149,2.91134530e-07,2.72450545e-07,6.58953317e-05,7.05307087e-05,-5.77189578e-07,1.12829502e-05,-6.58928038e-05,-6.96223808e-05,-2.09293898e-04,-4.80186368e-05,1.26065856e-04,2.11261834e-02,1.36797339e-01,0
0.590542,148.7021,2.04675686e-07,1.86578934e-07,6.00736299e-05,6.53841400e-05,-5.36329613e-07,1.11512123e-05,-6.00712357e-05,-6.44262076e-05,-2.37972408e-04,-1.01705969e-04,1.22103636e-04,2.42031684e-02,1.15584288e-01,0
0.590542,152.4894,1.27358811e-07,1.02904100e-07,5.45085542e-05,5.95083912e-05,-4.83920181e-07,1.07071964e-05,-5.45064060e-05,-5.85372067e-05,-2.63908013e-04,-1.52145447e-04,1.65002487e-04,2.27872456e-02,9.47995470e-02,0
0.590542,156.2766,5.82686557e-08,2.39086654e-08,4.84076043e-05,5.29257002e-05,-4.32436673e-07,9.95448693e-06,-4.84056727e-05,-5.19811306e-05,-2.89538549e-04,-1.98381205e-04,2.31836065e-04,2.05916636e-02,7.73217301e-02,0
0.590542,160.0638,-4.84872596e-09,-4.80723815e-08,4.17122238e-05,4.56805147e-05,-3.74610857e-07,8.90827880e-06,-4.17105416e-05,-4.48034819e-05,-3.12280179e-04,-2.39525036e-04,2.91641590e-04,1.80858731e-02,6.17125643e-02,0
0.590542,163.8511,-6.01432967e-08,-1.10916934e-07,3.44953201e-05,3.78386231e-05,-3.11086280e-07,7.59484438e-06,-3.44939174e-05,-3.70685816e-05,-3.31738563e-04,-2.74777587e-04,3.42583342e-04,1.52374301e-02,4.83155932e-02,0
0.590542,167.6383,-1.05800918e-07,-1.62775572e-07,2.68408900e-05,2.94853950e-05,-2.42905064e-07,6.05056878e-06,-2.68397908e-05,-2.88579128e-05,-3.47522750e-04,-3.03447649e-04,3.84423262e-04,1.20525898e-02,3.73855020e-02,0
0.590542,171.4255,-1.40521020e-07,-2.02124034e-07,1.88425828e-05,2.07232075e-05,-1.70923497e-07,4.32059018e-06,-1.88418075e-05,-2.02678028e-05,-3.59363480e-04,-3.24968992e-04,4.15652049e-04,8.57113108e-03,2.91741857e-02,0
0.590542,175.2128,-1.63167095e-07,-2.27806693e-07,1.06009020e-05,1.16681739e-05,-9.63183927e-08,2.45709846e-06,-1.06004645e-05,-1.14065310e-05,-3.67020270e-04,-3.38914258e-04,4.36140699e-04,4.86419563e-03,2.38401575e-02,0
0.590542,179.0000,-1.73141286e-07,-2.39069647e-07,2.22174040e-06,2.44630847e-06,-2.02232577e-08,5.17358507e-07,-2.22164836e-06,-2.39097581e-06,-3.70370715e-04,-3.45005500e-04,4.44836320e-04,1.02349090e-03,2.15153513e-02,0
0.607710,1.0000,-1.98275174e-06,-1.99518137e-06,2.37298612e-06,2.63193427e-06,-2.62316664e-08,5.41185593e-07,-2.37284113e-06,-2.57569334e-06,1.37532344e-04,1.49172732e-04,8.38660345e-05,1.18018150e-03,9.87364134e-03,0
0.607710,4.7872,-1.97297650e-06,-1.98600484e-06,1.13210591e-05,1.25515780e-05,-1.24789040e-07,2.57021969e-06,-1.13203713e-05,-1.22856046e-05,1.37176511e-04,1.51534455e-04,8.79056947e-05,5.60821017e-03,1.21787336e-02,0
0.607710,8.5745,-1.95051973e-06,-1.96482793e-06,2.01167634e-05,2.22839640e-05,-2.20594913e-07,4.51933497e-06,-2.01155538e-05,-2.18208768e-05,1.36338816e-04,1.56963698e-04,9.65412034e-05,9.87722872e-03,1.74944928e-02,0
0.607710,12.3617,-1.91544259e-06,-1.93167840e-06,2.86426518e-05,3.16873502e-05,-3.11514081e-07,6.32851335e-06,-2.86409578e-05,-3.10489626e-05,1.35066845e-04,1.65404009e-04,1.09547399e-04,1.38765102e-02,2.57326710e-02,0
0.607710,16.1489,-1.86789418e-06,-1.88661071e-06,3.67870569e-05,4.06306198e-05,-3.95429549e-07,7.94306170e-06,-3.67849316e-05,-3.98466439e-05,1.33413800e-04,1.76765438e-04,1.26285426e-04,1.75174133e-02,3.67718434e-02,0
0.607710,19.9362,-1.80814795e-06,-1.82971971e-06,4.44458305e-05,4.89974150e-05,-4.70735796e-07,9.31568587e-06,-4.44433376e-05,-4.81036867e-05,1.31432262e-04,1.90922701e-04,1.45550458e-04,2.07442909e-02,5.04611417e-02,0
0.607710,23.7234,-1.73644950e-06,-1.76115825e-06,5.15250480e-05,5.66896872e-05,-5.35785390e-07,1.04082756e-05,-5.15222622e-05,-5.57260121e-05,1.29200415e-04,2.07712942e-04,1.66716589e-04,2.35383477e-02,6.65961090e-02,0
0.607710,27.5106,-1.65321556e-06,-1.68115751e-06,5.79429052e-05,6.36305203e-05,-5.89376228e-07,1.11933306e-05,-5.79399077e-05,-6.26382668e-05,1.26791943e-04,2.26933294e-04,1.88531868e-04,2.59218616e-02,8.49421683e-02,0
0.607710,31.2979,-1.57064768e-06,-1.59004888e-06,6.40083736e-05,6.97661131e-05,-6.39493167e-07,1.16549725e-05,-6.40051791e-05,-6.87856973e-05,1.26699802e-04,2.48338521e-04,1.30905068e-04,2.62414600e-02,1.03176724e-01,0
0.607710,35.0851,-1.48088784e-06,-1.48828605e-06,7.01899861e-05,7.50668344e-05,-6.68311735e-07,1.17895028e-05,-7.01868043e-05,-7.41352632e-05,1.24647852e-04,2.71639009e-04,4.99177302e-05,2.22267128e-02,1.24681238e-01,0
0.607710,38.8723,-1.38242745e-06,-1.37646593e-06,7.58984817e-05,7.95273067e-05,-6.80709422e-07,1.16054858e-05,-7.58954292e-05,-7.86759507e-05,1.22019200e-04,2.96499401e-04,4.02240137e-05,1.65387244e-02,1.47998069e-01,0
0.607710,42.6596,-1.27552249e-06,-1.25534688e-06,8.09320300e-05,8.31655081e-05,-6.79210320e-07,1.11233527e-05,-8.09291798e-05,-8.24182793e-05,1.19419461e-04,3.22538167e-04,1.36130253e-04,1.01792945e-02,1.72289900e-01,0
0.607710,46.4468,-1.16052717e-06,-1.12586298e-06,8.51948696e-05,8.60209292e-05,-6.65638520e-07,1.03745436e-05,-8.51922692e-05,-8.53930273e-05,1.17035844e-04,3.49328382e-04,2.33888544e-04,3.76484738e-03,1.97035807e-01,0
0.607710,50.2340,-1.03755439e-06,-9.89133081e-07,8.86457598e-05,8.81518666e-05,-6.41625321e-07,9.40022071e-06,-8.86434377e-05,-8.76492295e-05,1.15009316e-04,3.76399937e-04,3.26711568e-04,2.25096643e-03,2.21717461e-01,0
0.607710,54.0213,-9.06577203e-07,-8.46463453e-07,9.12860068e-05,8.96319782e-05,-6.09228024e-07,8.24960334e-06,-9.12839739e-05,-8.92515298e-05,1.13287390e-04,4.03243374e-04,4.05603585e-04,7.53839697e-03,2.45947251e-01,0
0.607710,57.8085,-7.67508425e-07,-6.99343440e-07,9.31593158e-05,9.05462764e-05,-5.71287402e-07,6.97799051e-06,-9.31575642e-05,-9.02769950e-05,1.11694115e-04,4.29315468e-04,4.59927421e-04,1.19091823e-02,2.69413645e-01,0
0.607710,61.5957,-6.17894477e-07,-5.49433377e-07,9.43669024e-05,9.09867735e-05,-5.32005357e-07,5.64454872e-06,-9.43654028e-05,-9.08115192e-05,1.09660789e-04,4.54046610e-04,4.61925389e-04,1.54052677e-02,2.92115874e-01,0
0.607710,65.3830,-4.58172314e-07,-3.98544640e-07,9.50902728e-05,9.10480263e-05,-4.95927767e-07,4.30995179e-06,-9.50889796e-05,-9.09459587e-05,1.06663793e-04,4.76849959e-04,4.02323899e-04,1.84229335e-02,3.14000314e-01,0
0.607710,69.1702,-2.95485752e-07,-2.48611925e-07,9.54851882e-05,9.08228423e-05,-4.62832094e-07,3.03396547e-06,-9.54840665e-05,-9.07721529e-05,1.03198725e-04,4.97132272e-04,3.16270272e-04,2.12490968e-02,3.34143382e-01,0
0.607710,72.9574,-1.33816062e-07,-1.01658200e-07,9.56367733e-05,9.03983930e-05,-4.33612610e-07,1.87307168e-06,-9.56357903e-05,-9.03789857e-05,9.93669924e-05,5.14306205e-04,2.16977714e-04,2.38744299e-02,3.51960864e-01,0
0.607710,76.7447,2.28838731e-08,4.02468781e-08,9.56003110e-05,8.98529355e-05,-4.09518925e-07,8.78225599e-07,-9.55994339e-05,-8.98486435e-05,9.51250353e-05,5.27803834e-04,1.17152848e-04,2.61942254e-02,3.67007984e-01,0
0.607710,80.5319,1.71610931e-07,1.75033978e-07,9.54139164e-05,8.92532621e-05,-3.91533644e-07,9.28337847e-08,-9.54131131e-05,-8.92532139e-05,9.04242307e-05,5.37091056e-04,2.30962156e-05,2.80777837e-02,3.78872945e-01,0
0.607710,84.3191,3.09772648e-07,3.00685170e-07,9.51053327e-05,8.86528962e-05,-3.80413155e-07,-4.48967496e-07,-9.51045719e-05,-8.86517594e-05,8.51545497e-05,5.41682456e-04,6.13156456e-05,2.94076096e-02,3.87237338e-01,0
0.607710,88.1064,4.35466962e-07,4.15287441e-07,9.46952161e-05,8.80909499e-05,-3.76847063e-07,-7.23665969e-07,-9.46944662e-05,-8.80879774e-05,7.92371519e-05,5.41156208e-04,1.36156638e-04,3.00995883e-02,3.91810234e-01,0
0.607710,91.8936,5.46713972e-07,5.17086861e-07,9.41978498e-05,8.75914902e-05,-3.81233351e-07,-7.19306037e-07,-9.41970784e-05,-8.75885367e-05,7.25661744e-05,5.35168511e-04,1.99902061e-04,3.01091291e-02,3.92389808e-01,0
0.607710,95.6809,6.41660258e-07,6.04541509e-07,9.36218591e-05,8.71632435e-05,-3.93761737e-07,-4.35963785e-07,-9.36210311e-05,-8.71621532e-05,6.49631307e-05,5.23467067e-04,2.50450149e-04,2.94357718e-02,3.88913452e-01,0
0.607710,99.4681,7.19005956e-07,6.76371216e-07,9.29700413e-05,8.67995128e-05,-4.14192707e-07,1.14254344e-07,-9.29691186e-05,-8.67994376e-05,5.62867915e-05,5.05903097e-04,2.87668018e-04,2.81227861e-02,3.81374762e-01,0
0.607710,103.2553,7.78149206e-07,7.31602220e-07,9.22383801e-05,8.64782824e-05,-4.42121910e-07,9.07689191e-07,-9.22373205e-05,-8.64735187e-05,4.63991547e-05,4.82441413e-04,3.14064994e-04,2.62522080e-02,3.69860946e-01,0
0.607710,107.0426,8.18547742e-07,7.69604943e-07,9.14149738e-05,8.61625864e-05,-4.76545683e-07,1.91006412e-06,-9.14137317e-05,-8.61414125e-05,3.50722179e-05,4.53168110e-04,3.30230184e-04,2.39382690e-02,3.54638431e-01,0
0.607710,110.8298,8.39947461e-07,7.90123282e-07,9.04763015e-05,8.58013036e-05,-5.15896181e-07,3.07784121e-06,-9.04748306e-05,-8.57460821e-05,2.20365406e-05,4.18295489e-04,3.36177092e-04,2.13067593e-02,3.36115840e-01,0
0.607710,114.6170,8.42100855e-07,7.93294033e-07,8.93800775e-05,8.53305596e-05,-5.57396451e-07,4.35994513e-06,-8.93783395e-05,-8.52191016e-05,6.84586075e-06,3.78163906e-04,3.29312712e-04,1.84560736e-02,3.14960399e-01,0
0.607710,118.4043,8.26124970e-07,7.79655407e-07,8.80513889e-05,8.46758693e-05,-5.96865724e-07,5.69978722e-06,-8.80493659e-05,-8.44838166e-05,-1.12749134e-05,3.33240314e-04,3.13542597e-04,1.53842606e-02,2.92225640e-01,0
0.607710,122.1915,7.93945572e-07,7.50143916e-07,8.63429888e-05,8.37550599e-05,-6.24830684e-07,7.03751019e-06,-8.63407280e-05,-8.34588731e-05,-3.42904874e-05,2.84113388e-04,2.95541514e-04,1.17947392e-02,2.70077398e-01,0
0.607710,125.9787,7.46337830e-07,7.06079312e-07,8.40938988e-05,8.24818943e-05,-6.40990647e-07,8.31236551e-06,-8.40914559e-05,-8.20619733e-05,-6.14723004e-05,2.31485203e-04,2.71635011e-04,7.34686803e-03,2.48493208e-01,0
0.607710,129.7660,6.85303937e-07,6.49137673e-07,8.12052125e-05,8.07702124e-05,-6.48633532e-07,9.46513009e-06,-8.12026220e-05,-8.02137053e-05,-9.12221069e-05,1.76159568e-04,2.44023478e-04,1.98255563e-03,2.26799209e-01,0
0.607710,133.5532,6.13037023e-07,5.81313121e-07,7.76365478e-05,7.85383376e-05,-6.48062642e-07,1.04404674e-05,-7.76338430e-05,-7.78412944e-05,-1.22599979e-04,1.19027210e-04,2.14049666e-04,4.10999496e-03,2.04953670e-01,0
0.607710,137.3404,5.32278849e-07,5.04869101e-07,7.33882258e-05,7.57134697e-05,-6.39244744e-07,1.11891405e-05,-7.33854416e-05,-7.48821248e-05,-1.54817339e-04,6.10481360e-05,1.84940911e-04,1.05975262e-02,1.83101998e-01,0
0.607710,141.1277,4.46023518e-07,4.22280483e-07,6.85008479e-05,7.22357899e-05,-6.21780189e-07,1.16699896e-05,-6.84980259e-05,-7.12868900e-05,-1.87007475e-04,3.23156507e-06,1.60200618e-04,1.70223629e-02,1.61365074e-01,0
0.607710,144.9149,3.57222118e-07,3.36168131e-07,6.30671800e-05,6.80620425e-05,-5.94639991e-07,1.18515968e-05,-6.30643766e-05,-6.70222446e-05,-2.18330674e-04,-5.33860480e-05,1.42056888e-04,2.27645735e-02,1.39909778e-01,0
0.607710,148.7021,2.69116036e-07,2.49227848e-07,5.72831939e-05,6.31683997e-05,-5.55535324e-07,1.17135731e-05,-5.72805000e-05,-6.20728518e-05,-2.47554793e-04,-1.07764340e-04,1.34190936e-04,2.68224008e-02,1.18573438e-01,0
0.607710,152.4894,1.87117863e-07,1.64155835e-07,5.17293466e-05,5.75524758e-05,-4.99123816e-07,1.12474152e-05,-5.17269385e-05,-5.64427419e-05,-2.72609318e-04,-1.58883076e-04,1.54930962e-04,2.65394803e-02,9.64651814e-02,0
0.607710,156.2766,1.16822901e-07,8.35729635e-08,4.59388898e-05,5.12344008e-05,-4.46205779e-07,1.04569004e-05,-4.59367228e-05,-5.01559275e-05,-2.98130750e-04,-2.05766237e-04,2.24346244e-04,2.41348087e-02,7.83456770e-02,0
0.607710,160.0638,5.24232971e-08,9.95023273e-09,3.95845235e-05,4.42569218e-05,-3.86673928e-07,9.35800222e-06,-3.95826348e-05,-4.32562472e-05,-3.20779143e-04,-2.47505471e-04,2.86577150e-04,2.12949119e-02,6.21523924e-02,0
0.607710,163.8511,-4.02159628e-09,-5.44622403e-08,3.27353833e-05,3.66845357e-05,-3.21224903e-07,7.97833115e-06,-3.27338072e-05,-3.58064434e-05,-3.40131010e-04,-2.83282231e-04,3.40336546e-04,1.79986479e-02,4.82204254e-02,0
0.607710,167.6383,-5.07113589e-08,-1.07700410e-07,2.54712580e-05,2.86017058e-05,-2.50914966e-07,6.35612041e-06,-2.54700221e-05,-2.78865077e-05,-3.55833281e-04,-3.12387965e-04,3.84520404e-04,1.42673220e-02,3.68513035e-02,0
0.607710,171.4255,-8.62314052e-08,-1.48143579e-07,1.78809831e-05,2.01102442e-05,-1.76586958e-07,4.53879786e-06,-1.78801111e-05,-1.95913562e-05,-3.67604927e-04,-3.34241752e-04,4.17738032e-04,1.01600753e-02,2.82994025e-02,0
0.607710,175.2128,-1.09427307e-07,-1.74561902e-07,1.00598433e-05,1.13259765e-05,-9.95025213e-08,2.58119875e-06,-1.00593512e-05,-1.10279262e-05,-3.75219909e-04,-3.48404873e-04,4.39480574e-04,5.77052571e-03,2.27451218e-02,0
0.607710,179.0000,-1.19630979e-07,-1.86152569e-07,2.10835086e-06,2.37483133e-06,-2.08852016e-08,5.43489239e-07,-2.10824741e-06,-2.31180520e-06,-3.78542881e-04,-3.54591871e-04,4.48839003e-04,1.21451077e-03,2.03157907e-02,0
0.624878,1.0000,-2.02871234e-06,-2.03433860e-06,2.30806891e-06,2.60499736e-06,-2.82104859e-08,5.65312080e-07,-2.30789650e-06,-2.54291830e-06,1.73936533e-04,1.85583921e-04,3.79619080e-05,1.35328040e-03,9.87957938e-03,0
0.624878,4.7872,-2.01915769e-06,-2.02564253e-06,1.10110479e-05,1.24218433e-05,-1.34186706e-07,2.68478110e-06,-1.10102303e-05,-1.21282374e-05,1.73281495e-04,1.87680215e-04,4.37549605e-05,6.42983786e-03,1.22133214e-02,0
0.624878,8.5745,-1.99718094e-06,-2.00555037e-06,1.95648815e-05,2.20484005e-05,-2.37288689e-07,4.72068699e-06,-1.95634425e-05,-2.15371094e-05,1.71748957e-04,1.92502613e-04,5.64707419e-05,1.13188807e-02,1.76037219e-02,0
0.624878,12.3617,-1.96281867e-06,-1.97403258e-06,2.78545728e-05,3.13406735e-05,-3.35125483e-07,6.61027591e-06,-2.78525567e-05,-3.06356339e-05,1.69400523e-04,2.00008667e-04,7.56633053e-05,1.58882444e-02,2.59625234e-02,0
0.624878,16.1489,-1.91618669e-06,-1.93105653e-06,3.57706065e-05,4.01655325e-05,-4.25608814e-07,8.29636359e-06,-3.57680744e-05,-3.92993684e-05,1.66314131e-04,2.10129846e-04,1.00330780e-04,2.00303048e-02,3.71654841e-02,0
0.624878,19.9362,-1.85748074e-06,-1.87660360e-06,4.32110787e-05,4.84049419e-05,-5.06848225e-07,9.72950462e-06,-4.32081060e-05,-4.74170343e-05,1.62569039e-04,2.22769013e-04,1.29027058e-04,2.36715389e-02,5.10629852e-02,0
0.624878,23.7234,-1.78693810e-06,-1.81069127e-06,5.00838546e-05,5.59595919e-05,-5.77288759e-07,1.08698592e-05,-5.00805274e-05,-5.48937345e-05,1.58270648e-04,2.37797298e-04,1.60269005e-04,2.67792469e-02,6.74563104e-02,0
0.624878,27.5106,-1.70551647e-06,-1.73339879e-06,5.63170680e-05,6.27517889e-05,-6.36349131e-07,1.16886848e-05,-5.63134728e-05,-6.16535616e-05,1.53779460e-04,2.55050595e-04,1.88129482e-04,2.93268687e-02,8.59004767e-02,0
0.624878,31.2979,-1.62787859e-06,-1.64489509e-06,6.25413073e-05,6.87274842e-05,-6.90584730e-07,1.21693941e-05,-6.25374944e-05,-6.76415030e-05,1.51322436e-04,2.74325991e-04,1.14814906e-04,2.81941055e-02,1.04334409e-01,0
0.624878,35.0851,-1.53953002e-06,-1.54546727e-06,6.87047808e-05,7.38573563e-05,-7.21128610e-07,1.23081389e-05,-6.87009962e-05,-7.28245755e-05,1.46345854e-04,2.95378453e-04,4.00602212e-05,2.34833665e-02,1.26412835e-01,0
0.624878,38.8723,-1.44212911e-06,-1.43554815e-06,7.43296880e-05,7.81368959e-05,-7.35348683e-07,1.21138958e-05,-7.43260505e-05,-7.71921500e-05,1.40930901e-04,3.17918110e-04,4.44035169e-05,1.73517219e-02,1.50124570e-01,0
0.624878,42.6596,-1.33591674e-06,-1.31574103e-06,7.92516843e-05,8.15854838e-05,-7.35265412e-07,1.16080526e-05,-7.92482735e-05,-8.07554597e-05,1.35567384e-04,3.41608461e-04,1.36130903e-04,1.06365190e-02,1.74768720e-01,0
0.624878,46.4468,-1.22096379e-06,-1.18684020e-06,8.33862190e-05,8.42444982e-05,-7.22306658e-07,1.08235102e-05,-8.33830906e-05,-8.35463171e-05,1.30476282e-04,3.66065835e-04,2.30241054e-04,3.91169129e-03,1.99832409e-01,0
0.624878,50.2340,-1.09752807e-06,-1.04984553e-06,8.66961659e-05,8.61745299e-05,-6.98221133e-07,9.80333621e-06,-8.66933543e-05,-8.56150933e-05,1.25816086e-04,3.90860381e-04,3.21726841e-04,2.37740710e-03,2.24816591e-01,0
0.624878,54.0213,-9.65546961e-07,-9.05970115e-07,8.91828254e-05,8.74518356e-05,-6.64898963e-07,8.59902306e-06,-8.91803468e-05,-8.70280435e-05,1.21625069e-04,4.15518808e-04,4.01980955e-04,7.88915499e-03,2.49287344e-01,0
0.624878,57.8085,-8.24800075e-07,-7.56639681e-07,9.08852144e-05,8.81642078e-05,-6.24949462e-07,7.26841965e-06,-9.08830658e-05,-8.78640861e-05,1.17780750e-04,4.39529032e-04,4.59896444e-04,1.24012534e-02,2.72914200e-01,0
0.624878,61.5957,-6.74838847e-07,-6.03483315e-07,9.18917544e-05,8.84064848e-05,-5.82505282e-07,5.87341687e-06,-9.18899081e-05,-8.82111644e-05,1.13850620e-04,4.62346832e-04,4.81454904e-04,1.58844567e-02,2.95602402e-01,0
0.624878,65.3830,-5.12329782e-07,-4.48315023e-07,9.23688472e-05,8.82759604e-05,-5.42733343e-07,4.47747875e-06,-9.23672527e-05,-8.81623353e-05,1.09100536e-04,4.83404493e-04,4.31924735e-04,1.86537313e-02,3.17493116e-01,0
0.624878,69.1702,-3.44417755e-07,-2.93106257e-07,9.25003086e-05,8.78679720e-05,-5.06319762e-07,3.14311577e-06,-9.24989229e-05,-8.78117380e-05,1.03918169e-04,5.02121344e-04,3.46212432e-04,2.11123266e-02,3.37764977e-01,0
0.624878,72.9574,-1.76603893e-07,-1.39949805e-07,9.23954598e-05,8.72719332e-05,-4.74208620e-07,1.92939975e-06,-9.23942429e-05,-8.72506031e-05,9.85268685e-05,5.17916030e-04,2.47314960e-04,2.33509733e-02,3.55735412e-01,0
0.624878,76.7447,-1.27649005e-08,8.98408846e-09,9.21214887e-05,8.65680269e-05,-4.47542611e-07,8.89617754e-07,-9.21204015e-05,-8.65634557e-05,9.28975434e-05,5.30220220e-04,1.46746258e-04,2.53104444e-02,3.70947026e-01,0
0.624878,80.5319,1.44017414e-07,1.51498204e-07,9.17257710e-05,8.58246905e-05,-4.27336052e-07,6.91572235e-08,-9.17247755e-05,-8.58246626e-05,8.69758477e-05,5.38493416e-04,5.04748969e-05,2.68947510e-02,3.82987456e-01,0
0.624878,84.3191,2.91162657e-07,2.85423904e-07,9.12430118e-05,8.50969019e-05,-4.14427232e-07,-4.96294695e-07,-9.12420706e-05,-8.50954547e-05,8.07070842e-05,5.42238440e-04,3.87209029e-05,2.80114963e-02,3.91481378e-01,0
0.624878,88.1064,4.26166072e-07,4.08679980e-07,9.06990233e-05,8.44251647e-05,-4.09500650e-07,-7.82166910e-07,-9.06980988e-05,-8.44215414e-05,7.39755547e-05,5.41017119e-04,1.17983350e-04,2.85937234e-02,3.96155262e-01,0
0.624878,91.8936,5.46834347e-07,5.19332792e-07,9.01109522e-05,8.38349975e-05,-4.13042580e-07,-7.75979642e-07,-9.01100056e-05,-8.38314062e-05,6.66449201e-05,5.34465644e-04,1.85560362e-04,2.86032767e-02,3.96816163e-01,0
0.624878,95.6809,6.51440469e-07,6.15655570e-07,8.94889960e-05,8.33367176e-05,-4.25119759e-07,-4.77840866e-07,-8.94879862e-05,-8.33353477e-05,5.85801400e-05,5.22309075e-04,2.41450307e-04,2.80396096e-02,3.93345415e-01,0
0.624878,99.4681,7.38470251e-07,6.96184694e-07,8.88362370e-05,8.29253597e-05,-4.45572411e-07,9.95555703e-08,-8.88351196e-05,-8.29252999e-05,4.96076781e-05,5.04374437e-04,2.85311991e-04,2.69394009e-02,3.85743493e-01,0
0.624878,103.2553,8.06754424e-07,7.59770790e-07,8.81465056e-05,8.25806878e-05,-4.73742876e-07,9.31430130e-07,-8.81452325e-05,-8.25754348e-05,3.95077313e-05,4.80601892e-04,3.17011167e-04,2.53667583e-02,3.74146085e-01,0
0.624878,107.0426,8.55779487e-07,8.05622616e-07,8.74037624e-05,8.22673961e-05,-5.08525948e-07,1.98189648e-06,-8.74022830e-05,-8.22435198e-05,2.80634634e-05,4.51053502e-04,3.38421853e-04,2.34094907e-02,3.58789757e-01,0
0.624878,110.8298,8.85276464e-07,8.33341860e-07,8.65779977e-05,8.19356947e-05,-5.48165791e-07,3.20538072e-06,-8.65762623e-05,-8.18729723e-05,1.49214590e-05,4.15919148e-04,3.50416695e-04,2.11577493e-02,3.40135347e-01,0
0.624878,114.6170,8.95180033e-07,8.42947315e-07,8.56173532e-05,8.15225112e-05,-5.89718570e-07,4.54842531e-06,-8.56153223e-05,-8.13955260e-05,-4.91125799e-07,3.75519274e-04,3.52428149e-04,1.86626429e-02,3.18940561e-01,0
0.624878,118.4043,8.85824199e-07,8.34887151e-07,8.44230939e-05,8.09534896e-05,-6.27464285e-07,5.95180695e-06,-8.44207621e-05,-8.07344008e-05,-1.92194385e-05,3.30304186e-04,3.43685918e-04,1.58130609e-02,2.96473876e-01,0
0.624878,122.1915,8.58195022e-07,8.10038457e-07,8.28290477e-05,8.01458504e-05,-6.51637992e-07,7.35288523e-06,-8.28264844e-05,-7.98078469e-05,-4.32460986e-05,2.80849755e-04,3.24925257e-04,1.22289337e-02,2.74905464e-01,0
0.624878,125.9787,8.14453040e-07,7.69693635e-07,8.06844091e-05,7.90120400e-05,-6.66477156e-07,8.68809012e-06,-8.06816564e-05,-7.85329202e-05,-7.07504993e-05,2.27849506e-04,3.02003708e-04,7.62198566e-03,2.53279306e-01,0
0.624878,129.7660,7.55928336e-07,7.15533670e-07,7.79051844e-05,7.74639714e-05,-6.73132290e-07,9.89545041e-06,-7.79022763e-05,-7.68293364e-05,-1.00605608e-04,1.72103147e-04,2.72553637e-04,2.01087119e-03,2.31317759e-01,0
0.624878,133.5532,6.85125034e-07,6.49588792e-07,7.44567774e-05,7.54175813e-05,-6.71761607e-07,1.09170641e-05,-7.44537469e-05,-7.46232490e-05,-1.31997625e-04,1.14501758e-04,2.39772554e-04,4.37895784e-03,2.09086375e-01,0
0.624878,137.3404,6.05021749e-07,5.74187471e-07,7.03399334e-05,7.27973927e-05,-6.62296074e-07,1.17014135e-05,-7.03368154e-05,-7.18507990e-05,-1.64146447e-04,5.60099583e-05,2.08047144e-04,1.12001109e-02,1.86741663e-01,0
0.624878,141.1277,5.18519222e-07,4.91895143e-07,6.55911301e-05,6.95407896e-05,-6.44122148e-07,1.22054344e-05,-6.55879673e-05,-6.84612941e-05,-1.96259305e-04,-2.35453652e-06,1.79639796e-04,1.80009591e-02,1.64474428e-01,0
0.624878,144.9149,4.28846685e-07,4.05444424e-07,6.02916056e-05,6.56017475e-05,-6.16560052e-07,1.23962578e-05,-6.02884530e-05,-6.44198887e-05,-2.27553086e-04,-5.95434368e-05,1.57901331e-04,2.42014903e-02,1.42509600e-01,0
0.624878,148.7021,3.39298254e-07,3.17658900e-07,5.45992322e-05,6.09538212e-05,-5.77803876e-07,1.22525555e-05,-5.45961748e-05,-5.97096576e-05,-2.56991799e-04,-1.14501881e-04,1.46006523e-04,2.89616602e-02,1.20863185e-01,0
0.624878,152.4894,2.53116481e-07,2.31372864e-07,4.89795108e-05,5.55922479e-05,-5.19522204e-07,1.17654374e-05,-4.89767554e-05,-5.43329781e-05,-2.81765342e-04,-1.66193256e-04,1.46710011e-04,3.01381954e-02,9.80308678e-02,0
0.624878,156.2766,1.81384647e-07,1.49349502e-07,4.34866739e-05,4.95350800e-05,-4.63763998e-07,1.09388636e-05,-4.34842009e-05,-4.83121663e-05,-3.06893875e-04,-2.13624138e-04,2.16149711e-04,2.75662018e-02,7.91135095e-02,0
0.624878,160.0638,1.15867148e-07,7.42001576e-08,3.74699384e-05,4.28233151e-05,-4.02021236e-07,9.78955661e-06,-3.74677817e-05,-4.16893379e-05,-3.29426810e-04,-2.55868617e-04,2.81138355e-04,2.43985372e-02,6.23937298e-02,0
0.624878,163.8511,5.83811203e-08,8.30728141e-09,3.09856142e-05,3.55200330e-05,-3.34150623e-07,8.34641519e-06,-3.09838124e-05,-3.45254992e-05,-3.48668835e-04,-2.92091320e-04,3.37861613e-04,2.06660566e-02,4.79903332e-02,0
0.624878,167.6383,1.07386543e-08,-4.62464259e-08,2.41091990e-05,2.77085937e-05,-2.61057130e-07,6.64945364e-06,-2.41077856e-05,-2.68989020e-05,-3.64280554e-04,-3.21568417e-04,3.84493611e-04,1.64045928e-02,3.62294047e-02,0
0.624878,171.4255,-2.55128046e-08,-8.77403406e-08,1.69244485e-05,1.94899832e-05,-1.83801188e-07,4.74830717e-06,-1.69234504e-05,-1.89027253e-05,-3.75978610e-04,-3.43706003e-04,4.19865866e-04,1.16926751e-02,2.73743578e-02,0
0.624878,175.2128,-4.92144480e-08,-1.14867658e-07,9.52156373e-06,1.09794276e-05,-1.03560791e-07,2.70036171e-06,-9.52100053e-06,-1.06421745e-05,-3.83545859e-04,-3.58055295e-04,4.42979807e-04,6.64435702e-03,2.16216759e-02,0
0.624878,179.0000,-5.96288525e-08,-1.26774831e-07,1.99554177e-06,2.30241984e-06,-2.17438999e-08,5.68581230e-07,-1.99542330e-06,-2.23111015e-06,-3.86839872e-04,-3.64324167e-04,4.53051915e-04,1.39862681e-03,1.90983326e-02,0
0.642046,1.0000,-2.07503864e-06,-2.07415093e-06,2.24115661e-06,2.57433775e-06,-3.02251937e-08,5.88540369e-07,-2.24095279e-06,-2.50615942e-06,2.10319055e-04,2.21824144e-04,5.98963865e-06,1.51850556e-03,9.75887850e-03,0
0.642046,4.7872,-2.06576530e-06,-2.06599160e-06,1.06915862e-05,1.22744660e-05,-1.43702570e-07,2.79507463e-06,-1.06906205e-05,-1.19519903e-05,2.09365142e-04,2.23651676e-04,1.52690799e-06,7.21412901e-03,1.21181628e-02,0
0.642046,8.5745,-2.04442757e-06,-2.04711205e-06,1.89963320e-05,2.17819694e-05,-2.54245004e-07,4.91452577e-06,-1.89946305e-05,-2.12203117e-05,2.07145684e-04,2.27859459e-04,1.81129057e-05,1.26958149e-02,1.75698944e-02,0
0.642046,12.3617,-2.01103133e-06,-2.01742066e-06,2.70430985e-05,3.09511225e-05,-3.59171360e-07,6.88149752e-06,-2.70407132e-05,-3.01764308e-05,2.03732522e-04,2.34418895e-04,4.31105579e-05,1.78112010e-02,2.60288782e-02,0
0.642046,16.1489,-1.96562426e-06,-1.97679031e-06,3.47248255e-05,3.96472617e-05,-4.56266615e-07,8.63639948e-06,-3.47218278e-05,-3.86951930e-05,1.99221341e-04,2.43282632e-04,7.53403460e-05,2.24344839e-02,3.73737876e-02,0
0.642046,19.9362,-1.90833875e-06,-1.92507927e-06,4.19419119e-05,4.77510909e-05,-5.43582224e-07,1.01277083e-05,-4.19383892e-05,-4.66647212e-05,1.93727223e-04,2.54381396e-04,1.12952800e-04,2.64759009e-02,5.14482471e-02,0
0.642046,23.7234,-1.83932820e-06,-1.86215807e-06,4.86042495e-05,5.51623807e-05,-6.19376407e-07,1.13139137e-05,-4.86003030e-05,-5.39896620e-05,1.87383495e-04,2.67619988e-04,1.54039294e-04,2.98893235e-02,6.80584154e-02,0
0.642046,27.5106,-1.76466022e-06,-1.78794091e-06,5.47139772e-05,6.18029123e-05,-6.88849018e-07,1.21650731e-05,-5.47096407e-05,-6.05938196e-05,1.82075411e-04,2.82872749e-04,1.57081079e-04,3.23085143e-02,8.54985910e-02,0
0.642046,31.2979,-1.68800581e-06,-1.70242000e-06,6.10836887e-05,6.76185457e-05,-7.41891671e-07,1.26639147e-05,-6.10791832e-05,-6.64220821e-05,1.75916309e-04,2.99978817e-04,9.72564006e-05,2.97832491e-02,1.05232638e-01,0
0.642046,35.0851,-1.60156300e-06,-1.60570104e-06,6.71929442e-05,7.25803223e-05,-7.74744326e-07,1.28064452e-05,-6.71884776e-05,-7.14415715e-05,1.68155974e-04,3.18737544e-04,2.79204057e-05,2.45535019e-02,1.27726707e-01,0
0.642046,38.8723,-1.50564994e-06,-1.49803779e-06,7.27196120e-05,7.66845507e-05,-7.90977168e-07,1.26020401e-05,-7.27153101e-05,-7.56419785e-05,1.60008262e-04,3.38904449e-04,5.13612151e-05,1.80705958e-02,1.51743809e-01,0
0.642046,42.6596,-1.40045187e-06,-1.37986399e-06,7.75232941e-05,7.99518648e-05,-7.92422793e-07,1.20730111e-05,-7.75192440e-05,-7.90350750e-05,1.51912588e-04,3.60188114e-04,1.38911947e-04,1.10684481e-02,1.76664031e-01,0
0.642046,46.4468,-1.28578008e-06,-1.25182044e-06,8.15281433e-05,8.24252855e-05,-7.80151468e-07,1.12536701e-05,-8.15244105e-05,-8.16534298e-05,1.44141339e-04,3.82248348e-04,2.29134805e-04,4.08881325e-03,2.01967773e-01,0
0.642046,50.2340,-1.16198857e-06,-1.11477578e-06,8.47005278e-05,8.41673689e-05,-7.56008526e-07,1.01889255e-05,-8.46971538e-05,-8.35483799e-05,1.36873908e-04,4.04695975e-04,3.18557293e-04,2.42992387e-03,2.27172760e-01,0
0.642046,54.0213,-1.02887284e-06,-9.69839330e-07,8.70414770e-05,8.52565692e-05,-7.21774508e-07,8.93246607e-06,-8.70384844e-05,-8.47873436e-05,1.30199940e-04,4.27094495e-04,3.98314896e-04,8.13489178e-03,2.51832705e-01,0
0.642046,57.8085,-8.86919607e-07,-8.18364712e-07,8.85876836e-05,8.57829990e-05,-6.80370986e-07,7.54460420e-06,-8.85850709e-05,-8.54505814e-05,1.24012359e-04,4.48963814e-04,4.62558257e-04,1.27826241e-02,2.75631204e-01,0
0.642046,61.5957,-7.35070225e-07,-6.61943605e-07,8.94163156e-05,8.58438185e-05,-6.34915136e-07,6.08986320e-06,-8.94140615e-05,-8.56275350e-05,1.18107281e-04,4.69786160e-04,4.93404904e-04,1.62820046e-02,2.98302012e-01,0
0.642046,65.3830,-5.70518452e-07,-5.02389003e-07,8.96758394e-05,8.55385252e-05,-5.91239941e-07,4.63440332e-06,-8.96738904e-05,-8.54128889e-05,1.11668301e-04,4.89014205e-04,4.59687659e-04,1.88562139e-02,3.20073366e-01,0
0.642046,69.1702,-3.97830957e-07,-3.41708048e-07,8.95651991e-05,8.49644387e-05,-5.51593079e-07,3.24338760e-06,-8.95635005e-05,-8.49025105e-05,1.04818572e-04,5.06081309e-04,3.78676310e-04,2.09684147e-02,3.40360167e-01,0
0.642046,72.9574,-2.23562566e-07,-1.82064879e-07,8.92205179e-05,8.42126678e-05,-5.16533302e-07,1.97839118e-06,-8.92190227e-05,-8.41894256e-05,9.78736328e-05,5.20413708e-04,2.79996014e-04,2.28237662e-02,3.58408088e-01,0
0.642046,76.7447,-5.20536034e-08,-2.57343436e-08,8.87233630e-05,8.33647931e-05,-4.87302580e-07,8.94955496e-07,-8.87220248e-05,-8.33599891e-05,9.08396842e-05,5.31444380e-04,1.77583101e-04,2.44222058e-02,3.73730910e-01,0
0.642046,80.5319,1.13470603e-07,1.24952128e-07,8.81304033e-05,8.24904066e-05,-4.64929567e-07,4.03836649e-08,-8.81291769e-05,-8.24903967e-05,8.37060503e-05,5.38628223e-04,7.74689230e-05,2.57048361e-02,3.85875319e-01,0
0.642046,84.3191,2.70023385e-07,2.67666818e-07,8.74834697e-05,8.16455136e-05,-4.50359286e-07,-5.48136583e-07,-8.74823105e-05,-8.16436736e-05,7.63942344e-05,5.41458101e-04,1.59003923e-05,2.66070551e-02,3.94477733e-01,0
0.642046,88.1064,4.14829668e-07,4.00150222e-07,8.68127665e-05,8.08716706e-05,-4.44311850e-07,-8.45008587e-07,-8.68116295e-05,-8.08672558e-05,6.87949065e-05,5.39481252e-04,9.90461565e-05,2.70771251e-02,3.99246848e-01,0
0.642046,91.8936,5.45829831e-07,5.20277541e-07,8.61388040e-05,8.01956243e-05,-4.47185867e-07,-8.37243178e-07,-8.61376432e-05,-8.01912538e-05,6.07951493e-05,5.32315525e-04,1.72408155e-04,2.70866220e-02,3.99954291e-01,0
0.642046,95.6809,6.60694131e-07,6.26124763e-07,8.54733136e-05,7.96291951e-05,-4.59110430e-07,-5.24975871e-07,-8.54720806e-05,-7.96274646e-05,5.22027757e-05,5.19664840e-04,2.33248791e-04,2.66351412e-02,3.96511939e-01,0
0.642046,99.4681,7.58037390e-07,7.16031923e-07,8.48189134e-05,7.91692049e-05,-4.79807648e-07,7.85354963e-08,-8.48175563e-05,-7.91691660e-05,4.28488300e-05,5.01333315e-04,2.83422149e-04,2.57490984e-02,3.88896953e-01,0
0.642046,103.2553,8.36439005e-07,7.88661074e-07,8.41679028e-05,7.87973924e-05,-5.08551672e-07,9.47432650e-07,-8.41663664e-05,-7.87916964e-05,3.24953926e-05,4.77237485e-04,3.22370511e-04,2.44766257e-02,3.77240344e-01,0
0.642046,107.0426,8.94995504e-07,8.43046696e-07,8.34998607e-05,7.84804226e-05,-5.44045344e-07,2.04427786e-06,-8.34980883e-05,-7.84537932e-05,2.08411923e-05,4.47416081e-04,3.50512534e-04,2.28765794e-02,3.61830509e-01,0
0.642046,110.8298,9.33349827e-07,8.78636423e-07,8.27779611e-05,7.81702319e-05,-5.84246126e-07,3.32153401e-06,-8.27758993e-05,-7.80996323e-05,7.49473625e-06,4.12036921e-04,3.69166002e-04,2.10001761e-02,3.43141868e-01,0
0.642046,114.6170,9.51134084e-07,8.95320296e-07,8.19380480e-05,7.78049934e-05,-6.25648549e-07,4.72344570e-06,-8.19356593e-05,-7.76614837e-05,-8.24216370e-06,3.71400511e-04,3.76590586e-04,1.88368001e-02,3.22021539e-01,0
0.642046,118.4043,9.48608912e-07,8.93447106e-07,8.08557483e-05,7.73109373e-05,-6.60667109e-07,6.18824766e-06,-8.08530491e-05,-7.70628744e-05,-2.79693413e-05,3.25940086e-04,3.72191493e-04,1.61558225e-02,3.00194014e-01,0
0.642046,122.1915,9.26671182e-07,8.73826822e-07,7.93580189e-05,7.66051233e-05,-6.82962302e-07,7.65061380e-06,-7.93550800e-05,-7.62221295e-05,-5.26637984e-05,2.76217900e-04,3.56555061e-04,1.25465903e-02,2.78964926e-01,0
0.642046,125.9787,8.86674229e-07,8.37718597e-07,7.73064230e-05,7.55990997e-05,-6.96605807e-07,9.04425081e-06,-7.73032844e-05,-7.50561483e-05,-8.04782300e-05,2.22917714e-04,3.30316776e-04,7.78129289e-03,2.57347330e-01,0
0.642046,129.7660,8.31206507e-07,7.86804307e-07,7.46311085e-05,7.42032364e-05,-7.02686766e-07,1.03045346e-05,-7.46278004e-05,-7.34842627e-05,-1.10416102e-04,1.66833558e-04,2.99593551e-04,1.95006869e-03,2.35169458e-01,0
0.642046,133.5532,7.62373809e-07,7.23148153e-07,7.13006336e-05,7.23314273e-05,-7.00746477e-07,1.13710860e-05,-7.12971900e-05,-7.14320220e-05,-1.41768768e-04,1.08854961e-04,2.64666013e-04,4.69794299e-03,2.12584739e-01,0
0.642046,137.3404,6.83321352e-07,6.49143316e-07,6.73164528e-05,6.99058212e-05,-6.90687150e-07,1.21901848e-05,-6.73129094e-05,-6.88347531e-05,-1.73811426e-04,4.99489567e-05,2.30608365e-04,1.18012993e-02,1.89798638e-01,0
0.642046,141.1277,5.96926640e-07,5.67447145e-07,6.27115509e-05,6.68612620e-05,-6.71689326e-07,1.27169268e-05,-6.27079536e-05,-6.56407506e-05,-2.05811775e-04,-8.86066701e-06,1.98906055e-04,1.89127139e-02,1.67058403e-01,0
0.642046,144.9149,5.06723474e-07,4.80906810e-07,5.75580490e-05,6.31491647e-05,-6.43359359e-07,1.29170400e-05,-5.75544533e-05,-6.18139716e-05,-2.37012092e-04,-6.65163730e-05,1.74191953e-04,2.54820560e-02,1.44618341e-01,0
0.642046,148.7021,4.15935489e-07,3.92477687e-07,5.19892590e-05,5.87406183e-05,-6.04149891e-07,1.27682874e-05,-5.19857486e-05,-5.73361237e-05,-2.66520973e-04,-1.21951480e-04,1.58276074e-04,3.07699795e-02,1.22627127e-01,0
0.642046,152.4894,3.28354604e-07,3.05137057e-07,4.63155619e-05,5.36285739e-05,-5.49965781e-07,1.22614024e-05,-4.63122965e-05,-5.22080640e-05,-2.92595919e-04,-1.74115692e-04,1.56655014e-04,3.33297667e-02,1.00497619e-01,0
0.642046,156.2766,2.52535632e-07,2.21795880e-07,4.10498990e-05,4.78290313e-05,-4.85277352e-07,1.14005185e-05,-4.10470305e-05,-4.64504512e-05,-3.15877507e-04,-2.22000806e-04,2.07409352e-04,3.08965580e-02,7.96283503e-02,0
0.642046,160.0638,1.86054035e-07,1.45211531e-07,3.53677846e-05,4.13811965e-05,-4.20929886e-07,1.02030773e-05,-3.53652796e-05,-4.01036238e-05,-3.38286947e-04,-2.64665848e-04,2.75575326e-04,2.74067125e-02,6.24470879e-02,0
0.642046,163.8511,1.27583885e-07,7.79043610e-08,2.92455791e-05,3.43466231e-05,-3.50019436e-07,8.69921737e-06,-2.92434844e-05,-3.32267082e-05,-3.57420358e-04,-3.01260890e-04,3.35201066e-04,2.32485065e-02,4.76357357e-02,0
0.642046,167.6383,7.90754121e-08,2.20808592e-08,2.27543102e-05,2.68073961e-05,-2.73567483e-07,6.93066804e-06,-2.27526656e-05,-2.58959905e-05,-3.72938674e-04,-3.31048814e-04,3.84557526e-04,1.84723349e-02,3.55319303e-02,0
0.642046,171.4255,4.21261324e-08,-2.04340145e-08,1.59727897e-05,1.88634483e-05,-1.92647248e-07,4.94919083e-06,-1.59716279e-05,-1.82026150e-05,-3.84559955e-04,-3.53424376e-04,4.22110080e-04,1.31744588e-02,2.64099056e-02,0
0.642046,175.2128,1.79466130e-08,-4.82530515e-08,8.98599274e-06,1.06291337e-05,-1.08508738e-07,2.81462928e-06,-8.98533757e-06,-1.02496997e-05,-3.92076463e-04,-3.67929974e-04,4.46666881e-04,7.48877531e-03,2.04816006e-02,0
0.642046,179.0000,7.33129354e-09,-6.04696757e-08,1.88328762e-06,2.22920388e-06,-2.28007723e-08,5.92643358e-07,-1.88314959e-06,-2.14898203e-06,-3.95344511e-04,-3.74267636e-04,4.57471313e-04,1.57654713e-03,1.78778838e-02,0
0.659215,1.0000,-2.12282733e-06,-2.11572437e-06,2.17239507e-06,2.54021231e-06,-3.23060989e-08,6.10865746e-07,-2.17215484e-06,-2.46566860e-06,2.46548231e-04,2.57777314e-04,4.79255758e-05,1.67636300e-03,9.52476311e-03,0
0.659215,4.7872,-2.11390660e-06,-2.10815778e-06,1.03633605e-05,1.21106598e-05,-1.53530462e-07,2.90107734e-06,-1.03622232e-05,-1.17580539e-05,2.45297133e-04,2.59333732e-04,3.87888327e-05,7.96348730e-03,1.19061624e-02,0
0.659215,8.5745,-2.09335835e-06,-2.09061795e-06,1.84123538e-05,2.14867799e-05,-2.71678600e-07,5.10080879e-06,-1.84103493e-05,-2.08725528e-05,2.42402823e-04,2.62921389e-04,1.84902599e-05,1.40119974e-02,1.74043137e-02,0
0.659215,12.3617,-2.06116120e-06,-2.06294592e-06,2.62099392e-05,3.05215939e-05,-3.83950048e-07,7.14211371e-06,-2.62071268e-05,-2.96741959e-05,2.37937338e-04,2.68525331e-04,1.20419758e-05,1.96507872e-02,2.59454309e-02,0
0.659215,16.1489,-2.01729634e-06,-2.02491218e-06,3.36517963e-05,3.90793416e-05,-4.87893418e-07,8.96307963e-06,-3.36482593e-05,-3.80375885e-05,2.32020769e-04,2.76119096e-04,5.13861444e-05,2.47365676e-02,3.74052026e-02,0
0.659215,19.9362,-1.96179594e-06,-1.97624154e-06,4.06407217e-05,4.70398479e-05,-5.81440883e-07,1.05101780e-05,-4.06365622e-05,-4.58506647e-05,2.24799980e-04,2.85660897e-04,9.74683339e-05,2.91646428e-02,5.16236119e-02,0
0.659215,23.7234,-1.89474802e-06,-1.91664512e-06,4.70888695e-05,5.43022758e-05,-6.62797969e-07,1.17402864e-05,-4.70842046e-05,-5.30179482e-05,2.16439343e-04,2.97088791e-04,1.47745636e-04,3.28758041e-02,6.84086942e-02,0
0.659215,27.5106,-1.82668779e-06,-1.84585798e-06,5.32199190e-05,6.07881136e-05,-7.40013590e-07,1.26223044e-05,-5.32147739e-05,-5.94632002e-05,2.09669476e-04,3.10315141e-04,1.29346431e-04,3.44927862e-02,8.53699393e-02,0
0.659215,31.2979,-1.75218927e-06,-1.76368042e-06,5.96218407e-05,6.64432736e-05,-7.94562688e-07,1.31382999e-05,-5.96165460e-05,-6.51313572e-05,2.00456544e-04,3.25220729e-04,7.75338543e-05,3.10893470e-02,1.05827815e-01,0
0.659215,35.0851,-1.66804835e-06,-1.67002089e-06,6.56521483e-05,7.12392118e-05,-8.29986022e-07,1.32841401e-05,-6.56469017e-05,-6.99896915e-05,1.90012905e-04,3.41648945e-04,1.33093041e-05,2.54635878e-02,1.28621132e-01,0
0.659215,38.8723,-1.57396265e-06,-1.56493832e-06,7.10678074e-05,7.51730128e-05,-8.48455587e-07,1.30695856e-05,-7.10627425e-05,-7.40281554e-05,1.79191099e-04,3.59400463e-04,6.08895816e-05,1.87098745e-02,1.52857675e-01,0
0.659215,42.6596,-1.47012772e-06,-1.44868149e-06,7.57473740e-05,7.82664296e-05,-8.51565031e-07,1.25178404e-05,-7.57425871e-05,-7.72589003e-05,1.68403157e-04,3.78228837e-04,1.44703508e-04,1.14808419e-02,1.77978907e-01,0
0.659215,46.4468,-1.35582812e-06,-1.32172346e-06,7.96214029e-05,8.05639071e-05,-8.39902108e-07,1.16645791e-05,-7.96169728e-05,-7.97149969e-05,1.58007688e-04,3.97837417e-04,2.30113237e-04,4.29555517e-03,2.03429024e-01,0
0.659215,50.2340,-1.23185700e-06,-1.18478891e-06,8.26589141e-05,8.21296712e-05,-8.15811396e-07,1.05564875e-05,-8.26548882e-05,-8.14484098e-05,1.48133004e-04,4.17877961e-04,3.17580996e-04,2.41207639e-03,2.28803798e-01,0
0.659215,54.0213,-1.09798409e-06,-1.03887259e-06,8.48613871e-05,8.30440115e-05,-7.80977062e-07,9.24937493e-06,-8.48577934e-05,-8.25273100e-05,1.38935792e-04,4.37951227e-04,3.98841138e-04,8.28286717e-03,2.53631683e-01,0
0.659215,57.8085,-9.54012914e-07,-8.85247596e-07,8.62621633e-05,8.33989450e-05,-7.37798793e-07,7.80593264e-06,-8.62590080e-05,-8.30328335e-05,1.30455173e-04,4.57609803e-04,4.63978032e-04,1.30493971e-02,2.77499987e-01,0
0.659215,61.5957,-8.00235664e-07,-7.25462387e-07,8.69333014e-05,8.32934974e-05,-6.89961424e-07,6.29322593e-06,-8.69305634e-05,-8.30554153e-05,1.22452395e-04,4.76363286e-04,5.04515343e-04,1.65887624e-02,3.00195256e-01,0
0.659215,65.3830,-6.33726373e-07,-5.61325892e-07,8.70027038e-05,8.28288852e-05,-6.42311654e-07,4.78001879e-06,-8.70003328e-05,-8.26908437e-05,1.14399750e-04,4.93685873e-04,4.88505450e-04,1.90225862e-02,3.21719103e-01,0
0.659215,69.1702,-4.55984726e-07,-3.94880779e-07,8.66704141e-05,8.21039108e-05,-5.99196356e-07,3.33403618e-06,-8.66683428e-05,-8.20361894e-05,1.05905188e-04,5.09026280e-04,4.12284710e-04,2.08122848e-02,3.41936466e-01,0
0.659215,72.9574,-2.74934263e-07,-2.28365197e-07,8.61024964e-05,8.12108768e-05,-5.61137380e-07,2.01927126e-06,-8.61006679e-05,-8.11857688e-05,9.74019409e-05,5.21819838e-04,3.14213972e-04,2.22940341e-02,3.60000899e-01,0
0.659215,76.7447,-9.52890474e-08,-6.41639719e-08,8.53959076e-05,8.02322738e-05,-5.29328818e-07,8.93443493e-07,-8.53942671e-05,-8.02272991e-05,8.89567888e-05,5.31502468e-04,2.10009227e-04,2.35337654e-02,3.75377296e-01,0
0.659215,80.5319,7.95215209e-08,9.52493781e-08,8.46172617e-05,7.92383927e-05,-5.04835984e-07,5.70730746e-09,-8.46157558e-05,-7.92383925e-05,8.05965628e-05,5.37526182e-04,1.06120068e-04,2.45147210e-02,3.87578081e-01,0
0.659215,84.3191,2.46111797e-07,2.47377990e-07,8.38153424e-05,7.82858656e-05,-4.88724095e-07,-6.05298664e-07,-8.38139175e-05,-7.82835255e-05,7.22248155e-05,5.39375638e-04,8.54334795e-06,2.52011304e-02,3.96247937e-01,0
0.659215,88.1064,4.01854551e-07,3.89772186e-07,8.30247987e-05,7.74169821e-05,-4.81649869e-07,-9.12985154e-07,-8.30234016e-05,-7.74115985e-05,6.37720733e-05,5.36585224e-04,8.15229563e-05,2.55581722e-02,4.01050852e-01,0
0.659215,91.8936,5.43596652e-07,5.20102736e-07,8.22694113e-05,7.66595053e-05,-4.84086198e-07,-9.03868444e-07,-8.22679871e-05,-7.66541765e-05,5.50119908e-05,5.28756094e-04,1.58519751e-04,2.55676949e-02,4.01840508e-01,0
0.659215,95.6809,6.69943012e-07,6.36234213e-07,8.15622726e-05,7.60266755e-05,-4.96090864e-07,-5.78107633e-07,-8.15607639e-05,-7.60244775e-05,4.58856887e-05,5.15572544e-04,2.27442301e-04,2.52290247e-02,3.98399058e-01,0
0.659215,99.4681,7.78400301e-07,7.36295705e-07,8.09055900e-05,7.55171585e-05,-5.17326358e-07,5.04981422e-08,-8.09039360e-05,-7.55171416e-05,3.60926376e-05,4.96817103e-04,2.84090993e-04,2.45583027e-02,3.90796955e-01,0
0.659215,103.2553,8.67750205e-07,8.18746170e-07,8.02899446e-05,7.51148577e-05,-5.46916948e-07,9.55052476e-07,-8.02880818e-05,-7.51087859e-05,2.54118488e-05,4.72383738e-04,3.30643361e-04,2.35859642e-02,3.79131708e-01,0
0.659215,107.0426,9.36644071e-07,8.82431842e-07,7.96905084e-05,7.47887117e-05,-5.83384138e-07,2.09662324e-06,-7.96883730e-05,-7.47593176e-05,1.34569000e-05,4.42288622e-04,3.65784441e-04,2.23404174e-02,3.63744806e-01,0
0.659215,110.8298,9.84626729e-07,9.26633327e-07,7.90628668e-05,7.44927641e-05,-6.24364571e-07,3.42578126e-06,-7.90604015e-05,-7.44139498e-05,-2.13125508e-07,4.06677938e-04,3.91297031e-04,2.08286895e-02,3.45134241e-01,0
0.659215,114.6170,1.01114781e-06,9.51100330e-07,7.83291915e-05,7.41668542e-05,-6.65699862e-07,4.88455591e-06,-7.83263627e-05,-7.40058334e-05,-1.64414779e-05,3.65832321e-04,4.05156456e-04,1.89702591e-02,3.24253318e-01,0
0.659215,118.4043,1.01587040e-06,9.56072397e-07,7.73388375e-05,7.37382239e-05,-6.97905783e-07,6.40873079e-06,-7.73356884e-05,-7.34591984e-05,-3.72611358e-05,3.20167619e-04,4.03473165e-04,1.64101482e-02,3.03179187e-01,0
0.659215,122.1915,9.99497653e-07,9.42284479e-07,7.59199563e-05,7.31241772e-05,-7.18909910e-07,7.93038954e-06,-7.59165524e-05,-7.26928760e-05,-6.25258185e-05,2.70231754e-04,3.86032623e-04,1.27420362e-02,2.82252530e-01,0
0.659215,125.9787,9.64330988e-07,9.10956709e-07,7.39538845e-05,7.22357351e-05,-7.32246574e-07,9.38061193e-06,-7.39502593e-05,-7.16240570e-05,-9.05530922e-05,2.16697637e-04,3.60130571e-04,7.83063389e-03,2.60617047e-01,0
0.659215,129.7660,9.12075972e-07,8.63768297e-07,7.13773503e-05,7.09820556e-05,-7.37811565e-07,1.06922143e-05,-7.13735369e-05,-7.01721367e-05,-1.20589426e-04,1.60352170e-04,3.25944829e-04,1.80159446e-03,2.38301042e-01,0
0.659215,133.5532,8.45581244e-07,8.02816054e-07,6.81631288e-05,6.92752816e-05,-7.35413159e-07,1.18024272e-05,-6.81591615e-05,-6.82624886e-05,-1.51905674e-04,1.02081541e-04,2.88548198e-04,5.06874469e-03,2.15437724e-01,0
0.659215,137.3404,7.68109140e-07,7.30558593e-07,6.43125744e-05,6.70354416e-05,-7.24915583e-07,1.26554041e-05,-6.43084888e-05,-6.58300173e-05,-1.83798346e-04,4.28531389e-05,2.53363605e-04,1.24097334e-02,1.92250937e-01,0
0.659215,141.1277,6.82138432e-07,6.49747813e-07,5.98559939e-05,6.41950547e-05,-7.04942882e-07,1.32044643e-05,-5.98518425e-05,-6.28223461e-05,-2.15662868e-04,-1.63054781e-05,2.18548194e-04,1.97756936e-02,1.69099466e-01,0
0.659215,144.9149,5.91661949e-07,5.63349720e-07,5.48587818e-05,6.07031481e-05,-6.75575210e-07,1.34139800e-05,-5.48546218e-05,-5.92025112e-05,-2.46739713e-04,-7.43299883e-05,1.91030198e-04,2.66362706e-02,1.46241844e-01,0
0.659215,148.7021,4.99980527e-07,4.74457098e-07,4.94345911e-05,5.65284729e-05,-6.35391294e-07,1.32608351e-05,-4.94305076e-05,-5.49510556e-05,-2.76227701e-04,-1.30144452e-04,1.72213414e-04,3.23310593e-02,1.23911130e-01,0
0.659215,152.4894,4.10914092e-07,3.86196798e-07,4.38147058e-05,5.16617702e-05,-5.81990370e-07,1.27353966e-05,-4.38108403e-05,-5.00674362e-05,-3.02895042e-04,-1.82687471e-04,1.66774206e-04,3.57637626e-02,1.01962791e-01,0
0.659215,156.2766,3.31084148e-07,3.01634716e-07,3.86269372e-05,4.61170081e-05,-5.11193688e-07,1.18419618e-05,-3.86235544e-05,-4.45706896e-05,-3.25127673e-04,-2.30938593e-04,1.98703215e-04,3.41367298e-02,7.98933165e-02,0
0.659215,160.0638,2.63686191e-07,2.23681587e-07,3.32767706e-05,3.99315639e-05,-4.43651055e-07,1.05986623e-05,-3.32738130e-05,-3.84993267e-05,-3.47418048e-04,-2.73944176e-04,2.69921788e-04,3.03298709e-02,6.23222070e-02,0
0.659215,163.8511,2.04298231e-07,1.55002762e-07,2.75142797e-05,3.31653705e-05,-3.69112917e-07,9.03682880e-06,-2.75118037e-05,-3.19104611e-05,-3.66443923e-04,-3.10841927e-04,3.32609745e-04,2.57553985e-02,4.71628759e-02,0
0.659215,167.6383,1.54950825e-07,9.79350117e-08,2.14058968e-05,2.58990887e-05,-2.88579814e-07,7.19984065e-06,-2.14039515e-05,-2.48782051e-05,-3.81870857e-04,-3.40883360e-04,3.84700975e-04,2.04781608e-02,3.47665256e-02,0
0.659215,171.4255,1.17315847e-07,5.44131778e-08,1.50255501e-05,1.82314006e-05,-2.03220159e-07,5.14150610e-06,-1.50241758e-05,-1.74913946e-05,-3.93422335e-04,-3.63453481e-04,4.24421170e-04,1.46109770e-02,2.54202625e-02,0
0.659215,175.2128,9.26850273e-08,2.59091873e-08,8.45285571e-06,1.02755503e-05,-1.14474810e-07,2.92403480e-06,-8.45208053e-06,-9.85073371e-06,-4.00884983e-04,-3.78087080e-04,4.50554492e-04,8.30710867e-03,1.93376996e-02,0
0.659215,179.0000,8.18750955e-08,1.33855086e-08,1.77153311e-06,2.15528142e-06,-2.40721093e-08,6.15682717e-07,-1.77136955e-06,-2.06547156e-06,-4.04129672e-04,-3.84481126e-04,4.62117601e-04,1.74897040e-03,1.66663431e-02,0
0.676383,1.0000,-2.17328623e-06,-2.16026558e-06,2.10188081e-06,2.50282200e-06,-3.44847629e-08,6.32281391e-07,-2.10159791e-06,-2.42163957e-06,2.82506812e-04,2.93340463e-04,8.78538507e-05,1.82732862e-03,9.18934861e-03,0
0.676383,4.7872,-2.16478938e-06,-2.15334907e-06,1.00268097e-05,1.19313732e-05,-1.63845876e-07,3.00275622e-06,-1.00254710e-05,-1.15473427e-05,2.80962412e-04,2.94624215e-04,7.71907821e-05,8.68023416e-03,1.15882516e-02,0
0.676383,8.5745,-2.14518889e-06,-2.13727887e-06,1.78136957e-05,2.11644752e-05,-2.89952810e-07,5.27947543e-06,-1.78113358e-05,-2.04954178e-05,2.77403174e-04,2.97588058e-04,5.33709721e-05,1.52715048e-02,1.71212770e-02,0
0.676383,12.3617,-2.11443226e-06,-2.11182296e-06,2.53561622e-05,3.00543337e-05,-4.09900334e-07,7.39203382e-06,-2.53528488e-05,-2.91310969e-05,2.71905514e-04,3.02230453e-04,1.76056561e-05,2.14123755e-02,2.57223022e-02,0
0.676383,16.1489,-2.07241273e-06,-2.07664068e-06,3.25527667e-05,3.84644929e-05,-5.20957082e-07,9.27628002e-06,-3.25485979e-05,-3.73291822e-05,2.64611449e-04,3.08545482e-04,2.85271340e-05,2.69432696e-02,3.72658449e-02,0
0.676383,19.9362,-2.01908946e-06,-2.03131191e-06,3.93089918e-05,4.62742494e-05,-6.21064714e-07,1.08767521e-05,-3.93040852e-05,-4.49777992e-05,2.55692125e-04,3.16518415e-04,8.24681377e-05,3.17448419e-02,5.15942401e-02,0
0.676383,23.7234,-1.95450686e-06,-1.97537465e-06,4.55405119e-05,5.33824461e-05,-7.08367428e-07,1.21487737e-05,-4.55350023e-05,-5.19816587e-05,2.45380628e-04,3.26120068e-04,1.40800544e-04,3.57403810e-02,6.84850270e-02,0
0.676383,27.5106,-1.89315597e-06,-1.90836933e-06,5.17786528e-05,5.97104929e-05,-7.92041193e-07,1.30601285e-05,-5.17725946e-05,-5.82647063e-05,2.36841835e-04,3.37300303e-04,1.02648583e-04,3.61501361e-02,8.52111541e-02,0
0.676383,31.2979,-1.82169346e-06,-1.82988765e-06,5.81479121e-05,6.52044893e-05,-8.49484267e-07,1.35922477e-05,-5.81417067e-05,-6.37720646e-05,2.24916593e-04,3.49981037e-04,5.52884008e-05,3.21610400e-02,1.06082501e-01,0
0.676383,35.0851,-1.74017046e-06,-1.73962355e-06,6.40788578e-05,6.98363557e-05,-8.87793483e-07,1.37408652e-05,-6.40727074e-05,-6.84711997e-05,2.11892595e-04,3.64049245e-04,3.69011897e-06,2.62403591e-02,1.29062726e-01,0
0.676383,38.8723,-1.64829968e-06,-1.63742380e-06,6.93734619e-05,7.36039176e-05,-9.08686407e-07,1.35161138e-05,-6.93675104e-05,-7.23522726e-05,1.98446548e-04,3.79350389e-04,7.33825048e-05,1.92807150e-02,1.53446746e-01,0
0.676383,42.6596,-1.54599338e-06,-1.52333566e-06,7.39236134e-05,7.65299288e-05,-9.13496698e-07,1.29420591e-05,-7.39179690e-05,-7.54276681e-05,1.85011556e-04,3.95682763e-04,1.52877673e-04,1.18785374e-02,1.78696102e-01,0
0.676383,46.4468,-1.43251719e-06,-1.39764910e-06,7.76655344e-05,7.86600622e-05,-9.02754812e-07,1.20556908e-05,-7.76602876e-05,-7.77307256e-05,1.71985666e-04,4.12793194e-04,2.35264322e-04,4.53265739e-03,2.04258414e-01,0
0.676383,50.2340,-1.30842063e-06,-1.26093125e-06,8.05705904e-05,8.00599462e-05,-8.78690899e-07,1.09054101e-05,-8.05657988e-05,-7.93137252e-05,1.59537459e-04,4.30374494e-04,3.20423642e-04,2.32731103e-03,2.29730124e-01,0
0.676383,54.0213,-1.17323716e-06,-1.11405103e-06,8.26402120e-05,8.08113786e-05,-8.42876806e-07,9.54907280e-06,-8.26359135e-05,-8.02452124e-05,1.47910119e-04,4.48065026e-04,3.99344724e-04,8.33508678e-03,2.54598209e-01,0
0.676383,57.8085,-1.02774387e-06,-9.58192433e-07,8.39064294e-05,8.10079039e-05,-7.98421495e-07,8.05166582e-06,-8.39026306e-05,-8.06067688e-05,1.37067001e-04,4.65450629e-04,4.69282220e-04,1.32103131e-02,2.78542452e-01,0
0.676383,61.5957,-8.71218708e-07,-7.94855065e-07,8.44349217e-05,8.07499976e-05,-7.48107013e-07,6.48270765e-06,-8.44316074e-05,-8.04893572e-05,1.26995031e-04,4.82069069e-04,5.15245974e-04,1.67944013e-02,3.01181864e-01,0
0.676383,65.3830,-7.02291053e-07,-6.25841350e-07,8.43384313e-05,8.01401526e-05,-6.96621438e-07,4.91347527e-06,-8.43355543e-05,-7.99893856e-05,1.17256667e-04,4.97417092e-04,5.15826640e-04,1.91340654e-02,3.22460706e-01,0
0.676383,69.1702,-5.19412925e-07,-4.53230261e-07,8.38069781e-05,7.92781953e-05,-6.49834892e-07,3.41416635e-06,-8.38044587e-05,-7.92046446e-05,1.07157603e-04,5.10960006e-04,4.46552174e-04,2.06403700e-02,3.42514369e-01,0
0.676383,72.9574,-3.31285593e-07,-2.79337940e-07,8.30320192e-05,7.82571593e-05,-6.08711858e-07,2.05110825e-06,-8.30297879e-05,-7.82302750e-05,9.70924937e-05,5.22143650e-04,3.50504735e-04,2.17618907e-02,3.60538045e-01,0
0.676383,76.7447,-1.42707880e-07,-1.06666206e-07,8.21294308e-05,7.71599908e-05,-5.74204272e-07,8.84123275e-07,-8.21274235e-05,-7.71549254e-05,8.72817414e-05,5.30408449e-04,2.43182836e-04,2.26487082e-02,3.75870137e-01,0
0.676383,80.5319,4.20030915e-08,6.21595600e-08,8.11762372e-05,7.60572523e-05,-5.47643740e-07,-3.58462094e-08,-8.11743899e-05,-7.60572438e-05,7.76740108e-05,5.35205188e-04,1.36001096e-04,2.33302740e-02,3.88088336e-01,0
0.676383,84.3191,2.19600706e-07,2.24461167e-07,8.02278466e-05,7.50058228e-05,-5.29999374e-07,-6.68759683e-07,-8.02260959e-05,-7.50028414e-05,6.82522277e-05,5.36012029e-04,3.27948307e-05,2.37998834e-02,3.96764487e-01,0
0.676383,88.1064,3.86728666e-07,3.77584615e-07,7.93238632e-05,7.40484199e-05,-5.22066250e-07,-9.87067886e-07,-7.93221452e-05,-7.40418408e-05,5.88571568e-05,5.32352213e-04,6.16973666e-05,2.40433482e-02,4.01629260e-01,0
0.676383,91.8936,5.40874218e-07,5.18980646e-07,7.84911194e-05,7.32136194e-05,-5.24231653e-07,-9.76807381e-07,-7.84893688e-05,-7.32071029e-05,4.94021046e-05,5.23811841e-04,1.47721798e-04,2.40527218e-02,4.02405113e-01,0
0.676383,95.6809,6.79230262e-07,6.46285911e-07,7.77441016e-05,7.25160029e-05,-5.36536794e-07,-6.38157229e-07,-7.77422502e-05,-7.25131949e-05,3.96323153e-05,5.10057099e-04,2.22284366e-04,2.38275706e-02,3.99024986e-01,0
0.676383,99.4681,7.99967622e-07,7.57401710e-07,7.70845237e-05,7.19561377e-05,-5.58557006e-07,1.45641438e-08,-7.70825000e-05,-7.19561362e-05,2.93690416e-05,4.90850259e-04,2.87203618e-04,2.33731200e-02,3.91438850e-01,0
0.676383,103.2553,9.01084633e-07,8.50567300e-07,7.65006408e-05,7.15202819e-05,-5.89272307e-07,9.53461803e-07,-7.64983712e-05,-7.15139261e-05,1.82642614e-05,4.66063825e-04,3.40853987e-04,2.26984725e-02,3.79833760e-01,0
0.676383,107.0426,9.81458570e-07,9.24424854e-07,7.59634307e-05,7.11799478e-05,-6.27017518e-07,2.13816491e-06,-7.59608429e-05,-7.11478265e-05,5.96568721e-06,4.35692221e-04,3.84821768e-04,2.18011909e-02,3.64503805e-01,0
0.676383,110.8298,1.03976837e-06,9.78073421e-07,7.54202012e-05,7.08916598e-05,-6.68924695e-07,3.51742189e-06,-7.54172347e-05,-7.08043443e-05,-8.16130556e-06,3.99860486e-04,4.16272332e-04,2.06392695e-02,3.46093351e-01,0
0.676383,114.6170,1.07584902e-06,1.01110959e-06,7.47754960e-05,7.05973296e-05,-7.10102627e-07,5.03112776e-06,-7.47721242e-05,-7.04178294e-05,-2.50734065e-05,3.58829523e-04,4.36814300e-04,1.90424013e-02,3.25635184e-01,0
0.676383,118.4043,1.08817716e-06,1.02365296e-06,7.38591828e-05,7.02256121e-05,-7.39934580e-07,6.61270391e-06,-7.38554763e-05,-6.99135805e-05,-4.70323625e-05,3.12997552e-04,4.35362057e-04,1.65603536e-02,3.05385550e-01,0
0.676383,122.1915,1.07823889e-06,1.01635518e-06,7.25079802e-05,6.96944264e-05,-7.60529126e-07,8.19173724e-06,-7.25039916e-05,-6.92113322e-05,-7.27378959e-05,2.62897548e-04,4.17545966e-04,1.28230466e-02,2.84693606e-01,0
0.676383,125.9787,1.04781762e-06,9.90391612e-07,7.06194545e-05,6.89145937e-05,-7.73538156e-07,9.69677497e-06,-7.06152178e-05,-6.82289805e-05,-1.01017566e-04,2.09190577e-04,3.87468665e-04,7.77006970e-03,2.63125592e-01,0
0.676383,129.7660,9.99784682e-07,9.47435674e-07,6.81380679e-05,6.77943435e-05,-7.79250288e-07,1.10581654e-05,-6.81336118e-05,-6.68863961e-05,-1.31067424e-04,1.52655060e-04,3.53212792e-04,1.56655759e-03,2.40659854e-01,0
0.676383,133.5532,9.36113990e-07,8.89616260e-07,6.50385928e-05,6.62443106e-05,-7.76622633e-07,1.22108336e-05,-6.50339558e-05,-6.51091716e-05,-1.62338386e-04,9.41721709e-05,3.13732642e-04,5.49517693e-03,2.17578080e-01,0
0.676383,137.3404,8.60355995e-07,8.19459348e-07,6.13227748e-05,6.41826108e-05,-7.65475988e-07,1.30968818e-05,-6.13179970e-05,-6.28321512e-05,-1.94119027e-04,3.47076887e-05,2.75940637e-04,1.30339821e-02,1.94096017e-01,0
0.676383,141.1277,7.75193421e-07,7.39815528e-07,5.70186242e-05,6.15396125e-05,-7.44534019e-07,1.36679146e-05,-5.70137631e-05,-6.00026001e-05,-2.25849311e-04,-2.47092457e-05,2.38704126e-04,2.06048459e-02,1.70611572e-01,0
0.676383,144.9149,6.84727825e-07,6.53775701e-07,5.21854236e-05,5.82620970e-05,-7.13808348e-07,1.38869950e-05,-5.21805415e-05,-5.65828889e-05,-2.56787969e-04,-8.30098876e-05,2.08842278e-04,2.76950329e-02,1.47402516e-01,0
0.676383,148.7021,5.92353144e-07,5.64577618e-07,4.69229214e-05,5.43165812e-05,-6.72190510e-07,1.37301563e-05,-4.69181065e-05,-5.25525813e-05,-2.86205881e-04,-1.39111500e-04,1.87408919e-04,3.36973266e-02,1.24768795e-01,0
0.676383,152.4894,5.01862400e-07,4.75506343e-07,4.14166039e-05,4.96916588e-05,-6.17738824e-07,1.31874093e-05,-4.14119968e-05,-4.79098444e-05,-3.13109992e-04,-1.91944069e-04,1.77831383e-04,3.77143710e-02,1.02775688e-01,0
0.676383,156.2766,4.18012756e-07,3.89791950e-07,3.62168784e-05,4.43992830e-05,-5.42089374e-07,1.22632055e-05,-3.62128212e-05,-4.26721234e-05,-3.34727339e-04,-2.40477332e-04,1.90413341e-04,3.72921081e-02,7.99449964e-02,0
0.676383,160.0638,3.49694518e-07,3.10507892e-07,3.11950856e-05,3.84749700e-05,-4.70612081e-07,1.09763379e-05,-3.11915355e-05,-3.68760535e-05,-3.56871150e-04,-2.83747295e-04,2.64402670e-04,3.31787845e-02,6.20253145e-02,0
0.676383,163.8511,2.89396456e-07,2.40473511e-07,2.57901904e-05,3.19769502e-05,-3.91707819e-07,9.35928186e-06,-2.57872156e-05,-3.05766117e-05,-3.75797582e-04,-3.20881424e-04,3.30096221e-04,2.81967619e-02,4.65811324e-02,0
0.676383,167.6383,2.39234518e-07,1.82164034e-07,2.00628593e-05,2.49843309e-05,-3.06387824e-07,7.45700326e-06,-2.00605197e-05,-2.38455424e-05,-3.91136590e-04,-3.51121725e-04,3.85069853e-04,2.24300876e-02,3.39415169e-02,0
0.676383,171.4255,2.00916190e-07,1.37631143e-07,1.40819618e-05,1.75943723e-05,-2.15779919e-07,5.32527868e-06,-1.40803085e-05,-1.67691187e-05,-4.02621815e-04,-3.73844994e-04,4.27001175e-04,1.60081537e-02,2.44091527e-02,0
0.676383,175.2128,1.75829891e-07,1.08436878e-07,7.92173281e-06,9.91900173e-06,-1.21577334e-07,3.02859396e-06,-7.92079981e-06,-9.44532763e-06,-4.10036667e-04,-3.88579585e-04,4.54718723e-04,9.10274823e-03,1.82003845e-02,0
0.676383,179.0000,1.64821489e-07,9.56031741e-08,1.66019432e-06,2.08072267e-06,-2.55772093e-08,6.37702706e-07,-1.65999728e-06,-1.98059135e-06,-4.13261190e-04,-3.95018175e-04,4.67034525e-04,1.91659905e-03,1.54741400e-02,0
0.693551,1.0000,-2.22778845e-06,-2.20913691e-06,2.02965594e-06,2.46231549e-06,-3.67978961e-08,6.52776112e-07,-2.02932234e-06,-2.37421164e-06,3.18088988e-04,3.28420611e-04,1.25846903e-04,1.97188815e-03,8.76351708e-03,0
0.693551,4.7872,-2.21979161e-06,-2.20293097e-06,9.68215033e-06,1.17373065e-05,-1.74836738e-07,3.10005739e-06,-9.68057163e-06,-1.13205127e-05,3.16257775e-04,3.29430780e-04,1.13763277e-04,9.36657512e-03,1.11736424e-02,0
0.693551,8.5745,-2.20129604e-06,-2.18846725e-06,1.72007407e-05,2.08162625e-05,-3.09367542e-07,5.45042788e-06,-1.71979583e-05,-2.00900378e-05,3.12043456e-04,3.31768583e-04,8.65592811e-05,1.64780938e-02,1.67313004e-02,0
0.693551,12.3617,-2.17222748e-06,-2.16543415e-06,2.44822933e-05,2.95509777e-05,-4.37407592e-07,7.63111395e-06,-2.44783856e-05,-2.85486669e-05,3.05539992e-04,3.35445642e-04,4.58364073e-05,2.31010242e-02,2.53666515e-02,0
0.693551,16.1489,-2.13240142e-06,-2.13336997e-06,3.14283867e-05,3.78046717e-05,-5.56136397e-07,9.57580775e-06,-3.14234658e-05,-3.65718076e-05,2.96897379e-04,3.40476199e-04,6.53502838e-06,2.90605416e-02,3.69645447e-02,0
0.693551,19.9362,-2.08163331e-06,-2.09169669e-06,3.79473058e-05,4.54564371e-05,-6.63139504e-07,1.12271854e-05,-3.79415111e-05,-4.40481325e-05,2.86316315e-04,3.46872094e-04,6.79003213e-05,3.42235994e-02,5.13647869e-02,0
0.693551,23.7234,-2.02302418e-06,-2.03976372e-06,4.39975664e-05,5.24050636e-05,-7.60898662e-07,1.25390739e-05,-4.39909864e-05,-5.08828293e-05,2.75146057e-04,3.54636350e-04,1.12946136e-04,3.83179900e-02,6.74254714e-02,0
0.693551,27.5106,-1.96586898e-06,-1.97689939e-06,5.03568918e-05,5.85720832e-05,-8.46658609e-07,1.34781827e-05,-5.03497738e-05,-5.70002414e-05,2.63706355e-04,3.63755728e-04,7.44251410e-05,3.74415376e-02,8.48641510e-02,0
0.693551,31.2979,-1.89781108e-06,-1.90246801e-06,5.66550736e-05,6.39039092e-05,-9.07547844e-07,1.40253310e-05,-5.66478042e-05,-6.23458074e-05,2.49255026e-04,3.74192694e-04,3.14216065e-05,3.30372764e-02,1.05974968e-01,0
0.693551,35.0851,-1.81945767e-06,-1.81592961e-06,6.24707498e-05,6.83729761e-05,-9.49269417e-07,1.41761254e-05,-6.24635371e-05,-6.68872285e-05,2.33722882e-04,3.85877260e-04,2.38047751e-05,2.68999732e-02,1.29060799e-01,0
0.693551,38.8723,-1.73001640e-06,-1.71689953e-06,6.76352317e-05,7.19778219e-05,-9.72706588e-07,1.39410583e-05,-6.76282367e-05,-7.06148266e-05,2.17724696e-04,3.98699216e-04,8.85030419e-05,1.97917792e-02,1.53506698e-01,0
0.693551,42.6596,-1.62954137e-06,-1.60520502e-06,7.20509238e-05,7.47420966e-05,-9.79338961e-07,1.33450272e-05,-7.20442678e-05,-7.35410854e-05,2.01704622e-04,4.12501266e-04,1.64203888e-04,1.22652826e-02,1.78802501e-01,0
0.693551,46.4468,-1.51698554e-06,-1.48093599e-06,7.56592798e-05,7.67125241e-05,-9.69522650e-07,1.24262905e-05,-7.56530677e-05,-7.56993966e-05,1.86093442e-04,4.27073540e-04,2.43235935e-04,4.80026351e-03,2.04404791e-01,0
0.693551,50.2340,-1.39255847e-06,-1.34448720e-06,7.84339814e-05,7.79558946e-05,-9.45269486e-07,1.12349042e-05,-7.84282851e-05,-7.71420666e-05,1.71164022e-04,4.42149932e-04,3.24349727e-04,2.17892741e-03,2.29856403e-01,0
0.693551,54.0213,-1.25667695e-06,-1.19658965e-06,8.03762190e-05,7.85552170e-05,-9.09012845e-07,9.83069770e-06,-8.03710787e-05,-7.79376642e-05,1.57037196e-04,4.57406649e-04,4.05425160e-04,8.29939480e-03,2.54780191e-01,0
0.693551,57.8085,-1.10873195e-06,-1.03832919e-06,8.15157009e-05,7.86052192e-05,-8.62803008e-07,8.28087213e-06,-8.15111346e-05,-7.81678172e-05,1.43909300e-04,4.72463250e-04,4.75026310e-04,1.32648047e-02,2.78686922e-01,0
0.693551,61.5957,-9.48885924e-07,-8.71151040e-07,8.19143991e-05,7.82074465e-05,-8.10083616e-07,6.65731193e-06,-8.19103934e-05,-7.79235836e-05,1.31719530e-04,4.86886379e-04,5.24498101e-04,1.68947986e-02,3.01260587e-01,0
0.693551,65.3830,-7.76556829e-07,-6.96849266e-07,8.16736766e-05,7.74652612e-05,-7.55111277e-07,5.03371777e-06,-8.16701858e-05,-7.73015419e-05,1.20209262e-04,5.00196269e-04,5.37808294e-04,1.91802641e-02,3.22313609e-01,0
0.693551,69.1702,-5.89017644e-07,-5.17541016e-07,8.09663058e-05,7.64790898e-05,-7.04444022e-07,3.48267241e-06,-8.09632413e-05,-7.63997524e-05,1.08541435e-04,5.11875975e-04,4.82271964e-04,2.04509252e-02,3.42117517e-01,0
0.693551,72.9574,-3.92972686e-07,-3.35625966e-07,8.00003328e-05,7.53422653e-05,-6.59965356e-07,2.07275489e-06,-7.99976105e-05,-7.53137479e-05,9.69800320e-05,5.21383187e-04,3.86933691e-04,2.12295976e-02,3.59988395e-01,0
0.693551,76.7447,-1.94957318e-07,-1.53731932e-07,7.89146134e-05,7.41377631e-05,-6.22736609e-07,8.65816379e-07,-7.89121562e-05,-7.41327072e-05,8.57938140e-05,5.28164331e-04,2.78158729e-04,2.17709618e-02,3.75228719e-01,0
0.693551,80.5319,6.74376595e-10,2.53516955e-08,7.77971044e-05,7.29360108e-05,-5.94014872e-07,-8.54752712e-08,-7.77948366e-05,-7.29359608e-05,7.49830220e-05,5.31670578e-04,1.66504485e-04,2.21549088e-02,3.87372757e-01,0
0.693551,84.3191,1.90258009e-07,1.98750544e-07,7.67102765e-05,7.17937708e-05,-5.74879078e-07,-7.39726003e-07,-7.67081223e-05,-7.17899598e-05,6.44931031e-05,5.31375266e-04,5.73014137e-05,2.24074550e-02,3.96020054e-01,0
0.693551,88.1064,3.70147608e-07,3.63589272e-07,7.56989933e-05,7.07538931e-05,-5.66156283e-07,-1.06845881e-06,-7.56968761e-05,-7.07458252e-05,5.41835425e-05,5.26792167e-04,4.42508529e-05,2.25377776e-02,4.00877369e-01,0
0.693551,91.8936,5.37154820e-07,5.17079999e-07,7.47927144e-05,6.98455677e-05,-5.68221277e-07,-1.05724534e-06,-7.47905559e-05,-6.98375655e-05,4.38811469e-05,5.17493959e-04,1.35450196e-04,2.25471043e-02,4.01729143e-01,0
0.693551,95.6809,6.88981830e-07,6.56611936e-07,7.40071498e-05,6.90846416e-05,-5.81041457e-07,-7.06281271e-07,-7.40048689e-05,-6.90810312e-05,3.34679607e-05,5.03130231e-04,2.18408350e-04,2.24348120e-02,3.98378204e-01,0
0.693551,99.4681,8.23118967e-07,7.79838838e-07,7.33439711e-05,6.84736441e-05,-6.04096540e-07,-3.03829335e-08,-7.33414833e-05,-6.84736373e-05,2.26715072e-05,4.83444345e-04,2.92022637e-04,2.21969913e-02,3.90837986e-01,0
0.693551,103.2553,9.37272370e-07,8.84760924e-07,7.27885682e-05,6.80013814e-05,-6.36224034e-07,9.41594893e-07,-7.27857876e-05,-6.79948621e-05,1.11166720e-05,4.58288463e-04,3.54308798e-04,2.18180717e-02,3.79301269e-01,0
0.693551,107.0426,1.02992593e-06,9.69798037e-07,7.23071899e-05,6.76422430e-05,-6.75454989e-07,2.16789715e-06,-7.23040350e-05,-6.76074941e-05,-1.64044752e-06,4.27636112e-04,4.05699007e-04,2.12609513e-02,3.64122127e-01,0
0.693551,110.8298,1.09980123e-06,1.03385106e-06,7.18382716e-05,6.73556086e-05,-7.18532052e-07,3.59551807e-06,-7.18346781e-05,-6.72595737e-05,-1.63013343e-05,3.91591725e-04,4.44983473e-04,2.04301747e-02,3.45984157e-01,0
0.693551,114.6170,1.14543816e-06,1.07634901e-06,7.12633305e-05,6.70858616e-05,-7.58694005e-07,5.16229752e-06,-7.12592917e-05,-6.68869457e-05,-3.42755633e-05,3.50396661e-04,4.66163057e-04,1.90392228e-02,3.26287717e-01,0
0.693551,118.4043,1.16633432e-06,1.09727972e-06,7.04058268e-05,6.67634544e-05,-7.87420292e-07,6.79938191e-06,-7.04014234e-05,-6.64163177e-05,-5.71628284e-05,3.04431338e-04,4.65929885e-04,1.66004678e-02,3.06712384e-01,0
0.693551,122.1915,1.16359075e-06,1.09720257e-06,6.91129679e-05,6.63072631e-05,-8.08277805e-07,8.43395303e-06,-6.91082413e-05,-6.57686976e-05,-8.33024349e-05,2.54213239e-04,4.47938887e-04,1.27872737e-02,2.86288460e-01,0
0.693551,125.9787,1.13915950e-06,1.07724230e-06,6.72969533e-05,6.56281982e-05,-8.21822935e-07,9.99211807e-06,-6.72919351e-05,-6.48630710e-05,-1.11764503e-04,2.00390667e-04,4.17771984e-04,7.60551418e-03,2.64777105e-01,0
0.693551,129.7660,1.09517908e-06,1.03906387e-06,6.49070463e-05,6.46337981e-05,-8.27438483e-07,1.14018470e-05,-6.49017719e-05,-6.36201677e-05,-1.41927575e-04,1.43732293e-04,3.78624394e-04,1.24535523e-03,2.42303187e-01,0
0.693551,133.5532,1.03507004e-06,9.84828673e-07,6.19210753e-05,6.32333851e-05,-8.24941706e-07,1.25958425e-05,-6.19155799e-05,-6.19661661e-05,-1.73101121e-04,8.51126834e-05,3.38991957e-04,5.98098032e-03,2.19022813e-01,0
0.693551,137.3404,9.61464133e-07,9.17133390e-07,5.83413498e-05,6.13433245e-05,-8.13245387e-07,1.35142294e-05,-5.83356815e-05,-5.98361852e-05,-2.04780042e-04,2.54941323e-05,2.99111400e-04,1.36817927e-02,1.95323784e-01,0
0.693551,141.1277,8.77422864e-07,8.38933280e-07,5.41935095e-05,5.88919699e-05,-7.91173950e-07,1.41069579e-05,-5.41877340e-05,-5.71774243e-05,-2.36368772e-04,-3.40947429e-05,2.59699542e-04,2.14136921e-02,1.71573426e-01,0
0.693551,144.9149,7.87243640e-07,7.53452336e-07,4.95313035e-05,5.58239661e-05,-7.58919269e-07,1.43358273e-05,-4.95254891e-05,-5.39518234e-05,-2.67169949e-04,-9.25830502e-05,2.27998982e-04,2.86794248e-02,1.48088573e-01,0
0.693551,148.7021,6.94278323e-07,6.64083244e-07,4.44432391e-05,5.21036782e-05,-7.15157415e-07,1.41760483e-05,-4.44374847e-05,-5.01381386e-05,-2.96493789e-04,-1.48883633e-04,2.03734292e-04,3.49131999e-02,1.25206286e-01,0
0.693551,152.4894,6.02606480e-07,5.74280463e-07,3.90847359e-05,4.77176021e-05,-6.58820562e-07,1.36172850e-05,-3.90791829e-05,-4.57333478e-05,-3.23495544e-04,-2.01920275e-04,1.91123234e-04,3.93451310e-02,1.03122904e-01,0
0.693551,156.2766,5.16141558e-07,4.87450069e-07,3.38571047e-05,4.26756883e-05,-5.83133662e-07,1.26641338e-05,-3.38520826e-05,-4.07533322e-05,-3.45875497e-04,-2.50655270e-04,1.93589163e-04,4.01915561e-02,8.07679591e-02,0
0.693551,160.0638,4.45243794e-07,4.06840114e-07,2.91203057e-05,3.70115639e-05,-5.02304634e-07,1.13360204e-05,-2.91159732e-05,-3.52328043e-05,-3.66691656e-04,-2.94116524e-04,2.59119926e-04,3.59651801e-02,6.15598755e-02,0
0.693551,163.8511,3.84047927e-07,3.35435285e-07,2.40714761e-05,3.07816862e-05,-4.18322729e-07,9.66651859e-06,-2.40678410e-05,-2.92244867e-05,-3.85529007e-04,-3.31423323e-04,3.28002530e-04,3.05824380e-02,4.58936692e-02,0
0.693551,167.6383,3.33012775e-07,2.75859546e-07,1.87237721e-05,2.40634986e-05,-3.27251552e-07,7.70211759e-06,-1.87209121e-05,-2.27975733e-05,-4.00794152e-04,-3.61809981e-04,3.85628159e-04,2.43363250e-02,3.30672594e-02,0
0.693551,171.4255,2.94009514e-07,2.30290138e-07,1.31410352e-05,1.69526908e-05,-2.30538053e-07,5.50048522e-06,-1.31390129e-05,-1.60355352e-05,-4.12214853e-04,-3.84646582e-04,4.29931707e-04,1.73719928e-02,2.33840337e-02,0
0.693551,175.2128,2.68448480e-07,2.00385970e-07,7.39206531e-06,9.55969515e-06,-1.29952861e-07,3.12829486e-06,-7.39092293e-06,-9.03335722e-06,-4.19592509e-04,-3.99456188e-04,4.59235995e-04,9.87918475e-03,1.70800846e-02,0
0.693551,179.0000,2.57231843e-07,1.87232909e-07,1.54915064e-06,2.00557313e-06,-2.73423000e-08,6.58700945e-07,-1.54890933e-06,-1.89431694e-06,-4.22799181e-04,-4.05927933e-04,4.72301570e-04,2.08019008e-03,1.43105756e-02,0
0.710719,1.0000,-2.28794509e-06,-2.26392775e-06,1.95572027e-06,2.41879094e-06,-3.92936444e-08,6.72331724e-07,-1.95532549e-06,-2.32347147e-06,3.53198468e-04,3.62931883e-04,1.62051460e-04,2.11048983e-03,8.25610336e-03,0
0.710719,4.7872,-2.28052722e-06,-2.25849813e-06,9.32936068e-06,1.15289199e-05,-1.86712180e-07,3.19289355e-06,-9.32749212e-06,-1.10779703e-05,3.51086998e-04,3.63668060e-04,1.48636143e-04,1.00247061e-02,1.06715418e-02,0
0.710719,8.5745,-2.26331912e-06,-2.24578952e-06,1.65734698e-05,2.04429266e-05,-3.30353415e-07,5.61350892e-06,-1.65701771e-05,-1.96571047e-05,3.46233144e-04,3.65378758e-04,1.18276910e-04,1.76354275e-02,1.62397440e-02,0
0.710719,12.3617,-2.23620532e-06,-2.22540318e-06,2.35882607e-05,2.90125701e-05,-4.67115128e-07,7.85912551e-06,-2.35836351e-05,-2.79278243e-05,3.38747602e-04,3.68088486e-04,7.28849166e-05,2.47218202e-02,2.48876042e-02,0
0.710719,16.1489,-2.19891320e-06,-2.19674487e-06,3.02784926e-05,3.71010905e-05,-5.94057981e-07,9.86136089e-06,-3.02726644e-05,-3.57665273e-05,3.28793471e-04,3.71831235e-04,1.46303127e-05,3.10946563e-02,3.65056089e-02,0
0.710719,19.9362,-2.15112758e-06,-2.15906372e-06,3.65554639e-05,4.45876793e-05,-7.08555056e-07,1.15611001e-05,-3.65485963e-05,-4.30627695e-05,3.16591355e-04,3.76644890e-04,5.35472858e-05,3.66076064e-02,5.09387725e-02,0
0.710719,23.7234,-2.10080107e-06,-2.11150260e-06,4.25220685e-05,5.13713234e-05,-8.17933191e-07,1.29107311e-05,-4.25142011e-05,-4.97224887e-05,3.04831270e-04,3.82564071e-04,7.22061090e-05,4.03313436e-02,6.59347271e-02,0
0.710719,27.5106,-2.04661686e-06,-2.05315762e-06,4.89391795e-05,5.73738648e-05,-9.05131892e-07,1.38759305e-05,-4.89308086e-05,-5.56706288e-05,2.90259668e-04,3.89611792e-04,4.41322634e-05,3.84419022e-02,8.42727276e-02,0
0.710719,31.2979,-1.98246625e-06,-1.98314407e-06,5.51392522e-05,6.25421519e-05,-9.70204362e-07,1.44369303e-05,-5.51307159e-05,-6.08530674e-05,2.73423366e-04,3.97790408e-04,4.57345904e-06,3.37394386e-02,1.05490949e-01,0
0.710719,35.0851,-1.90756452e-06,-1.90066576e-06,6.08252142e-05,6.68491832e-05,-1.01557733e-06,1.45892158e-05,-6.08167352e-05,-6.52377811e-05,2.55460445e-04,4.07072352e-04,4.65478216e-05,2.74548274e-02,1.28600662e-01,0
0.710719,38.8723,-1.82099655e-06,-1.80508450e-06,6.58510747e-05,7.02941872e-05,-1.04187799e-06,1.43436280e-05,-6.58428321e-05,-6.88152097e-05,2.36990408e-04,4.17391208e-04,1.07362895e-04,2.02499191e-02,1.53020056e-01,0
0.710719,42.6596,-1.72235607e-06,-1.69598650e-06,7.01275464e-05,7.29016175e-05,-1.05021001e-06,1.37258668e-05,-7.01196821e-05,-7.15978101e-05,2.18471923e-04,4.28633680e-04,1.77922517e-04,1.26431000e-02,1.78263975e-01,0
0.710719,46.4468,-1.61086756e-06,-1.57324239e-06,7.36013438e-05,7.47190907e-05,-1.04136220e-06,1.27754144e-05,-7.35939765e-05,-7.36188243e-05,2.00358501e-04,4.40632950e-04,2.53867101e-04,5.09424044e-03,2.03806244e-01,0
0.710719,50.2340,-1.48654956e-06,-1.43705793e-06,7.62467961e-05,7.58143401e-05,-1.01732458e-06,1.15439216e-05,-7.62400089e-05,-7.49303146e-05,1.82889728e-04,4.53163937e-04,3.33933289e-04,1.97096027e-03,2.29252722e-01,0
0.710719,54.0213,-1.34912423e-06,-1.28801272e-06,7.80654710e-05,7.62713145e-05,-9.80017340e-07,1.00931203e-05,-7.80593193e-05,-7.56005446e-05,1.66388940e-04,4.65940851e-04,4.12335788e-04,8.17704327e-03,2.54086734e-01,0
0.710719,57.8085,-1.19872809e-06,-1.12708481e-06,7.90861187e-05,7.61856109e-05,-9.32257127e-07,8.49234553e-06,-7.90806239e-05,-7.57108141e-05,1.50954513e-04,4.78617369e-04,4.83396458e-04,1.32193478e-02,2.77931076e-01,0
0.710719,61.5957,-1.03534216e-06,-9.55659442e-07,7.93665204e-05,7.56594943e-05,-8.77243736e-07,6.81576181e-06,-7.93616721e-05,-7.53518710e-05,1.36646377e-04,4.90789645e-04,5.37640683e-04,1.68951337e-02,3.00392363e-01,0
0.710719,65.3830,-8.58776043e-07,-7.75521057e-07,7.89999212e-05,7.47968200e-05,-8.19137952e-07,5.13940571e-06,-7.89956743e-05,-7.46200428e-05,1.23275090e-04,5.02002268e-04,5.61743706e-04,1.91560442e-02,3.21244994e-01,0
0.710719,69.1702,-6.66124480e-07,-5.88828124e-07,7.81390113e-05,7.36982190e-05,-7.64065953e-07,3.53815871e-06,-7.81352756e-05,-7.36132388e-05,1.10151517e-04,5.11757133e-04,5.21539231e-04,2.02393447e-02,3.40651005e-01,0
0.710719,72.9574,-4.61404710e-07,-3.98071291e-07,7.69982011e-05,7.24569179e-05,-7.16000534e-07,2.08277022e-06,-7.69948720e-05,-7.24269771e-05,9.71123730e-05,5.19525070e-04,4.27327556e-04,2.06973420e-02,3.58300043e-01,0
0.710719,76.7447,-2.52784539e-07,-2.06015859e-07,7.57416333e-05,7.11555156e-05,-6.75826698e-07,8.37047324e-07,-7.57386181e-05,-7.11505921e-05,8.45272766e-05,5.24759959e-04,3.15560819e-04,2.09016792e-02,3.73415360e-01,0
0.710719,80.5319,-4.50417906e-08,-1.56303608e-08,7.44696896e-05,6.98639149e-05,-6.44828512e-07,-1.44678277e-07,-7.44668978e-05,-6.98637651e-05,7.25142056e-05,5.26914930e-04,1.98446800e-04,2.09912683e-02,3.85433014e-01,0
0.710719,84.3191,1.57446444e-07,1.69996416e-07,7.32523590e-05,6.86384069e-05,-6.24210578e-07,-8.19706751e-07,-7.32496994e-05,-6.86335121e-05,6.09257156e-05,5.25460142e-04,8.46780257e-05,2.10285373e-02,3.94028651e-01,0
0.710719,88.1064,3.51391623e-07,3.47747080e-07,7.21392516e-05,6.75216839e-05,-6.14751087e-07,-1.15866529e-06,-7.21366322e-05,-6.75117419e-05,4.96616677e-05,5.19901558e-04,2.45907139e-05,2.10450159e-02,3.98868154e-01,0
0.710719,91.8936,5.33319260e-07,5.14572680e-07,7.11629215e-05,6.65433539e-05,-6.16847044e-07,-1.14667536e-06,-7.11602480e-05,-6.65334734e-05,3.85792815e-05,5.09800046e-04,1.26488206e-04,2.10541306e-02,3.99700154e-01,0
0.710719,95.6809,6.99973153e-07,6.67591582e-07,7.03403089e-05,6.57204546e-05,-6.30409792e-07,-7.83946195e-07,-7.03374838e-05,-6.57157788e-05,2.74602321e-05,4.94790120e-04,2.18487138e-04,2.10554370e-02,3.96399824e-01,0
0.710719,99.4681,8.48563239e-07,8.04186438e-07,6.96723454e-05,6.50575415e-05,-6.54736204e-07,-8.57711627e-08,-6.96692690e-05,-6.50574850e-05,1.60418780e-05,4.74597587e-04,2.99422170e-04,2.10324197e-02,3.88957367e-01,0
0.710719,103.2553,9.77163103e-07,9.22095523e-07,6.91420203e-05,6.45461702e-05,-6.88584519e-07,9.18072993e-07,-6.91385915e-05,-6.45396408e-05,3.96449719e-06,4.49055406e-04,3.71555718e-04,2.09460358e-02,3.77536217e-01,0
0.710719,107.0426,1.08354107e-06,1.01949485e-06,6.87102842e-05,6.41639210e-05,-7.29670189e-07,2.18450044e-06,-6.87064097e-05,-6.41267239e-05,-9.38667658e-06,4.18117087e-04,4.32136969e-04,2.07204942e-02,3.62618401e-01,0
0.710719,110.8298,1.16607498e-06,1.09506776e-06,6.83048270e-05,6.38734123e-05,-7.74137759e-07,3.65881818e-06,-6.83004400e-05,-6.37685334e-05,-2.47354173e-05,3.81867026e-04,4.79104736e-04,2.01966054e-02,3.44889427e-01,0
0.710719,114.6170,1.22259372e-06,1.14805905e-06,6.77842095e-05,6.36219016e-05,-8.13207493e-07,5.27688876e-06,-6.77793313e-05,-6.34026877e-05,-4.39242155e-05,3.40527273e-04,5.02905375e-04,1.89701248e-02,3.26100484e-01,0
0.710719,118.4043,1.25231402e-06,1.17831133e-06,6.69699706e-05,6.33420137e-05,-8.41781075e-07,6.96766919e-06,-6.69646800e-05,-6.29576230e-05,-6.76073885e-05,2.94460322e-04,4.99315946e-04,1.65347677e-02,3.07114055e-01,0
0.710719,122.1915,1.25723857e-06,1.18628183e-06,6.57272453e-05,6.29539002e-05,-8.63262987e-07,8.65602626e-06,-6.57215760e-05,-6.23559682e-05,-9.41590732e-05,2.44167667e-04,4.78764082e-04,1.26397912e-02,2.86976425e-01,0
0.710719,125.9787,1.23919055e-06,1.17303861e-06,6.39783896e-05,6.23688136e-05,-8.77557702e-07,1.02657180e-05,-6.39723708e-05,-6.15181595e-05,-1.22845858e-04,1.90283990e-04,4.46344841e-04,7.33579989e-03,2.65603848e-01,0
0.710719,129.7660,1.20058081e-06,1.14023593e-06,6.16778636e-05,6.14937943e-05,-8.83922141e-07,1.17224241e-05,-6.16715294e-05,-6.03661454e-05,-1.53039798e-04,1.33567003e-04,4.07163116e-04,8.38913872e-04,2.43106397e-01,0
0.710719,133.5532,1.14404432e-06,1.09006920e-06,5.88051033e-05,6.02370001e-05,-8.81345956e-07,1.29567068e-05,-5.87984983e-05,-5.88270340e-05,-1.84241153e-04,7.48831363e-05,3.64184585e-04,6.52600952e-03,2.19795107e-01,0
0.710719,137.3404,1.07300636e-06,1.02521089e-06,5.53622836e-05,5.85131630e-05,-8.69086996e-07,1.39067852e-05,-5.53554616e-05,-5.68365337e-05,-2.15803143e-04,1.51893885e-05,3.22488862e-04,1.43604406e-02,1.95933111e-01,0
0.710719,141.1277,9.90605756e-07,9.48729124e-07,5.13744921e-05,5.62487181e-05,-8.46036696e-07,1.45210151e-05,-5.13675253e-05,-5.43420500e-05,-2.47243015e-04,-4.44881885e-05,2.82552859e-04,2.22147611e-02,1.71981249e-01,0
0.710719,144.9149,9.00874199e-07,8.63991883e-07,4.68897841e-05,5.33862530e-05,-8.11825530e-07,1.47599760e-05,-4.68827558e-05,-5.13053127e-05,-2.77898197e-04,-1.03078768e-04,2.48854875e-04,2.96082917e-02,1.48285810e-01,0
0.710719,148.7021,8.07524641e-07,7.74559741e-07,4.19877808e-05,4.98880408e-05,-7.65536995e-07,1.45980837e-05,-4.19808014e-05,-4.77044292e-05,-3.07133025e-04,-1.59493095e-04,2.22423018e-04,3.60062068e-02,1.25231542e-01,0
0.710719,152.4894,7.14706330e-07,6.84070929e-07,3.68003360e-05,4.57385168e-05,-7.06338553e-07,1.40246647e-05,-3.67935567e-05,-4.35352811e-05,-3.34161934e-04,-2.12651099e-04,2.06705262e-04,4.07366321e-02,1.03068250e-01,0
0.710719,156.2766,6.26763221e-07,5.96122606e-07,3.16051597e-05,4.09456371e-05,-6.31172608e-07,1.30444506e-05,-3.15988567e-05,-3.88122082e-05,-3.57643510e-04,-2.61509949e-04,2.06740445e-04,4.25701381e-02,8.15426703e-02,0
0.710719,160.0638,5.51869058e-07,5.14152483e-07,2.70495383e-05,3.55411154e-05,-5.39452509e-07,1.16774712e-05,-2.70441586e-05,-3.35679542e-05,-3.76918982e-04,-3.05091651e-04,2.54483840e-04,3.87011922e-02,6.09255735e-02,0
0.710719,163.8511,4.89692195e-07,4.41324932e-07,2.23557188e-05,2.95795768e-05,-4.49454564e-07,9.95835285e-06,-2.23512003e-05,-2.78528737e-05,-3.95687352e-04,-3.42509337e-04,3.26346889e-04,3.29234385e-02,4.51067998e-02,0
0.710719,167.6383,4.37739422e-07,3.80425601e-07,1.73868118e-05,2.31367060e-05,-3.51702836e-07,7.93504567e-06,-1.73832543e-05,-2.17334354e-05,-4.10889422e-04,-3.72991400e-04,3.86711711e-04,2.62057045e-02,3.21459633e-02,0
0.710719,171.4255,3.97996300e-07,3.33768247e-07,1.22015067e-05,1.63064960e-05,-2.47850413e-07,5.66703239e-06,-1.21989891e-05,-1.52900803e-05,-4.22258970e-04,-3.95902688e-04,4.33363889e-04,1.87088900e-02,2.23559973e-02,0
0.710719,175.2128,3.71921001e-07,3.03117115e-07,6.86313250e-06,9.19773053e-06,-1.39767690e-07,3.22308628e-06,-6.86170917e-06,-8.61452040e-06,-4.29607573e-04,-4.10762091e-04,4.64238260e-04,1.06401586e-02,1.59851658e-02,0
0.710719,179.0000,3.60476870e-07,2.89627604e-07,1.43825486e-06,1.92985570e-06,-2.94064954e-08,6.78666812e-07,-1.43795421e-06,-1.80658639e-06,-4.32800377e-04,-4.17255932e-04,4.78038991e-04,2.24051887e-03,1.31851515e-02,0
0.727887,1.0000,-2.35570247e-06,-2.32655060e-06,1.88003047e-06,2.37229566e-06,-4.20275986e-08,6.90919780e-07,-1.87956065e-06,-2.26945293e-06,3.87743763e-04,3.96792733e-04,1.96695460e-04,2.24354671e-03,7.67554205e-03,0
0.727887,4.7872,-2.34895096e-06,-2.32197111e-06,8.96824720e-06,1.13064321e-05,-1.99763133e-07,3.28112848e-06,-8.96602211e-06,-1.08198707e-05,3.85359876e-04,3.97254905e-04,1.82040332e-04,1.06565059e-02,1.00896338e-02,0
0.727887,8.5745,-2.33323401e-06,-2.31118412e-06,1.59315016e-05,2.00448269e-05,-3.53393105e-07,5.76847429e-06,-1.59275817e-05,-1.91968693e-05,3.79886342e-04,3.98338343e-04,1.48776519e-04,1.87468816e-02,1.56514066e-02,0
0.727887,12.3617,-2.30835512e-06,-2.29369488e-06,2.26734866e-05,2.84395570e-05,-4.99663778e-07,8.07571588e-06,-2.26679803e-05,-2.72688690e-05,3.71445160e-04,4.00080151e-04,9.89165623e-05,2.62794293e-02,2.42888493e-02,0
0.727887,16.1489,-2.27397968e-06,-2.26876301e-06,2.91023759e-05,3.63542080e-05,-6.35573500e-07,1.01324780e-05,-2.90954348e-05,-3.49136266e-05,3.60218973e-04,4.02533633e-04,3.51982723e-05,3.30509333e-02,3.58922557e-02,0
0.727887,19.9362,-2.22962132e-06,-2.23544707e-06,3.51324966e-05,4.36683558e-05,-7.58266209e-07,1.18779258e-05,-3.51243128e-05,-4.20219012e-05,3.46446204e-04,4.05762162e-04,3.93079024e-05,3.89030126e-02,5.03131432e-02,0
0.727887,23.7234,-2.18732478e-06,-2.19266226e-06,4.11361514e-05,5.02814204e-05,-8.77275831e-07,1.32630653e-05,-4.11267959e-05,-4.85006426e-05,3.33501605e-04,4.09831309e-04,3.60134345e-05,4.16804567e-02,6.47445887e-02,0
0.727887,27.5106,-2.13757390e-06,-2.13924867e-06,4.75148687e-05,5.61157337e-05,-9.68910963e-07,1.42525826e-05,-4.75049888e-05,-5.42755880e-05,3.16487105e-04,4.14799642e-04,1.13001255e-05,3.91992822e-02,8.33909269e-02,0
0.727887,31.2979,-2.07777698e-06,-2.07404708e-06,5.35941430e-05,6.11186958e-05,-1.03879675e-06,1.48261471e-05,-5.35840747e-05,-5.92931728e-05,2.97379963e-04,4.20708697e-04,2.51666529e-05,3.42938846e-02,1.04610234e-01,0
0.727887,35.0851,-2.00673233e-06,-1.99597890e-06,5.91386058e-05,6.52639207e-05,-1.08822779e-06,1.49791300e-05,-5.91285926e-05,-6.35216893e-05,2.77076973e-04,4.27572655e-04,7.25562495e-05,2.79167209e-02,1.27653855e-01,0
0.727887,38.8723,-1.92325851e-06,-1.90412653e-06,6.40181506e-05,6.85513111e-05,-1.11751559e-06,1.47227099e-05,-6.40083960e-05,-6.69516547e-05,2.56225144e-04,4.35368302e-04,1.29088614e-04,2.06603221e-02,1.51953296e-01,0
0.727887,42.6596,-1.82684121e-06,-1.79781053e-06,6.81514742e-05,7.10060437e-05,-1.12785175e-06,1.40833610e-05,-6.81421410e-05,-6.95953819e-05,2.35274555e-04,4.44025865e-04,1.95877804e-04,1.30099795e-02,1.77067602e-01,0
0.727887,46.4468,-1.71657654e-06,-1.67665993e-06,7.14883964e-05,7.26764850e-05,-1.12010968e-06,1.31017446e-05,-7.14796207e-05,-7.14857732e-05,2.14662192e-04,4.53421267e-04,2.69328032e-04,5.41482980e-03,2.02520870e-01,0
0.727887,50.2340,-1.59203383e-06,-1.54067231e-06,7.40053051e-05,7.36311128e-05,-1.09594648e-06,1.18310479e-05,-7.39971897e-05,-7.26743908e-05,1.94792014e-04,4.63370334e-04,3.46549949e-04,1.70541756e-03,2.27814231e-01,0
0.727887,54.0213,-1.45328702e-06,-1.39026063e-06,7.57045578e-05,7.39545680e-05,-1.05787072e-06,1.03348351e-05,-7.56971663e-05,-7.32288830e-05,1.75889504e-04,4.73625380e-04,4.25255947e-04,7.97574954e-03,2.52546332e-01,0
0.727887,57.8085,-1.29991473e-06,-1.22628434e-06,7.66126943e-05,7.37430267e-05,-1.00832869e-06,8.68449580e-06,-7.66060586e-05,-7.32298677e-05,1.58206023e-04,4.83874530e-04,4.96803963e-04,1.30787907e-02,2.76239424e-01,0
0.727887,61.5957,-1.13228877e-06,-1.05006292e-06,7.67843073e-05,7.30991501e-05,-9.50859546e-07,6.95639000e-06,-7.67784196e-05,-7.27673992e-05,1.41788200e-04,4.93744032e-04,5.54799871e-04,1.67954641e-02,2.98536930e-01,0
0.727887,65.3830,-9.50291228e-07,-8.63370572e-07,7.63062312e-05,7.21269350e-05,-8.89519240e-07,5.22880333e-06,-7.63010463e-05,-7.19371557e-05,1.26542778e-04,5.02803653e-04,5.86476967e-04,1.90475504e-02,3.19153020e-01,0
0.727887,69.1702,-7.51678898e-07,-6.68411768e-07,7.53141243e-05,7.09268447e-05,-8.29923474e-07,3.57883065e-06,-7.53095515e-05,-7.08364967e-05,1.11962215e-04,5.10575173e-04,5.61825648e-04,1.99954556e-02,3.38112564e-01,0
0.727887,72.9574,-5.37681306e-07,-4.67777942e-07,7.40159185e-05,6.95916130e-05,-7.77973000e-07,2.07931133e-06,-7.40118298e-05,-6.95605424e-05,9.74856794e-05,5.16543815e-04,4.71656732e-04,2.01642045e-02,3.55454628e-01,0
0.727887,76.7447,-3.17092266e-07,-2.64386512e-07,7.26007159e-05,6.82030719e-05,-7.34569770e-07,7.95936164e-07,-7.25969996e-05,-6.81984274e-05,8.35567844e-05,5.20172333e-04,3.55619852e-04,2.00426920e-02,3.70347225e-01,0
0.727887,80.5319,-9.60419730e-08,-6.14040920e-08,7.11838185e-05,6.68302180e-05,-7.01214799e-07,-2.15360321e-07,-7.11803646e-05,-6.68298710e-05,7.02601623e-05,5.20917365e-04,2.33711068e-04,1.98419595e-02,3.82257674e-01,0
0.727887,84.3191,1.21365744e-07,1.37843510e-07,6.98433023e-05,6.55285215e-05,-6.78987724e-07,-9.10619876e-07,-6.98400018e-05,-6.55221940e-05,5.76223522e-05,5.18247518e-04,1.11179899e-04,1.96650349e-02,3.90712727e-01,0
0.727887,88.1064,3.30917159e-07,3.29971381e-07,6.86337214e-05,6.43402261e-05,-6.68823481e-07,-1.25960560e-06,-6.86304625e-05,-6.43278951e-05,4.53897335e-05,5.11662595e-04,6.38142162e-06,1.95680242e-02,3.95503230e-01,0
0.727887,91.8936,5.28998908e-07,5.11642053e-07,6.75906119e-05,6.32951594e-05,-6.71084690e-07,-1.24700355e-06,-6.75872803e-05,-6.32828744e-05,3.34326985e-05,5.00713273e-04,1.17111358e-04,1.95769442e-02,3.96357996e-01,0
0.727887,95.6809,7.12108713e-07,6.79674570e-07,6.67320405e-05,6.24114752e-05,-6.85565906e-07,-8.73033649e-07,-6.67285189e-05,-6.24053688e-05,2.15651047e-05,4.85020508e-04,2.18841859e-04,1.96913985e-02,3.93113399e-01,0
0.727887,99.4681,8.77315073e-07,8.31151957e-07,6.60582534e-05,6.16958245e-05,-7.11507050e-07,-1.53445843e-07,-6.60544215e-05,-6.16956337e-05,9.52404974e-06,4.64293920e-04,3.11474918e-04,1.98821957e-02,3.85746133e-01,0
0.727887,103.2553,1.02175418e-06,9.63522953e-07,6.55495634e-05,6.11427259e-05,-7.47404804e-07,8.81098408e-07,-6.55453022e-05,-6.11363770e-05,-3.24524134e-06,4.38348426e-04,3.92901725e-04,2.00845924e-02,3.74569777e-01,0
0.727887,107.0426,1.14349161e-06,1.07469401e-06,6.51607822e-05,6.07332824e-05,-7.90685616e-07,2.18623515e-06,-6.51559848e-05,-6.06939204e-05,-1.72499340e-05,4.07118415e-04,4.64195849e-04,2.01787629e-02,3.59958871e-01,0
0.727887,110.8298,1.23978955e-06,1.16310786e-06,6.48061272e-05,6.04337543e-05,-8.36558425e-07,3.70565010e-06,-6.48007275e-05,-6.03200366e-05,-3.34365554e-05,3.70668848e-04,5.17391934e-04,1.99275163e-02,3.42771381e-01,0
0.727887,114.6170,1.30801359e-06,1.22780548e-06,6.43233564e-05,6.01946878e-05,-8.74838618e-07,5.37330525e-06,-6.43174069e-05,-5.99543829e-05,-5.39325979e-05,3.29202733e-04,5.41185593e-04,1.88168103e-02,3.24984089e-01,0
0.727887,118.4043,1.34786315e-06,1.26846865e-06,6.35413006e-05,5.99512542e-05,-9.04259878e-07,7.11605265e-06,-6.35348659e-05,-5.95274280e-05,-7.83093307e-05,2.83064548e-04,5.35695982e-04,1.63619868e-02,3.06525531e-01,0
0.727887,122.1915,1.36144481e-06,1.28544129e-06,6.23423543e-05,5.96251812e-05,-9.27003688e-07,8.85653286e-06,-6.23354619e-05,-5.89637521e-05,-1.05270184e-04,2.32739346e-04,5.12816131e-04,1.23837821e-02,2.86707360e-01,0
0.727887,125.9787,1.35062868e-06,1.27972827e-06,6.06567035e-05,5.91282812e-05,-9.42539017e-07,1.05162444e-05,-6.06493801e-05,-5.81855845e-05,-1.34171122e-04,1.78847365e-04,4.78384061e-04,6.96593410e-03,2.65509389e-01,0
0.727887,129.7660,1.31756345e-06,1.25297144e-06,5.84430003e-05,5.83672448e-05,-9.49616868e-07,1.20186635e-05,-5.84352848e-05,-5.71164337e-05,-1.64492213e-04,1.22134195e-04,4.35819607e-04,3.45263098e-04,2.43123029e-01,0
0.727887,133.5532,1.26550717e-06,1.20740313e-06,5.56834402e-05,5.72491637e-05,-9.47419313e-07,1.32922924e-05,-5.56753798e-05,-5.56846631e-05,-1.95651404e-04,6.34566408e-05,3.92043585e-04,7.13593755e-03,2.19781328e-01,0
0.727887,137.3404,1.19734101e-06,1.14577875e-06,5.23797968e-05,5.56872065e-05,-9.34588505e-07,1.42735157e-05,-5.23714584e-05,-5.38268680e-05,-2.27185320e-04,3.76463679e-06,3.47904394e-04,1.50738428e-02,1.95896998e-01,0
0.727887,141.1277,1.11674066e-06,1.07129040e-06,4.85549640e-05,5.36059455e-05,-9.10220100e-07,1.49091531e-05,-4.85464317e-05,-5.14909171e-05,-2.58499975e-04,-5.59203311e-05,3.06665116e-04,2.30203414e-02,1.71832655e-01,0
0.727887,144.9149,1.02776080e-06,9.87464290e-07,4.42536434e-05,5.09459585e-05,-8.73853426e-07,1.51586080e-05,-4.42450148e-05,-4.86385371e-05,-2.89014273e-04,-1.14529676e-04,2.71891329e-04,3.05008798e-02,1.48001798e-01,0
0.727887,148.7021,9.34144454e-07,8.98045674e-07,3.95468395e-05,4.76674652e-05,-8.24497064e-07,1.49955278e-05,-3.95382438e-05,-4.52473357e-05,-3.18162388e-04,-1.70974323e-04,2.43568146e-04,3.70105447e-02,1.24848260e-01,0
0.727887,152.4894,8.40233725e-07,8.06875003e-07,3.45497027e-05,4.37528647e-05,-7.61603681e-07,1.44089101e-05,-3.45413074e-05,-4.13121832e-05,-3.45188958e-04,-2.24172670e-04,2.25080241e-04,4.19443097e-02,1.02648764e-01,0
0.727887,156.2766,7.50490866e-07,7.17759765e-07,2.94776180e-05,3.92081239e-05,-6.83371869e-07,1.34036115e-05,-2.94696957e-05,-3.68458977e-05,-3.69076826e-04,-2.73079040e-04,2.20845514e-04,4.43477310e-02,8.14275029e-02,0
0.727887,160.0638,6.71485073e-07,6.34346477e-07,2.49793666e-05,3.40630223e-05,-5.82871580e-07,1.20002379e-05,-2.49725653e-05,-3.18792060e-05,-3.87598657e-04,-3.16711716e-04,2.50584061e-04,4.13996482e-02,6.01279136e-02,0
0.727887,163.8511,6.08217194e-07,5.59997364e-07,2.06401775e-05,2.83703037e-05,-4.85832337e-07,1.02344217e-05,-2.06344589e-05,-2.64599838e-05,-4.06317439e-04,-3.54179672e-04,3.25352116e-04,3.52308053e-02,4.42244377e-02,0
0.727887,167.6383,5.55257060e-07,4.97676124e-07,1.60498125e-05,2.22038157e-05,-3.80291806e-07,8.15551197e-06,-1.60453064e-05,-2.06518051e-05,-4.21471338e-04,-3.84707135e-04,3.88514004e-04,2.80474708e-02,3.11842315e-02,0
0.727887,171.4255,5.14686597e-07,4.49846867e-07,1.12618745e-05,1.56557481e-05,-2.68135998e-07,5.82473028e-06,-1.12586820e-05,-1.45318604e-05,-4.32807241e-04,-4.07655173e-04,4.37491044e-04,2.00255083e-02,2.13345556e-02,0
0.727887,175.2128,4.88038003e-07,4.18389851e-07,6.33411089e-06,8.83310578e-06,-1.51276760e-07,3.31286263e-06,-6.33230417e-06,-8.18832699e-06,-4.40133441e-04,-4.22539612e-04,4.69934753e-04,1.13894134e-02,1.49234853e-02,0
0.727887,179.0000,4.76332828e-07,4.04537058e-07,1.32733160e-06,1.85357178e-06,-3.18180204e-08,6.97578291e-07,-1.32695018e-06,-1.71729813e-06,-4.43317154e-04,-4.29044691e-04,4.84425301e-04,2.39839103e-03,1.21062272e-02,0
0.745055,1.0000,-2.43348556e-06,-2.39937543e-06,1.80251198e-06,2.32282339e-06,-4.51003413e-08,7.08497199e-07,-1.80194767e-06,-2.21213476e-06,4.21637538e-04,4.29923069e-04,2.30150236e-04,2.37137006e-03,7.02797569e-03,0
0.745055,4.7872,-2.42749440e-06,-2.39573141e-06,8.59838745e-06,1.10698066e-05,-2.14315920e-07,3.36455611e-06,-8.59571611e-06,-1.05461074e-05,4.18989275e-04,4.30111530e-04,2.14313425e-04,1.12637342e-02,9.43414860e-03,0
0.745055,8.5745,-2.41350086e-06,-2.38705852e-06,1.52740430e-05,1.96218727e-05,-3.79119354e-07,5.91495569e-06,-1.52693372e-05,-1.87091204e-05,4.12917691e-04,4.30568255e-04,1.78413565e-04,1.98156582e-02,1.49716096e-02,0
0.745055,12.3617,-2.39120505e-06,-2.37275514e-06,2.17368703e-05,2.78317513e-05,-5.36016533e-07,8.28035578e-06,-2.17302604e-05,-2.65714525e-05,4.03554551e-04,4.31342640e-04,1.24486504e-04,2.77780152e-02,2.35704881e-02,0
0.745055,16.1489,-2.36014916e-06,-2.35191836e-06,2.78985384e-05,3.55636822e-05,-6.81811809e-07,1.03884708e-05,-2.78902057e-05,-3.40125736e-05,3.91097208e-04,4.32506843e-04,5.55354029e-05,3.49346418e-02,3.51245927e-02,0
0.745055,19.9362,-2.32067319e-06,-2.32339479e-06,3.36899014e-05,4.26978977e-05,-8.15158710e-07,1.21768173e-05,-3.36800382e-05,-4.09247552e-05,3.76195117e-04,4.34149140e-04,1.83634019e-05,4.10548232e-02,4.91579181e-02,0
0.745055,23.7234,-2.28612692e-06,-2.28584643e-06,3.97828054e-05,4.91344769e-05,-9.42280597e-07,1.35950780e-05,-3.97716446e-05,-4.72162120e-05,3.61545922e-04,4.36365370e-04,1.89249038e-06,4.26211564e-02,6.34635548e-02,0
0.745055,27.5106,-2.24147942e-06,-2.23782868e-06,4.60756763e-05,5.47964148e-05,-1.03972107e-06,1.46069906e-05,-4.60639439e-05,-5.28136620e-05,3.42345380e-04,4.39248920e-04,2.46325655e-05,3.97456173e-02,8.21957831e-02,0
0.745055,31.2979,-2.18650582e-06,-2.17787714e-06,5.20158339e-05,5.96317779e-05,-1.11508662e-06,1.51916876e-05,-5.20038802e-05,-5.76642139e-05,3.21058308e-04,4.42879756e-04,5.82199933e-05,3.47104091e-02,1.03331719e-01,0
0.745055,35.0851,-2.11977701e-06,-2.10459933e-06,5.74067500e-05,6.36148486e-05,-1.16908231e-06,1.53444340e-05,-5.73948447e-05,-6.17365152e-05,2.98527153e-04,4.47313086e-04,1.02407822e-04,2.82940157e-02,1.26203607e-01,0
0.745055,38.8723,-2.03978335e-06,-2.01676719e-06,6.21325742e-05,6.67461952e-05,-1.20171213e-06,1.50767357e-05,-6.21209519e-05,-6.50211243e-05,2.75359069e-04,4.52568253e-04,1.55296180e-04,2.10270281e-02,1.50312854e-01,0
0.745055,42.6596,-1.94561570e-06,-1.91340625e-06,6.61179484e-05,6.90516465e-05,-1.21402998e-06,1.44158136e-05,-6.61068017e-05,-6.75300985e-05,2.52054369e-04,4.58618487e-04,2.17325806e-04,1.33706157e-02,1.75212377e-01,0
0.745055,46.4468,-1.83675793e-06,-1.79387738e-06,6.93158174e-05,7.05801913e-05,-1.20751706e-06,1.34034644e-05,-6.93052988e-05,-6.92958191e-05,2.29040606e-04,4.65382092e-04,2.89326580e-04,5.76250756e-03,2.00470216e-01,0
0.745055,50.2340,-1.71196167e-06,-1.65794733e-06,7.17054845e-05,7.14008706e-05,-1.18328069e-06,1.20943539e-05,-7.16957206e-05,-7.03691050e-05,2.06786171e-04,4.72715629e-04,3.64449231e-04,1.38830719e-03,2.25567406e-01,0
0.745055,54.0213,-1.57114113e-06,-1.50584454e-06,7.32876434e-05,7.15987899e-05,-1.14395025e-06,1.05538090e-05,-7.32787149e-05,-7.08166917e-05,1.85595206e-04,4.80409573e-04,4.40573576e-04,7.69711484e-03,2.50068241e-01,0
0.745055,57.8085,-1.41432759e-06,-1.33829761e-06,7.40885573e-05,7.12704365e-05,-1.09254248e-06,8.85519540e-06,-7.40805013e-05,-7.07181776e-05,1.65664296e-04,4.88186796e-04,5.12994690e-04,1.28438605e-02,2.73570909e-01,0
0.745055,61.5957,-1.24162735e-06,-1.15655398e-06,7.41598817e-05,7.05185655e-05,-1.03246709e-06,7.07698456e-06,-7.41526942e-05,-7.01625568e-05,1.47142843e-04,4.95704177e-04,5.74012847e-04,1.65956539e-02,2.95657640e-01,0
0.745055,65.3830,-1.05293225e-06,-9.62377802e-07,7.35827190e-05,6.94469845e-05,-9.67740145e-07,5.29962492e-06,-7.35763550e-05,-6.92444773e-05,1.30015035e-04,5.02557452e-04,6.10995122e-04,1.88490140e-02,3.15998939e-01,0
0.745055,69.1702,-8.47432543e-07,-7.58026126e-07,7.24790419e-05,6.81556343e-05,-9.03707483e-07,3.60233990e-06,-7.24734077e-05,-6.80603676e-05,1.13932381e-04,5.08289308e-04,6.03249061e-04,1.97043524e-02,3.34502502e-01,0
0.745055,72.9574,-6.22988629e-07,-5.46204026e-07,7.10425482e-05,6.67363837e-05,-8.47326206e-07,2.05997885e-06,-7.10374950e-05,-6.67045831e-05,9.81046237e-05,5.12400591e-04,5.18086296e-04,1.96257653e-02,3.51415249e-01,0
0.745055,76.7447,-3.89319721e-07,-3.29999730e-07,6.94813234e-05,6.52699153e-05,-8.00486955e-07,7.40044437e-07,-6.94767121e-05,-6.52657198e-05,8.28365745e-05,5.14364339e-04,4.00247880e-04,1.91939038e-02,3.66031650e-01,0
0.745055,80.5319,-1.52816719e-07,-1.12801850e-07,6.79288309e-05,6.38239411e-05,-7.64460673e-07,-2.99986760e-07,-6.79245292e-05,-6.38232361e-05,6.83107853e-05,5.13642234e-04,2.69991052e-04,1.87084366e-02,3.77740249e-01,0
0.745055,84.3191,8.10093572e-08,1.01798484e-07,6.64722995e-05,6.24527576e-05,-7.40582094e-07,-1.01494527e-06,-6.64681738e-05,-6.24445099e-05,5.45523358e-05,5.09702958e-04,1.40269811e-04,1.83194548e-02,3.86069095e-01,0
0.745055,88.1064,3.08291600e-07,3.10117118e-07,6.51712625e-05,6.11978626e-05,-7.29710387e-07,-1.37376179e-06,-6.51671772e-05,-6.11824417e-05,4.13431762e-05,5.02041809e-04,1.23172556e-05,1.81091581e-02,3.90775043e-01,0
0.745055,91.8936,5.24715045e-07,5.08494033e-07,6.40643924e-05,6.00890986e-05,-7.32230486e-07,-1.36070178e-06,-6.40602077e-05,-6.00736902e-05,2.84961005e-05,4.90200894e-04,1.09447512e-04,1.81177901e-02,3.91628492e-01,0
0.745055,95.6809,7.26474614e-07,6.93413792e-07,6.31708341e-05,5.91456579e-05,-7.47866375e-07,-9.75993140e-07,-6.31664070e-05,-5.91376047e-05,1.58449421e-05,4.73789145e-04,2.23070225e-04,1.83451336e-02,3.88438674e-01,0
0.745055,99.4681,9.09920975e-07,8.61624715e-07,6.24899039e-05,5.83763630e-05,-7.75683300e-07,-2.35822270e-07,-6.24850895e-05,-5.83758867e-05,3.05025607e-06,4.52501379e-04,3.25867814e-04,1.87478647e-02,3.81234650e-01,0
0.745055,103.2553,1.07254054e-06,1.01025220e-06,6.19990163e-05,5.77789267e-05,-8.14038050e-07,8.28301532e-07,-6.19936720e-05,-5.77729892e-05,-1.04433540e-05,4.26135646e-04,4.20276148e-04,1.92334707e-02,3.70316223e-01,0
0.745055,107.0426,1.21102910e-06,1.13690176e-06,6.16457260e-05,5.73383358e-05,-8.59741297e-07,2.17078836e-06,-6.16397305e-05,-5.72972289e-05,-2.52259615e-05,3.94608140e-04,5.00157045e-04,1.96313514e-02,3.56112820e-01,0
0.745055,110.8298,1.32282660e-06,1.23974762e-06,6.13266709e-05,5.70249273e-05,-9.07077467e-07,3.73376805e-06,-6.13199623e-05,-5.69025597e-05,-4.24090916e-05,3.57965010e-04,5.60556180e-04,1.96056168e-02,3.39606406e-01,0
0.745055,114.6170,1.40356081e-06,1.31760332e-06,6.08677960e-05,5.67929763e-05,-9.45125447e-07,5.44937813e-06,-6.08604579e-05,-5.65309335e-05,-6.41807789e-05,3.16390507e-04,5.79978217e-04,1.85713888e-02,3.22809208e-01,0
0.745055,118.4043,1.45487577e-06,1.36997131e-06,6.01089440e-05,5.65805839e-05,-9.76231706e-07,7.24244945e-06,-6.01010160e-05,-5.61151442e-05,-8.92177087e-05,2.70211032e-04,5.72873106e-04,1.60808458e-02,3.04875621e-01,0
0.745055,122.1915,1.47817855e-06,1.39706926e-06,5.89481614e-05,5.63113410e-05,-1.00083782e-06,9.03348440e-06,-5.89396645e-05,-5.55820410e-05,-1.16613835e-04,2.19894761e-04,5.47266127e-04,1.20175666e-02,2.85434233e-01,0
0.745055,125.9787,1.47549093e-06,1.39983179e-06,5.73226820e-05,5.58978046e-05,-1.01805072e-06,1.07418108e-05,-5.73136410e-05,-5.48559756e-05,-1.45781253e-04,1.66046697e-04,5.10492499e-04,6.49401797e-03,2.64499549e-01,0
0.745055,129.7660,1.44920510e-06,1.37988712e-06,5.51949311e-05,5.52464149e-05,-1.02652128e-06,1.22887876e-05,-5.51853846e-05,-5.38623437e-05,-1.76190734e-04,1.09399158e-04,4.67706949e-04,2.34642551e-04,2.42243833e-01,0
0.745055,133.5532,1.40203708e-06,1.33950914e-06,5.25480105e-05,5.42632421e-05,-1.02476204e-06,1.36009368e-05,-5.25380174e-05,-5.25310762e-05,-2.07392116e-04,5.07978573e-05,4.21892821e-04,7.81733550e-03,2.19002599e-01,0
0.745055,137.3404,1.33711555e-06,1.28154616e-06,4.93855840e-05,5.28599100e-05,-1.01127397e-06,1.46128786e-05,-4.93752290e-05,-5.07999396e-05,-2.38898561e-04,-8.81608921e-06,3.74941564e-04,1.58345801e-02,1.95161178e-01,0
0.745055,141.1277,1.25876660e-06,1.20932892e-06,4.57276452e-05,5.09591399e-05,-9.85623503e-07,1.52699544e-05,-4.57170218e-05,-4.86175115e-05,-2.70121439e-04,-6.84277469e-05,3.33569298e-04,2.38430482e-02,1.71081170e-01,0
0.745055,144.9149,1.17068628e-06,1.12656059e-06,4.16154249e-05,4.84995138e-05,-9.46709250e-07,1.55304344e-05,-4.16046551e-05,-4.59457120e-05,-3.00537800e-04,-1.26972930e-04,2.97727890e-04,3.13749080e-02,1.47221665e-01,0
0.745055,148.7021,1.07684110e-06,1.03719282e-06,3.71134433e-05,4.54392144e-05,-8.93630542e-07,1.53672237e-05,-3.71026831e-05,-4.27617895e-05,-3.29593626e-04,-1.83365014e-04,2.67517540e-04,3.79455153e-02,1.24034429e-01,0
0.745055,152.4894,9.81859588e-07,9.45292058e-07,3.23217440e-05,4.17586172e-05,-8.26205755e-07,1.47689992e-05,-3.23111826e-05,-3.90596822e-05,-3.56626013e-04,-2.36523177e-04,2.46730928e-04,4.30094713e-02,1.01873953e-01,0
0.745055,156.2766,8.90259205e-07,8.54900793e-07,2.74160331e-05,3.74617013e-05,-7.43206774e-07,1.37407317e-05,-2.74059577e-05,-3.48507009e-05,-3.80734867e-04,-2.85401171e-04,2.38572679e-04,4.57841138e-02,8.08642061e-02,0
0.745055,160.0638,8.07055405e-07,7.69898828e-07,2.29200031e-05,3.25762960e-05,-6.35519590e-07,1.23035744e-05,-2.29111906e-05,-3.01635064e-05,-3.99199844e-04,-3.29015727e-04,2.50705389e-04,4.40094983e-02,5.95317623e-02,0
0.745055,163.8511,7.42119894e-07,6.93869412e-07,1.89215427e-05,2.71532251e-05,-5.28489251e-07,1.04941192e-05,-1.89141608e-05,-2.50433843e-05,-4.17459473e-04,-3.66473654e-04,3.25558937e-04,3.75166964e-02,4.32473294e-02,0
0.745055,167.6383,6.87997156e-07,6.29975137e-07,1.47102446e-05,2.12644355e-05,-4.13912054e-07,8.36305171e-06,-1.47044201e-05,-1.95508461e-05,-4.32589622e-04,-3.96996765e-04,3.91490114e-04,2.98713655e-02,3.01906693e-02,0
0.745055,171.4255,6.46452124e-07,5.80848056e-07,1.03203394e-05,1.50002267e-05,-2.91973086e-07,5.97325606e-06,-1.03162085e-05,-1.37596153e-05,-4.43906571e-04,-4.19943802e-04,4.42648237e-04,2.13290434e-02,2.03257648e-02,0
0.745055,175.2128,6.19130751e-07,5.48498014e-07,5.80400844e-06,8.46571659e-06,-1.64776882e-07,3.39744350e-06,-5.80166894e-06,-7.75407861e-06,-4.51219939e-04,-4.34828637e-04,4.76578005e-04,1.21309949e-02,1.39034753e-02,0
0.745055,179.0000,6.07115388e-07,5.34242533e-07,1.21619272e-06,1.77670128e-06,-3.46711515e-08,7.15397684e-07,-1.21569842e-06,-1.62630673e-06,-4.54401676e-04,-4.41334146e-04,4.91692684e-04,2.55457251e-03,1.10841761e-02,0
0.762223,1.0000,-2.52438384e-06,-2.48542334e-06,1.72302084e-06,2.27030828e-06,-4.85058644e-08,7.25000109e-07,-1.72233795e-06,-2.15143545e-06,4.54793226e-04,4.62241012e-04,2.62876942e-04,2.49431595e-03,6.31738126e-03,0
0.762223,4.7872,-2.51926124e-06,-2.48281665e-06,8.21910400e-06,1.08187238e-05,-2.30804917e-07,3.44287120e-06,-8.21586269e-06,-1.02562870e-05,4.51886368e-04,4.62156292e-04,2.45901419e-04,1.18480214e-02,8.71118308e-03,0
0.762223,8.5745,-2.50725247e-06,-2.47648731e-06,1.45999264e-05,1.91734726e-05,-4.08275229e-07,6.05240852e-06,-1.45942167e-05,-1.81931417e-05,4.45239631e-04,4.61987396e-04,2.07580769e-04,2.08443838e-02,1.42058342e-02,0
0.762223,12.3617,-2.48793745e-06,-2.46571352e-06,2.07767476e-05,2.71882593e-05,-5.77206524e-07,8.47226490e-06,-2.07687283e-05,-2.58345151e-05,4.34990620e-04,4.61795687e-04,1.49950816e-04,2.92210905e-02,2.27366663e-02,0
0.762223,16.1489,-2.46071786e-06,-2.44940958e-06,2.66647291e-05,3.47282748e-05,-7.34203769e-07,1.06283284e-05,-2.66546191e-05,-3.30619374e-05,4.21354268e-04,4.61671703e-04,7.63000251e-05,3.67503971e-02,3.41981642e-02,0
0.762223,19.9362,-2.43028283e-06,-2.42618376e-06,3.22673753e-05,4.16746702e-05,-8.84194303e-07,1.24565399e-05,-3.22552587e-05,-3.97694952e-05,4.06553400e-04,4.61728009e-04,2.76575373e-05,4.28746655e-02,4.68003562e-02,0
0.762223,23.7234,-2.40077302e-06,-2.39441338e-06,3.84405205e-05,4.79284033e-05,-1.01519929e-06,1.39053182e-05,-3.84271127e-05,-4.58669159e-05,3.89009174e-04,4.62090000e-04,4.29102109e-05,4.32419528e-02,6.19888158e-02,0
0.762223,27.5106,-2.36185692e-06,-2.35233384e-06,4.46140785e-05,5.34133015e-05,-1.11970998e-06,1.49374966e-05,-4.46000252e-05,-5.12820823e-05,3.67783313e-04,4.62885104e-04,6.42547985e-05,4.01033183e-02,8.06674996e-02,0
0.762223,31.2979,-2.31224662e-06,-2.29813783e-06,5.03984059e-05,5.80782123e-05,-1.20130646e-06,1.55316973e-05,-5.03840866e-05,-5.59628906e-05,3.44454948e-04,4.64230928e-04,9.51958127e-05,3.50014679e-02,1.01596706e-01,0
0.762223,35.0851,-2.25024949e-06,-2.23008027e-06,5.56246514e-05,6.18981429e-05,-1.26033937e-06,1.56830876e-05,-5.56103713e-05,-5.98783839e-05,3.19781990e-04,4.66222943e-04,1.36087105e-04,2.85920501e-02,1.24214542e-01,0
0.762223,38.8723,-2.17412624e-06,-2.14658457e-06,6.01892114e-05,6.48743247e-05,-1.29677865e-06,1.54034914e-05,-6.01752402e-05,-6.30191277e-05,2.94380390e-04,4.68922367e-04,1.85831019e-04,2.13528613e-02,1.48050468e-01,0
0.762223,42.6596,-2.08270502e-06,-2.04634527e-06,6.40215300e-05,6.70331790e-05,-1.31158045e-06,1.47208492e-05,-6.40080937e-05,-6.53968171e-05,2.68769250e-04,4.72344864e-04,2.45329019e-04,1.37258847e-02,1.72677459e-01,0
0.762223,46.4468,-1.97473132e-06,-1.92842273e-06,6.70791778e-05,6.84242018e-05,-1.30577054e-06,1.36780502e-05,-6.70664675e-05,-6.70431378e-05,2.43505236e-04,4.76450719e-04,3.12456476e-04,6.13007805e-03,1.97589649e-01,0
0.762223,50.2340,-1.84958040e-06,-1.79232538e-06,6.93405159e-05,6.91168326e-05,-1.28147083e-06,1.23311813e-05,-6.93286736e-05,-6.80079298e-05,2.18933086e-04,4.81137029e-04,3.86314925e-04,1.01945849e-03,2.22407340e-01,0
0.762223,54.0213,-1.70688955e-06,-1.63807575e-06,7.08085160e-05,6.91964311e-05,-1.24121104e-06,1.07472624e-05,-7.07976365e-05,-6.83567292e-05,1.95427936e-04,4.86232449e-04,4.64305104e-04,7.34723477e-03,2.46666992e-01,0
0.762223,57.8085,-1.54594305e-06,-1.46625704e-06,7.15072278e-05,6.87595463e-05,-1.18762605e-06,9.00155707e-06,-7.14973648e-05,-6.81677870e-05,1.73317812e-04,4.91494866e-04,5.37662826e-04,1.25228266e-02,2.69885004e-01,0
0.762223,61.5957,-1.36697866e-06,-1.27803781e-06,7.14855951e-05,6.79087428e-05,-1.12451794e-06,7.17456416e-06,-7.14767499e-05,-6.75286827e-05,1.52740952e-04,4.96612318e-04,6.00107739e-04,1.63018538e-02,2.91679503e-01,0
0.762223,65.3830,-1.17001602e-06,-1.07517317e-06,7.08202033e-05,6.67473240e-05,-1.05604945e-06,5.34880862e-06,-7.08123291e-05,-6.65326650e-05,1.33723751e-04,5.01207281e-04,6.39930097e-04,1.85625450e-02,3.11707876e-01,0
0.762223,69.1702,-9.55098386e-07,-8.59981832e-07,6.96223585e-05,6.53743663e-05,-9.87471456e-07,3.60555742e-06,-6.96153554e-05,-6.52748629e-05,1.16046174e-04,5.04844366e-04,6.41776889e-04,1.93606396e-02,3.29787456e-01,0
0.762223,72.9574,-7.19561875e-07,-6.35299333e-07,6.80666122e-05,6.38805081e-05,-9.26156127e-07,2.02158971e-06,-6.80603110e-05,-6.38485120e-05,9.89448863e-05,5.07041271e-04,5.68541955e-04,1.90785785e-02,3.46156622e-01,0
0.762223,76.7447,-4.70801335e-07,-4.04408787e-07,6.63721611e-05,6.23449011e-05,-8.75379830e-07,6.66147958e-07,-6.63663881e-05,-6.23413421e-05,8.23918316e-05,5.07282729e-04,4.47968318e-04,1.83546308e-02,3.60402109e-01,0
0.762223,80.5319,-2.17038700e-07,-1.70951312e-07,6.46935021e-05,6.08335893e-05,-8.36479031e-07,-4.01810214e-07,-6.46880941e-05,-6.08322623e-05,6.66326533e-05,5.05037025e-04,3.10963963e-04,1.75919298e-02,3.71864545e-01,0
0.762223,84.3191,3.59916146e-08,6.11807284e-08,6.31277957e-05,5.93993315e-05,-8.10725347e-07,-1.13595155e-06,-6.31225896e-05,-5.93884686e-05,5.17568644e-05,4.99774553e-04,1.69957703e-04,1.69928397e-02,3.80018778e-01,0
0.762223,88.1064,2.83362059e-07,2.87963877e-07,6.17400966e-05,5.80825687e-05,-7.99111623e-07,-1.50440622e-06,-6.17349249e-05,-5.80630825e-05,3.75468858e-05,4.90987780e-04,3.10496998e-05,1.66695409e-02,3.84618865e-01,0
0.762223,91.8936,5.20656444e-07,5.05372731e-07,6.05722705e-05,5.69129398e-05,-8.01997377e-07,-1.49103408e-06,-6.05669609e-05,-5.68934050e-05,2.37703161e-05,4.78211892e-04,1.03123305e-04,1.66777575e-02,3.85467666e-01,0
0.762223,95.6809,7.43496653e-07,7.09513253e-07,5.96444913e-05,5.59105930e-05,-8.18988877e-07,-1.09606850e-06,-5.96388682e-05,-5.58998484e-05,1.02817360e-05,4.61045357e-04,2.29295111e-04,1.70176059e-02,3.82347940e-01,0
0.762223,99.4681,9.48091329e-07,8.96755181e-07,5.89550186e-05,5.50866055e-05,-8.49072109e-07,-3.36112258e-07,-5.89489041e-05,-5.50855801e-05,-3.32306034e-06,4.39169596e-04,3.46378749e-04,1.76306706e-02,3.75332321e-01,0
0.762223,103.2553,1.13089618e-06,1.06385845e-06,5.84776755e-05,5.44421413e-05,-8.90212750e-07,7.56514306e-07,-5.84708992e-05,-5.44368849e-05,-1.76379271e-05,4.12367001e-04,4.52321523e-04,1.83923413e-02,3.64739946e-01,0
0.762223,107.0426,1.28846196e-06,1.20808865e-06,5.81517567e-05,5.39664726e-05,-9.38694225e-07,2.13504745e-06,-5.81441799e-05,-5.39242222e-05,-3.32811290e-05,3.80536514e-04,5.42300268e-04,1.90748408e-02,3.51009523e-01,0
0.762223,110.8298,1.41665242e-06,1.32731701e-06,5.78534166e-05,5.36344969e-05,-9.86901864e-07,3.74012657e-06,-5.78449984e-05,-5.35039317e-05,-5.17751634e-05,3.43706115e-04,6.02769985e-04,1.92281385e-02,3.35456202e-01,0
0.762223,114.6170,1.51233459e-06,1.42010071e-06,5.74057912e-05,5.34047014e-05,-1.02646105e-06,5.50214078e-06,-5.73966135e-05,-5.31205099e-05,-7.46334361e-05,3.02041611e-04,6.22326682e-04,1.82353578e-02,3.19504330e-01,0
0.762223,118.4043,1.57687522e-06,1.48574038e-06,5.66625821e-05,5.32185211e-05,-1.06019622e-06,7.34398349e-06,-5.66526628e-05,-5.27093625e-05,-1.00329574e-04,2.55851270e-04,6.14911188e-04,1.56966447e-02,3.02120682e-01,0
0.762223,122.1915,1.61141573e-06,1.52431206e-06,5.55353447e-05,5.30016904e-05,-1.08745903e-06,9.18410699e-06,-5.55246967e-05,-5.21999173e-05,-1.28152308e-04,2.05585971e-04,5.87711814e-04,1.15473768e-02,2.83084388e-01,0
0.762223,125.9787,1.61794383e-06,1.53667217e-06,5.39670693e-05,5.26676606e-05,-1.10687381e-06,1.09397572e-05,-5.39557170e-05,-5.15189692e-05,-1.57591482e-04,1.51834687e-04,5.48361678e-04,5.92218212e-03,2.62462304e-01,0
0.762223,129.7660,1.59865152e-06,1.52443490e-06,5.19237230e-05,5.21226666e-05,-1.11661334e-06,1.25302617e-05,-5.19117152e-05,-5.05941193e-05,-1.88210769e-04,9.53153169e-05,5.00759448e-04,9.06705007e-04,2.40493265e-01,0
0.762223,133.5532,1.55704709e-06,1.48992246e-06,4.93911500e-05,5.12717399e-05,-1.11547023e-06,1.38802420e-05,-4.93785523e-05,-4.93571696e-05,-2.19488420e-04,3.68610051e-05,4.52907918e-04,8.57097206e-03,2.17441404e-01,0
0.762223,137.3404,1.49638904e-06,1.43608966e-06,4.63710350e-05,5.00249192e-05,-1.10186315e-06,1.49226239e-05,-4.63579420e-05,-4.77473333e-05,-2.50935266e-04,-2.25977126e-05,4.06856016e-04,1.66529342e-02,1.93681099e-01,0
0.762223,141.1277,1.42031602e-06,1.36642544e-06,4.28842709e-05,4.83030377e-05,-1.07444227e-06,1.56013277e-05,-4.28708090e-05,-4.57141338e-05,-2.82138556e-04,-8.20544565e-05,3.63614193e-04,2.46965592e-02,1.69715877e-01,0
0.762223,144.9149,1.33318043e-06,1.28483446e-06,3.89671884e-05,4.60426598e-05,-1.03244911e-06,1.58735332e-05,-3.89535084e-05,-4.32198735e-05,-3.12503562e-04,-1.40451623e-04,3.26203255e-04,3.22471524e-02,1.45938362e-01,0
0.762223,148.7021,1.23920828e-06,1.19550312e-06,3.46788831e-05,4.31999235e-05,-9.75078431e-07,1.57114285e-05,-3.46651721e-05,-4.02415756e-05,-3.41498733e-04,-1.96707334e-04,2.94890475e-04,3.88354739e-02,1.22815352e-01,0
0.762223,152.4894,1.14311268e-06,1.10275467e-06,3.01063816e-05,3.97531817e-05,-9.02161840e-07,1.51033770e-05,-3.00928616e-05,-3.67723192e-05,-3.68511525e-04,-2.49743879e-04,2.72306310e-04,4.39662338e-02,1.00741415e-01,0
0.762223,156.2766,1.04951220e-06,1.01089855e-06,2.53968188e-05,3.57044247e-05,-8.12886189e-07,1.40544529e-05,-2.53838063e-05,-3.28219180e-05,-3.92778657e-04,-2.98516744e-04,2.60536646e-04,4.69779210e-02,7.99550957e-02,0
0.762223,160.0638,9.63409022e-07,9.24079418e-07,2.09112534e-05,3.10795209e-05,-7.02604503e-07,1.25863263e-05,-2.08994465e-05,-2.84169141e-05,-4.12621940e-04,-3.42043301e-04,2.65367379e-04,4.63428724e-02,5.98664048e-02,0
0.762223,163.8511,8.94666043e-07,8.46131393e-07,1.71959294e-05,2.59273457e-05,-5.78782211e-07,1.07365016e-05,-1.71861863e-05,-2.35998896e-05,-4.29159607e-04,-3.79430212e-04,3.27476294e-04,3.97942831e-02,4.21816025e-02,0
0.762223,167.6383,8.39139221e-07,7.80442775e-07,1.33651719e-05,2.03178979e-05,-4.53535468e-07,8.55693718e-06,-1.33574746e-05,-1.84281252e-05,-4.44284126e-04,-4.09898651e-04,3.96040657e-04,3.16877277e-02,2.91665414e-02,0
0.762223,171.4255,7.96422535e-07,7.29836169e-07,9.37484114e-06,1.43395178e-05,-3.20062275e-07,6.11210221e-06,-9.36937599e-06,-1.29716605e-05,-4.55598966e-04,-4.32806503e-04,4.49276053e-04,2.26269988e-02,1.93330842e-02,0
0.762223,175.2128,7.68288476e-07,6.96468438e-07,5.27164121e-06,8.09534947e-06,-1.80678059e-07,3.47654456e-06,-5.26854405e-06,-7.31083586e-06,-4.62912281e-04,-4.47666809e-04,4.84589051e-04,1.28693263e-02,1.29315561e-02,0
0.762223,179.0000,7.55890274e-07,6.81754136e-07,1.10458395e-06,1.69920122e-06,-3.79550065e-08,7.32065509e-07,-1.10393167e-06,-1.53341608e-06,-4.66103295e-04,-4.54161818e-04,5.00216395e-04,2.71002629e-03,1.01290323e-02,0
0.779391,1.0000,-2.63244850e-06,-2.58865548e-06,1.64134818e-06,2.21461456e-06,-5.23705230e-08,7.40334736e-07,-1.64051247e-06,-2.08720438e-06,4.87117767e-04,4.93658918e-04,2.95483271e-04,2.61271754e-03,5.54835251e-03,0
0.779391,4.7872,-2.62833260e-06,-2.58721151e-06,7.82946654e-06,1.05525310e-05,-2.49786870e-07,3.51562584e-06,-7.82548099e-06,-9.94968775e-06,4.83963043e-04,4.93301740e-04,2.77455031e-04,1.24106325e-02,7.92129490e-03,0
0.779391,8.5745,-2.61862550e-06,-2.58350802e-06,1.39075010e-05,1.86984463e-05,-4.41877167e-07,6.18003469e-06,-1.39004794e-05,-1.76476363e-05,4.76765724e-04,4.92508742e-04,2.36947075e-04,2.18352015e-02,1.33535861e-02,0
0.779391,12.3617,-2.60278406e-06,-2.57668620e-06,1.97906488e-05,2.65073541e-05,-6.24709966e-07,8.65030191e-06,-1.97807866e-05,-2.50561788e-05,4.65672029e-04,4.91352929e-04,1.76089258e-04,3.06120406e-02,2.17831232e-02,0
0.779391,16.1489,-2.58000727e-06,-2.56545202e-06,2.53979023e-05,3.38456873e-05,-7.94578386e-07,1.08505759e-05,-2.53854700e-05,-3.20592506e-05,4.50908604e-04,4.89942712e-04,9.82081951e-05,3.85016050e-02,3.31096168e-02,0
0.779391,19.9362,-2.55929895e-06,-2.54814211e-06,3.09382991e-05,4.05957732e-05,-9.60284673e-07,1.27152978e-05,-3.09233925e-05,-3.85530544e-05,4.35662333e-04,4.88414301e-04,7.52782444e-05,4.40148815e-02,4.47454171e-02,0
0.779391,23.7234,-2.53581198e-06,-2.52280941e-06,3.70951756e-05,4.66596647e-05,-1.09858324e-06,1.41916840e-05,-3.70789046e-05,-4.44490767e-05,4.15866210e-04,4.86921899e-04,8.77318475e-05,4.35910934e-02,6.02710496e-02,0
0.779391,27.5106,-2.50338854e-06,-2.48732484e-06,4.31224635e-05,5.19621904e-05,-1.21162492e-06,1.52417093e-05,-4.31054384e-05,-4.96765491e-05,3.92761921e-04,4.85626162e-04,1.08386030e-04,4.02879192e-02,7.87695582e-02,0
0.779391,31.2979,-2.45982823e-06,-2.43949063e-06,4.87350647e-05,5.64530956e-05,-1.30052378e-06,1.58435139e-05,-4.87177089e-05,-5.41842695e-05,3.67496336e-04,4.84681498e-04,1.37223214e-04,3.51756798e-02,9.93991156e-02,0
0.779391,35.0851,-2.40309837e-06,-2.37716048e-06,5.37861599e-05,6.01081735e-05,-1.36526249e-06,1.59921774e-05,-5.37688297e-05,-5.79417188e-05,3.40780303e-04,4.84222840e-04,1.75009902e-04,2.88131945e-02,1.21671217e-01,0
0.779391,38.8723,-2.33114853e-06,-2.29836140e-06,5.81815073e-05,6.29293239e-05,-1.40580141e-06,1.56998330e-05,-5.81645211e-05,-6.09394375e-05,3.13253471e-04,4.84352547e-04,2.21223554e-04,2.16386377e-02,1.45130122e-01,0
0.779391,42.6596,-2.24259602e-06,-2.20141192e-06,6.18563192e-05,6.49435108e-05,-1.42320715e-06,1.49951147e-05,-6.18399443e-05,-6.31886551e-05,2.85484844e-04,4.85128121e-04,2.77880145e-04,1.40701773e-02,1.69341962e-01,0
0.779391,46.4468,-2.13599378e-06,-2.08503144e-06,6.47702109e-05,6.62006351e-05,-1.41873148e-06,1.39219608e-05,-6.47546710e-05,-6.47201908e-05,2.57930503e-04,4.86551387e-04,3.43856598e-04,6.51929802e-03,1.93921427e-01,0
0.779391,50.2340,-2.01010392e-06,-1.94843591e-06,6.69037439e-05,6.67703842e-05,-1.39413695e-06,1.25378216e-05,-6.68892169e-05,-6.55826748e-05,2.31139502e-04,4.88559747e-04,4.16090565e-04,6.07800123e-04,2.18349698e-01,0
0.779391,54.0213,-1.86436201e-06,-1.79141548e-06,6.82589010e-05,6.67381773e-05,-1.35224844e-06,1.09113402e-05,-6.82455052e-05,-6.58401623e-05,2.05450694e-04,4.91020039e-04,4.92189798e-04,6.93084669e-03,2.42226404e-01,0
0.779391,57.8085,-1.69836065e-06,-1.61439037e-06,6.88592717e-05,6.62003909e-05,-1.29619212e-06,9.11959890e-06,-6.88470710e-05,-6.55692357e-05,1.81209921e-04,4.93725423e-04,5.66569949e-04,1.21181092e-02,2.65082746e-01,0
0.779391,61.5957,-1.51193895e-06,-1.41844231e-06,6.87516987e-05,6.52591286e-05,-1.22972530e-06,7.24503893e-06,-6.87407001e-05,-6.48557112e-05,1.58618285e-04,4.96395611e-04,6.30846896e-04,1.59177293e-02,2.86510400e-01,0
0.779391,65.3830,-1.30548273e-06,-1.20531956e-06,6.80076041e-05,6.40168858e-05,-1.15732402e-06,5.37217434e-06,-6.79977559e-05,-6.37910763e-05,1.37712410e-04,4.98680604e-04,6.75827757e-04,1.81880884e-02,3.06181420e-01,0
0.779391,69.1702,-1.07876545e-06,-9.77414837e-07,6.67301511e-05,6.25715386e-05,-1.08400711e-06,3.58422955e-06,-6.67213459e-05,-6.24687981e-05,1.18380462e-04,5.00167964e-04,6.83839785e-04,1.89532830e-02,3.23840830e-01,0
0.779391,72.9574,-8.30127998e-07,-7.37716346e-07,6.50749688e-05,6.10121296e-05,-1.01706951e-06,1.95983218e-06,-6.50670204e-05,-6.09806446e-05,1.00005045e-04,5.00393499e-04,6.23526185e-04,1.85167866e-02,3.39618580e-01,0
0.779391,76.7447,-5.63901446e-07,-4.89733446e-07,6.32607482e-05,5.94158912e-05,-9.61858532e-07,5.69891372e-07,-6.32534354e-05,-5.94131581e-05,8.22136365e-05,4.98855081e-04,5.00431379e-04,1.75233114e-02,3.53404736e-01,0
0.779391,80.5319,-2.89955353e-07,-2.37399241e-07,6.14653684e-05,5.78468003e-05,-9.19618509e-07,-5.25216172e-07,-6.14584886e-05,-5.78444159e-05,6.52596324e-05,4.95029185e-04,3.54610175e-04,1.64919777e-02,3.64540295e-01,0
0.779391,84.3191,-1.49361390e-08,1.50464077e-08,5.97971789e-05,5.63556930e-05,-8.91796801e-07,-1.27804163e-06,-5.97905286e-05,-5.63411994e-05,4.92366916e-05,4.88389604e-04,2.02300280e-04,1.56849081e-02,3.72499474e-01,0
0.779391,88.1064,2.55800726e-07,2.63189291e-07,5.83274440e-05,5.49816179e-05,-8.79362113e-07,-1.65594711e-06,-5.83208148e-05,-5.49566752e-05,3.40107019e-05,4.78427695e-04,4.98526262e-05,1.52489290e-02,3.76964587e-01,0
0.779391,91.8936,5.17150203e-07,5.02583766e-07,5.71012774e-05,5.37537712e-05,-8.82692900e-07,-1.64240225e-06,-5.70944545e-05,-5.37286742e-05,1.92673480e-05,4.64673418e-04,9.82836555e-05,1.52565865e-02,3.77803544e-01,0
0.779391,95.6809,7.64402372e-07,7.28900837e-07,5.61398406e-05,5.26931633e-05,-9.01297460e-07,-1.23764341e-06,-5.61326052e-05,-5.26786266e-05,4.89404226e-06,4.46716380e-04,2.39538370e-04,1.57085686e-02,3.74763741e-01,0
0.779391,99.4681,9.93060111e-07,9.38075748e-07,5.54401452e-05,5.18132180e-05,-9.33990716e-07,-4.58669599e-07,-5.54322773e-05,-5.18111878e-05,-9.61398915e-06,4.24226065e-04,3.70994232e-04,1.65300752e-02,3.67992987e-01,0
0.779391,103.2553,1.19919859e-06,1.12644942e-06,5.49716492e-05,5.11188412e-05,-9.78348006e-07,6.61424978e-07,-5.49629426e-05,-5.11145619e-05,-2.48073552e-05,3.96970446e-04,4.90858156e-04,1.75595491e-02,3.57761510e-01,0
0.779391,107.0426,1.37843498e-06,1.29089818e-06,5.46639678e-05,5.06040514e-05,-1.03001422e-06,2.07475545e-06,-5.46542628e-05,-5.05615013e-05,-4.14269312e-05,3.64832194e-04,5.90634295e-04,1.85034654e-02,3.44598217e-01,0
0.779391,110.8298,1.52562525e-06,1.42894670e-06,5.43725155e-05,5.02488623e-05,-1.07945498e-06,3.72053691e-06,-5.43617993e-05,-5.01109346e-05,-6.14087535e-05,3.27821788e-04,6.52316147e-04,1.87939525e-02,3.30154185e-01,0
0.779391,114.6170,1.63832838e-06,1.53885954e-06,5.39240577e-05,5.00165212e-05,-1.12180287e-06,5.52748708e-06,-5.39123878e-05,-4.97101527e-05,-8.52643419e-05,2.86086915e-04,6.71142901e-04,1.78089791e-02,3.14988570e-01,0
0.779391,118.4043,1.71757513e-06,1.61970760e-06,5.31899411e-05,4.98522411e-05,-1.15880054e-06,7.41664664e-06,-5.31773168e-05,-4.92974573e-05,-1.11628825e-04,2.39917664e-04,6.60338500e-04,1.52118940e-02,2.98189716e-01,0
0.779391,122.1915,1.76490328e-06,1.67140652e-06,5.20917753e-05,4.96841797e-05,-1.18938296e-06,9.30450681e-06,-5.20781952e-05,-4.88051623e-05,-1.39898377e-04,1.89747184e-04,6.30847741e-04,1.09728520e-02,2.79612852e-01,0
0.779391,125.9787,1.78195121e-06,1.69472536e-06,5.05787673e-05,4.94267936e-05,-1.21156941e-06,1.11063214e-05,-5.05642542e-05,-4.81628233e-05,-1.69649275e-04,1.36147612e-04,5.88536145e-04,5.25023306e-03,2.59383864e-01,0
0.779391,129.7660,1.77128008e-06,1.69126478e-06,4.86198102e-05,4.89860933e-05,-1.22346877e-06,1.27394735e-05,-4.86044141e-05,-4.73005619e-05,-2.00456116e-04,7.98212499e-05,5.39884694e-04,1.66937092e-03,2.37737628e-01,0
0.779391,133.5532,1.73604351e-06,1.66340512e-06,4.62017014e-05,4.82659801e-05,-1.22321982e-06,1.41267643e-05,-4.61855058e-05,-4.61523495e-05,-2.31839377e-04,2.15871597e-05,4.90110657e-04,9.40815189e-03,2.14962144e-01,0
0.779391,137.3404,1.67961890e-06,1.61422620e-06,4.33273852e-05,4.71747966e-05,-1.20902340e-06,1.51994957e-05,-4.33105134e-05,-4.46591174e-05,-2.63400862e-04,-3.76365156e-05,4.41222042e-04,1.75349534e-02,1.91498446e-01,0
0.779391,141.1277,1.60623637e-06,1.54740129e-06,4.00154971e-05,4.56313937e-05,-1.17964363e-06,1.59002248e-05,-3.99981056e-05,-4.27715670e-05,-2.94569587e-04,-9.68540085e-05,3.96976037e-04,2.55949973e-02,1.67706844e-01,0
0.779391,144.9149,1.52031669e-06,1.46706905e-06,3.63000432e-05,4.35702550e-05,-1.13423565e-06,1.61850829e-05,-3.62823187e-05,-4.04525674e-05,-3.24906792e-04,-1.55016541e-04,3.59276137e-04,3.31347002e-02,1.44104769e-01,0
0.779391,148.7021,1.42617304e-06,1.37768798e-06,3.22338264e-05,4.09454417e-05,-1.07178769e-06,1.60255667e-05,-3.22160028e-05,-3.76790447e-05,-3.53879557e-04,-2.11049339e-04,3.27141671e-04,3.97040379e-02,1.21151835e-01,0
0.779391,152.4894,1.32871828e-06,1.28387864e-06,2.78937421e-05,3.77332732e-05,-9.92143487e-07,1.54097324e-05,-2.78760919e-05,-3.44432875e-05,-3.80898620e-04,-2.63880205e-04,3.02545083e-04,4.48446242e-02,9.92576768e-02,0
0.779391,156.2766,1.23283524e-06,1.19025916e-06,2.34039320e-05,3.39337493e-05,-8.94891874e-07,1.43427450e-05,-2.33868168e-05,-3.07536178e-05,-4.05289581e-04,-3.12468729e-04,2.87272174e-04,4.79906711e-02,7.87327546e-02,0
0.779391,160.0638,1.14379858e-06,1.10128036e-06,1.90210335e-05,2.95707723e-05,-7.78086430e-07,1.28467607e-05,-1.90051124e-05,-2.66344010e-05,-4.25902004e-04,-3.55835182e-04,2.86881819e-04,4.80814653e-02,5.94322693e-02,0
0.779391,163.8511,1.07024068e-06,1.02106620e-06,1.54588870e-05,2.46912545e-05,-6.38479210e-07,1.09601464e-05,-1.54456962e-05,-2.21253980e-05,-4.41456177e-04,-3.93088156e-04,3.31793389e-04,4.20774168e-02,4.10268539e-02,0
0.779391,167.6383,1.01296973e-06,9.53265639e-07,1.20110310e-05,1.93632139e-05,-5.00593791e-07,8.73606790e-06,-1.20005946e-05,-1.72804852e-05,-4.56601213e-04,-4.23450009e-04,4.02839483e-04,3.35082916e-02,2.81196036e-02,0
0.779391,171.4255,9.68799125e-07,9.00921300e-07,8.42295761e-06,1.36729826e-05,-3.53386858e-07,6.24049943e-06,-8.41554114e-06,-1.21657971e-05,-4.67931230e-04,-4.46279289e-04,4.57989879e-04,2.39275016e-02,1.83656682e-02,0
0.779391,175.2128,9.39656229e-07,8.66359758e-07,4.73564466e-06,7.72166483e-06,-1.99518700e-07,3.54973416e-06,-4.73143981e-06,-6.85736795e-06,-4.75259025e-04,-4.61089355e-04,4.94550939e-04,1.36090786e-02,1.20190361e-02,0
0.779391,179.0000,9.26787955e-07,8.51107574e-07,9.92195552e-07,1.62100221e-06,-4.17919546e-08,7.47491399e-07,-9.91315008e-07,-1.43836879e-06,-4.78466401e-04,-4.67562589e-04,5.10635820e-04,2.86584778e-03,9.24886109e-03,0
0.796559,1.0000,-2.76313904e-06,-2.71441851e-06,1.55726433e-06,2.15551943e-06,-5.69978151e-08,7.54363353e-07,-1.55622089e-06,-2.01920775e-06,5.18503561e-04,5.24078022e-04,3.28730488e-04,2.72660603e-03,4.72838396e-03,0
0.796559,4.7872,-2.76022784e-06,-2.71429673e-06,7.42822367e-06,1.02701608e-05,-2.72057939e-07,3.58216241e-06,-7.42323995e-06,-9.62519166e-06,5.15120561e-04,5.23449279e-04,3.09909465e-04,1.29524059e-02,7.06460733e-03,0
0.796559,8.5745,-2.75322748e-06,-2.71357796e-06,1.31944920e-05,1.81948788e-05,-4.81290140e-07,6.29666338e-06,-1.31857112e-05,-1.70706076e-05,5.07403962e-04,5.22034091e-04,2.67525938e-04,2.27897511e-02,1.24096080e-02,0
0.796559,12.3617,-2.74146007e-06,-2.71124464e-06,1.87753853e-05,2.57862687e-05,-6.80472851e-07,8.81279461e-06,-1.87630502e-05,-2.42335780e-05,4.95505673e-04,5.19916746e-04,2.03871610e-04,3.19527858e-02,2.07060260e-02,0
0.796559,16.1489,-2.72395458e-06,-2.70576131e-06,2.40946274e-05,3.29122948e-05,-8.65607042e-07,1.10530565e-05,-2.40790738e-05,-3.10007918e-05,4.79694406e-04,5.17222995e-04,1.22754858e-04,4.01873806e-02,3.18326020e-02,0
0.796559,19.9362,-2.71381022e-06,-2.69514994e-06,2.96736477e-05,3.94567184e-05,-1.04742913e-06,1.29504702e-05,-2.96551558e-05,-3.72708726e-05,4.63688910e-04,5.14112015e-04,1.25905891e-04,4.45873001e-02,4.27700232e-02,0
0.796559,23.7234,-2.69765058e-06,-2.67708784e-06,3.57353222e-05,4.53229054e-05,-1.19627185e-06,1.44511155e-05,-3.57152934e-05,-4.29573162e-05,4.42054505e-04,5.10766016e-04,1.38742277e-04,4.36963471e-02,5.82826642e-02,0
0.796559,27.5106,-2.67254120e-06,-2.64902396e-06,4.15927780e-05,5.04368578e-05,-1.31934180e-06,1.55161579e-05,-4.15718477e-05,-4.79908895e-05,4.17214916e-04,5.07378013e-04,1.58677161e-04,4.03077576e-02,7.64783866e-02,0
0.796559,31.2979,-2.63584373e-06,-2.60830869e-06,4.70183335e-05,5.47493400e-05,-1.41674017e-06,1.61232861e-05,-4.69969843e-05,-5.23214093e-05,3.90131869e-04,5.04138330e-04,1.85786312e-04,3.52348170e-02,9.67028692e-02,0
0.796559,35.0851,-2.58505508e-06,-2.55233176e-06,5.18834375e-05,5.82369996e-05,-1.48808184e-06,1.62675038e-05,-5.18620931e-05,-5.59188380e-05,3.61486045e-04,5.01220499e-04,2.20793019e-04,2.89569798e-02,1.18525938e-01,0
0.796559,38.8723,-2.51778240e-06,-2.47866222e-06,5.61015200e-05,6.09024190e-05,-1.53337210e-06,1.59612462e-05,-5.60805610e-05,-5.87736612e-05,3.31937567e-04,4.98767246e-04,2.63954336e-04,2.18805660e-02,1.41508723e-01,0
0.796559,42.6596,-2.43243921e-06,-2.38518461e-06,5.96135576e-05,6.27730655e-05,-1.55381527e-06,1.52338143e-05,-5.95933042e-05,-6.08965406e-05,3.02054870e-04,4.96877258e-04,3.18839435e-04,1.43997659e-02,1.65252774e-01,0
0.796559,46.4468,-2.32679699e-06,-2.27022549e-06,6.23799993e-05,6.38991549e-05,-1.55031881e-06,1.41301525e-05,-6.23607315e-05,-6.23172592e-05,2.72407598e-04,4.95593428e-04,3.81703077e-04,6.92370014e-03,1.89311290e-01,0
0.796559,50.2340,-2.19976778e-06,-2.13266467e-06,6.43839772e-05,6.43504849e-05,-1.52534169e-06,1.27090155e-05,-6.43659060e-05,-6.30830075e-05,2.43452854e-04,4.94893206e-04,4.52762692e-04,1.52644313e-04,2.13277417e-01,0
0.796559,54.0213,-2.05034774e-06,-1.97202627e-06,6.56275412e-05,6.42123530e-05,-1.48163145e-06,1.10405984e-05,-6.56108141e-05,-6.32560785e-05,2.15637444e-04,4.94681603e-04,5.28455979e-04,6.44985862e-03,2.36691593e-01,0
0.796559,57.8085,-1.87777808e-06,-1.78854548e-06,6.61331928e-05,6.35807410e-05,-1.42250415e-06,9.20372103e-06,-6.61178922e-05,-6.29110654e-05,1.89312863e-04,4.94787306e-04,6.02076320e-04,1.16330485e-02,2.59110361e-01,0
0.796559,61.5957,-1.68230488e-06,-1.58320769e-06,6.59451462e-05,6.25570316e-05,-1.35220268e-06,7.28267968e-06,-6.59312813e-05,-6.21316729e-05,1.64717853e-04,4.94962236e-04,6.68635306e-04,1.54416634e-02,2.80120786e-01,0
0.796559,65.3830,-1.46402293e-06,-1.35775800e-06,6.51313552e-05,6.12426138e-05,-1.27523238e-06,5.36388771e-06,-6.51188699e-05,-6.10072656e-05,1.41988898e-04,4.94884726e-04,7.16997970e-04,1.77233188e-02,2.99334256e-01,0
0.796559,69.1702,-1.22318675e-06,-1.11467998e-06,6.37875046e-05,5.97338269e-05,-1.19685286e-06,3.53243832e-06,-6.37762752e-05,-5.96292878e-05,1.21000600e-04,4.94166361e-04,7.32124265e-04,1.84750318e-02,3.16527673e-01,0
0.796559,72.9574,-9.58295445e-07,-8.57144171e-07,6.20517503e-05,5.81177437e-05,-1.12373717e-06,1.86872390e-06,-6.20415742e-05,-5.80876924e-05,1.01307920e-04,4.92362367e-04,6.82494763e-04,1.79296195e-02,3.31701263e-01,0
0.796559,76.7447,-6.71690467e-07,-5.88927689e-07,6.01330112e-05,5.64692697e-05,-1.06334808e-06,4.45244813e-07,-6.01236087e-05,-5.64675144e-05,8.23152352e-05,4.88985265e-04,5.58422647e-04,1.66978596e-02,3.44946756e-01,0
0.796559,80.5319,-3.74053688e-07,-3.14307635e-07,5.82304715e-05,5.48498881e-05,-1.01730209e-06,-6.76267085e-07,-5.82215846e-05,-5.48457189e-05,6.41766185e-05,4.83521384e-04,4.03122636e-04,1.54073392e-02,3.55697754e-01,0
0.796559,84.3191,-7.30570040e-08,-3.79321044e-08,5.64665243e-05,5.33080918e-05,-9.87061433e-07,-1.44729721e-06,-5.64578965e-05,-5.32884414e-05,4.70101457e-05,4.75449680e-04,2.36997113e-04,1.43948646e-02,3.63412143e-01,0
0.796559,88.1064,2.25026853e-07,2.35326554e-07,5.49193610e-05,5.18811634e-05,-9.73671648e-07,-1.83447322e-06,-5.49107291e-05,-5.18487206e-05,3.07410618e-05,4.64262202e-04,6.94948434e-05,1.38468820e-02,3.67722477e-01,0
0.796559,91.8936,5.14722852e-07,5.00530765e-07,5.36372750e-05,5.05975833e-05,-9.77535812e-07,-1.82089048e-06,-5.36283665e-05,-5.05648079e-05,1.50017140e-05,4.49485461e-04,9.57578153e-05,1.38536915e-02,3.68538982e-01,0
0.796559,95.6809,7.90428685e-07,7.52843059e-07,5.26423953e-05,4.94791121e-05,-9.98004082e-07,-1.40678603e-06,-5.26329343e-05,-4.94591092e-05,-3.16806503e-07,4.30701888e-04,2.53600289e-04,1.44169723e-02,3.65599846e-01,0
0.796559,99.4681,1.04729398e-06,9.87691401e-07,5.19304518e-05,4.85416210e-05,-1.03373353e-06,-6.09534427e-07,-5.19201620e-05,-4.85377939e-05,-1.57886491e-05,4.07570554e-04,4.02154597e-04,1.54449275e-02,3.59102891e-01,0
0.796559,103.2553,1.28045171e-06,1.20092814e-06,5.14656777e-05,4.77940949e-05,-1.08183912e-06,5.37034377e-07,-5.14543060e-05,-4.77910776e-05,-3.19580888e-05,3.79846319e-04,5.36566850e-04,1.67335974e-02,3.49301851e-01,0
0.796559,107.0426,1.48477478e-06,1.38897641e-06,5.11648392e-05,4.72358416e-05,-1.13706175e-06,1.98396853e-06,-5.11522029e-05,-4.71941585e-05,-4.96890030e-05,3.47396608e-04,6.46377283e-04,1.79067908e-02,3.36817034e-01,0
0.796559,110.8298,1.65396964e-06,1.54895812e-06,5.08663321e-05,4.68526519e-05,-1.18861043e-06,3.66912685e-06,-5.08524428e-05,-4.67087625e-05,-7.12426696e-05,3.10215106e-04,7.08540880e-04,1.82927395e-02,3.23561148e-01,0
0.796559,114.6170,1.78615639e-06,1.67879862e-06,5.04067930e-05,4.66131818e-05,-1.23476605e-06,5.51963475e-06,-5.03916673e-05,-4.62852282e-05,-9.60323537e-05,2.68431713e-04,7.24371672e-04,1.72897534e-02,3.09146699e-01,0
0.796559,118.4043,1.88267060e-06,1.77730349e-06,4.96756739e-05,4.64669298e-05,-1.27607823e-06,7.45476726e-06,-4.96592812e-05,-4.58650413e-05,-1.23034653e-04,2.22318291e-04,7.10940123e-04,1.46241648e-02,2.92936210e-01,0
0.796559,122.1915,1.94468941e-06,1.84420450e-06,4.86034735e-05,4.63447669e-05,-1.31074406e-06,9.38914600e-06,-4.85857962e-05,-4.53837125e-05,-1.51816693e-04,1.72289811e-04,6.77998617e-04,1.02942759e-02,2.74914497e-01,0
0.796559,125.9787,1.97415539e-06,1.88017246e-06,4.71439789e-05,4.61622215e-05,-1.33658773e-06,1.12361249e-05,-4.71250281e-05,-4.47738785e-05,-1.81936727e-04,1.18900716e-04,6.34127994e-04,4.47445509e-03,2.55177151e-01,0
0.796559,129.7660,1.97324548e-06,1.88679626e-06,4.52693795e-05,4.58249789e-05,-1.35100346e-06,1.29112313e-05,-4.52492156e-05,-4.39684978e-05,-2.12993044e-04,6.28364783e-05,5.83296086e-04,2.53219855e-03,2.33964865e-01,0
0.796559,133.5532,1.94530642e-06,1.86652845e-06,4.29681122e-05,4.52356232e-05,-1.35194024e-06,1.43355287e-05,-4.29468384e-05,-4.29040118e-05,-2.44560642e-04,4.90048397e-06,5.31536069e-04,1.03344029e-02,2.11598593e-01,0
0.796559,137.3404,1.89411050e-06,1.82259921e-06,4.02432190e-05,4.43006021e-05,-1.33748887e-06,1.54387669e-05,-4.02209871e-05,-4.15233408e-05,-2.76179954e-04,-5.40034213e-05,4.82505791e-04,1.84919198e-02,1.88455181e-01,0
0.796559,141.1277,1.82361698e-06,1.75890154e-06,3.71108089e-05,4.29366198e-05,-1.30576285e-06,1.61621984e-05,-3.70878298e-05,-3.97785955e-05,-3.07423134e-04,-1.12892246e-04,4.36652431e-04,2.65517022e-02,1.65005517e-01,0
0.796559,144.9149,1.73886299e-06,1.67985179e-06,3.36037547e-05,4.10759683e-05,-1.25622695e-06,1.64609488e-05,-3.35802654e-05,-3.76333939e-05,-3.37785442e-04,-1.70728396e-04,3.98164373e-04,3.40553435e-02,1.41701581e-01,0
0.796559,148.7021,1.64438015e-06,1.59023055e-06,2.97685785e-05,3.86705728e-05,-1.18770022e-06,1.63058479e-05,-2.97448758e-05,-3.50646906e-05,-3.66772913e-04,-2.26446682e-04,3.65361827e-04,4.05717089e-02,1.19027896e-01,0
0.796559,152.4894,1.54527910e-06,1.49500964e-06,2.56737502e-05,3.56946972e-05,-1.09997446e-06,1.56846508e-05,-2.56501755e-05,-3.20640474e-05,-3.93815590e-04,-2.78982947e-04,3.39181503e-04,4.56714449e-02,9.74036560e-02,0
0.796559,156.2766,1.44675514e-06,1.39917160e-06,2.14242127e-05,3.21463494e-05,-9.93030587e-07,1.46025990e-05,-2.14011864e-05,-2.86382939e-05,-4.18314152e-04,-3.27303372e-04,3.21058886e-04,4.88671854e-02,7.71974109e-02,0
0.796559,160.0638,1.35422418e-06,1.30752826e-06,1.72185070e-05,2.80474707e-05,-8.66049190e-07,1.30823007e-05,-1.71967131e-05,-2.48095550e-05,-4.39360081e-04,-3.70433505e-04,3.15069894e-04,4.93540599e-02,5.84650877e-02,0
0.796559,163.8511,1.27490740e-06,1.22454518e-06,1.37059319e-05,2.34430084e-05,-7.10224205e-07,1.11629334e-05,-1.36875181e-05,-2.06146443e-05,-4.54410619e-04,-4.07486048e-04,3.39807387e-04,4.43776772e-02,3.98024865e-02,0
0.796559,167.6383,1.21536258e-06,1.15417839e-06,1.06437746e-05,1.83989863e-05,-5.56993348e-07,8.89880043e-06,-1.06291907e-05,-1.61038519e-05,-4.69581666e-04,-4.37686469e-04,4.12826136e-04,3.53451349e-02,2.70542304e-02,0
0.796559,171.4255,1.16933150e-06,1.09972960e-06,7.46180699e-06,1.29996982e-05,-3.93291031e-07,6.35729721e-06,-7.45143515e-06,-1.13391766e-05,-4.80951891e-04,-4.60395567e-04,4.69622734e-04,2.52394804e-02,1.74363407e-02,0
0.796559,175.2128,1.13892405e-06,1.06372518e-06,4.19442704e-06,7.34416405e-06,-2.22082500e-07,3.61636611e-06,-4.18854361e-06,-6.39207648e-06,-4.88303851e-04,-4.75128238e-04,5.07386897e-04,1.43552341e-02,1.11758548e-02,0
0.796559,179.0000,1.12549302e-06,1.04782356e-06,8.78741970e-07,1.54200161e-06,-4.64818452e-08,7.61540029e-07,-8.77511759e-07,-1.34083024e-06,-4.91523371e-04,-4.81567786e-04,5.24056661e-04,3.02287059e-03,8.44455344e-03,0
0.813727,1.0000,-2.92412075e-06,-2.87015829e-06,1.47040733e-06,2.09268518e-06,-6.26226065e-08,7.66881640e-07,-1.46907322e-06,-1.94710652e-06,5.48838314e-04,5.53380584e-04,3.64099215e-04,2.83609207e-03,3.85285649e-03,0
0.813727,4.7872,-2.92264002e-06,-2.87156874e-06,7.01372761e-06,9.96999809e-06,-2.98703988e-07,3.64150556e-06,-7.00736405e-06,-9.28117983e-06,5.45250706e-04,5.52481368e-04,3.44591627e-04,1.34734915e-02,6.13321140e-03,0
0.813727,8.5745,-2.91886365e-06,-2.87430720e-06,1.24579570e-05,1.76598847e-05,-5.28448320e-07,6.40055901e-06,-1.24467439e-05,-1.64591729e-05,5.37048593e-04,5.50446344e-04,3.00634272e-04,2.37082937e-02,1.13642772e-02,0
0.813727,12.3617,-2.91196414e-06,-2.87716846e-06,1.77267546e-05,2.50208598e-05,-7.47200839e-07,8.95726620e-06,-1.77110000e-05,-2.33625942e-05,5.24399520e-04,5.47370699e-04,2.34775772e-04,3.32435968e-02,1.94846756e-02,0
0.813727,16.1489,-2.90314825e-06,-2.87833170e-06,2.27849187e-05,3.19227145e-05,-9.55054589e-07,1.12325787e-05,-2.27648938e-05,-2.98812462e-05,5.08546404e-04,5.43396948e-04,1.67443931e-04,4.16463971e-02,2.95610228e-02,0
0.813727,19.9362,-2.90263955e-06,-2.87544702e-06,2.84301431e-05,3.82509082e-05,-1.15070068e-06,1.31581849e-05,-2.84068464e-05,-3.59164885e-05,4.90766127e-04,5.38706486e-04,1.83475244e-04,4.47590964e-02,4.06641010e-02,0
0.813727,23.7234,-2.89508508e-06,-2.86574794e-06,3.43501516e-05,4.39103452e-05,-1.31309905e-06,1.46790996e-05,-3.43250446e-05,-4.13840845e-05,4.67514756e-04,5.33508666e-04,1.97945512e-04,4.35715162e-02,5.59775331e-02,0
0.813727,27.5106,-2.87840947e-06,-2.84618510e-06,4.00156059e-05,4.88283809e-05,-1.44820395e-06,1.57557327e-05,-3.99893913e-05,-4.62165303e-05,4.41067232e-04,5.28027920e-04,2.17426457e-04,4.01650832e-02,7.37620303e-02,0
0.813727,31.2979,-2.84962408e-06,-2.81357563e-06,4.52391757e-05,5.29569291e-05,-1.55573172e-06,1.63653562e-05,-4.52124177e-05,-5.03647838e-05,4.12276617e-04,5.22489518e-04,2.43228582e-04,3.51744149e-02,9.34850860e-02,0
0.813727,35.0851,-2.80567541e-06,-2.76476203e-06,4.99065736e-05,5.62735700e-05,-1.63489234e-06,1.65029125e-05,-4.98797876e-05,-5.37993361e-05,3.81822984e-04,5.17104657e-04,2.76053544e-04,2.90182084e-02,1.14748988e-01,0
0.813727,38.8723,-2.74392318e-06,-2.69677373e-06,5.39392311e-05,5.87815933e-05,-1.68593144e-06,1.61811321e-05,-5.39128768e-05,-5.65105890e-05,3.50363444e-04,5.12055574e-04,3.18129979e-04,2.20695389e-02,1.37150937e-01,0
0.813727,42.6596,-2.66183109e-06,-2.60698459e-06,5.72809572e-05,6.05089421e-05,-1.70957743e-06,1.54299573e-05,-5.72554399e-05,-5.85085335e-05,3.18483708e-04,5.07481433e-04,3.70064051e-04,1.47118569e-02,1.60312163e-01,0
0.813727,46.4468,-2.55724348e-06,-2.49325974e-06,5.98968976e-05,6.15060695e-05,-1.70735986e-06,1.42952939e-05,-5.98725585e-05,-5.98217448e-05,2.86792788e-04,5.03465678e-04,4.31715417e-04,7.33395808e-03,1.83786866e-01,0
0.813727,50.2340,-2.42847785e-06,-2.35408526e-06,6.17698523e-05,6.18427579e-05,-1.68171406e-06,1.28371405e-05,-6.17469553e-05,-6.04957397e-05,2.55790337e-04,5.00025515e-04,5.01946686e-04,3.32274054e-04,2.07165825e-01,0
0.813727,54.0213,-2.27414611e-06,-2.18867519e-06,6.29022335e-05,6.16040133e-05,-1.63561396e-06,1.11271695e-05,-6.28809649e-05,-6.05907629e-05,2.25941066e-04,4.97104104e-04,5.76695175e-04,5.91676527e-03,2.30006648e-01,0
0.813727,57.8085,-2.09361570e-06,-1.99705100e-06,6.33157964e-05,6.08852109e-05,-1.57289323e-06,9.24585374e-06,-6.32962564e-05,-6.01790919e-05,1.97620325e-04,4.94565926e-04,6.51547914e-04,1.10776307e-02,2.51876003e-01,0
0.813727,61.5957,-1.88645035e-06,-1.78008992e-06,6.30520139e-05,5.97867576e-05,-1.49780083e-06,7.27925294e-06,-6.30342213e-05,-5.93419654e-05,1.71083958e-04,4.92195674e-04,7.17642293e-04,1.48817247e-02,2.72374250e-01,0
0.813727,65.3830,-1.65302511e-06,-1.53953955e-06,6.21760375e-05,5.84086373e-05,-1.41528252e-06,5.31558550e-06,-6.21599277e-05,-5.81662570e-05,1.46534290e-04,4.89700876e-04,7.65717490e-04,1.71702944e-02,2.91081692e-01,0
0.813727,69.1702,-1.39422330e-06,-1.27799766e-06,6.07769206e-05,5.68453063e-05,-1.33101300e-06,3.44172020e-06,-6.07623443e-05,-5.67410205e-05,1.23931845e-04,4.86718289e-04,7.84205525e-04,1.79187165e-02,3.07723701e-01,0
0.813727,72.9574,-1.10974415e-06,-9.98857486e-07,5.89784081e-05,5.51814722e-05,-1.25137610e-06,1.73972602e-06,-5.89651310e-05,-5.51540409e-05,1.02887683e-04,4.82823959e-04,7.48182060e-04,1.73049061e-02,3.22270578e-01,0
0.813727,76.7447,-7.98496242e-07,-7.06220014e-07,5.69723849e-05,5.34892733e-05,-1.18480617e-06,2.83615101e-07,-5.69600639e-05,-5.34885214e-05,8.26986522e-05,4.77546673e-04,6.22612444e-04,1.58746215e-02,3.34919059e-01,0
0.813727,80.5319,-4.72484354e-07,-4.04776411e-07,5.49727976e-05,5.18272261e-05,-1.13425430e-06,-8.63592956e-07,-5.49610948e-05,-5.18200306e-05,6.34095449e-05,4.70384405e-04,4.56843643e-04,1.43362495e-02,3.45205319e-01,0
0.813727,84.3191,-1.40432417e-07,-9.96646317e-08,5.31198353e-05,5.02410046e-05,-1.10118170e-06,-1.65237040e-06,-5.31084202e-05,-5.02138249e-05,4.50862376e-05,4.60823167e-04,2.75071175e-04,1.31205523e-02,3.52637506e-01,0
0.813727,88.1064,1.90427483e-07,2.03694452e-07,5.14996441e-05,4.87656926e-05,-1.08664591e-06,-2.04864595e-06,-5.14881786e-05,-4.87226418e-05,2.77541798e-05,4.48357642e-04,8.95157962e-05,1.24602507e-02,3.56765409e-01,0
0.813727,91.8936,5.13885358e-07,4.99775324e-07,5.01639092e-05,4.74287295e-05,-1.09108844e-06,-2.03515772e-06,-5.01520419e-05,-4.73850453e-05,1.09723085e-05,4.32512800e-04,9.52041786e-05,1.24658484e-02,3.57560219e-01,0
0.813727,95.6809,8.23551678e-07,7.83133751e-07,4.91356663e-05,4.62524823e-05,-1.11373239e-06,-1.61214110e-06,-4.91230425e-05,-4.62243780e-05,-5.34400459e-06,4.12865708e-04,2.72710588e-04,1.31403930e-02,3.54734976e-01,0
0.813727,99.4681,1.11383285e-06,1.04859325e-06,4.84090644e-05,4.52553784e-05,-1.15300660e-06,-7.97324642e-07,-4.83953313e-05,-4.52483541e-05,-2.18633668e-05,3.89066665e-04,4.40189074e-04,1.43732318e-02,3.48560186e-01,0
0.813727,103.2553,1.37893251e-06,1.29142494e-06,4.79419801e-05,4.44508791e-05,-1.20543966e-06,3.74765969e-07,-4.79268231e-05,-4.44492992e-05,-3.90828899e-05,3.60858820e-04,5.90437008e-04,1.59110338e-02,3.39239641e-01,0
0.813727,107.0426,1.61277493e-06,1.50751371e-06,4.76334786e-05,4.38442427e-05,-1.26464891e-06,1.85416874e-06,-4.76166877e-05,-4.38050189e-05,-5.81873318e-05,3.28095457e-04,7.10225682e-04,1.72698127e-02,3.27653835e-01,0
0.813727,110.8298,1.80747855e-06,1.69350427e-06,4.73153996e-05,4.34278541e-05,-1.31943197e-06,3.57745761e-06,-4.72969992e-05,-4.32802531e-05,-8.12080910e-05,2.90754215e-04,7.69015025e-04,1.77178685e-02,3.15506876e-01,0
0.813727,114.6170,1.96311308e-06,1.84692120e-06,4.68366666e-05,4.31765793e-05,-1.37082810e-06,5.47024881e-06,-4.68166014e-05,-4.28286514e-05,-1.06869448e-04,2.48947574e-04,7.83977765e-04,1.66812054e-02,3.01812079e-01,0
0.813727,118.4043,2.08046682e-06,1.96625818e-06,4.61037486e-05,4.30448147e-05,-1.41786796e-06,7.45014309e-06,-4.60819410e-05,-4.23951818e-05,-1.34562075e-04,2.02929106e-04,7.70596263e-04,1.39413901e-02,2.86267685e-01,0
0.813727,122.1915,2.16024239e-06,2.05103278e-06,4.50550997e-05,4.29664588e-05,-1.45796914e-06,9.42998848e-06,-4.50315038e-05,-4.19188728e-05,-1.63878678e-04,1.53095111e-04,7.36866566e-04,9.51918496e-03,2.68864366e-01,0
0.813727,125.9787,2.20407581e-06,2.10180420e-06,4.36481662e-05,4.28581228e-05,-1.48819537e-06,1.13213355e-05,-4.36227886e-05,-4.13357720e-05,-1.94391531e-04,9.99814171e-05,6.90053979e-04,3.60070025e-03,2.49693820e-01,0
0.813727,129.7660,2.21463704e-06,2.12015328e-06,4.18586958e-05,4.26249561e-05,-1.50587346e-06,1.30379493e-05,-4.18316000e-05,-4.05820005e-05,-2.25741349e-04,4.42553246e-05,6.37507270e-04,3.49230645e-03,2.29017310e-01,0
0.813727,133.5532,2.19512130e-06,2.10862493e-06,3.96763194e-05,4.21679111e-05,-1.50832140e-06,1.44992410e-05,-3.96476391e-05,-3.95967769e-05,-2.57528897e-04,-1.32971784e-05,5.83614191e-04,1.13556728e-02,2.07162890e-01,0
0.813727,137.3404,2.14957718e-06,2.07063508e-06,3.71039456e-05,4.13912248e-05,-1.49337657e-06,1.56334837e-05,-3.70738804e-05,-3.83252877e-05,-2.89320653e-04,-7.17886048e-05,5.32643541e-04,1.95396938e-02,1.84515624e-01,0
0.813727,141.1277,2.08242748e-06,2.01034525e-06,3.41579939e-05,4.02092013e-05,-1.45921066e-06,1.63806860e-05,-3.41268113e-05,-3.67212881e-05,-3.20692755e-04,-1.30251079e-04,4.86358140e-04,2.75789690e-02,1.61536955e-01,0
0.813727,144.9149,1.99861299e-06,1.93250939e-06,3.08663608e-05,3.85517730e-05,-1.40447866e-06,1.66950114e-05,-3.08343910e-05,-3.47493280e-05,-3.51134018e-04,-1.87660740e-04,4.46018659e-04,3.50270168e-02,1.38661748e-01,0
0.813727,148.7021,1.90341135e-06,1.84229844e-06,2.72722284e-05,3.63686390e-05,-1.32854412e-06,1.65466478e-05,-2.72398497e-05,-3.23865149e-05,-3.80177731e-04,-2.42964666e-04,4.12345214e-04,4.14577800e-02,1.16387238e-01,0
0.813727,152.4894,1.80208165e-06,1.74510911e-06,2.34353196e-05,3.36319761e-05,-1.23095791e-06,1.59230532e-05,-2.34029687e-05,-2.96237437e-05,-4.07291282e-04,-2.95109469e-04,3.84408991e-04,4.64722583e-02,9.51551618e-02,0
0.813727,156.2766,1.70027824e-06,1.64636408e-06,1.94454998e-05,3.03378041e-05,-1.11212507e-06,1.48295291e-05,-1.94136715e-05,-2.64663451e-05,-4.31911262e-04,-3.43070615e-04,3.63773302e-04,4.96427407e-02,7.53566545e-02,0
0.813727,160.0638,1.60350236e-06,1.55131082e-06,1.54600117e-05,2.65061204e-05,-9.71655792e-07,1.32890981e-05,-1.54294474e-05,-2.29341294e-05,-4.53283710e-04,-3.85881495e-04,3.52150325e-04,5.03437196e-02,5.71720896e-02,0
0.813727,163.8511,1.51808714e-06,1.46482675e-06,1.19688702e-05,2.21799241e-05,-8.02138023e-07,1.13416911e-05,-1.19419608e-05,-1.90608257e-05,-4.69073336e-04,-4.22661284e-04,3.59362165e-04,4.65378756e-02,3.93677567e-02,0
0.813727,167.6383,1.45457650e-06,1.39123795e-06,9.25872505e-06,1.74232509e-05,-6.25429296e-07,9.04267356e-06,-9.23757694e-06,-1.48929421e-05,-4.83278372e-04,-4.52640630e-04,4.27362181e-04,3.72106240e-02,2.59876288e-02,0
0.813727,171.4255,1.40614066e-06,1.33415823e-06,6.48812983e-06,1.23183482e-05,-4.41700919e-07,6.46077093e-06,-6.47307724e-06,-1.04880952e-05,-4.94703742e-04,-4.75184308e-04,4.85684732e-04,2.65717898e-02,1.65568273e-02,0
0.813727,175.2128,1.37409429e-06,1.29635459e-06,3.64617037e-06,6.96212834e-06,-2.49449189e-07,3.67547126e-06,-3.63762746e-06,-5.91287934e-06,-5.02091632e-04,-4.89810061e-04,5.24530568e-04,1.51128024e-02,1.04175072e-02,0
0.813727,179.0000,1.35993591e-06,1.27964419e-06,7.63822801e-07,1.46205073e-06,-5.22589840e-08,7.74008379e-07,-7.62032985e-07,-1.24036421e-06,-5.05319444e-04,-4.96202980e-04,5.41749745e-04,3.18224202e-03,7.73279220e-03,0
0.830895,1.0000,-3.12646060e-06,-3.06661334e-06,1.38028692e-06,2.02561305e-06,-6.96276373e-08,7.77580432e-07,-1.37852964e-06,-1.87042159e-06,5.78005190e-04,5.81417379e-04,4.03805491e-04,2.94113689e-03,2.89429615e-03,0
0.830895,4.7872,-3.12672836e-06,-3.06984367e-06,6.58374903e-06,9.64966036e-06,-3.31442079e-07,3.69217964e-06,-6.57540093e-06,-8.91536620e-06,5.74228399e-04,5.80249084e-04,3.83816200e-04,1.39731904e-02,5.10688157e-03,0
0.830895,8.5745,-3.12688405e-06,-3.07668652e-06,1.16939869e-05,1.70892172e-05,-5.86314368e-07,6.48909658e-06,-1.16792793e-05,-1.58092685e-05,5.65575703e-04,5.77597257e-04,3.38696248e-04,2.45892895e-02,1.01969545e-02,0
0.830895,12.3617,-3.12588530e-06,-3.08570924e-06,1.66391938e-05,2.42050516e-05,-8.28965782e-07,9.07997250e-06,-1.66185315e-05,-2.24374380e-05,5.52227254e-04,5.73567548e-04,2.71078646e-04,3.44821358e-02,1.81013218e-02,0
0.830895,16.1489,-3.12992179e-06,-3.09474532e-06,2.15117245e-05,3.08690922e-05,-1.06645593e-06,1.13843217e-05,-2.14852732e-05,-2.86931712e-05,5.36986637e-04,5.68318583e-04,2.37345069e-04,4.26471172e-02,2.65764681e-02,0
0.830895,19.9362,-3.13826822e-06,-3.10099446e-06,2.71869638e-05,3.69687759e-05,-1.27653559e-06,1.33325975e-05,-2.71569781e-05,-3.44808966e-05,5.16853346e-04,5.62053138e-04,2.51496032e-04,4.45815641e-02,3.83394904e-02,0
0.830895,23.7234,-3.14091994e-06,-3.10115285e-06,3.29280961e-05,4.24107854e-05,-1.45600863e-06,1.48688310e-05,-3.28958896e-05,-3.97189197e-05,4.92163068e-04,5.55006731e-04,2.68319205e-04,4.32182829e-02,5.33054219e-02,0
0.830895,27.5106,-3.13424006e-06,-3.09156804e-06,3.83803071e-05,4.71240242e-05,-1.60593527e-06,1.59527383e-05,-3.83466940e-05,-4.43416711e-05,4.64239916e-04,5.47434144e-04,2.87919584e-04,3.98503448e-02,7.05672329e-02,0
0.830895,31.2979,-3.11481774e-06,-3.06841217e-06,4.33857279e-05,5.10617002e-05,-1.72572756e-06,1.65612151e-05,-4.33513927e-05,-4.83013808e-05,4.33871285e-04,5.39594500e-04,3.13110809e-04,3.49839938e-02,8.96768326e-02,0
0.830895,35.0851,-3.07891268e-06,-3.02786635e-06,4.78429709e-05,5.42024189e-05,-1.81434134e-06,1.66891603e-05,-4.78085560e-05,-5.15691201e-05,4.01734282e-04,5.31735598e-04,3.44423293e-04,2.89838056e-02,1.10270069e-01,0
0.830895,38.8723,-3.02338707e-06,-2.96630848e-06,5.16802552e-05,5.65502158e-05,-1.87206403e-06,1.63495957e-05,-5.16463373e-05,-5.41351792e-05,3.68478460e-04,5.24078224e-04,3.85124567e-04,2.21953211e-02,1.31983253e-01,0
0.830895,42.6596,-2.94490747e-06,-2.88049674e-06,5.48446741e-05,5.81334963e-05,-1.89939207e-06,1.55730787e-05,-5.48117742e-05,-5.60087727e-05,3.34776628e-04,5.16801208e-04,4.34596478e-04,1.49891283e-02,1.54397382e-01,0
0.830895,46.4468,-2.84100886e-06,-2.76774107e-06,5.73042343e-05,5.90028858e-05,-1.89841521e-06,1.44064297e-05,-5.72727796e-05,-5.72170894e-05,3.01162679e-04,5.10027945e-04,4.94357428e-04,7.74177030e-03,1.77164262e-01,0
0.830895,50.2340,-2.70945746e-06,-2.62605525e-06,5.90432918e-05,5.92280388e-05,-1.87166756e-06,1.29108269e-05,-5.90136185e-05,-5.78037294e-05,2.68215594e-04,5.03815061e-04,5.62737098e-04,8.42002480e-04,1.99840819e-01,0
0.830895,54.0213,-2.54858244e-06,-2.45428324e-06,6.00643660e-05,5.88935102e-05,-1.82257586e-06,1.11593402e-05,-6.00367078e-05,-5.78265914e-05,2.36416456e-04,4.98143823e-04,6.36261994e-04,5.33628990e-03,2.22003097e-01,0
0.830895,57.8085,-2.35754783e-06,-2.25219413e-06,6.03881141e-05,5.80938625e-05,-1.75534388e-06,9.23400441e-06,-6.03625968e-05,-5.73552964e-05,2.06156999e-04,4.92914785e-04,7.10849615e-04,1.04562758e-02,2.43234466e-01,0
0.830895,61.5957,-2.13587316e-06,-2.02054147e-06,6.00541719e-05,5.69282723e-05,-1.67460784e-06,7.22254418e-06,-6.00308192e-05,-5.64682481e-05,1.77774888e-04,4.87946029e-04,7.78173837e-04,1.42465930e-02,2.63094206e-01,0
0.830895,65.3830,-1.88359380e-06,-1.76108400e-06,5.91224311e-05,5.54950106e-05,-1.58560213e-06,5.21488099e-06,-5.91011652e-05,-5.52494454e-05,1.51415734e-04,4.82975229e-04,8.26606455e-04,1.65323234e-02,2.81236294e-01,0
0.830895,69.1702,-1.60206498e-06,-1.47656662e-06,5.76780948e-05,5.38862828e-05,-1.49437997e-06,3.29955842e-06,-5.76587326e-05,-5.37851689e-05,1.27163062e-04,4.77665578e-04,8.46771086e-04,1.72815536e-02,2.97304195e-01,0
0.830895,72.9574,-1.29158739e-06,-1.17066152e-06,5.58339789e-05,5.21839984e-05,-1.40740309e-06,1.56022648e-06,-5.58162380e-05,-5.21606689e-05,1.04746184e-04,4.71615496e-04,8.15919253e-04,1.66351430e-02,3.11186883e-01,0
0.830895,76.7447,-9.50820331e-07,-8.47871565e-07,5.37584702e-05,5.04570316e-05,-1.33347546e-06,7.23229440e-08,-5.37419293e-05,-5.04569798e-05,8.33775170e-05,4.64371840e-04,6.94622920e-04,1.50466290e-02,3.23168038e-01,0
0.830895,80.5319,-5.89959834e-07,-5.13399061e-07,5.16728728e-05,4.87603871e-05,-1.27752497e-06,-1.09991806e-06,-5.16570781e-05,-4.87479798e-05,6.29609011e-05,4.55446209e-04,5.16576060e-04,1.32739379e-02,3.32914952e-01,0
0.830895,84.3191,-2.19879654e-07,-1.72984731e-07,4.97380418e-05,4.71363576e-05,-1.24101093e-06,-1.90601277e-06,-4.97225572e-05,-4.70978060e-05,4.34926437e-05,4.44333785e-04,3.16412616e-04,1.18574296e-02,3.40002560e-01,0
0.830895,88.1064,1.50970084e-07,1.67277192e-07,4.80491522e-05,4.56173047e-05,-1.22506882e-06,-2.31122972e-06,-4.80335324e-05,-4.55587172e-05,2.50555442e-05,4.30534037e-04,1.10028426e-04,1.10833825e-02,3.43936066e-01,0
0.830895,91.8936,5.15506229e-07,5.01140807e-07,4.66618793e-05,4.42292183e-05,-1.23013863e-06,-2.29796835e-06,-4.66456615e-05,-4.41694815e-05,7.19161922e-06,4.13572524e-04,9.69273516e-05,1.10870900e-02,3.44701512e-01,0
0.830895,95.6809,8.66429406e-07,8.22419688e-07,4.56001237e-05,4.29948747e-05,-1.25531207e-06,-1.86646009e-06,-4.55828418e-05,-4.29543429e-05,-1.02002460e-05,3.93022965e-04,2.96945361e-04,1.18736768e-02,3.42023085e-01,0
0.830895,99.4681,1.19725094e-06,1.12519921e-06,4.48557695e-05,4.19353664e-05,-1.29871753e-06,-1.03476431e-06,-4.48369646e-05,-4.19225979e-05,-2.78272351e-05,3.68528713e-04,4.86152321e-04,1.33100226e-02,3.36198117e-01,0
0.830895,103.2553,1.50096703e-06,1.40404192e-06,4.43790683e-05,4.10691097e-05,-1.35625523e-06,1.61940754e-07,-4.43583394e-05,-4.10687905e-05,-4.62005915e-05,3.39822766e-04,6.53979674e-04,1.50854594e-02,3.27433779e-01,0
0.830895,107.0426,1.76977388e-06,1.65417791e-06,4.40495022e-05,4.04081453e-05,-1.41964215e-06,1.67274440e-06,-4.40266200e-05,-4.03735078e-05,-6.69610587e-05,3.06745497e-04,7.79957024e-04,1.65958402e-02,3.16986388e-01,0
0.830895,110.8298,1.99612084e-06,1.87167275e-06,4.36978456e-05,3.99525047e-05,-1.47992075e-06,3.43301288e-06,-4.36727781e-05,-3.98047366e-05,-9.12263636e-05,2.69259334e-04,8.39684630e-04,1.70697572e-02,3.05772156e-01,0
0.830895,114.6170,2.18015845e-06,2.05356648e-06,4.31927775e-05,3.96843078e-05,-1.53814463e-06,5.36694304e-06,-4.31653813e-05,-3.93197178e-05,-1.17802791e-04,2.27459732e-04,8.54149988e-04,1.59901935e-02,2.92859513e-01,0
0.830895,118.4043,2.32248910e-06,2.19797778e-06,4.24542120e-05,3.95636333e-05,-1.59231872e-06,7.39056015e-06,-4.24243402e-05,-3.88672189e-05,-1.46233935e-04,1.81581907e-04,8.40111225e-04,1.31740947e-02,2.78060842e-01,0
0.830895,122.1915,2.42330676e-06,2.30416949e-06,4.14256166e-05,3.95277719e-05,-1.63894382e-06,9.41504220e-06,-4.13931827e-05,-3.83901254e-05,-1.76094484e-04,1.32002930e-04,8.03851085e-04,8.64961289e-03,2.61335224e-01,0
0.830895,125.9787,2.48440460e-06,2.37257229e-06,4.00706928e-05,3.94943545e-05,-1.67471184e-06,1.13502405e-05,-4.00356811e-05,-3.78282445e-05,-2.07079390e-04,7.92389779e-05,7.54562574e-04,2.62671775e-03,2.42861742e-01,0
0.830895,129.7660,2.50858580e-06,2.40476564e-06,3.83676484e-05,3.93676278e-05,-1.69644466e-06,1.31082582e-05,-3.83301255e-05,-3.71212026e-05,-2.38792543e-04,2.39376782e-05,7.00502494e-04,4.55750374e-03,2.22853741e-01,0
0.830895,133.5532,2.49914121e-06,2.40341626e-06,3.63076912e-05,3.90464145e-05,-1.70098213e-06,1.46069467e-05,-3.62678246e-05,-3.62113186e-05,-2.70862264e-04,-3.31343095e-05,6.45881915e-04,1.24819992e-02,2.01646250e-01,0
0.830895,137.3404,2.46023096e-06,2.37217634e-06,3.38938348e-05,3.84322631e-05,-1.68570785e-06,1.57731820e-05,-3.38518896e-05,-3.50463347e-05,-3.02883836e-04,-9.11081636e-05,5.94128168e-04,2.06843303e-02,1.79632935e-01,0
0.830895,141.1277,2.39673405e-06,2.31554499e-06,3.11408806e-05,3.74367057e-05,-1.64853327e-06,1.65457933e-05,-3.10972150e-05,-3.35818947e-05,-3.34389045e-04,-1.49033744e-04,5.47804356e-04,2.86938379e-02,1.57222576e-01,0
0.830895,144.9149,2.31370192e-06,2.23869810e-06,2.80736256e-05,3.59870739e-05,-1.58764512e-06,1.68780283e-05,-2.80286967e-05,-3.17836695e-05,-3.64982727e-04,-2.05903776e-04,5.06070910e-04,3.60663136e-02,1.34934379e-01,0
0.830895,148.7021,2.21712856e-06,2.14729281e-06,2.47315129e-05,3.40307176e-05,-1.50257382e-06,1.67394575e-05,-2.46858260e-05,-2.96290449e-05,-3.94138378e-04,-2.60680607e-04,4.71200564e-04,4.23820334e-02,1.13201912e-01,0
0.830895,152.4894,2.11270875e-06,2.04725393e-06,2.11667518e-05,3.15376884e-05,-1.39283541e-06,1.61172446e-05,-2.11208758e-05,-2.71083053e-05,-4.21362092e-04,-3.12324673e-04,4.41641215e-04,4.72665565e-02,9.24880154e-02,0
0.830895,156.2766,2.00653437e-06,1.94455027e-06,1.74554613e-05,2.85020313e-05,-1.25911975e-06,1.50167304e-05,-1.74099898e-05,-2.42252677e-05,-4.46130122e-04,-3.59823736e-04,4.18223363e-04,5.03458220e-02,7.32070373e-02,0
0.830895,160.0638,1.90441033e-06,1.84496924e-06,1.37244977e-05,2.49418366e-05,-1.10138069e-06,1.34613089e-05,-1.36802339e-05,-2.09973421e-05,-4.67785424e-04,-4.02221904e-04,4.01064956e-04,5.11241175e-02,5.56124666e-02,0
0.830895,163.8511,1.81289028e-06,1.75389835e-06,1.02904259e-05,2.08981943e-05,-9.17559740e-07,1.14915989e-05,-1.02494365e-05,-1.74550188e-05,-4.85064435e-04,-4.38647464e-04,3.98034370e-04,4.83459409e-02,3.93719289e-02,0
0.830895,167.6383,1.74267182e-06,1.67612166e-06,7.85067040e-06,1.64331825e-05,-7.09983565e-07,9.16394340e-06,-7.81850044e-06,-1.36408075e-05,-4.97725940e-04,-4.68338567e-04,4.49031813e-04,3.91156374e-02,2.49270366e-02,0
0.830895,171.4255,1.69100112e-06,1.61563906e-06,5.49828284e-06,1.16270178e-05,-5.01581196e-07,6.54829580e-06,-5.47535665e-06,-9.60767216e-06,-5.09233696e-04,-4.90665890e-04,5.08487982e-04,2.79323081e-02,1.57496347e-02,0
0.830895,175.2128,1.65675451e-06,1.57551513e-06,3.08879953e-06,6.57450459e-06,-2.83339481e-07,3.72557407e-06,-3.07577653e-06,-5.41702949e-06,-5.16672631e-04,-5.05151492e-04,5.48143853e-04,1.58864414e-02,9.77249227e-03,0
0.830895,179.0000,1.64161591e-06,1.55776329e-06,6.46981468e-07,1.38093104e-06,-5.95070361e-08,7.84587307e-07,-6.44239033e-07,-1.13639486e-06,-5.19914720e-04,-5.11483207e-04,5.65776104e-04,3.34504686e-03,7.15180019e-03,0
0.848063,1.0000,-3.38681147e-06,-3.31991534e-06,1.28628733e-06,1.95356354e-06,-7.84295461e-08,7.85977441e-07,-1.28389404e-06,-1.78847699e-06,6.05842030e-04,6.07986075e-04,4.51366101e-04,3.04117651e-03,1.81862839e-03,0
0.848063,4.7872,-3.38928898e-06,-3.32537805e-06,6.13539984e-06,9.30561721e-06,-3.72791033e-07,3.73188284e-06,-6.12406385e-06,-8.52452709e-06,6.01892794e-04,6.06550649e-04,4.31224204e-04,1.44485754e-02,3.95089843e-03,0
0.848063,8.5745,-3.39440060e-06,-3.33725330e-06,1.08974822e-05,1.64765937e-05,-6.59404487e-07,6.55818212e-06,-1.08775137e-05,-1.51151708e-05,5.92826854e-04,6.03286294e-04,3.85588152e-04,2.54273457e-02,8.87193436e-03,0
0.848063,12.3617,-3.40083135e-06,-3.35382430e-06,1.55054327e-05,2.33298776e-05,-9.32190292e-07,9.17507554e-06,-1.54773856e-05,-2.14499691e-05,5.78833824e-04,5.98308607e-04,3.17169179e-04,3.56606718e-02,1.65189527e-02,0
0.848063,16.1489,-3.41930236e-06,-3.37249258e-06,2.03446412e-05,2.97398750e-05,-1.20132437e-06,1.15007709e-05,-2.03091419e-05,-2.74261269e-05,5.63467081e-04,5.91791545e-04,3.15838128e-04,4.28196961e-02,2.40254536e-02,0
0.848063,19.9362,-3.43951419e-06,-3.38989528e-06,2.59274474e-05,3.55963077e-05,-1.43432095e-06,1.34646021e-05,-2.58877433e-05,-3.29515039e-05,5.41840148e-04,5.83958268e-04,3.34792109e-04,4.40667753e-02,3.57255459e-02,0
0.848063,23.7234,-3.45467098e-06,-3.40205759e-06,3.14561281e-05,4.08079030e-05,-1.63558475e-06,1.50097125e-05,-3.14135776e-05,-3.79472460e-05,5.15883584e-04,5.75069291e-04,3.54996603e-04,4.26216276e-02,5.02026611e-02,0
0.848063,27.5106,-3.46035010e-06,-3.40457438e-06,3.66727375e-05,4.53053320e-05,-1.80440522e-06,1.60951981e-05,-3.66283196e-05,-4.23499434e-05,4.86620075e-04,5.65408472e-04,3.76333762e-04,3.93438927e-02,6.68301082e-02,0
0.848063,31.2979,-3.45223167e-06,-3.39281324e-06,4.14429852e-05,4.90432651e-05,-1.93930343e-06,1.66976284e-05,-4.13975860e-05,-4.61132416e-05,4.54813786e-04,5.55267479e-04,4.00912101e-04,3.46390180e-02,8.52071035e-02,0
0.848063,35.0851,-3.42609039e-06,-3.36213096e-06,4.56759272e-05,5.20014459e-05,-2.03960185e-06,1.68118827e-05,-4.56303665e-05,-4.92088506e-05,4.21129384e-04,5.44929437e-04,4.31551391e-04,2.88291696e-02,1.05010017e-01,0
0.848063,38.8723,-3.37782394e-06,-3.30809429e-06,4.93059170e-05,5.41847148e-05,-2.10527032e-06,1.64512723e-05,-4.92609509e-05,-5.16269209e-05,3.86227966e-04,5.34652517e-04,4.70484627e-04,2.22355980e-02,1.25897075e-01,0
0.848063,42.6596,-3.30361087e-06,-3.22669599e-06,5.22849957e-05,5.56219436e-05,-2.13727236e-06,1.56469426e-05,-5.22412944e-05,-5.33757791e-05,3.50785175e-04,5.24654234e-04,5.18965326e-04,1.52084659e-02,1.47479685e-01,0
0.848063,46.4468,-3.19993205e-06,-3.11455720e-06,5.45823120e-05,5.63638811e-05,-2.13749120e-06,1.44465789e-05,-5.45404429e-05,-5.44810376e-05,3.15407806e-04,5.15097200e-04,5.76047049e-04,8.11967528e-03,1.69381079e-01,0
0.848063,50.2340,-3.06427576e-06,-2.96910764e-06,5.61838758e-05,5.64799541e-05,-2.10919372e-06,1.29124677e-05,-5.61442713e-05,-5.49841195e-05,2.80637850e-04,5.06077025e-04,6.42124853e-04,1.34940586e-03,1.91222629e-01,0
0.848063,54.0213,-2.89479900e-06,-2.78873608e-06,5.70921125e-05,5.60541160e-05,-2.05635920e-06,1.11189886e-05,-5.70550672e-05,-5.49402586e-05,2.46997831e-04,4.97613000e-04,7.15634979e-04,4.73077033e-03,2.12577478e-01,0
0.848063,57.8085,-2.68946447e-06,-2.57290459e-06,5.73266145e-05,5.51799136e-05,-1.98307800e-06,9.14963661e-06,-5.72923043e-05,-5.44160548e-05,2.14930081e-04,4.89642043e-04,7.86460712e-04,9.78379898e-03,2.33016925e-01,0
0.848063,61.5957,-2.44860335e-06,-2.32222156e-06,5.69259743e-05,5.39550322e-05,-1.89518703e-06,7.09369111e-06,-5.68944181e-05,-5.34866810e-05,1.84750496e-04,4.82016316e-04,8.52731869e-04,1.35403588e-02,2.52147620e-01,0
0.848063,65.3830,-2.17218667e-06,-2.03847002e-06,5.59462984e-05,5.24757005e-05,-1.79829017e-06,5.04266235e-06,-5.59173895e-05,-5.22328508e-05,1.56675693e-04,4.74504716e-04,9.02222084e-04,1.58175887e-02,2.69589796e-01,0
0.848063,69.1702,-1.86076882e-06,-1.72458976e-06,5.44657435e-05,5.08314648e-05,-1.69852239e-06,3.08665534e-06,-5.44392528e-05,-5.07376623e-05,1.30762486e-04,4.66798329e-04,9.18836601e-04,1.65635804e-02,2.85033234e-01,0
0.848063,72.9574,-1.51667975e-06,-1.38461322e-06,5.25897833e-05,4.91009387e-05,-1.60309797e-06,1.31079364e-06,-5.25653440e-05,-4.90834392e-05,1.06925918e-04,4.58519742e-04,8.91088337e-04,1.59007503e-02,2.98229867e-01,0
0.848063,76.7447,-1.13842165e-06,-1.02355729e-06,5.04653060e-05,4.73491453e-05,-1.52042869e-06,-2.08156500e-07,-5.04423969e-05,-4.73486878e-05,8.44210040e-05,4.49235961e-04,7.75020618e-04,1.42022068e-02,3.09444332e-01,0
0.848063,80.5319,-7.33838140e-07,-6.47274890e-07,4.83065435e-05,4.56269155e-05,-1.45789280e-06,-1.40482909e-06,-4.82845389e-05,-4.56052834e-05,6.28617548e-05,4.38474518e-04,5.84065450e-04,1.22126662e-02,3.18603277e-01,0
0.848063,84.3191,-3.16035765e-07,-2.62271463e-07,4.62974129e-05,4.39724628e-05,-1.41716466e-06,-2.22784896e-06,-4.62757181e-05,-4.39159900e-05,4.22387179e-05,4.25742212e-04,3.62762151e-04,1.05961868e-02,3.25296374e-01,0
0.848063,88.1064,1.04989555e-07,1.24506483e-07,4.45442435e-05,4.24147581e-05,-1.39945061e-06,-2.64186831e-06,-4.45222547e-05,-4.23324018e-05,2.26554300e-05,4.10545811e-04,1.31685942e-04,9.70533753e-03,3.29017430e-01,0
0.848063,91.8936,5.20973535e-07,5.05903052e-07,4.31074139e-05,4.09777991e-05,-1.40517881e-06,-2.62896913e-06,-4.30845054e-05,-4.08933802e-05,3.66240866e-06,3.92413940e-04,1.01684587e-04,9.70592723e-03,3.29747878e-01,0
0.848063,95.6809,9.23393444e-07,8.74795918e-07,4.20116186e-05,3.96844775e-05,-1.43333584e-06,-2.18937655e-06,-4.19871605e-05,-3.96240380e-05,-1.48843434e-05,3.70919324e-04,3.27900535e-04,1.06061730e-02,3.27247433e-01,0
0.848063,99.4681,1.30462898e-06,1.22434130e-06,4.12457089e-05,3.85586425e-05,-1.48164525e-06,-1.34145483e-06,-4.12190882e-05,-3.85353009e-05,-3.37055268e-05,3.45700501e-04,5.41722490e-04,1.22465676e-02,3.21820810e-01,0
0.848063,103.2553,1.65617380e-06,1.54821148e-06,4.07499987e-05,3.76242492e-05,-1.54520464e-06,-1.20986364e-07,-4.07206917e-05,-3.76240547e-05,-5.33837822e-05,3.16482143e-04,7.28450704e-04,1.42459087e-02,3.13728678e-01,0
0.848063,107.0426,1.96818356e-06,1.84081567e-06,4.03837404e-05,3.69012034e-05,-1.61384179e-06,1.42023844e-06,-4.03514808e-05,-3.68738625e-05,-7.58705076e-05,2.83093146e-04,8.59385294e-04,1.58720024e-02,3.04481124e-01,0
0.848063,110.8298,2.23374277e-06,2.09749553e-06,3.99869638e-05,3.63986088e-05,-1.68166600e-06,3.21646485e-06,-3.99515866e-05,-3.62562143e-05,-1.01302657e-04,2.45481707e-04,9.19296691e-04,1.63542784e-02,2.94150374e-01,0
0.848063,114.6170,2.45366536e-06,2.31468778e-06,3.94493942e-05,3.61072816e-05,-1.74894325e-06,5.19057123e-06,-3.94106065e-05,-3.57322509e-05,-1.28830436e-04,2.03726728e-04,9.37718989e-04,1.52320048e-02,2.82082539e-01,0
0.848063,118.4043,2.62666662e-06,2.49004732e-06,3.86998081e-05,3.59940647e-05,-1.81194545e-06,7.25711816e-06,-3.86573667e-05,-3.52548852e-05,-1.57986666e-04,1.58044986e-04,9.21807044e-04,1.23316899e-02,2.68065224e-01,0
0.848063,122.1915,2.75357498e-06,2.62252594e-06,3.76899402e-05,3.60001071e-05,-1.86688111e-06,9.32572983e-06,-3.76436760e-05,-3.47712305e-05,-1.88462632e-04,1.08793683e-04,8.84223026e-04,7.70157936e-03,2.52139557e-01,0
0.848063,125.9787,2.83644266e-06,2.71240340e-06,3.63881354e-05,3.60438930e-05,-1.91001470e-06,1.13046749e-05,-3.63379724e-05,-3.42252326e-05,-2.19928527e-04,5.64681343e-05,8.36926115e-04,1.56891830e-03,2.34445925e-01,0
0.848063,129.7660,2.87696109e-06,2.76126939e-06,3.47743010e-05,3.60281583e-05,-1.93674139e-06,1.31045067e-05,-3.47203260e-05,-3.35603947e-05,-2.52064584e-04,1.69454420e-06,7.80602928e-04,5.71457726e-03,2.15244255e-01,0
0.848063,133.5532,2.87948251e-06,2.77195677e-06,3.28411370e-05,3.58488217e-05,-1.94397150e-06,1.46416193e-05,-3.27835515e-05,-3.27224847e-05,-2.84485772e-04,-5.47820081e-05,7.25504975e-04,1.37078172e-02,1.94839950e-01,0
0.848063,137.3404,2.84830982e-06,2.74842854e-06,3.05919392e-05,3.54040253e-05,-1.92843008e-06,1.58415806e-05,-3.05310973e-05,-3.16621120e-05,-3.16776781e-04,-1.12114061e-04,6.73925768e-04,2.19315527e-02,1.73599568e-01,0
0.848063,141.1277,2.78841673e-06,2.69562253e-06,2.80398241e-05,3.46019897e-05,-1.88728749e-06,1.66421113e-05,-2.79762378e-05,-3.03370701e-05,-3.48541266e-04,-1.69372268e-04,6.26107378e-04,2.99077106e-02,1.51975214e-01,0
0.848063,144.9149,2.70583070e-06,2.61925963e-06,2.52082073e-05,3.33671107e-05,-1.81895094e-06,1.69955923e-05,-2.51424965e-05,-2.87143504e-05,-3.79338204e-04,-2.25569274e-04,5.84118209e-04,3.71849995e-02,1.30430299e-01,0
0.848063,148.7021,2.60681186e-06,2.52562273e-06,2.21310882e-05,3.16442278e-05,-1.72240928e-06,1.68710027e-05,-2.20639610e-05,-2.67717467e-05,-4.08669344e-04,-2.79686203e-04,5.47804856e-04,4.33570629e-02,1.09406429e-01,0
0.848063,152.4894,2.49790814e-06,2.42131458e-06,1.88539118e-05,2.94012289e-05,-1.59754637e-06,1.62552114e-05,-1.87861076e-05,-2.44989869e-05,-4.36056419e-04,-3.30700886e-04,5.16797224e-04,4.80704276e-02,8.93649562e-02,0
0.848063,156.2766,2.38551888e-06,2.31300398e-06,1.54414948e-05,2.66302170e-05,-1.44465999e-06,1.51535723e-05,-1.53737672e-05,-2.18983493e-05,-4.61013229e-04,-3.77616901e-04,4.89277484e-04,5.09936945e-02,7.07386596e-02,0
0.848063,160.0638,2.27630835e-06,2.20716953e-06,1.19963388e-05,2.33474404e-05,-1.26467705e-06,1.35897981e-05,-1.19294902e-05,-1.89847403e-05,-4.82928975e-04,-4.19492432e-04,4.66498130e-04,5.17337548e-02,5.38083171e-02,0
0.848063,163.8511,2.17704823e-06,2.10985110e-06,8.73809287e-06,1.95921507e-05,-1.05744614e-06,1.16051181e-05,-8.67387311e-06,-1.57852337e-05,-5.00894494e-04,-4.55467963e-04,4.53397059e-04,4.94684290e-02,3.85318152e-02,0
0.848063,167.6383,2.09786127e-06,2.02641809e-06,6.41475165e-06,1.54245276e-05,-8.17109505e-07,9.25675300e-06,-6.36249722e-06,-1.23380945e-05,-5.12962756e-04,-4.84791862e-04,4.82046278e-04,4.10629342e-02,2.38951924e-02,0
0.848063,171.4255,2.04167328e-06,1.96136361e-06,4.48891675e-06,1.09227985e-05,-5.77473844e-07,6.61576447e-06,-4.45161741e-06,-8.69132832e-06,-5.24584153e-04,-5.06842962e-04,5.41870863e-04,2.93230447e-02,1.50484812e-02,0
0.848063,175.2128,2.00435353e-06,1.91813222e-06,2.52043499e-06,6.17968361e-06,-3.26288458e-07,3.76436520e-06,-2.49922555e-06,-4.90082077e-06,-5.32092841e-04,-5.21149354e-04,5.81758287e-04,1.66773831e-02,9.28251437e-03,0
0.848063,179.0000,1.98785113e-06,1.89898791e-06,5.27812962e-07,1.29830768e-06,-6.86457786e-08,7.92792941e-07,-5.23329991e-07,-1.02814502e-06,-5.35355198e-04,-5.27402742e-04,5.99583963e-04,3.51160493e-03,6.74545420e-03,0
0.865231,1.0000,-3.73156598e-06,-3.65552328e-06,1.18760658e-06,1.87541065e-06,-8.95647222e-08,7.91286912e-07,-1.18422445e-06,-1.70030295e-06,6.32137721e-04,6.32790369e-04,5.13080517e-04,3.13473422e-03,5.53590531e-04,0
0.865231,4.7872,-3.73689900e-06,-3.66384405e-06,5.66493831e-06,8.93249582e-06,-4.26622818e-07,3.75686508e-06,-5.64885113e-06,-8.10403889e-06,6.28009758e-04,6.31090870e-04,4.92921265e-04,1.48922125e-02,2.61346985e-03,0
0.865231,8.5745,-3.74850034e-06,-3.68215980e-06,1.00616975e-05,1.58124630e-05,-7.54608493e-07,6.60114597e-06,-1.00333604e-05,-1.43686763e-05,6.18570092e-04,6.27220763e-04,4.47617424e-04,2.62096757e-02,7.33769486e-03,0
0.865231,12.3617,-3.76588368e-06,-3.70838427e-06,1.43370233e-05,2.23817296e-05,-1.06945112e-06,9.23306491e-06,-1.42970806e-05,-2.03885344e-05,6.04502940e-04,6.21304928e-04,3.87963938e-04,3.66645349e-02,1.42518272e-02,0
0.865231,16.1489,-3.80113576e-06,-3.73935758e-06,1.92238001e-05,2.85175708e-05,-1.37505769e-06,1.15696859e-05,-1.91745589e-05,-2.60651915e-05,5.88366453e-04,6.13531653e-04,4.16833922e-04,4.23572676e-02,2.13456940e-02,0
0.865231,19.9362,-3.83660837e-06,-3.77098574e-06,2.46351381e-05,3.41123479e-05,-1.63944374e-06,1.35393671e-05,-2.45805259e-05,-3.13103468e-05,5.65550562e-04,6.04143196e-04,4.42773494e-04,4.31933096e-02,3.27351490e-02,0
0.865231,23.7234,-3.86772157e-06,-3.79842232e-06,2.99188409e-05,3.90771452e-05,-1.86916157e-06,1.50844849e-05,-2.98603965e-05,-3.60483230e-05,5.38484368e-04,5.93423564e-04,4.67580596e-04,4.17398663e-02,4.66006739e-02,0
0.865231,27.5106,-3.88917089e-06,-3.81628480e-06,3.48753041e-05,4.33446622e-05,-2.06225255e-06,1.61636097e-05,-3.48142780e-05,-4.02181236e-05,5.08040367e-04,5.81684049e-04,4.91781992e-04,3.85999268e-02,6.24662433e-02,0
0.865231,31.2979,-3.89555336e-06,-3.81889669e-06,3.93904323e-05,4.68712371e-05,-2.21672940e-06,1.67530486e-05,-3.93280086e-05,-4.37749726e-05,4.74947927e-04,5.69247160e-04,5.17223093e-04,3.40944987e-02,7.99867508e-02,0
0.865231,35.0851,-3.88165255e-06,-3.80054590e-06,4.33827173e-05,4.96378995e-05,-2.33174715e-06,1.68476951e-05,-4.33200082e-05,-4.66912865e-05,4.39875168e-04,5.56429693e-04,5.47248355e-04,2.85086042e-02,9.88641949e-02,0
0.865231,38.8723,-3.84239294e-06,-3.75574843e-06,4.67918306e-05,5.16503830e-05,-2.40739869e-06,1.64611526e-05,-4.67298603e-05,-4.89570478e-05,4.03507797e-04,5.43525676e-04,5.84613677e-04,2.21433276e-02,1.18766345e-01,0
0.865231,42.6596,-3.77292054e-06,-3.67950701e-06,4.95741885e-05,5.29380556e-05,-2.44484514e-06,1.56251265e-05,-4.95138657e-05,-5.05795725e-05,3.66498228e-04,5.30790005e-04,6.30286158e-04,1.53311529e-02,1.39356017e-01,0
0.865231,46.4468,-3.66919540e-06,-3.56755366e-06,5.17011222e-05,5.35517631e-05,-2.44667039e-06,1.43881110e-05,-5.16431975e-05,-5.15826870e-05,3.29480566e-04,5.18423506e-04,6.85804117e-04,8.43447673e-03,1.60265693e-01,0
0.865231,50.2340,-3.52753734e-06,-3.41656656e-06,5.31599042e-05,5.35606212e-05,-2.41611414e-06,1.28134194e-05,-5.31049697e-05,-5.20053499e-05,2.93057459e-04,5.06560154e-04,7.48749611e-04,1.82630676e-03,1.81097835e-01,0
0.865231,54.0213,-3.34547361e-06,-3.22435191e-06,5.39533902e-05,5.30478409e-05,-2.35784968e-06,1.09766387e-05,-5.39018447e-05,-5.18997767e-05,2.57723578e-04,4.95257073e-04,8.17240601e-04,4.12712968e-03,2.01481305e-01,0
0.865231,57.8085,-3.12162250e-06,-2.98998320e-06,5.41000777e-05,5.21057493e-05,-2.27733433e-06,8.96260554e-06,-5.40521244e-05,-5.13291419e-05,2.23922498e-04,4.84487832e-04,8.88205592e-04,9.08934655e-03,2.21017435e-01,0
0.865231,61.5957,-2.85444383e-06,-2.71389200e-06,5.36350968e-05,5.08302618e-05,-2.17996114e-06,6.86202420e-06,-5.35907769e-05,-5.03649495e-05,1.92044904e-04,4.74139451e-04,9.48340912e-04,1.27833094e-02,2.39279001e-01,0
0.865231,65.3830,-2.54520382e-06,-2.39790591e-06,5.26133979e-05,4.93151957e-05,-2.07282978e-06,4.76785908e-06,-5.25725500e-05,-4.90841730e-05,1.62323150e-04,4.64013323e-04,9.93858481e-04,1.50318789e-02,2.55900456e-01,0
0.865231,69.1702,-2.19472761e-06,-2.04523199e-06,5.11062685e-05,4.76469575e-05,-1.96263753e-06,2.77164272e-06,-5.10685689e-05,-4.75662754e-05,1.34810878e-04,4.53830170e-04,1.00868708e-03,1.57661477e-02,2.70599409e-01,0
0.865231,72.9574,-1.80516082e-06,-1.66038549e-06,4.92112894e-05,4.59002579e-05,-1.85678172e-06,9.59844911e-07,-4.91762480e-05,-4.58902208e-05,1.09500735e-04,4.43238922e-04,9.76837959e-04,1.50903497e-02,2.83084310e-01,0
0.865231,76.7447,-1.37773334e-06,-1.24906638e-06,4.70576811e-05,4.41355298e-05,-1.76383500e-06,-5.89554792e-07,-4.70246131e-05,-4.41315920e-05,8.58299514e-05,4.31829272e-04,8.68150460e-04,1.33179899e-02,2.93484482e-01,0
0.865231,80.5319,-9.15829281e-07,-8.17987990e-07,4.48421292e-05,4.23985772e-05,-1.69301207e-06,-1.81015663e-06,-4.48101580e-05,-4.23599183e-05,6.31298127e-05,4.19147511e-04,6.60161416e-04,1.11367269e-02,3.01982298e-01,0
0.865231,84.3191,-4.36060320e-07,-3.74664067e-07,4.27670168e-05,4.07226134e-05,-1.64699242e-06,-2.64977093e-06,-4.27352916e-05,-4.06363133e-05,4.13415746e-05,4.04715071e-04,4.14256976e-04,9.31756821e-03,3.08221652e-01,0
0.865231,88.1064,4.99592332e-08,7.28377922e-08,4.09543589e-05,3.91323111e-05,-1.62695793e-06,-3.07248583e-06,-4.09220298e-05,-3.90115061e-05,2.05745888e-05,3.88049117e-04,1.54367770e-04,8.30416080e-03,3.11700240e-01,0
0.865231,91.8936,5.32408820e-07,5.16166968e-07,3.94698259e-05,3.76489025e-05,-1.63338004e-06,-3.06009136e-06,-3.94360143e-05,-3.75243348e-05,3.78832897e-07,3.68684409e-04,1.09588125e-04,8.29903611e-03,3.12405154e-01,0
0.865231,95.6809,1.00126184e-06,9.46974612e-07,3.83389405e-05,3.62949202e-05,-1.66503618e-06,-2.61280382e-06,-3.83027677e-05,-3.62007526e-05,-1.93993817e-05,3.46195594e-04,3.66290455e-04,9.31582226e-03,3.10105961e-01,0
0.865231,99.4681,1.44734135e-06,1.35720144e-06,3.75467058e-05,3.50969935e-05,-1.71922698e-06,-1.74926201e-06,-3.75073243e-05,-3.50533741e-05,-3.95066404e-05,3.20219048e-04,6.08198115e-04,1.11648030e-02,3.05127499e-01,0
0.865231,103.2553,1.86072521e-06,1.73935744e-06,3.70186544e-05,3.40853256e-05,-1.79018016e-06,-5.05795332e-07,-3.69753435e-05,-3.40815727e-05,-6.06486915e-05,2.90473397e-04,8.18900896e-04,1.33689322e-02,2.97829730e-01,0
0.865231,107.0426,2.22759169e-06,2.08678262e-06,3.66001996e-05,3.32891522e-05,-1.86583057e-06,1.06500750e-06,-3.65526099e-05,-3.32721117e-05,-8.48586377e-05,2.56777857e-04,9.50076511e-04,1.50904219e-02,2.89783834e-01,0
0.865231,110.8298,2.54440884e-06,2.39387868e-06,3.61483031e-05,3.27286894e-05,-1.94403999e-06,2.89637321e-06,-3.60959905e-05,-3.26002781e-05,-1.11459080e-04,2.19067636e-04,1.01566730e-03,1.55852236e-02,2.80360267e-01,0
0.865231,114.6170,2.80982160e-06,2.65630250e-06,3.55713093e-05,3.24055941e-05,-2.02263784e-06,4.90998077e-06,-3.55137577e-05,-3.20314630e-05,-1.39916290e-04,1.77405688e-04,1.03583449e-03,1.44280563e-02,2.69159708e-01,0
0.865231,118.4043,3.02255601e-06,2.87111379e-06,3.48073182e-05,3.22951096e-05,-2.09717472e-06,7.01905690e-06,-3.47440823e-05,-3.15231176e-05,-1.69831820e-04,1.31990285e-04,1.02182124e-03,1.14496360e-02,2.56012364e-01,0
0.865231,122.1915,3.18345342e-06,3.03687114e-06,3.38160702e-05,3.23429245e-05,-2.16318478e-06,9.13180883e-06,-3.37468107e-05,-3.10270017e-05,-2.00952338e-04,8.31579918e-05,9.89029911e-04,6.71400516e-03,2.40988834e-01,0
0.865231,125.9787,3.29284598e-06,3.15367239e-06,3.25678152e-05,3.24680551e-05,-2.21508649e-06,1.11550598e-05,-3.24923988e-05,-3.04916258e-05,-2.32996535e-04,3.13817953e-05,9.39041505e-04,4.54666565e-04,2.24251704e-01,0
0.865231,129.7660,3.35433763e-06,3.22313768e-06,3.10466403e-05,3.25707242e-05,-2.24865949e-06,1.29979446e-05,-3.09650997e-05,-2.98647872e-05,-2.65598219e-04,-2.27356651e-05,8.85241271e-04,6.94616154e-03,2.06001534e-01,0
0.865231,133.5532,3.37155218e-06,3.24833564e-06,2.92466441e-05,3.25427166e-05,-2.25940615e-06,1.45755201e-05,-2.91592400e-05,-2.90960928e-05,-2.98406110e-04,-7.84736536e-05,8.31375031e-04,1.50221721e-02,1.86551704e-01,0
0.865231,137.3404,3.34910773e-06,3.23365525e-06,2.71709287e-05,3.22776698e-05,-2.24329564e-06,1.58121490e-05,-2.70781645e-05,-2.81393659e-05,-3.31067082e-04,-1.35009381e-04,7.78988839e-04,2.32744713e-02,1.66300595e-01,0
0.865231,141.1277,3.29311667e-06,3.18462827e-06,2.48313172e-05,3.16797019e-05,-2.19748677e-06,1.66445247e-05,-2.47338910e-05,-2.69548384e-05,-3.63144822e-04,-1.91438063e-04,7.32000344e-04,3.12121825e-02,1.45645573e-01,0
0.865231,144.9149,3.20995014e-06,3.10770873e-06,2.22487072e-05,3.06698081e-05,-2.11958528e-06,1.70242168e-05,-2.21475129e-05,-2.55110403e-05,-3.94193900e-04,-2.46796376e-04,6.89850235e-04,3.83799903e-02,1.25025928e-01,0
0.865231,148.7021,3.10672046e-06,3.01001804e-06,1.94523461e-05,2.91901146e-05,-2.00845920e-06,1.69196392e-05,-1.93483814e-05,-2.37863111e-05,-4.23766314e-04,-3.00088546e-04,6.52477135e-04,4.43808311e-02,1.04906292e-01,0
0.865231,152.4894,2.99077715e-06,2.89906526e-06,1.64817146e-05,2.72063176e-05,-1.86383652e-06,1.63173622e-05,-1.63759894e-05,-2.17698740e-05,-4.51379314e-04,-3.50314207e-04,6.18804724e-04,4.88784262e-02,8.57257191e-02,0
0.865231,156.2766,2.86946416e-06,2.78245317e-06,1.33915213e-05,2.47086477e-05,-1.68620052e-06,1.52227160e-05,-1.32849378e-05,-1.94624301e-05,-4.76557587e-04,-3.96497107e-04,5.87086465e-04,5.15789088e-02,6.79091176e-02,0
0.865231,160.0638,2.75023442e-06,2.66758155e-06,1.02634206e-05,2.17116196e-05,-1.47703173e-06,1.36596645e-05,-1.01565830e-05,-1.68762552e-05,-4.98750452e-04,-4.37713652e-04,5.57681080e-04,5.21762853e-02,5.17727999e-02,0
0.865231,163.8511,2.64051058e-06,2.56135878e-06,7.25861561e-06,1.82527583e-05,-1.23754663e-06,1.16699503e-05,-7.15234080e-06,-1.40347940e-05,-5.17228226e-04,-4.73120344e-04,5.34058417e-04,5.01068791e-02,3.74133077e-02,0
0.865231,167.6383,2.54928472e-06,2.46993307e-06,4.97262202e-06,1.43904405e-05,-9.59637302e-07,9.31154661e-06,-4.87914604e-06,-1.09717764e-05,-5.29543357e-04,-5.01979124e-04,5.35406866e-04,4.29226277e-02,2.33806089e-02,0
0.865231,171.4255,2.48621517e-06,2.39845335e-06,3.45956662e-06,1.02009751e-05,-6.76320313e-07,6.65647532e-06,-3.39281476e-06,-7.72989196e-06,-5.40772680e-04,-5.23679767e-04,5.92152539e-04,3.07246278e-02,1.44985971e-02,0
0.865231,175.2128,2.44446139e-06,2.35086929e-06,1.94093034e-06,5.77504381e-06,-3.82195154e-07,3.78807651e-06,-1.90292865e-06,-4.35908332e-06,-5.48374570e-04,-5.37758520e-04,6.31490947e-04,1.74743467e-02,9.00477543e-03,0
0.865231,179.0000,2.42594989e-06,2.32977790e-06,4.06249950e-07,1.21363399e-06,-8.02192103e-08,7.97835745e-07,-3.98251051e-07,-9.14530261e-07,-5.51693601e-04,-5.43912347e-04,6.48898225e-04,3.67973166e-03,6.60023556e-03,0
0.882399,1.0000,-4.20511166e-06,-4.11619206e-06,1.08336665e-06,1.78935300e-06,-1.05001485e-07,7.92148717e-07,-1.07826620e-06,-1.60445772e-06,6.56478875e-04,6.55354171e-04,5.99964343e-04,3.21760176e-03,9.53999466e-04,0
0.882399,4.7872,-4.21445056e-06,-4.12839133e-06,5.16732811e-06,8.52170356e-06,-5.00023442e-07,3.76063474e-06,-5.14307849e-06,-7.64702935e-06,6.52211236e-04,6.53396020e-04,5.80664688e-04,1.52878938e-02,1.00496105e-03,0
0.882399,8.5745,-4.23507219e-06,-4.15544494e-06,9.17761340e-06,1.50815625e-05,-8.84239038e-07,6.60644164e-06,-9.13491702e-06,-1.35575977e-05,6.42456734e-04,6.48932269e-04,5.37266404e-04,2.69078246e-02,5.49269603e-03,0
0.882399,12.3617,-4.27135675e-06,-4.19476043e-06,1.31867998e-05,2.13388904e-05,-1.26197511e-06,9.23747405e-06,-1.31262754e-05,-1.92358342e-05,6.29531446e-04,6.42096144e-04,5.16815892e-04,3.71539496e-02,1.06576624e-02,0
0.882399,16.1489,-4.32487990e-06,-4.24240872e-06,1.81113400e-05,2.71743121e-05,-1.60997399e-06,1.15698690e-05,-1.80396402e-05,-2.45882364e-05,6.11464128e-04,6.33088844e-04,5.56455193e-04,4.13053808e-02,1.83425753e-02,0
0.882399,19.9362,-4.38105905e-06,-4.29329442e-06,2.32918694e-05,3.24832698e-05,-1.91789260e-06,1.35312019e-05,-2.32127738e-05,-2.95308211e-05,5.87697019e-04,6.22169898e-04,5.92171474e-04,4.18907054e-02,2.92406796e-02,0
0.882399,23.7234,-4.43387729e-06,-4.34137762e-06,2.82950933e-05,3.71795951e-05,-2.18628022e-06,1.50632451e-05,-2.82105030e-05,-3.39914833e-05,5.59692966e-04,6.09644663e-04,6.24120106e-04,4.04919850e-02,4.23701633e-02,0
0.882399,27.5106,-4.47673283e-06,-4.37993799e-06,3.29642572e-05,4.11983492e-05,-2.41192999e-06,1.61241714e-05,-3.28759007e-05,-3.79119384e-05,5.28254537e-04,5.95849508e-04,6.53100753e-04,3.75276788e-02,5.73355893e-02,0
0.882399,31.2979,-4.50280973e-06,-4.40187083e-06,3.72006898e-05,4.44978088e-05,-2.59257847e-06,1.66901159e-05,-3.71102393e-05,-4.12491821e-05,4.94056436e-04,5.81135348e-04,6.81061822e-04,3.32573327e-02,7.38623113e-02,0
0.882399,35.0851,-4.50538928e-06,-4.40000288e-06,4.09321427e-05,4.70604949e-05,-2.72707472e-06,1.67560367e-05,-4.08411970e-05,-4.39764189e-05,4.57783059e-04,5.65850245e-04,7.11070272e-04,2.79305640e-02,9.16650411e-02,0
0.882399,38.8723,-4.47801867e-06,-4.36741526e-06,4.41038494e-05,4.88931733e-05,-2.81574587e-06,1.63358389e-05,-4.40138740e-05,-4.60834326e-05,4.20137529e-04,5.50321850e-04,7.46270841e-04,2.18278114e-02,1.10425298e-01,0
0.882399,42.6596,-4.41459932e-06,-4.29776040e-06,4.66756214e-05,5.00257815e-05,-2.86017163e-06,1.54617588e-05,-4.65879067e-05,-4.75763894e-05,3.81773045e-04,5.34840499e-04,7.88343467e-04,1.52686820e-02,1.29835291e-01,0
0.882399,46.4468,-4.30971371e-06,-4.18556008e-06,4.86219080e-05,5.05092714e-05,-2.86332526e-06,1.41830332e-05,-4.85375247e-05,-4.84770880e-05,3.43330273e-04,5.19643700e-04,8.37697810e-04,8.60184294e-03,1.49553053e-01,0
0.882399,50.2340,-4.15901676e-06,-4.02647242e-06,4.99306360e-05,5.04123906e-05,-2.82953504e-06,1.25639039e-05,-4.98503977e-05,-4.88216903e-05,3.05391392e-04,5.04902764e-04,8.94312139e-04,2.19564355e-03,1.69230077e-01,0
0.882399,54.0213,-3.95934951e-06,-3.81751687e-06,5.06043721e-05,4.98174810e-05,-2.76418038e-06,1.06810386e-05,-5.05288213e-05,-4.86589850e-05,2.68515478e-04,4.90712212e-04,9.56982849e-04,3.58633307e-03,1.88472316e-01,0
0.882399,57.8085,-3.70791940e-06,-3.55724771e-06,5.06619299e-05,4.88154403e-05,-2.67307230e-06,8.62046802e-06,-5.05913612e-05,-4.80482543e-05,2.33186809e-04,4.77082472e-04,1.01662228e-03,8.41555687e-03,2.06877840e-01,0
0.882399,61.5957,-3.40461539e-06,-3.24586894e-06,5.01363704e-05,4.75001016e-05,-2.56364250e-06,6.47415935e-06,-5.00707836e-05,-4.70568264e-05,1.99725345e-04,4.63936299e-04,1.07110482e-03,1.20150525e-02,2.24109732e-01,0
0.882399,65.3830,-3.04913866e-06,-2.88528537e-06,4.90772471e-05,4.59624260e-05,-2.44295884e-06,4.33636192e-06,-4.90164068e-05,-4.57574100e-05,1.68412867e-04,4.51109146e-04,1.10556206e-03,1.41961013e-02,2.39789404e-01,0
0.882399,69.1702,-2.64416153e-06,-2.47908738e-06,4.75532071e-05,4.42850704e-05,-2.31928674e-06,2.29986712e-06,-4.74966147e-05,-4.42253103e-05,1.39383506e-04,4.38353581e-04,1.11379960e-03,1.48948521e-02,2.53593208e-01,0
0.882399,72.9574,-2.19165283e-06,-2.03246952e-06,4.56515681e-05,4.25380390e-05,-2.20037833e-06,4.52330302e-07,-4.55985088e-05,-4.25356340e-05,1.12550160e-04,4.25347679e-04,1.07405242e-03,1.41902129e-02,2.65321960e-01,0
0.882399,76.7447,-1.69517472e-06,-1.55208563e-06,4.34889155e-05,4.07761686e-05,-2.09503122e-06,-1.12720136e-06,-4.34384233e-05,-4.07605857e-05,8.76581249e-05,4.11707138e-04,9.65460391e-04,1.23636090e-02,2.74865733e-01,0
0.882399,80.5319,-1.15621371e-06,-1.04584561e-06,4.12359838e-05,3.90390486e-05,-2.01366170e-06,-2.37141865e-06,-4.11867883e-05,-3.89669564e-05,6.38158015e-05,3.97000726e-04,7.44683142e-04,1.00127468e-02,2.82615020e-01,0
0.882399,84.3191,-5.92354879e-07,-5.22661441e-07,3.91049441e-05,3.73535829e-05,-1.96088187e-06,-3.22741491e-06,-3.90557498e-05,-3.72138945e-05,4.08426419e-05,3.80768506e-04,4.70240305e-04,7.98199983e-03,2.88332838e-01,0
0.882399,88.1064,-1.84629065e-08,7.84789872e-09,3.72379501e-05,3.57388172e-05,-1.93780689e-06,-3.65878078e-06,-3.71874956e-05,-3.55510391e-05,1.88228846e-05,3.62542168e-04,1.77526055e-04,6.83244452e-03,2.91550503e-01,0
0.882399,91.8936,5.53529623e-07,5.35681597e-07,3.57075812e-05,3.42120237e-05,-1.94491341e-06,-3.64704695e-06,-3.56545742e-05,-3.40170782e-05,-2.65692452e-06,3.41866716e-04,1.20425418e-04,6.81614936e-03,2.92232777e-01,0
0.882399,95.6809,1.11181073e-06,1.05079963e-06,3.45401112e-05,3.27945360e-05,-1.98074999e-06,-3.19241821e-06,-3.44832700e-05,-3.26387815e-05,-2.37758751e-05,3.18322646e-04,4.11658237e-04,7.95562925e-03,2.90175735e-01,0
0.882399,99.4681,1.64504670e-06,1.54346980e-06,3.37150049e-05,3.15155820e-05,-2.04210133e-06,-2.31376982e-06,-3.36531035e-05,-3.14305326e-05,-4.52799309e-05,2.91547759e-04,6.85366569e-04,1.00240847e-02,2.85704897e-01,0
0.882399,103.2553,2.14011724e-06,2.00460562e-06,3.31373639e-05,3.04124301e-05,-2.12153059e-06,-1.04790643e-06,-3.30693815e-05,-3.03943711e-05,-6.81600063e-05,2.61257732e-04,9.14333223e-04,1.24191523e-02,2.79419607e-01,0
0.882399,107.0426,2.58210212e-06,2.42608223e-06,3.26518212e-05,2.95256903e-05,-2.20765211e-06,5.51887533e-07,-3.25771039e-05,-2.95205320e-05,-9.39093278e-05,2.27264580e-04,1.05270800e-03,1.42476468e-02,2.72427003e-01,0
0.882399,110.8298,2.96797051e-06,2.80101775e-06,3.21355654e-05,2.88898143e-05,-2.29959354e-06,2.41794925e-06,-3.20531814e-05,-2.87884506e-05,-1.21706110e-04,1.89492249e-04,1.12647501e-03,1.47928281e-02,2.63965515e-01,0
0.882399,114.6170,3.29473073e-06,3.12400928e-06,3.15124848e-05,2.85207937e-05,-2.39305021e-06,4.47090827e-06,-3.14214896e-05,-2.81681851e-05,-1.51077178e-04,1.47988642e-04,1.15190336e-03,1.36349246e-02,2.53674421e-01,0
0.882399,118.4043,3.56135080e-06,3.39131433e-06,3.07324732e-05,2.84050551e-05,-2.48294975e-06,6.62282193e-06,-3.06320073e-05,-2.76221901e-05,-1.81801458e-04,1.02933524e-04,1.14728170e-03,1.06074354e-02,2.41518678e-01,0
0.882399,122.1915,3.76662915e-06,3.60097033e-06,2.97587482e-05,2.84940188e-05,-2.56286824e-06,8.78065247e-06,-2.96481837e-05,-2.71073652e-05,-2.13612966e-04,5.46418801e-05,1.11774446e-03,5.76412791e-03,2.27539853e-01,0
0.882399,125.9787,3.91243053e-06,3.75284767e-06,2.85679200e-05,2.87066826e-05,-2.62717189e-06,1.08499495e-05,-2.84468631e-05,-2.65772877e-05,-2.46216253e-04,3.56249564e-06,1.07674831e-03,6.32424494e-04,2.11868008e-01,0
0.882399,129.7660,4.00083681e-06,3.84863394e-06,2.71466189e-05,2.89390390e-05,-2.66954553e-06,1.27385935e-05,-2.70150411e-05,-2.59845379e-05,-2.79349156e-04,-4.97283315e-05,1.02695358e-03,8.16912949e-03,1.94769598e-01,0
0.882399,133.5532,4.03651282e-06,3.89174977e-06,2.54891006e-05,2.90766844e-05,-2.68498414e-06,1.43604530e-05,-2.53472900e-05,-2.52830173e-05,-3.12649211e-04,-1.04537823e-04,9.76755055e-04,1.63507636e-02,1.76524806e-01,0
0.882399,137.3404,4.02485625e-06,3.88719960e-06,2.35988134e-05,2.90069899e-05,-2.66865804e-06,1.56388127e-05,-2.34474361e-05,-2.44301658e-05,-3.45715383e-04,-1.60072214e-04,9.28806342e-04,2.46482926e-02,1.57466752e-01,0
0.882399,141.1277,3.97236980e-06,3.84136272e-06,2.14868489e-05,2.86287652e-05,-2.61661307e-06,1.65094369e-05,-2.13269317e-05,-2.33889865e-05,-3.78152474e-04,-2.15456252e-04,8.83939866e-04,3.25499809e-02,1.38002630e-01,0
0.882399,144.9149,3.88660206e-06,3.76173284e-06,1.91707697e-05,2.78589462e-05,-2.52610201e-06,1.69231495e-05,-1.90036107e-05,-2.21297966e-05,-4.09529540e-04,-2.69756075e-04,8.42526125e-04,3.95972134e-02,1.18559027e-01,0
0.882399,148.7021,3.77576724e-06,3.65661585e-06,1.66759815e-05,2.66366967e-05,-2.39551982e-06,1.68478270e-05,-1.65030253e-05,-2.06316344e-05,-4.39410211e-04,-3.22004741e-04,8.03946310e-04,4.53969326e-02,9.95859863e-02,0
0.882399,152.4894,3.64840290e-06,3.53479768e-06,1.40359161e-05,2.49255261e-05,-2.22437026e-06,1.62697286e-05,-1.38585396e-05,-1.88832672e-05,-4.67307897e-04,-3.71229536e-04,7.66524871e-04,4.96304611e-02,8.14958477e-02,0
0.882399,156.2766,3.51328736e-06,3.40519469e-06,1.12955536e-05,2.27139245e-05,-2.01347229e-06,1.51941083e-05,-1.11146507e-05,-1.68837626e-05,-4.92744220e-04,-4.16480145e-04,7.29330278e-04,5.20403408e-02,6.46889199e-02,0
0.882399,160.0638,3.37892792e-06,3.27650039e-06,8.52107384e-06,2.00148495e-05,-1.76462351e-06,1.36450873e-05,-8.33635431e-06,-1.46426020e-05,-5.15241791e-04,-4.56856718e-04,6.91105942e-04,5.23840053e-02,4.95235444e-02,0
0.882399,163.8511,3.25393707e-06,3.15684188e-06,5.83221547e-06,1.68642685e-05,-1.48038046e-06,1.16647892e-05,-5.64120652e-06,-1.21793368e-05,-5.34157006e-04,-4.91536843e-04,6.55127273e-04,5.02796592e-02,3.61513904e-02,0
0.882399,167.6383,3.14721989e-06,3.05345924e-06,3.60879717e-06,1.33188933e-05,-1.15909889e-06,9.31177253e-06,-3.41758786e-06,-9.52280482e-06,-5.48103620e-04,-5.19800502e-04,6.32628273e-04,4.42547118e-02,2.40073475e-02,0
0.882399,171.4255,3.07199164e-06,2.97242048e-06,2.42528148e-06,9.45321337e-06,-8.10519778e-07,6.65882184e-06,-2.28583637e-06,-6.70994297e-06,-5.57783072e-04,-5.41052119e-04,6.71833281e-04,3.20304861e-02,1.41915746e-02,0
0.882399,175.2128,3.02351512e-06,2.91838284e-06,1.35908539e-06,5.35593387e-06,-4.58194166e-07,3.79018255e-06,-1.27951991e-06,-3.78424944e-06,-5.65490886e-04,-5.54838925e-04,7.09355725e-04,1.82160274e-02,9.03523491e-03,0
0.882399,179.0000,3.00199585e-06,2.89440964e-06,2.84374803e-07,1.12593847e-06,-9.62031648e-08,7.98348485e-07,-2.67607884e-07,-7.93962937e-07,-5.68861961e-04,-5.60864997e-04,7.25913025e-04,3.83550864e-03,6.78320667e-03,0
0.899568,1.0000,-4.88893004e-06,-4.77985557e-06,9.71933201e-07,1.69227369e-06,-1.27220336e-07,7.85997724e-07,-9.63571032e-07,-1.49866535e-06,6.78263403e-04,6.74815418e-04,7.35954680e-04,3.28302216e-03,2.92465940e-03,0
0.899568,4.7872,-4.90433499e-06,-4.79777054e-06,4.63609191e-06,8.05837693e-06,-6.06016963e-07,3.73094789e-06,-4.59631283e-06,-7.14265123e-06,6.73892381e-04,6.72609415e-04,7.19018949e-04,1.55973983e-02,1.08824086e-03,0
0.899568,8.5745,-4.93858425e-06,-4.83770077e-06,8.23378869e-06,1.42575082e-05,-1.07161198e-06,6.55228639e-06,-8.16375673e-06,-1.26627044e-05,6.63874381e-04,6.67576310e-04,6.80687861e-04,2.74536899e-02,3.14006011e-03,0
0.899568,12.3617,-5.00178811e-06,-4.89630728e-06,1.21478258e-05,2.01638565e-05,-1.53262516e-06,9.15722797e-06,-1.20507565e-05,-1.79645842e-05,6.51512045e-04,6.59856164e-04,7.11707376e-04,3.65338429e-02,7.07767131e-03,0
0.899568,16.1489,-5.08230957e-06,-4.96852677e-06,1.69831052e-05,2.56620456e-05,-1.94772663e-06,1.14612992e-05,-1.68710469e-05,-2.29603834e-05,6.32219686e-04,6.49660815e-04,7.67723035e-04,3.95551187e-02,1.47939615e-02,0
0.899568,19.9362,-5.16915631e-06,-5.04778751e-06,2.18761289e-05,3.06511985e-05,-2.31895143e-06,1.33915752e-05,-2.17528729e-05,-2.75710298e-05,6.07725921e-04,6.37264123e-04,8.18907837e-04,3.99932373e-02,2.50549740e-02,0
0.899568,23.7234,-5.25410039e-06,-5.12629042e-06,2.65588617e-05,3.50484333e-05,-2.64242662e-06,1.48894649e-05,-2.64270830e-05,-3.17284811e-05,5.79009823e-04,6.22989336e-04,8.62368170e-04,3.86920516e-02,3.73044222e-02,0
0.899568,27.5106,-5.32859408e-06,-5.19534415e-06,3.09062727e-05,3.87916427e-05,-2.91423837e-06,1.59129349e-05,-3.07685701e-05,-3.53775359e-05,5.46774204e-04,6.07194091e-04,8.99072933e-04,3.59383441e-02,5.12495204e-02,0
0.899568,31.2979,-5.38388637e-06,-5.24574062e-06,3.48345642e-05,4.18414363e-05,-3.13182897e-06,1.64380870e-05,-3.46934938e-05,-3.84772022e-05,5.11701196e-04,5.90253726e-04,9.32106397e-04,3.19345042e-02,6.66300398e-02,0
0.899568,35.0851,-5.41076960e-06,-5.26815602e-06,3.82793163e-05,4.41821424e-05,-3.29347514e-06,1.64600255e-05,-3.81373711e-05,-4.10015764e-05,4.74486409e-04,5.72543615e-04,9.62251996e-04,2.69027067e-02,8.31743484e-02,0
0.899568,38.8723,-5.40073456e-06,-5.25356126e-06,4.11912758e-05,4.58217963e-05,-3.39998987e-06,1.59929822e-05,-4.10507159e-05,-4.29402089e-05,4.35807429e-04,5.54421313e-04,9.93017705e-04,2.11040495e-02,1.00610990e-01,0
0.899568,42.6596,-5.34571375e-06,-5.19362518e-06,4.35342583e-05,4.67910649e-05,-3.45358447e-06,1.50696943e-05,-4.33970552e-05,-4.42979465e-05,3.96335521e-04,5.36209292e-04,1.02618234e-03,1.48432143e-02,1.18644109e-01,0
0.899568,46.4468,-5.23872254e-06,-5.08109452e-06,4.52845151e-05,4.71410865e-05,-3.45822347e-06,1.37400588e-05,-4.51522757e-05,-4.50942659e-05,3.56705199e-04,5.18179044e-04,1.06355849e-03,8.46150530e-03,1.36965783e-01,0
0.899568,50.2340,-5.07395698e-06,-4.91013493e-06,4.64318563e-05,4.69402394e-05,-3.41929509e-06,1.20691173e-05,-4.63057847e-05,-4.53621261e-05,3.17546191e-04,5.00537282e-04,1.10535125e-03,2.31700590e-03,1.55217199e-01,0
0.899568,54.0213,-4.84687812e-06,-4.67661949e-06,4.69802406e-05,4.62698995e-05,-3.34329705e-06,1.01344508e-05,-4.68611286e-05,-4.51463897e-05,2.79382915e-04,4.83414867e-04,1.14878059e-03,3.23744924e-03,1.73064536e-01,0
0.899568,57.8085,-4.55512394e-06,-4.37835269e-06,4.69455773e-05,4.52193185e-05,-3.23809598e-06,8.02308546e-06,-4.68337695e-05,-4.45018748e-05,2.42657439e-04,4.66859016e-04,1.19272303e-03,7.86759349e-03,1.90172869e-01,0
0.899568,61.5957,-4.19693925e-06,-4.01522059e-06,4.63602208e-05,4.38798704e-05,-3.11151394e-06,5.82803220e-06,-4.62556867e-05,-4.34911148e-05,2.07808726e-04,4.50829180e-04,1.22610449e-03,1.13044391e-02,2.06135468e-01,0
0.899568,65.3830,-3.77384361e-06,-3.58926087e-06,4.52696676e-05,4.23390690e-05,-2.97289250e-06,3.64459521e-06,-4.51719461e-05,-4.21819119e-05,1.75035278e-04,4.35196868e-04,1.24542919e-03,1.33564895e-02,2.20674969e-01,0
0.899568,69.1702,-3.28778304e-06,-3.10464929e-06,4.37372091e-05,4.06749566e-05,-2.83099772e-06,1.56659468e-06,-4.36454913e-05,-4.06447768e-05,1.44544073e-04,4.19749499e-04,1.23565253e-03,1.39565149e-02,2.33435492e-01,0
0.899568,72.9574,-2.74255636e-06,-2.56760274e-06,4.18423366e-05,3.89516447e-05,-2.69499401e-06,-3.17348318e-07,-4.17554564e-05,-3.89503519e-05,1.16238116e-04,4.04198224e-04,1.18045897e-03,1.31746105e-02,2.44254303e-01,0
0.899568,76.7447,-2.14369300e-06,-1.98620211e-06,3.96900905e-05,3.72168504e-05,-2.57422024e-06,-1.92731871e-06,-3.96065231e-05,-3.71669127e-05,9.00006725e-05,3.88189481e-04,1.06263322e-03,1.12720332e-02,2.52930520e-01,0
0.899568,80.5319,-1.49359348e-06,-1.37014145e-06,3.74240931e-05,3.55021207e-05,-2.47932215e-06,-3.19526859e-06,-3.73418761e-05,-3.53580378e-05,6.49974473e-05,3.71319902e-04,8.32963883e-04,8.75957709e-03,2.59829663e-01,0
0.899568,84.3191,-8.08787097e-07,-7.30412785e-07,3.52503263e-05,3.38260026e-05,-2.41777872e-06,-4.06770855e-06,-3.51673122e-05,-3.35805330e-05,4.07900524e-05,3.53154020e-04,5.28812495e-04,6.49149452e-03,2.64954211e-01,0
0.899568,88.1064,-1.08704920e-07,-7.89385533e-08,3.33354656e-05,3.21997800e-05,-2.39068493e-06,-4.50782360e-06,-3.32496300e-05,-3.18826812e-05,1.74204429e-05,3.33244140e-04,2.00841652e-04,5.17599822e-03,2.67888833e-01,0
0.899568,91.8936,5.91746025e-07,5.71834281e-07,3.17614416e-05,3.06347305e-05,-2.39841932e-06,-4.49693047e-06,-3.16707555e-05,-3.03028766e-05,-5.45217702e-06,3.11151607e-04,1.34349875e-04,5.13509579e-03,2.68550520e-01,0
0.899568,95.6809,1.27789631e-06,1.20936295e-06,3.05552306e-05,2.91493427e-05,-2.43931564e-06,-4.03521928e-06,-3.04577060e-05,-2.88686887e-05,-2.80533409e-05,2.86468639e-04,4.62412900e-04,6.40747102e-03,2.66784686e-01,0
0.899568,99.4681,1.93552923e-06,1.82144387e-06,2.96880255e-05,2.77746441e-05,-2.50946269e-06,-3.14175014e-06,-2.95817757e-05,-2.75963813e-05,-5.11026171e-05,2.58839876e-04,7.69764524e-04,8.72042261e-03,2.62900262e-01,0
0.899568,103.2553,2.54715721e-06,2.39663708e-06,2.90422680e-05,2.65556722e-05,-2.59950482e-06,-1.85370506e-06,-2.89256963e-05,-2.64908947e-05,-7.59052537e-05,2.27982762e-04,1.01559968e-03,1.13329037e-02,2.57764717e-01,0
0.899568,107.0426,3.09719824e-06,2.92466373e-06,2.84732013e-05,2.55472723e-05,-2.70056497e-06,-2.24924109e-07,-2.83448433e-05,-2.55462822e-05,-1.03096529e-04,1.93705933e-04,1.16413656e-03,1.33352072e-02,2.51754589e-01,0
0.899568,110.8298,3.58244733e-06,3.39676123e-06,2.78832084e-05,2.48032775e-05,-2.81092858e-06,1.67621653e-06,-2.77411606e-05,-2.47465729e-05,-1.32040221e-04,1.55924818e-04,1.25287389e-03,1.40370861e-02,2.44258486e-01,0
0.899568,114.6170,3.99776320e-06,3.80598214e-06,2.72098275e-05,2.43604284e-05,-2.92454643e-06,3.76950166e-06,-2.70522040e-05,-2.40670175e-05,-1.62349037e-04,1.14673795e-04,1.29399824e-03,1.29864145e-02,2.34977057e-01,0
0.899568,118.4043,4.34047214e-06,4.14742521e-06,2.64120932e-05,2.42218943e-05,-3.03463435e-06,5.96604348e-06,-2.62371809e-05,-2.34756573e-05,-1.93890225e-04,7.01143210e-05,1.30253943e-03,9.98204556e-03,2.23934652e-01,0
0.899568,122.1915,4.60977112e-06,4.41838960e-06,2.54596642e-05,2.43474691e-05,-3.13396936e-06,8.17179310e-06,-2.52660392e-05,-2.29351488e-05,-2.26378404e-04,2.25386298e-05,1.29130239e-03,5.06893762e-03,2.11137081e-01,0
0.899568,125.9787,4.80574811e-06,4.61844610e-06,2.43339281e-05,2.46552907e-05,-3.21460945e-06,1.02912597e-05,-2.41206622e-05,-2.24047614e-05,-2.59631970e-04,-2.76312559e-05,1.26377684e-03,1.46464138e-03,1.96788274e-01,0
0.899568,129.7660,4.93181532e-06,4.74942251e-06,2.30227890e-05,2.50339324e-05,-3.26954975e-06,1.22312909e-05,-2.27894462e-05,-2.18424653e-05,-2.93298231e-04,-7.98492767e-05,1.23065314e-03,9.16598237e-03,1.81052251e-01,0
0.899568,133.5532,4.99225740e-06,4.81530379e-06,2.15236173e-05,2.53590268e-05,-3.29172763e-06,1.39047669e-05,-2.12704168e-05,-2.12070200e-05,-3.27068162e-04,-1.33455754e-04,1.19395341e-03,1.74802533e-02,1.64226441e-01,0
0.899568,137.3404,4.99347972e-06,4.82205061e-06,1.98386440e-05,2.55085741e-05,-3.27516081e-06,1.52340627e-05,-1.95664283e-05,-2.04599776e-05,-3.60595467e-04,-1.87692198e-04,1.15667815e-03,2.58412604e-02,1.46660479e-01,0
0.899568,141.1277,4.94323367e-06,4.77734336e-06,1.79768986e-05,2.53740838e-05,-3.21478593e-06,1.61541424e-05,-1.76871149e-05,-1.95675193e-05,-3.93450788e-04,-2.41720054e-04,1.11930640e-03,3.37133941e-02,1.28701455e-01,0
0.899568,144.9149,4.85051304e-06,4.69026149e-06,1.59539022e-05,2.48674388e-05,-3.10679112e-06,1.66151650e-05,-1.56484774e-05,-1.85020486e-05,-4.25214876e-04,-2.94642797e-04,1.08126020e-03,4.06243138e-02,1.10754203e-01,0
0.899568,148.7021,4.72533419e-06,4.57091051e-06,1.37906923e-05,2.39245319e-05,-2.94897319e-06,1.65844985e-05,-1.34717019e-05,-1.72434810e-05,-4.55441960e-04,-3.45530645e-04,1.04193799e-03,4.61859639e-02,9.32292739e-02,0
0.899568,152.4894,4.57804703e-06,4.43001117e-06,1.15149476e-05,2.25067611e-05,-2.74033731e-06,1.60480633e-05,-1.11841213e-05,-1.57801762e-05,-4.83678446e-04,-3.93447050e-04,9.98837586e-04,5.00962637e-02,7.65363193e-02,0
0.899568,156.2766,4.41968688e-06,4.27846667e-06,9.16421816e-06,2.06011198e-05,-2.48232863e-06,1.50109520e-05,-8.82161771e-06,-1.41094811e-05,-5.09441889e-04,-4.37476067e-04,9.52850614e-04,5.21247965e-02,6.10430450e-02,0
0.899568,160.0638,4.26067331e-06,4.12692465e-06,6.79170259e-06,1.82192873e-05,-2.17706672e-06,1.34973010e-05,-6.43331987e-06,-1.22378631e-05,-5.32249649e-04,-4.76749644e-04,9.02438062e-04,5.20823335e-02,4.70763648e-02,0
0.899568,163.8511,4.11121954e-06,3.98535111e-06,4.49267716e-06,1.53959201e-05,-1.82788404e-06,1.15494186e-05,-4.10402096e-06,-1.01806328e-05,-5.51571801e-04,-5.10473884e-04,8.49268029e-04,4.96925946e-02,3.48601869e-02,0
0.899568,167.6383,3.98158802e-06,3.86263253e-06,2.50937222e-06,1.21862497e-05,-1.43784376e-06,9.22620315e-06,-2.05658801e-06,-7.96127236e-06,-5.66549678e-04,-5.37953347e-04,8.02624592e-04,4.41033145e-02,2.42560571e-02,0
0.899568,171.4255,3.88589995e-06,3.76622192e-06,1.49673065e-06,8.66306332e-06,-1.00354095e-06,6.60091367e-06,-1.11045405e-06,-5.61040147e-06,-5.75463532e-04,-5.58612542e-04,8.07499788e-04,3.26612612e-02,1.42933919e-02,0
0.899568,175.2128,3.82636583e-06,3.70184232e-06,8.38633183e-07,4.91314761e-06,-5.67397508e-07,3.75837866e-06,-6.17548122e-07,-3.16442875e-06,-5.83307442e-04,-5.72013831e-04,8.40193497e-04,1.85699976e-02,9.57949716e-03,0
0.899568,179.0000,3.79992526e-06,3.67325938e-06,1.75382307e-07,1.03329594e-06,-1.19097102e-07,7.91753294e-07,-1.28743287e-07,-6.63948214e-07,-5.86724162e-04,-5.77871117e-04,8.54648682e-04,3.91002521e-03,7.50935455e-03,0
0.916736,1.0000,-5.95120094e-06,-5.80588161e-06,8.52209974e-07,1.57807711e-06,-1.62300112e-07,7.67338937e-07,-8.36612523e-07,-1.37895552e-06,6.96128198e-04,6.89328111e-04,9.80508479e-04,3.30821039e-03,5.76798791e-03,0
0.916736,4.7872,-5.97696635e-06,-5.83333992e-06,4.06475844e-06,7.51345508e-06,-7.73311422e-07,3.64157125e-06,-3.99052010e-06,-6.57198342e-06,6.91684160e-04,6.86898758e-04,9.69086058e-04,1.57177718e-02,4.05908648e-03,0
0.916736,8.5745,-6.03672922e-06,-5.89477677e-06,7.26094711e-06,1.32887443e-05,-1.37260880e-06,6.39199151e-06,-7.13002792e-06,-1.16504579e-05,6.82263575e-04,6.81351658e-04,9.57791233e-04,2.74722744e-02,7.73508201e-04,0
0.916736,12.3617,-6.14064081e-06,-5.98562281e-06,1.12281730e-05,1.87834120e-05,-1.95371458e-06,8.92568084e-06,-1.10568923e-05,-1.65272135e-05,6.69368548e-04,6.72830892e-04,1.04594798e-03,3.44337398e-02,2.93683818e-03,0
0.916736,16.1489,-6.26677014e-06,-6.09894556e-06,1.58213855e-05,2.38870829e-05,-2.47819769e-06,1.11580735e-05,-1.56260928e-05,-2.11208457e-05,6.49416216e-04,6.61554665e-04,1.13235744e-03,3.67602038e-02,1.02961076e-02,0
0.916736,19.9362,-6.40513008e-06,-6.22574059e-06,2.03638881e-05,2.85034975e-05,-2.94832826e-06,1.30162096e-05,-2.01493251e-05,-2.53579900e-05,6.24468527e-04,6.47805654e-04,1.21038894e-03,3.70970650e-02,1.97950811e-02,0
0.916736,23.7234,-6.54458059e-06,-6.35531076e-06,2.46755481e-05,3.25539168e-05,-3.35778415e-06,1.44415337e-05,-2.44460214e-05,-2.91753252e-05,5.95306165e-04,6.31918477e-04,1.27705431e-03,3.59064349e-02,3.10553949e-02,0
0.916736,27.5106,-6.67291685e-06,-6.47571821e-06,2.86571895e-05,3.59798310e-05,-3.70095108e-06,1.53921297e-05,-2.84172038e-05,-3.25212328e-05,5.62584630e-04,6.14264813e-04,1.33055212e-03,3.33736540e-02,4.38363057e-02,0
0.916736,31.2979,-6.77740347e-06,-6.57429149e-06,3.22367233e-05,3.87448512e-05,-3.97411333e-06,1.58443045e-05,-3.19908229e-05,-3.53570574e-05,5.26986820e-04,5.95236830e-04,1.37045098e-03,2.96614288e-02,5.78912088e-02,0
0.916736,35.0851,-6.84554068e-06,-6.63816719e-06,3.53585571e-05,4.08356826e-05,-4.17658464e-06,1.57934599e-05,-3.51110196e-05,-3.76579288e-05,4.89169723e-04,5.75229608e-04,1.39920446e-03,2.49625348e-02,7.29979496e-02,0
0.916736,38.8723,-6.86479918e-06,-6.65484486e-06,3.79788177e-05,4.22621002e-05,-4.30909843e-06,1.52542161e-05,-3.77335695e-05,-3.94131197e-05,4.49838214e-04,5.54623341e-04,1.41661807e-03,1.95214783e-02,8.88811247e-02,0
0.916736,42.6596,-6.82413491e-06,-6.61273269e-06,4.00652584e-05,4.30558710e-05,-4.37548961e-06,1.42597852e-05,-3.98256201e-05,-4.06259345e-05,4.09648643e-04,5.33766070e-04,1.42638746e-03,1.36300092e-02,1.05279220e-01,0
0.916736,46.4468,-6.71372342e-06,-6.50166241e-06,4.15975655e-05,4.32685886e-05,-4.38124584e-06,1.28606171e-05,-4.13661956e-05,-4.13131369e-05,3.69250918e-04,5.12957727e-04,1.43083243e-03,7.61585085e-03,1.21895379e-01,0
0.916736,50.2340,-6.52569371e-06,-6.31335261e-06,4.25671175e-05,4.29684134e-05,-4.33388158e-06,1.11223731e-05,-4.23459202e-05,-4.15039440e-05,3.29219835e-04,4.92436188e-04,1.43272236e-03,1.82894525e-03,1.38443818e-01,0
0.916736,54.0213,-6.25398360e-06,-6.04180169e-06,4.29772115e-05,4.22357568e-05,-4.24191777e-06,9.12330445e-06,-4.27673572e-05,-4.12386284e-05,2.90099430e-04,4.72365969e-04,1.43164823e-03,3.37925215e-03,1.54602618e-01,0
0.916736,57.8085,-5.89513073e-06,-5.68359481e-06,4.28449229e-05,4.11580180e-05,-4.11527942e-06,6.95114115e-06,-4.26468275e-05,-4.05667855e-05,2.52357612e-04,4.52830105e-04,1.42728960e-03,7.68823376e-03,1.70045322e-01,0
0.916736,61.5957,-5.44823515e-06,-5.23811192e-06,4.21982813e-05,3.98236065e-05,-3.96455383e-06,4.69961195e-06,-4.20116325e-05,-3.95453320e-05,2.16341354e-04,4.33825602e-04,1.41775774e-03,1.08228127e-02,1.84475078e-01,0
0.916736,65.3830,-4.91447472e-06,-4.70762847e-06,4.10814598e-05,3.83156701e-05,-3.80044402e-06,2.46473200e-06,-4.09052926e-05,-3.82363136e-05,1.82345948e-04,4.15262737e-04,1.39564704e-03,1.26053566e-02,1.97565310e-01,0
0.916736,69.1702,-4.29707133e-06,-4.09730408e-06,3.95497971e-05,3.67061880e-05,-3.63356023e-06,3.41004415e-07,-3.93825302e-05,-3.67046039e-05,1.50491216e-04,3.96968296e-04,1.34788317e-03,1.29600263e-02,2.09067457e-01,0
0.916736,72.9574,-3.60309515e-06,-3.41505921e-06,3.76771660e-05,3.50513145e-05,-3.47491928e-06,-1.58231553e-06,-3.75165800e-05,-3.50155812e-05,1.20794155e-04,3.78692701e-04,1.26872892e-03,1.19675748e-02,2.18755403e-01,0
0.916736,76.7447,-2.83910817e-06,-2.67134403e-06,3.55551786e-05,3.33889560e-05,-3.33431823e-06,-3.22474693e-06,-3.53984894e-05,-3.32328661e-05,9.31049507e-05,3.60120806e-04,1.13194960e-03,9.87277123e-03,2.26488913e-01,0
0.916736,80.5319,-2.01243709e-06,-1.87880822e-06,3.33048350e-05,3.17393784e-05,-3.22259408e-06,-4.51776204e-06,-3.31485583e-05,-3.14162055e-05,6.68245944e-05,3.40885993e-04,9.01629829e-04,7.13472122e-03,2.32465103e-01,0
0.916736,84.3191,-1.13668994e-06,-1.05188383e-06,3.11101463e-05,3.01091364e-05,-3.14976669e-06,-5.40749274e-06,-3.09502855e-05,-2.96195733e-05,4.12889600e-05,3.20587047e-04,5.72209543e-04,4.56220020e-03,2.36906980e-01,0
0.916736,88.1064,-2.38487534e-07,-2.06297496e-07,2.91571596e-05,2.84978980e-05,-3.11746846e-06,-5.85685833e-06,-2.89900215e-05,-2.78895572e-05,1.64148432e-05,2.98807188e-04,2.17194812e-04,3.00464947e-03,2.39531600e-01,0
0.916736,91.8936,6.62965884e-07,6.41469684e-07,2.75432976e-05,2.69070593e-05,-3.12571275e-06,-5.84703120e-06,-2.73653643e-05,-2.62640832e-05,-8.04544834e-06,2.75134528e-04,1.45040621e-04,2.89971827e-03,2.40199687e-01,0
0.916736,95.6809,1.54910069e-06,1.47475355e-06,2.62961306e-05,2.53486282e-05,-3.17254769e-06,-5.37818283e-06,-2.61040500e-05,-2.47715179e-05,-3.23298020e-05,2.49183145e-04,5.01640076e-04,4.31833502e-03,2.38785675e-01,0
0.916736,99.4681,2.40158711e-06,2.27728769e-06,2.53720798e-05,2.38526578e-05,-3.25346346e-06,-4.46948085e-06,-2.51626193e-05,-2.34301734e-05,-5.71273453e-05,2.20613948e-04,8.38681494e-04,6.92491426e-03,2.35586473e-01,0
0.916736,103.2553,3.19533539e-06,3.03377113e-06,2.46381639e-05,2.24712825e-05,-3.35732888e-06,-3.15833702e-06,-2.44083482e-05,-2.22482234e-05,-8.39347936e-05,1.89154485e-04,1.09011737e-03,9.87577338e-03,2.31640528e-01,0
0.916736,107.0426,3.91675429e-06,3.73040095e-06,2.39727886e-05,2.12768885e-05,-3.47896615e-06,-1.49893584e-06,-2.37190090e-05,-2.12240236e-05,-1.12544820e-04,1.54616876e-04,1.25737594e-03,1.22868281e-02,2.26612617e-01,0
0.916736,110.8298,4.55808621e-06,4.35534920e-06,2.33016607e-05,2.03515661e-05,-3.61391169e-06,4.39898802e-07,-2.30197096e-05,-2.03468114e-05,-1.42578448e-04,1.16913123e-04,1.36792095e-03,1.34453441e-02,2.20106644e-01,0
0.916736,114.6170,5.11326030e-06,4.89916558e-06,2.25778828e-05,1.97665087e-05,-3.75517918e-06,2.57741525e-06,-2.22634099e-05,-1.95977498e-05,-1.73825982e-04,7.60671262e-05,1.44455445e-03,1.28131119e-02,2.11965010e-01,0
0.916736,118.4043,5.57606239e-06,5.35509028e-06,2.17673616e-05,1.95556254e-05,-3.89354985e-06,4.82411761e-06,-2.14163092e-05,-1.89512632e-05,-2.06115064e-04,3.22228615e-05,1.49095800e-03,1.00802035e-02,2.02163641e-01,0
0.916736,122.1915,5.94457933e-06,5.71926484e-06,2.08488669e-05,1.96952023e-05,-4.01990730e-06,7.08529644e-06,-2.04576538e-05,-1.83766038e-05,-2.39283501e-04,-1.43516938e-05,1.52025729e-03,5.25793933e-03,1.90792267e-01,0
0.916736,125.9787,6.21883014e-06,5.99083273e-06,1.98058225e-05,2.01019041e-05,-4.12454176e-06,9.26476819e-06,-1.93715968e-05,-1.78395801e-05,-2.73077470e-04,-6.32651316e-05,1.53835961e-03,1.34942064e-03,1.77967591e-01,0
0.916736,129.7660,6.40135507e-06,6.17192596e-06,1.86309687e-05,2.06500448e-05,-4.19779128e-06,1.12686766e-05,-1.81519019e-05,-1.73043716e-05,-3.07252774e-04,-1.14007770e-04,1.54801975e-03,9.20213653e-03,1.63914801e-01,0
0.916736,133.5532,6.49717010e-06,6.26753797e-06,1.73206201e-05,2.11969696e-05,-4.23030421e-06,1.30092072e-05,-1.67960831e-05,-1.67353532e-05,-3.41487372e-04,-1.65961302e-04,1.54938953e-03,1.76668413e-02,1.48885199e-01,0
0.916736,137.3404,6.51410911e-06,6.28528804e-06,1.58776114e-05,2.16047562e-05,-4.21400573e-06,1.44080687e-05,-1.53081906e-05,-1.60988523e-05,-3.75417767e-04,-2.18412684e-04,1.54391706e-03,2.61020216e-02,1.33175277e-01,0
0.916736,141.1277,6.46173143e-06,6.23508616e-06,1.43091515e-05,2.17537104e-05,-4.14173208e-06,1.53996053e-05,-1.36966372e-05,-1.53647672e-05,-4.08671418e-04,-2.70571831e-04,1.52923634e-03,3.39293045e-02,1.17139207e-01,0
0.916736,144.9149,6.35162764e-06,6.12871158e-06,1.26270308e-05,2.15489042e-05,-4.00806760e-06,1.59334177e-05,-1.19740260e-05,-1.45079796e-05,-4.40815794e-04,-3.21592553e-04,1.50407436e-03,4.06623098e-02,1.01127860e-01,0
0.916736,148.7021,6.19657412e-06,5.97932142e-06,1.08482579e-05,2.09225182e-05,-3.80920851e-06,1.59763884e-05,-1.01574914e-05,-1.35095071e-05,-4.71415514e-04,-3.70596039e-04,1.46586217e-03,4.59144253e-02,8.55173682e-02,0
0.916736,152.4894,6.01078555e-06,5.80090850e-06,8.99608932e-06,1.98340446e-05,-3.54424645e-06,1.55140346e-05,-8.26849080e-06,-1.23573482e-05,-4.99988187e-04,-4.16696075e-04,1.41609672e-03,4.93950397e-02,7.06502617e-02,0
0.916736,156.2766,5.80825012e-06,5.60772949e-06,7.10211697e-06,1.82694135e-05,-3.21361502e-06,1.45511323e-05,-6.33346224e-06,-1.10469913e-05,-5.26088746e-04,-4.59025138e-04,1.35296649e-03,5.08960447e-02,5.68848755e-02,0
0.916736,160.0638,5.60329436e-06,5.41372582e-06,5.21706529e-06,1.62394653e-05,-2.82064432e-06,1.31115892e-05,-4.38881942e-06,-9.58156880e-06,-5.49230430e-04,-4.96760445e-04,1.27906974e-03,5.02356647e-02,4.45062328e-02,0
0.916736,163.8511,5.40947514e-06,5.23195978e-06,3.43950135e-06,1.37778903e-05,-2.37044643e-06,1.12375696e-05,-2.49221854e-06,-7.97165536e-06,-5.68930395e-04,-5.29149040e-04,1.19774375e-03,4.71182175e-02,3.37434490e-02,0
0.916736,167.6383,5.23960131e-06,5.07408784e-06,2.02394209e-06,1.09386580e-05,-1.86868926e-06,8.98790620e-06,-7.77394371e-07,-6.23472373e-06,-5.84544613e-04,-5.55531020e-04,1.11676379e-03,4.06296884e-02,2.46099881e-02,0
0.916736,171.4255,5.10799237e-06,4.94989185e-06,1.31760952e-06,7.79294816e-06,-1.31179824e-06,6.43586019e-06,1.23613236e-07,-4.39428545e-06,-5.94029901e-04,-5.75360096e-04,1.06674659e-03,2.95119884e-02,1.58361520e-02,0
0.916736,175.2128,5.02774837e-06,4.86688630e-06,7.45807776e-07,4.42562138e-06,-7.38678952e-07,3.66631769e-06,1.02871978e-07,-2.47875761e-06,-6.01222203e-04,-5.88220717e-04,1.08537950e-03,1.67711100e-02,1.10281556e-02,0
0.916736,179.0000,4.99224124e-06,4.83001694e-06,1.56606509e-07,9.31298613e-07,-1.55015607e-07,7.72531275e-07,2.22656735e-08,-5.20108197e-07,-6.04700103e-04,-5.93841172e-04,1.09457088e-03,3.53073494e-03,9.21079172e-03,0
0.933904,1.0000,-7.80951053e-06,-7.58342965e-06,7.25803066e-07,1.43212985e-06,-2.27196323e-07,7.21649462e-07,-6.89327151e-07,-1.23701979e-06,7.06190397e-04,6.93730991e-04,1.52542829e-03,3.21915330e-03,1.05683513e-02,0
0.933904,4.7872,-7.85719522e-06,-7.63061265e-06,3.46074772e-06,6.81719043e-06,-1.07935563e-06,3.42315100e-06,-3.28812503e-06,-5.89543235e-06,7.01741023e-04,6.91145385e-04,1.52881338e-03,1.52973155e-02,8.98746108e-03,0
0.933904,8.5745,-7.97523845e-06,-7.73653749e-06,6.43332522e-06,1.20516072e-05,-1.92720925e-06,6.00203773e-06,-6.13787731e-06,-1.04506832e-05,6.93922264e-04,6.85236392e-04,1.61057936e-03,2.56058690e-02,7.36755442e-03,0
0.933904,12.3617,-8.15535697e-06,-7.89417810e-06,1.04058068e-05,1.70221108e-05,-2.71885273e-06,8.36632183e-06,-1.00443344e-05,-1.48242003e-05,6.79629846e-04,6.76145550e-04,1.76224389e-03,3.01544520e-02,2.95545848e-03,0
0.933904,16.1489,-8.37669768e-06,-8.09286982e-06,1.46378648e-05,2.16252444e-05,-3.44364213e-06,1.04323418e-05,-1.42270311e-05,-1.89424772e-05,6.59475742e-04,6.64087496e-04,1.91506270e-03,3.18456653e-02,3.91179498e-03,0
0.933904,19.9362,-8.62363048e-06,-8.31875107e-06,1.87505286e-05,2.57711915e-05,-4.09239259e-06,1.21280044e-05,-1.82984875e-05,-2.27390814e-05,6.34501775e-04,6.49340828e-04,2.05710316e-03,3.19973573e-02,1.25868218e-02,0
0.933904,23.7234,-8.87816307e-06,-8.55533845e-06,2.26205158e-05,2.93870720e-05,-4.65459400e-06,1.33955735e-05,-2.21364516e-05,-2.61564258e-05,6.05370365e-04,6.32236243e-04,2.17818427e-03,3.08392409e-02,2.27882476e-02,0
0.933904,27.5106,-9.12054269e-06,-8.78421270e-06,2.61702845e-05,3.24195689e-05,-5.12251924e-06,1.41938970e-05,-2.56640525e-05,-2.91472423e-05,5.72705402e-04,6.13142450e-04,2.26930860e-03,2.84817239e-02,3.42996229e-02,0
0.933904,31.2979,-9.33024482e-06,-8.98578827e-06,2.93392941e-05,3.48367657e-05,-5.49203929e-06,1.44999840e-05,-2.88206815e-05,-3.16757116e-05,5.37167654e-04,5.92450446e-04,2.32414066e-03,2.50552637e-02,4.68921199e-02,0
0.933904,35.0851,-9.48662980e-06,-9.14013604e-06,3.20804807e-05,3.66290918e-05,-5.76254853e-06,1.43098713e-05,-3.15586799e-05,-3.37182139e-05,4.99423265e-04,5.70556825e-04,2.33788630e-03,2.07307393e-02,6.03371015e-02,0
0.933904,38.8723,-9.57002680e-06,-9.22782647e-06,3.43562614e-05,3.78092892e-05,-5.93709977e-06,1.36387449e-05,-3.38393786e-05,-3.52636780e-05,4.60146005e-04,5.47846839e-04,2.30891736e-03,1.57375115e-02,7.43898391e-02,0
0.933904,42.6596,-9.56293683e-06,-9.23075983e-06,3.61400284e-05,3.84113295e-05,-6.02244830e-06,1.25203119e-05,-3.56346989e-05,-3.63135240e-05,4.19979268e-04,5.24677924e-04,2.24128723e-03,1.03516769e-02,8.88077780e-02,0
0.933904,46.4468,-9.45014883e-06,-9.13295032e-06,3.74145440e-05,3.84882207e-05,-6.02776368e-06,1.10054477e-05,-3.69257927e-05,-3.68812046e-05,3.79534286e-04,5.01364418e-04,2.14022336e-03,4.89338665e-03,1.03339085e-01,0
0.933904,50.2340,-9.21962293e-06,-8.92123303e-06,3.81741635e-05,3.81086630e-05,-5.96449089e-06,9.16017181e-06,-3.77053260e-05,-3.69913699e-05,3.39370581e-04,4.78164119e-04,2.01331662e-03,2.98524725e-04,1.17727832e-01,0
0.933904,54.0213,-8.86326968e-06,-8.58586527e-06,3.84235028e-05,3.73525449e-05,-5.84582669e-06,7.06303104e-06,-3.79762015e-05,-3.66786887e-05,3.00027324e-04,4.55267298e-04,1.87172190e-03,4.88099520e-03,1.31678072e-01,0
0.933904,57.8085,-8.37694608e-06,-8.12099836e-06,3.81782350e-05,3.63053481e-05,-5.68602205e-06,4.80199365e-06,-3.77524407e-05,-3.59863746e-05,2.61862412e-04,4.32788657e-04,1.72694787e-03,8.53586488e-03,1.44983523e-01,0
0.933904,61.5957,-7.75964831e-06,-7.52500059e-06,3.74660960e-05,3.50516794e-05,-5.49900741e-06,2.47097564e-06,-3.70603463e-05,-3.49644749e-05,2.25253992e-04,4.10762617e-04,1.58323103e-03,1.10039396e-02,1.57352629e-01,0
0.933904,65.3830,-7.01462643e-06,-6.80061828e-06,3.63250572e-05,3.36683953e-05,-5.29880724e-06,1.66135885e-07,-3.59365054e-05,-3.36679854e-05,1.90444607e-04,3.89142184e-04,1.44397039e-03,1.21079964e-02,1.68539798e-01,0
0.933904,69.1702,-6.14965616e-06,-5.95496785e-06,3.48069815e-05,3.22181192e-05,-5.09915521e-06,-2.01791493e-06,-3.44314475e-05,-3.21548632e-05,1.57522512e-04,3.67801502e-04,1.31361421e-03,1.17989929e-02,1.78363415e-01,0
0.933904,72.9574,-5.17386302e-06,-4.99935881e-06,3.29766209e-05,3.07442631e-05,-4.91185458e-06,-3.99184251e-06,-3.26087597e-05,-3.04840107e-05,1.26565555e-04,3.46542035e-04,1.17742668e-03,1.01741886e-02,1.86589046e-01,0
0.933904,76.7447,-4.10035424e-06,-3.94895373e-06,3.09135375e-05,2.92687647e-05,-4.74821640e-06,-5.67510835e-06,-3.05467059e-05,-2.87133024e-05,9.73836724e-05,3.25102201e-04,1.02153982e-03,7.49621273e-03,1.93156028e-01,0
0.933904,80.5319,-2.94326605e-06,-2.82227824e-06,2.87197166e-05,2.77934454e-05,-4.61844509e-06,-6.99914203e-06,-2.83459360e-05,-2.68977252e-05,6.96256798e-05,3.03170104e-04,8.16337158e-04,4.22157144e-03,1.98097685e-01,0
0.933904,84.3191,-1.71701331e-06,-1.64059946e-06,2.65432625e-05,2.63051579e-05,-4.53329884e-06,-7.91004224e-06,-2.61532787e-05,-2.50876975e-05,4.25552810e-05,2.80398893e-04,5.15584786e-04,1.08518481e-03,2.01744354e-01,0
0.933904,88.1064,-4.56427403e-07,-4.27196704e-07,2.45750922e-05,2.47839987e-05,-4.49561637e-06,-8.37070033e-06,-2.41603930e-05,-2.33276225e-05,1.58779472e-05,2.56424184e-04,1.97227360e-04,9.52112039e-04,2.04036781e-01,0
0.933904,91.8936,8.11918148e-07,7.93447324e-07,2.29348599e-05,2.32132392e-05,-4.50408129e-06,-8.36226318e-06,-2.24882425e-05,-2.16547230e-05,-1.05084409e-05,2.30882845e-04,1.24627603e-04,1.26874069e-03,2.04753571e-01,0
0.933904,95.6809,2.06257541e-06,1.99650391e-06,2.16500533e-05,2.15895502e-05,-4.55641721e-06,-7.88487804e-06,-2.11651570e-05,-2.00981933e-05,-3.68255666e-05,2.03432429e-04,4.45802125e-04,2.75749114e-04,2.03792288e-01,0
0.933904,99.4681,3.26981053e-06,3.15767092e-06,2.06540473e-05,1.99324581e-05,-4.64768109e-06,-6.95768992e-06,-2.01243318e-05,-1.86786894e-05,-6.37591655e-05,1.73770459e-04,7.56636046e-04,3.28871315e-03,2.01478022e-01,0
0.933904,103.2553,4.40028154e-06,4.25402696e-06,1.98186364e-05,1.82922728e-05,-4.76793161e-06,-5.61809172e-06,-1.92365584e-05,-1.74081673e-05,-9.24804723e-05,1.41652802e-04,9.86818801e-04,6.95655143e-03,1.98597161e-01,0
0.933904,107.0426,5.43833210e-06,5.26483406e-06,1.90550254e-05,1.67551375e-05,-4.91451798e-06,-3.92025639e-06,-1.84103641e-05,-1.62900651e-05,-1.22465693e-04,1.06910361e-04,1.17063774e-03,1.04819638e-02,1.94561978e-01,0
0.933904,110.8298,6.37001865e-06,6.17225762e-06,1.83126307e-05,1.54412781e-05,-5.08108934e-06,-1.93300856e-06,-1.75936060e-05,-1.53198090e-05,-1.53501964e-04,6.94633844e-05,1.33434673e-03,1.30864696e-02,1.89124272e-01,0
0.933904,114.6170,7.18276252e-06,6.96197594e-06,1.75594205e-05,1.44880005e-05,-5.25862731e-06,2.62880769e-07,-1.67535097e-05,-1.44856153e-05,-1.85533822e-04,2.93327821e-05,1.48970625e-03,1.39982967e-02,1.82254734e-01,0
0.933904,118.4043,7.86820529e-06,7.62365562e-06,1.67728477e-05,1.40087757e-05,-5.43679370e-06,2.57787073e-06,-1.58672522e-05,-1.37695453e-05,-2.18382717e-04,-1.33520721e-05,1.65004219e-03,1.25975283e-02,1.73911650e-01,0
0.933904,122.1915,8.41948258e-06,8.15127446e-06,1.59366376e-05,1.40381114e-05,-5.60297868e-06,4.91717347e-06,-1.49192174e-05,-1.31487633e-05,-2.51950021e-04,-5.83494356e-05,1.80967206e-03,8.65271867e-03,1.64216414e-01,0
0.933904,125.9787,8.83461692e-06,8.54327946e-06,1.50413775e-05,1.45017150e-05,-5.74408969e-06,7.18448558e-06,-1.39013838e-05,-1.25969404e-05,-2.86050767e-04,-1.05305424e-04,1.96573196e-03,2.45956431e-03,1.53312305e-01,0
0.933904,129.7660,9.11588852e-06,8.80257384e-06,1.40804293e-05,1.52410918e-05,-5.84684087e-06,9.28578153e-06,-1.28090960e-05,-1.20857412e-05,-3.20413920e-04,-1.53758455e-04,2.11401816e-03,5.28983273e-03,1.41360950e-01,0
0.933904,133.5532,9.26871780e-06,8.93633386e-06,1.30511333e-05,1.60682040e-05,-5.89758595e-06,1.11330206e-05,-1.16426183e-05,-1.15863296e-05,-3.54827708e-04,-2.03147840e-04,2.24268352e-03,1.37505946e-02,1.28658309e-01,0
0.933904,137.3404,9.30275360e-06,8.95566267e-06,1.19538946e-05,1.68084980e-05,-5.88342407e-06,1.26476216e-05,-1.04058117e-05,-1.10708298e-05,-3.88922974e-04,-2.52826276e-04,2.34191554e-03,2.21253293e-02,1.15440311e-01,0
0.933904,141.1277,9.23146835e-06,8.87509476e-06,1.07917768e-05,1.73197385e-05,-5.79317105e-06,1.37635697e-05,-9.10503238e-06,-1.05136811e-05,-4.22334198e-04,-3.02075863e-04,2.40454814e-03,2.97518234e-02,1.02005851e-01,0
0.933904,144.9149,9.07153532e-06,8.71197075e-06,9.57236507e-06,1.74955418e-05,-5.61779030e-06,1.44300329e-05,-7.75052289e-06,-9.89283251e-06,-4.54654132e-04,-3.50127124e-04,2.42607852e-03,3.61106521e-02,8.86621823e-02,0
0.933904,148.7021,8.84191794e-06,8.48570679e-06,8.30681493e-06,1.72632708e-05,-5.35049995e-06,1.46133854e-05,-6.35415805e-06,-9.19072838e-06,-4.85445732e-04,-3.96180386e-04,2.40345212e-03,4.08199228e-02,7.57168944e-02,0
0.933904,152.4894,8.56366660e-06,8.21698742e-06,7.01412762e-06,1.65808814e-05,-4.98811146e-06,1.42985592e-05,-4.93119968e-06,-8.39504813e-06,-5.14241083e-04,-4.39428780e-04,2.33913737e-03,4.36014149e-02,6.34574942e-02,0
0.933904,156.2766,8.25873855e-06,7.92691353e-06,5.72480374e-06,1.54340138e-05,-4.53101908e-06,1.34896700e-05,-3.49903472e-06,-7.49917236e-06,-5.40572992e-04,-4.79082076e-04,2.23891233e-03,4.42506735e-02,5.21579912e-02,0
0.933904,160.0638,7.94897755e-06,7.63613867e-06,4.49416809e-06,1.38333722e-05,-3.98301010e-06,1.22098931e-05,-2.08162853e-06,-6.50236094e-06,-5.63960686e-04,-5.14390488e-04,2.11080774e-03,4.25643353e-02,4.20465677e-02,0
0.933904,163.8511,7.65525470e-06,7.36402774e-06,3.42650973e-06,1.18121412e-05,-3.35140673e-06,1.05005937e-05,-7.13471685e-07,-5.40964070e-06,-5.83945051e-04,-5.44667628e-04,1.96498637e-03,3.82183347e-02,3.33160028e-02,0
0.933904,167.6383,7.39686500e-06,7.12787091e-06,2.69892884e-06,9.42321455e-06,-2.64619338e-06,8.41974578e-06,5.30921380e-07,-4.23141272e-06,-5.99997844e-04,-5.69311772e-04,1.81497527e-03,3.06465890e-02,2.60286239e-02,0
0.933904,171.4255,7.19172762e-06,6.94218357e-06,2.29290436e-06,6.73610421e-06,-1.87578998e-06,6.03970144e-06,1.31864412e-06,-2.98280177e-06,-6.11156224e-04,-5.87824678e-04,1.68374062e-03,2.02503174e-02,1.97903474e-02,0
0.933904,175.2128,7.06177833e-06,6.81811981e-06,1.39848014e-06,3.83348715e-06,-1.04984609e-06,3.44439720e-06,9.23888455e-07,-1.68278093e-06,-6.16836444e-04,-5.99827285e-04,1.64402932e-03,1.10977823e-02,1.44275546e-02,0
0.933904,179.0000,7.00589285e-06,6.76302228e-06,2.94350608e-07,8.07416677e-07,-2.20989540e-07,7.26107375e-07,1.94437402e-07,-3.53114388e-07,-6.20372372e-04,-6.05071712e-04,1.63871284e-03,2.33834873e-03,1.29783673e-02,0
0.951072,1.0000,-1.19554126e-05,-1.14354080e-05,6.32273457e-07,1.20036556e-06,-3.91670762e-07,5.88761631e-07,-4.96350419e-07,-1.04605794e-06,6.88063959e-04,6.62888841e-04,3.50860992e-03,2.58913524e-03,2.13541071e-02,0
0.951072,4.7872,-1.20827162e-05,-1.15488952e-05,3.09304331e-06,5.71199522e-06,-1.87601608e-06,2.78815986e-06,-2.45916258e-06,-4.98528374e-06,6.84712132e-04,6.60420395e-04,3.60183366e-03,1.19361292e-02,2.06048035e-02,0
0.951072,8.5745,-1.23823433e-05,-1.18046175e-05,6.25187316e-06,1.00898628e-05,-3.32018462e-06,4.86952831e-06,-5.29738540e-06,-8.83702585e-06,6.77043975e-04,6.54770930e-04,3.89807089e-03,1.74920128e-02,1.88925034e-02,0
0.951072,12.3617,-1.28199548e-05,-1.21878777e-05,1.00121178e-05,1.42338228e-05,-4.66622445e-06,6.74440976e-06,-8.85826458e-06,-1.25345382e-05,6.62803210e-04,6.46056491e-04,4.26479397e-03,1.92408329e-02,1.42049480e-02,0
0.951072,16.1489,-1.33675403e-05,-1.26763565e-05,1.37655900e-05,1.80531660e-05,-5.89780455e-06,8.33251234e-06,-1.24381417e-05,-1.60151816e-05,6.43491906e-04,6.34453303e-04,4.66360277e-03,1.95410467e-02,7.66674819e-03,0
0.951072,19.9362,-1.39900256e-05,-1.32410220e-05,1.73420396e-05,2.14703208e-05,-6.98938366e-06,9.56488790e-06,-1.58711957e-05,-1.92220602e-05,6.19729867e-04,6.20190598e-04,5.05372803e-03,1.88150453e-02,3.90802092e-04,0
0.951072,23.7234,-1.46462994e-05,-1.38473150e-05,2.06582596e-05,2.44240590e-05,-7.92154288e-06,1.03866653e-05,-1.90791207e-05,-2.21054708e-05,5.92075074e-04,6.03541295e-04,5.39096180e-03,1.71629984e-02,9.72590860e-03,0
0.951072,27.5106,-1.52907975e-05,-1.44565623e-05,2.36547590e-05,2.68720756e-05,-8.68182750e-06,1.07592310e-05,-2.20039428e-05,-2.46241222e-05,5.61124275e-04,5.84810926e-04,5.62880908e-03,1.46632344e-02,2.00915552e-02,0
0.951072,31.2979,-1.58755972e-05,-1.50275635e-05,2.62857694e-05,2.87928178e-05,-9.26552338e-06,1.06617721e-05,-2.45986127e-05,-2.67460833e-05,5.27509185e-04,5.64325269e-04,5.72191068e-03,1.14261181e-02,3.12282392e-02,0
0.951072,35.0851,-1.63534427e-05,-1.55182880e-05,2.85160355e-05,3.01864416e-05,-9.67664820e-06,1.00921200e-05,-2.68239959e-05,-2.84494353e-05,4.91878203e-04,5.42417208e-04,5.63501302e-03,7.61303912e-03,4.28683321e-02,0
0.951072,38.8723,-1.66801425e-05,-1.58876151e-05,3.03198213e-05,3.10747716e-05,-9.92702501e-06,9.06686268e-06,-2.86486603e-05,-2.97226081e-05,4.54858042e-04,5.19413372e-04,5.34739496e-03,3.44075971e-03,5.47572971e-02,0
0.951072,42.6596,-1.68173540e-05,-1.60970492e-05,3.16809737e-05,3.15001215e-05,-1.00354167e-05,7.62072027e-06,-3.00495342e-05,-3.05643955e-05,4.17040436e-04,4.95621126e-04,4.86008974e-03,8.24251873e-04,6.66539263e-02,0
0.951072,46.4468,-1.67341887e-05,-1.61123410e-05,3.25919796e-05,3.15228055e-05,-1.00251941e-05,5.80520868e-06,-3.10118142e-05,-3.09836541e-05,3.78952725e-04,4.71316466e-04,4.19577346e-03,4.87286547e-03,7.83450232e-02,0
0.951072,50.2340,-1.64089583e-05,-1.59049521e-05,3.30542852e-05,3.12171548e-05,-9.92275808e-06,3.68664324e-06,-3.15297422e-05,-3.09987002e-05,3.41079974e-04,4.46733331e-04,3.40066502e-03,8.37290148e-03,8.96175765e-02,0
0.951072,54.0213,-1.58290074e-05,-1.54533040e-05,3.30772858e-05,3.06658801e-05,-9.75469692e-06,1.34356075e-06,-3.16062133e-05,-3.06364334e-05,3.03789458e-04,4.22054810e-04,2.53497190e-03,1.09902167e-02,1.00315357e-01,0
0.951072,57.8085,-1.49914775e-05,-1.47437614e-05,3.26796019e-05,2.99527815e-05,-9.54665996e-06,-1.13633925e-06,-3.12540824e-05,-2.99312187e-05,2.67390573e-04,3.97406632e-04,1.67140674e-03,1.24277507e-02,1.10282574e-01,0
0.951072,61.5957,-1.39018774e-05,-1.37713121e-05,3.18880529e-05,2.91541740e-05,-9.32117849e-06,-3.65961414e-06,-3.04953038e-05,-2.89235731e-05,2.32086560e-04,3.72853232e-04,8.80958442e-04,1.24599205e-02,1.19401488e-01,0
0.951072,65.3830,-1.25738300e-05,-1.25399141e-05,3.07387698e-05,2.83300146e-05,-9.09729290e-06,-6.13072489e-06,-2.93617307e-05,-2.76587046e-05,1.97997553e-04,3.48396601e-04,2.28839646e-04,1.09781371e-02,1.27571888e-01,0
0.951072,69.1702,-1.10265111e-05,-1.10624968e-05,2.92773006e-05,2.75163940e-05,-8.88936882e-06,-8.45576682e-06,-2.78951511e-05,-2.61849565e-05,1.65219049e-04,3.23977989e-04,2.42804811e-04,8.02550408e-03,1.34662938e-01,0
0.951072,72.9574,-9.28446059e-06,-9.36061559e-06,2.75594851e-05,2.67213822e-05,-8.70801214e-06,-1.05461383e-05,-2.61475762e-05,-2.45522144e-05,1.33710726e-04,2.99482449e-04,5.13838152e-04,3.81973592e-03,1.40611340e-01,0
0.951072,76.7447,-7.37648477e-06,-7.46377150e-06,2.56535057e-05,2.59257202e-05,-8.56030949e-06,-1.23220037e-05,-2.41831234e-05,-2.28103309e-05,1.03346684e-04,2.74746049e-04,5.88946961e-04,1.24064440e-03,1.45384835e-01,0
0.951072,80.5319,-5.33397477e-06,-5.40842248e-06,2.36434818e-05,2.50884987e-05,-8.45045069e-06,-1.37154147e-05,-2.20817598e-05,-2.10076216e-05,7.39465932e-05,2.49565516e-04,5.02318594e-04,6.58580558e-03,1.48963959e-01,0
0.951072,84.3191,-3.18620807e-06,-3.23672415e-06,2.16371090e-05,2.41564127e-05,-8.38193872e-06,-1.46729676e-05,-1.99476211e-05,-1.91894840e-05,4.49717161e-05,2.23709925e-04,3.40845528e-04,1.14819730e-02,1.51609808e-01,0
0.951072,88.1064,-9.79230359e-07,-9.95048550e-07,1.97931075e-05,2.30743078e-05,-8.35487979e-06,-1.51578932e-05,-1.79433299e-05,-1.73971824e-05,1.59410325e-05,1.96934003e-04,1.06729577e-04,1.49543909e-02,1.53522348e-01,0
0.951072,91.8936,1.24238217e-06,1.26766201e-06,1.82432365e-05,2.17948984e-05,-8.36274845e-06,-1.51514962e-05,-1.62135781e-05,-1.56668363e-05,-1.30327007e-05,1.68992518e-04,1.70569858e-04,1.61870464e-02,1.54397925e-01,0
0.951072,95.6809,3.44241251e-06,3.50164211e-06,1.70082756e-05,2.02864302e-05,-8.40296295e-06,-1.46538881e-05,-1.47875506e-05,-1.40286427e-05,-4.19694542e-05,1.39655183e-04,3.99638021e-04,1.49405100e-02,1.54058142e-01,0
0.951072,99.4681,5.57676584e-06,5.65808375e-06,1.60045788e-05,1.85380745e-05,-8.47392486e-06,-1.36839857e-05,-1.35771550e-05,-1.25063480e-05,-7.14455178e-05,1.08721464e-04,5.48673717e-04,1.15466541e-02,1.52821726e-01,0
0.951072,103.2553,7.59982638e-06,7.69088114e-06,1.51474320e-05,1.65636829e-05,-8.57509187e-06,-1.22787737e-05,-1.24864926e-05,-1.11169829e-05,-1.01826955e-04,7.60347101e-05,6.14370857e-04,6.45470166e-03,1.50866304e-01,0
0.951072,107.0426,9.48169696e-06,9.55827219e-06,1.43976400e-05,1.44053098e-05,-8.70938944e-06,-1.04918617e-05,-1.14646662e-05,-9.87085547e-06,-1.32789456e-04,4.14949889e-05,5.16673587e-04,3.49558224e-05,1.47832025e-01,0
0.951072,110.8298,1.11910877e-05,1.12243129e-05,1.37352391e-05,1.21391853e-05,-8.87485431e-06,-8.39139077e-06,-1.04830222e-05,-8.77179462e-06,-1.64196662e-04,5.07010564e-06,2.24179739e-04,7.27417100e-03,1.43575917e-01,0
0.951072,114.6170,1.26996052e-05,1.26601279e-05,1.31495861e-05,9.88974049e-06,-9.06589086e-06,-6.05737287e-06,-9.52476963e-06,-7.81762118e-06,-1.96025555e-04,-3.31956881e-05,2.66364347e-04,1.48570646e-02,1.38115992e-01,0
0.951072,118.4043,1.39833158e-05,1.38448876e-05,1.26336616e-05,7.86241777e-06,-9.27310955e-06,-3.57856624e-06,-8.58014247e-06,-7.00081973e-06,-2.28262498e-04,-7.31756898e-05,9.34011704e-04,2.17454099e-02,1.31548153e-01,0
0.951072,122.1915,1.50238159e-05,1.47664766e-05,1.21798416e-05,6.39598545e-06,-9.48289860e-06,-1.04900985e-06,-7.64350548e-06,-6.30937463e-06,-2.60823821e-04,-1.14657746e-04,1.73633774e-03,2.63604895e-02,1.23981384e-01,0
0.951072,125.9787,1.58083540e-05,1.54218243e-05,1.17770961e-05,5.90491043e-06,-9.67687029e-06,1.43564764e-06,-6.71253851e-06,-5.72772931e-06,-2.93646297e-04,-1.57344440e-04,2.60801957e-03,2.67630597e-02,1.15614330e-01,0
0.951072,129.7660,1.63324036e-05,1.58168889e-05,1.14098578e-05,6.46045054e-06,-9.83301455e-06,3.78188059e-06,-5.78763169e-06,-5.23782401e-06,-3.26622172e-04,-2.00856544e-04,3.47831551e-03,2.25574072e-02,1.06677262e-01,0
0.951072,133.5532,1.65997652e-05,1.59662931e-05,1.10566789e-05,7.62015894e-06,-9.92605812e-06,5.90193449e-06,-4.87067954e-06,-4.82016510e-06,-3.59565802e-04,-2.44739658e-04,4.27420634e-03,1.56622756e-02,9.73981434e-02,0
0.951072,137.3404,1.66242309e-05,1.58926272e-05,1.06923375e-05,8.91077121e-06,-9.92973324e-06,7.71724654e-06,-3.96566245e-06,-4.45487928e-06,-3.92255016e-04,-2.88473884e-04,4.93632584e-03,8.11966235e-03,8.80295135e-02,0
0.951072,141.1277,1.64285870e-05,1.56254485e-05,1.02887237e-05,1.00463871e-05,-9.81775318e-06,9.16150491e-06,-3.07726483e-06,-4.12270811e-06,-4.24363709e-04,-3.31486212e-04,5.41899104e-03,1.10447281e-03,7.87808023e-02,0
0.951072,144.9149,1.60448662e-05,1.52000137e-05,9.81906965e-06,1.08712001e-05,-9.56683872e-06,1.01832266e-05,-2.21127243e-06,-3.80590172e-06,-4.55530234e-04,-3.73165235e-04,5.70044648e-03,4.79518724e-03,6.98638635e-02,0
0.951072,148.7021,1.55124628e-05,1.46557978e-05,9.26072528e-06,1.12998740e-05,-9.15823743e-06,1.07477531e-05,-1.37394315e-06,-3.48897647e-06,-4.85333665e-04,-4.12877680e-04,5.78014806e-03,9.29361968e-03,6.14588121e-02,0
0.951072,152.4894,1.48765642e-05,1.40348550e-05,8.59908610e-06,1.12896488e-05,-8.58001076e-06,1.08385859e-05,-5.72448349e-07,-3.15930759e-06,-5.13314965e-04,-4.49986209e-04,5.67923737e-03,1.22625022e-02,5.37168896e-02,0
0.951072,156.2766,1.41854645e-05,1.33800874e-05,7.83017853e-06,1.08283063e-05,-7.82798301e-06,1.04580093e-05,1.85412727e-07,-2.80753619e-06,-5.38986041e-04,-4.83867849e-04,5.43409524e-03,1.36642602e-02,4.67525023e-02,0
0.951072,160.0638,1.34879832e-05,1.27334897e-05,6.96377716e-06,9.92838228e-06,-6.90661357e-06,9.62697597e-06,8.90438880e-07,-2.42777847e-06,-5.61864471e-04,-5.13932415e-04,5.09077000e-03,1.35114774e-02,4.06570587e-02,0
0.951072,163.8511,1.28305945e-05,1.21344384e-05,6.02513050e-06,8.62361169e-06,-5.82805439e-06,8.38426095e-06,1.52839116e-06,-2.01763402e-06,-5.81486647e-04,-5.39640260e-04,4.69715200e-03,1.18428319e-02,3.54950552e-02,0
0.951072,167.6383,1.22552858e-05,1.16180930e-05,5.05463264e-06,6.96600062e-06,-4.61135238e-06,6.78491583e-06,2.06996144e-06,-1.57799929e-06,-5.97406868e-04,-5.60518734e-04,4.29931041e-03,8.71124627e-03,3.12893527e-02,0
0.951072,171.4255,1.17983835e-05,1.12139716e-05,4.06758580e-06,5.02288161e-06,-3.28159285e-06,4.89808496e-06,2.40341478e-06,-1.11270094e-06,-6.09092964e-04,-5.76176739e-04,3.94318385e-03,4.35385396e-03,2.79202899e-02,0
0.951072,175.2128,1.14927434e-05,1.09447576e-05,2.64644443e-06,2.87372091e-06,-1.85417290e-06,2.80426874e-06,1.88830903e-06,-6.27971882e-07,-6.15057056e-04,-5.86316877e-04,3.69740715e-03,1.03583474e-03,2.43780725e-02,0
0.951072,179.0000,1.13634334e-05,1.08253836e-05,5.69000093e-07,6.06632384e-07,-3.87030276e-07,5.92141623e-07,4.17095518e-07,-1.31799650e-07,-6.17641411e-04,-5.90744735e-04,3.63036660e-03,1.71512842e-04,2.28143714e-02,0
0.961952,1.0000,-1.68263025e-05,-1.40563103e-05,7.32849558e-07,4.51399128e-07,-7.19580231e-07,-4.09430267e-07,-1.38826386e-07,-1.90073745e-07,5.38967036e-04,4.82603121e-04,1.86898800e-02,1.28273783e-03,4.78091530e-02,0
0.961952,4.7872,-1.72320914e-05,-1.44166093e-05,3.44429179e-06,2.13394432e-06,-3.37990838e-06,-1.93543655e-06,-6.62846316e-07,-8.98779029e-07,5.37958057e-04,4.81628967e-04,1.89968123e-02,5.97203657e-03,4.77796136e-02,0
0.961952,8.5745,-1.80945833e-05,-1.52306803e-05,5.99609898e-06,3.71154704e-06,-5.88403255e-06,-3.36592857e-06,-1.15384745e-06,-1.56400329e-06,5.33900422e-04,4.79379269e-04,1.93235214e-02,1.04120686e-02,4.62460799e-02,0
0.961952,12.3617,-1.93972862e-05,-1.64569970e-05,8.38962327e-06,5.10552215e-06,-8.24588964e-06,-4.62958972e-06,-1.54631262e-06,-2.15249981e-06,5.27055421e-04,4.75852706e-04,1.98389190e-02,1.49676117e-02,4.34313053e-02,0
0.961952,16.1489,-2.10974666e-05,-1.80324756e-05,1.05737138e-05,6.24438525e-06,-1.04151823e-05,-5.66214847e-06,-1.82411678e-06,-2.63294926e-06,5.17737028e-04,4.71047145e-04,2.06803157e-02,1.97313380e-02,3.96034189e-02,0
0.961952,19.9362,-2.30931691e-05,-1.98750167e-05,1.24662122e-05,7.06666050e-06,-1.23069635e-05,-6.40911001e-06,-1.98622658e-06,-2.97674311e-06,5.06030800e-04,4.64959577e-04,2.17137367e-02,2.46089841e-02,3.48375439e-02,0
0.961952,23.7234,-2.51821879e-05,-2.18868181e-05,1.38540287e-05,7.52331107e-06,-1.37016188e-05,-6.82809263e-06,-2.04933011e-06,-3.15869602e-06,4.91987375e-04,4.57586053e-04,2.22347432e-02,2.88528641e-02,2.91799827e-02,0
0.961952,27.5106,-2.71145039e-05,-2.39583265e-05,1.46662623e-05,7.57972709e-06,-1.45286374e-05,-6.89067424e-06,-2.00448103e-06,-3.15766865e-06,4.75873579e-04,4.48921638e-04,2.12955747e-02,3.22975765e-02,2.28612487e-02,0
0.961952,31.2979,-2.88367014e-05,-2.59726738e-05,1.52303511e-05,7.21727867e-06,-1.51252240e-05,-6.58367348e-06,-1.78639164e-06,-2.95708554e-06,4.58512498e-04,4.38960421e-04,1.93243620e-02,3.65203605e-02,1.65845160e-02,0
0.961952,35.0851,-3.03418678e-05,-2.78104228e-05,1.57300086e-05,6.43464185e-06,-1.56698261e-05,-5.90981245e-06,-1.37467109e-06,-2.54533545e-06,4.40368079e-04,4.27695585e-04,1.70803381e-02,4.23645420e-02,1.07490976e-02,0
0.961952,38.8723,-3.15872713e-05,-2.93544351e-05,1.61761841e-05,5.24987260e-06,-1.61585295e-05,-4.88773287e-06,-7.55551220e-07,-1.91604533e-06,4.21755728e-04,4.15119588e-04,1.50655440e-02,4.97977322e-02,5.62892480e-03,0
0.961952,42.6596,-3.23379061e-05,-3.04946707e-05,1.63435902e-05,3.70854113e-06,-1.63431944e-05,-3.55136284e-06,1.13746222e-07,-1.06822249e-06,4.03384371e-04,4.01224463e-04,1.24368031e-02,5.75854707e-02,1.83208305e-03,0
0.961952,46.4468,-3.24300357e-05,-3.11327281e-05,1.63208057e-05,1.94866775e-06,-1.62761629e-05,-1.94865768e-06,1.20632526e-06,-6.26349428e-09,3.85423687e-04,3.86002269e-04,8.75328232e-03,6.55024228e-02,4.90766478e-04,0
0.961952,50.2340,-3.18478262e-05,-3.11859476e-05,1.63299500e-05,1.26789465e-06,-1.61412699e-05,-1.39763081e-07,2.47521170e-06,1.26016789e-06,3.67644446e-04,3.69445701e-04,4.46587249e-03,6.86467887e-02,1.52786528e-03,0
0.961952,54.0213,-3.06754352e-05,-3.05909151e-05,1.65305210e-05,3.26159056e-06,-1.60730523e-05,1.80532816e-06,3.86200891e-06,2.71638791e-06,3.49752909e-04,3.51548885e-04,5.70279948e-04,6.04744465e-02,1.52338746e-03,0
0.961952,57.8085,-2.88672190e-05,-2.93062266e-05,1.69214527e-05,5.77708252e-06,-1.60530529e-05,3.80953386e-06,5.35117294e-06,4.34305585e-06,3.31221056e-04,3.32308344e-04,2.96210234e-03,5.07915556e-02,9.22262125e-04,0
0.961952,61.5957,-2.63895536e-05,-2.73144059e-05,1.75414236e-05,8.42363465e-06,-1.61185230e-05,5.79174642e-06,6.92060380e-06,6.11664075e-06,3.11659144e-04,3.11724149e-04,6.24022654e-03,4.15552137e-02,5.51385916e-05,0
0.961952,65.3830,-2.32368163e-05,-2.46228964e-05,1.84300179e-05,1.10900804e-05,-1.63299165e-05,7.67008179e-06,8.54396785e-06,8.00997678e-06,2.90766391e-04,2.89801226e-04,9.35225404e-03,3.34524824e-02,8.18675319e-04,0
0.961952,69.1702,-1.95757819e-05,-2.12640884e-05,1.96465028e-05,1.36954210e-05,-1.67735231e-05,9.36518502e-06,1.02290761e-05,9.99289071e-06,2.68184009e-04,2.66550807e-04,1.13914565e-02,2.71226371e-02,1.38531911e-03,0
0.961952,72.9574,-1.55374909e-05,-1.72943782e-05,2.11193229e-05,1.61711175e-05,-1.74004704e-05,1.08034609e-05,1.19686854e-05,1.20328830e-05,2.43829700e-04,2.41991988e-04,1.18541895e-02,2.25519297e-02,1.55878898e-03,0
0.961952,76.7447,-1.11843087e-05,-1.27922953e-05,2.27449411e-05,1.84602711e-05,-1.81256287e-05,1.19201011e-05,1.37402304e-05,1.40958433e-05,2.17764838e-04,2.16153359e-04,1.08495163e-02,1.95278021e-02,1.36689297e-03,0
0.961952,80.5319,-6.58271926e-06,-7.85576793e-06,2.44418128e-05,2.05192443e-05,-1.88778210e-05,1.26617859e-05,1.55251438e-05,1.61467819e-05,1.90122757e-04,1.89074648e-04,8.58960064e-03,1.78774891e-02,8.89029436e-04,0
0.961952,84.3191,-1.79863403e-06,-2.59863409e-06,2.61535641e-05,2.23193995e-05,-1.95973250e-05,1.29889531e-05,1.73191734e-05,1.81505562e-05,1.61106843e-04,1.60808343e-04,5.39781485e-03,1.74745798e-02,2.53194147e-04,0
0.961952,88.1064,3.09681384e-06,2.85346780e-06,2.78525677e-05,2.38482577e-05,-2.02385760e-05,1.28775404e-05,1.91354532e-05,2.00725770e-05,1.30830646e-04,1.31421211e-04,1.64192092e-03,1.82500342e-02,5.00930635e-04,0
0.961952,91.8936,8.02800286e-06,8.36766885e-06,2.94962899e-05,2.51097010e-05,-2.07706623e-05,1.23201306e-05,2.09430348e-05,2.18794759e-05,9.94027841e-05,1.00995673e-04,2.29181751e-03,1.99923075e-02,1.35112447e-03,0
0.961952,95.6809,1.29390406e-05,1.38087228e-05,3.10583136e-05,2.61229196e-05,-2.11851596e-05,1.13264514e-05,2.27114037e-05,2.35397202e-05,6.73276097e-05,6.96309643e-05,5.86797871e-03,2.24935403e-02,1.95375768e-03,0
0.961952,99.4681,1.77528843e-05,1.90439534e-05,3.25263192e-05,2.69198579e-05,-2.14976431e-05,9.92320488e-06,2.44092766e-05,2.50241634e-05,3.49160597e-05,3.74440178e-05,8.71118920e-03,2.55519949e-02,2.14427154e-03,0
0.961952,103.2553,2.23954514e-05,2.39481047e-05,3.38563250e-05,2.75410285e-05,-2.17361535e-05,8.15323243e-06,2.59574724e-05,2.63065210e-05,2.23325340e-06,4.57002118e-06,1.04761681e-02,2.87825809e-02,1.98209950e-03,0
0.961952,107.0426,2.67971625e-05,2.84079035e-05,3.50278489e-05,2.80297989e-05,-2.19418643e-05,6.07404120e-06,2.73039336e-05,2.73637653e-05,-3.05958968e-05,-2.88374043e-05,1.08681017e-02,3.18942967e-02,1.49159323e-03,0
0.961952,110.8298,3.08862761e-05,3.23261596e-05,3.60383635e-05,2.84256419e-05,-2.21693550e-05,3.75574847e-06,2.84127321e-05,2.81764347e-05,-6.33836982e-05,-6.26064442e-05,9.71527993e-03,3.46957225e-02,6.59284472e-04,0
0.961952,114.6170,3.45940344e-05,3.56252414e-05,3.69011455e-05,2.87572918e-05,-2.24885037e-05,1.27852007e-06,2.92568238e-05,2.87288569e-05,-9.59560930e-05,-9.65477798e-05,6.95783018e-03,3.71164089e-02,5.01882220e-04,0
0.961952,118.4043,3.77820361e-05,3.82497950e-05,3.76033207e-05,2.90370906e-05,-2.29350624e-05,-1.27039975e-06,2.97992054e-05,2.90092867e-05,-1.28240201e-04,-1.30455745e-04,3.15609420e-03,3.90414304e-02,1.87927494e-03,0
0.961952,122.1915,4.02750103e-05,4.01685983e-05,3.80498795e-05,2.92577780e-05,-2.34122610e-05,-3.79995352e-06,2.99943222e-05,2.90099626e-05,-1.60403040e-04,-1.64109953e-04,7.17990192e-04,4.00708614e-02,3.14428778e-03,0
0.961952,125.9787,4.20691847e-05,4.13754823e-05,3.81994807e-05,2.93924791e-05,-2.38515451e-05,-6.21870540e-06,2.98379645e-05,2.87270871e-05,-1.92527295e-04,-1.97277391e-04,4.68059580e-03,4.01387701e-02,4.02913932e-03,0
0.961952,129.7660,4.31875096e-05,4.18892811e-05,3.80311353e-05,2.93978305e-05,-2.42107160e-05,-8.43831344e-06,2.93293110e-05,2.81607405e-05,-2.24762978e-04,-2.29714946e-04,8.75949565e-03,3.93471301e-02,4.20037196e-03,0
0.961952,133.5532,4.36641890e-05,4.17528162e-05,3.75641907e-05,2.92194258e-05,-2.45065110e-05,-1.03769048e-05,2.84692701e-05,2.73147340e-05,-2.57379706e-04,-2.61172341e-04,1.28965446e-02,3.80320811e-02,3.21699880e-03,0
0.961952,137.3404,4.34025595e-05,4.10309545e-05,3.67605261e-05,2.87983839e-05,-2.46065520e-05,-1.19622233e-05,2.73103255e-05,2.61964145e-05,-2.90405263e-04,-2.91395412e-04,1.60018550e-02,3.62882407e-02,8.39866592e-04,0
0.961952,141.1277,4.24039871e-05,3.98078181e-05,3.55393931e-05,2.80778974e-05,-2.43333743e-05,-1.31344267e-05,2.59024199e-05,2.48164292e-05,-3.23795846e-04,-3.20129678e-04,1.75170477e-02,3.40064952e-02,3.10972700e-03,0
0.961952,144.9149,4.08234712e-05,3.81832553e-05,3.38903266e-05,2.70089545e-05,-2.36404728e-05,-1.38484246e-05,2.42833746e-05,2.31884617e-05,-3.57117673e-04,-3.47124122e-04,1.78142445e-02,3.13625258e-02,8.47675668e-03,0
0.961952,148.7021,3.89424683e-05,3.62687117e-05,3.19370185e-05,2.55548108e-05,-2.27443964e-05,-1.40756652e-05,2.24202047e-05,2.13289475e-05,-3.89468924e-04,-3.72135090e-04,1.80405521e-02,2.90875350e-02,1.47029520e-02,0
0.961952,152.4894,3.68142632e-05,3.41826660e-05,2.96937473e-05,2.36940892e-05,-2.16483746e-05,-1.38053010e-05,2.03240376e-05,1.92567787e-05,-4.20283965e-04,-3.94930235e-04,1.77560916e-02,2.73440278e-02,2.15056089e-02,0
0.961952,156.2766,3.44508111e-05,3.20458066e-05,2.70503599e-05,2.14225597e-05,-2.01828196e-05,-1.30446856e-05,1.80104349e-05,1.69930056e-05,-4.48837519e-04,-4.15292408e-04,1.62272104e-02,2.56492493e-02,2.84537247e-02,0
0.961952,160.0638,3.19399965e-05,2.99761420e-05,2.37374852e-05,1.87537304e-05,-1.80103389e-05,-1.18191819e-05,1.54627260e-05,1.45605406e-05,-4.74031500e-04,-4.33023379e-04,1.32506531e-02,2.27139494e-02,3.47840193e-02,0
0.961952,163.8511,2.95471899e-05,2.80842352e-05,1.98282106e-05,1.57184029e-05,-1.52138291e-05,-1.01712868e-05,1.27160268e-05,1.19838690e-05,-4.95402472e-04,-4.47947333e-04,9.87094750e-03,1.87308498e-02,4.02525270e-02,0
0.961952,167.6383,2.74880077e-05,2.64687502e-05,1.55355979e-05,1.23633433e-05,-1.20301342e-05,-8.15910436e-06,9.83009026e-06,9.28877133e-06,-5.12760448e-04,-4.59914012e-04,6.87720376e-03,1.44578606e-02,4.48255468e-02,0
0.961952,171.4255,2.58628710e-05,2.52124841e-05,1.09760923e-05,8.74921072e-06,-8.56942992e-06,-5.85422512e-06,6.85853293e-06,6.50205632e-06,-5.25840240e-04,-4.68801456e-04,4.38833448e-03,1.01492305e-02,4.83815918e-02,0
0.961952,175.2128,2.47559496e-05,2.43790438e-05,6.23300967e-06,4.94788510e-06,-4.90372213e-06,-3.33909113e-06,3.84758609e-06,3.65130626e-06,-5.33969134e-04,-4.74518242e-04,2.54308431e-03,5.85708074e-03,5.04275971e-02,0
0.961952,179.0000,2.42613054e-05,2.40102934e-05,1.31467209e-06,1.03932905e-06,-1.04000656e-06,-7.03947363e-07,8.04207103e-07,7.64632579e-07,-5.36706958e-04,-4.77005188e-04,1.69364523e-03,1.25490282e-03,5.06403973e-02,0
0.962918,1.0000,-1.68849784e-05,-1.56616558e-05,5.21717652e-07,4.49972590e-07,-5.13637698e-07,-4.29291380e-07,-9.14637807e-08,-1.34848965e-07,6.47168093e-04,5.76391101e-04,8.25408569e-03,3.26985127e-04,6.00346522e-02,0
0.962918,4.7872,-1.70175125e-05,-1.57750857e-05,2.46744733e-06,2.11827360e-06,-2.42961354e-06,-2.02100972e-06,-4.30435065e-07,-6.34509859e-07,6.45573160e-04,5.75250501e-04,8.38298620e-03,1.59139339e-03,5.96492763e-02,0
0.962918,8.5745,-1.73606281e-05,-1.60292665e-05,4.35290858e-06,3.64734929e-06,-4.29307836e-06,-3.48032099e-06,-7.19229665e-07,-1.09111074e-06,6.40592489e-04,5.72614915e-04,8.98305356e-03,3.21565537e-03,5.76601214e-02,0
0.962918,12.3617,-1.78876227e-05,-1.64062180e-05,6.09942062e-06,4.93309023e-06,-6.03270866e-06,-4.70842396e-06,-8.99643331e-07,-1.47177544e-06,6.32287166e-04,5.68479288e-04,9.99543431e-03,5.31566471e-03,5.41232910e-02,0
0.962918,16.1489,-1.85364354e-05,-1.68786518e-05,7.61289841e-06,5.88140987e-06,-7.55125397e-06,-5.61638703e-06,-9.66843166e-07,-1.74561702e-06,6.20843939e-04,5.62835790e-04,1.11855098e-02,7.89142817e-03,4.92038297e-02,0
0.962918,19.9362,-1.91362103e-05,-1.74111039e-05,8.69821260e-06,6.41216524e-06,-8.64664400e-06,-6.12897672e-06,-9.45753652e-07,-1.88454437e-06,6.05984076e-04,5.55673942e-04,1.16397550e-02,1.04188842e-02,4.26741982e-02,0
0.962918,23.7234,-1.95493425e-05,-1.79614111e-05,9.40169525e-06,6.46258501e-06,-9.36704662e-06,-6.18793451e-06,-8.06418735e-07,-1.86399346e-06,5.88192299e-04,5.46980816e-04,1.07141985e-02,1.33952820e-02,3.49565152e-02,0
0.962918,27.5106,-1.97886592e-05,-1.84824712e-05,9.99696254e-06,5.99020147e-06,-9.98475641e-06,-5.75456944e-06,-4.93861808e-07,-1.66356372e-06,5.68743856e-04,5.36741301e-04,8.81320073e-03,1.82612050e-02,2.71452935e-02,0
0.962918,31.2979,-1.98797508e-05,-1.89242182e-05,1.05724501e-05,4.97571964e-06,-1.05724478e-05,-4.81156104e-06,7.04457614e-09,-1.26754339e-06,5.48326122e-04,5.24938477e-04,6.44723471e-03,2.55076458e-02,1.98379317e-02,0
0.962918,35.0851,-1.98516052e-05,-1.92357335e-05,1.11928807e-05,3.42905983e-06,-1.11712923e-05,-3.36389848e-06,6.94842655e-07,-6.65310711e-07,5.27147451e-04,5.11554095e-04,4.15545106e-03,3.53843722e-02,1.32266385e-02,0
0.962918,38.8723,-1.97468046e-05,-1.93674104e-05,1.18911004e-05,1.44654798e-06,-1.17882189e-05,-1.43891592e-06,1.56082161e-06,1.48398230e-07,5.05323928e-04,4.96569191e-04,2.55987475e-03,4.76020682e-02,7.42596656e-03,0
0.962918,42.6596,-1.96097234e-05,-1.92730842e-05,1.26597650e-05,1.48769291e-06,-1.23913251e-05,9.14579623e-07,2.59320540e-06,1.17336026e-06,4.82963821e-04,4.79964845e-04,2.27139557e-03,5.09178101e-02,2.54379918e-03,0
0.962918,46.4468,-1.93259302e-05,-1.89120454e-05,1.33005354e-05,4.35217307e-06,-1.27427203e-05,3.62805622e-06,3.81147231e-06,2.40387572e-06,4.60874574e-04,4.61723096e-04,2.79259168e-03,4.07830357e-02,7.19735774e-04,0
0.962918,50.2340,-1.88127611e-05,-1.82508540e-05,1.37876691e-05,7.64392470e-06,-1.27751208e-05,6.61581346e-06,5.18614571e-06,3.82891592e-06,4.39233273e-04,4.41828020e-04,3.79133784e-03,2.80007151e-02,2.20092317e-03,0
0.962918,54.0213,-1.79813040e-05,-1.72648832e-05,1.42025986e-05,1.11859341e-05,-1.25239614e-05,9.77824847e-06,6.69807425e-06,5.43240090e-06,4.17374842e-04,4.20266972e-04,4.83388263e-03,1.37487430e-02,2.45317044e-03,0
0.962918,57.8085,-1.67777415e-05,-1.59395306e-05,1.46748934e-05,1.48625761e-05,-1.20903126e-05,1.30057038e-05,8.31726141e-06,7.19359690e-06,3.94804680e-04,3.97031988e-04,5.65563408e-03,8.55382145e-04,1.88925307e-03,0
0.962918,61.5957,-1.51641096e-05,-1.42710470e-05,1.53103424e-05,1.85597986e-05,-1.15839784e-05,1.61827464e-05,1.00108955e-05,9.08762020e-06,3.71116699e-04,3.72121325e-04,6.02573275e-03,1.48097138e-02,8.52146988e-04,0
0.962918,65.3830,-1.31138051e-05,-1.22669508e-05,1.61695273e-05,2.21643896e-05,-1.11122129e-05,1.91927091e-05,1.17461627e-05,1.10860311e-05,3.45962858e-04,3.45541126e-04,5.71395277e-03,2.73221707e-02,3.57722785e-04,0
0.962918,69.1702,-1.06126847e-05,-9.94600755e-06,1.72673786e-05,2.55677081e-05,-1.07778273e-05,2.19223153e-05,1.34907673e-05,1.31574994e-05,3.18982627e-04,3.17307173e-04,4.49824926e-03,3.78295628e-02,1.42115840e-03,0
0.962918,72.9574,-7.77171750e-06,-7.33777576e-06,1.86180349e-05,2.86701321e-05,-1.06921988e-05,2.42662050e-05,1.52416571e-05,1.52685223e-05,2.89790357e-04,2.87446694e-04,2.92792123e-03,4.58134149e-02,1.98794753e-03,0
0.962918,76.7447,-4.74840668e-06,-4.48173478e-06,2.01760307e-05,3.13854750e-05,-1.08572511e-05,2.61311799e-05,1.70056554e-05,1.73841732e-05,2.58292403e-04,2.56000177e-04,1.79930679e-03,5.10881375e-02,1.94431818e-03,0
0.962918,80.5319,-1.58430787e-06,-1.42602681e-06,2.18582952e-05,3.36450635e-05,-1.12046077e-05,2.74400021e-05,1.87681068e-05,1.94688618e-05,2.24676035e-04,2.23023133e-04,1.06796474e-03,5.37193482e-02,1.40202903e-03,0
0.962918,84.3191,1.68206394e-06,1.77413850e-06,2.36161658e-05,3.54012714e-05,-1.16745999e-05,2.81345914e-05,2.05286874e-05,2.14870841e-05,1.89236577e-04,1.88587767e-04,6.21251684e-04,5.37117700e-02,5.50335043e-04,0
0.962918,88.1064,5.00628004e-06,5.05835629e-06,2.54389634e-05,3.66303356e-05,-1.22199566e-05,2.81784938e-05,2.23117350e-05,2.34041443e-05,1.52165878e-04,1.52784480e-04,3.51372421e-04,5.10057720e-02,5.24712035e-04,0
0.962918,91.8936,8.34298926e-06,8.36310341e-06,2.72847878e-05,3.73342816e-05,-1.28066870e-05,2.75585212e-05,2.40924970e-05,2.51868318e-05,1.13660491e-04,1.15723155e-04,1.35715563e-04,4.58015500e-02,1.74959819e-03,0
0.962918,95.6809,1.16721263e-05,1.16239400e-05,2.91208692e-05,3.75417567e-05,-1.34258318e-05,2.62854927e-05,2.58412860e-05,2.68040365e-05,7.44117505e-05,7.75341593e-05,3.25125777e-04,3.83790176e-02,2.64849804e-03,0
0.962918,99.4681,1.49465110e-05,1.47777510e-05,3.09211190e-05,3.73074992e-05,-1.40951258e-05,2.43940464e-05,2.75216829e-05,2.82272917e-05,3.48583645e-05,3.83690091e-05,1.13866927e-03,2.91065517e-02,2.97780844e-03,0
0.962918,103.2553,1.81193849e-05,1.77649403e-05,3.26169585e-05,3.67100535e-05,-1.48429498e-05,2.19415229e-05,2.90439808e-05,2.94312351e-05,-4.87625049e-06,-1.59935348e-06,2.39153251e-03,1.86546803e-02,2.77953847e-03,0
0.962918,107.0426,2.11481336e-05,2.05314943e-05,3.41774789e-05,3.58471838e-05,-1.57087218e-05,1.90059615e-05,3.03535192e-05,3.03939798e-05,-4.45811629e-05,-4.21767168e-05,4.16063081e-03,7.60984289e-03,2.03950583e-03,0
0.962918,110.8298,2.39864235e-05,2.30308322e-05,3.55948705e-05,3.48283408e-05,-1.67425531e-05,1.56832832e-05,3.14114902e-05,3.10973946e-05,-8.39962117e-05,-8.31482239e-05,6.44763099e-03,3.49353394e-03,7.19282494e-04,0
0.962918,114.6170,2.64705239e-05,2.52253751e-05,3.68209685e-05,3.37637005e-05,-1.79264427e-05,1.20837670e-05,3.21624995e-05,3.15272904e-05,-1.23072601e-04,-1.24279487e-04,8.40135276e-03,1.39337976e-02,1.02370850e-03,0
0.962918,118.4043,2.84821096e-05,2.70877702e-05,3.77716819e-05,3.27500624e-05,-1.91347854e-05,8.32795445e-06,3.25662392e-05,3.16735183e-05,-1.62003173e-04,-1.65318204e-04,9.40798167e-03,2.28865213e-02,2.81188412e-03,0
0.962918,122.1915,3.00270959e-05,2.86017249e-05,3.83943761e-05,3.18554667e-05,-2.02533044e-05,4.54213780e-06,3.26179671e-05,3.15299817e-05,-2.00911032e-04,-2.05996273e-04,9.61735974e-03,2.98017185e-02,4.31341660e-03,0
0.962918,125.9787,3.11229197e-05,2.97624177e-05,3.86344937e-05,3.11062865e-05,-2.11662361e-05,8.53608165e-07,3.23204974e-05,3.10945721e-05,-2.39873623e-04,-2.46032390e-04,9.17967130e-03,3.43105395e-02,5.22400608e-03,0
0.962918,129.7660,3.17971801e-05,3.05764710e-05,3.84361347e-05,3.04813418e-05,-2.17587969e-05,-2.61415505e-06,3.16842423e-05,3.03690367e-05,-2.79001800e-04,-2.85135097e-04,8.23645100e-03,3.62547457e-02,5.20240170e-03,0
0.962918,133.5532,3.20922635e-05,3.10614876e-05,3.77478194e-05,2.99158295e-05,-2.19288105e-05,-5.74616604e-06,3.07249921e-05,2.93587880e-05,-3.18472329e-04,-3.23006236e-04,6.95492154e-03,3.56950590e-02,3.84576269e-03,0
0.962918,137.3404,3.20842828e-05,3.12451687e-05,3.65530540e-05,2.93140476e-05,-2.16440441e-05,-8.44030454e-06,2.94560879e-05,2.80726672e-05,-3.58619097e-04,-3.59344746e-04,5.66172799e-03,3.29924792e-02,6.15512167e-04,0
0.962918,141.1277,3.18551955e-05,3.11640494e-05,3.49067265e-05,2.85665877e-05,-2.09678700e-05,-1.06112076e-05,2.79074897e-05,2.65226735e-05,-3.98962057e-04,-3.93850740e-04,4.66334804e-03,2.88958016e-02,4.33553548e-03,0
0.962918,144.9149,3.15573944e-05,3.08619010e-05,3.29145595e-05,2.75670450e-05,-2.01042040e-05,-1.21935298e-05,2.60612587e-05,2.47236688e-05,-4.38477738e-04,-4.26229773e-04,4.69268048e-03,2.43718196e-02,1.03890024e-02,0
0.962918,148.7021,3.11442063e-05,3.03878629e-05,3.06243551e-05,2.62250240e-05,-1.90898872e-05,-1.31444439e-05,2.39463427e-05,2.26930712e-05,-4.76735623e-04,-4.56197216e-04,5.10325118e-03,2.00503810e-02,1.74211435e-02,0
0.962918,152.4894,3.05669696e-05,2.97943784e-05,2.80703021e-05,2.44744847e-05,-1.79301077e-05,-1.34452847e-05,2.15975254e-05,2.04505433e-05,-5.13295866e-04,-4.83482638e-04,5.21288004e-03,1.63882893e-02,2.52882569e-02,0
0.962918,156.2766,2.97923094e-05,2.91350139e-05,2.52675054e-05,2.22779380e-05,-1.65991864e-05,-1.31022695e-05,1.90502976e-05,1.80176873e-05,-5.47639874e-04,-5.07834097e-04,4.43494891e-03,1.36252453e-02,3.37641646e-02,0
0.962918,160.0638,2.88408261e-05,2.84622490e-05,2.21865751e-05,1.96275021e-05,-1.50219958e-05,-1.21462678e-05,1.63273928e-05,1.54177501e-05,-5.78842318e-04,-5.29022242e-04,2.55436135e-03,1.16632251e-02,4.22585203e-02,0
0.962918,163.8511,2.77670122e-05,2.78253229e-05,1.86321606e-05,1.65437543e-05,-1.29221110e-05,-1.06316250e-05,1.34229823e-05,1.26753445e-05,-6.05366452e-04,-5.46844130e-04,3.93438380e-04,9.51811548e-03,4.96399629e-02,0
0.962918,167.6383,2.67323512e-05,2.72682221e-05,1.45864616e-05,1.30730649e-05,-1.02671737e-05,-8.63408659e-06,1.03609848e-05,9.81618944e-06,-6.26469744e-04,-5.61126660e-04,3.61566496e-03,6.89745331e-03,5.54254875e-02,0
0.962918,171.4255,2.58785714e-05,2.68278881e-05,1.02608401e-05,9.28386472e-06,-7.29468679e-06,-6.24790060e-06,7.21611971e-06,6.86686845e-06,-6.42237728e-04,-5.71729547e-04,6.40529417e-03,4.45266060e-03,5.98066405e-02,0
0.962918,175.2128,2.52826682e-05,2.65327154e-05,5.77853713e-06,5.26214913e-06,-4.12932385e-06,-3.58220860e-06,4.04229834e-06,3.85460698e-06,-6.52086413e-04,-5.78547760e-04,8.43440323e-03,2.35348876e-03,6.23771551e-02,0
0.962918,179.0000,2.49918649e-05,2.64013994e-05,1.21367817e-06,1.10643474e-06,-8.70951184e-07,-7.56864679e-07,8.45256605e-07,8.07064859e-07,-6.55751581e-04,-5.81513362e-04,9.51050712e-03,4.88772405e-04,6.29705438e-02,0
0.963883,1.0000,-1.69091518e-05,-1.67444038e-05,3.87064408e-07,4.52033113e-07,-3.81513293e-07,-4.41015062e-07,-6.53181698e-08,-9.91950088e-08,7.19304851e-04,6.42162270e-04,1.11159872e-03,2.96101220e-04,6.54340898e-02,0
0.963883,4.7872,-1.69325859e-05,-1.66930480e-05,1.83974673e-06,2.12233597e-06,-1.81513624e-06,-2.07100103e-06,-2.99914080e-07,-4.63966288e-07,7.17674809e-04,6.40792750e-04,1.61622643e-03,1.28792807e-03,6.52131090e-02,0
0.963883,8.5745,-1.69447459e-05,-1.65734797e-05,3.26106700e-06,3.63092529e-06,-3.22609929e-06,-3.54477911e-06,-4.76278641e-07,-7.86231194e-07,7.12007864e-04,6.37632013e-04,2.50503259e-03,1.68566527e-03,6.30872857e-02,0
0.963883,12.3617,-1.69274242e-05,-1.63833891e-05,4.52826296e-06,4.85705443e-06,-4.49578305e-06,-4.74581136e-06,-5.41387323e-07,-1.03356289e-06,7.02359749e-04,6.32682898e-04,3.67075077e-03,1.49849924e-03,5.91014875e-02,0
0.963883,16.1489,-1.67730951e-05,-1.61193112e-05,5.44330034e-06,5.69195619e-06,-5.41913546e-06,-5.56924282e-06,-5.12337180e-07,-1.17554229e-06,6.88542025e-04,6.25949557e-04,4.41125557e-03,1.13327335e-03,5.30923529e-02,0
0.963883,19.9362,-1.63565227e-05,-1.57768236e-05,5.99228358e-06,6.04366075e-06,-5.98080872e-06,-5.92643451e-06,-3.70660961e-07,-1.18457135e-06,6.70877275e-04,6.17437087e-04,3.91138484e-03,2.34156469e-04,4.53291810e-02,0
0.963883,23.7234,-1.56996008e-05,-1.53508035e-05,6.49341547e-06,5.84155569e-06,-6.49316765e-06,-5.74884458e-06,-5.67296046e-08,-1.03660932e-06,6.50908833e-04,6.07151083e-04,2.35342858e-03,2.97091462e-03,3.71163175e-02,0
0.963883,27.5106,-1.48672799e-05,-1.48357327e-05,7.08972740e-06,5.04160337e-06,-7.07597523e-06,-4.99110086e-06,4.41371961e-07,-7.11812279e-07,6.29400528e-04,5.95097146e-04,2.12857205e-04,9.33452535e-03,2.90969077e-02,0
0.963883,31.2979,-1.39262815e-05,-1.42260383e-05,7.79102046e-06,3.63837270e-06,-7.70960594e-06,-3.63314022e-06,1.12337706e-06,-1.95059205e-07,6.06809625e-04,5.81280412e-04,2.02253963e-03,1.89260978e-02,2.16544587e-02,0
0.963883,35.0851,-1.29389294e-05,-1.35164546e-05,8.59028946e-06,1.76098479e-06,-8.35833358e-06,-1.68132680e-06,1.98275890e-06,5.23648387e-07,5.83443602e-04,5.65705129e-04,3.89671734e-03,3.11252232e-02,1.50461753e-02,0
0.963883,38.8723,-1.19826479e-05,-1.27023909e-05,9.50431400e-06,1.67055857e-06,-9.01694197e-06,8.31497884e-07,3.00445373e-06,1.44892278e-06,5.59357492e-04,5.48374376e-04,4.85629856e-03,3.57031056e-02,9.31612829e-03,0
0.963883,42.6596,-1.11644073e-05,-1.17802893e-05,1.05302438e-05,4.63199941e-06,-9.67149813e-06,3.84703814e-06,4.16511212e-06,2.57986745e-06,5.34616634e-04,5.29289937e-04,4.15552066e-03,2.68818251e-02,4.51822530e-03,0
0.963883,46.4468,-1.06103356e-05,-1.07479570e-05,1.16060159e-05,8.26678450e-06,-1.02525713e-05,7.28360283e-06,5.43915307e-06,3.91009666e-06,5.09366388e-04,5.08452422e-04,9.28568304e-04,1.52188733e-02,7.75246682e-04,0
0.963883,50.2340,-1.01046041e-05,-9.60485939e-06,1.24655491e-05,1.23013910e-05,-1.03992626e-05,1.10391207e-05,6.87351822e-06,5.42789402e-06,4.84097402e-04,4.85861643e-04,3.37191153e-03,7.48166859e-04,1.49646962e-03,0
0.963883,54.0213,-9.46739506e-06,-8.35235922e-06,1.31520595e-05,1.65980274e-05,-1.00758416e-05,1.49949958e-05,8.45305186e-06,7.11650300e-06,4.58824097e-04,4.61517304e-04,7.52344573e-03,1.57053354e-02,2.28443949e-03,0
0.963883,57.8085,-8.63655430e-06,-6.99389267e-06,1.38460071e-05,2.10230578e-05,-9.42669765e-06,1.90206519e-05,1.01414636e-05,8.95453859e-06,4.33059255e-04,4.35420007e-04,1.10834784e-02,3.27101100e-02,2.00244351e-03,0
0.963883,61.5957,-7.56487458e-06,-5.53507249e-06,1.46808991e-05,2.54398435e-05,-8.59533947e-06,2.29785886e-05,1.19016359e-05,1.09165060e-05,4.06348516e-04,4.07572598e-04,1.36956188e-02,4.90349403e-02,1.03829441e-03,0
0.963883,65.3830,-6.21506155e-06,-3.98371286e-06,1.57222790e-05,2.97117636e-05,-7.71771383e-06,2.67297499e-05,1.36976987e-05,1.29734098e-05,3.78299359e-04,3.77981823e-04,1.50555077e-02,6.37584425e-02,2.69341270e-04,0
0.963883,69.1702,-4.55840756e-06,-2.34977333e-06,1.69716328e-05,3.37071318e-05,-6.92169628e-06,3.01389942e-05,1.54960137e-05,1.50934343e-05,3.48501458e-04,3.46660287e-04,1.49022472e-02,7.62736714e-02,1.56172243e-03,0
0.963883,72.9574,-2.57747927e-06,-6.45222248e-07,1.83879184e-05,3.73045031e-05,-6.32771404e-06,3.30804491e-05,1.72648654e-05,1.72426750e-05,3.16549954e-04,3.13628660e-04,1.30374561e-02,8.62141829e-02,2.47790744e-03,0
0.963883,76.7447,-4.15275758e-07,1.11617660e-06,1.99531884e-05,4.03978553e-05,-6.05323166e-06,3.54425394e-05,1.90128407e-05,1.93859000e-05,2.82038544e-04,2.78918081e-04,1.03331196e-02,9.31785669e-02,2.64684784e-03,0
0.963883,80.5319,1.80688904e-06,2.91914741e-06,2.16222409e-05,4.29013592e-05,-6.08155550e-06,3.71324884e-05,2.07493611e-05,2.14873201e-05,2.45007251e-04,2.42572680e-04,7.50470539e-03,9.69816603e-02,2.06505851e-03,0
0.963883,84.3191,4.06795181e-06,4.74724625e-06,2.33587475e-05,4.47535304e-05,-6.34904569e-06,3.80801133e-05,2.24793395e-05,2.35113472e-05,2.05793115e-04,2.04652141e-04,4.58338170e-03,9.75088129e-02,9.67799763e-04,0
0.963883,88.1064,6.34438640e-06,6.58325340e-06,2.51709603e-05,4.59205958e-05,-6.80355587e-06,3.82407619e-05,2.42340436e-05,2.54233209e-05,1.64663024e-04,1.65234208e-04,1.61169969e-03,9.45684906e-02,4.84491295e-04,0
0.963883,91.8936,8.61145867e-06,8.40960013e-06,2.70318185e-05,4.63989345e-05,-7.40699444e-06,3.75972722e-05,2.59972238e-05,2.71901865e-05,1.21880034e-04,1.24417035e-04,1.36199367e-03,8.82675231e-02,2.15194196e-03,0
0.963883,95.6809,1.08787025e-05,1.02088145e-05,2.89123883e-05,4.62164593e-05,-8.15049670e-06,3.61608738e-05,2.77397838e-05,2.87811103e-05,7.83011857e-05,8.23212732e-05,4.51991388e-03,7.88649937e-02,3.40992949e-03,0
0.963883,99.4681,1.31201849e-05,1.19639700e-05,3.07798884e-05,4.54327805e-05,-9.05640487e-06,3.39709922e-05,2.94173938e-05,3.01680167e-05,3.44607516e-05,3.90918073e-05,7.80129194e-03,6.67819872e-02,3.92816663e-03,0
0.963883,103.2553,1.53096025e-05,1.36591198e-05,3.25588885e-05,4.41379101e-05,-1.01575987e-05,3.10939586e-05,3.09338715e-05,3.13260410e-05,-9.46652598e-06,-5.10097158e-06,1.11362495e-02,5.27725222e-02,3.70296239e-03,0
0.963883,107.0426,1.74230316e-05,1.52797015e-05,3.42194778e-05,4.24490894e-05,-1.14972517e-05,2.76206719e-05,3.22302012e-05,3.22338902e-05,-5.32230987e-05,-5.00604326e-05,1.44616230e-02,3.75072587e-02,2.68264524e-03,0
0.963883,110.8298,1.93344249e-05,1.68128968e-05,3.57229040e-05,4.05050465e-05,-1.30739354e-05,2.36633005e-05,3.32445196e-05,3.28741083e-05,-9.66826818e-05,-9.55635894e-05,1.70134259e-02,2.17950816e-02,9.49239575e-04,0
0.963883,114.6170,2.08955703e-05,1.82479322e-05,3.69897247e-05,3.84566731e-05,-1.47535715e-05,1.93511486e-05,3.39200806e-05,3.32332477e-05,-1.40086322e-04,-1.41361660e-04,1.78643238e-02,6.68576039e-03,1.08177074e-03,0
0.963883,118.4043,2.21175101e-05,1.95763107e-05,3.79709693e-05,3.64530583e-05,-1.64016329e-05,1.48258454e-05,3.42458895e-05,3.33019484e-05,-1.83614147e-04,-1.87181340e-04,1.71461536e-02,6.91802769e-03,3.02577408e-03,0
0.963883,122.1915,2.30215053e-05,2.07919638e-05,3.86082310e-05,3.46226467e-05,-1.78788300e-05,1.02360424e-05,3.42190435e-05,3.30749316e-05,-2.27407925e-04,-2.32726810e-04,1.50433142e-02,1.81646899e-02,4.51159921e-03,0
0.963883,125.9787,2.36369220e-05,2.18913210e-05,3.88341870e-05,3.30517156e-05,-1.90409208e-05,5.73182236e-06,3.38457888e-05,3.25509158e-05,-2.71548115e-04,-2.77682472e-04,1.17780378e-02,2.63541785e-02,5.20330031e-03,0
0.963883,129.7660,2.40016446e-05,2.28732913e-05,3.85747074e-05,3.17659894e-05,-1.97398533e-05,1.45903722e-06,3.31413072e-05,3.17324644e-05,-3.16150198e-04,-3.21716377e-04,7.61330229e-03,3.10313974e-02,4.72135958e-03,0
0.963883,133.5532,2.41674541e-05,2.37391597e-05,3.77552876e-05,3.07233160e-05,-1.98308579e-05,-2.44620633e-06,3.21278511e-05,3.06257771e-05,-3.61337887e-04,-3.64484316e-04,2.88981760e-03,3.20488973e-02,2.66887241e-03,0
0.963883,137.3404,2.43104206e-05,2.44924012e-05,3.63834044e-05,2.98223799e-05,-1.93462305e-05,-5.86269937e-06,3.08135601e-05,2.92404361e-05,-4.06746332e-04,-4.05634467e-04,1.22787218e-03,2.99025101e-02,9.43108732e-04,0
0.963883,141.1277,2.46820070e-05,2.51384212e-05,3.45785214e-05,2.89249613e-05,-1.86081056e-05,-8.68872098e-06,2.91446831e-05,2.75891195e-05,-4.51661434e-04,-4.44812539e-04,3.07954896e-03,2.57666526e-02,5.80938793e-03,0
0.963883,144.9149,2.51572082e-05,2.56842303e-05,3.24059872e-05,2.78831554e-05,-1.76848350e-05,-1.08458873e-05,2.71550109e-05,2.56872941e-05,-4.95579640e-04,-4.81667263e-04,3.55595946e-03,2.06132479e-02,1.18007943e-02,0
0.963883,148.7021,2.56229739e-05,2.61380678e-05,2.99140507e-05,2.65629300e-05,-1.65999667e-05,-1.22821094e-05,2.48855688e-05,2.35528987e-05,-5.38055303e-04,-5.15856136e-04,3.47547696e-03,1.52730602e-02,1.88298379e-02,0
0.963883,152.4894,2.59950373e-05,2.65089875e-05,2.71488559e-05,2.48597744e-05,-1.53727571e-05,-1.29735435e-05,2.23771919e-05,2.12060263e-05,-5.78666419e-04,-5.47051250e-04,3.46775980e-03,1.04327127e-02,2.68167042e-02,0
0.963883,156.2766,2.62386181e-05,2.68064220e-05,2.41635563e-05,2.27064898e-05,-1.40393621e-05,-1.29254570e-05,1.96665647e-05,1.86686164e-05,-6.16818150e-04,-5.74945082e-04,3.83112505e-03,6.64072322e-03,3.55176873e-02,0
0.963883,160.0638,2.63226977e-05,2.70397422e-05,2.10047229e-05,2.00751445e-05,-1.26203575e-05,-1.21719760e-05,1.67906212e-05,1.59641607e-05,-6.51794342e-04,-5.99256071e-04,4.83809143e-03,4.23664418e-03,4.45641543e-02,0
0.963883,163.8511,2.62000729e-05,2.72178292e-05,1.76426597e-05,1.69753222e-05,-1.10124050e-05,-1.07747208e-05,1.37836997e-05,1.31174295e-05,-6.82537900e-04,-6.19733861e-04,6.86707486e-03,3.04145571e-03,5.32718117e-02,0
0.963883,167.6383,2.59063320e-05,2.73486748e-05,1.38822347e-05,1.34501792e-05,-8.91296354e-06,-8.82038385e-06,1.06430974e-05,1.01542184e-05,-7.07201001e-04,-6.36164048e-04,9.73187379e-03,1.96913506e-03,6.02551570e-02,0
0.963883,171.4255,2.55884171e-05,2.74390265e-05,9.76227045e-06,9.57121402e-06,-6.35982508e-06,-6.41733970e-06,7.40638572e-06,7.10111886e-06,-7.25197045e-04,-6.48372313e-04,1.24865577e-02,8.70758343e-04,6.51644823e-02,0
0.963883,175.2128,2.53572106e-05,2.74940897e-05,5.48435712e-06,5.43224309e-06,-3.59110121e-06,-3.69141996e-06,4.14513752e-06,3.98530848e-06,-7.36310805e-04,-6.56227823e-04,1.44180958e-02,2.37514780e-04,6.79282042e-02,0
0.963883,179.0000,2.52693671e-05,2.75173001e-05,1.14904353e-06,1.14286393e-06,-7.54813655e-07,-7.81014008e-07,8.66347153e-07,8.34359086e-07,-7.40258925e-04,-6.59645809e-04,1.51674067e-02,2.81641444e-05,6.83778755e-02,0
0.964849,1.0000,-1.68465098e-05,-1.74078197e-05,2.92132360e-07,4.49362755e-07,-2.88757334e-07,-4.43739500e-07,-4.42777393e-08,-7.08670762e-08,7.76870934e-04,6.97604294e-04,3.78730885e-03,7.16592886e-04,6.72357637e-02,0
0.964849,4.7872,-1.67601290e-05,-1.72277289e-05,1.35983098e-06,2.10539451e-06,-1.34460099e-06,-2.07960704e-06,-2.02949417e-07,-3.28512756e-07,7.74913083e-04,6.95936609e-04,3.15502175e-03,3.39797863e-03,6.69896386e-02,0
0.964849,8.5745,-1.65042799e-05,-1.68161846e-05,2.33544502e-06,3.58362220e-06,-2.31501803e-06,-3.54204906e-06,-3.08212528e-07,-5.44276178e-07,7.68539558e-04,6.92094598e-04,2.10450447e-03,5.68868944e-03,6.48423515e-02,0
0.964849,12.3617,-1.60017404e-05,-1.61831337e-05,3.09689130e-06,4.75151246e-06,-3.08152385e-06,-4.70169822e-06,-3.08133918e-07,-6.86224794e-07,7.57173713e-04,6.86097756e-04,1.22390971e-03,7.54109756e-03,6.02882405e-02,0
0.964849,16.1489,-1.51409007e-05,-1.53437469e-05,3.47615882e-06,5.49018902e-06,-3.46986418e-06,-5.44218432e-06,-2.09099669e-07,-7.24434495e-07,7.40772064e-04,6.77975541e-04,1.36865756e-03,9.17913940e-03,5.32654372e-02,0
0.964849,19.9362,-1.39345914e-05,-1.43178855e-05,3.79220778e-06,5.70029967e-06,-3.79173360e-06,-5.66517798e-06,5.99682451e-08,-6.31802752e-07,7.21193287e-04,6.67765982e-04,2.58618784e-03,8.69631517e-03,4.53182529e-02,0
0.964849,23.7234,-1.24616061e-05,-1.31294065e-05,4.25038342e-06,5.30867343e-06,-4.21877371e-06,-5.29471007e-06,5.17404654e-07,-3.84784185e-07,6.99606247e-04,6.55513917e-04,4.50582859e-03,4.82326010e-03,3.74001160e-02,0
0.964849,27.5106,-1.08129666e-05,-1.18053316e-05,4.90996851e-06,4.28074360e-06,-4.77059736e-06,-4.28059246e-06,1.16154709e-06,3.59712145e-08,6.76462522e-04,6.41268922e-04,6.69575259e-03,2.86775403e-03,2.98520108e-02,0
0.964849,31.2979,-9.08777558e-06,-1.03749110e-05,5.78031486e-06,2.67961113e-06,-5.42947268e-06,-2.60080173e-06,1.98314556e-06,6.45093912e-07,6.52010841e-04,6.25083074e-04,8.68464750e-03,1.41317602e-02,2.28407434e-02,0
0.964849,35.0851,-7.38409575e-06,-8.86861939e-06,6.80407160e-06,1.47567426e-06,-6.12119586e-06,-2.62728109e-07,2.97091762e-06,1.45209795e-06,6.26633131e-04,6.07008665e-04,1.00164789e-02,2.42846914e-02,1.66459179e-02,0
0.964849,38.8723,-5.81192285e-06,-7.31712022e-06,7.95513547e-06,3.65097875e-06,-6.81377710e-06,2.69676301e-06,4.10568168e-06,2.46112070e-06,6.00492448e-04,5.87095991e-04,1.01559701e-02,1.96166147e-02,1.13631789e-02,0
0.964849,42.6596,-4.53912796e-06,-5.75023820e-06,9.21444794e-06,7.21591959e-06,-7.49961711e-06,6.21246253e-06,5.35367108e-06,3.67080438e-06,5.73706225e-04,5.65391369e-04,8.17168547e-03,9.10848817e-03,7.05284989e-03,0
0.964849,46.4468,-3.64801105e-06,-4.19597876e-06,1.04761424e-05,1.13863087e-05,-8.04532900e-06,1.01931005e-05,6.70986152e-06,5.07432044e-06,5.45880692e-04,5.41935496e-04,3.69728503e-03,4.14817149e-03,3.34640414e-03,0
0.964849,50.2340,-3.08664748e-06,-2.67963075e-06,1.16392337e-05,1.59786133e-05,-8.27426628e-06,1.45246927e-05,8.18585844e-06,6.65953336e-06,5.17169165e-04,5.16762273e-04,2.74625099e-03,1.97771463e-02,3.45134975e-04,0
0.964849,54.0213,-2.60250928e-06,-1.22298599e-06,1.26343305e-05,2.08462252e-05,-7.96648323e-06,1.90748219e-05,9.80619455e-06,8.40929690e-06,4.88512721e-04,4.89898185e-04,9.30801342e-03,3.74265124e-02,1.17518248e-03,0
0.964849,57.8085,-2.06282801e-06,1.56295696e-07,1.36052419e-05,2.58400635e-05,-7.21066507e-06,2.36976861e-05,1.15372837e-05,1.03018715e-05,4.59752662e-04,4.61362332e-04,1.49730225e-02,5.57613949e-02,1.36535847e-03,1
0.964849,61.5957,-1.41434804e-06,1.44515306e-06,1.46998909e-05,3.08067097e-05,-6.17644655e-06,2.82397165e-05,1.33393516e-05,1.23114491e-05,4.30387470e-04,4.31167131e-04,1.92938204e-02,7.34084003e-02,6.61326183e-04,0
0.964849,65.3830,-6.09989260e-07,2.63540510e-06,1.59840341e-05,3.55924859e-05,-5.02131160e-06,3.25455446e-05,1.51748402e-05,1.44087673e-05,3.99981019e-04,3.99319738e-04,2.18975456e-02,8.93674347e-02,5.60914059e-04,0
0.964849,69.1702,3.87669923e-07,3.72383884e-06,1.74480684e-05,4.00490015e-05,-3.89442372e-06,3.64640842e-05,1.70078968e-05,1.65617958e-05,3.68050213e-04,3.65824152e-04,2.25100259e-02,1.03005960e-01,1.88819521e-03,0
0.964849,72.9574,1.61045931e-06,4.71210151e-06,1.90333984e-05,4.40390223e-05,-2.93425230e-06,3.98544866e-05,1.88058613e-05,1.87364719e-05,3.34161280e-04,3.30683978e-04,2.09276113e-02,1.13965574e-01,2.94952648e-03,0
0.964849,76.7447,3.06155000e-06,5.60640321e-06,2.06707617e-05,4.74421757e-05,-2.27423398e-06,4.25917357e-05,2.05452731e-05,2.08974659e-05,2.97849670e-04,2.93905754e-04,1.71708068e-02,1.22013335e-01,3.34531901e-03,0
0.964849,80.5319,4.55098890e-06,6.41704339e-06,2.23449453e-05,5.01601913e-05,-2.00811454e-06,4.45716596e-05,2.22545289e-05,2.30089538e-05,2.58766139e-04,2.55502743e-04,1.25907698e-02,1.26770701e-01,2.76808647e-03,0
0.964849,84.3191,6.02102192e-06,7.15778133e-06,2.40435911e-05,5.21214538e-05,-2.08666809e-06,4.57151599e-05,2.39528723e-05,2.50353771e-05,2.17183156e-04,2.15499065e-04,7.67002045e-03,1.27967602e-01,1.42848439e-03,0
0.964849,88.1064,7.46597764e-06,7.84507667e-06,2.57964180e-05,5.32846913e-05,-2.45017669e-06,4.59714890e-05,2.56797939e-05,2.69421700e-05,1.73428984e-04,1.73933997e-04,2.55788277e-03,1.25280491e-01,4.28363530e-04,0
0.964849,91.8936,8.87902298e-06,8.49723124e-06,2.75985488e-05,5.36416641e-05,-3.05477768e-06,4.53204441e-05,2.74289670e-05,2.86964367e-05,1.27826819e-04,1.30866288e-04,2.57605123e-03,1.18694042e-01,2.57814685e-03,0
0.964849,95.6809,1.02989382e-05,9.13346689e-06,2.94303827e-05,5.32187444e-05,-3.89198386e-06,4.37733867e-05,2.91719024e-05,3.02675630e-05,8.13999539e-05,8.63783003e-05,7.86374707e-03,1.08417782e-01,4.22274649e-03,0
0.964849,99.4681,1.17182111e-05,9.77297650e-06,3.12554274e-05,5.20772834e-05,-4.99101108e-06,4.13730446e-05,3.08543603e-05,3.16277508e-05,3.47683793e-05,4.05797910e-05,1.31250193e-02,9.48976425e-02,4.92937140e-03,0
0.964849,103.2553,1.31287525e-05,1.04339863e-05,3.29979086e-05,5.03126265e-05,-6.39248005e-06,3.81920986e-05,3.23727999e-05,3.27524653e-05,-1.18580180e-05,-6.38883493e-06,1.81823101e-02,7.89135180e-02,4.63908527e-03,0
0.964849,107.0426,1.44703594e-05,1.11328668e-05,3.46217289e-05,4.80515142e-05,-8.12569543e-06,3.43306066e-05,3.36546756e-05,3.36207892e-05,-5.82800015e-05,-5.43539782e-05,2.25189573e-02,6.12075582e-02,3.33014210e-03,0
0.964849,110.8298,1.55494006e-05,1.18833277e-05,3.60568667e-05,4.54473553e-05,-1.00789597e-05,2.99123599e-05,3.46195350e-05,3.42156811e-05,-1.04746621e-04,-1.03107149e-04,2.47359761e-02,4.27980693e-02,1.39063773e-03,0
0.964849,114.6170,1.63644885e-05,1.26957292e-05,3.72635637e-05,4.26724520e-05,-1.21027761e-05,2.50803117e-05,3.52433822e-05,3.45241383e-05,-1.51536924e-04,-1.52404245e-04,2.47541026e-02,2.46515366e-02,7.35681476e-04,0
0.964849,118.4043,1.69427698e-05,1.35765355e-05,3.81925240e-05,3.99058018e-05,-1.40446613e-05,1.99912525e-05,3.55164241e-05,3.45372675e-05,-1.98836007e-04,-2.01965908e-04,2.27128853e-02,7.80843101e-03,2.65485314e-03,0
0.964849,122.1915,1.73153742e-05,1.45279339e-05,3.87786739e-05,3.73150797e-05,-1.57447073e-05,1.48099371e-05,3.54385347e-05,3.42502692e-05,-2.46825547e-04,-2.51479000e-04,1.88076066e-02,6.67047316e-03,3.94716449e-03,0
0.964849,125.9787,1.75229842e-05,1.55476325e-05,3.89427223e-05,3.50328347e-05,-1.70375391e-05,9.70289022e-06,3.50179651e-05,3.36623444e-05,-2.95596218e-04,-3.00599245e-04,1.33282275e-02,1.78196943e-02,4.24368111e-03,0
0.964849,129.7660,1.76108797e-05,1.66288452e-05,3.85964287e-05,3.31308110e-05,-1.77498049e-05,4.83213014e-06,3.42728571e-05,3.27765336e-05,-3.45273285e-04,-3.48955002e-04,6.62605047e-03,2.49100864e-02,3.12291596e-03,0
0.964849,133.5532,1.77046676e-05,1.77604638e-05,3.76867653e-05,3.16014271e-05,-1.77915817e-05,3.49054364e-07,3.32227617e-05,3.15994993e-05,-3.95618719e-04,-3.96152116e-04,3.76471932e-04,2.77345234e-02,4.52439875e-04,0
0.964849,137.3404,1.80869915e-05,1.89274107e-05,3.62485397e-05,3.03568301e-05,-1.73448205e-05,-3.61127627e-06,3.18294491e-05,3.01412644e-05,-4.45447445e-04,-4.41779757e-04,5.67053410e-03,2.68520420e-02,3.11101685e-03,0
0.964849,141.1277,1.88215339e-05,2.01111561e-05,3.43418866e-05,2.92490186e-05,-1.65711759e-05,-6.93523202e-06,3.00792504e-05,2.84149194e-05,-4.94259142e-04,-4.85417098e-04,8.70142675e-03,2.32112434e-02,7.50002305e-03,0
0.964849,144.9149,1.98213728e-05,2.12903807e-05,3.20459298e-05,2.81032481e-05,-1.56105800e-05,-9.53488906e-06,2.79866291e-05,2.64363092e-05,-5.42020808e-04,-5.26640690e-04,9.91179001e-03,1.79691568e-02,1.30457657e-02,0
0.964849,148.7021,2.09135422e-05,2.24417564e-05,2.94145182e-05,2.67514607e-05,-1.44811436e-05,-1.13513179e-05,2.56029366e-05,2.42237121e-05,-5.88195231e-04,-5.65032314e-04,1.03112708e-02,1.21371449e-02,1.96473128e-02,0
0.964849,152.4894,2.19985686e-05,2.35408136e-05,2.65038994e-05,2.50563627e-05,-1.32203706e-05,-1.23567563e-05,2.29712534e-05,2.17975202e-05,-6.32254107e-04,-6.00187111e-04,1.04059401e-02,6.59728957e-03,2.71999535e-02,0
0.964849,156.2766,2.30193877e-05,2.45628603e-05,2.33825084e-05,2.29240560e-05,-1.18944829e-05,-1.25555826e-05,2.01311445e-05,1.91799294e-05,-6.73541645e-04,-6.31721761e-04,1.04142232e-02,2.08944149e-03,3.54725751e-02,0
0.964849,160.0638,2.38858490e-05,2.54839169e-05,2.01111034e-05,2.03076795e-05,-1.05363451e-05,-1.19840479e-05,1.71301463e-05,1.63946468e-05,-7.11472858e-04,-6.59282459e-04,1.07825925e-02,8.95915110e-04,4.42690812e-02,0
0.964849,163.8511,2.45198847e-05,2.62816288e-05,1.67342441e-05,1.72054575e-05,-9.14460974e-06,-1.07087795e-05,1.40146722e-05,1.34666183e-05,-7.45286179e-04,-6.82552474e-04,1.18869596e-02,2.14760099e-03,5.32121541e-02,0
0.964849,167.6383,2.48713812e-05,2.69361204e-05,1.32011045e-05,1.36557098e-05,-7.56610879e-06,-8.82410996e-06,1.08177242e-05,1.04217797e-05,-7.73525244e-04,-7.01259047e-04,1.39313490e-02,2.07190784e-03,6.12978297e-02,0
0.964849,171.4255,2.50110037e-05,2.74307569e-05,9.32550084e-06,9.73031103e-06,-5.50031129e-06,-6.44833616e-06,7.53070659e-06,7.28683152e-06,-7.94010092e-04,-7.15179438e-04,1.63267238e-02,1.84496200e-03,6.68659504e-02,0
0.964849,175.2128,2.50815527e-05,2.77527833e-05,5.26161896e-06,5.52734597e-06,-3.14917235e-06,-3.71905118e-06,4.21513316e-06,4.08903555e-06,-8.06352765e-04,-7.24145916e-04,1.80235089e-02,1.21107681e-03,6.97297165e-02,0
0.964849,179.0000,2.51138028e-05,2.78938149e-05,1.10590283e-06,1.16331710e-06,-6.67811944e-07,-7.87730347e-07,8.81503423e-07,8.56030121e-07,-8.10858443e-04,-7.28049555e-04,1.87574865e-02,2.61671111e-04,7.02403791e-02,0
0.965815,1.0000,-1.66588201e-05,-1.77034691e-05,2.00475436e-07,4.40330382e-07,-1.98370364e-07,-4.37864222e-07,-2.89758373e-08,-4.65378124e-08,8.25529668e-04,7.47275820e-04,7.04852697e-03,1.09316234e-03,6.63766910e-02,0
0.965815,4.7872,-1.64591871e-05,-1.74175519e-05,9.11777108e-07,2.05919928e-06,-9.02507842e-07,-2.04823498e-06,-1.29680721e-07,-2.12214838e-07,8.23046660e-04,7.45249597e-04,6.46634415e-03,5.22948863e-03,6.59892352e-02,0
0.965815,8.5745,-1.59425580e-05,-1.67660049e-05,1.44829161e-06,3.48886824e-06,-1.43620959e-06,-3.47258490e-06,-1.86683194e-07,-3.36683322e-07,8.15571301e-04,7.40589919e-04,5.55601698e-03,9.30012732e-03,6.36009109e-02,0
0.965815,12.3617,-1.49651218e-05,-1.57688882e-05,1.63879338e-06,4.58864455e-06,-1.63151337e-06,-4.57216547e-06,-1.54297952e-07,-3.88537830e-07,8.01918585e-04,7.33339928e-04,5.42322693e-03,1.34442349e-02,5.81699747e-02,0
0.965815,16.1489,-1.35082196e-05,-1.44567492e-05,1.69797336e-06,5.23314422e-06,-1.69758671e-06,-5.22219333e-06,3.62337996e-08,-3.38371448e-07,7.83655114e-04,7.23565014e-04,6.39998319e-03,1.61118865e-02,5.09697871e-02,0
0.965815,19.9362,-1.16562536e-05,-1.28694882e-05,1.94210688e-06,5.31966450e-06,-1.89602345e-06,-5.31727027e-06,4.20564160e-07,-1.59584686e-07,7.62703650e-04,7.11349995e-04,8.18601945e-03,1.53935488e-02,4.35593363e-02,0
0.965815,23.7234,-9.51781749e-06,-1.10548790e-05,2.47495453e-06,4.77908160e-06,-2.26435523e-06,-4.77602554e-06,9.99047205e-07,1.70883041e-07,7.39733713e-04,6.96795479e-04,1.03709663e-02,1.05012842e-02,3.64211854e-02,0
0.965815,27.5106,-7.20899992e-06,-9.06680129e-06,3.29889083e-06,3.60791292e-06,-2.78814819e-06,-3.54479342e-06,1.76321023e-06,6.71919077e-07,7.15088275e-04,6.80013576e-04,1.25350838e-02,1.40839837e-03,2.97511556e-02,0
0.965815,31.2979,-4.85365943e-06,-6.96325339e-06,4.37093476e-06,2.09856206e-06,-3.43749794e-06,-1.60017725e-06,2.69975528e-06,1.35771700e-06,6.88982342e-04,6.61123173e-04,1.42339959e-02,1.03565606e-02,2.36307799e-02,0
0.965815,35.0851,-2.58555584e-06,-4.80422189e-06,5.62981138e-06,2.47134656e-06,-4.16270638e-06,1.04960497e-06,3.79033664e-06,2.23738312e-06,6.61666604e-04,6.40244980e-04,1.49699345e-02,1.43950120e-02,1.81703078e-02,0
0.965815,38.8723,-5.64652683e-07,-2.64948938e-06,7.00654186e-06,5.48062671e-06,-4.90026660e-06,4.36465011e-06,5.00789538e-06,3.31467925e-06,6.33600056e-04,6.17496615e-04,1.40669520e-02,6.95450739e-03,1.36593043e-02,0
0.965815,42.6596,1.05990781e-06,-5.56465178e-07,8.43156211e-06,9.46137264e-06,-5.56564507e-06,8.27458048e-06,6.33362728e-06,4.58790694e-06,6.04623310e-04,5.92987947e-04,1.09061018e-02,4.69346209e-03,9.86937933e-03,0
0.965815,46.4468,2.24245876e-06,1.42187817e-06,9.83424311e-06,1.40502398e-05,-6.03107087e-06,1.26809911e-05,7.76778743e-06,6.04993414e-06,5.74352364e-04,5.66816950e-04,5.53667723e-03,1.92148170e-02,6.39170892e-03,0
0.965815,50.2340,2.94366392e-06,3.23888369e-06,1.11955764e-05,1.90787529e-05,-6.23638570e-06,1.74610400e-05,9.29776443e-06,7.68836095e-06,5.42755177e-04,5.39066284e-04,1.99192693e-03,3.59283473e-02,3.12900220e-03,0
0.965815,54.0213,3.31934106e-06,4.85583253e-06,1.24740240e-05,2.43920765e-05,-5.98817653e-06,2.24720420e-05,1.09427153e-05,9.48581722e-06,5.10763236e-04,5.09800783e-04,1.03671198e-02,5.43176886e-02,8.16374007e-04,0
0.965815,57.8085,3.60782504e-06,6.24324875e-06,1.37260595e-05,2.98296354e-05,-5.20736950e-06,2.75568874e-05,1.26999217e-05,1.14203811e-05,4.79037235e-04,4.79066021e-04,1.77819102e-02,7.33936204e-02,2.44165469e-05,0
0.965815,61.5957,3.89645263e-06,7.38183756e-06,1.50841516e-05,3.52256055e-05,-4.05579092e-06,3.25500741e-05,1.45286679e-05,1.34661040e-05,4.47177018e-04,4.46888051e-04,2.35168264e-02,9.17966436e-02,2.45107975e-04,0
0.965815,65.3830,4.23942945e-06,8.26302210e-06,1.66124859e-05,4.04136905e-05,-2.71028870e-06,3.72841148e-05,1.63899061e-05,1.55936258e-05,4.14689333e-04,4.13274392e-04,2.71482581e-02,1.08476315e-01,1.20018516e-03,0
0.965815,69.1702,4.68273004e-06,8.88906013e-06,1.82953837e-05,4.52331341e-05,-1.33757358e-06,4.15960692e-05,1.82464232e-05,1.77708594e-05,3.81050683e-04,3.78216256e-04,2.83812367e-02,1.22771429e-01,2.40422563e-03,0
0.965815,72.9574,5.26691389e-06,9.27273790e-06,2.00648147e-05,4.95350052e-05,-9.37768834e-08,4.53339426e-05,2.00645956e-05,1.99637267e-05,3.45748762e-04,3.41691978e-04,2.70283684e-02,1.34313272e-01,3.44105606e-03,0
0.965815,76.7447,6.02679011e-06,9.43665521e-06,2.18336733e-05,5.31882872e-05,8.75185046e-07,4.83626982e-05,2.18161257e-05,2.21369220e-05,3.08292292e-04,3.03671553e-04,2.30072738e-02,1.42901716e-01,3.91941526e-03,0
0.965815,80.5319,6.90722138e-06,9.41213150e-06,2.35421190e-05,5.60854590e-05,1.42960590e-06,5.05696457e-05,2.34986722e-05,2.42546829e-05,2.68146767e-04,2.64122111e-04,1.69013000e-02,1.48319451e-01,3.41380453e-03,0
0.965815,84.3191,7.72032321e-06,9.23777755e-06,2.52111415e-05,5.81473305e-05,1.53773457e-06,5.18689912e-05,2.51642013e-05,2.62815487e-05,2.25219693e-04,2.23014152e-04,1.02386712e-02,1.50109899e-01,1.87079013e-03,0
0.965815,88.1064,8.46641025e-06,8.95779020e-06,2.68923924e-05,5.93269461e-05,1.26741873e-06,5.22053666e-05,2.68625096e-05,2.81830841e-05,1.79877386e-04,1.80328291e-04,3.31547222e-03,1.47823647e-01,3.82467549e-04,0
0.965815,91.8936,9.15609470e-06,8.62003828e-06,2.86075694e-05,5.96124168e-05,6.70804666e-07,5.15561983e-05,2.85997037e-05,2.99265544e-05,1.32501514e-04,1.36062255e-04,3.61691636e-03,1.41307621e-01,3.02030126e-03,0
0.965815,95.6809,9.86019855e-06,8.27401593e-06,3.03488588e-05,5.90285776e-05,-2.44178363e-07,4.99328148e-05,3.03478765e-05,3.14815339e-05,8.42947234e-05,9.02378432e-05,1.07023993e-02,1.30710620e-01,5.04108918e-03,0
0.965815,99.4681,1.05888974e-05,7.96874439e-06,3.20761157e-05,5.76373939e-05,-1.51649501e-06,4.73802501e-05,3.20402472e-05,3.28204368e-05,3.59570777e-05,4.29075555e-05,1.76788747e-02,1.16498022e-01,5.89555315e-03,0
0.965815,103.2553,1.13408042e-05,7.75070515e-06,3.37156441e-05,5.55370313e-05,-3.19551782e-06,4.39757423e-05,3.35638693e-05,3.39189614e-05,-1.22898018e-05,-5.83940570e-06,2.42233607e-02,9.94531042e-02,5.47137243e-03,0
0.965815,107.0426,1.19256520e-05,7.66188610e-06,3.52047193e-05,5.28594284e-05,-5.23031149e-06,3.98259841e-05,3.48140216e-05,3.47564405e-05,-6.06053773e-05,-5.58720329e-05,2.87687711e-02,8.04630616e-02,4.01493026e-03,0
0.965815,110.8298,1.22862494e-05,7.73801723e-06,3.65125063e-05,4.97660194e-05,-7.46393890e-06,3.50632290e-05,3.57414707e-05,3.53160963e-05,-1.09411125e-04,-1.07013568e-04,3.06881419e-02,6.04041807e-02,2.03366296e-03,0
0.965815,114.6170,1.24543017e-05,8.00706542e-06,3.76092187e-05,4.64408854e-05,-9.73486892e-06,2.98403990e-05,3.63274780e-05,3.55851995e-05,-1.58994429e-04,-1.59038927e-04,3.00066955e-02,4.02511835e-02,3.77441851e-05,0
0.965815,118.4043,1.24661950e-05,8.48804684e-06,3.84433517e-05,4.30800660e-05,-1.18738365e-05,2.43253848e-05,3.65636882e-05,3.55551367e-05,-2.09596053e-04,-2.11673675e-04,2.68416318e-02,2.11322786e-02,1.76228636e-03,0
0.965815,122.1915,1.23639522e-05,9.19020328e-06,3.89425172e-05,3.98753096e-05,-1.37038791e-05,1.86947557e-05,3.64516576e-05,3.52213916e-05,-2.61409622e-04,-2.64594658e-04,2.14141344e-02,4.25129238e-03,2.70162003e-03,0
0.965815,125.9787,1.21967559e-05,1.01125742e-05,3.90172007e-05,3.69910294e-05,-1.50410829e-05,1.31271231e-05,3.60014968e-05,3.45834483e-05,-3.14553759e-04,-3.17432368e-04,1.40625324e-02,9.23447349e-03,2.44170187e-03,0
0.965815,129.7660,1.20459790e-05,1.12439804e-05,3.85807374e-05,3.45361412e-05,-1.57207108e-05,7.79641450e-06,3.52325495e-05,3.36446277e-05,-3.69017091e-04,-3.69775026e-04,5.41130009e-03,1.84336421e-02,6.42898098e-04,0
0.965815,133.5532,1.21636330e-05,1.25634192e-05,3.76090126e-05,3.25382728e-05,-1.57989815e-05,2.86531867e-06,3.41296061e-05,3.24118674e-05,-4.23811454e-04,-4.21174333e-04,2.69746451e-03,2.31103920e-02,2.23686563e-03,0
0.965815,137.3404,1.27352611e-05,1.40408550e-05,3.61219068e-05,3.09328675e-05,-1.54312170e-05,-1.52084323e-06,3.26599096e-05,3.08954581e-05,-4.77736774e-04,-4.71152756e-04,8.80919202e-03,2.36495536e-02,5.58471355e-03,0
0.965815,141.1277,1.37194020e-05,1.56383723e-05,3.41531722e-05,2.95765529e-05,-1.46800309e-05,-5.23958249e-06,3.08372480e-05,2.91087488e-05,-5.30366426e-04,-5.19212168e-04,1.29478069e-02,2.08583897e-02,9.46129462e-03,0
0.965815,144.9149,1.50675152e-05,1.73116457e-05,3.17672527e-05,2.82814284e-05,-1.36801972e-05,-8.19583070e-06,2.86707263e-05,2.70678324e-05,-5.81620767e-04,-5.64843604e-04,1.51417500e-02,1.58869845e-02,1.42307709e-02,0
0.965815,148.7021,1.66308330e-05,1.90116680e-05,2.90365359e-05,2.68555421e-05,-1.25250443e-05,-1.03254716e-05,2.61962533e-05,2.47912238e-05,-6.31215667e-04,-6.07537856e-04,1.60641323e-02,9.94009232e-03,2.00840567e-02,0
0.965815,152.4894,1.82888508e-05,2.06866669e-05,2.60263983e-05,2.51351473e-05,-1.12658239e-05,-1.15976793e-05,2.34617694e-05,2.22995395e-05,-6.78382133e-04,-6.46796591e-04,1.61787077e-02,4.06196366e-03,2.67915740e-02,0
0.965815,156.2766,1.99236397e-05,2.22841344e-05,2.28055133e-05,2.30030247e-05,-9.95920763e-06,-1.20159700e-05,2.05159845e-05,1.96151882e-05,-7.22504186e-04,-6.82143644e-04,1.59268910e-02,9.00177456e-04,3.42347286e-02,0
0.965815,160.0638,2.14192247e-05,2.37528890e-05,1.94411534e-05,2.03946927e-05,-8.65133560e-06,-1.16179272e-05,1.74101361e-05,1.67620779e-05,-7.63002357e-04,-7.13136144e-04,1.57458586e-02,4.34584826e-03,4.22976543e-02,0
0.965815,163.8511,2.26718051e-05,2.50450864e-05,1.59979994e-05,1.72968547e-05,-7.37516069e-06,-1.04736085e-05,1.41965837e-05,1.37653444e-05,-7.99205785e-04,-7.39375117e-04,1.60131648e-02,5.91966012e-03,5.07497315e-02,0
0.965815,167.6383,2.35947636e-05,2.61181021e-05,1.25183509e-05,1.37417324e-05,-6.11307427e-06,-8.68269512e-06,1.09242589e-05,1.06511040e-05,-8.30152592e-04,-7.60515219e-04,1.70256410e-02,5.57568080e-03,5.90680009e-02,0
0.965815,171.4255,2.41632852e-05,2.69362089e-05,8.90642220e-06,9.79946597e-06,-4.62073007e-06,-6.37049518e-06,7.61401406e-06,7.44622888e-06,-8.53628473e-04,-7.76273298e-04,1.87096599e-02,4.07013423e-03,6.56144163e-02,0
0.965815,175.2128,2.44811563e-05,2.74719833e-05,5.05007919e-06,5.56965478e-06,-2.70519972e-06,-3.68295373e-06,4.26441019e-06,4.17814627e-06,-8.67553541e-04,-7.86435485e-04,2.01799113e-02,2.36801655e-03,6.88061771e-02,0
0.965815,179.0000,2.46056083e-05,2.77073856e-05,1.06229179e-06,1.17250551e-06,-5.77065720e-07,-7.80863580e-07,8.91885082e-07,8.74654921e-07,-8.72784047e-04,-7.90862613e-04,2.09285225e-02,5.02309781e-04,6.94876203e-02,0
0.966780,1.0000,-1.63190767e-05,-1.76639174e-05,1.03543639e-07,4.24561263e-07,-1.02013200e-07,-4.23838216e-07,-1.77367455e-08,-2.47675875e-08,8.67542294e-04,7.92971980e-04,9.07400041e-03,1.46306918e-03,6.32522343e-02,0
0.966780,4.7872,-1.60067329e-05,-1.72891239e-05,4.36535452e-07,1.98174897e-06,-4.29613203e-07,-1.97879421e-06,-7.74318837e-08,-1.08177842e-07,8.64394720e-04,7.90536689e-04,8.65263558e-03,7.04246156e-03,6.26480589e-02,0
0.966780,8.5745,-1.51981294e-05,-1.64360365e-05,4.75613318e-07,3.34224189e-06,-4.62316411e-07,-3.33882494e-06,-1.11676158e-07,-1.51092196e-07,8.54949679e-04,7.84945113e-04,8.35249116e-03,1.30649398e-02,5.93794632e-02,0
0.966780,12.3617,-1.37906888e-05,-1.51332580e-05,2.11069731e-07,4.36028120e-06,-2.09145010e-07,-4.35855561e-06,-2.84393446e-08,-1.22658678e-07,8.39371633e-04,7.76269721e-04,9.05867404e-03,1.89104366e-02,5.35244749e-02,0
0.966780,16.1489,-1.18259975e-05,-1.34243256e-05,2.69010218e-07,4.90727435e-06,-8.82487125e-08,-4.90727069e-06,2.54123320e-07,5.99343865e-09,8.19943890e-04,7.64620474e-04,1.07843477e-02,2.11393419e-02,4.69265780e-02,0
0.966780,19.9362,-9.42941026e-06,-1.13660690e-05,7.64871579e-07,4.88158354e-06,-1.91852682e-07,-4.87460378e-06,7.40419531e-07,2.60951796e-07,7.97884056e-04,7.50140230e-04,1.30671555e-02,1.87623169e-02,4.04973969e-02,0
0.966780,23.7234,-6.73373237e-06,-9.02646926e-06,1.50967188e-06,4.22800374e-06,-5.04803651e-07,-4.17541160e-06,1.42277281e-06,6.64795927e-07,7.73664332e-04,7.32998803e-04,1.54697104e-02,1.23890630e-02,3.44934253e-02,0
0.966780,27.5106,-3.87715007e-06,-6.48210175e-06,2.49599644e-06,3.01829895e-06,-9.95422785e-07,-2.75363580e-06,2.28891496e-06,1.23596862e-06,7.47583585e-04,7.13385921e-04,1.75763073e-02,2.38044475e-03,2.90072355e-02,0
0.966780,31.2979,-1.00648290e-06,-3.81526163e-06,3.69787836e-06,2.07253463e-06,-1.62578082e-06,-5.84996591e-07,3.32131617e-06,1.98826024e-06,7.19878640e-04,6.91503421e-04,1.89515830e-02,7.40766284e-03,2.40685052e-02,0
0.966780,35.0851,1.71038372e-06,-1.11088325e-06,5.07796601e-06,3.73860211e-06,-2.36060960e-06,2.32159215e-06,4.49591604e-06,2.93041902e-06,6.90790878e-04,6.67557005e-04,1.90358445e-02,6.10428180e-03,1.97074986e-02,1
0.966780,38.8723,4.06785957e-06,1.54662792e-06,6.57287629e-06,7.18502931e-06,-3.12782478e-06,5.92394548e-06,5.78095277e-06,4.06589671e-06,6.60759436e-04,6.41747953e-04,1.70114258e-02,2.78994715e-03,1.61259711e-02,0
0.966780,42.6596,5.98379629e-06,4.07652840e-06,8.09804875e-06,1.14917771e-05,-3.74524996e-06,1.01478745e-05,7.17993708e-06,5.39273446e-06,6.29446925e-04,6.14265158e-04,1.28688477e-02,1.54672486e-02,1.28775190e-02,0
0.966780,46.4468,7.40069769e-06,6.40471452e-06,9.61843486e-06,1.64123198e-05,-4.13693069e-06,1.48897510e-05,8.68332273e-06,6.90359013e-06,5.96727608e-04,5.85277863e-04,6.72016544e-03,3.09637945e-02,9.71193383e-03,0
0.966780,50.2340,8.27182168e-06,8.46643022e-06,1.11231828e-05,2.17836873e-05,-4.26105611e-06,2.00202720e-05,1.02746580e-05,8.58590362e-06,5.62662882e-04,5.54929432e-04,1.31307598e-03,4.85862904e-02,6.55968792e-03,0
0.966780,54.0213,8.60926865e-06,1.02086014e-05,1.26116956e-05,2.74451728e-05,-4.05016903e-06,2.53892773e-05,1.19436593e-05,1.04221931e-05,5.27639156e-04,5.23332481e-04,1.07911265e-02,6.76050213e-02,3.65301950e-03,0
0.966780,57.8085,8.67176774e-06,1.15917073e-05,1.41083649e-05,3.32280169e-05,-3.31102807e-06,3.08314342e-05,1.37143375e-05,1.23904710e-05,4.92915487e-04,4.90565588e-04,1.97016151e-02,8.71396815e-02,1.99323845e-03,0
0.966780,61.5957,8.63886483e-06,1.25911189e-05,1.57016687e-05,3.89574630e-05,-2.11175786e-06,3.61725651e-05,1.55590128e-05,1.44647663e-05,4.58618797e-04,4.56671797e-04,2.66669178e-02,1.05990554e-01,1.65148987e-03,0
0.966780,65.3830,8.57364991e-06,1.31978528e-05,1.74480027e-05,4.44580809e-05,-6.44395805e-07,4.12363711e-05,1.74360991e-05,1.66157353e-05,4.24217013e-04,4.21659019e-04,3.12007366e-02,1.23101070e-01,2.16974853e-03,0
0.966780,69.1702,8.52997067e-06,1.34187150e-05,1.93289219e-05,4.95601369e-05,9.08109307e-07,4.58512873e-05,1.93075778e-05,1.88113428e-05,3.89136665e-04,3.85502351e-04,3.29856687e-02,1.37781715e-01,3.08270731e-03,0
0.966780,72.9574,8.55638618e-06,1.32758303e-05,2.12724223e-05,5.41061871e-05,2.37400597e-06,4.98571989e-05,2.11395376e-05,2.10175926e-05,3.52806532e-04,3.48148287e-04,3.18433542e-02,1.49643090e-01,3.95122898e-03,0
0.966780,76.7447,8.69597882e-06,1.28055775e-05,2.31826317e-05,5.79574439e-05,3.59172350e-06,5.31117540e-05,2.29027059e-05,2.31992865e-05,3.14668678e-04,3.09520674e-04,2.77285636e-02,1.58489604e-01,4.36665414e-03,0
0.966780,80.5319,8.98250310e-06,1.20569756e-05,2.49690305e-05,6.09995985e-05,4.40948362e-06,5.54960232e-05,2.45765933e-05,2.53207905e-05,2.74136360e-04,2.69528216e-04,2.07442901e-02,1.64212833e-01,3.90873318e-03,0
0.966780,84.3191,9.24080037e-06,1.10895844e-05,2.66277768e-05,6.31478521e-05,4.70984987e-06,5.69192798e-05,2.62079341e-05,2.73467881e-05,2.30715591e-04,2.28073252e-04,1.24742412e-02,1.66443811e-01,2.24129254e-03,0
0.966780,88.1064,9.38585443e-06,9.97100373e-06,2.82425675e-05,6.43509631e-05,4.53673057e-06,5.73227128e-05,2.78758084e-05,2.92430002e-05,1.84629815e-04,1.85061466e-04,3.94815922e-03,1.64567541e-01,3.66136146e-04,0
0.966780,91.8936,9.44695415e-06,8.77407187e-06,2.98653337e-05,6.45941615e-05,3.95435400e-06,5.66819206e-05,2.96023857e-05,3.09768556e-05,1.36325474e-04,1.40412153e-04,4.54011708e-03,1.58280026e-01,3.46641391e-03,0
0.966780,95.6809,9.53221651e-06,7.57387203e-06,3.15006365e-05,6.39008302e-05,2.96990715e-06,5.50080859e-05,3.13603212e-05,3.25180964e-05,8.72096867e-05,9.40686230e-05,1.32134751e-02,1.47667048e-01,5.81790554e-03,0
0.966780,99.4681,9.67052017e-06,6.44466674e-06,3.31019031e-05,6.23328864e-05,1.53064520e-06,5.23477803e-05,3.30664953e-05,3.38393059e-05,3.80664079e-05,4.60083127e-05,2.17656978e-02,1.33223062e-01,6.73650402e-03,0
0.966780,103.2553,9.77570802e-06,5.45687984e-06,3.45820843e-05,5.99898057e-05,-3.89780920e-07,4.87814030e-05,3.45798876e-05,3.49163503e-05,-1.10545074e-05,-3.74782202e-06,2.91402914e-02,1.15798173e-01,6.19769652e-03,0
0.966780,107.0426,9.67156198e-06,4.67424507e-06,3.58993748e-05,5.70061915e-05,-2.65573956e-06,4.44203096e-05,3.58010078e-05,3.57287275e-05,-6.07049387e-05,-5.51270541e-05,3.37182367e-02,9.61963790e-02,4.73128839e-03,0
0.966780,110.8298,9.39040587e-06,4.15123286e-06,3.70521194e-05,5.35476477e-05,-5.09895085e-06,3.94027403e-05,3.66995948e-05,3.62598211e-05,-1.11349263e-04,-1.07998147e-04,3.53501047e-02,7.51799814e-02,2.84249306e-03,0
0.966780,114.6170,8.97339281e-06,3.93085588e-06,3.80140144e-05,4.98044118e-05,-7.54328094e-06,3.38887016e-05,3.72580757e-05,3.64970594e-05,-1.63323813e-04,-1.62166462e-04,3.40233483e-02,5.37358878e-02,9.81690987e-04,0
0.966780,118.4043,8.46722702e-06,4.04293899e-06,3.87304864e-05,4.59816940e-05,-9.80461888e-06,2.80539990e-05,3.74689208e-05,3.64319822e-05,-2.16906887e-04,-2.17371181e-04,2.98518572e-02,3.30480870e-02,3.93825195e-04,0
0.966780,122.1915,7.92286490e-06,4.50292048e-06,3.91222493e-05,4.22850724e-05,-1.16905971e-05,2.20836506e-05,3.73347068e-05,3.60602235e-05,-2.72318179e-04,-2.73284831e-04,2.30752817e-02,1.44148751e-02,8.19936130e-04,0
0.966780,125.9787,7.40047510e-06,5.31123075e-06,3.90942614e-05,3.88992253e-05,-1.30030422e-05,1.61649360e-05,3.68684441e-05,3.53814156e-05,-3.29685028e-04,-3.29515229e-04,1.40966917e-02,8.88896407e-04,1.44027476e-04,0
0.966780,129.7660,7.08089734e-06,6.45327151e-06,3.85770948e-05,3.59601273e-05,-1.36654061e-05,1.04803491e-05,3.60756000e-05,3.43990266e-05,-3.88471560e-04,-3.85609861e-04,4.23475966e-03,1.19270852e-02,2.42735827e-03,0
0.966780,133.5532,7.25851215e-06,7.89999516e-06,3.75461620e-05,3.35259815e-05,-1.38215938e-05,5.20073021e-06,3.49095664e-05,3.31201425e-05,-4.47201845e-04,-4.41062635e-04,4.32825780e-03,1.83223656e-02,5.20741803e-03,0
0.966780,137.3404,7.95348369e-06,9.60905992e-06,3.60100543e-05,3.15588376e-05,-1.35287064e-05,4.78841168e-07,3.33721158e-05,3.15552046e-05,-5.05055136e-04,-4.95322834e-04,1.11706166e-02,2.02868552e-02,8.25515952e-03,0
0.966780,141.1277,9.11867753e-06,1.15265142e-05,3.39957165e-05,2.99297582e-05,-1.28319288e-05,-3.55636368e-06,3.14809521e-05,2.97177170e-05,-5.61475039e-04,-5.47806049e-04,1.62463195e-02,1.85310021e-02,1.15943478e-02,0
0.966780,144.9149,1.06958161e-05,1.35889423e-05,3.15506815e-05,2.84496676e-05,-1.18147566e-05,-6.80454965e-06,2.92550342e-05,2.76239333e-05,-6.16089809e-04,-5.97906749e-04,1.95206975e-02,1.41331735e-02,1.54232843e-02,0
0.966780,148.7021,1.26256931e-05,1.57259856e-05,2.87523985e-05,2.69130120e-05,-1.06540417e-05,-9.19770849e-06,2.67056514e-05,2.52925359e-05,-6.68837710e-04,-6.45012122e-04,2.09185044e-02,8.38318393e-03,2.02094053e-02,0
0.966780,152.4894,1.47360430e-05,1.78631394e-05,2.56738776e-05,2.51366253e-05,-9.41338068e-06,-1.07026152e-05,2.38859008e-05,2.27443170e-05,-7.18927435e-04,-6.88516734e-04,2.10993573e-02,2.44858011e-03,2.57950468e-02,0
0.966780,156.2766,1.68665041e-05,1.99247130e-05,2.23839275e-05,2.29839311e-05,-8.14128271e-06,-1.13219390e-05,2.08508927e-05,2.00018696e-05,-7.65695635e-04,-7.27837552e-04,2.06345551e-02,2.73457499e-03,3.21120862e-02,0
0.966780,160.0638,1.88798712e-05,2.18368366e-05,1.89529721e-05,2.03744943e-05,-6.89152472e-06,-1.10939633e-05,1.76556517e-05,1.70892947e-05,-8.08518859e-04,-7.62428810e-04,1.99514380e-02,6.47872625e-03,3.90946258e-02,0
0.966780,163.8511,2.06513423e-05,2.35303948e-05,1.54510114e-05,1.72835722e-05,-5.71383779e-06,-1.00909268e-05,1.43556892e-05,1.40319301e-05,-8.46753724e-04,-7.91796259e-04,1.94257392e-02,8.35207474e-03,4.66161704e-02,0
0.966780,167.6383,2.20694017e-05,2.49437711e-05,1.19459393e-05,1.37362583e-05,-4.64283854e-06,-8.41604709e-06,1.10067941e-05,1.08561017e-05,-8.79627597e-04,-8.15510284e-04,1.93941409e-02,8.15955352e-03,5.43857610e-02,0
0.966780,171.4255,2.30462535e-05,2.60252935e-05,8.46392549e-06,9.79914508e-06,-3.60608724e-06,-6.19934348e-06,7.65729518e-06,7.58889878e-06,-9.05644717e-04,-8.33217482e-04,2.01003813e-02,6.08539370e-03,6.14344252e-02,0
0.966780,175.2128,2.35817877e-05,2.67352860e-05,4.83202755e-06,5.57097857e-06,-2.21059673e-06,-3.59242019e-06,4.29671413e-06,4.25797128e-06,-9.21965155e-04,-8.44650277e-04,2.12774982e-02,3.36784147e-03,6.55802352e-02,0
0.966780,179.0000,2.37936946e-05,2.70476430e-05,1.01731497e-06,1.17293122e-06,-4.76203820e-07,-7.62411852e-07,8.98977014e-07,8.91344950e-07,-9.28039057e-04,-8.49634261e-04,2.19552622e-02,7.09236268e-04,6.65047284e-02,0
0.967746,1.0000,-1.58086761e-05,-1.73122553e-05,1.12409871e-08,4.02083908e-07,4.78241077e-09,-4.02055371e-07,-1.01729218e-08,-4.79035719e-09,9.03938167e-04,8.35511578e-04,1.01450520e-02,1.78130479e-03,5.80409863e-02,0
0.967746,4.7872,-1.53760399e-05,-1.68622145e-05,1.21851301e-07,1.87307402e-06,1.12633938e-07,-1.87303074e-06,-4.64901658e-08,-1.27327903e-08,8.99844222e-04,8.32626009e-04,1.00276183e-02,7.98136863e-03,5.70160149e-02,0
0.967746,8.5745,-1.42660927e-05,-1.58385172e-05,6.02603589e-07,3.14338335e-06,5.99133013e-07,-3.14332547e-06,-6.45811047e-08,1.90756731e-08,8.88091529e-04,8.26009359e-04,1.06095696e-02,1.15798520e-02,5.26595063e-02,0
0.967746,12.3617,-1.24678549e-05,-1.42770572e-05,1.12736123e-06,4.06508844e-06,1.12370042e-06,-4.06328986e-06,9.07783719e-08,1.20911293e-07,8.71223238e-04,8.15768047e-04,1.22071727e-02,1.33889787e-02,4.70383522e-02,0
0.967746,16.1489,-1.00678797e-05,-1.22324585e-05,1.46465029e-06,4.50984057e-06,1.39122156e-06,-4.49839548e-06,4.57933441e-07,3.21091925e-07,8.51033140e-04,8.02063623e-04,1.46049933e-02,1.38787522e-02,4.15370559e-02,0
0.967746,19.9362,-7.20694703e-06,-9.77600139e-06,1.72381783e-06,4.38285244e-06,1.37918054e-06,-4.33510468e-06,1.03412231e-06,6.45184358e-07,8.28039031e-04,7.85106137e-04,1.73340984e-02,1.21188100e-02,3.64166551e-02,0
0.967746,23.7234,-4.03962615e-06,-6.99291699e-06,2.12982870e-06,3.65996677e-06,1.12745029e-06,-3.48589880e-06,1.80693833e-06,1.11528756e-06,8.02655726e-04,7.65145528e-04,1.99266449e-02,6.97375376e-03,3.18170013e-02,0
0.967746,27.5106,-7.24453652e-07,-3.97915761e-06,2.84248151e-06,2.57776713e-06,6.78220357e-07,-1.89326284e-06,2.76038372e-06,1.74941110e-06,7.75193947e-04,7.42461410e-04,2.19603600e-02,1.20646166e-03,2.77644813e-02,0
0.967746,31.2979,2.56797026e-06,-8.37765932e-07,3.87448041e-06,2.60329242e-06,7.23748830e-08,4.67534575e-07,3.87380438e-06,2.56096522e-06,7.45928733e-04,7.17351698e-04,2.29794150e-02,5.79356346e-03,2.42396898e-02,1
0.967746,35.0851,5.62435812e-06,2.32501548e-06,5.15758228e-06,5.05256932e-06,-6.67778989e-07,3.58697945e-06,5.11416916e-06,3.55837535e-06,7.15252783e-04,6.90120563e-04,2.22615491e-02,4.78606828e-04,2.13177198e-02,0
0.967746,38.8723,8.26434176e-06,5.40374431e-06,6.61888521e-06,8.80840929e-06,-1.41295700e-06,7.42123031e-06,6.46631223e-06,4.74483034e-06,6.83069151e-04,6.61066244e-04,1.93012178e-02,9.97896992e-03,1.86633651e-02,0
0.967746,42.6596,1.04190414e-05,8.29773366e-06,8.17547249e-06,1.33748082e-05,-1.97969025e-06,1.18934225e-05,7.93216092e-06,6.11816941e-06,6.49366770e-04,6.30469253e-04,1.43130318e-02,2.36964805e-02,1.60293037e-02,0
0.967746,46.4468,1.20261089e-05,1.09148097e-05,9.77379970e-06,1.85560813e-05,-2.30763163e-06,1.68963106e-05,9.49747318e-06,7.67090877e-06,6.14211692e-04,5.98581490e-04,7.49823356e-03,4.00261064e-02,1.32578920e-02,0
0.967746,50.2340,1.30350618e-05,1.31747272e-05,1.13919280e-05,2.41929320e-05,-2.36480276e-06,2.22961489e-05,1.11437754e-05,9.39040481e-06,5.77750848e-04,5.65616770e-04,9.42359817e-04,5.83418264e-02,1.02924005e-02,0
0.967746,54.0213,1.34094751e-05,1.50121118e-05,1.30255782e-05,3.01211073e-05,-2.12923355e-06,2.79376577e-05,1.28503716e-05,1.12591468e-05,5.40210171e-04,5.31743183e-04,1.08134188e-02,7.79145440e-02,7.18189192e-03,0
0.967746,57.8085,1.32925733e-05,1.63788157e-05,1.47000215e-05,3.61664789e-05,-1.46112228e-06,3.36498844e-05,1.46272265e-05,1.32551680e-05,5.02589422e-04,4.97077655e-04,2.08237052e-02,9.78354767e-02,4.67520642e-03,0
0.967746,61.5957,1.29624477e-05,1.72455992e-05,1.64804798e-05,4.21482841e-05,-2.75810278e-07,3.92527284e-05,1.64781717e-05,1.53525622e-05,4.65862844e-04,4.61682989e-04,2.88995716e-02,1.16983525e-01,3.54544738e-03,0
0.967746,65.3830,1.25258095e-05,1.76030716e-05,1.84061188e-05,4.78848883e-05,1.25443330e-06,4.45638752e-05,1.83633223e-05,1.75220878e-05,4.29640167e-04,4.25567554e-04,3.42576481e-02,1.34352372e-01,3.45448262e-03,0
0.967746,69.1702,1.20423174e-05,1.74618607e-05,2.04545673e-05,5.32004253e-05,2.93108531e-06,4.94058669e-05,2.02434696e-05,1.97318417e-05,3.93301379e-04,3.88687677e-04,3.65671108e-02,1.49242447e-01,3.91344683e-03,0
0.967746,72.9574,1.15678069e-05,1.68520039e-05,2.25511301e-05,5.79316060e-05,4.56739350e-06,5.36130306e-05,2.20837584e-05,2.19479823e-05,3.56216960e-04,3.50952712e-04,3.56538936e-02,1.61249975e-01,4.46525516e-03,0
0.967746,76.7447,1.11533303e-05,1.58215893e-05,2.45947408e-05,6.19342714e-05,5.98740773e-06,5.70379917e-05,2.38548155e-05,2.41354817e-05,3.17764032e-04,3.12232601e-04,3.14979947e-02,1.70178558e-01,4.69188525e-03,0
0.967746,80.5319,1.08465740e-05,1.44347000e-05,2.64834866e-05,6.50893735e-05,7.02563468e-06,5.95575146e-05,2.55345946e-05,2.62588841e-05,2.77285918e-04,2.72367683e-04,2.42100476e-02,1.75950101e-01,4.17175916e-03,0
0.967746,84.3191,1.06178580e-05,1.27687460e-05,2.81605876e-05,6.73081317e-05,7.52744810e-06,6.10774389e-05,2.71358843e-05,2.82830525e-05,2.34106091e-04,2.31180361e-04,1.45126175e-02,1.78418757e-01,2.48167110e-03,0
0.967746,88.1064,1.02445679e-05,1.09112889e-05,2.97216955e-05,6.85361642e-05,7.45805203e-06,6.15365142e-05,2.87707602e-05,3.01738832e-05,1.88019985e-04,1.88488206e-04,4.49854486e-03,1.76900733e-01,3.97155278e-04,0
0.967746,91.8936,9.75425677e-06,8.95648483e-06,3.12575647e-05,6.87564419e-05,6.89453022e-06,6.09089808e-05,3.04877156e-05,3.18989713e-05,1.39517556e-04,1.44117966e-04,5.38278112e-03,1.70904796e-01,3.90217238e-03,0
0.967746,95.6809,9.30258110e-06,7.00128744e-06,3.27848531e-05,6.79909618e-05,5.84319363e-06,5.92057899e-05,3.22599393e-05,3.34282116e-05,9.02601456e-05,9.79199206e-05,1.55274452e-02,1.60455280e-01,6.49719517e-03,0
0.967746,99.4681,8.91672634e-06,5.14155863e-06,3.42408706e-05,6.63010754e-05,4.23653236e-06,5.64744126e-05,3.39777723e-05,3.47343249e-05,4.10896411e-05,4.97819987e-05,2.54720685e-02,1.46117516e-01,7.37305513e-03,0
0.967746,103.2553,8.37346260e-06,3.46824152e-06,3.55316614e-05,6.37864307e-05,2.12572790e-06,5.27972406e-05,3.54680172e-05,3.57932972e-05,-8.39851029e-06,-3.56931517e-07,3.30968415e-02,1.28773871e-01,6.82104975e-03,0
0.967746,107.0426,7.64352349e-06,2.06374468e-06,3.66671330e-05,6.05824633e-05,-3.17448777e-07,4.82886369e-05,3.66657588e-05,3.65847291e-05,-5.89338739e-05,-5.24951714e-05,3.76482632e-02,1.08996454e-01,5.46145371e-03,0
0.967746,110.8298,6.77378855e-06,9.98679482e-07,3.76552004e-05,5.68562724e-05,-2.91217967e-06,4.30907479e-05,3.75424203e-05,3.70920902e-05,-1.11038942e-04,-1.06558221e-04,3.89662089e-02,8.75107614e-02,3.80064929e-03,0
0.967746,114.6170,5.81522694e-06,3.29077805e-07,3.84717913e-05,5.28004740e-05,-5.46887380e-06,3.73682375e-05,3.80810996e-05,3.73028803e-05,-1.65101107e-04,-1.62391192e-04,3.70165187e-02,6.53043710e-02,2.29861181e-03,0
0.967746,118.4043,4.82294412e-06,9.41982726e-08,3.90600682e-05,4.86241870e-05,-7.78948055e-06,3.13021449e-05,3.82754872e-05,3.72086991e-05,-2.21436868e-04,-2.19753975e-04,3.19061158e-02,4.35894058e-02,1.42746741e-03,0
0.967746,122.1915,3.85622031e-06,3.15005872e-07,3.93360799e-05,4.45397258e-05,-9.66702101e-06,2.50831027e-05,3.81297245e-05,3.68052325e-05,-2.80289638e-04,-2.78319450e-04,2.38935230e-02,2.37161244e-02,1.67115789e-03,0
0.967746,125.9787,3.02065362e-06,9.93383148e-07,3.92079921e-05,4.07432455e-05,-1.09241541e-05,1.89041788e-05,3.76554047e-05,3.60921609e-05,-3.41619015e-04,-3.37674890e-04,1.36785373e-02,6.99706737e-03,3.34549600e-03,0
0.967746,129.7660,2.61684230e-06,2.11210228e-06,3.86094917e-05,3.73886569e-05,-1.16114943e-05,1.29536182e-05,3.68220864e-05,3.50730016e-05,-4.04159328e-04,-3.97326622e-04,3.40561619e-03,5.56407376e-03,5.79565676e-03,0
0.967746,133.5532,2.81537857e-06,3.63555734e-06,3.75139166e-05,3.45581819e-05,-1.18310755e-05,7.40776696e-06,3.55994325e-05,3.37548949e-05,-4.66611289e-04,-4.56707857e-04,5.53396601e-03,1.34710495e-02,8.40031572e-03,0
0.967746,137.3404,3.58245621e-06,5.51122603e-06,3.59272845e-05,3.22396367e-05,-1.16049175e-05,2.42445272e-06,3.40014068e-05,3.21483468e-05,-5.28231184e-04,-5.15189506e-04,1.30139270e-02,1.68068153e-02,1.10622473e-02,0
0.967746,141.1277,4.86945671e-06,7.67180160e-06,3.38729710e-05,3.03242169e-05,-1.09688771e-05,-1.86292018e-06,3.20478064e-05,3.02669400e-05,-5.88345911e-04,-5.72093659e-04,1.89081722e-02,1.61737932e-02,1.37855299e-02,0
0.967746,144.9149,6.62146558e-06,1.00379092e-05,3.13924732e-05,2.86313739e-05,-9.98673860e-06,-5.35033181e-06,2.97615932e-05,2.81270248e-05,-6.46386988e-04,-6.26709320e-04,2.30516612e-02,1.25839800e-02,1.66910451e-02,0
0.967746,148.7021,8.81166207e-06,1.25212982e-05,2.85512588e-05,2.69518323e-05,-8.82325056e-06,-7.96697024e-06,2.71537222e-05,2.57474008e-05,-7.02014888e-04,-6.78309901e-04,2.50299091e-02,7.28954256e-03,2.01071087e-02,0
0.967746,152.4894,1.12745135e-05,1.50283823e-05,2.54288422e-05,2.50905448e-05,-7.61298665e-06,-9.67776860e-06,2.42624906e-05,2.31490007e-05,-7.54877672e-04,-7.26171886e-04,2.53283590e-02,1.54182371e-03,2.43488991e-02,0
0.967746,156.2766,1.38065652e-05,1.74639885e-05,2.20961278e-05,2.28961768e-05,-6.39103522e-06,-1.04845562e-05,2.11516792e-05,2.03545817e-05,-8.04136814e-04,-7.69594049e-04,2.46776153e-02,3.64630148e-03,2.92999575e-02,0
0.967746,160.0638,1.62490803e-05,1.97351637e-05,1.86236749e-05,2.02744783e-05,-5.21347654e-06,-1.04257784e-05,1.78790640e-05,1.73884333e-05,-8.49111259e-04,-8.07916570e-04,2.35215389e-02,7.52369778e-03,3.49422710e-02,0
0.967746,163.8511,1.84590393e-05,2.17548889e-05,1.50825333e-05,1.71896450e-05,-4.13964984e-06,-9.57479572e-06,1.45033137e-05,1.42761053e-05,-8.89130618e-04,-8.40539396e-04,2.22379811e-02,9.60336737e-03,4.12161781e-02,0
0.967746,167.6383,2.03049654e-05,2.34455545e-05,1.15444038e-05,1.36588427e-05,-3.22756038e-06,-8.03682709e-06,1.10840477e-05,1.10441566e-05,-9.23472489e-04,-8.66939209e-04,2.11903970e-02,9.63676181e-03,4.79528120e-02,0
0.967746,171.4255,2.16478402e-05,2.47420570e-05,8.06846441e-06,9.74352301e-06,-2.47980145e-06,-5.94465653e-06,7.67793609e-06,7.71992872e-06,-9.51305545e-04,-8.86684409e-04,2.08775100e-02,7.63424322e-03,5.48131155e-02,0
0.967746,175.2128,2.24062529e-05,2.55943960e-05,4.61023709e-06,5.53945481e-06,-1.63196914e-06,-3.45326891e-06,4.31172387e-06,4.33133853e-06,-9.70297079e-04,-8.99447590e-04,2.15112557e-02,4.23500054e-03,6.00961457e-02,0
0.967746,179.0000,2.27047145e-05,2.59696681e-05,9.72888283e-07,1.16631463e-06,-3.61873792e-07,-7.33623523e-07,9.03083036e-07,9.06689778e-07,-9.77478002e-04,-9.05015070e-04,2.20295175e-02,8.81559494e-04,6.14647045e-02,0
0.968712,1.0000,-1.51098155e-05,-1.66660510e-05,1.29183035e-07,3.73108869e-07,1.28998434e-07,-3.72851561e-07,-6.90366312e-09,1.38542974e-08,9.35081412e-04,8.75276909e-04,1.05003379e-02,1.11171582e-03,5.07275376e-02,0
0.968712,4.7872,-1.45316953e-05,-1.61523003e-05,8.10141003e-07,1.73414149e-06,8.08760220e-07,-1.73246099e-06,-4.72795084e-08,7.63256349e-08,9.29312603e-04,8.71908492e-04,1.09346562e-02,4.21122247e-03,4.86914712e-02,0
0.968712,8.5745,-1.31417294e-05,-1.49841803e-05,1.67820207e-06,2.89389402e-06,1.67807829e-06,-2.88842841e-06,-2.03829221e-08,1.77774988e-07,9.16009598e-04,8.64193163e-04,1.24315101e-02,5.54063481e-03,4.39518768e-02,0
0.968712,12.3617,-1.09940954e-05,-1.32038238e-05,2.37217578e-06,3.70528344e-06,2.36277508e-06,-3.68891616e-06,2.10978354e-07,3.47883527e-07,8.98432314e-04,8.52274994e-04,1.49096298e-02,6.07576840e-03,3.91516866e-02,0
0.968712,16.1489,-8.21919083e-06,-1.08753427e-05,2.84227557e-06,4.04440539e-06,2.76576860e-06,-3.99746495e-06,6.55022513e-07,6.14401283e-07,8.77710818e-04,8.36372766e-04,1.79217688e-02,5.47882406e-03,3.50638746e-02,0
0.968712,19.9362,-4.96192717e-06,-8.08238447e-06,3.13972144e-06,3.83237079e-06,2.85317929e-06,-3.69896330e-06,1.31042690e-06,1.00236538e-06,8.53924756e-04,8.16771069e-04,2.10545619e-02,3.15681708e-03,3.15146015e-02,0
0.968712,23.7234,-1.39501856e-06,-4.92494526e-06,3.43801356e-06,3.10918482e-06,2.67306285e-06,-2.70476177e-06,2.16209904e-06,1.53339296e-06,8.27459070e-04,7.93808741e-04,2.38173616e-02,1.49866911e-03,2.85429736e-02,0
0.968712,27.5106,2.30271611e-06,-1.51556513e-06,3.91822885e-06,2.42203459e-06,2.27372367e-06,-9.56726068e-07,3.19103400e-06,2.22506781e-06,7.98665934e-04,7.67865135e-04,2.57629670e-02,6.81905149e-03,2.61259371e-02,1
0.968712,31.2979,5.93243713e-06,2.02494886e-06,4.68797816e-06,3.46633741e-06,1.69293155e-06,1.56993474e-06,4.37162692e-06,3.09043686e-06,7.67918725e-04,7.39344796e-04,2.63648707e-02,5.56774702e-03,2.42370558e-02,0
0.968712,35.0851,9.25125511e-06,5.57210531e-06,5.75198937e-06,6.38670143e-06,9.70524966e-07,4.86518033e-06,5.66952053e-06,4.13762922e-06,7.35597650e-04,7.08661197e-04,2.48242099e-02,2.89276222e-03,2.28481115e-02,0
0.968712,38.8723,1.21289696e-05,9.00243988e-06,7.09240842e-06,1.03807078e-05,2.84226812e-07,8.88405402e-06,7.08671097e-06,5.36960695e-06,7.01268211e-04,6.76220228e-04,2.10955344e-02,1.49867457e-02,2.12462675e-02,0
0.968712,42.6596,1.44791306e-05,1.21981733e-05,8.61678323e-06,1.51516294e-05,-2.35328111e-07,1.35480075e-05,8.61356917e-06,6.78405239e-06,6.65148193e-04,6.42404151e-04,1.53902303e-02,2.97832000e-02,1.92920136e-02,0
0.968712,46.4468,1.62400930e-05,1.50516363e-05,1.02477612e-05,2.05325527e-05,-5.10993069e-07,1.87475867e-05,1.02350132e-05,8.37339324e-06,6.27576752e-04,6.07556695e-04,8.01883554e-03,4.68739422e-02,1.69814672e-02,0
0.968712,50.2340,1.73585493e-05,1.74692906e-05,1.19421433e-05,2.63677997e-05,-5.17025642e-07,2.43463756e-05,1.19309459e-05,1.01249622e-05,5.88781853e-04,5.71969968e-04,7.47201002e-04,6.57463383e-02,1.42602225e-02,0
0.968712,54.0213,1.77951245e-05,1.93751919e-05,1.36814929e-05,3.24916703e-05,-2.35377125e-07,3.01860459e-05,1.36794681e-05,1.20212843e-05,5.49039864e-04,5.35873745e-04,1.06611383e-02,8.57292210e-02,1.11678011e-02,0
0.968712,57.8085,1.75678766e-05,2.07137614e-05,1.54709623e-05,3.87271275e-05,3.79215551e-07,3.60923161e-05,1.54663140e-05,1.40404815e-05,5.08854874e-04,4.99427624e-04,2.12261284e-02,1.05992245e-01,7.99640754e-03,0
0.968712,61.5957,1.69611104e-05,2.14517617e-05,1.73806398e-05,4.48899638e-05,1.49650762e-06,4.18815863e-05,1.73160938e-05,1.61567810e-05,4.69685692e-04,4.62716419e-04,3.02996286e-02,1.25376431e-01,5.91149614e-03,0
0.968712,65.3830,1.61783461e-05,2.15794003e-05,1.94408669e-05,5.07949091e-05,3.03570776e-06,4.73679898e-05,1.92023901e-05,1.83411103e-05,4.31691897e-04,4.25749042e-04,3.64423605e-02,1.42899110e-01,5.04086510e-03,0
0.968712,69.1702,1.52897704e-05,2.11105226e-05,2.16217335e-05,5.62624572e-05,4.78652853e-06,5.23705838e-05,2.10852674e-05,2.05617618e-05,3.94220584e-04,3.88460950e-04,3.92741754e-02,1.57878483e-01,4.88545253e-03,0
0.968712,72.9574,1.43575367e-05,2.00818885e-05,2.38459580e-05,6.11258085e-05,6.54785299e-06,5.67203966e-05,2.29293553e-05,2.27851064e-05,3.56588717e-04,3.50720131e-04,3.86237358e-02,1.69906560e-01,4.97786821e-03,0
0.968712,76.7447,1.34399558e-05,1.85515633e-05,2.60079030e-05,6.52375287e-05,8.12955868e-06,6.02670542e-05,2.47046816e-05,2.49763354e-05,3.18107067e-04,3.12336419e-04,3.44893857e-02,1.78792852e-01,4.89479422e-03,0
0.968712,80.5319,1.25925078e-05,1.65964886e-05,2.79979145e-05,6.84756148e-05,9.35221186e-06,6.28847231e-05,2.63897584e-05,2.71002109e-05,2.78043269e-04,2.73073813e-04,2.70159319e-02,1.84481073e-01,4.21520548e-03,0
0.968712,84.3191,1.18649048e-05,1.43093305e-05,2.97294677e-05,7.07487122e-05,1.00459237e-05,6.44771342e-05,2.79807196e-05,2.91218037e-05,2.35647952e-04,2.32665335e-04,1.64931959e-02,1.86949214e-01,2.52992385e-03,0
0.968712,88.1064,1.10529438e-05,1.17947298e-05,3.12531660e-05,7.20002808e-05,1.00910335e-05,6.49814890e-05,2.95792398e-05,3.10072011e-05,1.90247168e-04,1.90829851e-04,5.00502881e-03,1.85708956e-01,4.94245032e-04,0
0.968712,91.8936,1.00809198e-05,9.16510276e-06,3.27123811e-05,7.22115523e-05,9.54996005e-06,6.43710900e-05,3.12873480e-05,3.27241664e-05,1.42208985e-04,1.47290207e-04,6.17926312e-03,1.80021331e-01,4.31000754e-03,0
0.968712,95.6809,9.17125918e-06,6.53615887e-06,3.41355577e-05,7.14031735e-05,8.42799793e-06,6.26565893e-05,3.30787719e-05,3.42427364e-05,9.35189667e-05,1.01791938e-04,1.77797282e-02,1.69850799e-01,7.01732194e-03,0
0.968712,99.4681,8.24799753e-06,4.02230996e-06,3.54238151e-05,6.96354690e-05,6.67018155e-06,5.98858032e-05,3.47901618e-05,3.55357443e-05,4.49068061e-05,5.41218095e-05,2.85118468e-02,1.55922955e-01,7.81637520e-03,0
0.968712,103.2553,7.10724588e-06,1.73215282e-06,3.65266252e-05,6.70072901e-05,4.41129572e-06,5.61420942e-05,3.62592721e-05,3.65792590e-05,-4.52693306e-06,4.12541425e-06,3.62671937e-02,1.38918608e-01,7.33911749e-03,0
0.968712,107.0426,5.79955247e-06,-2.35798923e-07,3.74834899e-05,6.36534036e-05,1.83704782e-06,5.15413820e-05,3.74384464e-05,3.73529346e-05,-5.55811880e-05,-4.82769090e-05,4.07221336e-02,1.19271938e-01,6.19565534e-03,1
0.968712,110.8298,4.38144474e-06,-1.79696650e-06,3.83086894e-05,5.97403060e-05,-8.58945419e-07,4.62278950e-05,3.82990587e-05,3.78402680e-05,-1.08843635e-04,-1.03076519e-04,4.16873967e-02,9.76766860e-02,4.89179885e-03,1
0.968712,114.6170,2.91241408e-06,-2.88399123e-06,3.89800860e-05,5.54601551e-05,-3.47417672e-06,4.03688244e-05,3.88249559e-05,3.80287630e-05,-1.64753953e-04,-1.60165884e-04,3.91099004e-02,7.51095248e-02,3.89170439e-03,1
0.968712,118.4043,1.45593781e-06,-3.44932583e-06,3.94392108e-05,5.10221571e-05,-5.79732748e-06,3.41480884e-05,3.90107977e-05,3.79100062e-05,-2.23665719e-04,-2.19331460e-04,3.30971286e-02,5.27904093e-02,3.67641689e-03,0
0.968712,122.1915,8.33621540e-08,-3.46703155e-06,3.95999362e-05,4.66402354e-05,-7.61081464e-06,2.77594448e-05,3.88616836e-05,3.74796583e-05,-2.85833490e-04,-2.80250403e-04,2.39554580e-02,3.20868514e-02,4.73570076e-03,0
0.968712,125.9787,-9.94983436e-07,-2.93371284e-06,3.93756976e-05,4.25154204e-05,-8.82187373e-06,2.13992203e-05,3.83747326e-05,3.67373698e-05,-3.50690362e-04,-3.42491348e-04,1.30811270e-02,1.43095933e-02,6.95458994e-03,0
0.968712,129.7660,-1.45636839e-06,-1.86855470e-06,3.86909864e-05,3.88119918e-05,-9.54466511e-06,1.52589366e-05,3.74952237e-05,3.56866300e-05,-4.16592718e-04,-4.05519326e-04,2.78113155e-03,5.51493844e-04,9.39270303e-03,0
0.968712,133.5532,-1.27140431e-06,-3.12463736e-07,3.75269167e-05,3.56294356e-05,-9.81215639e-06,9.51812163e-06,3.62214172e-05,3.43345604e-05,-4.82569801e-04,-4.68704747e-04,6.47022908e-03,8.64795584e-03,1.17606531e-02,0
0.968712,137.3404,-4.74514833e-07,1.67365106e-06,3.58883030e-05,3.29781674e-05,-9.64294657e-06,4.33758192e-06,3.45685388e-05,3.26916642e-05,-5.47799443e-04,-5.31336207e-04,1.44942511e-02,1.32632272e-02,1.39644907e-02,0
0.968712,141.1277,8.85356491e-07,4.01138774e-06,3.37970386e-05,3.07718926e-05,-9.06710462e-06,-1.46598724e-07,3.25580625e-05,3.07715434e-05,-6.11499854e-04,-5.92636730e-04,2.10921708e-02,1.37873986e-02,1.60001302e-02,0
0.968712,144.9149,2.77509716e-06,6.60805010e-06,3.12918081e-05,2.88457360e-05,-8.15033539e-06,-3.82810340e-06,3.02117408e-05,2.85905948e-05,-6.72890944e-04,-6.51782949e-04,2.58619609e-02,1.11482122e-02,1.79042803e-02,0
0.968712,148.7021,5.14239926e-06,9.36040752e-06,2.84309256e-05,2.69955907e-05,-7.01095737e-06,-6.63427135e-06,2.75529311e-05,2.61676969e-05,-7.31347392e-04,-7.07926565e-04,2.84600323e-02,6.54167914e-03,1.98660773e-02,0
0.968712,152.4894,7.86804688e-06,1.21588659e-05,2.52859907e-05,2.50222312e-05,-5.83644568e-06,-8.52868092e-06,2.46031955e-05,2.35238954e-05,-7.86804270e-04,-7.60217376e-04,2.89513059e-02,1.20210995e-03,2.25516072e-02,0
0.968712,156.2766,1.07214849e-05,1.48918836e-05,2.19322378e-05,2.27647418e-05,-4.67878215e-06,-9.51232534e-06,2.14273669e-05,2.06820970e-05,-8.38415107e-04,-8.07827085e-04,2.81387977e-02,3.79421856e-03,2.59454550e-02,0
0.968712,160.0638,1.35183297e-05,1.74504569e-05,1.84406357e-05,2.01177433e-05,-3.59010302e-06,-9.62333512e-06,1.80877916e-05,1.76667772e-05,-8.85383075e-04,-8.49973048e-04,2.65311160e-02,7.64358167e-03,3.00355887e-02,0
0.968712,163.8511,1.60980850e-05,1.97324968e-05,1.48807216e-05,1.70351494e-05,-2.63462369e-06,-8.93525735e-06,1.46456353e-05,1.45037061e-05,-9.26983905e-04,-8.85941133e-04,2.45223508e-02,9.81901508e-03,3.48134117e-02,0
0.968712,167.6383,1.83081021e-05,2.16469232e-05,1.13198115e-05,1.35256741e-05,-1.87808571e-06,-7.55395852e-06,1.11629265e-05,1.12196957e-05,-9.62510258e-04,-9.15106889e-04,2.25279212e-02,1.00534343e-02,4.02086150e-02,0
0.968712,171.4255,1.99672024e-05,2.31173145e-05,7.80990822e-06,9.64424926e-06,-1.32001358e-06,-5.61327092e-06,7.69754705e-06,7.84236784e-06,-9.91503250e-04,-9.36954259e-04,2.12546507e-02,8.36018849e-03,4.62696929e-02,0
0.968712,175.2128,2.09661657e-05,2.40849680e-05,4.39139118e-06,5.48173902e-06,-8.87987594e-07,-3.26955178e-06,4.30067373e-06,4.39994248e-06,-1.01234015e-03,-9.51091185e-04,2.10433951e-02,4.96936681e-03,5.19527663e-02,0
0.968712,179.0000,2.13542256e-05,2.45112493e-05,9.31939628e-07,1.15405982e-06,-2.27823978e-07,-6.95366459e-07,9.03663491e-07,9.21042643e-07,-1.02133856e-03,-9.57261533e-04,2.13012855e-02,1.01233446e-03,5.43515892e-02,0
0.969677,1.0000,-1.41999618e-05,-1.57393234e-05,2.92088924e-07,3.37982593e-07,2.91895024e-07,-3.36514624e-07,-1.06411593e-08,3.14665065e-08,9.60771643e-04,9.12425915e-04,1.03864855e-02,2.09164879e-04,4.10079443e-02,0
0.969677,4.7872,-1.34717021e-05,-1.51719712e-05,1.56247485e-06,1.56663457e-06,1.56148748e-06,-1.55839804e-06,-5.55382588e-08,1.60435094e-07,9.53384126e-04,9.08550119e-04,1.14721717e-02,1.89583514e-05,3.80292234e-02,0
0.969677,8.5745,-1.18245516e-05,-1.38823748e-05,2.70360436e-06,2.59696416e-06,2.70342312e-06,-2.57622038e-06,3.13045803e-08,3.27584220e-07,9.39515452e-04,8.99680716e-04,1.38846844e-02,4.86023130e-04,3.37887274e-02,0
0.969677,12.3617,-9.37174297e-06,-1.19179900e-05,3.54471807e-06,3.28626418e-06,3.52895232e-06,-3.23785541e-06,3.33948654e-07,5.61982725e-07,9.21641198e-04,8.86002336e-04,1.71802113e-02,1.17792885e-03,3.02296917e-02,0
0.969677,16.1489,-6.27125251e-06,-9.35102468e-06,4.14111515e-06,3.52116861e-06,4.05304454e-06,-3.40662664e-06,8.49508485e-07,8.90799243e-07,9.00461703e-04,8.67795405e-04,2.07800483e-02,2.82546693e-03,2.77082955e-02,0
0.969677,19.9362,-2.67778654e-06,-6.27567953e-06,4.53581752e-06,3.25523675e-06,4.25375966e-06,-2.96730457e-06,1.57453780e-06,1.33853274e-06,8.76013661e-04,8.45424811e-04,2.42759484e-02,5.83637193e-03,2.59461575e-02,0
0.969677,23.7234,1.22490444e-06,-2.80455203e-06,4.84857968e-06,2.65784733e-06,4.15731997e-06,-1.83124492e-06,2.49507828e-06,1.92631629e-06,8.48548217e-04,8.19325163e-04,2.71878229e-02,9.98447670e-03,2.47876583e-02,0
0.969677,27.5106,5.23674522e-06,9.35658616e-07,5.23816318e-06,2.67197629e-06,3.81563888e-06,5.95390581e-08,3.58876768e-06,2.67131286e-06,8.18490892e-04,7.89983274e-04,2.90205842e-02,1.16956474e-02,2.41808089e-02,0
0.969677,31.2979,9.11851351e-06,4.80897865e-06,5.81651855e-06,4.50680873e-06,3.25282730e-06,2.72953470e-06,4.82192934e-06,3.58621880e-06,7.86406141e-04,7.57918586e-04,2.90775869e-02,5.96913044e-03,2.41637906e-02,0
0.969677,35.0851,1.26547136e-05,8.67533211e-06,6.69924314e-06,7.74203501e-06,2.59011847e-06,6.16823442e-06,6.17828010e-06,4.67888771e-06,7.52266428e-04,7.23662368e-04,2.68499534e-02,4.75262580e-03,2.42626135e-02,0
0.969677,38.8723,1.57279128e-05,1.23958585e-05,7.90757426e-06,1.19221316e-05,1.97913208e-06,1.03300495e-05,7.65589752e-06,5.95208357e-06,7.15816804e-04,6.87736549e-04,2.24822637e-02,1.82967371e-02,2.38183105e-02,0
0.969677,42.6596,1.82384334e-05,1.58381698e-05,9.36164910e-06,1.68492568e-05,1.50839629e-06,1.51356400e-05,9.23932977e-06,7.40336810e-06,6.77325804e-04,6.50633086e-04,1.61952219e-02,3.41255037e-02,2.26413697e-02,0
0.969677,46.4468,2.01226671e-05,1.88813447e-05,1.09862855e-05,2.23754910e-05,1.27344589e-06,2.04746122e-05,1.09122319e-05,9.02512337e-06,6.37374825e-04,6.12794742e-04,8.37553532e-03,5.19074166e-02,2.08493844e-02,0
0.969677,50.2340,2.13265836e-05,2.14204662e-05,1.27202809e-05,2.83492247e-05,1.30364487e-06,2.62094802e-05,1.26533022e-05,1.08047069e-05,5.96310727e-04,5.74598087e-04,6.33450770e-04,7.12304381e-02,1.84171541e-02,0
0.969677,54.0213,2.18083776e-05,2.33705295e-05,1.45299099e-05,3.46051835e-05,1.61446781e-06,3.21807383e-05,1.44399368e-05,1.27247322e-05,5.54464599e-04,5.36339468e-04,1.05402582e-02,9.14950206e-02,1.53741474e-02,0
0.969677,57.8085,2.15408435e-05,2.46695697e-05,1.63992813e-05,4.09656148e-05,2.21627975e-06,3.82128472e-05,1.62488317e-05,1.47634651e-05,5.12184566e-04,4.98224566e-04,2.11103543e-02,1.11963465e-01,1.18411892e-02,0
0.969677,61.5957,2.06995669e-05,2.52808891e-05,1.83795555e-05,4.72451662e-05,3.23795173e-06,4.41209000e-05,1.80920902e-05,1.68953222e-05,4.70672642e-04,4.60362003e-04,3.09114090e-02,1.31557841e-01,8.74571883e-03,0
0.969677,65.3830,1.95881809e-05,2.51943027e-05,2.05268006e-05,5.32572437e-05,4.73442114e-06,4.97177066e-05,1.99733522e-05,1.90914550e-05,4.30912602e-04,4.22761326e-04,3.78260063e-02,1.49172192e-01,6.91409801e-03,0
0.969677,69.1702,1.83205246e-05,2.44263531e-05,2.28037540e-05,5.88209466e-05,6.51263255e-06,5.48210192e-05,2.18539885e-05,2.13204037e-05,3.92390805e-04,3.85335500e-04,4.11976614e-02,1.64151874e-01,5.98447002e-03,0
0.969677,72.9574,1.69640726e-05,2.30194918e-05,2.51280678e-05,6.37680665e-05,8.35697649e-06,5.92606143e-05,2.36976947e-05,2.35487984e-05,3.54365336e-04,3.47907854e-04,4.08575362e-02,1.76105569e-01,5.47738322e-03,0
0.969677,76.7447,1.55838157e-05,2.10402601e-05,2.73901828e-05,6.79497782e-05,1.00634324e-05,6.28849515e-05,2.54744861e-05,2.57420905e-05,3.16085798e-04,3.10223261e-04,3.68160933e-02,1.84854318e-01,4.97273652e-03,0
0.969677,80.5319,1.42419348e-05,1.85765447e-05,2.94734737e-05,7.12427220e-05,1.14384433e-05,6.55671482e-05,2.71633515e-05,2.78652925e-05,2.76741282e-04,2.71963139e-04,2.92467748e-02,1.90367430e-01,4.05292962e-03,0
0.969677,84.3191,1.30013316e-05,1.57340159e-05,3.12786403e-05,7.35542255e-05,1.22982204e-05,6.72100304e-05,2.87594700e-05,2.98837062e-05,2.35501077e-04,2.32763707e-04,1.84381537e-02,1.92675109e-01,2.32189965e-03,0
0.969677,88.1064,1.18147722e-05,1.26318920e-05,3.27886566e-05,7.48264570e-05,1.24729968e-05,6.77500622e-05,3.03235940e-05,3.17636228e-05,1.91437843e-04,1.92236799e-04,5.51332661e-03,1.91591382e-01,6.77692655e-04,0
0.969677,91.8936,1.04314910e-05,9.39819514e-06,3.41830339e-05,7.50393557e-05,1.19572433e-05,6.71599937e-05,3.20234936e-05,3.34729764e-05,1.44487356e-04,1.49992408e-04,6.97192381e-03,1.86206678e-01,4.66951015e-03,0
0.969677,95.6809,9.12731308e-06,6.16468706e-06,3.55017656e-05,7.42122254e-05,1.07551457e-05,6.54501223e-05,3.38334479e-05,3.49819365e-05,9.70392427e-05,1.05662076e-04,1.99896319e-02,1.76426702e-01,7.31408301e-03,0
0.969677,99.4681,7.65130119e-06,3.06168276e-06,3.66163277e-05,7.24039273e-05,8.87725018e-06,6.26681131e-05,3.55239340e-05,3.62634291e-05,4.93986590e-05,5.89221705e-05,3.09673858e-02,1.63105481e-01,8.07805878e-03,0
0.969677,103.2553,5.95765304e-06,2.12946080e-07,3.75430862e-05,6.97116366e-05,6.50723529e-06,5.88973812e-05,3.69748456e-05,3.72935755e-05,3.82425710e-07,9.51611607e-06,3.87610777e-02,1.46611311e-01,7.74740360e-03,0
0.969677,107.0426,4.11061908e-06,-2.26913342e-06,3.83325617e-05,6.62681300e-05,3.84324671e-06,5.42540967e-05,3.81394119e-05,3.80520439e-05,-5.08812850e-05,-4.27253570e-05,4.30459002e-02,1.27319082e-01,6.91804337e-03,1
0.969677,110.8298,2.17503114e-06,-4.28789391e-06,3.90043456e-05,6.22375183e-05,1.09151887e-06,4.88829245e-05,3.89890698e-05,3.85223101e-05,-1.05053166e-04,-9.78667958e-05,4.36070877e-02,1.05887454e-01,6.09564219e-03,1
0.969677,114.6170,2.18480560e-07,-5.76611557e-06,3.95378763e-05,5.78091929e-05,-1.53274553e-06,4.29516618e-05,3.95081556e-05,3.86918276e-05,-1.62620870e-04,-1.55854200e-04,4.03796742e-02,8.32733100e-02,5.73964367e-03,0
0.969677,118.4043,-1.68833912e-06,-6.64895183e-06,3.98743701e-05,5.31894710e-05,-3.80501730e-06,3.66449811e-05,3.96924078e-05,3.85521100e-05,-2.23980847e-04,-2.16505415e-04,3.34705836e-02,6.06848731e-02,6.34083160e-03,0
0.969677,122.1915,-3.42801985e-06,-6.90596445e-06,3.99302646e-05,4.85900109e-05,-5.52611582e-06,3.01575182e-05,3.95460248e-05,3.80987304e-05,-2.89229782e-04,-2.79505216e-04,2.34666245e-02,3.94676398e-02,8.24859818e-03,0
0.969677,125.9787,-4.67214146e-06,-6.53218512e-06,3.96054285e-05,4.42117145e-05,-6.71449982e-06,2.36865748e-05,3.90321080e-05,3.73312453e-05,-3.57112414e-04,-3.44405378e-04,1.25502131e-02,2.09935986e-02,1.07783962e-02,0
0.969677,129.7660,-5.21333539e-06,-5.54816431e-06,3.88328382e-05,4.02231851e-05,-7.45512450e-06,1.74247159e-05,3.81105030e-05,3.62530536e-05,-4.26155247e-04,-4.10629844e-04,2.25918049e-03,6.33664196e-03,1.31689996e-02,0
0.969677,133.5532,-5.07135532e-06,-3.99900854e-06,3.75987875e-05,3.67350233e-05,-7.75602021e-06,1.15525521e-05,3.67901205e-05,3.48711984e-05,-4.95463178e-04,-4.77484895e-04,7.23541119e-03,3.93668942e-03,1.52495883e-02,0
0.969677,137.3404,-4.28050232e-06,-1.95244641e-06,3.59078321e-05,3.37760325e-05,-7.63371318e-06,6.23198524e-06,3.50870180e-05,3.31961252e-05,-5.64134567e-04,-5.44174057e-04,1.57080173e-02,9.71588512e-03,1.69309581e-02,0
0.969677,141.1277,-2.88262586e-06,5.03997295e-07,3.37817056e-05,3.12823607e-05,-7.11790900e-06,1.60017994e-06,3.30233100e-05,3.12414071e-05,-6.31269603e-04,-6.09817279e-04,2.28504542e-02,1.13910085e-02,1.81963481e-02,1
0.969677,144.9149,-8.96529031e-07,3.26660577e-06,3.12577864e-05,2.91094138e-05,-6.28012584e-06,-2.23550283e-06,3.06204054e-05,2.90234474e-05,-6.95903559e-04,-6.73473744e-04,2.80897864e-02,9.79141784e-03,1.90254778e-02,0
0.969677,148.7021,1.59769639e-06,6.21970796e-06,2.83912155e-05,2.70656712e-05,-5.20977882e-06,-5.20141458e-06,2.79091261e-05,2.65611718e-05,-7.57258888e-04,-7.34167560e-04,3.11859510e-02,6.04129743e-03,1.95865885e-02,0
0.969677,152.4894,4.49634561e-06,9.24038070e-06,2.52446206e-05,2.49551727e-05,-4.06768276e-06,-7.26021731e-06,2.49147512e-05,2.38757176e-05,-8.15070834e-04,-7.90915429e-04,3.20092764e-02,1.31918678e-03,2.04891626e-02,0
0.969677,156.2766,7.59907013e-06,1.22034278e-05,2.18884473e-05,2.26130151e-05,-2.98649977e-06,-8.41206953e-06,2.16837483e-05,2.09901295e-05,-8.68882664e-04,-8.42755330e-04,3.10668352e-02,3.30228866e-03,2.21617977e-02,0
0.969677,160.0638,1.06839910e-05,1.49864379e-05,1.83956099e-05,1.99259439e-05,-2.00363774e-06,-8.69435382e-06,1.82861669e-05,1.79290672e-05,-9.17691613e-04,-8.88775202e-04,2.90297625e-02,6.97464631e-03,2.45275560e-02,0
0.969677,163.8511,1.35725191e-05,1.74747204e-05,1.48334510e-05,1.68388478e-05,-1.18540681e-06,-8.17995640e-06,1.47860096e-05,1.47185294e-05,-9.60690024e-04,-9.28140601e-04,2.63291983e-02,9.13979180e-03,2.76091595e-02,0
0.969677,167.6383,1.60787656e-05,1.95659228e-05,1.12608228e-05,1.33518092e-05,-5.80822057e-07,-6.97416513e-06,1.12458337e-05,1.13855975e-05,-9.97253453e-04,-9.60120335e-04,2.35287840e-02,9.52987510e-03,3.14971540e-02,0
0.969677,171.4255,1.80155906e-05,2.11741469e-05,7.72771135e-06,9.51210878e-06,-2.00976479e-07,-5.21030679e-06,7.72509748e-06,7.95819808e-06,-1.02694682e-03,-9.84109166e-04,2.13116260e-02,8.13256562e-03,3.63358731e-02,0
0.969677,175.2128,1.92586623e-05,2.22334005e-05,4.28453057e-06,5.40397189e-06,-8.09762521e-08,-3.04429307e-06,4.28376529e-06,4.46488430e-06,-1.04860425e-03,-9.99646735e-04,2.00713562e-02,5.10196314e-03,4.15268807e-02,0
0.969677,179.0000,1.97522330e-05,2.27002474e-05,9.00063180e-07,1.13746020e-06,-5.33586819e-08,-6.48287543e-07,8.98480150e-07,9.34633066e-07,-1.05932865e-03,-1.00643205e-03,1.98910430e-02,1.08196011e-03,4.48680965e-02,0
0.970643,1.0000,-1.30380155e-05,-1.45436510e-05,5.52264391e-07,2.97237088e-07,5.51391132e-07,-2.93294173e-07,-3.10447572e-08,4.82536497e-08,9.79689388e-04,9.46990132e-04,1.01589259e-02,1.16231184e-03,2.77362510e-02,0
0.970643,4.7872,-1.21860034e-05,-1.39317706e-05,2.29415927e-06,1.37322804e-06,2.29361401e-06,-1.35198823e-06,-5.00150868e-08,2.40589025e-07,9.72497488e-04,9.42589947e-04,1.17791591e-02,4.19723404e-03,2.53682549e-02,0
0.970643,8.5745,-1.03150458e-05,-1.25412959e-05,3.65159201e-06,2.25807141e-06,3.65035707e-06,-2.20855566e-06,9.49604523e-08,4.70285392e-07,9.59030560e-04,9.32528133e-04,1.50211062e-02,6.35110630e-03,2.24799610e-02,0
0.970643,12.3617,-7.60021687e-06,-1.04241888e-05,4.64964707e-06,2.81837100e-06,4.62662573e-06,-2.71234040e-06,4.62117140e-07,7.65783678e-07,9.41186325e-04,9.17032047e-04,1.90540954e-02,8.34621959e-03,2.04882073e-02,0
0.970643,16.1489,-4.21943258e-06,-7.65950963e-06,5.37208265e-06,2.96194343e-06,5.26974819e-06,-2.72803603e-06,1.04356410e-06,1.15365867e-06,9.19615243e-04,8.96447073e-04,2.32111220e-02,1.09844449e-02,1.96517680e-02,0
0.970643,19.9362,-3.44066821e-07,-4.35039360e-06,5.88798046e-06,2.70834831e-06,5.59639577e-06,-2.14164441e-06,1.82993667e-06,1.65786303e-06,8.94609439e-04,8.71222707e-04,2.70317607e-02,1.44914841e-02,1.98371576e-02,0
0.970643,23.7234,3.83580140e-06,-6.20107596e-07,6.26237718e-06,2.45658879e-06,5.59635473e-06,-8.65580596e-07,2.81037038e-06,2.29904299e-06,8.66235813e-04,8.41894481e-04,3.00652124e-02,1.73452524e-02,2.06468712e-02,1
0.970643,27.5106,8.09590800e-06,3.39265830e-06,6.62859994e-06,3.30329970e-06,5.31688619e-06,1.15728105e-06,3.95841615e-06,3.09394400e-06,8.35027825e-04,8.09062455e-04,3.17340864e-02,1.51553807e-02,2.20244164e-02,0
0.970643,31.2979,1.21656471e-05,7.53908296e-06,7.09994585e-06,5.66136726e-06,4.79294389e-06,3.95078329e-06,5.23802634e-06,4.05492178e-06,8.01600553e-04,7.73367171e-04,3.12166684e-02,6.55646247e-03,2.39481958e-02,0
0.970643,35.0851,1.58771161e-05,1.16658849e-05,7.87066786e-06,9.12368713e-06,4.20998442e-06,7.50400007e-06,6.65007096e-06,5.18957124e-06,7.65579371e-04,7.35464066e-04,2.84143057e-02,5.71075770e-03,2.55444855e-02,0
0.970643,38.8723,1.91069175e-05,1.56211524e-05,8.97212648e-06,1.34467935e-05,3.67773605e-06,1.17711508e-05,8.18372232e-06,6.50048189e-06,7.27034601e-04,6.95997403e-04,2.35193920e-02,2.03937321e-02,2.63264560e-02,0
0.970643,42.6596,2.17490133e-05,1.92601071e-05,1.03488677e-05,1.84864419e-05,3.26526962e-06,1.66729216e-05,9.82023815e-06,7.98512479e-06,6.86300202e-04,6.55574813e-04,1.67933175e-02,3.70877892e-02,2.60619730e-02,0
0.970643,46.4468,2.37300407e-05,2.24505797e-05,1.19388435e-05,2.41085518e-05,3.05983458e-06,2.20991456e-05,1.15400778e-05,9.63587215e-06,6.44014492e-04,6.14743504e-04,8.63286660e-03,5.54646345e-02,2.48283168e-02,0
0.970643,50.2340,2.49985368e-05,2.50779856e-05,1.36812376e-05,3.01661721e-05,3.11226949e-06,2.79127387e-05,1.33225388e-05,1.14401467e-05,6.00752090e-04,5.73969154e-04,5.36061870e-04,7.51316996e-02,2.27178944e-02,0
0.970643,54.0213,2.55105348e-05,2.70496094e-05,1.55291002e-05,3.64961282e-05,3.43636942e-06,3.39547401e-05,1.51441182e-05,1.33806948e-05,5.56896258e-04,5.33618376e-04,1.03845489e-02,9.55592783e-02,1.97448287e-02,0
0.970643,57.8085,2.52366488e-05,2.82980347e-05,1.74552335e-05,4.29219360e-05,4.04142654e-06,4.00502603e-05,1.69809319e-05,1.54359723e-05,5.12839921e-04,4.93945516e-04,2.06559912e-02,1.16066985e-01,1.60266640e-02,0
0.970643,61.5957,2.42228840e-05,2.87835876e-05,1.94669340e-05,4.92591973e-05,4.97288004e-06,4.60151050e-05,1.88210516e-05,1.75806321e-05,4.69282230e-04,4.55084373e-04,3.07722893e-02,1.35781150e-01,1.20429448e-02,0
0.970643,65.3830,2.27977553e-05,2.84957022e-05,2.16519049e-05,5.53221122e-05,6.37781281e-06,5.16628153e-05,2.06912661e-05,1.97860965e-05,4.27744111e-04,4.17045228e-04,3.84455753e-02,1.53455259e-01,9.07503516e-03,0
0.970643,69.1702,2.11700769e-05,2.74531578e-05,2.39871357e-05,6.09304458e-05,8.13796769e-06,5.68118484e-05,2.25644889e-05,2.20211967e-05,3.88217873e-04,3.79717354e-04,4.23936309e-02,1.68372745e-01,7.21033260e-03,0
0.970643,72.9574,1.94156352e-05,2.57031818e-05,2.63830059e-05,6.59165086e-05,1.00251452e-05,6.12926161e-05,2.44040870e-05,2.42528621e-05,3.49909785e-04,3.42876966e-04,4.24237619e-02,1.80177801e-01,5.96539705e-03,0
0.970643,76.7447,1.76051169e-05,2.33194566e-05,2.87250298e-05,7.01318108e-05,1.18212484e-05,6.49541039e-05,2.61798667e-05,2.64468386e-05,3.12010663e-04,3.06200337e-04,3.85561820e-02,1.88715450e-01,4.92845084e-03,0
0.970643,80.5319,1.58076861e-05,2.03991107e-05,3.08892685e-05,7.34530978e-05,1.33186295e-05,6.76698098e-05,2.78704326e-05,2.85684164e-05,2.73629007e-04,2.69281604e-04,3.09795726e-02,1.93988810e-01,3.68756594e-03,0
0.970643,84.3191,1.40942329e-05,1.70588146e-05,3.27665749e-05,7.57875211e-05,1.43188091e-05,6.93427674e-05,2.94723622e-05,3.05831484e-05,2.33859450e-04,2.31654592e-04,2.00028275e-02,1.96072165e-01,1.87021076e-03,0
0.970643,88.1064,1.25252026e-05,1.34301368e-05,3.42973982e-05,7.70767389e-05,1.46267240e-05,6.99094538e-05,3.10220965e-05,3.24575409e-05,1.91667355e-04,1.92817797e-04,6.10583335e-03,1.94971024e-01,9.75831127e-04,0
0.970643,91.8936,1.08163348e-05,9.65434157e-06,3.56388559e-05,7.72997876e-05,1.41386472e-05,6.93424259e-05,3.27143195e-05,3.41597004e-05,1.46423731e-04,1.52261573e-04,7.84027986e-03,1.89873766e-01,4.95178942e-03,0
0.970643,95.6809,9.10920919e-06,5.87683599e-06,3.68403502e-05,7.64746117e-05,1.28574529e-05,6.76515793e-05,3.45238658e-05,3.56599222e-05,1.00773958e-04,1.09496413e-04,2.18096884e-02,1.80637018e-01,7.39858515e-03,0
0.970643,99.4681,7.11963598e-06,2.24148177e-06,3.77966092e-05,7.46581833e-05,1.08894535e-05,6.48839747e-05,3.61939701e-05,3.69312085e-05,5.44612063e-05,6.40812265e-05,3.29142140e-02,1.68000225e-01,8.15991961e-03,0
0.970643,103.2553,4.91024428e-06,-1.11500369e-06,3.85648924e-05,7.19451758e-05,8.44213963e-06,6.11222382e-05,3.76295257e-05,3.79497078e-05,6.16719392e-06,1.56504229e-05,4.06539631e-02,1.52133903e-01,8.04389018e-03,1
0.970643,107.0426,2.55445008e-06,-4.06833859e-06,3.92035698e-05,6.84651622e-05,5.72675097e-06,5.64815906e-05,3.87830402e-05,3.86950690e-05,-4.50523239e-05,-3.60612744e-05,4.46857304e-02,1.33362566e-01,7.62641238e-03,1
0.970643,110.8298,1.25120553e-07,-6.51145404e-06,3.97369921e-05,6.43782757e-05,2.96215938e-06,5.11056214e-05,3.96264325e-05,3.91507069e-05,-9.99286330e-05,-9.11973463e-05,4.47787477e-02,1.12305057e-01,7.40607561e-03,0
0.970643,114.6170,-2.30239681e-06,-8.35857155e-06,4.01463943e-05,5.98691551e-05,3.76200699e-07,4.51609676e-05,4.01446316e-05,3.93039786e-05,-1.59000353e-04,-1.49762237e-04,4.08626344e-02,8.98884090e-02,7.83597927e-03,0
0.970643,118.4043,-4.64737775e-06,-9.54842287e-06,4.03740691e-05,5.51387823e-05,-1.79537307e-06,3.88311020e-05,4.03341306e-05,3.91462749e-05,-2.22699645e-04,-2.11609120e-04,3.30686652e-02,6.72916229e-02,9.40723529e-03,0
0.970643,122.1915,-6.69161864e-06,-1.00464883e-05,4.03323113e-05,5.03935024e-05,-3.42319675e-06,3.23094717e-05,4.01867771e-05,3.86730283e-05,-2.90641627e-04,-2.76433247e-04,2.26362047e-02,4.58548613e-02,1.20518701e-02,0
0.970643,125.9787,-8.06587567e-06,-9.84616831e-06,3.99041612e-05,4.58302423e-05,-4.59421480e-06,2.57922524e-05,3.96388102e-05,3.78836485e-05,-3.61171462e-04,-3.43771252e-04,1.20121116e-02,2.70086933e-02,1.47592532e-02,0
0.970643,129.7660,-8.70661485e-06,-8.96884613e-06,3.90448191e-05,4.16171897e-05,-5.33627098e-06,1.94709974e-05,3.86784450e-05,3.67813911e-05,-4.33138214e-04,-4.13006543e-04,1.76934476e-03,1.17238303e-02,1.70761403e-02,0
0.970643,133.5532,-8.63319800e-06,-7.46284123e-06,3.77416939e-05,3.78708272e-05,-5.65697334e-06,1.35254696e-05,3.73153335e-05,3.53731709e-05,-5.05579423e-04,-4.83380705e-04,7.89671082e-03,5.88537332e-04,1.88294568e-02,0
0.970643,137.3404,-7.87938462e-06,-5.40129909e-06,3.60002441e-05,3.46339195e-05,-5.57172140e-06,8.11693230e-06,3.55664659e-05,3.36693301e-05,-5.77518527e-04,-5.54010569e-04,1.67203074e-02,6.22715788e-03,1.99399839e-02,0
0.970643,141.1277,-6.46680761e-06,-2.87910316e-06,3.38410082e-05,3.18633817e-05,-5.11830971e-06,3.38216077e-06,3.34517077e-05,3.16833723e-05,-6.47895208e-04,-6.23910438e-04,2.42072036e-02,9.01322632e-03,2.03444263e-02,0
0.970643,144.9149,-4.42818011e-06,-8.93392439e-09,3.13019972e-05,2.94372239e-05,-4.36453928e-06,-5.71592305e-07,3.09962228e-05,2.94316740e-05,-7.15640696e-04,-6.92018686e-04,2.98178386e-02,8.49888651e-03,2.00367249e-02,0
0.970643,148.7021,-1.85369292e-06,3.08336669e-06,2.84369711e-05,2.71821399e-05,-3.38561359e-06,-3.67048231e-06,2.82347117e-05,2.69331820e-05,-7.79857645e-04,-7.57227853e-04,3.33116646e-02,5.71901552e-03,1.91951039e-02,1
0.970643,152.4894,1.15000281e-06,6.26394022e-06,2.53058795e-05,2.49121654e-05,-2.29977918e-06,-5.87665719e-06,2.52011618e-05,2.42091075e-05,-8.39937902e-04,-8.18417150e-04,3.45051065e-02,1.79439046e-03,1.82543911e-02,0
0.970643,156.2766,4.43297380e-06,9.39636051e-06,2.19632795e-05,2.24641522e-05,-1.30309163e-06,-7.18944050e-06,2.19245889e-05,2.12826239e-05,-8.95757211e-04,-8.74486238e-04,3.34893005e-02,2.28277644e-03,1.80425229e-02,0
0.970643,160.0638,7.74510026e-06,1.23471695e-05,1.84823435e-05,1.97207405e-05,-4.42570817e-07,-7.64506674e-06,1.84770439e-05,1.81785743e-05,-9.46249541e-04,-9.24389059e-04,3.10513950e-02,5.64411555e-03,1.85425572e-02,0
0.970643,163.8511,1.08836288e-05,1.49912801e-05,1.49280344e-05,1.66195853e-05,2.20830371e-07,-7.31497923e-06,1.49264009e-05,1.49231932e-05,-9.90484451e-04,-9.67166501e-04,2.77154239e-02,7.70940879e-03,1.97788145e-02,0
0.970643,167.6383,1.36274924e-05,1.72170304e-05,1.13541766e-05,1.31523808e-05,6.65771625e-07,-6.30275658e-06,1.13346405e-05,1.15438460e-05,-1.02794353e-03,-1.00197671e-03,2.42195751e-02,8.19549134e-03,2.20256452e-02,0
0.970643,171.4255,1.58034320e-05,1.89306904e-05,7.81074714e-06,9.35793121e-06,8.50954508e-07,-4.73978761e-06,7.76425446e-06,8.06878491e-06,-1.05797104e-03,-1.02812194e-03,2.11004508e-02,7.05144255e-03,2.53186857e-02,0
0.970643,175.2128,1.72710762e-05,2.00602401e-05,4.33790100e-06,5.31231249e-06,7.10262256e-07,-2.77986278e-06,4.27935890e-06,4.52692245e-06,-1.07945927e-03,-1.04507097e-03,1.88192370e-02,4.44097554e-03,2.91689375e-02,0
0.970643,179.0000,1.79124906e-05,2.05582714e-05,9.06214101e-07,1.11781228e-06,2.18680974e-07,-5.92893142e-07,8.79433129e-07,9.47619127e-07,-1.09007205e-03,-1.05247624e-03,1.78517923e-02,9.64379359e-04,3.18896131e-02,0
0.971609,1.0000,-1.16190189e-05,-1.30888488e-05,6.60600491e-07,2.51775811e-07,6.60274493e-07,-2.43409423e-07,-2.07509889e-08,6.43654550e-08,9.92442755e-04,9.78925166e-04,9.91733652e-03,1.86325842e-03,1.14659257e-02,0
0.971609,4.7872,-1.06690332e-05,-1.24407295e-05,2.91091857e-06,1.15859681e-06,2.91084188e-06,-1.11424293e-06,-2.11290739e-08,3.17504740e-07,9.87211151e-04,9.73990673e-04,1.19541102e-02,7.98637758e-03,1.12139099e-02,0
0.971609,8.5745,-8.61372390e-06,-1.09681970e-05,4.51074096e-06,1.88741654e-06,4.50742564e-06,-1.78709019e-06,1.72910844e-07,6.07165402e-07,9.74794979e-04,9.62714186e-04,1.58862613e-02,1.19560573e-02,1.02472029e-02,0
0.971609,12.3617,-5.67930800e-06,-8.72697531e-06,5.68987349e-06,2.32261665e-06,5.65847019e-06,-2.11441387e-06,5.96971892e-07,9.61146228e-07,9.57262410e-04,9.45367301e-04,2.05634283e-02,1.53466020e-02,1.00897017e-02,0
0.971609,16.1489,-2.06325849e-06,-5.80184765e-06,6.55623393e-06,2.41486506e-06,6.43846628e-06,-1.96376612e-06,1.23707530e-06,1.40541662e-06,9.35454696e-04,9.22362640e-04,2.52252632e-02,1.88746932e-02,1.11049788e-02,0
0.971609,19.9362,2.04598756e-06,-2.30341114e-06,7.19802351e-06,2.31347183e-06,6.89125066e-06,-1.22364608e-06,2.07899178e-06,1.96337520e-06,9.09908083e-04,8.94237296e-04,2.93465589e-02,2.22618215e-02,1.32923176e-02,1
0.971609,23.7234,6.44739454e-06,1.63615451e-06,7.66046243e-06,2.66207373e-06,7.00046596e-06,1.91481785e-07,3.11065282e-06,2.65517820e-06,8.80744969e-04,8.61631288e-04,3.24627261e-02,2.27806448e-02,1.62126589e-02,0
0.971609,27.5106,1.08846273e-05,5.86814012e-06,8.02701300e-06,4.20626329e-06,6.77770703e-06,2.33721043e-06,4.30065404e-06,3.49715574e-06,8.48589276e-04,8.25261931e-04,3.38475835e-02,1.74134400e-02,1.97867841e-02,0
0.971609,31.2979,1.51011571e-05,1.02329865e-05,8.47293502e-06,6.90521687e-06,6.33402526e-06,5.23641483e-06,5.62767730e-06,4.50133089e-06,8.13684246e-04,7.85895164e-04,3.28468521e-02,7.14502863e-03,2.35713303e-02,0
0.971609,35.0851,1.89491321e-05,1.45663704e-05,9.18841366e-06,1.05366703e-05,5.84204399e-06,8.87779166e-06,7.09207075e-06,5.67505377e-06,7.75790914e-04,7.44315014e-04,2.95716682e-02,6.14481113e-03,2.66985734e-02,0
0.971609,38.8723,2.23009773e-05,1.87054616e-05,1.02152961e-05,1.49648851e-05,5.38995074e-06,1.32157757e-05,8.67759790e-06,7.02075926e-06,7.35195545e-04,7.01292449e-04,2.42599077e-02,2.16467160e-02,2.87573762e-02,0
0.971609,42.6596,2.50476854e-05,2.24951099e-05,1.15243437e-05,2.00767661e-05,5.04082353e-06,1.81718394e-05,1.03634259e-05,8.53585321e-06,6.92341751e-04,6.57554923e-04,1.72229108e-02,3.89785007e-02,2.95069776e-02,0
0.971609,46.4468,2.71029942e-05,2.57937216e-05,1.30638281e-05,2.57490522e-05,4.85814886e-06,2.36371290e-05,1.21269120e-05,1.02127284e-05,6.47816796e-04,6.13757866e-04,8.83401342e-03,5.78141479e-02,2.88895581e-02,0
0.971609,50.2340,2.84174964e-05,2.84786014e-05,1.47894988e-05,3.18400628e-05,4.91951179e-06,2.94763347e-05,1.39473180e-05,1.20389074e-05,6.02436975e-04,5.70459304e-04,4.12291490e-04,7.77096110e-02,2.71241861e-02,0
0.971609,54.0213,2.89463579e-05,3.04505528e-05,1.66475789e-05,3.81902294e-05,5.24200657e-06,3.55326473e-05,1.58007357e-05,1.39973068e-05,5.56670388e-04,5.28098699e-04,1.01492064e-02,9.81827343e-02,2.42351555e-02,0
0.971609,57.8085,2.86585520e-05,3.16375608e-05,1.86018248e-05,4.46261504e-05,5.83463497e-06,4.16336073e-05,1.76630948e-05,1.60666128e-05,5.10955744e-04,4.86980882e-04,2.01001710e-02,1.18608407e-01,2.03360220e-02,0
0.971609,61.5957,2.75423798e-05,3.19974172e-05,2.06316309e-05,5.09663189e-05,6.70514339e-06,4.75976188e-05,1.95116695e-05,1.82217550e-05,4.65782211e-04,4.47265809e-04,3.00593314e-02,1.38253304e-01,1.57060329e-02,0
0.971609,65.3830,2.58397401e-05,3.15191892e-05,2.28110484e-05,5.70276943e-05,7.98808743e-06,5.32408727e-05,2.13666653e-05,2.04344659e-05,4.22553107e-04,4.08964581e-04,3.83207652e-02,1.55945707e-01,1.15260965e-02,0
0.971609,69.1702,2.38660446e-05,3.02234772e-05,2.51661750e-05,6.26326209e-05,9.68499153e-06,5.83844089e-05,2.32279423e-05,2.26739056e-05,3.82030680e-04,3.71941969e-04,4.28953021e-02,1.70756987e-01,8.55747439e-03,0
0.971609,72.9574,2.17342021e-05,2.81614561e-05,2.76041059e-05,6.76157199e-05,1.15755530e-05,6.28610383e-05,2.50597932e-05,2.49073373e-05,3.43517686e-04,3.35925377e-04,4.33664049e-02,1.82356840e-01,6.43996914e-03,0
0.971609,76.7447,1.95203083e-05,2.54127389e-05,3.00038466e-05,7.18304393e-05,1.34273002e-05,6.65218534e-05,2.68316682e-05,2.71008308e-05,3.06133176e-04,3.00519949e-04,3.97578087e-02,1.90628782e-01,4.76126641e-03,0
0.971609,80.5319,1.73000819e-05,2.20821522e-05,3.22347401e-05,7.51549830e-05,1.50181184e-05,6.92420707e-05,2.85225277e-05,2.92199781e-05,2.68917641e-04,2.65229263e-04,3.22659098e-02,1.95613200e-01,3.12856544e-03,0
0.971609,84.3191,1.51523353e-05,1.82955488e-05,3.41779527e-05,7.74973800e-05,1.61342226e-05,7.09259721e-05,3.01300400e-05,3.12306001e-05,2.30889180e-04,2.29480816e-04,2.12081037e-02,1.97432522e-01,1.19460585e-03,0
0.971609,88.1064,1.31699082e-05,1.41948265e-05,3.57576696e-05,7.87994909e-05,1.65626257e-05,7.15107518e-05,3.16905406e-05,3.30994282e-05,1.90962531e-04,1.92655321e-04,6.91539856e-03,1.96167306e-01,1.43586304e-03,0
0.971609,91.8936,1.12535716e-05,9.93234798e-06,3.70576966e-05,7.90397938e-05,1.61041996e-05,7.09691119e-05,3.33755544e-05,3.47947433e-05,1.48096858e-04,1.54118666e-04,8.91465019e-03,1.91337509e-01,5.10783462e-03,0
0.971609,95.6809,9.11206075e-06,5.66498175e-06,3.81329796e-05,7.82348359e-05,1.47602468e-05,6.93105048e-05,3.51604784e-05,3.62869602e-05,1.04663679e-04,1.13255266e-04,2.32583660e-02,1.82768128e-01,7.28757978e-03,0
0.971609,99.4681,6.64663174e-06,1.54799859e-06,3.89503290e-05,7.64392794e-05,1.27300491e-05,6.65809678e-05,3.68113295e-05,3.75491433e-05,5.99898204e-05,6.95014759e-05,3.44018445e-02,1.70859554e-01,8.06800224e-03,0
0.971609,103.2553,3.95285564e-06,-2.27093818e-06,3.95807751e-05,7.37445032e-05,1.02374146e-05,6.28615545e-05,3.82339260e-05,3.85574469e-05,1.26799712e-05,2.23777119e-05,4.19936052e-02,1.55704528e-01,8.22584391e-03,1
0.971609,107.0426,1.11342587e-06,-5.65745332e-06,4.00892485e-05,7.02757352e-05,7.50717736e-06,5.82654202e-05,3.93800728e-05,3.92914720e-05,-3.82827897e-05,-2.84820272e-05,4.56849368e-02,1.37577862e-01,8.31322935e-03,0
0.971609,110.8298,-1.79099570e-06,-8.49559008e-06,4.05036657e-05,6.61876652e-05,4.77105748e-06,5.29336709e-05,4.02216850e-05,3.97345379e-05,-9.36943622e-05,-8.33044672e-05,4.52376954e-02,1.17057337e-01,8.81294490e-03,0
0.971609,114.6170,-4.67802726e-06,-1.06921910e-05,4.08074763e-05,6.16584058e-05,2.26973683e-06,4.70301369e-05,4.07443053e-05,3.98738665e-05,-1.54153322e-04,-1.42156278e-04,4.05791748e-02,9.50301481e-02,1.01761658e-02,0
0.971609,118.4043,-7.42761077e-06,-1.21803598e-05,4.09445123e-05,5.68815120e-05,2.29566391e-07,4.07352702e-05,4.09438688e-05,3.97006822e-05,-2.19985114e-04,-2.04929108e-04,3.20680716e-02,7.26344328e-02,1.27708457e-02,0
0.971609,122.1915,-9.70050515e-06,-1.29218712e-05,4.08033524e-05,5.20555378e-05,-1.31877230e-06,3.42394026e-05,4.07820354e-05,3.92102324e-05,-2.90165449e-04,-2.71331129e-04,2.17354202e-02,5.12829341e-02,1.59756979e-02,0
0.971609,125.9787,-1.12164638e-05,-1.29084378e-05,4.02776061e-05,4.73704343e-05,-2.45556373e-06,2.77356245e-05,4.02026835e-05,3.84017340e-05,-3.63109830e-04,-3.40885516e-04,1.14162025e-02,3.23262573e-02,1.88511676e-02,0
0.971609,129.7660,-1.19742738e-05,-1.21617875e-05,3.93359395e-05,4.29903018e-05,-3.18381089e-06,2.14125616e-05,3.92068806e-05,3.72782545e-05,-4.37779522e-04,-4.12936062e-04,1.26520487e-03,1.66551130e-02,2.10727867e-02,0
0.971609,133.5532,-1.19921784e-05,-1.07325522e-05,3.79672957e-05,3.90332447e-05,-3.51151961e-06,1.54473284e-05,3.78045602e-05,3.58465373e-05,-5.13147087e-04,-4.86659807e-04,8.49903552e-03,4.85816664e-03,2.24671123e-02,0
0.971609,137.3404,-1.12991106e-05,-8.69801592e-06,3.61782297e-05,3.55518424e-05,-3.45513686e-06,9.99893356e-06,3.60128634e-05,3.41167822e-05,-5.88150455e-04,-5.61086335e-04,1.75502829e-02,2.85482141e-03,2.29564012e-02,0
0.971609,141.1277,-9.89693735e-06,-6.15881425e-06,3.39883186e-05,3.25211972e-05,-3.06426125e-06,5.20239192e-06,3.38499055e-05,3.21023891e-05,-6.61568620e-04,-6.35123095e-04,2.52221186e-02,6.68654909e-03,2.24316942e-02,0
0.971609,144.9149,-7.84472948e-06,-3.23471889e-06,3.14371807e-05,2.98423795e-05,-2.39716550e-06,1.16377358e-06,3.13456524e-05,2.98196789e-05,-7.32275300e-04,-7.07585900e-04,3.11049772e-02,7.26846200e-03,2.09421098e-02,0
0.971609,148.7021,-5.23265622e-06,-5.96770717e-08,2.85773710e-05,2.73640156e-05,-1.52269301e-06,-2.04361837e-06,2.85367752e-05,2.72875975e-05,-7.99245410e-04,-7.77233525e-04,3.49034769e-02,5.52998550e-03,1.86709806e-02,0
0.971609,152.4894,-2.16861518e-06,3.22369558e-06,2.54681437e-05,2.49157419e-05,-5.36871389e-07,-4.38179224e-06,2.54624844e-05,2.45274150e-05,-8.61639909e-04,-8.42805190e-04,3.63833661e-02,2.51762525e-03,1.59760368e-02,1
0.971609,156.2766,1.22062215e-06,6.46994891e-06,2.21552521e-05,2.23417048e-05,3.78106510e-07,-5.84923540e-06,2.21520255e-05,2.15624260e-05,-9.19185585e-04,-9.03059560e-04,3.54186147e-02,8.49776128e-04,1.36784606e-02,0
0.971609,160.0638,4.70237505e-06,9.53672597e-06,1.86947317e-05,1.95245749e-05,1.10052045e-06,-6.48065973e-06,1.86623109e-05,1.84176565e-05,-9.71178597e-04,-9.56813874e-04,3.26186615e-02,3.78209116e-03,1.21844846e-02,0
0.971609,163.8511,8.02727026e-06,1.22905488e-05,1.51521493e-05,1.63971061e-05,1.60074086e-06,-6.34533481e-06,1.50673573e-05,1.51195838e-05,-1.01654994e-03,-1.00298175e-03,2.87654832e-02,5.67401237e-03,1.15088466e-02,0
0.971609,167.6383,1.09634188e-05,1.46122322e-05,1.15811380e-05,1.29433430e-05,1.86261068e-06,-5.54407378e-06,1.14303736e-05,1.16958699e-05,-1.05469584e-03,-1.04060831e-03,2.46195222e-02,6.20838204e-03,1.19493643e-02,0
0.971609,171.4255,1.33394117e-05,1.64017098e-05,8.02670446e-06,9.19317037e-06,1.82361450e-06,-4.20498947e-06,7.81680336e-06,8.17511131e-06,-1.08474167e-03,-1.06890128e-03,2.06621461e-02,5.31628231e-03,1.34361792e-02,0
0.971609,175.2128,1.50018267e-05,1.75820820e-05,4.51563967e-06,5.21328420e-06,1.39181524e-06,-2.47818623e-06,4.29579468e-06,4.58660279e-06,-1.10539914e-03,-1.08725703e-03,1.74096738e-02,3.17958312e-03,1.53885533e-02,0
0.971609,179.0000,1.58073511e-05,1.81027231e-05,9.49396395e-07,1.09648988e-06,3.41043322e-07,-5.29594233e-07,8.86026505e-07,9.60114578e-07,-1.11415271e-03,-1.09528041e-03,1.54874903e-02,6.70392920e-04,1.60079110e-02,0
0.972575,1.0000,-9.94650718e-06,-1.13834079e-05,7.63672851e-07,2.03410531e-07,7.63672759e-07,-1.87055148e-07,-3.74322402e-10,7.99138042e-08,1.00095278e-03,1.00813889e-03,9.69515420e-03,2.55345025e-03,6.09541981e-03,0
0.972575,4.7872,-8.91808675e-06,-1.07067248e-05,3.36913629e-06,9.32345021e-07,3.36894864e-06,-8.46063846e-07,3.55584762e-08,3.91718273e-07,9.97767583e-04,1.00266689e-03,1.20684201e-02,1.11059142e-02,4.15570055e-03,0
0.972575,8.5745,-6.72103988e-06,-9.16956094e-06,5.27364406e-06,1.50704608e-06,5.26690585e-06,-1.31331329e-06,2.66504171e-07,7.39186087e-07,9.86940218e-04,9.90168718e-04,1.65208279e-02,1.71666383e-02,2.73848684e-03,0
0.972575,12.3617,-3.60909006e-06,-6.83071735e-06,6.66715465e-06,1.84716424e-06,6.62603067e-06,-1.44594456e-06,7.39370494e-07,1.14946076e-06,9.69984729e-04,9.70961091e-04,2.17371828e-02,2.19675772e-02,8.28172604e-04,0
0.972575,16.1489,1.98628447e-07,-3.77965799e-06,7.69979424e-06,1.99010499e-06,7.56563641e-06,-1.11577684e-06,1.43107548e-06,1.64789560e-06,9.48108991e-04,9.45525209e-04,2.68425649e-02,2.60224665e-02,2.19162262e-03,0
0.972575,19.9362,4.49612888e-06,-1.33084292e-07,8.47000047e-06,2.26754396e-06,8.14508460e-06,-2.15005060e-07,2.32346827e-06,2.25732772e-06,9.22045485e-04,9.14487501e-04,3.12345421e-02,2.82683014e-02,6.41085333e-03,1
0.972575,23.7234,9.06398066e-06,3.96953102e-06,9.03655101e-06,3.28286932e-06,8.37344552e-06,1.33891886e-06,3.39774401e-06,2.99742010e-06,8.92244705e-04,8.78594562e-04,3.43736173e-02,2.62229664e-02,1.15783621e-02,0
0.972575,27.5106,1.36184498e-05,8.37127792e-06,9.43483767e-06,5.29546547e-06,8.22458033e-06,3.59941775e-06,4.62303367e-06,3.88408888e-06,8.59228183e-04,8.38683312e-04,3.54040755e-02,1.88655932e-02,1.74266264e-02,0
0.972575,31.2979,1.79444714e-05,1.29038043e-05,9.90797091e-06,8.22789633e-06,7.88736716e-06,6.58809016e-06,5.99644285e-06,4.92903095e-06,8.22804433e-04,7.95647611e-04,3.40107322e-02,7.65710403e-03,2.30350335e-02,0
0.972575,35.0851,2.18936964e-05,1.73937408e-05,1.06089821e-05,1.19851417e-05,7.49395620e-06,1.02932909e-05,7.50940223e-06,6.13936343e-06,7.83088438e-04,7.50402671e-04,3.03624068e-02,6.27198183e-03,2.77248093e-02,0
0.972575,38.8723,2.53363162e-05,2.16693061e-05,1.15899068e-05,1.64839758e-05,7.12254193e-06,1.46700512e-05,9.14304847e-06,7.51738355e-06,7.40513738e-04,7.03848745e-04,2.47423000e-02,2.23051977e-02,3.11000800e-02,0
0.972575,42.6596,2.81606179e-05,2.55668393e-05,1.28428959e-05,2.16304006e-05,6.83295716e-06,1.96413443e-05,1.08743124e-05,9.06045387e-06,6.95635178e-04,6.56835565e-04,1.75009192e-02,4.00499114e-02,3.29107129e-02,0
0.972575,46.4468,3.02727143e-05,2.89370052e-05,1.43292844e-05,2.73101106e-05,6.67638117e-06,2.51006517e-05,1.26788929e-05,1.07610140e-05,6.49038036e-04,6.10129018e-04,9.01238711e-03,5.91613834e-02,3.30035124e-02,0
0.972575,50.2340,3.16163024e-05,3.16504351e-05,1.60185584e-05,3.33872983e-05,6.73381151e-06,3.09157304e-05,1.45344417e-05,1.26067166e-05,6.01631874e-04,5.64381413e-04,2.30302302e-04,7.91597290e-02,3.15966871e-02,0
0.972575,54.0213,3.21500830e-05,3.36025863e-05,1.78634107e-05,3.97073674e-05,7.04062196e-06,3.69334367e-05,1.64174018e-05,1.45806816e-05,5.54052809e-04,5.20106607e-04,9.80042908e-03,9.95559668e-02,2.87939389e-02,0
0.972575,57.8085,3.18410016e-05,3.47176333e-05,1.98205749e-05,4.61016687e-05,7.60550056e-06,4.29854195e-05,1.83033208e-05,1.66618598e-05,5.06796475e-04,4.77661023e-04,1.94094054e-02,1.19778652e-01,2.47133527e-02,0
0.972575,61.5957,3.06723734e-05,3.49512436e-05,2.18609544e-05,5.23933899e-05,8.43422786e-06,4.88944589e-05,2.01684190e-05,1.88254931e-05,4.60373041e-04,4.37231377e-04,2.88706845e-02,1.39154558e-01,1.96292856e-02,0
0.972575,65.3830,2.87419748e-05,3.42921328e-05,2.40052154e-05,5.84040867e-05,9.58520097e-06,5.44812055e-05,2.20085050e-05,2.10436590e-05,4.15655619e-04,3.98829676e-04,3.74484034e-02,1.56776216e-01,1.42721464e-02,0
0.972575,69.1702,2.64316312e-05,3.27623423e-05,2.63397979e-05,6.39604763e-05,1.11728469e-05,5.95710528e-05,2.38527241e-05,2.32858798e-05,3.74122087e-04,3.62295731e-04,4.27150046e-02,1.71459917e-01,1.00313833e-02,0
0.972575,72.9574,2.39378184e-05,3.04162329e-05,2.87889389e-05,6.89011704e-05,1.30269475e-05,6.40008751e-05,2.56729750e-05,2.55197821e-05,3.35441792e-04,3.27307144e-04,4.37115988e-02,1.82815414e-01,6.89999291e-03,0
0.972575,76.7447,2.13426357e-05,2.73382365e-05,3.12232187e-05,7.30830557e-05,1.49004858e-05,6.76253647e-05,2.74383838e-05,2.77117860e-05,2.98677365e-04,2.93396428e-04,4.04539257e-02,1.90780297e-01,4.47941063e-03,0
0.972575,80.5319,1.87277027e-05,2.36394572e-05,3.35046449e-05,7.63870596e-05,1.65562161e-05,7.03227193e-05,2.91282156e-05,2.98278063e-05,2.62791669e-04,2.59974629e-04,3.31409249e-02,1.95440794e-01,2.38947655e-03,0
0.972575,84.3191,1.61805679e-05,1.94532579e-05,3.55048573e-05,7.87230680e-05,1.77640905e-05,7.19994531e-05,3.07413725e-05,3.18339470e-05,2.26732129e-04,2.26360532e-04,2.20817166e-02,1.96971217e-01,3.15196984e-04,0
0.972575,88.1064,1.38146954e-05,1.49300067e-05,3.71373765e-05,8.00337996e-05,1.82908316e-05,7.25941430e-05,3.23207397e-05,3.36971732e-05,1.89378739e-04,1.91814334e-04,7.52530401e-03,1.95504639e-01,2.06592776e-03,0
0.972575,91.8936,1.16800560e-05,1.02311913e-05,3.84062583e-05,8.02974796e-05,1.78636347e-05,7.20799579e-05,3.39989887e-05,3.53859421e-05,1.49529754e-04,1.55574466e-04,9.77587803e-03,1.90923333e-01,5.12726246e-03,0
0.972575,95.6809,9.13366191e-06,5.52313258e-06,3.93684417e-05,7.95291996e-05,1.64821166e-05,7.04658709e-05,3.57521193e-05,3.68707828e-05,1.08643855e-04,1.16896087e-04,2.43612092e-02,1.83036577e-01,6.99973056e-03,0
0.972575,99.4681,6.22650113e-06,9.70543292e-07,4.00678919e-05,7.77808905e-05,1.44166604e-05,6.77965029e-05,3.73844334e-05,3.81248098e-05,6.58794656e-05,7.50897370e-05,3.54633564e-02,1.71880675e-01,7.81236142e-03,0
0.972575,103.2553,3.07533009e-06,-3.26981438e-06,4.05830466e-05,7.51398674e-05,1.19096305e-05,6.41505998e-05,3.87961902e-05,3.91241642e-05,1.97781483e-05,2.95585806e-05,4.28123905e-02,1.57496087e-01,8.29598473e-03,1
0.972575,107.0426,-2.27256886e-07,-7.05512641e-06,4.09842179e-05,7.17259224e-05,9.20020020e-06,5.96382006e-05,3.99382327e-05,3.98483748e-05,-3.07457731e-05,-2.01672743e-05,4.60694659e-02,1.40108321e-01,8.97292294e-03,0
0.972575,110.8298,-3.59311417e-06,-1.02619451e-05,4.13026707e-05,6.76869262e-05,6.53358886e-06,5.43966029e-05,4.07826289e-05,4.02806352e-05,-8.65609267e-05,-7.44007893e-05,4.49963902e-02,1.20248822e-01,1.03145047e-02,0
0.972575,114.6170,-6.93228289e-06,-1.27908183e-05,4.15247827e-05,6.31928458e-05,4.16335396e-06,4.85852807e-05,4.13155426e-05,4.04079975e-05,-1.48314472e-04,-1.33273602e-04,3.95291086e-02,9.87543145e-02,1.27580080e-02,0
0.972575,118.4043,-1.00374644e-05,-1.45699497e-05,4.15869461e-05,5.84279718e-05,2.26731445e-06,4.23799505e-05,4.15250933e-05,4.02214828e-05,-2.15976224e-04,-1.96718268e-04,3.05818934e-02,7.67546195e-02,1.63350354e-02,0
0.972575,122.1915,-1.24860009e-05,-1.55577523e-05,4.13468865e-05,5.35810027e-05,7.92058314e-07,3.59660137e-05,4.13392993e-05,3.97161140e-05,-2.87995295e-04,-2.64457949e-04,2.07259299e-02,5.57581800e-02,1.99649115e-02,0
0.972575,125.9787,-1.41548367e-05,-1.57441952e-05,4.07318733e-05,4.88325444e-05,-2.94302499e-07,2.95316310e-05,4.07308100e-05,3.88908750e-05,-3.63122017e-04,-3.36004042e-04,1.07238284e-02,3.69195998e-02,2.30020818e-02,0
0.972575,129.7660,-1.50454330e-05,-1.51508985e-05,3.97144618e-05,4.43397925e-05,-9.94465922e-07,2.32606953e-05,3.97020089e-05,3.77486060e-05,-4.40273866e-04,-4.10661990e-04,7.11604004e-04,2.10803967e-02,2.51174656e-02,0
0.972575,133.5532,-1.51753261e-05,-1.38299738e-05,3.82860091e-05,4.02191204e-05,-1.31689384e-06,1.73259773e-05,3.82633544e-05,3.62958421e-05,-5.18350813e-04,-4.87545148e-04,9.07745259e-03,8.81034329e-03,2.61300646e-02,0
0.972575,137.3404,-1.45560235e-05,-1.18616629e-05,3.64530402e-05,3.65293087e-05,-1.28545957e-06,1.18827083e-05,3.64303683e-05,3.45426061e-05,-5.96182107e-04,-5.65596304e-04,1.81795729e-02,3.47601042e-04,2.59435735e-02,0
0.972575,141.1277,-1.31952060e-05,-9.35087040e-06,3.42361325e-05,3.32607062e-05,-9.53554676e-07,7.06285145e-06,3.42228505e-05,3.25021647e-05,-6.72438787e-04,-6.43616145e-04,2.59387630e-02,4.44560026e-03,2.44480194e-02,0
0.972575,144.9149,-1.11645094e-05,-6.42273109e-06,3.16754777e-05,3.03365199e-05,-3.74550380e-07,2.97028254e-06,3.16732631e-05,3.01907579e-05,-7.45930028e-04,-7.20297683e-04,3.19940490e-02,6.10243071e-03,2.17419379e-02,0
0.972575,148.7021,-8.55366412e-06,-3.21739178e-06,2.88229526e-05,2.76291992e-05,3.86463966e-07,-3.22931277e-07,2.88203616e-05,2.76273120e-05,-8.15505202e-04,-7.94265417e-04,3.60052599e-02,5.44064753e-03,1.80160681e-02,0
0.972575,152.4894,-5.46970084e-06,1.15784241e-07,2.57358822e-05,2.49881552e-05,1.24426306e-06,-2.77901078e-06,2.57057861e-05,2.48331432e-05,-8.80165451e-04,-8.64117849e-04,3.76867650e-02,3.40783859e-03,1.36119400e-02,1
0.972575,156.2766,-2.03650001e-06,3.42435764e-06,2.24619335e-05,2.22697721e-05,2.05826945e-06,-4.39560525e-06,2.23674313e-05,2.18316606e-05,-9.39273001e-04,-9.28471781e-04,3.68458704e-02,8.75794226e-04,9.16184047e-03,1
0.972575,160.0638,1.55702663e-06,6.55905359e-06,1.90261042e-05,1.93610020e-05,2.63012766e-06,-5.20555017e-06,1.88434357e-05,1.86480735e-05,-9.92549738e-04,-9.86006797e-04,3.37500166e-02,1.52632930e-03,5.54987109e-03,0
0.972575,163.8511,5.00872830e-06,9.37985344e-06,1.54946800e-05,1.61925001e-05,2.95847361e-06,-5.27525171e-06,1.52096200e-05,1.53091077e-05,-1.03894320e-03,-1.03550830e-03,2.94931530e-02,3.18038321e-03,2.91356337e-03,0
0.972575,167.6383,8.09403810e-06,1.17616953e-05,1.19198592e-05,1.27419350e-05,3.01005227e-06,-4.70176119e-06,1.15335436e-05,1.18427340e-05,-1.07755764e-03,-1.07590747e-03,2.47466662e-02,3.74669067e-03,1.39971752e-03,0
0.972575,171.4255,1.06307758e-05,1.35995563e-05,8.33616545e-06,9.03029168e-06,2.70907620e-06,-3.60865362e-06,7.88368953e-06,8.27790958e-06,-1.10732575e-03,-1.10631675e-03,2.00311582e-02,3.16354811e-03,8.55856998e-04,0
0.972575,175.2128,1.24527676e-05,1.48127154e-05,4.74297835e-06,5.11401492e-06,1.92058943e-06,-2.14087132e-06,4.33672455e-06,4.64433188e-06,-1.12660870e-03,-1.12605947e-03,1.59232005e-02,1.69103543e-03,4.65868819e-04,0
0.972575,179.0000,1.33680608e-05,1.53480258e-05,1.01220963e-06,1.07499653e-06,4.59607635e-07,-4.58733765e-07,9.01847630e-07,9.72204134e-07,-1.13342713e-03,-1.13469247e-03,1.33593546e-02,2.86157463e-04,1.07328914e-03,0
0.973540,1.0000,-7.99631423e-06,-9.43479476e-06,7.85187342e-07,1.56521525e-07,7.84891162e-07,-1.24406214e-07,2.15644792e-08,9.49846404e-08,1.00623279e-03,1.03450817e-03,9.70581377e-03,2.86520587e-03,2.39838148e-02,0
0.973540,4.7872,-6.93118511e-06,-8.73672756e-06,3.64463351e-06,7.18021774e-07,3.64260278e-06,-5.48262625e-07,1.21648939e-07,4.63641414e-07,1.00430592e-03,1.02850187e-03,1.21824789e-02,1.33383189e-02,2.05235545e-02,0
0.973540,8.5745,-4.63725034e-06,-7.15123555e-06,5.93380159e-06,1.17204464e-06,5.92184884e-06,-7.88574486e-07,3.76440709e-07,8.67086458e-07,9.95525417e-04,1.01478955e-03,1.69625321e-02,2.17021725e-02,1.63402745e-02,0
0.973540,12.3617,-1.38974372e-06,-4.73955774e-06,7.58156001e-06,1.50859569e-06,7.52916144e-06,-7.08647183e-07,8.89820326e-07,1.33179583e-06,9.79409443e-04,9.93733323e-04,2.26020931e-02,2.76781282e-02,1.21498397e-02,0
0.973540,16.1489,2.56676353e-06,-1.59486756e-06,8.80501431e-06,1.89165427e-06,8.65353282e-06,-1.85909068e-07,1.62623698e-06,1.88249666e-06,9.57644190e-04,9.65883415e-04,2.80796405e-02,3.15083137e-02,6.98869791e-03,1
0.973540,19.9362,7.00697677e-06,2.16129463e-06,9.71708300e-06,2.69035331e-06,9.37306173e-06,8.82606633e-07,2.56269698e-06,2.54145755e-06,9.31193637e-04,9.31956175e-04,3.26951163e-02,3.20250070e-02,6.46802258e-04,0
0.973540,23.7234,1.16821126e-05,6.38367302e-06,1.03794117e-05,4.20809807e-06,9.70870430e-06,2.57556575e-06,3.67059234e-06,3.32784471e-06,9.00914453e-04,8.92805466e-04,3.57499924e-02,2.81263648e-02,6.87822698e-03,0
0.973540,27.5106,1.63106876e-05,1.09088517e-05,1.08580719e-05,6.52401108e-06,9.67373302e-06,4.94361198e-06,4.93118795e-06,4.25716117e-06,8.66981534e-04,8.49388603e-04,3.64476353e-02,1.97529055e-02,1.49227232e-02,0
0.973540,31.2979,2.07102565e-05,1.55614989e-05,1.13922774e-05,9.62457002e-06,9.45954860e-06,8.00677121e-06,6.34830084e-06,5.34078298e-06,8.29084276e-04,8.02728218e-04,3.47400478e-02,8.05649887e-03,2.23558073e-02,0
0.973540,35.0851,2.47284413e-05,2.01610594e-05,1.21083844e-05,1.34723883e-05,9.17074954e-06,1.17530874e-05,7.90634712e-06,6.58560433e-06,7.87624068e-04,7.53871595e-04,3.08173497e-02,6.21658127e-03,2.86296137e-02,0
0.973540,38.8723,2.82332845e-05,2.45286352e-05,1.30659372e-05,1.80098181e-05,8.88032030e-06,1.61385475e-05,9.58429064e-06,7.99379958e-06,7.43169009e-04,7.03849158e-04,2.49962616e-02,2.25322199e-02,3.33519908e-02,0
0.973540,42.6596,3.11104192e-05,2.84937906e-05,1.42742954e-05,2.31551694e-05,8.64649823e-06,2.10883025e-05,1.13575340e-05,9.56270720e-06,6.96368543e-04,6.53633775e-04,1.76550949e-02,4.04754506e-02,3.62486012e-02,0
0.973540,46.4468,3.32628360e-05,3.19010178e-05,1.57110434e-05,2.88019425e-05,8.51933465e-06,2.64991386e-05,1.32006751e-05,1.12848369e-05,6.47883790e-04,6.04102580e-04,9.18855224e-03,5.96630514e-02,3.71362173e-02,0
0.973540,50.2340,3.46207372e-05,3.46156156e-05,1.73487124e-05,3.48207949e-05,8.56206208e-06,3.22431064e-05,1.50887015e-05,1.31479979e-05,5.98556143e-04,5.56002864e-04,3.45570149e-05,7.96307229e-02,3.60946580e-02,0
0.973540,54.0213,3.51480021e-05,3.65287545e-05,1.91593792e-05,4.10633517e-05,8.83925288e-06,3.81721654e-05,1.69985123e-05,1.51355424e-05,5.49274194e-04,5.09923456e-04,9.31630618e-03,9.98294943e-02,3.33781903e-02,0
0.973540,57.8085,3.48110204e-05,3.75615346e-05,2.10968890e-05,4.73672639e-05,9.36191334e-06,4.41236662e-05,1.89059066e-05,1.72267167e-05,5.00598918e-04,4.66272794e-04,1.85584569e-02,1.19729800e-01,2.91161984e-02,0
0.973540,61.5957,3.35917425e-05,3.76678831e-05,2.31268965e-05,5.35621007e-05,1.01363987e-05,4.99264548e-05,2.07871778e-05,1.93971066e-05,4.53072018e-04,4.25264617e-04,2.75028135e-02,1.38711416e-01,2.35868693e-02,0
0.973540,65.3830,3.15072062e-05,3.68361802e-05,2.52332607e-05,5.94757418e-05,1.11760970e-05,5.54073602e-05,2.26232691e-05,2.16191651e-05,4.07264570e-04,3.86911907e-04,3.59560161e-02,1.56063452e-01,1.72635915e-02,0
0.973540,69.1702,2.88867586e-05,3.50895563e-05,2.75109005e-05,6.49409680e-05,1.26185880e-05,6.03978130e-05,2.44462857e-05,2.38628061e-05,3.64756857e-04,3.51029385e-04,4.18519392e-02,1.70591189e-01,1.16439541e-02,0
0.973540,72.9574,2.60429283e-05,3.24848517e-05,2.99389240e-05,6.98019654e-05,1.43955101e-05,6.47403330e-05,2.62508754e-05,2.60960466e-05,3.25923171e-04,3.17244518e-04,4.34653841e-02,1.81679705e-01,7.36143081e-03,0
0.973540,76.7447,2.30840539e-05,2.91102827e-05,3.23830265e-05,7.39204737e-05,1.62563348e-05,6.82946318e-05,2.80069988e-05,2.82856801e-05,2.89841998e-04,2.85016650e-04,4.06605814e-02,1.89310974e-01,4.09296914e-03,0
0.973540,80.5319,2.00985640e-05,2.50819106e-05,3.46971911e-05,7.71813325e-05,1.79481155e-05,7.09430895e-05,2.96944476e-05,3.03979626e-05,2.55413617e-04,2.53663550e-04,3.36239752e-02,1.93625625e-01,1.48444658e-03,0
0.973540,84.3191,1.71841818e-05,2.05390523e-05,3.67434174e-05,7.94972002e-05,1.92232459e-05,7.25953889e-05,3.13136637e-05,3.23992954e-05,2.21516006e-04,2.22394349e-04,2.26362107e-02,1.94854542e-01,7.45030741e-04,0
0.973540,88.1064,1.44956664e-05,1.56388168e-05,3.84279013e-05,8.08122587e-05,1.98238556e-05,7.31921240e-05,3.29198777e-05,3.42568845e-05,1.87020919e-04,1.90347613e-04,7.71314258e-03,1.93170849e-01,2.82177715e-03,0
0.973540,91.8936,1.20615987e-05,1.05499814e-05,3.96747127e-05,8.11047496e-05,1.94291528e-05,7.27072377e-05,3.45917742e-05,3.59393655e-05,1.50677789e-04,1.56633024e-04,1.01992873e-02,1.88821441e-01,5.05136534e-03,0
0.973540,95.6809,9.17076800e-06,5.44644938e-06,4.05394786e-05,8.03882307e-05,1.80370497e-05,7.11491920e-05,3.63058420e-05,3.74173771e-05,1.12648750e-04,1.20375055e-04,2.51289760e-02,1.81614581e-01,6.55362775e-03,0
0.973540,99.4681,5.85331722e-06,5.00545800e-07,4.11429056e-05,7.87114769e-05,1.59630210e-05,6.85608199e-05,3.79199240e-05,3.86640734e-05,7.20288863e-05,8.07568816e-05,3.61165835e-02,1.71222434e-01,7.40328385e-03,0
0.973540,103.2553,2.26794299e-06,-4.12358676e-06,4.15667607e-05,7.61569854e-05,1.34721591e-05,6.50178631e-05,3.93229770e-05,3.96555658e-05,2.73241076e-05,3.70627667e-05,4.31253645e-02,1.57648328e-01,8.26055178e-03,1
0.973540,107.0426,-1.48158526e-06,-8.27623450e-06,4.18860418e-05,7.28380601e-05,1.08192490e-05,6.06262489e-05,4.04646061e-05,4.03712887e-05,-2.26188272e-05,-1.12827899e-05,4.58453197e-02,1.41066847e-01,9.61548426e-03,0
0.973540,110.8298,-5.29883095e-06,-1.18277578e-05,4.21347814e-05,6.88944493e-05,8.26345662e-06,5.55182093e-05,4.13165232e-05,4.07942838e-05,-7.87283073e-05,-6.46807470e-05,4.40524197e-02,1.21959801e-01,1.19154597e-02,0
0.973540,114.6170,-9.06561460e-06,-1.46734171e-05,4.23008920e-05,6.44864745e-05,6.06008532e-06,4.98473921e-05,4.18645534e-05,4.09114030e-05,-1.41631127e-04,-1.23329487e-04,3.78373467e-02,1.01112959e-01,1.55238662e-02,0
0.973540,118.4043,-1.24481453e-05,-1.67371927e-05,4.22909235e-05,5.97875217e-05,4.30081187e-06,4.37831507e-05,4.20716678e-05,4.07134311e-05,-2.10701807e-04,-1.87204246e-04,2.89393521e-02,7.97424556e-02,1.99311656e-02,0
0.973540,122.1915,-1.50730561e-05,-1.79744529e-05,4.19636798e-05,5.49746869e-05,2.91329105e-06,3.75042344e-05,4.18624313e-05,4.01951315e-05,-2.84311335e-04,-2.56044909e-04,1.95765015e-02,5.92989359e-02,2.39762251e-02,0
0.973540,125.9787,-1.69045344e-05,-1.83733697e-05,4.12705332e-05,5.02173465e-05,1.89255934e-06,3.11921232e-05,4.12271165e-05,3.93552201e-05,-3.61380653e-04,-3.29352783e-04,9.91062540e-03,4.07759757e-02,2.71667664e-02,0
0.973540,129.7660,-1.79427928e-05,-1.79550313e-05,4.01871239e-05,4.56636530e-05,1.23439860e-06,2.50242642e-05,4.01681613e-05,3.81962748e-05,-4.40782899e-04,-4.06396575e-04,8.25766483e-05,2.49598164e-02,2.91672613e-02,0
0.973540,133.5532,-1.82019893e-05,-1.67722514e-05,3.87069085e-05,4.14256870e-05,9.28383357e-07,1.91674743e-05,3.86957733e-05,3.67245894e-05,-5.21343675e-04,-4.86227478e-04,9.64682531e-03,1.23910985e-02,2.97863558e-02,0
0.973540,137.3404,-1.76696725e-05,-1.49071272e-05,3.68350947e-05,3.75654436e-05,9.38541493e-07,1.37717626e-05,3.68231359e-05,3.49499800e-05,-6.01750530e-04,-5.67702916e-04,1.86396335e-02,3.32863653e-03,2.88799593e-02,0
0.973540,141.1277,-1.63786619e-05,-1.24674485e-05,3.45956557e-05,3.40855910e-05,1.21507278e-06,8.96481490e-06,3.45743112e-05,3.28855532e-05,-6.80632484e-04,-6.49518131e-04,2.63900055e-02,2.32466972e-03,2.63919008e-02,0
0.973540,144.9149,-1.44014491e-05,-9.58210139e-06,3.20283084e-05,3.09296512e-05,1.70505093e-06,4.84735256e-06,3.19828914e-05,3.05474466e-05,-7.56703198e-04,-7.30244532e-04,3.25174306e-02,5.00723773e-03,2.24428413e-02,0
0.973540,148.7021,-1.18273177e-05,-6.39565505e-06,2.91834335e-05,2.79942068e-05,2.34552776e-06,1.48954787e-06,2.90890236e-05,2.79545500e-05,-8.28706016e-04,-8.08373428e-04,3.66488840e-02,5.42001673e-03,1.72465636e-02,0
0.973540,152.4894,-8.76202803e-06,-3.06234674e-06,2.61159001e-05,2.51510435e-05,3.05739499e-06,-1.07136622e-06,2.59363176e-05,2.51282145e-05,-8.95497552e-04,-8.82363559e-04,3.84572775e-02,4.39742825e-03,1.11405515e-02,0
0.973540,156.2766,-5.33027388e-06,2.60292287e-07,2.28753564e-05,2.22727631e-05,3.72886272e-06,-2.83219846e-06,2.25693933e-05,2.20919584e-05,-9.56145741e-04,-9.50690700e-04,3.77210485e-02,2.74637783e-03,4.62708939e-03,1
0.973540,160.0638,-1.69594850e-06,3.41791619e-06,1.94691343e-05,1.92546339e-05,4.15625038e-06,-3.82357137e-06,1.90203253e-05,1.88711745e-05,-1.01045462e-03,-1.01189751e-03,3.45046158e-02,9.77606700e-04,1.22388820e-03,1
0.973540,163.8511,1.83369243e-06,6.26569033e-06,1.59429277e-05,1.60283158e-05,4.29481571e-06,-4.10837219e-06,1.53535502e-05,1.54928430e-05,-1.05766933e-03,-1.06464176e-03,2.99038778e-02,3.89164458e-04,5.91417064e-03,0
0.973540,167.6383,5.02569816e-06,8.67421139e-06,1.23474815e-05,1.25668902e-05,4.10719738e-06,-3.77894356e-06,1.16443646e-05,1.19852541e-05,-1.09652569e-03,-1.10774121e-03,2.46174967e-02,9.99976948e-04,9.51326127e-03,0
0.973540,171.4255,7.68349691e-06,1.05347861e-05,8.70054517e-06,8.88298797e-06,3.50053054e-06,-2.95312363e-06,7.96528544e-06,8.37774052e-06,-1.12572585e-03,-1.14021339e-03,1.92384122e-02,8.31500896e-04,1.22886570e-02,0
0.973540,175.2128,9.62546967e-06,1.17638584e-05,4.95521803e-06,5.02238451e-06,2.27272444e-06,-1.76929045e-06,4.40328393e-06,4.70042099e-06,-1.14317519e-03,-1.16130884e-03,1.44282818e-02,3.06117788e-04,1.53813766e-02,0
0.973540,179.0000,1.05717479e-05,1.23064093e-05,1.04536026e-06,1.05499878e-06,4.97450498e-07,-3.80604265e-07,9.19413441e-07,9.83952646e-07,-1.14883177e-03,-1.17053662e-03,1.17042254e-02,4.39284747e-05,1.84105497e-02,0
0.974506,1.0000,-5.77245052e-06,-7.24966315e-06,8.06332921e-07,1.22946480e-07,8.05225009e-07,-5.56210573e-08,4.22547541e-08,1.09645497e-07,1.00918350e-03,1.05788933e-03,9.96714959e-03,3.11460047e-03,4.13133904e-02,0
0.974506,4.7872,-4.70862131e-06,-6.53698328e-06,3.83001920e-06,5.77773806e-07,3.82383773e-06,-2.21576159e-07,2.17513447e-07,5.33597767e-07,1.00762735e-03,1.05135807e-03,1.23364483e-02,1.48224261e-02,3.70933926e-02,0
0.974506,8.5745,-2.36231493e-06,-4.91853987e-06,6.48447166e-06,1.01430221e-06,6.46492448e-06,-2.14105358e-07,5.03114515e-07,9.91447360e-07,1.00055962e-03,1.03645305e-03,1.72475349e-02,2.49308317e-02,3.04456208e-02,0
0.974506,12.3617,9.78531145e-07,-2.45740932e-06,8.43177488e-06,1.51203563e-06,8.36629028e-06,9.58982221e-08,1.04881575e-06,1.50899148e-06,9.85554548e-04,1.01358152e-03,2.31832113e-02,3.15373876e-02,2.37731152e-02,0
0.974506,16.1489,5.04113709e-06,7.50438581e-07,9.87255485e-06,2.26552791e-06,9.70275887e-06,8.24111130e-07,1.82313179e-06,2.11032167e-06,9.64093176e-04,9.83362320e-04,2.89504929e-02,3.46697684e-02,1.63445251e-02,0
0.974506,19.9362,9.57745050e-06,4.57981424e-06,1.09412968e-05,3.49443284e-06,1.05778706e-05,2.06756688e-06,2.79653875e-06,2.81713118e-06,9.37436443e-04,9.46601191e-04,3.37203914e-02,3.39398100e-02,7.77374774e-03,0
0.974506,23.7234,1.43025765e-05,8.88109825e-06,1.16964905e-05,5.34041394e-06,1.10158020e-05,3.90019090e-06,3.93192023e-06,3.64808608e-06,9.06781528e-04,9.04258646e-04,3.65801670e-02,2.89684400e-02,2.13996619e-03,0
0.974506,27.5106,1.89705374e-05,1.34859623e-05,1.22992160e-05,7.86740046e-06,1.11326443e-05,6.36926303e-06,5.22828326e-06,4.61827657e-06,8.71899612e-04,8.57411703e-04,3.70058984e-02,2.01984323e-02,1.22889733e-02,0
0.974506,31.2979,2.34101178e-05,1.82138001e-05,1.29193378e-05,1.10927683e-05,1.10546050e-05,9.49295082e-06,6.68617943e-06,5.73876239e-06,8.32612741e-04,8.07211033e-04,3.50609486e-02,8.32476864e-03,2.15463060e-02,0
0.974506,35.0851,2.74673785e-05,2.28786196e-05,1.36726799e-05,1.50009620e-05,1.08759024e-05,1.32590146e-05,8.28594737e-06,7.01622355e-06,7.89515691e-04,7.54835257e-04,3.09615863e-02,6.05377528e-03,2.94167315e-02,0
0.974506,38.8723,3.10079495e-05,2.72961310e-05,1.46244188e-05,1.95468662e-05,1.06666992e-05,1.76247390e-05,1.00047566e-05,8.45272454e-06,7.43299808e-04,7.01444252e-04,2.50446344e-02,2.24345346e-02,3.55028335e-02,0
0.974506,42.6596,3.39152849e-05,3.12907562e-05,1.57980963e-05,2.46572247e-05,1.04856105e-05,2.25180975e-05,1.18165909e-05,1.00455968e-05,6.94703404e-04,6.48133363e-04,1.77083987e-02,4.03763431e-02,3.95017663e-02,0
0.974506,46.4468,3.60895156e-05,3.47022909e-05,1.71863659e-05,3.02326859e-05,1.03831743e-05,2.78401066e-05,1.36952862e-05,1.17874407e-05,6.44471201e-04,5.95890395e-04,9.35997686e-03,5.94598779e-02,4.12073428e-02,0
0.974506,50.2340,3.74507453e-05,3.73919628e-05,1.87655698e-05,3.61509631e-05,1.04094994e-05,3.34682815e-05,1.56137417e-05,1.36662457e-05,5.93402258e-04,5.45557147e-04,3.96621394e-04,7.92356287e-02,4.05833097e-02,0
0.974506,54.0213,3.79613565e-05,3.92476524e-05,2.05246689e-05,4.22710589e-05,1.06440975e-05,3.92610582e-05,1.75489379e-05,1.56656225e-05,5.42537189e-04,4.97797071e-04,8.67898299e-03,9.91112964e-02,3.79495844e-02,0
0.974506,57.8085,3.75903657e-05,4.01880792e-05,2.24225318e-05,4.84383656e-05,1.11103466e-05,4.50630120e-05,1.94763993e-05,1.77651403e-05,4.92558272e-04,4.53070406e-04,1.75274688e-02,1.18569704e-01,3.34945051e-02,0
0.974506,61.5957,3.63184338e-05,4.01657923e-05,2.44209599e-05,5.44904181e-05,1.18157561e-05,5.07106684e-05,2.13722060e-05,1.99407565e-05,4.44048959e-04,4.11617834e-04,2.59591590e-02,1.37044493e-01,2.75088167e-02,0
0.974506,65.3830,3.41430681e-05,3.91688539e-05,2.64922474e-05,6.02630508e-05,1.27641283e-05,5.60386789e-05,2.32145688e-05,2.21653280e-05,3.97539831e-04,3.73453371e-04,3.39103238e-02,1.53913736e-01,2.04306822e-02,0
0.974506,69.1702,3.12500423e-05,3.72211546e-05,2.86844827e-05,6.55967074e-05,1.40383356e-05,6.08861202e-05,2.50144894e-05,2.44091864e-05,3.54174923e-04,3.38366831e-04,4.02886949e-02,1.68231070e-01,1.34087826e-02,0
0.974506,72.9574,2.80634172e-05,3.43813515e-05,3.10573730e-05,7.03426468e-05,1.56952609e-05,6.51026704e-05,2.67996120e-05,2.66407631e-05,3.15167062e-04,3.05935833e-04,4.26287959e-02,1.79046473e-01,7.83013774e-03,0
0.974506,76.7447,2.47551743e-05,3.07404760e-05,3.34852129e-05,7.43687991e-05,1.75077991e-05,6.85544177e-05,2.85435886e-05,2.88272457e-05,2.79807400e-04,2.75546917e-04,4.03844346e-02,1.86330938e-01,3.61383888e-03,0
0.974506,80.5319,2.14205221e-05,2.64183073e-05,3.58126551e-05,7.75650357e-05,1.92060582e-05,7.11290738e-05,3.02270342e-05,3.09352489e-05,2.46932957e-04,2.46424988e-04,3.37213959e-02,1.90290553e-01,4.30871058e-04,0
0.974506,84.3191,1.81701919e-05,2.15586567e-05,3.78923272e-05,7.98476447e-05,2.05229937e-05,7.27403864e-05,3.18533388e-05,3.29314826e-05,2.15360655e-04,2.17669955e-04,2.28628805e-02,1.91215458e-01,1.95880042e-03,0
0.974506,88.1064,1.52124002e-05,1.63237508e-05,3.96217256e-05,8.11628291e-05,2.11666215e-05,7.33315743e-05,3.34941080e-05,3.47834018e-05,1.84016231e-04,1.88299143e-04,7.49858098e-03,1.89327638e-01,3.63286331e-03,0
0.974506,91.8936,1.23999979e-05,1.08879335e-05,4.08545465e-05,8.14890820e-05,2.08054348e-05,7.28776503e-05,3.51600320e-05,3.64598215e-05,1.51461064e-04,1.57293818e-04,1.02023038e-02,1.85195865e-01,4.94747442e-03,0
0.974506,95.6809,9.21776833e-06,5.43093582e-06,4.16418703e-05,8.08383271e-05,1.94355511e-05,7.13865357e-05,3.68280425e-05,3.79314862e-05,1.16606283e-04,1.23647981e-04,2.55507740e-02,1.78641681e-01,5.97292804e-03,0
0.974506,99.4681,5.52071161e-06,1.30977522e-07,4.21715147e-05,7.92557522e-05,1.73800458e-05,6.88989229e-05,3.84235691e-05,3.91715800e-05,7.83377146e-05,8.64175016e-05,3.63659806e-02,1.69015035e-01,6.85345885e-03,0
0.974506,103.2553,1.52157880e-06,-4.84203104e-06,4.25293321e-05,7.68182932e-05,1.49361348e-05,6.54868855e-05,3.98202959e-05,4.01561701e-05,3.51884610e-05,4.47676130e-05,4.29369813e-02,1.56275290e-01,8.12525425e-03,1
0.974506,107.0426,-2.66186762e-06,-9.33292046e-06,4.27935782e-05,7.36317464e-05,1.23759550e-05,6.12512891e-05,4.09649372e-05,4.08645770e-05,-1.40556094e-05,-1.98314777e-06,4.50113817e-02,1.40547964e-01,1.02401361e-02,0
0.974506,110.8298,-6.92470353e-06,-1.32070778e-05,4.30016410e-05,6.98264950e-05,9.97373900e-06,5.63181013e-05,4.18290050e-05,4.12796665e-05,-7.03850037e-05,-5.43243411e-05,4.23888633e-02,1.22256892e-01,1.36230187e-02,0
0.974506,114.6170,-1.10829547e-05,-1.63554210e-05,4.31354830e-05,6.55518185e-05,7.95994217e-06,5.08337399e-05,4.23946838e-05,4.13880634e-05,-1.34212469e-04,-1.12521969e-04,3.55747433e-02,1.02164639e-01,1.83983743e-02,0
0.974506,118.4043,-1.46750821e-05,-1.86983399e-05,4.30555836e-05,6.09687250e-05,6.33205594e-06,4.49596421e-05,4.25874201e-05,4.11802866e-05,-2.04294794e-04,-1.76595096e-04,2.71459987e-02,8.16408915e-02,2.34955126e-02,0
0.974506,122.1915,-1.74814321e-05,-2.01884552e-05,4.26563971e-05,5.62412170e-05,5.04814560e-06,3.88662608e-05,4.23566339e-05,4.06508088e-05,-2.79263943e-04,-2.46301769e-04,1.82650102e-02,6.19141437e-02,2.79592646e-02,0
0.974506,125.9787,-1.94849050e-05,-2.08120891e-05,4.18979322e-05,5.15259437e-05,4.10770624e-06,3.27267232e-05,4.16960846e-05,3.97980460e-05,-3.58042493e-04,-3.21134903e-04,8.95486715e-03,4.38806033e-02,3.13058558e-02,0
0.974506,129.7660,-2.06838896e-05,-2.05893978e-05,4.07595443e-05,4.69604138e-05,3.50450948e-06,2.67103950e-05,4.06086058e-05,3.86242833e-05,-4.39451166e-04,-4.00328421e-04,6.37561548e-04,2.82610687e-02,3.31848012e-02,0
0.974506,133.5532,-2.10802885e-05,-1.95731639e-05,3.92364225e-05,4.26505151e-05,3.22292940e-06,2.09766022e-05,3.91038307e-05,3.71355436e-05,-5.22238494e-04,-4.82873530e-04,1.01689741e-02,1.55600606e-02,3.33902566e-02,0
0.974506,137.3404,-2.06559464e-05,-1.78463031e-05,3.73332525e-05,3.86590866e-05,3.21795205e-06,1.56687518e-05,3.71943077e-05,3.53414091e-05,-6.04974430e-04,-5.67544642e-04,1.89574160e-02,6.04261868e-03,3.17487970e-02,0
0.974506,141.1277,-1.94605990e-05,-1.55181884e-05,3.50766534e-05,3.49984281e-05,3.44217951e-06,1.09090817e-05,3.49073490e-05,3.32548028e-05,-6.86244186e-04,-6.52934046e-04,2.66005008e-02,3.56519095e-04,2.82544169e-02,0
0.974506,144.9149,-1.75664915e-05,-1.27199413e-05,3.25051293e-05,3.16300706e-05,3.84250478e-06,6.79424219e-06,3.22772147e-05,3.08917406e-05,-7.64668059e-04,-7.37494128e-04,3.27009735e-02,3.98816569e-03,2.30495457e-02,0
0.974506,148.7021,-1.50617145e-05,-9.59888156e-06,2.96669259e-05,2.84738079e-05,4.35626488e-06,3.39188168e-06,2.93453480e-05,2.82710607e-05,-8.38891663e-04,-8.19585602e-04,3.68591981e-02,5.43775177e-03,1.63758394e-02,0
0.974506,152.4894,-1.20511575e-05,-6.31235864e-06,2.66134201e-05,2.54248633e-05,4.90811928e-06,7.38368396e-07,2.61569206e-05,2.54141395e-05,-9.07640850e-04,-8.97530017e-04,3.87212144e-02,5.41696360e-03,8.57623777e-03,0
0.974506,156.2766,-8.65751966e-06,-3.02121176e-06,2.33917001e-05,2.23748073e-05,5.39806475e-06,-1.16226311e-06,2.27603280e-05,2.23446000e-05,-9.69785138e-04,-9.69664588e-04,3.80296802e-02,4.63458835e-03,1.02253150e-04,0
0.974506,160.0638,-5.05284586e-06,1.16878756e-07,2.00153602e-05,1.92306829e-05,5.67908022e-06,-2.33810037e-06,1.91927771e-05,1.90880185e-05,-1.02491753e-03,-1.03439734e-03,3.48815177e-02,3.57624358e-03,8.04099074e-03,1
0.974506,163.8511,-1.49260949e-06,2.95388379e-06,1.64832357e-05,1.59282956e-05,5.60928356e-06,-2.84788498e-06,1.54994516e-05,1.56716352e-05,-1.07270778e-03,-1.09026053e-03,3.00016820e-02,2.52919403e-03,1.48886360e-02,1
0.974506,167.6383,1.76374473e-06,5.35750202e-06,1.28418607e-05,1.24383386e-05,5.15202908e-06,-2.77834584e-06,1.17630771e-05,1.21240695e-05,-1.11156557e-03,-1.13596028e-03,2.42480437e-02,1.83909182e-03,2.06921482e-02,0
0.974506,171.4255,4.50242880e-06,7.21657869e-06,9.08602322e-06,8.76618074e-06,4.19105020e-06,-2.24043824e-06,8.06169437e-06,8.47504343e-06,-1.13990088e-03,-1.17042069e-03,1.83130968e-02,1.45771336e-03,2.58875982e-02,0
0.974506,175.2128,6.50199613e-06,8.44565058e-06,5.14861985e-06,4.94705354e-06,2.53937960e-06,-1.36463583e-06,4.47882101e-06,4.75511386e-06,-1.15583400e-03,-1.19282069e-03,1.31143575e-02,9.18658143e-04,3.13729539e-02,0
0.974506,179.0000,7.43006609e-06,8.98843630e-06,1.07835334e-06,1.03833486e-06,5.35722702e-07,-2.95459704e-07,9.35867042e-07,9.95410894e-07,-1.16119843e-03,-1.20262223e-03,1.05147415e-02,1.82388137e-04,3.51366006e-02,0
0.975472,1.0000,-3.29018406e-06,-4.83400870e-06,8.31589568e-07,1.25421901e-07,8.29289355e-07,1.91556205e-08,6.18091920e-08,1.23950456e-07,1.00977229e-03,1.07812489e-03,1.04165987e-02,3.21842813e-03,5.79782283e-02,0
0.975472,4.7872,-2.24916405e-06,-4.11314442e-06,3.96859287e-06,6.16436385e-07,3.95638511e-06,1.33321427e-07,3.11040593e-07,6.01846504e-07,1.00806979e-03,1.07108391e-03,1.25767752e-02,1.52777807e-02,5.34500067e-02,0
0.975472,8.5745,1.04064345e-07,-2.47634773e-06,6.91745852e-06,1.18550732e-06,6.88714412e-06,4.08962711e-07,6.46898946e-07,1.11273407e-06,1.00201550e-03,1.05502102e-03,1.74107319e-02,2.61239275e-02,4.49604832e-02,0
0.975472,12.3617,3.49540347e-06,1.20361069e-08,9.21429185e-06,1.93953176e-06,9.13362164e-06,9.66229042e-07,1.21660592e-06,1.68172081e-06,9.88403743e-04,1.03038781e-03,2.35032133e-02,3.31554298e-02,3.56118406e-02,0
0.975472,16.1489,7.62090411e-06,3.25410527e-06,1.09005790e-05,3.01623816e-06,1.07114057e-05,1.91266439e-06,2.02198198e-06,2.33225375e-06,9.67465283e-04,9.97870531e-04,2.94639623e-02,3.59336537e-02,2.57904213e-02,0
0.975472,19.9362,1.22032671e-05,7.12214717e-06,1.21359929e-05,4.54580178e-06,1.17531851e-05,3.33831500e-06,3.02406382e-06,3.08544434e-06,9.40850650e-04,9.58362731e-04,3.42836780e-02,3.45930374e-02,1.48541456e-02,0
0.975472,23.7234,1.69324295e-05,1.14635226e-05,1.30098018e-05,6.62493288e-06,1.23179577e-05,5.31153947e-06,4.18603168e-06,3.95945502e-06,9.09815107e-04,9.12929696e-04,3.69001810e-02,2.90996640e-02,2.64186539e-03,0
0.975472,27.5106,2.16052097e-05,1.61064995e-05,1.37595440e-05,9.31220108e-06,1.26049343e-05,7.87569002e-06,5.51730747e-06,4.96896323e-06,8.74013832e-04,8.62766042e-04,3.71012719e-02,2.02691997e-02,9.54063093e-03,0
0.975472,31.2979,2.60533979e-05,2.08668109e-05,1.44856097e-05,1.26310699e-05,1.26749408e-05,1.10467995e-05,7.01275727e-06,6.12471613e-06,8.33458904e-04,8.09148241e-04,3.49952932e-02,8.45224651e-03,2.06208565e-02,0
0.975472,35.0851,3.01215488e-05,2.55546844e-05,1.52933132e-05,1.65728256e-05,1.26112840e-05,1.48123690e-05,8.65106595e-06,7.43318729e-06,7.88858974e-04,7.53383961e-04,3.08138587e-02,5.83150285e-03,3.00907113e-02,0
0.975472,38.8723,3.36731908e-05,2.99820711e-05,1.62530626e-05,2.10986216e-05,1.24840535e-05,1.91313072e-05,1.04072307e-05,8.89634289e-06,7.41021678e-04,6.96760293e-04,2.49049740e-02,2.20841085e-02,3.75435118e-02,0
0.975472,42.6596,3.65891988e-05,3.39697968e-05,1.74000243e-05,2.61414934e-05,1.23526473e-05,2.39350281e-05,1.22545073e-05,1.05115225e-05,6.90769142e-04,6.40492953e-04,1.76738078e-02,3.98400996e-02,4.26454050e-02,0
0.975472,46.4468,3.87674814e-05,3.73543584e-05,1.87406294e-05,3.16089478e-05,1.22694195e-05,2.91296660e-05,1.41658933e-05,1.22714359e-05,6.38933167e-04,5.85678533e-04,9.53471980e-03,5.86486185e-02,4.51717902e-02,0
0.975472,50.2340,4.01232321e-05,3.99941070e-05,2.02601344e-05,3.73863600e-05,1.22814439e-05,3.45993245e-05,1.61133230e-05,1.41642741e-05,5.86342433e-04,5.33251749e-04,8.71241646e-04,7.80544464e-02,4.50327234e-02,0
0.975472,54.0213,4.06073615e-05,4.17745783e-05,2.19508487e-05,4.33411918e-05,1.24602832e-05,4.02102339e-05,1.80715551e-05,1.61739296e-05,5.34008214e-04,4.83949445e-04,7.87552452e-03,9.74885783e-02,4.24609847e-02,0
0.975472,57.8085,4.01963359e-05,4.26127687e-05,2.37900512e-05,4.93279277e-05,1.28562152e-05,4.58156564e-05,2.00170993e-05,1.82803195e-05,4.82854674e-04,4.38282830e-04,1.63043200e-02,1.16391367e-01,3.78068503e-02,0
0.975472,61.5957,3.88700760e-05,4.24601939e-05,2.57381440e-05,5.51935596e-05,1.34782264e-05,5.12613468e-05,2.19269120e-05,2.04597984e-05,4.33494249e-04,3.96519134e-04,2.42234878e-02,1.34245934e-01,3.13631325e-02,0
0.975472,65.3830,3.66252035e-05,4.13046160e-05,2.77632904e-05,6.07834184e-05,1.43315311e-05,5.63913570e-05,2.37782992e-05,2.26856519e-05,3.86489031e-04,3.58673448e-04,3.15732502e-02,1.50492459e-01,2.35938099e-02,0
0.975472,69.1702,3.35319931e-05,3.91703756e-05,2.98660772e-05,6.59471250e-05,1.54449167e-05,6.10539560e-05,2.55624161e-05,2.49286533e-05,3.42583442e-04,3.24511154e-04,3.80436785e-02,1.64442900e-01,1.53293251e-02,0
0.975472,72.9574,3.00140838e-05,3.61173222e-05,3.21490081e-05,7.05444321e-05,1.69397928e-05,6.51074330e-05,2.73240213e-05,2.71576703e-05,3.03382088e-04,2.93560898e-04,4.11801857e-02,1.74990896e-01,8.33055687e-03,0
0.975472,76.7447,2.63669394e-05,3.22383863e-05,3.45327476e-05,7.44507239e-05,1.86664451e-05,6.84255571e-05,2.90529600e-05,2.93403038e-05,2.68751218e-04,2.65137643e-04,3.96162255e-02,1.81930077e-01,3.06511721e-03,0
0.975472,80.5319,2.27015696e-05,2.76558940e-05,3.68526726e-05,7.75619591e-05,2.03400507e-05,7.09024765e-05,3.07311213e-05,3.14435420e-05,2.37489653e-04,2.38374947e-04,3.34281550e-02,1.85536550e-01,7.50925829e-04,0
0.975472,84.3191,1.91494646e-05,2.25167718e-05,3.89520096e-05,7.97988559e-05,2.16716643e-05,7.24568650e-05,3.23666189e-05,3.34344151e-05,2.08379059e-04,2.12265217e-04,2.27201246e-02,1.86163492e-01,3.29632728e-03,0
0.975472,88.1064,1.59222209e-05,1.69868293e-05,4.07054830e-05,8.11101500e-05,2.23271352e-05,7.30351516e-05,3.40357956e-05,3.52806331e-05,1.80453118e-04,1.85706383e-04,7.18319777e-03,1.84148217e-01,4.45593849e-03,0
0.975472,91.8936,1.27389325e-05,1.12443484e-05,4.19311807e-05,8.14747847e-05,2.20002814e-05,7.26137034e-05,3.56960997e-05,3.69511924e-05,1.51829999e-04,1.57553151e-04,1.00843596e-02,1.80223838e-01,4.85450727e-03,0
0.975472,95.6809,9.26489063e-06,5.47322954e-06,4.26735499e-05,8.09029264e-05,2.06852817e-05,7.11998753e-05,3.73249378e-05,3.84169397e-05,1.20442230e-04,1.26670829e-04,2.55833537e-02,1.74234118e-01,5.28323957e-03,0
0.975472,99.4681,5.22181197e-06,-1.44036431e-07,4.31516069e-05,7.94357355e-05,1.86765316e-05,6.88318813e-05,3.89004929e-05,3.96510805e-05,8.47060865e-05,9.19895765e-05,3.62048175e-02,1.65368461e-01,6.17802167e-03,1
0.975472,103.2553,8.26326077e-07,-5.43329565e-06,4.34691161e-05,7.71438508e-05,1.63112624e-05,6.55774910e-05,4.02927633e-05,4.06296246e-05,4.32356441e-05,5.25569040e-05,4.22353457e-02,1.53475893e-01,7.90650438e-03,0
0.975472,107.0426,-3.78163227e-06,-1.02352879e-05,4.37071041e-05,7.41245709e-05,1.38814736e-05,6.15315981e-05,4.14441267e-05,4.13317607e-05,-5.22167585e-06,7.58632640e-06,4.35445445e-02,1.38630577e-01,1.08640384e-02,0
0.975472,110.8298,-8.47970043e-06,-1.44115784e-05,4.39054993e-05,7.04977298e-05,1.16742293e-05,5.68127552e-05,4.23249954e-05,4.17401577e-05,-6.16930082e-05,-4.34998271e-05,4.00239707e-02,1.21196689e-01,1.54318694e-02,0
0.975472,114.6170,-1.29541460e-05,-1.78496347e-05,4.40168188e-05,6.64002664e-05,9.85162135e-06,5.15588045e-05,4.29001852e-05,4.18411886e-05,-1.26091555e-04,-1.01035196e-04,3.30311750e-02,1.02014749e-01,2.12533729e-02,0
0.975472,118.4043,-1.67352682e-05,-2.04668545e-05,4.38800743e-05,6.19794870e-05,8.36429335e-06,4.59217766e-05,4.30755095e-05,4.16250795e-05,-1.96909068e-04,-1.65083247e-04,2.51780129e-02,8.24898412e-02,2.69953847e-02,0
0.975472,122.1915,-1.97272002e-05,-2.22133892e-05,4.34249137e-05,5.73850333e-05,7.19919171e-06,4.00622507e-05,4.28239975e-05,4.10859844e-05,-2.72996239e-04,-2.35421332e-04,1.67749838e-02,6.36246087e-02,3.18718897e-02,0
0.975472,125.9787,-2.19112035e-05,-2.30736604e-05,4.26166130e-05,5.27596448e-05,6.35327371e-06,3.41433968e-05,4.21403799e-05,4.02219911e-05,-3.53235825e-04,-3.11535702e-04,7.84340844e-03,4.62278580e-02,3.53709913e-02,0
0.975472,129.7660,-2.32837953e-05,-2.30665121e-05,4.14372725e-05,4.82290145e-05,5.81795629e-06,2.83249298e-05,4.10268076e-05,3.90350636e-05,-4.36410616e-04,-3.92627778e-04,1.46606836e-03,3.09540273e-02,3.71375979e-02,0
0.975472,133.5532,-2.38222330e-05,-2.22440012e-05,3.98806930e-05,4.38914695e-05,5.56678379e-06,2.27572098e-05,3.94902595e-05,3.75309272e-05,-5.21140651e-04,-4.77631576e-04,1.06487534e-02,1.82795057e-02,3.69053851e-02,0
0.975472,137.3404,-2.35266958e-05,-2.06888789e-05,3.79549671e-05,3.98088695e-05,5.55272901e-06,1.75757177e-05,3.75465941e-05,3.57189059e-05,-6.05947588e-04,-5.65241746e-04,1.91475113e-02,8.44934156e-03,3.45276202e-02,0
0.975472,141.1277,-2.24515245e-05,-1.85108682e-05,3.56870875e-05,3.60007989e-05,5.72785020e-06,1.28961204e-05,3.52244226e-05,3.36117182e-05,-6.89352902e-04,-6.53951243e-04,2.65886645e-02,1.42977046e-03,3.00284914e-02,0
0.975472,144.9149,-2.06679579e-05,-1.58418903e-05,3.31138620e-05,3.24443187e-05,6.03762903e-06,8.81011756e-06,3.25587913e-05,3.12252405e-05,-7.69882865e-04,-7.42097320e-04,3.25627719e-02,3.05150901e-03,2.35683306e-02,0
0.975472,148.7021,-1.82632803e-05,-1.28304330e-05,3.02799693e-05,2.90806561e-05,6.41928938e-06,5.38223027e-06,2.95917094e-05,2.85782462e-05,-8.46092730e-04,-8.27914155e-04,3.66568768e-02,5.46598714e-03,1.54194798e-02,0
0.975472,152.4894,-1.53410148e-05,-9.63528976e-06,2.72325861e-05,2.58281926e-05,6.79864926e-06,2.64765675e-06,2.63702884e-05,2.56921281e-05,-9.16587715e-04,-9.09590204e-04,3.84980565e-02,6.40066033e-03,5.93544767e-03,0
0.975472,156.2766,-1.20267608e-05,-6.41891877e-06,2.40139688e-05,2.25988785e-05,7.08583117e-06,6.11277845e-07,2.29447531e-05,2.25906097e-05,-9.80103972e-04,-9.85328146e-04,3.78376134e-02,6.44941248e-03,4.43126372e-03,0
0.975472,160.0638,-8.50504802e-06,-3.34069092e-06,2.06519951e-05,1.93141031e-05,7.19101037e-06,-7.52149558e-07,1.93596042e-05,1.92994520e-05,-1.03596749e-03,-1.05340521e-03,3.48453016e-02,6.09757382e-03,1.47910724e-02,0
0.975472,163.8511,-4.96492471e-06,-5.50294800e-07,1.71007892e-05,1.59166783e-05,6.89917468e-06,-1.49661940e-06,1.56473123e-05,1.58461598e-05,-1.08402031e-03,-1.11223160e-03,2.97866913e-02,5.39670115e-03,2.39294592e-02,0
0.975472,167.6383,-1.68704235e-06,1.81843664e-06,1.33817575e-05,1.23773222e-05,6.14057206e-06,-1.70237774e-06,1.18896933e-05,1.22596907e-05,-1.12261449e-03,-1.16040492e-03,2.36524064e-02,4.57781169e-03,3.20546974e-02,1
0.975472,171.4255,1.09156836e-06,3.65303165e-06,9.46428670e-06,8.69573165e-06,4.77227221e-06,-1.47239655e-06,8.17301295e-06,8.57016903e-06,-1.14977885e-03,-1.19675838e-03,1.72828794e-02,3.50276473e-03,3.98491049e-02,0
0.975472,175.2128,3.07670809e-06,4.86699783e-06,5.32549220e-06,4.89732468e-06,2.76304482e-06,-9.27958244e-07,4.55263116e-06,4.80860505e-06,-1.16485655e-03,-1.22040121e-03,1.20795647e-02,1.95141531e-03,4.71142477e-02,0
0.975472,179.0000,3.96457311e-06,5.40336884e-06,1.11361096e-06,1.02698810e-06,5.78920134e-07,-2.03523813e-07,9.51304809e-07,1.00661940e-06,-1.17043213e-03,-1.23074954e-03,9.70794046e-03,3.94792123e-04,5.11625983e-02,0
0.976437,1.0000,-5.62342668e-07,-2.19328499e-06,8.60728463e-07,1.70254541e-07,8.56971274e-07,9.97907325e-08,8.03350677e-08,1.37943533e-07,1.00791573e-03,1.09504809e-03,1.10044050e-02,3.14690235e-03,7.39076455e-02,0
0.976437,4.7872,4.48953083e-07,-1.47037140e-06,4.10681882e-06,8.44442564e-07,4.08732449e-06,5.15809267e-07,3.99674042e-07,6.68598567e-07,1.00595003e-03,1.08751830e-03,1.29501967e-02,1.48685985e-02,6.91880620e-02,0
0.976437,8.5745,2.76392430e-06,1.70845551e-07,7.25416678e-06,1.63757873e-06,7.20966483e-06,1.07958418e-06,8.02289729e-07,1.23132534e-06,1.00006400e-03,1.07034527e-03,1.74961974e-02,2.55981488e-02,5.96141688e-02,0
0.976437,12.3617,6.16046706e-06,2.66529296e-06,9.92378621e-06,2.65296309e-06,9.82549403e-06,1.90098525e-06,1.39326949e-06,1.85053189e-06,9.87920088e-04,1.04402363e-03,2.35828765e-02,3.31374866e-02,4.75882955e-02,0
0.976437,16.1489,1.03043402e-05,5.91395985e-06,1.18848584e-05,3.99661807e-06,1.16751652e-05,3.07822878e-06,2.22269586e-06,2.54901226e-06,9.67758596e-04,1.00930502e-03,2.96230731e-02,3.59514260e-02,3.52406226e-02,0
0.976437,19.9362,1.48755993e-05,9.78768277e-06,1.32901372e-05,5.76471478e-06,1.28882904e-05,4.69335561e-06,3.24341118e-06,3.34728990e-06,9.41523387e-04,9.67168242e-04,3.43295367e-02,3.42978476e-02,2.17525482e-02,0
0.976437,23.7234,1.95753605e-05,1.41320820e-05,1.43319683e-05,8.03287564e-06,1.36285654e-05,6.80835881e-06,4.43480761e-06,4.26302022e-06,9.10046884e-04,9.18780255e-04,3.67272587e-02,2.87087300e-02,7.40784330e-03,0
0.976437,27.5106,2.42204793e-05,1.87734580e-05,1.52388419e-05,1.08504717e-05,1.40918786e-05,9.46211767e-06,5.80010867e-06,5.31046760e-06,8.73347095e-04,8.65449825e-04,3.67525132e-02,2.00004256e-02,6.69864393e-03,0
0.976437,31.2979,2.86475427e-05,2.35254198e-05,1.60882119e-05,1.42385314e-05,1.43213452e-05,1.26682622e-05,7.33004992e-06,6.50006994e-06,8.31676790e-04,8.08575538e-04,3.45603359e-02,8.43009937e-03,1.95950074e-02,0
0.976437,35.0851,3.27002369e-05,2.81959915e-05,1.69646789e-05,1.81894768e-05,1.43784242e-05,1.64140561e-05,9.00340208e-06,7.83810113e-06,7.85731669e-04,7.49590338e-04,3.03913506e-02,5.58213607e-03,3.06558975e-02,0
0.976437,38.8723,3.62396356e-05,3.25949204e-05,1.79438251e-05,2.26678705e-05,1.43342748e-05,2.06603456e-05,1.07939531e-05,9.32643946e-06,7.36431584e-04,6.89904828e-04,2.45918704e-02,2.15302987e-02,3.94650512e-02,0
0.976437,42.6596,3.91443507e-05,3.65409076e-05,1.90709000e-05,2.76119826e-05,1.42503926e-05,2.53425797e-05,1.26738131e-05,1.09624465e-05,6.84685679e-04,6.30851601e-04,1.75661281e-02,3.89268180e-02,4.56632869e-02,0
0.976437,46.4468,4.13099476e-05,3.98684830e-05,2.03644927e-05,3.29361802e-05,1.41813697e-05,3.03728648e-05,1.46151059e-05,1.27389580e-05,6.31404027e-04,5.73632901e-04,9.72594786e-03,5.72966938e-02,4.90027809e-02,0
0.976437,50.2340,4.26493933e-05,4.24342593e-05,2.18216528e-05,3.85341374e-05,1.41767163e-05,3.56429755e-05,1.65893111e-05,1.46443860e-05,5.77478522e-04,5.19273703e-04,1.45156684e-03,7.61687812e-02,4.93706491e-02,0
0.976437,54.0213,4.31002218e-05,4.41223276e-05,2.34325532e-05,4.42828053e-05,1.42926089e-05,4.10282065e-05,1.85689493e-05,1.66629265e-05,5.23849983e-04,4.68582160e-04,6.89642180e-03,9.50270609e-02,4.68794231e-02,0
0.976437,57.8085,4.26438237e-05,4.48485883e-05,2.51963587e-05,5.00470323e-05,1.46045729e-05,4.63919155e-05,2.05319981e-05,1.87748667e-05,4.71645408e-04,4.22119036e-04,1.48761379e-02,1.13259372e-01,4.20093931e-02,0
0.976437,61.5957,4.12612551e-05,4.45638528e-05,2.70750156e-05,5.56846758e-05,1.51286481e-05,5.15905808e-05,2.24539635e-05,2.09569819e-05,4.21557356e-04,3.80177400e-04,2.22835122e-02,1.30391321e-01,3.50994180e-02,0
0.976437,65.3830,3.89489225e-05,4.32556013e-05,2.90361400e-05,6.10520210e-05,1.58722008e-05,5.64791763e-05,2.43140015e-05,2.31830093e-05,3.74188047e-04,3.42773448e-04,2.90583167e-02,1.45915505e-01,2.66465769e-02,0
0.976437,69.1702,3.57245290e-05,4.09483318e-05,3.10559372e-05,6.60093010e-05,1.68397119e-05,6.09166529e-05,2.60939713e-05,2.54241857e-05,3.30104962e-04,3.09648880e-04,3.52463975e-02,1.59303370e-01,1.73513134e-02,0
0.976437,72.9574,3.19092297e-05,3.77024921e-05,3.32199308e-05,7.04261056e-05,1.81421818e-05,6.47713128e-05,2.78284933e-05,2.76498353e-05,2.90762775e-04,2.80284805e-04,3.90886944e-02,1.69570776e-01,8.88765234e-03,0
0.976437,76.7447,2.79303255e-05,3.36120419e-05,3.55296775e-05,7.41864669e-05,1.97426697e-05,6.79258636e-05,2.95395493e-05,2.98279890e-05,2.56832595e-04,2.53926659e-04,3.83360636e-02,1.76182094e-01,2.46488034e-03,0
0.976437,80.5319,2.39510286e-05,2.88007421e-05,3.78196579e-05,7.71934209e-05,2.13585462e-05,7.02819555e-05,3.12112003e-05,3.19260233e-05,2.27224013e-04,2.29619220e-04,3.27223168e-02,1.79449771e-01,2.03166944e-03,0
0.976437,84.3191,2.01472215e-05,2.34173221e-05,3.99260421e-05,7.93728592e-05,2.26746082e-05,7.17640202e-05,3.28626077e-05,3.39112987e-05,2.00688304e-04,2.06250356e-04,2.20642456e-02,1.79782722e-01,4.71785888e-03,0
0.976437,88.1064,1.66201129e-05,1.76297166e-05,4.16779808e-05,8.06765129e-05,2.33163499e-05,7.23222616e-05,3.45456497e-05,3.57517861e-05,1.76377174e-04,1.82601819e-04,6.81206710e-03,1.77739620e-01,5.27988497e-03,0
0.976437,91.8936,1.30841338e-05,1.16185973e-05,4.29023781e-05,8.10839356e-05,2.30244471e-05,7.19346774e-05,3.62006751e-05,3.74166648e-05,1.51770801e-04,1.57405082e-04,9.88836768e-03,1.74016178e-01,4.77912473e-03,0
0.976437,95.6809,9.28763478e-06,5.57045683e-06,4.36360278e-05,8.06033867e-05,2.17908600e-05,7.06080314e-05,3.78055728e-05,3.88768806e-05,1.24072740e-04,1.29400030e-04,2.50807960e-02,1.68482350e-01,4.51872828e-03,0
0.976437,99.4681,4.94803126e-06,-3.29486306e-07,4.40821095e-05,7.92715466e-05,1.98597043e-05,6.83777356e-05,3.93551080e-05,4.01056527e-05,9.10285508e-05,9.73941652e-05,3.56088256e-02,1.60379297e-01,5.39945870e-03,1
0.976437,103.2553,1.72244857e-07,-5.90428372e-06,4.43860710e-05,7.71520283e-05,1.76062648e-05,6.53066436e-05,4.07448493e-05,4.10789213e-05,5.13408647e-05,6.03199642e-05,4.09999671e-02,1.49334051e-01,7.61627614e-03,0
0.976437,107.0426,-4.85393094e-06,-1.09918818e-05,4.46280730e-05,7.43326730e-05,1.53465535e-05,6.14828013e-05,4.19064219e-05,4.17757276e-05,3.72634743e-06,1.72880916e-05,4.14143997e-02,1.35381616e-01,1.15033794e-02,0
0.976437,110.8298,-9.95450981e-06,-1.54511181e-05,4.48456935e-05,7.09216422e-05,1.33632430e-05,5.70162386e-05,4.28084099e-05,4.21785238e-05,-5.27345202e-05,-3.23656980e-05,3.70870898e-02,1.18843684e-01,1.72772976e-02,0
0.976437,114.6170,-1.46719196e-05,-1.91668580e-05,4.49381208e-05,6.70423347e-05,1.17310740e-05,5.20349262e-05,4.33799101e-05,4.22734089e-05,-1.17345339e-04,-8.90418869e-05,3.03285546e-02,1.00742114e-01,2.40076305e-02,0
0.976437,118.4043,-1.86419544e-05,-2.20540738e-05,4.47633830e-05,6.28271786e-05,1.04000537e-05,4.66800527e-05,4.35384812e-05,4.20502919e-05,-1.88665095e-04,-1.52848363e-04,2.30224846e-02,8.23275128e-02,3.03805661e-02,0
0.976437,122.1915,-2.18239698e-05,-2.40607127e-05,4.42709294e-05,5.84103900e-05,9.36887488e-06,4.11008041e-05,4.32682259e-05,4.15029825e-05,-2.65634002e-04,-2.23582667e-04,1.50919039e-02,6.44419727e-02,3.56688977e-02,0
0.976437,125.9787,-2.41965283e-05,-2.51692453e-05,4.34287314e-05,5.39198841e-05,8.63132577e-06,3.54488484e-05,4.25623651e-05,4.06292142e-05,-3.47090047e-04,-3.00726135e-04,6.56318232e-03,4.78144532e-02,3.93269229e-02,0
0.976437,129.7660,-2.57486427e-05,-2.53968405e-05,4.22229294e-05,4.94687071e-05,8.17478221e-06,2.98727374e-05,4.14240112e-05,3.94306041e-05,-4.31759620e-04,-3.83450290e-04,2.37370416e-03,3.30233393e-02,4.09770710e-02,0
0.976437,133.5532,-2.64396941e-05,-2.47941673e-05,4.06447292e-05,4.51466704e-05,7.96103896e-06,2.45124445e-05,3.98574443e-05,3.79125561e-05,-5.18156355e-04,-4.70635358e-04,1.11028105e-02,2.05180368e-02,4.03083886e-02,0
0.976437,137.3404,-2.62923887e-05,-2.34428761e-05,3.87061494e-05,4.10132785e-05,7.94356145e-06,1.94942489e-05,3.78822627e-05,3.60841139e-05,-6.04760131e-04,-5.60900333e-04,1.92264259e-02,1.05149666e-02,3.72028769e-02,0
0.976437,141.1277,-2.53600822e-05,-2.14518654e-05,3.64330007e-05,3.70934046e-05,8.07208455e-06,1.49261649e-05,3.55275244e-05,3.39577719e-05,-6.90024531e-04,-6.52643541e-04,2.63697865e-02,3.00985550e-03,3.17074042e-02,0
0.976437,144.9149,-2.37128926e-05,-1.89524888e-05,3.38596558e-05,3.33771858e-05,8.29027243e-06,1.08940941e-05,3.28290676e-05,3.15492511e-05,-7.72392769e-04,-7.44092260e-04,3.21197204e-02,2.19890447e-03,2.40051345e-02,0
0.976437,148.7021,-2.14368913e-05,-1.60928953e-05,3.10266063e-05,2.98249879e-05,8.53403904e-06,7.45884916e-06,2.98298588e-05,2.88772483e-05,-8.50329983e-04,-8.33359585e-04,3.60573730e-02,5.47649336e-03,1.43946774e-02,0
0.976437,152.4894,-1.86345684e-05,-1.30317340e-05,2.79748296e-05,2.63770198e-05,8.72927690e-06,4.65416429e-06,2.65780138e-05,2.59631648e-05,-9.22327033e-04,-9.18506456e-04,3.78038256e-02,7.28217421e-03,3.24070074e-03,0
0.976437,156.2766,-1.54440453e-05,-9.93147428e-06,2.47432881e-05,2.29657449e-05,8.80176918e-06,2.48576987e-06,2.31248603e-05,2.28308210e-05,-9.87075048e-04,-9.97606535e-04,3.71947940e-02,8.10132674e-03,8.93304634e-03,0
0.976437,160.0638,-1.20400087e-05,-6.95161253e-06,2.13618480e-05,1.95283949e-05,8.68034757e-06,9.31565675e-07,1.95187120e-05,1.95061630e-05,-1.04364922e-03,-1.06881152e-03,3.43327728e-02,8.35614169e-03,2.13432373e-02,0
0.976437,163.8511,-8.57765677e-06,-4.24203551e-06,1.77797492e-05,1.60170670e-05,8.15965997e-06,-5.71142214e-08,1.57968171e-05,1.60169652e-05,-1.09156268e-03,-1.13041448e-03,2.92535988e-02,8.03359626e-03,3.29549722e-02,0
0.976437,167.6383,-5.32236336e-06,-1.93680713e-06,1.39471642e-05,1.24048731e-05,7.06720062e-06,-5.53195194e-07,1.20240619e-05,1.23925321e-05,-1.12959389e-03,-1.18090871e-03,2.28432553e-02,7.02914234e-03,4.35263980e-02,0
0.976437,171.4255,-2.55365777e-06,-1.48626665e-07,9.82438683e-06,8.68779708e-06,5.26510638e-06,-6.50605193e-07,8.29440965e-06,8.66340181e-06,-1.15548265e-03,-1.21904014e-03,1.62273895e-02,5.18011883e-03,5.39109043e-02,0
0.976437,175.2128,-6.46871504e-07,1.03582015e-06,5.50505823e-06,4.88278703e-06,2.99032409e-06,-4.60195077e-07,4.62208048e-06,4.86105232e-06,-1.17050286e-03,-1.24385101e-03,1.13535716e-02,2.83606181e-03,6.22155700e-02,0
0.976437,179.0000,1.93387792e-07,1.55943163e-06,1.15140253e-06,1.02301338e-06,6.26829989e-07,-1.04996092e-07,9.65821906e-07,1.01761102e-06,-1.17639243e-03,-1.25471342e-03,9.21706395e-03,5.85146102e-04,6.64336407e-02,0
0.977403,1.0000,2.40024621e-06,6.67507669e-07,8.92921359e-07,2.40118792e-07,8.87551023e-07,1.86161114e-07,9.77841230e-08,1.51661050e-07,1.00352258e-03,1.10848598e-03,1.16912514e-02,2.97521147e-03,8.90323466e-02,0
0.977403,4.7872,3.37723794e-06,1.38658934e-06,4.26046948e-06,1.18110106e-06,4.23296199e-06,9.25312134e-07,4.83355932e-07,7.34028037e-07,1.00131404e-03,1.10049380e-03,1.34314397e-02,1.40345224e-02,8.41265216e-02,0
0.977403,8.5745,5.62159092e-06,3.01886955e-06,7.56556309e-06,2.24595036e-06,7.50523117e-06,1.79678761e-06,9.53545977e-07,1.34753378e-06,9.95222876e-04,1.08227083e-03,1.75612587e-02,2.42446547e-02,7.38360549e-02,0
0.977403,12.3617,8.97314549e-06,5.49906544e-06,1.05528827e-05,3.53091536e-06,1.04341062e-05,2.89889675e-06,1.57884823e-06,2.01587720e-06,9.84054249e-04,1.05435295e-03,2.34405493e-02,3.20033023e-02,5.96289538e-02,0
0.977403,16.1489,1.30881820e-05,8.72784389e-06,1.28175761e-05,5.12651346e-06,1.25861534e-05,4.31937065e-06,2.42466498e-06,2.76119131e-06,9.64968299e-04,1.01755448e-03,2.94203697e-02,3.50527693e-02,4.46047953e-02,0
0.977403,19.9362,1.75970020e-05,1.25756160e-05,1.44218300e-05,7.11174103e-06,1.40007742e-05,6.13125832e-06,3.45940760e-06,3.60340560e-06,9.39303184e-04,9.72935891e-04,3.38806373e-02,3.33164445e-02,2.85280257e-02,0
0.977403,23.7234,2.22342549e-05,1.68874853e-05,1.56651401e-05,9.54844498e-06,1.49497182e-05,8.38941333e-06,4.68001499e-06,4.55966506e-06,9.07453766e-04,9.21761588e-04,3.60760878e-02,2.78774356e-02,1.21362203e-02,0
0.977403,27.5106,2.68213876e-05,2.14891582e-05,1.67374889e-05,1.24771274e-05,1.55946455e-05,1.11277131e-05,6.07869774e-06,5.64382064e-06,8.69919463e-04,8.65449734e-04,3.59779808e-02,1.94170133e-02,3.79132504e-03,0
0.977403,31.2979,3.11989956e-05,2.61935902e-05,1.77250612e-05,1.59144279e-05,1.59941138e-05,1.43571239e-05,7.63977219e-06,6.86600366e-06,8.27303196e-04,8.05515952e-04,3.37728124e-02,8.25213828e-03,1.84804352e-02,0
0.977403,35.0851,3.52108713e-05,3.08081097e-05,1.86828107e-05,1.98520471e-05,1.61776755e-05,1.80646921e-05,9.34506455e-06,8.23229450e-06,7.80194468e-04,7.43513267e-04,2.97066130e-02,5.32890926e-03,3.11138273e-02,0
0.977403,38.8723,3.87159607e-05,3.51417478e-05,1.96910491e-05,2.42568519e-05,1.62185131e-05,2.22135032e-05,1.11667922e-05,9.74449295e-06,7.29611829e-04,6.80970678e-04,2.41161726e-02,2.08090925e-02,4.12585293e-02,0
0.977403,42.6596,4.15902916e-05,3.90124897e-05,2.08038275e-05,2.90719940e-05,1.61804763e-05,2.67436150e-05,1.30763689e-05,1.13999951e-05,6.76547939e-04,6.19332839e-04,1.73931202e-02,3.76829766e-02,4.85311471e-02,0
0.977403,46.4468,4.37272318e-05,4.22541718e-05,2.20509550e-05,3.42189445e-05,1.61210802e-05,3.15739316e-05,1.50451118e-05,1.31917781e-05,6.21992560e-04,5.59903301e-04,9.93913114e-03,5.54568010e-02,5.26655195e-02,0
0.977403,50.2340,4.50377393e-05,4.47227575e-05,2.34406865e-05,3.96003603e-05,1.60928379e-05,3.66049448e-05,1.70436602e-05,1.51084927e-05,5.66898275e-04,5.03793608e-04,2.12526678e-03,7.36492919e-02,5.35268119e-02,0
0.977403,54.0213,4.54517407e-05,4.63017554e-05,2.49670531e-05,4.51036796e-05,1.61452734e-05,4.17222412e-05,1.90442613e-05,1.71346578e-05,5.12194776e-04,4.51880331e-04,5.73527706e-03,9.17746423e-02,5.11600825e-02,0
0.977403,57.8085,4.49446053e-05,4.69065704e-05,2.66378011e-05,5.06053229e-05,1.63595768e-05,4.68006362e-05,2.10222904e-05,1.92509520e-05,4.59075412e-04,4.04771800e-04,1.32379041e-02,1.09234322e-01,4.60615564e-02,0
0.977403,61.5957,4.35044351e-05,4.64876257e-05,2.84302380e-05,5.59753453e-05,1.67716156e-05,5.17087762e-05,2.29562920e-05,2.14345922e-05,4.08391529e-04,3.62785921e-04,2.01283865e-02,1.25539518e-01,3.86837123e-02,0
0.977403,65.3830,4.11267962e-05,4.50321383e-05,3.03095375e-05,6.10823654e-05,1.73906393e-05,5.63140282e-05,2.48240554e-05,2.36597884e-05,3.60778403e-04,3.25940002e-04,2.63503898e-02,1.40250169e-01,2.95507228e-02,0
0.977403,69.1702,3.78266389e-05,4.25644841e-05,3.22498198e-05,6.57985833e-05,1.82218518e-05,6.04874667e-05,2.66085512e-05,2.58982611e-05,3.16827020e-04,2.93953083e-04,3.19675118e-02,1.52901767e-01,1.94021934e-02,0
0.977403,72.9574,3.37650868e-05,3.91451437e-05,3.42786167e-05,7.00046929e-05,1.93163979e-05,6.41087621e-05,2.83178448e-05,2.81198090e-05,2.77503518e-04,2.66260705e-04,3.63006864e-02,1.62825083e-01,9.53640928e-03,0
0.977403,76.7447,2.94576096e-05,3.48682750e-05,3.64808364e-05,7.35944943e-05,2.07465695e-05,6.70707776e-05,3.00071871e-05,3.02929097e-05,2.44220684e-04,2.42041618e-04,3.65072101e-02,1.69149121e-01,1.84833365e-03,0
0.977403,80.5319,2.51805310e-05,2.98580110e-05,3.87169396e-05,7.64790224e-05,2.22687501e-05,6.92836965e-05,3.16718201e-05,3.23853403e-05,2.16267612e-04,2.20255390e-04,3.15602112e-02,1.72104381e-01,3.38252318e-03,0
0.977403,84.3191,2.11444012e-05,2.42636322e-05,4.08072986e-05,7.85900237e-05,2.35310648e-05,7.06785134e-05,3.33395352e-05,3.43648014e-05,1.92437936e-04,1.99689502e-04,2.10462873e-02,1.72198460e-01,6.15094311e-03,0
0.977403,88.1064,1.73063188e-05,1.82538043e-05,4.25410735e-05,7.98826331e-05,2.41439613e-05,7.12097541e-05,3.50258771e-05,3.61995302e-05,1.71825088e-04,1.79014071e-04,6.39293891e-03,1.70187806e-01,6.09785850e-03,0
0.977403,91.8936,1.34358470e-05,1.20101103e-05,4.37690954e-05,8.03371312e-05,2.38873993e-05,7.08573148e-05,3.66759577e-05,3.78588905e-05,1.51274176e-04,1.56842067e-04,9.61982790e-03,1.66662395e-01,4.72281203e-03,0
0.977403,95.6809,9.30557714e-06,5.72012829e-06,4.45202855e-05,7.99596895e-05,2.27508760e-05,6.96273460e-05,3.82681782e-05,3.93139242e-05,1.27375785e-04,1.31792653e-04,2.41919845e-02,1.61518546e-01,3.74648758e-03,0
0.977403,99.4681,4.68836271e-06,-4.29669832e-07,4.49632522e-05,7.87820425e-05,2.09355566e-05,6.75521454e-05,3.97919152e-05,4.05378574e-05,9.72025326e-05,1.02555130e-04,3.45327374e-02,1.54132441e-01,4.54019441e-03,1
0.977403,103.2553,-4.52154721e-07,-6.26092544e-06,4.52810054e-05,7.68600558e-05,1.88293890e-05,6.46890604e-05,4.11803783e-05,4.15065495e-05,5.93677716e-05,6.79509450e-05,3.91933331e-02,1.43924607e-01,7.28044259e-03,0
0.977403,107.0426,-5.89410031e-06,-1.16100308e-05,4.55603711e-05,7.42711885e-05,1.67825765e-05,6.11184426e-05,4.23567296e-05,4.21988794e-05,1.26265609e-05,2.69912685e-05,3.85669149e-02,1.30852355e-01,1.21844712e-02,0
0.977403,110.8298,-1.13459120e-05,-1.63341409e-05,4.58171609e-05,7.11108758e-05,1.50403801e-05,5.69407298e-05,4.32781607e-05,4.25970649e-05,-4.35907577e-05,-2.10721852e-05,3.36569174e-02,1.15278577e-01,1.91007645e-02,0
0.977403,114.6170,-1.62480987e-05,-2.03163282e-05,4.58975160e-05,6.74878856e-05,1.36008691e-05,5.22727689e-05,4.38360392e-05,4.26869106e-05,-1.08092012e-04,-7.67051681e-05,2.74494349e-02,9.84002185e-02,2.66230338e-02,0
0.977403,118.4043,-2.04071193e-05,-2.34696815e-05,4.57050725e-05,6.35187429e-05,1.24417591e-05,4.72435195e-05,4.39790437e-05,4.24579859e-05,-1.79690345e-04,-1.40059484e-04,2.06639280e-02,8.11875432e-02,3.36157966e-02,0
0.977403,122.1915,-2.37826516e-05,-2.57401950e-05,4.51937009e-05,5.93213677e-05,1.15590925e-05,4.19893064e-05,4.36904793e-05,4.19037328e-05,-2.57296148e-04,-2.10953491e-04,1.32080706e-02,6.43882217e-02,3.93088942e-02,0
0.977403,125.9787,-2.63513031e-05,-2.71083396e-05,4.43367712e-05,5.50081691e-05,1.09435604e-05,3.66488019e-05,4.29649598e-05,4.10215064e-05,-3.39710060e-04,-2.88865394e-04,5.10792867e-03,4.86359382e-02,4.31276004e-02,0
0.977403,129.7660,-2.80827834e-05,-2.75892615e-05,4.31183226e-05,5.06789845e-05,1.05743827e-05,3.13579339e-05,4.18015810e-05,3.98125539e-05,-4.25589751e-04,-3.72939734e-04,3.32992446e-03,3.44584551e-02,4.46589399e-02,0
0.977403,133.5532,-2.89416253e-05,-2.72316075e-05,4.15320816e-05,4.64144609e-05,1.04059871e-05,2.62449160e-05,4.02073281e-05,3.82819353e-05,-5.13370237e-04,-4.62006929e-04,1.15379486e-02,2.22519206e-02,4.35675243e-02,0
0.977403,137.3404,-2.89610351e-05,-2.61150308e-05,3.95907301e-05,4.22707056e-05,1.03903908e-05,2.14255927e-05,3.82029539e-05,3.64383937e-05,-6.01481862e-04,-5.54615257e-04,1.92027537e-02,1.22142506e-02,3.97533183e-02,0
0.977403,141.1277,-2.81931037e-05,-2.43464821e-05,3.73184403e-05,3.82761862e-05,1.04745062e-05,1.69992801e-05,3.58183012e-05,3.42941818e-05,-6.88314931e-04,-6.49074165e-04,2.59541873e-02,4.36502080e-03,3.32849093e-02,0
0.977403,144.9149,-2.67065985e-05,-2.20554392e-05,3.47460894e-05,3.44317821e-05,1.05994959e-05,1.30452631e-05,3.30898990e-05,3.18648510e-05,-7.72231076e-04,-7.43507332e-04,3.13826185e-02,1.43248636e-03,2.43641324e-02,0
0.977403,148.7021,-2.45866722e-05,-1.93882710e-05,3.19087081e-05,3.07144457e-05,1.06997753e-05,9.62008425e-06,3.00612785e-05,2.91690102e-05,-8.51611568e-04,-8.35913574e-04,3.50750064e-02,5.44296751e-03,1.33153947e-02,0
0.977403,152.4894,-2.19351330e-05,-1.65019628e-05,2.88403019e-05,2.70841489e-05,1.07000284e-05,6.75572994e-06,2.67819419e-05,2.62280620e-05,-9.24846179e-04,-9.24233314e-04,3.66590554e-02,8.00383886e-03,5.19846257e-04,0
0.977403,156.2766,-1.89091140e-05,-1.35574576e-05,2.55779207e-05,2.34929233e-05,1.05468914e-05,4.45878331e-06,2.33022125e-05,2.30659206e-05,-9.90637709e-04,-1.00641815e-03,3.61090602e-02,9.50257961e-03,1.33853309e-02,0
0.977403,160.0638,-1.56569859e-05,-1.07128804e-05,2.21449973e-05,1.98942402e-05,1.01639519e-05,2.71057580e-06,1.96747296e-05,1.97087181e-05,-1.04777321e-03,-1.08050095e-03,3.33592051e-02,1.02580453e-02,2.77604145e-02,0
0.977403,163.8511,-1.23241509e-05,-8.11691843e-06,1.85025323e-05,1.62509734e-05,9.38254868e-06,1.46833079e-06,1.59471465e-05,1.61845031e-05,-1.09529218e-03,-1.14466378e-03,2.83873249e-02,1.02616997e-02,4.18781057e-02,0
0.977403,167.6383,-9.13816811e-06,-5.90262274e-06,1.45191896e-05,1.25406986e-05,7.92435609e-06,6.67253758e-07,1.21659955e-05,1.25229347e-05,-1.13241704e-03,-1.19730113e-03,2.18310919e-02,9.01716600e-03,5.50361622e-02,0
0.977403,171.4255,-6.45007267e-06,-4.18187819e-06,1.01839233e-05,8.75782773e-06,5.73964377e-06,2.23486433e-07,8.41241834e-06,8.75497575e-06,-1.15746557e-03,-1.23707616e-03,1.53041161e-02,6.49956968e-03,6.75275119e-02,0
0.977403,175.2128,-4.65574742e-06,-3.04076451e-06,5.69626351e-06,4.91273089e-06,3.23711893e-06,3.78088275e-08,4.68705441e-06,4.91258540e-06,-1.17276673e-03,-1.26296760e-03,1.08967226e-02,3.57102646e-03,7.65104221e-02,0
0.977403,179.0000,-3.86815098e-06,-2.53599311e-06,1.19151495e-06,1.02841278e-06,6.78647512e-07,-5.62786237e-11,9.79359704e-07,1.02841278e-06,-1.17893566e-03,-1.27430576e-03,8.98842620e-03,7.43354079e-04,8.08950875e-02,0
0.978369,1.0000,5.58833804e-06,3.74375281e-06,9.28104908e-07,3.23477423e-07,9.21045698e-07,2.78152159e-07,1.14252102e-07,1.65133339e-07,9.96504417e-04,1.11826164e-03,1.24459110e-02,2.75564883e-03,1.03277240e-01,0
0.978369,4.7872,6.52633493e-06,4.45334383e-06,4.42776063e-06,1.57809173e-06,4.39192125e-06,1.36129425e-06,5.62220549e-07,7.98280308e-07,9.94073122e-04,1.10983878e-03,1.39870266e-02,1.29876444e-02,9.81950612e-02,0
0.978369,8.5745,8.67965442e-06,6.06383521e-06,7.86309797e-06,2.94757952e-06,7.78615117e-06,2.55966605e-06,1.09734213e-06,1.46162057e-06,9.87547142e-04,1.09063817e-03,1.76496334e-02,2.24029556e-02,8.74441511e-02,0
0.978369,12.3617,1.19325704e-05,8.51023118e-06,1.10925389e-05,4.51842368e-06,1.09499201e-05,3.95877268e-06,1.77303926e-06,2.17813485e-06,9.76752544e-04,1.06123462e-03,2.30914403e-02,2.99621723e-02,7.16596112e-02,0
0.978369,16.1489,1.59644069e-05,1.16936321e-05,1.36796503e-05,6.36921651e-06,1.34254367e-05,5.63473607e-06,2.62497286e-06,2.96928751e-06,9.59146379e-04,1.02250169e-03,2.88160622e-02,3.33180162e-02,5.37394182e-02,0
0.978369,19.9362,2.03691195e-05,1.54850085e-05,1.55371409e-05,8.56673766e-06,1.50962340e-05,7.65065554e-06,3.67511473e-06,3.85440838e-06,9.34095137e-04,9.75577042e-04,3.29544060e-02,3.17682939e-02,3.51858932e-02,0
0.978369,23.7234,2.49117008e-05,1.97301217e-05,1.70097639e-05,1.11622790e-05,1.62816628e-05,1.00534931e-05,4.92336494e-06,4.85012868e-06,9.02012519e-04,9.21817165e-04,3.49615031e-02,2.66504836e-02,1.67987503e-02,0
0.978369,27.5106,2.94121365e-05,2.42554037e-05,1.82620351e-05,1.41886531e-05,1.71213838e-05,1.28716101e-05,6.35296341e-06,5.96988533e-06,8.63798660e-04,8.62743610e-04,3.47938588e-02,1.85648363e-02,8.94916974e-04,0
0.978369,31.2979,3.37128814e-05,2.88745674e-05,1.93937426e-05,1.76581307e-05,1.76922194e-05,1.61130552e-05,7.94371613e-06,7.22350552e-06,8.20364725e-04,7.99982623e-04,3.26454013e-02,7.91022106e-03,1.72885613e-02,0
0.978369,35.0851,3.76598917e-05,3.33956946e-05,2.04448509e-05,2.15613783e-05,1.80092894e-05,1.97646752e-05,9.67767668e-06,8.61688159e-06,7.72298737e-04,7.35200737e-04,2.87716809e-02,5.08868237e-03,3.14673663e-02,0
0.978369,38.8723,4.11093199e-05,3.76285285e-05,2.14907309e-05,2.58673785e-05,1.81374475e-05,2.37920864e-05,1.15275546e-05,1.01517434e-05,7.20630848e-04,6.70038880e-04,2.34858325e-02,1.99469990e-02,4.29132563e-02,0
0.978369,42.6596,4.39350303e-05,4.13916911e-05,2.25941197e-05,3.05242793e-05,1.81442596e-05,2.81405117e-05,1.34640295e-05,1.18255329e-05,6.66441631e-04,6.06047659e-04,1.71605911e-02,3.61424769e-02,5.12275385e-02,0
0.978369,46.4468,4.60284055e-05,4.45195486e-05,2.37951935e-05,3.54611037e-05,1.80908061e-05,3.27364518e-05,1.54574891e-05,1.36313830e-05,6.10798982e-04,5.44626429e-04,1.01806623e-02,5.31685256e-02,5.61290622e-02,0
0.978369,50.2340,4.72981730e-05,4.68684619e-05,2.51133358e-05,4.05902379e-05,1.80327569e-05,3.74901299e-05,1.74785387e-05,1.55581994e-05,5.54716806e-04,4.86968619e-04,2.89937607e-03,7.05374928e-02,5.74655507e-02,0
0.978369,54.0213,4.76715606e-05,4.83221851e-05,2.65508368e-05,4.58105936e-05,1.80215372e-05,4.22986142e-05,1.94979777e-05,1.75908420e-05,4.99172508e-04,4.34015537e-04,4.38993746e-03,8.77782230e-02,5.52676226e-02,0
0.978369,57.8085,4.71095007e-05,4.87962053e-05,2.81140855e-05,5.10113238e-05,1.81256421e-05,4.70494983e-05,2.14909959e-05,1.97103999e-05,4.45278152e-04,3.86420547e-04,1.13806479e-02,1.04356401e-01,4.99243579e-02,0
0.978369,61.5957,4.56101006e-05,4.82408617e-05,2.98024675e-05,5.60759460e-05,1.84111526e-05,5.16249972e-05,2.34353691e-05,2.18945515e-05,3.94129406e-04,3.44525094e-04,1.77504498e-02,1.19743945e-01,4.20755047e-02,0
0.978369,65.3830,4.31695592e-05,4.66431270e-05,3.15833714e-05,6.08867144e-05,1.88908908e-05,5.59062977e-05,2.53109382e-05,2.41179988e-05,3.46399852e-04,3.08347596e-04,2.34370933e-02,1.33552848e-01,3.22767877e-02,0
0.978369,69.1702,3.98027468e-05,4.40269884e-05,3.34288316e-05,6.53290711e-05,1.95722002e-05,5.97779958e-05,2.71001063e-05,2.63529648e-05,3.02708573e-04,2.77585701e-04,2.85020903e-02,1.45388458e-01,2.13097908e-02,0
0.978369,72.9574,3.55758659e-05,4.04524168e-05,3.53294616e-05,6.92959995e-05,2.04683727e-05,6.31324443e-05,2.87961209e-05,2.85697397e-05,2.63737095e-04,2.51631874e-04,3.29033965e-02,1.54805814e-01,1.02679229e-02,0
0.978369,76.7447,3.09631922e-05,3.60129723e-05,3.73924981e-05,7.26921074e-05,2.16884273e-05,6.58738429e-05,3.04599908e-05,3.07372625e-05,2.31077425e-04,2.29601770e-04,3.40722201e-02,1.60881417e-01,1.25168398e-03,0
0.978369,80.5319,2.64094353e-05,3.08321411e-05,3.95496493e-05,7.54372744e-05,2.30772721e-05,6.79219079e-05,3.21187527e-05,3.28237230e-05,2.04753691e-04,2.10374296e-04,2.98411819e-02,1.63561357e-01,4.76752490e-03,0
0.978369,84.3191,2.21266724e-05,2.50585534e-05,4.15926794e-05,7.74697120e-05,2.42454148e-05,6.92149781e-05,3.37951304e-05,3.47971706e-05,1.83739214e-04,1.92641840e-04,1.97821869e-02,1.63513081e-01,7.55140887e-03,0
0.978369,88.1064,1.79820522e-05,1.88602703e-05,4.32977199e-05,7.87483050e-05,2.48182939e-05,6.97124328e-05,3.54787941e-05,3.66261144e-05,1.66829177e-04,1.74968695e-04,5.92557296e-03,1.61569505e-01,6.90412480e-03,0
0.978369,91.8936,1.37931847e-05,1.24183669e-05,4.45335411e-05,7.92541264e-05,2.45972459e-05,6.93963272e-05,3.71242748e-05,3.82801035e-05,1.50331768e-04,1.55855411e-04,9.27626436e-03,1.58242459e-01,4.68527934e-03,0
0.978369,95.6809,9.33338421e-06,5.92006223e-06,4.53210427e-05,7.89910431e-05,2.35689849e-05,6.82721776e-05,3.87104620e-05,3.97302737e-05,1.30266455e-04,1.33806507e-04,2.30305983e-02,1.53454316e-01,3.00275208e-03,0
0.978369,99.4681,4.42390396e-06,-4.48332863e-07,4.57975408e-05,7.79853618e-05,2.19094227e-05,6.63688656e-05,4.02168117e-05,4.09498514e-05,1.03121268e-04,1.07398891e-04,3.28742878e-02,1.46699138e-01,3.62837725e-03,1
0.978369,103.2553,-1.06066579e-06,-6.50837712e-06,4.61563450e-05,7.62844911e-05,1.99889253e-05,6.37376613e-05,4.16034981e-05,4.19146051e-05,6.71822598e-05,7.53482524e-05,3.67571686e-02,1.37311969e-01,6.92658037e-03,0
0.978369,107.0426,-6.89588364e-06,-1.20960971e-05,4.65052557e-05,7.39546283e-05,1.81927732e-05,6.04504025e-05,4.27990866e-05,4.26032380e-05,2.13780495e-05,3.65707582e-05,3.50872340e-02,1.25103197e-01,1.28868006e-02,0
0.978369,110.8298,-1.26138631e-05,-1.70679675e-05,4.68054038e-05,7.10775111e-05,1.66948891e-05,5.65968987e-05,4.37267253e-05,4.29977167e-05,-3.42737952e-05,-9.76242118e-06,3.00530365e-02,1.10622500e-01,2.07911041e-02,0
0.978369,114.6170,-1.76930769e-05,-2.13060440e-05,4.68938725e-05,6.77463114e-05,1.54632561e-05,5.22816595e-05,4.42710175e-05,4.30835327e-05,-9.84508717e-05,-6.41799873e-05,2.43776571e-02,9.50370273e-02,2.90693425e-02,0
0.978369,118.4043,-2.20405658e-05,-2.47220504e-05,4.67037656e-05,6.40607899e-05,1.44914662e-05,4.76200722e-05,4.43986388e-05,4.28498952e-05,-1.70096824e-04,-1.26876652e-04,1.80926953e-02,7.91063338e-02,3.66603311e-02,0
0.978369,122.1915,-2.56132177e-05,-2.72602688e-05,4.61942628e-05,6.01218921e-05,1.37720036e-05,4.27341776e-05,4.40935577e-05,4.22898566e-05,-2.48092672e-04,-1.97691977e-04,1.11130954e-02,6.34765312e-02,4.27510138e-02,0
0.978369,125.9787,-2.83836993e-05,-2.88991227e-05,4.53405164e-05,5.60260458e-05,1.32916375e-05,3.77482053e-05,4.33485271e-05,4.14003720e-05,-3.31206405e-04,-2.76102856e-04,3.47770008e-03,4.87003440e-02,4.67400819e-02,0
0.978369,129.7660,-3.02952676e-05,-2.96514006e-05,4.41255146e-05,5.18595263e-05,1.30180535e-05,3.27840433e-05,4.21614909e-05,4.01822968e-05,-4.17996829e-04,-3.61230068e-04,4.34434299e-03,3.52485142e-02,4.81508560e-02,0
0.978369,133.5532,-3.13358956e-05,-2.95631180e-05,4.25449051e-05,4.76933781e-05,1.29023407e-05,2.79568145e-05,4.05413191e-05,3.86403267e-05,-5.06862578e-04,-4.51858770e-04,1.19614054e-02,2.34646688e-02,4.66554793e-02,0
0.978369,137.3404,-3.15392469e-05,-2.87110700e-05,4.06113208e-05,4.35794893e-05,1.28931984e-05,2.33707343e-05,3.85103209e-05,3.67828855e-05,-5.96176905e-04,-5.46472270e-04,1.90824678e-02,1.35277178e-02,4.21606000e-02,0
0.978369,141.1277,-3.09561321e-05,-2.71991798e-05,3.83456933e-05,3.95484447e-05,1.29345507e-05,1.91154075e-05,3.60983323e-05,3.46219681e-05,-6.84269450e-04,-6.43297895e-04,2.53491644e-02,5.48165724e-03,3.47530038e-02,0
0.978369,144.9149,-2.96536877e-05,-2.51537939e-05,3.57745012e-05,3.56096687e-05,1.29645263e-05,1.52627086e-05,3.33427052e-05,3.21729426e-05,-7.69425095e-04,-7.40363287e-04,3.03619897e-02,7.51239868e-04,2.46508855e-02,0
0.978369,148.7021,-2.77156138e-05,-2.27181165e-05,3.29260533e-05,3.17540573e-05,1.29147430e-05,1.18643659e-05,3.02875288e-05,2.94543202e-05,-8.49939467e-04,-8.35561083e-04,3.37194539e-02,5.34148635e-03,1.21960717e-02,0
0.978369,152.4894,-2.52515375e-05,-2.00460107e-05,2.98281038e-05,2.79588305e-05,1.27146784e-05,8.95034297e-06,2.69824523e-05,2.64874982e-05,-9.24157112e-04,-9.26719560e-04,3.51230844e-02,8.51939596e-03,2.17352643e-03,0
0.978369,156.2766,-2.24217801e-05,-1.72954162e-05,2.65146781e-05,2.41938399e-05,1.23205798e-05,6.52807917e-06,2.34783191e-05,2.32964819e-05,-9.90734963e-04,-1.01167661e-03,3.45889513e-02,1.05774471e-02,1.77631825e-02,0
0.978369,160.0638,-1.93546364e-05,-1.46216496e-05,2.29978169e-05,2.04282287e-05,1.16469031e-05,4.58261764e-06,1.98305126e-05,1.99075901e-05,-1.04821047e-03,-1.08835430e-03,3.19347312e-02,1.17111489e-02,3.40509085e-02,0
0.978369,163.8511,-1.61933122e-05,-1.21708569e-05,1.92440021e-05,1.66362981e-05,1.05488035e-05,3.07761531e-06,1.60951658e-05,1.63491498e-05,-1.09522666e-03,-1.15483112e-03,2.71405846e-02,1.18848659e-02,5.05578534e-02,0
0.978369,167.6383,-1.31306601e-05,-1.00738818e-05,1.50797655e-05,1.28016805e-05,8.70290189e-06,1.95719398e-06,1.23149838e-05,1.26511824e-05,-1.13099630e-03,-1.20940937e-03,2.06249030e-02,1.03825950e-02,6.65117396e-02,0
0.978369,171.4255,-1.05972837e-05,-8.44079442e-06,1.05445156e-05,8.91934574e-06,6.20745160e-06,1.14855947e-06,8.52375238e-06,8.84508562e-06,-1.15573412e-03,-1.25067488e-03,1.45504115e-02,7.40687055e-03,8.05309067e-02,0
0.978369,175.2128,-8.93668377e-06,-7.35630116e-06,5.89932750e-06,4.99539946e-06,3.50170460e-06,5.65285343e-07,4.74764466e-06,4.96331223e-06,-1.17151120e-03,-1.27754708e-03,1.06632651e-02,4.11974034e-03,8.99420376e-02,0
0.978369,179.0000,-8.20690785e-06,-6.87621845e-06,1.23421863e-06,1.04497336e-06,7.34316644e-07,1.11132270e-07,9.92005389e-07,1.03904713e-06,-1.17792493e-03,-1.28931727e-03,8.97851803e-03,8.62503787e-04,9.44855120e-02,0
0.979334,1.0000,8.99390255e-06,7.03116267e-06,9.65812373e-07,4.15859987e-07,9.57060081e-07,3.75656709e-07,1.29728722e-07,1.78386001e-07,9.86763745e-04,1.12419566e-03,1.32431321e-02,2.50646172e-03,1.16572873e-01,0
0.979334,4.7872,9.88803390e-06,7.72580136e-06,4.60706773e-06,2.01653183e-06,4.56290971e-06,1.82325426e-06,6.36339584e-07,8.61478105e-07,9.84139103e-04,1.11537903e-03,1.45891625e-02,1.18066204e-02,1.11320687e-01,0
0.979334,8.5745,1.19382187e-05,9.30209902e-06,8.17857672e-06,3.71699342e-06,8.08513622e-06,3.36736903e-06,1.23275689e-06,1.57380617e-06,9.77236978e-04,1.09528478e-03,1.77866060e-02,2.03341018e-02,1.00130831e-01,0
0.979334,12.3617,1.50435508e-05,1.16958258e-05,1.15869011e-05,5.59157655e-06,1.14191723e-05,5.07949228e-06,1.96437779e-06,2.33762413e-06,9.66393306e-04,1.06452397e-03,2.25879980e-02,2.73242771e-02,8.32366602e-02,0
0.979334,16.1489,1.89273515e-05,1.48092436e-05,1.44681744e-05,7.70685647e-06,1.41897570e-05,7.02304318e-06,2.82468859e-06,3.17372040e-06,9.50215691e-04,1.02402526e-03,2.77859780e-02,3.08153670e-02,6.26069514e-02,0
0.979334,19.9362,2.31931128e-05,1.85148307e-05,1.66363364e-05,1.01184804e-05,1.61746343e-05,9.25023910e-06,3.89215816e-06,4.10081963e-06,9.25821755e-04,9.74998060e-04,3.15656236e-02,2.97057658e-02,4.17124592e-02,0
0.979334,23.7234,2.76097864e-05,2.26601387e-05,1.83641388e-05,1.28683672e-05,1.76225059e-05,1.17994186e-05,5.16612818e-06,5.13503604e-06,8.93692098e-04,9.18884544e-04,3.33965998e-02,2.50475159e-02,2.13688054e-02,0
0.979334,27.5106,3.19960215e-05,2.70735956e-05,1.98131667e-05,1.59824442e-05,1.86729484e-05,1.46929259e-05,6.62439245e-06,6.28939180e-06,8.55001150e-04,8.57302428e-04,3.32129270e-02,1.74588924e-02,1.95199632e-03,0
0.979334,31.2979,3.61936661e-05,3.15710320e-05,2.10916794e-05,1.94690498e-05,1.94141666e-05,1.79356441e-05,8.24312287e-06,7.57341208e-06,8.10873594e-04,7.91980866e-04,3.11901518e-02,7.39529316e-03,1.60252412e-02,0
0.979334,35.0851,4.00524620e-05,3.59626784e-05,2.22479149e-05,2.33180822e-05,1.98725400e-05,2.15142370e-05,1.00025932e-05,8.99280610e-06,7.62075702e-04,7.24691993e-04,2.75948662e-02,4.87739211e-03,3.17097111e-02,0
0.979334,38.8723,4.34258076e-05,4.00603668e-05,2.33398351e-05,2.75009263e-05,2.00914967e-05,2.53971347e-05,1.18776960e-05,1.05492417e-05,7.09543593e-04,6.57180889e-04,2.27075311e-02,1.89645798e-02,4.44152350e-02,0
0.979334,42.6596,4.61854821e-05,4.36846594e-05,2.44385237e-05,3.19711543e-05,2.01430994e-05,2.95352634e-05,1.38382436e-05,1.22402173e-05,6.54441276e-04,5.91096763e-04,1.68737209e-02,3.43306996e-02,5.37302542e-02,0
0.979334,46.4468,4.82207327e-05,4.66716313e-05,2.55938622e-05,3.66659642e-05,2.00922493e-05,3.38634977e-05,1.58539365e-05,1.40590345e-05,5.97912102e-04,5.27928148e-04,1.04522029e-02,5.04621863e-02,5.93619795e-02,0
0.979334,50.2340,4.94385234e-05,4.88790495e-05,2.68360757e-05,4.15082947e-05,1.99985916e-05,3.83027765e-05,1.78950075e-05,1.59948691e-05,5.41030469e-04,4.68944710e-04,3.77492056e-03,6.68700713e-02,6.11447782e-02,0
0.979334,54.0213,4.97642572e-05,5.01917122e-05,2.81782191e-05,4.64095294e-05,1.99174417e-05,4.27628056e-05,1.99325751e-05,1.80329388e-05,4.84836402e-04,4.15148054e-04,2.88415342e-03,8.30909777e-02,5.91112397e-02,0
0.979334,57.8085,4.91470545e-05,5.05257457e-05,2.96239873e-05,5.12726830e-05,1.99065492e-05,4.71452398e-05,2.19387768e-05,2.01547610e-05,4.30382252e-04,3.67233509e-04,9.30239918e-03,9.86660456e-02,5.35641975e-02,0
0.979334,61.5957,4.75875883e-05,4.98316993e-05,3.11920303e-05,5.59959432e-05,2.00512034e-05,5.13472234e-05,2.38933463e-05,2.23384938e-05,3.78897030e-04,3.25564491e-04,1.51416186e-02,1.13046256e-01,4.52378704e-02,0
0.979334,65.3830,4.50865237e-05,4.80963208e-05,3.28574459e-05,6.04764288e-05,2.03766154e-05,5.52651498e-05,2.57760606e-05,2.45593495e-05,3.31177309e-04,2.90160500e-04,2.03079081e-02,1.25876212e-01,3.47913895e-02,0
0.979334,69.1702,4.16592007e-05,4.53429522e-05,3.45920321e-05,6.46140143e-05,2.08924640e-05,5.87984945e-05,2.75701584e-05,2.67900707e-05,2.87862551e-04,2.60699307e-04,2.48552586e-02,1.36828117e-01,2.30404806e-02,0
0.979334,72.9574,3.73443356e-05,4.16305337e-05,3.63745409e-05,6.83150689e-05,2.16017257e-05,6.18535710e-05,2.92655545e-05,2.90014551e-05,2.49571684e-04,2.36533289e-04,2.89201273e-02,1.45572077e-01,1.10594626e-02,0
0.979334,76.7447,3.24646936e-05,3.70512617e-05,3.82728002e-05,7.14959568e-05,2.25792824e-05,6.43470625e-05,3.09028031e-05,3.11629168e-05,2.17571433e-04,2.16719333e-04,3.09468039e-02,1.51417782e-01,7.22770099e-04,0
0.979334,80.5319,2.76595230e-05,3.17269955e-05,4.03223256e-05,7.40861574e-05,2.37878991e-05,6.62091915e-05,3.25580374e-05,3.32430696e-05,1.92832841e-04,2.00061164e-04,2.74443272e-02,1.53881962e-01,6.13122726e-03,0
0.979334,84.3191,2.30944255e-05,2.58045591e-05,4.22840866e-05,7.60308725e-05,2.48243391e-05,6.73864003e-05,3.42300477e-05,3.52103198e-05,1.74676158e-04,1.85162472e-04,1.82859980e-02,1.53804273e-01,8.89472988e-03,0
0.979334,88.1064,1.86488221e-05,1.94501231e-05,4.39514891e-05,7.72930065e-05,2.53465329e-05,6.78434388e-05,3.59066382e-05,3.70334533e-05,1.61419510e-04,1.70488778e-04,5.40659246e-03,1.51957223e-01,7.69275897e-03,0
0.979334,91.8936,1.41548263e-05,1.28428893e-05,4.51986304e-05,7.78544276e-05,2.51609538e-05,6.75647752e-05,3.75478707e-05,3.86822059e-05,1.48935055e-04,1.54435590e-04,8.85199074e-03,1.48831986e-01,4.66567826e-03,0
0.979334,95.6809,9.37091750e-06,6.16832721e-06,4.60381911e-05,7.77164397e-05,2.42511158e-05,6.65552724e-05,3.91330860e-05,4.01278048e-05,1.32684087e-04,1.35400193e-04,2.16087351e-02,1.44376713e-01,2.30386294e-03,0
0.979334,99.4681,4.13314003e-06,-3.88774552e-07,4.65871525e-05,7.68994253e-05,2.27836507e-05,6.48401035e-05,4.06357975e-05,4.13434708e-05,1.08660088e-04,1.11854215e-04,3.05105697e-02,1.38151144e-01,2.70933075e-03,1
0.979334,103.2553,-1.67062884e-06,-6.65116982e-06,4.70164714e-05,7.54416454e-05,2.10937288e-05,6.24639068e-05,4.20190812e-05,4.23048721e-05,7.46437449e-05,8.24140793e-05,3.36050450e-02,1.29550507e-01,6.59097407e-03,0
0.979334,107.0426,-7.86163664e-06,-1.24556631e-05,4.74618640e-05,7.33972161e-05,1.95776122e-05,5.94892110e-05,4.32359299e-05,4.29905235e-05,2.99023871e-05,4.59065393e-05,3.09971282e-02,1.18202901e-01,1.35750853e-02,0
0.979334,110.8298,-1.37640651e-05,-1.76590134e-05,4.78080474e-05,7.08333132e-05,1.83276810e-05,5.59941912e-05,4.41554697e-05,4.33821255e-05,-2.48854165e-05,1.42664352e-06,2.62802607e-02,1.04939898e-01,2.23184869e-02,0
0.979334,114.6170,-1.90159769e-05,-2.21430058e-05,4.79253848e-05,6.78266955e-05,1.73201793e-05,5.20698418e-05,4.46861712e-05,4.34648387e-05,-8.85298512e-05,-5.16142196e-05,2.10989022e-02,9.07021676e-02,3.13126771e-02,0
0.979334,118.4043,-2.35511170e-05,-2.58184984e-05,4.77589513e-05,6.44596800e-05,1.65511422e-05,4.78166727e-05,4.47992982e-05,4.32274931e-05,-1.59991136e-04,-1.13452178e-04,1.52986303e-02,7.61152025e-02,3.94754019e-02,0
0.979334,122.1915,-2.73236124e-05,-2.86282920e-05,4.72715676e-05,6.08157549e-05,1.60093047e-05,4.33410590e-05,4.44781212e-05,4.26627313e-05,-2.38131918e-04,-1.83948154e-04,8.80302286e-03,6.17289566e-02,4.59598995e-02,0
0.979334,125.9787,-3.02932340e-05,-3.05487161e-05,4.64403798e-05,5.69750759e-05,1.56756241e-05,3.87513823e-05,4.37147994e-05,4.17670881e-05,-3.21658753e-04,-2.62579581e-04,1.72380625e-03,4.80129069e-02,5.01122950e-02,0
0.979334,129.7660,-3.23929452e-05,-3.15898785e-05,4.52449104e-05,5.30101577e-05,1.55065778e-05,3.41541152e-05,4.25046817e-05,4.05410069e-05,-4.09061951e-04,-3.48446998e-04,5.41850636e-03,3.53908730e-02,5.14149797e-02,0
0.979334,133.5532,-3.36287998e-05,-3.17945757e-05,4.36845181e-05,4.89821282e-05,1.54505136e-05,2.96499976e-05,4.08609685e-05,3.89888000e-05,-4.98705237e-04,-4.40295398e-04,1.23760014e-02,2.41443757e-02,4.95445515e-02,0
0.979334,137.3404,-3.40327097e-05,-3.12359151e-05,4.17689744e-05,4.49379473e-05,1.54521580e-05,2.53304553e-05,3.88056444e-05,3.71185552e-05,-5.88901643e-04,-5.36549645e-04,1.88707227e-02,1.44429035e-02,4.44061537e-02,0
0.979334,141.1277,-3.36537269e-05,-3.00137526e-05,3.95151870e-05,4.09089591e-05,1.54516669e-05,2.12743978e-05,3.63688878e-05,3.49419939e-05,-6.77924233e-04,-6.35362684e-04,2.45598824e-02,6.35225245e-03,3.61016732e-02,0
0.979334,144.9149,-3.25575401e-05,-2.82500929e-05,3.69440224e-05,3.69110369e-05,1.53839119e-05,1.75455182e-05,3.35886297e-05,3.24742888e-05,-7.63985939e-04,-7.34674823e-04,2.90635005e-02,1.50334750e-04,2.48623544e-02,0
0.979334,148.7021,-3.08262454e-05,-2.60836422e-05,3.40760854e-05,3.29463705e-05,1.51770289e-05,1.41902024e-05,3.05096278e-05,2.97338442e-05,-8.45304392e-04,-8.32281886e-04,3.19996147e-02,5.14878568e-03,1.10459860e-02,0
0.979334,152.4894,-2.85863282e-05,-2.36637360e-05,3.09358736e-05,2.90066805e-05,1.47723443e-05,1.12361240e-05,2.71809881e-05,2.67420461e-05,-9.20240661e-04,-9.25909702e-04,3.32140488e-02,8.79248588e-03,4.80861003e-03,0
0.979334,156.2766,-2.59815956e-05,-2.11438883e-05,2.75482594e-05,2.50773718e-05,1.41202872e-05,8.69158193e-06,2.36542615e-05,2.35229883e-05,-9.87305473e-04,-1.01329216e-03,3.26413081e-02,1.12613119e-02,2.20424964e-02,0
0.979334,160.0638,-2.31314730e-05,-1.86752227e-05,2.39137306e-05,2.11419643e-05,1.31288424e-05,6.54560334e-06,1.99874963e-05,2.01031772e-05,-1.04485263e-03,-1.09224985e-03,3.00675150e-02,1.26325957e-02,4.02033977e-02,0
0.979334,163.8511,-2.01766679e-05,-1.64000517e-05,1.99909708e-05,1.71860985e-05,1.16552640e-05,4.76880757e-06,1.62417282e-05,1.65112221e-05,-1.09125810e-03,-1.16076640e-03,2.54818418e-02,1.27834794e-02,5.89585182e-02,0
0.979334,167.6383,-1.73136683e-05,-1.44458611e-05,1.56371466e-05,1.32005327e-05,9.44672385e-06,3.31499604e-06,1.24611301e-05,1.27775141e-05,-1.12565682e-03,-1.21705953e-03,1.93498641e-02,1.11051057e-02,7.75298539e-02,0
0.979334,171.4255,-1.49920517e-05,-1.29199427e-05,1.09239051e-05,9.18277366e-06,6.70070331e-06,2.12340482e-06,8.62741427e-06,8.93389523e-06,-1.15044430e-03,-1.25964420e-03,1.39810749e-02,7.93537647e-03,9.26258291e-02,0
0.979334,175.2128,-1.34780837e-05,-1.19048903e-05,6.11428830e-06,5.13724095e-06,3.78248616e-06,1.12153080e-06,4.80388591e-06,5.01332357e-06,-1.16660327e-03,-1.28738538e-03,1.06147578e-02,4.45298877e-03,1.02450129e-01,0
0.979334,179.0000,-1.28114618e-05,-1.14551392e-05,1.27943218e-06,1.07410203e-06,7.93378545e-07,2.28419947e-07,1.00374159e-06,1.04953299e-06,-1.17321769e-03,-1.29953860e-03,9.15147235e-03,9.35812181e-04,1.07148262e-01,0
0.980300,1.0000,1.26098202e-05,1.05257338e-05,1.00562071e-06,5.15444273e-07,9.95228035e-07,4.78574132e-07,1.44201870e-07,1.91440848e-07,9.74210796e-04,1.12610734e-03,1.40618897e-02,2.23402702e-03,1.28842100e-01,0
0.980300,4.7872,1.34548950e-05,1.12001347e-05,4.79614129e-06,2.48851383e-06,4.74395617e-06,2.31072097e-06,7.05585685e-07,9.23725985e-07,9.71424534e-04,1.11693885e-03,1.52134726e-02,1.05172376e-02,1.23428552e-01,0
0.980300,8.5745,1.53892109e-05,1.27302334e-05,8.50971416e-06,4.54285860e-06,8.40041878e-06,4.21909591e-06,1.35948502e-06,1.68427845e-06,9.64232604e-04,1.09604640e-03,1.79408339e-02,1.80793318e-02,1.11807455e-01,0
0.980300,12.3617,1.83062570e-05,1.50530288e-05,1.20539152e-05,6.73874466e-06,1.18618135e-05,6.25999718e-06,2.14342080e-06,2.49461719e-06,9.53207698e-04,1.06407409e-03,2.19504026e-02,2.42244090e-02,9.40393920e-02,0
0.980300,16.1489,2.19783754e-05,1.80726476e-05,1.51926834e-05,9.12974053e-06,1.48878040e-05,8.48307522e-06,3.02835295e-06,3.37484769e-06,9.37971830e-04,1.02200087e-03,2.63529922e-02,2.76324545e-02,7.12753367e-02,0
0.980300,19.9362,2.60700705e-05,2.16639924e-05,1.77164794e-05,1.17601064e-05,1.72326148e-05,1.09287567e-05,4.11225339e-06,4.34308413e-06,9.14410424e-04,9.71101651e-04,2.97289895e-02,2.71467516e-02,4.80867864e-02,0
0.980300,23.7234,3.03305021e-05,2.56774985e-05,1.97254506e-05,1.46625512e-05,1.89691995e-05,1.36260428e-05,5.40951680e-06,5.41492054e-06,8.82453812e-04,9.12896794e-04,3.13950623e-02,2.30746589e-02,2.58224286e-02,0
0.980300,27.5106,3.45756919e-05,2.99448181e-05,2.13884210e-05,1.78564511e-05,2.02470298e-05,1.65907721e-05,6.89364470e-06,6.60296356e-06,8.43515057e-04,8.49091790e-04,3.12457467e-02,1.60972976e-02,4.73031103e-03,0
0.980300,31.2979,3.86454355e-05,3.42852131e-05,2.28193299e-05,2.13466063e-05,2.11615586e-05,1.98244195e-05,8.53875038e-06,7.91643811e-06,7.98867165e-04,7.81509730e-04,2.94195898e-02,6.71208190e-03,1.47229702e-02,0
0.980300,35.0851,4.23929506e-05,3.85124114e-05,2.40893642e-05,2.51225873e-05,2.17663020e-05,2.33134814e-05,1.03211223e-05,9.36087490e-06,7.49554908e-04,7.12019163e-04,2.61830379e-02,4.70901531e-03,3.18386709e-02,0
0.980300,38.8723,4.56705051e-05,4.24416640e-05,2.52359093e-05,2.91587021e-05,2.20807329e-05,2.70294754e-05,1.22185251e-05,1.09378868e-05,6.96396694e-04,6.42460265e-04,2.17858564e-02,1.78785113e-02,4.57501046e-02,0
0.980300,42.6596,4.83471729e-05,4.58967324e-05,2.63344199e-05,3.34145844e-05,2.21777322e-05,3.09295562e-05,1.42003474e-05,1.26450388e-05,6.40611446e-04,5.74572292e-04,1.65337789e-02,3.22685415e-02,5.60159100e-02,0
0.980300,46.4468,5.03104511e-05,4.87165406e-05,2.74447168e-05,3.78363824e-05,2.21270468e-05,3.49577268e-05,1.62359565e-05,1.44758131e-05,5.83410876e-04,5.09925236e-04,1.07545418e-02,4.73610308e-02,6.23321888e-02,0
0.980300,50.2340,5.14654833e-05,5.07612363e-05,2.86073063e-05,4.23585007e-05,2.19925405e-05,3.90466008e-05,1.82949756e-05,1.64196697e-05,5.25934606e-04,4.49858426e-04,4.75174299e-03,6.26724121e-02,6.45295428e-02,0
0.980300,54.0213,5.17359916e-05,5.19174338e-05,2.98455464e-05,4.69058280e-05,2.18337851e-05,4.31196462e-05,2.03480335e-05,1.84621996e-05,4.69280026e-04,3.95428581e-04,1.22423966e-03,7.77539003e-02,6.26424734e-02,0
0.980300,57.8085,5.10655389e-05,5.21024379e-05,3.11688291e-05,5.13963610e-05,2.17065828e-05,4.70938283e-05,2.23678378e-05,2.05853653e-05,4.14498137e-04,3.47369415e-04,6.99623561e-03,9.21889529e-02,5.69401070e-02,0
0.980300,61.5957,4.94447770e-05,5.12672921e-05,3.25993206e-05,5.57441220e-05,2.16954481e-05,5.08825456e-05,2.43315276e-05,2.27678214e-05,3.62821199e-04,3.06064465e-04,1.22969979e-02,1.05484693e-01,4.81423512e-02,0
0.980300,65.3830,4.68858628e-05,4.93985391e-05,3.41320578e-05,5.98622534e-05,2.18510952e-05,5.43987480e-05,2.62207362e-05,2.49853078e-05,3.15229283e-04,2.71534272e-04,1.69537004e-02,1.17267880e-01,3.70631010e-02,0
0.980300,69.1702,4.34049297e-05,4.65186292e-05,3.57401889e-05,6.36661644e-05,2.21857836e-05,5.75581132e-05,2.80205659e-05,2.72111025e-05,2.72407281e-04,2.43438483e-04,2.10089655e-02,1.27275361e-01,2.45719927e-02,0
0.980300,72.9574,3.90434083e-05,4.26849694e-05,3.74007258e-05,6.70766036e-05,2.27041767e-05,6.02821596e-05,2.97209463e-05,2.94165256e-05,2.34998968e-04,2.21092854e-04,2.45705888e-02,1.35250712e-01,1.17954817e-02,0
0.980300,76.7447,3.39806490e-05,3.79876534e-05,3.91309438e-05,7.00225307e-05,2.34305445e-05,6.25011721e-05,3.13407139e-05,3.15714792e-05,2.03874242e-04,2.03500537e-04,2.70363330e-02,1.40791425e-01,3.16984860e-04,0
0.980300,80.5319,2.89174140e-05,3.25459681e-05,4.10309510e-05,7.24436688e-05,2.44009704e-05,6.41568261e-05,3.29868396e-05,3.36450116e-05,1.80696647e-04,1.89396460e-04,2.44828267e-02,1.43166530e-01,7.37937819e-03,0
0.980300,84.3191,2.40519548e-05,2.65038155e-05,4.28851823e-05,7.42926277e-05,2.52747805e-05,6.52044083e-05,3.46456972e-05,3.56058938e-05,1.65325886e-04,1.77303085e-04,1.65433613e-02,1.43142500e-01,1.01593327e-02,0
0.980300,88.1064,1.93084889e-05,2.00242345e-05,4.45063467e-05,7.55365051e-05,2.57349900e-05,6.56145429e-05,3.63115021e-05,3.74231927e-05,1.55625531e-04,1.65595388e-04,4.82932741e-03,1.41422978e-01,8.45665861e-03,0
0.980300,91.8936,1.45189810e-05,1.32832362e-05,4.57677369e-05,7.61578901e-05,2.55845585e-05,6.53743591e-05,3.79488618e-05,3.90668325e-05,1.47074749e-04,1.52572486e-04,8.33790179e-03,1.38506092e-01,4.66330598e-03,0
0.980300,95.6809,9.41400401e-06,6.46319797e-06,4.66735893e-05,7.61552159e-05,2.48033417e-05,6.44880482e-05,3.95375541e-05,4.05081295e-05,1.34573660e-04,1.36533128e-04,1.99098793e-02,1.34365393e-01,1.66206533e-03,0
0.980300,99.4681,3.82964031e-06,-2.53927494e-07,4.73255945e-05,7.55424325e-05,2.35569519e-05,6.29767913e-05,4.10460950e-05,4.17202932e-05,1.13652527e-04,1.15852026e-04,2.75529266e-02,1.28600995e-01,1.86566457e-03,1
0.980300,103.2553,-2.30035079e-06,-6.69332241e-06,4.78670225e-05,7.43479971e-05,2.21525841e-05,6.08780554e-05,4.24324742e-05,4.26788829e-05,8.16086261e-05,8.90540188e-05,2.96405571e-02,1.20689629e-01,6.31535120e-03,0
0.980300,107.0426,-8.76077677e-06,-1.26936733e-05,4.84190686e-05,7.26132115e-05,2.09313610e-05,5.82442866e-05,4.36610161e-05,4.33622135e-05,3.81621417e-05,5.48830964e-05,2.65363070e-02,1.10267170e-01,1.41830935e-02,0
0.980300,110.8298,-1.48055737e-05,-1.81129538e-05,4.88237509e-05,7.03899621e-05,1.99403936e-05,5.51410473e-05,4.45661233e-05,4.37517048e-05,-1.55298489e-05,1.23635028e-05,2.23157802e-02,9.82901147e-02,2.36597745e-02,0
0.980300,114.6170,-2.02246068e-05,-2.28333991e-05,4.89905706e-05,6.77379591e-05,1.91732677e-05,5.16446699e-05,4.50828328e-05,4.38321705e-05,-7.84314682e-05,-3.91495492e-05,1.76022205e-02,8.54430544e-02,3.33198158e-02,0
0.980300,118.4043,-2.49463932e-05,-2.67654826e-05,4.88696234e-05,6.47216013e-05,1.86226029e-05,4.78395176e-05,4.51822837e-05,4.35920433e-05,-1.49483192e-04,-9.99316425e-05,1.22738839e-02,7.22469378e-02,4.20307495e-02,0
0.980300,122.1915,-2.89214288e-05,-2.98507463e-05,4.84261717e-05,6.14066370e-05,1.82731005e-05,4.38149548e-05,4.48462697e-05,4.30235377e-05,-2.27506558e-04,-1.69865002e-04,6.27035427e-03,5.91597383e-02,4.88928766e-02,0
0.980300,125.9787,-3.20845261e-05,-3.20633802e-05,4.76348239e-05,5.78568225e-05,1.80963582e-05,3.96621478e-05,4.40635708e-05,4.21227486e-05,-3.11158061e-04,-2.48429486e-04,1.42677115e-04,4.65877573e-02,5.32078015e-02,0
0.980300,129.7660,-3.43819388e-05,-3.34104989e-05,4.64772523e-05,5.41308174e-05,1.80409344e-05,3.54708150e-05,4.28329273e-05,4.08896891e-05,-3.98867495e-04,-3.34709202e-04,6.55456568e-03,3.48818708e-02,5.44205215e-02,0
0.980300,133.5532,-3.58256277e-05,-3.39311117e-05,4.49512351e-05,5.02795648e-05,1.80510552e-05,3.13260557e-05,4.11676201e-05,3.93282707e-05,-4.88962866e-04,-4.27414614e-04,1.27828075e-02,2.42843833e-02,5.22066248e-02,0
0.980300,137.3404,-3.64457155e-05,-3.36938365e-05,4.30633828e-05,4.63444022e-05,1.80670768e-05,2.73053768e-05,3.90900969e-05,3.74462283e-05,-5.79705400e-04,-5.24919420e-04,1.85676653e-02,1.49535662e-02,4.64707127e-02,0
0.980300,141.1277,-3.62895798e-05,-3.27934571e-05,4.08257854e-05,4.23560971e-05,1.80251750e-05,2.34760343e-05,3.66311046e-05,3.52549964e-05,-6.69309125e-04,-6.25310882e-04,2.35892772e-02,6.97454481e-03,3.73203084e-02,0
0.980300,144.9149,-3.54208851e-05,-3.13464671e-05,3.82521267e-05,3.83349178e-05,1.78560442e-05,1.98927904e-05,3.38287878e-05,3.27695409e-05,-7.55925545e-04,-7.26451784e-04,2.74911905e-02,3.77328103e-04,2.50003135e-02,0
0.980300,148.7021,-3.39236306e-05,-2.94857863e-05,3.53554171e-05,3.42917200e-05,1.74862574e-05,1.65961740e-05,3.07284285e-05,3.00081500e-05,-8.37711912e-04,-8.26051722e-04,2.99433251e-02,4.84790318e-03,9.89043823e-03,0
0.980300,152.4894,-3.19399590e-05,-2.73548652e-05,3.21582607e-05,3.02298900e-05,1.68699904e-05,1.36113091e-05,2.73780415e-05,2.69921936e-05,-9.13058673e-04,-9.21745073e-04,3.09368575e-02,8.78873767e-03,7.36800216e-03,0
0.980300,156.2766,-2.95882139e-05,-2.51014176e-05,2.86719910e-05,2.61478505e-05,1.59425080e-05,1.09473575e-05,2.38310618e-05,2.37458512e-05,-9.80283275e-04,-1.01117271e-03,3.02736174e-02,1.15040167e-02,2.62011246e-02,0
0.980300,160.0638,-2.69860749e-05,-2.28710373e-05,2.48847877e-05,2.20417530e-05,1.46062816e-05,8.59759558e-06,2.01471884e-05,2.02958179e-05,-1.03759935e-03,-1.09206441e-03,2.77652618e-02,1.29574088e-02,4.61984973e-02,0
0.980300,163.8511,-2.42729459e-05,-2.08009540e-05,2.07421589e-05,1.79079607e-05,1.27109156e-05,6.54011992e-06,1.63911495e-05,1.66709894e-05,-1.08315431e-03,-1.16231874e-03,2.34264599e-02,1.29171349e-02,6.71490690e-02,0
0.980300,167.6383,-2.16914155e-05,-1.90141848e-05,1.61914155e-05,1.37449851e-05,1.01737342e-05,4.73915467e-06,1.25959148e-05,1.29021327e-05,-1.11657940e-03,-1.22007760e-03,1.80639932e-02,1.11498456e-02,8.77895247e-02,0
0.980300,171.4255,-1.96233764e-05,-1.76143122e-05,1.13216068e-05,9.55464665e-06,7.21715907e-06,3.14690680e-06,8.72303823e-06,9.02154367e-06,-1.14149512e-03,-1.26379232e-03,1.35556946e-02,8.05309361e-03,1.03735259e-01,0
0.980300,175.2128,-1.82695243e-05,-1.66811032e-05,6.34041150e-06,5.34237565e-06,4.07722720e-06,1.70589630e-06,4.85561905e-06,5.06269646e-06,-1.15791362e-03,-1.29227905e-03,1.07175025e-02,4.54864588e-03,1.13971806e-01,0
0.980300,179.0000,-1.76717143e-05,-1.62671428e-05,1.32704162e-06,1.11670503e-06,8.55411321e-07,3.51668831e-07,1.01454961e-06,1.05988639e-06,-1.16468211e-03,-1.30476114e-03,9.47702017e-03,9.58629535e-04,1.18818213e-01,0
0.981266,1.0000,1.64296228e-05,1.42237108e-05,1.04727337e-06,6.21362004e-07,1.03533447e-06,5.86809562e-07,1.57683404e-07,2.04316613e-07,9.58758058e-04,1.12381547e-03,1.48838795e-02,1.94113267e-03,1.40005445e-01,0
0.981266,4.7872,1.72200275e-05,1.48727470e-05,4.99302165e-06,2.99018217e-06,4.93332533e-06,2.82324994e-06,7.69783366e-07,9.85113767e-07,9.55846317e-04,1.11434194e-03,1.58377306e-02,9.12813661e-03,1.34439584e-01,0
0.981266,8.5745,1.90242132e-05,1.63450020e-05,8.85144599e-06,5.41936173e-06,8.72733091e-06,5.11409029e-06,1.47708882e-06,1.79319884e-06,9.48476144e-04,1.09275781e-03,1.80773564e-02,1.56420593e-02,1.22382984e-01,0
0.981266,12.3617,2.17159703e-05,1.85791509e-05,1.24950133e-05,7.95350971e-06,1.22806814e-05,7.49928478e-06,2.30439140e-06,2.64934795e-06,9.37458953e-04,1.05973666e-03,2.11649607e-02,2.06983461e-02,1.03718730e-01,0
0.981266,16.1489,2.51199532e-05,2.14818668e-05,1.58603142e-05,1.06320196e-05,1.55266209e-05,1.00136745e-05,3.23629595e-06,3.57297695e-06,9.22361796e-04,1.01630225e-03,2.45471443e-02,2.38284635e-02,7.96824232e-02,0
0.981266,19.9362,2.90011773e-05,2.49313640e-05,1.87722902e-05,1.34870436e-05,1.82644968e-05,1.26850080e-05,4.33670802e-06,4.58158449e-06,8.99783035e-04,9.63787868e-04,2.74601215e-02,2.40880276e-02,5.42903530e-02,0
0.981266,23.7234,3.30757291e-05,2.87820207e-05,2.10897599e-05,1.65417564e-05,2.03175051e-05,1.55322522e-05,5.65481766e-06,5.69024125e-06,8.68253797e-04,9.03783556e-04,2.89708016e-02,2.07279704e-02,3.01371490e-02,0
0.981266,27.5106,3.71536003e-05,3.28699026e-05,2.29852227e-05,1.98089793e-05,2.18408798e-05,1.85642624e-05,7.16215281e-06,6.91113750e-06,8.29323221e-04,8.38073057e-04,2.89032573e-02,1.44760398e-02,7.42180987e-03,0
0.981266,31.2979,4.10719854e-05,3.70189755e-05,2.45811913e-05,2.32902209e-05,2.29400544e-05,2.17788679e-05,8.83113080e-06,8.25319949e-06,7.84402352e-04,7.68563208e-04,2.73467440e-02,5.88372408e-03,1.34351212e-02,0
0.981266,35.0851,4.46850943e-05,4.10477709e-05,2.59666588e-05,2.69751747e-05,2.36890670e-05,2.51624120e-05,1.06346356e-05,9.72178358e-06,7.34755132e-04,6.97208521e-04,2.45419960e-02,4.59640964e-03,3.18478874e-02,0
0.981266,38.8723,4.78475359e-05,4.47762468e-05,2.71766582e-05,3.08416946e-05,2.41046975e-05,2.86897667e-05,1.25512673e-05,1.13184545e-05,6.81228749e-04,6.25933982e-04,2.07228104e-02,1.67037616e-02,4.69022773e-02,0
0.981266,42.6596,5.04249021e-05,4.80325846e-05,2.82800698e-05,3.48562504e-05,2.42489656e-05,3.23248257e-05,1.45516328e-05,1.30408526e-05,6.25007945e-04,5.56559173e-04,1.61416074e-02,2.99715854e-02,5.80598028e-02,0
0.981266,46.4468,5.23028274e-05,5.06596605e-05,2.93461313e-05,3.89748471e-05,2.41967020e-05,3.60214571e-05,1.66046691e-05,1.48826521e-05,5.67367315e-04,4.90726764e-04,1.10868876e-02,4.38838130e-02,6.50082553e-02,0
0.981266,50.2340,5.33847802e-05,5.25209480e-05,3.04256993e-05,4.31443710e-05,2.40166283e-05,3.97248828e-05,1.86795275e-05,1.68336104e-05,5.09510545e-04,4.29838264e-04,5.82850732e-03,5.79665889e-02,6.75798384e-02,0
0.981266,54.0213,5.35929835e-05,5.35056256e-05,3.15529261e-05,4.73043105e-05,2.37730895e-05,4.33734305e-05,2.07467434e-05,1.88797065e-05,4.52596999e-04,3.74999605e-04,5.89427183e-04,7.17884733e-02,6.58198719e-02,0
0.981266,57.8085,5.28695540e-05,5.35326985e-05,3.27467033e-05,5.13887822e-05,2.35264404e-05,4.69005935e-05,2.27783489e-05,2.10033632e-05,3.97720597e-04,3.26978806e-04,4.47441384e-03,8.49630960e-02,6.00047938e-02,0
0.981266,61.5957,5.11889253e-05,5.25539817e-05,3.40251239e-05,5.53287826e-05,2.33475992e-05,5.02373169e-05,2.47507307e-05,2.31837481e-05,3.46007836e-04,2.86177415e-04,9.21040162e-03,9.70935055e-02,5.07495223e-02,0
0.981266,65.3830,4.85753146e-05,5.05558317e-05,3.54087444e-05,5.90545734e-05,2.33176770e-05,5.33144232e-05,2.66470471e-05,2.53971438e-05,2.98675178e-04,2.52616949e-04,1.33630794e-02,1.07768176e-01,3.90676360e-02,0
0.981266,69.1702,4.50479515e-05,4.75595696e-05,3.68736568e-05,6.24981054e-05,2.34547947e-05,5.60650830e-05,2.84524019e-05,2.76173796e-05,2.56458046e-04,2.25940910e-04,1.69465606e-02,1.16785928e-01,2.58853278e-02,0
0.981266,72.9574,4.06528869e-05,4.36205832e-05,3.83975776e-05,6.55953810e-05,2.37652092e-05,5.84272332e-05,3.01593899e-05,2.98163114e-05,2.20031083e-04,2.05432367e-04,2.00238419e-02,1.23956646e-01,1.23829618e-02,0
0.981266,76.7447,3.55140421e-05,3.88261491e-05,3.99729002e-05,6.82886578e-05,2.42453846e-05,6.03458504e-05,3.17804040e-05,3.19643415e-05,1.90071977e-04,1.90046459e-04,2.23476739e-02,1.29051831e-01,2.16452822e-05,0
0.981266,80.5319,3.01887928e-05,3.32920665e-05,4.16791668e-05,7.05284024e-05,2.49240426e-05,6.17749878e-05,3.34057637e-05,3.40309627e-05,1.68495701e-04,1.78456577e-04,2.09386192e-02,1.31483209e-01,8.44904134e-03,0
0.981266,84.3191,2.50057235e-05,2.71582366e-05,4.34008174e-05,7.22749099e-05,2.56037458e-05,6.26794983e-05,3.50439604e-05,3.59853176e-05,1.55765083e-04,1.69112460e-04,1.45235827e-02,1.31596497e-01,1.13215485e-02,0
0.981266,88.1064,1.99630504e-05,2.05833653e-05,4.49665882e-05,7.34995192e-05,2.59892757e-05,6.30363731e-05,3.66953894e-05,3.77967590e-05,1.49475969e-04,1.60307922e-04,4.18543128e-03,1.30041621e-01,9.18790791e-03,0
0.981266,91.8936,1.48836394e-05,1.37389981e-05,4.62446400e-05,7.41853691e-05,2.58734006e-05,6.28356443e-05,3.83292821e-05,3.94354002e-05,1.44741761e-04,1.50255564e-04,7.72320124e-03,1.27342602e-01,4.67693303e-03,0
0.981266,95.6809,9.45617990e-06,6.80312128e-06,4.72303657e-05,7.43276575e-05,2.52316605e-05,6.20808150e-05,3.99258156e-05,4.08726447e-05,1.35880411e-04,1.37165540e-04,1.79008976e-02,1.23498554e-01,1.09007515e-03,0
0.981266,99.4681,3.50783835e-06,-4.64198146e-08,4.80137350e-05,7.39333902e-05,2.42349308e-05,6.07887977e-05,4.14486052e-05,4.20816857e-05,1.17972506e-04,1.19325238e-04,2.39815326e-02,1.18131361e-01,1.14741808e-03,1
0.981266,103.2553,-2.95262415e-06,-6.63842915e-06,4.87114912e-05,7.30206237e-05,2.31654378e-05,5.89893636e-05,4.28505760e-05,4.30379653e-05,8.80187037e-05,9.51767414e-05,2.48691143e-02,1.10791246e-01,6.07161015e-03,0
0.981266,107.0426,-9.57102426e-06,-1.28145433e-05,4.93680663e-05,7.16172353e-05,2.22486444e-05,5.67241223e-05,4.40704412e-05,4.37195876e-05,4.61084317e-05,6.33889516e-05,2.18848927e-02,1.01402761e-01,1.46577294e-02,0
0.981266,110.8298,-1.57465124e-05,-1.84348513e-05,4.98509420e-05,6.97592777e-05,2.15342680e-05,5.40450692e-05,4.49598901e-05,4.41076786e-05,-6.30876549e-06,2.29214947e-05,1.81389429e-02,9.07341845e-02,2.47937706e-02,0
0.981266,114.6170,-2.13265082e-05,-2.33827350e-05,5.00888767e-05,6.74889995e-05,2.10241609e-05,5.10127584e-05,4.54629545e-05,4.41866894e-05,-6.82615812e-05,-2.69221839e-05,1.38739138e-02,7.93027591e-02,3.50650156e-02,0
0.981266,118.4043,-2.62331705e-05,-2.75687487e-05,5.00346746e-05,6.48526405e-05,2.07076157e-05,4.76941680e-05,4.55484721e-05,4.39446393e-05,-1.38663942e-04,-8.64547111e-05,9.01150454e-03,6.75343274e-02,4.42850550e-02,0
0.981266,122.1915,-3.04092538e-05,-3.09333903e-05,4.96564730e-05,6.18981311e-05,2.05647885e-05,4.41603416e-05,4.51979511e-05,4.33732967e-05,-2.16315663e-04,-1.55579339e-04,3.53648905e-03,5.57925528e-02,5.15179292e-02,0
0.981266,125.9787,-3.37634336e-05,-3.34486657e-05,4.89246103e-05,5.86728412e-05,2.05552448e-05,4.04838965e-05,4.43970652e-05,4.24682990e-05,-2.99787805e-04,-2.33780277e-04,2.12382341e-03,4.44285146e-02,5.59890846e-02,0
0.981266,129.7660,-3.62671929e-05,-3.51183931e-05,4.78220644e-05,5.52215336e-05,2.06221172e-05,3.67364925e-05,4.31471683e-05,4.12292116e-05,-3.87484089e-04,-3.20129292e-04,7.75126019e-03,3.37238034e-02,5.71318681e-02,0
0.981266,133.5532,-3.79306921e-05,-3.59772444e-05,4.63443057e-05,5.15846707e-05,2.07045331e-05,3.29863618e-05,4.14622355e-05,3.96595283e-05,-4.77695765e-04,-4.13308475e-04,1.31804353e-02,2.38834755e-02,5.46147613e-02,0
0.981266,137.3404,-3.87819919e-05,-3.60885712e-05,4.44932875e-05,4.77972012e-05,2.07379911e-05,2.92959914e-05,3.93648112e-05,3.77666166e-05,-5.68630814e-04,-5.11648377e-04,1.81732312e-02,1.50579093e-02,4.83337967e-02,0
0.981266,141.1277,-3.88664412e-05,-3.55411118e-05,4.22749398e-05,4.38879159e-05,2.06541047e-05,2.57200505e-05,3.68860203e-05,3.55616109e-05,-6.58448688e-04,-6.13180197e-04,2.24368883e-02,7.35129629e-03,3.83977628e-02,0
0.981266,144.9149,-3.82459025e-05,-3.44447165e-05,3.96949555e-05,3.98794047e-05,2.03791675e-05,2.23036390e-05,3.40643365e-05,3.30592591e-05,-7.45247797e-04,-7.15700081e-04,2.56476211e-02,8.40645472e-04,2.50630433e-02,0
0.981266,148.7021,-3.70153802e-05,-3.29252708e-05,3.67610079e-05,3.57885804e-05,1.98440951e-05,1.90809273e-05,3.09448475e-05,3.02777261e-05,-8.27172105e-04,-8.16843179e-04,2.75970648e-02,4.43193341e-03,8.76122953e-03,0
0.981266,152.4894,-3.53129349e-05,-3.11190254e-05,3.34893534e-05,3.16276671e-05,1.90042982e-05,1.60742367e-05,2.75748697e-05,2.72383598e-05,-9.02569980e-04,-9.14164660e-04,2.82974321e-02,8.48481683e-03,9.83487098e-03,0
0.981266,156.2766,-3.32413551e-05,-2.91665637e-05,2.98780212e-05,2.74054962e-05,1.77827136e-05,1.32935954e-05,2.40098157e-05,2.39654239e-05,-9.69599932e-04,-1.00522467e-03,2.74937097e-02,1.12687743e-02,3.02177079e-02,0
0.981266,160.0638,-3.09173111e-05,-2.72066540e-05,2.59014393e-05,2.31289152e-05,1.60735967e-05,1.07367875e-05,2.03106880e-05,2.04858028e-05,-1.02634753e-03,-1.08767397e-03,2.50367985e-02,1.26360490e-02,5.20184792e-02,0
0.981266,163.8511,-2.84843634e-05,-2.53702347e-05,2.14944171e-05,1.88041164e-05,1.37226414e-05,8.38988906e-06,1.65438532e-05,1.68286825e-05,-1.07083224e-03,-1.15933715e-03,2.10118610e-02,1.22613085e-02,7.50718766e-02,0
0.981266,167.6383,-2.62566552e-05,-2.37747775e-05,1.67374252e-05,1.44377116e-05,1.08861797e-05,6.22827155e-06,1.27134768e-05,1.30252121e-05,-1.10398951e-03,-1.21828999e-03,1.67458936e-02,1.04811690e-02,9.69522635e-02,0
0.981266,171.4255,-2.44802483e-05,-2.25192548e-05,1.17349011e-05,1.00374386e-05,7.75173281e-06,4.21803003e-06,8.81013867e-06,9.10814995e-06,-1.12879014e-03,-1.26292838e-03,1.32313491e-02,7.73635155e-03,1.13779099e-01,0
0.981266,175.2128,-2.33014602e-05,-2.16799152e-05,6.57685054e-06,5.61244186e-06,4.38395880e-06,2.31778001e-06,4.90263891e-06,5.11149679e-06,-1.14531989e-03,-1.29202583e-03,1.09409988e-02,4.39538678e-03,1.24439304e-01,0
0.981266,179.0000,-2.27785587e-05,-2.13070384e-05,1.37700598e-06,1.17314986e-06,9.20150524e-07,4.80751034e-07,1.02443569e-06,1.07012104e-06,-1.15219127e-03,-1.30477764e-03,9.92874182e-03,9.29094207e-04,1.29427224e-01,0
0.982231,1.0000,2.04471916e-05,1.81215565e-05,1.09003607e-06,7.33133299e-07,1.07668672e-06,7.00273252e-07,1.70071600e-07,2.17029508e-07,9.40325076e-04,1.11713894e-03,1.56916837e-02,1.62661925e-03,1.49977538e-01,0
0.982231,4.7872,2.11766657e-05,1.87402453e-05,5.19481562e-06,3.51936847e-06,5.12835136e-06,3.36042049e-06,8.28324634e-07,1.04571918e-06,9.37326323e-04,1.10741195e-03,1.64391809e-02,7.63601405e-03,1.44270489e-01,0
0.982231,8.5745,2.28339346e-05,2.01433385e-05,9.19608891e-06,6.34310465e-06,9.05857627e-06,6.05163526e-06,1.58437595e-06,1.90070706e-06,9.29929283e-04,1.08525352e-03,1.81541729e-02,1.30027545e-02,1.31749543e-01,0
0.982231,12.3617,2.52682335e-05,2.22716227e-05,1.29431993e-05,9.23190167e-06,1.27089822e-05,8.79640259e-06,2.45115881e-06,2.80201892e-06,9.19074086e-04,1.05136268e-03,2.02189364e-02,1.69146015e-02,1.12210192e-01,0
0.982231,16.1489,2.83642795e-05,2.50349780e-05,1.65243910e-05,1.22098129e-05,1.61627592e-05,1.16137369e-05,3.43812659e-06,3.76837459e-06,9.03734713e-04,1.00680189e-03,2.24636897e-02,1.96641110e-02,8.74239191e-02,0
0.982231,19.9362,3.19877031e-05,2.83157920e-05,1.97961502e-05,1.52960079e-05,1.92621843e-05,1.45178413e-05,4.56681701e-06,4.81665226e-06,8.81854812e-04,9.52954878e-04,2.47753682e-02,2.05098382e-02,6.03086908e-02,0
0.982231,23.7234,3.58471030e-05,3.19734140e-05,2.24514157e-05,1.85035770e-05,2.16615071e-05,1.75169666e-05,5.90298004e-06,5.96139621e-06,8.51038860e-04,8.91471877e-04,2.61368174e-02,1.79926602e-02,3.42962036e-02,0
0.982231,27.5106,3.97317154e-05,3.58494771e-05,2.45995837e-05,2.18385702e-05,2.34504271e-05,2.06125175e-05,7.43081350e-06,7.21437940e-06,8.12397034e-04,8.24204237e-04,2.61945024e-02,1.25835887e-02,1.00151374e-02,0
0.982231,31.2979,4.34756893e-05,3.97738865e-05,2.63747731e-05,2.52993090e-05,2.47475615e-05,2.37984457e-05,9.12068274e-06,8.58423087e-06,7.67479966e-04,7.53131166e-04,2.49770561e-02,4.90153261e-03,1.21709777e-02,0
0.982231,35.0851,4.69319425e-05,4.35712447e-05,2.78769320e-05,2.88760067e-05,2.56387825e-05,2.70609541e-05,1.09442300e-05,1.00761364e-05,7.17685776e-04,6.80281475e-04,2.26755285e-02,4.55338053e-03,3.17271770e-02,0
0.982231,38.8723,4.99603334e-05,4.70674676e-05,2.91599298e-05,3.25507144e-05,2.61626424e-05,3.03785296e-05,1.28770201e-05,1.16916188e-05,6.64068944e-04,6.07653469e-04,1.95189406e-02,1.54538323e-02,4.78528879e-02,0
0.982231,42.6596,5.24224352e-05,5.00963404e-05,3.02737060e-05,3.62975990e-05,2.63570285e-05,3.37223028e-05,1.48930965e-05,1.34284022e-05,6.07676681e-04,5.37136189e-04,1.56947852e-02,2.74544805e-02,5.98340473e-02,0
0.982231,46.4468,5.42020043e-05,5.25057638e-05,3.12967273e-05,4.00835430e-05,2.63022966e-05,3.70567255e-05,1.69609650e-05,1.52803636e-05,5.49843002e-04,4.70435182e-04,1.14449896e-02,4.00467708e-02,6.73555162e-02,0
0.982231,50.2340,5.52010267e-05,5.41634536e-05,3.22902530e-05,4.38690438e-05,2.60726120e-05,4.03405401e-05,1.90493923e-05,1.72375701e-05,4.91834870e-04,4.09005765e-04,7.00078414e-03,5.27714699e-02,7.02575278e-02,0
0.982231,54.0213,5.53403184e-05,5.49618790e-05,3.32994202e-05,4.76093745e-05,2.57375138e-05,4.35280052e-05,2.11289320e-05,1.92864021e-05,4.34872782e-04,3.53996491e-04,2.55343156e-03,6.52190147e-02,6.86011070e-02,0
0.982231,57.8085,5.45609001e-05,5.48222540e-05,3.43538592e-05,5.12559603e-05,2.53625547e-05,4.65703312e-05,2.31717167e-05,2.14097576e-05,3.80090667e-04,3.06205108e-04,1.76342508e-03,7.70329770e-02,6.26714098e-02,0
0.982231,61.5957,5.28267780e-05,5.36974331e-05,3.54718042e-05,5.47579122e-05,2.50116690e-05,4.94172715e-05,2.51528390e-05,2.35873319e-05,3.28574414e-04,2.66048806e-04,5.87454333e-03,8.78983212e-02,5.30356405e-02,0
0.982231,65.3830,5.01617871e-05,5.15736068e-05,3.66881927e-05,5.80636564e-05,2.47795806e-05,5.20188076e-05,2.70554222e-05,2.57959657e-05,2.81624974e-04,2.33549996e-04,9.52592574e-03,9.74207639e-02,4.07782880e-02,0
0.982231,69.1702,4.65960420e-05,4.84707368e-05,3.79931627e-05,6.11225906e-05,2.47018165e-05,5.43268626e-05,2.88669478e-05,2.80100532e-05,2.40120863e-04,2.08338238e-04,1.26490683e-02,1.05414627e-01,2.69587444e-02,0
0.982231,72.9574,4.21833203e-05,4.44417208e-05,3.93660387e-05,6.38867005e-05,2.47864249e-05,5.62969779e-05,3.05829715e-05,3.02019997e-05,2.04777177e-04,1.89668299e-04,1.52380339e-02,1.11755312e-01,1.28156933e-02,0
0.982231,76.7447,3.70686847e-05,3.95703260e-05,4.07954534e-05,6.63120686e-05,2.50202970e-05,5.78898866e-05,3.22219452e-05,3.23427188e-05,1.76296053e-04,1.76453686e-04,1.68792446e-02,1.16294466e-01,1.33707987e-04,0
0.982231,80.5319,3.14894576e-05,3.39679768e-05,4.22750627e-05,6.83602127e-05,2.53686325e-05,5.90729232e-05,3.38173537e-05,3.44021572e-05,1.56377960e-04,1.67314374e-04,1.67232328e-02,1.18885619e-01,9.27651460e-03,0
0.982231,84.3191,2.59649412e-05,2.77695267e-05,4.38369109e-05,6.99992004e-05,2.58186122e-05,5.98212126e-05,3.54270239e-05,3.63498361e-05,1.46072583e-04,1.60636885e-04,1.21760225e-02,1.19237190e-01,1.23537723e-02,0
0.982231,88.1064,2.06151272e-05,2.11281847e-05,4.53369003e-05,7.12044922e-05,2.61145623e-05,6.01185938e-05,3.70602775e-05,3.81553979e-05,1.43000913e-04,1.54644378e-04,3.46173644e-03,1.17894077e-01,9.87625141e-03,0
0.982231,91.8936,1.52460820e-05,1.42097935e-05,4.66335248e-05,7.19594793e-05,2.60322989e-05,5.99582397e-05,3.86911496e-05,3.97891462e-05,1.41925629e-04,1.47474000e-04,6.99211601e-03,1.15425512e-01,4.70625370e-03,0
0.982231,95.6809,9.48817604e-06,7.18668892e-06,4.77127322e-05,7.22556976e-05,2.55421989e-05,5.93429485e-05,4.03001350e-05,4.12225703e-05,1.36548845e-04,1.37258464e-04,1.55287505e-02,1.11856963e-01,6.01914643e-04,0
0.982231,99.4681,3.15201907e-06,2.31376019e-07,4.86564029e-05,7.20927110e-05,2.48266428e-05,5.82850955e-05,4.18459479e-05,4.24288419e-05,1.21498930e-04,1.22208616e-04,1.97063615e-02,1.06813264e-01,6.01971245e-04,0
0.982231,103.2553,-3.63057336e-06,-6.48972828e-06,4.95449862e-05,7.14776762e-05,2.41267626e-05,5.68062439e-05,4.32736060e-05,4.33832784e-05,9.37582739e-05,1.00693722e-04,1.92914846e-02,9.99603773e-02,5.88280431e-03,0
0.982231,107.0426,-1.03033015e-05,-1.28222465e-05,5.03081246e-05,7.04246166e-05,2.35298662e-05,5.49364310e-05,4.44663108e-05,4.40637626e-05,5.36443074e-05,7.13162726e-05,1.69959977e-02,9.16828775e-02,1.49897623e-02,0
0.982231,110.8298,-1.65943505e-05,-1.86292560e-05,5.08882948e-05,6.89534500e-05,2.31101891e-05,5.27131549e-05,4.53380381e-05,4.44511144e-05,2.68253569e-06,3.29783053e-05,1.37300530e-02,8.23337098e-02,2.56975598e-02,0
0.982231,114.6170,-2.23287735e-05,-2.37959614e-05,5.12186957e-05,6.70888266e-05,2.28743238e-05,5.01801002e-05,4.58270673e-05,4.45294083e-05,-5.81161935e-05,-1.50634413e-05,9.89951020e-03,7.23296721e-02,3.65183222e-02,0
0.982231,118.4043,-2.74180886e-05,-2.82334484e-05,5.12541000e-05,6.48588509e-05,2.28081119e-05,4.73856522e-05,4.58995947e-05,4.42862339e-05,-1.27636383e-04,-7.31557881e-05,5.50145125e-03,6.20049816e-02,4.62116775e-02,0
0.982231,122.1915,-3.17847421e-05,-3.18813791e-05,5.09613881e-05,6.22937647e-05,2.28851058e-05,4.43812541e-05,4.55338886e-05,4.37128975e-05,-2.04634373e-04,-1.41222537e-04,6.52035800e-04,5.16484134e-02,5.37873598e-02,0
0.982231,125.9787,-3.53343320e-05,-3.47095316e-05,5.03083945e-05,5.94246746e-05,2.30534723e-05,4.12196726e-05,4.47154556e-05,4.28045622e-05,-2.87626389e-04,-2.18754205e-04,4.21569564e-03,4.15483371e-02,5.84189507e-02,0
0.982231,129.7660,-3.80525513e-05,-3.67181331e-05,4.92782271e-05,5.62824044e-05,2.32510336e-05,3.79532353e-05,4.34480506e-05,4.15603293e-05,-3.74979484e-04,-3.04814596e-04,9.00367728e-03,3.19222222e-02,5.95154513e-02,0
0.982231,133.5532,-3.99472000e-05,-3.79369837e-05,4.78621429e-05,5.28965412e-05,2.34113267e-05,3.46321099e-05,4.17455927e-05,3.99832595e-05,-4.64955874e-04,-3.98064082e-04,1.35634687e-02,2.29447619e-02,5.67391371e-02,0
0.982231,137.3404,-4.10441141e-05,-3.84234149e-05,4.60562177e-05,4.92947310e-05,2.34646218e-05,3.13026889e-05,3.96306284e-05,3.80803385e-05,-5.55713555e-04,-4.96798811e-04,1.76825601e-02,1.47598410e-02,4.99728246e-02,0
0.982231,141.1277,-4.13864328e-05,-3.82591746e-05,4.38589866e-05,4.55022519e-05,2.33374078e-05,2.80061427e-05,3.71345674e-05,3.58623884e-05,-6.45360932e-04,-5.99004435e-04,2.11004495e-02,7.48934222e-03,3.93206334e-02,0
0.982231,144.9149,-4.10342444e-05,-3.75463707e-05,4.12672345e-05,4.15418709e-05,2.29511633e-05,2.47771954e-05,3.42961914e-05,3.33439293e-05,-7.31949353e-04,-7.02422410e-04,2.35336191e-02,1.25168213e-03,2.50454240e-02,0
0.982231,148.7021,-4.01023968e-05,-3.64026439e-05,3.82864943e-05,3.74339597e-05,2.22477172e-05,2.16431695e-05,3.11591836e-05,3.05429952e-05,-8.13664323e-04,-8.04626368e-04,2.49632247e-02,3.88550935e-03,7.66619899e-03,0
0.982231,152.4894,-3.87053163e-05,-3.49557691e-05,3.49213054e-05,3.31968209e-05,2.11708094e-05,1.86233361e-05,2.77721876e-05,2.74809073e-05,-8.88724575e-04,-9.03105737e-04,2.52992002e-02,7.85950680e-03,1.21984281e-02,0
0.982231,156.2766,-3.69406200e-05,-3.33379078e-05,3.11568056e-05,2.88471549e-05,1.96348802e-05,1.57285937e-05,2.41912798e-05,2.41820116e-05,-9.55180110e-04,-9.95353432e-04,2.43084646e-02,1.05264589e-02,3.40759244e-02,0
0.982231,160.0638,-3.49241907e-05,-3.16797463e-05,2.69526668e-05,2.44005918e-05,1.75229708e-05,1.29614863e-05,2.04790562e-05,2.06733827e-05,-1.01099009e-03,-1.07895431e-03,2.18911359e-02,1.16313311e-02,5.76487945e-02,0
0.982231,163.8511,-3.28333931e-05,-3.01047584e-05,2.22701973e-05,1.98722083e-05,1.47433437e-05,1.03165600e-05,1.66911805e-05,1.69845004e-05,-1.05458512e-03,-1.15167104e-03,1.84108299e-02,1.09290691e-02,8.23504858e-02,0
0.982231,167.6383,-3.10026507e-05,-2.87238262e-05,1.72985594e-05,1.52769644e-05,1.16167425e-05,7.78104123e-06,1.28176227e-05,1.31469022e-05,-1.08777871e-03,-1.21152409e-03,1.53758397e-02,9.21361672e-03,1.04963643e-01,0
0.982231,171.4255,-2.95510651e-05,-2.76304369e-05,1.21582632e-05,1.06300104e-05,8.29675461e-06,5.33580875e-06,8.88747588e-06,9.19381672e-06,-1.11225482e-03,-1.25686285e-03,1.29589939e-02,6.96516161e-03,1.22659818e-01,0
0.982231,175.2128,-2.85647253e-05,-2.68966502e-05,6.82160947e-06,5.94684379e-06,4.69980957e-06,2.95662088e-06,4.94430438e-06,5.15978139e-06,-1.12870691e-03,-1.28642510e-03,1.12549498e-02,3.98683005e-03,1.33780156e-01,0
0.982231,179.0000,-2.81235239e-05,-2.65699992e-05,1.42884093e-06,1.24331650e-06,9.86859616e-07,6.15547359e-07,1.03329304e-06,1.08024876e-06,-1.13562768e-03,-1.29938260e-03,1.04820471e-02,8.45545717e-04,1.38900644e-01,0
0.983197,1.0000,2.46564441e-05,2.22159267e-05,1.13332928e-06,8.50457383e-07,1.11873561e-06,8.18880036e-07,1.81289560e-07,2.29593656e-07,9.18837390e-04,1.10589724e-03,1.64668249e-02,1.28921632e-03,1.58668412e-01,0
0.983197,4.7872,2.53177353e-05,2.27994172e-05,5.39786658e-06,4.07469616e-06,5.32545166e-06,3.92183317e-06,8.81208357e-07,1.10560996e-06,9.15816283e-04,1.09597302e-03,1.69917673e-02,6.03047841e-03,1.52813034e-01,0
0.983197,8.5745,2.68058227e-05,2.41223294e-05,9.52604095e-06,7.31186721e-06,9.37708397e-06,7.03104933e-06,1.67802043e-06,2.00692487e-06,9.08639175e-04,1.07336824e-03,1.81062486e-02,1.00913131e-02,1.39726933e-01,0
0.983197,12.3617,2.89567530e-05,2.61279842e-05,1.34099903e-05,1.05712140e-05,1.31580410e-05,1.01504433e-05,2.58723709e-06,2.95280666e-06,8.97880909e-04,1.03880296e-03,1.90864614e-02,1.29380001e-02,1.19533283e-01,0
0.983197,16.1489,3.17161317e-05,2.87301118e-05,1.71933372e-05,1.38603288e-05,1.68054731e-05,1.32822073e-05,3.63137960e-06,3.96127294e-06,8.82092426e-04,9.93371592e-04,2.01474769e-02,1.51905116e-02,9.43895161e-02,0
0.983197,19.9362,3.50310896e-05,3.18161107e-05,2.07783174e-05,1.71844850e-05,2.02153424e-05,1.64261498e-05,4.80399928e-06,5.04857670e-06,8.60537114e-04,9.38499562e-04,2.16923244e-02,1.63792425e-02,6.61295191e-02,0
0.983197,23.7234,3.86462369e-05,3.52513006e-05,2.38033788e-05,2.05460401e-05,2.29937769e-05,1.95791381e-05,6.15524704e-06,6.22873285e-06,8.30746395e-04,8.75886844e-04,2.29065452e-02,1.48456393e-02,3.82891542e-02,0
0.983197,27.5106,4.23119204e-05,3.88840045e-05,2.62269485e-05,2.39439303e-05,2.50709400e-05,2.27346692e-05,7.70070074e-06,7.51309609e-06,7.92700922e-04,8.07440672e-04,2.31290675e-02,1.04050785e-02,1.25025905e-02,0
0.983197,31.2979,4.58586100e-05,4.25512681e-05,2.81972756e-05,2.73732804e-05,2.65811984e-05,2.58825886e-05,9.40883850e-06,8.90999946e-06,7.48086489e-04,7.35200089e-04,2.23155226e-02,3.75543839e-03,1.09305372e-02,0
0.983197,35.0851,4.91371124e-05,4.60849976e-05,2.98235410e-05,3.08251493e-05,2.76202751e-05,2.90089715e-05,1.12500667e-05,1.04244617e-05,6.98404685e-04,6.61255354e-04,2.05934369e-02,4.56492772e-03,3.15109067e-02,0
0.983197,38.8723,5.20116492e-05,4.93182828e-05,3.11835175e-05,3.42864252e-05,2.82533456e-05,3.20961731e-05,1.31969778e-05,1.20579694e-05,6.44939451e-04,5.87665427e-04,1.81728654e-02,1.41418051e-02,4.85811275e-02,0
0.983197,42.6596,5.43429160e-05,5.20916646e-05,3.23140638e-05,3.77398824e-05,2.85021286e-05,3.51230480e-05,1.52258788e-05,1.38083388e-05,5.88657596e-04,5.16376840e-04,1.51897965e-02,2.47286982e-02,6.13101795e-02,0
0.983197,46.4468,5.60115893e-05,5.42591102e-05,3.32959702e-05,4.11644006e-05,2.84451120e-05,3.80653340e-05,1.73059884e-05,1.56696592e-05,5.30893677e-04,4.49147200e-04,1.18244460e-02,3.58611400e-02,6.93392181e-02,0
0.983197,50.2340,5.69182596e-05,5.56934702e-05,3.42010932e-05,4.45353418e-05,2.81625042e-05,4.08961856e-05,1.94058790e-05,1.76323189e-05,4.72981498e-04,3.87476409e-04,8.26398243e-03,4.70993472e-02,7.25273591e-02,0
0.983197,54.0213,5.69826466e-05,5.62912113e-05,3.50855517e-05,4.78250717e-05,2.77296101e-05,4.35868391e-05,2.14956894e-05,1.96831130e-05,4.16192824e-04,3.32548361e-04,4.66529919e-03,5.80616065e-02,7.09491331e-02,0
0.983197,57.8085,5.61442906e-05,5.59762499e-05,3.59900442e-05,5.10036045e-05,2.72172154e-05,4.61073853e-05,2.35479609e-05,2.18054283e-05,3.61705337e-04,2.85185486e-04,1.13381598e-03,6.84257681e-02,6.49058750e-02,0
0.983197,61.5957,5.43642659e-05,5.47027423e-05,3.69406908e-05,5.40393455e-05,2.66915236e-05,4.84276198e-05,2.55377604e-05,2.39795018e-05,3.10622873e-04,2.45817994e-04,2.28379114e-03,7.79287889e-02,5.49689698e-02,0
0.983197,65.3830,5.16520940e-05,5.24567328e-05,3.79720527e-05,5.68998987e-05,2.62399691e-05,5.05179400e-05,2.74470547e-05,2.61827464e-05,2.64183736e-04,2.14469089e-04,5.42911342e-03,8.62655071e-02,4.21690926e-02,0
0.983197,69.1702,4.80575898e-05,4.92566004e-05,3.91003932e-05,5.95529083e-05,2.59293782e-05,5.23502544e-05,2.92661596e-05,2.83901347e-05,2.23507399e-04,1.90756800e-04,8.09004606e-03,9.32143352e-02,2.77798024e-02,0
0.983197,72.9574,4.36489308e-05,4.51522962e-05,4.03075144e-05,6.19668961e-05,2.57693994e-05,5.38988681e-05,3.09940925e-05,3.05746337e-05,1.89337250e-04,1.73912419e-04,1.01436087e-02,9.87147482e-02,1.30836925e-02,0
0.983197,76.7447,3.85760503e-05,4.02234049e-05,4.15717598e-05,6.41120635e-05,2.57303753e-05,5.51413131e-05,3.26520903e-05,3.27076792e-05,1.62528892e-04,1.62814855e-04,1.11151435e-02,1.02729636e-01,2.42560662e-04,0
0.983197,80.5319,3.28243066e-05,3.45761146e-05,4.28278659e-05,6.59610242e-05,2.57461233e-05,5.60590880e-05,3.42251843e-05,3.47596803e-05,1.44471111e-04,1.56039612e-04,1.18199186e-02,1.05431629e-01,9.81266574e-03,0
0.983197,84.3191,2.69422862e-05,2.83392148e-05,4.42007159e-05,6.74894417e-05,2.59276153e-05,5.66382808e-05,3.57975145e-05,3.67005434e-05,1.36335203e-04,1.51920484e-04,9.42545161e-03,1.06140643e-01,1.32197894e-02,0
0.983197,88.1064,2.12679443e-05,2.16592854e-05,4.56224532e-05,6.86765480e-05,2.61157860e-05,5.68700493e-05,3.74082070e-05,3.85002044e-05,1.36231874e-04,1.48621568e-04,2.64048326e-03,1.05071289e-01,1.05092196e-02,0
0.983197,91.8936,1.56029286e-05,1.46952655e-05,4.69390901e-05,6.95055284e-05,2.60657686e-05,5.67509393e-05,3.90365711e-05,4.01291586e-05,1.38615230e-04,1.44216778e-04,6.12424627e-03,1.02848747e-01,4.75136032e-03,0
0.983197,95.6809,9.49723684e-06,7.61261613e-06,4.81262814e-05,6.99637628e-05,2.57416139e-05,5.62830294e-05,4.06633530e-05,4.15589787e-05,1.36517200e-04,1.36773724e-04,1.27160411e-02,9.95264552e-02,2.17590149e-04,0
0.983197,99.4681,2.75726143e-06,5.77304312e-07,4.92597177e-05,7.00429225e-05,2.53401977e-05,5.54738948e-05,4.22420900e-05,4.27628108e-05,1.24134128e-04,1.24438641e-04,1.47087550e-02,9.47214864e-02,2.58294829e-04,0
0.983197,103.2553,-4.26233616e-06,-6.25015672e-06,5.03454357e-05,6.97389277e-05,2.50229014e-05,5.43363905e-05,4.36865803e-05,4.37158405e-05,9.87599538e-05,1.05519005e-04,1.34123581e-02,8.83877342e-02,5.73318045e-03,0
0.983197,107.0426,-1.09720645e-05,-1.27203819e-05,5.12390780e-05,6.90517797e-05,2.47753440e-05,5.28882630e-05,4.48511476e-05,4.43957196e-05,6.06790281e-05,7.85605439e-05,1.17963662e-02,8.11831282e-02,1.51675077e-02,0
0.983197,110.8298,-1.73577644e-05,-1.87002852e-05,5.19352658e-05,6.79852859e-05,2.46690255e-05,5.11516030e-05,4.57024181e-05,4.47829500e-05,1.13443367e-05,4.24155540e-05,9.05834788e-03,7.31495344e-02,2.63553122e-02,0
0.983197,114.6170,-2.32377556e-05,-2.40775502e-05,5.23792578e-05,6.65467022e-05,2.47250792e-05,4.91521604e-05,4.61763696e-05,4.48612161e-05,-4.80895531e-05,-3.70023530e-06,5.66631962e-03,6.45695117e-02,3.76520275e-02,0
0.983197,118.4043,-2.85067299e-05,-2.87642323e-05,5.25266551e-05,6.47463194e-05,2.49259356e-05,4.69185464e-05,4.62357787e-05,4.46176633e-05,-1.16490369e-04,-6.01645642e-05,1.73743736e-03,5.56923135e-02,4.77768270e-02,0
0.983197,122.1915,-3.30524315e-05,-3.26993594e-05,5.23396464e-05,6.25970224e-05,2.52355805e-05,4.44813534e-05,4.58541608e-05,4.40431200e-05,-1.92555293e-04,-1.26921107e-04,2.38227251e-03,4.67489935e-02,5.56724076e-02,0
0.983197,125.9787,-3.68016485e-05,-3.58504389e-05,5.17857855e-05,6.01138507e-05,2.55927082e-05,4.18722250e-05,4.50197830e-05,4.31322596e-05,-2.74752832e-04,-2.03468686e-04,6.41806663e-03,3.79559708e-02,6.04648313e-02,0
0.983197,129.7660,-3.97415286e-05,-3.82138206e-05,5.08450232e-05,5.73135832e-05,2.59289257e-05,3.91229114e-05,4.37367945e-05,4.18837035e-05,-3.61420913e-04,-2.88867784e-04,1.03078555e-02,2.94810940e-02,6.15412121e-02,0
0.983197,133.5532,-4.18779200e-05,-3.98139129e-05,4.95030777e-05,5.42143707e-05,2.61721396e-05,3.62643456e-05,4.20187317e-05,4.03000649e-05,-4.50791236e-04,-3.81764212e-04,1.39264094e-02,2.14721781e-02,5.85502898e-02,0
0.983197,137.3404,-4.32341627e-05,-4.07012939e-05,4.77492433e-05,5.08354284e-05,2.62468177e-05,3.33257748e-05,3.98885296e-05,3.83879345e-05,-5.40984893e-04,-4.80429149e-04,1.70899447e-02,1.40655902e-02,5.13647566e-02,0
0.983197,141.1277,-4.38509711e-05,-4.09498028e-05,4.55734513e-05,4.71967964e-05,2.60738187e-05,3.03339798e-05,3.73777400e-05,3.61578104e-05,-6.30058737e-04,-5.82814110e-04,1.95749602e-02,7.39855354e-03,4.00739649e-02,0
0.983197,144.9149,-4.37932588e-05,-4.06527365e-05,4.29645932e-05,4.33191695e-05,2.55731959e-05,2.73126106e-05,3.45248885e-05,3.36239758e-05,-7.16048300e-04,-6.86618816e-04,2.11899458e-02,1.61601627e-03,2.49627571e-02,0
0.983197,148.7021,-4.31850684e-05,-3.99183133e-05,3.99252734e-05,3.92237901e-05,2.46937664e-05,2.42816637e-05,3.13726848e-05,3.08043263e-05,-7.97156901e-04,-7.89369450e-04,2.20416721e-02,3.19707858e-03,6.60549333e-03,0
0.983197,152.4894,-4.21171836e-05,-3.88645923e-05,3.64454825e-05,3.49323908e-05,2.33645611e-05,2.12571184e-05,2.79708863e-05,2.77201523e-05,-8.71467630e-04,-8.88504352e-04,2.19461059e-02,6.89606298e-03,1.44509344e-02,0
0.983197,156.2766,-4.06855835e-05,-3.76140575e-05,3.24977694e-05,3.04671746e-05,2.14916807e-05,1.82507466e-05,2.43764780e-05,2.43958802e-05,-9.36941514e-04,-9.81463926e-04,2.07244092e-02,9.25463444e-03,3.77649210e-02,0
0.983197,160.0638,-3.90059959e-05,-3.62880914e-05,2.80260857e-05,2.58508119e-05,1.89445526e-05,1.52700996e-05,2.06534599e-05,2.08587759e-05,-9.91418387e-04,-1.06578134e-03,1.83384301e-02,9.91402311e-03,6.30763437e-02,0
0.983197,163.8511,-3.73247880e-05,-3.50015624e-05,2.30721238e-05,2.11064414e-05,1.57811295e-05,1.23186729e-05,1.68308896e-05,1.71386163e-05,-1.03437834e-03,-1.13917058e-03,1.56754257e-02,8.95878925e-03,8.88871565e-02,0
0.983197,167.6383,-3.59210606e-05,-3.38577480e-05,1.78853890e-05,1.62576581e-05,1.23762724e-05,9.39623961e-06,1.29118171e-05,1.32673331e-05,-1.06774136e-03,-1.19960853e-03,1.39217238e-02,7.41854284e-03,1.11852730e-01,0
0.983197,171.4255,-3.48212088e-05,-3.29438000e-05,1.25772281e-05,1.13284786e-05,8.83481992e-06,6.49933814e-06,8.95168276e-06,9.27863306e-06,-1.09190220e-03,-1.24540788e-03,1.26673801e-02,5.69129787e-03,1.30207003e-01,0
0.983197,175.2128,-3.40500935e-05,-3.23269369e-05,7.07227739e-06,6.34328035e-06,5.02101205e-06,3.62189351e-06,4.98061699e-06,5.20759954e-06,-1.10799156e-03,-1.27527816e-03,1.16265998e-02,3.32247526e-03,1.41896295e-01,0
0.983197,179.0000,-3.36984170e-05,-3.20515162e-05,1.48212173e-06,1.32671200e-06,1.05494999e-06,7.55946205e-07,1.04104052e-06,1.09027981e-06,-1.11488193e-03,-1.28837254e-03,1.11120810e-02,7.08295063e-04,1.47158669e-01,0
0.984163,1.0000,2.90509039e-05,2.65036497e-05,1.17633803e-06,9.73125241e-07,1.16069272e-06,9.42548863e-07,1.91216048e-07,2.42021436e-07,8.94240040e-04,1.08991074e-03,1.71870072e-02,9.26162153e-04,1.65972327e-01,0
0.984163,4.7872,2.96351095e-05,2.70472115e-05,5.59649839e-06,4.65519978e-06,5.51906485e-06,4.50710772e-06,9.27748537e-07,1.16484546e-06,8.91286702e-04,1.07985008e-03,1.74612410e-02,4.29006037e-03,1.59943743e-01,0
0.984163,8.5745,3.09232960e-05,2.82791981e-05,9.82759721e-06,8.32405970e-06,9.66955683e-06,8.05168298e-06,1.75537397e-06,2.11195903e-06,8.84640884e-04,1.05693725e-03,1.78404374e-02,6.85251911e-03,1.46145691e-01,0
0.984163,12.3617,3.27756067e-05,3.01458761e-05,1.38996970e-05,1.19694474e-05,1.36320292e-05,1.15605406e-05,2.71465566e-06,3.10186598e-06,8.73764118e-04,1.02190850e-03,1.77434974e-02,8.79730102e-03,1.25659426e-01,0
0.984163,16.1489,3.51836332e-05,3.25654516e-05,1.78927323e-05,1.55814201e-05,1.74810926e-05,1.50180751e-05,3.81592327e-06,4.15187580e-06,8.57570484e-04,9.75882886e-04,1.76655728e-02,1.05340312e-02,1.00355266e-01,0
0.984163,19.9362,3.81404792e-05,3.54311502e-05,2.17349678e-05,1.91504471e-05,2.11416432e-05,1.84088685e-05,5.04378306e-06,5.27761170e-06,8.35954970e-04,9.20317971e-04,1.82805694e-02,1.17792054e-02,7.15586135e-02,0
0.984163,23.7234,4.14746395e-05,3.86152351e-05,2.51367786e-05,2.26674653e-05,2.43050055e-05,2.17177507e-05,6.41282686e-06,6.49255631e-06,8.07307422e-04,8.56952091e-04,1.92931674e-02,1.12541370e-02,4.21097356e-02,0
0.984163,27.5106,4.48956931e-05,4.19738126e-05,2.78612674e-05,2.61238844e-05,2.66961150e-05,2.49298619e-05,7.97293329e-06,7.80764505e-06,7.70193959e-04,7.87735585e-04,1.97147112e-02,7.91829248e-03,1.48792051e-02,0
0.984163,31.2979,4.82223241e-05,4.53522384e-05,3.00448420e-05,2.95115398e-05,2.84371639e-05,2.80307183e-05,9.69640345e-06,9.23091609e-06,7.26205666e-04,7.14753670e-04,1.93652374e-02,2.43057711e-03,9.71384387e-03,0
0.984163,35.0851,5.13031152e-05,4.85909233e-05,3.18077796e-05,3.28225903e-05,2.96356498e-05,3.10062786e-05,1.15526233e-05,1.07672244e-05,6.76943722e-04,6.40144040e-04,1.82998853e-02,4.62509865e-03,3.12143261e-02,0
0.984163,38.8723,5.40036280e-05,5.15313155e-05,3.32449209e-05,3.60493686e-05,3.03751143e-05,3.38430142e-05,1.35121129e-05,1.24180259e-05,6.23855009e-04,5.66012508e-04,1.66813548e-02,1.27815443e-02,4.90633234e-02,0
0.984163,42.6596,5.61887293e-05,5.40218334e-05,3.43997433e-05,3.91841903e-05,3.06840997e-05,3.65279799e-05,1.55508316e-05,1.41812360e-05,5.67984478e-04,4.94350037e-04,1.46206276e-02,2.18055848e-02,6.24584047e-02,0
0.984163,46.4468,5.77343295e-05,5.59235262e-05,3.53434059e-05,4.22191364e-05,3.06261556e-05,3.90488867e-05,1.76407181e-05,1.60511660e-05,5.10572120e-04,4.26954507e-04,1.22179750e-02,3.13368135e-02,7.09263585e-02,0
0.984163,50.2340,5.85397135e-05,5.71152480e-05,3.61582396e-05,4.51458222e-05,3.02881234e-05,4.13941736e-05,1.97496296e-05,1.80185364e-05,4.53014836e-04,3.65360338e-04,9.61125028e-03,4.09617858e-02,7.43505357e-02,0
0.984163,54.0213,5.85233667e-05,5.74981522e-05,3.69120132e-05,4.79551718e-05,2.97513776e-05,4.35530799e-05,2.18483925e-05,2.00705689e-05,3.96630700e-04,3.10778823e-04,6.91739755e-03,5.03302739e-02,7.28215116e-02,0
0.984163,57.8085,5.76241777e-05,5.69993389e-05,3.76567478e-05,5.06372147e-05,2.90929410e-05,4.55157147e-05,2.39088151e-05,2.21911520e-05,3.42646033e-04,2.64051561e-04,4.21595528e-03,5.91597460e-02,6.66656160e-02,0
0.984163,61.5957,5.58026327e-05,5.55745220e-05,3.84297661e-05,5.31809210e-05,2.83846823e-05,4.72731238e-05,2.59066928e-05,2.43610782e-05,2.92209266e-04,2.25618911e-04,1.53912404e-03,6.72298299e-02,5.64834517e-02,0
0.984163,65.3830,5.30533773e-05,5.32096193e-05,3.92627950e-05,5.55740906e-05,2.77025929e-05,4.88173517e-05,2.78232533e-05,2.65583456e-05,2.46466565e-04,1.95504745e-04,1.05420636e-03,7.43403231e-02,4.32269726e-02,0
0.984163,69.1702,4.94414088e-05,4.99212107e-05,4.01961604e-05,5.78033064e-05,2.71397077e-05,5.01414984e-05,2.96507601e-05,2.87585182e-05,2.06724601e-04,1.73318191e-04,3.23735160e-03,8.02462877e-02,2.83360755e-02,0
0.984163,72.9574,4.50738771e-05,4.57558560e-05,4.12256088e-05,5.98539599e-05,2.67159569e-05,5.12397686e-05,3.13975870e-05,3.09351359e-05,1.73801857e-04,1.58272316e-04,4.60149471e-03,8.49005299e-02,1.31725096e-02,0
0.984163,76.7447,4.00236026e-05,4.07883036e-05,4.22949460e-05,6.17103519e-05,2.63701528e-05,5.21075127e-05,3.30677714e-05,3.30601671e-05,1.48841263e-04,1.49219095e-04,5.15964285e-03,8.84876089e-02,3.20485626e-04,0
0.984163,80.5319,3.41849221e-05,3.51186665e-05,4.33423471e-05,6.33558660e-05,2.60614154e-05,5.27412591e-05,3.46318016e-05,3.51044918e-05,1.32841936e-04,1.44699314e-04,6.30022336e-03,9.12135674e-02,1.00576972e-02,0
0.984163,84.3191,2.79567227e-05,2.88686806e-05,4.45015370e-05,6.47732108e-05,2.59409242e-05,5.31387354e-05,3.61587506e-05,3.70384076e-05,1.26650292e-04,1.43005480e-04,6.15322450e-03,9.23901339e-02,1.38728421e-02,0
0.984163,88.1064,2.19260225e-05,2.21771961e-05,4.58291202e-05,6.59447209e-05,2.59979622e-05,5.32988793e-05,3.77414125e-05,3.88321475e-05,1.29203510e-04,1.42255289e-04,1.69473590e-03,9.16788152e-02,1.10708154e-02,0
0.984163,91.8936,1.59494514e-05,1.51950789e-05,4.71667286e-05,6.68527059e-05,2.59782781e-05,5.32218378e-05,3.93678721e-05,4.04563996e-05,1.34798072e-04,1.40472770e-04,5.08995348e-03,8.97207645e-02,4.81340778e-03,0
0.984163,95.6809,9.46421995e-06,8.07972417e-06,4.84784238e-05,6.74798344e-05,2.58379256e-05,5.29089554e-05,4.10190099e-05,4.18828185e-05,1.35715631e-04,1.35673914e-04,9.34156416e-03,8.66007850e-02,3.53852408e-05,0
0.984163,99.4681,2.33202096e-06,9.89394794e-07,4.98253278e-05,6.78095388e-05,2.57759492e-05,5.23627506e-05,4.26399312e-05,4.30845205e-05,1.25846126e-04,1.25953402e-04,9.05905863e-03,8.19647986e-02,9.09939000e-05,0
0.984163,103.2553,-4.83503304e-06,-5.92239405e-06,5.11060088e-05,6.78264272e-05,2.58501729e-05,5.15868810e-05,4.40861961e-05,4.40365523e-05,1.02941964e-04,1.09569006e-04,7.33671614e-03,7.62049406e-02,5.62120746e-03,0
0.984163,107.0426,-1.16016100e-05,-1.25122292e-05,5.21630379e-05,6.75166887e-05,2.59855836e-05,5.05860994e-05,4.52297686e-05,4.47163259e-05,6.71322216e-05,8.50202862e-05,6.14419171e-03,6.99757636e-02,1.51730627e-02,0
0.984163,110.8298,-1.80458261e-05,-1.86516868e-05,5.29906162e-05,6.68684806e-05,2.62113718e-05,4.93661992e-05,4.60539835e-05,4.51040140e-05,1.95813019e-05,5.11184440e-05,4.08790457e-03,6.32497228e-02,2.67505202e-02,0
0.984163,114.6170,-2.40609908e-05,-2.42315681e-05,5.35703034e-05,6.58722860e-05,2.65780008e-05,4.79339523e-05,4.65122272e-05,4.51828982e-05,-3.82833557e-05,7.04451448e-06,1.15093071e-03,5.60674877e-02,3.84481289e-02,0
0.984163,118.4043,-2.94968808e-05,-2.91653242e-05,5.38516229e-05,6.45212332e-05,2.70627018e-05,4.62970406e-05,4.65575714e-05,4.49396658e-05,-1.05316876e-04,-4.76064723e-05,2.23710157e-03,4.86277912e-02,4.89512754e-02,0
0.984163,122.1915,-3.42163353e-05,-3.33915452e-05,5.37914761e-05,6.28113689e-05,2.76178627e-05,4.44639816e-05,4.61603354e-05,4.43646526e-05,-1.80155944e-04,-1.12797193e-04,5.56507949e-03,4.11090424e-02,5.71352222e-02,0
0.984163,125.9787,-3.81681125e-05,-3.68754257e-05,5.33563335e-05,6.07418813e-05,2.81742259e-05,4.24440510e-05,4.53112714e-05,4.34520273e-05,-2.61236485e-04,-1.88036811e-04,8.72210427e-03,3.36603557e-02,6.20896257e-02,0
0.984163,129.7660,-4.13366304e-05,-3.96091586e-05,5.25209369e-05,5.83152668e-05,2.86570129e-05,4.02472028e-05,4.40139118e-05,4.21999171e-05,-3.46867351e-04,-2.72387393e-04,1.16557154e-02,2.64082242e-02,6.31755917e-02,0
0.984163,133.5532,-4.37247239e-05,-4.16112544e-05,5.12648696e-05,5.55374403e-05,2.89875722e-05,3.78839901e-05,4.22824729e-05,4.06104737e-05,-4.35248825e-04,-3.64487832e-04,1.42601455e-02,1.94726585e-02,6.00210814e-02,0
0.984163,137.3404,-4.53534207e-05,-4.29248236e-05,4.95686663e-05,5.24177877e-05,2.90842797e-05,3.53654864e-05,4.01392247e-05,3.86898803e-05,-5.24472282e-04,-4.62594463e-04,1.63863951e-02,1.29851489e-02,5.24861720e-02,0
0.984163,141.1277,-4.62608544e-05,-4.36149020e-05,4.74130190e-05,4.89691595e-05,2.88618482e-05,3.27032106e-05,3.76163275e-05,3.64483004e-05,-6.12549763e-04,-5.64636918e-04,1.78529501e-02,7.09226233e-03,4.06407629e-02,0
0.984163,144.9149,-4.65269162e-05,-4.37649350e-05,4.47818096e-05,4.52078102e-05,2.82448936e-05,2.99090561e-05,3.47510641e-05,3.38997709e-05,-6.97546639e-04,-6.68287150e-04,1.86358274e-02,1.94153924e-03,2.48185632e-02,0
0.984163,148.7021,-4.62634068e-05,-4.34725722e-05,4.16692590e-05,4.11532825e-05,2.71781406e-05,2.69952247e-05,3.15860067e-05,3.10620429e-05,-7.77617020e-04,-7.71039057e-04,1.88305091e-02,2.35161298e-03,5.57957808e-03,0
0.984163,152.4894,-4.55482325e-05,-4.28449486e-05,3.80519594e-05,3.68282425e-05,2.55792171e-05,2.39741679e-05,2.81718879e-05,2.79563717e-05,-8.50741139e-04,-8.70295709e-04,1.82397812e-02,5.57720941e-03,1.65866299e-02,0
0.984163,156.2766,-4.44757800e-05,-4.19936485e-05,3.38888600e-05,3.22582675e-05,2.33441146e-05,2.08585343e-05,2.45663824e-05,2.46072625e-05,-9.14797656e-04,-9.63460883e-04,1.67476064e-02,7.43158469e-03,4.12772545e-02,0
0.984163,160.0638,-4.31757708e-05,-4.10295609e-05,2.91237856e-05,2.74715919e-05,2.03544059e-05,1.76611241e-05,2.08300996e-05,2.10421733e-05,-9.67722212e-04,-1.04803143e-03,1.44810536e-02,7.53003426e-03,6.81201036e-02,0
0.984163,163.8511,-4.19648771e-05,-4.00578381e-05,2.39176813e-05,2.24988159e-05,1.68617797e-05,1.43948518e-05,1.69627788e-05,1.72911815e-05,-1.01031692e-03,-1.12168696e-03,1.28673034e-02,6.46661787e-03,9.44666029e-02,0
0.984163,167.6383,-4.10041268e-05,-3.91731643e-05,1.85029466e-05,1.73725807e-05,1.31685176e-05,1.10727144e-05,1.29980451e-05,1.33866186e-05,-1.04373065e-03,-1.18237344e-03,1.23539946e-02,5.15175285e-03,1.17599965e-01,0
0.984163,171.4255,-4.02722308e-05,-3.84555282e-05,1.29794970e-05,1.21272169e-05,9.35232896e-06,7.70776708e-06,9.00007136e-06,9.36267674e-06,-1.06773510e-03,-1.22837745e-03,1.22577795e-02,3.88434977e-03,1.36260495e-01,0
0.984163,175.2128,-3.97475638e-05,-3.79666715e-05,7.32421257e-06,6.79836963e-06,5.34183211e-06,4.31310386e-06,5.01088012e-06,5.25499426e-06,-1.08311194e-03,-1.25838841e-03,1.20161574e-02,2.39658057e-03,1.48673484e-01,0
0.984163,179.0000,-3.94948608e-05,-3.77473588e-05,1.53617668e-06,1.42260716e-06,1.12359782e-06,9.01842657e-07,1.04755273e-06,1.10022313e-06,-1.08986605e-03,-1.27154618e-03,1.17908642e-02,5.17604197e-04,1.54105218e-01,0
0.985128,1.0000,3.36230772e-05,3.09817079e-05,1.21753928e-06,1.10097918e-06,1.20107224e-06,1.07120240e-06,1.99567952e-07,2.54323756e-07,8.66498708e-04,1.06900098e-03,1.78220266e-02,5.31234047e-04,1.71767029e-01,0
0.985128,4.7872,3.41182666e-05,3.14807228e-05,5.77991263e-06,5.26014622e-06,5.69867223e-06,5.11588114e-06,9.65673229e-07,1.22347800e-06,8.63754857e-04,1.05886915e-03,1.77962155e-02,2.36888616e-03,1.65500372e-01,0
0.985128,8.5745,3.51775706e-05,3.26112924e-05,1.01287219e-05,9.37845727e-06,9.96329280e-06,9.11291566e-06,1.82313002e-06,2.21590362e-06,8.57667947e-04,1.03579667e-03,1.73153663e-02,3.41940415e-03,1.51092828e-01,0
0.985128,12.3617,3.67195342e-05,3.43230313e-05,1.44143271e-05,1.34250264e-05,1.41328297e-05,1.30258653e-05,2.83477527e-06,3.24933340e-06,8.46623450e-04,1.00053081e-03,1.61698475e-02,4.50883425e-03,1.30547718e-01,0
0.985128,16.1489,3.87650997e-05,3.65392321e-05,1.86267764e-05,1.73713448e-05,1.81938458e-05,1.68203707e-05,3.99258991e-06,4.34036298e-06,8.30137698e-04,9.54207362e-04,1.50185257e-02,5.72175191e-03,1.05238707e-01,0
0.985128,19.9362,4.13305578e-05,3.91597424e-05,2.27014326e-05,2.11921887e-05,2.20795588e-05,2.04649713e-05,5.27713231e-06,5.50398135e-06,8.08377168e-04,8.98305692e-04,1.46470737e-02,6.87852641e-03,7.62794163e-02,0
0.985128,23.7234,4.43337585e-05,4.20647192e-05,2.64405647e-05,2.48663782e-05,2.55836083e-05,2.39318182e-05,6.67700890e-06,6.75313602e-06,7.80642965e-04,8.34590199e-04,1.53098159e-02,7.17450848e-03,4.57592689e-02,0
0.985128,27.5106,4.74843140e-05,4.51191177e-05,2.94950718e-05,2.83773469e-05,2.83181863e-05,2.71972549e-05,8.24861097e-06,8.09834216e-06,7.44821121e-04,7.65040525e-04,1.59586133e-02,5.09414003e-03,1.71505576e-02,0
0.985128,31.2979,5.05681224e-05,4.81777448e-05,3.19129431e-05,3.17134884e-05,3.03108265e-05,3.02422480e-05,9.98447493e-06,9.54734401e-06,7.01807038e-04,6.91773290e-04,1.61285182e-02,9.09034648e-04,8.51085270e-03,0
0.985128,35.0851,5.34313029e-05,5.10906871e-05,3.38272158e-05,3.48682536e-05,3.16826581e-05,3.30526509e-05,1.18528352e-05,1.11048358e-05,6.53299363e-04,6.16958486e-04,1.57927623e-02,4.74463140e-03,3.08251573e-02,0
0.985128,38.8723,5.59380991e-05,5.37089063e-05,3.53427227e-05,3.78399839e-05,3.25272808e-05,3.56192935e-05,1.38233154e-05,1.27722478e-05,6.00833494e-04,5.42733854e-04,1.50409617e-02,1.13815121e-02,4.92814339e-02,0
0.985128,42.6596,5.79615866e-05,5.58897928e-05,3.65293978e-05,4.06314752e-05,3.29023990e-05,3.79378974e-05,1.58691225e-05,1.45476019e-05,5.45683216e-04,4.71120679e-04,1.39789482e-02,1.86956184e-02,6.32456375e-02,0
0.985128,46.4468,5.93722759e-05,5.75024682e-05,3.74385703e-05,4.32492855e-05,3.28462852e-05,4.00088193e-05,1.79657479e-05,1.64254399e-05,4.88923302e-04,4.03944362e-04,1.26160933e-02,2.64829022e-02,7.20810672e-02,0
0.985128,50.2340,6.00678407e-05,5.84326383e-05,3.81621726e-05,4.57028166e-05,3.24511989e-05,4.18366379e-05,2.00816111e-05,1.83968250e-05,4.31993036e-04,3.42762960e-04,1.10331489e-02,3.43672217e-02,7.56869763e-02,0
0.985128,54.0213,5.99658077e-05,5.85868148e-05,3.87792681e-05,4.80032163e-05,3.18053699e-05,4.34295996e-05,2.21867095e-05,2.04494170e-05,3.76261133e-04,2.88806570e-04,9.30443473e-03,4.20390451e-02,7.41809466e-02,0
0.985128,57.8085,5.90042671e-05,5.78957521e-05,3.93544792e-05,5.01621677e-05,3.09922555e-05,4.47989471e-05,2.42539714e-05,2.25676186e-05,3.22999632e-04,2.42929992e-04,7.47944769e-03,4.92570962e-02,6.79168867e-02,0
0.985128,61.5957,5.71438158e-05,5.63169713e-05,3.99370756e-05,5.21906443e-05,3.00899957e-05,4.59581598e-05,2.62595157e-05,2.47327900e-05,2.73399148e-04,2.05580622e-04,5.57894117e-03,5.58468367e-02,5.75252145e-02,0
0.985128,65.3830,5.43726826e-05,5.38362834e-05,4.05624179e-05,5.40977187e-05,2.91710682e-05,4.69221358e-05,2.81843668e-05,2.69235275e-05,2.28573606e-04,1.76782862e-04,3.61922873e-03,6.16884554e-02,4.39300851e-02,0
0.985128,69.1702,5.07587019e-05,5.04682586e-05,4.12824839e-05,5.58895079e-05,2.83353000e-05,4.77063492e-05,3.00225624e-05,2.91159981e-05,1.89871704e-04,1.56139760e-04,1.95969835e-03,6.65729387e-02,2.86122011e-02,0
0.985128,72.9574,4.64511745e-05,4.62556330e-05,4.21115736e-05,5.75683328e-05,2.76176940e-05,4.83260164e-05,3.17906843e-05,3.12843263e-05,1.58339366e-04,1.42851831e-04,1.31937122e-03,7.04456897e-02,1.31368794e-02,0
0.985128,76.7447,4.14148135e-05,4.12676806e-05,4.29642031e-05,5.91321424e-05,2.69399322e-05,4.87953068e-05,3.34688333e-05,3.34010225e-05,1.35322653e-04,1.35752393e-04,9.92744662e-04,7.36869631e-02,3.64515361e-04,0
0.985128,80.5319,3.55606551e-05,3.55976226e-05,4.38147755e-05,6.05742349e-05,2.63131404e-05,4.91266262e-05,3.50336009e-05,3.54374454e-05,1.21502367e-04,1.33358058e-04,2.49429217e-04,7.63828739e-02,1.00562659e-02,0
0.985128,84.3191,2.90365997e-05,2.93591771e-05,4.47523942e-05,6.18832736e-05,2.58724659e-05,4.93300051e-05,3.65156446e-05,3.73642896e-05,1.17137891e-04,1.33932420e-04,2.17651671e-03,7.80756560e-02,1.42455008e-02,0
0.985128,88.1064,2.25963556e-05,2.26823913e-05,4.59638159e-05,6.30435760e-05,2.57666201e-05,4.94126137e-05,3.80624967e-05,3.91520891e-05,1.21956377e-04,1.35560467e-04,5.80506149e-04,7.78426751e-02,1.15392974e-02,0
0.985128,91.8936,1.62784163e-05,1.57089183e-05,4.73228633e-05,6.40356334e-05,2.57746311e-05,4.93784241e-05,3.96878039e-05,4.07717253e-05,1.30458989e-04,1.36230790e-04,3.84255625e-03,7.61700825e-02,4.89577239e-03,0
0.985128,95.6809,9.36061608e-06,8.58692601e-06,4.87798225e-05,6.48368078e-05,2.58419436e-05,4.92280329e-05,4.13722737e-05,4.21949336e-05,1.34059319e-04,1.33922368e-04,5.22029428e-03,7.31812794e-02,1.16164414e-04,0
0.985128,99.4681,1.88814345e-06,1.46583708e-06,5.03495446e-05,6.54221511e-05,2.61347945e-05,4.89586510e-05,4.30354407e-05,4.33947963e-05,1.26602900e-04,1.26692490e-04,2.84941428e-03,6.86948762e-02,7.59925467e-05,0
0.985128,103.2553,-5.35250760e-06,-5.50889828e-06,5.18243163e-05,6.57652955e-05,2.66077824e-05,4.85642599e-05,4.44723023e-05,4.43462147e-05,1.06223910e-04,1.12762337e-04,1.05520989e-03,6.35373749e-02,5.54604176e-03,0
0.985128,107.0426,-1.21852423e-05,-1.22007935e-05,5.30704275e-05,6.58393726e-05,2.71506779e-05,4.80359299e-05,4.55994624e-05,4.50263526e-05,7.28462644e-05,9.05968167e-05,1.04927883e-04,5.81957147e-02,1.50564216e-02,0
0.985128,110.8298,-1.86697554e-05,-1.84868917e-05,5.40540229e-05,6.56179259e-05,2.77377662e-05,4.73622854e-05,4.63945440e-05,4.54150429e-05,2.73040709e-05,5.89754632e-05,1.23383077e-03,5.27036179e-02,2.68643942e-02,0
0.985128,114.6170,-2.48053988e-05,-2.42617339e-05,5.47908930e-05,6.50757944e-05,2.84344190e-05,4.65300992e-05,4.68350912e-05,4.54951523e-05,-2.87864281e-05,1.70515360e-05,3.66825280e-03,4.68744427e-02,3.88808022e-02,0
0.985128,118.4043,-3.03886037e-05,-2.94405823e-05,5.52275324e-05,6.41899490e-05,2.92196890e-05,4.55249918e-05,4.68645933e-05,4.52528968e-05,-9.42038453e-05,-3.56030724e-05,6.39655449e-03,4.08470891e-02,4.97065065e-02,0
0.985128,122.1915,-3.52800260e-05,-3.39617803e-05,5.53157000e-05,6.29402711e-05,3.00337012e-05,4.43322070e-05,4.64521631e-05,4.46781059e-05,-1.67520843e-04,-9.89689841e-05,8.89455706e-03,3.47497278e-02,5.81472432e-02,0
0.985128,125.9787,-3.94366504e-05,-3.77881682e-05,5.50186158e-05,6.13102634e-05,3.07999162e-05,4.29374327e-05,4.55896177e-05,4.37644294e-05,-2.47149176e-04,-1.72567774e-04,1.11227517e-02,2.86747989e-02,6.32616388e-02,0
0.985128,129.7660,-4.28395425e-05,-4.09075093e-05,5.43047085e-05,5.92876859e-05,3.14365753e-05,4.13276331e-05,4.42802789e-05,4.25094864e-05,-3.31374186e-04,-2.55468261e-04,1.30359458e-02,2.27104062e-02,6.43851294e-02,0
0.985128,133.5532,-4.54887485e-05,-4.33319226e-05,5.31448166e-05,5.68651074e-05,3.18582684e-05,3.94918593e-05,4.25373044e-05,4.09149544e-05,-4.18369742e-04,-3.46310533e-04,1.45526825e-02,1.69555888e-02,6.11222584e-02,0
0.985128,137.3404,-4.74024062e-05,-4.50963544e-05,5.15106283e-05,5.40403655e-05,3.19765914e-05,3.74220038e-05,4.03836902e-05,3.89865969e-05,-5.06197349e-04,-4.43346874e-04,1.55595500e-02,1.15295243e-02,5.33112006e-02,0
0.985128,141.1277,-4.86177131e-05,-4.62561644e-05,4.93722550e-05,5.08169220e-05,3.17003281e-05,3.51134694e-05,3.78511395e-05,3.67342324e-05,-5.92839992e-04,-5.44498133e-04,1.59340021e-02,6.58421125e-03,4.10046624e-02,0
0.985128,144.9149,-4.92352870e-05,-4.68839317e-05,4.67122052e-05,4.72041055e-05,3.09635962e-05,3.25657234e-05,3.49755033e-05,3.41716436e-05,-6.76426908e-04,-6.47423433e-04,1.58652244e-02,2.24188335e-03,2.46014068e-02,0
0.985128,148.7021,-4.93371593e-05,-4.70656192e-05,4.35097577e-05,4.32172294e-05,2.96960496e-05,2.97827148e-05,3.18000575e-05,3.13164305e-05,-7.54999779e-04,-7.49600626e-04,1.53266896e-02,1.33322619e-03,4.57968465e-03,0
0.985128,152.4894,-4.89979653e-05,-4.68962602e-05,3.97295976e-05,3.88775789e-05,2.78071775e-05,2.67731352e-05,2.83760780e-05,2.81898097e-05,-8.26475143e-04,-8.48414463e-04,1.41807678e-02,3.88315844e-03,1.86094290e-02,0
0.985128,156.2766,-4.83106699e-05,-4.64753467e-05,3.53163963e-05,3.42122577e-05,2.51811505e-05,2.35505135e-05,2.47620174e-05,2.48163634e-05,-8.88654235e-04,-9.41249132e-04,1.23834172e-02,5.03221939e-03,4.46121865e-02,0
0.985128,160.0638,-4.74560505e-05,-4.59021143e-05,3.02612104e-05,2.92538958e-05,2.17872980e-05,2.01331359e-05,2.10012976e-05,2.12237428e-05,-9.40119675e-04,-1.02558166e-03,1.04848244e-02,4.59093474e-03,7.24907983e-02,0
0.985128,163.8511,-4.67503647e-05,-4.52709158e-05,2.48111294e-05,2.40402166e-05,1.79890308e-05,1.65437955e-05,1.70876245e-05,1.74423290e-05,-9.82340812e-04,-1.09907262e-03,9.98223797e-03,3.51351040e-03,9.90145684e-02,0
0.985128,167.6383,-4.62449216e-05,-4.46668785e-05,1.91542052e-05,1.86134720e-05,1.39949741e-05,1.28093769e-05,1.30776250e-05,1.35048585e-05,-1.01561650e-03,-1.15965064e-03,1.06474798e-02,2.46444419e-03,1.22173027e-01,0
0.985128,171.4255,-4.58936247e-05,-4.41620203e-05,1.33884581e-05,1.30197562e-05,9.87631374e-06,8.96029202e-06,9.03931615e-06,9.44601606e-06,-1.03945650e-03,-1.20558761e-03,1.16835986e-02,1.68039464e-03,1.40916182e-01,0
0.985128,175.2128,-4.56449208e-05,-4.38119871e-05,7.56766176e-06,7.30821345e-06,5.65159462e-06,5.02978575e-06,5.03279076e-06,5.30200331e-06,-1.05405460e-03,-1.23556151e-03,1.23672956e-02,1.18246104e-03,1.53958284e-01,0
0.985128,179.0000,-4.55036402e-05,-4.36535430e-05,1.58965611e-06,1.53016055e-06,1.19128522e-06,1.05313772e-06,1.05254267e-06,1.11008659e-06,-1.06051440e-03,-1.24870464e-03,1.24831014e-02,2.71156826e-04,1.59627235e-01,0
0.986094,1.0000,3.83634511e-05,3.56472231e-05,1.25469547e-06,1.23389240e-06,1.23768225e-06,1.20476667e-06,2.05920791e-07,2.66510278e-07,8.35620868e-04,1.04299089e-03,1.83271186e-02,9.48120102e-05,1.75895963e-01,0
0.986094,4.7872,3.87496540e-05,3.60971761e-05,5.91632309e-06,5.88894353e-06,5.83318146e-06,5.74780615e-06,9.88368812e-07,1.28155393e-06,8.33422018e-04,1.03285748e-03,1.78969789e-02,1.24784984e-04,1.69165686e-01,0
0.986094,8.5745,3.95607700e-05,3.71160731e-05,1.04409047e-05,1.04740610e-05,1.02694200e-05,1.02141531e-05,1.88454380e-06,2.31884203e-06,8.27569963e-04,1.00978367e-03,1.64950251e-02,1.51112682e-04,1.54557808e-01,0
0.986094,12.3617,4.07838310e-05,3.86572682e-05,1.49547894e-05,1.49366462e-05,1.46611674e-05,1.45456225e-05,2.94888087e-06,3.39532993e-06,8.16370453e-04,9.74522149e-04,1.43484895e-02,8.26893890e-05,1.34147860e-01,0
0.986094,16.1489,4.24575336e-05,4.06497368e-05,1.93940701e-05,1.92286290e-05,1.89421785e-05,1.86881622e-05,4.16219038e-06,4.52689389e-06,7.99722398e-04,9.28216929e-04,1.21976901e-02,7.54014153e-04,1.08991980e-01,0
0.986094,19.9362,4.46098383e-05,4.30007259e-05,2.36841294e-05,2.33082276e-05,2.30360403e-05,2.25934684e-05,5.50262065e-06,5.72788444e-06,7.77832747e-04,8.72358131e-04,1.08571129e-02,1.71320924e-03,8.01785775e-02,0
0.986094,23.7234,4.72258872e-05,4.55992132e-05,2.77035851e-05,2.71414551e-05,2.68180074e-05,2.62203836e-05,6.94860489e-06,7.01071117e-06,7.50685891e-04,8.08723018e-04,1.09756053e-02,2.56196244e-03,4.92284090e-02,0
0.986094,27.5106,5.00787999e-05,4.83200440e-05,3.11189850e-05,3.07033012e-05,2.99273670e-05,2.95360226e-05,8.52900530e-06,8.38546795e-06,7.16520824e-04,7.39305715e-04,1.18667977e-02,1.89451957e-03,1.93266624e-02,0
0.986094,31.2979,5.28967474e-05,5.10285908e-05,3.37955148e-05,3.39785259e-05,3.21959645e-05,3.25165864e-05,1.02740784e-05,9.85960600e-06,6.74854356e-04,6.66238407e-04,1.26049535e-02,8.34091001e-04,7.30824301e-03,0
0.986094,35.0851,5.55221918e-05,5.35857595e-05,3.58781323e-05,3.69620110e-05,3.37576681e-05,3.51478328e-05,1.21515522e-05,1.14376616e-05,6.27455907e-04,5.91707133e-04,1.30656274e-02,4.93988316e-03,3.03229214e-02,0
0.986094,38.8723,5.78180381e-05,5.58531539e-05,3.74824606e-05,3.96586248e-05,3.47168681e-05,3.74251883e-05,1.41306023e-05,1.31210442e-05,5.75943727e-04,5.17865553e-04,1.32576005e-02,9.91808106e-03,4.92632265e-02,0
0.986094,42.6596,5.96624589e-05,5.76982052e-05,3.87013080e-05,4.20825726e-05,3.51560369e-05,3.93534975e-05,1.61816040e-05,1.49078889e-05,5.21772991e-04,4.46750125e-04,1.32533465e-02,1.54104437e-02,6.36360985e-02,0
0.986094,46.4468,6.09268093e-05,5.89990751e-05,3.95812816e-05,4.42562271e-05,3.51062018e-05,4.09464233e-05,1.82820253e-05,1.67929763e-05,4.65982867e-04,3.80200088e-04,1.30069393e-02,2.13065209e-02,7.27629019e-02,0
0.986094,50.2340,6.15045435e-05,5.96491489e-05,4.02135249e-05,4.62084636e-05,3.46536232e-05,4.22255222e-05,2.04023034e-05,1.87677220e-05,4.09973030e-04,3.19785449e-04,1.25188445e-02,2.73225189e-02,7.64991540e-02,0
0.986094,54.0213,6.13124303e-05,5.95609537e-05,4.06892111e-05,4.79725640e-05,3.38940605e-05,4.32190320e-05,2.25123203e-05,2.08202348e-05,3.55154617e-04,2.66745881e-04,1.18176823e-02,3.31945924e-02,7.49902980e-02,0
0.986094,57.8085,6.02881465e-05,5.86693573e-05,4.10855550e-05,4.95838013e-05,3.29179277e-05,4.39604230e-05,2.45852164e-05,2.29354433e-05,3.02844206e-04,2.21942974e-04,1.09224043e-02,3.87315876e-02,6.86222622e-02,0
0.986094,61.5957,5.83928054e-05,5.69339327e-05,4.14644648e-05,5.10768647e-05,3.18100473e-05,4.44867692e-05,2.65974197e-05,2.50952878e-05,2.54274393e-04,1.85827810e-04,9.84340523e-03,4.38094512e-02,5.80579463e-02,0
0.986094,65.3830,5.56170872e-05,5.43404036e-05,4.18731396e-05,5.24833256e-05,3.06480344e-05,4.48370051e-05,2.85316983e-05,2.72789742e-05,2.10598392e-04,1.58425160e-04,8.61412630e-03,4.83569591e-02,4.42545206e-02,0
0.986094,69.1702,5.20288536e-05,5.09011256e-05,4.23641211e-05,5.38293611e-05,2.95203456e-05,4.50501386e-05,3.03853246e-05,2.94632845e-05,1.73043655e-04,1.39335015e-04,7.60908359e-03,5.22539516e-02,2.85924344e-02,0
0.986094,72.9574,4.77773837e-05,4.66545886e-05,4.29602658e-05,5.51339371e-05,2.84707250e-05,4.51634898e-05,3.21714510e-05,3.16229379e-05,1.43086642e-04,1.27751416e-04,7.57579950e-03,5.54826959e-02,1.30076873e-02,0
0.986094,76.7447,4.27540033e-05,4.16639709e-05,4.35790664e-05,5.64075979e-05,2.74404139e-05,4.52110274e-05,3.38549659e-05,3.37309962e-05,1.22055198e-04,1.22497903e-04,7.35474061e-03,5.84672852e-02,3.75512472e-04,0
0.986094,80.5319,3.68903068e-05,3.60148042e-05,4.42271896e-05,5.76519304e-05,2.64848701e-05,4.52218669e-05,3.54202761e-05,3.57593042e-05,1.10369047e-04,1.22078228e-04,5.90725084e-03,6.11845677e-02,9.93199319e-03,0
0.986094,84.3191,3.01724484e-05,2.98118481e-05,4.49655548e-05,5.88596743e-05,2.57332938e-05,4.52189924e-05,3.68740927e-05,3.76789595e-05,1.07882362e-04,1.24740352e-04,2.43306716e-03,6.33238070e-02,1.42993301e-02,0
0.986094,88.1064,2.32902681e-05,2.31752992e-05,4.60350574e-05,6.00153723e-05,2.54285948e-05,4.52182507e-05,3.83746410e-05,3.94607997e-05,1.14540418e-04,1.28551262e-04,7.75725740e-04,6.37166508e-02,1.18843163e-02,0
0.986094,91.8936,1.65782532e-05,1.62364854e-05,4.74154578e-05,6.10964057e-05,2.54605870e-05,4.52276590e-05,3.99998018e-05,4.10759011e-05,1.25578378e-04,1.31479637e-04,2.30599869e-03,6.23522567e-02,5.00558153e-03,0
0.986094,95.6809,9.19577449e-06,9.13321463e-06,4.90400933e-05,6.20742497e-05,2.57598626e-05,4.52470530e-05,4.17296085e-05,4.24960783e-05,1.31507583e-04,1.31483146e-04,4.22108192e-04,5.94044413e-02,2.07283702e-05,0
0.986094,99.4681,1.48908092e-06,2.00495965e-06,5.08199446e-05,6.29158045e-05,2.64134135e-05,4.52680901e-05,4.34165677e-05,4.36943757e-05,1.26391554e-04,1.26596914e-04,3.48077201e-03,5.51280631e-02,1.74190579e-04,0
0.986094,103.2553,-5.81964120e-06,-5.01193532e-06,5.24982571e-05,6.35847037e-05,2.72952055e-05,4.52746066e-05,4.48446067e-05,4.46455434e-05,1.08534200e-04,1.15019653e-04,5.44980808e-03,5.05275638e-02,5.50110862e-03,0
0.986094,107.0426,-1.27199149e-05,-1.17888420e-05,5.39544672e-05,6.40425496e-05,2.82649818e-05,4.52433155e-05,4.59584088e-05,4.53264885e-05,7.76947192e-05,9.51940404e-05,6.28219842e-03,4.59774208e-02,1.48433217e-02,0
0.986094,110.8298,-1.92491942e-05,-1.82090559e-05,5.51278007e-05,6.42500639e-05,2.92501407e-05,4.51448176e-05,4.67279753e-05,4.57166944e-05,3.44298299e-05,6.58781281e-05,7.01809187e-03,4.15756057e-02,2.66751608e-02,0
0.986094,114.6170,-2.54772615e-05,-2.41714653e-05,5.60412109e-05,6.41681743e-05,3.02960162e-05,4.49448853e-05,4.71462481e-05,4.57986012e-05,-1.96930613e-05,2.62049076e-05,8.81055710e-03,3.70394296e-02,3.89316997e-02,0
0.986094,118.4043,-3.11866203e-05,-2.95935484e-05,5.66546686e-05,6.37590651e-05,3.13986335e-05,4.46059678e-05,4.71580034e-05,4.55579413e-05,-8.32327411e-05,-2.42723799e-05,1.07488834e-02,3.23789812e-02,5.00115174e-02,0
0.986094,122.1915,-3.62467088e-05,-3.44135881e-05,5.69130490e-05,6.29872213e-05,3.24851060e-05,4.40888600e-05,4.67312854e-05,4.49840246e-05,-1.54726409e-04,-8.55510631e-05,1.23685570e-02,2.76836333e-02,5.86760998e-02,0
0.986094,125.9787,-4.06093162e-05,-3.85920299e-05,5.67728951e-05,6.18204808e-05,3.34716732e-05,4.33544658e-05,4.58563923e-05,4.40699686e-05,-2.32559582e-04,-1.57167234e-04,1.36111712e-02,2.30048648e-02,6.39495018e-02,0
0.986094,129.7660,-4.42515273e-05,-4.21119416e-05,5.61948104e-05,6.02310978e-05,3.42691691e-05,4.23655895e-05,4.45362859e-05,4.28128715e-05,-3.14996205e-04,-2.38201889e-04,1.44363583e-02,1.83957744e-02,6.51386832e-02,0
0.986094,133.5532,-4.71703852e-05,-4.49785675e-05,5.51403973e-05,5.81967965e-05,3.47849328e-05,4.10886798e-05,4.27840141e-05,4.12139238e-05,-4.00187849e-04,-3.27304886e-04,1.47887815e-02,1.39298377e-02,6.18209852e-02,0
0.986094,137.3404,-4.93808934e-05,-4.72180098e-05,5.35707188e-05,5.57017835e-05,3.49231367e-05,3.94954604e-05,4.06226099e-05,3.92784584e-05,-4.86177037e-04,-4.22735906e-04,1.45935554e-02,9.71253558e-03,5.38122084e-02,0
0.986094,141.1277,-5.09294257e-05,-4.88751003e-05,5.14476130e-05,5.27376754e-05,3.45913944e-05,3.75643804e-05,3.80827036e-05,3.70159389e-05,-5.70954270e-04,-5.22420932e-04,1.38610841e-02,5.87958560e-03,4.11670798e-02,0
0.986094,144.9149,-5.19174306e-05,-5.00105607e-05,4.87480188e-05,4.93042890e-05,3.37254628e-05,3.52818249e-05,3.51988991e-05,3.44398859e-05,-6.52661722e-04,-6.24022151e-04,1.28661626e-02,2.53525564e-03,2.42927348e-02,0
0.986094,148.7021,-5.24054475e-05,-5.06975755e-05,4.54368351e-05,4.54102459e-05,3.22413311e-05,3.26430402e-05,3.20156610e-05,3.15677423e-05,-7.29256593e-04,-7.25018664e-04,1.15234702e-02,1.21182947e-04,3.59470817e-03,0
0.986094,152.4894,-5.24655514e-05,-5.10179260e-05,4.14658607e-05,4.10733449e-05,3.00390701e-05,2.96527313e-05,2.85844690e-05,2.84206824e-05,-7.98595128e-04,-8.22794959e-04,9.76751659e-03,1.78892924e-03,2.05268463e-02,0
0.986094,156.2766,-5.21910885e-05,-5.10578482e-05,3.67662546e-05,3.63206653e-05,2.69917989e-05,2.63253105e-05,2.49639795e-05,2.50233642e-05,-8.58429151e-04,-9.14733796e-04,7.64627572e-03,2.03081678e-03,4.77588780e-02,0
0.986094,160.0638,-5.18540514e-05,-5.09037911e-05,3.14408222e-05,3.11883769e-05,2.32495884e-05,2.26847824e-05,2.11655838e-05,2.14036329e-05,-9.08613274e-04,-9.98309961e-04,6.41166060e-03,1.15054392e-03,7.60827668e-02,0
0.986094,163.8511,-5.16767869e-05,-5.06382511e-05,2.57525166e-05,2.57212459e-05,1.91608760e-05,1.87642698e-05,1.72061892e-05,1.75921764e-05,-9.50351017e-04,-1.07118133e-03,7.00727973e-03,1.42519393e-04,1.02491017e-01,0
0.986094,167.6383,-5.16372122e-05,-5.03358567e-05,1.98411440e-05,1.99718418e-05,1.48560095e-05,1.46051956e-05,1.31518052e-05,1.36221411e-05,-9.83282150e-04,-1.13127375e-03,8.78059442e-03,5.95667798e-04,1.25529839e-01,0
0.986094,171.4255,-5.16759493e-05,-5.00598671e-05,1.38145004e-05,1.39994639e-05,1.04176518e-05,1.02561519e-05,9.07264864e-06,9.52871124e-06,-1.00688703e-03,-1.17685651e-03,1.09041399e-02,8.42989289e-04,1.44171976e-01,0
0.986094,175.2128,-5.17230736e-05,-4.98592273e-05,7.77392974e-06,7.86882139e-06,5.91906539e-06,5.77149777e-06,5.03970718e-06,5.34865997e-06,-1.02099152e-03,-1.20660545e-03,1.25758706e-02,4.32477963e-04,1.57441953e-01,0
0.986094,179.0000,-5.17136808e-05,-4.97663038e-05,1.64050796e-06,1.64851145e-06,1.25579124e-06,1.20973769e-06,1.05558264e-06,1.11987711e-06,-1.02680471e-03,-1.21965142e-03,1.31394747e-02,3.64767233e-05,1.63576957e-01,0
0.987060,1.0000,4.32585972e-05,4.04974429e-05,1.28270563e-06,1.37175798e-06,1.26552439e-06,1.34317080e-06,2.09240876e-07,2.78589599e-07,8.01691067e-04,1.01170488e-03,1.86302485e-02,4.05864812e-04,1.78138482e-01,0
0.987060,4.7872,4.35092954e-05,4.08939160e-05,6.02460929e-06,6.54109097e-06,5.94099675e-06,6.40254976e-06,1.00023734e-06,1.33911447e-06,8.00175919e-04,1.00164376e-03,1.76466658e-02,2.35391571e-03,1.70889602e-01,0
0.987060,8.5745,4.40655814e-05,4.17911038e-05,1.07710813e-05,1.16100200e-05,1.05945528e-05,1.13548253e-05,1.94207172e-06,2.42084846e-06,7.94240139e-04,9.78736657e-04,1.53465101e-02,3.82354515e-03,1.56494136e-01,0
0.987060,12.3617,4.49643023e-05,4.31464836e-05,1.55218112e-05,1.65031833e-05,1.52175329e-05,1.61190484e-05,3.05831899e-06,3.53996327e-06,7.82930419e-04,9.43735672e-04,1.22653095e-02,4.47269940e-03,1.36398668e-01,0
0.987060,16.1489,4.62583835e-05,4.48952967e-05,2.01931106e-05,2.11519845e-05,1.97243861e-05,2.06205522e-05,4.32554138e-06,4.71161053e-06,7.66255898e-04,8.97784014e-04,9.19711187e-03,4.37016123e-03,1.11565134e-01,0
0.987060,19.9362,4.79870534e-05,4.69529489e-05,2.47026272e-05,2.54972427e-05,2.40311719e-05,2.47934035e-05,5.72036409e-06,5.94949809e-06,7.44435134e-04,8.42370748e-04,6.97738042e-03,3.62153775e-03,8.30712122e-02,0
0.987060,23.7234,5.01709232e-05,4.92181451e-05,2.89628721e-05,2.94914856e-05,2.80490044e-05,2.85825174e-05,7.21812403e-06,7.26549498e-06,7.17745004e-04,7.79271920e-04,6.42864923e-03,2.40920751e-03,5.21885278e-02,0
0.987060,27.5106,5.26798741e-05,5.15766389e-05,3.27212252e-05,3.31007858e-05,3.15113388e-05,3.19453554e-05,8.81556057e-06,8.66927273e-06,6.85220135e-04,7.10480347e-04,7.44382417e-03,1.72988456e-03,2.14262849e-02,0
0.987060,31.2979,5.52086015e-05,5.39054575e-05,3.56851352e-05,3.63060520e-05,3.40848724e-05,3.48531403e-05,1.05664729e-05,1.01679903e-05,6.45301284e-04,6.38126877e-04,8.79266174e-03,2.82988908e-03,6.08549495e-03,0
0.987060,35.0851,5.75761030e-05,5.60774445e-05,3.79565840e-05,3.91036915e-05,3.58566724e-05,3.72915441e-05,1.24499525e-05,1.17660286e-05,5.99394424e-04,5.64396267e-04,1.01118503e-02,5.22805446e-03,2.96862319e-02,0
0.987060,38.8723,5.96439700e-05,5.79659492e-05,3.96634051e-05,4.15055717e-05,3.69436143e-05,3.92608222e-05,1.44345096e-05,1.34647810e-05,5.49198029e-04,4.91441014e-04,1.13220562e-02,8.39585426e-03,4.89908113e-02,0
0.987060,42.6596,6.12914748e-05,5.94494888e-05,4.09133395e-05,4.35382183e-05,3.74432664e-05,4.07753908e-05,1.64894861e-05,1.52625017e-05,4.96263455e-04,4.21296595e-04,1.24283736e-02,1.19631415e-02,6.35885935e-02,0
0.987060,46.4468,6.23984656e-05,6.04162108e-05,4.17713091e-05,4.52412067e-05,3.74062761e-05,4.18628663e-05,1.85906635e-05,1.71542184e-05,4.41784636e-04,3.55801483e-04,1.33748042e-02,1.58143973e-02,7.29328631e-02,0
0.987060,50.2340,6.28510101e-05,6.07679904e-05,4.23132409e-05,4.66647365e-05,3.68971924e-05,4.25626053e-05,2.07124974e-05,1.91317083e-05,3.87002879e-04,2.96525169e-04,1.40546917e-02,1.98323662e-02,7.67452479e-02,0
0.987060,54.0213,6.25653401e-05,6.04240122e-05,4.26430794e-05,4.78664316e-05,3.60200542e-05,4.29238037e-05,2.28251598e-05,2.11835397e-05,3.33372673e-04,2.44707048e-04,1.44481130e-02,2.38059379e-02,7.52081968e-02,0
0.987060,57.8085,6.14788738e-05,5.93237071e-05,4.28510230e-05,4.89074980e-05,3.48727336e-05,4.30032329e-05,2.49018598e-05,2.32951780e-05,2.82256153e-04,2.01208654e-04,1.45414876e-02,2.76029764e-02,6.87463292e-02,0
0.987060,61.5957,5.95544234e-05,5.74289387e-05,4.30133947e-05,4.98484763e-05,3.35475241e-05,4.28627006e-05,2.69205450e-05,2.54491551e-05,2.34928237e-04,1.66481171e-04,1.43412145e-02,3.11515525e-02,5.80583561e-02,0
0.987060,65.3830,5.67886819e-05,5.47253641e-05,4.31910946e-05,5.07449536e-05,3.21284793e-05,4.25663391e-05,2.88657492e-05,2.76252980e-05,1.92580544e-04,1.40549559e-04,1.39217583e-02,3.44274502e-02,4.41338628e-02,0
0.987060,69.1702,5.32695469e-05,5.12229235e-05,4.34422521e-05,5.16436801e-05,3.06951866e-05,4.21778287e-05,3.07414180e-05,2.98010145e-05,1.56360205e-04,1.23013969e-04,1.38091169e-02,3.73788096e-02,2.82850345e-02,0
0.987060,72.9574,4.90551867e-05,4.69554491e-05,4.37693550e-05,5.25795504e-05,2.92744088e-05,4.17576645e-05,3.25386758e-05,3.19516287e-05,1.28154857e-04,1.13068442e-04,1.41674922e-02,4.01533263e-02,1.27966392e-02,0
0.987060,76.7447,4.40460550e-05,4.19794154e-05,4.41394920e-05,5.35737975e-05,2.78724716e-05,4.13605774e-05,3.42260147e-05,3.40507623e-05,1.09115645e-04,1.09536208e-04,1.39441714e-02,4.29977688e-02,3.56730824e-04,0
0.987060,80.5319,3.81761352e-05,3.63718861e-05,4.45800718e-05,5.46335389e-05,2.65769921e-05,4.10332096e-05,3.57917070e-05,3.60707539e-05,9.94909420e-05,1.10920219e-04,1.21737524e-02,4.58196588e-02,9.69457261e-03,0
0.987060,84.3191,3.13802265e-05,3.02277427e-05,4.51508712e-05,5.57525528e-05,2.55318650e-05,4.08121378e-05,3.72387573e-05,3.79831087e-05,9.89422091e-05,1.15466982e-04,7.77611687e-03,4.83181994e-02,1.40166875e-02,0
0.987060,88.1064,2.40307539e-05,2.36563081e-05,4.60546475e-05,5.69129450e-05,2.49938152e-05,4.07223217e-05,3.86825511e-05,3.97589717e-05,1.07025627e-04,1.21241172e-04,2.52648601e-03,4.94877520e-02,1.20579480e-02,0
0.987060,91.8936,1.68257494e-05,1.67774981e-05,4.74557866e-05,5.80872657e-05,2.50443513e-05,4.07760396e-05,4.03092067e-05,4.13696148e-05,1.20126446e-04,1.26208134e-04,3.25564576e-04,4.84540048e-02,5.15862533e-03,0
0.987060,95.6809,8.95379078e-06,9.71765313e-06,4.92653249e-05,5.92406551e-05,2.55926545e-05,4.09723541e-05,4.20961788e-05,4.27869304e-05,1.28057256e-04,1.28321001e-04,5.15398398e-03,4.54635420e-02,2.23714575e-04,0
0.987060,99.4681,1.13204209e-06,2.60521240e-06,5.12363337e-05,6.03327288e-05,2.66117916e-05,4.12971283e-05,4.37832667e-05,4.39839216e-05,1.25171340e-04,1.25609012e-04,9.93987492e-03,4.14577090e-02,3.71243634e-04,0
0.987060,103.2553,-6.24191876e-06,-4.43360329e-06,5.31261769e-05,6.13190729e-05,2.79118726e-05,4.17235927e-05,4.52030756e-05,4.49351813e-05,1.09807867e-04,1.16263519e-04,1.22011892e-02,3.73399239e-02,5.47583083e-03,0
0.987060,107.0426,-1.32089046e-05,-1.12789346e-05,5.48105484e-05,6.21523730e-05,2.93258103e-05,4.22134414e-05,4.63054324e-05,4.56173523e-05,8.15788713e-05,9.87182694e-05,1.30220248e-02,3.34610827e-02,1.45380267e-02,0
0.987060,110.8298,-1.98023171e-05,-1.78210963e-05,5.62108673e-05,6.27832967e-05,3.07461195e-05,4.27184134e-05,4.70567502e-05,4.60095588e-05,4.08514456e-05,7.17207614e-05,1.33678279e-02,2.99544890e-02,2.61840547e-02,0
0.987060,114.6170,-2.60750997e-05,-2.39639178e-05,5.73203855e-05,6.31612981e-05,3.21644093e-05,4.31822977e-05,4.74455200e-05,4.60938038e-05,-1.10986736e-05,3.43918021e-05,1.42447105e-02,2.66205298e-02,3.85860546e-02,0
0.987060,118.4043,-3.18958883e-05,-2.96274889e-05,5.81327639e-05,6.32354986e-05,3.36014010e-05,4.35432837e-05,4.74380026e-05,4.58553239e-05,-7.24959479e-05,-1.37291476e-05,1.53054990e-02,2.32562118e-02,4.98473347e-02,0
0.987060,122.1915,-3.71191232e-05,-3.47502137e-05,5.85826239e-05,6.29557602e-05,3.49742522e-05,4.37365637e-05,4.69970797e-05,4.52828968e-05,-1.41849952e-04,-7.26547058e-05,1.59836674e-02,1.99309962e-02,5.86929791e-02,0
0.987060,125.9787,-4.16875308e-05,-3.92901035e-05,5.86182734e-05,6.22740060e-05,3.61916997e-05,4.36970845e-05,4.61114178e-05,4.43690954e-05,-2.17529785e-04,-1.41937626e-04,1.61760846e-02,1.66613584e-02,6.41189858e-02,0
0.987060,129.7660,-4.55729616e-05,-4.32252695e-05,5.81901086e-05,6.11457807e-05,3.71565004e-05,4.33623414e-05,4.47826218e-05,4.31104841e-05,-2.97781616e-04,-2.20676752e-04,1.58405081e-02,1.34707643e-02,6.54020964e-02,0
0.987060,133.5532,-4.87691028e-05,-4.65536101e-05,5.72491290e-05,5.95319913e-05,3.77681964e-05,4.26751015e-05,4.30235530e-05,4.15077547e-05,-3.80736858e-04,-3.07540744e-04,1.49485229e-02,1.04043679e-02,6.20866067e-02,0
0.987060,137.3404,-5.12876330e-05,-4.92917180e-05,5.57444013e-05,5.74007293e-05,3.79229245e-05,4.15859503e-05,4.08569465e-05,3.95657991e-05,-4.64421198e-04,-4.00808768e-04,1.34669737e-02,7.54887639e-03,5.39575079e-02,0
0.987060,141.1277,-5.31962596e-05,-5.14730642e-05,5.36335464e-05,5.47290531e-05,3.75337648e-05,4.00555609e-05,3.83115361e-05,3.72937166e-05,-5.46890171e-04,-4.98426662e-04,1.16268615e-02,4.99287896e-03,4.11078493e-02,0
0.987060,144.9149,-5.45723235e-05,-5.31455443e-05,5.08813737e-05,5.15046064e-05,3.65264091e-05,3.80565928e-05,3.54222477e-05,3.47047580e-05,-6.26221961e-04,-5.98076505e-04,9.62686197e-03,2.84044399e-03,2.38736151e-02,0
0.987060,148.7021,-5.54670212e-05,-5.43684974e-05,4.74396186e-05,4.77269523e-05,3.48065600e-05,3.55751480e-05,3.22338455e-05,3.18162038e-05,-7.00330553e-04,-6.97256968e-04,7.41203415e-03,1.30955139e-03,2.60708509e-03,0
0.987060,152.4894,-5.59498161e-05,-5.52093284e-05,4.32464578e-05,4.34085252e-05,3.22632699e-05,3.26117221e-05,2.87982209e-05,2.86491823e-05,-7.67017462e-04,-7.93371421e-04,4.99626885e-03,7.38638057e-04,2.23540266e-02,0
0.987060,156.2766,-5.61460230e-05,-5.57398795e-05,3.82545182e-05,3.85751227e-05,2.88126340e-05,2.91816142e-05,2.51642660e-05,2.52284262e-05,-8.24381237e-04,-8.83820450e-04,2.74035916e-03,1.46118657e-03,5.04176905e-02,0
0.987060,160.0638,-5.63772138e-05,-5.60327058e-05,3.26767767e-05,3.32658911e-05,2.47608733e-05,2.53147753e-05,2.13230131e-05,2.15819755e-05,-8.73291607e-04,-9.66095255e-04,2.32448800e-03,2.68494681e-03,7.87181611e-02,0
0.987060,163.8511,-5.67402397e-05,-5.61574131e-05,2.67414454e-05,2.75327847e-05,2.03751964e-05,2.10551005e-05,1.73192457e-05,1.77408279e-05,-9.14252825e-04,-1.03786838e-03,3.93248731e-03,3.60660619e-03,1.04853517e-01,0
0.987060,167.6383,-5.71754153e-05,-5.61772117e-05,2.05654497e-05,2.14395087e-05,1.57517963e-05,1.64591898e-05,1.32218999e-05,1.37385445e-05,-9.46626026e-04,-1.09707827e-03,6.73514717e-03,3.98360920e-03,1.27617007e-01,0
0.987060,171.4255,-5.76104637e-05,-5.61458312e-05,1.42645033e-05,1.50599828e-05,1.09827348e-05,1.15946239e-05,9.10250464e-06,9.61081566e-06,-9.69892338e-04,-1.14200449e-03,9.88226800e-03,3.62547521e-03,1.45989435e-01,0
0.987060,175.2128,-5.79606030e-05,-5.61049249e-05,7.95853086e-06,8.47638237e-06,6.16252295e-06,6.53782078e-06,5.03602267e-06,5.39499375e-06,-9.83782507e-04,-1.17133063e-03,1.25207575e-02,2.36015888e-03,1.59082578e-01,0
0.987060,179.0000,-5.81101373e-05,-5.60820724e-05,1.68402669e-06,1.77683911e-06,1.31209091e-06,1.37155359e-06,1.05563409e-06,1.12960081e-06,-9.88793223e-04,-1.18419255e-03,1.36838978e-02,4.23001691e-04,1.65742150e-01,0
0.988025,1.0000,4.82864188e-05,4.55297295e-05,1.28130131e-06,1.51448244e-06,1.26474888e-06,1.48634670e-06,2.05288361e-07,2.90569400e-07,7.65041965e-04,9.74968960e-04,1.86001211e-02,1.06274582e-03,1.78064845e-01,0
0.988025,4.7872,4.83828090e-05,4.58683950e-05,6.14390470e-06,7.21615004e-06,6.06025628e-06,7.07979214e-06,1.01037559e-06,1.39619649e-06,7.63759484e-04,9.65058221e-04,1.69654255e-02,4.88686287e-03,1.70746161e-01,0
0.988025,8.5745,4.86849774e-05,4.66340425e-05,1.11246184e-05,1.27855861e-05,1.09437411e-05,1.25343840e-05,1.99791497e-06,2.52198922e-06,7.57592872e-04,9.42495349e-04,1.38382078e-02,7.57002271e-03,1.56838481e-01,0
0.988025,12.3617,4.92570880e-05,4.77886476e-05,1.61158698e-05,1.81236423e-05,1.58022018e-05,1.77454076e-05,3.16412322e-06,3.68332976e-06,7.46229567e-04,9.08025593e-04,9.90796120e-03,9.15061946e-03,1.37239064e-01,0
0.988025,16.1489,5.01654871e-05,4.92742879e-05,2.10223145e-05,2.31402574e-05,2.05386735e-05,2.26166756e-05,4.48336906e-06,4.89463990e-06,7.29676343e-04,8.62781721e-04,6.01315980e-03,9.65273170e-03,1.12903005e-01,0
0.988025,19.9362,5.14612186e-05,5.10152717e-05,2.57549733e-05,2.77580331e-05,2.50627991e-05,2.70638519e-05,5.93083069e-06,6.16898086e-06,7.08129265e-04,8.08239231e-04,3.00892311e-03,9.12914082e-03,8.49155467e-02,0
0.988025,23.7234,5.31804115e-05,5.29209182e-05,3.02287917e-05,3.19153476e-05,2.92886082e-05,3.10173166e-05,7.48045964e-06,7.51767843e-06,6.81901328e-04,7.46158015e-04,1.75087108e-03,7.68664358e-03,5.45039812e-02,0
0.988025,27.5106,5.52878796e-05,5.48888853e-05,3.42866121e-05,3.55688851e-05,3.30542451e-05,3.44244598e-05,9.10981086e-06,8.94998076e-06,6.50833439e-04,6.78512814e-04,2.69212159e-03,5.84408442e-03,2.34782749e-02,0
0.988025,31.2979,5.75034180e-05,5.68089216e-05,3.75720250e-05,3.86954681e-05,3.59673399e-05,3.72513175e-05,1.08631266e-05,1.04727552e-05,6.13088920e-04,6.07415215e-04,4.68595339e-03,5.12020186e-03,4.81256594e-03,0
0.988025,35.0851,5.95924660e-05,5.85669027e-05,4.00568956e-05,4.12930892e-05,3.79738402e-05,3.94834846e-05,1.27492096e-05,1.20902300e-05,5.69083342e-04,5.35030301e-04,6.91975033e-03,5.63407331e-03,2.88845628e-02,0
0.988025,38.8723,6.14151075e-05,6.00490031e-05,4.18828133e-05,4.33810433e-05,3.92048388e-05,4.11262738e-05,1.47360329e-05,1.38037864e-05,5.20586418e-04,4.63491282e-04,9.21747238e-03,6.82832956e-03,4.84293904e-02,0
0.988025,42.6596,6.28501053e-05,6.11458491e-05,4.31687248e-05,4.49990620e-05,3.97685436e-05,4.22041131e-05,1.67929076e-05,1.56118039e-05,4.69206184e-04,3.94815502e-04,1.14990736e-02,8.34194064e-03,6.30998654e-02,0
0.988025,46.4468,6.37868888e-05,6.17565002e-05,4.40079724e-05,4.62053537e-05,3.97464393e-05,4.27592078e-05,1.88923847e-05,1.75095648e-05,4.16352871e-04,3.30825175e-04,1.36995759e-02,1.00147801e-02,7.25465341e-02,0
0.988025,50.2340,6.41075989e-05,6.17921143e-05,4.44623966e-05,4.70734653e-05,3.91836407e-05,4.28495223e-05,2.10130201e-05,1.94892168e-05,3.63127585e-04,2.73076034e-04,1.56231951e-02,1.19002007e-02,7.63837709e-02,0
0.988025,54.0213,6.37258507e-05,6.11791624e-05,4.46429195e-05,4.76879294e-05,3.81860390e-05,4.25461601e-05,2.31261041e-05,2.15397974e-05,3.10977592e-04,2.22796738e-04,1.71831891e-02,1.38779298e-02,7.47970031e-02,0
0.988025,57.8085,6.25796249e-05,5.98620785e-05,4.46540083e-05,4.81387721e-05,3.68599682e-05,4.19302475e-05,2.52056184e-05,2.36473196e-05,2.61311848e-04,1.80841488e-04,1.83360142e-02,1.58821514e-02,6.82567869e-02,0
0.988025,61.5957,6.06342162e-05,5.78052518e-05,4.45865113e-05,4.85151552e-05,3.53052847e-05,4.10894452e-05,2.72303850e-05,2.57949175e-05,2.15438416e-04,1.47657763e-04,1.90877807e-02,1.79051782e-02,5.74930898e-02,0
0.988025,65.3830,5.78991612e-05,5.49942923e-05,4.45179889e-05,4.88987034e-05,3.36139823e-05,4.01142243e-05,2.91882087e-05,2.79630506e-05,1.74590653e-04,1.23270508e-04,1.95999295e-02,1.99655343e-02,4.35309124e-02,0
0.988025,69.1702,5.44720514e-05,5.14365294e-05,4.45076042e-05,4.93573476e-05,3.18521102e-05,3.90940554e-05,3.10864907e-05,3.01297626e-05,1.40002831e-04,1.07283440e-04,2.04814805e-02,2.21031794e-02,2.77533305e-02,0
0.988025,72.9574,5.02895253e-05,4.71607348e-05,4.45377745e-05,4.99406458e-05,3.00294271e-05,3.81136612e-05,3.28914406e-05,3.22709921e-05,1.13643129e-04,9.88974639e-05,2.11107883e-02,2.46241137e-02,1.25076080e-02,0
0.988025,76.7447,4.52965479e-05,4.22160854e-05,4.46454164e-05,5.06773844e-05,2.82370775e-05,3.72494810e-05,3.45815075e-05,3.43609292e-05,9.65779716e-05,9.69455367e-05,2.07847065e-02,2.74912836e-02,3.11777080e-04,0
0.988025,80.5319,3.94222284e-05,3.66704149e-05,4.48745232e-05,5.15757727e-05,2.65901748e-05,3.65664862e-05,3.61481042e-05,3.63724129e-05,8.89207713e-05,9.99426190e-05,1.85672235e-02,3.05415994e-02,9.34898156e-03,0
0.988025,84.3191,3.25879954e-05,3.06078277e-05,4.52923191e-05,5.26258858e-05,2.52553803e-05,3.61154741e-05,3.75973395e-05,3.82773613e-05,9.02147690e-05,1.06148797e-04,1.33607223e-02,3.34234465e-02,1.35156042e-02,0
0.988025,88.1064,2.48497383e-05,2.41257720e-05,4.60420453e-05,5.38034709e-05,2.44792843e-05,3.59309459e-05,3.89953148e-05,4.00472297e-05,9.95211962e-05,1.13643103e-04,4.88479450e-03,3.53734552e-02,1.19785223e-02,0
0.988025,91.8936,1.69888638e-05,1.73316883e-05,4.74621462e-05,5.50740312e-05,2.45395672e-05,3.60296537e-05,4.06259149e-05,4.16534868e-05,1.14054540e-04,1.20405150e-04,2.31312881e-03,3.46919093e-02,5.38673202e-03,0
0.988025,95.6809,8.70885989e-06,1.03393666e-05,4.94461279e-05,5.63962797e-05,2.53426002e-05,3.64098752e-05,4.24578872e-05,4.30681013e-05,1.23698491e-04,1.24401359e-04,1.10014657e-02,3.16759955e-02,5.96188693e-04,0
0.988025,99.4681,8.12357795e-07,3.26515206e-06,5.15989015e-05,5.77244653e-05,2.67296354e-05,3.70514427e-05,4.41358497e-05,4.42640315e-05,1.22901813e-04,1.23672387e-04,1.65496604e-02,2.79178556e-02,6.53618001e-04,0
0.988025,103.2553,-6.62542583e-06,-3.77585298e-06,5.37064007e-05,5.90095203e-05,2.84570533e-05,3.79165299e-05,4.55474873e-05,4.52157080e-05,1.09982831e-04,1.16418294e-04,1.92268318e-02,2.41694856e-02,5.45870580e-03,0
0.988025,107.0426,-1.36575234e-05,-1.06734486e-05,5.56352490e-05,6.01993125e-05,3.03313933e-05,3.89511617e-05,4.66399776e-05,4.58995014e-05,8.44122340e-05,1.01078063e-04,2.01343525e-02,2.08011654e-02,1.41363350e-02,0
0.988025,110.8298,-2.03205482e-05,-1.73257198e-05,5.72918895e-05,6.12384601e-05,3.22147304e-05,4.00873920e-05,4.73769115e-05,4.62941681e-05,4.64011106e-05,7.64002972e-05,2.02069099e-02,1.79868813e-02,2.54459914e-02,0
0.988025,114.6170,-2.66098781e-05,-2.36420171e-05,5.86294275e-05,6.20681821e-05,3.40414031e-05,4.12460621e-05,4.77346064e-05,4.63812633e-05,-3.08358346e-06,4.15022638e-05,2.00249537e-02,1.56724597e-02,3.78187282e-02,0
0.988025,118.4043,-3.25216563e-05,-2.95454292e-05,5.96628369e-05,6.26265681e-05,3.58300408e-05,4.23400322e-05,4.77059984e-05,4.61455166e-05,-6.20725745e-05,-4.08510990e-06,2.00814022e-02,1.35074945e-02,4.91862844e-02,0
0.988025,122.1915,-3.79002300e-05,-3.49746591e-05,6.03258471e-05,6.28495014e-05,3.75037897e-05,4.32777594e-05,4.72511755e-05,4.55751618e-05,-1.28968318e-04,-6.03881403e-05,1.97396108e-02,1.15018009e-02,5.81712644e-02,0
0.988025,125.9787,-4.26720808e-05,-3.98852446e-05,6.05549941e-05,6.26723035e-05,3.89623857e-05,4.39670811e-05,4.63555801e-05,4.46622146e-05,-2.02123660e-04,-1.26978422e-04,1.88035309e-02,9.64984471e-03,6.37398979e-02,0
0.988025,129.7660,-4.68033522e-05,-4.42500853e-05,6.02896189e-05,6.20320283e-05,4.01003717e-05,4.43190556e-05,4.50199771e-05,4.34026940e-05,-2.79777498e-04,-2.02978562e-04,1.72275764e-02,7.94120120e-03,6.51426009e-02,0
0.988025,133.5532,-5.02833390e-05,-4.80592719e-05,5.94681653e-05,6.08702281e-05,4.08085965e-05,4.42517082e-05,4.32564578e-05,4.17967821e-05,-3.60043477e-04,-2.87085501e-04,1.50063770e-02,6.39003821e-03,6.18846128e-02,0
0.988025,137.3404,-5.31268724e-05,-5.13192370e-05,5.80284658e-05,5.91359562e-05,4.09774474e-05,4.36935346e-05,4.10871225e-05,3.98489190e-05,-4.40954840e-04,-3.77610601e-04,1.21966005e-02,5.04749583e-03,5.37300219e-02,0
0.988025,141.1277,-5.54161133e-05,-5.40512756e-05,5.59236915e-05,5.67887535e-05,4.05246168e-05,4.25866242e-05,3.85384834e-05,3.75678315e-05,-5.20630274e-04,-4.72535066e-04,9.20892564e-03,3.94260470e-03,4.07954479e-02,0
0.988025,144.9149,-5.71978537e-05,-5.62895094e-05,5.31031451e-05,5.38013825e-05,3.93607766e-05,4.08892789e-05,3.56465045e-05,3.49664930e-05,-5.97067976e-04,-5.69578609e-04,6.12884272e-03,3.18228557e-03,2.33171052e-02,0
0.988025,148.7021,-5.85198389e-05,-5.80783876e-05,4.95055641e-05,5.01621049e-05,3.73820929e-05,3.85780228e-05,3.24558162e-05,3.20620168e-05,-6.68154350e-04,-6.66278800e-04,2.97859006e-03,2.99224874e-03,1.59088354e-03,0
0.988025,152.4894,-5.94490212e-05,-5.94698386e-05,4.50545328e-05,4.58763466e-05,3.44650074e-05,3.56489236e-05,2.90185147e-05,2.88754814e-05,-7.31648084e-04,-7.60078099e-04,1.40460267e-04,3.74549673e-03,2.41149847e-02,0
0.988025,156.2766,-6.01898985e-05,-6.05201972e-05,3.97829162e-05,4.09676444e-05,3.06534630e-05,3.21181703e-05,2.53583444e-05,2.54316933e-05,-7.86557013e-04,-8.48415248e-04,2.22861433e-03,5.39951459e-03,5.24695603e-02,0
0.988025,160.0638,-6.10233739e-05,-6.12870414e-05,3.39676077e-05,3.54778130e-05,2.63185380e-05,2.80218844e-05,2.14740059e-05,2.17588882e-05,-8.34075980e-04,-9.28817561e-04,1.77903561e-03,6.88290826e-03,8.03619608e-02,0
0.988025,163.8511,-6.19373171e-05,-6.18260749e-05,2.77770740e-05,2.94663214e-05,2.16298111e-05,2.34151679e-05,1.74274815e-05,1.78883763e-05,-8.73959620e-04,-9.98990571e-04,7.50580831e-04,7.69891004e-03,1.06054092e-01,0
0.988025,167.6383,-6.28543905e-05,-6.21881893e-05,2.13282606e-05,2.30089042e-05,1.66823120e-05,1.83704251e-05,1.32889113e-05,1.38541384e-05,-9.05548757e-04,-1.05690161e-03,4.49503790e-03,7.65969748e-03,1.28380930e-01,0
0.988025,171.4255,-6.36888255e-05,-6.24168307e-05,1.47441313e-05,1.61954715e-05,1.15763997e-05,1.29750193e-05,9.13106669e-06,9.69237685e-06,-9.28360593e-04,-1.10085413e-03,8.58248988e-03,6.61462451e-03,1.46312937e-01,0
0.988025,175.2128,-6.43417832e-05,-6.25457822e-05,8.15631990e-06,9.12741005e-06,6.41998967e-06,7.32835569e-06,5.03083363e-06,5.44103088e-06,-9.42143878e-04,-1.12954987e-03,1.21181000e-02,4.42583819e-03,1.58962020e-01,0
0.988025,179.0000,-6.46696428e-05,-6.25974564e-05,1.70166859e-06,1.91439415e-06,1.34031008e-06,1.53850071e-06,1.04844880e-06,1.13926315e-06,-9.46785572e-04,-1.14213656e-03,1.39815973e-02,9.69517492e-04,1.65701145e-01,0
0.988991,1.0000,5.34028374e-05,5.07415501e-05,1.25755071e-06,1.66198193e-06,1.24222478e-06,1.63422886e-06,1.95732938e-07,3.02456571e-07,7.26312704e-04,9.32610861e-04,1.79564192e-02,1.84323481e-03,1.74986782e-01,0
0.988991,4.7872,5.33559567e-05,5.10181650e-05,6.29637154e-06,7.91372685e-06,6.21247454e-06,7.77922546e-06,1.02442894e-06,1.45283304e-06,7.24057960e-04,9.22932673e-04,1.57737072e-02,7.37125481e-03,1.68690048e-01,0
0.988991,8.5745,5.34119472e-05,5.16426338e-05,1.15068820e-05,1.40000850e-05,1.13220308e-05,1.37523015e-05,2.05425232e-06,2.62232385e-06,7.17557518e-04,9.00900914e-04,1.19380319e-02,1.13630159e-02,1.55516032e-01,0
0.988991,12.3617,5.36585245e-05,5.25817978e-05,1.67375228e-05,1.97971216e-05,1.64154577e-05,1.94239916e-05,3.26763154e-06,3.82551584e-06,7.06206283e-04,8.67247282e-04,7.26496419e-03,1.39444204e-02,1.36598633e-01,0
0.988991,16.1489,5.41771551e-05,5.37851296e-05,2.18805745e-05,2.51923950e-05,2.13836873e-05,2.46756969e-05,4.63653535e-06,5.07609607e-06,6.89926904e-04,8.23083960e-04,2.64510098e-03,1.50939455e-02,1.12946838e-01,0
0.988991,19.9362,5.50316337e-05,5.51865682e-05,2.68388755e-05,3.00894911e-05,2.61283790e-05,2.94039182e-05,6.13457825e-06,6.38647518e-06,6.68860625e-04,7.69859648e-04,1.04538487e-03,1.48149979e-02,8.56696649e-02,0
0.988991,23.7234,5.62701836e-05,5.67069163e-05,3.15211187e-05,3.44119901e-05,3.05574378e-05,3.35239026e-05,7.73459236e-06,7.76743318e-06,6.43287414e-04,7.09302312e-04,2.94675267e-03,1.31754289e-02,5.59953364e-02,0
0.988991,27.5106,5.79127009e-05,5.82567123e-05,3.58190205e-05,3.81067218e-05,3.45611395e-05,3.69725583e-05,9.40903100e-06,9.22779381e-06,6.13430088e-04,6.43350909e-04,2.32113699e-03,1.04264224e-02,2.53795199e-02,0
0.988991,31.2979,5.97803542e-05,5.97394702e-05,3.94435593e-05,4.11461783e-05,3.78301686e-05,3.97105280e-05,1.11656935e-05,1.07741334e-05,5.78145016e-04,5.74078820e-04,2.75854688e-04,7.75985248e-03,3.44903956e-03,0
0.988991,35.0851,6.15699275e-05,6.10551702e-05,4.21716428e-05,4.35299694e-05,4.01014775e-05,4.17233386e-05,1.30506303e-05,1.24105299e-05,5.36479462e-04,5.03612029e-04,3.47320569e-03,6.19070642e-03,2.78789032e-02,0
0.988991,38.8723,6.31301106e-05,6.21038697e-05,4.41375126e-05,4.52852052e-05,4.14973399e-05,4.30215840e-05,1.50363159e-05,1.41383563e-05,4.90094521e-04,4.34045306e-04,6.92432214e-03,5.23072134e-03,4.75422173e-02,0
0.988991,42.6596,6.43388847e-05,6.27893062e-05,4.54721314e-05,4.64656791e-05,4.21376612e-05,4.36401359e-05,1.70918765e-05,1.59561236e-05,4.40653705e-04,3.67359743e-04,1.04554210e-02,4.52819081e-03,6.21696035e-02,0
0.988991,46.4468,6.50910032e-05,6.30223588e-05,4.62905717e-05,4.71496964e-05,4.21263852e-05,4.36364135e-05,1.91881396e-05,1.78593753e-05,3.89705956e-04,3.05344918e-04,1.39576980e-02,3.91554430e-03,7.15569483e-02,0
0.988991,50.2340,6.52741091e-05,6.27242448e-05,4.66621196e-05,4.74363566e-05,4.15147770e-05,4.30877826e-05,2.13043821e-05,1.98406382e-05,3.38384564e-04,2.49528816e-04,1.72046174e-02,3.52866075e-03,7.53694637e-02,0
0.988991,54.0213,6.47951099e-05,6.18293379e-05,4.66910007e-05,4.74400942e-05,4.03950948e-05,4.20881867e-05,2.34155047e-05,2.18894286e-05,2.88027329e-04,2.01118301e-04,2.00108586e-02,3.41406711e-03,7.37182112e-02,0
0.988991,57.8085,6.35934389e-05,6.02875069e-05,4.64967298e-05,4.72833642e-05,3.88830014e-05,4.07441437e-05,2.54962367e-05,2.39923171e-05,2.40080005e-04,1.60952548e-04,2.23060097e-02,3.58516276e-03,6.71177057e-02,0
0.988991,61.5957,6.16392126e-05,5.80658965e-05,4.61860451e-05,4.70876434e-05,3.70867190e-05,3.91702671e-05,2.75268240e-05,2.61330507e-05,1.95892263e-04,1.29471298e-04,2.41101216e-02,4.10912235e-03,5.63397707e-02,0
0.988991,65.3830,5.89745456e-05,5.51500893e-05,4.58608229e-05,4.69634481e-05,3.51102292e-05,3.74844876e-05,2.95040146e-05,2.82927313e-05,1.56699587e-04,1.06699260e-04,2.58046318e-02,5.02532201e-03,4.24114127e-02,0
0.988991,69.1702,5.56326435e-05,5.15446133e-05,4.55528100e-05,4.70007674e-05,3.29836834e-05,3.58031656e-05,3.14187066e-05,3.04500488e-05,1.24063083e-04,9.22473015e-05,2.75830360e-02,6.59920758e-03,2.69868684e-02,0
0.988991,72.9574,5.14874384e-05,4.72727853e-05,4.52658463e-05,4.72618418e-05,3.07377260e-05,3.42362862e-05,3.32293401e-05,3.25815653e-05,9.96507007e-05,8.53304402e-05,2.84373945e-02,9.09694436e-03,1.21467702e-02,0
0.988991,76.7447,4.65115626e-05,4.23759030e-05,4.50972650e-05,4.77780746e-05,2.85353251e-05,3.28829267e-05,3.49213192e-05,3.46620476e-05,8.45155188e-05,8.48019609e-05,2.79044038e-02,1.22180513e-02,2.42966702e-04,0
0.988991,80.5319,4.06320758e-05,3.69118249e-05,4.51117180e-05,4.85518256e-05,2.65247780e-05,3.18271768e-05,3.64897692e-05,3.66648412e-05,7.87067079e-05,8.92023544e-05,2.51015302e-02,1.56786262e-02,8.90264574e-03,0
0.988991,84.3191,3.37521194e-05,3.09529978e-05,4.53825359e-05,4.95622580e-05,2.48958637e-05,3.11346719e-05,3.79443083e-05,3.85622824e-05,8.16625272e-05,9.68211805e-05,1.88864236e-02,1.90494920e-02,1.28579140e-02,0
0.988991,88.1064,2.57183646e-05,2.45840151e-05,4.60208756e-05,5.07731465e-05,2.39008551e-05,3.08498762e-05,3.93277271e-05,4.03261397e-05,9.21072960e-05,1.05769441e-04,7.65375995e-03,2.16589388e-02,1.15885416e-02,0
0.988991,91.8936,1.70965951e-05,1.78988012e-05,4.74534523e-05,5.21402514e-05,2.39530873e-05,3.09942253e-05,4.09643717e-05,4.19280791e-05,1.07396589e-04,1.14059627e-04,5.41269959e-03,2.13605447e-02,5.65174013e-03,0
0.988991,95.6809,8.50501219e-06,1.09975350e-05,4.95788885e-05,5.36165088e-05,2.50105316e-05,3.15652001e-05,4.28081708e-05,4.33401448e-05,1.18419549e-04,1.19690295e-04,1.68177194e-02,1.84018489e-02,1.07787582e-03,0
0.988991,99.4681,5.25921309e-07,3.98342985e-06,5.19078823e-05,5.51543621e-05,2.67661654e-05,3.25363709e-05,4.44747190e-05,4.45352470e-05,1.19549002e-04,1.20731832e-04,2.33287369e-02,1.47961488e-02,1.00330338e-03,0
0.988991,103.2553,-6.97680040e-06,-3.04050499e-06,5.42373920e-05,5.67055385e-05,2.89296605e-05,3.38584103e-05,4.58777662e-05,4.54876483e-05,1.09000283e-04,1.15410022e-04,2.65592403e-02,1.12488188e-02,5.43688636e-03,0
0.988991,107.0426,-1.40732890e-05,-9.97460108e-06,5.64256797e-05,5.82191696e-05,3.12803991e-05,3.54610360e-05,4.69616222e-05,4.61734408e-05,8.61107673e-05,1.02184089e-04,2.76549461e-02,8.17400530e-03,1.36337569e-02,0
0.988991,110.8298,-2.07976918e-05,-1.67254482e-05,5.83647500e-05,5.96393632e-05,3.36525341e-05,3.72558082e-05,4.76859621e-05,4.65710038e-05,5.09472681e-05,7.98161112e-05,2.74765193e-02,5.80917429e-03,2.44872084e-02,0
0.988991,114.6170,-2.71079968e-05,-2.32084866e-05,5.99737876e-05,6.09032306e-05,3.59316850e-05,3.91396724e-05,4.80184257e-05,4.66614352e-05,4.28102063e-06,4.74290134e-05,2.63110405e-02,4.23602726e-03,3.65991074e-02,0
0.988991,118.4043,-3.30709842e-05,-2.93501825e-05,6.12453152e-05,6.19400843e-05,3.80872047e-05,4.09991092e-05,4.79620003e-05,4.64289467e-05,-5.20520719e-05,4.55080396e-06,2.51052466e-02,3.16647815e-03,4.80118448e-02,0
0.988991,122.1915,-3.85925241e-05,-3.50897119e-05,6.21429731e-05,6.26721559e-05,4.00766204e-05,4.27147276e-05,4.74933006e-05,4.58612165e-05,-1.16153876e-04,-4.88567712e-05,2.36344131e-02,2.41180241e-03,5.70829323e-02,0
0.988991,125.9787,-4.35634411e-05,-4.03801003e-05,6.25833569e-05,6.30168329e-05,4.17867237e-05,4.41661231e-05,4.65891219e-05,4.49496919e-05,-1.86402553e-04,-1.12386362e-04,2.14788532e-02,1.97560941e-03,6.27822142e-02,0
0.988991,129.7660,-4.79414506e-05,-4.51887862e-05,6.24925062e-05,6.28901469e-05,4.31029893e-05,4.52368090e-05,4.52487087e-05,4.36898351e-05,-2.61025589e-04,-1.85190499e-04,1.85729644e-02,1.81228652e-03,6.43250462e-02,0
0.988991,133.5532,-5.17106932e-05,-4.94976001e-05,6.17949805e-05,6.22110895e-05,4.39068207e-05,4.58190267e-05,4.34834533e-05,4.20813077e-05,-3.38130891e-04,-2.66004308e-04,1.49323325e-02,1.89645783e-03,6.11794051e-02,0
0.988991,137.3404,-5.49025081e-05,-5.33021769e-05,6.04201374e-05,6.09062821e-05,4.40883631e-05,4.58182466e-05,4.13135479e-05,4.01280885e-05,-4.15797205e-04,-3.53184685e-04,1.07978638e-02,2.21565227e-03,5.31093620e-02,0
0.988991,141.1277,-5.75863812e-05,-5.66108374e-05,5.83114438e-05,5.89145555e-05,4.35607527e-05,4.51571815e-05,3.87644850e-05,3.78385229e-05,-4.92153948e-04,-4.44764473e-04,6.58225585e-03,2.74874075e-03,4.01968283e-02,0
0.988991,144.9149,-5.97910411e-05,-5.94430006e-05,5.54030028e-05,5.61910681e-05,4.22213136e-05,4.37791540e-05,3.58727389e-05,3.52253007e-05,-5.65150486e-04,-5.38519660e-04,2.34832213e-03,3.59168468e-03,2.25888711e-02,0
0.988991,148.7021,-6.15610847e-05,-6.18272034e-05,5.16200261e-05,5.27106818e-05,3.99556746e-05,4.16506848e-05,3.26828879e-05,3.23053623e-05,-6.32649553e-04,-6.32047036e-04,1.79557367e-03,4.97076966e-03,5.11069171e-04,0
0.988991,152.4894,-6.29756984e-05,-6.37988200e-05,4.68854463e-05,4.84704039e-05,3.66481986e-05,3.87631983e-05,2.92430268e-05,2.90997340e-05,-6.92531888e-04,-7.22849393e-04,5.55382242e-03,7.22359920e-03,2.57159963e-02,0
0.988991,156.2766,-6.43375005e-05,-6.53975875e-05,4.13647504e-05,4.34907814e-05,3.25344217e-05,3.51337769e-05,2.55451360e-05,2.56332946e-05,-7.45067728e-04,-8.08425018e-04,7.15269077e-03,9.68959419e-03,5.37410925e-02,0
0.988991,160.0638,-6.57907350e-05,-6.66650452e-05,3.53113233e-05,3.78162018e-05,2.79196178e-05,3.08049325e-05,2.16190771e-05,2.19344763e-05,-7.90889317e-04,-8.86358063e-04,5.89920565e-03,1.14162283e-02,8.09787588e-02,0
0.988991,163.8511,-6.72651955e-05,-6.76420043e-05,2.88587310e-05,3.15141112e-05,2.29230241e-05,2.58434017e-05,1.75317232e-05,1.80349049e-05,-8.29391046e-04,-9.54406343e-04,2.54242963e-03,1.21021549e-02,1.06040814e-01,0
0.988991,167.6383,-6.86692852e-05,-6.83661559e-05,2.21307430e-05,2.46732073e-05,1.76475613e-05,2.03380091e-05,1.33541515e-05,1.39689850e-05,-8.59964291e-04,-1.01058320e-03,2.04529472e-03,1.15875295e-02,1.27758376e-01,0
0.988991,171.4255,-6.99028137e-05,-6.88699241e-05,1.52590999e-05,1.74007039e-05,1.22035021e-05,1.43966809e-05,9.16049496e-06,9.77343722e-06,-8.82196123e-04,-1.05323027e-03,6.96918264e-03,9.76056929e-03,1.45075048e-01,0
0.988991,175.2128,-7.08511457e-05,-6.91786554e-05,8.38816666e-06,9.81879990e-06,6.71287085e-06,8.14272157e-06,5.02978179e-06,5.48679477e-06,-8.95935480e-04,-1.08107844e-03,1.12847399e-02,6.52025077e-03,1.57042459e-01,0
0.988991,179.0000,-7.13469916e-05,-6.93092228e-05,1.69937530e-06,2.06051064e-06,1.34729701e-06,1.71049820e-06,1.03569647e-06,1.14886901e-06,-9.01395045e-04,-1.09329449e-03,1.37493725e-02,1.64590960e-03,1.62773468e-01,0
0.989957,1.0000,5.85611562e-05,5.61304675e-05,1.33540128e-06,1.81417973e-06,1.31919832e-06,1.78675416e-06,2.07394196e-07,3.14257316e-07,6.84534457e-04,8.84460041e-04,1.64005078e-02,2.18207956e-03,1.69581421e-01,0
0.989957,4.7872,5.84136337e-05,5.63408692e-05,6.50288074e-06,8.63346077e-06,6.41791703e-06,8.50055300e-06,1.04775903e-06,1.50905390e-06,6.81003426e-04,8.75100617e-04,1.39854972e-02,9.71032661e-03,1.64637646e-01,0
0.989957,8.5745,5.82391275e-05,5.68147024e-05,1.19241511e-05,1.52528981e-05,1.17353488e-05,1.50080687e-05,2.11352043e-06,2.72190592e-06,6.74080814e-04,8.53796013e-04,9.61097805e-03,1.51710895e-02,1.52438513e-01,0
0.989957,12.3617,5.81651316e-05,5.75240348e-05,1.73882945e-05,2.15227912e-05,1.70585569e-05,2.11541162e-05,3.37022559e-06,3.96659941e-06,6.62807090e-04,8.21257347e-04,4.32565241e-03,1.88433728e-02,1.34401107e-01,0
0.989957,16.1489,5.82919735e-05,5.84262819e-05,2.27667719e-05,2.73074225e-05,2.22580514e-05,2.67968081e-05,4.78592193e-06,5.25608183e-06,6.46950035e-04,7.78565535e-04,9.06215104e-04,2.06944587e-02,1.11639256e-01,0
0.989957,19.9362,5.86980320e-05,5.94657273e-05,2.79520486e-05,3.24905823e-05,2.72253554e-05,3.18127347e-05,6.33222270e-06,6.60210950e-06,6.26577251e-04,7.27128565e-04,5.17984644e-03,2.06848108e-02,8.52899074e-02,0
0.989957,23.7234,5.94448437e-05,6.05755094e-05,3.28455568e-05,3.69804198e-05,3.18612609e-05,3.61014210e-05,7.98064274e-06,8.01491415e-06,6.01917656e-04,6.68625869e-04,7.62890391e-03,1.88450418e-02,5.65834217e-02,0
0.989957,27.5106,6.05795699e-05,6.16800034e-05,3.73550585e-05,4.07134516e-05,3.60732133e-05,3.95888892e-05,9.70173575e-06,9.50289403e-06,5.73312659e-04,6.04941987e-04,7.42492013e-03,1.53062048e-02,2.68287143e-02,0
0.989957,31.2979,6.20374232e-05,6.26975134e-05,4.12825168e-05,4.36575906e-05,3.96553575e-05,4.22301860e-05,1.14760105e-05,1.10723351e-05,5.40382494e-04,5.38092161e-04,4.45380550e-03,1.08246306e-02,1.94271226e-03,0
0.989957,35.0851,6.35059878e-05,6.35431748e-05,4.42907442e-05,4.58140739e-05,4.22290044e-05,4.40107781e-05,1.33559429e-05,1.27271670e-05,5.01524605e-04,4.70142828e-04,2.50910653e-04,6.94272390e-03,2.66187356e-02,0
0.989957,38.8723,6.47861164e-05,6.41319658e-05,4.64223827e-05,4.72181776e-05,4.38158061e-05,4.49467609e-05,1.53366475e-05,1.44687587e-05,4.57692412e-04,4.03130165e-04,4.41372954e-03,3.62691286e-03,4.62809377e-02,0
0.989957,42.6596,6.57552325e-05,6.43817174e-05,4.78223381e-05,4.79385802e-05,4.45495029e-05,4.50838747e-05,1.73872890e-05,1.62957575e-05,4.10604689e-04,3.38979938e-04,9.26747472e-03,5.29784638e-04,6.07537408e-02,0
0.989957,46.4468,6.63089518e-05,6.42160178e-05,4.86194026e-05,4.80751741e-05,4.45467958e-05,4.44953664e-05,1.94789450e-05,1.82039756e-05,3.61863864e-04,2.79431850e-04,1.41215868e-02,2.48037463e-03,6.99207066e-02,0
0.989957,50.2340,6.63491221e-05,6.35669059e-05,4.89135850e-05,4.77550094e-05,4.38920573e-05,4.32787839e-05,2.15876378e-05,2.01863267e-05,3.12806640e-04,2.25971409e-04,1.87723583e-02,5.28032157e-03,7.36556152e-02,0
0.989957,54.0213,6.57736666e-05,6.23772623e-05,4.87902189e-05,4.71259212e-05,4.26505071e-05,4.15518278e-05,2.36942970e-05,2.22328149e-05,2.64572366e-04,1.79772042e-04,2.29164504e-02,7.58519949e-03,7.19295610e-02,0
0.989957,57.8085,6.45237115e-05,6.06028141e-05,4.83827537e-05,4.63473460e-05,4.09457193e-05,3.94474264e-05,2.57747730e-05,2.43305781e-05,2.18629868e-04,1.41649789e-04,2.64553460e-02,9.27656908e-03,6.52962511e-02,0
0.989957,61.5957,6.25794319e-05,5.82136874e-05,4.78167958e-05,4.55780992e-05,3.88959216e-05,3.71082277e-05,2.78128252e-05,2.64639862e-05,1.76362621e-04,1.12032403e-04,2.94568484e-02,1.02030784e-02,5.45663513e-02,0
0.989957,65.3830,6.00137797e-05,5.51954570e-05,4.72103510e-05,4.49617512e-05,3.66078004e-05,3.46807247e-05,2.98108401e-05,2.86147935e-05,1.39066572e-04,9.09441130e-05,3.25105149e-02,1.02482129e-02,4.08185631e-02,0
0.989957,69.1702,5.67494868e-05,5.15496625e-05,4.65703704e-05,4.46117637e-05,3.40827570e-05,3.23092489e-05,3.17358642e-05,3.07623454e-05,1.08607177e-04,7.80067079e-05,3.50846078e-02,8.92654132e-03,2.59560125e-02,0
0.989957,72.9574,5.26572590e-05,4.72937802e-05,4.59545938e-05,4.46000843e-05,3.14022741e-05,3.01300649e-05,3.35517790e-05,3.28838366e-05,8.62769446e-05,7.24569336e-05,3.61888296e-02,6.17330929e-03,1.17224471e-02,0
0.989957,76.7447,4.76978587e-05,4.24606590e-05,4.54960714e-05,4.49530970e-05,2.87685626e-05,2.82658029e-05,3.52457419e-05,3.49546180e-05,7.30020960e-05,7.31795562e-05,3.53367903e-02,2.47465890e-03,1.50525707e-04,0
0.989957,80.5319,4.18086761e-05,3.70974512e-05,4.52932824e-05,4.56566710e-05,2.63810132e-05,2.68204472e-05,3.68174358e-05,3.69485482e-05,6.89012306e-05,7.87548264e-05,3.17878972e-02,1.65617876e-03,8.35804368e-03,0
0.989957,84.3191,3.48676576e-05,3.12640839e-05,4.54249810e-05,4.66684038e-05,2.44536847e-05,2.58750784e-05,3.82811469e-05,3.88383860e-05,7.33090478e-05,8.75185044e-05,2.43142776e-02,5.66702095e-03,1.20527838e-02,0
0.989957,88.1064,2.66273903e-05,2.50313352e-05,4.60073514e-05,4.79323950e-05,2.32709928e-05,2.54845390e-05,3.96879991e-05,4.05962161e-05,8.47731188e-05,9.76321017e-05,1.07690113e-02,8.77357427e-03,1.09072814e-02,0
0.989957,91.8936,1.71595939e-05,1.84785936e-05,4.74421905e-05,4.93916890e-05,2.32915617e-05,2.56751537e-05,4.13311576e-05,4.21939027e-05,1.00223853e-04,1.07160588e-04,8.89964451e-03,8.88503017e-03,5.88389622e-03,0
0.989957,95.6809,8.34650868e-06,1.16913874e-05,4.96669310e-05,5.09954371e-05,2.45969588e-05,2.64435962e-05,4.31485070e-05,4.36035644e-05,1.12216975e-04,1.14154510e-04,2.25687935e-02,6.05479610e-03,1.64346114e-03,0
0.989957,99.4681,2.68798964e-07,4.75878104e-06,5.21636563e-05,5.27002302e-05,2.67201153e-05,2.77569466e-05,4.48004741e-05,4.47980599e-05,1.15079997e-04,1.16733278e-04,3.02951126e-02,2.44548779e-03,1.40235035e-03,0
0.989957,103.2553,-7.30375551e-06,-2.22926428e-06,5.47179332e-05,5.44668090e-05,2.93281780e-05,2.95539409e-05,4.61942658e-05,4.57514793e-05,1.06805482e-04,1.13166340e-04,3.42389526e-02,1.14452332e-03,5.39542394e-03,0
0.989957,107.0426,-1.44654705e-05,-9.18446607e-06,5.71793724e-05,5.62541920e-05,3.21715478e-05,3.17473618e-05,4.72702035e-05,4.64396289e-05,8.65946665e-05,1.01948997e-04,3.56323527e-02,4.21660025e-03,1.30238922e-02,0
0.989957,110.8298,-2.12298660e-05,-1.60226391e-05,5.94243210e-05,5.80133880e-05,3.50574882e-05,3.42274810e-05,4.79814802e-05,4.68405032e-05,5.43788913e-05,8.18698691e-05,3.51345561e-02,6.43046463e-03,2.33184717e-02,0
0.989957,114.6170,-2.75683507e-05,-2.26658701e-05,6.13441917e-05,5.96825084e-05,3.78248768e-05,3.68664164e-05,4.82948087e-05,4.69347329e-05,1.08329431e-05,5.20672763e-05,3.30783505e-02,7.57328376e-03,3.49758979e-02,0
0.989957,118.4043,-3.35536374e-05,-2.90443739e-05,6.28834694e-05,6.11844486e-05,4.03761919e-05,3.95232358e-05,4.82088566e-05,4.67060015e-05,-4.25108320e-05,1.20722831e-05,3.04252093e-02,7.74345333e-03,4.62986379e-02,0
0.989957,122.1915,-3.91990370e-05,-3.50979700e-05,6.40359613e-05,6.24275589e-05,4.26962778e-05,4.20496063e-05,4.77245451e-05,4.61414209e-05,-1.03480120e-04,-3.81633756e-05,2.76709984e-02,7.33045127e-03,5.54031459e-02,0
0.989957,125.9787,-4.43613550e-05,-4.07771340e-05,6.47045913e-05,6.33090523e-05,4.46681078e-05,4.42957680e-05,4.68128645e-05,4.52318588e-05,-1.70422746e-04,-9.82556556e-05,2.41836995e-02,6.36030523e-03,6.12137654e-02,0
0.989957,129.7660,-4.89846482e-05,-4.60435976e-05,6.47985301e-05,6.37204517e-05,4.61666162e-05,4.61165993e-05,4.54696938e-05,4.39722098e-05,-2.41565314e-04,-1.67393401e-04,1.98440567e-02,4.91344776e-03,6.29143012e-02,0
0.989957,133.5532,-5.30490460e-05,-5.08704881e-05,6.42273880e-05,6.35541992e-05,4.70637003e-05,4.73775336e-05,4.37054400e-05,4.23616046e-05,-3.15016987e-04,-2.44360269e-04,1.46993140e-02,3.06812368e-03,5.99326334e-02,0
0.989957,137.3404,-5.66107527e-05,-5.52420175e-05,6.29150479e-05,6.27105878e-05,4.72544489e-05,4.79600962e-05,4.15369752e-05,4.04035517e-05,-3.88943306e-04,-3.27572614e-04,9.23522328e-03,9.31846786e-04,5.20560147e-02,0
0.989957,141.1277,-5.97026589e-05,-5.91527500e-05,6.07889286e-05,6.11043295e-05,4.66371677e-05,4.77668432e-05,3.89906197e-05,3.81060070e-05,-4.61427537e-04,-4.15131958e-04,3.71038273e-03,1.43747036e-03,3.92689609e-02,0
0.989957,144.9149,-6.23475458e-05,-6.26064918e-05,5.77687744e-05,5.86702705e-05,4.50982364e-05,4.67255071e-05,3.61023596e-05,3.54813701e-05,-5.30407420e-04,-5.04890081e-04,1.74717751e-03,4.10865656e-03,2.16443864e-02,0
0.989957,148.7021,-6.45865381e-05,-6.56148644e-05,5.37648434e-05,5.53679362e-05,4.25107418e-05,4.47921864e-05,3.29164886e-05,3.25464038e-05,-5.93725471e-04,-5.94524280e-04,6.93839293e-03,7.30625195e-03,6.77567795e-04,0
0.989957,152.4894,-6.65648276e-05,-6.81956321e-05,4.87566218e-05,5.11847278e-05,3.88484633e-05,4.19534509e-05,2.94619257e-05,2.93220790e-05,-6.49916944e-04,-6.81619949e-04,1.10034755e-02,1.10663303e-02,2.68912084e-02,0
0.989957,156.2766,-6.85924657e-05,-7.03708651e-05,4.30036009e-05,4.61376924e-05,3.44608303e-05,3.82272794e-05,2.57247131e-05,2.58333460e-05,-6.99907433e-04,-7.63757336e-04,1.19993376e-02,1.42839282e-02,5.41589380e-02,0
0.989957,160.0638,-7.06780099e-05,-7.21650240e-05,3.67056933e-05,4.02738632e-05,2.95611635e-05,3.36627910e-05,2.17588036e-05,2.21088344e-05,-7.43658114e-04,-8.38599163e-04,1.00332827e-02,1.62622827e-02,8.05311537e-02,0
0.989957,163.8511,-7.27214078e-05,-7.36030561e-05,2.99855091e-05,3.36692204e-05,2.42531321e-05,2.83387765e-05,1.76328199e-05,1.81804881e-05,-7.80467059e-04,-9.03975752e-04,5.94871729e-03,1.67888742e-02,1.04762878e-01,0
0.989957,167.6383,-7.46155356e-05,-7.47085879e-05,2.29747151e-05,2.64263706e-05,1.86485540e-05,2.23610873e-05,1.34189779e-05,1.40831401e-05,-8.09795882e-04,-9.57964407e-04,6.27848893e-04,1.57312569e-02,1.25679908e-01,0
0.989957,171.4255,-7.62439441e-05,-7.55022978e-05,1.58160247e-05,1.86710802e-05,1.28697891e-05,1.58589795e-05,9.19321301e-06,9.85403481e-06,-8.31321752e-04,-9.98959996e-04,5.00408596e-03,1.30121942e-02,1.42194565e-01,0
0.989957,175.2128,-7.74724477e-05,-7.60005402e-05,8.67445020e-06,1.05478322e-05,7.06132929e-06,8.98055400e-06,5.03822537e-06,5.53230643e-06,-8.45065111e-04,-1.02573402e-03,9.93135497e-03,8.53812162e-03,1.53247471e-01,0
0.989957,179.0000,-7.80942856e-05,-7.62142833e-05,1.79034686e-06,2.21460640e-06,1.45427537e-06,1.88746875e-06,1.04423418e-06,1.15842273e-06,-8.51628063e-04,-1.03747991e-03,1.26848791e-02,1.93360433e-03,1.57643757e-01,0
0.990923,1.0000,6.37456387e-05,6.16941333e-05,1.41744246e-06,1.97100466e-06,1.40033621e-06,1.94386167e-06,2.19548674e-07,3.25977239e-07,6.38617468e-04,8.30347749e-04,1.38420568e-02,2.52291381e-03,1.62629978e-01,0
0.990923,4.7872,6.35387183e-05,6.18342345e-05,6.78787502e-06,9.37501700e-06,6.70038398e-06,9.24348829e-06,1.08632493e-06,1.56488594e-06,6.34563085e-04,8.21397265e-04,1.15006091e-02,1.17911523e-02,1.58476995e-01,0
0.990923,8.5745,6.31583465e-05,6.21481470e-05,1.23847979e-05,1.65434503e-05,1.21916902e-05,1.63011940e-05,2.17851042e-06,2.82078388e-06,6.27123380e-04,8.01024858e-04,6.81608689e-03,1.89534647e-02,1.47507183e-01,0
0.990923,12.3617,6.27732701e-05,6.26135182e-05,1.80703884e-05,2.32998777e-05,1.77333989e-05,2.29351198e-05,3.47354254e-06,4.10665086e-06,6.15983881e-04,7.69913699e-04,1.07788879e-03,2.38339085e-02,1.30566768e-01,0
0.990923,16.1489,6.25088503e-05,6.31962442e-05,2.36802235e-05,2.94844275e-05,2.31608122e-05,2.89792272e-05,4.93252102e-06,5.43469014e-06,6.00696682e-04,7.29102231e-04,4.63803116e-03,2.64532268e-02,1.08916503e-01,0
0.990923,19.9362,6.24606422e-05,6.38516537e-05,2.90923250e-05,3.49603328e-05,2.83512912e-05,3.42894592e-05,6.52439009e-06,6.81600006e-06,5.81230558e-04,6.79943135e-04,9.38552715e-03,2.67440185e-02,8.37302492e-02,0
0.990923,23.7234,6.27050856e-05,6.45260564e-05,3.41991325e-05,3.96196920e-05,3.31968364e-05,3.87490397e-05,8.21892455e-06,8.26026157e-06,5.57745739e-04,6.24049899e-04,1.22865776e-02,2.47047295e-02,5.62406942e-02,0
0.990923,27.5106,6.33034628e-05,6.51586037e-05,3.89017208e-05,4.33882594e-05,3.75982670e-05,4.22727064e-05,9.98569971e-06,9.77544647e-06,5.30535420e-04,5.63233098e-04,1.25171330e-02,2.04478382e-02,2.77349129e-02,0
0.990923,31.2979,6.42748867e-05,6.56833940e-05,4.30724448e-05,4.62291179e-05,4.14259261e-05,4.48097103e-05,1.17952592e-05,1.13675507e-05,4.99740008e-04,4.99428930e-04,9.50357631e-03,1.43868463e-02,2.63862647e-04,0
0.990923,35.0851,6.53965733e-05,6.60317499e-05,4.64000526e-05,4.81451255e-05,4.43416050e-05,4.63454655e-05,1.36670024e-05,1.30403579e-05,4.64144992e-04,4.34622839e-04,4.28570639e-03,7.95333985e-03,2.50413610e-02,0
0.990923,38.8723,6.63788736e-05,6.61345874e-05,4.87303767e-05,4.91800416e-05,4.61528598e-05,4.69017853e-05,1.56385149e-05,1.47952365e-05,4.23339918e-04,3.70771264e-04,1.64826447e-03,2.04939149e-03,4.45899262e-02,0
0.990923,42.6596,6.70951527e-05,6.59247958e-05,5.02174827e-05,4.94182191e-05,4.70020926e-05,4.65356963e-05,1.76804655e-05,1.66309755e-05,3.79048907e-04,3.09724643e-04,7.89671173e-03,3.64272221e-03,5.88024154e-02,0
0.990923,46.4468,6.74415366e-05,6.53395454e-05,5.10040131e-05,4.89826484e-05,4.70189154e-05,4.53368773e-05,1.97643857e-05,1.85436620e-05,3.32911558e-04,2.53154717e-04,1.41826980e-02,9.21256682e-03,6.76515633e-02,0
0.990923,50.2340,6.73300799e-05,6.43224442e-05,5.12177510e-05,4.80309290e-05,4.63166350e-05,4.34238258e-05,2.18638364e-05,2.05266045e-05,2.86416568e-04,2.02489063e-04,2.02933244e-02,1.45242528e-02,7.11892158e-02,0
0.990923,54.0213,6.66617664e-05,6.28254730e-05,5.09437147e-05,4.67483936e-05,4.49558892e-05,4.09389020e-05,2.39630986e-05,2.25703036e-05,2.40660809e-04,1.58855450e-04,2.58845001e-02,1.91205861e-02,6.93891639e-02,0
0.990923,57.8085,6.53754951e-05,6.08106326e-05,5.03165557e-05,4.53372408e-05,4.30530137e-05,3.80424473e-05,2.60421542e-05,2.46624738e-05,1.97026545e-04,1.23038278e-04,3.08003509e-02,2.26937141e-02,6.27585279e-02,0
0.990923,61.5957,6.34773781e-05,5.82512525e-05,4.94868305e-05,4.40005294e-05,4.07411242e-05,3.49062081e-05,2.80910518e-05,2.67881172e-05,1.56902194e-04,9.54488401e-05,3.52620698e-02,2.50043533e-02,5.21261302e-02,0
0.990923,65.3830,6.10131396e-05,5.51329196e-05,4.85584452e-05,4.29210405e-05,3.80996288e-05,3.17063252e-05,3.01054959e-05,2.89296502e-05,1.21846200e-04,7.61106239e-05,3.96754202e-02,2.56930226e-02,3.87939541e-02,0
0.990923,69.1702,5.78283134e-05,5.14540022e-05,4.75582001e-05,4.22379984e-05,3.51485798e-05,2.86161643e-05,3.20368497e-05,3.10670831e-05,9.37238550e-05,6.46602849e-05,4.30091862e-02,2.42473389e-02,2.46523802e-02,0
0.990923,72.9574,5.38056948e-05,4.72257573e-05,4.66032574e-05,4.20285469e-05,3.20239637e-05,2.57992714e-05,3.38574859e-05,3.31782512e-05,7.35947270e-05,6.03642799e-05,4.43966025e-02,2.08496899e-02,1.12223658e-02,0
0.990923,76.7447,4.88628350e-05,4.24720269e-05,4.58424454e-05,4.23022660e-05,2.89384708e-05,2.34027297e-05,3.55541096e-05,3.52390969e-05,6.21129159e-05,6.21505479e-05,4.31204955e-02,1.61347133e-02,3.19203093e-05,0
0.990923,80.5319,4.29537919e-05,3.72285410e-05,4.54208326e-05,4.30125503e-05,2.61589335e-05,2.15511817e-05,3.71316878e-05,3.72239983e-05,5.95541372e-05,6.86540226e-05,3.86298025e-02,1.09759818e-02,7.71872949e-03,0
0.990923,84.3191,3.59230008e-05,3.15418607e-05,4.54242535e-05,4.40803483e-05,2.39293038e-05,2.03417512e-05,3.86102477e-05,3.91061410e-05,6.51751111e-05,7.82742097e-05,2.95607265e-02,6.12497932e-03,1.11109529e-02,0
0.990923,88.1064,2.73967867e-05,2.54680075e-05,4.59849320e-05,4.54202441e-05,2.25813190e-05,1.98400673e-05,4.00586820e-05,4.08579283e-05,7.72958357e-05,8.92425825e-05,1.30139906e-02,2.57362012e-03,1.01335019e-02,0
0.990923,91.8936,1.73599712e-05,1.90708333e-05,4.74277592e-05,4.69598902e-05,2.25834465e-05,2.00775470e-05,4.17058783e-05,4.24514239e-05,9.25639623e-05,9.96971564e-05,1.15436451e-02,2.13235843e-03,6.05053718e-03,0
0.990923,95.6809,8.24420917e-06,1.24201970e-05,4.97147004e-05,4.86487460e-05,2.41027780e-05,2.10500463e-05,4.34811170e-05,4.38588193e-05,1.05097010e-04,1.07761308e-04,2.81765089e-02,4.85819165e-03,2.25991868e-03,0
0.990923,99.4681,3.82470310e-08,5.59001602e-06,5.23667301e-05,5.04566145e-05,2.65896633e-05,2.27179314e-05,4.51139028e-05,4.50529193e-05,1.09467956e-04,1.11623736e-04,3.74592735e-02,8.70553852e-03,1.82858139e-03,0
0.990923,103.2553,-7.61471462e-06,-1.34373262e-06,5.51462167e-05,5.23648859e-05,2.96504709e-05,2.50075728e-05,4.64968256e-05,4.60076361e-05,1.03345510e-04,1.09616392e-04,4.23119965e-02,1.26761866e-02,5.31910472e-03,0
0.990923,107.0426,-1.48402346e-05,-8.30499057e-06,5.78934451e-05,5.43541922e-05,3.30040744e-05,2.78142014e-05,4.75645042e-05,4.66984841e-05,8.57870557e-05,1.00287308e-04,4.40950432e-02,1.61304907e-02,1.22994433e-02,0
0.990923,110.8298,-2.16229432e-05,-1.52195038e-05,6.04668010e-05,5.63921260e-05,3.64276310e-05,3.10060182e-05,4.82624257e-05,4.71030648e-05,5.66050812e-05,8.24653931e-05,4.32057218e-02,1.85707295e-02,2.19353039e-02,0
0.990923,114.6170,-2.79874902e-05,-2.20165516e-05,6.27314173e-05,5.84240369e-05,3.97128154e-05,3.44293969e-05,4.85605087e-05,4.72015330e-05,1.64151568e-05,5.53146308e-05,4.02875236e-02,1.96313068e-02,3.29954173e-02,0
0.990923,118.4043,-3.39919625e-05,-2.86304615e-05,6.45834550e-05,6.03687599e-05,4.27045377e-05,3.79149768e-05,4.84494078e-05,4.69770338e-05,-3.35069082e-05,1.83754697e-05,3.61754839e-02,1.92088845e-02,4.40078113e-02,0
0.990923,122.1915,-3.97242776e-05,-3.50018633e-05,6.60075315e-05,6.21196971e-05,4.53674040e-05,4.12844062e-05,4.79457284e-05,4.64161026e-05,-9.10190135e-05,-2.84082764e-05,3.18633953e-02,1.77191850e-02,5.31078491e-02,0
0.990923,125.9787,-4.50650572e-05,-4.10786454e-05,6.69203959e-05,6.35504223e-05,4.76106393e-05,4.43574748e-05,4.70272944e-05,4.55090167e-05,-1.54240840e-04,-8.46781544e-05,2.68973890e-02,1.53589840e-02,5.90046498e-02,0
0.990923,129.7660,-4.99289373e-05,-4.68165925e-05,6.72077437e-05,6.45232645e-05,4.92937738e-05,4.69593542e-05,4.56837464e-05,4.42500928e-05,-2.21429450e-04,-1.49665947e-04,2.09998250e-02,1.22347763e-02,6.08714324e-02,0
0.990923,133.5532,-5.43049948e-05,-5.21796933e-05,6.67657506e-05,6.48992174e-05,5.02837858e-05,4.89276620e-05,4.39227315e-05,4.26379210e-05,-2.90740232e-04,-2.22214598e-04,1.43399786e-02,8.50690750e-03,5.81249986e-02,0
0.990923,137.3404,-5.82463292e-05,-5.71401242e-05,6.55086103e-05,6.45478141e-05,5.04738074e-05,5.01190736e-05,4.17585056e-05,4.06755304e-05,-3.60380702e-04,-3.00814451e-04,7.46386197e-03,4.37892258e-03,5.05254469e-02,0
0.990923,141.1277,-6.17589835e-05,-6.16779244e-05,6.33469474e-05,6.33560432e-05,4.97471258e-05,5.04152207e-05,3.92180980e-05,3.83704799e-05,-4.28409022e-04,-3.83653480e-04,5.46927430e-04,4.14551143e-05,3.79626668e-02,0
0.990923,144.9149,-6.48611257e-05,-6.57803949e-05,6.01852074e-05,6.12357723e-05,4.79780516e-05,4.97276452e-05,3.63368374e-05,3.57348725e-05,-4.92763708e-04,-4.68679640e-04,6.20255556e-03,4.78805226e-03,2.04286535e-02,0
0.990923,148.7021,-6.75952220e-05,-6.94412583e-05,5.59219474e-05,5.81294231e-05,4.50315919e-05,4.80016111e-05,3.31575019e-05,3.27852889e-05,-5.51314468e-04,-5.53672970e-04,1.24557022e-02,1.00607864e-02,2.00053473e-03,0
0.990923,152.4894,-7.02309893e-05,-7.26596328e-05,5.06702222e-05,5.40138112e-05,4.10729110e-05,4.52186257e-05,2.96730079e-05,2.95426420e-05,-6.03837845e-04,-6.36324738e-04,1.63867089e-02,1.52387338e-02,2.75561202e-02,0
0.990923,156.2766,-7.29545964e-05,-7.54388728e-05,4.46961560e-05,4.89021588e-05,3.64290231e-05,4.13975675e-05,2.58973481e-05,2.60319523e-05,-6.51010400e-04,-7.14320585e-04,1.67620793e-02,1.91692685e-02,5.37011366e-02,0
0.990923,160.0638,-7.56844919e-05,-7.77853402e-05,3.81483749e-05,4.28443458e-05,3.12403762e-05,3.65943754e-05,2.18937754e-05,2.22820479e-05,-6.92313255e-04,-7.85424519e-04,1.41749866e-02,2.14023463e-02,7.89790883e-02,0
0.990923,163.8511,-7.83038682e-05,-7.97071655e-05,3.11567210e-05,3.59255028e-05,2.56188769e-05,3.09003081e-05,1.77317346e-05,1.83251933e-05,-7.27117039e-04,-8.47560518e-04,9.46842351e-03,2.17341887e-02,1.02162894e-01,0
0.990923,167.6383,-8.06884782e-05,-8.12130630e-05,2.38625497e-05,2.82630836e-05,1.96869479e-05,2.44388402e-05,1.34850051e-05,1.41966540e-05,-7.54973086e-04,-8.98888633e-04,3.53951423e-03,2.00558629e-02,1.22072435e-01,0
0.990923,171.4255,-8.27030041e-05,-8.23112551e-05,1.64234593e-05,2.00025889e-05,1.35830864e-05,1.73613121e-05,9.23199747e-06,9.93420384e-06,-7.75675214e-04,-9.37872652e-04,2.64323553e-03,1.63122330e-02,1.37579551e-01,0
0.990923,175.2128,-8.41875167e-05,-8.30085594e-05,9.03942585e-06,1.13121459e-05,7.48906797e-06,9.84150367e-06,5.06212214e-06,5.57758473e-06,-7.89476748e-04,-9.63336743e-04,7.95474110e-03,1.03581439e-02,1.47471996e-01,0
0.990923,179.0000,-8.48946540e-05,-8.33096814e-05,1.88718595e-06,2.37617700e-06,1.56589214e-06,2.06933823e-06,1.05330558e-06,1.16792825e-06,-7.96371237e-04,-9.74508876e-04,1.06942347e-02,2.22862445e-03,1.51100391e-01,0
0.991888,1.0000,6.89552203e-05,6.74302803e-05,1.49991873e-06,2.13238995e-06,1.48196418e-06,2.10549250e-06,2.31383585e-07,3.37621416e-07,5.88516794e-04,7.70107043e-04,1.02891793e-02,2.88254936e-03,1.54028974e-01,0
0.991888,4.7872,6.87097667e-05,6.74960656e-05,7.16658484e-06,1.01380814e-05,7.07473204e-06,1.00077544e-05,1.14372415e-06,1.62035354e-06,5.84638322e-04,7.61659569e-04,8.18916687e-03,1.35428857e-02,1.50153442e-01,0
0.991888,8.5745,6.81599620e-05,6.76409349e-05,1.29010557e-05,1.78712016e-05,1.27028380e-05,1.76312017e-05,2.25280793e-06,2.91900161e-06,5.76665122e-04,7.42433246e-04,3.50201477e-03,2.26519255e-02,1.40608288e-01,0
0.991888,12.3617,6.74790021e-05,6.78484626e-05,1.87881125e-05,2.51276530e-05,1.84439365e-05,2.47663620e-05,3.57971747e-06,4.24573404e-06,5.65705209e-04,7.13075594e-04,2.49284893e-03,2.88930753e-02,1.25002907e-01,0
0.991888,16.1489,6.68270087e-05,6.80935532e-05,2.46212258e-05,3.17225492e-05,2.40919680e-05,3.12221960e-05,5.07758199e-06,5.61200534e-06,5.51126745e-04,6.74570868e-04,8.54571531e-03,3.23649749e-02,1.04708109e-01,0
0.991888,19.9362,6.63203367e-05,6.83432679e-05,3.02579679e-05,3.74978186e-05,2.95041974e-05,3.68332739e-05,6.71170295e-06,7.02825232e-06,5.32774709e-04,6.28201181e-04,1.36492592e-02,3.29963266e-02,8.09429011e-02,0
0.991888,23.7234,6.60523501e-05,6.85579091e-05,3.55791059e-05,4.23289038e-05,3.45611412e-05,4.14659479e-05,8.44986972e-06,8.50360282e-06,5.10727607e-04,5.75495868e-04,1.69056784e-02,3.07628630e-02,5.49379103e-02,0
0.991888,27.5106,6.60999293e-05,6.86923257e-05,4.04776417e-05,4.61303560e-05,3.91556815e-05,4.50232789e-05,1.02602188e-05,1.00456011e-05,4.85214481e-04,5.18171104e-04,1.74915935e-02,2.57627976e-02,2.79545562e-02,0
0.991888,31.2979,6.65242669e-05,6.86973970e-05,4.48528861e-05,4.88601787e-05,4.31868861e-05,4.74485252e-05,1.21109150e-05,1.16599536e-05,4.56553798e-04,4.58062178e-04,1.46626914e-02,1.82636275e-02,1.27944199e-03,0
0.991888,35.0851,6.72354004e-05,6.85216452e-05,4.84795348e-05,5.05228311e-05,4.64181673e-05,4.87270557e-05,1.39863878e-05,1.33502998e-05,4.24244958e-04,3.97051112e-04,8.67863853e-03,9.31252236e-03,2.30664377e-02,0
0.991888,38.8723,6.79015790e-05,6.81129240e-05,5.10507172e-05,5.11708443e-05,4.84970569e-05,4.88866142e-05,1.59440018e-05,1.51180112e-05,3.86977146e-04,3.36992503e-04,1.42600110e-03,5.47491351e-04,4.23981090e-02,0
0.991888,42.6596,6.83523721e-05,6.74201275e-05,5.26539029e-05,5.09050000e-05,4.94915072e-05,4.79959247e-05,1.79728742e-05,1.69620233e-05,3.45960410e-04,2.79640533e-04,6.29010417e-03,7.97079622e-03,5.62540261e-02,0
0.991888,46.4468,6.84842818e-05,6.63948651e-05,5.34468076e-05,4.98729118e-05,4.95455640e-05,4.61616923e-05,2.00449077e-05,1.88787046e-05,3.02862064e-04,2.26580067e-04,1.40978547e-02,1.62883792e-02,6.47041229e-02,0
0.991888,50.2340,6.82133098e-05,6.49930485e-05,5.35756463e-05,4.82655393e-05,4.87896642e-05,4.35241199e-05,2.21341038e-05,2.08617657e-05,2.59231689e-04,1.79164581e-04,2.17279663e-02,2.42013317e-02,6.79147393e-02,0
0.991888,54.0213,6.74592910e-05,6.31763411e-05,5.31551130e-05,4.63105129e-05,4.73151034e-05,4.02511155e-05,2.42228617e-05,2.29022118e-05,2.16329516e-04,1.38463407e-04,2.88982112e-02,3.11949336e-02,6.60478025e-02,0
0.991888,57.8085,6.61562223e-05,6.09134259e-05,5.23039795e-05,4.42601622e-05,4.52106402e-05,3.65314204e-05,2.63002717e-05,2.49883430e-05,1.75326209e-04,1.05220397e-04,3.53745525e-02,3.66604832e-02,5.94653417e-02,0
0.991888,61.5957,6.43499397e-05,5.81810538e-05,5.11975323e-05,4.23713264e-05,4.26219997e-05,3.25669273e-05,2.83646338e-05,2.71058029e-05,1.37619495e-04,7.98257043e-05,4.16231265e-02,4.02262952e-02,4.90220061e-02,0
0.991888,65.3830,6.19760349e-05,5.49648435e-05,4.99011162e-05,4.08750794e-05,3.95833508e-05,2.85644925e-05,3.03855184e-05,2.92376792e-05,1.05152523e-04,6.23017926e-05,4.73063878e-02,4.11370440e-02,3.63469623e-02,0
0.991888,69.1702,5.88771594e-05,5.12598124e-05,4.85146571e-05,3.99398801e-05,3.61813328e-05,2.47275637e-05,3.23200110e-05,3.13646556e-05,7.95129572e-05,5.23043007e-05,5.13962824e-02,3.90803835e-02,2.30790004e-02,0
0.991888,72.9574,5.49300270e-05,4.70706276e-05,4.72033824e-05,3.96408406e-05,3.25931746e-05,2.12479538e-05,3.41444620e-05,3.34652163e-05,6.16138497e-05,4.91377376e-05,5.30294746e-02,3.44670234e-02,1.05825216e-02,0
0.991888,76.7447,5.00152710e-05,4.24115761e-05,4.61380770e-05,3.99524623e-05,2.90476716e-05,1.82980853e-05,3.58462679e-05,3.55159023e-05,5.19252868e-05,5.17854369e-05,5.13041674e-02,2.81915433e-02,1.18623824e-04,0
0.991888,80.5319,4.40666115e-05,3.73062627e-05,4.54963839e-05,4.07724202e-05,2.58586060e-05,1.60240109e-05,3.74333199e-05,3.74916167e-05,5.07176049e-05,5.89526174e-05,4.56138854e-02,2.15299260e-02,6.98512464e-03,0
0.991888,84.3191,3.68888009e-05,3.17870527e-05,4.53870581e-05,4.19651851e-05,2.33236445e-05,1.45394864e-05,3.89357503e-05,3.93659763e-05,5.72824913e-05,6.91208777e-05,3.44228624e-02,1.55955206e-02,1.00415882e-02,0
0.991888,88.1064,2.79833872e-05,2.58942865e-05,4.59708636e-05,4.34047900e-05,2.18272526e-05,1.39213299e-05,4.04585138e-05,4.11117060e-05,6.97140890e-05,8.06120000e-05,1.40957220e-02,1.16951308e-02,9.24385555e-03,0
0.991888,91.8936,1.77420581e-05,1.96752980e-05,4.74333406e-05,4.50022099e-05,2.18449763e-05,1.42062509e-05,4.21036675e-05,4.27010694e-05,8.45072261e-05,9.16585616e-05,1.30440881e-02,1.10801159e-02,6.06592518e-03,0
0.991888,95.6809,8.22673665e-06,1.31832761e-05,4.97287859e-05,4.67140045e-05,2.35300397e-05,1.53892773e-05,4.38096950e-05,4.41063301e-05,9.70762545e-05,1.00478580e-04,3.34431006e-02,1.37401609e-02,2.88592950e-03,0
0.991888,99.4681,-1.66008860e-07,6.47601259e-06,5.25178180e-05,4.85355707e-05,2.63723634e-05,1.74238417e-05,4.54160727e-05,4.53002358e-05,1.02690305e-04,1.05351246e-04,4.48154991e-02,1.81494812e-02,2.25707046e-03,0
0.991888,103.2553,-7.91942114e-06,-3.85419281e-07,5.55203886e-05,5.04842191e-05,2.98936143e-05,2.02235272e-05,4.67855252e-05,4.62565166e-05,9.85719940e-05,1.04690757e-04,5.08339300e-02,2.29528342e-02,5.19007334e-03,0
0.991888,107.0426,-1.51912165e-05,-7.33800762e-06,5.85647852e-05,5.25774706e-05,3.37786874e-05,2.36654055e-05,4.78417636e-05,4.69503887e-05,8.35974573e-05,9.71153134e-05,5.29877056e-02,2.72877710e-02,1.14661526e-02,0
0.991888,110.8298,-2.19857152e-05,-1.43181227e-05,6.14884972e-05,5.48119966e-05,3.77616803e-05,2.75948377e-05,4.85272170e-05,4.73590530e-05,5.75257108e-05,8.15085415e-05,5.17353023e-02,3.04288039e-02,2.03427817e-02,0
0.991888,114.6170,-2.83688111e-05,-2.12627722e-05,6.41298241e-05,5.71481071e-05,4.15920290e-05,3.18315512e-05,4.88132919e-05,4.74621796e-05,2.09081584e-05,5.70708719e-05,4.79463492e-02,3.18198571e-02,3.06740349e-02,0
0.991888,118.4043,-3.44026888e-05,-2.81107538e-05,6.63462034e-05,5.95029315e-05,4.50712186e-05,3.61767564e-05,4.86867945e-05,4.72423660e-05,-2.51555200e-05,2.33588124e-05,4.24533723e-02,3.11888805e-02,4.11509585e-02,0
0.991888,122.1915,-4.01749099e-05,-3.48036709e-05,6.80622430e-05,6.17527388e-05,4.80958283e-05,4.04210240e-05,4.81586983e-05,4.66855606e-05,-7.88361377e-05,-1.96894953e-05,3.62411891e-02,2.87561816e-02,5.01695254e-02,0
0.991888,125.9787,-4.56731798e-05,-4.12867886e-05,6.92335404e-05,6.37424095e-05,5.06192279e-05,4.43526152e-05,4.72332179e-05,4.57814405e-05,-1.37905277e-04,-7.17435081e-05,2.95961574e-02,2.50263652e-02,5.61199147e-02,0
0.991888,129.7660,-5.07691104e-05,-4.75097080e-05,6.97207398e-05,6.52989119e-05,5.24874691e-05,4.77659394e-05,4.58916892e-05,4.45237345e-05,-2.00646627e-04,-1.32084800e-04,2.19920619e-02,2.01529123e-02,5.81556990e-02,0
0.991888,133.5532,-5.54739189e-05,-5.34268524e-05,6.94087616e-05,6.62458369e-05,5.35687234e-05,5.04698065e-05,4.41357911e-05,4.29104827e-05,-2.65306655e-04,-1.99626772e-04,1.38121060e-02,1.44153383e-02,5.57111687e-02,0
0.991888,137.3404,-5.98013402e-05,-5.89977603e-05,6.81951448e-05,6.64169598e-05,5.37429817e-05,5.22951517e-05,4.19793961e-05,4.09442262e-05,-3.30084114e-04,-2.72948861e-04,5.42196911e-03,8.10425196e-03,4.84634188e-02,0
0.991888,141.1277,-6.37464194e-05,-6.41871927e-05,6.59736836e-05,6.56677648e-05,5.28803652e-05,5.31019271e-05,3.94486235e-05,3.86321196e-05,-3.93039768e-04,-3.50344002e-04,2.97401579e-03,1.39425482e-03,3.62155188e-02,0
0.991888,144.9149,-6.73228345e-05,-6.89650684e-05,6.26326329e-05,6.38845395e-05,5.08417219e-05,5.27848920e-05,3.65782177e-05,3.59859633e-05,-4.52125662e-04,-4.29877549e-04,1.10805925e-02,5.70568661e-03,1.88713550e-02,0
0.991888,148.7021,-7.06300595e-05,-7.33062460e-05,5.81108168e-05,6.09910078e-05,4.75564902e-05,5.12780707e-05,3.33953180e-05,3.30221516e-05,-5.05694414e-04,-5.09455458e-04,1.80569479e-02,1.31267520e-02,3.19020278e-03,0
0.991888,152.4894,-7.39889439e-05,-7.71901801e-05,5.26397663e-05,5.69526085e-05,4.33404942e-05,4.85577033e-05,2.98755177e-05,2.97615366e-05,-5.54393400e-04,-5.86899120e-04,2.15995992e-02,1.96561994e-02,2.75720894e-02,0
0.991888,156.2766,-7.74245151e-05,-8.06004804e-05,4.64391841e-05,5.17785650e-05,3.84355981e-05,4.46435710e-05,2.60634345e-05,2.62292083e-05,-5.98314050e-04,-6.60023999e-04,2.14290896e-02,2.43347501e-02,5.23437799e-02,0
0.991888,160.0638,-8.08101928e-05,-8.35244080e-05,3.96372297e-05,4.55218990e-05,3.29549348e-05,3.95986422e-05,2.20245828e-05,2.24541939e-05,-6.36789288e-04,-7.26719074e-04,1.83135373e-02,2.68199552e-02,7.62804870e-02,0
0.991888,163.8511,-8.40108925e-05,-8.59523418e-05,3.23724750e-05,3.82775400e-05,2.70199789e-05,3.35270504e-05,1.78296910e-05,1.84690810e-05,-6.69280311e-04,-7.85024031e-04,1.30994792e-02,2.69129102e-02,9.81764516e-02,0
0.991888,167.6383,-8.68832368e-05,-8.78772514e-05,2.47985296e-05,3.01787053e-05,2.07664791e-05,2.65704800e-05,1.35543505e-05,1.43095719e-05,-6.95443123e-04,-8.33201250e-04,6.70688265e-03,2.45206763e-02,1.16849572e-01,0
0.991888,171.4255,-8.92693867e-05,-8.92942062e-05,1.70936530e-05,2.13917474e-05,1.43550237e-05,1.89030991e-05,9.28042391e-06,1.00139752e-05,-7.15214500e-04,-8.69799822e-04,1.67464021e-04,1.95889848e-02,1.31122781e-01,0
0.991888,175.2128,-9.09739172e-05,-9.01999526e-05,9.49923371e-06,1.21096995e-05,8.01085171e-06,1.07252351e-05,5.10506572e-06,5.62264666e-06,-7.29049505e-04,-8.93709128e-04,5.22214665e-03,1.18974529e-02,1.39668032e-01,0
0.991888,179.0000,-9.17460917e-05,-9.05925815e-05,1.98626753e-06,2.54478704e-06,1.67845545e-06,2.25603546e-06,1.06209509e-06,1.17738909e-06,-7.35556954e-04,-9.04199924e-04,7.78304258e-03,2.54550726e-03,1.43046797e-01,0
0.992854,1.0000,7.41889900e-05,7.33367170e-05,1.58281562e-06,2.29827246e-06,1.56407168e-06,2.27158965e-06,2.42868474e-07,3.49194461e-07,5.34214088e-04,7.03572811e-04,5.75051419e-03,3.26076442e-03,1.43653915e-01,0
0.992854,4.7872,7.39067474e-05,7.33242390e-05,7.56239499e-06,1.09223567e-05,7.46600660e-06,1.07930832e-05,1.20356277e-06,1.67547885e-06,5.30643529e-04,6.95726242e-04,3.93034061e-03,1.53133536e-02,1.40026906e-01,0
0.992854,8.5745,7.32317390e-05,7.32910972e-05,1.34913605e-05,1.92356405e-05,1.32866854e-05,1.89976313e-05,2.34111055e-06,3.01659902e-06,5.22709933e-04,6.77868584e-04,4.00505449e-04,2.61801172e-02,1.31609092e-01,0
0.992854,12.3617,7.22775937e-05,7.32271341e-05,1.95487880e-05,2.70054272e-05,1.91971037e-05,2.66472223e-05,3.69138482e-06,4.38390698e-06,5.11948384e-04,6.50603669e-04,6.40680346e-03,3.39843613e-02,1.17610562e-01,0
0.992854,16.1489,7.12458404e-05,7.31167809e-05,2.55914096e-05,3.40209693e-05,2.50528054e-05,3.35249788e-05,5.22275698e-06,5.78810415e-06,4.98204958e-04,6.14849350e-04,1.26237367e-02,3.84185416e-02,9.89404227e-02,0
0.992854,19.9362,7.02785443e-05,7.29395073e-05,3.14474201e-05,4.01021583e-05,3.06822003e-05,3.94433838e-05,6.89513017e-06,7.23896233e-06,4.81166854e-04,5.71801255e-04,1.79542307e-02,3.94448145e-02,7.68781566e-02,0
0.992854,23.7234,6.94887469e-05,7.26704144e-05,3.69823905e-05,4.51071880e-05,3.59508294e-05,4.42513552e-05,8.67381568e-06,8.74505391e-06,4.60818544e-04,5.22885574e-04,2.14675632e-02,3.70295580e-02,5.26466643e-02,0
0.992854,27.5106,6.89708045e-05,7.22809542e-05,4.20792274e-05,4.89389755e-05,4.07416128e-05,4.78398908e-05,1.05253202e-05,1.03134946e-05,4.37308593e-04,4.69702770e-04,2.23344673e-02,3.12639719e-02,2.74774767e-02,0
0.992854,31.2979,6.88043004e-05,7.17397561e-05,4.66323265e-05,5.15501975e-05,4.49488558e-05,5.01460615e-05,1.24166919e-05,1.19497018e-05,4.10912666e-04,4.13964423e-04,1.98063068e-02,2.24136773e-02,2.58856968e-03,0
0.992854,35.0851,6.90139266e-05,7.10135373e-05,5.05017244e-05,5.29468853e-05,4.84296915e-05,5.11551981e-05,1.43174421e-05,1.36571726e-05,3.81711173e-04,3.57425745e-04,1.34919092e-02,1.11440595e-02,2.05994515e-02,0
0.992854,38.8723,6.93442931e-05,7.00680703e-05,5.33674913e-05,5.31906038e-05,5.08314714e-05,5.09011844e-05,1.62557880e-05,1.54372849e-05,3.48523374e-04,3.01816423e-04,4.88351892e-03,8.06181854e-04,3.96178966e-02,0
0.992854,42.6596,6.95175199e-05,6.88691846e-05,5.51253915e-05,5.23992832e-05,5.20110586e-05,4.94648462e-05,1.82663234e-05,1.72891256e-05,3.11295679e-04,2.48772561e-04,4.37449206e-03,1.24245050e-02,5.30335294e-02,0
0.992854,46.4468,6.94297200e-05,6.73837711e-05,5.59487380e-05,5.07466951e-05,5.21274679e-05,4.69705005e-05,2.03221153e-05,1.92093504e-05,2.71709118e-04,1.99772416e-04,1.38045659e-02,2.37088186e-02,6.10183443e-02,0
0.992854,50.2340,6.89993900e-05,6.55807664e-05,5.59998238e-05,4.84601930e-05,5.13254328e-05,4.35807995e-05,2.23982190e-05,2.11920792e-05,2.31337009e-04,1.56078501e-04,2.30663696e-02,3.43626041e-02,6.38359758e-02,0
0.992854,54.0213,6.81664451e-05,6.34320895e-05,5.54290607e-05,4.58153300e-05,4.97325059e-05,3.94900738e-05,2.44756742e-05,2.32288298e-05,1.91609489e-04,1.18688366e-04,3.19439665e-02,4.38155167e-02,6.18533531e-02,0
0.992854,57.8085,6.68848236e-05,6.09135064e-05,5.43560569e-05,4.31239784e-05,4.74291693e-05,3.49164364e-05,2.65528684e-05,2.53084963e-05,1.53560912e-04,8.82960248e-05,4.02900776e-02,5.11912949e-02,5.53591593e-02,0
0.992854,61.5957,6.51885920e-05,5.80054042e-05,5.29357552e-05,4.07099308e-05,4.45266931e-05,3.00929582e-05,2.86280942e-05,2.74173728e-05,1.18696090e-04,6.52655982e-05,4.84668938e-02,5.57203887e-02,4.53209566e-02,0
0.992854,65.3830,6.29098995e-05,5.46934530e-05,5.12369743e-05,3.88657404e-05,4.10590073e-05,2.52582631e-05,3.06493957e-05,2.95392269e-05,8.90908054e-05,4.96182261e-05,5.54385671e-02,5.63831068e-02,3.34815382e-02,0
0.992854,69.1702,5.99046852e-05,5.09691434e-05,4.94381723e-05,3.77936614e-05,3.71808484e-05,2.06469119e-05,3.25840052e-05,3.16554241e-05,6.60551798e-05,4.10328157e-05,6.02904957e-02,5.30709957e-02,2.12245375e-02,0
0.992854,72.9574,5.60378201e-05,4.68301886e-05,4.77522429e-05,3.75542419e-05,3.31080746e-05,1.64799556e-05,3.44112205e-05,3.37451055e-05,5.04070340e-05,3.88606208e-05,6.21263575e-02,4.64783859e-02,9.79392984e-03,0
0.992854,76.7447,5.11635996e-05,4.22807827e-05,4.63843929e-05,3.80585705e-05,2.90988428e-05,1.29560289e-05,3.61215898e-05,3.57854174e-05,4.25181441e-05,4.21531109e-05,5.99347466e-02,3.79457492e-02,3.09629434e-04,0
0.992854,80.5319,4.51409594e-05,3.73317149e-05,4.55234098e-05,3.91167974e-05,2.54806162e-05,1.02433358e-05,3.77242499e-05,3.77517935e-05,4.24488187e-05,4.97020588e-05,5.26910662e-02,2.91987616e-02,6.15236299e-03,0
0.992854,84.3191,3.77011782e-05,3.20003397e-05,4.53264364e-05,4.05141663e-05,2.26418004e-05,8.47284403e-06,3.92662032e-05,3.96182860e-05,4.96351987e-05,6.00902921e-05,3.84650854e-02,2.19323912e-02,8.86824770e-03,0
0.992854,88.1064,2.84457244e-05,2.63104091e-05,4.59654708e-05,4.20746732e-05,2.10195052e-05,7.73295677e-06,4.08779269e-05,4.13579437e-05,6.19944874e-05,7.17511257e-05,1.44075449e-02,1.77326903e-02,8.27580219e-03,0
0.992854,91.8936,1.82483769e-05,2.02917747e-05,4.74552787e-05,4.36941575e-05,2.10758007e-05,8.06587349e-06,4.25183972e-05,4.29432309e-05,7.60300529e-05,8.30341484e-05,1.37873526e-02,1.71416776e-02,5.94103287e-03,0
0.992854,95.6809,8.35761872e-06,1.39799734e-05,4.97226353e-05,4.53454694e-05,2.28869633e-05,9.46578440e-06,4.41421270e-05,4.43464826e-05,8.82095975e-05,9.22747766e-05,3.79355342e-02,1.99493614e-02,3.44817730e-03,0
0.992854,99.4681,-3.38871414e-07,7.41570934e-06,5.26183592e-05,4.70641772e-05,2.60651066e-05,1.18789718e-05,4.57088826e-05,4.55403865e-05,9.47315766e-05,9.78648348e-05,5.23222349e-02,2.53137273e-02,2.65770073e-03,0
0.992854,103.2553,-8.22685156e-06,6.44249770e-07,5.58384166e-05,4.89216320e-05,3.00543408e-05,1.52058166e-05,4.70602312e-05,4.64984862e-05,9.24307127e-05,9.83213720e-05,5.98556986e-02,3.15239214e-02,4.99659101e-03,1
0.992854,107.0426,-1.55266844e-05,-6.28524774e-06,5.91898140e-05,5.09911989e-05,3.44931012e-05,1.93046334e-05,4.81005202e-05,4.71956936e-05,7.99484613e-05,9.23509870e-05,6.23544503e-02,3.73659889e-02,1.05201040e-02,0
0.992854,110.8298,-2.23271180e-05,-1.33204584e-05,6.24859951e-05,5.33147536e-05,3.90579230e-05,2.39971857e-05,4.87747704e-05,4.76088021e-05,5.70560309e-05,7.89071016e-05,6.07703468e-02,4.17988288e-02,1.85345745e-02,0
0.992854,114.6170,-2.87201092e-05,-2.04066447e-05,6.55358764e-05,5.58775926e-05,4.34612555e-05,2.90756664e-05,4.90517111e-05,4.77169884e-05,2.42014343e-05,5.72378902e-05,5.60931732e-02,4.40185717e-02,2.80222722e-02,0
0.992854,118.4043,-3.47768391e-05,-2.74874249e-05,6.81582121e-05,5.85978144e-05,4.74638585e-05,3.43108726e-05,4.89154783e-05,4.75022933e-05,-1.76478860e-05,2.69229352e-05,4.91836318e-02,4.35724467e-02,3.78059828e-02,0
0.992854,122.1915,-4.05689402e-05,-3.45055372e-05,7.02099752e-05,6.13310650e-05,5.08926210e-05,3.94612540e-05,4.83671556e-05,4.69500689e-05,-6.69764702e-05,-1.21028885e-05,4.09114052e-02,4.04665004e-02,4.65450182e-02,0
0.992854,125.9787,-4.61842917e-05,-4.14035869e-05,7.16487123e-05,6.38864915e-05,5.37000886e-05,4.42824819e-05,4.74324621e-05,4.60493821e-05,-1.21462799e-04,-5.95393011e-05,3.22566968e-02,3.53770799e-02,5.25249170e-02,0
0.992854,129.7660,-5.15114874e-05,-4.81247599e-05,7.23413975e-05,6.60477238e-05,5.57549503e-05,4.85371646e-05,4.60940703e-05,4.47933641e-05,-1.79258619e-04,-1.14724743e-04,2.28511584e-02,2.86840329e-02,5.47390995e-02,0
0.992854,133.5532,-5.65469788e-05,-5.46134941e-05,7.21552314e-05,6.75937794e-05,5.69193422e-05,5.20043279e-05,4.43459796e-05,4.31794962e-05,-2.38712093e-04,-1.76654648e-04,1.30457396e-02,2.07892632e-02,5.26385346e-02,0
0.992854,137.3404,-6.12644582e-05,-6.08160990e-05,7.09672117e-05,6.83170785e-05,5.70562133e-05,5.44882893e-05,4.22011098e-05,4.12098233e-05,-2.98013344e-04,-2.44013227e-04,3.02519964e-03,1.20782412e-02,4.58041260e-02,0
0.992854,141.1277,-6.56524077e-05,-6.66813170e-05,6.86534955e-05,6.80376628e-05,5.60219055e-05,5.58265778e-05,3.96843614e-05,3.88910886e-05,-3.55243579e-04,-3.15217589e-04,6.94232652e-03,2.80671735e-03,3.39509538e-02,0
0.992854,144.9149,-6.97211249e-05,-7.21608238e-05,6.50855322e-05,6.66137231e-05,5.36631944e-05,5.58965877e-05,3.68291741e-05,3.62347843e-05,-4.08384235e-04,-3.88472553e-04,1.64613023e-02,6.96487931e-03,1.68895409e-02,0
0.992854,148.7021,-7.37124363e-05,-7.72096656e-05,6.03320906e-05,6.39488619e-05,5.00936778e-05,5.46207040e-05,3.36241669e-05,3.32571139e-05,-4.56926250e-04,-4.61834078e-04,2.35967429e-02,1.64837885e-02,4.16293142e-03,0
0.992854,152.4894,-7.78398030e-05,-8.17866343e-05,5.46609193e-05,5.99965162e-05,4.56469569e-05,5.19696982e-05,3.00694433e-05,2.99788663e-05,-5.01525809e-04,-5.33278896e-04,2.66303286e-02,2.43175043e-02,2.69336892e-02,0
0.992854,156.2766,-8.20035730e-05,-8.58545837e-05,4.82289864e-05,5.47618587e-05,4.04768447e-05,4.79642573e-05,2.62232754e-05,2.64252000e-05,-5.41755937e-04,-6.00777698e-04,2.59838015e-02,2.97742037e-02,5.00635983e-02,0
0.992854,160.0638,-8.60557235e-05,-8.93806903e-05,4.11702834e-05,4.83014117e-05,3.47026487e-05,4.26745856e-05,2.21521650e-05,2.26253422e-05,-5.77024506e-04,-6.62369071e-04,2.24344423e-02,3.25008137e-02,7.23911988e-02,0
0.992854,163.8511,-8.98410318e-05,-9.23366629e-05,3.36340874e-05,4.07205650e-05,2.84574644e-05,3.62180920e-05,1.79283171e-05,1.86122064e-05,-6.06901891e-04,-7.16231348e-04,1.68386925e-02,3.22973138e-02,9.27357285e-02,0
0.992854,167.6383,-9.31941962e-05,-9.46989089e-05,2.57896988e-05,3.21691861e-05,2.18938743e-05,2.87552487e-05,1.36296307e-05,1.44219350e-05,-6.31162815e-04,-7.60749616e-04,1.01527001e-02,2.90751366e-02,1.09918468e-01,0
0.992854,171.4255,-9.59299564e-05,-9.64486601e-05,1.78447961e-05,2.28355343e-05,1.52033440e-05,2.04837832e-05,9.34318352e-06,1.00933767e-05,-6.49922470e-04,-7.94575306e-04,3.49983324e-03,2.27457768e-02,1.22697821e-01,0
0.992854,175.2128,-9.78106343e-05,-9.75720662e-05,9.98296751e-06,1.29387286e-05,8.55164620e-06,1.16314254e-05,5.15062983e-06,5.66750762e-06,-6.63176478e-04,-8.16676070e-04,1.60968282e-03,1.34711701e-02,1.30201840e-01,0
0.992854,179.0000,-9.86468317e-05,-9.80602584e-05,2.08738223e-06,2.72006089e-06,1.79193847e-06,2.44749197e-06,1.07057045e-06,1.18680845e-06,-6.69145077e-04,-8.26374030e-04,3.95776773e-03,2.88349481e-03,1.33365169e-01,0
0.993820,1.0000,7.94460693e-05,7.94113223e-05,1.66611946e-06,2.46859209e-06,1.64665102e-06,2.44209787e-06,2.53957601e-07,3.60700579e-07,4.75691513e-04,6.30581770e-04,2.34446998e-04,3.65734740e-03,1.31381434e-01,0
0.993820,4.7872,7.91270421e-05,7.93166982e-05,7.96017880e-06,1.17275600e-05,7.85940258e-06,1.15992149e-05,1.26263122e-06,1.73028204e-06,4.72464788e-04,6.23437765e-04,1.27966056e-03,1.71702077e-02,1.28058708e-01,0
0.993820,8.5745,7.83559045e-05,7.90967247e-05,1.41756103e-05,2.06362800e-05,1.39626538e-05,2.04000360e-05,2.44790248e-06,3.11361249e-06,4.65239955e-04,6.07179904e-04,4.99851223e-03,2.94451334e-02,1.20396688e-01,0
0.993820,12.3617,7.71627479e-05,7.87478471e-05,2.03651765e-05,2.89325423e-05,2.00051428e-05,2.85770983e-05,3.81243703e-06,4.52122264e-06,4.54716369e-04,5.82359969e-04,1.06950889e-02,3.90466064e-02,1.08270201e-01,0
0.993820,16.1489,7.57647500e-05,7.82645333e-05,2.65947913e-05,3.63789064e-05,2.60469548e-05,3.58868609e-05,5.37020221e-06,5.96305657e-06,4.41908918e-04,5.49816701e-04,1.68667076e-02,4.45920601e-02,9.15298318e-02,0
0.993820,19.9362,7.43374672e-05,7.76393255e-05,3.26598577e-05,4.27725074e-05,3.18841572e-05,4.21190152e-05,7.07579153e-06,7.44821773e-06,4.26373425e-04,5.10642683e-04,2.22785228e-02,4.60893888e-02,7.14790983e-02,0
0.993820,23.7234,7.30174025e-05,7.68629162e-05,3.84058156e-05,4.79537094e-05,3.73624616e-05,4.71044906e-05,8.89118295e-06,8.98472081e-06,4.07976945e-04,4.66141210e-04,2.59467119e-02,4.35154590e-02,4.93362501e-02,0
0.993820,27.5106,7.19188335e-05,7.59242506e-05,4.37025164e-05,5.18133733e-05,4.23518544e-05,5.07218403e-05,1.07810188e-05,1.05792519e-05,3.86778165e-04,4.17774851e-04,2.70256226e-02,3.69660229e-02,2.62920933e-02,0
0.993820,31.2979,7.11400074e-05,7.48106611e-05,4.84352062e-05,5.42986052e-05,4.67375390e-05,5.29017564e-05,1.27110836e-05,1.22369398e-05,3.62974065e-04,3.67107756e-04,2.47668840e-02,2.67230136e-02,3.50629092e-03,0
0.993820,35.0851,7.07627776e-05,7.35080374e-05,5.24971278e-05,5.54169723e-05,5.04122416e-05,5.36295381e-05,1.46476729e-05,1.39611410e-05,3.36832409e-04,3.15743987e-04,1.85230039e-02,1.33074765e-02,1.78876787e-02,0
0.993820,38.8723,7.06915353e-05,7.20010368e-05,5.56553080e-05,5.52393125e-05,5.31290682e-05,5.29454152e-05,1.65775578e-05,1.57532429e-05,3.07864737e-04,2.65264328e-04,8.83555760e-03,1.89594023e-03,3.61346343e-02,0
0.993820,42.6596,7.05762378e-05,7.02733380e-05,5.76210683e-05,5.39013902e-05,5.45488631e-05,5.09427141e-05,1.85636483e-05,1.76124883e-05,2.74985459e-04,2.17164095e-04,2.04374588e-03,1.69527964e-02,4.90453934e-02,0
0.993820,46.4468,7.02664090e-05,6.83079418e-05,5.85092141e-05,5.16046748e-05,5.47636074e-05,4.77639400e-05,2.05979475e-05,1.95358260e-05,2.39424385e-04,1.72794402e-04,1.32143029e-02,3.14681126e-02,5.65170646e-02,0
0.993820,50.2340,6.96844919e-05,6.60875193e-05,5.85005549e-05,4.86161811e-05,5.39349374e-05,4.35949275e-05,2.26569516e-05,2.15177919e-05,2.02772944e-04,1.33309246e-04,2.42697383e-02,4.50489992e-02,5.89206863e-02,0
0.993820,54.0213,6.87858320e-05,6.35948073e-05,5.77715319e-05,4.52659769e-05,5.22136391e-05,3.86572915e-05,2.47241944e-05,2.35504241e-05,1.66513693e-04,9.96205090e-05,3.50252347e-02,5.69952888e-02,5.67403177e-02,0
0.993820,57.8085,6.75891348e-05,6.08130504e-05,5.64828791e-05,4.19375065e-05,4.97167796e-05,3.31994744e-05,2.68059220e-05,2.56232190e-05,1.31771650e-04,7.23626910e-05,4.57200577e-02,6.62919564e-02,5.03920283e-02,0
0.993820,61.5957,6.59962762e-05,5.77264826e-05,5.46974173e-05,3.90396322e-05,4.64523732e-05,2.74867418e-05,2.88787895e-05,2.77231295e-05,1.00253052e-04,5.18687852e-05,5.57985141e-02,7.13618850e-02,4.10406340e-02,0
0.993820,65.3830,6.38247990e-05,5.43208449e-05,5.25650134e-05,3.69449709e-05,4.25275866e-05,2.17905214e-05,3.08947409e-05,2.98346116e-05,7.37567865e-05,3.81582840e-05,6.41257254e-02,7.11898697e-02,3.01954583e-02,0
0.993820,69.1702,6.09233311e-05,5.05839289e-05,5.03271702e-05,3.58938492e-05,3.81477569e-05,1.63775039e-05,3.28264025e-05,3.19397209e-05,5.34420630e-05,3.09378158e-05,6.97627180e-02,6.57812704e-02,1.90886136e-02,0
0.993820,72.9574,5.71380148e-05,4.65061357e-05,4.82470997e-05,3.59091590e-05,3.35667250e-05,1.14989351e-05,3.46562779e-05,3.40182627e-05,4.00438287e-05,2.96144167e-05,7.17361380e-02,5.62313699e-02,8.84646413e-03,0
0.993820,76.7447,5.22951164e-05,4.20810384e-05,4.65724479e-05,3.67957886e-05,2.90786081e-05,7.38052180e-06,3.63789425e-05,3.60479951e-05,3.38826349e-05,3.33209432e-05,6.89171219e-02,4.45580803e-02,4.76439650e-04,0
0.993820,80.5319,4.61545576e-05,3.73059326e-05,4.55077592e-05,3.82377277e-05,2.50268209e-05,4.21334948e-06,3.80080831e-05,3.80048879e-05,3.48176791e-05,4.09526467e-05,5.97040450e-02,3.31338788e-02,5.20381887e-03,0
0.993820,84.3191,3.83300319e-05,3.21823613e-05,4.52644831e-05,3.99211635e-05,2.18866504e-05,2.14616932e-06,3.96213069e-05,3.98634326e-05,4.22613374e-05,5.12134931e-05,4.14799813e-02,2.43527007e-02,7.59342175e-03,0
0.993820,88.1064,2.88879572e-05,2.67165959e-05,4.59606010e-05,4.16166737e-05,2.01732711e-05,1.27936061e-06,4.12966824e-05,4.15970043e-05,5.40466141e-05,6.26704163e-05,1.46507563e-02,1.97978730e-02,7.31490487e-03,0
0.993820,91.8936,1.87732738e-05,2.09200589e-05,4.74774581e-05,4.32101979e-05,2.02687115e-05,1.66080715e-06,4.29335343e-05,4.31782691e-05,6.70825697e-05,7.38133814e-05,1.44849348e-02,1.94484553e-02,5.70922740e-03,0
0.993820,95.6809,8.66854567e-06,1.48096696e-05,4.97218854e-05,4.47004169e-05,2.21905860e-05,3.28385225e-06,4.44954355e-05,4.45796320e-05,7.86035766e-05,8.31188971e-05,4.14358095e-02,2.28858331e-02,3.82999742e-03,0
0.993820,99.4681,-4.58988182e-07,8.40809988e-06,5.26716342e-05,4.61767247e-05,2.56640441e-05,6.08741480e-06,4.59962813e-05,4.57737183e-05,8.55821263e-05,8.91144732e-05,5.98286199e-02,2.96011844e-02,2.99621691e-03,0
0.993820,103.2553,-8.52081596e-06,1.74392386e-06,5.60984506e-05,4.77830792e-05,3.01329805e-05,9.95826474e-06,4.73184916e-05,4.67338809e-05,8.48419296e-05,9.04414780e-05,6.92589510e-02,3.78981174e-02,4.74966408e-03,1
0.993820,107.0426,-1.58563153e-05,-5.14834889e-06,5.97644229e-05,4.96707557e-05,3.51435662e-05,1.47353708e-05,4.83395904e-05,4.74347217e-05,7.47716191e-05,8.59139019e-05,7.22495196e-02,4.60028742e-02,9.45113737e-03,0
0.993820,110.8298,-2.26605121e-05,-1.22283674e-05,6.34552793e-05,5.19477237e-05,4.03150069e-05,2.02161526e-05,4.90027825e-05,4.78526193e-05,5.51026370e-05,7.45706921e-05,7.03884771e-02,5.24468088e-02,1.65132465e-02,0
0.993820,114.6170,-2.90514261e-05,-1.94501660e-05,6.69462676e-05,5.46382338e-05,4.53201944e-05,2.61643939e-05,4.92735500e-05,4.79662494e-05,2.61902257e-05,5.57195630e-05,6.47822757e-02,5.60950666e-02,2.50474545e-02,0
0.993820,118.4043,-3.51168698e-05,-2.67625281e-05,7.00143068e-05,5.76653275e-05,4.98793767e-05,3.23195085e-05,4.91329924e-05,4.77570871e-05,-1.11183713e-05,2.89705203e-05,5.63689830e-02,5.62816795e-02,3.40043083e-02,0
0.993820,122.1915,-4.09329199e-05,-3.41094849e-05,7.24612336e-05,6.08593030e-05,5.37671994e-05,3.84067975e-05,4.85769353e-05,4.72098789e-05,-5.54985310e-05,-5.74226883e-06,4.60395445e-02,5.28769320e-02,4.22043916e-02,0
0.993820,125.9787,-4.65988797e-05,-4.14309463e-05,7.41729709e-05,6.39841603e-05,5.68618594e-05,4.41482968e-05,4.76272879e-05,4.63130722e-05,-1.04947469e-04,-4.81511748e-05,3.48694317e-02,4.64364996e-02,4.81759068e-02,0
0.993820,129.7660,-5.21541617e-05,-4.86634547e-05,7.50743494e-05,6.67700317e-05,5.91033604e-05,4.92737901e-05,4.62920157e-05,4.50591916e-05,-1.57287504e-04,-9.76587990e-05,2.35527363e-02,3.78477389e-02,5.05784218e-02,0
0.993820,133.5532,-5.75108720e-05,-5.57410504e-05,7.50032692e-05,6.89427928e-05,6.03352425e-05,5.35315567e-05,4.45550098e-05,4.34451507e-05,-2.10934068e-04,-1.53354583e-04,1.19414611e-02,2.76212132e-02,4.88402274e-02,0
0.993820,137.3404,-6.26186393e-05,-6.25962325e-05,7.38142134e-05,7.02472756e-05,6.04034179e-05,5.66984328e-05,4.24259968e-05,4.14724903e-05,-2.64106667e-04,-2.14043747e-04,1.51184566e-04,1.62566674e-02,4.24645052e-02,0
0.993820,141.1277,-6.74578839e-05,-6.91609974e-05,7.13635086e-05,7.04640051e-05,5.91479959e-05,5.85887913e-05,3.99282474e-05,3.91475356e-05,-3.14915925e-04,-2.78287501e-04,1.14913631e-02,4.09957519e-03,3.10690605e-02,0
0.993820,144.9149,-7.20975136e-05,-7.53679313e-05,6.75567645e-05,6.94206562e-05,5.64717729e-05,5.90620879e-05,3.70790412e-05,3.64814649e-05,-3.61773360e-04,-3.44453005e-04,2.20663852e-02,8.49486834e-03,1.46915188e-02,0
0.993820,148.7021,-7.68667387e-05,-8.11513359e-05,6.26041541e-05,6.69994511e-05,5.26684535e-05,5.80286750e-05,3.38424898e-05,3.34902871e-05,-4.05152900e-04,-4.10771207e-04,2.89093252e-02,2.00319954e-02,4.76557571e-03,0
0.993820,152.4894,-8.17856459e-05,-8.64483586e-05,5.67289371e-05,6.31413451e-05,4.79877239e-05,5.54536566e-05,3.02547626e-05,3.01947253e-05,-4.45179651e-04,-4.75400349e-04,3.14605720e-02,2.92251762e-02,2.56338818e-02,0
0.993820,156.2766,-8.66941715e-05,-9.12001036e-05,5.00617208e-05,5.78475015e-05,4.25489844e-05,5.13586285e-05,2.63772593e-05,2.66200058e-05,-4.81277397e-04,-5.36492712e-04,3.04027319e-02,3.54844565e-02,4.68348846e-02,0
0.993820,160.0638,-9.14225093e-05,-9.53526956e-05,4.27461562e-05,5.11783446e-05,3.64820742e-05,4.58212347e-05,2.22776150e-05,2.27955567e-05,-5.12967227e-04,-5.92262065e-04,2.65180210e-02,3.84305223e-02,6.72596824e-02,0
0.993820,163.8511,-9.57928775e-05,-9.88582707e-05,3.49450826e-05,4.32503836e-05,2.99347117e-05,3.89725537e-05,1.80297485e-05,1.87546193e-05,-5.39940372e-04,-6.41049197e-04,2.06830297e-02,3.78522209e-02,8.57628013e-02,0
0.993820,167.6383,-9.96142365e-05,-1.01675871e-04,2.68483624e-05,3.42309885e-05,2.30811794e-05,3.09924152e-05,1.37147264e-05,1.45337804e-05,-5.62115456e-04,-6.81383054e-04,1.39103971e-02,3.36470398e-02,1.01165486e-01,0
0.993820,171.4255,-1.02666095e-04,-1.03772217e-04,1.86965804e-05,2.43313246e-05,1.61473265e-05,2.21028267e-05,9.42475276e-06,1.01724337e-05,-5.79761073e-04,-7.12035098e-04,7.46330114e-03,2.56808973e-02,1.12197832e-01,0
0.993820,175.2128,-1.04694173e-04,-1.05122345e-04,1.04757714e-05,1.37977056e-05,9.09657127e-06,1.25597636e-05,5.19559220e-06,5.71218155e-06,-5.91723293e-04,-7.32064808e-04,2.88899635e-03,1.51400395e-02,1.19040860e-01,0
0.993820,179.0000,-1.05595223e-04,-1.05710089e-04,2.19034472e-06,2.90167373e-06,1.90631869e-06,2.64364176e-06,1.07868395e-06,1.19618923e-06,-5.97096777e-04,-7.40854582e-04,7.75035569e-04,3.24195144e-03,1.21938635e-01,0
0.994785,1.0000,8.47256020e-05,8.56520401e-05,1.74981977e-06,2.64329136e-06,1.72970157e-06,2.61696357e-06,2.64578307e-07,3.72143609e-07,4.12931632e-04,5.50972474e-04,6.25092664e-03,4.07208406e-03,1.17089377e-01,0
0.994785,4.7872,8.43698800e-05,8.54714492e-05,8.35987704e-06,1.25534207e-05,8.25485200e-06,1.24258973e-05,1.32097033e-06,1.78478155e-06,4.10085774e-04,5.44636393e-04,7.43258287e-03,1.91124847e-02,1.14128891e-01,0
0.994785,8.5745,8.35062555e-05,8.50559637e-05,1.48854361e-05,2.20726541e-05,1.46639511e-05,2.18379824e-05,2.55827001e-06,3.21007524e-06,4.03775994e-04,5.30217870e-04,1.04562968e-02,3.27564485e-02,1.07250871e-01,0
0.994785,12.3617,8.21251622e-05,8.44089617e-05,2.12601744e-05,3.09083683e-05,2.08902866e-05,3.05554052e-05,3.94853681e-06,4.65772938e-06,3.94036090e-04,5.08207957e-04,1.54094074e-02,4.39725862e-02,9.68431702e-02,0
0.994785,16.1489,8.03828566e-05,8.35354487e-05,2.76404017e-05,3.87956108e-05,2.70829153e-05,3.83071475e-05,5.52335990e-06,6.13692660e-06,3.82239158e-04,4.79353088e-04,2.12713842e-02,5.08409554e-02,8.23742412e-02,0
0.994785,19.9362,7.85004082e-05,8.24416928e-05,3.38965656e-05,4.55080537e-05,3.31109429e-05,4.48594149e-05,7.25552365e-06,7.65609874e-06,3.68373376e-04,4.44625612e-04,2.65929037e-02,5.29204912e-02,6.46788785e-02,0
0.994785,23.7234,7.66428041e-05,8.11347574e-05,3.98462079e-05,5.08676612e-05,3.87925399e-05,5.00246014e-05,9.10269895e-06,9.22270056e-06,3.52167948e-04,4.05185416e-04,3.03084126e-02,5.02313501e-02,4.49706198e-02,0
0.994785,27.5106,7.49478129e-05,7.96219563e-05,4.53425388e-05,5.47528246e-05,4.39812138e-05,5.36684397e-05,1.10271780e-05,1.08429876e-05,3.33581794e-04,3.62334154e-04,3.15376988e-02,4.28882966e-02,2.43884052e-02,0
0.994785,31.2979,7.35350473e-05,7.79102621e-05,5.02590158e-05,5.71048397e-05,4.85504385e-05,5.57150539e-05,1.29932131e-05,1.25218003e-05,3.12714706e-04,3.17463916e-04,2.95207472e-02,3.12005113e-02,4.02838772e-03,0
0.994785,35.0851,7.25097051e-05,7.60056991e-05,5.44833055e-05,5.79327684e-05,5.23875016e-05,5.61497182e-05,1.49659700e-05,1.42623561e-05,2.89780276e-04,2.72002343e-04,2.35884083e-02,1.57212641e-02,1.50796460e-02,0
0.994785,38.8723,7.19203545e-05,7.39127583e-05,5.78747836e-05,5.73169408e-05,5.53479331e-05,5.50192110e-05,1.69143985e-05,1.60660552e-05,2.64852461e-04,2.27356406e-04,1.34432823e-02,2.54242306e-03,3.18050058e-02,0
0.994785,42.6596,7.15060738e-05,7.16338675e-05,6.01216265e-05,5.54116081e-05,5.70838666e-05,5.24297521e-05,1.88690791e-05,1.79323006e-05,2.36925442e-04,1.84857047e-04,8.62258367e-04,2.14663691e-02,4.41655953e-02,0
0.994785,46.4468,7.09771255e-05,6.91689517e-05,6.11252149e-05,5.24474781e-05,5.74500853e-05,4.85426029e-05,2.08753347e-05,1.98583398e-05,2.05955265e-04,1.45706916e-04,1.22002338e-02,3.95496333e-02,5.11040172e-02,0
0.994785,50.2340,7.02610554e-05,6.65151141e-05,6.10862380e-05,4.87347409e-05,5.66260848e-05,4.35675031e-05,2.29132056e-05,2.18391310e-05,1.73528353e-04,1.10933266e-04,2.52748706e-02,5.62931547e-02,5.30945738e-02,0
0.994785,54.0213,6.93417379e-05,6.36664638e-05,6.02102385e-05,4.46657011e-05,5.47869974e-05,3.77542011e-05,2.49731402e-05,2.38672403e-05,1.41099256e-04,8.13478915e-05,3.82925952e-02,7.08457477e-02,5.06824644e-02,0
0.994785,57.8085,6.82565400e-05,6.06141118e-05,5.86663336e-05,4.07107425e-05,5.20556459e-05,3.13824121e-05,2.70545453e-05,2.59327740e-05,1.10143186e-04,5.75157217e-05,5.15655113e-02,8.18343602e-02,4.46398105e-02,0
0.994785,61.5957,6.67817412e-05,5.73463471e-05,5.64817145e-05,3.73885063e-05,4.83999336e-05,2.47505988e-05,2.91140944e-05,2.80233521e-05,8.23895163e-05,3.97333264e-05,6.36631328e-02,8.70191615e-02,3.61819491e-02,0
0.994785,65.3830,6.47347228e-05,5.38490011e-05,5.38851599e-05,3.51766179e-05,4.39912870e-05,1.81640143e-05,3.11187585e-05,3.01241270e-05,5.92424665e-05,2.80182081e-05,7.34488819e-02,8.52660079e-02,2.64851251e-02,0
0.994785,69.1702,6.19481448e-05,5.01059968e-05,5.11795431e-05,3.43531012e-05,3.90821848e-05,1.19224806e-05,3.30443409e-05,3.22178525e-05,4.17566948e-05,2.21093310e-05,7.99021465e-02,7.66881526e-02,1.66653402e-02,0
0.994785,72.9574,5.82417732e-05,4.61000720e-05,4.86844323e-05,3.48605399e-05,3.39665660e-05,6.30838144e-06,3.48775909e-05,3.42850050e-05,3.06065577e-05,2.14788900e-05,8.19233124e-02,6.30037401e-02,7.74229498e-03,0
0.994785,76.7447,5.33979810e-05,4.18136593e-05,4.66972571e-05,3.63381245e-05,2.89781180e-05,1.57534403e-06,3.66183355e-05,3.63039610e-05,2.60616641e-05,2.53548806e-05,7.81625236e-02,4.72127586e-02,5.99509852e-04,0
0.994785,80.5319,4.70372689e-05,3.72298941e-05,4.54627651e-05,3.83067659e-05,2.45023620e-05,-2.06194519e-06,3.82948726e-05,3.82512313e-05,2.78983284e-05,3.27536010e-05,6.61729866e-02,3.26141651e-02,4.11835243e-03,0
0.994785,84.3191,3.87830681e-05,3.23337207e-05,4.52136693e-05,4.03463995e-05,2.10669463e-05,-4.43638801e-06,4.00057454e-05,4.01017508e-05,3.51884393e-05,4.25208253e-05,4.35154758e-02,2.21830575e-02,6.21949629e-03,0
0.994785,88.1064,2.93236564e-05,2.71130534e-05,4.59568074e-05,4.21808699e-05,1.92906500e-05,-5.43524379e-06,4.17120961e-05,4.18292232e-05,4.58700785e-05,5.33800392e-05,1.49155309e-02,1.72092037e-02,6.37011925e-03,0
0.994785,91.8936,1.93012691e-05,2.15599539e-05,4.74988774e-05,4.36940872e-05,1.94212978e-05,-5.00475238e-06,4.33469323e-05,4.34065169e-05,5.76645493e-05,6.39858495e-05,1.52399518e-02,1.73407028e-02,5.36187037e-03,0
0.994785,95.6809,9.15351389e-06,1.56717752e-05,4.97359755e-05,4.49168670e-05,2.14462119e-05,-3.15242638e-06,4.48745724e-05,4.48061062e-05,6.82882521e-05,7.29804665e-05,4.39804566e-02,2.19635575e-02,3.98004276e-03,0
0.994785,99.4681,-4.55881797e-07,9.45222777e-06,5.26880346e-05,4.60005822e-05,2.51690223e-05,5.30799202e-08,4.62876798e-05,4.60005515e-05,7.52480645e-05,7.90510363e-05,6.68526711e-02,3.04787176e-02,3.22576705e-03,0
0.994785,103.2553,-8.78941879e-06,2.91232062e-06,5.62979396e-05,4.71766396e-05,3.01243526e-05,4.48452281e-06,4.75602921e-05,4.69630108e-05,7.57511422e-05,8.09855560e-05,7.89547724e-02,4.15712157e-02,4.43994863e-03,1
0.994785,107.0426,-1.61925947e-05,-3.92886510e-06,6.02832846e-05,4.86974001e-05,3.57252151e-05,9.96094509e-06,4.85570120e-05,4.76677706e-05,6.79897699e-05,7.77251567e-05,8.27466707e-02,5.28038006e-02,8.25777613e-03,0
0.994785,110.8298,-2.30015816e-05,-1.10436097e-05,6.43918585e-05,5.07635573e-05,4.15308090e-05,1.62546873e-05,4.92087730e-05,4.80907880e-05,5.15768348e-05,6.84106756e-05,8.06836419e-02,6.21123138e-02,1.42788460e-02,0
0.994785,114.6170,-2.93770115e-05,-1.83952281e-05,6.83584201e-05,5.34588474e-05,4.71696124e-05,2.31002617e-05,4.94762697e-05,4.82102300e-05,2.67709997e-05,5.24216554e-05,7.40970361e-02,6.79062580e-02,2.17574687e-02,0
0.994785,118.4043,-3.54308093e-05,-2.59380075e-05,7.19122926e-05,5.67185888e-05,5.23189302e-05,3.02047432e-05,4.93366737e-05,4.80069974e-05,-5.68394641e-06,2.94062022e-05,6.40504787e-02,6.92467895e-02,2.97642610e-02,0
0.994785,122.1915,-4.12522712e-05,-3.36174271e-05,7.48008531e-05,6.03423621e-05,5.67044909e-05,3.72592720e-05,4.87828693e-05,4.74652222e-05,-4.46115494e-05,-6.99514970e-07,5.15143399e-02,6.58959850e-02,3.72471849e-02,0
0.994785,125.9787,-4.69473520e-05,-4.13706666e-05,7.68249132e-05,6.40369277e-05,6.01248425e-05,4.39512178e-05,4.78233270e-05,4.65727234e-05,-8.83740733e-05,-3.76629364e-05,3.76273912e-02,5.82824932e-02,4.30143380e-02,0
0.994785,129.7660,-5.26880571e-05,-4.91274007e-05,7.79260621e-05,6.74661683e-05,6.25405310e-05,4.99765311e-05,4.64882044e-05,4.53214101e-05,-1.34729669e-04,-8.09583357e-05,2.40247036e-02,4.76719879e-02,4.56100662e-02,0
0.994785,133.5532,-5.83458206e-05,-5.68108662e-05,7.79496972e-05,7.02926478e-05,6.38139169e-05,5.50517966e-05,4.47653807e-05,4.37076198e-05,-1.81930090e-04,-1.29781526e-04,1.03567485e-02,3.48977507e-02,4.42335959e-02,0
0.994785,137.3404,-6.38376896e-05,-6.43391808e-05,7.67193979e-05,7.22067058e-05,6.37667784e-05,5.89255179e-05,4.26575197e-05,4.17323819e-05,-2.28272637e-04,-1.83075531e-04,3.38369531e-03,2.05670351e-02,3.83372116e-02,0
0.994785,141.1277,-6.91353810e-05,-7.16268786e-05,7.40697617e-05,7.29451552e-05,6.22217896e-05,6.13881898e-05,4.01843066e-05,3.94015967e-05,-2.71921556e-04,-2.39566270e-04,1.68108026e-02,5.12550404e-03,2.74444881e-02,0
0.994785,144.9149,-7.44859952e-05,-7.85866248e-05,7.00517063e-05,7.23028467e-05,5.92842239e-05,6.22807634e-05,3.73178558e-05,3.67261236e-05,-3.12424742e-04,-2.97806927e-04,2.76680468e-02,1.02597920e-02,1.23991624e-02,0
0.994785,148.7021,-8.00960330e-05,-8.51310596e-05,6.49231090e-05,7.01395182e-05,5.52779373e-05,6.15011711e-05,3.40493720e-05,3.37217730e-05,-3.50337103e-04,-3.56229312e-04,3.39726739e-02,2.37742948e-02,4.99790567e-03,0
0.994785,152.4894,-8.58296556e-05,-9.11747207e-05,5.88380554e-05,6.63832860e-05,5.03572475e-05,5.90086539e-05,3.04313060e-05,3.04091997e-05,-3.85298354e-04,-4.13200276e-04,3.60645867e-02,3.43881256e-02,2.36670438e-02,0
0.994785,156.2766,-9.15001051e-05,-9.66359852e-05,5.19335605e-05,6.10314169e-05,4.46481974e-05,5.48257193e-05,2.65260847e-05,2.68136972e-05,-4.16827177e-04,-4.67081001e-04,3.46531602e-02,4.14643695e-02,4.26264343e-02,0
0.994785,160.0638,-9.69131533e-05,-1.01438975e-04,4.43655214e-05,5.41486622e-05,3.82938179e-05,4.90376509e-05,2.24027453e-05,2.29648951e-05,-4.44579087e-04,-5.16286922e-04,3.05369348e-02,4.45876199e-02,6.08242145e-02,0
0.994785,163.8511,-1.01864818e-04,-1.05515367e-04,3.63138659e-05,4.58632984e-05,3.14599936e-05,4.17895863e-05,1.81374106e-05,1.88963652e-05,-4.68378108e-04,-5.59345959e-04,2.46312293e-02,4.35224715e-02,7.71609975e-02,0
0.994785,167.6383,-1.06133294e-04,-1.08806045e-04,2.79965419e-05,3.63610145e-05,2.43504441e-05,3.32812738e-05,1.38152897e-05,1.46451421e-05,-4.88309081e-04,-5.94952831e-04,1.80337660e-02,3.81219010e-02,9.04576509e-02,0
0.994785,171.4255,-1.09450745e-04,-1.11262559e-04,1.95841778e-05,2.58768303e-05,1.71200592e-05,2.37597111e-05,9.51018372e-06,1.02511693e-05,-5.04231782e-04,-6.22017357e-04,1.22247975e-02,2.86793783e-02,9.99083998e-02,0
0.994785,175.2128,-1.11622950e-04,-1.12848327e-04,1.09769256e-05,1.46853026e-05,9.64548750e-06,1.35099495e-05,5.23998734e-06,5.75668111e-06,-5.14653964e-04,-6.39704893e-04,8.26794407e-03,1.69012904e-02,1.06071038e-01,0
0.994785,179.0000,-1.12589725e-04,-1.13539546e-04,2.29498891e-06,3.08934364e-06,2.02158212e-06,2.84442117e-06,1.08636083e-06,1.20553406e-06,-5.19374361e-04,-6.47467339e-04,6.40869635e-03,3.62034928e-03,1.08651374e-01,0
0.995751,1.0000,9.00267390e-05,9.20568756e-05,1.83390547e-06,2.82231506e-06,1.81322975e-06,2.79613471e-06,2.74603613e-07,3.83527068e-07,3.45917201e-04,4.64585301e-04,1.36978761e-02,4.50477329e-03,1.00656977e-01,0
0.995751,4.7872,8.96345267e-05,9.17865563e-05,8.76142123e-06,1.33996788e-05,8.65228164e-06,1.32728856e-05,1.37859507e-06,1.83899426e-06,3.43490354e-04,4.59166148e-04,1.45203211e-02,2.11393119e-02,9.81188357e-02,0
0.995751,8.5745,8.86776496e-05,9.11670129e-05,1.55985498e-05,2.35443150e-05,1.53687801e-05,2.33110493e-05,2.66746217e-06,3.30601773e-06,3.38174065e-04,4.46834780e-04,1.67964019e-02,3.62136013e-02,9.21684868e-02,0
0.995751,12.3617,8.71460813e-05,9.02088807e-05,2.22567344e-05,3.29322994e-05,2.18749585e-05,3.25815741e-05,4.10468251e-06,4.79347156e-06,3.29896041e-04,4.28012528e-04,2.06655289e-02,4.86549302e-02,8.32246321e-02,0
0.995751,16.1489,8.50980736e-05,8.89281962e-05,2.87469226e-05,4.12703612e-05,2.81786696e-05,4.07851624e-05,5.68754251e-06,6.30977295e-06,3.19219927e-04,4.03339846e-04,2.58428637e-02,5.70767947e-02,7.13524252e-02,0
0.995751,19.9362,8.27719067e-05,8.73455958e-05,3.51625742e-05,4.83080137e-05,3.43670722e-05,4.76638486e-05,7.43713476e-06,7.86267894e-06,3.07159822e-04,3.73651036e-04,3.08599063e-02,5.99116244e-02,5.63993583e-02,0
0.995751,23.7234,8.03715706e-05,8.54852810e-05,4.13010322e-05,5.38482619e-05,4.02381771e-05,5.30109523e-05,9.30936981e-06,9.45908224e-06,2.93368431e-04,3.39941326e-04,3.45035747e-02,5.71852248e-02,3.95041871e-02,0
0.995751,27.5106,7.80633064e-05,8.33737960e-05,4.69931521e-05,5.77566225e-05,4.56233280e-05,5.66790147e-05,1.12635820e-05,1.11048069e-05,2.77681423e-04,3.03327601e-04,3.58312972e-02,4.90555681e-02,2.17536704e-02,0
0.995751,31.2979,7.59918306e-05,8.10386751e-05,5.20965913e-05,5.99683458e-05,5.03802765e-05,5.85854053e-05,1.32620724e-05,1.28044050e-05,2.60094323e-04,2.65004364e-04,3.40524132e-02,3.58762904e-02,4.16480885e-03,0
0.995751,35.0851,7.42863971e-05,7.85070242e-05,5.64876384e-05,6.04939436e-05,5.43848357e-05,5.87153791e-05,1.52690190e-05,1.45609570e-05,2.40729281e-04,2.26196657e-04,2.84777025e-02,1.82591272e-02,1.23269016e-02,0
0.995751,38.8723,7.30632367e-05,7.58041020e-05,6.00568517e-05,5.94234398e-05,5.75260303e-05,5.71224632e-05,1.72505441e-05,1.63758785e-05,2.19792157e-04,1.88111815e-04,1.84933529e-02,2.88683655e-03,2.68719860e-02,0
0.995751,42.6596,7.22695624e-05,7.29519706e-05,6.25904435e-05,5.69301932e-05,5.95761965e-05,5.39261578e-05,1.91895916e-05,1.82487370e-05,1.96950932e-04,1.51891973e-04,4.60439154e-03,2.57971438e-02,3.82200329e-02,0
0.995751,46.4468,7.15343170e-05,6.99682809e-05,6.37878409e-05,5.32756883e-05,6.01760100e-05,4.93070406e-05,2.11597842e-05,2.01770839e-05,1.71203253e-04,1.18569217e-04,1.05664653e-02,4.79101620e-02,4.46453843e-02,0
0.995751,50.2340,7.07208689e-05,6.68652549e-05,6.37681103e-05,4.88170632e-05,5.94089636e-05,4.34994684e-05,2.31721154e-05,2.21563062e-05,1.43556173e-04,8.90251626e-05,2.60148609e-02,6.81408579e-02,4.62544414e-02,0
0.995751,54.0213,6.98696593e-05,6.36489192e-05,6.27729736e-05,4.40179030e-05,5.74795264e-05,3.67821604e-05,2.52299477e-05,2.41795049e-05,1.15416814e-04,6.39565660e-05,4.19730012e-02,8.54780667e-02,4.36497510e-02,0
0.995751,57.8085,6.88865819e-05,6.03186332e-05,6.08996414e-05,3.94551333e-05,5.44395914e-05,2.94670356e-05,2.72964687e-05,2.62374038e-05,8.87772513e-05,4.38483634e-05,5.78102465e-02,9.77354403e-02,3.81097031e-02,0
0.995751,61.5957,6.75578886e-05,5.68669461e-05,5.82895741e-05,3.57904378e-05,5.03717838e-05,2.18867409e-05,2.93318572e-05,2.83182981e-05,6.51889182e-05,2.89552044e-05,7.21346548e-02,1.02542012e-01,3.07342590e-02,0
0.995751,65.3830,6.56600654e-05,5.32797989e-05,5.51977055e-05,3.36373715e-05,4.54534364e-05,1.43813626e-05,3.13172766e-05,3.04080445e-05,4.56369104e-05,1.92922393e-05,8.35329764e-02,9.82633285e-02,2.23461484e-02,0
0.995751,69.1702,6.29990864e-05,4.95370795e-05,5.19922453e-05,3.32967815e-05,3.99838866e-05,7.28484161e-06,3.32337537e-05,3.24901022e-05,3.10924674e-05,1.46355426e-05,9.08317693e-02,8.52064030e-02,1.39591374e-02,0
0.995751,72.9574,5.93575448e-05,4.56135170e-05,4.90582005e-05,3.45576522e-05,3.43021983e-05,9.11629796e-07,3.50723000e-05,3.45456258e-05,2.21789398e-05,1.45321771e-05,9.27346394e-02,6.60876652e-02,6.48615780e-03,0
0.995751,76.7447,5.44338229e-05,4.14798925e-05,4.67555552e-05,3.68242015e-05,2.87867292e-05,-4.45588943e-06,3.68429934e-05,3.65536163e-05,1.91386981e-05,1.83195222e-05,8.74036405e-02,4.52631146e-02,6.94843557e-04,0
0.995751,80.5319,4.77006717e-05,3.71045261e-05,4.54016631e-05,3.94355366e-05,2.38896728e-05,-8.57871876e-06,3.86082186e-05,3.84911305e-05,2.16567896e-05,2.51531235e-05,7.14950343e-02,2.71912045e-02,2.96566976e-03,0
0.995751,84.3191,3.92008146e-05,3.24549886e-05,4.51762722e-05,4.18787238e-05,2.02207416e-05,-1.12708572e-05,4.03982324e-05,4.03335503e-05,2.83143141e-05,3.40419803e-05,4.55158964e-02,1.50288991e-02,4.85833659e-03,0
0.995751,88.1064,2.97591655e-05,2.74999751e-05,4.59562830e-05,4.38468328e-05,1.83729071e-05,-1.24068227e-05,4.21238203e-05,4.20549105e-05,3.74900150e-05,4.38898962e-05,1.52433630e-02,9.61402572e-03,5.42852456e-03,0
0.995751,91.8936,1.98234914e-05,2.22112705e-05,4.75205702e-05,4.52291424e-05,1.85301057e-05,-1.19267893e-05,4.37588823e-05,4.36282823e-05,4.77906152e-05,5.35412684e-05,1.61109857e-02,1.04434064e-02,4.87783470e-03,0
0.995751,95.6809,9.66903967e-06,1.65657277e-05,4.97518442e-05,4.60886973e-05,2.06506408e-05,-9.83913425e-06,4.52636392e-05,4.50262085e-05,5.72798552e-05,6.18295209e-05,4.65338029e-02,1.66951499e-02,3.85912972e-03,0
0.995751,99.4681,-2.31871935e-07,1.05471821e-05,5.26981757e-05,4.66378572e-05,2.46048369e-05,-6.22029159e-06,4.66014991e-05,4.62211824e-05,6.37567604e-05,6.76262690e-05,7.27291671e-02,2.76204933e-02,3.28220507e-03,0
0.995751,103.2553,-8.99495816e-06,4.14821988e-06,5.64344112e-05,4.72017234e-05,3.00184914e-05,-1.21191552e-06,4.77884185e-05,4.71861627e-05,6.51022439e-05,6.98892773e-05,8.86805452e-02,4.20788766e-02,4.06047044e-03,1
0.995751,107.0426,-1.65453674e-05,-2.62827402e-06,6.07390389e-05,4.81537925e-05,3.62301943e-05,4.98453906e-06,4.87504242e-05,4.78951156e-05,5.95251790e-05,6.77073078e-05,9.39023594e-02,5.73584899e-02,6.94026751e-03,0
0.995751,110.8298,-2.33715310e-05,-9.76785811e-06,6.52899228e-05,4.98192274e-05,4.27023423e-05,1.21156089e-05,4.93891079e-05,4.83235702e-05,4.63797350e-05,6.03400781e-05,9.17876272e-02,7.05092055e-02,1.18414800e-02,0
0.995751,114.6170,-2.97174046e-05,-1.72436277e-05,6.97699586e-05,5.23713970e-05,4.90115951e-05,1.98856850e-05,4.96559228e-05,4.84491771e-05,2.58382500e-05,4.72517309e-05,8.41639159e-02,7.92956441e-02,1.81634009e-02,0
0.995751,118.4043,-3.57302925e-05,-2.50157074e-05,7.38526869e-05,5.57720406e-05,5.47865007e-05,2.79685611e-05,4.95243243e-05,4.82522549e-05,-1.45441293e-06,2.81364719e-05,7.22941781e-02,8.24043116e-02,2.50996606e-02,0
0.995751,122.1915,-4.15242671e-05,-3.30311770e-05,7.72248340e-05,5.97854715e-05,5.97027171e-05,3.60202183e-05,4.89822473e-05,4.77163125e-05,-3.44468037e-05,2.93532989e-06,5.73051556e-02,7.94815981e-02,3.17083747e-02,0
0.995751,125.9787,-4.72689155e-05,-4.12244516e-05,7.96248782e-05,6.40463296e-05,6.35087111e-05,4.36923444e-05,4.80287919e-05,4.68285317e-05,-7.17673314e-05,-2.81566577e-05,4.07836183e-02,7.10007571e-02,3.69915639e-02,0
0.995751,129.7660,-5.31026333e-05,-4.95181171e-05,8.09068645e-05,6.81364663e-05,6.60772014e-05,5.06460624e-05,4.66875163e-05,4.55801975e-05,-1.11551378e-04,-6.46931604e-05,2.41856915e-02,5.82023375e-02,3.97462043e-02,0
0.995751,133.5532,-5.90202870e-05,-5.78242081e-05,8.09879907e-05,7.16431362e-05,6.73475248e-05,5.65653276e-05,4.49818356e-05,4.39670636e-05,-1.51619002e-04,-1.05989113e-04,8.07026442e-03,4.25900872e-02,3.87043081e-02,0
0.995751,137.3404,-6.48782964e-05,-6.60458983e-05,7.96531239e-05,7.41945696e-05,6.71125334e-05,6.11694716e-05,4.29013752e-05,4.19896403e-05,-1.90368240e-04,-1.51142674e-04,7.87812317e-03,2.48778946e-02,3.32720164e-02,0
0.995751,141.1277,-7.07306719e-05,-7.40795559e-05,7.67840274e-05,7.54795690e-05,6.52722766e-05,6.42243991e-05,4.04390500e-05,3.96533971e-05,-2.26502140e-04,-1.99065765e-04,2.25958182e-02,5.94519654e-03,2.32721559e-02,0
0.995751,144.9149,-7.69177551e-05,-8.18171059e-05,7.25913290e-05,7.52579691e-05,6.21295458e-05,6.55519994e-05,3.75422507e-05,3.69688692e-05,-2.60500893e-04,-2.48522065e-04,3.30572333e-02,1.21534725e-02,1.01607137e-02,0
0.995751,148.7021,-8.34021724e-05,-8.91486258e-05,6.72809256e-05,7.33660634e-05,5.79144809e-05,6.50374025e-05,3.42437709e-05,3.39516648e-05,-2.92425195e-04,-2.98170992e-04,3.87728619e-02,2.77336102e-02,4.87371567e-03,0
0.995751,152.4894,-8.99768014e-05,-9.59650931e-05,6.09813693e-05,6.97188749e-05,5.27488314e-05,6.26337934e-05,3.05988266e-05,3.06223683e-05,-3.21829238e-04,-3.46616017e-04,4.04046097e-02,3.98220352e-02,2.10247092e-02,0
0.995751,156.2766,-9.64273684e-05,-1.02161197e-04,5.38412707e-05,6.43099388e-05,4.67713008e-05,5.83645941e-05,2.66707303e-05,2.70063396e-05,-3.48366471e-04,-3.92455463e-04,3.86876779e-02,4.77119774e-02,3.73972840e-02,0
0.995751,160.0638,-1.02531544e-04,-1.07638121e-04,4.60326752e-05,5.72087691e-05,4.01421325e-05,5.23229259e-05,2.25303437e-05,2.31334106e-05,-3.71836536e-04,-4.34333825e-04,3.44554474e-02,5.09361395e-02,5.30116200e-02,0
0.995751,163.8511,-1.08054079e-04,-1.12306207e-04,3.77581360e-05,4.85560398e-05,3.30510711e-05,4.46683685e-05,1.82566024e-05,1.90374857e-05,-3.92221835e-04,-4.70991664e-04,2.86902504e-02,4.92125017e-02,6.68143578e-02,0
0.995751,167.6383,-1.12731889e-04,-1.16087408e-04,2.92564619e-05,3.85565404e-05,2.57239143e-05,3.56211421e-05,1.39363120e-05,1.47560510e-05,-4.09713999e-04,-5.01312136e-04,2.26405920e-02,4.23860164e-02,7.76956200e-02,0
0.995751,171.4255,-1.16277997e-04,-1.18917451e-04,2.04854820e-05,2.74700479e-05,1.80996286e-05,2.54539350e-05,9.59470776e-06,1.03296044e-05,-4.23172006e-04,-5.24362377e-04,1.78091029e-02,3.18328417e-02,8.58319701e-02,0
0.995751,175.2128,-1.18595470e-04,-1.20747631e-04,1.14857815e-05,1.56003603e-05,1.01982541e-05,1.44816930e-05,5.28382333e-06,5.80101786e-06,-4.31933448e-04,-5.39428148e-04,1.45212073e-02,1.87525949e-02,9.11794456e-02,0
0.995751,179.0000,-1.19628912e-04,-1.21546186e-04,2.40115386e-06,3.28282470e-06,2.13772337e-06,3.04976866e-06,1.09347094e-06,1.21484533e-06,-4.35940977e-04,-5.46040400e-04,1.29363650e-02,4.01830099e-03,9.33888317e-02,0
0.996717,1.0000,9.53486135e-05,9.86238909e-05,1.91837329e-06,3.00561003e-06,1.89726543e-06,2.97956068e-06,2.83795668e-07,3.94854183e-07,2.74630816e-04,3.71262450e-04,2.20991748e-02,4.95518765e-03,8.19651463e-02,0
0.996717,4.7872,9.49202853e-05,9.82601384e-05,9.16476352e-06,1.42660839e-05,9.05163741e-06,1.41399415e-05,1.43553148e-06,1.89293568e-06,2.72663099e-04,3.66872814e-04,2.25348844e-02,2.32497660e-02,7.99108199e-02,0
0.996717,8.5745,9.38694127e-05,9.74281201e-05,1.63148378e-05,2.50508312e-05,1.60770155e-05,2.48188267e-05,2.77551876e-06,3.40146791e-06,2.68419308e-04,3.56884566e-04,2.40115527e-02,3.98151432e-02,7.50382406e-02,0
0.996717,12.3617,9.21908112e-05,9.61460477e-05,2.32751059e-05,3.50037515e-05,2.28813741e-05,3.46550516e-05,4.26301228e-06,4.92848990e-06,2.61812112e-04,3.41640011e-04,2.66870410e-02,5.34544480e-02,6.77118368e-02,0
0.996717,16.1489,8.99047291e-05,9.44414741e-05,2.99549149e-05,4.38024609e-05,2.93736375e-05,4.33202470e-05,5.87250791e-06,6.48164954e-06,2.52933543e-04,3.21659486e-04,3.06106345e-02,6.31115437e-02,5.82949054e-02,0
0.996717,19.9362,8.71581092e-05,9.23500372e-05,3.64722384e-05,5.11716296e-05,3.56660998e-05,5.05316004e-05,7.62584416e-06,8.06802600e-06,2.42760118e-04,2.97620822e-04,3.50313303e-02,6.69939114e-02,4.65340950e-02,0
0.996717,23.7234,8.42137796e-05,8.99138317e-05,4.27700361e-05,5.68947534e-05,4.16986125e-05,5.60628249e-05,9.51323825e-06,9.69394781e-06,2.31569795e-04,2.70332604e-04,3.84597799e-02,6.43747790e-02,3.28794944e-02,0
0.996717,27.5106,8.12738108e-05,8.71794798e-05,4.86464779e-05,6.08240774e-05,4.72700836e-05,5.97529043e-05,1.14899526e-05,1.13648065e-05,2.19047537e-04,2.40702273e-04,3.98471318e-02,5.55005994e-02,1.83680381e-02,0
0.996717,31.2979,7.85140333e-05,8.41959857e-05,5.39379360e-05,6.28885757e-05,5.22170456e-05,6.15122689e-05,1.35159569e-05,1.30848662e-05,2.05074119e-04,2.09700349e-04,3.83376558e-02,4.07934149e-02,3.92407379e-03,0
0.996717,35.0851,7.60929957e-05,8.10124684e-05,5.85051168e-05,6.31001629e-05,5.63996115e-05,6.13261606e-05,1.55541798e-05,1.48570718e-05,1.89656672e-04,1.78322187e-04,3.31930008e-02,2.09423714e-02,9.61416770e-03,0
0.996717,38.8723,7.41567309e-05,7.76758743e-05,6.22267721e-05,6.15587437e-05,5.96948149e-05,5.92550521e-05,1.75698673e-05,1.66828573e-05,1.72902976e-04,1.47548780e-04,2.37446043e-02,3.04460474e-03,2.15060054e-02,0
0.996717,42.6596,7.28183804e-05,7.42287711e-05,6.49759907e-05,5.84573743e-05,6.19707342e-05,5.54321054e-05,1.95322161e-05,1.85619584e-05,1.54905740e-04,1.18308176e-04,9.51628457e-03,2.97092308e-02,3.10428847e-02,0
0.996717,46.4468,7.18914835e-05,7.07073248e-05,6.64742233e-05,5.40898491e-05,6.29143125e-05,5.00577671e-05,2.14618649e-05,2.04922357e-05,1.34992772e-04,9.14390383e-05,7.98983626e-03,5.64429950e-02,3.69432659e-02,0
0.996717,50.2340,7.10759711e-05,6.71395525e-05,6.65742401e-05,4.88642989e-05,6.23074500e-05,4.33917132e-05,2.34501838e-05,2.24695112e-05,1.12695642e-04,6.76577948e-05,2.65600716e-02,8.07147870e-02,3.82021245e-02,0
0.996717,54.0213,7.03487808e-05,6.35439347e-05,6.54440052e-05,4.33261759e-05,6.02757675e-05,3.57424597e-05,2.54901878e-05,2.44874273e-05,8.96447180e-05,4.75306968e-05,4.59141206e-02,1.00804168e-01,3.57220693e-02,0
0.996717,57.8085,6.95013614e-05,5.99284565e-05,6.32031812e-05,3.81838923e-05,5.68942090e-05,2.74550465e-05,2.75261892e-05,2.65373332e-05,6.78548314e-05,3.14518972e-05,6.45909555e-02,1.14027853e-01,3.08777955e-02,0
0.996717,61.5957,6.83451458e-05,5.62901283e-05,6.01218858e-05,3.42861000e-05,5.23711925e-05,1.88972798e-05,2.95279419e-05,2.86082063e-05,4.87148777e-05,1.96284335e-05,8.13384347e-02,1.17749118e-01,2.46717826e-02,0
0.996717,65.3830,6.66304728e-05,5.26150206e-05,5.65030025e-05,3.24155503e-05,4.69177372e-05,1.04450721e-05,3.14851588e-05,3.06866155e-05,3.30255787e-05,1.20727218e-05,9.45660130e-02,1.09780917e-01,1.77726891e-02,0
0.996717,69.1702,6.41035272e-05,4.88788223e-05,5.27600560e-05,3.28495337e-05,4.08511101e-05,2.46745774e-06,3.33887753e-05,3.27567324e-05,2.15461534e-05,8.60287853e-06,1.02725165e-01,9.07441503e-02,1.09787797e-02,0
0.996717,72.9574,6.04823534e-05,4.50479139e-05,4.93597804e-05,3.51147569e-05,3.45628629e-05,-4.68812619e-06,3.52391321e-05,3.48003969e-05,1.48676747e-05,8.85087049e-06,1.04140301e-01,6.49230863e-02,5.10359002e-03,0
0.996717,76.7447,5.52931020e-05,4.10809228e-05,4.67514997e-05,3.83240770e-05,2.84907304e-05,-1.07097152e-05,3.70672498e-05,3.67972401e-05,1.32070677e-05,1.22781902e-05,9.58933825e-02,3.84088022e-02,7.87894993e-04,0
0.996717,80.5319,4.81546179e-05,3.69307082e-05,4.53348541e-05,4.16500380e-05,2.31973614e-05,-1.53333011e-05,3.89503712e-05,3.87248699e-05,1.60274541e-05,1.81984527e-05,7.57307271e-02,1.67939093e-02,1.84149026e-03,0
0.996717,84.3191,3.96358418e-05,3.25467059e-05,4.51586110e-05,4.45184292e-05,1.93702441e-05,-1.83534317e-05,4.07933057e-05,4.05591184e-05,2.16433788e-05,2.58060351e-05,4.78323004e-02,2.91769078e-03,3.53085967e-03,0
0.996717,88.1064,3.02048634e-05,2.78775430e-05,4.59636295e-05,4.66102683e-05,1.74236269e-05,-1.96315086e-05,4.25331925e-05,4.22743537e-05,2.89632776e-05,3.42096426e-05,1.57030545e-02,2.94711938e-03,4.45008600e-03,0
0.996717,91.8936,2.03262286e-05,2.28738260e-05,4.75437674e-05,4.78241443e-05,1.75881835e-05,-1.91014531e-05,4.41708684e-05,4.38438509e-05,3.74966199e-05,4.24694830e-05,1.71893223e-02,1.27784504e-03,4.21809540e-03,0
0.996717,95.6809,1.01618701e-05,1.74909893e-05,4.97670613e-05,4.82492985e-05,1.97990089e-05,-1.67725152e-05,4.56591681e-05,4.52402204e-05,4.55763825e-05,4.96365911e-05,4.94515321e-02,6.91735210e-03,3.44396112e-03,0
0.996717,99.4681,2.07430285e-07,1.16920937e-05,5.27128171e-05,4.81489540e-05,2.39852171e-05,-1.27291126e-05,4.69398600e-05,4.64358855e-05,5.11284719e-05,5.47927531e-05,7.74901028e-02,2.08002521e-02,3.10812654e-03,0
0.996717,103.2553,-9.02708184e-06,5.45045827e-06,5.65164608e-05,4.79364753e-05,2.98092153e-05,-7.12770116e-06,4.80158414e-05,4.74036026e-05,5.28638880e-05,5.70894545e-05,9.76838437e-02,3.91041219e-02,3.58422143e-03,1
0.996717,107.0426,-1.69134055e-05,-1.24798364e-06,6.11222108e-05,4.81173903e-05,3.66454491e-05,-1.90797108e-07,4.89186643e-05,4.81170120e-05,4.92850675e-05,5.57843082e-05,1.05698800e-01,5.92707401e-02,5.51280354e-03,0
0.996717,110.8298,-2.37991238e-05,-8.40270535e-06,6.61412262e-05,4.91740287e-05,4.38247749e-05,7.80161786e-06,4.95383782e-05,4.85512086e-05,3.94058469e-05,5.02735165e-05,1.03883763e-01,7.73296601e-02,9.21820415e-03,0
0.996717,114.6170,-3.01022110e-05,-1.59970749e-05,7.11791551e-05,5.14108385e-05,5.08494507e-05,1.65229755e-05,4.98076849e-05,4.86833195e-05,2.32809709e-05,4.01190700e-05,9.51711344e-02,9.00960337e-02,1.42824581e-02,0
0.996717,118.4043,-3.60333627e-05,-2.39973819e-05,7.58381486e-05,5.48415603e-05,5.72902636e-05,2.56128596e-05,4.96915533e-05,4.84930733e-05,1.46619196e-06,2.50695901e-05,8.12099892e-02,9.56940022e-02,2.00209383e-02,0
0.996717,122.1915,-4.17811715e-05,-3.23524572e-05,7.97379331e-05,5.91942196e-05,6.27718719e-05,3.46911073e-05,4.91714355e-05,4.79633475e-05,-2.51217212e-05,5.07396866e-06,6.36180628e-02,9.36299813e-02,2.56126699e-02,0
0.996717,125.9787,-4.75412486e-05,-4.09939174e-05,8.25566700e-05,6.40139312e-05,6.69968939e-05,4.33727233e-05,4.82391954e-05,4.70806782e-05,-5.53210099e-05,-1.97127635e-05,4.41765987e-02,8.45103435e-02,3.02037233e-02,0
0.996717,129.7660,-5.34060067e-05,-4.98370423e-05,8.40461077e-05,6.87812578e-05,6.97394628e-05,5.12830221e-05,4.69058157e-05,4.58357183e-05,-8.76142093e-05,-4.89316050e-05,2.40807594e-02,6.95710445e-02,3.28114635e-02,0
0.996717,133.5532,-5.94810044e-05,-5.87822714e-05,8.41028814e-05,7.29940682e-05,7.09156587e-05,5.80724081e-05,4.52135380e-05,4.42236296e-05,-1.19854244e-04,-8.20297405e-05,4.71453910e-03,5.06295013e-02,3.20836027e-02,0
0.996717,137.3404,-6.56869355e-05,-6.77172808e-05,8.25727598e-05,7.62101107e-05,7.03931941e-05,6.34302129e-05,4.31631659e-05,4.22443968e-05,-1.50253588e-04,-1.18278327e-04,1.36992835e-02,2.89983947e-02,2.71221422e-02,0
0.996717,141.1277,-7.22880064e-05,-7.65195799e-05,7.95166655e-05,7.80657901e-05,6.83243445e-05,6.70970492e-05,4.06778078e-05,3.99030521e-05,-1.78832835e-04,-1.56797254e-04,2.85515605e-02,6.61250644e-03,1.86910796e-02,0
0.996717,144.9149,-7.93924847e-05,-8.50595480e-05,7.51690412e-05,7.82838540e-05,6.50027412e-05,6.88751948e-05,3.77495483e-05,3.72098018e-05,-2.05967510e-04,-1.96585941e-04,3.82371953e-02,1.41960638e-02,7.95766019e-03,0
0.996717,148.7021,-8.67883259e-05,-9.32038119e-05,6.96667810e-05,7.66763234e-05,6.05677494e-05,6.86366001e-05,3.44239468e-05,3.41800483e-05,-2.31365549e-04,-2.36559010e-04,4.32870035e-02,3.19466743e-02,4.40521154e-03,0
0.996717,152.4894,-9.42349964e-05,-1.00818854e-04,6.31503215e-05,7.31449583e-05,5.51540477e-05,6.63282040e-05,3.07570174e-05,3.08343035e-05,-2.54728701e-04,-2.75585477e-04,4.44230536e-02,4.55515335e-02,1.76911906e-02,0
0.996717,156.2766,-1.01485475e-04,-1.07774729e-04,5.57839269e-05,6.76797634e-05,4.89172561e-05,6.19743460e-05,2.68132161e-05,2.71979929e-05,-2.75871606e-04,-3.12529949e-04,4.24352859e-02,5.42164370e-02,3.10944392e-02,0
0.996717,160.0638,-1.08283175e-04,-1.13948763e-04,4.77610524e-05,6.03554523e-05,4.20403147e-05,5.56761794e-05,2.26656143e-05,2.33011517e-05,-2.94750808e-04,-3.46294265e-04,3.82272367e-02,5.74002078e-02,4.37203316e-02,0
0.996717,163.8511,-1.14354331e-04,-1.19229102e-04,3.93168705e-05,5.13257054e-05,3.47471415e-05,4.76081047e-05,1.83970776e-05,1.91780188e-05,-3.11536964e-04,-3.75857968e-04,3.28913840e-02,5.47314382e-02,5.45585370e-02,0
0.996717,167.6383,-1.19374568e-04,-1.23518002e-04,3.05511553e-05,4.08151605e-05,2.71236542e-05,3.80113595e-05,1.40598888e-05,1.48665353e-05,-3.25828695e-04,-4.00316055e-04,2.79568596e-02,4.67792062e-02,6.31818706e-02,0
0.996717,171.4255,-1.23146467e-04,-1.26734726e-04,2.13994902e-05,2.91092144e-05,1.90857968e-05,2.71850130e-05,9.67835434e-06,1.04077582e-05,-3.36548970e-04,-4.18912554e-04,2.42109453e-02,3.51378213e-02,6.98626629e-02,0
0.996717,175.2128,-1.25610314e-04,-1.28817958e-04,1.20017893e-05,1.65418603e-05,1.07547542e-05,1.54747134e-05,5.32712022e-06,5.84520231e-06,-3.43528107e-04,-4.31068635e-04,2.16428361e-02,2.06918171e-02,7.42538640e-02,0
0.996717,179.0000,-1.26711484e-04,-1.29727651e-04,2.50867540e-06,3.48190116e-06,2.25476298e-06,3.25962469e-06,1.09977096e-06,1.22412522e-06,-3.46760164e-04,-4.36404158e-04,2.03508911e-02,4.43557148e-03,7.60380716e-02,0
0.997682,1.0000,1.00690294e-04,1.05351202e-04,2.00323414e-06,3.19312488e-06,1.98189644e-06,3.16719223e-06,2.91605135e-07,4.06127922e-07,1.99053976e-04,2.70847925e-04,3.14483954e-02,5.42304327e-03,6.08972588e-02,0
0.997682,4.7872,1.00226491e-04,1.04890366e-04,9.56986734e-06,1.51523941e-05,9.45287580e-06,1.50268332e-05,1.49181101e-06,1.94662005e-06,1.97589180e-04,2.67603927e-04,3.14684101e-02,2.54429110e-02,5.93880986e-02,0
0.997682,8.5745,9.90809012e-05,1.03837579e-04,1.70341916e-05,2.65917855e-05,1.67885382e-05,2.63609159e-05,2.88247632e-06,3.49645149e-06,1.94497330e-04,2.60222784e-04,3.20945790e-02,4.35596680e-02,5.57498229e-02,0
0.997682,12.3617,9.72541813e-05,1.02218944e-04,2.42978934e-05,3.71221598e-05,2.38925291e-05,3.67752985e-05,4.41980515e-06,5.06282189e-06,1.89684132e-04,2.48958173e-04,3.34985857e-02,5.84478469e-02,5.02775881e-02,0
0.997682,16.1489,9.47687376e-05,1.00074009e-04,3.12639346e-05,4.63912362e-05,3.06675822e-05,4.59117591e-05,6.07725346e-06,6.65260604e-06,1.83212572e-04,2.34195709e-04,3.57960890e-02,6.89441546e-02,4.32450550e-02,0
0.997682,19.9362,9.16671312e-05,9.74540359e-05,3.78674603e-05,5.40981673e-05,3.70484739e-05,5.34619713e-05,7.83295164e-06,8.27220225e-06,1.75272670e-04,2.16437728e-04,3.90457976e-02,7.39730326e-02,3.49171367e-02,0
0.997682,23.7234,8.81859583e-05,9.44197563e-05,4.42610467e-05,6.00063989e-05,4.31807783e-05,5.91795166e-05,9.71908637e-06,9.92737282e-06,1.66802549e-04,1.96283472e-04,4.20611057e-02,7.17609809e-02,2.50063890e-02,0
0.997682,27.5106,8.45934566e-05,9.10387057e-05,5.02924766e-05,6.39545155e-05,4.89110774e-05,6.28894598e-05,1.17063959e-05,1.16230758e-05,1.57672508e-04,1.74405457e-04,4.34878232e-02,6.22660769e-02,1.41932675e-02,0
0.997682,31.2979,8.11068586e-05,8.73822522e-05,5.57664852e-05,6.58649886e-05,5.40442807e-05,6.44951104e-05,1.37519669e-05,1.33632877e-05,1.47615992e-04,1.51522957e-04,4.23417623e-02,4.60249154e-02,3.31397685e-03,0
0.997682,35.0851,7.79230199e-05,8.35224459e-05,6.05204532e-05,6.57510878e-05,5.84170513e-05,6.39817023e-05,1.58168699e-05,1.51508191e-05,1.36511489e-04,1.28373669e-04,3.77808279e-02,2.38391282e-02,6.90268382e-03,0
0.997682,38.8723,7.52265846e-05,7.95288264e-05,6.44152864e-05,6.37227720e-05,6.18880728e-05,6.14168483e-05,1.78660449e-05,1.69871251e-05,1.24345923e-04,1.05684663e-04,2.90283786e-02,3.15620185e-03,1.58289048e-02,0
0.997682,42.6596,7.31992921e-05,7.54653254e-05,6.73324696e-05,5.99933558e-05,6.43342190e-05,5.69477486e-05,1.98688131e-05,1.88721138e-05,1.11194881e-04,8.41437913e-05,1.52895338e-02,3.34487281e-02,2.29453486e-02,0
0.997682,46.4468,7.19698459e-05,7.13874013e-05,6.91294220e-05,5.48904681e-05,6.55993521e-05,5.07952631e-05,2.18083009e-05,2.08039596e-05,9.69673040e-05,6.43726804e-05,3.92990978e-03,6.48954236e-02,2.76475000e-02,0
0.997682,50.2340,7.13058748e-05,6.73395322e-05,6.94886701e-05,4.88775654e-05,6.52983866e-05,4.32450801e-05,2.37654366e-05,2.27789255e-05,8.08527121e-05,4.69023825e-05,2.67619763e-02,9.39371231e-02,2.87974406e-02,0
0.997682,54.0213,7.07628091e-05,6.33531818e-05,6.82243651e-05,4.25943521e-05,6.31764270e-05,3.46363268e-05,2.57546706e-05,2.47912020e-05,6.38218220e-05,3.21526620e-05,4.99947416e-02,1.16811288e-01,2.68625008e-02,0
0.997682,57.8085,7.01286319e-05,5.94453313e-05,6.56046023e-05,3.69123586e-05,5.94518096e-05,2.53480699e-05,2.77388927e-05,2.68327705e-05,4.74771010e-05,2.04157413e-05,7.20830923e-02,1.30767703e-01,2.29540599e-02,0
0.997682,61.5957,6.91881499e-05,5.56176518e-05,6.19902757e-05,3.29236203e-05,5.44149201e-05,1.57842356e-05,2.96952984e-05,2.88932982e-05,3.30607528e-05,1.18451598e-05,9.15637879e-02,1.32474121e-01,1.79955479e-02,0
0.997682,65.3830,6.76948568e-05,5.18563620e-05,5.77983430e-05,3.16060831e-05,4.83868043e-05,6.35754295e-06,3.16127447e-05,3.09600732e-05,2.14904171e-05,6.45019830e-06,1.06866570e-01,1.19373783e-01,1.27574551e-02,0
0.997682,69.1702,6.52932088e-05,4.81327913e-05,5.34716042e-05,3.31145405e-05,4.16753301e-05,-2.52691897e-06,3.35019300e-05,3.30179871e-05,1.32352461e-05,4.09610059e-06,1.15785937e-01,9.27793066e-02,7.75203077e-03,0
0.997682,72.9574,6.15256296e-05,4.44046368e-05,4.95702477e-05,3.65850633e-05,3.47167193e-05,-1.04878229e-05,3.53830307e-05,3.50495710e-05,8.84143384e-06,4.51009537e-06,1.15519928e-01,5.91812466e-02,3.67393966e-03,0
0.997682,76.7447,5.58393644e-05,4.06178777e-05,4.67029801e-05,4.08270374e-05,2.80611565e-05,-1.71828094e-05,3.73328253e-05,3.70350920e-05,8.39940330e-06,7.29299353e-06,1.02703451e-01,2.67801828e-02,9.38481893e-04,0
0.997682,80.5319,4.85324317e-05,3.67092774e-05,4.52683034e-05,4.48953573e-05,2.24690278e-05,-2.23221685e-05,3.92983725e-05,3.89527136e-05,1.08289317e-05,1.19359136e-05,7.97739908e-02,1.69973830e-03,9.38967171e-04,0
0.997682,84.3191,4.00687229e-05,3.26093865e-05,4.51491728e-05,4.81911816e-05,1.85002411e-05,-2.56804560e-05,4.11848138e-05,4.07787220e-05,1.50605376e-05,1.78414857e-05,5.03301423e-02,1.38642523e-02,2.35886333e-03,0
0.997682,88.1064,3.07027143e-05,2.82459287e-05,4.59926280e-05,5.03976956e-05,1.64634786e-05,-2.71055869e-05,4.29450312e-05,4.24878204e-05,2.04299430e-05,2.43487061e-05,1.65765908e-02,2.00765259e-02,3.32398388e-03,0
0.997682,91.8936,2.07637173e-05,2.35474444e-05,4.75703521e-05,5.14226395e-05,1.65746791e-05,-2.65250450e-05,4.45894429e-05,4.40534884e-05,2.68763266e-05,3.07604680e-05,1.87825531e-02,1.75571760e-02,3.29461697e-03,0
0.997682,95.6809,1.06546125e-05,1.84470451e-05,4.97824459e-05,5.13722698e-05,1.89052380e-05,-2.39489614e-05,4.60530552e-05,4.54484032e-05,3.30803802e-05,3.63726875e-05,5.25776316e-02,7.24577797e-03,2.79260978e-03,0
0.997682,99.4681,7.24470134e-07,1.28861316e-05,5.27227593e-05,5.05452935e-05,2.33207302e-05,-1.94699381e-05,4.72845946e-05,4.66449162e-05,3.74038676e-05,4.05038767e-05,8.20579896e-02,9.92401283e-03,2.62949807e-03,0
0.997682,103.2553,-8.73809938e-06,6.81792446e-06,5.65790234e-05,4.94273274e-05,2.95029840e-05,-1.32596181e-05,4.82779435e-05,4.76155776e-05,3.90630368e-05,4.25239970e-05,1.04960663e-01,3.25945532e-02,2.93566505e-03,1
0.997682,107.0426,-1.72065107e-05,2.10661864e-07,6.14177851e-05,4.86526833e-05,3.69412398e-05,-5.56213523e-06,4.90661709e-05,4.83336967e-05,3.71330086e-05,4.18814496e-05,1.17518332e-01,5.81781987e-02,4.02773557e-03,1
0.997682,110.8298,-2.43176366e-05,-6.94967120e-06,6.69326207e-05,4.88864742e-05,4.48875491e-05,3.31530561e-06,4.96496089e-05,4.87739286e-05,3.05247414e-05,3.81271315e-05,1.17186318e-01,8.22470758e-02,6.44851998e-03,0
0.997682,114.6170,-3.05796365e-05,-1.46572000e-05,7.25834552e-05,5.06146435e-05,5.26891415e-05,1.30143504e-05,4.99220626e-05,4.89128696e-05,1.89749888e-05,3.09345957e-05,1.07432947e-01,1.00125006e-01,1.01444102e-02,0
0.997682,118.4043,-3.63873128e-05,-2.28847023e-05,7.78766197e-05,5.39445392e-05,5.98461761e-05,2.31394563e-05,4.98317479e-05,4.87296509e-05,2.97261075e-06,2.01155078e-05,9.11057324e-02,1.09072795e-01,1.45409946e-02,0
0.997682,122.1915,-4.20555177e-05,-3.15829077e-05,8.23543485e-05,5.85745953e-05,6.59326764e-05,3.32733461e-05,4.93469441e-05,4.82065104e-05,-1.67222951e-05,5.62976911e-06,7.06615069e-02,1.08378548e-01,1.89595285e-02,0
0.997682,125.9787,-4.77447965e-05,-4.06806007e-05,8.56202991e-05,6.39413319e-05,7.05899199e-05,4.29933526e-05,4.84551218e-05,4.73293308e-05,-3.91027801e-05,-1.24101125e-05,4.76640226e-02,9.88040109e-02,2.26413268e-02,0
0.997682,129.7660,-5.35697364e-05,-5.00855412e-05,8.73379065e-05,6.94008742e-05,7.35110793e-05,5.18880150e-05,4.71596347e-05,4.60881247e-05,-6.28642191e-05,-3.37406032e-05,2.35087992e-02,8.17497771e-02,2.47033124e-02,0
0.997682,133.5532,-5.96357282e-05,-5.96861865e-05,8.72605722e-05,7.43452710e-05,7.44688356e-05,5.95732771e-05,4.54840630e-05,4.44774546e-05,-8.63305198e-05,-5.79546380e-05,3.40455862e-04,5.88627471e-02,2.40690674e-02,0
0.997682,137.3404,-6.63320923e-05,-6.93541705e-05,8.55025699e-05,7.82526136e-05,7.36579830e-05,6.57076544e-05,4.34187861e-05,4.24967727e-05,-1.08235067e-04,-8.45147657e-05,2.03907718e-02,3.30423839e-02,2.01200982e-02,0
0.997682,141.1277,-7.38326918e-05,-7.89474613e-05,8.22917326e-05,8.07024451e-05,7.14114396e-05,7.00057746e-05,4.08941995e-05,4.01506683e-05,-1.29064864e-04,-1.12771457e-04,3.45107211e-02,7.24333300e-03,1.38204375e-02,0
0.997682,144.9149,-8.19032520e-05,-8.83140988e-05,7.77685623e-05,8.13784782e-05,6.78886973e-05,7.22497617e-05,3.79351295e-05,3.74490138e-05,-1.48762485e-04,-1.41985887e-04,4.32557020e-02,1.64525444e-02,5.74806419e-03,0
0.997682,148.7021,-9.02592428e-05,-9.72963855e-05,7.20635028e-05,8.00677513e-05,6.32209621e-05,7.22980150e-05,3.45869683e-05,3.44070026e-05,-1.67107738e-04,-1.71356327e-04,4.74814883e-02,3.64801446e-02,3.60374933e-03,0
0.997682,152.4894,-9.86178514e-05,-1.05735388e-04,6.53344080e-05,7.66586608e-05,5.75621988e-05,7.00910392e-05,3.09059563e-05,3.10450720e-05,-1.83975616e-04,-2.00047137e-04,4.80239290e-02,5.16113884e-02,1.36322295e-02,0
0.997682,156.2766,-1.06690372e-04,-1.13475595e-04,5.77686469e-05,7.11379058e-05,5.10927221e-05,6.56540942e-05,2.69583069e-05,2.73887122e-05,-1.99358469e-04,-2.27219262e-04,4.57817165e-02,6.09317036e-02,2.36321568e-02,0
0.997682,160.0638,-1.14175626e-04,-1.20369566e-04,4.95909429e-05,6.35858301e-05,4.40285813e-05,5.90965577e-05,2.28198520e-05,2.34681627e-05,-2.13404852e-04,-2.52061036e-04,4.17921744e-02,6.37830658e-02,3.27890526e-02,0
0.997682,163.8511,-1.20730873e-04,-1.26282408e-04,4.09894229e-05,5.41697071e-05,3.65477814e-05,5.06080238e-05,1.85578141e-05,1.93179992e-05,-2.26139883e-04,-2.73818141e-04,3.74576931e-02,6.00704326e-02,4.04417809e-02,0
0.997682,167.6383,-1.26055507e-04,-1.31095926e-04,3.18628562e-05,4.31347388e-05,2.85325170e-05,4.04512858e-05,1.41822805e-05,1.49766208e-05,-2.36536218e-04,-2.91821546e-04,3.40090569e-02,5.13727061e-02,4.68942708e-02,0
0.997682,171.4255,-1.30054841e-04,-1.34712287e-04,2.23253158e-05,3.07927691e-05,2.00783383e-05,2.89524751e-05,9.76115038e-06,1.04856481e-05,-2.44331014e-04,-3.05512356e-04,3.14250356e-02,3.85912457e-02,5.18954032e-02,0
0.997682,175.2128,-1.32666135e-04,-1.37057080e-04,1.25244759e-05,1.75089033e-05,1.13148852e-05,1.64887386e-05,5.36990414e-06,5.88924410e-06,-2.49405570e-04,-3.14462616e-04,2.96268816e-02,2.27170149e-02,5.51828636e-02,0
0.997682,179.0000,-1.33836300e-04,-1.38081657e-04,2.61733781e-06,3.68638257e-06,2.37278321e-06,3.47393160e-06,1.10469771e-06,1.23337574e-06,-2.51794771e-04,-3.18391265e-04,2.86445608e-02,4.87227591e-03,5.64886590e-02,0
0.998648,1.0000,1.06050709e-04,1.12236975e-04,2.08859194e-06,3.38480989e-06,2.06748238e-06,3.35898141e-06,2.96197462e-07,4.17351020e-07,1.19162862e-04,1.63187525e-04,4.17403931e-02,5.90763990e-03,3.73427188e-02,0
0.998648,4.7872,1.05552507e-04,1.11675457e-04,9.97666873e-06,1.60583751e-05,9.85592931e-06,1.59333351e-05,1.54744187e-06,2.00006052e-06,1.18254026e-04,1.61208761e-04,4.13131799e-02,2.77179708e-02,3.64351814e-02,0
0.998648,8.5745,1.04311511e-04,1.10393727e-04,1.77565873e-05,2.81667743e-05,1.75033114e-05,2.79369281e-05,2.98839149e-06,3.59099217e-06,1.16394428e-04,1.56706608e-04,4.10383361e-02,4.74454442e-02,3.41937073e-02,0
0.998648,12.3617,1.02335604e-04,1.08426088e-04,2.53249108e-05,3.92869773e-05,2.49082218e-05,3.89417893e-05,4.57510596e-06,5.19650208e-06,1.13499115e-04,1.49836212e-04,4.10941261e-02,6.36334819e-02,3.08219511e-02,0
0.998648,16.1489,9.96498309e-05,1.05824555e-04,3.25798186e-05,4.90360336e-05,3.19687509e-05,4.85590724e-05,6.28040942e-06,6.82268827e-06,1.09607604e-04,1.40833407e-04,4.16625154e-02,7.50008076e-02,2.64864354e-02,0
0.998648,19.9362,9.62883499e-05,1.02656626e-04,3.94245476e-05,5.70869137e-05,3.85886664e-05,5.64542788e-05,8.07525721e-06,8.47526525e-06,1.04774248e-04,1.30005418e-04,4.29684674e-02,8.04979589e-02,2.14016514e-02,0
0.998648,23.7234,9.23198505e-05,9.90024046e-05,4.58187853e-05,6.31824814e-05,4.47273514e-05,6.23603399e-05,9.94108239e-06,1.01594271e-05,9.92052644e-05,1.17718738e-04,4.50889841e-02,7.91367412e-02,1.57035489e-02,0
0.998648,27.5106,8.80507509e-05,9.49511615e-05,5.19220624e-05,6.71472777e-05,5.05364438e-05,6.60880450e-05,1.19150498e-05,1.18796974e-05,9.35980875e-05,1.04384680e-04,4.65589201e-02,6.93904061e-02,9.14943285e-03,0
0.998648,31.2979,8.37786016e-05,9.05975093e-05,5.75499811e-05,6.88970511e-05,5.58301304e-05,6.75334025e-05,1.39641279e-05,1.36397653e-05,8.76978643e-05,9.04431623e-05,4.60089975e-02,5.17153799e-02,2.32862418e-03,0
0.998648,35.0851,7.97586739e-05,8.60373335e-05,6.25010457e-05,6.84463773e-05,6.04057948e-05,6.66816441e-05,1.60474508e-05,1.54423086e-05,8.12320814e-05,7.63453782e-05,4.23637997e-02,2.70964291e-02,4.14501265e-03,0
0.998648,38.8723,7.62371058e-05,8.13636596e-05,6.66078878e-05,6.59154314e-05,6.40929601e-05,6.36077141e-05,1.81301732e-05,1.72888058e-05,7.40413571e-05,6.25360340e-05,3.45902325e-02,3.15593774e-03,9.75907636e-03,0
0.998648,42.6596,7.34782412e-05,7.66626287e-05,6.97383319e-05,6.15383198e-05,6.67524961e-05,5.84732219e-05,2.01876003e-05,1.91793412e-05,6.60333727e-05,4.94358609e-05,2.14859159e-02,3.73723561e-02,1.40783864e-02,0
0.998648,46.4468,7.18313197e-05,7.20097577e-05,7.17942801e-05,5.56780205e-05,6.82708020e-05,5.15199786e-05,2.22152257e-05,2.11124081e-05,5.71439607e-05,3.74250969e-05,1.20396924e-03,7.34514275e-02,1.67259880e-02,0
0.998648,50.2340,7.12470800e-05,6.74666422e-05,7.23825041e-05,4.88579514e-05,6.82369852e-05,4.30603682e-05,2.41441662e-05,2.30847158e-05,4.78672266e-05,2.68285940e-05,2.55076271e-02,1.07215447e-01,1.78454459e-02,0
0.998648,54.0213,7.10689726e-05,6.30782497e-05,7.11144808e-05,4.18265527e-05,6.61776376e-05,3.34649332e-05,2.60343940e-05,2.50910095e-05,3.78321528e-05,1.79031462e-05,5.39155495e-02,1.33482594e-01,1.69042360e-02,0
0.998648,57.8085,7.08149652e-05,5.88709236e-05,6.81493318e-05,3.56583879e-05,6.21640751e-05,2.31476600e-05,2.79277495e-05,2.71239094e-05,2.76477593e-05,1.08275434e-05,8.05896507e-02,1.48080651e-01,1.42672892e-02,0
0.998648,61.5957,7.02121939e-05,5.48511915e-05,6.39562845e-05,3.17584709e-05,5.65837275e-05,1.25495440e-05,2.98108722e-05,2.91737797e-05,1.84475460e-05,5.69575189e-06,1.03644801e-01,1.46744681e-01,1.08163614e-02,0
0.998648,65.3830,6.89445852e-05,5.10054398e-05,5.90724020e-05,3.13005848e-05,4.98575639e-05,2.12107797e-06,3.16823610e-05,3.12286349e-05,1.11385200e-05,2.51349569e-06,1.21040223e-01,1.26572770e-01,7.31594155e-03,0
0.998648,69.1702,6.65329753e-05,4.73004797e-05,5.40844201e-05,3.41524265e-05,4.24082701e-05,-7.69564578e-06,3.35658028e-05,3.32740931e-05,6.36769081e-06,1.19838301e-06,1.29766804e-01,9.08420077e-02,4.38472428e-03,0
0.998648,72.9574,6.22442712e-05,4.36849961e-05,4.96787133e-05,3.89533333e-05,3.46957758e-05,-1.64845164e-05,3.55552767e-05,3.52933831e-05,4.32869512e-06,1.58357879e-06,1.25224404e-01,4.88819673e-02,2.32847002e-03,0
0.998648,76.7447,5.62070715e-05,4.00918325e-05,4.66356242e-05,4.42575574e-05,2.75626928e-05,-2.38719766e-05,3.76188704e-05,3.72674136e-05,4.46725596e-06,3.42488594e-06,1.08733837e-01,1.08382720e-02,8.84161921e-04,0
0.998648,80.5319,4.88874358e-05,3.64410317e-05,4.52071431e-05,4.90652544e-05,2.17275438e-05,-2.95419326e-05,3.96434059e-05,3.91749079e-05,6.01260206e-06,6.41096257e-06,8.39792247e-02,1.75837191e-02,3.37898438e-04,0
0.998648,84.3191,4.05091322e-05,3.26435196e-05,4.51473904e-05,5.27811623e-05,1.76114523e-05,-3.32484141e-05,4.15707061e-05,4.09926097e-05,8.58148963e-06,1.01762780e-05,5.30713964e-02,3.47916611e-02,1.35273569e-03,0
0.998648,88.1064,3.12184974e-05,2.86052942e-05,4.60435842e-05,5.50974151e-05,1.54772488e-05,-3.48254842e-05,4.33643450e-05,4.26955596e-05,1.19215607e-05,1.43163014e-05,1.76319823e-02,4.12637188e-02,2.03127350e-03,0
0.998648,91.8936,2.11738181e-05,2.42319555e-05,4.76091700e-05,5.59280903e-05,1.55090218e-05,-3.41940068e-05,4.50122573e-05,4.42574421e-05,1.59078704e-05,1.84043289e-05,2.06340729e-02,3.79142920e-02,2.11755281e-03,0
0.998648,95.6809,1.11321573e-05,1.94334011e-05,4.97969097e-05,5.53875185e-05,1.79636445e-05,-3.13650020e-05,4.64439414e-05,4.56510005e-05,1.97840335e-05,2.20092858e-05,5.60107170e-02,2.54797454e-02,1.88750952e-03,0
0.998648,99.4681,1.26058663e-06,1.41284997e-05,5.27237115e-05,5.37943102e-05,2.26094599e-05,-2.64394537e-05,4.76298444e-05,4.68485123e-05,2.25875205e-05,2.47138055e-05,8.68232588e-02,4.87935826e-03,1.80356320e-03,0
0.998648,103.2553,-8.26427997e-06,8.24955496e-06,5.66255825e-05,5.16847496e-05,2.91284813e-05,-1.96045730e-05,4.85591203e-05,4.78223175e-05,2.37983878e-05,2.61318696e-05,1.11423271e-01,2.25183285e-02,1.97931231e-03,1
0.998648,107.0426,-1.71660740e-05,1.74637689e-06,6.16464197e-05,4.98041915e-05,3.70946090e-05,-1.11266597e-05,4.92368870e-05,4.85453905e-05,2.29853149e-05,2.59253112e-05,1.27607376e-01,5.39721118e-02,2.49377165e-03,1
0.998648,110.8298,-2.48914517e-05,-5.41020841e-06,6.76309036e-05,4.90102847e-05,4.58515055e-05,-1.34083713e-06,4.97149733e-05,4.89919398e-05,1.95126881e-05,2.38185262e-05,1.31445171e-01,8.48652898e-02,3.65230964e-03,0
0.998648,114.6170,-3.12417794e-05,-1.32255609e-05,7.39766511e-05,5.00219092e-05,5.45381176e-05,9.36193920e-06,4.99813829e-05,4.91380249e-05,1.27619905e-05,1.96108056e-05,1.21560256e-01,1.09176076e-01,5.80932046e-03,0
0.998648,118.4043,-3.69398773e-05,-2.16792641e-05,7.99893114e-05,5.30999125e-05,6.24945449e-05,2.05500958e-05,4.99271649e-05,4.89621719e-05,2.94588748e-06,1.31857940e-05,1.02967448e-01,1.22551062e-01,8.68572124e-03,0
0.998648,122.1915,-4.23946107e-05,-3.07240923e-05,8.51062366e-05,5.79330300e-05,6.92279484e-05,3.17682828e-05,4.95031581e-05,4.84459717e-05,-9.28848991e-06,4.51768968e-06,7.87441157e-02,1.23844544e-01,1.17107151e-02,0
0.998648,125.9787,-4.78278946e-05,-4.02859651e-05,8.88210856e-05,6.38301712e-05,7.42888443e-05,4.25551862e-05,4.86862696e-05,4.75746454e-05,-2.30559289e-05,-6.32607014e-06,5.08874199e-02,1.13898534e-01,1.41906462e-02,0
0.998648,129.7660,-5.34093577e-05,-5.02649112e-05,9.06883574e-05,6.99956453e-05,7.72718110e-05,5.24616154e-05,4.74704687e-05,4.63375578e-05,-3.72227117e-05,-1.91857604e-05,2.12164233e-02,9.43090571e-02,1.52993517e-02,0
0.998648,133.5532,-5.95576953e-05,-6.05370252e-05,9.04937874e-05,7.56965866e-05,7.80414217e-05,6.10681564e-05,4.58111565e-05,4.47286652e-05,-5.10088795e-05,-3.38139335e-05,6.60780146e-03,6.74396886e-02,1.45851438e-02,0
0.998648,137.3404,-6.68843231e-05,-7.09573613e-05,8.85049365e-05,8.03214004e-05,7.69880354e-05,6.80017028e-05,4.36573727e-05,4.27468803e-05,-6.44993492e-05,-4.98834378e-05,2.74818809e-02,3.72972655e-02,1.23975480e-02,0
0.998648,141.1277,-7.53286280e-05,-8.13636746e-05,8.50928542e-05,8.33882387e-05,7.45203780e-05,7.29502141e-05,4.10792783e-05,4.03963440e-05,-7.71091884e-05,-6.69985913e-05,4.07200766e-02,7.76895176e-03,8.57603807e-03,0
0.998648,144.9149,-8.44317785e-05,-9.15808839e-05,8.03565240e-05,8.45399531e-05,7.07557424e-05,7.56751251e-05,3.80893144e-05,3.76865905e-05,-8.88134337e-05,-8.47090897e-05,4.82369305e-02,1.90663869e-02,3.48139777e-03,0
0.998648,148.7021,-9.38227321e-05,-1.01426106e-04,7.44386890e-05,8.35379964e-05,6.58419776e-05,7.60209170e-05,3.47268255e-05,3.46326006e-05,-9.96177349e-05,-1.02526122e-04,5.13020040e-02,4.14709825e-02,2.46695975e-03,0
0.998648,152.4894,-1.03153442e-04,-1.10714086e-04,6.75243878e-05,8.02573546e-05,5.99631518e-05,7.39214753e-05,3.10477595e-05,3.12547349e-05,-1.09598735e-04,-1.19940075e-04,5.10136935e-02,5.80317402e-02,8.77176009e-03,0
0.998648,156.2766,-1.12073313e-04,-1.19262827e-04,5.98387040e-05,7.46816601e-05,5.33401069e-05,6.94029829e-05,2.71201675e-05,2.75785483e-05,-1.18951565e-04,-1.36439159e-04,4.85095799e-02,6.76482225e-02,1.48333747e-02,0
0.998648,160.0638,-1.20197732e-04,-1.26899230e-04,5.15960494e-05,6.68973075e-05,4.61811496e-05,6.25832316e-05,2.30098616e-05,2.36344848e-05,-1.27860473e-04,-1.51528221e-04,4.52168020e-02,6.97369784e-02,2.00755218e-02,0
0.998648,163.8511,-1.27142755e-04,-1.33464530e-04,4.26838643e-05,5.70857257e-05,3.83610664e-05,5.36673771e-05,1.87173943e-05,1.94574589e-05,-1.35565641e-04,-1.64747044e-04,4.26547064e-02,6.56378904e-02,2.47523287e-02,0
0.998648,167.6383,-1.32773495e-04,-1.38819336e-04,3.31903985e-05,4.55133687e-05,2.99501567e-05,4.29402996e-05,1.43035194e-05,1.50863314e-05,-1.41807377e-04,-1.75687410e-04,4.07929112e-02,5.61631405e-02,2.87378134e-02,0
0.998648,171.4255,-1.37001883e-04,-1.42848100e-04,2.32622537e-05,3.25193226e-05,2.10771196e-05,3.07558651e-05,9.84314366e-06,1.05632902e-05,-1.46487800e-04,-1.84008283e-04,3.94459939e-02,4.21899955e-02,3.18257255e-02,0
0.998648,175.2128,-1.39761655e-04,-1.45462840e-04,1.30533891e-05,1.85006896e-05,1.18785227e-05,1.75235049e-05,5.41217759e-06,5.93315206e-06,-1.49534358e-04,-1.89448515e-04,3.84674204e-02,2.48266040e-02,3.38560941e-02,0
0.998648,179.0000,-1.41002442e-04,-1.46605988e-04,2.72669109e-06,3.89609973e-06,2.49214954e-06,3.69263342e-06,1.10636114e-06,1.24259871e-06,-1.51002425e-04,-1.91836590e-04,3.78086311e-02,5.32969411e-03,3.46364658e-02,0
0.999614,1.0000,1.11429930e-04,1.19279423e-04,2.17540675e-06,3.58061681e-06,2.15645702e-06,3.55488146e-06,2.86509396e-07,4.28526001e-07,3.49048032e-05,4.81288177e-05,5.29626303e-02,6.40438216e-03,1.12169094e-02,0
0.999614,4.7872,1.10897726e-04,1.18613675e-04,1.03851284e-05,1.69837997e-05,1.02607504e-05,1.68592270e-05,1.60246455e-06,2.05326920e-06,3.46440521e-05,4.75383108e-05,5.20615802e-02,3.00740890e-02,1.09372031e-02,0
0.999614,8.5745,1.09560649e-04,1.17094942e-04,1.84818772e-05,2.97754058e-05,1.82211819e-05,2.95464844e-05,3.09326909e-06,3.68511186e-06,3.40966135e-05,4.61948181e-05,5.08358925e-02,5.14713596e-02,1.02619719e-02,0
0.999614,12.3617,1.07434505e-04,1.14766032e-04,2.63559154e-05,4.14976730e-05,2.59281972e-05,4.11540111e-05,4.72893939e-06,5.32956241e-06,3.32443437e-05,4.41447527e-05,4.94677791e-02,6.90100396e-02,9.24597446e-03,0
0.999614,16.1489,1.04547070e-04,1.11691889e-04,3.39009709e-05,5.17362186e-05,3.32755685e-05,5.12615754e-05,6.48169494e-06,6.99193859e-06,3.20988973e-05,4.14586677e-05,4.82080135e-02,8.12858840e-02,7.93916981e-03,0
0.999614,19.9362,1.00935714e-04,1.07956858e-04,4.10155307e-05,6.01371756e-05,4.01624643e-05,5.95078558e-05,8.32167153e-06,8.67726824e-06,3.06762881e-05,3.82284736e-05,4.73735427e-02,8.71487647e-02,6.40593525e-03,0
0.999614,23.7234,9.66468216e-05,1.03661131e-04,4.76052046e-05,6.64223018e-05,4.64957787e-05,6.56046220e-05,1.02175372e-05,1.03901753e-05,2.89980861e-05,3.45638133e-05,4.73274223e-02,8.57607587e-02,4.72097621e-03,0
0.999614,27.5106,9.17399021e-05,9.89165262e-05,5.35930629e-05,7.04017195e-05,5.22001724e-05,6.93480353e-05,1.21391267e-05,1.21347479e-05,2.71016641e-05,3.05877396e-05,4.84226067e-02,7.66070944e-02,2.95696840e-03,0
0.999614,31.2979,8.65457159e-05,9.38417701e-05,5.91974955e-05,7.19842373e-05,5.74848997e-05,7.06266254e-05,1.41361162e-05,1.39143880e-05,2.53944479e-05,2.64318653e-05,4.92284333e-02,5.82768249e-02,8.79960972e-04,0
0.999614,35.0851,8.15226258e-05,8.85574746e-05,6.43381182e-05,7.11856885e-05,6.22617470e-05,6.94256270e-05,1.62132143e-05,1.57316420e-05,2.37370730e-05,2.22311790e-05,4.74660101e-02,3.12084705e-02,1.27733352e-03,0
0.999614,38.8723,7.71144377e-05,8.31810299e-05,6.88146092e-05,6.81366172e-05,6.63223198e-05,6.58275045e-05,1.83521207e-05,1.75880143e-05,2.17192583e-05,1.81187317e-05,4.09329241e-02,3.09001489e-03,3.05404839e-03,0
0.999614,42.6596,7.37839050e-05,7.78216208e-05,7.23627536e-05,6.30924286e-05,6.93898796e-05,6.00086434e-05,2.05283394e-05,1.94837692e-05,1.91586418e-05,1.42204051e-05,2.72435510e-02,4.22504117e-02,4.18872456e-03,0
0.999614,46.4468,7.16243242e-05,7.25755773e-05,7.45145670e-05,5.64529519e-05,7.09935625e-05,5.22323360e-05,2.26348134e-05,2.14177230e-05,1.64343094e-05,1.06499693e-05,6.41835991e-03,8.23175751e-02,4.90640867e-03,0
0.999614,50.2340,7.07002345e-05,6.75222593e-05,7.50858944e-05,4.88065225e-05,7.09389349e-05,4.28383371e-05,2.46081095e-05,2.33870373e-05,1.37195097e-05,7.50462753e-06,2.14426502e-02,1.19770805e-01,5.27160424e-03,0
0.999614,54.0213,7.09656633e-05,6.27206521e-05,7.39723879e-05,4.10272439e-05,6.90999120e-05,3.22293978e-05,2.64029606e-05,2.53870177e-05,1.10595772e-05,4.86122374e-06,5.56313004e-02,1.50150712e-01,5.25758417e-03,0
0.999614,57.8085,7.16729666e-05,5.82068217e-05,7.09526435e-05,3.44427480e-05,6.51581674e-05,2.08553063e-05,2.80836400e-05,2.74109302e-05,8.12477818e-06,2.77326581e-06,9.08596894e-02,1.66397415e-01,4.53927433e-03,0
0.999614,61.5957,7.17794853e-05,5.39923459e-05,6.61608483e-05,3.08519436e-05,5.90643565e-05,9.19506318e-06,2.98103947e-05,2.94498427e-05,4.98185103e-06,1.26888345e-06,1.20014597e-01,1.60923783e-01,3.14942343e-03,0
0.999614,65.3830,7.05668126e-05,5.00637976e-05,6.03324092e-05,3.15736422e-05,5.13736198e-05,-2.26210992e-06,3.16346454e-05,3.14925030e-05,2.54512186e-06,3.49803337e-07,1.38339338e-01,1.31070890e-01,1.86211903e-03,0
0.999614,69.1702,6.73515138e-05,4.63833142e-05,5.44622830e-05,3.59706160e-05,4.28136170e-05,-1.30361810e-05,3.36620627e-05,3.35252621e-05,1.39476092e-06,-8.61574128e-09,1.41478063e-01,8.42775789e-02,1.19037596e-03,0
0.999614,72.9574,6.25946603e-05,4.28902439e-05,4.97028225e-05,4.21509117e-05,3.45008722e-05,-2.26753739e-05,3.57779315e-05,3.55320528e-05,1.10707881e-06,1.43712823e-07,1.32950979e-01,3.44185714e-02,8.17148910e-04,0
0.999614,76.7447,5.65362916e-05,3.95038150e-05,4.65773488e-05,4.85064947e-05,2.70740254e-05,-3.07741405e-05,3.79004825e-05,3.74944302e-05,1.20071922e-06,7.33718711e-07,1.14922686e-01,8.79227072e-03,3.96120440e-04,0
0.999614,80.5319,4.92910191e-05,3.61267329e-05,4.51607171e-05,5.40362396e-05,2.10131676e-05,-3.69893302e-05,3.99742061e-05,3.93916825e-05,1.58998031e-06,1.66822791e-06,8.88229676e-02,4.04510610e-02,6.63713933e-05,0
0.999614,84.3191,4.09278580e-05,3.26495719e-05,4.51493326e-05,5.81631138e-05,1.66757491e-05,-4.10539192e-05,4.19569020e-05,4.12010136e-05,2.34742893e-06,2.83783527e-06,5.58558151e-02,5.93115790e-02,4.15973792e-04,0
0.999614,88.1064,3.16028981e-05,2.89557931e-05,4.61065005e-05,6.05888915e-05,1.43938059e-05,-4.27877579e-05,4.38021431e-05,4.28978036e-05,3.44945413e-06,4.12144506e-06,1.78607269e-02,6.60049121e-02,5.69997970e-04,0
0.999614,91.8936,2.17187371e-05,2.49271947e-05,4.76881227e-05,6.12303382e-05,1.44697472e-05,-4.21049102e-05,4.54398885e-05,4.44559428e-05,4.64024621e-06,5.39130178e-06,2.16483236e-02,6.17199697e-02,6.37062394e-04,0
0.999614,95.6809,1.16145564e-05,2.04495828e-05,4.98149884e-05,6.02030747e-05,1.69746054e-05,-3.90172927e-05,4.68337041e-05,4.58482396e-05,5.75557635e-06,6.51831326e-06,5.96122916e-02,4.73447185e-02,6.46970775e-04,0
0.999614,99.4681,1.72852685e-06,1.54184347e-05,5.27036835e-05,5.78332751e-05,2.18293120e-05,-3.36344666e-05,4.79704012e-05,4.70468954e-05,6.66359179e-06,7.37745682e-06,9.23694780e-02,2.33786151e-02,6.05516538e-04,0
0.999614,103.2553,-7.75311977e-06,9.74433035e-06,5.66500089e-05,5.46866721e-05,2.86994969e-05,-2.61595864e-05,4.88422193e-05,4.80240372e-05,7.10593238e-06,7.85305473e-06,1.18059986e-01,8.94809908e-03,6.33726151e-04,1
0.999614,107.0426,-1.67215378e-05,3.35792982e-06,6.18428413e-05,5.15924128e-05,3.71405386e-05,-1.68816589e-05,4.94481285e-05,4.87522989e-05,6.92524051e-06,7.84371041e-06,1.35481550e-01,4.67173293e-02,7.79067022e-04,1
0.999614,110.8298,-2.50109037e-05,-3.78570805e-06,6.82079875e-05,4.95900704e-05,4.66086850e-05,-6.16441265e-06,4.97991972e-05,4.92054377e-05,6.04817652e-06,7.26670924e-06,1.43212084e-01,8.48529761e-02,1.03358713e-03,0
0.999614,114.6170,-3.23254332e-05,-1.17036480e-05,7.53051469e-05,4.96720058e-05,5.63662279e-05,5.56779080e-06,4.99370955e-05,4.93589694e-05,4.27912029e-06,6.06170862e-06,1.39140712e-01,1.16825545e-01,1.51203190e-03,0
0.999614,118.4043,-3.80803267e-05,-2.03825931e-05,8.22498091e-05,5.23281142e-05,6.53664200e-05,1.78464548e-05,4.99225624e-05,4.91908079e-05,1.25281771e-06,4.19356907e-06,1.19411352e-01,1.36371048e-01,2.49441208e-03,0
0.999614,122.1915,-4.29076427e-05,-2.97775056e-05,8.80846130e-05,5.72764390e-05,7.27701128e-05,3.01772112e-05,4.96327485e-05,4.86818897e-05,-2.68739261e-06,1.65421162e-06,8.85925551e-02,1.40411263e-01,3.68264732e-03,0
0.999614,125.9787,-4.74428375e-05,-3.98114073e-05,9.20853346e-05,6.36821342e-05,7.79687511e-05,4.20591372e-05,4.89957416e-05,4.78167669e-05,-6.73239386e-06,-1.53657541e-06,5.14913049e-02,1.29450361e-01,4.40721121e-03,0
0.999614,129.7660,-5.27196301e-05,-5.03763885e-05,9.39572121e-05,7.05658994e-05,8.08556765e-05,5.30043698e-05,4.78572596e-05,4.65841490e-05,-1.06637685e-05,-5.33141660e-06,1.58104790e-02,1.06608193e-01,4.52302202e-03,0
0.999614,133.5532,-5.94185312e-05,-6.13358051e-05,9.38129512e-05,7.70478708e-05,8.16755103e-05,6.25572521e-05,4.61517153e-05,4.49773788e-05,-1.47021970e-05,-9.65671003e-06,1.29363607e-02,7.64084916e-02,4.27969665e-03,0
0.999614,137.3404,-6.74721778e-05,-7.25276030e-05,9.17426457e-05,8.24158286e-05,8.05472532e-05,7.03122602e-05,4.39187096e-05,4.29948238e-05,-1.87763960e-05,-1.44150201e-05,3.41103089e-02,4.25078804e-02,3.69941803e-03,0
0.999614,141.1277,-7.67016380e-05,-8.37686614e-05,8.79259748e-05,8.61219487e-05,7.76637100e-05,7.59300111e-05,4.12228722e-05,4.06401705e-05,-2.26869069e-05,-1.94884139e-05,4.76831010e-02,8.22202540e-03,2.71303439e-03,0
0.999614,144.9149,-8.69002696e-05,-9.48600083e-05,8.28241631e-05,8.77665153e-05,7.34995349e-05,7.91507220e-05,3.81793186e-05,3.79226109e-05,-2.60287348e-05,-2.47426146e-05,5.37064908e-02,2.25252529e-02,1.09091638e-03,0
0.999614,148.7021,-9.74947181e-05,-1.05592727e-04,7.67033217e-05,8.70848859e-05,6.83408342e-05,7.98045939e-05,3.48271438e-05,3.48569097e-05,-2.89587096e-05,-3.00318157e-05,5.46394359e-02,4.73149930e-02,9.10232974e-04,0
0.999614,152.4894,-1.07935494e-04,-1.15754345e-04,6.97773230e-05,8.39386323e-05,6.24105941e-05,7.78187102e-05,3.12056494e-05,3.14633491e-05,-3.18627066e-05,-3.52039702e-05,5.27558845e-02,6.45415506e-02,2.83413571e-03,0
0.999614,156.2766,-1.17665287e-04,-1.25135478e-04,6.21514955e-05,7.83085654e-05,5.58165646e-05,7.32201795e-05,2.73371452e-05,2.77675480e-05,-3.48574188e-05,-4.01063542e-05,5.04033817e-02,7.36374244e-02,4.45226623e-03,0
0.999614,160.0638,-1.26262821e-04,-1.33536488e-04,5.36512576e-05,7.02875372e-05,4.83736406e-05,6.61353950e-05,2.32044896e-05,2.38001556e-05,-3.75149033e-05,-4.45911896e-05,4.90773810e-02,7.58214694e-02,6.00226679e-03,0
0.999614,163.8511,-1.33588477e-04,-1.40773913e-04,4.43975222e-05,6.00716728e-05,4.01852543e-05,5.67854374e-05,1.88755214e-05,1.95964274e-05,-3.97794551e-05,-4.85211106e-05,4.84820640e-02,7.14364728e-02,7.41487071e-03,0
0.999614,167.6383,-1.39527363e-04,-1.46686440e-04,3.45326705e-05,4.79493383e-05,3.13761785e-05,4.54777978e-05,1.44236180e-05,1.51956887e-05,-4.16138321e-05,-5.17742629e-05,4.83042131e-02,6.11477744e-02,8.61830817e-03,0
0.999614,171.4255,-1.43986396e-04,-1.51140191e-04,2.42095476e-05,3.42876300e-05,2.20818901e-05,3.25947401e-05,9.92432998e-06,1.06406994e-05,-4.29892888e-05,-5.42488404e-05,4.82685730e-02,4.59318448e-02,9.55060733e-03,0
0.999614,175.2128,-1.46895653e-04,-1.54033141e-04,1.35881560e-05,1.95165038e-05,1.24455662e-05,1.85787561e-05,5.45397708e-06,5.97693428e-06,-4.38845731e-05,-5.58668814e-05,4.81585440e-02,2.70190243e-02,1.01636660e-02,0
0.999614,179.0000,-1.48208133e-04,-1.55298499e-04,2.83469534e-06,4.11090138e-06,2.61537221e-06,3.91567586e-06,1.09330959e-06,1.25179581e-06,-4.43110320e-05,-5.65771817e-05,4.78406027e-02,5.81643372e-03,1.04044267e-02,0
