beta0_deg,Id0_over_Is,Pe_min,J,mu_over_J,sigma,omega_e0,fate,omega_e_final,omega_e_peak,omega_e_min,omega_e_tailmean,ripple,t_end_yr,reached_horizon,beta_final_deg,Id_final_over_Is,eps_beta_max,t_domain_exit_yr,in_domain,omega_e_tailmean_numeric,n_resonance_crossings,nearest_resonance,d_to_resonance,min_d_separatrix,wall_s,omega_e_pred,rel_err_pred,H_drift_rel
15.00,0.3913,20.0,0.1000,1.0e-03,+1,5.23598776e-03,equilibrium,2.04882836e-03,5.23598776e-03,2.04882836e-03,2.04882836e-03,1.905054e-15,100.0000,1,162.9870,1.000000,4.889044e-03,NaN,1,NaN,17,SAM 2:1,0.070033,3.687028e-03,12.65,2.04882836e-03,2.116726e-14,0.000000e+00
45.00,0.3913,20.0,0.1000,1.0e-03,+1,5.23598776e-03,equilibrium,2.04882836e-03,5.23598776e-03,2.04882836e-03,2.04882836e-03,1.058363e-15,100.0000,1,80.9714,1.000000,5.522411e-03,NaN,1,NaN,17,SAM 2:1,0.070033,3.686822e-03,6.09,2.04882836e-03,4.233452e-14,0.000000e+00
75.00,0.3913,20.0,0.1000,1.0e-03,+1,5.23598776e-03,equilibrium,2.04882836e-03,5.23598776e-03,2.04882836e-03,2.04882836e-03,2.116726e-16,100.0000,1,87.0286,1.000000,4.622912e-03,NaN,1,NaN,17,SAM 2:1,0.070033,3.686828e-03,6.30,2.04882836e-03,5.376485e-14,0.000000e+00
105.00,0.3913,20.0,0.1000,1.0e-03,+1,5.23598776e-03,equilibrium,2.04882836e-03,5.23598776e-03,2.04882836e-03,2.04882836e-03,6.350179e-16,100.0000,1,63.5062,1.000000,4.554363e-03,NaN,1,NaN,17,SAM 2:1,0.070033,3.686834e-03,6.21,2.04882836e-03,5.334150e-14,0.000000e+00
135.00,0.3913,20.0,0.1000,1.0e-03,+1,5.23598776e-03,equilibrium,2.04882836e-03,5.23598776e-03,2.04882836e-03,2.04882836e-03,6.350179e-16,100.0000,1,128.7207,1.000000,6.140717e-03,NaN,1,NaN,17,SAM 2:1,0.070033,3.686826e-03,5.53,2.04882836e-03,4.191118e-14,0.000000e+00
165.00,0.3913,20.0,0.1000,1.0e-03,+1,5.23598776e-03,equilibrium,2.04882836e-03,5.23598776e-03,2.04882836e-03,2.04882836e-03,0.000000e+00,100.0000,1,25.9872,1.000000,5.615641e-03,NaN,1,NaN,17,SAM 2:1,0.070033,3.686816e-03,4.54,2.04882836e-03,2.264897e-14,0.000000e+00
15.00,0.4416,20.0,0.1000,1.0e-03,+1,5.23598776e-03,equilibrium,2.31241931e-03,5.23598776e-03,2.31241931e-03,2.31241931e-03,3.750884e-16,100.0000,1,38.3079,1.000000,3.939064e-03,NaN,1,NaN,17,SAM 2:1,0.070033,1.954847e-04,3.20,2.31241931e-03,1.725407e-14,0.000000e+00
45.00,0.4416,20.0,0.1000,1.0e-03,+1,5.23598776e-03,equilibrium,2.31241931e-03,5.23598776e-03,2.31241931e-03,2.31241931e-03,5.626327e-16,100.0000,1,44.8330,1.000000,4.698569e-03,NaN,1,NaN,17,SAM 2:1,0.070033,1.954846e-04,4.84,2.31241931e-03,3.469568e-14,0.000000e+00
75.00,0.4416,20.0,0.1000,1.0e-03,+1,5.23598776e-03,equilibrium,2.31241931e-03,5.23598776e-03,2.31241931e-03,2.31241931e-03,1.875442e-16,100.0000,1,66.0836,1.000000,3.466808e-03,NaN,1,NaN,17,SAM 2:1,0.070033,1.954849e-04,4.37,2.31241931e-03,4.576079e-14,0.000000e+00
105.00,0.4416,20.0,0.1000,1.0e-03,+1,5.23598776e-03,equilibrium,2.31241931e-03,5.23598776e-03,2.31241931e-03,2.31241931e-03,3.750884e-16,100.0000,1,68.8939,1.000000,3.462125e-03,NaN,1,NaN,17,SAM 2:1,0.070033,1.954848e-04,4.39,2.31241931e-03,4.557324e-14,0.000000e+00
135.00,0.4416,20.0,0.1000,1.0e-03,+1,5.23598776e-03,equilibrium,2.31241931e-03,5.23598776e-03,2.31241931e-03,2.31241931e-03,5.626327e-16,100.0000,1,109.0136,1.000000,4.000092e-03,NaN,1,NaN,17,SAM 2:1,0.070033,1.954843e-04,4.59,2.31241931e-03,3.544586e-14,0.000000e+00
165.00,0.4416,20.0,0.1000,1.0e-03,+1,5.23598776e-03,equilibrium,2.31241931e-03,5.23598776e-03,2.31241931e-03,2.31241931e-03,1.125265e-15,100.0000,1,130.2865,1.000000,3.937954e-03,NaN,1,NaN,17,SAM 2:1,0.070033,1.954851e-04,3.27,2.31241931e-03,1.762916e-14,0.000000e+00
15.00,0.4920,20.0,0.1000,1.0e-03,+1,5.23598776e-03,equilibrium,2.57601027e-03,5.23598776e-03,2.57601027e-03,2.57601027e-03,1.683537e-16,100.0000,1,130.7783,1.000000,3.245797e-03,NaN,1,NaN,15,SAM 2:1,0.070033,2.790993e-03,3.16,2.57601027e-03,1.548854e-14,0.000000e+00
45.00,0.4920,20.0,0.1000,1.0e-03,+1,5.23598776e-03,equilibrium,2.57601027e-03,5.23598776e-03,2.57601027e-03,2.57601027e-03,1.010122e-15,100.0000,1,86.6661,1.000000,4.560761e-03,NaN,1,NaN,15,SAM 2:1,0.070033,2.790993e-03,4.41,2.57601027e-03,3.064037e-14,0.000000e+00
75.00,0.4920,20.0,0.1000,1.0e-03,+1,5.23598776e-03,equilibrium,2.57601027e-03,5.23598776e-03,2.57601027e-03,2.57601027e-03,3.367074e-16,100.0000,1,100.7361,1.000000,2.913138e-03,NaN,1,NaN,15,SAM 2:1,0.070033,2.790993e-03,4.03,2.57601027e-03,3.989983e-14,0.000000e+00
105.00,0.4920,20.0,0.1000,1.0e-03,+1,5.23598776e-03,equilibrium,2.57601027e-03,5.23598776e-03,2.57601027e-03,2.57601027e-03,1.683537e-16,100.0000,1,71.1503,1.000000,2.829052e-03,NaN,1,NaN,15,SAM 2:1,0.070033,2.790993e-03,3.98,2.57601027e-03,4.023654e-14,0.000000e+00
135.00,0.4920,20.0,0.1000,1.0e-03,+1,5.23598776e-03,equilibrium,2.57601027e-03,5.23598776e-03,2.57601027e-03,2.57601027e-03,3.367074e-16,100.0000,1,124.2931,1.000000,3.417816e-03,NaN,1,NaN,15,SAM 2:1,0.070033,2.790993e-03,4.19,2.57601027e-03,3.232391e-14,0.000000e+00
165.00,0.4920,20.0,0.1000,1.0e-03,+1,5.23598776e-03,equilibrium,2.57601027e-03,5.23598776e-03,2.57601027e-03,2.57601027e-03,0.000000e+00,100.0000,1,60.8452,1.000000,3.247097e-03,NaN,1,NaN,15,SAM 2:1,0.070033,2.790993e-03,3.14,2.57601027e-03,1.633031e-14,0.000000e+00
15.00,0.5423,20.0,0.1000,1.0e-03,+1,5.23598776e-03,equilibrium,2.83960123e-03,5.23598776e-03,2.83960123e-03,2.83960123e-03,4.581779e-16,100.0000,1,25.1486,1.000000,2.750209e-03,NaN,1,NaN,15,SAM 2:1,0.070033,2.867301e-03,2.87,2.83960123e-03,1.481442e-14,0.000000e+00
45.00,0.5423,20.0,0.1000,1.0e-03,+1,5.23598776e-03,equilibrium,2.83960123e-03,5.23598776e-03,2.83960123e-03,2.83960123e-03,3.054520e-16,100.0000,1,125.7169,1.000000,2.835676e-03,NaN,1,NaN,15,SAM 2:1,0.070033,2.867301e-03,4.30,2.83960123e-03,2.703250e-14,0.000000e+00
75.00,0.5423,20.0,0.1000,1.0e-03,+1,5.23598776e-03,equilibrium,2.83960123e-03,5.23598776e-03,2.83960123e-03,2.83960123e-03,1.527260e-16,100.0000,1,90.2002,1.000000,2.859729e-03,NaN,1,NaN,15,SAM 2:1,0.070033,2.867301e-03,7.37,2.83960123e-03,3.558515e-14,0.000000e+00
105.00,0.5423,20.0,0.1000,1.0e-03,+1,5.23598776e-03,equilibrium,2.83960123e-03,5.23598776e-03,2.83960123e-03,2.83960123e-03,0.000000e+00,100.0000,1,64.6598,1.000000,2.355383e-03,NaN,1,NaN,15,SAM 2:1,0.070033,2.867301e-03,4.18,2.83960123e-03,3.573788e-14,0.000000e+00
135.00,0.5423,20.0,0.1000,1.0e-03,+1,5.23598776e-03,equilibrium,2.83960123e-03,5.23598776e-03,2.83960123e-03,2.83960123e-03,3.054520e-16,100.0000,1,40.5718,1.000000,2.744336e-03,NaN,1,NaN,15,SAM 2:1,0.070033,2.867301e-03,5.37,2.83960123e-03,2.733795e-14,0.000000e+00
165.00,0.5423,20.0,0.1000,1.0e-03,+1,5.23598776e-03,equilibrium,2.83960123e-03,5.23598776e-03,2.83960123e-03,2.83960123e-03,0.000000e+00,100.0000,1,163.5680,1.000000,2.661272e-03,NaN,1,NaN,15,SAM 2:1,0.070033,2.867301e-03,3.51,2.83960123e-03,1.466169e-14,0.000000e+00
15.00,0.5927,20.0,0.1000,1.0e-03,+1,5.23598776e-03,equilibrium,3.10319219e-03,5.23598776e-03,3.10319219e-03,3.10319219e-03,4.192594e-16,100.0000,1,133.4999,1.000000,2.356906e-03,NaN,1,NaN,14,SAM 2:1,0.070033,3.979731e-03,4.94,3.10319219e-03,1.341630e-14,0.000000e+00
45.00,0.5927,20.0,0.1000,1.0e-03,+1,5.23598776e-03,equilibrium,3.10319219e-03,5.23598776e-03,3.10319219e-03,3.10319219e-03,5.590126e-16,100.0000,1,52.6611,1.000000,2.352068e-03,NaN,1,NaN,14,SAM 2:1,0.070033,3.979553e-03,6.49,3.10319219e-03,2.361828e-14,0.000000e+00
75.00,0.5927,20.0,0.1000,1.0e-03,+1,5.23598776e-03,equilibrium,3.10319219e-03,5.23598776e-03,3.10319219e-03,3.10319219e-03,2.795063e-16,100.0000,1,80.7133,1.000000,2.501666e-03,NaN,1,NaN,14,SAM 2:1,0.070033,3.979574e-03,5.05,3.10319219e-03,3.158421e-14,0.000000e+00
105.00,0.5927,20.0,0.1000,1.0e-03,+1,5.23598776e-03,equilibrium,3.10319219e-03,5.23598776e-03,3.10319219e-03,3.10319219e-03,0.000000e+00,100.0000,1,62.4150,1.000000,2.165287e-03,NaN,1,NaN,14,SAM 2:1,0.070033,3.979591e-03,4.79,3.10319219e-03,3.158421e-14,0.000000e+00
135.00,0.5927,20.0,0.1000,1.0e-03,+1,5.23598776e-03,equilibrium,3.10319219e-03,5.23598776e-03,3.10319219e-03,3.10319219e-03,6.987657e-16,100.0000,1,139.1569,1.000000,2.788860e-03,NaN,1,NaN,14,SAM 2:1,0.070033,3.979623e-03,4.53,3.10319219e-03,2.417729e-14,0.000000e+00
165.00,0.5927,20.0,0.1000,1.0e-03,+1,5.23598776e-03,equilibrium,3.10319219e-03,5.23598776e-03,3.10319219e-03,3.10319219e-03,2.795063e-16,100.0000,1,35.1602,1.000000,3.249435e-03,NaN,1,NaN,14,SAM 2:1,0.070033,3.979806e-03,3.35,3.10319219e-03,1.355606e-14,0.000000e+00
15.00,0.6430,20.0,0.1000,1.0e-03,+1,5.23598776e-03,equilibrium,3.36678315e-03,5.23598776e-03,3.36678315e-03,3.36678315e-03,6.440582e-16,100.0000,1,103.4523,1.000000,2.008270e-03,NaN,1,NaN,14,SAM 2:1,0.070033,2.188818e-03,2.65,3.36678315e-03,1.210829e-14,0.000000e+00
45.00,0.6430,20.0,0.1000,1.0e-03,+1,5.23598776e-03,equilibrium,3.36678315e-03,5.23598776e-03,3.36678315e-03,3.36678315e-03,3.864349e-16,100.0000,1,89.4569,1.000000,2.571505e-03,NaN,1,NaN,14,SAM 2:1,0.070033,2.188818e-03,4.06,3.36678315e-03,2.254204e-14,0.000000e+00
75.00,0.6430,20.0,0.1000,1.0e-03,+1,5.23598776e-03,equilibrium,3.36678315e-03,5.23598776e-03,3.36678315e-03,3.36678315e-03,0.000000e+00,100.0000,1,116.5549,1.000000,2.148853e-03,NaN,1,NaN,14,SAM 2:1,0.070033,2.188818e-03,4.21,3.36678315e-03,2.911143e-14,0.000000e+00
105.00,0.6430,20.0,0.1000,1.0e-03,+1,5.23598776e-03,equilibrium,3.36678315e-03,5.23598776e-03,3.36678315e-03,3.36678315e-03,0.000000e+00,100.0000,1,93.1766,1.000000,2.246841e-03,NaN,1,NaN,14,SAM 2:1,0.070033,2.188818e-03,4.66,3.36678315e-03,2.911143e-14,0.000000e+00
135.00,0.6430,20.0,0.1000,1.0e-03,+1,5.23598776e-03,equilibrium,3.36678315e-03,5.23598776e-03,3.36678315e-03,3.36678315e-03,3.864349e-16,100.0000,1,58.9505,1.000000,2.046095e-03,NaN,1,NaN,14,SAM 2:1,0.070033,2.188818e-03,4.08,3.36678315e-03,2.254204e-14,0.000000e+00
165.00,0.6430,20.0,0.1000,1.0e-03,+1,5.23598776e-03,equilibrium,3.36678315e-03,5.23598776e-03,3.36678315e-03,3.36678315e-03,6.440582e-16,100.0000,1,64.7578,1.000000,2.102017e-03,NaN,1,NaN,14,SAM 2:1,0.070033,2.188818e-03,3.34,3.36678315e-03,1.249473e-14,0.000000e+00
15.00,0.6934,20.0,0.1000,1.0e-03,+1,5.23598776e-03,equilibrium,3.63037411e-03,5.23598776e-03,3.63037411e-03,3.63037411e-03,4.778360e-16,100.0000,1,17.8477,1.000000,1.797025e-03,NaN,1,NaN,12,SAM 2:1,0.070033,1.848778e-03,2.70,3.63037411e-03,1.146806e-14,0.000000e+00
45.00,0.6934,20.0,0.1000,1.0e-03,+1,5.23598776e-03,equilibrium,3.63037411e-03,5.23598776e-03,3.63037411e-03,3.63037411e-03,5.972950e-16,100.0000,1,84.2088,1.000000,1.801138e-03,NaN,1,NaN,12,SAM 2:1,0.070033,1.848498e-03,3.48,3.63037411e-03,1.994965e-14,0.000000e+00
75.00,0.6934,20.0,0.1000,1.0e-03,+1,5.23598776e-03,equilibrium,3.63037411e-03,5.23598776e-03,3.63037411e-03,3.63037411e-03,0.000000e+00,100.0000,1,70.0346,1.000000,1.952702e-03,NaN,1,NaN,12,SAM 2:1,0.070033,1.848605e-03,3.74,3.63037411e-03,2.711719e-14,0.000000e+00
105.00,0.6934,20.0,0.1000,1.0e-03,+1,5.23598776e-03,equilibrium,3.63037411e-03,5.23598776e-03,3.63037411e-03,3.63037411e-03,0.000000e+00,100.0000,1,65.2638,1.000000,1.855069e-03,NaN,1,NaN,12,SAM 2:1,0.070033,1.848680e-03,3.05,3.63037411e-03,2.687828e-14,0.000000e+00
135.00,0.6934,20.0,0.1000,1.0e-03,+1,5.23598776e-03,equilibrium,3.63037411e-03,5.23598776e-03,3.63037411e-03,3.63037411e-03,2.389180e-16,100.0000,1,63.5942,1.000000,1.803051e-03,NaN,1,NaN,12,SAM 2:1,0.070033,1.848691e-03,3.58,3.63037411e-03,2.114424e-14,0.000000e+00
165.00,0.6934,20.0,0.1000,1.0e-03,+1,5.23598776e-03,equilibrium,3.63037411e-03,5.23598776e-03,3.63037411e-03,3.63037411e-03,2.389180e-16,100.0000,1,166.2473,1.000000,2.374961e-03,NaN,1,NaN,12,SAM 2:1,0.070033,1.848711e-03,2.85,3.63037411e-03,1.170698e-14,0.000000e+00
15.00,0.7437,20.0,0.1000,1.0e-03,+1,5.23598776e-03,equilibrium,3.89396507e-03,5.23598776e-03,3.89396507e-03,3.89396507e-03,0.000000e+00,100.0000,1,129.2270,1.000000,1.597801e-03,NaN,1,NaN,11,SAM 2:1,0.070033,4.890288e-03,2.63,3.89396507e-03,1.147137e-14,0.000000e+00
45.00,0.7437,20.0,0.1000,1.0e-03,+1,5.23598776e-03,equilibrium,3.89396507e-03,5.23598776e-03,3.89396507e-03,3.89396507e-03,2.227451e-16,100.0000,1,136.2694,1.000000,1.597834e-03,NaN,1,NaN,11,SAM 2:1,0.070033,4.890288e-03,6.00,3.89396507e-03,1.871059e-14,0.000000e+00
75.00,0.7437,20.0,0.1000,1.0e-03,+1,5.23598776e-03,equilibrium,3.89396507e-03,5.23598776e-03,3.89396507e-03,3.89396507e-03,0.000000e+00,100.0000,1,62.4366,1.000000,1.346538e-03,NaN,1,NaN,11,SAM 2:1,0.070033,4.890288e-03,2.72,3.89396507e-03,2.483608e-14,0.000000e+00
105.00,0.7437,20.0,0.1000,1.0e-03,+1,5.23598776e-03,equilibrium,3.89396507e-03,5.23598776e-03,3.89396507e-03,3.89396507e-03,0.000000e+00,100.0000,1,78.7858,1.000000,1.318922e-03,NaN,1,NaN,11,SAM 2:1,0.070033,4.890288e-03,3.94,3.89396507e-03,2.505883e-14,0.000000e+00
135.00,0.7437,20.0,0.1000,1.0e-03,+1,5.23598776e-03,equilibrium,3.89396507e-03,5.23598776e-03,3.89396507e-03,3.89396507e-03,5.568628e-16,100.0000,1,46.4408,1.000000,2.213590e-03,NaN,1,NaN,11,SAM 2:1,0.070033,4.890288e-03,3.76,3.89396507e-03,1.871059e-14,0.000000e+00
165.00,0.7437,20.0,0.1000,1.0e-03,+1,5.23598776e-03,equilibrium,3.89396507e-03,5.23598776e-03,3.89396507e-03,3.89396507e-03,3.341177e-16,100.0000,1,62.4323,1.000000,1.599038e-03,NaN,1,NaN,11,SAM 2:1,0.070033,4.890288e-03,2.27,3.89396507e-03,1.113726e-14,0.000000e+00
15.00,0.7940,20.0,0.1000,1.0e-03,+1,5.23598776e-03,equilibrium,4.15755603e-03,5.23598776e-03,4.15755603e-03,4.15755603e-03,6.258689e-16,100.0000,1,160.7502,1.000000,1.498594e-03,NaN,1,NaN,9,SAM 2:1,0.070033,3.446943e-03,2.43,4.15755603e-03,1.084840e-14,0.000000e+00
45.00,0.7940,20.0,0.1000,1.0e-03,+1,5.23598776e-03,equilibrium,4.15755603e-03,5.23598776e-03,4.15755603e-03,4.15755603e-03,2.086230e-16,100.0000,1,119.8822,1.000000,1.720542e-03,NaN,1,NaN,9,SAM 2:1,0.070033,3.447011e-03,2.93,4.15755603e-03,1.648122e-14,0.000000e+00
75.00,0.7940,20.0,0.1000,1.0e-03,+1,5.23598776e-03,equilibrium,4.15755603e-03,5.23598776e-03,4.15755603e-03,4.15755603e-03,0.000000e+00,100.0000,1,90.4855,1.000000,1.572926e-03,NaN,1,NaN,9,SAM 2:1,0.070033,3.446936e-03,4.21,4.15755603e-03,2.357440e-14,0.000000e+00
105.00,0.7940,20.0,0.1000,1.0e-03,+1,5.23598776e-03,equilibrium,4.15755603e-03,5.23598776e-03,4.15755603e-03,4.15755603e-03,0.000000e+00,100.0000,1,115.6221,1.000000,1.170758e-03,NaN,1,NaN,9,SAM 2:1,0.070033,3.447008e-03,2.85,4.15755603e-03,2.336577e-14,0.000000e+00
135.00,0.7940,20.0,0.1000,1.0e-03,+1,5.23598776e-03,equilibrium,4.15755603e-03,5.23598776e-03,4.15755603e-03,4.15755603e-03,4.172460e-16,100.0000,1,40.7814,1.000000,1.735665e-03,NaN,1,NaN,9,SAM 2:1,0.070033,3.446922e-03,3.19,4.15755603e-03,1.648122e-14,0.000000e+00
165.00,0.7940,20.0,0.1000,1.0e-03,+1,5.23598776e-03,equilibrium,4.15755603e-03,5.23598776e-03,4.15755603e-03,4.15755603e-03,2.086230e-16,100.0000,1,13.8114,1.000000,1.421395e-03,NaN,1,NaN,9,SAM 2:1,0.070033,3.447153e-03,3.15,4.15755603e-03,1.105702e-14,0.000000e+00
15.00,0.8599,20.0,0.1000,1.0e-03,+1,5.23598776e-03,equilibrium,4.50263107e-03,5.23598776e-03,4.50263107e-03,4.50263107e-03,9.631721e-16,100.0000,1,30.5306,1.000000,1.252598e-03,NaN,1,NaN,3,SAM 2:1,0.070033,1.843053e-02,2.74,4.50263107e-03,1.040226e-14,0.000000e+00
45.00,0.8599,20.0,0.1000,1.0e-03,+1,5.23598776e-03,equilibrium,4.50263107e-03,5.23598776e-03,4.50263107e-03,4.50263107e-03,0.000000e+00,100.0000,1,40.8004,1.000000,1.256095e-03,NaN,1,NaN,3,SAM 2:1,0.070033,1.843053e-02,2.91,4.50263107e-03,1.598866e-14,0.000000e+00
75.00,0.8599,20.0,0.1000,1.0e-03,+1,5.23598776e-03,equilibrium,4.50263107e-03,5.23598776e-03,4.50263107e-03,4.50263107e-03,0.000000e+00,100.0000,1,72.6665,1.000000,1.034187e-03,NaN,1,NaN,3,SAM 2:1,0.070033,1.843053e-02,2.78,4.50263107e-03,2.157506e-14,0.000000e+00
105.00,0.8599,20.0,0.1000,1.0e-03,+1,5.23598776e-03,equilibrium,4.50263107e-03,5.23598776e-03,4.50263107e-03,4.50263107e-03,0.000000e+00,100.0000,1,102.5219,1.000000,1.021743e-03,NaN,1,NaN,3,SAM 2:1,0.070033,1.843053e-02,2.84,4.50263107e-03,2.157506e-14,0.000000e+00
135.00,0.8599,20.0,0.1000,1.0e-03,+1,5.23598776e-03,equilibrium,4.50263107e-03,5.23598776e-03,4.50263107e-03,4.50263107e-03,1.926344e-16,100.0000,1,119.7758,1.000000,1.255801e-03,NaN,1,NaN,3,SAM 2:1,0.070033,1.843053e-02,2.95,4.50263107e-03,1.579602e-14,0.000000e+00
165.00,0.8599,20.0,0.1000,1.0e-03,+1,5.23598776e-03,equilibrium,4.50263107e-03,5.23598776e-03,4.50263107e-03,4.50263107e-03,0.000000e+00,100.0000,1,159.5013,1.000000,1.248799e-03,NaN,1,NaN,3,SAM 2:1,0.070033,1.843053e-02,2.24,4.50263107e-03,1.040226e-14,0.000000e+00
15.00,0.8755,20.0,0.1000,1.0e-03,+1,5.23598776e-03,equilibrium,4.58411514e-03,5.23598776e-03,4.58411514e-03,4.58411514e-03,0.000000e+00,100.0000,1,112.4663,1.000000,1.208378e-03,NaN,1,NaN,2,SAM 2:1,0.070033,3.686106e-02,2.18,4.58411514e-03,1.059578e-14,0.000000e+00
45.00,0.8755,20.0,0.1000,1.0e-03,+1,5.23598776e-03,equilibrium,4.58411514e-03,5.23598776e-03,4.58411514e-03,4.58411514e-03,1.892103e-16,100.0000,1,72.0926,1.000000,1.251203e-03,NaN,1,NaN,2,SAM 2:1,0.070033,3.686106e-02,2.50,4.58411514e-03,1.589366e-14,0.000000e+00
75.00,0.8755,20.0,0.1000,1.0e-03,+1,5.23598776e-03,equilibrium,4.58411514e-03,5.23598776e-03,4.58411514e-03,4.58411514e-03,0.000000e+00,100.0000,1,63.9689,1.000000,9.965200e-04,NaN,1,NaN,2,SAM 2:1,0.070033,3.686106e-02,2.43,4.58411514e-03,2.119155e-14,0.000000e+00
105.00,0.8755,20.0,0.1000,1.0e-03,+1,5.23598776e-03,equilibrium,4.58411514e-03,5.23598776e-03,4.58411514e-03,4.58411514e-03,0.000000e+00,100.0000,1,72.3979,1.000000,1.000209e-03,NaN,1,NaN,2,SAM 2:1,0.070033,3.686106e-02,2.61,4.58411514e-03,2.119155e-14,0.000000e+00
135.00,0.8755,20.0,0.1000,1.0e-03,+1,5.23598776e-03,equilibrium,4.58411514e-03,5.23598776e-03,4.58411514e-03,4.58411514e-03,1.892103e-16,100.0000,1,134.5559,1.000000,1.218130e-03,NaN,1,NaN,2,SAM 2:1,0.070033,3.686106e-02,2.71,4.58411514e-03,1.589366e-14,0.000000e+00
165.00,0.8755,20.0,0.1000,1.0e-03,+1,5.23598776e-03,equilibrium,4.58411514e-03,5.23598776e-03,4.58411514e-03,4.58411514e-03,0.000000e+00,100.0000,1,55.8191,1.000000,1.208503e-03,NaN,1,NaN,2,SAM 2:1,0.070033,3.686106e-02,2.09,4.58411514e-03,1.059578e-14,0.000000e+00
15.00,0.8911,20.0,0.1000,1.0e-03,+1,5.23598776e-03,equilibrium,4.66559922e-03,5.23598776e-03,4.66559922e-03,4.66559922e-03,0.000000e+00,100.0000,1,118.4307,1.000000,1.184685e-03,NaN,1,NaN,1,SAM 2:1,0.070033,5.529159e-02,3.30,4.66559922e-03,1.003891e-14,0.000000e+00
45.00,0.8911,20.0,0.1000,1.0e-03,+1,5.23598776e-03,equilibrium,4.66559922e-03,5.23598776e-03,4.66559922e-03,4.66559922e-03,5.577173e-16,100.0000,1,139.2232,1.000000,1.186675e-03,NaN,1,NaN,1,SAM 2:1,0.070033,5.529159e-02,3.92,4.66559922e-03,1.561608e-14,0.000000e+00
75.00,0.8911,20.0,0.1000,1.0e-03,+1,5.23598776e-03,equilibrium,4.66559922e-03,5.23598776e-03,4.66559922e-03,4.66559922e-03,0.000000e+00,100.0000,1,68.5948,1.000000,9.733001e-04,NaN,1,NaN,1,SAM 2:1,0.070033,5.529159e-02,2.87,4.66559922e-03,2.063554e-14,0.000000e+00
105.00,0.8911,20.0,0.1000,1.0e-03,+1,5.23598776e-03,equilibrium,4.66559922e-03,5.23598776e-03,4.66559922e-03,4.66559922e-03,0.000000e+00,100.0000,1,66.3241,1.000000,9.892919e-04,NaN,1,NaN,1,SAM 2:1,0.070033,5.529159e-02,3.68,4.66559922e-03,2.100735e-14,0.000000e+00
135.00,0.8911,20.0,0.1000,1.0e-03,+1,5.23598776e-03,equilibrium,4.66559922e-03,5.23598776e-03,4.66559922e-03,4.66559922e-03,3.718115e-16,100.0000,1,60.0901,1.000000,1.183871e-03,NaN,1,NaN,1,SAM 2:1,0.070033,5.529159e-02,4.04,4.66559922e-03,1.561608e-14,0.000000e+00
165.00,0.8911,20.0,0.1000,1.0e-03,+1,5.23598776e-03,equilibrium,4.66559922e-03,5.23598776e-03,4.66559922e-03,4.66559922e-03,0.000000e+00,100.0000,1,73.3230,1.000000,1.181513e-03,NaN,1,NaN,1,SAM 2:1,0.070033,5.529159e-02,4.05,4.66559922e-03,1.096844e-14,0.000000e+00
15.00,0.9066,20.0,0.1000,1.0e-03,+1,5.23598776e-03,equilibrium,4.74708330e-03,5.23598776e-03,4.74708330e-03,4.74708330e-03,1.096288e-15,100.0000,1,14.8973,1.000000,1.149034e-03,NaN,1,NaN,1,SAM 2:1,0.070033,7.372212e-02,2.55,4.74708330e-03,9.866592e-15,0.000000e+00
45.00,0.9066,20.0,0.1000,1.0e-03,+1,5.23598776e-03,equilibrium,4.74708330e-03,5.23598776e-03,4.74708330e-03,4.74708330e-03,0.000000e+00,100.0000,1,53.9771,1.000000,1.151078e-03,NaN,1,NaN,1,SAM 2:1,0.070033,7.372212e-02,2.74,4.74708330e-03,1.589618e-14,0.000000e+00
75.00,0.9066,20.0,0.1000,1.0e-03,+1,5.23598776e-03,equilibrium,4.74708330e-03,5.23598776e-03,4.74708330e-03,4.74708330e-03,3.654293e-16,100.0000,1,62.5283,1.000000,9.401945e-04,NaN,1,NaN,1,SAM 2:1,0.070033,7.372212e-02,4.15,4.74708330e-03,2.046404e-14,0.000000e+00
105.00,0.9066,20.0,0.1000,1.0e-03,+1,5.23598776e-03,equilibrium,4.74708330e-03,5.23598776e-03,4.74708330e-03,4.74708330e-03,1.827147e-16,100.0000,1,77.7177,1.000000,9.358493e-04,NaN,1,NaN,1,SAM 2:1,0.070033,7.372212e-02,2.51,4.74708330e-03,2.046404e-14,0.000000e+00
135.00,0.9066,20.0,0.1000,1.0e-03,+1,5.23598776e-03,equilibrium,4.74708330e-03,5.23598776e-03,4.74708330e-03,4.74708330e-03,1.827147e-16,100.0000,1,95.4924,1.000000,1.150862e-03,NaN,1,NaN,1,SAM 2:1,0.070033,7.372212e-02,4.47,4.74708330e-03,1.571346e-14,0.000000e+00
165.00,0.9066,20.0,0.1000,1.0e-03,+1,5.23598776e-03,equilibrium,4.74708330e-03,5.23598776e-03,4.74708330e-03,4.74708330e-03,0.000000e+00,100.0000,1,164.8924,1.000000,1.131538e-03,NaN,1,NaN,1,SAM 2:1,0.070033,7.372212e-02,3.67,4.74708330e-03,1.059745e-14,0.000000e+00
15.00,0.9222,20.0,0.1000,1.0e-03,+1,5.23598776e-03,equilibrium,4.82856737e-03,5.23598776e-03,4.82856737e-03,4.82856737e-03,1.796313e-16,100.0000,1,93.6743,1.000000,1.119686e-03,NaN,1,NaN,1,SAM 2:1,0.070033,9.215264e-02,2.35,4.82856737e-03,1.023898e-14,0.000000e+00
45.00,0.9222,20.0,0.1000,1.0e-03,+1,5.23598776e-03,equilibrium,4.82856737e-03,5.23598776e-03,4.82856737e-03,4.82856737e-03,0.000000e+00,100.0000,1,128.5360,1.000000,1.119880e-03,NaN,1,NaN,1,SAM 2:1,0.070033,9.215264e-02,2.79,4.82856737e-03,1.544829e-14,0.000000e+00
75.00,0.9222,20.0,0.1000,1.0e-03,+1,5.23598776e-03,equilibrium,4.82856737e-03,5.23598776e-03,4.82856737e-03,4.82856737e-03,1.796313e-16,100.0000,1,85.1471,1.000000,9.200499e-04,NaN,1,NaN,1,SAM 2:1,0.070033,9.215264e-02,3.56,4.82856737e-03,2.029833e-14,0.000000e+00
105.00,0.9222,20.0,0.1000,1.0e-03,+1,5.23598776e-03,equilibrium,4.82856737e-03,5.23598776e-03,4.82856737e-03,4.82856737e-03,0.000000e+00,100.0000,1,112.9739,1.000000,9.190183e-04,NaN,1,NaN,1,SAM 2:1,0.070033,9.215264e-02,3.69,4.82856737e-03,2.047797e-14,0.000000e+00
135.00,0.9222,20.0,0.1000,1.0e-03,+1,5.23598776e-03,equilibrium,4.82856737e-03,5.23598776e-03,4.82856737e-03,4.82856737e-03,3.592626e-16,100.0000,1,81.2206,1.000000,1.119657e-03,NaN,1,NaN,1,SAM 2:1,0.070033,9.215264e-02,3.69,4.82856737e-03,1.562792e-14,0.000000e+00
165.00,0.9222,20.0,0.1000,1.0e-03,+1,5.23598776e-03,equilibrium,4.82856737e-03,5.23598776e-03,4.82856737e-03,4.82856737e-03,0.000000e+00,100.0000,1,74.5181,1.000000,1.110415e-03,NaN,1,NaN,1,SAM 2:1,0.070033,9.215264e-02,1.87,4.82856737e-03,1.059825e-14,0.000000e+00
15.00,0.9378,20.0,0.1000,1.0e-03,+1,5.23598776e-03,equilibrium,4.91005145e-03,5.23598776e-03,4.91005145e-03,4.91005145e-03,0.000000e+00,100.0000,1,166.2609,1.000000,1.076714e-03,NaN,1,NaN,0,SAM 2:1,0.070033,1.105832e-01,2.68,4.91005145e-03,1.006906e-14,0.000000e+00
45.00,0.9378,20.0,0.1000,1.0e-03,+1,5.23598776e-03,equilibrium,4.91005145e-03,5.23598776e-03,4.91005145e-03,4.91005145e-03,1.766502e-16,100.0000,1,40.8870,1.000000,1.089773e-03,NaN,1,NaN,0,SAM 2:1,0.070033,1.105832e-01,2.65,4.91005145e-03,1.448532e-14,0.000000e+00
75.00,0.9378,20.0,0.1000,1.0e-03,+1,5.23598776e-03,equilibrium,4.91005145e-03,5.23598776e-03,4.91005145e-03,4.91005145e-03,0.000000e+00,100.0000,1,112.2640,1.000000,8.958643e-04,NaN,1,NaN,0,SAM 2:1,0.070033,1.105832e-01,2.47,4.91005145e-03,1.943153e-14,0.000000e+00
105.00,0.9378,20.0,0.1000,1.0e-03,+1,5.23598776e-03,equilibrium,4.91005145e-03,5.23598776e-03,4.91005145e-03,4.91005145e-03,1.766502e-16,100.0000,1,83.9906,1.000000,8.863933e-04,NaN,1,NaN,0,SAM 2:1,0.070033,1.105832e-01,2.22,4.91005145e-03,1.943153e-14,0.000000e+00
135.00,0.9378,20.0,0.1000,1.0e-03,+1,5.23598776e-03,equilibrium,4.91005145e-03,5.23598776e-03,4.91005145e-03,4.91005145e-03,3.533005e-16,100.0000,1,127.5335,1.000000,1.089545e-03,NaN,1,NaN,0,SAM 2:1,0.070033,1.105832e-01,2.58,4.91005145e-03,1.519192e-14,0.000000e+00
165.00,0.9378,20.0,0.1000,1.0e-03,+1,5.23598776e-03,equilibrium,4.91005145e-03,5.23598776e-03,4.91005145e-03,4.91005145e-03,7.066009e-16,100.0000,1,18.1048,1.000000,1.075083e-03,NaN,1,NaN,0,SAM 2:1,0.070033,1.105832e-01,2.23,4.91005145e-03,9.362462e-15,0.000000e+00
15.00,0.9533,20.0,0.1000,1.0e-03,+1,5.23598776e-03,equilibrium,4.99153553e-03,5.23598776e-03,4.99153553e-03,4.99153553e-03,1.737665e-16,100.0000,1,107.0219,1.000000,1.059601e-03,NaN,1,NaN,0,SAM 2:1,0.070033,1.290137e-01,2.35,4.99153553e-03,9.904691e-15,0.000000e+00
45.00,0.9533,20.0,0.1000,1.0e-03,+1,5.23598776e-03,equilibrium,4.99153553e-03,5.23598776e-03,4.99153553e-03,4.99153553e-03,0.000000e+00,100.0000,1,94.2813,1.000000,1.060728e-03,NaN,1,NaN,0,SAM 2:1,0.070033,1.290137e-01,2.43,4.99153553e-03,1.459639e-14,0.000000e+00
75.00,0.9533,20.0,0.1000,1.0e-03,+1,5.23598776e-03,equilibrium,4.99153553e-03,5.23598776e-03,4.99153553e-03,4.99153553e-03,1.737665e-16,100.0000,1,69.2839,1.000000,8.775529e-04,NaN,1,NaN,0,SAM 2:1,0.070033,1.290137e-01,2.45,4.99153553e-03,1.928808e-14,0.000000e+00
105.00,0.9533,20.0,0.1000,1.0e-03,+1,5.23598776e-03,equilibrium,4.99153553e-03,5.23598776e-03,4.99153553e-03,4.99153553e-03,0.000000e+00,100.0000,1,98.2971,1.000000,8.638121e-04,NaN,1,NaN,0,SAM 2:1,0.070033,1.290137e-01,2.35,4.99153553e-03,1.963562e-14,0.000000e+00
135.00,0.9533,20.0,0.1000,1.0e-03,+1,5.23598776e-03,equilibrium,4.99153553e-03,5.23598776e-03,4.99153553e-03,4.99153553e-03,1.737665e-16,100.0000,1,54.9396,1.000000,1.060856e-03,NaN,1,NaN,0,SAM 2:1,0.070033,1.290137e-01,2.32,4.99153553e-03,1.477015e-14,0.000000e+00
165.00,0.9533,20.0,0.1000,1.0e-03,+1,5.23598776e-03,equilibrium,4.99153553e-03,5.23598776e-03,4.99153553e-03,4.99153553e-03,0.000000e+00,100.0000,1,84.7783,1.000000,1.060621e-03,NaN,1,NaN,0,SAM 2:1,0.070033,1.290137e-01,1.98,4.99153553e-03,9.730925e-15,0.000000e+00
15.00,0.9689,20.0,0.1000,1.0e-03,+1,5.23598776e-03,equilibrium,5.07301960e-03,5.23598776e-03,5.07301960e-03,5.07301960e-03,5.129263e-16,100.0000,1,49.1182,1.000000,1.031209e-03,NaN,1,NaN,0,SAM 2:1,0.070033,1.474442e-01,2.33,5.07301960e-03,9.745600e-15,0.000000e+00
45.00,0.9689,20.0,0.1000,1.0e-03,+1,5.23598776e-03,equilibrium,5.07301960e-03,5.23598776e-03,5.07301960e-03,5.07301960e-03,0.000000e+00,100.0000,1,136.6438,1.000000,1.032333e-03,NaN,1,NaN,0,SAM 2:1,0.070033,1.474442e-01,2.49,5.07301960e-03,1.436194e-14,0.000000e+00
75.00,0.9689,20.0,0.1000,1.0e-03,+1,5.23598776e-03,equilibrium,5.07301960e-03,5.23598776e-03,5.07301960e-03,5.07301960e-03,0.000000e+00,100.0000,1,88.5611,1.000000,8.504560e-04,NaN,1,NaN,0,SAM 2:1,0.070033,1.474442e-01,2.65,5.07301960e-03,1.914925e-14,0.000000e+00
105.00,0.9689,20.0,0.1000,1.0e-03,+1,5.23598776e-03,equilibrium,5.07301960e-03,5.23598776e-03,5.07301960e-03,5.07301960e-03,1.709754e-16,100.0000,1,64.0158,1.000000,8.440515e-04,NaN,1,NaN,0,SAM 2:1,0.070033,1.474442e-01,2.74,5.07301960e-03,1.914925e-14,0.000000e+00
135.00,0.9689,20.0,0.1000,1.0e-03,+1,5.23598776e-03,equilibrium,5.07301960e-03,5.23598776e-03,5.07301960e-03,5.07301960e-03,1.709754e-16,100.0000,1,46.9450,1.000000,1.032975e-03,NaN,1,NaN,0,SAM 2:1,0.070033,1.474442e-01,2.56,5.07301960e-03,1.453291e-14,0.000000e+00
165.00,0.9689,20.0,0.1000,1.0e-03,+1,5.23598776e-03,equilibrium,5.07301960e-03,5.23598776e-03,5.07301960e-03,5.07301960e-03,1.709754e-16,100.0000,1,142.2965,1.000000,1.027807e-03,NaN,1,NaN,0,SAM 2:1,0.070033,1.474442e-01,1.94,5.07301960e-03,9.403649e-15,0.000000e+00
15.00,0.9844,20.0,0.1000,1.0e-03,+1,5.23598776e-03,equilibrium,5.15450368e-03,5.23598776e-03,5.15450368e-03,5.15450368e-03,0.000000e+00,100.0000,1,13.7370,1.000000,1.003725e-03,NaN,1,NaN,0,SAM 2:1,0.070033,1.658748e-01,2.67,5.15450368e-03,9.759811e-15,0.000000e+00
45.00,0.9844,20.0,0.1000,1.0e-03,+1,5.23598776e-03,equilibrium,5.15450368e-03,5.23598776e-03,5.15450368e-03,5.15450368e-03,1.682726e-16,100.0000,1,136.9246,1.000000,8.319760e-04,NaN,1,NaN,0,SAM 2:1,0.070033,1.658748e-01,2.94,5.15450368e-03,1.733208e-14,0.000000e+00
75.00,0.9844,20.0,0.1000,1.0e-03,+1,5.23598776e-03,equilibrium,5.15450368e-03,5.23598776e-03,5.15450368e-03,5.15450368e-03,0.000000e+00,100.0000,1,116.9336,1.000000,8.159165e-04,NaN,1,NaN,0,SAM 2:1,0.070033,1.658748e-01,2.48,5.15450368e-03,1.884653e-14,0.000000e+00
105.00,0.9844,20.0,0.1000,1.0e-03,+1,5.23598776e-03,equilibrium,5.15450368e-03,5.23598776e-03,5.15450368e-03,5.15450368e-03,0.000000e+00,100.0000,1,94.5965,1.000000,8.220570e-04,NaN,1,NaN,0,SAM 2:1,0.070033,1.658748e-01,3.33,5.15450368e-03,1.884653e-14,0.000000e+00
135.00,0.9844,20.0,0.1000,1.0e-03,+1,5.23598776e-03,equilibrium,5.15450368e-03,5.23598776e-03,5.15450368e-03,5.15450368e-03,0.000000e+00,100.0000,1,67.3957,1.000000,1.006823e-03,NaN,1,NaN,0,SAM 2:1,0.070033,1.658748e-01,3.34,5.15450368e-03,1.346181e-14,0.000000e+00
165.00,0.9844,20.0,0.1000,1.0e-03,+1,5.23598776e-03,equilibrium,5.15450368e-03,5.23598776e-03,5.15450368e-03,5.15450368e-03,0.000000e+00,100.0000,1,161.7772,1.000000,1.003444e-03,NaN,1,NaN,0,SAM 2:1,0.070033,1.658748e-01,2.33,5.15450368e-03,8.918448e-15,0.000000e+00
15.00,0.3913,60.0,0.1000,1.0e-03,+1,1.74532925e-03,equilibrium,6.82943360e-04,1.74532925e-03,6.82943360e-04,6.82944335e-04,3.936909e-06,100.0000,1,100.7995,0.999999,3.861242e-02,NaN,1,NaN,17,SAM 2:1,0.070033,2.176827e-04,9.14,6.82942785e-04,8.410499e-07,0.000000e+00
45.00,0.3913,60.0,0.1000,1.0e-03,+1,1.74532925e-03,equilibrium,6.82943360e-04,1.74532925e-03,6.82943360e-04,6.82944335e-04,3.936910e-06,100.0000,1,65.6742,0.999999,4.011017e-02,NaN,1,NaN,17,SAM 2:1,0.070033,2.176743e-04,15.92,6.82942785e-04,8.410500e-07,0.000000e+00
75.00,0.3913,60.0,0.1000,1.0e-03,+1,1.74532925e-03,equilibrium,6.82943360e-04,1.74532925e-03,6.82943360e-04,6.82944335e-04,3.936909e-06,100.0000,1,117.3486,0.999999,4.854855e-02,NaN,1,NaN,17,SAM 2:1,0.070033,2.176765e-04,13.48,6.82942785e-04,8.410500e-07,0.000000e+00
105.00,0.3913,60.0,0.1000,1.0e-03,+1,1.74532925e-03,equilibrium,6.82943360e-04,1.74532925e-03,6.82943360e-04,6.82944335e-04,3.936909e-06,100.0000,1,96.7375,0.999999,5.841932e-02,NaN,1,NaN,17,SAM 2:1,0.070033,2.176753e-04,13.57,6.82942785e-04,8.410500e-07,0.000000e+00
135.00,0.3913,60.0,0.1000,1.0e-03,+1,1.74532925e-03,equilibrium,6.82943360e-04,1.74532925e-03,6.82943360e-04,6.82944335e-04,3.936909e-06,100.0000,1,137.6369,0.999999,5.315949e-02,NaN,1,NaN,17,SAM 2:1,0.070033,2.176765e-04,13.60,6.82942785e-04,8.410500e-07,0.000000e+00
165.00,0.3913,60.0,0.1000,1.0e-03,+1,1.74532925e-03,equilibrium,6.82943360e-04,1.74532925e-03,6.82943360e-04,6.82944335e-04,3.936909e-06,100.0000,1,91.0276,0.999999,4.078910e-02,NaN,1,NaN,17,SAM 2:1,0.070033,2.176785e-04,9.00,6.82942785e-04,8.410500e-07,0.000000e+00
15.00,0.4416,60.0,0.1000,1.0e-03,+1,1.74532925e-03,equilibrium,7.70806442e-04,1.74532925e-03,7.70806442e-04,7.70806451e-04,3.587077e-08,100.0000,1,162.3050,1.000000,3.036178e-02,NaN,1,NaN,17,SAM 2:1,0.070033,6.136755e-04,8.39,7.70806438e-04,4.790025e-09,0.000000e+00
45.00,0.4416,60.0,0.1000,1.0e-03,+1,1.74532925e-03,equilibrium,7.70806442e-04,1.74532925e-03,7.70806442e-04,7.70806451e-04,3.587077e-08,100.0000,1,130.5392,1.000000,3.278422e-02,NaN,1,NaN,17,SAM 2:1,0.070033,6.136776e-04,14.13,7.70806438e-04,4.790022e-09,0.000000e+00
75.00,0.4416,60.0,0.1000,1.0e-03,+1,1.74532925e-03,equilibrium,7.70806442e-04,1.74532925e-03,7.70806442e-04,7.70806451e-04,3.587077e-08,100.0000,1,62.7699,1.000000,3.354904e-02,NaN,1,NaN,17,SAM 2:1,0.070033,6.136769e-04,15.20,7.70806438e-04,4.790021e-09,0.000000e+00
105.00,0.4416,60.0,0.1000,1.0e-03,+1,1.74532925e-03,equilibrium,7.70806442e-04,1.74532925e-03,7.70806442e-04,7.70806451e-04,3.587076e-08,100.0000,1,83.9844,1.000000,2.889078e-02,NaN,1,NaN,17,SAM 2:1,0.070033,6.136753e-04,13.72,7.70806438e-04,4.790026e-09,0.000000e+00
135.00,0.4416,60.0,0.1000,1.0e-03,+1,1.74532925e-03,equilibrium,7.70806442e-04,1.74532925e-03,7.70806442e-04,7.70806451e-04,3.587076e-08,100.0000,1,78.4343,1.000000,3.453209e-02,NaN,1,NaN,17,SAM 2:1,0.070033,6.136798e-04,12.86,7.70806438e-04,4.790023e-09,0.000000e+00
165.00,0.4416,60.0,0.1000,1.0e-03,+1,1.74532925e-03,equilibrium,7.70806442e-04,1.74532925e-03,7.70806442e-04,7.70806451e-04,3.587074e-08,100.0000,1,13.7645,1.000000,3.950777e-02,NaN,1,NaN,17,SAM 2:1,0.070033,6.137084e-04,8.03,7.70806438e-04,4.790024e-09,0.000000e+00
15.00,0.4920,60.0,0.1000,1.0e-03,+1,1.74532925e-03,equilibrium,8.58670091e-04,1.74532925e-03,8.58670091e-04,8.58670092e-04,6.044465e-10,100.0000,1,133.3472,1.000000,2.823820e-02,NaN,1,NaN,15,SAM 2:1,0.070033,4.561541e-04,7.23,8.58670091e-04,5.315162e-11,0.000000e+00
45.00,0.4920,60.0,0.1000,1.0e-03,+1,1.74532925e-03,equilibrium,8.58670091e-04,1.74532925e-03,8.58670091e-04,8.58670092e-04,6.044415e-10,100.0000,1,40.4760,1.000000,2.735153e-02,NaN,1,NaN,15,SAM 2:1,0.070033,4.561391e-04,10.67,8.58670091e-04,5.315250e-11,0.000000e+00
75.00,0.4920,60.0,0.1000,1.0e-03,+1,1.74532925e-03,equilibrium,8.58670091e-04,1.74532925e-03,8.58670091e-04,8.58670092e-04,6.044445e-10,100.0000,1,116.6589,1.000000,2.671583e-02,NaN,1,NaN,15,SAM 2:1,0.070033,4.561373e-04,19.31,8.58670091e-04,5.315213e-11,0.000000e+00
105.00,0.4920,60.0,0.1000,1.0e-03,+1,1.74532925e-03,equilibrium,8.58670091e-04,1.74532925e-03,8.58670091e-04,8.58670092e-04,6.044444e-10,100.0000,1,105.9895,1.000000,2.748735e-02,NaN,1,NaN,15,SAM 2:1,0.070033,4.561399e-04,12.49,8.58670091e-04,5.315377e-11,0.000000e+00
135.00,0.4920,60.0,0.1000,1.0e-03,+1,1.74532925e-03,equilibrium,8.58670091e-04,1.74532925e-03,8.58670091e-04,8.58670092e-04,6.044417e-10,100.0000,1,124.6074,1.000000,2.643448e-02,NaN,1,NaN,15,SAM 2:1,0.070033,4.561388e-04,11.47,8.58670091e-04,5.315453e-11,0.000000e+00
165.00,0.4920,60.0,0.1000,1.0e-03,+1,1.74532925e-03,equilibrium,8.58670091e-04,1.74532925e-03,8.58670091e-04,8.58670092e-04,6.044446e-10,100.0000,1,58.2653,1.000000,2.488141e-02,NaN,1,NaN,15,SAM 2:1,0.070033,4.561530e-04,7.50,8.58670091e-04,5.315415e-11,0.000000e+00
15.00,0.5423,60.0,0.1000,1.0e-03,+1,1.74532925e-03,equilibrium,9.46533744e-04,1.74532925e-03,9.46533744e-04,9.46533744e-04,1.603405e-11,100.0000,1,71.9677,1.000000,2.160987e-02,NaN,1,NaN,15,SAM 2:1,0.070033,1.310717e-04,6.22,9.46533744e-04,9.760335e-13,0.000000e+00
45.00,0.5423,60.0,0.1000,1.0e-03,+1,1.74532925e-03,equilibrium,9.46533744e-04,1.74532925e-03,9.46533744e-04,9.46533744e-04,1.603279e-11,100.0000,1,127.7261,1.000000,2.151130e-02,NaN,1,NaN,15,SAM 2:1,0.070033,1.310920e-04,9.68,9.46533744e-04,9.723681e-13,0.000000e+00
75.00,0.5423,60.0,0.1000,1.0e-03,+1,1.74532925e-03,equilibrium,9.46533744e-04,1.74532925e-03,9.46533744e-04,9.46533744e-04,1.603439e-11,100.0000,1,117.4335,1.000000,2.605644e-02,NaN,1,NaN,15,SAM 2:1,0.070033,1.310832e-04,9.86,9.46533744e-04,9.754608e-13,0.000000e+00
105.00,0.5423,60.0,0.1000,1.0e-03,+1,1.74532925e-03,equilibrium,9.46533744e-04,1.74532925e-03,9.46533744e-04,9.46533744e-04,1.603279e-11,100.0000,1,102.5939,1.000000,1.937860e-02,NaN,1,NaN,15,SAM 2:1,0.070033,1.310813e-04,9.54,9.46533744e-04,9.750026e-13,0.000000e+00
135.00,0.5423,60.0,0.1000,1.0e-03,+1,1.74532925e-03,equilibrium,9.46533744e-04,1.74532925e-03,9.46533744e-04,9.46533744e-04,1.603966e-11,100.0000,1,40.9329,1.000000,2.103817e-02,NaN,1,NaN,15,SAM 2:1,0.070033,1.310866e-04,10.27,9.46533744e-04,9.709936e-13,0.000000e+00
165.00,0.5423,60.0,0.1000,1.0e-03,+1,1.74532925e-03,equilibrium,9.46533744e-04,1.74532925e-03,9.46533744e-04,9.46533744e-04,1.604299e-11,100.0000,1,96.2479,1.000000,2.192878e-02,NaN,1,NaN,15,SAM 2:1,0.070033,1.310864e-04,8.09,9.46533744e-04,9.653809e-13,0.000000e+00
15.00,0.5927,60.0,0.1000,1.0e-03,+1,1.74532925e-03,equilibrium,1.03439740e-03,1.74532925e-03,1.03439740e-03,1.03439740e-03,5.754336e-13,100.0000,1,161.1626,1.000000,1.930383e-02,NaN,1,NaN,14,SAM 2:1,0.070033,4.212571e-04,7.08,1.03439740e-03,8.720596e-14,0.000000e+00
45.00,0.5927,60.0,0.1000,1.0e-03,+1,1.74532925e-03,equilibrium,1.03439740e-03,1.74532925e-03,1.03439740e-03,1.03439740e-03,5.008054e-13,100.0000,1,105.3314,1.000000,1.965766e-02,NaN,1,NaN,14,SAM 2:1,0.070033,4.212571e-04,10.04,1.03439740e-03,1.538682e-13,0.000000e+00
75.00,0.5927,60.0,0.1000,1.0e-03,+1,1.74532925e-03,equilibrium,1.03439740e-03,1.74532925e-03,1.03439740e-03,1.03439740e-03,4.790039e-13,100.0000,1,65.8122,1.000000,2.185791e-02,NaN,1,NaN,14,SAM 2:1,0.070033,4.212571e-04,9.50,1.03439740e-03,1.819586e-13,0.000000e+00
105.00,0.5927,60.0,0.1000,1.0e-03,+1,1.74532925e-03,equilibrium,1.03439740e-03,1.74532925e-03,1.03439740e-03,1.03439740e-03,4.779558e-13,100.0000,1,69.2499,1.000000,1.921577e-02,NaN,1,NaN,14,SAM 2:1,0.070033,4.212571e-04,10.17,1.03439740e-03,1.813297e-13,0.000000e+00
135.00,0.5927,60.0,0.1000,1.0e-03,+1,1.74532925e-03,equilibrium,1.03439740e-03,1.74532925e-03,1.03439740e-03,1.03439740e-03,5.026921e-13,100.0000,1,107.3374,1.000000,1.735937e-02,NaN,1,NaN,14,SAM 2:1,0.070033,4.212571e-04,10.12,1.03439740e-03,1.542875e-13,0.000000e+00
165.00,0.5927,60.0,0.1000,1.0e-03,+1,1.74532925e-03,equilibrium,1.03439740e-03,1.74532925e-03,1.03439740e-03,1.03439740e-03,5.735469e-13,100.0000,1,13.7617,1.000000,1.728985e-02,NaN,1,NaN,14,SAM 2:1,0.070033,4.212571e-04,7.09,1.03439740e-03,8.469041e-14,0.000000e+00
15.00,0.6430,60.0,0.1000,1.0e-03,+1,1.74532925e-03,equilibrium,1.12226105e-03,1.74532925e-03,1.12226105e-03,1.12226105e-03,1.255914e-14,100.0000,1,64.1449,1.000000,1.481811e-02,NaN,1,NaN,14,SAM 2:1,0.070033,2.548969e-03,5.81,1.12226105e-03,6.337533e-14,0.000000e+00
45.00,0.6430,60.0,0.1000,1.0e-03,+1,1.74532925e-03,equilibrium,1.12226105e-03,1.74532925e-03,1.12226105e-03,1.12226105e-03,1.004731e-14,100.0000,1,91.5669,1.000000,1.695125e-02,NaN,1,NaN,14,SAM 2:1,0.070033,2.548969e-03,9.46,1.12226105e-03,1.236592e-13,0.000000e+00
75.00,0.6430,60.0,0.1000,1.0e-03,+1,1.74532925e-03,equilibrium,1.12226105e-03,1.74532925e-03,1.12226105e-03,1.12226105e-03,1.139983e-14,100.0000,1,75.5852,1.000000,1.387113e-02,NaN,1,NaN,14,SAM 2:1,0.070033,2.548969e-03,8.97,1.12226105e-03,1.458792e-13,0.000000e+00
105.00,0.6430,60.0,0.1000,1.0e-03,+1,1.74532925e-03,equilibrium,1.12226105e-03,1.74532925e-03,1.12226105e-03,1.12226105e-03,1.255914e-14,100.0000,1,105.5763,1.000000,1.387547e-02,NaN,1,NaN,14,SAM 2:1,0.070033,2.548969e-03,8.53,1.12226105e-03,1.458792e-13,0.000000e+00
135.00,0.6430,60.0,0.1000,1.0e-03,+1,1.74532925e-03,equilibrium,1.12226105e-03,1.74532925e-03,1.12226105e-03,1.12226105e-03,9.467656e-15,100.0000,1,120.1645,1.000000,1.531403e-02,NaN,1,NaN,14,SAM 2:1,0.070033,2.548969e-03,9.68,1.12226105e-03,1.236592e-13,0.000000e+00
165.00,0.6430,60.0,0.1000,1.0e-03,+1,1.74532925e-03,equilibrium,1.12226105e-03,1.74532925e-03,1.12226105e-03,1.12226105e-03,1.680992e-14,100.0000,1,104.0372,1.000000,1.990532e-02,NaN,1,NaN,14,SAM 2:1,0.070033,2.548969e-03,5.60,1.12226105e-03,6.163637e-14,0.000000e+00
15.00,0.6934,60.0,0.1000,1.0e-03,+1,1.74532925e-03,equilibrium,1.21012470e-03,1.74532925e-03,1.21012470e-03,1.21012470e-03,5.734032e-15,100.0000,1,88.2404,1.000000,1.294550e-02,NaN,1,NaN,12,SAM 2:1,0.070033,6.322786e-04,5.64,1.21012470e-03,4.981440e-14,0.000000e+00
45.00,0.6934,60.0,0.1000,1.0e-03,+1,1.74532925e-03,equilibrium,1.21012470e-03,1.74532925e-03,1.21012470e-03,1.21012470e-03,3.404582e-15,100.0000,1,41.8192,1.000000,2.003102e-02,NaN,1,NaN,12,SAM 2:1,0.070033,6.322786e-04,8.45,1.21012470e-03,1.051837e-13,0.000000e+00
75.00,0.6934,60.0,0.1000,1.0e-03,+1,1.74532925e-03,equilibrium,1.21012470e-03,1.74532925e-03,1.21012470e-03,1.21012470e-03,4.838090e-15,100.0000,1,106.7923,1.000000,1.192177e-02,NaN,1,NaN,12,SAM 2:1,0.070033,6.322786e-04,7.80,1.21012470e-03,1.238193e-13,0.000000e+00
105.00,0.6934,60.0,0.1000,1.0e-03,+1,1.74532925e-03,equilibrium,1.21012470e-03,1.74532925e-03,1.21012470e-03,1.21012470e-03,4.838090e-15,100.0000,1,116.3696,1.000000,1.322105e-02,NaN,1,NaN,12,SAM 2:1,0.070033,6.322786e-04,8.30,1.21012470e-03,1.239984e-13,0.000000e+00
135.00,0.6934,60.0,0.1000,1.0e-03,+1,1.74532925e-03,equilibrium,1.21012470e-03,1.74532925e-03,1.21012470e-03,1.21012470e-03,3.762959e-15,100.0000,1,130.3455,1.000000,1.295587e-02,NaN,1,NaN,12,SAM 2:1,0.070033,6.322786e-04,7.94,1.21012470e-03,1.042877e-13,0.000000e+00
165.00,0.6934,60.0,0.1000,1.0e-03,+1,1.74532925e-03,equilibrium,1.21012470e-03,1.74532925e-03,1.21012470e-03,1.21012470e-03,5.734032e-15,100.0000,1,103.5918,1.000000,1.305529e-02,NaN,1,NaN,12,SAM 2:1,0.070033,6.322786e-04,5.29,1.21012470e-03,5.071035e-14,0.000000e+00
15.00,0.7437,60.0,0.1000,1.0e-03,+1,1.74532925e-03,equilibrium,1.29798836e-03,1.74532925e-03,1.29798836e-03,1.29798836e-03,2.672942e-15,100.0000,1,62.1344,1.000000,1.131554e-02,NaN,1,NaN,11,SAM 2:1,0.070033,2.591571e-03,4.83,1.29798836e-03,4.493883e-14,0.000000e+00
45.00,0.7437,60.0,0.1000,1.0e-03,+1,1.74532925e-03,equilibrium,1.29798836e-03,1.74532925e-03,1.29798836e-03,1.29798836e-03,1.837647e-15,100.0000,1,97.8364,1.000000,1.377938e-02,NaN,1,NaN,11,SAM 2:1,0.070033,2.591571e-03,7.16,1.29798836e-03,9.088001e-14,0.000000e+00
75.00,0.7437,60.0,0.1000,1.0e-03,+1,1.74532925e-03,equilibrium,1.29798836e-03,1.74532925e-03,1.29798836e-03,1.29798836e-03,2.672942e-15,100.0000,1,108.3787,1.000000,1.209372e-02,NaN,1,NaN,11,SAM 2:1,0.070033,2.591571e-03,7.34,1.29798836e-03,1.082541e-13,0.000000e+00
105.00,0.7437,60.0,0.1000,1.0e-03,+1,1.74532925e-03,equilibrium,1.29798836e-03,1.74532925e-03,1.29798836e-03,1.29798836e-03,3.174118e-15,100.0000,1,78.6922,1.000000,1.044189e-02,NaN,1,NaN,11,SAM 2:1,0.070033,2.591571e-03,8.19,1.29798836e-03,1.077530e-13,0.000000e+00
135.00,0.7437,60.0,0.1000,1.0e-03,+1,1.74532925e-03,equilibrium,1.29798836e-03,1.74532925e-03,1.29798836e-03,1.29798836e-03,1.837647e-15,100.0000,1,52.1693,1.000000,1.300247e-02,NaN,1,NaN,11,SAM 2:1,0.070033,2.591571e-03,7.88,1.29798836e-03,9.104707e-14,0.000000e+00
165.00,0.7437,60.0,0.1000,1.0e-03,+1,1.74532925e-03,equilibrium,1.29798836e-03,1.74532925e-03,1.29798836e-03,1.29798836e-03,3.675295e-15,100.0000,1,106.0967,1.000000,1.136349e-02,NaN,1,NaN,11,SAM 2:1,0.070033,2.591571e-03,5.55,1.29798836e-03,4.376942e-14,0.000000e+00
15.00,0.7940,60.0,0.1000,1.0e-03,+1,1.74532925e-03,equilibrium,1.38585201e-03,1.74532925e-03,1.38585201e-03,1.38585201e-03,1.095271e-15,100.0000,1,159.8870,1.000000,9.985190e-03,NaN,1,NaN,9,SAM 2:1,0.070033,1.058994e-03,6.43,1.38585201e-03,4.036855e-14,0.000000e+00
45.00,0.7940,60.0,0.1000,1.0e-03,+1,1.74532925e-03,equilibrium,1.38585201e-03,1.74532925e-03,1.38585201e-03,1.38585201e-03,9.388034e-16,100.0000,1,40.4871,1.000000,1.004592e-02,NaN,1,NaN,9,SAM 2:1,0.070033,1.058972e-03,8.42,1.38585201e-03,8.042416e-14,0.000000e+00
75.00,0.7940,60.0,0.1000,1.0e-03,+1,1.74532925e-03,equilibrium,1.38585201e-03,1.74532925e-03,1.38585201e-03,1.38585201e-03,1.721140e-15,100.0000,1,116.9619,1.000000,9.229212e-03,NaN,1,NaN,9,SAM 2:1,0.070033,1.058985e-03,7.71,1.38585201e-03,9.591442e-14,0.000000e+00
105.00,0.7940,60.0,0.1000,1.0e-03,+1,1.74532925e-03,equilibrium,1.38585201e-03,1.74532925e-03,1.38585201e-03,1.38585201e-03,1.408205e-15,100.0000,1,94.7179,1.000000,1.116239e-02,NaN,1,NaN,9,SAM 2:1,0.070033,1.058966e-03,7.96,1.38585201e-03,9.591442e-14,0.000000e+00
135.00,0.7940,60.0,0.1000,1.0e-03,+1,1.74532925e-03,equilibrium,1.38585201e-03,1.74532925e-03,1.38585201e-03,1.38585201e-03,2.190541e-15,100.0000,1,122.3392,1.000000,1.005213e-02,NaN,1,NaN,9,SAM 2:1,0.070033,1.058983e-03,6.97,1.38585201e-03,8.011123e-14,0.000000e+00
165.00,0.7940,60.0,0.1000,1.0e-03,+1,1.74532925e-03,equilibrium,1.38585201e-03,1.74532925e-03,1.38585201e-03,1.38585201e-03,2.034074e-15,100.0000,1,30.0646,1.000000,1.083104e-02,NaN,1,NaN,9,SAM 2:1,0.070033,1.058964e-03,4.55,1.38585201e-03,4.271556e-14,0.000000e+00
15.00,0.8599,60.0,0.1000,1.0e-03,+1,1.74532925e-03,equilibrium,1.50087702e-03,1.74532925e-03,1.50087702e-03,1.50087702e-03,7.223791e-16,100.0000,1,101.4886,1.000000,8.634205e-03,NaN,1,NaN,3,SAM 2:1,0.070033,1.843053e-02,4.26,1.50087702e-03,3.337391e-14,0.000000e+00
45.00,0.8599,60.0,0.1000,1.0e-03,+1,1.74532925e-03,equilibrium,1.50087702e-03,1.74532925e-03,1.50087702e-03,1.50087702e-03,5.779033e-16,100.0000,1,113.3084,1.000000,8.661809e-03,NaN,1,NaN,3,SAM 2:1,0.070033,1.843053e-02,6.14,1.50087702e-03,7.007077e-14,0.000000e+00
75.00,0.8599,60.0,0.1000,1.0e-03,+1,1.74532925e-03,equilibrium,1.50087702e-03,1.74532925e-03,1.50087702e-03,1.50087702e-03,5.779033e-16,100.0000,1,98.3324,1.000000,7.905350e-03,NaN,1,NaN,3,SAM 2:1,0.070033,1.843053e-02,6.11,1.50087702e-03,8.437388e-14,0.000000e+00
105.00,0.8599,60.0,0.1000,1.0e-03,+1,1.74532925e-03,equilibrium,1.50087702e-03,1.74532925e-03,1.50087702e-03,1.50087702e-03,1.155807e-15,100.0000,1,69.3092,1.000000,7.897994e-03,NaN,1,NaN,3,SAM 2:1,0.070033,1.843053e-02,6.27,1.50087702e-03,8.437388e-14,0.000000e+00
135.00,0.8599,60.0,0.1000,1.0e-03,+1,1.74532925e-03,equilibrium,1.50087702e-03,1.74532925e-03,1.50087702e-03,1.50087702e-03,5.779033e-16,100.0000,1,99.1445,1.000000,8.649001e-03,NaN,1,NaN,3,SAM 2:1,0.070033,1.843053e-02,6.63,1.50087702e-03,6.963734e-14,0.000000e+00
165.00,0.8599,60.0,0.1000,1.0e-03,+1,1.74532925e-03,equilibrium,1.50087702e-03,1.74532925e-03,1.50087702e-03,1.50087702e-03,8.668549e-16,100.0000,1,90.3103,1.000000,8.642584e-03,NaN,1,NaN,3,SAM 2:1,0.070033,1.843053e-02,4.78,1.50087702e-03,3.496315e-14,0.000000e+00
15.00,0.8755,60.0,0.1000,1.0e-03,+1,1.74532925e-03,equilibrium,1.52803838e-03,1.74532925e-03,1.52803838e-03,1.52803838e-03,1.419077e-15,100.0000,1,108.3781,1.000000,8.392054e-03,NaN,1,NaN,2,SAM 2:1,0.070033,3.686106e-02,5.26,1.52803838e-03,3.590265e-14,0.000000e+00
45.00,0.8755,60.0,0.1000,1.0e-03,+1,1.74532925e-03,equilibrium,1.52803838e-03,1.74532925e-03,1.52803838e-03,1.52803838e-03,4.257231e-16,100.0000,1,137.7408,1.000000,8.389313e-03,NaN,1,NaN,2,SAM 2:1,0.070033,3.686106e-02,6.78,1.52803838e-03,6.768998e-14,0.000000e+00
75.00,0.8755,60.0,0.1000,1.0e-03,+1,1.74532925e-03,equilibrium,1.52803838e-03,1.74532925e-03,1.52803838e-03,1.52803838e-03,1.277169e-15,100.0000,1,74.9568,1.000000,7.621389e-03,NaN,1,NaN,2,SAM 2:1,0.070033,3.686106e-02,6.69,1.52803838e-03,8.159694e-14,0.000000e+00
105.00,0.8755,60.0,0.1000,1.0e-03,+1,1.74532925e-03,equilibrium,1.52803838e-03,1.74532925e-03,1.52803838e-03,1.52803838e-03,1.277169e-15,100.0000,1,63.0550,1.000000,7.644953e-03,NaN,1,NaN,2,SAM 2:1,0.070033,3.686106e-02,6.70,1.52803838e-03,8.159694e-14,0.000000e+00
135.00,0.8755,60.0,0.1000,1.0e-03,+1,1.74532925e-03,equilibrium,1.52803838e-03,1.74532925e-03,1.52803838e-03,1.52803838e-03,8.514463e-16,100.0000,1,65.4005,1.000000,8.335833e-03,NaN,1,NaN,2,SAM 2:1,0.070033,3.686106e-02,6.21,1.52803838e-03,6.754807e-14,0.000000e+00
165.00,0.8755,60.0,0.1000,1.0e-03,+1,1.74532925e-03,equilibrium,1.52803838e-03,1.74532925e-03,1.52803838e-03,1.52803838e-03,9.933540e-16,100.0000,1,83.4009,1.000000,8.389509e-03,NaN,1,NaN,2,SAM 2:1,0.070033,3.686106e-02,5.29,1.52803838e-03,3.533502e-14,0.000000e+00
15.00,0.8911,60.0,0.1000,1.0e-03,+1,1.74532925e-03,equilibrium,1.55519974e-03,1.74532925e-03,1.55519974e-03,1.55519974e-03,1.394293e-15,100.0000,1,139.4839,1.000000,8.040762e-03,NaN,1,NaN,1,SAM 2:1,0.070033,5.529159e-02,4.56,1.55519974e-03,3.416018e-14,0.000000e+00
45.00,0.8911,60.0,0.1000,1.0e-03,+1,1.74532925e-03,equilibrium,1.55519974e-03,1.74532925e-03,1.55519974e-03,1.55519974e-03,6.971466e-16,100.0000,1,81.4097,1.000000,8.113153e-03,NaN,1,NaN,1,SAM 2:1,0.070033,5.529159e-02,6.46,1.55519974e-03,6.622892e-14,0.000000e+00
75.00,0.8911,60.0,0.1000,1.0e-03,+1,1.74532925e-03,equilibrium,1.55519974e-03,1.74532925e-03,1.55519974e-03,1.55519974e-03,8.365759e-16,100.0000,1,90.6450,1.000000,7.357097e-03,NaN,1,NaN,1,SAM 2:1,0.070033,5.529159e-02,5.93,1.55519974e-03,8.003243e-14,0.000000e+00
105.00,0.8911,60.0,0.1000,1.0e-03,+1,1.74532925e-03,equilibrium,1.55519974e-03,1.74532925e-03,1.55519974e-03,1.55519974e-03,8.365759e-16,100.0000,1,115.6848,1.000000,7.386693e-03,NaN,1,NaN,1,SAM 2:1,0.070033,5.529159e-02,6.02,1.55519974e-03,7.933528e-14,0.000000e+00
135.00,0.8911,60.0,0.1000,1.0e-03,+1,1.74532925e-03,equilibrium,1.55519974e-03,1.74532925e-03,1.55519974e-03,1.55519974e-03,6.971466e-16,100.0000,1,66.1731,1.000000,8.116990e-03,NaN,1,NaN,1,SAM 2:1,0.070033,5.529159e-02,6.81,1.55519974e-03,6.581064e-14,0.000000e+00
165.00,0.8911,60.0,0.1000,1.0e-03,+1,1.74532925e-03,equilibrium,1.55519974e-03,1.74532925e-03,1.55519974e-03,1.55519974e-03,1.812581e-15,100.0000,1,52.0171,1.000000,7.994333e-03,NaN,1,NaN,1,SAM 2:1,0.070033,5.529159e-02,4.32,1.55519974e-03,3.192931e-14,0.000000e+00
15.00,0.9066,60.0,0.1000,1.0e-03,+1,1.74532925e-03,equilibrium,1.58236110e-03,1.74532925e-03,1.58236110e-03,1.58236110e-03,8.222160e-16,100.0000,1,150.6729,1.000000,7.855463e-03,NaN,1,NaN,1,SAM 2:1,0.070033,7.372212e-02,5.07,1.58236110e-03,3.179235e-14,0.000000e+00
45.00,0.9066,60.0,0.1000,1.0e-03,+1,1.74532925e-03,equilibrium,1.58236110e-03,1.74532925e-03,1.58236110e-03,1.58236110e-03,4.111080e-16,100.0000,1,115.1019,1.000000,7.845366e-03,NaN,1,NaN,1,SAM 2:1,0.070033,7.372212e-02,6.64,1.58236110e-03,6.372174e-14,0.000000e+00
75.00,0.9066,60.0,0.1000,1.0e-03,+1,1.74532925e-03,equilibrium,1.58236110e-03,1.74532925e-03,1.58236110e-03,1.58236110e-03,1.233324e-15,100.0000,1,62.4106,1.000000,7.146112e-03,NaN,1,NaN,1,SAM 2:1,0.070033,7.372212e-02,5.83,1.58236110e-03,7.728830e-14,0.000000e+00
105.00,0.9066,60.0,0.1000,1.0e-03,+1,1.74532925e-03,equilibrium,1.58236110e-03,1.74532925e-03,1.58236110e-03,1.58236110e-03,1.233324e-15,100.0000,1,79.3806,1.000000,7.143042e-03,NaN,1,NaN,1,SAM 2:1,0.070033,7.372212e-02,5.97,1.58236110e-03,7.728830e-14,0.000000e+00
135.00,0.9066,60.0,0.1000,1.0e-03,+1,1.74532925e-03,equilibrium,1.58236110e-03,1.74532925e-03,1.58236110e-03,1.58236110e-03,2.740720e-16,100.0000,1,97.2163,1.000000,7.855258e-03,NaN,1,NaN,1,SAM 2:1,0.070033,7.372212e-02,6.31,1.58236110e-03,6.344767e-14,0.000000e+00
165.00,0.9066,60.0,0.1000,1.0e-03,+1,1.74532925e-03,equilibrium,1.58236110e-03,1.74532925e-03,1.58236110e-03,1.58236110e-03,8.222160e-16,100.0000,1,19.5290,1.000000,7.868479e-03,NaN,1,NaN,1,SAM 2:1,0.070033,7.372212e-02,4.87,1.58236110e-03,3.275160e-14,0.000000e+00
15.00,0.9222,60.0,0.1000,1.0e-03,+1,1.74532925e-03,equilibrium,1.60952246e-03,1.74532925e-03,1.60952246e-03,1.60952246e-03,3.502810e-15,100.0000,1,55.8229,1.000000,7.624938e-03,NaN,1,NaN,1,SAM 2:1,0.070033,9.215264e-02,4.54,1.60952246e-03,3.152529e-14,0.000000e+00
45.00,0.9222,60.0,0.1000,1.0e-03,+1,1.74532925e-03,equilibrium,1.60952246e-03,1.74532925e-03,1.60952246e-03,1.60952246e-03,8.083408e-16,100.0000,1,68.0412,1.000000,7.624501e-03,NaN,1,NaN,1,SAM 2:1,0.070033,9.215264e-02,6.19,1.60952246e-03,6.129917e-14,0.000000e+00
75.00,0.9222,60.0,0.1000,1.0e-03,+1,1.74532925e-03,equilibrium,1.60952246e-03,1.74532925e-03,1.60952246e-03,1.60952246e-03,5.388938e-16,100.0000,1,67.5409,1.000000,6.906386e-03,NaN,1,NaN,1,SAM 2:1,0.070033,9.215264e-02,5.83,1.60952246e-03,7.544514e-14,0.000000e+00
105.00,0.9222,60.0,0.1000,1.0e-03,+1,1.74532925e-03,equilibrium,1.60952246e-03,1.74532925e-03,1.60952246e-03,1.60952246e-03,4.041704e-16,100.0000,1,95.6990,1.000000,6.832722e-03,NaN,1,NaN,1,SAM 2:1,0.070033,9.215264e-02,5.96,1.60952246e-03,7.584931e-14,0.000000e+00
135.00,0.9222,60.0,0.1000,1.0e-03,+1,1.74532925e-03,equilibrium,1.60952246e-03,1.74532925e-03,1.60952246e-03,1.60952246e-03,8.083408e-16,100.0000,1,136.6372,1.000000,7.621780e-03,NaN,1,NaN,1,SAM 2:1,0.070033,9.215264e-02,6.73,1.60952246e-03,6.210752e-14,0.000000e+00
165.00,0.9222,60.0,0.1000,1.0e-03,+1,1.74532925e-03,equilibrium,1.60952246e-03,1.74532925e-03,1.60952246e-03,1.60952246e-03,1.347235e-16,100.0000,1,112.4508,1.000000,7.580506e-03,NaN,1,NaN,1,SAM 2:1,0.070033,9.215264e-02,4.16,1.60952246e-03,3.098640e-14,0.000000e+00
15.00,0.9378,60.0,0.1000,1.0e-03,+1,1.74532925e-03,equilibrium,1.63668382e-03,1.74532925e-03,1.63668382e-03,1.63668382e-03,1.192389e-15,100.0000,1,79.9113,1.000000,7.389301e-03,NaN,1,NaN,0,SAM 2:1,0.070033,1.105832e-01,4.72,1.63668382e-03,2.967724e-14,0.000000e+00
45.00,0.9378,60.0,0.1000,1.0e-03,+1,1.74532925e-03,equilibrium,1.63668382e-03,1.74532925e-03,1.63668382e-03,1.63668382e-03,0.000000e+00,100.0000,1,92.4876,1.000000,7.368566e-03,NaN,1,NaN,0,SAM 2:1,0.070033,1.105832e-01,5.92,1.63668382e-03,6.107682e-14,0.000000e+00
75.00,0.9378,60.0,0.1000,1.0e-03,+1,1.74532925e-03,equilibrium,1.63668382e-03,1.74532925e-03,1.63668382e-03,1.63668382e-03,5.299507e-16,100.0000,1,115.5474,1.000000,6.652618e-03,NaN,1,NaN,0,SAM 2:1,0.070033,1.105832e-01,6.10,1.63668382e-03,7.300071e-14,0.000000e+00
105.00,0.9378,60.0,0.1000,1.0e-03,+1,1.74532925e-03,equilibrium,1.63668382e-03,1.74532925e-03,1.63668382e-03,1.63668382e-03,9.274137e-16,100.0000,1,90.3001,1.000000,6.682861e-03,NaN,1,NaN,0,SAM 2:1,0.070033,1.105832e-01,5.61,1.63668382e-03,7.339817e-14,0.000000e+00
135.00,0.9378,60.0,0.1000,1.0e-03,+1,1.74532925e-03,equilibrium,1.63668382e-03,1.74532925e-03,1.63668382e-03,1.63668382e-03,5.299507e-16,100.0000,1,119.3615,1.000000,7.329958e-03,NaN,1,NaN,0,SAM 2:1,0.070033,1.105832e-01,5.60,1.63668382e-03,6.067936e-14,0.000000e+00
165.00,0.9378,60.0,0.1000,1.0e-03,+1,1.74532925e-03,equilibrium,1.63668382e-03,1.74532925e-03,1.63668382e-03,1.63668382e-03,6.624384e-16,100.0000,1,111.9027,1.000000,7.382550e-03,NaN,1,NaN,0,SAM 2:1,0.070033,1.105832e-01,4.10,1.63668382e-03,3.113460e-14,0.000000e+00
15.00,0.9533,60.0,0.1000,1.0e-03,+1,1.74532925e-03,equilibrium,1.66384518e-03,1.74532925e-03,1.66384518e-03,1.66384518e-03,6.516244e-16,100.0000,1,110.4325,1.000000,7.149556e-03,NaN,1,NaN,0,SAM 2:1,0.070033,1.290137e-01,3.93,1.66384518e-03,3.049602e-14,0.000000e+00
45.00,0.9533,60.0,0.1000,1.0e-03,+1,1.74532925e-03,equilibrium,1.66384518e-03,1.74532925e-03,1.66384518e-03,1.66384518e-03,3.909747e-16,100.0000,1,124.5959,1.000000,7.174617e-03,NaN,1,NaN,0,SAM 2:1,0.070033,1.290137e-01,5.68,1.66384518e-03,5.903717e-14,0.000000e+00
75.00,0.9533,60.0,0.1000,1.0e-03,+1,1.74532925e-03,equilibrium,1.66384518e-03,1.74532925e-03,1.66384518e-03,1.66384518e-03,6.516244e-16,100.0000,1,110.5386,1.000000,6.465895e-03,NaN,1,NaN,0,SAM 2:1,0.070033,1.290137e-01,5.04,1.66384518e-03,7.193934e-14,0.000000e+00
105.00,0.9533,60.0,0.1000,1.0e-03,+1,1.74532925e-03,equilibrium,1.66384518e-03,1.74532925e-03,1.66384518e-03,1.66384518e-03,5.212995e-16,100.0000,1,114.3423,1.000000,6.481493e-03,NaN,1,NaN,0,SAM 2:1,0.070033,1.290137e-01,5.53,1.66384518e-03,7.154836e-14,0.000000e+00
135.00,0.9533,60.0,0.1000,1.0e-03,+1,1.74532925e-03,equilibrium,1.66384518e-03,1.74532925e-03,1.66384518e-03,1.66384518e-03,9.122742e-16,100.0000,1,40.4755,1.000000,7.166691e-03,NaN,1,NaN,0,SAM 2:1,0.070033,1.290137e-01,5.30,1.66384518e-03,5.877652e-14,0.000000e+00
165.00,0.9533,60.0,0.1000,1.0e-03,+1,1.74532925e-03,equilibrium,1.66384518e-03,1.74532925e-03,1.66384518e-03,1.66384518e-03,1.042599e-15,100.0000,1,57.8384,1.000000,7.154461e-03,NaN,1,NaN,0,SAM 2:1,0.070033,1.290137e-01,3.94,1.66384518e-03,3.010505e-14,0.000000e+00
15.00,0.9689,60.0,0.1000,1.0e-03,+1,1.74532925e-03,equilibrium,1.69100653e-03,1.74532925e-03,1.69100653e-03,1.69100653e-03,7.693895e-16,100.0000,1,92.7411,1.000000,6.945831e-03,NaN,1,NaN,0,SAM 2:1,0.070033,1.474442e-01,3.66,1.69100653e-03,2.846741e-14,0.000000e+00
45.00,0.9689,60.0,0.1000,1.0e-03,+1,1.74532925e-03,equilibrium,1.69100653e-03,1.74532925e-03,1.69100653e-03,1.69100653e-03,1.282316e-16,100.0000,1,85.9043,1.000000,6.959488e-03,NaN,1,NaN,0,SAM 2:1,0.070033,1.474442e-01,5.34,1.69100653e-03,5.731951e-14,0.000000e+00
75.00,0.9689,60.0,0.1000,1.0e-03,+1,1.74532925e-03,equilibrium,1.69100653e-03,1.74532925e-03,1.69100653e-03,1.69100653e-03,0.000000e+00,100.0000,1,114.6111,1.000000,6.249617e-03,NaN,1,NaN,0,SAM 2:1,0.070033,1.474442e-01,5.07,1.69100653e-03,7.027090e-14,0.000000e+00
105.00,0.9689,60.0,0.1000,1.0e-03,+1,1.74532925e-03,equilibrium,1.69100653e-03,1.74532925e-03,1.69100653e-03,1.69100653e-03,5.129263e-16,100.0000,1,88.1910,1.000000,6.285350e-03,NaN,1,NaN,0,SAM 2:1,0.070033,1.474442e-01,5.05,1.69100653e-03,7.027090e-14,0.000000e+00
135.00,0.9689,60.0,0.1000,1.0e-03,+1,1.74532925e-03,equilibrium,1.69100653e-03,1.74532925e-03,1.69100653e-03,1.69100653e-03,3.846947e-16,100.0000,1,124.9115,1.000000,6.952440e-03,NaN,1,NaN,0,SAM 2:1,0.070033,1.474442e-01,5.41,1.69100653e-03,5.731951e-14,0.000000e+00
165.00,0.9689,60.0,0.1000,1.0e-03,+1,1.74532925e-03,equilibrium,1.69100653e-03,1.74532925e-03,1.69100653e-03,1.69100653e-03,1.025853e-15,100.0000,1,99.0462,1.000000,6.937155e-03,NaN,1,NaN,0,SAM 2:1,0.070033,1.474442e-01,3.95,1.69100653e-03,2.923680e-14,0.000000e+00
15.00,0.9844,60.0,0.1000,1.0e-03,+1,1.74532925e-03,equilibrium,1.71816789e-03,1.74532925e-03,1.71816789e-03,1.71816789e-03,3.786134e-16,100.0000,1,32.2434,1.000000,6.724663e-03,NaN,1,NaN,0,SAM 2:1,0.070033,1.658748e-01,6.38,1.71816789e-03,2.814359e-14,0.000000e+00
45.00,0.9844,60.0,0.1000,1.0e-03,+1,1.74532925e-03,equilibrium,1.71816789e-03,1.74532925e-03,1.71816789e-03,1.71816789e-03,7.572267e-16,100.0000,1,54.2478,1.000000,6.740123e-03,NaN,1,NaN,0,SAM 2:1,0.070033,1.658748e-01,5.83,1.71816789e-03,5.477273e-14,0.000000e+00
75.00,0.9844,60.0,0.1000,1.0e-03,+1,1.74532925e-03,equilibrium,1.71816789e-03,1.74532925e-03,1.71816789e-03,1.71816789e-03,2.524089e-16,100.0000,1,68.8652,1.000000,6.091038e-03,NaN,1,NaN,0,SAM 2:1,0.070033,1.658748e-01,4.65,1.71816789e-03,6.865522e-14,0.000000e+00
105.00,0.9844,60.0,0.1000,1.0e-03,+1,1.74532925e-03,equilibrium,1.71816789e-03,1.74532925e-03,1.71816789e-03,1.71816789e-03,8.834312e-16,100.0000,1,97.7053,1.000000,6.097510e-03,NaN,1,NaN,0,SAM 2:1,0.070033,1.658748e-01,4.65,1.71816789e-03,6.840281e-14,0.000000e+00
135.00,0.9844,60.0,0.1000,1.0e-03,+1,1.74532925e-03,equilibrium,1.71816789e-03,1.74532925e-03,1.71816789e-03,1.71816789e-03,0.000000e+00,100.0000,1,139.4240,1.000000,6.027078e-03,NaN,1,NaN,0,SAM 2:1,0.070033,1.658748e-01,4.74,1.71816789e-03,5.641339e-14,0.000000e+00
165.00,0.9844,60.0,0.1000,1.0e-03,+1,1.74532925e-03,equilibrium,1.71816789e-03,1.74532925e-03,1.71816789e-03,1.71816789e-03,7.572267e-16,100.0000,1,136.5176,1.000000,6.738515e-03,NaN,1,NaN,0,SAM 2:1,0.070033,1.658748e-01,3.28,1.71816789e-03,2.789118e-14,0.000000e+00
15.00,0.3913,120.0,0.1000,1.0e-03,+1,8.72664626e-04,cycling,5.82327703e-04,8.72664626e-04,5.82327703e-04,5.97209874e-04,5.027415e-02,100.0000,1,77.7893,0.586390,4.653391e-02,NaN,1,NaN,3,LAM 1:1,0.015605,3.055347e-01,6.26,3.41471393e-04,7.053484e-01,0.000000e+00
45.00,0.3913,120.0,0.1000,1.0e-03,+1,8.72664626e-04,cycling,5.82327703e-04,8.72664626e-04,5.82327703e-04,5.97209874e-04,5.027415e-02,100.0000,1,66.7389,0.586390,4.921700e-02,NaN,1,NaN,3,LAM 1:1,0.015605,3.055347e-01,11.23,3.41471393e-04,7.053484e-01,0.000000e+00
75.00,0.3913,120.0,0.1000,1.0e-03,+1,8.72664626e-04,cycling,5.82327703e-04,8.72664626e-04,5.82327703e-04,5.97209874e-04,5.027415e-02,100.0000,1,98.6289,0.586390,4.765362e-02,NaN,1,NaN,3,LAM 1:1,0.015605,3.055347e-01,10.40,3.41471393e-04,7.053484e-01,0.000000e+00
105.00,0.3913,120.0,0.1000,1.0e-03,+1,8.72664626e-04,cycling,5.82327703e-04,8.72664626e-04,5.82327703e-04,5.97209874e-04,5.027415e-02,100.0000,1,69.5246,0.586390,4.986357e-02,NaN,1,NaN,3,LAM 1:1,0.015605,3.055347e-01,10.84,3.41471393e-04,7.053484e-01,0.000000e+00
135.00,0.3913,120.0,0.1000,1.0e-03,+1,8.72664626e-04,cycling,5.82327703e-04,8.72664626e-04,5.82327703e-04,5.97209874e-04,5.027415e-02,100.0000,1,80.8052,0.586390,4.779105e-02,NaN,1,NaN,3,LAM 1:1,0.015605,3.055347e-01,11.14,3.41471393e-04,7.053484e-01,0.000000e+00
165.00,0.3913,120.0,0.1000,1.0e-03,+1,8.72664626e-04,cycling,5.82327703e-04,8.72664626e-04,5.82327703e-04,5.97209874e-04,5.027415e-02,100.0000,1,90.4084,0.586390,4.636813e-02,NaN,1,NaN,3,LAM 1:1,0.015605,3.055347e-01,6.00,3.41471393e-04,7.053484e-01,0.000000e+00
15.00,0.4416,120.0,0.1000,1.0e-03,+1,8.72664626e-04,cycling,4.67067211e-04,8.72664626e-04,4.67067211e-04,4.75114398e-04,3.571371e-02,100.0000,1,27.2616,0.825156,7.614262e-02,NaN,1,NaN,9,LAM 3:1,-0.004642,2.276362e-02,4.14,3.85403219e-04,2.118923e-01,0.000000e+00
45.00,0.4416,120.0,0.1000,1.0e-03,+1,8.72664626e-04,cycling,4.67067211e-04,8.72664626e-04,4.67067211e-04,4.75114398e-04,3.571371e-02,100.0000,1,134.8858,0.825156,8.276400e-02,NaN,1,NaN,9,LAM 3:1,-0.004642,2.276362e-02,7.09,3.85403219e-04,2.118923e-01,0.000000e+00
75.00,0.4416,120.0,0.1000,1.0e-03,+1,8.72664626e-04,cycling,4.67067211e-04,8.72664626e-04,4.67067211e-04,4.75114398e-04,3.571371e-02,100.0000,1,114.4480,0.825156,8.594708e-02,NaN,1,NaN,9,LAM 3:1,-0.004642,2.276362e-02,6.58,3.85403219e-04,2.118923e-01,0.000000e+00
105.00,0.4416,120.0,0.1000,1.0e-03,+1,8.72664626e-04,cycling,4.67067211e-04,8.72664626e-04,4.67067211e-04,4.75114398e-04,3.571371e-02,100.0000,1,87.8571,0.825156,8.089012e-02,NaN,1,NaN,9,LAM 3:1,-0.004642,2.276362e-02,6.47,3.85403219e-04,2.118923e-01,0.000000e+00
135.00,0.4416,120.0,0.1000,1.0e-03,+1,8.72664626e-04,cycling,4.67067211e-04,8.72664626e-04,4.67067211e-04,4.75114398e-04,3.571371e-02,100.0000,1,44.8869,0.825156,8.040861e-02,NaN,1,NaN,9,LAM 3:1,-0.004642,2.276362e-02,6.85,3.85403219e-04,2.118923e-01,0.000000e+00
165.00,0.4416,120.0,0.1000,1.0e-03,+1,8.72664626e-04,cycling,4.67067211e-04,8.72664626e-04,4.67067211e-04,4.75114398e-04,3.571371e-02,100.0000,1,141.8284,0.825156,8.108906e-02,NaN,1,NaN,9,LAM 3:1,-0.004642,2.276362e-02,4.29,3.85403219e-04,2.118923e-01,0.000000e+00
15.00,0.4920,120.0,0.1000,1.0e-03,+1,8.72664626e-04,cycling,4.50116095e-04,8.72664626e-04,4.50116095e-04,4.56294660e-04,2.887747e-02,100.0000,1,71.2773,0.953832,1.167508e-01,NaN,1,NaN,15,SAM 2:1,0.023865,1.518327e-04,5.73,4.29335046e-04,4.840287e-02,0.000000e+00
45.00,0.4920,120.0,0.1000,1.0e-03,+1,8.72664626e-04,cycling,4.50116096e-04,8.72664626e-04,4.50116096e-04,4.56294661e-04,2.887748e-02,100.0000,1,54.1135,0.953832,1.087435e-01,NaN,1,NaN,15,SAM 2:1,0.023865,1.518312e-04,9.27,4.29335046e-04,4.840288e-02,0.000000e+00
75.00,0.4920,120.0,0.1000,1.0e-03,+1,8.72664626e-04,cycling,4.50116097e-04,8.72664626e-04,4.50116097e-04,4.56294662e-04,2.887748e-02,100.0000,1,110.5401,0.953832,1.314450e-01,NaN,1,NaN,15,SAM 2:1,0.023865,1.518304e-04,7.88,4.29335046e-04,4.840288e-02,0.000000e+00
105.00,0.4920,120.0,0.1000,1.0e-03,+1,8.72664626e-04,cycling,4.50116097e-04,8.72664626e-04,4.50116097e-04,4.56294662e-04,2.887748e-02,100.0000,1,114.3413,0.953832,1.143258e-01,NaN,1,NaN,15,SAM 2:1,0.023865,1.518305e-04,7.30,4.29335046e-04,4.840288e-02,0.000000e+00
135.00,0.4920,120.0,0.1000,1.0e-03,+1,8.72664626e-04,cycling,4.50116097e-04,8.72664626e-04,4.50116097e-04,4.56294662e-04,2.887748e-02,100.0000,1,139.4073,0.953832,1.242898e-01,NaN,1,NaN,15,SAM 2:1,0.023865,1.518304e-04,7.45,4.29335046e-04,4.840288e-02,0.000000e+00
165.00,0.4920,120.0,0.1000,1.0e-03,+1,8.72664626e-04,cycling,4.50116097e-04,8.72664626e-04,4.50116097e-04,4.56294662e-04,2.887748e-02,100.0000,1,120.4853,0.953832,1.075178e-01,NaN,1,NaN,15,SAM 2:1,0.023865,1.518301e-04,4.15,4.29335046e-04,4.840288e-02,0.000000e+00
15.00,0.5423,120.0,0.1000,1.0e-03,+1,8.72664626e-04,cycling,4.75406665e-04,8.72664626e-04,4.75406665e-04,4.76478710e-04,5.129538e-03,100.0000,1,69.0203,0.995499,7.958833e-02,NaN,1,NaN,15,SAM 2:1,0.065533,2.066569e-04,5.55,4.73266872e-04,4.521324e-03,0.000000e+00
45.00,0.5423,120.0,0.1000,1.0e-03,+1,8.72664626e-04,cycling,4.75406665e-04,8.72664626e-04,4.75406665e-04,4.76478711e-04,5.129539e-03,100.0000,1,110.9546,0.995499,1.039686e-01,NaN,1,NaN,15,SAM 2:1,0.065533,2.066569e-04,7.68,4.73266872e-04,4.521325e-03,0.000000e+00
75.00,0.5423,120.0,0.1000,1.0e-03,+1,8.72664626e-04,cycling,4.75406665e-04,8.72664626e-04,4.75406665e-04,4.76478710e-04,5.129539e-03,100.0000,1,84.9335,0.995499,9.210055e-02,NaN,1,NaN,15,SAM 2:1,0.065533,2.066569e-04,8.29,4.73266872e-04,4.521324e-03,0.000000e+00
105.00,0.5423,120.0,0.1000,1.0e-03,+1,8.72664626e-04,cycling,4.75406665e-04,8.72664626e-04,4.75406665e-04,4.76478710e-04,5.129539e-03,100.0000,1,112.8465,0.995499,1.183372e-01,NaN,1,NaN,15,SAM 2:1,0.065533,2.066569e-04,8.54,4.73266872e-04,4.521325e-03,0.000000e+00
135.00,0.5423,120.0,0.1000,1.0e-03,+1,8.72664626e-04,cycling,4.75406665e-04,8.72664626e-04,4.75406665e-04,4.76478710e-04,5.129538e-03,100.0000,1,101.6236,0.995499,9.880187e-02,NaN,1,NaN,15,SAM 2:1,0.065533,2.066569e-04,8.19,4.73266872e-04,4.521324e-03,0.000000e+00
165.00,0.5423,120.0,0.1000,1.0e-03,+1,8.72664626e-04,cycling,4.75406665e-04,8.72664626e-04,4.75406665e-04,4.76478710e-04,5.129539e-03,100.0000,1,99.1864,0.995499,1.111904e-01,NaN,1,NaN,15,SAM 2:1,0.065533,2.066569e-04,5.21,4.73266872e-04,4.521324e-03,0.000000e+00
15.00,0.5927,120.0,0.1000,1.0e-03,+1,8.72664626e-04,equilibrium,5.17387927e-04,8.72664626e-04,5.17387927e-04,5.17517406e-04,5.937722e-04,100.0000,1,38.9048,0.999634,9.558705e-02,NaN,1,NaN,14,SAM 2:1,0.069668,2.856488e-04,5.72,5.17198699e-04,3.658725e-04,0.000000e+00
45.00,0.5927,120.0,0.1000,1.0e-03,+1,8.72664626e-04,equilibrium,5.17387928e-04,8.72664626e-04,5.17387928e-04,5.17517406e-04,5.937723e-04,100.0000,1,125.7608,0.999634,8.186852e-02,NaN,1,NaN,14,SAM 2:1,0.069668,2.856462e-04,8.76,5.17198699e-04,3.658725e-04,0.000000e+00
75.00,0.5927,120.0,0.1000,1.0e-03,+1,8.72664626e-04,equilibrium,5.17387928e-04,8.72664626e-04,5.17387928e-04,5.17517406e-04,5.937723e-04,100.0000,1,114.4849,0.999634,6.835915e-02,NaN,1,NaN,14,SAM 2:1,0.069668,2.856456e-04,8.50,5.17198699e-04,3.658725e-04,0.000000e+00
105.00,0.5927,120.0,0.1000,1.0e-03,+1,8.72664626e-04,equilibrium,5.17387928e-04,8.72664626e-04,5.17387928e-04,5.17517406e-04,5.937723e-04,100.0000,1,87.9312,0.999634,7.444028e-02,NaN,1,NaN,14,SAM 2:1,0.069668,2.856462e-04,8.13,5.17198699e-04,3.658725e-04,0.000000e+00
135.00,0.5927,120.0,0.1000,1.0e-03,+1,8.72664626e-04,equilibrium,5.17387928e-04,8.72664626e-04,5.17387928e-04,5.17517406e-04,5.937723e-04,100.0000,1,84.8405,0.999634,7.879138e-02,NaN,1,NaN,14,SAM 2:1,0.069668,2.856465e-04,24.55,5.17198699e-04,3.658725e-04,0.000000e+00
165.00,0.5927,120.0,0.1000,1.0e-03,+1,8.72664626e-04,equilibrium,5.17387927e-04,8.72664626e-04,5.17387927e-04,5.17517406e-04,5.937723e-04,100.0000,1,151.8857,0.999634,7.972940e-02,NaN,1,NaN,14,SAM 2:1,0.069668,2.856476e-04,10.01,5.17198699e-04,3.658725e-04,0.000000e+00
15.00,0.6430,120.0,0.1000,1.0e-03,+1,8.72664626e-04,equilibrium,5.61146602e-04,8.72664626e-04,5.61146602e-04,5.61160996e-04,6.326021e-05,100.0000,1,99.8216,0.999971,8.388672e-02,NaN,1,NaN,14,SAM 2:1,0.070005,5.285233e-04,10.13,5.61130525e-04,2.865049e-05,0.000000e+00
45.00,0.6430,120.0,0.1000,1.0e-03,+1,8.72664626e-04,equilibrium,5.61146602e-04,8.72664626e-04,5.61146602e-04,5.61160996e-04,6.326022e-05,100.0000,1,73.8027,0.999971,7.074590e-02,NaN,1,NaN,14,SAM 2:1,0.070005,5.285209e-04,15.19,5.61130525e-04,2.865049e-05,0.000000e+00
75.00,0.6430,120.0,0.1000,1.0e-03,+1,8.72664626e-04,equilibrium,5.61146602e-04,8.72664626e-04,5.61146602e-04,5.61160996e-04,6.326022e-05,100.0000,1,116.1088,0.999971,5.843381e-02,NaN,1,NaN,14,SAM 2:1,0.070005,5.285202e-04,14.93,5.61130525e-04,2.865049e-05,0.000000e+00
105.00,0.6430,120.0,0.1000,1.0e-03,+1,8.72664626e-04,equilibrium,5.61146602e-04,8.72664626e-04,5.61146602e-04,5.61160996e-04,6.326021e-05,100.0000,1,91.7884,0.999971,6.063065e-02,NaN,1,NaN,14,SAM 2:1,0.070005,5.285235e-04,14.87,5.61130525e-04,2.865049e-05,0.000000e+00
135.00,0.6430,120.0,0.1000,1.0e-03,+1,8.72664626e-04,equilibrium,5.61146602e-04,8.72664626e-04,5.61146602e-04,5.61160996e-04,6.326022e-05,100.0000,1,133.5558,0.999971,5.960505e-02,NaN,1,NaN,14,SAM 2:1,0.070005,5.285203e-04,17.01,5.61130525e-04,2.865049e-05,0.000000e+00
165.00,0.6430,120.0,0.1000,1.0e-03,+1,8.72664626e-04,equilibrium,5.61146602e-04,8.72664626e-04,5.61146602e-04,5.61160996e-04,6.326019e-05,100.0000,1,91.7984,0.999971,6.300946e-02,NaN,1,NaN,14,SAM 2:1,0.070005,5.285349e-04,10.94,5.61130525e-04,2.865048e-05,0.000000e+00
15.00,0.6934,120.0,0.1000,1.0e-03,+1,8.72664626e-04,equilibrium,6.05063691e-04,8.72664626e-04,6.05063691e-04,6.05065225e-04,6.504553e-06,100.0000,1,107.4963,0.999998,4.996981e-02,NaN,1,NaN,12,SAM 2:1,0.070031,5.759546e-05,11.43,6.05062352e-04,2.213252e-06,0.000000e+00
45.00,0.6934,120.0,0.1000,1.0e-03,+1,8.72664626e-04,equilibrium,6.05063691e-04,8.72664626e-04,6.05063691e-04,6.05065225e-04,6.504553e-06,100.0000,1,41.1150,0.999998,4.846138e-02,NaN,1,NaN,12,SAM 2:1,0.070031,5.759876e-05,17.18,6.05062352e-04,2.213252e-06,0.000000e+00
75.00,0.6934,120.0,0.1000,1.0e-03,+1,8.72664626e-04,equilibrium,6.05063691e-04,8.72664626e-04,6.05063691e-04,6.05065225e-04,6.504553e-06,100.0000,1,81.0219,0.999998,4.790818e-02,NaN,1,NaN,12,SAM 2:1,0.070031,5.759820e-05,16.16,6.05062352e-04,2.213252e-06,0.000000e+00
105.00,0.6934,120.0,0.1000,1.0e-03,+1,8.72664626e-04,equilibrium,6.05063691e-04,8.72664626e-04,6.05063691e-04,6.05065225e-04,6.504553e-06,100.0000,1,62.4281,0.999998,5.900475e-02,NaN,1,NaN,12,SAM 2:1,0.070031,5.759650e-05,16.67,6.05062352e-04,2.213252e-06,0.000000e+00
135.00,0.6934,120.0,0.1000,1.0e-03,+1,8.72664626e-04,equilibrium,6.05063691e-04,8.72664626e-04,6.05063691e-04,6.05065225e-04,6.504553e-06,100.0000,1,128.4076,0.999998,5.109499e-02,NaN,1,NaN,12,SAM 2:1,0.070031,5.759647e-05,15.37,6.05062352e-04,2.213252e-06,0.000000e+00
165.00,0.6934,120.0,0.1000,1.0e-03,+1,8.72664626e-04,equilibrium,6.05063691e-04,8.72664626e-04,6.05063691e-04,6.05065225e-04,6.504553e-06,100.0000,1,60.7893,0.999998,4.853185e-02,NaN,1,NaN,12,SAM 2:1,0.070031,5.759914e-05,10.75,6.05062352e-04,2.213252e-06,0.000000e+00
15.00,0.7437,120.0,0.1000,1.0e-03,+1,8.72664626e-04,equilibrium,6.48994289e-04,8.72664626e-04,6.48994289e-04,6.48994447e-04,6.527365e-07,100.0000,1,47.6513,1.000000,4.225809e-02,NaN,1,NaN,11,SAM 2:1,0.070033,3.359082e-06,9.98,6.48994178e-04,1.697812e-07,0.000000e+00
45.00,0.7437,120.0,0.1000,1.0e-03,+1,8.72664626e-04,equilibrium,6.48994289e-04,8.72664626e-04,6.48994289e-04,6.48994447e-04,6.527365e-07,100.0000,1,107.6536,1.000000,4.447687e-02,NaN,1,NaN,11,SAM 2:1,0.070033,3.359083e-06,15.06,6.48994178e-04,1.697812e-07,0.000000e+00
75.00,0.7437,120.0,0.1000,1.0e-03,+1,8.72664626e-04,equilibrium,6.48994289e-04,8.72664626e-04,6.48994289e-04,6.48994447e-04,6.527364e-07,100.0000,1,93.1904,1.000000,5.150331e-02,NaN,1,NaN,11,SAM 2:1,0.070033,3.359092e-06,14.92,6.48994178e-04,1.697812e-07,0.000000e+00
105.00,0.7437,120.0,0.1000,1.0e-03,+1,8.72664626e-04,equilibrium,6.48994289e-04,8.72664626e-04,6.48994289e-04,6.48994447e-04,6.527365e-07,100.0000,1,116.5585,1.000000,4.269913e-02,NaN,1,NaN,11,SAM 2:1,0.070033,3.359083e-06,13.91,6.48994178e-04,1.697812e-07,0.000000e+00
135.00,0.7437,120.0,0.1000,1.0e-03,+1,8.72664626e-04,equilibrium,6.48994289e-04,8.72664626e-04,6.48994289e-04,6.48994447e-04,6.527365e-07,100.0000,1,105.0102,1.000000,4.904765e-02,NaN,1,NaN,11,SAM 2:1,0.070033,3.359086e-06,15.29,6.48994178e-04,1.697812e-07,0.000000e+00
165.00,0.7437,120.0,0.1000,1.0e-03,+1,8.72664626e-04,equilibrium,6.48994289e-04,8.72664626e-04,6.48994289e-04,6.48994447e-04,6.527365e-07,100.0000,1,120.7471,1.000000,4.218251e-02,NaN,1,NaN,11,SAM 2:1,0.070033,3.359108e-06,9.71,6.48994178e-04,1.697812e-07,0.000000e+00
15.00,0.7940,120.0,0.1000,1.0e-03,+1,8.72664626e-04,equilibrium,6.92926014e-04,8.72664626e-04,6.92926014e-04,6.92926029e-04,6.311231e-08,100.0000,1,119.6712,1.000000,3.738363e-02,NaN,1,NaN,9,SAM 2:1,0.070033,9.064413e-04,9.38,6.92926005e-04,1.274578e-08,0.000000e+00
45.00,0.7940,120.0,0.1000,1.0e-03,+1,8.72664626e-04,equilibrium,6.92926014e-04,8.72664626e-04,6.92926014e-04,6.92926029e-04,6.311231e-08,100.0000,1,78.3497,1.000000,4.589179e-02,NaN,1,NaN,9,SAM 2:1,0.070033,9.064413e-04,15.44,6.92926005e-04,1.274579e-08,0.000000e+00
75.00,0.7940,120.0,0.1000,1.0e-03,+1,8.72664626e-04,equilibrium,6.92926014e-04,8.72664626e-04,6.92926014e-04,6.92926029e-04,6.311232e-08,100.0000,1,109.2380,1.000000,3.841038e-02,NaN,1,NaN,9,SAM 2:1,0.070033,9.064413e-04,13.57,6.92926005e-04,1.274578e-08,0.000000e+00
105.00,0.7940,120.0,0.1000,1.0e-03,+1,8.72664626e-04,equilibrium,6.92926014e-04,8.72664626e-04,6.92926014e-04,6.92926029e-04,6.311232e-08,100.0000,1,79.7485,1.000000,4.302684e-02,NaN,1,NaN,9,SAM 2:1,0.070033,9.064413e-04,13.96,6.92926005e-04,1.274579e-08,0.000000e+00
135.00,0.7940,120.0,0.1000,1.0e-03,+1,8.72664626e-04,equilibrium,6.92926014e-04,8.72664626e-04,6.92926014e-04,6.92926029e-04,6.311234e-08,100.0000,1,130.5982,1.000000,4.901026e-02,NaN,1,NaN,9,SAM 2:1,0.070033,9.064413e-04,13.23,6.92926005e-04,1.274578e-08,0.000000e+00
165.00,0.7940,120.0,0.1000,1.0e-03,+1,8.72664626e-04,equilibrium,6.92926014e-04,8.72664626e-04,6.92926014e-04,6.92926029e-04,6.311230e-08,100.0000,1,72.0282,1.000000,5.086187e-02,NaN,1,NaN,9,SAM 2:1,0.070033,9.064413e-04,9.02,6.92926005e-04,1.274578e-08,0.000000e+00
15.00,0.8599,120.0,0.1000,1.0e-03,+1,8.72664626e-04,equilibrium,7.50438511e-04,8.72664626e-04,7.50438511e-04,7.50438512e-04,2.210535e-09,100.0000,1,81.5157,1.000000,3.205182e-02,NaN,1,NaN,3,SAM 2:1,0.070033,1.843053e-02,8.53,7.50438511e-04,3.275625e-10,0.000000e+00
45.00,0.8599,120.0,0.1000,1.0e-03,+1,8.72664626e-04,equilibrium,7.50438511e-04,8.72664626e-04,7.50438511e-04,7.50438512e-04,2.210538e-09,100.0000,1,52.9792,1.000000,3.200261e-02,NaN,1,NaN,3,SAM 2:1,0.070033,1.843053e-02,14.00,7.50438511e-04,3.275586e-10,0.000000e+00
75.00,0.8599,120.0,0.1000,1.0e-03,+1,8.72664626e-04,equilibrium,7.50438511e-04,8.72664626e-04,7.50438511e-04,7.50438512e-04,2.210532e-09,100.0000,1,63.3330,1.000000,3.043349e-02,NaN,1,NaN,3,SAM 2:1,0.070033,1.843053e-02,12.05,7.50438511e-04,3.275640e-10,0.000000e+00
105.00,0.8599,120.0,0.1000,1.0e-03,+1,8.72664626e-04,equilibrium,7.50438511e-04,8.72664626e-04,7.50438511e-04,7.50438512e-04,2.210533e-09,100.0000,1,74.0342,1.000000,3.046636e-02,NaN,1,NaN,3,SAM 2:1,0.070033,1.843053e-02,11.97,7.50438511e-04,3.275635e-10,0.000000e+00
135.00,0.8599,120.0,0.1000,1.0e-03,+1,8.72664626e-04,equilibrium,7.50438511e-04,8.72664626e-04,7.50438511e-04,7.50438512e-04,2.210539e-09,100.0000,1,139.2229,1.000000,3.206694e-02,NaN,1,NaN,3,SAM 2:1,0.070033,1.843053e-02,12.91,7.50438511e-04,3.275606e-10,0.000000e+00
165.00,0.8599,120.0,0.1000,1.0e-03,+1,8.72664626e-04,equilibrium,7.50438511e-04,8.72664626e-04,7.50438511e-04,7.50438512e-04,2.210533e-09,100.0000,1,86.5606,1.000000,3.174103e-02,NaN,1,NaN,3,SAM 2:1,0.070033,1.843053e-02,7.77,7.50438511e-04,3.275655e-10,0.000000e+00
15.00,0.8755,120.0,0.1000,1.0e-03,+1,8.72664626e-04,equilibrium,7.64019190e-04,8.72664626e-04,7.64019190e-04,7.64019191e-04,1.007994e-09,100.0000,1,151.0481,1.000000,3.098494e-02,NaN,1,NaN,2,SAM 2:1,0.070033,3.686106e-02,7.87,7.64019190e-04,1.393117e-10,0.000000e+00
45.00,0.8755,120.0,0.1000,1.0e-03,+1,8.72664626e-04,equilibrium,7.64019190e-04,8.72664626e-04,7.64019190e-04,7.64019191e-04,1.007990e-09,100.0000,1,85.0063,1.000000,3.097173e-02,NaN,1,NaN,2,SAM 2:1,0.070033,3.686106e-02,12.12,7.64019190e-04,1.393087e-10,0.000000e+00
75.00,0.8755,120.0,0.1000,1.0e-03,+1,8.72664626e-04,equilibrium,7.64019190e-04,8.72664626e-04,7.64019190e-04,7.64019191e-04,1.007992e-09,100.0000,1,94.6525,1.000000,2.934094e-02,NaN,1,NaN,2,SAM 2:1,0.070033,3.686106e-02,12.63,7.64019190e-04,1.393064e-10,0.000000e+00
105.00,0.8755,120.0,0.1000,1.0e-03,+1,8.72664626e-04,equilibrium,7.64019190e-04,8.72664626e-04,7.64019190e-04,7.64019191e-04,1.007980e-09,100.0000,1,116.9467,1.000000,2.943034e-02,NaN,1,NaN,2,SAM 2:1,0.070033,3.686106e-02,11.60,7.64019190e-04,1.393149e-10,0.000000e+00
135.00,0.8755,120.0,0.1000,1.0e-03,+1,8.72664626e-04,equilibrium,7.64019190e-04,8.72664626e-04,7.64019190e-04,7.64019191e-04,1.007988e-09,100.0000,1,62.8699,1.000000,3.097959e-02,NaN,1,NaN,2,SAM 2:1,0.070033,3.686106e-02,13.47,7.64019190e-04,1.393108e-10,0.000000e+00
165.00,0.8755,120.0,0.1000,1.0e-03,+1,8.72664626e-04,equilibrium,7.64019190e-04,8.72664626e-04,7.64019190e-04,7.64019191e-04,1.007989e-09,100.0000,1,40.0128,1.000000,3.094032e-02,NaN,1,NaN,2,SAM 2:1,0.070033,3.686106e-02,8.19,7.64019190e-04,1.393098e-10,0.000000e+00
15.00,0.8911,120.0,0.1000,1.0e-03,+1,8.72664626e-04,equilibrium,7.77599870e-04,8.72664626e-04,7.77599870e-04,7.77599870e-04,4.649180e-10,100.0000,1,61.2197,1.000000,2.942883e-02,NaN,1,NaN,1,SAM 2:1,0.070033,5.529159e-02,8.59,7.77599870e-04,6.000550e-11,0.000000e+00
45.00,0.8911,120.0,0.1000,1.0e-03,+1,8.72664626e-04,equilibrium,7.77599870e-04,8.72664626e-04,7.77599870e-04,7.77599870e-04,4.649173e-10,100.0000,1,90.5884,1.000000,2.995087e-02,NaN,1,NaN,1,SAM 2:1,0.070033,5.529159e-02,12.68,7.77599870e-04,6.000508e-11,0.000000e+00
75.00,0.8911,120.0,0.1000,1.0e-03,+1,8.72664626e-04,equilibrium,7.77599870e-04,8.72664626e-04,7.77599870e-04,7.77599870e-04,4.649276e-10,100.0000,1,104.1325,1.000000,2.839029e-02,NaN,1,NaN,1,SAM 2:1,0.070033,5.529159e-02,12.33,7.77599870e-04,5.999365e-11,0.000000e+00
105.00,0.8911,120.0,0.1000,1.0e-03,+1,8.72664626e-04,equilibrium,7.77599870e-04,8.72664626e-04,7.77599870e-04,7.77599870e-04,4.649167e-10,100.0000,1,74.1510,1.000000,2.818337e-02,NaN,1,NaN,1,SAM 2:1,0.070033,5.529159e-02,11.84,7.77599870e-04,6.000201e-11,0.000000e+00
135.00,0.8911,120.0,0.1000,1.0e-03,+1,8.72664626e-04,equilibrium,7.77599870e-04,8.72664626e-04,7.77599870e-04,7.77599870e-04,4.649202e-10,100.0000,1,57.9866,1.000000,2.997252e-02,NaN,1,NaN,1,SAM 2:1,0.070033,5.529159e-02,12.16,7.77599870e-04,6.000564e-11,0.000000e+00
165.00,0.8911,120.0,0.1000,1.0e-03,+1,8.72664626e-04,equilibrium,7.77599870e-04,8.72664626e-04,7.77599870e-04,7.77599870e-04,4.649233e-10,100.0000,1,107.0119,1.000000,2.977273e-02,NaN,1,NaN,1,SAM 2:1,0.070033,5.529159e-02,8.11,7.77599870e-04,6.000173e-11,0.000000e+00
15.00,0.9066,120.0,0.1000,1.0e-03,+1,8.72664626e-04,equilibrium,7.91180549e-04,8.72664626e-04,7.91180549e-04,7.91180549e-04,2.141068e-10,100.0000,1,56.7174,1.000000,2.887212e-02,NaN,1,NaN,1,SAM 2:1,0.070033,7.372212e-02,7.65,7.91180549e-04,2.583416e-11,0.000000e+00
45.00,0.9066,120.0,0.1000,1.0e-03,+1,8.72664626e-04,equilibrium,7.91180549e-04,8.72664626e-04,7.91180549e-04,7.91180549e-04,2.141007e-10,100.0000,1,139.5391,1.000000,2.897698e-02,NaN,1,NaN,1,SAM 2:1,0.070033,7.372212e-02,11.32,7.91180549e-04,2.583526e-11,0.000000e+00
75.00,0.9066,120.0,0.1000,1.0e-03,+1,8.72664626e-04,equilibrium,7.91180549e-04,8.72664626e-04,7.91180549e-04,7.91180549e-04,2.141004e-10,100.0000,1,91.8625,1.000000,2.715136e-02,NaN,1,NaN,1,SAM 2:1,0.070033,7.372212e-02,10.80,7.91180549e-04,2.583773e-11,0.000000e+00
105.00,0.9066,120.0,0.1000,1.0e-03,+1,8.72664626e-04,equilibrium,7.91180549e-04,8.72664626e-04,7.91180549e-04,7.91180549e-04,2.140990e-10,100.0000,1,65.4145,1.000000,2.731177e-02,NaN,1,NaN,1,SAM 2:1,0.070033,7.372212e-02,11.00,7.91180549e-04,2.583608e-11,0.000000e+00
135.00,0.9066,120.0,0.1000,1.0e-03,+1,8.72664626e-04,equilibrium,7.91180549e-04,8.72664626e-04,7.91180549e-04,7.91180549e-04,2.141044e-10,100.0000,1,55.7221,1.000000,2.890827e-02,NaN,1,NaN,1,SAM 2:1,0.070033,7.372212e-02,12.15,7.91180549e-04,2.583649e-11,0.000000e+00
165.00,0.9066,120.0,0.1000,1.0e-03,+1,8.72664626e-04,equilibrium,7.91180549e-04,8.72664626e-04,7.91180549e-04,7.91180549e-04,2.141053e-10,100.0000,1,134.8465,1.000000,2.890487e-02,NaN,1,NaN,1,SAM 2:1,0.070033,7.372212e-02,6.94,7.91180549e-04,2.583690e-11,0.000000e+00
15.00,0.9222,120.0,0.1000,1.0e-03,+1,8.72664626e-04,equilibrium,8.04761229e-04,8.72664626e-04,8.04761229e-04,8.04761229e-04,9.734605e-11,100.0000,1,164.1672,1.000000,2.794482e-02,NaN,1,NaN,1,SAM 2:1,0.070033,9.215264e-02,6.96,8.04761229e-04,1.100138e-11,0.000000e+00
45.00,0.9222,120.0,0.1000,1.0e-03,+1,8.72664626e-04,equilibrium,8.04761229e-04,8.72664626e-04,8.04761229e-04,8.04761229e-04,9.734780e-11,100.0000,1,93.3348,1.000000,2.806825e-02,NaN,1,NaN,1,SAM 2:1,0.070033,9.215264e-02,9.97,8.04761229e-04,1.099680e-11,0.000000e+00
75.00,0.9222,120.0,0.1000,1.0e-03,+1,8.72664626e-04,equilibrium,8.04761229e-04,8.72664626e-04,8.04761229e-04,8.04761229e-04,9.734700e-11,100.0000,1,78.4395,1.000000,2.658398e-02,NaN,1,NaN,1,SAM 2:1,0.070033,9.215264e-02,9.19,8.04761229e-04,1.099492e-11,0.000000e+00
105.00,0.9222,120.0,0.1000,1.0e-03,+1,8.72664626e-04,equilibrium,8.04761229e-04,8.72664626e-04,8.04761229e-04,8.04761229e-04,9.734174e-11,100.0000,1,62.4600,1.000000,2.601946e-02,NaN,1,NaN,1,SAM 2:1,0.070033,9.215264e-02,9.12,8.04761229e-04,1.099936e-11,0.000000e+00
135.00,0.9222,120.0,0.1000,1.0e-03,+1,8.72664626e-04,equilibrium,8.04761229e-04,8.72664626e-04,8.04761229e-04,8.04761229e-04,9.734551e-11,100.0000,1,118.6127,1.000000,2.806132e-02,NaN,1,NaN,1,SAM 2:1,0.070033,9.215264e-02,9.92,8.04761229e-04,1.099734e-11,0.000000e+00
165.00,0.9222,120.0,0.1000,1.0e-03,+1,8.72664626e-04,equilibrium,8.04761229e-04,8.72664626e-04,8.04761229e-04,8.04761229e-04,9.734403e-11,100.0000,1,24.2369,1.000000,2.806781e-02,NaN,1,NaN,1,SAM 2:1,0.070033,9.215264e-02,6.15,8.04761229e-04,1.099626e-11,0.000000e+00
15.00,0.9378,120.0,0.1000,1.0e-03,+1,8.72664626e-04,equilibrium,8.18341908e-04,8.72664626e-04,8.18341908e-04,8.18341908e-04,4.305505e-11,100.0000,1,54.6284,1.000000,2.698488e-02,NaN,1,NaN,0,SAM 2:1,0.070033,1.105832e-01,5.85,8.18341908e-04,4.560226e-12,0.000000e+00
45.00,0.9378,120.0,0.1000,1.0e-03,+1,8.72664626e-04,equilibrium,8.18341908e-04,8.72664626e-04,8.18341908e-04,8.18341908e-04,4.306353e-11,100.0000,1,65.5557,1.000000,2.718338e-02,NaN,1,NaN,0,SAM 2:1,0.070033,1.105832e-01,9.57,8.18341908e-04,4.555721e-12,0.000000e+00
75.00,0.9378,120.0,0.1000,1.0e-03,+1,8.72664626e-04,equilibrium,8.18341908e-04,8.72664626e-04,8.18341908e-04,8.18341908e-04,4.305889e-11,100.0000,1,67.0779,1.000000,2.568589e-02,NaN,1,NaN,0,SAM 2:1,0.070033,1.105832e-01,9.62,8.18341908e-04,4.558768e-12,0.000000e+00
105.00,0.9378,120.0,0.1000,1.0e-03,+1,8.72664626e-04,equilibrium,8.18341908e-04,8.72664626e-04,8.18341908e-04,8.18341908e-04,4.305889e-11,100.0000,1,94.9407,1.000000,2.575692e-02,NaN,1,NaN,0,SAM 2:1,0.070033,1.105832e-01,9.43,8.18341908e-04,4.555854e-12,0.000000e+00
135.00,0.9378,120.0,0.1000,1.0e-03,+1,8.72664626e-04,equilibrium,8.18341908e-04,8.72664626e-04,8.18341908e-04,8.18341908e-04,4.305942e-11,100.0000,1,137.6820,1.000000,2.699201e-02,NaN,1,NaN,0,SAM 2:1,0.070033,1.105832e-01,9.48,8.18341908e-04,4.561551e-12,0.000000e+00
165.00,0.9378,120.0,0.1000,1.0e-03,+1,8.72664626e-04,equilibrium,8.18341908e-04,8.72664626e-04,8.18341908e-04,8.18341908e-04,4.306075e-11,100.0000,1,113.6463,1.000000,2.713599e-02,NaN,1,NaN,0,SAM 2:1,0.070033,1.105832e-01,6.69,8.18341908e-04,4.559563e-12,0.000000e+00
15.00,0.9533,120.0,0.1000,1.0e-03,+1,8.72664626e-04,equilibrium,8.31922588e-04,8.72664626e-04,8.31922588e-04,8.31922588e-04,1.807163e-11,100.0000,1,109.5972,1.000000,2.632723e-02,NaN,1,NaN,0,SAM 2:1,0.070033,1.290137e-01,6.10,8.31922588e-04,1.798483e-12,0.000000e+00
45.00,0.9533,120.0,0.1000,1.0e-03,+1,8.72664626e-04,equilibrium,8.31922588e-04,8.72664626e-04,8.31922588e-04,8.31922588e-04,1.806616e-11,100.0000,1,97.1063,1.000000,2.620104e-02,NaN,1,NaN,0,SAM 2:1,0.070033,1.290137e-01,9.45,8.31922588e-04,1.795877e-12,0.000000e+00
75.00,0.9533,120.0,0.1000,1.0e-03,+1,8.72664626e-04,equilibrium,8.31922588e-04,8.72664626e-04,8.31922588e-04,8.31922588e-04,1.807932e-11,100.0000,1,103.9262,1.000000,2.494296e-02,NaN,1,NaN,0,SAM 2:1,0.070033,1.290137e-01,7.57,8.31922588e-04,1.791316e-12,0.000000e+00
105.00,0.9533,120.0,0.1000,1.0e-03,+1,8.72664626e-04,equilibrium,8.31922588e-04,8.72664626e-04,8.31922588e-04,8.31922588e-04,1.807202e-11,100.0000,1,73.9541,1.000000,2.485798e-02,NaN,1,NaN,0,SAM 2:1,0.070033,1.290137e-01,8.21,8.31922588e-04,1.794443e-12,0.000000e+00
135.00,0.9533,120.0,0.1000,1.0e-03,+1,8.72664626e-04,equilibrium,8.31922588e-04,8.72664626e-04,8.31922588e-04,8.31922588e-04,1.807372e-11,100.0000,1,115.2044,1.000000,2.625383e-02,NaN,1,NaN,0,SAM 2:1,0.070033,1.290137e-01,7.35,8.31922588e-04,1.792358e-12,0.000000e+00
165.00,0.9533,120.0,0.1000,1.0e-03,+1,8.72664626e-04,equilibrium,8.31922588e-04,8.72664626e-04,8.31922588e-04,8.31922588e-04,1.807372e-11,100.0000,1,82.1663,1.000000,2.629737e-02,NaN,1,NaN,0,SAM 2:1,0.070033,1.290137e-01,4.48,8.31922588e-04,1.794443e-12,0.000000e+00
15.00,0.9689,120.0,0.1000,1.0e-03,+1,8.72664626e-04,equilibrium,8.45503267e-04,8.72664626e-04,8.45503267e-04,8.45503267e-04,6.824869e-12,100.0000,1,51.2390,1.000000,2.546941e-02,NaN,1,NaN,0,SAM 2:1,0.070033,1.474442e-01,4.15,8.45503267e-04,6.302582e-13,0.000000e+00
45.00,0.9689,120.0,0.1000,1.0e-03,+1,8.72664626e-04,equilibrium,8.45503267e-04,8.72664626e-04,8.45503267e-04,8.45503267e-04,6.822818e-12,100.0000,1,111.7316,1.000000,2.550929e-02,NaN,1,NaN,0,SAM 2:1,0.070033,1.474442e-01,6.52,8.45503267e-04,6.347463e-13,0.000000e+00
75.00,0.9689,120.0,0.1000,1.0e-03,+1,8.72664626e-04,equilibrium,8.45503267e-04,8.72664626e-04,8.45503267e-04,8.45503267e-04,6.833461e-12,100.0000,1,110.7306,1.000000,2.413816e-02,NaN,1,NaN,0,SAM 2:1,0.070033,1.474442e-01,6.60,8.45503267e-04,6.210255e-13,0.000000e+00
105.00,0.9689,120.0,0.1000,1.0e-03,+1,8.72664626e-04,equilibrium,8.45503267e-04,8.72664626e-04,8.45503267e-04,8.45503267e-04,6.836667e-12,100.0000,1,81.7229,1.000000,2.414187e-02,NaN,1,NaN,0,SAM 2:1,0.070033,1.474442e-01,7.54,8.45503267e-04,6.197432e-13,0.000000e+00
135.00,0.9689,120.0,0.1000,1.0e-03,+1,8.72664626e-04,equilibrium,8.45503267e-04,8.72664626e-04,8.45503267e-04,8.45503267e-04,6.816662e-12,100.0000,1,43.4679,1.000000,2.550411e-02,NaN,1,NaN,0,SAM 2:1,0.070033,1.474442e-01,6.60,8.45503267e-04,6.364133e-13,0.000000e+00
165.00,0.9689,120.0,0.1000,1.0e-03,+1,8.72664626e-04,equilibrium,8.45503267e-04,8.72664626e-04,8.45503267e-04,8.45503267e-04,6.823074e-12,100.0000,1,117.1425,1.000000,2.549453e-02,NaN,1,NaN,0,SAM 2:1,0.070033,1.474442e-01,4.48,8.45503267e-04,6.323099e-13,0.000000e+00
15.00,0.9844,120.0,0.1000,1.0e-03,+1,8.72664626e-04,equilibrium,8.59083947e-04,8.72664626e-04,8.59083947e-04,8.59083947e-04,1.932695e-12,100.0000,1,162.3757,1.000000,2.455162e-02,NaN,1,NaN,0,SAM 2:1,0.070033,1.658748e-01,4.52,8.59083947e-04,1.888019e-13,0.000000e+00
45.00,0.9844,120.0,0.1000,1.0e-03,+1,8.72664626e-04,equilibrium,8.59083947e-04,8.72664626e-04,8.59083947e-04,8.59083947e-04,1.872369e-12,100.0000,1,122.2132,1.000000,2.430750e-02,NaN,1,NaN,0,SAM 2:1,0.070033,1.658748e-01,6.41,8.59083947e-04,2.516517e-13,0.000000e+00
75.00,0.9844,120.0,0.1000,1.0e-03,+1,8.72664626e-04,equilibrium,8.59083947e-04,8.72664626e-04,8.59083947e-04,8.59083947e-04,1.834508e-12,100.0000,1,62.5296,1.000000,2.342801e-02,NaN,1,NaN,0,SAM 2:1,0.070033,1.658748e-01,6.28,8.59083947e-04,2.939302e-13,0.000000e+00
105.00,0.9844,120.0,0.1000,1.0e-03,+1,8.72664626e-04,equilibrium,8.59083947e-04,8.72664626e-04,8.59083947e-04,8.59083947e-04,1.829460e-12,100.0000,1,77.7080,1.000000,2.341880e-02,NaN,1,NaN,0,SAM 2:1,0.070033,1.658748e-01,6.38,8.59083947e-04,2.949398e-13,0.000000e+00
135.00,0.9844,120.0,0.1000,1.0e-03,+1,8.72664626e-04,equilibrium,8.59083947e-04,8.72664626e-04,8.59083947e-04,8.59083947e-04,1.864797e-12,100.0000,1,89.1751,1.000000,2.455686e-02,NaN,1,NaN,0,SAM 2:1,0.070033,1.658748e-01,6.67,8.59083947e-04,2.530399e-13,0.000000e+00
165.00,0.9844,120.0,0.1000,1.0e-03,+1,8.72664626e-04,equilibrium,8.59083947e-04,8.72664626e-04,8.59083947e-04,8.59083947e-04,1.935219e-12,100.0000,1,13.7744,1.000000,2.473343e-02,NaN,1,NaN,0,SAM 2:1,0.070033,1.658748e-01,4.36,8.59083947e-04,1.898115e-13,0.000000e+00
15.00,0.3913,20.0,0.5000,1.0e-03,+1,5.23598776e-03,equilibrium,2.04882836e-03,5.23598776e-03,2.04882836e-03,2.04882836e-03,2.116726e-16,100.0000,1,163.4172,1.000000,4.890871e-03,NaN,1,NaN,17,SAM 2:1,0.070033,3.686942e-03,2.01,2.04882836e-03,3.386762e-15,0.000000e+00
45.00,0.3913,20.0,0.5000,1.0e-03,+1,5.23598776e-03,equilibrium,2.04882836e-03,5.23598776e-03,2.04882836e-03,2.04882836e-03,0.000000e+00,100.0000,1,73.4109,1.000000,5.230885e-03,NaN,1,NaN,17,SAM 2:1,0.070033,3.686921e-03,2.67,2.04882836e-03,7.831887e-15,0.000000e+00
75.00,0.3913,20.0,0.5000,1.0e-03,+1,5.23598776e-03,equilibrium,2.04882836e-03,5.23598776e-03,2.04882836e-03,2.04882836e-03,0.000000e+00,100.0000,1,107.7422,1.000000,4.354505e-03,NaN,1,NaN,17,SAM 2:1,0.070033,3.687018e-03,2.33,2.04882836e-03,1.079530e-14,0.000000e+00
105.00,0.3913,20.0,0.5000,1.0e-03,+1,5.23598776e-03,equilibrium,2.04882836e-03,5.23598776e-03,2.04882836e-03,2.04882836e-03,0.000000e+00,100.0000,1,115.9677,1.000000,4.309517e-03,NaN,1,NaN,17,SAM 2:1,0.070033,3.686797e-03,2.29,2.04882836e-03,1.079530e-14,0.000000e+00
135.00,0.3913,20.0,0.5000,1.0e-03,+1,5.23598776e-03,equilibrium,2.04882836e-03,5.23598776e-03,2.04882836e-03,2.04882836e-03,0.000000e+00,100.0000,1,73.9170,1.000000,5.478916e-03,NaN,1,NaN,17,SAM 2:1,0.070033,3.686768e-03,2.16,2.04882836e-03,8.043560e-15,0.000000e+00
165.00,0.3913,20.0,0.5000,1.0e-03,+1,5.23598776e-03,equilibrium,2.04882836e-03,5.23598776e-03,2.04882836e-03,2.04882836e-03,0.000000e+00,100.0000,1,25.3470,1.000000,4.887230e-03,NaN,1,NaN,17,SAM 2:1,0.070033,3.687294e-03,1.62,2.04882836e-03,3.810107e-15,0.000000e+00
15.00,0.4416,20.0,0.5000,1.0e-03,+1,5.23598776e-03,equilibrium,2.31241931e-03,5.23598776e-03,2.31241931e-03,2.31241931e-03,0.000000e+00,100.0000,1,144.1270,1.000000,3.952824e-03,NaN,1,NaN,17,SAM 2:1,0.070033,1.954851e-04,1.72,2.31241931e-03,2.625619e-15,0.000000e+00
45.00,0.4416,20.0,0.5000,1.0e-03,+1,5.23598776e-03,equilibrium,2.31241931e-03,5.23598776e-03,2.31241931e-03,2.31241931e-03,0.000000e+00,100.0000,1,40.6687,1.000000,4.743609e-03,NaN,1,NaN,17,SAM 2:1,0.070033,1.954860e-04,2.06,2.31241931e-03,6.188959e-15,0.000000e+00
75.00,0.4416,20.0,0.5000,1.0e-03,+1,5.23598776e-03,equilibrium,2.31241931e-03,5.23598776e-03,2.31241931e-03,2.31241931e-03,0.000000e+00,100.0000,1,117.1706,1.000000,3.463655e-03,NaN,1,NaN,17,SAM 2:1,0.070033,1.954847e-04,1.93,2.31241931e-03,9.189667e-15,0.000000e+00
105.00,0.4416,20.0,0.5000,1.0e-03,+1,5.23598776e-03,equilibrium,2.31241931e-03,5.23598776e-03,2.31241931e-03,2.31241931e-03,0.000000e+00,100.0000,1,104.1181,1.000000,3.461422e-03,NaN,1,NaN,17,SAM 2:1,0.070033,1.954859e-04,1.80,2.31241931e-03,9.189667e-15,0.000000e+00
135.00,0.4416,20.0,0.5000,1.0e-03,+1,5.23598776e-03,equilibrium,2.31241931e-03,5.23598776e-03,2.31241931e-03,2.31241931e-03,0.000000e+00,100.0000,1,120.5900,1.000000,4.953282e-03,NaN,1,NaN,17,SAM 2:1,0.070033,1.954853e-04,1.86,2.31241931e-03,6.376503e-15,0.000000e+00
165.00,0.4416,20.0,0.5000,1.0e-03,+1,5.23598776e-03,equilibrium,2.31241931e-03,5.23598776e-03,2.31241931e-03,2.31241931e-03,0.000000e+00,100.0000,1,47.2312,1.000000,3.947665e-03,NaN,1,NaN,17,SAM 2:1,0.070033,1.954883e-04,1.64,2.31241931e-03,2.813163e-15,0.000000e+00
15.00,0.4920,20.0,0.5000,1.0e-03,+1,5.23598776e-03,equilibrium,2.57601027e-03,5.23598776e-03,2.57601027e-03,2.57601027e-03,0.000000e+00,100.0000,1,64.3284,1.000000,3.241819e-03,NaN,1,NaN,15,SAM 2:1,0.070033,3.603672e-02,1.59,2.57601027e-03,2.525306e-15,0.000000e+00
45.00,0.4920,20.0,0.5000,1.0e-03,+1,5.23598776e-03,equilibrium,2.57601027e-03,5.23598776e-03,2.57601027e-03,2.57601027e-03,0.000000e+00,100.0000,1,118.0015,1.000000,3.226863e-03,NaN,1,NaN,15,SAM 2:1,0.070033,3.603680e-02,1.80,2.57601027e-03,5.892380e-15,0.000000e+00
75.00,0.4920,20.0,0.5000,1.0e-03,+1,5.23598776e-03,equilibrium,2.57601027e-03,5.23598776e-03,2.57601027e-03,2.57601027e-03,0.000000e+00,100.0000,1,68.0431,1.000000,2.814169e-03,NaN,1,NaN,15,SAM 2:1,0.070033,3.603628e-02,1.70,2.57601027e-03,8.080978e-15,0.000000e+00
105.00,0.4920,20.0,0.5000,1.0e-03,+1,5.23598776e-03,equilibrium,2.57601027e-03,5.23598776e-03,2.57601027e-03,2.57601027e-03,0.000000e+00,100.0000,1,66.7995,1.000000,2.825878e-03,NaN,1,NaN,15,SAM 2:1,0.070033,3.603684e-02,1.67,2.57601027e-03,8.080978e-15,0.000000e+00
135.00,0.4920,20.0,0.5000,1.0e-03,+1,5.23598776e-03,equilibrium,2.57601027e-03,5.23598776e-03,2.57601027e-03,2.57601027e-03,0.000000e+00,100.0000,1,41.1843,1.000000,3.189745e-03,NaN,1,NaN,15,SAM 2:1,0.070033,3.603633e-02,1.60,2.57601027e-03,5.555672e-15,0.000000e+00
165.00,0.4920,20.0,0.5000,1.0e-03,+1,5.23598776e-03,equilibrium,2.57601027e-03,5.23598776e-03,2.57601027e-03,2.57601027e-03,0.000000e+00,100.0000,1,127.3633,1.000000,3.239473e-03,NaN,1,NaN,15,SAM 2:1,0.070033,3.603763e-02,1.37,2.57601027e-03,2.525306e-15,0.000000e+00
15.00,0.5423,20.0,0.5000,1.0e-03,+1,5.23598776e-03,equilibrium,2.83960123e-03,5.23598776e-03,2.83960123e-03,2.83960123e-03,0.000000e+00,100.0000,1,50.2586,1.000000,3.310888e-03,NaN,1,NaN,15,SAM 2:1,0.070033,2.867295e-03,1.21,2.83960123e-03,2.596342e-15,0.000000e+00
45.00,0.5423,20.0,0.5000,1.0e-03,+1,5.23598776e-03,equilibrium,2.83960123e-03,5.23598776e-03,2.83960123e-03,2.83960123e-03,3.054520e-16,100.0000,1,96.7579,1.000000,2.745004e-03,NaN,1,NaN,15,SAM 2:1,0.070033,2.867301e-03,1.57,2.83960123e-03,4.581779e-15,0.000000e+00
75.00,0.5423,20.0,0.5000,1.0e-03,+1,5.23598776e-03,equilibrium,2.83960123e-03,5.23598776e-03,2.83960123e-03,2.83960123e-03,0.000000e+00,100.0000,1,84.6652,1.000000,2.840600e-03,NaN,1,NaN,15,SAM 2:1,0.070033,2.867301e-03,1.65,2.83960123e-03,7.025395e-15,0.000000e+00
105.00,0.5423,20.0,0.5000,1.0e-03,+1,5.23598776e-03,equilibrium,2.83960123e-03,5.23598776e-03,2.83960123e-03,2.83960123e-03,0.000000e+00,100.0000,1,112.6839,1.000000,2.357675e-03,NaN,1,NaN,15,SAM 2:1,0.070033,2.867301e-03,1.47,2.83960123e-03,7.025395e-15,0.000000e+00
135.00,0.5423,20.0,0.5000,1.0e-03,+1,5.23598776e-03,equilibrium,2.83960123e-03,5.23598776e-03,2.83960123e-03,2.83960123e-03,1.527260e-16,100.0000,1,115.5252,1.000000,2.749568e-03,NaN,1,NaN,15,SAM 2:1,0.070033,2.867301e-03,1.91,2.83960123e-03,4.887231e-15,0.000000e+00
165.00,0.5423,20.0,0.5000,1.0e-03,+1,5.23598776e-03,equilibrium,2.83960123e-03,5.23598776e-03,2.83960123e-03,2.83960123e-03,1.527260e-16,100.0000,1,118.0823,1.000000,2.750283e-03,NaN,1,NaN,15,SAM 2:1,0.070033,2.867297e-03,1.34,2.83960123e-03,2.443616e-15,0.000000e+00
15.00,0.5927,20.0,0.5000,1.0e-03,+1,5.23598776e-03,equilibrium,3.10319219e-03,5.23598776e-03,3.10319219e-03,3.10319219e-03,0.000000e+00,100.0000,1,82.9211,1.000000,2.357354e-03,NaN,1,NaN,14,SAM 2:1,0.070033,1.796957e-02,1.32,3.10319219e-03,1.956544e-15,0.000000e+00
45.00,0.5927,20.0,0.5000,1.0e-03,+1,5.23598776e-03,equilibrium,3.10319219e-03,5.23598776e-03,3.10319219e-03,3.10319219e-03,0.000000e+00,100.0000,1,42.0274,1.000000,2.356244e-03,NaN,1,NaN,14,SAM 2:1,0.070033,1.796926e-02,1.81,3.10319219e-03,4.332348e-15,0.000000e+00
75.00,0.5927,20.0,0.5000,1.0e-03,+1,5.23598776e-03,equilibrium,3.10319219e-03,5.23598776e-03,3.10319219e-03,3.10319219e-03,0.000000e+00,100.0000,1,79.5283,1.000000,1.986079e-03,NaN,1,NaN,14,SAM 2:1,0.070033,1.796537e-02,1.80,3.10319219e-03,6.149138e-15,0.000000e+00
105.00,0.5927,20.0,0.5000,1.0e-03,+1,5.23598776e-03,equilibrium,3.10319219e-03,5.23598776e-03,3.10319219e-03,3.10319219e-03,0.000000e+00,100.0000,1,62.4070,1.000000,1.999070e-03,NaN,1,NaN,14,SAM 2:1,0.070033,1.796921e-02,1.68,3.10319219e-03,6.149138e-15,0.000000e+00
135.00,0.5927,20.0,0.5000,1.0e-03,+1,5.23598776e-03,equilibrium,3.10319219e-03,5.23598776e-03,3.10319219e-03,3.10319219e-03,0.000000e+00,100.0000,1,115.2347,1.000000,2.356784e-03,NaN,1,NaN,14,SAM 2:1,0.070033,1.796947e-02,1.63,3.10319219e-03,4.192594e-15,0.000000e+00
165.00,0.5927,20.0,0.5000,1.0e-03,+1,5.23598776e-03,equilibrium,3.10319219e-03,5.23598776e-03,3.10319219e-03,3.10319219e-03,0.000000e+00,100.0000,1,85.2607,1.000000,2.345922e-03,NaN,1,NaN,14,SAM 2:1,0.070033,1.796959e-02,1.37,3.10319219e-03,2.096297e-15,0.000000e+00
15.00,0.6430,20.0,0.5000,1.0e-03,+1,5.23598776e-03,equilibrium,3.36678315e-03,5.23598776e-03,3.36678315e-03,3.36678315e-03,0.000000e+00,100.0000,1,138.7346,1.000000,2.048055e-03,NaN,1,NaN,14,SAM 2:1,0.070033,4.054084e-02,1.17,3.36678315e-03,2.060986e-15,0.000000e+00
45.00,0.6430,20.0,0.5000,1.0e-03,+1,5.23598776e-03,equilibrium,3.36678315e-03,5.23598776e-03,3.36678315e-03,3.36678315e-03,0.000000e+00,100.0000,1,114.0854,1.000000,2.043687e-03,NaN,1,NaN,14,SAM 2:1,0.070033,4.054068e-02,1.59,3.36678315e-03,3.864349e-15,0.000000e+00
75.00,0.6430,20.0,0.5000,1.0e-03,+1,5.23598776e-03,equilibrium,3.36678315e-03,5.23598776e-03,3.36678315e-03,3.36678315e-03,0.000000e+00,100.0000,1,80.2292,1.000000,1.708723e-03,NaN,1,NaN,14,SAM 2:1,0.070033,4.054086e-02,1.50,3.36678315e-03,5.796524e-15,0.000000e+00
105.00,0.6430,20.0,0.5000,1.0e-03,+1,5.23598776e-03,equilibrium,3.36678315e-03,5.23598776e-03,3.36678315e-03,3.36678315e-03,0.000000e+00,100.0000,1,62.4036,1.000000,1.705881e-03,NaN,1,NaN,14,SAM 2:1,0.070033,4.054070e-02,1.62,3.36678315e-03,5.796524e-15,0.000000e+00
135.00,0.6430,20.0,0.5000,1.0e-03,+1,5.23598776e-03,equilibrium,3.36678315e-03,5.23598776e-03,3.36678315e-03,3.36678315e-03,0.000000e+00,100.0000,1,98.3130,1.000000,2.044142e-03,NaN,1,NaN,14,SAM 2:1,0.070033,4.054113e-02,1.49,3.36678315e-03,3.864349e-15,0.000000e+00
165.00,0.6430,20.0,0.5000,1.0e-03,+1,5.23598776e-03,equilibrium,3.36678315e-03,5.23598776e-03,3.36678315e-03,3.36678315e-03,2.576233e-16,100.0000,1,52.7634,1.000000,2.034758e-03,NaN,1,NaN,14,SAM 2:1,0.070033,4.054076e-02,1.27,3.36678315e-03,2.060986e-15,0.000000e+00
15.00,0.6934,20.0,0.5000,1.0e-03,+1,5.23598776e-03,equilibrium,3.63037411e-03,5.23598776e-03,3.63037411e-03,3.63037411e-03,0.000000e+00,100.0000,1,128.6892,1.000000,1.799565e-03,NaN,1,NaN,12,SAM 2:1,0.070033,1.196916e-02,1.18,3.63037411e-03,2.030803e-15,0.000000e+00
45.00,0.6934,20.0,0.5000,1.0e-03,+1,5.23598776e-03,equilibrium,3.63037411e-03,5.23598776e-03,3.63037411e-03,3.63037411e-03,0.000000e+00,100.0000,1,128.6062,1.000000,1.801170e-03,NaN,1,NaN,12,SAM 2:1,0.070033,1.196916e-02,1.52,3.63037411e-03,3.703229e-15,0.000000e+00
75.00,0.6934,20.0,0.5000,1.0e-03,+1,5.23598776e-03,equilibrium,3.63037411e-03,5.23598776e-03,3.63037411e-03,3.63037411e-03,0.000000e+00,100.0000,1,75.1851,1.000000,1.496696e-03,NaN,1,NaN,12,SAM 2:1,0.070033,1.196916e-02,1.53,3.63037411e-03,5.375655e-15,0.000000e+00
105.00,0.6934,20.0,0.5000,1.0e-03,+1,5.23598776e-03,equilibrium,3.63037411e-03,5.23598776e-03,3.63037411e-03,3.63037411e-03,0.000000e+00,100.0000,1,62.9946,1.000000,1.496048e-03,NaN,1,NaN,12,SAM 2:1,0.070033,1.196916e-02,1.50,3.63037411e-03,5.375655e-15,0.000000e+00
135.00,0.6934,20.0,0.5000,1.0e-03,+1,5.23598776e-03,equilibrium,3.63037411e-03,5.23598776e-03,3.63037411e-03,3.63037411e-03,2.389180e-16,100.0000,1,81.1271,1.000000,1.799931e-03,NaN,1,NaN,12,SAM 2:1,0.070033,1.196916e-02,1.75,3.63037411e-03,3.703229e-15,0.000000e+00
165.00,0.6934,20.0,0.5000,1.0e-03,+1,5.23598776e-03,equilibrium,3.63037411e-03,5.23598776e-03,3.63037411e-03,3.63037411e-03,2.389180e-16,100.0000,1,62.9652,1.000000,1.799933e-03,NaN,1,NaN,12,SAM 2:1,0.070033,1.196916e-02,0.99,3.63037411e-03,1.672426e-15,0.000000e+00
15.00,0.7437,20.0,0.5000,1.0e-03,+1,5.23598776e-03,equilibrium,3.89396507e-03,5.23598776e-03,3.89396507e-03,3.89396507e-03,0.000000e+00,100.0000,1,146.0691,1.000000,1.596631e-03,NaN,1,NaN,11,SAM 2:1,0.070033,7.752554e-03,12.64,3.89396507e-03,2.116079e-15,0.000000e+00
45.00,0.7437,20.0,0.5000,1.0e-03,+1,5.23598776e-03,equilibrium,3.89396507e-03,5.23598776e-03,3.89396507e-03,3.89396507e-03,0.000000e+00,100.0000,1,131.7956,1.000000,1.599176e-03,NaN,1,NaN,11,SAM 2:1,0.070033,7.752174e-03,3.36,3.89396507e-03,3.341177e-15,0.000000e+00
75.00,0.7437,20.0,0.5000,1.0e-03,+1,5.23598776e-03,equilibrium,3.89396507e-03,5.23598776e-03,3.89396507e-03,3.89396507e-03,0.000000e+00,100.0000,1,66.8231,1.000000,1.318414e-03,NaN,1,NaN,11,SAM 2:1,0.070033,7.752113e-03,2.77,3.89396507e-03,5.011765e-15,0.000000e+00
105.00,0.7437,20.0,0.5000,1.0e-03,+1,5.23598776e-03,equilibrium,3.89396507e-03,5.23598776e-03,3.89396507e-03,3.89396507e-03,0.000000e+00,100.0000,1,68.0161,1.000000,1.320466e-03,NaN,1,NaN,11,SAM 2:1,0.070033,7.752043e-03,3.24,3.89396507e-03,5.011765e-15,0.000000e+00
135.00,0.7437,20.0,0.5000,1.0e-03,+1,5.23598776e-03,equilibrium,3.89396507e-03,5.23598776e-03,3.89396507e-03,3.89396507e-03,0.000000e+00,100.0000,1,76.5806,1.000000,1.597151e-03,NaN,1,NaN,11,SAM 2:1,0.070033,7.752044e-03,3.58,3.89396507e-03,3.341177e-15,0.000000e+00
165.00,0.7437,20.0,0.5000,1.0e-03,+1,5.23598776e-03,equilibrium,3.89396507e-03,5.23598776e-03,3.89396507e-03,3.89396507e-03,0.000000e+00,100.0000,1,45.1928,1.000000,1.669152e-03,NaN,1,NaN,11,SAM 2:1,0.070033,7.752376e-03,2.32,3.89396507e-03,1.893334e-15,0.000000e+00
15.00,0.7940,20.0,0.5000,1.0e-03,+1,5.23598776e-03,equilibrium,4.15755603e-03,5.23598776e-03,4.15755603e-03,4.15755603e-03,0.000000e+00,100.0000,1,123.2433,1.000000,1.433654e-03,NaN,1,NaN,9,SAM 2:1,0.070033,3.442107e-02,2.50,4.15755603e-03,1.668984e-15,0.000000e+00
45.00,0.7940,20.0,0.5000,1.0e-03,+1,5.23598776e-03,equilibrium,4.15755603e-03,5.23598776e-03,4.15755603e-03,4.15755603e-03,0.000000e+00,100.0000,1,65.2083,1.000000,1.432754e-03,NaN,1,NaN,9,SAM 2:1,0.070033,3.442062e-02,3.18,4.15755603e-03,2.712099e-15,0.000000e+00
75.00,0.7940,20.0,0.5000,1.0e-03,+1,5.23598776e-03,equilibrium,4.15755603e-03,5.23598776e-03,4.15755603e-03,4.15755603e-03,2.086230e-16,100.0000,1,92.8353,1.000000,1.176847e-03,NaN,1,NaN,9,SAM 2:1,0.070033,3.442099e-02,2.86,4.15755603e-03,4.381083e-15,0.000000e+00
105.00,0.7940,20.0,0.5000,1.0e-03,+1,5.23598776e-03,equilibrium,4.15755603e-03,5.23598776e-03,4.15755603e-03,4.15755603e-03,0.000000e+00,100.0000,1,116.4524,1.000000,1.179216e-03,NaN,1,NaN,9,SAM 2:1,0.070033,3.442163e-02,2.89,4.15755603e-03,4.381083e-15,0.000000e+00
135.00,0.7940,20.0,0.5000,1.0e-03,+1,5.23598776e-03,equilibrium,4.15755603e-03,5.23598776e-03,4.15755603e-03,4.15755603e-03,0.000000e+00,100.0000,1,82.4470,1.000000,1.432823e-03,NaN,1,NaN,9,SAM 2:1,0.070033,3.442116e-02,2.73,4.15755603e-03,2.294853e-15,0.000000e+00
165.00,0.7940,20.0,0.5000,1.0e-03,+1,5.23598776e-03,equilibrium,4.15755603e-03,5.23598776e-03,4.15755603e-03,4.15755603e-03,0.000000e+00,100.0000,1,68.4716,1.000000,1.430125e-03,NaN,1,NaN,9,SAM 2:1,0.070033,3.442108e-02,2.28,4.15755603e-03,1.460361e-15,0.000000e+00
15.00,0.8599,20.0,0.5000,1.0e-03,+1,5.23598776e-03,equilibrium,4.50263107e-03,5.23598776e-03,4.50263107e-03,4.50263107e-03,1.926344e-16,100.0000,1,166.2305,1.000000,1.253154e-03,NaN,1,NaN,3,SAM 2:1,0.070033,1.843053e-02,2.11,4.50263107e-03,1.733710e-15,0.000000e+00
45.00,0.8599,20.0,0.5000,1.0e-03,+1,5.23598776e-03,equilibrium,4.50263107e-03,5.23598776e-03,4.50263107e-03,4.50263107e-03,0.000000e+00,100.0000,1,62.9520,1.000000,1.255663e-03,NaN,1,NaN,3,SAM 2:1,0.070033,1.843053e-02,2.87,4.50263107e-03,2.889516e-15,0.000000e+00
75.00,0.8599,20.0,0.5000,1.0e-03,+1,5.23598776e-03,equilibrium,4.50263107e-03,5.23598776e-03,4.50263107e-03,4.50263107e-03,0.000000e+00,100.0000,1,93.4234,1.000000,1.029273e-03,NaN,1,NaN,3,SAM 2:1,0.070033,1.843053e-02,2.22,4.50263107e-03,4.045323e-15,0.000000e+00
105.00,0.8599,20.0,0.5000,1.0e-03,+1,5.23598776e-03,equilibrium,4.50263107e-03,5.23598776e-03,4.50263107e-03,4.50263107e-03,0.000000e+00,100.0000,1,66.2154,1.000000,1.030148e-03,NaN,1,NaN,3,SAM 2:1,0.070033,1.843053e-02,2.34,4.50263107e-03,4.237957e-15,0.000000e+00
135.00,0.8599,20.0,0.5000,1.0e-03,+1,5.23598776e-03,equilibrium,4.50263107e-03,5.23598776e-03,4.50263107e-03,4.50263107e-03,0.000000e+00,100.0000,1,138.5569,1.000000,1.255595e-03,NaN,1,NaN,3,SAM 2:1,0.070033,1.843053e-02,2.57,4.50263107e-03,2.889516e-15,0.000000e+00
165.00,0.8599,20.0,0.5000,1.0e-03,+1,5.23598776e-03,equilibrium,4.50263107e-03,5.23598776e-03,4.50263107e-03,4.50263107e-03,0.000000e+00,100.0000,1,17.6558,1.000000,1.254438e-03,NaN,1,NaN,3,SAM 2:1,0.070033,1.843053e-02,1.92,4.50263107e-03,1.926344e-15,0.000000e+00
15.00,0.8755,20.0,0.5000,1.0e-03,+1,5.23598776e-03,equilibrium,4.58411514e-03,5.23598776e-03,4.58411514e-03,4.58411514e-03,0.000000e+00,100.0000,1,18.7551,1.000000,1.209981e-03,NaN,1,NaN,2,SAM 2:1,0.070033,3.686106e-02,2.04,4.58411514e-03,1.702893e-15,0.000000e+00
45.00,0.8755,20.0,0.5000,1.0e-03,+1,5.23598776e-03,equilibrium,4.58411514e-03,5.23598776e-03,4.58411514e-03,4.58411514e-03,0.000000e+00,100.0000,1,61.1015,1.000000,1.164809e-03,NaN,1,NaN,2,SAM 2:1,0.070033,3.686106e-02,2.68,4.58411514e-03,3.027365e-15,0.000000e+00
75.00,0.8755,20.0,0.5000,1.0e-03,+1,5.23598776e-03,equilibrium,4.58411514e-03,5.23598776e-03,4.58411514e-03,4.58411514e-03,0.000000e+00,100.0000,1,90.8293,1.000000,9.991706e-04,NaN,1,NaN,2,SAM 2:1,0.070033,3.686106e-02,2.20,4.58411514e-03,4.162626e-15,0.000000e+00
105.00,0.8755,20.0,0.5000,1.0e-03,+1,5.23598776e-03,equilibrium,4.58411514e-03,5.23598776e-03,4.58411514e-03,4.58411514e-03,0.000000e+00,100.0000,1,115.7565,1.000000,9.978368e-04,NaN,1,NaN,2,SAM 2:1,0.070033,3.686106e-02,2.30,4.58411514e-03,4.162626e-15,0.000000e+00
135.00,0.8755,20.0,0.5000,1.0e-03,+1,5.23598776e-03,equilibrium,4.58411514e-03,5.23598776e-03,4.58411514e-03,4.58411514e-03,0.000000e+00,100.0000,1,139.0257,1.000000,1.219494e-03,NaN,1,NaN,2,SAM 2:1,0.070033,3.686106e-02,2.66,4.58411514e-03,3.027365e-15,0.000000e+00
165.00,0.8755,20.0,0.5000,1.0e-03,+1,5.23598776e-03,equilibrium,4.58411514e-03,5.23598776e-03,4.58411514e-03,4.58411514e-03,0.000000e+00,100.0000,1,166.2441,1.000000,1.215221e-03,NaN,1,NaN,2,SAM 2:1,0.070033,3.686106e-02,2.28,4.58411514e-03,1.892103e-15,0.000000e+00
15.00,0.8911,20.0,0.5000,1.0e-03,+1,5.23598776e-03,equilibrium,4.66559922e-03,5.23598776e-03,4.66559922e-03,4.66559922e-03,0.000000e+00,100.0000,1,135.8193,1.000000,1.180067e-03,NaN,1,NaN,1,SAM 2:1,0.070033,5.529159e-02,2.00,4.66559922e-03,1.859058e-15,0.000000e+00
45.00,0.8911,20.0,0.5000,1.0e-03,+1,5.23598776e-03,equilibrium,4.66559922e-03,5.23598776e-03,4.66559922e-03,4.66559922e-03,0.000000e+00,100.0000,1,94.4925,1.000000,1.184385e-03,NaN,1,NaN,1,SAM 2:1,0.070033,5.529159e-02,2.62,4.66559922e-03,2.974492e-15,0.000000e+00
75.00,0.8911,20.0,0.5000,1.0e-03,+1,5.23598776e-03,equilibrium,4.66559922e-03,5.23598776e-03,4.66559922e-03,4.66559922e-03,0.000000e+00,100.0000,1,63.2101,1.000000,9.700402e-04,NaN,1,NaN,1,SAM 2:1,0.070033,5.529159e-02,2.57,4.66559922e-03,4.089927e-15,0.000000e+00
105.00,0.8911,20.0,0.5000,1.0e-03,+1,5.23598776e-03,equilibrium,4.66559922e-03,5.23598776e-03,4.66559922e-03,4.66559922e-03,0.000000e+00,100.0000,1,74.4196,1.000000,9.554278e-04,NaN,1,NaN,1,SAM 2:1,0.070033,5.529159e-02,2.33,4.66559922e-03,4.089927e-15,0.000000e+00
135.00,0.8911,20.0,0.5000,1.0e-03,+1,5.23598776e-03,equilibrium,4.66559922e-03,5.23598776e-03,4.66559922e-03,4.66559922e-03,0.000000e+00,100.0000,1,117.5812,1.000000,1.184656e-03,NaN,1,NaN,1,SAM 2:1,0.070033,5.529159e-02,2.75,4.66559922e-03,2.974492e-15,0.000000e+00
165.00,0.8911,20.0,0.5000,1.0e-03,+1,5.23598776e-03,equilibrium,4.66559922e-03,5.23598776e-03,4.66559922e-03,4.66559922e-03,0.000000e+00,100.0000,1,32.9521,1.000000,1.183751e-03,NaN,1,NaN,1,SAM 2:1,0.070033,5.529159e-02,2.15,4.66559922e-03,1.673152e-15,0.000000e+00
15.00,0.9066,20.0,0.5000,1.0e-03,+1,5.23598776e-03,equilibrium,4.74708330e-03,5.23598776e-03,4.74708330e-03,4.74708330e-03,0.000000e+00,100.0000,1,88.9305,1.000000,1.144552e-03,NaN,1,NaN,1,SAM 2:1,0.070033,7.372212e-02,2.29,4.74708330e-03,1.827147e-15,0.000000e+00
45.00,0.9066,20.0,0.5000,1.0e-03,+1,5.23598776e-03,equilibrium,4.74708330e-03,5.23598776e-03,4.74708330e-03,4.74708330e-03,1.827147e-16,100.0000,1,138.9651,1.000000,1.151609e-03,NaN,1,NaN,1,SAM 2:1,0.070033,7.372212e-02,2.85,4.74708330e-03,2.923435e-15,0.000000e+00
75.00,0.9066,20.0,0.5000,1.0e-03,+1,5.23598776e-03,equilibrium,4.74708330e-03,5.23598776e-03,4.74708330e-03,4.74708330e-03,0.000000e+00,100.0000,1,74.6645,1.000000,9.466122e-04,NaN,1,NaN,1,SAM 2:1,0.070033,7.372212e-02,2.29,4.74708330e-03,4.019723e-15,0.000000e+00
105.00,0.9066,20.0,0.5000,1.0e-03,+1,5.23598776e-03,equilibrium,4.74708330e-03,5.23598776e-03,4.74708330e-03,4.74708330e-03,0.000000e+00,100.0000,1,63.1371,1.000000,9.409622e-04,NaN,1,NaN,1,SAM 2:1,0.070033,7.372212e-02,2.85,4.74708330e-03,4.019723e-15,0.000000e+00
135.00,0.9066,20.0,0.5000,1.0e-03,+1,5.23598776e-03,equilibrium,4.74708330e-03,5.23598776e-03,4.74708330e-03,4.74708330e-03,0.000000e+00,100.0000,1,51.8776,1.000000,1.151376e-03,NaN,1,NaN,1,SAM 2:1,0.070033,7.372212e-02,3.34,4.74708330e-03,2.740720e-15,0.000000e+00
165.00,0.9066,20.0,0.5000,1.0e-03,+1,5.23598776e-03,equilibrium,4.74708330e-03,5.23598776e-03,4.74708330e-03,4.74708330e-03,0.000000e+00,100.0000,1,102.8796,1.000000,1.148602e-03,NaN,1,NaN,1,SAM 2:1,0.070033,7.372212e-02,2.49,4.74708330e-03,2.009861e-15,0.000000e+00
15.00,0.9222,20.0,0.5000,1.0e-03,+1,5.23598776e-03,equilibrium,4.82856737e-03,5.23598776e-03,4.82856737e-03,4.82856737e-03,0.000000e+00,100.0000,1,31.2691,1.000000,1.119573e-03,NaN,1,NaN,1,SAM 2:1,0.070033,9.215264e-02,2.31,4.82856737e-03,1.796313e-15,0.000000e+00
45.00,0.9222,20.0,0.5000,1.0e-03,+1,5.23598776e-03,equilibrium,4.82856737e-03,5.23598776e-03,4.82856737e-03,4.82856737e-03,0.000000e+00,100.0000,1,52.1840,1.000000,1.118294e-03,NaN,1,NaN,1,SAM 2:1,0.070033,9.215264e-02,2.94,4.82856737e-03,2.694469e-15,0.000000e+00
75.00,0.9222,20.0,0.5000,1.0e-03,+1,5.23598776e-03,equilibrium,4.82856737e-03,5.23598776e-03,4.82856737e-03,4.82856737e-03,0.000000e+00,100.0000,1,68.1008,1.000000,9.213965e-04,NaN,1,NaN,1,SAM 2:1,0.070033,9.215264e-02,2.87,4.82856737e-03,4.131519e-15,0.000000e+00
105.00,0.9222,20.0,0.5000,1.0e-03,+1,5.23598776e-03,equilibrium,4.82856737e-03,5.23598776e-03,4.82856737e-03,4.82856737e-03,0.000000e+00,100.0000,1,66.7473,1.000000,9.176572e-04,NaN,1,NaN,1,SAM 2:1,0.070033,9.215264e-02,3.03,4.82856737e-03,4.131519e-15,0.000000e+00
135.00,0.9222,20.0,0.5000,1.0e-03,+1,5.23598776e-03,equilibrium,4.82856737e-03,5.23598776e-03,4.82856737e-03,4.82856737e-03,0.000000e+00,100.0000,1,97.8160,1.000000,1.118834e-03,NaN,1,NaN,1,SAM 2:1,0.070033,9.215264e-02,3.38,4.82856737e-03,2.874100e-15,0.000000e+00
165.00,0.9222,20.0,0.5000,1.0e-03,+1,5.23598776e-03,equilibrium,4.82856737e-03,5.23598776e-03,4.82856737e-03,4.82856737e-03,0.000000e+00,100.0000,1,137.5793,1.000000,1.118506e-03,NaN,1,NaN,1,SAM 2:1,0.070033,9.215264e-02,2.43,4.82856737e-03,1.796313e-15,0.000000e+00
15.00,0.9378,20.0,0.5000,1.0e-03,+1,5.23598776e-03,equilibrium,4.91005145e-03,5.23598776e-03,4.91005145e-03,4.91005145e-03,0.000000e+00,100.0000,1,128.7476,1.000000,1.084476e-03,NaN,1,NaN,0,SAM 2:1,0.070033,1.105832e-01,2.56,4.91005145e-03,1.589852e-15,0.000000e+00
45.00,0.9378,20.0,0.5000,1.0e-03,+1,5.23598776e-03,equilibrium,4.91005145e-03,5.23598776e-03,4.91005145e-03,4.91005145e-03,0.000000e+00,100.0000,1,126.9350,1.000000,1.089615e-03,NaN,1,NaN,0,SAM 2:1,0.070033,1.105832e-01,2.65,4.91005145e-03,2.649754e-15,0.000000e+00
75.00,0.9378,20.0,0.5000,1.0e-03,+1,5.23598776e-03,equilibrium,4.91005145e-03,5.23598776e-03,4.91005145e-03,4.91005145e-03,0.000000e+00,100.0000,1,69.3234,1.000000,8.952621e-04,NaN,1,NaN,0,SAM 2:1,0.070033,1.105832e-01,2.48,4.91005145e-03,3.886305e-15,0.000000e+00
105.00,0.9378,20.0,0.5000,1.0e-03,+1,5.23598776e-03,equilibrium,4.91005145e-03,5.23598776e-03,4.91005145e-03,4.91005145e-03,0.000000e+00,100.0000,1,98.3519,1.000000,8.860864e-04,NaN,1,NaN,0,SAM 2:1,0.070033,1.105832e-01,2.59,4.91005145e-03,3.886305e-15,0.000000e+00
135.00,0.9378,20.0,0.5000,1.0e-03,+1,5.23598776e-03,equilibrium,4.91005145e-03,5.23598776e-03,4.91005145e-03,4.91005145e-03,0.000000e+00,100.0000,1,83.3385,1.000000,1.088908e-03,NaN,1,NaN,0,SAM 2:1,0.070033,1.105832e-01,3.55,4.91005145e-03,2.649754e-15,0.000000e+00
165.00,0.9378,20.0,0.5000,1.0e-03,+1,5.23598776e-03,equilibrium,4.91005145e-03,5.23598776e-03,4.91005145e-03,4.91005145e-03,0.000000e+00,100.0000,1,39.7893,1.000000,1.086859e-03,NaN,1,NaN,0,SAM 2:1,0.070033,1.105832e-01,2.11,4.91005145e-03,1.589852e-15,0.000000e+00
15.00,0.9533,20.0,0.5000,1.0e-03,+1,5.23598776e-03,equilibrium,4.99153553e-03,5.23598776e-03,4.99153553e-03,4.99153553e-03,0.000000e+00,100.0000,1,140.8231,1.000000,1.057979e-03,NaN,1,NaN,0,SAM 2:1,0.070033,1.290137e-01,1.97,4.99153553e-03,1.737665e-15,0.000000e+00
45.00,0.9533,20.0,0.5000,1.0e-03,+1,5.23598776e-03,equilibrium,4.99153553e-03,5.23598776e-03,4.99153553e-03,4.99153553e-03,0.000000e+00,100.0000,1,40.4603,1.000000,1.060378e-03,NaN,1,NaN,0,SAM 2:1,0.070033,1.290137e-01,2.39,4.99153553e-03,2.780264e-15,0.000000e+00
75.00,0.9533,20.0,0.5000,1.0e-03,+1,5.23598776e-03,equilibrium,4.99153553e-03,5.23598776e-03,4.99153553e-03,4.99153553e-03,0.000000e+00,100.0000,1,117.3316,1.000000,8.619603e-04,NaN,1,NaN,0,SAM 2:1,0.070033,1.290137e-01,2.56,4.99153553e-03,3.822863e-15,0.000000e+00
105.00,0.9533,20.0,0.5000,1.0e-03,+1,5.23598776e-03,equilibrium,4.99153553e-03,5.23598776e-03,4.99153553e-03,4.99153553e-03,0.000000e+00,100.0000,1,103.2784,1.000000,8.662933e-04,NaN,1,NaN,0,SAM 2:1,0.070033,1.290137e-01,2.93,4.99153553e-03,3.822863e-15,0.000000e+00
135.00,0.9533,20.0,0.5000,1.0e-03,+1,5.23598776e-03,equilibrium,4.99153553e-03,5.23598776e-03,4.99153553e-03,4.99153553e-03,0.000000e+00,100.0000,1,124.2608,1.000000,1.060472e-03,NaN,1,NaN,0,SAM 2:1,0.070033,1.290137e-01,2.68,4.99153553e-03,2.780264e-15,0.000000e+00
165.00,0.9533,20.0,0.5000,1.0e-03,+1,5.23598776e-03,equilibrium,4.99153553e-03,5.23598776e-03,4.99153553e-03,4.99153553e-03,0.000000e+00,100.0000,1,50.6198,1.000000,1.060172e-03,NaN,1,NaN,0,SAM 2:1,0.070033,1.290137e-01,2.49,4.99153553e-03,1.563899e-15,0.000000e+00
15.00,0.9689,20.0,0.5000,1.0e-03,+1,5.23598776e-03,equilibrium,5.07301960e-03,5.23598776e-03,5.07301960e-03,5.07301960e-03,0.000000e+00,100.0000,1,70.7392,1.000000,1.032632e-03,NaN,1,NaN,0,SAM 2:1,0.070033,1.474442e-01,2.13,5.07301960e-03,1.709754e-15,0.000000e+00
45.00,0.9689,20.0,0.5000,1.0e-03,+1,5.23598776e-03,equilibrium,5.07301960e-03,5.23598776e-03,5.07301960e-03,5.07301960e-03,0.000000e+00,100.0000,1,98.5999,1.000000,1.033077e-03,NaN,1,NaN,0,SAM 2:1,0.070033,1.474442e-01,2.90,5.07301960e-03,2.735607e-15,0.000000e+00
75.00,0.9689,20.0,0.5000,1.0e-03,+1,5.23598776e-03,equilibrium,5.07301960e-03,5.23598776e-03,5.07301960e-03,5.07301960e-03,0.000000e+00,100.0000,1,62.4398,1.000000,8.467935e-04,NaN,1,NaN,0,SAM 2:1,0.070033,1.474442e-01,2.38,5.07301960e-03,3.761460e-15,0.000000e+00
105.00,0.9689,20.0,0.5000,1.0e-03,+1,5.23598776e-03,equilibrium,5.07301960e-03,5.23598776e-03,5.07301960e-03,5.07301960e-03,0.000000e+00,100.0000,1,78.7313,1.000000,8.461379e-04,NaN,1,NaN,0,SAM 2:1,0.070033,1.474442e-01,2.42,5.07301960e-03,3.761460e-15,0.000000e+00
135.00,0.9689,20.0,0.5000,1.0e-03,+1,5.23598776e-03,equilibrium,5.07301960e-03,5.23598776e-03,5.07301960e-03,5.07301960e-03,1.709754e-16,100.0000,1,51.5960,1.000000,1.032862e-03,NaN,1,NaN,0,SAM 2:1,0.070033,1.474442e-01,2.38,5.07301960e-03,2.564632e-15,0.000000e+00
165.00,0.9689,20.0,0.5000,1.0e-03,+1,5.23598776e-03,equilibrium,5.07301960e-03,5.23598776e-03,5.07301960e-03,5.07301960e-03,0.000000e+00,100.0000,1,121.0031,1.000000,1.032784e-03,NaN,1,NaN,0,SAM 2:1,0.070033,1.474442e-01,2.10,5.07301960e-03,1.538779e-15,0.000000e+00
15.00,0.9844,20.0,0.5000,1.0e-03,+1,5.23598776e-03,equilibrium,5.15450368e-03,5.23598776e-03,5.15450368e-03,5.15450368e-03,0.000000e+00,100.0000,1,17.4403,1.000000,1.004592e-03,NaN,1,NaN,0,SAM 2:1,0.070033,1.658748e-01,2.70,5.15450368e-03,1.514453e-15,0.000000e+00
45.00,0.9844,20.0,0.5000,1.0e-03,+1,5.23598776e-03,equilibrium,5.15450368e-03,5.23598776e-03,5.15450368e-03,5.15450368e-03,0.000000e+00,100.0000,1,137.8285,1.000000,8.280323e-04,NaN,1,NaN,0,SAM 2:1,0.070033,1.658748e-01,2.63,5.15450368e-03,2.355816e-15,0.000000e+00
75.00,0.9844,20.0,0.5000,1.0e-03,+1,5.23598776e-03,equilibrium,5.15450368e-03,5.23598776e-03,5.15450368e-03,5.15450368e-03,0.000000e+00,100.0000,1,106.4664,1.000000,8.241174e-04,NaN,1,NaN,0,SAM 2:1,0.070033,1.658748e-01,2.03,5.15450368e-03,3.533725e-15,0.000000e+00
105.00,0.9844,20.0,0.5000,1.0e-03,+1,5.23598776e-03,equilibrium,5.15450368e-03,5.23598776e-03,5.15450368e-03,5.15450368e-03,0.000000e+00,100.0000,1,76.5221,1.000000,8.237541e-04,NaN,1,NaN,0,SAM 2:1,0.070033,1.658748e-01,2.59,5.15450368e-03,3.533725e-15,0.000000e+00
135.00,0.9844,20.0,0.5000,1.0e-03,+1,5.23598776e-03,equilibrium,5.15450368e-03,5.23598776e-03,5.15450368e-03,5.15450368e-03,1.682726e-16,100.0000,1,48.9044,1.000000,9.800705e-04,NaN,1,NaN,0,SAM 2:1,0.070033,1.658748e-01,2.59,5.15450368e-03,2.355816e-15,0.000000e+00
165.00,0.9844,20.0,0.5000,1.0e-03,+1,5.23598776e-03,equilibrium,5.15450368e-03,5.23598776e-03,5.15450368e-03,5.15450368e-03,0.000000e+00,100.0000,1,166.2014,1.000000,1.004821e-03,NaN,1,NaN,0,SAM 2:1,0.070033,1.658748e-01,2.36,5.15450368e-03,1.682726e-15,0.000000e+00
15.00,0.3913,60.0,0.5000,1.0e-03,+1,1.74532925e-03,equilibrium,6.82942785e-04,1.74532925e-03,6.82942785e-04,6.82942785e-04,0.000000e+00,100.0000,1,152.2332,1.000000,3.836339e-02,NaN,1,NaN,17,SAM 2:1,0.070033,1.738984e-03,8.37,6.82942785e-04,3.286217e-14,0.000000e+00
45.00,0.3913,60.0,0.5000,1.0e-03,+1,1.74532925e-03,equilibrium,6.82942785e-04,1.74532925e-03,6.82942785e-04,6.82942785e-04,0.000000e+00,100.0000,1,42.3875,1.000000,4.803098e-02,NaN,1,NaN,17,SAM 2:1,0.070033,1.738984e-03,13.42,6.82942785e-04,7.715467e-14,0.000000e+00
75.00,0.3913,60.0,0.5000,1.0e-03,+1,1.74532925e-03,equilibrium,6.82942785e-04,1.74532925e-03,6.82942785e-04,6.82942785e-04,0.000000e+00,100.0000,1,100.1024,1.000000,3.669905e-02,NaN,1,NaN,17,SAM 2:1,0.070033,1.738984e-03,13.06,6.82942785e-04,8.715620e-14,0.000000e+00
105.00,0.3913,60.0,0.5000,1.0e-03,+1,1.74532925e-03,equilibrium,6.82942785e-04,1.74532925e-03,6.82942785e-04,6.82942785e-04,0.000000e+00,100.0000,1,70.6432,1.000000,3.667619e-02,NaN,1,NaN,17,SAM 2:1,0.070033,1.738984e-03,12.79,6.82942785e-04,8.699745e-14,0.000000e+00
135.00,0.3913,60.0,0.5000,1.0e-03,+1,1.74532925e-03,equilibrium,6.82942785e-04,1.74532925e-03,6.82942785e-04,6.82942785e-04,0.000000e+00,100.0000,1,131.5047,1.000000,4.568562e-02,NaN,1,NaN,17,SAM 2:1,0.070033,1.738984e-03,13.06,6.82942785e-04,7.715467e-14,0.000000e+00
165.00,0.3913,60.0,0.5000,1.0e-03,+1,1.74532925e-03,equilibrium,6.82942785e-04,1.74532925e-03,6.82942785e-04,6.82942785e-04,0.000000e+00,100.0000,1,18.3314,1.000000,3.828557e-02,NaN,1,NaN,17,SAM 2:1,0.070033,1.738984e-03,8.78,6.82942785e-04,3.460847e-14,0.000000e+00
15.00,0.4416,60.0,0.5000,1.0e-03,+1,1.74532925e-03,equilibrium,7.70806438e-04,1.74532925e-03,7.70806438e-04,7.70806438e-04,8.439490e-16,100.0000,1,58.7028,1.000000,3.022414e-02,NaN,1,NaN,17,SAM 2:1,0.070033,5.249086e-03,7.69,7.70806438e-04,2.250531e-14,0.000000e+00
45.00,0.4416,60.0,0.5000,1.0e-03,+1,1.74532925e-03,equilibrium,7.70806438e-04,1.74532925e-03,7.70806438e-04,7.70806438e-04,0.000000e+00,100.0000,1,40.8390,1.000000,3.047795e-02,NaN,1,NaN,17,SAM 2:1,0.070033,5.249086e-03,12.22,7.70806438e-04,5.570063e-14,0.000000e+00
75.00,0.4416,60.0,0.5000,1.0e-03,+1,1.74532925e-03,equilibrium,7.70806438e-04,1.74532925e-03,7.70806438e-04,7.70806438e-04,1.406582e-16,100.0000,1,85.7187,1.000000,3.012644e-02,NaN,1,NaN,17,SAM 2:1,0.070033,5.249086e-03,12.63,7.70806438e-04,6.259288e-14,0.000000e+00
105.00,0.4416,60.0,0.5000,1.0e-03,+1,1.74532925e-03,equilibrium,7.70806438e-04,1.74532925e-03,7.70806438e-04,7.70806438e-04,0.000000e+00,100.0000,1,113.3073,1.000000,2.892450e-02,NaN,1,NaN,17,SAM 2:1,0.070033,5.249086e-03,12.93,7.70806438e-04,6.259288e-14,0.000000e+00
135.00,0.4416,60.0,0.5000,1.0e-03,+1,1.74532925e-03,equilibrium,7.70806438e-04,1.74532925e-03,7.70806438e-04,7.70806438e-04,0.000000e+00,100.0000,1,119.5672,1.000000,3.048705e-02,NaN,1,NaN,17,SAM 2:1,0.070033,5.249086e-03,13.68,7.70806438e-04,5.555997e-14,0.000000e+00
165.00,0.4416,60.0,0.5000,1.0e-03,+1,1.74532925e-03,equilibrium,7.70806438e-04,1.74532925e-03,7.70806438e-04,7.70806438e-04,1.406582e-16,100.0000,1,132.9186,1.000000,3.021401e-02,NaN,1,NaN,17,SAM 2:1,0.070033,5.249086e-03,8.77,7.70806438e-04,2.320860e-14,0.000000e+00
15.00,0.4920,60.0,0.5000,1.0e-03,+1,1.74532925e-03,equilibrium,8.58670091e-04,1.74532925e-03,8.58670091e-04,8.58670091e-04,2.525306e-16,100.0000,1,57.4480,1.000000,2.694132e-02,NaN,1,NaN,15,SAM 2:1,0.070033,7.181499e-03,7.42,8.58670091e-04,1.843473e-14,0.000000e+00
45.00,0.4920,60.0,0.5000,1.0e-03,+1,1.74532925e-03,equilibrium,8.58670091e-04,1.74532925e-03,8.58670091e-04,8.58670091e-04,0.000000e+00,100.0000,1,139.5087,1.000000,2.317683e-02,NaN,1,NaN,15,SAM 2:1,0.070033,7.181499e-03,9.99,8.58670091e-04,4.267766e-14,0.000000e+00
75.00,0.4920,60.0,0.5000,1.0e-03,+1,1.74532925e-03,equilibrium,8.58670091e-04,1.74532925e-03,8.58670091e-04,8.58670091e-04,0.000000e+00,100.0000,1,93.0562,1.000000,2.323178e-02,NaN,1,NaN,15,SAM 2:1,0.070033,7.181499e-03,9.40,8.58670091e-04,4.823334e-14,0.000000e+00
105.00,0.4920,60.0,0.5000,1.0e-03,+1,1.74532925e-03,equilibrium,8.58670091e-04,1.74532925e-03,8.58670091e-04,8.58670091e-04,1.262653e-16,100.0000,1,66.0199,1.000000,2.334551e-02,NaN,1,NaN,15,SAM 2:1,0.070033,7.181499e-03,10.07,8.58670091e-04,4.823334e-14,0.000000e+00
135.00,0.4920,60.0,0.5000,1.0e-03,+1,1.74532925e-03,equilibrium,8.58670091e-04,1.74532925e-03,8.58670091e-04,8.58670091e-04,0.000000e+00,100.0000,1,57.7272,1.000000,2.465398e-02,NaN,1,NaN,15,SAM 2:1,0.070033,7.181499e-03,10.04,8.58670091e-04,4.267766e-14,0.000000e+00
165.00,0.4920,60.0,0.5000,1.0e-03,+1,1.74532925e-03,equilibrium,8.58670091e-04,1.74532925e-03,8.58670091e-04,8.58670091e-04,2.525306e-16,100.0000,1,134.1349,1.000000,2.464424e-02,NaN,1,NaN,15,SAM 2:1,0.070033,7.181499e-03,6.96,8.58670091e-04,1.767714e-14,0.000000e+00
15.00,0.5423,60.0,0.5000,1.0e-03,+1,1.74532925e-03,equilibrium,9.46533744e-04,1.74532925e-03,9.46533744e-04,9.46533744e-04,2.290890e-16,100.0000,1,41.3381,1.000000,2.058888e-02,NaN,1,NaN,15,SAM 2:1,0.070033,1.311476e-04,6.63,9.46533744e-04,1.477624e-14,0.000000e+00
45.00,0.5423,60.0,0.5000,1.0e-03,+1,1.74532925e-03,equilibrium,9.46533744e-04,1.74532925e-03,9.46533744e-04,9.46533744e-04,0.000000e+00,100.0000,1,108.5358,1.000000,2.058528e-02,NaN,1,NaN,15,SAM 2:1,0.070033,1.310852e-04,9.02,9.46533744e-04,3.413426e-14,0.000000e+00
75.00,0.5423,60.0,0.5000,1.0e-03,+1,1.74532925e-03,equilibrium,9.46533744e-04,1.74532925e-03,9.46533744e-04,9.46533744e-04,2.290890e-16,100.0000,1,105.4559,1.000000,2.840259e-02,NaN,1,NaN,15,SAM 2:1,0.070033,1.310949e-04,11.55,9.46533744e-04,3.860149e-14,0.000000e+00
105.00,0.5423,60.0,0.5000,1.0e-03,+1,1.74532925e-03,equilibrium,9.46533744e-04,1.74532925e-03,9.46533744e-04,9.46533744e-04,0.000000e+00,100.0000,1,75.4614,1.000000,2.289424e-02,NaN,1,NaN,15,SAM 2:1,0.070033,1.310812e-04,10.53,9.46533744e-04,3.883058e-14,0.000000e+00
135.00,0.5423,60.0,0.5000,1.0e-03,+1,1.74532925e-03,equilibrium,9.46533744e-04,1.74532925e-03,9.46533744e-04,9.46533744e-04,0.000000e+00,100.0000,1,45.0936,1.000000,2.058761e-02,NaN,1,NaN,15,SAM 2:1,0.070033,1.310821e-04,9.36,9.46533744e-04,3.424880e-14,0.000000e+00
165.00,0.5423,60.0,0.5000,1.0e-03,+1,1.74532925e-03,equilibrium,9.46533744e-04,1.74532925e-03,9.46533744e-04,9.46533744e-04,5.727224e-16,100.0000,1,127.1472,1.000000,2.960434e-02,NaN,1,NaN,15,SAM 2:1,0.070033,1.312125e-04,6.79,9.46533744e-04,1.466169e-14,0.000000e+00
15.00,0.5927,60.0,0.5000,1.0e-03,+1,1.74532925e-03,equilibrium,1.03439740e-03,1.74532925e-03,1.03439740e-03,1.03439740e-03,0.000000e+00,100.0000,1,14.8802,1.000000,1.729403e-02,NaN,1,NaN,14,SAM 2:1,0.070033,1.242339e-02,5.90,1.03439740e-03,1.132000e-14,0.000000e+00
45.00,0.5927,60.0,0.5000,1.0e-03,+1,1.74532925e-03,equilibrium,1.03439740e-03,1.74532925e-03,1.03439740e-03,1.03439740e-03,0.000000e+00,100.0000,1,128.3322,1.000000,1.739028e-02,NaN,1,NaN,14,SAM 2:1,0.070033,1.242339e-02,9.36,1.03439740e-03,2.809038e-14,0.000000e+00
75.00,0.5927,60.0,0.5000,1.0e-03,+1,1.74532925e-03,equilibrium,1.03439740e-03,1.74532925e-03,1.03439740e-03,1.03439740e-03,0.000000e+00,100.0000,1,99.0892,1.000000,1.629034e-02,NaN,1,NaN,14,SAM 2:1,0.070033,1.242339e-02,8.37,1.03439740e-03,3.165409e-14,0.000000e+00
105.00,0.5927,60.0,0.5000,1.0e-03,+1,1.74532925e-03,equilibrium,1.03439740e-03,1.74532925e-03,1.03439740e-03,1.03439740e-03,0.000000e+00,100.0000,1,69.8658,1.000000,1.622775e-02,NaN,1,NaN,14,SAM 2:1,0.070033,1.242339e-02,8.34,1.03439740e-03,3.165409e-14,0.000000e+00
135.00,0.5927,60.0,0.5000,1.0e-03,+1,1.74532925e-03,equilibrium,1.03439740e-03,1.74532925e-03,1.03439740e-03,1.03439740e-03,0.000000e+00,100.0000,1,41.0932,1.000000,1.740337e-02,NaN,1,NaN,14,SAM 2:1,0.070033,1.242339e-02,8.48,1.03439740e-03,2.809038e-14,0.000000e+00
165.00,0.5927,60.0,0.5000,1.0e-03,+1,1.74532925e-03,equilibrium,1.03439740e-03,1.74532925e-03,1.03439740e-03,1.03439740e-03,0.000000e+00,100.0000,1,164.8754,1.000000,1.735917e-02,NaN,1,NaN,14,SAM 2:1,0.070033,1.242339e-02,6.04,1.03439740e-03,1.173926e-14,0.000000e+00
15.00,0.6430,60.0,0.5000,1.0e-03,+1,1.74532925e-03,equilibrium,1.12226105e-03,1.74532925e-03,1.12226105e-03,1.12226105e-03,1.932175e-16,100.0000,1,113.2735,1.000000,1.575020e-02,NaN,1,NaN,14,SAM 2:1,0.070033,9.403441e-03,5.89,1.12226105e-03,9.854091e-15,0.000000e+00
45.00,0.6430,60.0,0.5000,1.0e-03,+1,1.74532925e-03,equilibrium,1.12226105e-03,1.74532925e-03,1.12226105e-03,1.12226105e-03,0.000000e+00,100.0000,1,47.5211,1.000000,1.492067e-02,NaN,1,NaN,14,SAM 2:1,0.070033,9.403441e-03,8.40,1.12226105e-03,2.395897e-14,0.000000e+00
75.00,0.6430,60.0,0.5000,1.0e-03,+1,1.74532925e-03,equilibrium,1.12226105e-03,1.74532925e-03,1.12226105e-03,1.12226105e-03,0.000000e+00,100.0000,1,100.2812,1.000000,1.388018e-02,NaN,1,NaN,14,SAM 2:1,0.070033,9.403441e-03,8.96,1.12226105e-03,2.763010e-14,0.000000e+00
105.00,0.6430,60.0,0.5000,1.0e-03,+1,1.74532925e-03,equilibrium,1.12226105e-03,1.74532925e-03,1.12226105e-03,1.12226105e-03,1.932175e-16,100.0000,1,70.7852,1.000000,1.385058e-02,NaN,1,NaN,14,SAM 2:1,0.070033,9.403441e-03,7.92,1.12226105e-03,2.743688e-14,0.000000e+00
135.00,0.6430,60.0,0.5000,1.0e-03,+1,1.74532925e-03,equilibrium,1.12226105e-03,1.74532925e-03,1.12226105e-03,1.12226105e-03,0.000000e+00,100.0000,1,104.4696,1.000000,1.491196e-02,NaN,1,NaN,14,SAM 2:1,0.070033,9.403441e-03,8.08,1.12226105e-03,2.395897e-14,0.000000e+00
165.00,0.6430,60.0,0.5000,1.0e-03,+1,1.74532925e-03,equilibrium,1.12226105e-03,1.74532925e-03,1.12226105e-03,1.12226105e-03,0.000000e+00,100.0000,1,55.0146,1.000000,1.491474e-02,NaN,1,NaN,14,SAM 2:1,0.070033,9.403441e-03,5.43,1.12226105e-03,9.854091e-15,0.000000e+00
15.00,0.6934,60.0,0.5000,1.0e-03,+1,1.74532925e-03,equilibrium,1.21012470e-03,1.74532925e-03,1.21012470e-03,1.21012470e-03,0.000000e+00,100.0000,1,33.7856,1.000000,1.294923e-02,NaN,1,NaN,12,SAM 2:1,0.070033,1.645889e-02,5.29,1.21012470e-03,7.884294e-15,0.000000e+00
45.00,0.6934,60.0,0.5000,1.0e-03,+1,1.74532925e-03,equilibrium,1.21012470e-03,1.74532925e-03,1.21012470e-03,1.21012470e-03,0.000000e+00,100.0000,1,137.0972,1.000000,1.295707e-02,NaN,1,NaN,12,SAM 2:1,0.070033,1.645889e-02,7.10,1.21012470e-03,2.078587e-14,0.000000e+00
75.00,0.6934,60.0,0.5000,1.0e-03,+1,1.74532925e-03,equilibrium,1.21012470e-03,1.74532925e-03,1.21012470e-03,1.21012470e-03,0.000000e+00,100.0000,1,109.3962,1.000000,1.194538e-02,NaN,1,NaN,12,SAM 2:1,0.070033,1.645889e-02,7.26,1.21012470e-03,2.401126e-14,0.000000e+00
105.00,0.6934,60.0,0.5000,1.0e-03,+1,1.74532925e-03,equilibrium,1.21012470e-03,1.74532925e-03,1.21012470e-03,1.21012470e-03,1.791885e-16,100.0000,1,79.9469,1.000000,1.191838e-02,NaN,1,NaN,12,SAM 2:1,0.070033,1.645889e-02,6.75,1.21012470e-03,2.401126e-14,0.000000e+00
135.00,0.6934,60.0,0.5000,1.0e-03,+1,1.74532925e-03,equilibrium,1.21012470e-03,1.74532925e-03,1.21012470e-03,1.21012470e-03,0.000000e+00,100.0000,1,67.0016,1.000000,1.295224e-02,NaN,1,NaN,12,SAM 2:1,0.070033,1.645889e-02,6.78,1.21012470e-03,2.078587e-14,0.000000e+00
165.00,0.6934,60.0,0.5000,1.0e-03,+1,1.74532925e-03,equilibrium,1.21012470e-03,1.74532925e-03,1.21012470e-03,1.21012470e-03,0.000000e+00,100.0000,1,156.6690,1.000000,1.292316e-02,NaN,1,NaN,12,SAM 2:1,0.070033,1.645889e-02,4.94,1.21012470e-03,8.242671e-15,0.000000e+00
15.00,0.7437,60.0,0.5000,1.0e-03,+1,1.74532925e-03,equilibrium,1.29798836e-03,1.74532925e-03,1.29798836e-03,1.29798836e-03,3.341177e-16,100.0000,1,154.5240,1.000000,1.132137e-02,NaN,1,NaN,11,SAM 2:1,0.070033,1.149517e-02,4.22,1.29798836e-03,6.849413e-15,0.000000e+00
45.00,0.7437,60.0,0.5000,1.0e-03,+1,1.74532925e-03,equilibrium,1.29798836e-03,1.74532925e-03,1.29798836e-03,1.29798836e-03,0.000000e+00,100.0000,1,122.9792,1.000000,1.134031e-02,NaN,1,NaN,11,SAM 2:1,0.070033,1.149518e-02,6.15,1.29798836e-03,1.820941e-14,0.000000e+00
75.00,0.7437,60.0,0.5000,1.0e-03,+1,1.74532925e-03,equilibrium,1.29798836e-03,1.74532925e-03,1.29798836e-03,1.29798836e-03,0.000000e+00,100.0000,1,62.5672,1.000000,1.046270e-02,NaN,1,NaN,11,SAM 2:1,0.070033,1.149516e-02,6.14,1.29798836e-03,2.121647e-14,0.000000e+00
105.00,0.7437,60.0,0.5000,1.0e-03,+1,1.74532925e-03,equilibrium,1.29798836e-03,1.74532925e-03,1.29798836e-03,1.29798836e-03,0.000000e+00,100.0000,1,82.6417,1.000000,1.047532e-02,NaN,1,NaN,11,SAM 2:1,0.070033,1.149516e-02,5.91,1.29798836e-03,2.121647e-14,0.000000e+00
135.00,0.7437,60.0,0.5000,1.0e-03,+1,1.74532925e-03,equilibrium,1.29798836e-03,1.74532925e-03,1.29798836e-03,1.29798836e-03,0.000000e+00,100.0000,1,88.2623,1.000000,1.130343e-02,NaN,1,NaN,11,SAM 2:1,0.070033,1.149516e-02,6.42,1.29798836e-03,1.820941e-14,0.000000e+00
165.00,0.7437,60.0,0.5000,1.0e-03,+1,1.74532925e-03,equilibrium,1.29798836e-03,1.74532925e-03,1.29798836e-03,1.29798836e-03,1.670588e-16,100.0000,1,16.6513,1.000000,1.135516e-02,NaN,1,NaN,11,SAM 2:1,0.070033,1.149588e-02,4.22,1.29798836e-03,7.183530e-15,0.000000e+00
15.00,0.7940,60.0,0.5000,1.0e-03,+1,1.74532925e-03,equilibrium,1.38585201e-03,1.74532925e-03,1.38585201e-03,1.38585201e-03,0.000000e+00,100.0000,1,148.9092,1.000000,1.131760e-02,NaN,1,NaN,9,SAM 2:1,0.070033,1.058973e-03,4.17,1.38585201e-03,6.258689e-15,0.000000e+00
45.00,0.7940,60.0,0.5000,1.0e-03,+1,1.74532925e-03,equilibrium,1.38585201e-03,1.74532925e-03,1.38585201e-03,1.38585201e-03,0.000000e+00,100.0000,1,89.8039,1.000000,1.004285e-02,NaN,1,NaN,9,SAM 2:1,0.070033,1.059033e-03,6.90,1.38585201e-03,1.611613e-14,0.000000e+00
75.00,0.7940,60.0,0.5000,1.0e-03,+1,1.74532925e-03,equilibrium,1.38585201e-03,1.74532925e-03,1.38585201e-03,1.38585201e-03,0.000000e+00,100.0000,1,67.2552,1.000000,9.214413e-03,NaN,1,NaN,9,SAM 2:1,0.070033,1.059005e-03,7.00,1.38585201e-03,1.893254e-14,0.000000e+00
105.00,0.7940,60.0,0.5000,1.0e-03,+1,1.74532925e-03,equilibrium,1.38585201e-03,1.74532925e-03,1.38585201e-03,1.38585201e-03,0.000000e+00,100.0000,1,67.5556,1.000000,9.209510e-03,NaN,1,NaN,9,SAM 2:1,0.070033,1.058980e-03,5.47,1.38585201e-03,1.893254e-14,0.000000e+00
135.00,0.7940,60.0,0.5000,1.0e-03,+1,1.74532925e-03,equilibrium,1.38585201e-03,1.74532925e-03,1.38585201e-03,1.38585201e-03,0.000000e+00,100.0000,1,121.6818,1.000000,1.003873e-02,NaN,1,NaN,9,SAM 2:1,0.070033,1.058937e-03,5.65,1.38585201e-03,1.611613e-14,0.000000e+00
165.00,0.7940,60.0,0.5000,1.0e-03,+1,1.74532925e-03,equilibrium,1.38585201e-03,1.74532925e-03,1.38585201e-03,1.38585201e-03,0.000000e+00,100.0000,1,20.9857,1.000000,9.984142e-03,NaN,1,NaN,9,SAM 2:1,0.070033,1.059052e-03,3.66,1.38585201e-03,6.258689e-15,0.000000e+00
15.00,0.8599,60.0,0.5000,1.0e-03,+1,1.74532925e-03,equilibrium,1.50087702e-03,1.74532925e-03,1.50087702e-03,1.50087702e-03,0.000000e+00,100.0000,1,104.5366,1.000000,8.641589e-03,NaN,1,NaN,3,SAM 2:1,0.070033,1.843053e-02,3.49,1.50087702e-03,5.490081e-15,0.000000e+00
45.00,0.8599,60.0,0.5000,1.0e-03,+1,1.74532925e-03,equilibrium,1.50087702e-03,1.74532925e-03,1.50087702e-03,1.50087702e-03,0.000000e+00,100.0000,1,69.7947,1.000000,8.659249e-03,NaN,1,NaN,3,SAM 2:1,0.070033,1.843053e-02,4.83,1.50087702e-03,1.386968e-14,0.000000e+00
75.00,0.8599,60.0,0.5000,1.0e-03,+1,1.74532925e-03,equilibrium,1.50087702e-03,1.74532925e-03,1.50087702e-03,1.50087702e-03,0.000000e+00,100.0000,1,81.1397,1.000000,7.900716e-03,NaN,1,NaN,3,SAM 2:1,0.070033,1.843053e-02,14.35,1.50087702e-03,1.647024e-14,0.000000e+00
105.00,0.8599,60.0,0.5000,1.0e-03,+1,1.74532925e-03,equilibrium,1.50087702e-03,1.74532925e-03,1.50087702e-03,1.50087702e-03,0.000000e+00,100.0000,1,110.3051,1.000000,7.911527e-03,NaN,1,NaN,3,SAM 2:1,0.070033,1.843053e-02,6.62,1.50087702e-03,1.647024e-14,0.000000e+00
135.00,0.8599,60.0,0.5000,1.0e-03,+1,1.74532925e-03,equilibrium,1.50087702e-03,1.74532925e-03,1.50087702e-03,1.50087702e-03,0.000000e+00,100.0000,1,77.5991,1.000000,8.650972e-03,NaN,1,NaN,3,SAM 2:1,0.070033,1.843053e-02,7.74,1.50087702e-03,1.386968e-14,0.000000e+00
165.00,0.8599,60.0,0.5000,1.0e-03,+1,1.74532925e-03,equilibrium,1.50087702e-03,1.74532925e-03,1.50087702e-03,1.50087702e-03,0.000000e+00,100.0000,1,87.2761,1.000000,8.651483e-03,NaN,1,NaN,3,SAM 2:1,0.070033,1.843053e-02,6.03,1.50087702e-03,5.201129e-15,0.000000e+00
15.00,0.8755,60.0,0.5000,1.0e-03,+1,1.74532925e-03,equilibrium,1.52803838e-03,1.74532925e-03,1.52803838e-03,1.52803838e-03,0.000000e+00,100.0000,1,28.6451,1.000000,8.384025e-03,NaN,1,NaN,2,SAM 2:1,0.070033,3.686106e-02,6.06,1.52803838e-03,5.392493e-15,0.000000e+00
45.00,0.8755,60.0,0.5000,1.0e-03,+1,1.74532925e-03,equilibrium,1.52803838e-03,1.74532925e-03,1.52803838e-03,1.52803838e-03,0.000000e+00,100.0000,1,50.5448,1.000000,8.166735e-03,NaN,1,NaN,2,SAM 2:1,0.070033,3.686106e-02,6.58,1.52803838e-03,1.362314e-14,0.000000e+00
75.00,0.8755,60.0,0.5000,1.0e-03,+1,1.74532925e-03,equilibrium,1.52803838e-03,1.74532925e-03,1.52803838e-03,1.52803838e-03,0.000000e+00,100.0000,1,66.3923,1.000000,7.632481e-03,NaN,1,NaN,2,SAM 2:1,0.070033,3.686106e-02,5.97,1.52803838e-03,1.631939e-14,0.000000e+00
105.00,0.8755,60.0,0.5000,1.0e-03,+1,1.74532925e-03,equilibrium,1.52803838e-03,1.74532925e-03,1.52803838e-03,1.52803838e-03,0.000000e+00,100.0000,1,68.5126,1.000000,7.641993e-03,NaN,1,NaN,2,SAM 2:1,0.070033,3.686106e-02,5.82,1.52803838e-03,1.631939e-14,0.000000e+00
135.00,0.8755,60.0,0.5000,1.0e-03,+1,1.74532925e-03,equilibrium,1.52803838e-03,1.74532925e-03,1.52803838e-03,1.52803838e-03,0.000000e+00,100.0000,1,100.0363,1.000000,8.255213e-03,NaN,1,NaN,2,SAM 2:1,0.070033,3.686106e-02,6.37,1.52803838e-03,1.362314e-14,0.000000e+00
165.00,0.8755,60.0,0.5000,1.0e-03,+1,1.74532925e-03,equilibrium,1.52803838e-03,1.74532925e-03,1.52803838e-03,1.52803838e-03,0.000000e+00,100.0000,1,140.3797,1.000000,8.376200e-03,NaN,1,NaN,2,SAM 2:1,0.070033,3.686106e-02,5.06,1.52803838e-03,5.818216e-15,0.000000e+00
15.00,0.8911,60.0,0.5000,1.0e-03,+1,1.74532925e-03,equilibrium,1.55519974e-03,1.74532925e-03,1.55519974e-03,1.55519974e-03,1.394293e-16,100.0000,1,105.3734,1.000000,8.026897e-03,NaN,1,NaN,1,SAM 2:1,0.070033,5.529159e-02,4.67,1.55519974e-03,5.437743e-15,0.000000e+00
45.00,0.8911,60.0,0.5000,1.0e-03,+1,1.74532925e-03,equilibrium,1.55519974e-03,1.74532925e-03,1.55519974e-03,1.55519974e-03,0.000000e+00,100.0000,1,121.0541,1.000000,8.125265e-03,NaN,1,1.55519974e-03,1,SAM 2:1,0.070033,5.529159e-02,6.08,1.55519974e-03,1.324578e-14,0.000000e+00
75.00,0.8911,60.0,0.5000,1.0e-03,+1,1.74532925e-03,equilibrium,1.55519974e-03,1.74532925e-03,1.55519974e-03,1.55519974e-03,0.000000e+00,100.0000,1,74.7560,1.000000,7.381893e-03,NaN,1,NaN,1,SAM 2:1,0.070033,5.529159e-02,5.31,1.55519974e-03,1.589494e-14,0.000000e+00
105.00,0.8911,60.0,0.5000,1.0e-03,+1,1.74532925e-03,equilibrium,1.55519974e-03,1.74532925e-03,1.55519974e-03,1.55519974e-03,0.000000e+00,100.0000,1,104.7546,1.000000,7.385355e-03,NaN,1,NaN,1,SAM 2:1,0.070033,5.529159e-02,5.04,1.55519974e-03,1.589494e-14,0.000000e+00
135.00,0.8911,60.0,0.5000,1.0e-03,+1,1.74532925e-03,equilibrium,1.55519974e-03,1.74532925e-03,1.55519974e-03,1.55519974e-03,0.000000e+00,100.0000,1,90.5380,1.000000,8.116174e-03,NaN,1,NaN,1,SAM 2:1,0.070033,5.529159e-02,5.98,1.55519974e-03,1.324578e-14,0.000000e+00
165.00,0.8911,60.0,0.5000,1.0e-03,+1,1.74532925e-03,equilibrium,1.55519974e-03,1.74532925e-03,1.55519974e-03,1.55519974e-03,0.000000e+00,100.0000,1,62.8793,1.000000,8.121349e-03,NaN,1,NaN,1,SAM 2:1,0.070033,5.529159e-02,3.91,1.55519974e-03,5.577173e-15,0.000000e+00
15.00,0.9066,60.0,0.5000,1.0e-03,+1,1.74532925e-03,equilibrium,1.58236110e-03,1.74532925e-03,1.58236110e-03,1.58236110e-03,0.000000e+00,100.0000,1,135.5830,1.000000,7.849759e-03,NaN,1,NaN,1,SAM 2:1,0.070033,7.372212e-02,3.64,1.58236110e-03,5.481440e-15,0.000000e+00
45.00,0.9066,60.0,0.5000,1.0e-03,+1,1.74532925e-03,equilibrium,1.58236110e-03,1.74532925e-03,1.58236110e-03,1.58236110e-03,0.000000e+00,100.0000,1,76.7663,1.000000,7.856984e-03,NaN,1,NaN,1,SAM 2:1,0.070033,7.372212e-02,5.36,1.58236110e-03,1.274435e-14,0.000000e+00
75.00,0.9066,60.0,0.5000,1.0e-03,+1,1.74532925e-03,equilibrium,1.58236110e-03,1.74532925e-03,1.58236110e-03,1.58236110e-03,0.000000e+00,100.0000,1,68.0649,1.000000,7.146340e-03,NaN,1,NaN,1,SAM 2:1,0.070033,7.372212e-02,5.26,1.58236110e-03,1.534803e-14,0.000000e+00
105.00,0.9066,60.0,0.5000,1.0e-03,+1,1.74532925e-03,equilibrium,1.58236110e-03,1.74532925e-03,1.58236110e-03,1.58236110e-03,0.000000e+00,100.0000,1,66.7794,1.000000,7.142477e-03,NaN,1,NaN,1,SAM 2:1,0.070033,7.372212e-02,5.12,1.58236110e-03,1.534803e-14,0.000000e+00
135.00,0.9066,60.0,0.5000,1.0e-03,+1,1.74532925e-03,equilibrium,1.58236110e-03,1.74532925e-03,1.58236110e-03,1.58236110e-03,0.000000e+00,100.0000,1,131.6729,1.000000,7.868916e-03,NaN,1,NaN,1,SAM 2:1,0.070033,7.372212e-02,5.38,1.58236110e-03,1.274435e-14,0.000000e+00
165.00,0.9066,60.0,0.5000,1.0e-03,+1,1.74532925e-03,equilibrium,1.58236110e-03,1.74532925e-03,1.58236110e-03,1.58236110e-03,0.000000e+00,100.0000,1,33.1742,1.000000,7.829868e-03,NaN,1,NaN,1,SAM 2:1,0.070033,7.372212e-02,3.64,1.58236110e-03,5.070332e-15,0.000000e+00
15.00,0.9222,60.0,0.5000,1.0e-03,+1,1.74532925e-03,equilibrium,1.60952246e-03,1.74532925e-03,1.60952246e-03,1.60952246e-03,0.000000e+00,100.0000,1,120.5237,1.000000,7.589819e-03,NaN,1,NaN,1,SAM 2:1,0.070033,9.215264e-02,3.78,1.60952246e-03,5.658385e-15,0.000000e+00
45.00,0.9222,60.0,0.5000,1.0e-03,+1,1.74532925e-03,equilibrium,1.60952246e-03,1.74532925e-03,1.60952246e-03,1.60952246e-03,0.000000e+00,100.0000,1,126.5259,1.000000,7.626187e-03,NaN,1,NaN,1,SAM 2:1,0.070033,9.215264e-02,6.33,1.60952246e-03,1.225983e-14,0.000000e+00
75.00,0.9222,60.0,0.5000,1.0e-03,+1,1.74532925e-03,equilibrium,1.60952246e-03,1.74532925e-03,1.60952246e-03,1.60952246e-03,0.000000e+00,100.0000,1,72.1163,1.000000,6.886937e-03,NaN,1,NaN,1,SAM 2:1,0.070033,9.215264e-02,6.12,1.60952246e-03,1.495430e-14,0.000000e+00
105.00,0.9222,60.0,0.5000,1.0e-03,+1,1.74532925e-03,equilibrium,1.60952246e-03,1.74532925e-03,1.60952246e-03,1.60952246e-03,0.000000e+00,100.0000,1,101.8914,1.000000,6.911252e-03,NaN,1,NaN,1,SAM 2:1,0.070033,9.215264e-02,5.04,1.60952246e-03,1.495430e-14,0.000000e+00
135.00,0.9222,60.0,0.5000,1.0e-03,+1,1.74532925e-03,equilibrium,1.60952246e-03,1.74532925e-03,1.60952246e-03,1.60952246e-03,0.000000e+00,100.0000,1,83.8656,1.000000,7.623913e-03,NaN,1,NaN,1,SAM 2:1,0.070033,9.215264e-02,5.00,1.60952246e-03,1.225983e-14,0.000000e+00
165.00,0.9222,60.0,0.5000,1.0e-03,+1,1.74532925e-03,equilibrium,1.60952246e-03,1.74532925e-03,1.60952246e-03,1.60952246e-03,0.000000e+00,100.0000,1,47.8286,1.000000,7.600875e-03,NaN,1,NaN,1,SAM 2:1,0.070033,9.215264e-02,3.51,1.60952246e-03,5.523662e-15,0.000000e+00
15.00,0.9378,60.0,0.5000,1.0e-03,+1,1.74532925e-03,equilibrium,1.63668382e-03,1.74532925e-03,1.63668382e-03,1.63668382e-03,2.649754e-16,100.0000,1,61.2726,1.000000,7.391691e-03,NaN,1,NaN,0,SAM 2:1,0.070033,1.105832e-01,3.37,1.63668382e-03,5.696970e-15,0.000000e+00
45.00,0.9378,60.0,0.5000,1.0e-03,+1,1.74532925e-03,equilibrium,1.63668382e-03,1.74532925e-03,1.63668382e-03,1.63668382e-03,0.000000e+00,100.0000,1,46.6406,1.000000,7.362233e-03,NaN,1,NaN,0,SAM 2:1,0.070033,1.105832e-01,4.76,1.63668382e-03,1.192389e-14,0.000000e+00
75.00,0.9378,60.0,0.5000,1.0e-03,+1,1.74532925e-03,equilibrium,1.63668382e-03,1.74532925e-03,1.63668382e-03,1.63668382e-03,0.000000e+00,100.0000,1,75.5260,1.000000,6.689125e-03,NaN,1,NaN,0,SAM 2:1,0.070033,1.105832e-01,4.05,1.63668382e-03,1.457364e-14,0.000000e+00
105.00,0.9378,60.0,0.5000,1.0e-03,+1,1.74532925e-03,equilibrium,1.63668382e-03,1.74532925e-03,1.63668382e-03,1.63668382e-03,0.000000e+00,100.0000,1,62.9102,1.000000,6.693137e-03,NaN,1,NaN,0,SAM 2:1,0.070033,1.105832e-01,4.42,1.63668382e-03,1.457364e-14,0.000000e+00
135.00,0.9378,60.0,0.5000,1.0e-03,+1,1.74532925e-03,equilibrium,1.63668382e-03,1.74532925e-03,1.63668382e-03,1.63668382e-03,0.000000e+00,100.0000,1,105.8751,1.000000,7.394385e-03,NaN,1,NaN,0,SAM 2:1,0.070033,1.105832e-01,4.70,1.63668382e-03,1.192389e-14,0.000000e+00
165.00,0.9378,60.0,0.5000,1.0e-03,+1,1.74532925e-03,equilibrium,1.63668382e-03,1.74532925e-03,1.63668382e-03,1.63668382e-03,0.000000e+00,100.0000,1,106.9493,1.000000,7.391457e-03,NaN,1,NaN,0,SAM 2:1,0.070033,1.105832e-01,2.91,1.63668382e-03,4.769556e-15,0.000000e+00
15.00,0.9533,60.0,0.5000,1.0e-03,+1,1.74532925e-03,equilibrium,1.66384518e-03,1.74532925e-03,1.66384518e-03,1.66384518e-03,0.000000e+00,100.0000,1,46.0015,1.000000,7.110052e-03,NaN,1,NaN,0,SAM 2:1,0.070033,1.290137e-01,3.41,1.66384518e-03,5.082671e-15,0.000000e+00
45.00,0.9533,60.0,0.5000,1.0e-03,+1,1.74532925e-03,equilibrium,1.66384518e-03,1.74532925e-03,1.66384518e-03,1.66384518e-03,0.000000e+00,100.0000,1,77.6719,1.000000,7.166659e-03,NaN,1,NaN,0,SAM 2:1,0.070033,1.290137e-01,4.33,1.66384518e-03,1.146859e-14,0.000000e+00
75.00,0.9533,60.0,0.5000,1.0e-03,+1,1.74532925e-03,equilibrium,1.66384518e-03,1.74532925e-03,1.66384518e-03,1.66384518e-03,0.000000e+00,100.0000,1,62.4052,1.000000,6.464930e-03,NaN,1,NaN,0,SAM 2:1,0.070033,1.290137e-01,4.64,1.66384518e-03,1.407509e-14,0.000000e+00
105.00,0.9533,60.0,0.5000,1.0e-03,+1,1.74532925e-03,equilibrium,1.66384518e-03,1.74532925e-03,1.66384518e-03,1.66384518e-03,0.000000e+00,100.0000,1,79.6158,1.000000,6.488089e-03,NaN,1,NaN,0,SAM 2:1,0.070033,1.290137e-01,4.32,1.66384518e-03,1.407509e-14,0.000000e+00
135.00,0.9533,60.0,0.5000,1.0e-03,+1,1.74532925e-03,equilibrium,1.66384518e-03,1.74532925e-03,1.66384518e-03,1.66384518e-03,0.000000e+00,100.0000,1,69.7241,1.000000,7.134513e-03,NaN,1,NaN,0,SAM 2:1,0.070033,1.290137e-01,4.15,1.66384518e-03,1.146859e-14,0.000000e+00
165.00,0.9533,60.0,0.5000,1.0e-03,+1,1.74532925e-03,equilibrium,1.66384518e-03,1.74532925e-03,1.66384518e-03,1.66384518e-03,0.000000e+00,100.0000,1,145.2996,1.000000,7.103787e-03,NaN,1,NaN,0,SAM 2:1,0.070033,1.290137e-01,3.37,1.66384518e-03,5.082671e-15,0.000000e+00
15.00,0.9689,60.0,0.5000,1.0e-03,+1,1.74532925e-03,equilibrium,1.69100653e-03,1.74532925e-03,1.69100653e-03,1.69100653e-03,0.000000e+00,100.0000,1,162.6679,1.000000,6.963639e-03,NaN,1,NaN,0,SAM 2:1,0.070033,1.474442e-01,3.39,1.69100653e-03,5.257495e-15,0.000000e+00
45.00,0.9689,60.0,0.5000,1.0e-03,+1,1.74532925e-03,equilibrium,1.69100653e-03,1.74532925e-03,1.69100653e-03,1.69100653e-03,0.000000e+00,100.0000,1,41.1128,1.000000,6.958005e-03,NaN,1,NaN,0,SAM 2:1,0.070033,1.474442e-01,4.37,1.69100653e-03,1.141261e-14,0.000000e+00
75.00,0.9689,60.0,0.5000,1.0e-03,+1,1.74532925e-03,equilibrium,1.69100653e-03,1.74532925e-03,1.69100653e-03,1.69100653e-03,0.000000e+00,100.0000,1,113.3690,1.000000,6.236305e-03,NaN,1,NaN,0,SAM 2:1,0.070033,1.474442e-01,4.07,1.69100653e-03,1.410547e-14,0.000000e+00
105.00,0.9689,60.0,0.5000,1.0e-03,+1,1.74532925e-03,equilibrium,1.69100653e-03,1.74532925e-03,1.69100653e-03,1.69100653e-03,0.000000e+00,100.0000,1,85.8274,1.000000,6.289322e-03,NaN,1,NaN,0,SAM 2:1,0.070033,1.474442e-01,4.20,1.69100653e-03,1.410547e-14,0.000000e+00
135.00,0.9689,60.0,0.5000,1.0e-03,+1,1.74532925e-03,equilibrium,1.69100653e-03,1.74532925e-03,1.69100653e-03,1.69100653e-03,0.000000e+00,100.0000,1,118.2932,1.000000,6.957752e-03,NaN,1,NaN,0,SAM 2:1,0.070033,1.474442e-01,4.68,1.69100653e-03,1.141261e-14,0.000000e+00
165.00,0.9689,60.0,0.5000,1.0e-03,+1,1.74532925e-03,equilibrium,1.69100653e-03,1.74532925e-03,1.69100653e-03,1.69100653e-03,0.000000e+00,100.0000,1,13.8173,1.000000,6.965652e-03,NaN,1,NaN,0,SAM 2:1,0.070033,1.474442e-01,3.76,1.69100653e-03,5.642189e-15,0.000000e+00
15.00,0.9844,60.0,0.5000,1.0e-03,+1,1.74532925e-03,equilibrium,1.71816789e-03,1.74532925e-03,1.71816789e-03,1.71816789e-03,0.000000e+00,100.0000,1,21.6170,1.000000,6.722444e-03,NaN,1,NaN,0,SAM 2:1,0.070033,1.658748e-01,3.31,1.71816789e-03,5.300587e-15,0.000000e+00
45.00,0.9844,60.0,0.5000,1.0e-03,+1,1.74532925e-03,equilibrium,1.71816789e-03,1.74532925e-03,1.71816789e-03,1.71816789e-03,0.000000e+00,100.0000,1,137.6979,1.000000,5.540184e-03,NaN,1,NaN,0,SAM 2:1,0.070033,1.658748e-01,4.84,1.71816789e-03,1.085358e-14,0.000000e+00
75.00,0.9844,60.0,0.5000,1.0e-03,+1,1.74532925e-03,equilibrium,1.71816789e-03,1.74532925e-03,1.71816789e-03,1.71816789e-03,0.000000e+00,100.0000,1,113.1998,1.000000,6.098327e-03,NaN,1,NaN,0,SAM 2:1,0.070033,1.658748e-01,3.98,1.71816789e-03,1.350388e-14,0.000000e+00
105.00,0.9844,60.0,0.5000,1.0e-03,+1,1.74532925e-03,equilibrium,1.71816789e-03,1.74532925e-03,1.71816789e-03,1.71816789e-03,0.000000e+00,100.0000,1,85.5325,1.000000,6.101670e-03,NaN,1,NaN,0,SAM 2:1,0.070033,1.658748e-01,4.37,1.71816789e-03,1.350388e-14,0.000000e+00
135.00,0.9844,60.0,0.5000,1.0e-03,+1,1.74532925e-03,equilibrium,1.71816789e-03,1.74532925e-03,1.71816789e-03,1.71816789e-03,0.000000e+00,100.0000,1,65.5136,1.000000,6.765133e-03,NaN,1,NaN,0,SAM 2:1,0.070033,1.658748e-01,4.32,1.71816789e-03,1.085358e-14,0.000000e+00
165.00,0.9844,60.0,0.5000,1.0e-03,+1,1.74532925e-03,equilibrium,1.71816789e-03,1.74532925e-03,1.71816789e-03,1.71816789e-03,0.000000e+00,100.0000,1,165.5076,1.000000,6.716243e-03,NaN,1,NaN,0,SAM 2:1,0.070033,1.658748e-01,3.27,1.71816789e-03,4.921974e-15,0.000000e+00
15.00,0.3913,120.0,0.5000,1.0e-03,+1,8.72664626e-04,equilibrium,3.41488082e-04,8.72664626e-04,3.41488082e-04,3.41511175e-04,1.793327e-04,100.0000,1,54.6049,0.999951,1.529896e-01,NaN,1,NaN,17,SAM 2:1,0.069985,2.921036e-05,10.46,3.41471393e-04,4.887613e-05,0.000000e+00
45.00,0.3913,120.0,0.5000,1.0e-03,+1,8.72664626e-04,equilibrium,3.41488082e-04,8.72664626e-04,3.41488082e-04,3.41511175e-04,1.793328e-04,100.0000,1,42.5858,0.999951,1.469024e-01,NaN,1,NaN,17,SAM 2:1,0.069985,2.921036e-05,15.67,3.41471393e-04,4.887614e-05,0.000000e+00
75.00,0.3913,120.0,0.5000,1.0e-03,+1,8.72664626e-04,equilibrium,3.41488082e-04,8.72664626e-04,3.41488082e-04,3.41511175e-04,1.793328e-04,100.0000,1,80.4763,0.999951,1.802070e-01,NaN,1,NaN,17,SAM 2:1,0.069985,2.921036e-05,14.66,3.41471393e-04,4.887614e-05,0.000000e+00
105.00,0.3913,120.0,0.5000,1.0e-03,+1,8.72664626e-04,equilibrium,3.41488082e-04,8.72664626e-04,3.41488082e-04,3.41511175e-04,1.793328e-04,100.0000,1,109.8060,0.999951,1.442227e-01,NaN,1,NaN,17,SAM 2:1,0.069985,2.921036e-05,11.81,3.41471393e-04,4.887614e-05,0.000000e+00
135.00,0.3913,120.0,0.5000,1.0e-03,+1,8.72664626e-04,equilibrium,3.41488082e-04,8.72664626e-04,3.41488082e-04,3.41511175e-04,1.793327e-04,100.0000,1,113.7631,0.999951,1.597419e-01,NaN,1,NaN,17,SAM 2:1,0.069985,2.921036e-05,13.25,3.41471393e-04,4.887613e-05,0.000000e+00
165.00,0.3913,120.0,0.5000,1.0e-03,+1,8.72664626e-04,equilibrium,3.41488082e-04,8.72664626e-04,3.41488082e-04,3.41511175e-04,1.793327e-04,100.0000,1,136.9087,0.999951,1.711738e-01,NaN,1,NaN,17,SAM 2:1,0.069985,2.921036e-05,7.70,3.41471393e-04,4.887613e-05,0.000000e+00
15.00,0.4416,120.0,0.5000,1.0e-03,+1,8.72664626e-04,equilibrium,3.85403224e-04,8.72664626e-04,3.85403224e-04,3.85403238e-04,1.071492e-07,100.0000,1,165.7500,1.000000,1.183143e-01,NaN,1,NaN,17,SAM 2:1,0.070033,3.671536e-04,7.95,3.85403219e-04,1.312446e-08,0.000000e+00
45.00,0.4416,120.0,0.5000,1.0e-03,+1,8.72664626e-04,equilibrium,3.85403224e-04,8.72664626e-04,3.85403224e-04,3.85403238e-04,1.071492e-07,100.0000,1,123.5873,1.000000,1.162228e-01,NaN,1,NaN,17,SAM 2:1,0.070033,3.671536e-04,12.53,3.85403219e-04,1.312446e-08,0.000000e+00
75.00,0.4416,120.0,0.5000,1.0e-03,+1,8.72664626e-04,equilibrium,3.85403224e-04,8.72664626e-04,3.85403224e-04,3.85403238e-04,1.071492e-07,100.0000,1,62.7718,1.000000,1.609492e-01,NaN,1,NaN,17,SAM 2:1,0.070033,3.671536e-04,12.48,3.85403219e-04,1.312445e-08,0.000000e+00
105.00,0.4416,120.0,0.5000,1.0e-03,+1,8.72664626e-04,equilibrium,3.85403224e-04,8.72664626e-04,3.85403224e-04,3.85403238e-04,1.071492e-07,100.0000,1,76.1596,1.000000,1.430993e-01,NaN,1,NaN,17,SAM 2:1,0.070033,3.671536e-04,12.47,3.85403219e-04,1.312446e-08,0.000000e+00
135.00,0.4416,120.0,0.5000,1.0e-03,+1,8.72664626e-04,equilibrium,3.85403224e-04,8.72664626e-04,3.85403224e-04,3.85403238e-04,1.071492e-07,100.0000,1,87.5309,1.000000,1.663983e-01,NaN,1,NaN,17,SAM 2:1,0.070033,3.671536e-04,11.75,3.85403219e-04,1.312445e-08,0.000000e+00
165.00,0.4416,120.0,0.5000,1.0e-03,+1,8.72664626e-04,equilibrium,3.85403224e-04,8.72664626e-04,3.85403224e-04,3.85403238e-04,1.071492e-07,100.0000,1,16.0457,1.000000,1.163833e-01,NaN,1,NaN,17,SAM 2:1,0.070033,3.671536e-04,6.38,3.85403219e-04,1.312446e-08,0.000000e+00
15.00,0.4920,120.0,0.5000,1.0e-03,+1,8.72664626e-04,equilibrium,4.29335046e-04,8.72664626e-04,4.29335046e-04,4.29335046e-04,3.578712e-11,100.0000,1,25.9340,1.000000,1.053372e-01,NaN,1,NaN,15,SAM 2:1,0.070033,3.214272e-04,6.30,4.29335046e-04,1.873398e-12,0.000000e+00
45.00,0.4920,120.0,0.5000,1.0e-03,+1,8.72664626e-04,equilibrium,4.29335046e-04,8.72664626e-04,4.29335046e-04,4.29335046e-04,3.578497e-11,100.0000,1,111.8061,1.000000,9.346347e-02,NaN,1,NaN,15,SAM 2:1,0.070033,3.214272e-04,9.38,4.29335046e-04,1.868726e-12,0.000000e+00
75.00,0.4920,120.0,0.5000,1.0e-03,+1,8.72664626e-04,equilibrium,4.29335046e-04,8.72664626e-04,4.29335046e-04,4.29335046e-04,3.578194e-11,100.0000,1,79.4463,1.000000,1.028389e-01,NaN,1,NaN,15,SAM 2:1,0.070033,3.214272e-04,9.45,4.29335046e-04,1.876681e-12,0.000000e+00
105.00,0.4920,120.0,0.5000,1.0e-03,+1,8.72664626e-04,equilibrium,4.29335046e-04,8.72664626e-04,4.29335046e-04,4.29335046e-04,3.577992e-11,100.0000,1,62.4091,1.000000,9.185600e-02,NaN,1,NaN,15,SAM 2:1,0.070033,3.214272e-04,10.35,4.29335046e-04,1.874408e-12,0.000000e+00
135.00,0.4920,120.0,0.5000,1.0e-03,+1,8.72664626e-04,equilibrium,4.29335046e-04,8.72664626e-04,4.29335046e-04,4.29335046e-04,3.577929e-11,100.0000,1,43.4332,1.000000,1.281539e-01,NaN,1,NaN,15,SAM 2:1,0.070033,3.214272e-04,10.97,4.29335046e-04,1.873398e-12,0.000000e+00
165.00,0.4920,120.0,0.5000,1.0e-03,+1,8.72664626e-04,equilibrium,4.29335046e-04,8.72664626e-04,4.29335046e-04,4.29335046e-04,3.577802e-11,100.0000,1,163.2327,1.000000,9.379975e-02,NaN,1,NaN,15,SAM 2:1,0.070033,3.214272e-04,5.57,4.29335046e-04,1.876302e-12,0.000000e+00
15.00,0.5423,120.0,0.5000,1.0e-03,+1,8.72664626e-04,equilibrium,4.73266872e-04,8.72664626e-04,4.73266872e-04,4.73266872e-04,1.374534e-14,100.0000,1,143.8948,1.000000,8.711729e-02,NaN,1,NaN,15,SAM 2:1,0.070033,2.066569e-04,4.53,4.73266872e-04,1.105354e-13,0.000000e+00
45.00,0.5423,120.0,0.5000,1.0e-03,+1,8.72664626e-04,equilibrium,4.73266872e-04,8.72664626e-04,4.73266872e-04,4.73266872e-04,4.925413e-15,100.0000,1,72.6381,1.000000,7.810526e-02,NaN,1,NaN,15,SAM 2:1,0.070033,2.066569e-04,8.06,4.73266872e-04,2.502797e-13,0.000000e+00
75.00,0.5423,120.0,0.5000,1.0e-03,+1,8.72664626e-04,equilibrium,4.73266872e-04,8.72664626e-04,4.73266872e-04,4.73266872e-04,1.065264e-14,100.0000,1,101.9443,1.000000,7.793802e-02,NaN,1,NaN,15,SAM 2:1,0.070033,2.066569e-04,7.25,4.73266872e-04,2.859030e-13,0.000000e+00
105.00,0.5423,120.0,0.5000,1.0e-03,+1,8.72664626e-04,equilibrium,4.73266872e-04,8.72664626e-04,4.73266872e-04,4.73266872e-04,1.030900e-14,100.0000,1,72.1627,1.000000,7.566163e-02,NaN,1,NaN,15,SAM 2:1,0.070033,2.066569e-04,7.14,4.73266872e-04,2.856739e-13,0.000000e+00
135.00,0.5423,120.0,0.5000,1.0e-03,+1,8.72664626e-04,equilibrium,4.73266872e-04,8.72664626e-04,4.73266872e-04,4.73266872e-04,4.925413e-15,100.0000,1,134.2443,1.000000,7.803699e-02,NaN,1,NaN,15,SAM 2:1,0.070033,2.066569e-04,9.82,4.73266872e-04,2.500506e-13,0.000000e+00
165.00,0.5423,120.0,0.5000,1.0e-03,+1,8.72664626e-04,equilibrium,4.73266872e-04,8.72664626e-04,4.73266872e-04,4.73266872e-04,9.621736e-15,100.0000,1,47.4995,1.000000,7.789098e-02,NaN,1,NaN,15,SAM 2:1,0.070033,2.066569e-04,5.21,4.73266872e-04,1.154608e-13,0.000000e+00
15.00,0.5927,120.0,0.5000,1.0e-03,+1,8.72664626e-04,equilibrium,5.17198699e-04,8.72664626e-04,5.17198699e-04,5.17198699e-04,3.354075e-15,100.0000,1,137.7189,1.000000,6.586432e-02,NaN,1,NaN,14,SAM 2:1,0.070033,1.306009e-03,5.62,5.17198699e-04,8.238448e-14,0.000000e+00
45.00,0.5927,120.0,0.5000,1.0e-03,+1,8.72664626e-04,equilibrium,5.17198699e-04,8.72664626e-04,5.17198699e-04,5.17198699e-04,4.192594e-16,100.0000,1,95.7357,1.000000,6.567324e-02,NaN,1,NaN,14,SAM 2:1,0.070033,1.305982e-03,7.85,5.17198699e-04,1.815393e-13,0.000000e+00
75.00,0.5927,120.0,0.5000,1.0e-03,+1,8.72664626e-04,equilibrium,5.17198699e-04,8.72664626e-04,5.17198699e-04,5.17198699e-04,1.467408e-15,100.0000,1,63.0386,1.000000,6.336474e-02,NaN,1,NaN,14,SAM 2:1,0.070033,1.305985e-03,8.11,5.17198699e-04,2.056468e-13,0.000000e+00
105.00,0.5927,120.0,0.5000,1.0e-03,+1,8.72664626e-04,equilibrium,5.17198699e-04,8.72664626e-04,5.17198699e-04,5.17198699e-04,1.467408e-15,100.0000,1,75.0178,1.000000,6.355776e-02,NaN,1,NaN,14,SAM 2:1,0.070033,1.305986e-03,9.53,5.17198699e-04,2.056468e-13,0.000000e+00
135.00,0.5927,120.0,0.5000,1.0e-03,+1,8.72664626e-04,equilibrium,5.17198699e-04,8.72664626e-04,5.17198699e-04,5.17198699e-04,6.288892e-16,100.0000,1,116.4566,1.000000,6.576170e-02,NaN,1,NaN,14,SAM 2:1,0.070033,1.305991e-03,8.18,5.17198699e-04,1.815393e-13,0.000000e+00
165.00,0.5927,120.0,0.5000,1.0e-03,+1,8.72664626e-04,equilibrium,5.17198699e-04,8.72664626e-04,5.17198699e-04,5.17198699e-04,2.934816e-15,100.0000,1,31.0836,1.000000,6.517967e-02,NaN,1,NaN,14,SAM 2:1,0.070033,1.306000e-03,5.47,5.17198699e-04,7.882077e-14,0.000000e+00
15.00,0.6430,120.0,0.5000,1.0e-03,+1,8.72664626e-04,equilibrium,5.61130525e-04,8.72664626e-04,5.61130525e-04,5.61130525e-04,7.728699e-16,100.0000,1,31.0782,1.000000,5.608279e-02,NaN,1,NaN,14,SAM 2:1,0.070033,3.364253e-03,6.73,5.61130525e-04,5.970420e-14,0.000000e+00
45.00,0.6430,120.0,0.5000,1.0e-03,+1,8.72664626e-04,equilibrium,5.61130525e-04,8.72664626e-04,5.61130525e-04,5.61130525e-04,0.000000e+00,100.0000,1,112.2824,1.000000,5.616352e-02,NaN,1,NaN,14,SAM 2:1,0.070033,3.364259e-03,6.62,5.61130525e-04,1.389234e-13,0.000000e+00
75.00,0.6430,120.0,0.5000,1.0e-03,+1,8.72664626e-04,equilibrium,5.61130525e-04,8.72664626e-04,5.61130525e-04,5.61130525e-04,7.728699e-16,100.0000,1,117.5792,1.000000,5.414185e-02,NaN,1,NaN,14,SAM 2:1,0.070033,3.364266e-03,6.38,5.61130525e-04,1.561197e-13,0.000000e+00
105.00,0.6430,120.0,0.5000,1.0e-03,+1,8.72664626e-04,equilibrium,5.61130525e-04,8.72664626e-04,5.61130525e-04,5.61130525e-04,9.660873e-16,100.0000,1,100.8994,1.000000,5.967746e-02,NaN,1,NaN,14,SAM 2:1,0.070033,3.364261e-03,6.49,5.61130525e-04,1.566994e-13,0.000000e+00
135.00,0.6430,120.0,0.5000,1.0e-03,+1,8.72664626e-04,equilibrium,5.61130525e-04,8.72664626e-04,5.61130525e-04,5.61130525e-04,0.000000e+00,100.0000,1,100.2322,1.000000,5.878499e-02,NaN,1,NaN,14,SAM 2:1,0.070033,3.364262e-03,6.57,5.61130525e-04,1.389234e-13,0.000000e+00
165.00,0.6430,120.0,0.5000,1.0e-03,+1,8.72664626e-04,equilibrium,5.61130525e-04,8.72664626e-04,5.61130525e-04,5.61130525e-04,7.728699e-16,100.0000,1,159.1080,1.000000,5.552924e-02,NaN,1,NaN,14,SAM 2:1,0.070033,3.364274e-03,4.04,5.61130525e-04,6.260246e-14,0.000000e+00
15.00,0.6934,120.0,0.5000,1.0e-03,+1,8.72664626e-04,equilibrium,6.05062352e-04,8.72664626e-04,6.05062352e-04,6.05062352e-04,1.791885e-16,100.0000,1,73.0594,1.000000,5.079653e-02,NaN,1,NaN,12,SAM 2:1,0.070033,3.360722e-03,3.76,6.05062352e-04,4.712658e-14,0.000000e+00
45.00,0.6934,120.0,0.5000,1.0e-03,+1,8.72664626e-04,equilibrium,6.05062352e-04,8.72664626e-04,6.05062352e-04,6.05062352e-04,1.791885e-16,100.0000,1,115.1329,1.000000,4.849256e-02,NaN,1,NaN,12,SAM 2:1,0.070033,3.360712e-03,5.66,6.05062352e-04,1.100217e-13,0.000000e+00
75.00,0.6934,120.0,0.5000,1.0e-03,+1,8.72664626e-04,equilibrium,6.05062352e-04,8.72664626e-04,6.05062352e-04,6.05062352e-04,3.583770e-16,100.0000,1,64.4832,1.000000,4.654421e-02,NaN,1,NaN,12,SAM 2:1,0.070033,3.360710e-03,5.54,6.05062352e-04,1.236401e-13,0.000000e+00
105.00,0.6934,120.0,0.5000,1.0e-03,+1,8.72664626e-04,equilibrium,6.05062352e-04,8.72664626e-04,6.05062352e-04,6.05062352e-04,3.583770e-16,100.0000,1,71.3491,1.000000,4.660647e-02,NaN,1,NaN,12,SAM 2:1,0.070033,3.360713e-03,5.37,6.05062352e-04,1.234609e-13,0.000000e+00
135.00,0.6934,120.0,0.5000,1.0e-03,+1,8.72664626e-04,equilibrium,6.05062352e-04,8.72664626e-04,6.05062352e-04,6.05062352e-04,0.000000e+00,100.0000,1,42.0629,1.000000,4.853566e-02,NaN,1,NaN,12,SAM 2:1,0.070033,3.360711e-03,4.91,6.05062352e-04,1.098426e-13,0.000000e+00
165.00,0.6934,120.0,0.5000,1.0e-03,+1,8.72664626e-04,equilibrium,6.05062352e-04,8.72664626e-04,6.05062352e-04,6.05062352e-04,7.167540e-16,100.0000,1,118.7115,1.000000,4.819352e-02,NaN,1,NaN,12,SAM 2:1,0.070033,3.360688e-03,3.60,6.05062352e-04,4.605145e-14,0.000000e+00
15.00,0.7437,120.0,0.5000,1.0e-03,+1,8.72664626e-04,equilibrium,6.48994178e-04,8.72664626e-04,6.48994178e-04,6.48994178e-04,6.682354e-16,100.0000,1,22.7174,1.000000,4.273731e-02,NaN,1,NaN,11,SAM 2:1,0.070033,3.359113e-06,2.77,6.48994178e-04,3.625177e-14,0.000000e+00
45.00,0.7437,120.0,0.5000,1.0e-03,+1,8.72664626e-04,equilibrium,6.48994178e-04,8.72664626e-04,6.48994178e-04,6.48994178e-04,0.000000e+00,100.0000,1,56.3222,1.000000,4.214038e-02,NaN,1,NaN,11,SAM 2:1,0.070033,3.359118e-06,4.33,6.48994178e-04,8.920942e-14,0.000000e+00
75.00,0.7437,120.0,0.5000,1.0e-03,+1,8.72664626e-04,equilibrium,6.48994178e-04,8.72664626e-04,6.48994178e-04,6.48994178e-04,3.341177e-16,100.0000,1,66.8446,1.000000,4.062332e-02,NaN,1,NaN,11,SAM 2:1,0.070033,3.359082e-06,4.04,6.48994178e-04,1.004024e-13,0.000000e+00
105.00,0.7437,120.0,0.5000,1.0e-03,+1,8.72664626e-04,equilibrium,6.48994178e-04,8.72664626e-04,6.48994178e-04,6.48994178e-04,1.670588e-16,100.0000,1,67.9929,1.000000,4.062984e-02,NaN,1,NaN,11,SAM 2:1,0.070033,3.359102e-06,3.74,6.48994178e-04,1.002353e-13,0.000000e+00
135.00,0.7437,120.0,0.5000,1.0e-03,+1,8.72664626e-04,equilibrium,6.48994178e-04,8.72664626e-04,6.48994178e-04,6.48994178e-04,0.000000e+00,100.0000,1,92.5806,1.000000,4.243646e-02,NaN,1,NaN,11,SAM 2:1,0.070033,3.359097e-06,5.22,6.48994178e-04,8.920942e-14,0.000000e+00
165.00,0.7437,120.0,0.5000,1.0e-03,+1,8.72664626e-04,equilibrium,6.48994178e-04,8.72664626e-04,6.48994178e-04,6.48994178e-04,1.002353e-15,100.0000,1,146.8365,1.000000,4.221867e-02,NaN,1,NaN,11,SAM 2:1,0.070033,3.359160e-06,2.74,6.48994178e-04,3.792236e-14,0.000000e+00
15.00,0.7940,120.0,0.5000,1.0e-03,+1,8.72664626e-04,equilibrium,6.92926005e-04,8.72664626e-04,6.92926005e-04,6.92926005e-04,3.129345e-16,100.0000,1,150.3704,1.000000,3.771588e-02,NaN,1,NaN,9,SAM 2:1,0.070033,9.064413e-04,2.48,6.92926005e-04,3.176285e-14,0.000000e+00
45.00,0.7940,120.0,0.5000,1.0e-03,+1,8.72664626e-04,equilibrium,6.92926005e-04,8.72664626e-04,6.92926005e-04,6.92926005e-04,0.000000e+00,100.0000,1,101.9658,1.000000,3.735931e-02,NaN,1,NaN,9,SAM 2:1,0.070033,9.064413e-04,3.65,6.92926005e-04,7.400900e-14,0.000000e+00
75.00,0.7940,120.0,0.5000,1.0e-03,+1,8.72664626e-04,equilibrium,6.92926005e-04,8.72664626e-04,6.92926005e-04,6.92926005e-04,1.564672e-16,100.0000,1,81.4124,1.000000,3.559215e-02,NaN,1,NaN,9,SAM 2:1,0.070033,9.064413e-04,3.59,6.92926005e-04,8.308410e-14,0.000000e+00
105.00,0.7940,120.0,0.5000,1.0e-03,+1,8.72664626e-04,equilibrium,6.92926005e-04,8.72664626e-04,6.92926005e-04,6.92926005e-04,1.564672e-16,100.0000,1,62.4509,1.000000,3.571492e-02,NaN,1,NaN,9,SAM 2:1,0.070033,9.064413e-04,3.64,6.92926005e-04,8.308410e-14,0.000000e+00
135.00,0.7940,120.0,0.5000,1.0e-03,+1,8.72664626e-04,equilibrium,6.92926005e-04,8.72664626e-04,6.92926005e-04,6.92926005e-04,0.000000e+00,100.0000,1,110.6261,1.000000,3.769974e-02,NaN,1,NaN,9,SAM 2:1,0.070033,9.064413e-04,3.61,6.92926005e-04,7.400900e-14,0.000000e+00
165.00,0.7940,120.0,0.5000,1.0e-03,+1,8.72664626e-04,equilibrium,6.92926005e-04,8.72664626e-04,6.92926005e-04,6.92926005e-04,1.095271e-15,100.0000,1,40.6643,1.000000,3.738553e-02,NaN,1,NaN,9,SAM 2:1,0.070033,9.064413e-04,2.40,6.92926005e-04,3.004171e-14,0.000000e+00
15.00,0.8599,120.0,0.5000,1.0e-03,+1,8.72664626e-04,equilibrium,7.50438511e-04,8.72664626e-04,7.50438511e-04,7.50438511e-04,8.668549e-16,100.0000,1,76.6089,1.000000,3.193807e-02,NaN,1,NaN,3,SAM 2:1,0.070033,1.843053e-02,2.09,7.50438511e-04,2.224928e-14,0.000000e+00
45.00,0.8599,120.0,0.5000,1.0e-03,+1,8.72664626e-04,equilibrium,7.50438511e-04,8.72664626e-04,7.50438511e-04,7.50438511e-04,0.000000e+00,100.0000,1,54.5721,1.000000,3.204535e-02,NaN,1,NaN,3,SAM 2:1,0.070033,1.843053e-02,3.49,7.50438511e-04,5.952404e-14,0.000000e+00
75.00,0.8599,120.0,0.5000,1.0e-03,+1,8.72664626e-04,equilibrium,7.50438511e-04,8.72664626e-04,7.50438511e-04,7.50438511e-04,0.000000e+00,100.0000,1,78.7121,1.000000,3.047826e-02,NaN,1,NaN,3,SAM 2:1,0.070033,1.843053e-02,3.47,7.50438511e-04,6.674783e-14,0.000000e+00
105.00,0.8599,120.0,0.5000,1.0e-03,+1,8.72664626e-04,equilibrium,7.50438511e-04,8.72664626e-04,7.50438511e-04,7.50438511e-04,1.444758e-16,100.0000,1,108.3944,1.000000,3.045512e-02,NaN,1,NaN,3,SAM 2:1,0.070033,1.843053e-02,3.53,7.50438511e-04,6.674783e-14,0.000000e+00
135.00,0.8599,120.0,0.5000,1.0e-03,+1,8.72664626e-04,equilibrium,7.50438511e-04,8.72664626e-04,7.50438511e-04,7.50438511e-04,0.000000e+00,100.0000,1,94.7395,1.000000,3.203075e-02,NaN,1,NaN,3,SAM 2:1,0.070033,1.843053e-02,3.84,7.50438511e-04,5.952404e-14,0.000000e+00
165.00,0.8599,120.0,0.5000,1.0e-03,+1,8.72664626e-04,equilibrium,7.50438511e-04,8.72664626e-04,7.50438511e-04,7.50438511e-04,5.779033e-16,100.0000,1,115.2340,1.000000,3.208710e-02,NaN,1,NaN,3,SAM 2:1,0.070033,1.843053e-02,2.30,7.50438511e-04,2.311613e-14,0.000000e+00
15.00,0.8755,120.0,0.5000,1.0e-03,+1,8.72664626e-04,equilibrium,7.64019190e-04,8.72664626e-04,7.64019190e-04,7.64019190e-04,8.514463e-16,100.0000,1,69.0903,1.000000,3.085933e-02,NaN,1,NaN,2,SAM 2:1,0.070033,3.686106e-02,2.40,7.64019190e-04,2.327287e-14,0.000000e+00
45.00,0.8755,120.0,0.5000,1.0e-03,+1,8.72664626e-04,equilibrium,7.64019190e-04,8.72664626e-04,7.64019190e-04,7.64019190e-04,0.000000e+00,100.0000,1,45.7155,1.000000,3.057062e-02,NaN,1,NaN,2,SAM 2:1,0.070033,3.686106e-02,3.43,7.64019190e-04,5.704690e-14,0.000000e+00
75.00,0.8755,120.0,0.5000,1.0e-03,+1,8.72664626e-04,equilibrium,7.64019190e-04,8.72664626e-04,7.64019190e-04,7.64019190e-04,0.000000e+00,100.0000,1,77.6723,1.000000,2.944892e-02,NaN,1,NaN,2,SAM 2:1,0.070033,3.686106e-02,3.45,7.64019190e-04,6.385847e-14,0.000000e+00
105.00,0.8755,120.0,0.5000,1.0e-03,+1,8.72664626e-04,equilibrium,7.64019190e-04,8.72664626e-04,7.64019190e-04,7.64019190e-04,0.000000e+00,100.0000,1,62.5337,1.000000,2.947147e-02,NaN,1,NaN,2,SAM 2:1,0.070033,3.686106e-02,3.38,7.64019190e-04,6.385847e-14,0.000000e+00
135.00,0.8755,120.0,0.5000,1.0e-03,+1,8.72664626e-04,equilibrium,7.64019190e-04,8.72664626e-04,7.64019190e-04,7.64019190e-04,0.000000e+00,100.0000,1,107.4307,1.000000,3.100554e-02,NaN,1,NaN,2,SAM 2:1,0.070033,3.686106e-02,3.70,7.64019190e-04,5.704690e-14,0.000000e+00
165.00,0.8755,120.0,0.5000,1.0e-03,+1,8.72664626e-04,equilibrium,7.64019190e-04,8.72664626e-04,7.64019190e-04,7.64019190e-04,4.257231e-16,100.0000,1,99.1720,1.000000,3.085191e-02,NaN,1,NaN,2,SAM 2:1,0.070033,3.686106e-02,2.18,7.64019190e-04,2.256333e-14,0.000000e+00
15.00,0.8911,120.0,0.5000,1.0e-03,+1,8.72664626e-04,equilibrium,7.77599870e-04,8.72664626e-04,7.77599870e-04,7.77599870e-04,2.788586e-16,100.0000,1,139.2522,1.000000,2.986888e-02,NaN,1,NaN,1,SAM 2:1,0.070033,5.529159e-02,2.14,7.77599870e-04,2.258755e-14,0.000000e+00
45.00,0.8911,120.0,0.5000,1.0e-03,+1,8.72664626e-04,equilibrium,7.77599870e-04,8.72664626e-04,7.77599870e-04,7.77599870e-04,0.000000e+00,100.0000,1,138.6771,1.000000,2.997491e-02,NaN,1,NaN,1,SAM 2:1,0.070033,5.529159e-02,3.35,7.77599870e-04,5.465629e-14,0.000000e+00
75.00,0.8911,120.0,0.5000,1.0e-03,+1,8.72664626e-04,equilibrium,7.77599870e-04,8.72664626e-04,7.77599870e-04,7.77599870e-04,0.000000e+00,100.0000,1,84.1674,1.000000,2.835908e-02,NaN,1,NaN,1,SAM 2:1,0.070033,5.529159e-02,3.17,7.77599870e-04,6.176719e-14,0.000000e+00
105.00,0.8911,120.0,0.5000,1.0e-03,+1,8.72664626e-04,equilibrium,7.77599870e-04,8.72664626e-04,7.77599870e-04,7.77599870e-04,0.000000e+00,100.0000,1,112.3757,1.000000,2.830903e-02,NaN,1,NaN,1,SAM 2:1,0.070033,5.529159e-02,3.23,7.77599870e-04,6.120947e-14,0.000000e+00
135.00,0.8911,120.0,0.5000,1.0e-03,+1,8.72664626e-04,equilibrium,7.77599870e-04,8.72664626e-04,7.77599870e-04,7.77599870e-04,0.000000e+00,100.0000,1,50.9309,1.000000,2.995863e-02,NaN,1,NaN,1,SAM 2:1,0.070033,5.529159e-02,20.25,7.77599870e-04,5.465629e-14,0.000000e+00
165.00,0.8911,120.0,0.5000,1.0e-03,+1,8.72664626e-04,equilibrium,7.77599870e-04,8.72664626e-04,7.77599870e-04,7.77599870e-04,1.394293e-16,100.0000,1,29.6800,1.000000,2.986365e-02,NaN,1,NaN,1,SAM 2:1,0.070033,5.529159e-02,8.33,7.77599870e-04,2.328470e-14,0.000000e+00
15.00,0.9066,120.0,0.5000,1.0e-03,+1,8.72664626e-04,equilibrium,7.91180549e-04,8.72664626e-04,7.91180549e-04,7.91180549e-04,6.851800e-16,100.0000,1,133.2948,1.000000,2.890804e-02,NaN,1,NaN,1,SAM 2:1,0.070033,7.372212e-02,7.74,7.91180549e-04,2.206280e-14,0.000000e+00
45.00,0.9066,120.0,0.5000,1.0e-03,+1,8.72664626e-04,equilibrium,7.91180549e-04,8.72664626e-04,7.91180549e-04,7.91180549e-04,0.000000e+00,100.0000,1,98.8888,1.000000,2.894056e-02,NaN,1,NaN,1,SAM 2:1,0.070033,7.372212e-02,10.92,7.91180549e-04,5.221072e-14,0.000000e+00
75.00,0.9066,120.0,0.5000,1.0e-03,+1,8.72664626e-04,equilibrium,7.91180549e-04,8.72664626e-04,7.91180549e-04,7.91180549e-04,1.370360e-16,100.0000,1,114.2917,1.000000,2.752027e-02,NaN,1,NaN,1,SAM 2:1,0.070033,7.372212e-02,10.26,7.91180549e-04,5.865141e-14,0.000000e+00
105.00,0.9066,120.0,0.5000,1.0e-03,+1,8.72664626e-04,equilibrium,7.91180549e-04,8.72664626e-04,7.91180549e-04,7.91180549e-04,0.000000e+00,100.0000,1,110.6088,1.000000,2.743982e-02,NaN,1,NaN,1,SAM 2:1,0.070033,7.372212e-02,10.48,7.91180549e-04,5.824030e-14,0.000000e+00
135.00,0.9066,120.0,0.5000,1.0e-03,+1,8.72664626e-04,equilibrium,7.91180549e-04,8.72664626e-04,7.91180549e-04,7.91180549e-04,0.000000e+00,100.0000,1,51.3819,1.000000,2.895168e-02,NaN,1,NaN,1,SAM 2:1,0.070033,7.372212e-02,10.87,7.91180549e-04,5.207368e-14,0.000000e+00
165.00,0.9066,120.0,0.5000,1.0e-03,+1,8.72664626e-04,equilibrium,7.91180549e-04,8.72664626e-04,7.91180549e-04,7.91180549e-04,4.111080e-16,100.0000,1,35.3742,1.000000,2.893833e-02,NaN,1,NaN,1,SAM 2:1,0.070033,7.372212e-02,7.16,7.91180549e-04,2.206280e-14,0.000000e+00
15.00,0.9222,120.0,0.5000,1.0e-03,+1,8.72664626e-04,equilibrium,8.04761229e-04,8.72664626e-04,8.04761229e-04,8.04761229e-04,0.000000e+00,100.0000,1,49.2055,1.000000,2.806252e-02,NaN,1,NaN,1,SAM 2:1,0.070033,9.215264e-02,7.34,8.04761229e-04,2.155575e-14,0.000000e+00
45.00,0.9222,120.0,0.5000,1.0e-03,+1,8.72664626e-04,equilibrium,8.04761229e-04,8.72664626e-04,8.04761229e-04,8.04761229e-04,0.000000e+00,100.0000,1,138.8716,1.000000,2.804171e-02,NaN,1,NaN,1,SAM 2:1,0.070033,9.215264e-02,12.50,8.04761229e-04,4.971296e-14,0.000000e+00
75.00,0.9222,120.0,0.5000,1.0e-03,+1,8.72664626e-04,equilibrium,8.04761229e-04,8.72664626e-04,8.04761229e-04,8.04761229e-04,0.000000e+00,100.0000,1,117.1163,1.000000,2.305631e-02,NaN,1,NaN,1,SAM 2:1,0.070033,9.215264e-02,11.83,8.04761229e-04,5.617968e-14,0.000000e+00
105.00,0.9222,120.0,0.5000,1.0e-03,+1,8.72664626e-04,equilibrium,8.04761229e-04,8.72664626e-04,8.04761229e-04,8.04761229e-04,2.694469e-16,100.0000,1,104.3601,1.000000,2.621364e-02,NaN,1,NaN,1,SAM 2:1,0.070033,9.215264e-02,12.19,8.04761229e-04,5.631441e-14,0.000000e+00
135.00,0.9222,120.0,0.5000,1.0e-03,+1,8.72664626e-04,equilibrium,8.04761229e-04,8.72664626e-04,8.04761229e-04,8.04761229e-04,0.000000e+00,100.0000,1,51.5464,1.000000,2.800330e-02,NaN,1,NaN,1,SAM 2:1,0.070033,9.215264e-02,12.20,8.04761229e-04,4.971296e-14,0.000000e+00
165.00,0.9222,120.0,0.5000,1.0e-03,+1,8.72664626e-04,equilibrium,8.04761229e-04,8.72664626e-04,8.04761229e-04,8.04761229e-04,1.347235e-16,100.0000,1,119.1984,1.000000,2.803749e-02,NaN,1,NaN,1,SAM 2:1,0.070033,9.215264e-02,7.53,8.04761229e-04,2.115158e-14,0.000000e+00
15.00,0.9378,120.0,0.5000,1.0e-03,+1,8.72664626e-04,equilibrium,8.18341908e-04,8.72664626e-04,8.18341908e-04,8.18341908e-04,7.949261e-16,100.0000,1,118.9954,1.000000,2.702437e-02,NaN,1,NaN,0,SAM 2:1,0.070033,1.105832e-01,7.15,8.18341908e-04,1.722340e-14,0.000000e+00
45.00,0.9378,120.0,0.5000,1.0e-03,+1,8.72664626e-04,equilibrium,8.18341908e-04,8.72664626e-04,8.18341908e-04,8.18341908e-04,0.000000e+00,100.0000,1,45.2728,1.000000,2.699035e-02,NaN,1,NaN,0,SAM 2:1,0.070033,1.105832e-01,12.05,8.18341908e-04,4.796054e-14,0.000000e+00
75.00,0.9378,120.0,0.5000,1.0e-03,+1,8.72664626e-04,equilibrium,8.18341908e-04,8.72664626e-04,8.18341908e-04,8.18341908e-04,0.000000e+00,100.0000,1,106.0625,1.000000,2.577017e-02,NaN,1,NaN,0,SAM 2:1,0.070033,1.105832e-01,11.36,8.18341908e-04,5.405497e-14,0.000000e+00
105.00,0.9378,120.0,0.5000,1.0e-03,+1,8.72664626e-04,equilibrium,8.18341908e-04,8.72664626e-04,8.18341908e-04,8.18341908e-04,0.000000e+00,100.0000,1,116.6344,1.000000,2.571443e-02,NaN,1,NaN,0,SAM 2:1,0.070033,1.105832e-01,10.43,8.18341908e-04,5.392248e-14,0.000000e+00
135.00,0.9378,120.0,0.5000,1.0e-03,+1,8.72664626e-04,equilibrium,8.18341908e-04,8.72664626e-04,8.18341908e-04,8.18341908e-04,0.000000e+00,100.0000,1,108.2126,1.000000,2.717017e-02,NaN,1,NaN,0,SAM 2:1,0.070033,1.105832e-01,11.88,8.18341908e-04,4.796054e-14,0.000000e+00
165.00,0.9378,120.0,0.5000,1.0e-03,+1,8.72664626e-04,equilibrium,8.18341908e-04,8.72664626e-04,8.18341908e-04,8.18341908e-04,3.974630e-16,100.0000,1,72.8260,1.000000,2.699957e-02,NaN,1,NaN,0,SAM 2:1,0.070033,1.105832e-01,8.39,8.18341908e-04,1.881325e-14,0.000000e+00
15.00,0.9533,120.0,0.5000,1.0e-03,+1,8.72664626e-04,equilibrium,8.31922588e-04,8.72664626e-04,8.31922588e-04,8.31922588e-04,3.909747e-16,100.0000,1,15.0517,1.000000,2.632460e-02,NaN,1,NaN,0,SAM 2:1,0.070033,1.290137e-01,6.97,8.31922588e-04,1.902743e-14,0.000000e+00
45.00,0.9533,120.0,0.5000,1.0e-03,+1,8.72664626e-04,equilibrium,8.31922588e-04,8.72664626e-04,8.31922588e-04,8.31922588e-04,0.000000e+00,100.0000,1,43.5037,1.000000,2.632402e-02,NaN,1,NaN,0,SAM 2:1,0.070033,1.290137e-01,11.53,8.31922588e-04,4.587436e-14,0.000000e+00
75.00,0.9533,120.0,0.5000,1.0e-03,+1,8.72664626e-04,equilibrium,8.31922588e-04,8.72664626e-04,8.31922588e-04,8.31922588e-04,0.000000e+00,100.0000,1,63.8221,1.000000,2.492005e-02,NaN,1,NaN,0,SAM 2:1,0.070033,1.290137e-01,10.02,8.31922588e-04,5.186931e-14,0.000000e+00
105.00,0.9533,120.0,0.5000,1.0e-03,+1,8.72664626e-04,equilibrium,8.31922588e-04,8.72664626e-04,8.31922588e-04,8.31922588e-04,0.000000e+00,100.0000,1,88.0100,1.000000,2.493762e-02,NaN,1,NaN,0,SAM 2:1,0.070033,1.290137e-01,10.33,8.31922588e-04,5.147833e-14,0.000000e+00
135.00,0.9533,120.0,0.5000,1.0e-03,+1,8.72664626e-04,equilibrium,8.31922588e-04,8.72664626e-04,8.31922588e-04,8.31922588e-04,0.000000e+00,100.0000,1,111.6544,1.000000,2.629806e-02,NaN,1,NaN,0,SAM 2:1,0.070033,1.290137e-01,10.31,8.31922588e-04,4.587436e-14,0.000000e+00
165.00,0.9533,120.0,0.5000,1.0e-03,+1,8.72664626e-04,equilibrium,8.31922588e-04,8.72664626e-04,8.31922588e-04,8.31922588e-04,0.000000e+00,100.0000,1,165.0523,1.000000,2.629932e-02,NaN,1,NaN,0,SAM 2:1,0.070033,1.290137e-01,7.36,8.31922588e-04,1.941841e-14,0.000000e+00
15.00,0.9689,120.0,0.5000,1.0e-03,+1,8.72664626e-04,equilibrium,8.45503267e-04,8.72664626e-04,8.45503267e-04,8.45503267e-04,3.846947e-16,100.0000,1,33.3570,1.000000,2.539534e-02,NaN,1,NaN,0,SAM 2:1,0.070033,1.474442e-01,6.82,8.45503267e-04,1.936297e-14,0.000000e+00
45.00,0.9689,120.0,0.5000,1.0e-03,+1,8.72664626e-04,equilibrium,8.45503267e-04,8.72664626e-04,8.45503267e-04,8.45503267e-04,0.000000e+00,100.0000,1,136.7700,1.000000,2.548756e-02,NaN,1,NaN,0,SAM 2:1,0.070033,1.474442e-01,10.78,8.45503267e-04,4.436813e-14,0.000000e+00
75.00,0.9689,120.0,0.5000,1.0e-03,+1,8.72664626e-04,equilibrium,8.45503267e-04,8.72664626e-04,8.45503267e-04,8.45503267e-04,0.000000e+00,100.0000,1,116.5513,1.000000,2.416838e-02,NaN,1,NaN,0,SAM 2:1,0.070033,1.474442e-01,10.95,8.45503267e-04,4.975385e-14,0.000000e+00
105.00,0.9689,120.0,0.5000,1.0e-03,+1,8.72664626e-04,equilibrium,8.45503267e-04,8.72664626e-04,8.45503267e-04,8.45503267e-04,2.564632e-16,100.0000,1,93.1639,1.000000,2.415553e-02,NaN,1,NaN,0,SAM 2:1,0.070033,1.474442e-01,10.83,8.45503267e-04,4.988208e-14,0.000000e+00
135.00,0.9689,120.0,0.5000,1.0e-03,+1,8.72664626e-04,equilibrium,8.45503267e-04,8.72664626e-04,8.45503267e-04,8.45503267e-04,0.000000e+00,100.0000,1,47.1253,1.000000,2.547935e-02,NaN,1,NaN,0,SAM 2:1,0.070033,1.474442e-01,10.55,8.45503267e-04,4.436813e-14,0.000000e+00
165.00,0.9689,120.0,0.5000,1.0e-03,+1,8.72664626e-04,equilibrium,8.45503267e-04,8.72664626e-04,8.45503267e-04,8.45503267e-04,2.564632e-16,100.0000,1,135.4065,1.000000,2.534690e-02,NaN,1,NaN,0,SAM 2:1,0.070033,1.474442e-01,7.30,8.45503267e-04,1.897827e-14,0.000000e+00
15.00,0.9844,120.0,0.5000,1.0e-03,+1,8.72664626e-04,equilibrium,8.59083947e-04,8.72664626e-04,8.59083947e-04,8.59083947e-04,3.786134e-16,100.0000,1,15.2917,1.000000,2.470966e-02,NaN,1,NaN,0,SAM 2:1,0.070033,1.658748e-01,6.69,8.59083947e-04,1.829965e-14,0.000000e+00
45.00,0.9844,120.0,0.5000,1.0e-03,+1,8.72664626e-04,equilibrium,8.59083947e-04,8.72664626e-04,8.59083947e-04,8.59083947e-04,0.000000e+00,100.0000,1,101.8436,1.000000,2.457996e-02,NaN,1,NaN,0,SAM 2:1,0.070033,1.658748e-01,9.87,8.59083947e-04,4.265710e-14,0.000000e+00
75.00,0.9844,120.0,0.5000,1.0e-03,+1,8.72664626e-04,equilibrium,8.59083947e-04,8.72664626e-04,8.59083947e-04,8.59083947e-04,0.000000e+00,100.0000,1,80.7732,1.000000,2.341519e-02,NaN,1,NaN,0,SAM 2:1,0.070033,1.658748e-01,9.53,8.59083947e-04,4.821010e-14,0.000000e+00
105.00,0.9844,120.0,0.5000,1.0e-03,+1,8.72664626e-04,equilibrium,8.59083947e-04,8.72664626e-04,8.59083947e-04,8.59083947e-04,0.000000e+00,100.0000,1,62.4173,1.000000,2.340849e-02,NaN,1,NaN,0,SAM 2:1,0.070033,1.658748e-01,9.19,8.59083947e-04,4.795769e-14,0.000000e+00
135.00,0.9844,120.0,0.5000,1.0e-03,+1,8.72664626e-04,equilibrium,8.59083947e-04,8.72664626e-04,8.59083947e-04,8.59083947e-04,0.000000e+00,100.0000,1,49.2692,1.000000,2.275254e-02,NaN,1,NaN,0,SAM 2:1,0.070033,1.658748e-01,10.07,8.59083947e-04,4.265710e-14,0.000000e+00
165.00,0.9844,120.0,0.5000,1.0e-03,+1,8.72664626e-04,equilibrium,8.59083947e-04,8.72664626e-04,8.59083947e-04,8.59083947e-04,2.524089e-16,100.0000,1,165.2714,1.000000,2.459932e-02,NaN,1,NaN,0,SAM 2:1,0.070033,1.658748e-01,7.03,8.59083947e-04,1.741621e-14,0.000000e+00
15.00,0.3913,20.0,1.0000,1.0e-03,+1,5.23598776e-03,equilibrium,2.04882836e-03,5.23598776e-03,2.04882836e-03,2.04882836e-03,0.000000e+00,100.0000,1,142.0362,1.000000,4.910442e-03,NaN,1,NaN,17,SAM 2:1,0.070033,3.687483e-03,3.06,2.04882836e-03,1.693381e-15,0.000000e+00
45.00,0.3913,20.0,1.0000,1.0e-03,+1,5.23598776e-03,equilibrium,2.04882836e-03,5.23598776e-03,2.04882836e-03,2.04882836e-03,0.000000e+00,100.0000,1,55.0834,1.000000,4.907613e-03,NaN,1,NaN,17,SAM 2:1,0.070033,3.686935e-03,4.64,2.04882836e-03,4.021780e-15,0.000000e+00
75.00,0.3913,20.0,1.0000,1.0e-03,+1,5.23598776e-03,equilibrium,2.04882836e-03,5.23598776e-03,2.04882836e-03,2.04882836e-03,0.000000e+00,100.0000,1,115.2476,1.000000,4.583580e-03,NaN,1,NaN,17,SAM 2:1,0.070033,3.686930e-03,4.01,2.04882836e-03,5.291816e-15,0.000000e+00
105.00,0.3913,20.0,1.0000,1.0e-03,+1,5.23598776e-03,equilibrium,2.04882836e-03,5.23598776e-03,2.04882836e-03,2.04882836e-03,0.000000e+00,100.0000,1,89.5832,1.000000,4.357387e-03,NaN,1,NaN,17,SAM 2:1,0.070033,3.686841e-03,4.60,2.04882836e-03,5.291816e-15,0.000000e+00
135.00,0.3913,20.0,1.0000,1.0e-03,+1,5.23598776e-03,equilibrium,2.04882836e-03,5.23598776e-03,2.04882836e-03,2.04882836e-03,0.000000e+00,100.0000,1,94.1019,1.000000,4.902828e-03,NaN,1,NaN,17,SAM 2:1,0.070033,3.686921e-03,4.44,2.04882836e-03,4.021780e-15,0.000000e+00
165.00,0.3913,20.0,1.0000,1.0e-03,+1,5.23598776e-03,equilibrium,2.04882836e-03,5.23598776e-03,2.04882836e-03,2.04882836e-03,0.000000e+00,100.0000,1,27.0889,1.000000,4.912308e-03,NaN,1,NaN,17,SAM 2:1,0.070033,3.686660e-03,3.43,2.04882836e-03,1.693381e-15,0.000000e+00
15.00,0.4416,20.0,1.0000,1.0e-03,+1,5.23598776e-03,equilibrium,2.31241931e-03,5.23598776e-03,2.31241931e-03,2.31241931e-03,0.000000e+00,100.0000,1,36.6885,1.000000,3.936929e-03,NaN,1,NaN,17,SAM 2:1,0.070033,6.366236e-02,3.01,2.31241931e-03,1.312810e-15,0.000000e+00
45.00,0.4416,20.0,1.0000,1.0e-03,+1,5.23598776e-03,equilibrium,2.31241931e-03,5.23598776e-03,2.31241931e-03,2.31241931e-03,0.000000e+00,100.0000,1,59.1086,1.000000,3.934060e-03,NaN,1,NaN,17,SAM 2:1,0.070033,6.366238e-02,3.93,2.31241931e-03,3.188252e-15,0.000000e+00
75.00,0.4416,20.0,1.0000,1.0e-03,+1,5.23598776e-03,equilibrium,2.31241931e-03,5.23598776e-03,2.31241931e-03,2.31241931e-03,0.000000e+00,100.0000,1,63.4457,1.000000,3.467040e-03,NaN,1,NaN,17,SAM 2:1,0.070033,6.366209e-02,3.73,2.31241931e-03,4.501061e-15,0.000000e+00
105.00,0.4416,20.0,1.0000,1.0e-03,+1,5.23598776e-03,equilibrium,2.31241931e-03,5.23598776e-03,2.31241931e-03,2.31241931e-03,0.000000e+00,100.0000,1,86.8259,1.000000,3.462490e-03,NaN,1,NaN,17,SAM 2:1,0.070033,6.366230e-02,4.52,2.31241931e-03,4.501061e-15,0.000000e+00
135.00,0.4416,20.0,1.0000,1.0e-03,+1,5.23598776e-03,equilibrium,2.31241931e-03,5.23598776e-03,2.31241931e-03,2.31241931e-03,0.000000e+00,100.0000,1,89.2728,1.000000,3.927151e-03,NaN,1,NaN,17,SAM 2:1,0.070033,6.366227e-02,4.15,2.31241931e-03,3.188252e-15,0.000000e+00
165.00,0.4416,20.0,1.0000,1.0e-03,+1,5.23598776e-03,equilibrium,2.31241931e-03,5.23598776e-03,2.31241931e-03,2.31241931e-03,0.000000e+00,100.0000,1,154.0875,1.000000,3.941132e-03,NaN,1,NaN,17,SAM 2:1,0.070033,6.366231e-02,3.22,2.31241931e-03,1.312810e-15,0.000000e+00
15.00,0.4920,20.0,1.0000,1.0e-03,+1,5.23598776e-03,equilibrium,2.57601027e-03,5.23598776e-03,2.57601027e-03,2.57601027e-03,0.000000e+00,100.0000,1,123.9687,1.000000,3.252101e-03,NaN,1,NaN,15,SAM 2:1,0.070033,3.884853e-02,2.36,2.57601027e-03,1.178476e-15,0.000000e+00
45.00,0.4920,20.0,1.0000,1.0e-03,+1,5.23598776e-03,equilibrium,2.57601027e-03,5.23598776e-03,2.57601027e-03,2.57601027e-03,0.000000e+00,100.0000,1,44.2779,1.000000,3.255927e-03,NaN,1,NaN,15,SAM 2:1,0.070033,3.884853e-02,4.03,2.57601027e-03,2.693659e-15,0.000000e+00
75.00,0.4920,20.0,1.0000,1.0e-03,+1,5.23598776e-03,equilibrium,2.57601027e-03,5.23598776e-03,2.57601027e-03,2.57601027e-03,0.000000e+00,100.0000,1,101.9272,1.000000,2.829619e-03,NaN,1,NaN,15,SAM 2:1,0.070033,3.884853e-02,3.51,2.57601027e-03,4.040489e-15,0.000000e+00
105.00,0.4920,20.0,1.0000,1.0e-03,+1,5.23598776e-03,equilibrium,2.57601027e-03,5.23598776e-03,2.57601027e-03,2.57601027e-03,0.000000e+00,100.0000,1,72.1468,1.000000,2.826085e-03,NaN,1,NaN,15,SAM 2:1,0.070033,3.884853e-02,3.41,2.57601027e-03,4.040489e-15,0.000000e+00
135.00,0.4920,20.0,1.0000,1.0e-03,+1,5.23598776e-03,equilibrium,2.57601027e-03,5.23598776e-03,2.57601027e-03,2.57601027e-03,0.000000e+00,100.0000,1,110.0711,1.000000,2.827909e-03,NaN,1,NaN,15,SAM 2:1,0.070033,3.884853e-02,4.08,2.57601027e-03,2.693659e-15,0.000000e+00
165.00,0.4920,20.0,1.0000,1.0e-03,+1,5.23598776e-03,equilibrium,2.57601027e-03,5.23598776e-03,2.57601027e-03,2.57601027e-03,0.000000e+00,100.0000,1,44.4890,1.000000,3.253107e-03,NaN,1,NaN,15,SAM 2:1,0.070033,3.884853e-02,3.07,2.57601027e-03,1.346830e-15,0.000000e+00
15.00,0.5423,20.0,1.0000,1.0e-03,+1,5.23598776e-03,equilibrium,2.83960123e-03,5.23598776e-03,2.83960123e-03,2.83960123e-03,0.000000e+00,100.0000,1,77.7432,1.000000,2.644466e-03,NaN,1,NaN,15,SAM 2:1,0.070033,2.867307e-03,2.57,2.83960123e-03,1.221808e-15,0.000000e+00
45.00,0.5423,20.0,1.0000,1.0e-03,+1,5.23598776e-03,equilibrium,2.83960123e-03,5.23598776e-03,2.83960123e-03,2.83960123e-03,0.000000e+00,100.0000,1,85.2619,1.000000,2.748001e-03,NaN,1,NaN,15,SAM 2:1,0.070033,2.867302e-03,3.50,2.83960123e-03,2.443616e-15,0.000000e+00
75.00,0.5423,20.0,1.0000,1.0e-03,+1,5.23598776e-03,equilibrium,2.83960123e-03,5.23598776e-03,2.83960123e-03,2.83960123e-03,0.000000e+00,100.0000,1,117.1854,1.000000,2.357757e-03,NaN,1,NaN,15,SAM 2:1,0.070033,2.867305e-03,3.28,2.83960123e-03,3.665423e-15,0.000000e+00
105.00,0.5423,20.0,1.0000,1.0e-03,+1,5.23598776e-03,equilibrium,2.83960123e-03,5.23598776e-03,2.83960123e-03,2.83960123e-03,0.000000e+00,100.0000,1,95.7734,1.000000,2.355999e-03,NaN,1,NaN,15,SAM 2:1,0.070033,2.867301e-03,2.96,2.83960123e-03,3.665423e-15,0.000000e+00
135.00,0.5423,20.0,1.0000,1.0e-03,+1,5.23598776e-03,equilibrium,2.83960123e-03,5.23598776e-03,2.83960123e-03,2.83960123e-03,0.000000e+00,100.0000,1,125.4262,1.000000,2.749775e-03,NaN,1,NaN,15,SAM 2:1,0.070033,2.867300e-03,3.23,2.83960123e-03,2.443616e-15,0.000000e+00
165.00,0.5423,20.0,1.0000,1.0e-03,+1,5.23598776e-03,equilibrium,2.83960123e-03,5.23598776e-03,2.83960123e-03,2.83960123e-03,0.000000e+00,100.0000,1,114.0279,1.000000,3.176433e-03,NaN,1,NaN,15,SAM 2:1,0.070033,2.867296e-03,2.92,2.83960123e-03,1.221808e-15,0.000000e+00
15.00,0.5927,20.0,1.0000,1.0e-03,+1,5.23598776e-03,equilibrium,3.10319219e-03,5.23598776e-03,3.10319219e-03,3.10319219e-03,0.000000e+00,100.0000,1,19.4067,1.000000,2.352904e-03,NaN,1,NaN,14,SAM 2:1,0.070033,1.797068e-02,2.67,3.10319219e-03,8.385189e-16,0.000000e+00
45.00,0.5927,20.0,1.0000,1.0e-03,+1,5.23598776e-03,equilibrium,3.10319219e-03,5.23598776e-03,3.10319219e-03,3.10319219e-03,0.000000e+00,100.0000,1,104.1650,1.000000,2.356110e-03,NaN,1,NaN,14,SAM 2:1,0.070033,1.796935e-02,2.90,3.10319219e-03,1.956544e-15,0.000000e+00
75.00,0.5927,20.0,1.0000,1.0e-03,+1,5.23598776e-03,equilibrium,3.10319219e-03,5.23598776e-03,3.10319219e-03,3.10319219e-03,0.000000e+00,100.0000,1,79.3754,1.000000,1.987035e-03,NaN,1,NaN,14,SAM 2:1,0.070033,1.796946e-02,3.24,3.10319219e-03,2.934816e-15,0.000000e+00
105.00,0.5927,20.0,1.0000,1.0e-03,+1,5.23598776e-03,equilibrium,3.10319219e-03,5.23598776e-03,3.10319219e-03,3.10319219e-03,0.000000e+00,100.0000,1,62.4107,1.000000,1.999413e-03,NaN,1,NaN,14,SAM 2:1,0.070033,1.796940e-02,3.27,3.10319219e-03,2.934816e-15,0.000000e+00
135.00,0.5927,20.0,1.0000,1.0e-03,+1,5.23598776e-03,equilibrium,3.10319219e-03,5.23598776e-03,3.10319219e-03,3.10319219e-03,0.000000e+00,100.0000,1,47.7170,1.000000,2.353779e-03,NaN,1,NaN,14,SAM 2:1,0.070033,1.796942e-02,3.03,3.10319219e-03,1.956544e-15,0.000000e+00
165.00,0.5927,20.0,1.0000,1.0e-03,+1,5.23598776e-03,equilibrium,3.10319219e-03,5.23598776e-03,3.10319219e-03,3.10319219e-03,0.000000e+00,100.0000,1,166.1648,1.000000,2.355267e-03,NaN,1,NaN,14,SAM 2:1,0.070033,1.796951e-02,2.52,3.10319219e-03,8.385189e-16,0.000000e+00
15.00,0.6430,20.0,1.0000,1.0e-03,+1,5.23598776e-03,equilibrium,3.36678315e-03,5.23598776e-03,3.36678315e-03,3.36678315e-03,0.000000e+00,100.0000,1,141.5478,1.000000,2.034481e-03,NaN,1,NaN,14,SAM 2:1,0.070033,4.054108e-02,2.20,3.36678315e-03,9.016815e-16,0.000000e+00
45.00,0.6430,20.0,1.0000,1.0e-03,+1,5.23598776e-03,equilibrium,3.36678315e-03,5.23598776e-03,3.36678315e-03,3.36678315e-03,0.000000e+00,100.0000,1,49.3392,1.000000,2.044783e-03,NaN,1,NaN,14,SAM 2:1,0.070033,4.054059e-02,3.11,3.36678315e-03,1.932175e-15,0.000000e+00
75.00,0.6430,20.0,1.0000,1.0e-03,+1,5.23598776e-03,equilibrium,3.36678315e-03,5.23598776e-03,3.36678315e-03,3.36678315e-03,0.000000e+00,100.0000,1,112.7184,1.000000,1.721319e-03,NaN,1,NaN,14,SAM 2:1,0.070033,4.054043e-02,2.95,3.36678315e-03,2.962668e-15,0.000000e+00
105.00,0.6430,20.0,1.0000,1.0e-03,+1,5.23598776e-03,equilibrium,3.36678315e-03,5.23598776e-03,3.36678315e-03,3.36678315e-03,0.000000e+00,100.0000,1,84.7215,1.000000,1.720435e-03,NaN,1,NaN,14,SAM 2:1,0.070033,4.054046e-02,2.52,3.36678315e-03,2.962668e-15,0.000000e+00
135.00,0.6430,20.0,1.0000,1.0e-03,+1,5.23598776e-03,equilibrium,3.36678315e-03,5.23598776e-03,3.36678315e-03,3.36678315e-03,0.000000e+00,100.0000,1,101.7428,1.000000,2.048184e-03,NaN,1,NaN,14,SAM 2:1,0.070033,4.054103e-02,2.92,3.36678315e-03,1.932175e-15,0.000000e+00
165.00,0.6430,20.0,1.0000,1.0e-03,+1,5.23598776e-03,equilibrium,3.36678315e-03,5.23598776e-03,3.36678315e-03,3.36678315e-03,0.000000e+00,100.0000,1,27.5380,1.000000,2.025726e-03,NaN,1,NaN,14,SAM 2:1,0.070033,4.054066e-02,2.83,3.36678315e-03,9.016815e-16,0.000000e+00
15.00,0.6934,20.0,1.0000,1.0e-03,+1,5.23598776e-03,equilibrium,3.63037411e-03,5.23598776e-03,3.63037411e-03,3.63037411e-03,0.000000e+00,100.0000,1,163.1387,1.000000,1.797761e-03,NaN,1,NaN,12,SAM 2:1,0.070033,6.213597e-02,2.14,3.63037411e-03,8.362130e-16,0.000000e+00
45.00,0.6934,20.0,1.0000,1.0e-03,+1,5.23598776e-03,equilibrium,3.63037411e-03,5.23598776e-03,3.63037411e-03,3.63037411e-03,0.000000e+00,100.0000,1,61.7165,1.000000,1.797365e-03,NaN,1,NaN,12,SAM 2:1,0.070033,6.213382e-02,3.11,3.63037411e-03,1.672426e-15,0.000000e+00
75.00,0.6934,20.0,1.0000,1.0e-03,+1,5.23598776e-03,equilibrium,3.63037411e-03,5.23598776e-03,3.63037411e-03,3.63037411e-03,0.000000e+00,100.0000,1,116.8039,1.000000,1.497323e-03,NaN,1,NaN,12,SAM 2:1,0.070033,6.213373e-02,2.61,3.63037411e-03,2.747557e-15,0.000000e+00
105.00,0.6934,20.0,1.0000,1.0e-03,+1,5.23598776e-03,equilibrium,3.63037411e-03,5.23598776e-03,3.63037411e-03,3.63037411e-03,0.000000e+00,100.0000,1,105.5340,1.000000,1.499322e-03,NaN,1,NaN,12,SAM 2:1,0.070033,6.213413e-02,2.65,3.63037411e-03,2.747557e-15,0.000000e+00
135.00,0.6934,20.0,1.0000,1.0e-03,+1,5.23598776e-03,equilibrium,3.63037411e-03,5.23598776e-03,3.63037411e-03,3.63037411e-03,0.000000e+00,100.0000,1,86.2938,1.000000,1.799612e-03,NaN,1,NaN,12,SAM 2:1,0.070033,6.213443e-02,2.67,3.63037411e-03,1.911344e-15,0.000000e+00
165.00,0.6934,20.0,1.0000,1.0e-03,+1,5.23598776e-03,equilibrium,3.63037411e-03,5.23598776e-03,3.63037411e-03,3.63037411e-03,0.000000e+00,100.0000,1,13.9215,1.000000,1.796499e-03,NaN,1,NaN,12,SAM 2:1,0.070033,6.213606e-02,2.51,3.63037411e-03,8.362130e-16,0.000000e+00
15.00,0.7437,20.0,1.0000,1.0e-03,+1,5.23598776e-03,equilibrium,3.89396507e-03,5.23598776e-03,3.89396507e-03,3.89396507e-03,0.000000e+00,100.0000,1,159.0881,1.000000,1.590423e-03,NaN,1,NaN,11,SAM 2:1,0.070033,8.309269e-02,1.97,3.89396507e-03,8.909805e-16,0.000000e+00
45.00,0.7437,20.0,1.0000,1.0e-03,+1,5.23598776e-03,equilibrium,3.89396507e-03,5.23598776e-03,3.89396507e-03,3.89396507e-03,0.000000e+00,100.0000,1,82.2203,1.000000,1.596857e-03,NaN,1,NaN,11,SAM 2:1,0.070033,8.309192e-02,2.60,3.89396507e-03,1.670588e-15,0.000000e+00
75.00,0.7437,20.0,1.0000,1.0e-03,+1,5.23598776e-03,equilibrium,3.89396507e-03,5.23598776e-03,3.89396507e-03,3.89396507e-03,0.000000e+00,100.0000,1,112.1654,1.000000,1.320250e-03,NaN,1,NaN,11,SAM 2:1,0.070033,8.309223e-02,2.57,3.89396507e-03,2.561569e-15,0.000000e+00
105.00,0.7437,20.0,1.0000,1.0e-03,+1,5.23598776e-03,equilibrium,3.89396507e-03,5.23598776e-03,3.89396507e-03,3.89396507e-03,0.000000e+00,100.0000,1,113.0102,1.000000,1.318834e-03,NaN,1,NaN,11,SAM 2:1,0.070033,8.309273e-02,2.64,3.89396507e-03,2.561569e-15,0.000000e+00
135.00,0.7437,20.0,1.0000,1.0e-03,+1,5.23598776e-03,equilibrium,3.89396507e-03,5.23598776e-03,3.89396507e-03,3.89396507e-03,0.000000e+00,100.0000,1,65.4184,1.000000,1.599335e-03,NaN,1,NaN,11,SAM 2:1,0.070033,8.309243e-02,2.79,3.89396507e-03,1.670588e-15,0.000000e+00
165.00,0.7437,20.0,1.0000,1.0e-03,+1,5.23598776e-03,equilibrium,3.89396507e-03,5.23598776e-03,3.89396507e-03,3.89396507e-03,0.000000e+00,100.0000,1,14.2347,1.000000,1.599607e-03,NaN,1,NaN,11,SAM 2:1,0.070033,8.309360e-02,1.96,3.89396507e-03,8.909805e-16,0.000000e+00
15.00,0.7940,20.0,1.0000,1.0e-03,+1,5.23598776e-03,equilibrium,4.15755603e-03,5.23598776e-03,4.15755603e-03,4.15755603e-03,0.000000e+00,100.0000,1,156.4664,1.000000,1.432031e-03,NaN,1,NaN,9,SAM 2:1,0.070033,5.962049e-02,2.07,4.15755603e-03,6.258689e-16,0.000000e+00
45.00,0.7940,20.0,1.0000,1.0e-03,+1,5.23598776e-03,equilibrium,4.15755603e-03,5.23598776e-03,4.15755603e-03,4.15755603e-03,0.000000e+00,100.0000,1,56.0127,1.000000,1.432498e-03,NaN,1,NaN,9,SAM 2:1,0.070033,5.962049e-02,2.35,4.15755603e-03,1.251738e-15,0.000000e+00
75.00,0.7940,20.0,1.0000,1.0e-03,+1,5.23598776e-03,equilibrium,4.15755603e-03,5.23598776e-03,4.15755603e-03,4.15755603e-03,0.000000e+00,100.0000,1,106.6614,1.000000,1.174556e-03,NaN,1,NaN,9,SAM 2:1,0.070033,5.962049e-02,2.50,4.15755603e-03,2.086230e-15,0.000000e+00
105.00,0.7940,20.0,1.0000,1.0e-03,+1,5.23598776e-03,equilibrium,4.15755603e-03,5.23598776e-03,4.15755603e-03,4.15755603e-03,0.000000e+00,100.0000,1,76.7331,1.000000,1.180609e-03,NaN,1,NaN,9,SAM 2:1,0.070033,5.962049e-02,2.34,4.15755603e-03,2.086230e-15,0.000000e+00
135.00,0.7940,20.0,1.0000,1.0e-03,+1,5.23598776e-03,equilibrium,4.15755603e-03,5.23598776e-03,4.15755603e-03,4.15755603e-03,0.000000e+00,100.0000,1,139.5476,1.000000,1.433788e-03,NaN,1,NaN,9,SAM 2:1,0.070033,5.962049e-02,2.62,4.15755603e-03,1.043115e-15,0.000000e+00
165.00,0.7940,20.0,1.0000,1.0e-03,+1,5.23598776e-03,equilibrium,4.15755603e-03,5.23598776e-03,4.15755603e-03,4.15755603e-03,0.000000e+00,100.0000,1,34.0447,1.000000,1.421532e-03,NaN,1,NaN,9,SAM 2:1,0.070033,5.962049e-02,2.04,4.15755603e-03,6.258689e-16,0.000000e+00
15.00,0.8599,20.0,1.0000,1.0e-03,+1,5.23598776e-03,equilibrium,4.50263107e-03,5.23598776e-03,4.50263107e-03,4.50263107e-03,0.000000e+00,100.0000,1,155.7797,1.000000,1.247217e-03,NaN,1,NaN,3,SAM 2:1,0.070033,1.843053e-02,1.90,4.50263107e-03,7.705377e-16,0.000000e+00
45.00,0.8599,20.0,1.0000,1.0e-03,+1,5.23598776e-03,equilibrium,4.50263107e-03,5.23598776e-03,4.50263107e-03,4.50263107e-03,0.000000e+00,100.0000,1,101.8860,1.000000,1.252719e-03,NaN,1,NaN,3,SAM 2:1,0.070033,1.843053e-02,2.42,4.50263107e-03,1.155807e-15,0.000000e+00
75.00,0.8599,20.0,1.0000,1.0e-03,+1,5.23598776e-03,equilibrium,4.50263107e-03,5.23598776e-03,4.50263107e-03,4.50263107e-03,0.000000e+00,100.0000,1,65.3556,1.000000,1.030135e-03,NaN,1,NaN,3,SAM 2:1,0.070033,1.843053e-02,2.28,4.50263107e-03,2.118979e-15,0.000000e+00
105.00,0.8599,20.0,1.0000,1.0e-03,+1,5.23598776e-03,equilibrium,4.50263107e-03,5.23598776e-03,4.50263107e-03,4.50263107e-03,0.000000e+00,100.0000,1,69.8959,1.000000,1.027639e-03,NaN,1,NaN,3,SAM 2:1,0.070033,1.843053e-02,2.17,4.50263107e-03,2.118979e-15,0.000000e+00
135.00,0.8599,20.0,1.0000,1.0e-03,+1,5.23598776e-03,equilibrium,4.50263107e-03,5.23598776e-03,4.50263107e-03,4.50263107e-03,0.000000e+00,100.0000,1,110.7019,1.000000,1.254580e-03,NaN,1,NaN,3,SAM 2:1,0.070033,1.843053e-02,2.24,4.50263107e-03,1.155807e-15,0.000000e+00
165.00,0.8599,20.0,1.0000,1.0e-03,+1,5.23598776e-03,equilibrium,4.50263107e-03,5.23598776e-03,4.50263107e-03,4.50263107e-03,0.000000e+00,100.0000,1,15.8442,1.000000,1.250825e-03,NaN,1,NaN,3,SAM 2:1,0.070033,1.843053e-02,2.11,4.50263107e-03,5.779033e-16,0.000000e+00
15.00,0.8755,20.0,1.0000,1.0e-03,+1,5.23598776e-03,equilibrium,4.58411514e-03,5.23598776e-03,4.58411514e-03,4.58411514e-03,0.000000e+00,100.0000,1,31.5223,1.000000,1.216974e-03,NaN,1,NaN,2,SAM 2:1,0.070033,3.686106e-02,2.10,4.58411514e-03,7.568411e-16,0.000000e+00
45.00,0.8755,20.0,1.0000,1.0e-03,+1,5.23598776e-03,equilibrium,4.58411514e-03,5.23598776e-03,4.58411514e-03,4.58411514e-03,0.000000e+00,100.0000,1,92.7602,1.000000,1.218685e-03,NaN,1,NaN,2,SAM 2:1,0.070033,3.686106e-02,2.30,4.58411514e-03,1.324472e-15,0.000000e+00
75.00,0.8755,20.0,1.0000,1.0e-03,+1,5.23598776e-03,equilibrium,4.58411514e-03,5.23598776e-03,4.58411514e-03,4.58411514e-03,0.000000e+00,100.0000,1,113.8034,1.000000,1.000158e-03,NaN,1,NaN,2,SAM 2:1,0.070033,3.686106e-02,2.08,4.58411514e-03,2.081313e-15,0.000000e+00
105.00,0.8755,20.0,1.0000,1.0e-03,+1,5.23598776e-03,equilibrium,4.58411514e-03,5.23598776e-03,4.58411514e-03,4.58411514e-03,0.000000e+00,100.0000,1,111.2482,1.000000,9.932911e-04,NaN,1,NaN,2,SAM 2:1,0.070033,3.686106e-02,2.11,4.58411514e-03,2.081313e-15,0.000000e+00
135.00,0.8755,20.0,1.0000,1.0e-03,+1,5.23598776e-03,equilibrium,4.58411514e-03,5.23598776e-03,4.58411514e-03,4.58411514e-03,0.000000e+00,100.0000,1,119.1215,1.000000,1.171356e-03,NaN,1,NaN,2,SAM 2:1,0.070033,3.686106e-02,2.33,4.58411514e-03,1.135262e-15,0.000000e+00
165.00,0.8755,20.0,1.0000,1.0e-03,+1,5.23598776e-03,equilibrium,4.58411514e-03,5.23598776e-03,4.58411514e-03,4.58411514e-03,0.000000e+00,100.0000,1,158.6602,1.000000,1.216442e-03,NaN,1,NaN,2,SAM 2:1,0.070033,3.686106e-02,1.82,4.58411514e-03,9.460514e-16,0.000000e+00
15.00,0.8911,20.0,1.0000,1.0e-03,+1,5.23598776e-03,equilibrium,4.66559922e-03,5.23598776e-03,4.66559922e-03,4.66559922e-03,0.000000e+00,100.0000,1,123.5804,1.000000,1.184271e-03,NaN,1,NaN,1,SAM 2:1,0.070033,5.529159e-02,1.93,4.66559922e-03,9.295288e-16,0.000000e+00
45.00,0.8911,20.0,1.0000,1.0e-03,+1,5.23598776e-03,equilibrium,4.66559922e-03,5.23598776e-03,4.66559922e-03,4.66559922e-03,0.000000e+00,100.0000,1,120.0210,1.000000,1.184395e-03,NaN,1,NaN,1,SAM 2:1,0.070033,5.529159e-02,2.11,4.66559922e-03,1.115435e-15,0.000000e+00
75.00,0.8911,20.0,1.0000,1.0e-03,+1,5.23598776e-03,equilibrium,4.66559922e-03,5.23598776e-03,4.66559922e-03,4.66559922e-03,0.000000e+00,100.0000,1,67.6174,1.000000,9.604224e-04,NaN,1,NaN,1,SAM 2:1,0.070033,5.529159e-02,2.26,4.66559922e-03,2.044963e-15,0.000000e+00
105.00,0.8911,20.0,1.0000,1.0e-03,+1,5.23598776e-03,equilibrium,4.66559922e-03,5.23598776e-03,4.66559922e-03,4.66559922e-03,0.000000e+00,100.0000,1,95.8216,1.000000,9.437337e-04,NaN,1,NaN,1,SAM 2:1,0.070033,5.529159e-02,2.04,4.66559922e-03,2.044963e-15,0.000000e+00
135.00,0.8911,20.0,1.0000,1.0e-03,+1,5.23598776e-03,equilibrium,4.66559922e-03,5.23598776e-03,4.66559922e-03,4.66559922e-03,0.000000e+00,100.0000,1,91.7327,1.000000,1.184323e-03,NaN,1,NaN,1,SAM 2:1,0.070033,5.529159e-02,2.25,4.66559922e-03,1.301340e-15,0.000000e+00
165.00,0.8911,20.0,1.0000,1.0e-03,+1,5.23598776e-03,equilibrium,4.66559922e-03,5.23598776e-03,4.66559922e-03,4.66559922e-03,0.000000e+00,100.0000,1,44.8537,1.000000,1.179485e-03,NaN,1,NaN,1,SAM 2:1,0.070033,5.529159e-02,1.86,4.66559922e-03,5.577173e-16,0.000000e+00
15.00,0.9066,20.0,1.0000,1.0e-03,+1,5.23598776e-03,equilibrium,4.74708330e-03,5.23598776e-03,4.74708330e-03,4.74708330e-03,0.000000e+00,100.0000,1,99.0120,1.000000,1.134792e-03,NaN,1,NaN,1,SAM 2:1,0.070033,7.372212e-02,1.86,4.74708330e-03,9.135733e-16,0.000000e+00
45.00,0.9066,20.0,1.0000,1.0e-03,+1,5.23598776e-03,equilibrium,4.74708330e-03,5.23598776e-03,4.74708330e-03,4.74708330e-03,0.000000e+00,100.0000,1,128.0144,1.000000,1.151442e-03,NaN,1,NaN,1,SAM 2:1,0.070033,7.372212e-02,2.16,4.74708330e-03,1.461717e-15,0.000000e+00
75.00,0.9066,20.0,1.0000,1.0e-03,+1,5.23598776e-03,equilibrium,4.74708330e-03,5.23598776e-03,4.74708330e-03,4.74708330e-03,0.000000e+00,100.0000,1,63.6182,1.000000,9.411105e-04,NaN,1,NaN,1,SAM 2:1,0.070033,7.372212e-02,2.11,4.74708330e-03,2.009861e-15,0.000000e+00
105.00,0.9066,20.0,1.0000,1.0e-03,+1,5.23598776e-03,equilibrium,4.74708330e-03,5.23598776e-03,4.74708330e-03,4.74708330e-03,0.000000e+00,100.0000,1,73.2389,1.000000,9.334968e-04,NaN,1,NaN,1,SAM 2:1,0.070033,7.372212e-02,1.90,4.74708330e-03,2.009861e-15,0.000000e+00
135.00,0.9066,20.0,1.0000,1.0e-03,+1,5.23598776e-03,equilibrium,4.74708330e-03,5.23598776e-03,4.74708330e-03,4.74708330e-03,0.000000e+00,100.0000,1,41.0061,1.000000,1.150215e-03,NaN,1,NaN,1,SAM 2:1,0.070033,7.372212e-02,2.18,4.74708330e-03,1.279003e-15,0.000000e+00
165.00,0.9066,20.0,1.0000,1.0e-03,+1,5.23598776e-03,equilibrium,4.74708330e-03,5.23598776e-03,4.74708330e-03,4.74708330e-03,0.000000e+00,100.0000,1,92.7969,1.000000,1.145144e-03,NaN,1,NaN,1,SAM 2:1,0.070033,7.372212e-02,1.85,4.74708330e-03,9.135733e-16,0.000000e+00
15.00,0.9222,20.0,1.0000,1.0e-03,+1,5.23598776e-03,equilibrium,4.82856737e-03,5.23598776e-03,4.82856737e-03,4.82856737e-03,0.000000e+00,100.0000,1,24.2619,1.000000,1.113188e-03,NaN,1,NaN,1,SAM 2:1,0.070033,9.215264e-02,1.83,4.82856737e-03,8.981564e-16,0.000000e+00
45.00,0.9222,20.0,1.0000,1.0e-03,+1,5.23598776e-03,equilibrium,4.82856737e-03,5.23598776e-03,4.82856737e-03,4.82856737e-03,0.000000e+00,100.0000,1,42.4006,1.000000,1.119731e-03,NaN,1,NaN,1,SAM 2:1,0.070033,9.215264e-02,2.11,4.82856737e-03,1.437050e-15,0.000000e+00
75.00,0.9222,20.0,1.0000,1.0e-03,+1,5.23598776e-03,equilibrium,4.82856737e-03,5.23598776e-03,4.82856737e-03,4.82856737e-03,0.000000e+00,100.0000,1,62.5585,1.000000,9.215191e-04,NaN,1,NaN,1,SAM 2:1,0.070033,9.215264e-02,2.43,4.82856737e-03,1.975944e-15,0.000000e+00
105.00,0.9222,20.0,1.0000,1.0e-03,+1,5.23598776e-03,equilibrium,4.82856737e-03,5.23598776e-03,4.82856737e-03,4.82856737e-03,0.000000e+00,100.0000,1,77.4666,1.000000,9.192283e-04,NaN,1,NaN,1,SAM 2:1,0.070033,9.215264e-02,2.55,4.82856737e-03,1.975944e-15,0.000000e+00
135.00,0.9222,20.0,1.0000,1.0e-03,+1,5.23598776e-03,equilibrium,4.82856737e-03,5.23598776e-03,4.82856737e-03,4.82856737e-03,0.000000e+00,100.0000,1,114.2293,1.000000,1.119871e-03,NaN,1,NaN,1,SAM 2:1,0.070033,9.215264e-02,2.33,4.82856737e-03,1.437050e-15,0.000000e+00
165.00,0.9222,20.0,1.0000,1.0e-03,+1,5.23598776e-03,equilibrium,4.82856737e-03,5.23598776e-03,4.82856737e-03,4.82856737e-03,0.000000e+00,100.0000,1,145.1446,1.000000,1.118339e-03,NaN,1,NaN,1,SAM 2:1,0.070033,9.215264e-02,2.27,4.82856737e-03,8.981564e-16,0.000000e+00
15.00,0.9378,20.0,1.0000,1.0e-03,+1,5.23598776e-03,equilibrium,4.91005145e-03,5.23598776e-03,4.91005145e-03,4.91005145e-03,0.000000e+00,100.0000,1,122.8193,1.000000,1.077770e-03,NaN,1,NaN,0,SAM 2:1,0.070033,1.105832e-01,12.65,4.91005145e-03,7.066009e-16,0.000000e+00
45.00,0.9378,20.0,1.0000,1.0e-03,+1,5.23598776e-03,equilibrium,4.91005145e-03,5.23598776e-03,4.91005145e-03,4.91005145e-03,0.000000e+00,100.0000,1,135.3100,1.000000,1.088832e-03,NaN,1,NaN,0,SAM 2:1,0.070033,1.105832e-01,2.48,4.91005145e-03,1.236552e-15,0.000000e+00
75.00,0.9378,20.0,1.0000,1.0e-03,+1,5.23598776e-03,equilibrium,4.91005145e-03,5.23598776e-03,4.91005145e-03,4.91005145e-03,0.000000e+00,100.0000,1,78.0682,1.000000,8.873313e-04,NaN,1,NaN,0,SAM 2:1,0.070033,1.105832e-01,2.40,4.91005145e-03,1.766502e-15,0.000000e+00
105.00,0.9378,20.0,1.0000,1.0e-03,+1,5.23598776e-03,equilibrium,4.91005145e-03,5.23598776e-03,4.91005145e-03,4.91005145e-03,0.000000e+00,100.0000,1,107.8490,1.000000,8.970383e-04,NaN,1,NaN,0,SAM 2:1,0.070033,1.105832e-01,3.01,4.91005145e-03,1.766502e-15,0.000000e+00
135.00,0.9378,20.0,1.0000,1.0e-03,+1,5.23598776e-03,equilibrium,4.91005145e-03,5.23598776e-03,4.91005145e-03,4.91005145e-03,0.000000e+00,100.0000,1,70.7187,1.000000,1.089731e-03,NaN,1,NaN,0,SAM 2:1,0.070033,1.105832e-01,3.18,4.91005145e-03,1.236552e-15,0.000000e+00
165.00,0.9378,20.0,1.0000,1.0e-03,+1,5.23598776e-03,equilibrium,4.91005145e-03,5.23598776e-03,4.91005145e-03,4.91005145e-03,0.000000e+00,100.0000,1,45.5954,1.000000,1.082085e-03,NaN,1,NaN,0,SAM 2:1,0.070033,1.105832e-01,2.54,4.91005145e-03,7.066009e-16,0.000000e+00
15.00,0.9533,20.0,1.0000,1.0e-03,+1,5.23598776e-03,equilibrium,4.99153553e-03,5.23598776e-03,4.99153553e-03,4.99153553e-03,0.000000e+00,100.0000,1,144.8886,1.000000,1.059290e-03,NaN,1,NaN,0,SAM 2:1,0.070033,1.290137e-01,2.04,4.99153553e-03,6.950661e-16,0.000000e+00
45.00,0.9533,20.0,1.0000,1.0e-03,+1,5.23598776e-03,equilibrium,4.99153553e-03,5.23598776e-03,4.99153553e-03,4.99153553e-03,0.000000e+00,100.0000,1,42.1892,1.000000,1.059445e-03,NaN,1,NaN,0,SAM 2:1,0.070033,1.290137e-01,2.64,4.99153553e-03,1.216366e-15,0.000000e+00
75.00,0.9533,20.0,1.0000,1.0e-03,+1,5.23598776e-03,equilibrium,4.99153553e-03,5.23598776e-03,4.99153553e-03,4.99153553e-03,0.000000e+00,100.0000,1,117.2408,1.000000,8.732375e-04,NaN,1,NaN,0,SAM 2:1,0.070033,1.290137e-01,2.72,4.99153553e-03,1.911432e-15,0.000000e+00
105.00,0.9533,20.0,1.0000,1.0e-03,+1,5.23598776e-03,equilibrium,4.99153553e-03,5.23598776e-03,4.99153553e-03,4.99153553e-03,0.000000e+00,100.0000,1,96.0751,1.000000,8.696558e-04,NaN,1,NaN,0,SAM 2:1,0.070033,1.290137e-01,2.62,4.99153553e-03,1.911432e-15,0.000000e+00
135.00,0.9533,20.0,1.0000,1.0e-03,+1,5.23598776e-03,equilibrium,4.99153553e-03,5.23598776e-03,4.99153553e-03,4.99153553e-03,0.000000e+00,100.0000,1,131.1265,1.000000,1.059957e-03,NaN,1,NaN,0,SAM 2:1,0.070033,1.290137e-01,2.71,4.99153553e-03,1.216366e-15,0.000000e+00
165.00,0.9533,20.0,1.0000,1.0e-03,+1,5.23598776e-03,equilibrium,4.99153553e-03,5.23598776e-03,4.99153553e-03,4.99153553e-03,0.000000e+00,100.0000,1,46.4247,1.000000,1.060505e-03,NaN,1,NaN,0,SAM 2:1,0.070033,1.290137e-01,1.88,4.99153553e-03,8.688326e-16,0.000000e+00
15.00,0.9689,20.0,1.0000,1.0e-03,+1,5.23598776e-03,equilibrium,5.07301960e-03,5.23598776e-03,5.07301960e-03,5.07301960e-03,0.000000e+00,100.0000,1,73.4728,1.000000,1.031872e-03,NaN,1,NaN,0,SAM 2:1,0.070033,1.474442e-01,2.10,5.07301960e-03,6.839017e-16,0.000000e+00
45.00,0.9689,20.0,1.0000,1.0e-03,+1,5.23598776e-03,equilibrium,5.07301960e-03,5.23598776e-03,5.07301960e-03,5.07301960e-03,0.000000e+00,100.0000,1,92.7726,1.000000,1.033292e-03,NaN,1,NaN,0,SAM 2:1,0.070033,1.474442e-01,2.51,5.07301960e-03,1.367803e-15,0.000000e+00
75.00,0.9689,20.0,1.0000,1.0e-03,+1,5.23598776e-03,equilibrium,5.07301960e-03,5.23598776e-03,5.07301960e-03,5.07301960e-03,0.000000e+00,100.0000,1,62.6664,1.000000,8.279529e-04,NaN,1,NaN,0,SAM 2:1,0.070033,1.474442e-01,2.24,5.07301960e-03,2.051705e-15,0.000000e+00
105.00,0.9689,20.0,1.0000,1.0e-03,+1,5.23598776e-03,equilibrium,5.07301960e-03,5.23598776e-03,5.07301960e-03,5.07301960e-03,0.000000e+00,100.0000,1,83.3630,1.000000,8.473863e-04,NaN,1,NaN,0,SAM 2:1,0.070033,1.474442e-01,2.35,5.07301960e-03,2.051705e-15,0.000000e+00
135.00,0.9689,20.0,1.0000,1.0e-03,+1,5.23598776e-03,equilibrium,5.07301960e-03,5.23598776e-03,5.07301960e-03,5.07301960e-03,0.000000e+00,100.0000,1,56.1641,1.000000,1.031677e-03,NaN,1,NaN,0,SAM 2:1,0.070033,1.474442e-01,2.33,5.07301960e-03,1.367803e-15,0.000000e+00
165.00,0.9689,20.0,1.0000,1.0e-03,+1,5.23598776e-03,equilibrium,5.07301960e-03,5.23598776e-03,5.07301960e-03,5.07301960e-03,0.000000e+00,100.0000,1,118.2854,1.000000,1.033502e-03,NaN,1,NaN,0,SAM 2:1,0.070033,1.474442e-01,2.21,5.07301960e-03,1.025853e-15,0.000000e+00
15.00,0.9844,20.0,1.0000,1.0e-03,+1,5.23598776e-03,equilibrium,5.15450368e-03,5.23598776e-03,5.15450368e-03,5.15450368e-03,0.000000e+00,100.0000,1,18.2914,1.000000,1.005716e-03,NaN,1,NaN,0,SAM 2:1,0.070033,1.658748e-01,2.23,5.15450368e-03,6.730904e-16,0.000000e+00
45.00,0.9844,20.0,1.0000,1.0e-03,+1,5.23598776e-03,equilibrium,5.15450368e-03,5.23598776e-03,5.15450368e-03,5.15450368e-03,0.000000e+00,100.0000,1,136.7644,1.000000,8.248699e-04,NaN,1,NaN,0,SAM 2:1,0.070033,1.658748e-01,2.15,5.15450368e-03,1.177908e-15,0.000000e+00
75.00,0.9844,20.0,1.0000,1.0e-03,+1,5.23598776e-03,equilibrium,5.15450368e-03,5.23598776e-03,5.15450368e-03,5.15450368e-03,0.000000e+00,100.0000,1,104.4950,1.000000,8.259534e-04,NaN,1,NaN,0,SAM 2:1,0.070033,1.658748e-01,2.26,5.15450368e-03,1.682726e-15,0.000000e+00
105.00,0.9844,20.0,1.0000,1.0e-03,+1,5.23598776e-03,equilibrium,5.15450368e-03,5.23598776e-03,5.15450368e-03,5.15450368e-03,0.000000e+00,100.0000,1,74.5014,1.000000,8.260343e-04,NaN,1,NaN,0,SAM 2:1,0.070033,1.658748e-01,2.18,5.15450368e-03,1.682726e-15,0.000000e+00
135.00,0.9844,20.0,1.0000,1.0e-03,+1,5.23598776e-03,equilibrium,5.15450368e-03,5.23598776e-03,5.15450368e-03,5.15450368e-03,0.000000e+00,100.0000,1,47.1135,1.000000,9.718605e-04,NaN,1,NaN,0,SAM 2:1,0.070033,1.658748e-01,2.37,5.15450368e-03,1.177908e-15,0.000000e+00
165.00,0.9844,20.0,1.0000,1.0e-03,+1,5.23598776e-03,equilibrium,5.15450368e-03,5.23598776e-03,5.15450368e-03,5.15450368e-03,0.000000e+00,100.0000,1,166.2632,1.000000,1.006055e-03,NaN,1,NaN,0,SAM 2:1,0.070033,1.658748e-01,1.96,5.15450368e-03,5.048178e-16,0.000000e+00
15.00,0.3913,60.0,1.0000,1.0e-03,+1,1.74532925e-03,equilibrium,6.82942785e-04,1.74532925e-03,6.82942785e-04,6.82942785e-04,0.000000e+00,100.0000,1,126.0677,1.000000,3.841988e-02,NaN,1,NaN,17,SAM 2:1,0.070033,1.738984e-03,8.27,6.82942785e-04,1.492292e-14,0.000000e+00
45.00,0.3913,60.0,1.0000,1.0e-03,+1,1.74532925e-03,equilibrium,6.82942785e-04,1.74532925e-03,6.82942785e-04,6.82942785e-04,0.000000e+00,100.0000,1,52.2679,1.000000,3.841750e-02,NaN,1,NaN,17,SAM 2:1,0.070033,1.738984e-03,12.99,6.82942785e-04,3.889484e-14,0.000000e+00
75.00,0.3913,60.0,1.0000,1.0e-03,+1,1.74532925e-03,equilibrium,6.82942785e-04,1.74532925e-03,6.82942785e-04,6.82942785e-04,3.175089e-16,100.0000,1,103.5208,1.000000,3.923259e-02,NaN,1,NaN,17,SAM 2:1,0.070033,1.738984e-03,14.22,6.82942785e-04,4.333997e-14,0.000000e+00
105.00,0.3913,60.0,1.0000,1.0e-03,+1,1.74532925e-03,equilibrium,6.82942785e-04,1.74532925e-03,6.82942785e-04,6.82942785e-04,0.000000e+00,100.0000,1,117.2894,1.000000,3.669749e-02,NaN,1,NaN,17,SAM 2:1,0.070033,1.738984e-03,15.20,6.82942785e-04,4.333997e-14,0.000000e+00
135.00,0.3913,60.0,1.0000,1.0e-03,+1,1.74532925e-03,equilibrium,6.82942785e-04,1.74532925e-03,6.82942785e-04,6.82942785e-04,0.000000e+00,100.0000,1,97.7054,1.000000,3.845347e-02,NaN,1,NaN,17,SAM 2:1,0.070033,1.738984e-03,15.16,6.82942785e-04,3.889484e-14,0.000000e+00
165.00,0.3913,60.0,1.0000,1.0e-03,+1,1.74532925e-03,equilibrium,6.82942785e-04,1.74532925e-03,6.82942785e-04,6.82942785e-04,0.000000e+00,100.0000,1,65.6665,1.000000,3.828255e-02,NaN,1,NaN,17,SAM 2:1,0.070033,1.738984e-03,8.54,6.82942785e-04,1.508167e-14,0.000000e+00
15.00,0.4416,60.0,1.0000,1.0e-03,+1,1.74532925e-03,equilibrium,7.70806438e-04,1.74532925e-03,7.70806438e-04,7.70806438e-04,2.813163e-16,100.0000,1,86.0891,1.000000,3.034519e-02,NaN,1,NaN,17,SAM 2:1,0.070033,5.249086e-03,9.07,7.70806438e-04,1.083068e-14,0.000000e+00
45.00,0.4416,60.0,1.0000,1.0e-03,+1,1.74532925e-03,equilibrium,7.70806438e-04,1.74532925e-03,7.70806438e-04,7.70806438e-04,0.000000e+00,100.0000,1,44.1454,1.000000,3.040690e-02,NaN,1,NaN,17,SAM 2:1,0.070033,5.249086e-03,12.46,7.70806438e-04,2.813163e-14,0.000000e+00
75.00,0.4416,60.0,1.0000,1.0e-03,+1,1.74532925e-03,equilibrium,7.70806438e-04,1.74532925e-03,7.70806438e-04,7.70806438e-04,0.000000e+00,100.0000,1,109.0156,1.000000,2.887892e-02,NaN,1,NaN,17,SAM 2:1,0.070033,5.249086e-03,12.52,7.70806438e-04,3.136677e-14,0.000000e+00
105.00,0.4416,60.0,1.0000,1.0e-03,+1,1.74532925e-03,equilibrium,7.70806438e-04,1.74532925e-03,7.70806438e-04,7.70806438e-04,0.000000e+00,100.0000,1,115.3161,1.000000,2.889950e-02,NaN,1,NaN,17,SAM 2:1,0.070033,5.249086e-03,12.61,7.70806438e-04,3.136677e-14,0.000000e+00
135.00,0.4416,60.0,1.0000,1.0e-03,+1,1.74532925e-03,equilibrium,7.70806438e-04,1.74532925e-03,7.70806438e-04,7.70806438e-04,0.000000e+00,100.0000,1,134.0720,1.000000,3.042037e-02,NaN,1,NaN,17,SAM 2:1,0.070033,5.249086e-03,12.51,7.70806438e-04,2.813163e-14,0.000000e+00
165.00,0.4416,60.0,1.0000,1.0e-03,+1,1.74532925e-03,equilibrium,7.70806438e-04,1.74532925e-03,7.70806438e-04,7.70806438e-04,1.406582e-16,100.0000,1,105.7169,1.000000,3.046309e-02,NaN,1,NaN,17,SAM 2:1,0.070033,5.249086e-03,7.87,7.70806438e-04,1.054936e-14,0.000000e+00
15.00,0.4920,60.0,1.0000,1.0e-03,+1,1.74532925e-03,equilibrium,8.58670091e-04,1.74532925e-03,8.58670091e-04,8.58670091e-04,0.000000e+00,100.0000,1,88.5177,1.000000,2.475602e-02,NaN,1,NaN,15,SAM 2:1,0.070033,7.181499e-03,7.38,8.58670091e-04,8.712304e-15,0.000000e+00
45.00,0.4920,60.0,1.0000,1.0e-03,+1,1.74532925e-03,equilibrium,8.58670091e-04,1.74532925e-03,8.58670091e-04,8.58670091e-04,0.000000e+00,100.0000,1,44.3399,1.000000,2.480227e-02,NaN,1,NaN,15,SAM 2:1,0.070033,7.181499e-03,10.56,8.58670091e-04,2.159136e-14,0.000000e+00
75.00,0.4920,60.0,1.0000,1.0e-03,+1,1.74532925e-03,equilibrium,8.58670091e-04,1.74532925e-03,8.58670091e-04,8.58670091e-04,0.000000e+00,100.0000,1,69.0191,1.000000,2.344841e-02,NaN,1,NaN,15,SAM 2:1,0.070033,7.181499e-03,9.74,8.58670091e-04,2.424293e-14,0.000000e+00
105.00,0.4920,60.0,1.0000,1.0e-03,+1,1.74532925e-03,equilibrium,8.58670091e-04,1.74532925e-03,8.58670091e-04,8.58670091e-04,0.000000e+00,100.0000,1,65.9870,1.000000,2.339307e-02,NaN,1,NaN,15,SAM 2:1,0.070033,7.181499e-03,10.05,8.58670091e-04,2.424293e-14,0.000000e+00
135.00,0.4920,60.0,1.0000,1.0e-03,+1,1.74532925e-03,equilibrium,8.58670091e-04,1.74532925e-03,8.58670091e-04,8.58670091e-04,0.000000e+00,100.0000,1,134.2969,1.000000,2.324019e-02,NaN,1,NaN,15,SAM 2:1,0.070033,7.181499e-03,10.43,8.58670091e-04,2.159136e-14,0.000000e+00
165.00,0.4920,60.0,1.0000,1.0e-03,+1,1.74532925e-03,equilibrium,8.58670091e-04,1.74532925e-03,8.58670091e-04,8.58670091e-04,0.000000e+00,100.0000,1,79.7055,1.000000,2.463904e-02,NaN,1,NaN,15,SAM 2:1,0.070033,7.181499e-03,7.23,8.58670091e-04,8.712304e-15,0.000000e+00
15.00,0.5423,60.0,1.0000,1.0e-03,+1,1.74532925e-03,equilibrium,9.46533744e-04,1.74532925e-03,9.46533744e-04,9.46533744e-04,2.290890e-16,100.0000,1,80.6599,1.000000,2.805515e-02,NaN,1,NaN,15,SAM 2:1,0.070033,1.312946e-04,6.62,9.46533744e-04,6.987213e-15,0.000000e+00
45.00,0.5423,60.0,1.0000,1.0e-03,+1,1.74532925e-03,equilibrium,9.46533744e-04,1.74532925e-03,9.46533744e-04,9.46533744e-04,0.000000e+00,100.0000,1,134.0806,1.000000,2.056110e-02,NaN,1,NaN,15,SAM 2:1,0.070033,1.311128e-04,10.19,9.46533744e-04,1.729622e-14,0.000000e+00
75.00,0.5423,60.0,1.0000,1.0e-03,+1,1.74532925e-03,equilibrium,9.46533744e-04,1.74532925e-03,9.46533744e-04,9.46533744e-04,0.000000e+00,100.0000,1,114.2609,1.000000,2.892613e-02,NaN,1,NaN,15,SAM 2:1,0.070033,1.311049e-04,9.42,9.46533744e-04,1.958711e-14,0.000000e+00
105.00,0.5423,60.0,1.0000,1.0e-03,+1,1.74532925e-03,equilibrium,9.46533744e-04,1.74532925e-03,9.46533744e-04,9.46533744e-04,0.000000e+00,100.0000,1,110.6508,1.000000,1.936373e-02,NaN,1,NaN,15,SAM 2:1,0.070033,1.310798e-04,11.94,9.46533744e-04,1.958711e-14,0.000000e+00
135.00,0.5423,60.0,1.0000,1.0e-03,+1,1.74532925e-03,equilibrium,9.46533744e-04,1.74532925e-03,9.46533744e-04,9.46533744e-04,0.000000e+00,100.0000,1,44.1535,1.000000,2.831762e-02,NaN,1,NaN,15,SAM 2:1,0.070033,1.310733e-04,10.27,9.46533744e-04,1.706713e-14,0.000000e+00
165.00,0.5423,60.0,1.0000,1.0e-03,+1,1.74532925e-03,equilibrium,9.46533744e-04,1.74532925e-03,9.46533744e-04,9.46533744e-04,0.000000e+00,100.0000,1,87.5003,1.000000,2.058168e-02,NaN,1,NaN,15,SAM 2:1,0.070033,1.311129e-04,7.19,9.46533744e-04,6.987213e-15,0.000000e+00
15.00,0.5927,60.0,1.0000,1.0e-03,+1,1.74532925e-03,equilibrium,1.03439740e-03,1.74532925e-03,1.03439740e-03,1.03439740e-03,0.000000e+00,100.0000,1,22.2129,1.000000,1.726541e-02,NaN,1,NaN,14,SAM 2:1,0.070033,1.242339e-02,5.73,1.03439740e-03,5.240743e-15,0.000000e+00
45.00,0.5927,60.0,1.0000,1.0e-03,+1,1.74532925e-03,equilibrium,1.03439740e-03,1.74532925e-03,1.03439740e-03,1.03439740e-03,0.000000e+00,100.0000,1,55.2243,1.000000,1.740194e-02,NaN,1,NaN,14,SAM 2:1,0.070033,1.242339e-02,8.36,1.03439740e-03,1.383556e-14,0.000000e+00
75.00,0.5927,60.0,1.0000,1.0e-03,+1,1.74532925e-03,equilibrium,1.03439740e-03,1.74532925e-03,1.03439740e-03,1.03439740e-03,0.000000e+00,100.0000,1,66.3990,1.000000,1.626876e-02,NaN,1,NaN,14,SAM 2:1,0.070033,1.242339e-02,7.75,1.03439740e-03,1.572223e-14,0.000000e+00
105.00,0.5927,60.0,1.0000,1.0e-03,+1,1.74532925e-03,equilibrium,1.03439740e-03,1.74532925e-03,1.03439740e-03,1.03439740e-03,0.000000e+00,100.0000,1,68.5052,1.000000,1.626177e-02,NaN,1,NaN,14,SAM 2:1,0.070033,1.242339e-02,7.65,1.03439740e-03,1.572223e-14,0.000000e+00
135.00,0.5927,60.0,1.0000,1.0e-03,+1,1.74532925e-03,equilibrium,1.03439740e-03,1.74532925e-03,1.03439740e-03,1.03439740e-03,0.000000e+00,100.0000,1,93.9264,1.000000,1.733983e-02,NaN,1,NaN,14,SAM 2:1,0.070033,1.242339e-02,8.57,1.03439740e-03,1.383556e-14,0.000000e+00
165.00,0.5927,60.0,1.0000,1.0e-03,+1,1.74532925e-03,equilibrium,1.03439740e-03,1.74532925e-03,1.03439740e-03,1.03439740e-03,0.000000e+00,100.0000,1,147.4305,1.000000,1.725614e-02,NaN,1,NaN,14,SAM 2:1,0.070033,1.242339e-02,5.51,1.03439740e-03,5.031113e-15,0.000000e+00
15.00,0.6430,60.0,1.0000,1.0e-03,+1,1.74532925e-03,equilibrium,1.12226105e-03,1.74532925e-03,1.12226105e-03,1.12226105e-03,0.000000e+00,100.0000,1,19.9982,1.000000,1.480772e-02,NaN,1,NaN,14,SAM 2:1,0.070033,2.322930e-02,6.47,1.12226105e-03,4.444002e-15,0.000000e+00
45.00,0.6430,60.0,1.0000,1.0e-03,+1,1.74532925e-03,equilibrium,1.12226105e-03,1.74532925e-03,1.12226105e-03,1.12226105e-03,0.000000e+00,100.0000,1,120.8646,1.000000,1.486516e-02,NaN,1,NaN,14,SAM 2:1,0.070033,2.322928e-02,7.88,1.12226105e-03,1.197948e-14,0.000000e+00
75.00,0.6430,60.0,1.0000,1.0e-03,+1,1.74532925e-03,equilibrium,1.12226105e-03,1.74532925e-03,1.12226105e-03,1.12226105e-03,0.000000e+00,100.0000,1,89.5046,1.000000,1.389855e-02,NaN,1,NaN,14,SAM 2:1,0.070033,2.322932e-02,7.20,1.12226105e-03,1.371844e-14,0.000000e+00
105.00,0.6430,60.0,1.0000,1.0e-03,+1,1.74532925e-03,equilibrium,1.12226105e-03,1.74532925e-03,1.12226105e-03,1.12226105e-03,0.000000e+00,100.0000,1,64.3743,1.000000,1.388350e-02,NaN,1,NaN,14,SAM 2:1,0.070033,2.322927e-02,8.53,1.12226105e-03,1.371844e-14,0.000000e+00
135.00,0.6430,60.0,1.0000,1.0e-03,+1,1.74532925e-03,equilibrium,1.12226105e-03,1.74532925e-03,1.12226105e-03,1.12226105e-03,0.000000e+00,100.0000,1,40.6307,1.000000,1.485003e-02,NaN,1,NaN,14,SAM 2:1,0.070033,2.322927e-02,8.96,1.12226105e-03,1.197948e-14,0.000000e+00
165.00,0.6430,60.0,1.0000,1.0e-03,+1,1.74532925e-03,equilibrium,1.12226105e-03,1.74532925e-03,1.12226105e-03,1.12226105e-03,0.000000e+00,100.0000,1,166.0466,1.000000,1.489853e-02,NaN,1,NaN,14,SAM 2:1,0.070033,2.323019e-02,5.30,1.12226105e-03,4.830437e-15,0.000000e+00
15.00,0.6934,60.0,1.0000,1.0e-03,+1,1.74532925e-03,equilibrium,1.21012470e-03,1.74532925e-03,1.21012470e-03,1.21012470e-03,0.000000e+00,100.0000,1,27.4873,1.000000,1.283789e-02,NaN,1,NaN,12,SAM 2:1,0.070033,1.645889e-02,5.55,1.21012470e-03,4.121336e-15,0.000000e+00
45.00,0.6934,60.0,1.0000,1.0e-03,+1,1.74532925e-03,equilibrium,1.21012470e-03,1.74532925e-03,1.21012470e-03,1.21012470e-03,0.000000e+00,100.0000,1,59.6192,1.000000,1.291927e-02,NaN,1,NaN,12,SAM 2:1,0.070033,1.645889e-02,6.98,1.21012470e-03,1.021374e-14,0.000000e+00
75.00,0.6934,60.0,1.0000,1.0e-03,+1,1.74532925e-03,equilibrium,1.21012470e-03,1.74532925e-03,1.21012470e-03,1.21012470e-03,0.000000e+00,100.0000,1,95.1428,1.000000,1.188100e-02,NaN,1,NaN,12,SAM 2:1,0.070033,1.645889e-02,7.07,1.21012470e-03,1.182644e-14,0.000000e+00
105.00,0.6934,60.0,1.0000,1.0e-03,+1,1.74532925e-03,equilibrium,1.21012470e-03,1.74532925e-03,1.21012470e-03,1.21012470e-03,0.000000e+00,100.0000,1,117.0577,1.000000,1.191626e-02,NaN,1,NaN,12,SAM 2:1,0.070033,1.645889e-02,6.99,1.21012470e-03,1.182644e-14,0.000000e+00
135.00,0.6934,60.0,1.0000,1.0e-03,+1,1.74532925e-03,equilibrium,1.21012470e-03,1.74532925e-03,1.21012470e-03,1.21012470e-03,0.000000e+00,100.0000,1,139.3003,1.000000,1.290796e-02,NaN,1,NaN,12,SAM 2:1,0.070033,1.645889e-02,7.38,1.21012470e-03,1.021374e-14,0.000000e+00
165.00,0.6934,60.0,1.0000,1.0e-03,+1,1.74532925e-03,equilibrium,1.21012470e-03,1.74532925e-03,1.21012470e-03,1.21012470e-03,0.000000e+00,100.0000,1,161.8896,1.000000,1.291486e-02,NaN,1,NaN,12,SAM 2:1,0.070033,1.645889e-02,5.06,1.21012470e-03,3.942147e-15,0.000000e+00
15.00,0.7437,60.0,1.0000,1.0e-03,+1,1.74532925e-03,equilibrium,1.29798836e-03,1.74532925e-03,1.29798836e-03,1.29798836e-03,0.000000e+00,100.0000,1,99.2589,1.000000,1.134797e-02,NaN,1,NaN,11,SAM 2:1,0.070033,1.149517e-02,4.78,1.29798836e-03,3.341177e-15,0.000000e+00
45.00,0.7437,60.0,1.0000,1.0e-03,+1,1.74532925e-03,equilibrium,1.29798836e-03,1.74532925e-03,1.29798836e-03,1.29798836e-03,0.000000e+00,100.0000,1,112.4820,1.000000,1.135574e-02,NaN,1,NaN,11,SAM 2:1,0.070033,1.149523e-02,6.51,1.29798836e-03,9.021178e-15,0.000000e+00
75.00,0.7437,60.0,1.0000,1.0e-03,+1,1.74532925e-03,equilibrium,1.29798836e-03,1.74532925e-03,1.29798836e-03,1.29798836e-03,0.000000e+00,100.0000,1,99.8258,1.000000,1.045996e-02,NaN,1,NaN,11,SAM 2:1,0.070033,1.149515e-02,7.09,1.29798836e-03,1.052471e-14,0.000000e+00
105.00,0.7437,60.0,1.0000,1.0e-03,+1,1.74532925e-03,equilibrium,1.29798836e-03,1.74532925e-03,1.29798836e-03,1.29798836e-03,0.000000e+00,100.0000,1,70.4270,1.000000,1.041492e-02,NaN,1,NaN,11,SAM 2:1,0.070033,1.149519e-02,6.92,1.29798836e-03,1.052471e-14,0.000000e+00
135.00,0.7437,60.0,1.0000,1.0e-03,+1,1.74532925e-03,equilibrium,1.29798836e-03,1.74532925e-03,1.29798836e-03,1.29798836e-03,0.000000e+00,100.0000,1,100.0212,1.000000,1.134531e-02,NaN,1,NaN,11,SAM 2:1,0.070033,1.149515e-02,7.04,1.29798836e-03,9.021178e-15,0.000000e+00
165.00,0.7437,60.0,1.0000,1.0e-03,+1,1.74532925e-03,equilibrium,1.29798836e-03,1.74532925e-03,1.29798836e-03,1.29798836e-03,0.000000e+00,100.0000,1,92.5683,1.000000,1.132915e-02,NaN,1,NaN,11,SAM 2:1,0.070033,1.149519e-02,4.66,1.29798836e-03,2.840000e-15,0.000000e+00
15.00,0.7940,60.0,1.0000,1.0e-03,+1,1.74532925e-03,equilibrium,1.38585201e-03,1.74532925e-03,1.38585201e-03,1.38585201e-03,0.000000e+00,100.0000,1,35.9636,1.000000,1.002071e-02,NaN,1,NaN,9,SAM 2:1,0.070033,4.622343e-02,4.65,1.38585201e-03,3.598746e-15,0.000000e+00
45.00,0.7940,60.0,1.0000,1.0e-03,+1,1.74532925e-03,equilibrium,1.38585201e-03,1.74532925e-03,1.38585201e-03,1.38585201e-03,0.000000e+00,100.0000,1,115.0415,1.000000,1.005410e-02,NaN,1,NaN,9,SAM 2:1,0.070033,4.622374e-02,7.14,1.38585201e-03,7.979829e-15,0.000000e+00
75.00,0.7940,60.0,1.0000,1.0e-03,+1,1.74532925e-03,equilibrium,1.38585201e-03,1.74532925e-03,1.38585201e-03,1.38585201e-03,0.000000e+00,100.0000,1,77.2659,1.000000,9.223488e-03,NaN,1,NaN,9,SAM 2:1,0.070033,4.622338e-02,6.43,1.38585201e-03,9.544501e-15,0.000000e+00
105.00,0.7940,60.0,1.0000,1.0e-03,+1,1.74532925e-03,equilibrium,1.38585201e-03,1.74532925e-03,1.38585201e-03,1.38585201e-03,0.000000e+00,100.0000,1,62.5852,1.000000,9.230759e-03,NaN,1,NaN,9,SAM 2:1,0.070033,4.622324e-02,6.37,1.38585201e-03,9.544501e-15,0.000000e+00
135.00,0.7940,60.0,1.0000,1.0e-03,+1,1.74532925e-03,equilibrium,1.38585201e-03,1.74532925e-03,1.38585201e-03,1.38585201e-03,0.000000e+00,100.0000,1,42.0960,1.000000,1.003751e-02,NaN,1,NaN,9,SAM 2:1,0.070033,4.622325e-02,6.37,1.38585201e-03,7.979829e-15,0.000000e+00
165.00,0.7940,60.0,1.0000,1.0e-03,+1,1.74532925e-03,equilibrium,1.38585201e-03,1.74532925e-03,1.38585201e-03,1.38585201e-03,0.000000e+00,100.0000,1,154.7642,1.000000,9.970632e-03,NaN,1,NaN,9,SAM 2:1,0.070033,4.622343e-02,4.78,1.38585201e-03,3.129345e-15,0.000000e+00
15.00,0.8599,60.0,1.0000,1.0e-03,+1,1.74532925e-03,equilibrium,1.50087702e-03,1.74532925e-03,1.50087702e-03,1.50087702e-03,0.000000e+00,100.0000,1,159.4918,1.000000,8.624234e-03,NaN,1,NaN,3,SAM 2:1,0.070033,1.843053e-02,3.97,1.50087702e-03,2.167137e-15,0.000000e+00
45.00,0.8599,60.0,1.0000,1.0e-03,+1,1.74532925e-03,equilibrium,1.50087702e-03,1.74532925e-03,1.50087702e-03,1.50087702e-03,0.000000e+00,100.0000,1,139.3926,1.000000,8.674697e-03,NaN,1,NaN,3,SAM 2:1,0.070033,1.843053e-02,5.69,1.50087702e-03,6.934839e-15,0.000000e+00
75.00,0.8599,60.0,1.0000,1.0e-03,+1,1.74532925e-03,equilibrium,1.50087702e-03,1.74532925e-03,1.50087702e-03,1.50087702e-03,0.000000e+00,100.0000,1,71.9168,1.000000,7.882116e-03,NaN,1,NaN,3,SAM 2:1,0.070033,1.843053e-02,6.03,1.50087702e-03,8.090646e-15,0.000000e+00
105.00,0.8599,60.0,1.0000,1.0e-03,+1,1.74532925e-03,equilibrium,1.50087702e-03,1.74532925e-03,1.50087702e-03,1.50087702e-03,0.000000e+00,100.0000,1,101.6581,1.000000,7.910413e-03,NaN,1,NaN,3,SAM 2:1,0.070033,1.843053e-02,5.51,1.50087702e-03,8.090646e-15,0.000000e+00
135.00,0.8599,60.0,1.0000,1.0e-03,+1,1.74532925e-03,equilibrium,1.50087702e-03,1.74532925e-03,1.50087702e-03,1.50087702e-03,0.000000e+00,100.0000,1,54.0015,1.000000,8.664069e-03,NaN,1,NaN,3,SAM 2:1,0.070033,1.843053e-02,5.87,1.50087702e-03,6.934839e-15,0.000000e+00
165.00,0.8599,60.0,1.0000,1.0e-03,+1,1.74532925e-03,equilibrium,1.50087702e-03,1.74532925e-03,1.50087702e-03,1.50087702e-03,0.000000e+00,100.0000,1,14.1002,1.000000,8.654396e-03,NaN,1,NaN,3,SAM 2:1,0.070033,1.843053e-02,4.03,1.50087702e-03,2.600565e-15,0.000000e+00
15.00,0.8755,60.0,1.0000,1.0e-03,+1,1.74532925e-03,equilibrium,1.52803838e-03,1.74532925e-03,1.52803838e-03,1.52803838e-03,0.000000e+00,100.0000,1,49.3012,1.000000,8.383893e-03,NaN,1,NaN,2,SAM 2:1,0.070033,3.686106e-02,4.42,1.52803838e-03,2.554339e-15,0.000000e+00
45.00,0.8755,60.0,1.0000,1.0e-03,+1,1.74532925e-03,equilibrium,1.52803838e-03,1.74532925e-03,1.52803838e-03,1.52803838e-03,0.000000e+00,100.0000,1,137.7634,1.000000,8.389433e-03,NaN,1,NaN,2,SAM 2:1,0.070033,3.686106e-02,5.28,1.52803838e-03,6.811570e-15,0.000000e+00
75.00,0.8755,60.0,1.0000,1.0e-03,+1,1.74532925e-03,equilibrium,1.52803838e-03,1.74532925e-03,1.52803838e-03,1.52803838e-03,0.000000e+00,100.0000,1,102.1244,1.000000,7.643122e-03,NaN,1,NaN,2,SAM 2:1,0.070033,3.686106e-02,5.11,1.52803838e-03,8.088740e-15,0.000000e+00
105.00,0.8755,60.0,1.0000,1.0e-03,+1,1.74532925e-03,equilibrium,1.52803838e-03,1.74532925e-03,1.52803838e-03,1.52803838e-03,0.000000e+00,100.0000,1,72.3176,1.000000,7.633705e-03,NaN,1,NaN,2,SAM 2:1,0.070033,3.686106e-02,5.22,1.52803838e-03,8.088740e-15,0.000000e+00
135.00,0.8755,60.0,1.0000,1.0e-03,+1,1.74532925e-03,equilibrium,1.52803838e-03,1.74532925e-03,1.52803838e-03,1.52803838e-03,0.000000e+00,100.0000,1,65.3400,1.000000,7.734869e-03,NaN,1,NaN,2,SAM 2:1,0.070033,3.686106e-02,5.42,1.52803838e-03,6.811570e-15,0.000000e+00
165.00,0.8755,60.0,1.0000,1.0e-03,+1,1.74532925e-03,equilibrium,1.52803838e-03,1.74532925e-03,1.52803838e-03,1.52803838e-03,0.000000e+00,100.0000,1,142.1238,1.000000,8.386782e-03,NaN,1,NaN,2,SAM 2:1,0.070033,3.686106e-02,3.99,1.52803838e-03,2.980062e-15,0.000000e+00
15.00,0.8911,60.0,1.0000,1.0e-03,+1,1.74532925e-03,equilibrium,1.55519974e-03,1.74532925e-03,1.55519974e-03,1.55519974e-03,4.182879e-16,100.0000,1,48.2883,1.000000,8.081459e-03,NaN,1,NaN,1,SAM 2:1,0.070033,5.529159e-02,3.71,1.55519974e-03,2.370298e-15,0.000000e+00
45.00,0.8911,60.0,1.0000,1.0e-03,+1,1.74532925e-03,equilibrium,1.55519974e-03,1.74532925e-03,1.55519974e-03,1.55519974e-03,0.000000e+00,100.0000,1,71.8991,1.000000,8.118828e-03,NaN,1,NaN,1,SAM 2:1,0.070033,5.529159e-02,5.31,1.55519974e-03,6.692607e-15,0.000000e+00
75.00,0.8911,60.0,1.0000,1.0e-03,+1,1.74532925e-03,equilibrium,1.55519974e-03,1.74532925e-03,1.55519974e-03,1.55519974e-03,0.000000e+00,100.0000,1,87.2599,1.000000,7.389363e-03,NaN,1,NaN,1,SAM 2:1,0.070033,5.529159e-02,5.27,1.55519974e-03,7.947471e-15,0.000000e+00
105.00,0.8911,60.0,1.0000,1.0e-03,+1,1.74532925e-03,equilibrium,1.55519974e-03,1.74532925e-03,1.55519974e-03,1.55519974e-03,0.000000e+00,100.0000,1,63.5773,1.000000,7.390490e-03,NaN,1,NaN,1,SAM 2:1,0.070033,5.529159e-02,6.17,1.55519974e-03,7.947471e-15,0.000000e+00
135.00,0.8911,60.0,1.0000,1.0e-03,+1,1.74532925e-03,equilibrium,1.55519974e-03,1.74532925e-03,1.55519974e-03,1.55519974e-03,0.000000e+00,100.0000,1,75.4423,1.000000,8.095550e-03,NaN,1,NaN,1,SAM 2:1,0.070033,5.529159e-02,6.06,1.55519974e-03,6.692607e-15,0.000000e+00
165.00,0.8911,60.0,1.0000,1.0e-03,+1,1.74532925e-03,equilibrium,1.55519974e-03,1.74532925e-03,1.55519974e-03,1.55519974e-03,0.000000e+00,100.0000,1,120.1103,1.000000,8.118055e-03,NaN,1,NaN,1,SAM 2:1,0.070033,5.529159e-02,3.80,1.55519974e-03,2.928016e-15,0.000000e+00
15.00,0.9066,60.0,1.0000,1.0e-03,+1,1.74532925e-03,equilibrium,1.58236110e-03,1.74532925e-03,1.58236110e-03,1.58236110e-03,1.370360e-16,100.0000,1,90.2520,1.000000,7.834781e-03,NaN,1,NaN,1,SAM 2:1,0.070033,7.372212e-02,3.49,1.58236110e-03,2.466648e-15,0.000000e+00
45.00,0.9066,60.0,1.0000,1.0e-03,+1,1.74532925e-03,equilibrium,1.58236110e-03,1.74532925e-03,1.58236110e-03,1.58236110e-03,0.000000e+00,100.0000,1,135.2446,1.000000,7.857958e-03,NaN,1,NaN,1,SAM 2:1,0.070033,7.372212e-02,5.03,1.58236110e-03,6.303656e-15,0.000000e+00
75.00,0.9066,60.0,1.0000,1.0e-03,+1,1.74532925e-03,equilibrium,1.58236110e-03,1.74532925e-03,1.58236110e-03,1.58236110e-03,0.000000e+00,100.0000,1,110.5876,1.000000,7.142730e-03,NaN,1,NaN,1,SAM 2:1,0.070033,7.372212e-02,4.48,1.58236110e-03,7.536980e-15,0.000000e+00
105.00,0.9066,60.0,1.0000,1.0e-03,+1,1.74532925e-03,equilibrium,1.58236110e-03,1.74532925e-03,1.58236110e-03,1.58236110e-03,0.000000e+00,100.0000,1,114.3072,1.000000,7.116063e-03,NaN,1,NaN,1,SAM 2:1,0.070033,7.372212e-02,4.47,1.58236110e-03,7.536980e-15,0.000000e+00
135.00,0.9066,60.0,1.0000,1.0e-03,+1,1.74532925e-03,equilibrium,1.58236110e-03,1.74532925e-03,1.58236110e-03,1.58236110e-03,0.000000e+00,100.0000,1,45.2505,1.000000,7.853887e-03,NaN,1,NaN,1,SAM 2:1,0.070033,7.372212e-02,4.54,1.58236110e-03,6.303656e-15,0.000000e+00
165.00,0.9066,60.0,1.0000,1.0e-03,+1,1.74532925e-03,equilibrium,1.58236110e-03,1.74532925e-03,1.58236110e-03,1.58236110e-03,0.000000e+00,100.0000,1,77.9336,1.000000,7.792972e-03,NaN,1,NaN,1,SAM 2:1,0.070033,7.372212e-02,3.44,1.58236110e-03,2.603684e-15,0.000000e+00
15.00,0.9222,60.0,1.0000,1.0e-03,+1,1.74532925e-03,equilibrium,1.60952246e-03,1.74532925e-03,1.60952246e-03,1.60952246e-03,0.000000e+00,100.0000,1,85.0390,1.000000,7.617790e-03,NaN,1,NaN,1,SAM 2:1,0.070033,9.215264e-02,3.38,1.60952246e-03,2.425022e-15,0.000000e+00
45.00,0.9222,60.0,1.0000,1.0e-03,+1,1.74532925e-03,equilibrium,1.60952246e-03,1.74532925e-03,1.60952246e-03,1.60952246e-03,0.000000e+00,100.0000,1,111.2441,1.000000,7.603265e-03,NaN,1,NaN,1,SAM 2:1,0.070033,9.215264e-02,4.51,1.60952246e-03,6.197279e-15,0.000000e+00
75.00,0.9222,60.0,1.0000,1.0e-03,+1,1.74532925e-03,equilibrium,1.60952246e-03,1.74532925e-03,1.60952246e-03,1.60952246e-03,0.000000e+00,100.0000,1,117.4731,1.000000,6.763253e-03,NaN,1,NaN,1,SAM 2:1,0.070033,9.215264e-02,4.33,1.60952246e-03,7.409790e-15,0.000000e+00
105.00,0.9222,60.0,1.0000,1.0e-03,+1,1.74532925e-03,equilibrium,1.60952246e-03,1.74532925e-03,1.60952246e-03,1.60952246e-03,0.000000e+00,100.0000,1,97.7109,1.000000,6.717602e-03,NaN,1,NaN,1,SAM 2:1,0.070033,9.215264e-02,4.40,1.60952246e-03,7.409790e-15,0.000000e+00
135.00,0.9222,60.0,1.0000,1.0e-03,+1,1.74532925e-03,equilibrium,1.60952246e-03,1.74532925e-03,1.60952246e-03,1.60952246e-03,0.000000e+00,100.0000,1,43.6976,1.000000,7.598549e-03,NaN,1,NaN,1,SAM 2:1,0.070033,9.215264e-02,4.72,1.60952246e-03,6.197279e-15,0.000000e+00
165.00,0.9222,60.0,1.0000,1.0e-03,+1,1.74532925e-03,equilibrium,1.60952246e-03,1.74532925e-03,1.60952246e-03,1.60952246e-03,0.000000e+00,100.0000,1,83.1525,1.000000,7.626196e-03,NaN,1,NaN,1,SAM 2:1,0.070033,9.215264e-02,3.32,1.60952246e-03,2.829193e-15,0.000000e+00
15.00,0.9378,60.0,1.0000,1.0e-03,+1,1.74532925e-03,equilibrium,1.63668382e-03,1.74532925e-03,1.63668382e-03,1.63668382e-03,0.000000e+00,100.0000,1,35.3015,1.000000,7.396092e-03,NaN,1,NaN,0,SAM 2:1,0.070033,1.105832e-01,2.99,1.63668382e-03,1.987315e-15,0.000000e+00
45.00,0.9378,60.0,1.0000,1.0e-03,+1,1.74532925e-03,equilibrium,1.63668382e-03,1.74532925e-03,1.63668382e-03,1.63668382e-03,0.000000e+00,100.0000,1,60.4459,1.000000,7.344525e-03,NaN,1,NaN,0,SAM 2:1,0.070033,1.105832e-01,4.67,1.63668382e-03,5.961945e-15,0.000000e+00
75.00,0.9378,60.0,1.0000,1.0e-03,+1,1.74532925e-03,equilibrium,1.63668382e-03,1.74532925e-03,1.63668382e-03,1.63668382e-03,0.000000e+00,100.0000,1,70.9841,1.000000,6.691012e-03,NaN,1,NaN,0,SAM 2:1,0.070033,1.105832e-01,4.14,1.63668382e-03,7.154334e-15,0.000000e+00
105.00,0.9378,60.0,1.0000,1.0e-03,+1,1.74532925e-03,equilibrium,1.63668382e-03,1.74532925e-03,1.63668382e-03,1.63668382e-03,0.000000e+00,100.0000,1,100.5302,1.000000,6.695451e-03,NaN,1,NaN,0,SAM 2:1,0.070033,1.105832e-01,4.44,1.63668382e-03,7.154334e-15,0.000000e+00
135.00,0.9378,60.0,1.0000,1.0e-03,+1,1.74532925e-03,equilibrium,1.63668382e-03,1.74532925e-03,1.63668382e-03,1.63668382e-03,0.000000e+00,100.0000,1,139.1587,1.000000,7.385847e-03,NaN,1,NaN,0,SAM 2:1,0.070033,1.105832e-01,4.19,1.63668382e-03,5.961945e-15,0.000000e+00
165.00,0.9378,60.0,1.0000,1.0e-03,+1,1.74532925e-03,equilibrium,1.63668382e-03,1.74532925e-03,1.63668382e-03,1.63668382e-03,0.000000e+00,100.0000,1,133.3738,1.000000,7.387681e-03,NaN,1,NaN,0,SAM 2:1,0.070033,1.105832e-01,3.64,1.63668382e-03,2.914729e-15,0.000000e+00
15.00,0.9533,60.0,1.0000,1.0e-03,+1,1.74532925e-03,equilibrium,1.66384518e-03,1.74532925e-03,1.66384518e-03,1.66384518e-03,0.000000e+00,100.0000,1,64.5854,1.000000,7.172724e-03,NaN,1,NaN,0,SAM 2:1,0.070033,1.290137e-01,3.39,1.66384518e-03,2.215523e-15,0.000000e+00
45.00,0.9533,60.0,1.0000,1.0e-03,+1,1.74532925e-03,equilibrium,1.66384518e-03,1.74532925e-03,1.66384518e-03,1.66384518e-03,0.000000e+00,100.0000,1,44.5889,1.000000,7.156602e-03,NaN,1,NaN,0,SAM 2:1,0.070033,1.290137e-01,4.97,1.66384518e-03,5.734295e-15,0.000000e+00
75.00,0.9533,60.0,1.0000,1.0e-03,+1,1.74532925e-03,equilibrium,1.66384518e-03,1.74532925e-03,1.66384518e-03,1.66384518e-03,0.000000e+00,100.0000,1,81.6207,1.000000,6.484638e-03,NaN,1,NaN,0,SAM 2:1,0.070033,1.290137e-01,4.41,1.66384518e-03,6.907219e-15,0.000000e+00
105.00,0.9533,60.0,1.0000,1.0e-03,+1,1.74532925e-03,equilibrium,1.66384518e-03,1.74532925e-03,1.66384518e-03,1.66384518e-03,0.000000e+00,100.0000,1,110.6568,1.000000,6.464053e-03,NaN,1,NaN,0,SAM 2:1,0.070033,1.290137e-01,4.41,1.66384518e-03,6.907219e-15,0.000000e+00
135.00,0.9533,60.0,1.0000,1.0e-03,+1,1.74532925e-03,equilibrium,1.66384518e-03,1.74532925e-03,1.66384518e-03,1.66384518e-03,0.000000e+00,100.0000,1,109.4720,1.000000,7.174194e-03,NaN,1,NaN,0,SAM 2:1,0.070033,1.290137e-01,4.42,1.66384518e-03,5.734295e-15,0.000000e+00
165.00,0.9533,60.0,1.0000,1.0e-03,+1,1.74532925e-03,equilibrium,1.66384518e-03,1.74532925e-03,1.66384518e-03,1.66384518e-03,3.909747e-16,100.0000,1,127.1013,1.000000,7.174795e-03,NaN,1,NaN,0,SAM 2:1,0.070033,1.290137e-01,3.34,1.66384518e-03,2.215523e-15,0.000000e+00
15.00,0.9689,60.0,1.0000,1.0e-03,+1,1.74532925e-03,equilibrium,1.69100653e-03,1.74532925e-03,1.69100653e-03,1.69100653e-03,0.000000e+00,100.0000,1,153.4864,1.000000,6.938053e-03,NaN,1,NaN,0,SAM 2:1,0.070033,1.474442e-01,3.40,1.69100653e-03,2.564632e-15,0.000000e+00
45.00,0.9689,60.0,1.0000,1.0e-03,+1,1.74532925e-03,equilibrium,1.69100653e-03,1.74532925e-03,1.69100653e-03,1.69100653e-03,0.000000e+00,100.0000,1,46.5362,1.000000,6.963315e-03,NaN,1,NaN,0,SAM 2:1,0.070033,1.474442e-01,4.66,1.69100653e-03,5.642189e-15,0.000000e+00
75.00,0.9689,60.0,1.0000,1.0e-03,+1,1.74532925e-03,equilibrium,1.69100653e-03,1.74532925e-03,1.69100653e-03,1.69100653e-03,0.000000e+00,100.0000,1,96.0963,1.000000,6.290596e-03,NaN,1,NaN,0,SAM 2:1,0.070033,1.474442e-01,13.85,1.69100653e-03,7.052737e-15,0.000000e+00
105.00,0.9689,60.0,1.0000,1.0e-03,+1,1.74532925e-03,equilibrium,1.69100653e-03,1.74532925e-03,1.69100653e-03,1.69100653e-03,0.000000e+00,100.0000,1,67.7912,1.000000,6.253811e-03,NaN,1,NaN,0,SAM 2:1,0.070033,1.474442e-01,5.42,1.69100653e-03,7.052737e-15,0.000000e+00
135.00,0.9689,60.0,1.0000,1.0e-03,+1,1.74532925e-03,equilibrium,1.69100653e-03,1.74532925e-03,1.69100653e-03,1.69100653e-03,0.000000e+00,100.0000,1,136.3430,1.000000,6.951444e-03,NaN,1,NaN,0,SAM 2:1,0.070033,1.474442e-01,7.16,1.69100653e-03,5.642189e-15,0.000000e+00
165.00,0.9689,60.0,1.0000,1.0e-03,+1,1.74532925e-03,equilibrium,1.69100653e-03,1.74532925e-03,1.69100653e-03,1.69100653e-03,0.000000e+00,100.0000,1,17.3651,1.000000,6.932137e-03,NaN,1,NaN,0,SAM 2:1,0.070033,1.474442e-01,4.34,1.69100653e-03,2.564632e-15,0.000000e+00
15.00,0.9844,60.0,1.0000,1.0e-03,+1,1.74532925e-03,equilibrium,1.71816789e-03,1.74532925e-03,1.71816789e-03,1.71816789e-03,0.000000e+00,100.0000,1,26.2988,1.000000,6.672732e-03,NaN,1,NaN,0,SAM 2:1,0.070033,1.658748e-01,4.95,1.71816789e-03,2.271680e-15,0.000000e+00
45.00,0.9844,60.0,1.0000,1.0e-03,+1,1.74532925e-03,equilibrium,1.71816789e-03,1.74532925e-03,1.71816789e-03,1.71816789e-03,0.000000e+00,100.0000,1,139.5024,1.000000,5.530167e-03,NaN,1,NaN,0,SAM 2:1,0.070033,1.658748e-01,6.21,1.71816789e-03,5.300587e-15,0.000000e+00
75.00,0.9844,60.0,1.0000,1.0e-03,+1,1.74532925e-03,equilibrium,1.71816789e-03,1.74532925e-03,1.71816789e-03,1.71816789e-03,0.000000e+00,100.0000,1,106.0506,1.000000,6.098333e-03,NaN,1,NaN,0,SAM 2:1,0.070033,1.658748e-01,5.30,1.71816789e-03,6.815040e-15,0.000000e+00
105.00,0.9844,60.0,1.0000,1.0e-03,+1,1.74532925e-03,equilibrium,1.71816789e-03,1.74532925e-03,1.71816789e-03,1.71816789e-03,0.000000e+00,100.0000,1,76.0792,1.000000,6.089021e-03,NaN,1,NaN,0,SAM 2:1,0.070033,1.658748e-01,4.86,1.71816789e-03,6.815040e-15,0.000000e+00
135.00,0.9844,60.0,1.0000,1.0e-03,+1,1.74532925e-03,equilibrium,1.71816789e-03,1.74532925e-03,1.71816789e-03,1.71816789e-03,0.000000e+00,100.0000,1,55.0581,1.000000,6.727342e-03,NaN,1,NaN,0,SAM 2:1,0.070033,1.658748e-01,5.61,1.71816789e-03,5.300587e-15,0.000000e+00
165.00,0.9844,60.0,1.0000,1.0e-03,+1,1.74532925e-03,equilibrium,1.71816789e-03,1.74532925e-03,1.71816789e-03,1.71816789e-03,0.000000e+00,100.0000,1,162.7990,1.000000,6.749795e-03,NaN,1,NaN,0,SAM 2:1,0.070033,1.658748e-01,3.97,1.71816789e-03,2.524089e-15,0.000000e+00
15.00,0.3913,120.0,1.0000,1.0e-03,+1,8.72664626e-04,equilibrium,3.41471393e-04,8.72664626e-04,3.41471393e-04,3.41471393e-04,1.916378e-10,100.0000,1,106.7321,1.000000,1.456117e-01,NaN,1,NaN,17,SAM 2:1,0.070033,2.921036e-05,14.34,3.41471393e-04,9.200615e-12,0.000000e+00
45.00,0.3913,120.0,1.0000,1.0e-03,+1,8.72664626e-04,equilibrium,3.41471393e-04,8.72664626e-04,3.41471393e-04,3.41471393e-04,1.916444e-10,100.0000,1,75.7765,1.000000,1.691920e-01,NaN,1,NaN,17,SAM 2:1,0.070033,2.921036e-05,26.98,3.41471393e-04,9.198393e-12,0.000000e+00
75.00,0.3913,120.0,1.0000,1.0e-03,+1,8.72664626e-04,equilibrium,3.41471393e-04,8.72664626e-04,3.41471393e-04,3.41471393e-04,1.916425e-10,100.0000,1,62.5158,1.000000,1.445718e-01,NaN,1,NaN,17,SAM 2:1,0.070033,2.921036e-05,29.36,3.41471393e-04,9.198393e-12,0.000000e+00
105.00,0.3913,120.0,1.0000,1.0e-03,+1,8.72664626e-04,equilibrium,3.41471393e-04,8.72664626e-04,3.41471393e-04,3.41471393e-04,1.916484e-10,100.0000,1,77.8333,1.000000,1.497443e-01,NaN,1,NaN,17,SAM 2:1,0.070033,2.921036e-05,27.42,3.41471393e-04,9.195217e-12,0.000000e+00
135.00,0.3913,120.0,1.0000,1.0e-03,+1,8.72664626e-04,equilibrium,3.41471393e-04,8.72664626e-04,3.41471393e-04,3.41471393e-04,1.916406e-10,100.0000,1,132.3204,1.000000,1.516772e-01,NaN,1,NaN,17,SAM 2:1,0.070033,2.921036e-05,26.64,3.41471393e-04,9.202996e-12,0.000000e+00
165.00,0.3913,120.0,1.0000,1.0e-03,+1,8.72664626e-04,equilibrium,3.41471393e-04,8.72664626e-04,3.41471393e-04,3.41471393e-04,1.916411e-10,100.0000,1,61.4604,1.000000,1.518999e-01,NaN,1,NaN,17,SAM 2:1,0.070033,2.921033e-05,16.38,3.41471393e-04,9.199821e-12,0.000000e+00
15.00,0.4416,120.0,1.0000,1.0e-03,+1,8.72664626e-04,equilibrium,3.85403219e-04,8.72664626e-04,3.85403219e-04,3.85403219e-04,7.032908e-15,100.0000,1,153.2623,1.000000,1.166756e-01,NaN,1,NaN,17,SAM 2:1,0.070033,1.648772e-03,13.52,3.85403219e-04,1.153397e-13,0.000000e+00
45.00,0.4416,120.0,1.0000,1.0e-03,+1,8.72664626e-04,equilibrium,3.85403219e-04,8.72664626e-04,3.85403219e-04,3.85403219e-04,2.250531e-15,100.0000,1,80.5128,1.000000,1.167155e-01,NaN,1,NaN,17,SAM 2:1,0.070033,1.648725e-03,22.54,3.85403219e-04,2.655626e-13,0.000000e+00
75.00,0.4416,120.0,1.0000,1.0e-03,+1,8.72664626e-04,equilibrium,3.85403219e-04,8.72664626e-04,3.85403219e-04,3.85403219e-04,6.188959e-15,100.0000,1,115.1844,1.000000,1.340046e-01,NaN,1,NaN,17,SAM 2:1,0.070033,1.648743e-03,21.10,3.85403219e-04,3.026964e-13,0.000000e+00
105.00,0.4416,120.0,1.0000,1.0e-03,+1,8.72664626e-04,equilibrium,3.85403219e-04,8.72664626e-04,3.85403219e-04,3.85403219e-04,6.188959e-15,100.0000,1,109.2452,1.000000,1.166956e-01,NaN,1,NaN,17,SAM 2:1,0.070033,1.648743e-03,23.74,3.85403219e-04,3.022744e-13,0.000000e+00
135.00,0.4416,120.0,1.0000,1.0e-03,+1,8.72664626e-04,equilibrium,3.85403219e-04,8.72664626e-04,3.85403219e-04,3.85403219e-04,2.250531e-15,100.0000,1,67.0159,1.000000,1.256082e-01,NaN,1,NaN,17,SAM 2:1,0.070033,1.648743e-03,26.32,3.85403219e-04,2.659846e-13,0.000000e+00
165.00,0.4416,120.0,1.0000,1.0e-03,+1,8.72664626e-04,equilibrium,3.85403219e-04,8.72664626e-04,3.85403219e-04,3.85403219e-04,5.204352e-15,100.0000,1,17.4003,1.000000,1.164283e-01,NaN,1,NaN,17,SAM 2:1,0.070033,1.648745e-03,15.19,3.85403219e-04,1.168869e-13,0.000000e+00
15.00,0.4920,120.0,1.0000,1.0e-03,+1,8.72664626e-04,equilibrium,4.29335046e-04,8.72664626e-04,4.29335046e-04,4.29335046e-04,1.515183e-15,100.0000,1,47.1227,1.000000,9.463929e-02,NaN,1,NaN,15,SAM 2:1,0.070033,3.214272e-04,11.95,4.29335046e-04,7.171868e-14,0.000000e+00
45.00,0.4920,120.0,1.0000,1.0e-03,+1,8.72664626e-04,equilibrium,4.29335046e-04,8.72664626e-04,4.29335046e-04,4.29335046e-04,0.000000e+00,100.0000,1,131.9826,1.000000,9.459478e-02,NaN,1,NaN,15,SAM 2:1,0.070033,3.214272e-04,19.10,4.29335046e-04,1.752562e-13,0.000000e+00
75.00,0.4920,120.0,1.0000,1.0e-03,+1,8.72664626e-04,equilibrium,4.29335046e-04,8.72664626e-04,4.29335046e-04,4.29335046e-04,6.313264e-16,100.0000,1,109.7871,1.000000,9.262408e-02,NaN,1,NaN,15,SAM 2:1,0.070033,3.214272e-04,20.60,4.29335046e-04,1.972264e-13,0.000000e+00
105.00,0.4920,120.0,1.0000,1.0e-03,+1,8.72664626e-04,equilibrium,4.29335046e-04,8.72664626e-04,4.29335046e-04,4.29335046e-04,1.010122e-15,100.0000,1,114.8517,1.000000,9.888301e-02,NaN,1,NaN,15,SAM 2:1,0.070033,3.214272e-04,20.18,4.29335046e-04,1.965950e-13,0.000000e+00
135.00,0.4920,120.0,1.0000,1.0e-03,+1,8.72664626e-04,equilibrium,4.29335046e-04,8.72664626e-04,4.29335046e-04,4.29335046e-04,2.525306e-16,100.0000,1,76.2977,1.000000,9.364403e-02,NaN,1,NaN,15,SAM 2:1,0.070033,3.214272e-04,21.26,4.29335046e-04,1.752562e-13,0.000000e+00
165.00,0.4920,120.0,1.0000,1.0e-03,+1,8.72664626e-04,equilibrium,4.29335046e-04,8.72664626e-04,4.29335046e-04,4.29335046e-04,2.272775e-15,100.0000,1,121.1366,1.000000,9.456435e-02,NaN,1,NaN,15,SAM 2:1,0.070033,3.214272e-04,13.42,4.29335046e-04,7.336013e-14,0.000000e+00
15.00,0.5423,120.0,1.0000,1.0e-03,+1,8.72664626e-04,equilibrium,4.73266872e-04,8.72664626e-04,4.73266872e-04,4.73266872e-04,3.436334e-16,100.0000,1,127.0692,1.000000,7.805461e-02,NaN,1,NaN,15,SAM 2:1,0.070033,4.070615e-03,11.63,4.73266872e-04,5.360682e-14,0.000000e+00
45.00,0.5423,120.0,1.0000,1.0e-03,+1,8.72664626e-04,equilibrium,4.73266872e-04,8.72664626e-04,4.73266872e-04,4.73266872e-04,0.000000e+00,100.0000,1,40.7128,1.000000,7.815988e-02,NaN,1,NaN,15,SAM 2:1,0.070033,4.070614e-03,17.70,4.73266872e-04,1.234790e-13,0.000000e+00
75.00,0.5423,120.0,1.0000,1.0e-03,+1,8.72664626e-04,equilibrium,4.73266872e-04,8.72664626e-04,4.73266872e-04,4.73266872e-04,4.581779e-16,100.0000,1,116.4733,1.000000,8.372265e-02,NaN,1,NaN,15,SAM 2:1,0.070033,4.070615e-03,18.06,4.73266872e-04,1.375679e-13,0.000000e+00
105.00,0.5423,120.0,1.0000,1.0e-03,+1,8.72664626e-04,equilibrium,4.73266872e-04,8.72664626e-04,4.73266872e-04,4.73266872e-04,1.145445e-16,100.0000,1,106.5175,1.000000,7.577294e-02,NaN,1,NaN,15,SAM 2:1,0.070033,4.070622e-03,17.86,4.73266872e-04,1.380261e-13,0.000000e+00
135.00,0.5423,120.0,1.0000,1.0e-03,+1,8.72664626e-04,equilibrium,4.73266872e-04,8.72664626e-04,4.73266872e-04,4.73266872e-04,0.000000e+00,100.0000,1,126.6781,1.000000,7.826336e-02,NaN,1,NaN,15,SAM 2:1,0.070033,4.070619e-03,19.10,4.73266872e-04,1.234790e-13,0.000000e+00
165.00,0.5423,120.0,1.0000,1.0e-03,+1,8.72664626e-04,equilibrium,4.73266872e-04,8.72664626e-04,4.73266872e-04,4.73266872e-04,1.030900e-15,100.0000,1,64.5017,1.000000,7.804454e-02,NaN,1,NaN,15,SAM 2:1,0.070033,4.070675e-03,12.01,4.73266872e-04,5.085775e-14,0.000000e+00
15.00,0.5927,120.0,1.0000,1.0e-03,+1,8.72664626e-04,equilibrium,5.17198699e-04,8.72664626e-04,5.17198699e-04,5.17198699e-04,8.385189e-16,100.0000,1,66.7379,1.000000,6.545353e-02,NaN,1,NaN,14,SAM 2:1,0.070033,1.305998e-03,10.16,5.17198699e-04,3.773335e-14,0.000000e+00
45.00,0.5927,120.0,1.0000,1.0e-03,+1,8.72664626e-04,equilibrium,5.17198699e-04,8.72664626e-04,5.17198699e-04,5.17198699e-04,0.000000e+00,100.0000,1,97.2779,1.000000,6.578153e-02,NaN,1,NaN,14,SAM 2:1,0.070033,1.305988e-03,15.88,5.17198699e-04,9.056004e-14,0.000000e+00
75.00,0.5927,120.0,1.0000,1.0e-03,+1,8.72664626e-04,equilibrium,5.17198699e-04,8.72664626e-04,5.17198699e-04,5.17198699e-04,2.096297e-16,100.0000,1,116.4547,1.000000,6.349074e-02,NaN,1,NaN,14,SAM 2:1,0.070033,1.305986e-03,14.32,5.17198699e-04,1.012512e-13,0.000000e+00
105.00,0.5927,120.0,1.0000,1.0e-03,+1,8.72664626e-04,equilibrium,5.17198699e-04,8.72664626e-04,5.17198699e-04,5.17198699e-04,2.096297e-16,100.0000,1,92.8451,1.000000,7.816771e-02,NaN,1,NaN,14,SAM 2:1,0.070033,1.305987e-03,14.60,5.17198699e-04,1.010415e-13,0.000000e+00
135.00,0.5927,120.0,1.0000,1.0e-03,+1,8.72664626e-04,equilibrium,5.17198699e-04,8.72664626e-04,5.17198699e-04,5.17198699e-04,0.000000e+00,100.0000,1,115.0461,1.000000,6.574480e-02,NaN,1,NaN,14,SAM 2:1,0.070033,1.305992e-03,15.29,5.17198699e-04,9.056004e-14,0.000000e+00
165.00,0.5927,120.0,1.0000,1.0e-03,+1,8.72664626e-04,equilibrium,5.17198699e-04,8.72664626e-04,5.17198699e-04,5.17198699e-04,1.048149e-15,100.0000,1,124.9749,1.000000,6.558925e-02,NaN,1,NaN,14,SAM 2:1,0.070033,1.305997e-03,10.94,5.17198699e-04,3.710446e-14,0.000000e+00
15.00,0.6430,120.0,1.0000,1.0e-03,+1,8.72664626e-04,equilibrium,5.61130525e-04,8.72664626e-04,5.61130525e-04,5.61130525e-04,7.728699e-16,100.0000,1,28.9853,1.000000,5.623190e-02,NaN,1,NaN,14,SAM 2:1,0.070033,3.425686e-03,8.56,5.61130525e-04,2.801653e-14,0.000000e+00
45.00,0.6430,120.0,1.0000,1.0e-03,+1,8.72664626e-04,equilibrium,5.61130525e-04,8.72664626e-04,5.61130525e-04,5.61130525e-04,0.000000e+00,100.0000,1,41.1390,1.000000,5.615625e-02,NaN,1,NaN,14,SAM 2:1,0.070033,3.425686e-03,12.37,5.61130525e-04,6.975150e-14,0.000000e+00
75.00,0.6430,120.0,1.0000,1.0e-03,+1,8.72664626e-04,equilibrium,5.61130525e-04,8.72664626e-04,5.61130525e-04,5.61130525e-04,0.000000e+00,100.0000,1,62.4736,1.000000,5.404092e-02,NaN,1,NaN,14,SAM 2:1,0.070033,3.425686e-03,11.98,5.61130525e-04,7.728699e-14,0.000000e+00
105.00,0.6430,120.0,1.0000,1.0e-03,+1,8.72664626e-04,equilibrium,5.61130525e-04,8.72664626e-04,5.61130525e-04,5.61130525e-04,1.932175e-16,100.0000,1,78.2772,1.000000,5.405457e-02,NaN,1,NaN,14,SAM 2:1,0.070033,3.425686e-03,11.52,5.61130525e-04,7.748020e-14,0.000000e+00
135.00,0.6430,120.0,1.0000,1.0e-03,+1,8.72664626e-04,equilibrium,5.61130525e-04,8.72664626e-04,5.61130525e-04,5.61130525e-04,0.000000e+00,100.0000,1,118.1859,1.000000,5.619641e-02,NaN,1,NaN,14,SAM 2:1,0.070033,3.425686e-03,12.13,5.61130525e-04,6.975150e-14,0.000000e+00
165.00,0.6430,120.0,1.0000,1.0e-03,+1,8.72664626e-04,equilibrium,5.61130525e-04,8.72664626e-04,5.61130525e-04,5.61130525e-04,0.000000e+00,100.0000,1,140.0525,1.000000,5.603876e-02,NaN,1,NaN,14,SAM 2:1,0.070033,3.425686e-03,7.76,5.61130525e-04,2.782331e-14,0.000000e+00
15.00,0.6934,120.0,1.0000,1.0e-03,+1,8.72664626e-04,equilibrium,6.05062352e-04,8.72664626e-04,6.05062352e-04,6.05062352e-04,5.375655e-16,100.0000,1,51.4598,1.000000,4.803180e-02,NaN,1,NaN,12,SAM 2:1,0.070033,3.360740e-03,7.15,6.05062352e-04,2.239856e-14,0.000000e+00
45.00,0.6934,120.0,1.0000,1.0e-03,+1,8.72664626e-04,equilibrium,6.05062352e-04,8.72664626e-04,6.05062352e-04,6.05062352e-04,0.000000e+00,100.0000,1,125.9010,1.000000,4.842543e-02,NaN,1,NaN,12,SAM 2:1,0.070033,3.360705e-03,11.98,6.05062352e-04,5.519006e-14,0.000000e+00
75.00,0.6934,120.0,1.0000,1.0e-03,+1,8.72664626e-04,equilibrium,6.05062352e-04,8.72664626e-04,6.05062352e-04,6.05062352e-04,1.791885e-16,100.0000,1,76.7954,1.000000,4.661760e-02,NaN,1,NaN,12,SAM 2:1,0.070033,3.360711e-03,11.13,6.05062352e-04,6.092409e-14,0.000000e+00
105.00,0.6934,120.0,1.0000,1.0e-03,+1,8.72664626e-04,equilibrium,6.05062352e-04,8.72664626e-04,6.05062352e-04,6.05062352e-04,0.000000e+00,100.0000,1,62.6565,1.000000,4.666807e-02,NaN,1,NaN,12,SAM 2:1,0.070033,3.360729e-03,11.37,6.05062352e-04,6.110328e-14,0.000000e+00
135.00,0.6934,120.0,1.0000,1.0e-03,+1,8.72664626e-04,equilibrium,6.05062352e-04,8.72664626e-04,6.05062352e-04,6.05062352e-04,0.000000e+00,100.0000,1,40.5946,1.000000,5.312633e-02,NaN,1,NaN,12,SAM 2:1,0.070033,3.360726e-03,11.75,6.05062352e-04,5.519006e-14,0.000000e+00
165.00,0.6934,120.0,1.0000,1.0e-03,+1,8.72664626e-04,equilibrium,6.05062352e-04,8.72664626e-04,6.05062352e-04,6.05062352e-04,3.583770e-16,100.0000,1,140.0295,1.000000,4.811523e-02,NaN,1,NaN,12,SAM 2:1,0.070033,3.360731e-03,7.50,6.05062352e-04,2.221937e-14,0.000000e+00
15.00,0.7437,120.0,1.0000,1.0e-03,+1,8.72664626e-04,equilibrium,6.48994178e-04,8.72664626e-04,6.48994178e-04,6.48994178e-04,0.000000e+00,100.0000,1,159.9469,1.000000,4.239637e-02,NaN,1,NaN,11,SAM 2:1,0.070033,3.359176e-06,5.94,6.48994178e-04,1.637177e-14,0.000000e+00
45.00,0.7437,120.0,1.0000,1.0e-03,+1,8.72664626e-04,equilibrium,6.48994178e-04,8.72664626e-04,6.48994178e-04,6.48994178e-04,0.000000e+00,100.0000,1,76.5411,1.000000,4.202908e-02,NaN,1,NaN,11,SAM 2:1,0.070033,3.359217e-06,9.06,6.48994178e-04,4.477177e-14,0.000000e+00
75.00,0.7437,120.0,1.0000,1.0e-03,+1,8.72664626e-04,equilibrium,6.48994178e-04,8.72664626e-04,6.48994178e-04,6.48994178e-04,1.670588e-16,100.0000,1,91.3957,1.000000,4.050230e-02,NaN,1,NaN,11,SAM 2:1,0.070033,3.359128e-06,8.14,6.48994178e-04,4.961648e-14,0.000000e+00
105.00,0.7437,120.0,1.0000,1.0e-03,+1,8.72664626e-04,equilibrium,6.48994178e-04,8.72664626e-04,6.48994178e-04,6.48994178e-04,0.000000e+00,100.0000,1,65.1927,1.000000,4.059291e-02,NaN,1,NaN,11,SAM 2:1,0.070033,3.359106e-06,7.31,6.48994178e-04,4.961648e-14,0.000000e+00
135.00,0.7437,120.0,1.0000,1.0e-03,+1,8.72664626e-04,equilibrium,6.48994178e-04,8.72664626e-04,6.48994178e-04,6.48994178e-04,0.000000e+00,100.0000,1,131.8236,1.000000,4.242460e-02,NaN,1,NaN,11,SAM 2:1,0.070033,3.359097e-06,7.23,6.48994178e-04,4.477177e-14,0.000000e+00
165.00,0.7437,120.0,1.0000,1.0e-03,+1,8.72664626e-04,equilibrium,6.48994178e-04,8.72664626e-04,6.48994178e-04,6.48994178e-04,1.670588e-16,100.0000,1,30.0937,1.000000,4.228203e-02,NaN,1,NaN,11,SAM 2:1,0.070033,3.357989e-06,4.81,6.48994178e-04,1.887765e-14,0.000000e+00
15.00,0.7940,120.0,1.0000,1.0e-03,+1,8.72664626e-04,equilibrium,6.92926005e-04,8.72664626e-04,6.92926005e-04,6.92926005e-04,4.694017e-16,100.0000,1,111.9117,1.000000,3.737338e-02,NaN,1,NaN,9,SAM 2:1,0.070033,1.204083e-02,5.83,6.92926005e-04,1.439499e-14,0.000000e+00
45.00,0.7940,120.0,1.0000,1.0e-03,+1,8.72664626e-04,equilibrium,6.92926005e-04,8.72664626e-04,6.92926005e-04,6.92926005e-04,0.000000e+00,100.0000,1,71.0280,1.000000,3.740244e-02,NaN,1,NaN,9,SAM 2:1,0.070033,1.204070e-02,7.43,6.92926005e-04,3.708274e-14,0.000000e+00
75.00,0.7940,120.0,1.0000,1.0e-03,+1,8.72664626e-04,equilibrium,6.92926005e-04,8.72664626e-04,6.92926005e-04,6.92926005e-04,3.129345e-16,100.0000,1,114.4200,1.000000,3.569062e-02,NaN,1,NaN,9,SAM 2:1,0.070033,1.204068e-02,6.86,6.92926005e-04,4.162028e-14,0.000000e+00
105.00,0.7940,120.0,1.0000,1.0e-03,+1,8.72664626e-04,equilibrium,6.92926005e-04,8.72664626e-04,6.92926005e-04,6.92926005e-04,0.000000e+00,100.0000,1,87.8009,1.000000,3.570398e-02,NaN,1,NaN,9,SAM 2:1,0.070033,1.204069e-02,6.88,6.92926005e-04,4.146382e-14,0.000000e+00
135.00,0.7940,120.0,1.0000,1.0e-03,+1,8.72664626e-04,equilibrium,6.92926005e-04,8.72664626e-04,6.92926005e-04,6.92926005e-04,0.000000e+00,100.0000,1,135.1445,1.000000,3.740186e-02,NaN,1,NaN,9,SAM 2:1,0.070033,1.204069e-02,6.93,6.92926005e-04,3.708274e-14,0.000000e+00
165.00,0.7940,120.0,1.0000,1.0e-03,+1,8.72664626e-04,equilibrium,6.92926005e-04,8.72664626e-04,6.92926005e-04,6.92926005e-04,4.694017e-16,100.0000,1,79.8579,1.000000,3.735379e-02,NaN,1,NaN,9,SAM 2:1,0.070033,1.204068e-02,4.69,6.92926005e-04,1.376912e-14,0.000000e+00
15.00,0.8599,120.0,1.0000,1.0e-03,+1,8.72664626e-04,equilibrium,7.50438511e-04,8.72664626e-04,7.50438511e-04,7.50438511e-04,1.444758e-16,100.0000,1,138.9712,1.000000,3.191280e-02,NaN,1,NaN,3,SAM 2:1,0.070033,1.843053e-02,3.81,7.50438511e-04,1.025778e-14,0.000000e+00
45.00,0.8599,120.0,1.0000,1.0e-03,+1,8.72664626e-04,equilibrium,7.50438511e-04,8.72664626e-04,7.50438511e-04,7.50438511e-04,0.000000e+00,100.0000,1,54.2554,1.000000,3.208692e-02,NaN,1,NaN,3,SAM 2:1,0.070033,1.843053e-02,6.63,7.50438511e-04,2.990649e-14,0.000000e+00
75.00,0.8599,120.0,1.0000,1.0e-03,+1,8.72664626e-04,equilibrium,7.50438511e-04,8.72664626e-04,7.50438511e-04,7.50438511e-04,0.000000e+00,100.0000,1,113.6717,1.000000,3.051356e-02,NaN,1,NaN,3,SAM 2:1,0.070033,1.843053e-02,6.08,7.50438511e-04,3.337391e-14,0.000000e+00
105.00,0.8599,120.0,1.0000,1.0e-03,+1,8.72664626e-04,equilibrium,7.50438511e-04,8.72664626e-04,7.50438511e-04,7.50438511e-04,0.000000e+00,100.0000,1,86.3696,1.000000,3.050957e-02,NaN,1,NaN,3,SAM 2:1,0.070033,1.843053e-02,6.59,7.50438511e-04,3.351839e-14,0.000000e+00
135.00,0.8599,120.0,1.0000,1.0e-03,+1,8.72664626e-04,equilibrium,7.50438511e-04,8.72664626e-04,7.50438511e-04,7.50438511e-04,0.000000e+00,100.0000,1,139.4250,1.000000,3.203660e-02,NaN,1,NaN,3,SAM 2:1,0.070033,1.843053e-02,5.78,7.50438511e-04,2.990649e-14,0.000000e+00
165.00,0.8599,120.0,1.0000,1.0e-03,+1,8.72664626e-04,equilibrium,7.50438511e-04,8.72664626e-04,7.50438511e-04,7.50438511e-04,4.334275e-16,100.0000,1,52.6345,1.000000,3.208030e-02,NaN,1,NaN,3,SAM 2:1,0.070033,1.843053e-02,3.44,7.50438511e-04,1.040226e-14,0.000000e+00
15.00,0.8755,120.0,1.0000,1.0e-03,+1,8.72664626e-04,equilibrium,7.64019190e-04,8.72664626e-04,7.64019190e-04,7.64019190e-04,0.000000e+00,100.0000,1,96.1024,1.000000,3.095174e-02,NaN,1,NaN,2,SAM 2:1,0.070033,3.686106e-02,3.48,7.64019190e-04,1.078499e-14,0.000000e+00
45.00,0.8755,120.0,1.0000,1.0e-03,+1,8.72664626e-04,equilibrium,7.64019190e-04,8.72664626e-04,7.64019190e-04,7.64019190e-04,0.000000e+00,100.0000,1,137.0337,1.000000,3.009703e-02,NaN,1,NaN,2,SAM 2:1,0.070033,3.686106e-02,5.54,7.64019190e-04,2.880727e-14,0.000000e+00
75.00,0.8755,120.0,1.0000,1.0e-03,+1,8.72664626e-04,equilibrium,7.64019190e-04,8.72664626e-04,7.64019190e-04,7.64019190e-04,0.000000e+00,100.0000,1,93.2888,1.000000,2.945442e-02,NaN,1,NaN,2,SAM 2:1,0.070033,3.686106e-02,5.10,7.64019190e-04,3.207114e-14,0.000000e+00
105.00,0.8755,120.0,1.0000,1.0e-03,+1,8.72664626e-04,equilibrium,7.64019190e-04,8.72664626e-04,7.64019190e-04,7.64019190e-04,1.419077e-16,100.0000,1,116.5876,1.000000,2.945552e-02,NaN,1,NaN,2,SAM 2:1,0.070033,3.686106e-02,4.98,7.64019190e-04,3.207114e-14,0.000000e+00
135.00,0.8755,120.0,1.0000,1.0e-03,+1,8.72664626e-04,equilibrium,7.64019190e-04,8.72664626e-04,7.64019190e-04,7.64019190e-04,0.000000e+00,100.0000,1,67.1502,1.000000,3.096651e-02,NaN,1,NaN,2,SAM 2:1,0.070033,3.686106e-02,5.09,7.64019190e-04,2.880727e-14,0.000000e+00
165.00,0.8755,120.0,1.0000,1.0e-03,+1,8.72664626e-04,equilibrium,7.64019190e-04,8.72664626e-04,7.64019190e-04,7.64019190e-04,1.419077e-16,100.0000,1,72.0950,1.000000,3.099263e-02,NaN,1,NaN,2,SAM 2:1,0.070033,3.686106e-02,3.41,7.64019190e-04,1.078499e-14,0.000000e+00
15.00,0.8911,120.0,1.0000,1.0e-03,+1,8.72664626e-04,equilibrium,7.77599870e-04,8.72664626e-04,7.77599870e-04,7.77599870e-04,2.788586e-16,100.0000,1,117.7362,1.000000,2.997857e-02,NaN,1,NaN,1,SAM 2:1,0.070033,5.529159e-02,3.87,7.77599870e-04,1.073606e-14,0.000000e+00
45.00,0.8911,120.0,1.0000,1.0e-03,+1,8.72664626e-04,equilibrium,7.77599870e-04,8.72664626e-04,7.77599870e-04,7.77599870e-04,0.000000e+00,100.0000,1,139.5471,1.000000,2.991162e-02,NaN,1,NaN,1,SAM 2:1,0.070033,5.529159e-02,5.94,7.77599870e-04,2.760700e-14,0.000000e+00
75.00,0.8911,120.0,1.0000,1.0e-03,+1,8.72664626e-04,equilibrium,7.77599870e-04,8.72664626e-04,7.77599870e-04,7.77599870e-04,0.000000e+00,100.0000,1,67.0769,1.000000,2.847891e-02,NaN,1,NaN,1,SAM 2:1,0.070033,5.529159e-02,5.59,7.77599870e-04,3.081388e-14,0.000000e+00
105.00,0.8911,120.0,1.0000,1.0e-03,+1,8.72664626e-04,equilibrium,7.77599870e-04,8.72664626e-04,7.77599870e-04,7.77599870e-04,0.000000e+00,100.0000,1,67.7416,1.000000,2.828757e-02,NaN,1,NaN,1,SAM 2:1,0.070033,5.529159e-02,5.81,7.77599870e-04,3.109274e-14,0.000000e+00
135.00,0.8911,120.0,1.0000,1.0e-03,+1,8.72664626e-04,equilibrium,7.77599870e-04,8.72664626e-04,7.77599870e-04,7.77599870e-04,0.000000e+00,100.0000,1,56.8591,1.000000,2.990411e-02,NaN,1,NaN,1,SAM 2:1,0.070033,5.529159e-02,5.93,7.77599870e-04,2.760700e-14,0.000000e+00
165.00,0.8911,120.0,1.0000,1.0e-03,+1,8.72664626e-04,equilibrium,7.77599870e-04,8.72664626e-04,7.77599870e-04,7.77599870e-04,0.000000e+00,100.0000,1,74.0192,1.000000,2.990604e-02,NaN,1,NaN,1,SAM 2:1,0.070033,5.529159e-02,2.96,7.77599870e-04,1.073606e-14,0.000000e+00
15.00,0.9066,120.0,1.0000,1.0e-03,+1,8.72664626e-04,equilibrium,7.91180549e-04,8.72664626e-04,7.91180549e-04,7.91180549e-04,0.000000e+00,100.0000,1,66.9930,1.000000,2.895422e-02,NaN,1,NaN,1,SAM 2:1,0.070033,7.372212e-02,2.77,7.91180549e-04,9.592520e-15,0.000000e+00
45.00,0.9066,120.0,1.0000,1.0e-03,+1,8.72664626e-04,equilibrium,7.91180549e-04,8.72664626e-04,7.91180549e-04,7.91180549e-04,0.000000e+00,100.0000,1,88.4259,1.000000,2.899287e-02,NaN,1,NaN,1,SAM 2:1,0.070033,7.372212e-02,4.40,7.91180549e-04,2.617388e-14,0.000000e+00
75.00,0.9066,120.0,1.0000,1.0e-03,+1,8.72664626e-04,equilibrium,7.91180549e-04,8.72664626e-04,7.91180549e-04,7.91180549e-04,0.000000e+00,100.0000,1,117.5434,1.000000,2.753764e-02,NaN,1,NaN,1,SAM 2:1,0.070033,7.372212e-02,4.52,7.91180549e-04,2.932570e-14,0.000000e+00
105.00,0.9066,120.0,1.0000,1.0e-03,+1,8.72664626e-04,equilibrium,7.91180549e-04,8.72664626e-04,7.91180549e-04,7.91180549e-04,0.000000e+00,100.0000,1,98.5036,1.000000,2.751333e-02,NaN,1,NaN,1,SAM 2:1,0.070033,7.372212e-02,4.50,7.91180549e-04,2.932570e-14,0.000000e+00
135.00,0.9066,120.0,1.0000,1.0e-03,+1,8.72664626e-04,equilibrium,7.91180549e-04,8.72664626e-04,7.91180549e-04,7.91180549e-04,0.000000e+00,100.0000,1,122.8438,1.000000,2.891955e-02,NaN,1,NaN,1,SAM 2:1,0.070033,7.372212e-02,4.40,7.91180549e-04,2.617388e-14,0.000000e+00
165.00,0.9066,120.0,1.0000,1.0e-03,+1,8.72664626e-04,equilibrium,7.91180549e-04,8.72664626e-04,7.91180549e-04,7.91180549e-04,0.000000e+00,100.0000,1,124.7163,1.000000,2.892904e-02,NaN,1,NaN,1,SAM 2:1,0.070033,7.372212e-02,2.74,7.91180549e-04,1.041474e-14,0.000000e+00
15.00,0.9222,120.0,1.0000,1.0e-03,+1,8.72664626e-04,equilibrium,8.04761229e-04,8.72664626e-04,8.04761229e-04,8.04761229e-04,0.000000e+00,100.0000,1,104.3875,1.000000,2.778392e-02,NaN,1,NaN,1,SAM 2:1,0.070033,9.215264e-02,2.70,8.04761229e-04,9.430642e-15,0.000000e+00
45.00,0.9222,120.0,1.0000,1.0e-03,+1,8.72664626e-04,equilibrium,8.04761229e-04,8.72664626e-04,8.04761229e-04,8.04761229e-04,0.000000e+00,100.0000,1,108.8231,1.000000,2.794334e-02,NaN,1,NaN,1,SAM 2:1,0.070033,9.215264e-02,4.77,8.04761229e-04,2.519329e-14,0.000000e+00
75.00,0.9222,120.0,1.0000,1.0e-03,+1,8.72664626e-04,equilibrium,8.04761229e-04,8.72664626e-04,8.04761229e-04,8.04761229e-04,0.000000e+00,100.0000,1,64.0152,1.000000,2.292495e-02,NaN,1,NaN,1,SAM 2:1,0.070033,9.215264e-02,6.17,8.04761229e-04,2.802248e-14,0.000000e+00
105.00,0.9222,120.0,1.0000,1.0e-03,+1,8.72664626e-04,equilibrium,8.04761229e-04,8.72664626e-04,8.04761229e-04,8.04761229e-04,0.000000e+00,100.0000,1,88.5584,1.000000,2.661854e-02,NaN,1,NaN,1,SAM 2:1,0.070033,9.215264e-02,4.76,8.04761229e-04,2.802248e-14,0.000000e+00
135.00,0.9222,120.0,1.0000,1.0e-03,+1,8.72664626e-04,equilibrium,8.04761229e-04,8.72664626e-04,8.04761229e-04,8.04761229e-04,0.000000e+00,100.0000,1,44.9366,1.000000,2.799097e-02,NaN,1,NaN,1,SAM 2:1,0.070033,9.215264e-02,5.37,8.04761229e-04,2.519329e-14,0.000000e+00
165.00,0.9222,120.0,1.0000,1.0e-03,+1,8.72664626e-04,equilibrium,8.04761229e-04,8.72664626e-04,8.04761229e-04,8.04761229e-04,1.347235e-16,100.0000,1,87.4248,1.000000,2.782419e-02,NaN,1,NaN,1,SAM 2:1,0.070033,9.215264e-02,3.23,8.04761229e-04,9.430642e-15,0.000000e+00
15.00,0.9378,120.0,1.0000,1.0e-03,+1,8.72664626e-04,equilibrium,8.18341908e-04,8.72664626e-04,8.18341908e-04,8.18341908e-04,0.000000e+00,100.0000,1,127.1224,1.000000,2.701854e-02,NaN,1,NaN,0,SAM 2:1,0.070033,1.105832e-01,3.06,8.18341908e-04,8.214236e-15,0.000000e+00
45.00,0.9378,120.0,1.0000,1.0e-03,+1,8.72664626e-04,equilibrium,8.18341908e-04,8.72664626e-04,8.18341908e-04,8.18341908e-04,0.000000e+00,100.0000,1,80.3662,1.000000,2.702590e-02,NaN,1,NaN,0,SAM 2:1,0.070033,1.105832e-01,5.27,8.18341908e-04,2.411276e-14,0.000000e+00
75.00,0.9378,120.0,1.0000,1.0e-03,+1,8.72664626e-04,equilibrium,8.18341908e-04,8.72664626e-04,8.18341908e-04,8.18341908e-04,0.000000e+00,100.0000,1,117.5448,1.000000,2.572418e-02,NaN,1,NaN,0,SAM 2:1,0.070033,1.105832e-01,4.99,8.18341908e-04,2.702749e-14,0.000000e+00
105.00,0.9378,120.0,1.0000,1.0e-03,+1,8.72664626e-04,equilibrium,8.18341908e-04,8.72664626e-04,8.18341908e-04,8.18341908e-04,0.000000e+00,100.0000,1,98.5238,1.000000,2.574971e-02,NaN,1,NaN,0,SAM 2:1,0.070033,1.105832e-01,5.62,8.18341908e-04,2.702749e-14,0.000000e+00
135.00,0.9378,120.0,1.0000,1.0e-03,+1,8.72664626e-04,equilibrium,8.18341908e-04,8.72664626e-04,8.18341908e-04,8.18341908e-04,0.000000e+00,100.0000,1,67.1515,1.000000,2.718898e-02,NaN,1,NaN,0,SAM 2:1,0.070033,1.105832e-01,6.17,8.18341908e-04,2.411276e-14,0.000000e+00
165.00,0.9378,120.0,1.0000,1.0e-03,+1,8.72664626e-04,equilibrium,8.18341908e-04,8.72664626e-04,8.18341908e-04,8.18341908e-04,0.000000e+00,100.0000,1,41.3552,1.000000,2.706474e-02,NaN,1,NaN,0,SAM 2:1,0.070033,1.105832e-01,3.36,8.18341908e-04,8.611699e-15,0.000000e+00
15.00,0.9533,120.0,1.0000,1.0e-03,+1,8.72664626e-04,equilibrium,8.31922588e-04,8.72664626e-04,8.31922588e-04,8.31922588e-04,3.909747e-16,100.0000,1,83.4279,1.000000,2.633348e-02,NaN,1,NaN,0,SAM 2:1,0.070033,1.290137e-01,2.86,8.31922588e-04,8.210468e-15,0.000000e+00
45.00,0.9533,120.0,1.0000,1.0e-03,+1,8.72664626e-04,equilibrium,8.31922588e-04,8.72664626e-04,8.31922588e-04,8.31922588e-04,0.000000e+00,100.0000,1,137.9172,1.000000,2.632259e-02,NaN,1,NaN,0,SAM 2:1,0.070033,1.290137e-01,5.09,8.31922588e-04,2.319783e-14,0.000000e+00
75.00,0.9533,120.0,1.0000,1.0e-03,+1,8.72664626e-04,equilibrium,8.31922588e-04,8.72664626e-04,8.31922588e-04,8.31922588e-04,0.000000e+00,100.0000,1,74.5298,1.000000,2.485050e-02,NaN,1,NaN,0,SAM 2:1,0.070033,1.290137e-01,6.92,8.31922588e-04,2.606498e-14,0.000000e+00
105.00,0.9533,120.0,1.0000,1.0e-03,+1,8.72664626e-04,equilibrium,8.31922588e-04,8.72664626e-04,8.31922588e-04,8.31922588e-04,0.000000e+00,100.0000,1,63.1770,1.000000,2.494191e-02,NaN,1,NaN,0,SAM 2:1,0.070033,1.290137e-01,4.15,8.31922588e-04,2.606498e-14,0.000000e+00
135.00,0.9533,120.0,1.0000,1.0e-03,+1,8.72664626e-04,equilibrium,8.31922588e-04,8.72664626e-04,8.31922588e-04,8.31922588e-04,0.000000e+00,100.0000,1,49.0865,1.000000,2.624964e-02,NaN,1,NaN,0,SAM 2:1,0.070033,1.290137e-01,4.26,8.31922588e-04,2.319783e-14,0.000000e+00
165.00,0.9533,120.0,1.0000,1.0e-03,+1,8.72664626e-04,equilibrium,8.31922588e-04,8.72664626e-04,8.31922588e-04,8.31922588e-04,0.000000e+00,100.0000,1,108.3582,1.000000,2.633728e-02,NaN,1,NaN,0,SAM 2:1,0.070033,1.290137e-01,3.10,8.31922588e-04,8.340793e-15,0.000000e+00
15.00,0.9689,120.0,1.0000,1.0e-03,+1,8.72664626e-04,equilibrium,8.45503267e-04,8.72664626e-04,8.45503267e-04,8.45503267e-04,0.000000e+00,100.0000,1,21.4902,1.000000,2.553996e-02,NaN,1,NaN,0,SAM 2:1,0.070033,1.474442e-01,2.72,8.45503267e-04,9.104442e-15,0.000000e+00
45.00,0.9689,120.0,1.0000,1.0e-03,+1,8.72664626e-04,equilibrium,8.45503267e-04,8.72664626e-04,8.45503267e-04,8.45503267e-04,0.000000e+00,100.0000,1,50.7410,1.000000,2.553152e-02,NaN,1,NaN,0,SAM 2:1,0.070033,1.474442e-01,4.36,8.45503267e-04,2.244053e-14,0.000000e+00
75.00,0.9689,120.0,1.0000,1.0e-03,+1,8.72664626e-04,equilibrium,8.45503267e-04,8.72664626e-04,8.45503267e-04,8.45503267e-04,0.000000e+00,100.0000,1,63.0665,1.000000,2.411528e-02,NaN,1,NaN,0,SAM 2:1,0.070033,1.474442e-01,4.38,8.45503267e-04,2.513339e-14,0.000000e+00
105.00,0.9689,120.0,1.0000,1.0e-03,+1,8.72664626e-04,equilibrium,8.45503267e-04,8.72664626e-04,8.45503267e-04,8.45503267e-04,0.000000e+00,100.0000,1,85.4030,1.000000,2.414337e-02,NaN,1,NaN,0,SAM 2:1,0.070033,1.474442e-01,3.96,8.45503267e-04,2.513339e-14,0.000000e+00
135.00,0.9689,120.0,1.0000,1.0e-03,+1,8.72664626e-04,equilibrium,8.45503267e-04,8.72664626e-04,8.45503267e-04,8.45503267e-04,0.000000e+00,100.0000,1,99.7653,1.000000,2.551098e-02,NaN,1,NaN,0,SAM 2:1,0.070033,1.474442e-01,4.08,8.45503267e-04,2.244053e-14,0.000000e+00
165.00,0.9689,120.0,1.0000,1.0e-03,+1,8.72664626e-04,equilibrium,8.45503267e-04,8.72664626e-04,8.45503267e-04,8.45503267e-04,3.846947e-16,100.0000,1,165.5327,1.000000,2.552695e-02,NaN,1,NaN,0,SAM 2:1,0.070033,1.474442e-01,2.78,8.45503267e-04,8.591516e-15,0.000000e+00
15.00,0.9844,120.0,1.0000,1.0e-03,+1,8.72664626e-04,equilibrium,8.59083947e-04,8.72664626e-04,8.59083947e-04,8.59083947e-04,3.786134e-16,100.0000,1,31.5943,1.000000,2.470135e-02,NaN,1,NaN,0,SAM 2:1,0.070033,1.658748e-01,2.60,8.59083947e-04,8.203289e-15,0.000000e+00
45.00,0.9844,120.0,1.0000,1.0e-03,+1,8.72664626e-04,equilibrium,8.59083947e-04,8.72664626e-04,8.59083947e-04,8.59083947e-04,0.000000e+00,100.0000,1,57.8688,1.000000,2.472555e-02,NaN,1,NaN,0,SAM 2:1,0.070033,1.658748e-01,3.94,8.59083947e-04,2.158096e-14,0.000000e+00
75.00,0.9844,120.0,1.0000,1.0e-03,+1,8.72664626e-04,equilibrium,8.59083947e-04,8.72664626e-04,8.59083947e-04,8.59083947e-04,0.000000e+00,100.0000,1,63.0755,1.000000,2.338357e-02,NaN,1,NaN,0,SAM 2:1,0.070033,1.658748e-01,3.84,8.59083947e-04,2.423125e-14,0.000000e+00
105.00,0.9844,120.0,1.0000,1.0e-03,+1,8.72664626e-04,equilibrium,8.59083947e-04,8.72664626e-04,8.59083947e-04,8.59083947e-04,0.000000e+00,100.0000,1,85.4411,1.000000,2.342400e-02,NaN,1,NaN,0,SAM 2:1,0.070033,1.658748e-01,3.86,8.59083947e-04,2.435746e-14,0.000000e+00
135.00,0.9844,120.0,1.0000,1.0e-03,+1,8.72664626e-04,equilibrium,8.59083947e-04,8.72664626e-04,8.59083947e-04,8.59083947e-04,0.000000e+00,100.0000,1,90.7270,1.000000,2.329661e-02,NaN,1,NaN,0,SAM 2:1,0.070033,1.658748e-01,3.73,8.59083947e-04,2.158096e-14,0.000000e+00
165.00,0.9844,120.0,1.0000,1.0e-03,+1,8.72664626e-04,equilibrium,8.59083947e-04,8.72664626e-04,8.59083947e-04,8.59083947e-04,2.524089e-16,100.0000,1,158.5975,1.000000,2.472160e-02,NaN,1,NaN,0,SAM 2:1,0.070033,1.658748e-01,2.44,8.59083947e-04,8.834312e-15,0.000000e+00
15.00,0.3913,20.0,1.8000,1.0e-03,+1,5.23598776e-03,equilibrium,2.04882836e-03,5.23598776e-03,2.04882836e-03,2.04882836e-03,0.000000e+00,100.0000,1,38.0035,1.000000,4.877445e-03,NaN,1,NaN,17,SAM 2:1,0.070033,2.098168e-02,1.17,2.04882836e-03,8.466905e-16,0.000000e+00
45.00,0.3913,20.0,1.8000,1.0e-03,+1,5.23598776e-03,equilibrium,2.04882836e-03,5.23598776e-03,2.04882836e-03,2.04882836e-03,0.000000e+00,100.0000,1,90.5042,1.000000,4.892266e-03,NaN,1,NaN,17,SAM 2:1,0.070033,2.098168e-02,1.81,2.04882836e-03,2.116726e-15,0.000000e+00
75.00,0.3913,20.0,1.8000,1.0e-03,+1,5.23598776e-03,equilibrium,2.04882836e-03,5.23598776e-03,2.04882836e-03,2.04882836e-03,0.000000e+00,100.0000,1,114.8038,1.000000,4.311255e-03,NaN,1,NaN,17,SAM 2:1,0.070033,2.098167e-02,1.72,2.04882836e-03,2.963417e-15,0.000000e+00
105.00,0.3913,20.0,1.8000,1.0e-03,+1,5.23598776e-03,equilibrium,2.04882836e-03,5.23598776e-03,2.04882836e-03,2.04882836e-03,0.000000e+00,100.0000,1,109.8622,1.000000,4.354553e-03,NaN,1,NaN,17,SAM 2:1,0.070033,2.098167e-02,1.40,2.04882836e-03,2.963417e-15,0.000000e+00
135.00,0.3913,20.0,1.8000,1.0e-03,+1,5.23598776e-03,equilibrium,2.04882836e-03,5.23598776e-03,2.04882836e-03,2.04882836e-03,0.000000e+00,100.0000,1,121.0827,1.000000,4.907232e-03,NaN,1,NaN,17,SAM 2:1,0.070033,2.098168e-02,13.69,2.04882836e-03,2.116726e-15,0.000000e+00
165.00,0.3913,20.0,1.8000,1.0e-03,+1,5.23598776e-03,equilibrium,2.04882836e-03,5.23598776e-03,2.04882836e-03,2.04882836e-03,0.000000e+00,100.0000,1,152.9070,1.000000,4.885439e-03,NaN,1,NaN,17,SAM 2:1,0.070033,2.098168e-02,4.40,2.04882836e-03,8.466905e-16,0.000000e+00
15.00,0.4416,20.0,1.8000,1.0e-03,+1,5.23598776e-03,equilibrium,2.31241931e-03,5.23598776e-03,2.31241931e-03,2.31241931e-03,0.000000e+00,100.0000,1,142.2492,1.000000,3.950048e-03,NaN,1,NaN,17,SAM 2:1,0.070033,3.757332e-02,4.63,2.31241931e-03,5.626327e-16,0.000000e+00
45.00,0.4416,20.0,1.8000,1.0e-03,+1,5.23598776e-03,equilibrium,2.31241931e-03,5.23598776e-03,2.31241931e-03,2.31241931e-03,0.000000e+00,100.0000,1,102.5941,1.000000,3.933321e-03,NaN,1,NaN,17,SAM 2:1,0.070033,3.757260e-02,6.43,2.31241931e-03,1.687898e-15,0.000000e+00
75.00,0.4416,20.0,1.8000,1.0e-03,+1,5.23598776e-03,equilibrium,2.31241931e-03,5.23598776e-03,2.31241931e-03,2.31241931e-03,0.000000e+00,100.0000,1,79.2575,1.000000,3.466226e-03,NaN,1,NaN,17,SAM 2:1,0.070033,3.757309e-02,5.73,2.31241931e-03,2.625619e-15,0.000000e+00
105.00,0.4416,20.0,1.8000,1.0e-03,+1,5.23598776e-03,equilibrium,2.31241931e-03,5.23598776e-03,2.31241931e-03,2.31241931e-03,0.000000e+00,100.0000,1,108.8444,1.000000,3.465251e-03,NaN,1,NaN,17,SAM 2:1,0.070033,3.757332e-02,5.32,2.31241931e-03,2.625619e-15,0.000000e+00
135.00,0.4416,20.0,1.8000,1.0e-03,+1,5.23598776e-03,equilibrium,2.31241931e-03,5.23598776e-03,2.31241931e-03,2.31241931e-03,0.000000e+00,100.0000,1,48.7569,1.000000,3.939704e-03,NaN,1,NaN,17,SAM 2:1,0.070033,3.757330e-02,4.16,2.31241931e-03,1.687898e-15,0.000000e+00
165.00,0.4416,20.0,1.8000,1.0e-03,+1,5.23598776e-03,equilibrium,2.31241931e-03,5.23598776e-03,2.31241931e-03,2.31241931e-03,0.000000e+00,100.0000,1,49.1512,1.000000,3.947648e-03,NaN,1,NaN,17,SAM 2:1,0.070033,3.757336e-02,3.40,2.31241931e-03,7.501769e-16,0.000000e+00
15.00,0.4920,20.0,1.8000,1.0e-03,+1,5.23598776e-03,equilibrium,2.57601027e-03,5.23598776e-03,2.57601027e-03,2.57601027e-03,0.000000e+00,100.0000,1,50.3279,1.000000,3.261025e-03,NaN,1,NaN,15,SAM 2:1,0.070033,7.605927e-02,2.92,2.57601027e-03,5.050611e-16,0.000000e+00
45.00,0.4920,20.0,1.8000,1.0e-03,+1,5.23598776e-03,equilibrium,2.57601027e-03,5.23598776e-03,2.57601027e-03,2.57601027e-03,0.000000e+00,100.0000,1,138.8500,1.000000,2.802089e-03,NaN,1,NaN,15,SAM 2:1,0.070033,7.605935e-02,3.85,2.57601027e-03,1.515183e-15,0.000000e+00
75.00,0.4920,20.0,1.8000,1.0e-03,+1,5.23598776e-03,equilibrium,2.57601027e-03,5.23598776e-03,2.57601027e-03,2.57601027e-03,0.000000e+00,100.0000,1,116.9250,1.000000,2.825913e-03,NaN,1,NaN,15,SAM 2:1,0.070033,7.605953e-02,3.76,2.57601027e-03,2.188598e-15,0.000000e+00
105.00,0.4920,20.0,1.8000,1.0e-03,+1,5.23598776e-03,equilibrium,2.57601027e-03,5.23598776e-03,2.57601027e-03,2.57601027e-03,0.000000e+00,100.0000,1,105.1165,1.000000,2.829268e-03,NaN,1,NaN,15,SAM 2:1,0.070033,7.605873e-02,3.84,2.57601027e-03,2.188598e-15,0.000000e+00
135.00,0.4920,20.0,1.8000,1.0e-03,+1,5.23598776e-03,equilibrium,2.57601027e-03,5.23598776e-03,2.57601027e-03,2.57601027e-03,0.000000e+00,100.0000,1,51.4738,1.000000,3.263767e-03,NaN,1,NaN,15,SAM 2:1,0.070033,7.605986e-02,3.85,2.57601027e-03,1.515183e-15,0.000000e+00
165.00,0.4920,20.0,1.8000,1.0e-03,+1,5.23598776e-03,equilibrium,2.57601027e-03,5.23598776e-03,2.57601027e-03,2.57601027e-03,0.000000e+00,100.0000,1,118.0085,1.000000,3.260151e-03,NaN,1,NaN,15,SAM 2:1,0.070033,7.605924e-02,3.13,2.57601027e-03,6.734148e-16,0.000000e+00
15.00,0.5423,20.0,1.8000,1.0e-03,+1,5.23598776e-03,equilibrium,2.83960123e-03,5.23598776e-03,2.83960123e-03,2.83960123e-03,0.000000e+00,100.0000,1,131.9697,1.000000,2.747659e-03,NaN,1,NaN,15,SAM 2:1,0.070033,1.015043e-01,3.48,2.83960123e-03,7.636299e-16,0.000000e+00
45.00,0.5423,20.0,1.8000,1.0e-03,+1,5.23598776e-03,equilibrium,2.83960123e-03,5.23598776e-03,2.83960123e-03,2.83960123e-03,0.000000e+00,100.0000,1,114.4532,1.000000,2.748908e-03,NaN,1,NaN,15,SAM 2:1,0.070033,1.015045e-01,3.89,2.83960123e-03,1.374534e-15,0.000000e+00
75.00,0.5423,20.0,1.8000,1.0e-03,+1,5.23598776e-03,equilibrium,2.83960123e-03,5.23598776e-03,2.83960123e-03,2.83960123e-03,0.000000e+00,100.0000,1,68.8702,1.000000,2.347204e-03,NaN,1,NaN,15,SAM 2:1,0.070033,1.015041e-01,3.89,2.83960123e-03,1.985438e-15,0.000000e+00
105.00,0.5423,20.0,1.8000,1.0e-03,+1,5.23598776e-03,equilibrium,2.83960123e-03,5.23598776e-03,2.83960123e-03,2.83960123e-03,0.000000e+00,100.0000,1,97.7128,1.000000,2.357750e-03,NaN,1,NaN,15,SAM 2:1,0.070033,1.015044e-01,3.69,2.83960123e-03,1.985438e-15,0.000000e+00
135.00,0.5423,20.0,1.8000,1.0e-03,+1,5.23598776e-03,equilibrium,2.83960123e-03,5.23598776e-03,2.83960123e-03,2.83960123e-03,0.000000e+00,100.0000,1,42.3147,1.000000,2.750053e-03,NaN,1,NaN,15,SAM 2:1,0.070033,1.015046e-01,3.31,2.83960123e-03,1.374534e-15,0.000000e+00
165.00,0.5423,20.0,1.8000,1.0e-03,+1,5.23598776e-03,equilibrium,2.83960123e-03,5.23598776e-03,2.83960123e-03,2.83960123e-03,0.000000e+00,100.0000,1,59.6763,1.000000,2.630147e-03,NaN,1,NaN,15,SAM 2:1,0.070033,1.015047e-01,2.57,2.83960123e-03,7.636299e-16,0.000000e+00
15.00,0.5927,20.0,1.8000,1.0e-03,+1,5.23598776e-03,equilibrium,3.10319219e-03,5.23598776e-03,3.10319219e-03,3.10319219e-03,0.000000e+00,100.0000,1,57.8227,1.000000,2.355959e-03,NaN,1,NaN,14,SAM 2:1,0.070033,1.194083e-01,2.90,3.10319219e-03,4.192594e-16,0.000000e+00
45.00,0.5927,20.0,1.8000,1.0e-03,+1,5.23598776e-03,equilibrium,3.10319219e-03,5.23598776e-03,3.10319219e-03,3.10319219e-03,0.000000e+00,100.0000,1,41.1774,1.000000,2.355849e-03,NaN,1,NaN,14,SAM 2:1,0.070033,1.194081e-01,3.99,3.10319219e-03,8.385189e-16,0.000000e+00
75.00,0.5927,20.0,1.8000,1.0e-03,+1,5.23598776e-03,equilibrium,3.10319219e-03,5.23598776e-03,3.10319219e-03,3.10319219e-03,0.000000e+00,100.0000,1,91.6684,1.000000,1.993418e-03,NaN,1,NaN,14,SAM 2:1,0.070033,1.194079e-01,6.75,3.10319219e-03,1.537285e-15,0.000000e+00
105.00,0.5927,20.0,1.8000,1.0e-03,+1,5.23598776e-03,equilibrium,3.10319219e-03,5.23598776e-03,3.10319219e-03,3.10319219e-03,0.000000e+00,100.0000,1,116.0662,1.000000,1.997918e-03,NaN,1,3.10319219e-03,14,SAM 2:1,0.070033,1.194081e-01,3.58,3.10319219e-03,1.537285e-15,0.000000e+00
135.00,0.5927,20.0,1.8000,1.0e-03,+1,5.23598776e-03,equilibrium,3.10319219e-03,5.23598776e-03,3.10319219e-03,3.10319219e-03,0.000000e+00,100.0000,1,128.6169,1.000000,2.353755e-03,NaN,1,NaN,14,SAM 2:1,0.070033,1.194081e-01,4.35,3.10319219e-03,1.118025e-15,0.000000e+00
165.00,0.5927,20.0,1.8000,1.0e-03,+1,5.23598776e-03,equilibrium,3.10319219e-03,5.23598776e-03,3.10319219e-03,3.10319219e-03,0.000000e+00,100.0000,1,133.7660,1.000000,2.356486e-03,NaN,1,NaN,14,SAM 2:1,0.070033,1.194088e-01,3.78,3.10319219e-03,4.192594e-16,0.000000e+00
15.00,0.6430,20.0,1.8000,1.0e-03,+1,5.23598776e-03,equilibrium,3.36678315e-03,5.23598776e-03,3.36678315e-03,3.36678315e-03,0.000000e+00,100.0000,1,109.5426,1.000000,2.033138e-03,NaN,1,NaN,14,SAM 2:1,0.070033,1.328113e-01,3.09,3.36678315e-03,3.864349e-16,0.000000e+00
45.00,0.6430,20.0,1.8000,1.0e-03,+1,5.23598776e-03,equilibrium,3.36678315e-03,5.23598776e-03,3.36678315e-03,3.36678315e-03,0.000000e+00,100.0000,1,68.1041,1.000000,2.047001e-03,NaN,1,NaN,14,SAM 2:1,0.070033,1.328113e-01,4.09,3.36678315e-03,1.030493e-15,0.000000e+00
75.00,0.6430,20.0,1.8000,1.0e-03,+1,5.23598776e-03,equilibrium,3.36678315e-03,5.23598776e-03,3.36678315e-03,3.36678315e-03,0.000000e+00,100.0000,1,64.3973,1.000000,1.720821e-03,NaN,1,NaN,14,SAM 2:1,0.070033,1.328111e-01,3.79,3.36678315e-03,1.416928e-15,0.000000e+00
105.00,0.6430,20.0,1.8000,1.0e-03,+1,5.23598776e-03,equilibrium,3.36678315e-03,5.23598776e-03,3.36678315e-03,3.36678315e-03,0.000000e+00,100.0000,1,71.5122,1.000000,1.721260e-03,NaN,1,NaN,14,SAM 2:1,0.070033,1.328113e-01,4.54,3.36678315e-03,1.416928e-15,0.000000e+00
135.00,0.6430,20.0,1.8000,1.0e-03,+1,5.23598776e-03,equilibrium,3.36678315e-03,5.23598776e-03,3.36678315e-03,3.36678315e-03,0.000000e+00,100.0000,1,136.6083,1.000000,2.048343e-03,NaN,1,NaN,14,SAM 2:1,0.070033,1.328113e-01,4.01,3.36678315e-03,1.030493e-15,0.000000e+00
165.00,0.6430,20.0,1.8000,1.0e-03,+1,5.23598776e-03,equilibrium,3.36678315e-03,5.23598776e-03,3.36678315e-03,3.36678315e-03,0.000000e+00,100.0000,1,58.7295,1.000000,2.044669e-03,NaN,1,NaN,14,SAM 2:1,0.070033,1.328120e-01,3.14,3.36678315e-03,6.440582e-16,0.000000e+00
15.00,0.6934,20.0,1.8000,1.0e-03,+1,5.23598776e-03,equilibrium,3.63037411e-03,5.23598776e-03,3.63037411e-03,3.63037411e-03,0.000000e+00,100.0000,1,141.3762,1.000000,1.800085e-03,NaN,1,NaN,12,SAM 2:1,0.070033,1.434389e-01,2.90,3.63037411e-03,4.778360e-16,0.000000e+00
45.00,0.6934,20.0,1.8000,1.0e-03,+1,5.23598776e-03,equilibrium,3.63037411e-03,5.23598776e-03,3.63037411e-03,3.63037411e-03,0.000000e+00,100.0000,1,44.7854,1.000000,1.794937e-03,NaN,1,NaN,12,SAM 2:1,0.070033,1.434389e-01,3.28,3.63037411e-03,1.075131e-15,0.000000e+00
75.00,0.6934,20.0,1.8000,1.0e-03,+1,5.23598776e-03,equilibrium,3.63037411e-03,5.23598776e-03,3.63037411e-03,3.63037411e-03,0.000000e+00,100.0000,1,91.8627,1.000000,1.499605e-03,NaN,1,NaN,12,SAM 2:1,0.070033,1.434387e-01,3.42,3.63037411e-03,1.433508e-15,0.000000e+00
105.00,0.6934,20.0,1.8000,1.0e-03,+1,5.23598776e-03,equilibrium,3.63037411e-03,5.23598776e-03,3.63037411e-03,3.63037411e-03,0.000000e+00,100.0000,1,65.4151,1.000000,1.499818e-03,NaN,1,NaN,12,SAM 2:1,0.070033,1.434380e-01,2.68,3.63037411e-03,1.433508e-15,0.000000e+00
135.00,0.6934,20.0,1.8000,1.0e-03,+1,5.23598776e-03,equilibrium,3.63037411e-03,5.23598776e-03,3.63037411e-03,3.63037411e-03,0.000000e+00,100.0000,1,134.7809,1.000000,1.798711e-03,NaN,1,NaN,12,SAM 2:1,0.070033,1.434391e-01,3.04,3.63037411e-03,1.075131e-15,0.000000e+00
165.00,0.6934,20.0,1.8000,1.0e-03,+1,5.23598776e-03,equilibrium,3.63037411e-03,5.23598776e-03,3.63037411e-03,3.63037411e-03,0.000000e+00,100.0000,1,27.7140,1.000000,1.797345e-03,NaN,1,NaN,12,SAM 2:1,0.070033,1.434390e-01,2.86,3.63037411e-03,4.778360e-16,0.000000e+00
15.00,0.7437,20.0,1.8000,1.0e-03,+1,5.23598776e-03,equilibrium,3.89396507e-03,5.23598776e-03,3.89396507e-03,3.89396507e-03,0.000000e+00,100.0000,1,140.9436,1.000000,1.589472e-03,NaN,1,NaN,11,SAM 2:1,0.070033,1.192410e-01,3.11,3.89396507e-03,4.454903e-16,0.000000e+00
45.00,0.7437,20.0,1.8000,1.0e-03,+1,5.23598776e-03,equilibrium,3.89396507e-03,5.23598776e-03,3.89396507e-03,3.89396507e-03,0.000000e+00,100.0000,1,45.2740,1.000000,1.594043e-03,NaN,1,NaN,11,SAM 2:1,0.070033,1.192410e-01,3.69,3.89396507e-03,8.909805e-16,0.000000e+00
75.00,0.7437,20.0,1.8000,1.0e-03,+1,5.23598776e-03,equilibrium,3.89396507e-03,5.23598776e-03,3.89396507e-03,3.89396507e-03,0.000000e+00,100.0000,1,109.8340,1.000000,1.317441e-03,NaN,1,NaN,11,SAM 2:1,0.070033,1.192410e-01,3.00,3.89396507e-03,1.225098e-15,0.000000e+00
105.00,0.7437,20.0,1.8000,1.0e-03,+1,5.23598776e-03,equilibrium,3.89396507e-03,5.23598776e-03,3.89396507e-03,3.89396507e-03,0.000000e+00,100.0000,1,80.5133,1.000000,1.318649e-03,NaN,1,NaN,11,SAM 2:1,0.070033,1.192410e-01,2.48,3.89396507e-03,1.225098e-15,0.000000e+00
135.00,0.7437,20.0,1.8000,1.0e-03,+1,5.23598776e-03,equilibrium,3.89396507e-03,5.23598776e-03,3.89396507e-03,3.89396507e-03,0.000000e+00,100.0000,1,108.2097,1.000000,1.599818e-03,NaN,1,NaN,11,SAM 2:1,0.070033,1.192410e-01,3.22,3.89396507e-03,8.909805e-16,0.000000e+00
165.00,0.7437,20.0,1.8000,1.0e-03,+1,5.23598776e-03,equilibrium,3.89396507e-03,5.23598776e-03,3.89396507e-03,3.89396507e-03,0.000000e+00,100.0000,1,28.1064,1.000000,1.599126e-03,NaN,1,NaN,11,SAM 2:1,0.070033,1.192410e-01,2.18,3.89396507e-03,4.454903e-16,0.000000e+00
15.00,0.7940,20.0,1.8000,1.0e-03,+1,5.23598776e-03,equilibrium,4.15755603e-03,5.23598776e-03,4.15755603e-03,4.15755603e-03,0.000000e+00,100.0000,1,165.9147,1.000000,1.430983e-03,NaN,1,NaN,9,SAM 2:1,0.070033,5.962049e-02,2.41,4.15755603e-03,2.086230e-16,0.000000e+00
45.00,0.7940,20.0,1.8000,1.0e-03,+1,5.23598776e-03,equilibrium,4.15755603e-03,5.23598776e-03,4.15755603e-03,4.15755603e-03,0.000000e+00,100.0000,1,87.6103,1.000000,1.430653e-03,NaN,1,NaN,9,SAM 2:1,0.070033,5.962049e-02,3.24,4.15755603e-03,4.172460e-16,0.000000e+00
75.00,0.7940,20.0,1.8000,1.0e-03,+1,5.23598776e-03,equilibrium,4.15755603e-03,5.23598776e-03,4.15755603e-03,4.15755603e-03,0.000000e+00,100.0000,1,79.9856,1.000000,1.171774e-03,NaN,1,NaN,9,SAM 2:1,0.070033,5.962049e-02,2.97,4.15755603e-03,1.043115e-15,0.000000e+00
105.00,0.7940,20.0,1.8000,1.0e-03,+1,5.23598776e-03,equilibrium,4.15755603e-03,5.23598776e-03,4.15755603e-03,4.15755603e-03,0.000000e+00,100.0000,1,62.4020,1.000000,1.171399e-03,NaN,1,NaN,9,SAM 2:1,0.070033,5.962049e-02,3.04,4.15755603e-03,1.043115e-15,0.000000e+00
135.00,0.7940,20.0,1.8000,1.0e-03,+1,5.23598776e-03,equilibrium,4.15755603e-03,5.23598776e-03,4.15755603e-03,4.15755603e-03,2.086230e-16,100.0000,1,123.5200,1.000000,1.431104e-03,NaN,1,NaN,9,SAM 2:1,0.070033,5.962049e-02,3.22,4.15755603e-03,4.172460e-16,0.000000e+00
165.00,0.7940,20.0,1.8000,1.0e-03,+1,5.23598776e-03,equilibrium,4.15755603e-03,5.23598776e-03,4.15755603e-03,4.15755603e-03,0.000000e+00,100.0000,1,20.4593,1.000000,1.433385e-03,NaN,1,NaN,9,SAM 2:1,0.070033,5.962049e-02,2.40,4.15755603e-03,2.086230e-16,0.000000e+00
15.00,0.8599,20.0,1.8000,1.0e-03,+1,5.23598776e-03,equilibrium,4.50263107e-03,5.23598776e-03,4.50263107e-03,4.50263107e-03,0.000000e+00,100.0000,1,148.4611,1.000000,1.253927e-03,NaN,1,NaN,3,SAM 2:1,0.070033,1.843053e-02,2.13,4.50263107e-03,3.852688e-16,0.000000e+00
45.00,0.8599,20.0,1.8000,1.0e-03,+1,5.23598776e-03,equilibrium,4.50263107e-03,5.23598776e-03,4.50263107e-03,4.50263107e-03,0.000000e+00,100.0000,1,118.6086,1.000000,1.256083e-03,NaN,1,NaN,3,SAM 2:1,0.070033,1.843053e-02,2.82,4.50263107e-03,5.779033e-16,0.000000e+00
75.00,0.8599,20.0,1.8000,1.0e-03,+1,5.23598776e-03,equilibrium,4.50263107e-03,5.23598776e-03,4.50263107e-03,4.50263107e-03,0.000000e+00,100.0000,1,62.5651,1.000000,1.033862e-03,NaN,1,NaN,3,SAM 2:1,0.070033,1.843053e-02,2.07,4.50263107e-03,9.631721e-16,0.000000e+00
105.00,0.8599,20.0,1.8000,1.0e-03,+1,5.23598776e-03,equilibrium,4.50263107e-03,5.23598776e-03,4.50263107e-03,4.50263107e-03,0.000000e+00,100.0000,1,82.6247,1.000000,1.033664e-03,NaN,1,NaN,3,SAM 2:1,0.070033,1.843053e-02,2.97,4.50263107e-03,9.631721e-16,0.000000e+00
135.00,0.8599,20.0,1.8000,1.0e-03,+1,5.23598776e-03,equilibrium,4.50263107e-03,5.23598776e-03,4.50263107e-03,4.50263107e-03,0.000000e+00,100.0000,1,93.3409,1.000000,1.255524e-03,NaN,1,NaN,3,SAM 2:1,0.070033,1.843053e-02,3.22,4.50263107e-03,5.779033e-16,0.000000e+00
165.00,0.8599,20.0,1.8000,1.0e-03,+1,5.23598776e-03,equilibrium,4.50263107e-03,5.23598776e-03,4.50263107e-03,4.50263107e-03,0.000000e+00,100.0000,1,21.3460,1.000000,1.244996e-03,NaN,1,NaN,3,SAM 2:1,0.070033,1.843053e-02,2.59,4.50263107e-03,3.852688e-16,0.000000e+00
15.00,0.8755,20.0,1.8000,1.0e-03,+1,5.23598776e-03,equilibrium,4.58411514e-03,5.23598776e-03,4.58411514e-03,4.58411514e-03,0.000000e+00,100.0000,1,37.8775,1.000000,1.212147e-03,NaN,1,NaN,2,SAM 2:1,0.070033,3.686106e-02,2.58,4.58411514e-03,5.676309e-16,0.000000e+00
45.00,0.8755,20.0,1.8000,1.0e-03,+1,5.23598776e-03,equilibrium,4.58411514e-03,5.23598776e-03,4.58411514e-03,4.58411514e-03,0.000000e+00,100.0000,1,107.1234,1.000000,1.218177e-03,NaN,1,NaN,2,SAM 2:1,0.070033,3.686106e-02,3.22,4.58411514e-03,7.568411e-16,0.000000e+00
75.00,0.8755,20.0,1.8000,1.0e-03,+1,5.23598776e-03,equilibrium,4.58411514e-03,5.23598776e-03,4.58411514e-03,4.58411514e-03,0.000000e+00,100.0000,1,117.5494,1.000000,9.990906e-04,NaN,1,NaN,2,SAM 2:1,0.070033,3.686106e-02,2.38,4.58411514e-03,1.135262e-15,0.000000e+00
105.00,0.8755,20.0,1.8000,1.0e-03,+1,5.23598776e-03,equilibrium,4.58411514e-03,5.23598776e-03,4.58411514e-03,4.58411514e-03,0.000000e+00,100.0000,1,101.4332,1.000000,9.951051e-04,NaN,1,NaN,2,SAM 2:1,0.070033,3.686106e-02,3.60,4.58411514e-03,1.135262e-15,0.000000e+00
135.00,0.8755,20.0,1.8000,1.0e-03,+1,5.23598776e-03,equilibrium,4.58411514e-03,5.23598776e-03,4.58411514e-03,4.58411514e-03,0.000000e+00,100.0000,1,105.5461,1.000000,1.190821e-03,NaN,1,NaN,2,SAM 2:1,0.070033,3.686106e-02,3.26,4.58411514e-03,7.568411e-16,0.000000e+00
165.00,0.8755,20.0,1.8000,1.0e-03,+1,5.23598776e-03,equilibrium,4.58411514e-03,5.23598776e-03,4.58411514e-03,4.58411514e-03,0.000000e+00,100.0000,1,152.9862,1.000000,1.211541e-03,NaN,1,NaN,2,SAM 2:1,0.070033,3.686106e-02,2.95,4.58411514e-03,5.676309e-16,0.000000e+00
15.00,0.8911,20.0,1.8000,1.0e-03,+1,5.23598776e-03,equilibrium,4.66559922e-03,5.23598776e-03,4.66559922e-03,4.66559922e-03,0.000000e+00,100.0000,1,118.0669,1.000000,1.182017e-03,NaN,1,NaN,1,SAM 2:1,0.070033,5.529159e-02,3.15,4.66559922e-03,3.718115e-16,0.000000e+00
45.00,0.8911,20.0,1.8000,1.0e-03,+1,5.23598776e-03,equilibrium,4.66559922e-03,5.23598776e-03,4.66559922e-03,4.66559922e-03,0.000000e+00,100.0000,1,129.5245,1.000000,1.184457e-03,NaN,1,NaN,1,SAM 2:1,0.070033,5.529159e-02,3.58,4.66559922e-03,5.577173e-16,0.000000e+00
75.00,0.8911,20.0,1.8000,1.0e-03,+1,5.23598776e-03,equilibrium,4.66559922e-03,5.23598776e-03,4.66559922e-03,4.66559922e-03,0.000000e+00,100.0000,1,75.0207,1.000000,9.542160e-04,NaN,1,NaN,1,SAM 2:1,0.070033,5.529159e-02,3.52,4.66559922e-03,1.115435e-15,0.000000e+00
105.00,0.8911,20.0,1.8000,1.0e-03,+1,5.23598776e-03,equilibrium,4.66559922e-03,5.23598776e-03,4.66559922e-03,4.66559922e-03,0.000000e+00,100.0000,1,105.0207,1.000000,9.472219e-04,NaN,1,NaN,1,SAM 2:1,0.070033,5.529159e-02,2.97,4.66559922e-03,1.115435e-15,0.000000e+00
135.00,0.8911,20.0,1.8000,1.0e-03,+1,5.23598776e-03,equilibrium,4.66559922e-03,5.23598776e-03,4.66559922e-03,4.66559922e-03,0.000000e+00,100.0000,1,79.8672,1.000000,1.184400e-03,NaN,1,NaN,1,SAM 2:1,0.070033,5.529159e-02,3.26,4.66559922e-03,5.577173e-16,0.000000e+00
165.00,0.8911,20.0,1.8000,1.0e-03,+1,5.23598776e-03,equilibrium,4.66559922e-03,5.23598776e-03,4.66559922e-03,4.66559922e-03,0.000000e+00,100.0000,1,50.2762,1.000000,1.183225e-03,NaN,1,NaN,1,SAM 2:1,0.070033,5.529159e-02,2.97,4.66559922e-03,3.718115e-16,0.000000e+00
15.00,0.9066,20.0,1.8000,1.0e-03,+1,5.23598776e-03,equilibrium,4.74708330e-03,5.23598776e-03,4.74708330e-03,4.74708330e-03,0.000000e+00,100.0000,1,103.4987,1.000000,1.129039e-03,NaN,1,NaN,1,SAM 2:1,0.070033,7.372212e-02,2.71,4.74708330e-03,5.481440e-16,0.000000e+00
45.00,0.9066,20.0,1.8000,1.0e-03,+1,5.23598776e-03,equilibrium,4.74708330e-03,5.23598776e-03,4.74708330e-03,4.74708330e-03,0.000000e+00,100.0000,1,120.2257,1.000000,1.150930e-03,NaN,1,NaN,1,SAM 2:1,0.070033,7.372212e-02,2.69,4.74708330e-03,9.135733e-16,0.000000e+00
75.00,0.9066,20.0,1.8000,1.0e-03,+1,5.23598776e-03,equilibrium,4.74708330e-03,5.23598776e-03,4.74708330e-03,4.74708330e-03,0.000000e+00,100.0000,1,62.4049,1.000000,9.423015e-04,NaN,1,NaN,1,SAM 2:1,0.070033,7.372212e-02,1.99,4.74708330e-03,1.096288e-15,0.000000e+00
105.00,0.9066,20.0,1.8000,1.0e-03,+1,5.23598776e-03,equilibrium,4.74708330e-03,5.23598776e-03,4.74708330e-03,4.74708330e-03,0.000000e+00,100.0000,1,80.3243,1.000000,9.335601e-04,NaN,1,NaN,1,SAM 2:1,0.070033,7.372212e-02,2.31,4.74708330e-03,1.096288e-15,0.000000e+00
135.00,0.9066,20.0,1.8000,1.0e-03,+1,5.23598776e-03,equilibrium,4.74708330e-03,5.23598776e-03,4.74708330e-03,4.74708330e-03,0.000000e+00,100.0000,1,40.7240,1.000000,1.150232e-03,NaN,1,NaN,1,SAM 2:1,0.070033,7.372212e-02,2.47,4.74708330e-03,7.308587e-16,0.000000e+00
165.00,0.9066,20.0,1.8000,1.0e-03,+1,5.23598776e-03,equilibrium,4.74708330e-03,5.23598776e-03,4.74708330e-03,4.74708330e-03,0.000000e+00,100.0000,1,88.3140,1.000000,1.147486e-03,NaN,1,NaN,1,SAM 2:1,0.070033,7.372212e-02,2.84,4.74708330e-03,5.481440e-16,0.000000e+00
15.00,0.9222,20.0,1.8000,1.0e-03,+1,5.23598776e-03,equilibrium,4.82856737e-03,5.23598776e-03,4.82856737e-03,4.82856737e-03,0.000000e+00,100.0000,1,21.3874,1.000000,1.118737e-03,NaN,1,NaN,1,SAM 2:1,0.070033,9.215264e-02,2.52,4.82856737e-03,5.388938e-16,0.000000e+00
45.00,0.9222,20.0,1.8000,1.0e-03,+1,5.23598776e-03,equilibrium,4.82856737e-03,5.23598776e-03,4.82856737e-03,4.82856737e-03,0.000000e+00,100.0000,1,40.6158,1.000000,1.119705e-03,NaN,1,NaN,1,SAM 2:1,0.070033,9.215264e-02,2.31,4.82856737e-03,8.981564e-16,0.000000e+00
75.00,0.9222,20.0,1.8000,1.0e-03,+1,5.23598776e-03,equilibrium,4.82856737e-03,5.23598776e-03,4.82856737e-03,4.82856737e-03,0.000000e+00,100.0000,1,62.6718,1.000000,9.184068e-04,NaN,1,NaN,1,SAM 2:1,0.070033,9.215264e-02,2.19,4.82856737e-03,1.257419e-15,0.000000e+00
105.00,0.9222,20.0,1.8000,1.0e-03,+1,5.23598776e-03,equilibrium,4.82856737e-03,5.23598776e-03,4.82856737e-03,4.82856737e-03,0.000000e+00,100.0000,1,83.3983,1.000000,9.147639e-04,NaN,1,NaN,1,SAM 2:1,0.070033,9.215264e-02,2.17,4.82856737e-03,1.257419e-15,0.000000e+00
135.00,0.9222,20.0,1.8000,1.0e-03,+1,5.23598776e-03,equilibrium,4.82856737e-03,5.23598776e-03,4.82856737e-03,4.82856737e-03,0.000000e+00,100.0000,1,120.9805,1.000000,1.119617e-03,NaN,1,NaN,1,SAM 2:1,0.070033,9.215264e-02,2.54,4.82856737e-03,8.981564e-16,0.000000e+00
165.00,0.9222,20.0,1.8000,1.0e-03,+1,5.23598776e-03,equilibrium,4.82856737e-03,5.23598776e-03,4.82856737e-03,4.82856737e-03,0.000000e+00,100.0000,1,148.4185,1.000000,1.112827e-03,NaN,1,NaN,1,SAM 2:1,0.070033,9.215264e-02,1.97,4.82856737e-03,5.388938e-16,0.000000e+00
15.00,0.9378,20.0,1.8000,1.0e-03,+1,5.23598776e-03,equilibrium,4.91005145e-03,5.23598776e-03,4.91005145e-03,4.91005145e-03,0.000000e+00,100.0000,1,120.1699,1.000000,1.080101e-03,NaN,1,NaN,0,SAM 2:1,0.070033,1.105832e-01,2.35,4.91005145e-03,3.533005e-16,0.000000e+00
45.00,0.9378,20.0,1.8000,1.0e-03,+1,5.23598776e-03,equilibrium,4.91005145e-03,5.23598776e-03,4.91005145e-03,4.91005145e-03,0.000000e+00,100.0000,1,137.7635,1.000000,1.088653e-03,NaN,1,NaN,0,SAM 2:1,0.070033,1.105832e-01,2.16,4.91005145e-03,5.299507e-16,0.000000e+00
75.00,0.9378,20.0,1.8000,1.0e-03,+1,5.23598776e-03,equilibrium,4.91005145e-03,5.23598776e-03,4.91005145e-03,4.91005145e-03,0.000000e+00,100.0000,1,82.5668,1.000000,8.932236e-04,NaN,1,NaN,0,SAM 2:1,0.070033,1.105832e-01,2.15,4.91005145e-03,1.059901e-15,0.000000e+00
105.00,0.9378,20.0,1.8000,1.0e-03,+1,5.23598776e-03,equilibrium,4.91005145e-03,5.23598776e-03,4.91005145e-03,4.91005145e-03,0.000000e+00,100.0000,1,111.3232,1.000000,8.906539e-04,NaN,1,NaN,0,SAM 2:1,0.070033,1.105832e-01,2.12,4.91005145e-03,1.059901e-15,0.000000e+00
135.00,0.9378,20.0,1.8000,1.0e-03,+1,5.23598776e-03,equilibrium,4.91005145e-03,5.23598776e-03,4.91005145e-03,4.91005145e-03,0.000000e+00,100.0000,1,65.3400,1.000000,1.089342e-03,NaN,1,NaN,0,SAM 2:1,0.070033,1.105832e-01,2.08,4.91005145e-03,5.299507e-16,0.000000e+00
165.00,0.9378,20.0,1.8000,1.0e-03,+1,5.23598776e-03,equilibrium,4.91005145e-03,5.23598776e-03,4.91005145e-03,4.91005145e-03,0.000000e+00,100.0000,1,48.2030,1.000000,1.082384e-03,NaN,1,NaN,0,SAM 2:1,0.070033,1.105832e-01,1.95,4.91005145e-03,3.533005e-16,0.000000e+00
15.00,0.9533,20.0,1.8000,1.0e-03,+1,5.23598776e-03,equilibrium,4.99153553e-03,5.23598776e-03,4.99153553e-03,4.99153553e-03,0.000000e+00,100.0000,1,146.6730,1.000000,1.059716e-03,NaN,1,NaN,0,SAM 2:1,0.070033,1.290137e-01,1.79,4.99153553e-03,5.212995e-16,0.000000e+00
45.00,0.9533,20.0,1.8000,1.0e-03,+1,5.23598776e-03,equilibrium,4.99153553e-03,5.23598776e-03,4.99153553e-03,4.99153553e-03,0.000000e+00,100.0000,1,43.8283,1.000000,1.061029e-03,NaN,1,NaN,0,SAM 2:1,0.070033,1.290137e-01,2.01,4.99153553e-03,6.950661e-16,0.000000e+00
75.00,0.9533,20.0,1.8000,1.0e-03,+1,5.23598776e-03,equilibrium,4.99153553e-03,5.23598776e-03,4.99153553e-03,4.99153553e-03,0.000000e+00,100.0000,1,116.4143,1.000000,8.658570e-04,NaN,1,NaN,0,SAM 2:1,0.070033,1.290137e-01,2.27,4.99153553e-03,1.042599e-15,0.000000e+00
105.00,0.9533,20.0,1.8000,1.0e-03,+1,5.23598776e-03,equilibrium,4.99153553e-03,5.23598776e-03,4.99153553e-03,4.99153553e-03,0.000000e+00,100.0000,1,92.7135,1.000000,8.710902e-04,NaN,1,NaN,0,SAM 2:1,0.070033,1.290137e-01,2.29,4.99153553e-03,1.042599e-15,0.000000e+00
135.00,0.9533,20.0,1.8000,1.0e-03,+1,5.23598776e-03,equilibrium,4.99153553e-03,5.23598776e-03,4.99153553e-03,4.99153553e-03,0.000000e+00,100.0000,1,133.6840,1.000000,1.060153e-03,NaN,1,NaN,0,SAM 2:1,0.070033,1.290137e-01,2.23,4.99153553e-03,6.950661e-16,0.000000e+00
165.00,0.9533,20.0,1.8000,1.0e-03,+1,5.23598776e-03,equilibrium,4.99153553e-03,5.23598776e-03,4.99153553e-03,4.99153553e-03,0.000000e+00,100.0000,1,44.5762,1.000000,1.058775e-03,NaN,1,NaN,0,SAM 2:1,0.070033,1.290137e-01,1.81,4.99153553e-03,5.212995e-16,0.000000e+00
15.00,0.9689,20.0,1.8000,1.0e-03,+1,5.23598776e-03,equilibrium,5.07301960e-03,5.23598776e-03,5.07301960e-03,5.07301960e-03,0.000000e+00,100.0000,1,74.6755,1.000000,1.030769e-03,NaN,1,NaN,0,SAM 2:1,0.070033,1.474442e-01,1.81,5.07301960e-03,5.129263e-16,0.000000e+00
45.00,0.9689,20.0,1.8000,1.0e-03,+1,5.23598776e-03,equilibrium,5.07301960e-03,5.23598776e-03,5.07301960e-03,5.07301960e-03,0.000000e+00,100.0000,1,90.1731,1.000000,1.033437e-03,NaN,1,NaN,0,SAM 2:1,0.070033,1.474442e-01,2.07,5.07301960e-03,6.839017e-16,0.000000e+00
75.00,0.9689,20.0,1.8000,1.0e-03,+1,5.23598776e-03,equilibrium,5.07301960e-03,5.23598776e-03,5.07301960e-03,5.07301960e-03,0.000000e+00,100.0000,1,63.0863,1.000000,8.243437e-04,NaN,1,NaN,0,SAM 2:1,0.070033,1.474442e-01,2.02,5.07301960e-03,1.196828e-15,0.000000e+00
105.00,0.9689,20.0,1.8000,1.0e-03,+1,5.23598776e-03,equilibrium,5.07301960e-03,5.23598776e-03,5.07301960e-03,5.07301960e-03,0.000000e+00,100.0000,1,85.4867,1.000000,8.422823e-04,NaN,1,NaN,0,SAM 2:1,0.070033,1.474442e-01,2.01,5.07301960e-03,1.196828e-15,0.000000e+00
135.00,0.9689,20.0,1.8000,1.0e-03,+1,5.23598776e-03,equilibrium,5.07301960e-03,5.23598776e-03,5.07301960e-03,5.07301960e-03,0.000000e+00,100.0000,1,58.3378,1.000000,1.032724e-03,NaN,1,NaN,0,SAM 2:1,0.070033,1.474442e-01,2.20,5.07301960e-03,6.839017e-16,0.000000e+00
165.00,0.9689,20.0,1.8000,1.0e-03,+1,5.23598776e-03,equilibrium,5.07301960e-03,5.23598776e-03,5.07301960e-03,5.07301960e-03,0.000000e+00,100.0000,1,117.0880,1.000000,1.033077e-03,NaN,1,NaN,0,SAM 2:1,0.070033,1.474442e-01,1.67,5.07301960e-03,5.129263e-16,0.000000e+00
15.00,0.9844,20.0,1.8000,1.0e-03,+1,5.23598776e-03,equilibrium,5.15450368e-03,5.23598776e-03,5.15450368e-03,5.15450368e-03,0.000000e+00,100.0000,1,18.6874,1.000000,1.006046e-03,NaN,1,NaN,0,SAM 2:1,0.070033,1.658748e-01,1.97,5.15450368e-03,3.365452e-16,0.000000e+00
45.00,0.9844,20.0,1.8000,1.0e-03,+1,5.23598776e-03,equilibrium,5.15450368e-03,5.23598776e-03,5.15450368e-03,5.15450368e-03,0.000000e+00,100.0000,1,136.2181,1.000000,8.220599e-04,NaN,1,NaN,0,SAM 2:1,0.070033,1.658748e-01,2.10,5.15450368e-03,5.048178e-16,0.000000e+00
75.00,0.9844,20.0,1.8000,1.0e-03,+1,5.23598776e-03,equilibrium,5.15450368e-03,5.23598776e-03,5.15450368e-03,5.15450368e-03,0.000000e+00,100.0000,1,103.5874,1.000000,8.255088e-04,NaN,1,NaN,0,SAM 2:1,0.070033,1.658748e-01,1.88,5.15450368e-03,1.009636e-15,0.000000e+00
105.00,0.9844,20.0,1.8000,1.0e-03,+1,5.23598776e-03,equilibrium,5.15450368e-03,5.23598776e-03,5.15450368e-03,5.15450368e-03,0.000000e+00,100.0000,1,73.6354,1.000000,8.273650e-04,NaN,1,NaN,0,SAM 2:1,0.070033,1.658748e-01,2.07,5.15450368e-03,1.009636e-15,0.000000e+00
135.00,0.9844,20.0,1.8000,1.0e-03,+1,5.23598776e-03,equilibrium,5.15450368e-03,5.23598776e-03,5.15450368e-03,5.15450368e-03,0.000000e+00,100.0000,1,46.3714,1.000000,9.677320e-04,NaN,1,NaN,0,SAM 2:1,0.070033,1.658748e-01,2.03,5.15450368e-03,5.048178e-16,0.000000e+00
165.00,0.9844,20.0,1.8000,1.0e-03,+1,5.23598776e-03,equilibrium,5.15450368e-03,5.23598776e-03,5.15450368e-03,5.15450368e-03,0.000000e+00,100.0000,1,166.2491,1.000000,1.006433e-03,NaN,1,NaN,0,SAM 2:1,0.070033,1.658748e-01,1.97,5.15450368e-03,3.365452e-16,0.000000e+00
15.00,0.3913,60.0,1.8000,1.0e-03,+1,1.74532925e-03,equilibrium,6.82942785e-04,1.74532925e-03,6.82942785e-04,6.82942785e-04,0.000000e+00,100.0000,1,67.7057,1.000000,3.808863e-02,NaN,1,NaN,17,SAM 2:1,0.070033,1.966904e-02,7.16,6.82942785e-04,8.096478e-15,0.000000e+00
45.00,0.3913,60.0,1.8000,1.0e-03,+1,1.74532925e-03,equilibrium,6.82942785e-04,1.74532925e-03,6.82942785e-04,6.82942785e-04,0.000000e+00,100.0000,1,98.4466,1.000000,3.843353e-02,NaN,1,NaN,17,SAM 2:1,0.070033,1.966899e-02,13.56,6.82942785e-04,2.159061e-14,0.000000e+00
75.00,0.3913,60.0,1.8000,1.0e-03,+1,1.74532925e-03,equilibrium,6.82942785e-04,1.74532925e-03,6.82942785e-04,6.82942785e-04,0.000000e+00,100.0000,1,78.1411,1.000000,3.664873e-02,NaN,1,NaN,17,SAM 2:1,0.070033,1.966900e-02,10.94,6.82942785e-04,2.413068e-14,0.000000e+00
105.00,0.3913,60.0,1.8000,1.0e-03,+1,1.74532925e-03,equilibrium,6.82942785e-04,1.74532925e-03,6.82942785e-04,6.82942785e-04,1.587545e-16,100.0000,1,107.9112,1.000000,3.674426e-02,NaN,1,NaN,17,SAM 2:1,0.070033,1.966898e-02,9.77,6.82942785e-04,2.413068e-14,0.000000e+00
135.00,0.3913,60.0,1.8000,1.0e-03,+1,1.74532925e-03,equilibrium,6.82942785e-04,1.74532925e-03,6.82942785e-04,6.82942785e-04,0.000000e+00,100.0000,1,113.9625,1.000000,3.843973e-02,NaN,1,NaN,17,SAM 2:1,0.070033,1.966899e-02,10.01,6.82942785e-04,2.159061e-14,0.000000e+00
165.00,0.3913,60.0,1.8000,1.0e-03,+1,1.74532925e-03,equilibrium,6.82942785e-04,1.74532925e-03,6.82942785e-04,6.82942785e-04,0.000000e+00,100.0000,1,100.5414,1.000000,3.814252e-02,NaN,1,NaN,17,SAM 2:1,0.070033,1.966899e-02,6.38,6.82942785e-04,7.778969e-15,0.000000e+00
15.00,0.4416,60.0,1.8000,1.0e-03,+1,1.74532925e-03,equilibrium,7.70806438e-04,1.74532925e-03,7.70806438e-04,7.70806438e-04,0.000000e+00,100.0000,1,62.3434,1.000000,3.030723e-02,NaN,1,NaN,17,SAM 2:1,0.070033,3.260270e-02,5.69,7.70806438e-04,5.626327e-15,0.000000e+00
45.00,0.4416,60.0,1.8000,1.0e-03,+1,1.74532925e-03,equilibrium,7.70806438e-04,1.74532925e-03,7.70806438e-04,7.70806438e-04,0.000000e+00,100.0000,1,60.1519,1.000000,3.047638e-02,NaN,1,NaN,17,SAM 2:1,0.070033,3.260270e-02,9.03,7.70806438e-04,1.561306e-14,0.000000e+00
75.00,0.4416,60.0,1.8000,1.0e-03,+1,1.74532925e-03,equilibrium,7.70806438e-04,1.74532925e-03,7.70806438e-04,7.70806438e-04,0.000000e+00,100.0000,1,85.9905,1.000000,2.895532e-02,NaN,1,NaN,17,SAM 2:1,0.070033,3.260270e-02,8.30,7.70806438e-04,1.744161e-14,0.000000e+00
105.00,0.4416,60.0,1.8000,1.0e-03,+1,1.74532925e-03,equilibrium,7.70806438e-04,1.74532925e-03,7.70806438e-04,7.70806438e-04,0.000000e+00,100.0000,1,63.2134,1.000000,2.893020e-02,NaN,1,NaN,17,SAM 2:1,0.070033,3.260270e-02,8.44,7.70806438e-04,1.744161e-14,0.000000e+00
135.00,0.4416,60.0,1.8000,1.0e-03,+1,1.74532925e-03,equilibrium,7.70806438e-04,1.74532925e-03,7.70806438e-04,7.70806438e-04,0.000000e+00,100.0000,1,88.0697,1.000000,3.046602e-02,NaN,1,NaN,17,SAM 2:1,0.070033,3.260270e-02,8.55,7.70806438e-04,1.561306e-14,0.000000e+00
165.00,0.4416,60.0,1.8000,1.0e-03,+1,1.74532925e-03,equilibrium,7.70806438e-04,1.74532925e-03,7.70806438e-04,7.70806438e-04,0.000000e+00,100.0000,1,105.9291,1.000000,3.048838e-02,NaN,1,NaN,17,SAM 2:1,0.070033,3.260270e-02,5.94,7.70806438e-04,5.345010e-15,0.000000e+00
15.00,0.4920,60.0,1.8000,1.0e-03,+1,1.74532925e-03,equilibrium,8.58670091e-04,1.74532925e-03,8.58670091e-04,8.58670091e-04,0.000000e+00,100.0000,1,73.3284,1.000000,2.468398e-02,NaN,1,NaN,15,SAM 2:1,0.070033,2.986839e-02,5.91,8.58670091e-04,4.798081e-15,0.000000e+00
45.00,0.4920,60.0,1.8000,1.0e-03,+1,1.74532925e-03,equilibrium,8.58670091e-04,1.74532925e-03,8.58670091e-04,8.58670091e-04,0.000000e+00,100.0000,1,119.4382,1.000000,2.325237e-02,NaN,1,NaN,15,SAM 2:1,0.070033,2.986839e-02,8.44,8.58670091e-04,1.199520e-14,0.000000e+00
75.00,0.4920,60.0,1.8000,1.0e-03,+1,1.74532925e-03,equilibrium,8.58670091e-04,1.74532925e-03,8.58670091e-04,8.58670091e-04,0.000000e+00,100.0000,1,117.4311,1.000000,2.337943e-02,NaN,1,NaN,15,SAM 2:1,0.070033,2.986839e-02,7.83,8.58670091e-04,1.363665e-14,0.000000e+00
105.00,0.4920,60.0,1.8000,1.0e-03,+1,1.74532925e-03,equilibrium,8.58670091e-04,1.74532925e-03,8.58670091e-04,8.58670091e-04,0.000000e+00,100.0000,1,97.3450,1.000000,2.344591e-02,NaN,1,NaN,15,SAM 2:1,0.070033,2.986839e-02,7.83,8.58670091e-04,1.338412e-14,0.000000e+00
135.00,0.4920,60.0,1.8000,1.0e-03,+1,1.74532925e-03,equilibrium,8.58670091e-04,1.74532925e-03,8.58670091e-04,8.58670091e-04,0.000000e+00,100.0000,1,40.8635,1.000000,2.480268e-02,NaN,1,NaN,15,SAM 2:1,0.070033,2.986839e-02,8.37,8.58670091e-04,1.199520e-14,0.000000e+00
165.00,0.4920,60.0,1.8000,1.0e-03,+1,1.74532925e-03,equilibrium,8.58670091e-04,1.74532925e-03,8.58670091e-04,8.58670091e-04,0.000000e+00,100.0000,1,94.8695,1.000000,2.478421e-02,NaN,1,NaN,15,SAM 2:1,0.070033,2.986839e-02,15.74,8.58670091e-04,4.545550e-15,0.000000e+00
15.00,0.5423,60.0,1.8000,1.0e-03,+1,1.74532925e-03,equilibrium,9.46533744e-04,1.74532925e-03,9.46533744e-04,9.46533744e-04,0.000000e+00,100.0000,1,25.2299,1.000000,2.002375e-02,NaN,1,NaN,15,SAM 2:1,0.070033,3.256368e-02,7.59,9.46533744e-04,3.779968e-15,0.000000e+00
45.00,0.5423,60.0,1.8000,1.0e-03,+1,1.74532925e-03,equilibrium,9.46533744e-04,1.74532925e-03,9.46533744e-04,9.46533744e-04,0.000000e+00,100.0000,1,46.6238,1.000000,2.052950e-02,NaN,1,NaN,15,SAM 2:1,0.070033,3.256360e-02,9.90,9.46533744e-04,9.507192e-15,0.000000e+00
75.00,0.5423,60.0,1.8000,1.0e-03,+1,1.74532925e-03,equilibrium,9.46533744e-04,1.74532925e-03,9.46533744e-04,9.46533744e-04,0.000000e+00,100.0000,1,83.5085,1.000000,1.931956e-02,NaN,1,NaN,15,SAM 2:1,0.070033,3.256363e-02,9.93,9.46533744e-04,1.076718e-14,0.000000e+00
105.00,0.5423,60.0,1.8000,1.0e-03,+1,1.74532925e-03,equilibrium,9.46533744e-04,1.74532925e-03,9.46533744e-04,9.46533744e-04,0.000000e+00,100.0000,1,111.9537,1.000000,1.936713e-02,NaN,1,NaN,15,SAM 2:1,0.070033,3.256357e-02,9.00,9.46533744e-04,1.076718e-14,0.000000e+00
135.00,0.5423,60.0,1.8000,1.0e-03,+1,1.74532925e-03,equilibrium,9.46533744e-04,1.74532925e-03,9.46533744e-04,9.46533744e-04,0.000000e+00,100.0000,1,136.4088,1.000000,2.053088e-02,NaN,1,NaN,15,SAM 2:1,0.070033,3.256324e-02,9.12,9.46533744e-04,9.507192e-15,0.000000e+00
165.00,0.5423,60.0,1.8000,1.0e-03,+1,1.74532925e-03,equilibrium,9.46533744e-04,1.74532925e-03,9.46533744e-04,9.46533744e-04,0.000000e+00,100.0000,1,163.5053,1.000000,2.030631e-02,NaN,1,NaN,15,SAM 2:1,0.070033,3.256386e-02,6.46,9.46533744e-04,3.779968e-15,0.000000e+00
15.00,0.5927,60.0,1.8000,1.0e-03,+1,1.74532925e-03,equilibrium,1.03439740e-03,1.74532925e-03,1.03439740e-03,1.03439740e-03,0.000000e+00,100.0000,1,68.6920,1.000000,1.724816e-02,NaN,1,NaN,14,SAM 2:1,0.070033,2.870605e-02,6.08,1.03439740e-03,2.515557e-15,0.000000e+00
45.00,0.5927,60.0,1.8000,1.0e-03,+1,1.74532925e-03,equilibrium,1.03439740e-03,1.74532925e-03,1.03439740e-03,1.03439740e-03,0.000000e+00,100.0000,1,85.7291,1.000000,1.734420e-02,NaN,1,NaN,14,SAM 2:1,0.070033,2.870605e-02,8.49,1.03439740e-03,7.546670e-15,0.000000e+00
75.00,0.5927,60.0,1.8000,1.0e-03,+1,1.74532925e-03,equilibrium,1.03439740e-03,1.74532925e-03,1.03439740e-03,1.03439740e-03,0.000000e+00,100.0000,1,70.9593,1.000000,1.615187e-02,NaN,1,NaN,14,SAM 2:1,0.070033,2.870605e-02,7.81,1.03439740e-03,8.594818e-15,0.000000e+00
105.00,0.5927,60.0,1.8000,1.0e-03,+1,1.74532925e-03,equilibrium,1.03439740e-03,1.74532925e-03,1.03439740e-03,1.03439740e-03,0.000000e+00,100.0000,1,100.5003,1.000000,1.629167e-02,NaN,1,NaN,14,SAM 2:1,0.070033,2.870605e-02,8.18,1.03439740e-03,8.594818e-15,0.000000e+00
135.00,0.5927,60.0,1.8000,1.0e-03,+1,1.74532925e-03,equilibrium,1.03439740e-03,1.74532925e-03,1.03439740e-03,1.03439740e-03,0.000000e+00,100.0000,1,125.0517,1.000000,1.739723e-02,NaN,1,NaN,14,SAM 2:1,0.070033,2.870605e-02,9.66,1.03439740e-03,7.546670e-15,0.000000e+00
165.00,0.5927,60.0,1.8000,1.0e-03,+1,1.74532925e-03,equilibrium,1.03439740e-03,1.74532925e-03,1.03439740e-03,1.03439740e-03,0.000000e+00,100.0000,1,99.5354,1.000000,1.739867e-02,NaN,1,NaN,14,SAM 2:1,0.070033,2.870605e-02,7.13,1.03439740e-03,2.934816e-15,0.000000e+00
15.00,0.6430,60.0,1.8000,1.0e-03,+1,1.74532925e-03,equilibrium,1.12226105e-03,1.74532925e-03,1.12226105e-03,1.12226105e-03,0.000000e+00,100.0000,1,126.8664,1.000000,1.491925e-02,NaN,1,NaN,14,SAM 2:1,0.070033,8.888948e-03,5.94,1.12226105e-03,2.511827e-15,0.000000e+00
45.00,0.6430,60.0,1.8000,1.0e-03,+1,1.74532925e-03,equilibrium,1.12226105e-03,1.74532925e-03,1.12226105e-03,1.12226105e-03,0.000000e+00,100.0000,1,98.3280,1.000000,1.489488e-02,NaN,1,NaN,14,SAM 2:1,0.070033,8.888905e-03,8.35,1.12226105e-03,6.569394e-15,0.000000e+00
75.00,0.6430,60.0,1.8000,1.0e-03,+1,1.74532925e-03,equilibrium,1.12226105e-03,1.74532925e-03,1.12226105e-03,1.12226105e-03,0.000000e+00,100.0000,1,62.4140,1.000000,1.387391e-02,NaN,1,NaN,14,SAM 2:1,0.070033,8.888905e-03,8.39,1.12226105e-03,7.535481e-15,0.000000e+00
105.00,0.6430,60.0,1.8000,1.0e-03,+1,1.74532925e-03,equilibrium,1.12226105e-03,1.74532925e-03,1.12226105e-03,1.12226105e-03,0.000000e+00,100.0000,1,80.6837,1.000000,1.385729e-02,NaN,1,NaN,14,SAM 2:1,0.070033,8.889013e-03,8.39,1.12226105e-03,7.535481e-15,0.000000e+00
135.00,0.6430,60.0,1.8000,1.0e-03,+1,1.74532925e-03,equilibrium,1.12226105e-03,1.74532925e-03,1.12226105e-03,1.12226105e-03,0.000000e+00,100.0000,1,114.0711,1.000000,1.490866e-02,NaN,1,NaN,14,SAM 2:1,0.070033,8.888895e-03,8.86,1.12226105e-03,6.569394e-15,0.000000e+00
165.00,0.6430,60.0,1.8000,1.0e-03,+1,1.74532925e-03,equilibrium,1.12226105e-03,1.74532925e-03,1.12226105e-03,1.12226105e-03,0.000000e+00,100.0000,1,41.6079,1.000000,1.483241e-02,NaN,1,NaN,14,SAM 2:1,0.070033,8.888908e-03,6.14,1.12226105e-03,2.511827e-15,0.000000e+00
15.00,0.6934,60.0,1.8000,1.0e-03,+1,1.74532925e-03,equilibrium,1.21012470e-03,1.74532925e-03,1.21012470e-03,1.21012470e-03,0.000000e+00,100.0000,1,166.2335,1.000000,1.289946e-02,NaN,1,NaN,12,SAM 2:1,0.070033,4.527712e-02,5.66,1.21012470e-03,2.508639e-15,0.000000e+00
45.00,0.6934,60.0,1.8000,1.0e-03,+1,1.74532925e-03,equilibrium,1.21012470e-03,1.74532925e-03,1.21012470e-03,1.21012470e-03,0.000000e+00,100.0000,1,110.0867,1.000000,1.295317e-02,NaN,1,NaN,12,SAM 2:1,0.070033,4.527701e-02,7.59,1.21012470e-03,5.734032e-15,0.000000e+00
75.00,0.6934,60.0,1.8000,1.0e-03,+1,1.74532925e-03,equilibrium,1.21012470e-03,1.74532925e-03,1.21012470e-03,1.21012470e-03,0.000000e+00,100.0000,1,67.2833,1.000000,1.189857e-02,NaN,1,NaN,12,SAM 2:1,0.070033,4.527730e-02,7.90,1.21012470e-03,6.629975e-15,0.000000e+00
105.00,0.6934,60.0,1.8000,1.0e-03,+1,1.74532925e-03,equilibrium,1.21012470e-03,1.74532925e-03,1.21012470e-03,1.21012470e-03,0.000000e+00,100.0000,1,67.5267,1.000000,1.189999e-02,NaN,1,NaN,12,SAM 2:1,0.070033,4.527690e-02,7.04,1.21012470e-03,6.629975e-15,0.000000e+00
135.00,0.6934,60.0,1.8000,1.0e-03,+1,1.74532925e-03,equilibrium,1.21012470e-03,1.74532925e-03,1.21012470e-03,1.21012470e-03,0.000000e+00,100.0000,1,102.5229,1.000000,1.294134e-02,NaN,1,NaN,12,SAM 2:1,0.070033,4.527720e-02,8.74,1.21012470e-03,5.734032e-15,0.000000e+00
165.00,0.6934,60.0,1.8000,1.0e-03,+1,1.74532925e-03,equilibrium,1.21012470e-03,1.74532925e-03,1.21012470e-03,1.21012470e-03,0.000000e+00,100.0000,1,17.7023,1.000000,1.295257e-02,NaN,1,NaN,12,SAM 2:1,0.070033,4.527654e-02,5.26,1.21012470e-03,2.150262e-15,0.000000e+00
15.00,0.7437,60.0,1.8000,1.0e-03,+1,1.74532925e-03,equilibrium,1.29798836e-03,1.74532925e-03,1.29798836e-03,1.29798836e-03,0.000000e+00,100.0000,1,143.5228,1.000000,1.122465e-02,NaN,1,NaN,11,SAM 2:1,0.070033,7.989869e-02,5.36,1.29798836e-03,1.670588e-15,0.000000e+00
45.00,0.7437,60.0,1.8000,1.0e-03,+1,1.74532925e-03,equilibrium,1.29798836e-03,1.74532925e-03,1.29798836e-03,1.29798836e-03,0.000000e+00,100.0000,1,77.3502,1.000000,1.131984e-02,NaN,1,NaN,11,SAM 2:1,0.070033,7.989846e-02,6.69,1.29798836e-03,5.011765e-15,0.000000e+00
75.00,0.7437,60.0,1.8000,1.0e-03,+1,1.74532925e-03,equilibrium,1.29798836e-03,1.74532925e-03,1.29798836e-03,1.29798836e-03,0.000000e+00,100.0000,1,70.4991,1.000000,1.041798e-02,NaN,1,NaN,11,SAM 2:1,0.070033,7.989853e-02,7.40,1.29798836e-03,5.847060e-15,0.000000e+00
105.00,0.7437,60.0,1.8000,1.0e-03,+1,1.74532925e-03,equilibrium,1.29798836e-03,1.74532925e-03,1.29798836e-03,1.29798836e-03,0.000000e+00,100.0000,1,64.9690,1.000000,1.046043e-02,NaN,1,NaN,11,SAM 2:1,0.070033,7.989834e-02,6.52,1.29798836e-03,5.847060e-15,0.000000e+00
135.00,0.7437,60.0,1.8000,1.0e-03,+1,1.74532925e-03,equilibrium,1.29798836e-03,1.74532925e-03,1.29798836e-03,1.29798836e-03,0.000000e+00,100.0000,1,131.2812,1.000000,1.131708e-02,NaN,1,NaN,11,SAM 2:1,0.070033,7.989837e-02,7.18,1.29798836e-03,5.011765e-15,0.000000e+00
165.00,0.7437,60.0,1.8000,1.0e-03,+1,1.74532925e-03,equilibrium,1.29798836e-03,1.74532925e-03,1.29798836e-03,1.29798836e-03,1.670588e-16,100.0000,1,25.7280,1.000000,1.121457e-02,NaN,1,NaN,11,SAM 2:1,0.070033,7.989895e-02,4.27,1.29798836e-03,1.670588e-15,0.000000e+00
15.00,0.7940,60.0,1.8000,1.0e-03,+1,1.74532925e-03,equilibrium,1.38585201e-03,1.74532925e-03,1.38585201e-03,1.38585201e-03,0.000000e+00,100.0000,1,115.1579,1.000000,9.979478e-03,NaN,1,NaN,9,SAM 2:1,0.070033,5.962049e-02,4.56,1.38585201e-03,1.721140e-15,0.000000e+00
45.00,0.7940,60.0,1.8000,1.0e-03,+1,1.74532925e-03,equilibrium,1.38585201e-03,1.74532925e-03,1.38585201e-03,1.38585201e-03,0.000000e+00,100.0000,1,98.5736,1.000000,1.004348e-02,NaN,1,NaN,9,SAM 2:1,0.070033,5.962049e-02,6.50,1.38585201e-03,4.381083e-15,0.000000e+00
75.00,0.7940,60.0,1.8000,1.0e-03,+1,1.74532925e-03,equilibrium,1.38585201e-03,1.74532925e-03,1.38585201e-03,1.38585201e-03,0.000000e+00,100.0000,1,100.9058,1.000000,9.226877e-03,NaN,1,NaN,9,SAM 2:1,0.070033,5.962049e-02,5.85,1.38585201e-03,5.163419e-15,0.000000e+00
105.00,0.7940,60.0,1.8000,1.0e-03,+1,1.74532925e-03,equilibrium,1.38585201e-03,1.74532925e-03,1.38585201e-03,1.38585201e-03,0.000000e+00,100.0000,1,71.2888,1.000000,9.215544e-03,NaN,1,NaN,9,SAM 2:1,0.070033,5.962049e-02,6.75,1.38585201e-03,5.163419e-15,0.000000e+00
135.00,0.7940,60.0,1.8000,1.0e-03,+1,1.74532925e-03,equilibrium,1.38585201e-03,1.74532925e-03,1.38585201e-03,1.38585201e-03,0.000000e+00,100.0000,1,113.8432,1.000000,1.004566e-02,NaN,1,NaN,9,SAM 2:1,0.070033,5.962049e-02,7.19,1.38585201e-03,4.381083e-15,0.000000e+00
165.00,0.7940,60.0,1.8000,1.0e-03,+1,1.74532925e-03,equilibrium,1.38585201e-03,1.74532925e-03,1.38585201e-03,1.38585201e-03,0.000000e+00,100.0000,1,76.6198,1.000000,1.005885e-02,NaN,1,NaN,9,SAM 2:1,0.070033,5.962049e-02,4.94,1.38585201e-03,1.721140e-15,0.000000e+00
15.00,0.8599,60.0,1.8000,1.0e-03,+1,1.74532925e-03,equilibrium,1.50087702e-03,1.74532925e-03,1.50087702e-03,1.50087702e-03,0.000000e+00,100.0000,1,123.3173,1.000000,8.592042e-03,NaN,1,NaN,3,SAM 2:1,0.070033,1.843053e-02,4.81,1.50087702e-03,1.589234e-15,0.000000e+00
45.00,0.8599,60.0,1.8000,1.0e-03,+1,1.74532925e-03,equilibrium,1.50087702e-03,1.74532925e-03,1.50087702e-03,1.50087702e-03,0.000000e+00,100.0000,1,72.1825,1.000000,8.651777e-03,NaN,1,NaN,3,SAM 2:1,0.070033,1.843053e-02,5.81,1.50087702e-03,3.611895e-15,0.000000e+00
75.00,0.8599,60.0,1.8000,1.0e-03,+1,1.74532925e-03,equilibrium,1.50087702e-03,1.74532925e-03,1.50087702e-03,1.50087702e-03,0.000000e+00,100.0000,1,116.1629,1.000000,7.909154e-03,NaN,1,NaN,3,SAM 2:1,0.070033,1.843053e-02,6.33,1.50087702e-03,4.478750e-15,0.000000e+00
105.00,0.8599,60.0,1.8000,1.0e-03,+1,1.74532925e-03,equilibrium,1.50087702e-03,1.74532925e-03,1.50087702e-03,1.50087702e-03,0.000000e+00,100.0000,1,91.9466,1.000000,7.896453e-03,NaN,1,NaN,3,SAM 2:1,0.070033,1.843053e-02,7.73,1.50087702e-03,4.478750e-15,0.000000e+00
135.00,0.8599,60.0,1.8000,1.0e-03,+1,1.74532925e-03,equilibrium,1.50087702e-03,1.74532925e-03,1.50087702e-03,1.50087702e-03,0.000000e+00,100.0000,1,75.1550,1.000000,8.654244e-03,NaN,1,NaN,3,SAM 2:1,0.070033,1.843053e-02,6.44,1.50087702e-03,3.611895e-15,0.000000e+00
165.00,0.8599,60.0,1.8000,1.0e-03,+1,1.74532925e-03,equilibrium,1.50087702e-03,1.74532925e-03,1.50087702e-03,1.50087702e-03,0.000000e+00,100.0000,1,45.0956,1.000000,8.574159e-03,NaN,1,NaN,3,SAM 2:1,0.070033,1.843053e-02,4.65,1.50087702e-03,1.155807e-15,0.000000e+00
15.00,0.8755,60.0,1.8000,1.0e-03,+1,1.74532925e-03,equilibrium,1.52803838e-03,1.74532925e-03,1.52803838e-03,1.52803838e-03,0.000000e+00,100.0000,1,80.6414,1.000000,8.385726e-03,NaN,1,NaN,2,SAM 2:1,0.070033,3.686106e-02,5.28,1.52803838e-03,1.560985e-15,0.000000e+00
45.00,0.8755,60.0,1.8000,1.0e-03,+1,1.74532925e-03,equilibrium,1.52803838e-03,1.74532925e-03,1.52803838e-03,1.52803838e-03,0.000000e+00,100.0000,1,100.9655,1.000000,8.387123e-03,NaN,1,NaN,2,SAM 2:1,0.070033,3.686106e-02,6.18,1.52803838e-03,3.831508e-15,0.000000e+00
75.00,0.8755,60.0,1.8000,1.0e-03,+1,1.74532925e-03,equilibrium,1.52803838e-03,1.74532925e-03,1.52803838e-03,1.52803838e-03,0.000000e+00,100.0000,1,62.4931,1.000000,7.632678e-03,NaN,1,NaN,2,SAM 2:1,0.070033,3.686106e-02,5.52,1.52803838e-03,4.399139e-15,0.000000e+00
105.00,0.8755,60.0,1.8000,1.0e-03,+1,1.74532925e-03,equilibrium,1.52803838e-03,1.74532925e-03,1.52803838e-03,1.52803838e-03,0.000000e+00,100.0000,1,81.9476,1.000000,7.624685e-03,NaN,1,NaN,2,SAM 2:1,0.070033,3.686106e-02,5.28,1.52803838e-03,4.399139e-15,0.000000e+00
135.00,0.8755,60.0,1.8000,1.0e-03,+1,1.74532925e-03,equilibrium,1.52803838e-03,1.74532925e-03,1.52803838e-03,1.52803838e-03,0.000000e+00,100.0000,1,49.8821,1.000000,7.758837e-03,NaN,1,NaN,2,SAM 2:1,0.070033,3.686106e-02,5.89,1.52803838e-03,3.831508e-15,0.000000e+00
165.00,0.8755,60.0,1.8000,1.0e-03,+1,1.74532925e-03,equilibrium,1.52803838e-03,1.74532925e-03,1.52803838e-03,1.52803838e-03,0.000000e+00,100.0000,1,111.1392,1.000000,8.388645e-03,NaN,1,NaN,2,SAM 2:1,0.070033,3.686106e-02,4.41,1.52803838e-03,1.560985e-15,0.000000e+00
15.00,0.8911,60.0,1.8000,1.0e-03,+1,1.74532925e-03,equilibrium,1.55519974e-03,1.74532925e-03,1.55519974e-03,1.55519974e-03,0.000000e+00,100.0000,1,24.4945,1.000000,8.017181e-03,NaN,1,NaN,1,SAM 2:1,0.070033,5.529159e-02,4.02,1.55519974e-03,1.533722e-15,0.000000e+00
45.00,0.8911,60.0,1.8000,1.0e-03,+1,1.74532925e-03,equilibrium,1.55519974e-03,1.74532925e-03,1.55519974e-03,1.55519974e-03,0.000000e+00,100.0000,1,40.7953,1.000000,8.112968e-03,NaN,1,NaN,1,SAM 2:1,0.070033,5.529159e-02,5.90,1.55519974e-03,3.625162e-15,0.000000e+00
75.00,0.8911,60.0,1.8000,1.0e-03,+1,1.74532925e-03,equilibrium,1.55519974e-03,1.74532925e-03,1.55519974e-03,1.55519974e-03,0.000000e+00,100.0000,1,63.2788,1.000000,7.379746e-03,NaN,1,NaN,1,SAM 2:1,0.070033,5.529159e-02,5.76,1.55519974e-03,4.461738e-15,0.000000e+00
105.00,0.8911,60.0,1.8000,1.0e-03,+1,1.74532925e-03,equilibrium,1.55519974e-03,1.74532925e-03,1.55519974e-03,1.55519974e-03,0.000000e+00,100.0000,1,86.2367,1.000000,7.388660e-03,NaN,1,NaN,1,SAM 2:1,0.070033,5.529159e-02,5.36,1.55519974e-03,4.461738e-15,0.000000e+00
135.00,0.8911,60.0,1.8000,1.0e-03,+1,1.74532925e-03,equilibrium,1.55519974e-03,1.74532925e-03,1.55519974e-03,1.55519974e-03,0.000000e+00,100.0000,1,127.1119,1.000000,8.105831e-03,NaN,1,NaN,1,SAM 2:1,0.070033,5.529159e-02,5.77,1.55519974e-03,3.625162e-15,0.000000e+00
165.00,0.8911,60.0,1.8000,1.0e-03,+1,1.74532925e-03,equilibrium,1.55519974e-03,1.74532925e-03,1.55519974e-03,1.55519974e-03,0.000000e+00,100.0000,1,144.8534,1.000000,7.946880e-03,NaN,1,NaN,1,SAM 2:1,0.070033,5.529159e-02,4.27,1.55519974e-03,1.394293e-15,0.000000e+00
15.00,0.9066,60.0,1.8000,1.0e-03,+1,1.74532925e-03,equilibrium,1.58236110e-03,1.74532925e-03,1.58236110e-03,1.58236110e-03,0.000000e+00,100.0000,1,69.9613,1.000000,7.869173e-03,NaN,1,NaN,1,SAM 2:1,0.070033,7.372212e-02,3.78,1.58236110e-03,1.370360e-15,0.000000e+00
45.00,0.9066,60.0,1.8000,1.0e-03,+1,1.74532925e-03,equilibrium,1.58236110e-03,1.74532925e-03,1.58236110e-03,1.58236110e-03,0.000000e+00,100.0000,1,98.9415,1.000000,7.853571e-03,NaN,1,NaN,1,SAM 2:1,0.070033,7.372212e-02,5.84,1.58236110e-03,3.425900e-15,0.000000e+00
75.00,0.9066,60.0,1.8000,1.0e-03,+1,1.74532925e-03,equilibrium,1.58236110e-03,1.74532925e-03,1.58236110e-03,1.58236110e-03,0.000000e+00,100.0000,1,111.5811,1.000000,7.143027e-03,NaN,1,NaN,1,SAM 2:1,0.070033,7.372212e-02,5.27,1.58236110e-03,4.111080e-15,0.000000e+00
105.00,0.9066,60.0,1.8000,1.0e-03,+1,1.74532925e-03,equilibrium,1.58236110e-03,1.74532925e-03,1.58236110e-03,1.58236110e-03,0.000000e+00,100.0000,1,82.9462,1.000000,7.146882e-03,NaN,1,NaN,1,SAM 2:1,0.070033,7.372212e-02,5.18,1.58236110e-03,4.111080e-15,0.000000e+00
135.00,0.9066,60.0,1.8000,1.0e-03,+1,1.74532925e-03,equilibrium,1.58236110e-03,1.74532925e-03,1.58236110e-03,1.58236110e-03,0.000000e+00,100.0000,1,51.3431,1.000000,7.867573e-03,NaN,1,NaN,1,SAM 2:1,0.070033,7.372212e-02,6.14,1.58236110e-03,3.425900e-15,0.000000e+00
165.00,0.9066,60.0,1.8000,1.0e-03,+1,1.74532925e-03,equilibrium,1.58236110e-03,1.74532925e-03,1.58236110e-03,1.58236110e-03,0.000000e+00,100.0000,1,98.2694,1.000000,7.850349e-03,NaN,1,NaN,1,SAM 2:1,0.070033,7.372212e-02,4.21,1.58236110e-03,1.370360e-15,0.000000e+00
15.00,0.9222,60.0,1.8000,1.0e-03,+1,1.74532925e-03,equilibrium,1.60952246e-03,1.74532925e-03,1.60952246e-03,1.60952246e-03,0.000000e+00,100.0000,1,69.2461,1.000000,7.626966e-03,NaN,1,NaN,1,SAM 2:1,0.070033,9.215264e-02,4.74,1.60952246e-03,1.212511e-15,0.000000e+00
45.00,0.9222,60.0,1.8000,1.0e-03,+1,1.74532925e-03,equilibrium,1.60952246e-03,1.74532925e-03,1.60952246e-03,1.60952246e-03,0.000000e+00,100.0000,1,77.8465,1.000000,7.619782e-03,NaN,1,NaN,1,SAM 2:1,0.070033,9.215264e-02,6.29,1.60952246e-03,3.233363e-15,0.000000e+00
75.00,0.9222,60.0,1.8000,1.0e-03,+1,1.74532925e-03,equilibrium,1.60952246e-03,1.74532925e-03,1.60952246e-03,1.60952246e-03,0.000000e+00,100.0000,1,100.8549,1.000000,6.854481e-03,NaN,1,NaN,1,SAM 2:1,0.070033,9.215264e-02,5.66,1.60952246e-03,4.041704e-15,0.000000e+00
105.00,0.9222,60.0,1.8000,1.0e-03,+1,1.74532925e-03,equilibrium,1.60952246e-03,1.74532925e-03,1.60952246e-03,1.60952246e-03,0.000000e+00,100.0000,1,71.2473,1.000000,6.842847e-03,NaN,1,NaN,1,SAM 2:1,0.070033,9.215264e-02,5.52,1.60952246e-03,4.041704e-15,0.000000e+00
135.00,0.9222,60.0,1.8000,1.0e-03,+1,1.74532925e-03,equilibrium,1.60952246e-03,1.74532925e-03,1.60952246e-03,1.60952246e-03,0.000000e+00,100.0000,1,69.5550,1.000000,7.627100e-03,NaN,1,NaN,1,SAM 2:1,0.070033,9.215264e-02,5.86,1.60952246e-03,3.233363e-15,0.000000e+00
165.00,0.9222,60.0,1.8000,1.0e-03,+1,1.74532925e-03,equilibrium,1.60952246e-03,1.74532925e-03,1.60952246e-03,1.60952246e-03,0.000000e+00,100.0000,1,98.9725,1.000000,7.615445e-03,NaN,1,NaN,1,SAM 2:1,0.070033,9.215264e-02,4.22,1.60952246e-03,1.481958e-15,0.000000e+00
15.00,0.9378,60.0,1.8000,1.0e-03,+1,1.74532925e-03,equilibrium,1.63668382e-03,1.74532925e-03,1.63668382e-03,1.63668382e-03,0.000000e+00,100.0000,1,24.5883,1.000000,7.393060e-03,NaN,1,NaN,0,SAM 2:1,0.070033,1.105832e-01,4.26,1.63668382e-03,1.457364e-15,0.000000e+00
45.00,0.9378,60.0,1.8000,1.0e-03,+1,1.74532925e-03,equilibrium,1.63668382e-03,1.74532925e-03,1.63668382e-03,1.63668382e-03,0.000000e+00,100.0000,1,84.6754,1.000000,7.357734e-03,NaN,1,NaN,0,SAM 2:1,0.070033,1.105832e-01,5.68,1.63668382e-03,3.312192e-15,0.000000e+00
75.00,0.9378,60.0,1.8000,1.0e-03,+1,1.74532925e-03,equilibrium,1.63668382e-03,1.74532925e-03,1.63668382e-03,1.63668382e-03,0.000000e+00,100.0000,1,90.4298,1.000000,6.697061e-03,NaN,1,NaN,0,SAM 2:1,0.070033,1.105832e-01,5.33,1.63668382e-03,3.842143e-15,0.000000e+00
105.00,0.9378,60.0,1.8000,1.0e-03,+1,1.74532925e-03,equilibrium,1.63668382e-03,1.74532925e-03,1.63668382e-03,1.63668382e-03,0.000000e+00,100.0000,1,115.5998,1.000000,6.695056e-03,NaN,1,NaN,0,SAM 2:1,0.070033,1.105832e-01,5.48,1.63668382e-03,3.842143e-15,0.000000e+00
135.00,0.9378,60.0,1.8000,1.0e-03,+1,1.74532925e-03,equilibrium,1.63668382e-03,1.74532925e-03,1.63668382e-03,1.63668382e-03,0.000000e+00,100.0000,1,125.8914,1.000000,7.393225e-03,NaN,1,NaN,0,SAM 2:1,0.070033,1.105832e-01,6.11,1.63668382e-03,3.312192e-15,0.000000e+00
165.00,0.9378,60.0,1.8000,1.0e-03,+1,1.74532925e-03,equilibrium,1.63668382e-03,1.74532925e-03,1.63668382e-03,1.63668382e-03,0.000000e+00,100.0000,1,144.7469,1.000000,7.381453e-03,NaN,1,NaN,0,SAM 2:1,0.070033,1.105832e-01,4.12,1.63668382e-03,1.059901e-15,0.000000e+00
15.00,0.9533,60.0,1.8000,1.0e-03,+1,1.74532925e-03,equilibrium,1.66384518e-03,1.74532925e-03,1.66384518e-03,1.66384518e-03,0.000000e+00,100.0000,1,72.9033,1.000000,7.130119e-03,NaN,1,NaN,0,SAM 2:1,0.070033,1.290137e-01,4.00,1.66384518e-03,1.172924e-15,0.000000e+00
45.00,0.9533,60.0,1.8000,1.0e-03,+1,1.74532925e-03,equilibrium,1.66384518e-03,1.74532925e-03,1.66384518e-03,1.66384518e-03,0.000000e+00,100.0000,1,40.5369,1.000000,7.175018e-03,NaN,1,NaN,0,SAM 2:1,0.070033,1.290137e-01,6.20,1.66384518e-03,3.127797e-15,0.000000e+00
75.00,0.9533,60.0,1.8000,1.0e-03,+1,1.74532925e-03,equilibrium,1.66384518e-03,1.74532925e-03,1.66384518e-03,1.66384518e-03,0.000000e+00,100.0000,1,96.3830,1.000000,6.463152e-03,NaN,1,NaN,0,SAM 2:1,0.070033,1.290137e-01,5.39,1.66384518e-03,3.909747e-15,0.000000e+00
105.00,0.9533,60.0,1.8000,1.0e-03,+1,1.74532925e-03,equilibrium,1.66384518e-03,1.74532925e-03,1.66384518e-03,1.66384518e-03,0.000000e+00,100.0000,1,117.2932,1.000000,6.489073e-03,NaN,1,NaN,0,SAM 2:1,0.070033,1.290137e-01,5.41,1.66384518e-03,3.909747e-15,0.000000e+00
135.00,0.9533,60.0,1.8000,1.0e-03,+1,1.74532925e-03,equilibrium,1.66384518e-03,1.74532925e-03,1.66384518e-03,1.66384518e-03,0.000000e+00,100.0000,1,125.3961,1.000000,7.157293e-03,NaN,1,NaN,0,SAM 2:1,0.070033,1.290137e-01,6.11,1.66384518e-03,3.127797e-15,0.000000e+00
165.00,0.9533,60.0,1.8000,1.0e-03,+1,1.74532925e-03,equilibrium,1.66384518e-03,1.74532925e-03,1.66384518e-03,1.66384518e-03,0.000000e+00,100.0000,1,118.8554,1.000000,7.121737e-03,NaN,1,NaN,0,SAM 2:1,0.070033,1.290137e-01,4.14,1.66384518e-03,1.172924e-15,0.000000e+00
15.00,0.9689,60.0,1.8000,1.0e-03,+1,1.74532925e-03,equilibrium,1.69100653e-03,1.74532925e-03,1.69100653e-03,1.69100653e-03,0.000000e+00,100.0000,1,148.7648,1.000000,6.896783e-03,NaN,1,NaN,0,SAM 2:1,0.070033,1.474442e-01,4.19,1.69100653e-03,1.410547e-15,0.000000e+00
45.00,0.9689,60.0,1.8000,1.0e-03,+1,1.74532925e-03,equilibrium,1.69100653e-03,1.74532925e-03,1.69100653e-03,1.69100653e-03,0.000000e+00,100.0000,1,54.4428,1.000000,6.941260e-03,NaN,1,NaN,0,SAM 2:1,0.070033,1.474442e-01,5.63,1.69100653e-03,3.205789e-15,0.000000e+00
75.00,0.9689,60.0,1.8000,1.0e-03,+1,1.74532925e-03,equilibrium,1.69100653e-03,1.74532925e-03,1.69100653e-03,1.69100653e-03,0.000000e+00,100.0000,1,86.7485,1.000000,6.284464e-03,NaN,1,NaN,0,SAM 2:1,0.070033,1.474442e-01,4.97,1.69100653e-03,3.846947e-15,0.000000e+00
105.00,0.9689,60.0,1.8000,1.0e-03,+1,1.74532925e-03,equilibrium,1.69100653e-03,1.74532925e-03,1.69100653e-03,1.69100653e-03,0.000000e+00,100.0000,1,63.4230,1.000000,6.258030e-03,NaN,1,NaN,0,SAM 2:1,0.070033,1.474442e-01,5.42,1.69100653e-03,3.846947e-15,0.000000e+00
135.00,0.9689,60.0,1.8000,1.0e-03,+1,1.74532925e-03,equilibrium,1.69100653e-03,1.74532925e-03,1.69100653e-03,1.69100653e-03,0.000000e+00,100.0000,1,139.4464,1.000000,6.941930e-03,NaN,1,NaN,0,SAM 2:1,0.070033,1.474442e-01,5.45,1.69100653e-03,3.205789e-15,0.000000e+00
165.00,0.9689,60.0,1.8000,1.0e-03,+1,1.74532925e-03,equilibrium,1.69100653e-03,1.74532925e-03,1.69100653e-03,1.69100653e-03,0.000000e+00,100.0000,1,21.0964,1.000000,6.901529e-03,NaN,1,NaN,0,SAM 2:1,0.070033,1.474442e-01,4.00,1.69100653e-03,1.538779e-15,0.000000e+00
15.00,0.9844,60.0,1.8000,1.0e-03,+1,1.74532925e-03,equilibrium,1.71816789e-03,1.74532925e-03,1.71816789e-03,1.71816789e-03,0.000000e+00,100.0000,1,28.4920,1.000000,6.642700e-03,NaN,1,NaN,0,SAM 2:1,0.070033,1.658748e-01,4.03,1.71816789e-03,1.262045e-15,0.000000e+00
45.00,0.9844,60.0,1.8000,1.0e-03,+1,1.74532925e-03,equilibrium,1.71816789e-03,1.74532925e-03,1.71816789e-03,1.71816789e-03,0.000000e+00,100.0000,1,138.6891,1.000000,5.498822e-03,NaN,1,NaN,0,SAM 2:1,0.070033,1.658748e-01,5.27,1.71816789e-03,2.902702e-15,0.000000e+00
75.00,0.9844,60.0,1.8000,1.0e-03,+1,1.74532925e-03,equilibrium,1.71816789e-03,1.74532925e-03,1.71816789e-03,1.71816789e-03,0.000000e+00,100.0000,1,102.1577,1.000000,6.102451e-03,NaN,1,NaN,0,SAM 2:1,0.070033,1.658748e-01,4.73,1.71816789e-03,3.659929e-15,0.000000e+00
105.00,0.9844,60.0,1.8000,1.0e-03,+1,1.74532925e-03,equilibrium,1.71816789e-03,1.74532925e-03,1.71816789e-03,1.71816789e-03,0.000000e+00,100.0000,1,72.3466,1.000000,6.101304e-03,NaN,1,NaN,0,SAM 2:1,0.070033,1.658748e-01,4.83,1.71816789e-03,3.659929e-15,0.000000e+00
135.00,0.9844,60.0,1.8000,1.0e-03,+1,1.74532925e-03,equilibrium,1.71816789e-03,1.74532925e-03,1.71816789e-03,1.71816789e-03,0.000000e+00,100.0000,1,50.9674,1.000000,6.667751e-03,NaN,1,NaN,0,SAM 2:1,0.070033,1.658748e-01,4.94,1.71816789e-03,2.902702e-15,0.000000e+00
165.00,0.9844,60.0,1.8000,1.0e-03,+1,1.74532925e-03,equilibrium,1.71816789e-03,1.74532925e-03,1.71816789e-03,1.71816789e-03,0.000000e+00,100.0000,1,161.1553,1.000000,6.755992e-03,NaN,1,NaN,0,SAM 2:1,0.070033,1.658748e-01,3.50,1.71816789e-03,1.009636e-15,0.000000e+00
15.00,0.3913,120.0,1.8000,1.0e-03,+1,8.72664626e-04,equilibrium,3.41471393e-04,8.72664626e-04,3.41471393e-04,3.41471393e-04,1.587545e-15,100.0000,1,63.3436,1.000000,1.469198e-01,NaN,1,NaN,17,SAM 2:1,0.070033,2.921036e-05,12.90,3.41471393e-04,9.731649e-14,0.000000e+00
45.00,0.3913,120.0,1.8000,1.0e-03,+1,8.72664626e-04,equilibrium,3.41471393e-04,8.72664626e-04,3.41471393e-04,3.41471393e-04,4.762634e-16,100.0000,1,58.9836,1.000000,1.480710e-01,NaN,1,NaN,17,SAM 2:1,0.070033,2.921035e-05,21.79,3.41471393e-04,2.378142e-13,0.000000e+00
75.00,0.3913,120.0,1.8000,1.0e-03,+1,8.72664626e-04,equilibrium,3.41471393e-04,8.72664626e-04,3.41471393e-04,3.41471393e-04,1.587545e-15,100.0000,1,71.4589,1.000000,1.444440e-01,NaN,1,NaN,17,SAM 2:1,0.070033,2.921037e-05,22.35,3.41471393e-04,2.659137e-13,0.000000e+00
105.00,0.3913,120.0,1.8000,1.0e-03,+1,8.72664626e-04,equilibrium,3.41471393e-04,8.72664626e-04,3.41471393e-04,3.41471393e-04,1.746299e-15,100.0000,1,101.1109,1.000000,1.441405e-01,NaN,1,NaN,17,SAM 2:1,0.070033,2.921037e-05,18.75,3.41471393e-04,2.667075e-13,0.000000e+00
135.00,0.3913,120.0,1.8000,1.0e-03,+1,8.72664626e-04,equilibrium,3.41471393e-04,8.72664626e-04,3.41471393e-04,3.41471393e-04,3.175089e-16,100.0000,1,89.4201,1.000000,1.479310e-01,NaN,1,NaN,17,SAM 2:1,0.070033,2.921039e-05,19.22,3.41471393e-04,2.379729e-13,0.000000e+00
165.00,0.3913,120.0,1.8000,1.0e-03,+1,8.72664626e-04,equilibrium,3.41471393e-04,8.72664626e-04,3.41471393e-04,3.41471393e-04,2.857580e-15,100.0000,1,128.0385,1.000000,1.474036e-01,NaN,1,NaN,17,SAM 2:1,0.070033,2.921013e-05,11.41,3.41471393e-04,9.509393e-14,0.000000e+00
15.00,0.4416,120.0,1.8000,1.0e-03,+1,8.72664626e-04,equilibrium,3.85403219e-04,8.72664626e-04,3.85403219e-04,3.85403219e-04,1.828556e-15,100.0000,1,31.3127,1.000000,1.161930e-01,NaN,1,NaN,17,SAM 2:1,0.070033,1.686177e-03,10.70,3.85403219e-04,5.598195e-14,0.000000e+00
45.00,0.4416,120.0,1.8000,1.0e-03,+1,8.72664626e-04,equilibrium,3.85403219e-04,8.72664626e-04,3.85403219e-04,3.85403219e-04,0.000000e+00,100.0000,1,121.0362,1.000000,1.385773e-01,NaN,1,NaN,17,SAM 2:1,0.070033,1.686177e-03,17.26,3.85403219e-04,1.469878e-13,0.000000e+00
75.00,0.4416,120.0,1.8000,1.0e-03,+1,8.72664626e-04,equilibrium,3.85403219e-04,8.72664626e-04,3.85403219e-04,3.85403219e-04,4.219745e-16,100.0000,1,107.1815,1.000000,1.130726e-01,NaN,1,NaN,17,SAM 2:1,0.070033,1.686177e-03,16.87,3.85403219e-04,1.641481e-13,0.000000e+00
105.00,0.4416,120.0,1.8000,1.0e-03,+1,8.72664626e-04,equilibrium,3.85403219e-04,8.72664626e-04,3.85403219e-04,3.85403219e-04,9.846071e-16,100.0000,1,77.3068,1.000000,1.136343e-01,NaN,1,NaN,17,SAM 2:1,0.070033,1.686177e-03,16.98,3.85403219e-04,1.640074e-13,0.000000e+00
135.00,0.4416,120.0,1.8000,1.0e-03,+1,8.72664626e-04,equilibrium,3.85403219e-04,8.72664626e-04,3.85403219e-04,3.85403219e-04,0.000000e+00,100.0000,1,40.6089,1.000000,1.158269e-01,NaN,1,NaN,17,SAM 2:1,0.070033,1.686177e-03,15.98,3.85403219e-04,1.467065e-13,0.000000e+00
165.00,0.4416,120.0,1.8000,1.0e-03,+1,8.72664626e-04,equilibrium,3.85403219e-04,8.72664626e-04,3.85403219e-04,3.85403219e-04,8.439490e-16,100.0000,1,137.1871,1.000000,1.161653e-01,NaN,1,NaN,17,SAM 2:1,0.070033,1.686177e-03,9.53,3.85403219e-04,6.090498e-14,0.000000e+00
15.00,0.4920,120.0,1.8000,1.0e-03,+1,8.72664626e-04,equilibrium,4.29335046e-04,8.72664626e-04,4.29335046e-04,4.29335046e-04,2.525306e-16,100.0000,1,84.4618,1.000000,9.442461e-02,NaN,1,NaN,15,SAM 2:1,0.070033,5.981826e-03,7.86,4.29335046e-04,4.040489e-14,0.000000e+00
45.00,0.4920,120.0,1.8000,1.0e-03,+1,8.72664626e-04,equilibrium,4.29335046e-04,8.72664626e-04,4.29335046e-04,4.29335046e-04,0.000000e+00,100.0000,1,41.1229,1.000000,9.401129e-02,NaN,1,NaN,15,SAM 2:1,0.070033,5.981826e-03,10.44,4.29335046e-04,9.760306e-14,0.000000e+00
75.00,0.4920,120.0,1.8000,1.0e-03,+1,8.72664626e-04,equilibrium,4.29335046e-04,8.72664626e-04,4.29335046e-04,4.29335046e-04,2.525306e-16,100.0000,1,97.9918,1.000000,9.192178e-02,NaN,1,NaN,15,SAM 2:1,0.070033,5.981826e-03,10.95,4.29335046e-04,1.078305e-13,0.000000e+00
105.00,0.4920,120.0,1.8000,1.0e-03,+1,8.72664626e-04,equilibrium,4.29335046e-04,8.72664626e-04,4.29335046e-04,4.29335046e-04,1.262653e-16,100.0000,1,117.5010,1.000000,9.183219e-02,NaN,1,NaN,15,SAM 2:1,0.070033,5.981826e-03,11.39,4.29335046e-04,1.080831e-13,0.000000e+00
135.00,0.4920,120.0,1.8000,1.0e-03,+1,8.72664626e-04,equilibrium,4.29335046e-04,8.72664626e-04,4.29335046e-04,4.29335046e-04,0.000000e+00,100.0000,1,118.2525,1.000000,9.463199e-02,NaN,1,NaN,15,SAM 2:1,0.070033,5.981826e-03,11.27,4.29335046e-04,9.760306e-14,0.000000e+00
165.00,0.4920,120.0,1.8000,1.0e-03,+1,8.72664626e-04,equilibrium,4.29335046e-04,8.72664626e-04,4.29335046e-04,4.29335046e-04,0.000000e+00,100.0000,1,107.2005,1.000000,9.433212e-02,NaN,1,NaN,15,SAM 2:1,0.070033,5.981826e-03,7.11,4.29335046e-04,3.964730e-14,0.000000e+00
15.00,0.5423,120.0,1.8000,1.0e-03,+1,8.72664626e-04,equilibrium,4.73266872e-04,8.72664626e-04,4.73266872e-04,4.73266872e-04,3.436334e-16,100.0000,1,118.5331,1.000000,7.825727e-02,NaN,1,NaN,15,SAM 2:1,0.070033,2.761699e-03,6.61,4.73266872e-04,2.737613e-14,0.000000e+00
45.00,0.5423,120.0,1.8000,1.0e-03,+1,8.72664626e-04,equilibrium,4.73266872e-04,8.72664626e-04,4.73266872e-04,4.73266872e-04,0.000000e+00,100.0000,1,124.2043,1.000000,7.823556e-02,NaN,1,NaN,15,SAM 2:1,0.070033,2.761699e-03,10.34,4.73266872e-04,6.872669e-14,0.000000e+00
75.00,0.5423,120.0,1.8000,1.0e-03,+1,8.72664626e-04,equilibrium,4.73266872e-04,8.72664626e-04,4.73266872e-04,4.73266872e-04,0.000000e+00,100.0000,1,72.3034,1.000000,7.576703e-02,NaN,1,NaN,15,SAM 2:1,0.070033,2.761699e-03,9.68,4.73266872e-04,7.594299e-14,0.000000e+00
105.00,0.5423,120.0,1.8000,1.0e-03,+1,8.72664626e-04,equilibrium,4.73266872e-04,8.72664626e-04,4.73266872e-04,4.73266872e-04,1.145445e-16,100.0000,1,102.1078,1.000000,7.553844e-02,NaN,1,NaN,15,SAM 2:1,0.070033,2.761699e-03,8.71,4.73266872e-04,7.594299e-14,0.000000e+00
135.00,0.5423,120.0,1.8000,1.0e-03,+1,8.72664626e-04,equilibrium,4.73266872e-04,8.72664626e-04,4.73266872e-04,4.73266872e-04,0.000000e+00,100.0000,1,86.7773,1.000000,7.812481e-02,NaN,1,NaN,15,SAM 2:1,0.070033,2.761699e-03,8.60,4.73266872e-04,6.872669e-14,0.000000e+00
165.00,0.5423,120.0,1.8000,1.0e-03,+1,8.72664626e-04,equilibrium,4.73266872e-04,8.72664626e-04,4.73266872e-04,4.73266872e-04,2.290890e-16,100.0000,1,49.8184,1.000000,7.802444e-02,NaN,1,NaN,15,SAM 2:1,0.070033,2.761699e-03,5.78,4.73266872e-04,2.749068e-14,0.000000e+00
15.00,0.5927,120.0,1.8000,1.0e-03,+1,8.72664626e-04,equilibrium,5.17198699e-04,8.72664626e-04,5.17198699e-04,5.17198699e-04,0.000000e+00,100.0000,1,13.9235,1.000000,6.568774e-02,NaN,1,NaN,14,SAM 2:1,0.070033,5.762794e-04,4.36,5.17198699e-04,1.760890e-14,0.000000e+00
45.00,0.5927,120.0,1.8000,1.0e-03,+1,8.72664626e-04,equilibrium,5.17198699e-04,8.72664626e-04,5.17198699e-04,5.17198699e-04,0.000000e+00,100.0000,1,125.3644,1.000000,6.586507e-02,NaN,1,NaN,14,SAM 2:1,0.070033,5.762794e-04,7.43,5.17198699e-04,5.031113e-14,0.000000e+00
75.00,0.5927,120.0,1.8000,1.0e-03,+1,8.72664626e-04,equilibrium,5.17198699e-04,8.72664626e-04,5.17198699e-04,5.17198699e-04,0.000000e+00,100.0000,1,99.8791,1.000000,6.337381e-02,NaN,1,NaN,14,SAM 2:1,0.070033,5.762794e-04,7.51,5.17198699e-04,5.576150e-14,0.000000e+00
105.00,0.5927,120.0,1.8000,1.0e-03,+1,8.72664626e-04,equilibrium,5.17198699e-04,8.72664626e-04,5.17198699e-04,5.17198699e-04,0.000000e+00,100.0000,1,70.4697,1.000000,7.854120e-02,NaN,1,NaN,14,SAM 2:1,0.070033,5.762794e-04,8.33,5.17198699e-04,5.576150e-14,0.000000e+00
135.00,0.5927,120.0,1.8000,1.0e-03,+1,8.72664626e-04,equilibrium,5.17198699e-04,8.72664626e-04,5.17198699e-04,5.17198699e-04,0.000000e+00,100.0000,1,40.5337,1.000000,6.568843e-02,NaN,1,NaN,14,SAM 2:1,0.070033,5.762794e-04,8.28,5.17198699e-04,5.031113e-14,0.000000e+00
165.00,0.5927,120.0,1.8000,1.0e-03,+1,8.72664626e-04,equilibrium,5.17198699e-04,8.72664626e-04,5.17198699e-04,5.17198699e-04,2.096297e-16,100.0000,1,160.0224,1.000000,6.531079e-02,NaN,1,NaN,14,SAM 2:1,0.070033,5.762794e-04,5.23,5.17198699e-04,1.760890e-14,0.000000e+00
15.00,0.6430,120.0,1.8000,1.0e-03,+1,8.72664626e-04,equilibrium,5.61130525e-04,8.72664626e-04,5.61130525e-04,5.61130525e-04,1.932175e-16,100.0000,1,89.6982,1.000000,5.621139e-02,NaN,1,NaN,14,SAM 2:1,0.070033,5.641008e-04,19.03,5.61130525e-04,1.507096e-14,0.000000e+00
45.00,0.6430,120.0,1.8000,1.0e-03,+1,8.72664626e-04,equilibrium,5.61130525e-04,8.72664626e-04,5.61130525e-04,5.61130525e-04,0.000000e+00,100.0000,1,63.9803,1.000000,6.046986e-02,NaN,1,NaN,14,SAM 2:1,0.070033,5.641014e-04,17.50,5.61130525e-04,3.883671e-14,0.000000e+00
75.00,0.6430,120.0,1.8000,1.0e-03,+1,8.72664626e-04,equilibrium,5.61130525e-04,8.72664626e-04,5.61130525e-04,5.61130525e-04,0.000000e+00,100.0000,1,62.5072,1.000000,5.406788e-02,NaN,1,NaN,14,SAM 2:1,0.070033,5.641014e-04,15.33,5.61130525e-04,4.308749e-14,0.000000e+00
105.00,0.6430,120.0,1.8000,1.0e-03,+1,8.72664626e-04,equilibrium,5.61130525e-04,8.72664626e-04,5.61130525e-04,5.61130525e-04,0.000000e+00,100.0000,1,77.9146,1.000000,5.445477e-02,NaN,1,NaN,14,SAM 2:1,0.070033,5.641014e-04,13.89,5.61130525e-04,4.289428e-14,0.000000e+00
135.00,0.6430,120.0,1.8000,1.0e-03,+1,8.72664626e-04,equilibrium,5.61130525e-04,8.72664626e-04,5.61130525e-04,5.61130525e-04,0.000000e+00,100.0000,1,138.2403,1.000000,5.551283e-02,NaN,1,NaN,14,SAM 2:1,0.070033,5.641014e-04,15.01,5.61130525e-04,3.883671e-14,0.000000e+00
165.00,0.6430,120.0,1.8000,1.0e-03,+1,8.72664626e-04,equilibrium,5.61130525e-04,8.72664626e-04,5.61130525e-04,5.61130525e-04,0.000000e+00,100.0000,1,78.4704,1.000000,5.595901e-02,NaN,1,NaN,14,SAM 2:1,0.070033,5.641016e-04,9.17,5.61130525e-04,1.468453e-14,0.000000e+00
15.00,0.6934,120.0,1.8000,1.0e-03,+1,8.72664626e-04,equilibrium,6.05062352e-04,8.72664626e-04,6.05062352e-04,6.05062352e-04,0.000000e+00,100.0000,1,80.3820,1.000000,4.838241e-02,NaN,1,NaN,12,SAM 2:1,0.070033,1.174960e-02,9.78,6.05062352e-04,1.146806e-14,0.000000e+00
45.00,0.6934,120.0,1.8000,1.0e-03,+1,8.72664626e-04,equilibrium,6.05062352e-04,8.72664626e-04,6.05062352e-04,6.05062352e-04,0.000000e+00,100.0000,1,41.9604,1.000000,4.854590e-02,NaN,1,NaN,12,SAM 2:1,0.070033,1.174948e-02,16.52,6.05062352e-04,3.082042e-14,0.000000e+00
75.00,0.6934,120.0,1.8000,1.0e-03,+1,8.72664626e-04,equilibrium,6.05062352e-04,8.72664626e-04,6.05062352e-04,6.05062352e-04,0.000000e+00,100.0000,1,104.3192,1.000000,4.660082e-02,NaN,1,NaN,12,SAM 2:1,0.070033,1.174948e-02,14.59,6.05062352e-04,3.404582e-14,0.000000e+00
105.00,0.6934,120.0,1.8000,1.0e-03,+1,8.72664626e-04,equilibrium,6.05062352e-04,8.72664626e-04,6.05062352e-04,6.05062352e-04,0.000000e+00,100.0000,1,117.1256,1.000000,4.795028e-02,NaN,1,NaN,12,SAM 2:1,0.070033,1.174947e-02,15.78,6.05062352e-04,3.404582e-14,0.000000e+00
135.00,0.6934,120.0,1.8000,1.0e-03,+1,8.72664626e-04,equilibrium,6.05062352e-04,8.72664626e-04,6.05062352e-04,6.05062352e-04,0.000000e+00,100.0000,1,130.6593,1.000000,4.853385e-02,NaN,1,NaN,12,SAM 2:1,0.070033,1.174953e-02,15.23,6.05062352e-04,3.082042e-14,0.000000e+00
165.00,0.6934,120.0,1.8000,1.0e-03,+1,8.72664626e-04,equilibrium,6.05062352e-04,8.72664626e-04,6.05062352e-04,6.05062352e-04,1.791885e-16,100.0000,1,111.3867,1.000000,4.857845e-02,NaN,1,NaN,12,SAM 2:1,0.070033,1.174960e-02,10.25,6.05062352e-04,1.128888e-14,0.000000e+00
15.00,0.7437,120.0,1.8000,1.0e-03,+1,8.72664626e-04,equilibrium,6.48994178e-04,8.72664626e-04,6.48994178e-04,6.48994178e-04,0.000000e+00,100.0000,1,161.0364,1.000000,4.241848e-02,NaN,1,NaN,11,SAM 2:1,0.070033,1.408215e-02,8.95,6.48994178e-04,8.520001e-15,0.000000e+00
45.00,0.7437,120.0,1.8000,1.0e-03,+1,8.72664626e-04,equilibrium,6.48994178e-04,8.72664626e-04,6.48994178e-04,6.48994178e-04,0.000000e+00,100.0000,1,109.8622,1.000000,4.231532e-02,NaN,1,NaN,11,SAM 2:1,0.070033,1.408217e-02,13.19,6.48994178e-04,2.505883e-14,0.000000e+00
75.00,0.7437,120.0,1.8000,1.0e-03,+1,8.72664626e-04,equilibrium,6.48994178e-04,8.72664626e-04,6.48994178e-04,6.48994178e-04,0.000000e+00,100.0000,1,85.3077,1.000000,4.065112e-02,NaN,1,NaN,11,SAM 2:1,0.070033,1.408212e-02,13.84,6.48994178e-04,2.773177e-14,0.000000e+00
105.00,0.7437,120.0,1.8000,1.0e-03,+1,8.72664626e-04,equilibrium,6.48994178e-04,8.72664626e-04,6.48994178e-04,6.48994178e-04,0.000000e+00,100.0000,1,113.0692,1.000000,4.063083e-02,NaN,1,NaN,11,SAM 2:1,0.070033,1.408224e-02,12.99,6.48994178e-04,2.773177e-14,0.000000e+00
135.00,0.7437,120.0,1.8000,1.0e-03,+1,8.72664626e-04,equilibrium,6.48994178e-04,8.72664626e-04,6.48994178e-04,6.48994178e-04,0.000000e+00,100.0000,1,44.3856,1.000000,4.235873e-02,NaN,1,NaN,11,SAM 2:1,0.070033,1.408209e-02,14.02,6.48994178e-04,2.505883e-14,0.000000e+00
165.00,0.7437,120.0,1.8000,1.0e-03,+1,8.72664626e-04,equilibrium,6.48994178e-04,8.72664626e-04,6.48994178e-04,6.48994178e-04,0.000000e+00,100.0000,1,28.7617,1.000000,4.215056e-02,NaN,1,NaN,11,SAM 2:1,0.070033,1.408210e-02,8.03,6.48994178e-04,9.856472e-15,0.000000e+00
15.00,0.7940,120.0,1.8000,1.0e-03,+1,8.72664626e-04,equilibrium,6.92926005e-04,8.72664626e-04,6.92926005e-04,6.92926005e-04,0.000000e+00,100.0000,1,143.2294,1.000000,3.720855e-02,NaN,1,NaN,9,SAM 2:1,0.070033,6.133608e-03,7.46,6.92926005e-04,7.666895e-15,0.000000e+00
45.00,0.7940,120.0,1.8000,1.0e-03,+1,8.72664626e-04,equilibrium,6.92926005e-04,8.72664626e-04,6.92926005e-04,6.92926005e-04,0.000000e+00,100.0000,1,107.7074,1.000000,3.741242e-02,NaN,1,NaN,9,SAM 2:1,0.070033,6.133576e-03,11.85,6.92926005e-04,2.081014e-14,0.000000e+00
75.00,0.7940,120.0,1.8000,1.0e-03,+1,8.72664626e-04,equilibrium,6.92926005e-04,8.72664626e-04,6.92926005e-04,6.92926005e-04,0.000000e+00,100.0000,1,107.4673,1.000000,3.569543e-02,NaN,1,NaN,9,SAM 2:1,0.070033,6.133615e-03,12.34,6.92926005e-04,2.315715e-14,0.000000e+00
105.00,0.7940,120.0,1.8000,1.0e-03,+1,8.72664626e-04,equilibrium,6.92926005e-04,8.72664626e-04,6.92926005e-04,6.92926005e-04,0.000000e+00,100.0000,1,116.0908,1.000000,3.672169e-02,NaN,1,NaN,9,SAM 2:1,0.070033,6.133602e-03,12.09,6.92926005e-04,2.315715e-14,0.000000e+00
135.00,0.7940,120.0,1.8000,1.0e-03,+1,8.72664626e-04,equilibrium,6.92926005e-04,8.72664626e-04,6.92926005e-04,6.92926005e-04,0.000000e+00,100.0000,1,45.5522,1.000000,3.740749e-02,NaN,1,NaN,9,SAM 2:1,0.070033,6.132825e-03,14.35,6.92926005e-04,2.081014e-14,0.000000e+00
165.00,0.7940,120.0,1.8000,1.0e-03,+1,8.72664626e-04,equilibrium,6.92926005e-04,8.72664626e-04,6.92926005e-04,6.92926005e-04,0.000000e+00,100.0000,1,25.9862,1.000000,3.707397e-02,NaN,1,NaN,9,SAM 2:1,0.070033,6.133610e-03,8.50,6.92926005e-04,7.510427e-15,0.000000e+00
15.00,0.8599,120.0,1.8000,1.0e-03,+1,8.72664626e-04,equilibrium,7.50438511e-04,8.72664626e-04,7.50438511e-04,7.50438511e-04,5.779033e-16,100.0000,1,33.0902,1.000000,3.205917e-02,NaN,1,NaN,3,SAM 2:1,0.070033,1.843053e-02,8.31,7.50438511e-04,5.056654e-15,0.000000e+00
45.00,0.8599,120.0,1.8000,1.0e-03,+1,8.72664626e-04,equilibrium,7.50438511e-04,8.72664626e-04,7.50438511e-04,7.50438511e-04,0.000000e+00,100.0000,1,137.1595,1.000000,3.204082e-02,NaN,1,NaN,3,SAM 2:1,0.070033,1.843053e-02,11.37,7.50438511e-04,1.647024e-14,0.000000e+00
75.00,0.8599,120.0,1.8000,1.0e-03,+1,8.72664626e-04,equilibrium,7.50438511e-04,8.72664626e-04,7.50438511e-04,7.50438511e-04,0.000000e+00,100.0000,1,116.6693,1.000000,3.048611e-02,NaN,1,NaN,3,SAM 2:1,0.070033,1.843053e-02,10.71,7.50438511e-04,1.863738e-14,0.000000e+00
105.00,0.8599,120.0,1.8000,1.0e-03,+1,8.72664626e-04,equilibrium,7.50438511e-04,8.72664626e-04,7.50438511e-04,7.50438511e-04,0.000000e+00,100.0000,1,93.5749,1.000000,3.047026e-02,NaN,1,NaN,3,SAM 2:1,0.070033,1.843053e-02,10.76,7.50438511e-04,1.863738e-14,0.000000e+00
135.00,0.8599,120.0,1.8000,1.0e-03,+1,8.72664626e-04,equilibrium,7.50438511e-04,8.72664626e-04,7.50438511e-04,7.50438511e-04,0.000000e+00,100.0000,1,47.7195,1.000000,3.208974e-02,NaN,1,NaN,3,SAM 2:1,0.070033,1.843053e-02,11.85,7.50438511e-04,1.647024e-14,0.000000e+00
165.00,0.8599,120.0,1.8000,1.0e-03,+1,8.72664626e-04,equilibrium,7.50438511e-04,8.72664626e-04,7.50438511e-04,7.50438511e-04,0.000000e+00,100.0000,1,135.7603,1.000000,3.205763e-02,NaN,1,NaN,3,SAM 2:1,0.070033,1.843053e-02,7.07,7.50438511e-04,5.490081e-15,0.000000e+00
15.00,0.8755,120.0,1.8000,1.0e-03,+1,8.72664626e-04,equilibrium,7.64019190e-04,8.72664626e-04,7.64019190e-04,7.64019190e-04,0.000000e+00,100.0000,1,52.6493,1.000000,3.095175e-02,NaN,1,NaN,2,SAM 2:1,0.070033,3.686106e-02,7.80,7.64019190e-04,5.676309e-15,0.000000e+00
45.00,0.8755,120.0,1.8000,1.0e-03,+1,8.72664626e-04,equilibrium,7.64019190e-04,8.72664626e-04,7.64019190e-04,7.64019190e-04,0.000000e+00,100.0000,1,132.5036,1.000000,3.095917e-02,NaN,1,NaN,2,SAM 2:1,0.070033,3.686106e-02,11.39,7.64019190e-04,1.603557e-14,0.000000e+00
75.00,0.8755,120.0,1.8000,1.0e-03,+1,8.72664626e-04,equilibrium,7.64019190e-04,8.72664626e-04,7.64019190e-04,7.64019190e-04,0.000000e+00,100.0000,1,81.7347,1.000000,2.945769e-02,NaN,1,NaN,2,SAM 2:1,0.070033,3.686106e-02,11.63,7.64019190e-04,1.788037e-14,0.000000e+00
105.00,0.8755,120.0,1.8000,1.0e-03,+1,8.72664626e-04,equilibrium,7.64019190e-04,8.72664626e-04,7.64019190e-04,7.64019190e-04,0.000000e+00,100.0000,1,62.4749,1.000000,2.947365e-02,NaN,1,NaN,2,SAM 2:1,0.070033,3.686106e-02,10.89,7.64019190e-04,1.788037e-14,0.000000e+00
135.00,0.8755,120.0,1.8000,1.0e-03,+1,8.72664626e-04,equilibrium,7.64019190e-04,8.72664626e-04,7.64019190e-04,7.64019190e-04,0.000000e+00,100.0000,1,42.9816,1.000000,3.009672e-02,NaN,1,NaN,2,SAM 2:1,0.070033,3.686106e-02,11.07,7.64019190e-04,1.603557e-14,0.000000e+00
165.00,0.8755,120.0,1.8000,1.0e-03,+1,8.72664626e-04,equilibrium,7.64019190e-04,8.72664626e-04,7.64019190e-04,7.64019190e-04,0.000000e+00,100.0000,1,138.8558,1.000000,3.096614e-02,NaN,1,NaN,2,SAM 2:1,0.070033,3.686106e-02,7.13,7.64019190e-04,5.676309e-15,0.000000e+00
15.00,0.8911,120.0,1.8000,1.0e-03,+1,8.72664626e-04,equilibrium,7.77599870e-04,8.72664626e-04,7.77599870e-04,7.77599870e-04,1.394293e-16,100.0000,1,124.6972,1.000000,2.991181e-02,NaN,1,NaN,1,SAM 2:1,0.070033,5.529159e-02,7.62,7.77599870e-04,5.856031e-15,0.000000e+00
45.00,0.8911,120.0,1.8000,1.0e-03,+1,8.72664626e-04,equilibrium,7.77599870e-04,8.72664626e-04,7.77599870e-04,7.77599870e-04,0.000000e+00,100.0000,1,122.4689,1.000000,2.994965e-02,NaN,1,NaN,1,SAM 2:1,0.070033,5.529159e-02,10.53,7.77599870e-04,1.519780e-14,0.000000e+00
75.00,0.8911,120.0,1.8000,1.0e-03,+1,8.72664626e-04,equilibrium,7.77599870e-04,8.72664626e-04,7.77599870e-04,7.77599870e-04,0.000000e+00,100.0000,1,68.6761,1.000000,2.838605e-02,NaN,1,NaN,1,SAM 2:1,0.070033,5.529159e-02,10.73,7.77599870e-04,1.728924e-14,0.000000e+00
105.00,0.8911,120.0,1.8000,1.0e-03,+1,8.72664626e-04,equilibrium,7.77599870e-04,8.72664626e-04,7.77599870e-04,7.77599870e-04,0.000000e+00,100.0000,1,97.4316,1.000000,2.827329e-02,NaN,1,NaN,1,SAM 2:1,0.070033,5.529159e-02,11.46,7.77599870e-04,1.728924e-14,0.000000e+00
135.00,0.8911,120.0,1.8000,1.0e-03,+1,8.72664626e-04,equilibrium,7.77599870e-04,8.72664626e-04,7.77599870e-04,7.77599870e-04,0.000000e+00,100.0000,1,88.8729,1.000000,2.994252e-02,NaN,1,NaN,1,SAM 2:1,0.070033,5.529159e-02,12.07,7.77599870e-04,1.519780e-14,0.000000e+00
165.00,0.8911,120.0,1.8000,1.0e-03,+1,8.72664626e-04,equilibrium,7.77599870e-04,8.72664626e-04,7.77599870e-04,7.77599870e-04,0.000000e+00,100.0000,1,43.7482,1.000000,2.957850e-02,NaN,1,NaN,1,SAM 2:1,0.070033,5.529159e-02,8.07,7.77599870e-04,5.856031e-15,0.000000e+00
15.00,0.9066,120.0,1.8000,1.0e-03,+1,8.72664626e-04,equilibrium,7.91180549e-04,8.72664626e-04,7.91180549e-04,7.91180549e-04,0.000000e+00,100.0000,1,152.2816,1.000000,2.898668e-02,NaN,1,NaN,1,SAM 2:1,0.070033,7.372212e-02,7.74,7.91180549e-04,5.755512e-15,0.000000e+00
45.00,0.9066,120.0,1.8000,1.0e-03,+1,8.72664626e-04,equilibrium,7.91180549e-04,8.72664626e-04,7.91180549e-04,7.91180549e-04,0.000000e+00,100.0000,1,47.6804,1.000000,2.897678e-02,NaN,1,NaN,1,SAM 2:1,0.070033,7.372212e-02,11.18,7.91180549e-04,1.452582e-14,0.000000e+00
75.00,0.9066,120.0,1.8000,1.0e-03,+1,8.72664626e-04,equilibrium,7.91180549e-04,8.72664626e-04,7.91180549e-04,7.91180549e-04,0.000000e+00,100.0000,1,115.2729,1.000000,2.752853e-02,NaN,1,NaN,1,SAM 2:1,0.070033,7.372212e-02,10.72,7.91180549e-04,1.630728e-14,0.000000e+00
105.00,0.9066,120.0,1.8000,1.0e-03,+1,8.72664626e-04,equilibrium,7.91180549e-04,8.72664626e-04,7.91180549e-04,7.91180549e-04,0.000000e+00,100.0000,1,109.0912,1.000000,2.752607e-02,NaN,1,NaN,1,SAM 2:1,0.070033,7.372212e-02,10.34,7.91180549e-04,1.630728e-14,0.000000e+00
135.00,0.9066,120.0,1.8000,1.0e-03,+1,8.72664626e-04,equilibrium,7.91180549e-04,8.72664626e-04,7.91180549e-04,7.91180549e-04,0.000000e+00,100.0000,1,104.2224,1.000000,2.896813e-02,NaN,1,NaN,1,SAM 2:1,0.070033,7.372212e-02,10.54,7.91180549e-04,1.452582e-14,0.000000e+00
165.00,0.9066,120.0,1.8000,1.0e-03,+1,8.72664626e-04,equilibrium,7.91180549e-04,8.72664626e-04,7.91180549e-04,7.91180549e-04,0.000000e+00,100.0000,1,38.6453,1.000000,2.899636e-02,NaN,1,NaN,1,SAM 2:1,0.070033,7.372212e-02,6.67,7.91180549e-04,5.481440e-15,0.000000e+00
15.00,0.9222,120.0,1.8000,1.0e-03,+1,8.72664626e-04,equilibrium,8.04761229e-04,8.72664626e-04,8.04761229e-04,8.04761229e-04,0.000000e+00,100.0000,1,164.4372,1.000000,2.797098e-02,NaN,1,NaN,1,SAM 2:1,0.070033,9.215264e-02,6.53,8.04761229e-04,5.254215e-15,0.000000e+00
45.00,0.9222,120.0,1.8000,1.0e-03,+1,8.72664626e-04,equilibrium,8.04761229e-04,8.72664626e-04,8.04761229e-04,8.04761229e-04,0.000000e+00,100.0000,1,75.0065,1.000000,2.804983e-02,NaN,1,NaN,1,SAM 2:1,0.070033,9.215264e-02,9.77,8.04761229e-04,1.387652e-14,0.000000e+00
75.00,0.9222,120.0,1.8000,1.0e-03,+1,8.72664626e-04,equilibrium,8.04761229e-04,8.72664626e-04,8.04761229e-04,8.04761229e-04,0.000000e+00,100.0000,1,89.0901,1.000000,2.662870e-02,NaN,1,NaN,1,SAM 2:1,0.070033,9.215264e-02,9.54,8.04761229e-04,1.576264e-14,0.000000e+00
105.00,0.9222,120.0,1.8000,1.0e-03,+1,8.72664626e-04,equilibrium,8.04761229e-04,8.72664626e-04,8.04761229e-04,8.04761229e-04,0.000000e+00,100.0000,1,64.2127,1.000000,2.446001e-02,NaN,1,NaN,1,SAM 2:1,0.070033,9.215264e-02,9.23,8.04761229e-04,1.576264e-14,0.000000e+00
135.00,0.9222,120.0,1.8000,1.0e-03,+1,8.72664626e-04,equilibrium,8.04761229e-04,8.72664626e-04,8.04761229e-04,8.04761229e-04,0.000000e+00,100.0000,1,132.8130,1.000000,2.806757e-02,NaN,1,NaN,1,SAM 2:1,0.070033,9.215264e-02,9.72,8.04761229e-04,1.387652e-14,0.000000e+00
165.00,0.9222,120.0,1.8000,1.0e-03,+1,8.72664626e-04,equilibrium,8.04761229e-04,8.72664626e-04,8.04761229e-04,8.04761229e-04,0.000000e+00,100.0000,1,23.7403,1.000000,2.807406e-02,NaN,1,NaN,1,SAM 2:1,0.070033,9.215264e-02,6.91,8.04761229e-04,5.523662e-15,0.000000e+00
15.00,0.9378,120.0,1.8000,1.0e-03,+1,8.72664626e-04,equilibrium,8.18341908e-04,8.72664626e-04,8.18341908e-04,8.18341908e-04,0.000000e+00,100.0000,1,79.1281,1.000000,2.711744e-02,NaN,1,NaN,0,SAM 2:1,0.070033,1.105832e-01,7.12,8.18341908e-04,4.769556e-15,0.000000e+00
45.00,0.9378,120.0,1.8000,1.0e-03,+1,8.72664626e-04,equilibrium,8.18341908e-04,8.72664626e-04,8.18341908e-04,8.18341908e-04,0.000000e+00,100.0000,1,66.4225,1.000000,2.718978e-02,NaN,1,NaN,0,SAM 2:1,0.070033,1.105832e-01,9.08,8.18341908e-04,1.324877e-14,0.000000e+00
75.00,0.9378,120.0,1.8000,1.0e-03,+1,8.72664626e-04,equilibrium,8.18341908e-04,8.72664626e-04,8.18341908e-04,8.18341908e-04,0.000000e+00,100.0000,1,62.7405,1.000000,2.575715e-02,NaN,1,NaN,0,SAM 2:1,0.070033,1.105832e-01,8.27,8.18341908e-04,1.497111e-14,0.000000e+00
105.00,0.9378,120.0,1.8000,1.0e-03,+1,8.72664626e-04,equilibrium,8.18341908e-04,8.72664626e-04,8.18341908e-04,8.18341908e-04,0.000000e+00,100.0000,1,83.8170,1.000000,2.570315e-02,NaN,1,NaN,0,SAM 2:1,0.070033,1.105832e-01,8.00,8.18341908e-04,1.497111e-14,0.000000e+00
135.00,0.9378,120.0,1.8000,1.0e-03,+1,8.72664626e-04,equilibrium,8.18341908e-04,8.72664626e-04,8.18341908e-04,8.18341908e-04,0.000000e+00,100.0000,1,137.3395,1.000000,2.704167e-02,NaN,1,NaN,0,SAM 2:1,0.070033,1.105832e-01,8.38,8.18341908e-04,1.324877e-14,0.000000e+00
165.00,0.9378,120.0,1.8000,1.0e-03,+1,8.72664626e-04,equilibrium,8.18341908e-04,8.72664626e-04,8.18341908e-04,8.18341908e-04,0.000000e+00,100.0000,1,89.0720,1.000000,2.704811e-02,NaN,1,NaN,0,SAM 2:1,0.070033,1.105832e-01,5.05,8.18341908e-04,4.504581e-15,0.000000e+00
15.00,0.9533,120.0,1.8000,1.0e-03,+1,8.72664626e-04,equilibrium,8.31922588e-04,8.72664626e-04,8.31922588e-04,8.31922588e-04,0.000000e+00,100.0000,1,116.5941,1.000000,2.624145e-02,NaN,1,NaN,0,SAM 2:1,0.070033,1.290137e-01,5.15,8.31922588e-04,4.691696e-15,0.000000e+00
45.00,0.9533,120.0,1.8000,1.0e-03,+1,8.72664626e-04,equilibrium,8.31922588e-04,8.72664626e-04,8.31922588e-04,8.31922588e-04,0.000000e+00,100.0000,1,77.6899,1.000000,2.629658e-02,NaN,1,NaN,0,SAM 2:1,0.070033,1.290137e-01,8.41,8.31922588e-04,1.290216e-14,0.000000e+00
75.00,0.9533,120.0,1.8000,1.0e-03,+1,8.72664626e-04,equilibrium,8.31922588e-04,8.72664626e-04,8.31922588e-04,8.31922588e-04,0.000000e+00,100.0000,1,82.1627,1.000000,2.487440e-02,NaN,1,NaN,0,SAM 2:1,0.070033,1.290137e-01,7.56,8.31922588e-04,1.433574e-14,0.000000e+00
105.00,0.9533,120.0,1.8000,1.0e-03,+1,8.72664626e-04,equilibrium,8.31922588e-04,8.72664626e-04,8.31922588e-04,8.31922588e-04,0.000000e+00,100.0000,1,111.0423,1.000000,2.494905e-02,NaN,1,NaN,0,SAM 2:1,0.070033,1.290137e-01,7.92,8.31922588e-04,1.433574e-14,0.000000e+00
135.00,0.9533,120.0,1.8000,1.0e-03,+1,8.72664626e-04,equilibrium,8.31922588e-04,8.72664626e-04,8.31922588e-04,8.31922588e-04,0.000000e+00,100.0000,1,69.7071,1.000000,2.634470e-02,NaN,1,NaN,0,SAM 2:1,0.070033,1.290137e-01,8.02,8.31922588e-04,1.290216e-14,0.000000e+00
165.00,0.9533,120.0,1.8000,1.0e-03,+1,8.72664626e-04,equilibrium,8.31922588e-04,8.72664626e-04,8.31922588e-04,8.31922588e-04,0.000000e+00,100.0000,1,75.1711,1.000000,2.622786e-02,NaN,1,NaN,0,SAM 2:1,0.070033,1.290137e-01,5.35,8.31922588e-04,4.561371e-15,0.000000e+00
15.00,0.9689,120.0,1.8000,1.0e-03,+1,8.72664626e-04,equilibrium,8.45503267e-04,8.72664626e-04,8.45503267e-04,8.45503267e-04,1.282316e-16,100.0000,1,39.8276,1.000000,2.547274e-02,NaN,1,NaN,0,SAM 2:1,0.070033,1.474442e-01,5.76,8.45503267e-04,4.872800e-15,0.000000e+00
45.00,0.9689,120.0,1.8000,1.0e-03,+1,8.72664626e-04,equilibrium,8.45503267e-04,8.72664626e-04,8.45503267e-04,8.45503267e-04,0.000000e+00,100.0000,1,45.8754,1.000000,2.548808e-02,NaN,1,NaN,0,SAM 2:1,0.070033,1.474442e-01,8.41,8.45503267e-04,1.243846e-14,0.000000e+00
75.00,0.9689,120.0,1.8000,1.0e-03,+1,8.72664626e-04,equilibrium,8.45503267e-04,8.72664626e-04,8.45503267e-04,8.45503267e-04,0.000000e+00,100.0000,1,90.3349,1.000000,2.410952e-02,NaN,1,NaN,0,SAM 2:1,0.070033,1.474442e-01,7.60,8.45503267e-04,1.410547e-14,0.000000e+00
105.00,0.9689,120.0,1.8000,1.0e-03,+1,8.72664626e-04,equilibrium,8.45503267e-04,8.72664626e-04,8.45503267e-04,8.45503267e-04,0.000000e+00,100.0000,1,115.5614,1.000000,2.416414e-02,NaN,1,NaN,0,SAM 2:1,0.070033,1.474442e-01,7.87,8.45503267e-04,1.410547e-14,0.000000e+00
135.00,0.9689,120.0,1.8000,1.0e-03,+1,8.72664626e-04,equilibrium,8.45503267e-04,8.72664626e-04,8.45503267e-04,8.45503267e-04,0.000000e+00,100.0000,1,135.8089,1.000000,2.548600e-02,NaN,1,NaN,0,SAM 2:1,0.070033,1.474442e-01,8.09,8.45503267e-04,1.243846e-14,0.000000e+00
165.00,0.9689,120.0,1.8000,1.0e-03,+1,8.72664626e-04,equilibrium,8.45503267e-04,8.72664626e-04,8.45503267e-04,8.45503267e-04,0.000000e+00,100.0000,1,151.1620,1.000000,2.549737e-02,NaN,1,NaN,0,SAM 2:1,0.070033,1.474442e-01,6.01,8.45503267e-04,4.872800e-15,0.000000e+00
15.00,0.9844,120.0,1.8000,1.0e-03,+1,8.72664626e-04,equilibrium,8.59083947e-04,8.72664626e-04,8.59083947e-04,8.59083947e-04,0.000000e+00,100.0000,1,40.4950,1.000000,2.465286e-02,NaN,1,NaN,0,SAM 2:1,0.070033,1.658748e-01,4.54,8.59083947e-04,4.290951e-15,0.000000e+00
45.00,0.9844,120.0,1.8000,1.0e-03,+1,8.72664626e-04,equilibrium,8.59083947e-04,8.72664626e-04,8.59083947e-04,8.59083947e-04,0.000000e+00,100.0000,1,43.9841,1.000000,2.327120e-02,NaN,1,NaN,0,SAM 2:1,0.070033,1.658748e-01,6.75,8.59083947e-04,1.186322e-14,0.000000e+00
75.00,0.9844,120.0,1.8000,1.0e-03,+1,8.72664626e-04,equilibrium,8.59083947e-04,8.72664626e-04,8.59083947e-04,8.59083947e-04,0.000000e+00,100.0000,1,72.1638,1.000000,2.339849e-02,NaN,1,NaN,0,SAM 2:1,0.070033,1.658748e-01,6.64,8.59083947e-04,1.337767e-14,0.000000e+00
105.00,0.9844,120.0,1.8000,1.0e-03,+1,8.72664626e-04,equilibrium,8.59083947e-04,8.72664626e-04,8.59083947e-04,8.59083947e-04,0.000000e+00,100.0000,1,101.9465,1.000000,2.333544e-02,NaN,1,NaN,0,SAM 2:1,0.070033,1.658748e-01,6.06,8.59083947e-04,1.337767e-14,0.000000e+00
135.00,0.9844,120.0,1.8000,1.0e-03,+1,8.72664626e-04,equilibrium,8.59083947e-04,8.72664626e-04,8.59083947e-04,8.59083947e-04,0.000000e+00,100.0000,1,110.6558,1.000000,2.253184e-02,NaN,1,NaN,0,SAM 2:1,0.070033,1.658748e-01,5.94,8.59083947e-04,1.186322e-14,0.000000e+00
165.00,0.9844,120.0,1.8000,1.0e-03,+1,8.72664626e-04,equilibrium,8.59083947e-04,8.72664626e-04,8.59083947e-04,8.59083947e-04,0.000000e+00,100.0000,1,150.5200,1.000000,2.470557e-02,NaN,1,NaN,0,SAM 2:1,0.070033,1.658748e-01,3.83,8.59083947e-04,4.290951e-15,0.000000e+00
15.00,0.3913,20.0,5.0000,1.0e-03,+1,5.23598776e-03,equilibrium,2.04882836e-03,5.23598776e-03,2.04882836e-03,2.04882836e-03,0.000000e+00,100.0000,1,166.2622,1.000000,4.897898e-03,NaN,1,NaN,17,SAM 2:1,0.070033,1.784240e-01,1.87,2.04882836e-03,2.116726e-16,0.000000e+00
45.00,0.3913,20.0,5.0000,1.0e-03,+1,5.23598776e-03,equilibrium,2.04882836e-03,5.23598776e-03,2.04882836e-03,2.04882836e-03,0.000000e+00,100.0000,1,115.3040,1.000000,4.901543e-03,NaN,1,NaN,17,SAM 2:1,0.070033,1.784240e-01,2.56,2.04882836e-03,6.350179e-16,0.000000e+00
75.00,0.3913,20.0,5.0000,1.0e-03,+1,5.23598776e-03,equilibrium,2.04882836e-03,5.23598776e-03,2.04882836e-03,2.04882836e-03,0.000000e+00,100.0000,1,65.7514,1.000000,4.320615e-03,NaN,1,NaN,17,SAM 2:1,0.070033,1.784240e-01,2.37,2.04882836e-03,1.058363e-15,0.000000e+00
105.00,0.3913,20.0,5.0000,1.0e-03,+1,5.23598776e-03,equilibrium,2.04882836e-03,5.23598776e-03,2.04882836e-03,2.04882836e-03,0.000000e+00,100.0000,1,69.3322,1.000000,4.355808e-03,NaN,1,NaN,17,SAM 2:1,0.070033,1.784240e-01,2.54,2.04882836e-03,1.058363e-15,0.000000e+00
135.00,0.3913,20.0,5.0000,1.0e-03,+1,5.23598776e-03,equilibrium,2.04882836e-03,5.23598776e-03,2.04882836e-03,2.04882836e-03,0.000000e+00,100.0000,1,96.9981,1.000000,4.912166e-03,NaN,1,NaN,17,SAM 2:1,0.070033,1.784240e-01,2.52,2.04882836e-03,6.350179e-16,0.000000e+00
165.00,0.3913,20.0,5.0000,1.0e-03,+1,5.23598776e-03,equilibrium,2.04882836e-03,5.23598776e-03,2.04882836e-03,2.04882836e-03,0.000000e+00,100.0000,1,18.3879,1.000000,4.906281e-03,NaN,1,NaN,17,SAM 2:1,0.070033,1.784240e-01,2.27,2.04882836e-03,2.116726e-16,0.000000e+00
15.00,0.4416,20.0,5.0000,1.0e-03,+1,5.23598776e-03,equilibrium,2.31241931e-03,5.23598776e-03,2.31241931e-03,2.31241931e-03,0.000000e+00,100.0000,1,126.1522,1.000000,3.931414e-03,NaN,1,NaN,17,SAM 2:1,0.070033,1.817886e-01,2.21,2.31241931e-03,3.750884e-16,0.000000e+00
45.00,0.4416,20.0,5.0000,1.0e-03,+1,5.23598776e-03,equilibrium,2.31241931e-03,5.23598776e-03,2.31241931e-03,2.31241931e-03,0.000000e+00,100.0000,1,121.9707,1.000000,3.950310e-03,NaN,1,NaN,17,SAM 2:1,0.070033,1.817886e-01,2.81,2.31241931e-03,7.501769e-16,0.000000e+00
75.00,0.4416,20.0,5.0000,1.0e-03,+1,5.23598776e-03,equilibrium,2.31241931e-03,5.23598776e-03,2.31241931e-03,2.31241931e-03,0.000000e+00,100.0000,1,67.7356,1.000000,3.466874e-03,NaN,1,NaN,17,SAM 2:1,0.070033,1.817885e-01,2.39,2.31241931e-03,9.377211e-16,0.000000e+00
105.00,0.4416,20.0,5.0000,1.0e-03,+1,5.23598776e-03,equilibrium,2.31241931e-03,5.23598776e-03,2.31241931e-03,2.31241931e-03,0.000000e+00,100.0000,1,96.0089,1.000000,3.464553e-03,NaN,1,NaN,17,SAM 2:1,0.070033,1.817886e-01,2.19,2.31241931e-03,9.377211e-16,0.000000e+00
135.00,0.4416,20.0,5.0000,1.0e-03,+1,5.23598776e-03,equilibrium,2.31241931e-03,5.23598776e-03,2.31241931e-03,2.31241931e-03,0.000000e+00,100.0000,1,89.4616,1.000000,3.949401e-03,NaN,1,NaN,17,SAM 2:1,0.070033,1.817886e-01,2.45,2.31241931e-03,7.501769e-16,0.000000e+00
165.00,0.4416,20.0,5.0000,1.0e-03,+1,5.23598776e-03,equilibrium,2.31241931e-03,5.23598776e-03,2.31241931e-03,2.31241931e-03,0.000000e+00,100.0000,1,42.3396,1.000000,3.942817e-03,NaN,1,NaN,17,SAM 2:1,0.070033,1.817886e-01,1.70,2.31241931e-03,3.750884e-16,0.000000e+00
15.00,0.4920,20.0,5.0000,1.0e-03,+1,5.23598776e-03,equilibrium,2.57601027e-03,5.23598776e-03,2.57601027e-03,2.57601027e-03,0.000000e+00,100.0000,1,18.1851,1.000000,3.241122e-03,NaN,1,NaN,15,SAM 2:1,0.070033,1.829268e-01,1.51,2.57601027e-03,3.367074e-16,0.000000e+00
45.00,0.4920,20.0,5.0000,1.0e-03,+1,5.23598776e-03,equilibrium,2.57601027e-03,5.23598776e-03,2.57601027e-03,2.57601027e-03,0.000000e+00,100.0000,1,40.7219,1.000000,3.232093e-03,NaN,1,NaN,15,SAM 2:1,0.070033,1.829268e-01,2.05,2.57601027e-03,5.050611e-16,0.000000e+00
75.00,0.4920,20.0,5.0000,1.0e-03,+1,5.23598776e-03,equilibrium,2.57601027e-03,5.23598776e-03,2.57601027e-03,2.57601027e-03,0.000000e+00,100.0000,1,67.7727,1.000000,2.816952e-03,NaN,1,NaN,15,SAM 2:1,0.070033,1.829268e-01,2.06,2.57601027e-03,6.734148e-16,0.000000e+00
105.00,0.4920,20.0,5.0000,1.0e-03,+1,5.23598776e-03,equilibrium,2.57601027e-03,5.23598776e-03,2.57601027e-03,2.57601027e-03,0.000000e+00,100.0000,1,96.0669,1.000000,2.826601e-03,NaN,1,NaN,15,SAM 2:1,0.070033,1.829267e-01,2.09,2.57601027e-03,6.734148e-16,0.000000e+00
135.00,0.4920,20.0,5.0000,1.0e-03,+1,5.23598776e-03,equilibrium,2.57601027e-03,5.23598776e-03,2.57601027e-03,2.57601027e-03,0.000000e+00,100.0000,1,120.2392,1.000000,2.828161e-03,NaN,1,NaN,15,SAM 2:1,0.070033,1.829268e-01,2.28,2.57601027e-03,5.050611e-16,0.000000e+00
165.00,0.4920,20.0,5.0000,1.0e-03,+1,5.23598776e-03,equilibrium,2.57601027e-03,5.23598776e-03,2.57601027e-03,2.57601027e-03,0.000000e+00,100.0000,1,166.2627,1.000000,3.242486e-03,NaN,1,NaN,15,SAM 2:1,0.070033,1.829268e-01,1.72,2.57601027e-03,3.367074e-16,0.000000e+00
15.00,0.5423,20.0,5.0000,1.0e-03,+1,5.23598776e-03,equilibrium,2.83960123e-03,5.23598776e-03,2.83960123e-03,2.83960123e-03,0.000000e+00,100.0000,1,166.1702,1.000000,2.678012e-03,NaN,1,NaN,15,SAM 2:1,0.070033,1.834543e-01,1.64,2.83960123e-03,3.054520e-16,0.000000e+00
45.00,0.5423,20.0,5.0000,1.0e-03,+1,5.23598776e-03,equilibrium,2.83960123e-03,5.23598776e-03,2.83960123e-03,2.83960123e-03,0.000000e+00,100.0000,1,40.4491,1.000000,2.743606e-03,NaN,1,NaN,15,SAM 2:1,0.070033,1.834543e-01,2.03,2.83960123e-03,4.581779e-16,0.000000e+00
75.00,0.5423,20.0,5.0000,1.0e-03,+1,5.23598776e-03,equilibrium,2.83960123e-03,5.23598776e-03,2.83960123e-03,2.83960123e-03,0.000000e+00,100.0000,1,114.5130,1.000000,2.358521e-03,NaN,1,NaN,15,SAM 2:1,0.070033,1.834543e-01,1.80,2.83960123e-03,7.636299e-16,0.000000e+00
105.00,0.5423,20.0,5.0000,1.0e-03,+1,5.23598776e-03,equilibrium,2.83960123e-03,5.23598776e-03,2.83960123e-03,2.83960123e-03,0.000000e+00,100.0000,1,87.9891,1.000000,2.358507e-03,NaN,1,NaN,15,SAM 2:1,0.070033,1.834543e-01,1.87,2.83960123e-03,7.636299e-16,0.000000e+00
135.00,0.5423,20.0,5.0000,1.0e-03,+1,5.23598776e-03,equilibrium,2.83960123e-03,5.23598776e-03,2.83960123e-03,2.83960123e-03,0.000000e+00,100.0000,1,123.3691,1.000000,2.747759e-03,NaN,1,NaN,15,SAM 2:1,0.070033,1.834543e-01,2.09,2.83960123e-03,4.581779e-16,0.000000e+00
165.00,0.5423,20.0,5.0000,1.0e-03,+1,5.23598776e-03,equilibrium,2.83960123e-03,5.23598776e-03,2.83960123e-03,2.83960123e-03,0.000000e+00,100.0000,1,19.3649,1.000000,2.740236e-03,NaN,1,NaN,15,SAM 2:1,0.070033,1.834543e-01,1.82,2.83960123e-03,3.054520e-16,0.000000e+00
15.00,0.5927,20.0,5.0000,1.0e-03,+1,5.23598776e-03,equilibrium,3.10319219e-03,5.23598776e-03,3.10319219e-03,3.10319219e-03,0.000000e+00,100.0000,1,91.0636,1.000000,2.353350e-03,NaN,1,NaN,14,SAM 2:1,0.070033,1.837419e-01,1.28,3.10319219e-03,0.000000e+00,0.000000e+00
45.00,0.5927,20.0,5.0000,1.0e-03,+1,5.23598776e-03,equilibrium,3.10319219e-03,5.23598776e-03,3.10319219e-03,3.10319219e-03,0.000000e+00,100.0000,1,99.3081,1.000000,2.355433e-03,NaN,1,NaN,14,SAM 2:1,0.070033,1.837419e-01,1.85,3.10319219e-03,2.795063e-16,0.000000e+00
75.00,0.5927,20.0,5.0000,1.0e-03,+1,5.23598776e-03,equilibrium,3.10319219e-03,5.23598776e-03,3.10319219e-03,3.10319219e-03,0.000000e+00,100.0000,1,110.2283,1.000000,1.999942e-03,NaN,1,NaN,14,SAM 2:1,0.070033,1.837419e-01,1.84,3.10319219e-03,4.192594e-16,0.000000e+00
105.00,0.5927,20.0,5.0000,1.0e-03,+1,5.23598776e-03,equilibrium,3.10319219e-03,5.23598776e-03,3.10319219e-03,3.10319219e-03,0.000000e+00,100.0000,1,81.0360,1.000000,1.988959e-03,NaN,1,NaN,14,SAM 2:1,0.070033,1.837419e-01,1.69,3.10319219e-03,4.192594e-16,0.000000e+00
135.00,0.5927,20.0,5.0000,1.0e-03,+1,5.23598776e-03,equilibrium,3.10319219e-03,5.23598776e-03,3.10319219e-03,3.10319219e-03,0.000000e+00,100.0000,1,113.1545,1.000000,2.357036e-03,NaN,1,NaN,14,SAM 2:1,0.070033,1.837419e-01,1.87,3.10319219e-03,2.795063e-16,0.000000e+00
165.00,0.5927,20.0,5.0000,1.0e-03,+1,5.23598776e-03,equilibrium,3.10319219e-03,5.23598776e-03,3.10319219e-03,3.10319219e-03,0.000000e+00,100.0000,1,100.7675,1.000000,2.354563e-03,NaN,1,NaN,14,SAM 2:1,0.070033,1.837419e-01,1.28,3.10319219e-03,0.000000e+00,0.000000e+00
15.00,0.6430,20.0,5.0000,1.0e-03,+1,5.23598776e-03,equilibrium,3.36678315e-03,5.23598776e-03,3.36678315e-03,3.36678315e-03,0.000000e+00,100.0000,1,83.4597,1.000000,2.044880e-03,NaN,1,NaN,14,SAM 2:1,0.070033,1.839163e-01,1.24,3.36678315e-03,2.576233e-16,0.000000e+00
45.00,0.6430,20.0,5.0000,1.0e-03,+1,5.23598776e-03,equilibrium,3.36678315e-03,5.23598776e-03,3.36678315e-03,3.36678315e-03,0.000000e+00,100.0000,1,121.9556,1.000000,2.047789e-03,NaN,1,NaN,14,SAM 2:1,0.070033,1.839163e-01,1.75,3.36678315e-03,2.576233e-16,0.000000e+00
75.00,0.6430,20.0,5.0000,1.0e-03,+1,5.23598776e-03,equilibrium,3.36678315e-03,5.23598776e-03,3.36678315e-03,3.36678315e-03,0.000000e+00,100.0000,1,84.9989,1.000000,1.720837e-03,NaN,1,NaN,14,SAM 2:1,0.070033,1.839163e-01,1.62,3.36678315e-03,3.864349e-16,0.000000e+00
105.00,0.6430,20.0,5.0000,1.0e-03,+1,5.23598776e-03,equilibrium,3.36678315e-03,5.23598776e-03,3.36678315e-03,3.36678315e-03,0.000000e+00,100.0000,1,112.8855,1.000000,1.721489e-03,NaN,1,NaN,14,SAM 2:1,0.070033,1.839163e-01,1.57,3.36678315e-03,3.864349e-16,0.000000e+00
135.00,0.6430,20.0,5.0000,1.0e-03,+1,5.23598776e-03,equilibrium,3.36678315e-03,5.23598776e-03,3.36678315e-03,3.36678315e-03,0.000000e+00,100.0000,1,89.4803,1.000000,2.046478e-03,NaN,1,NaN,14,SAM 2:1,0.070033,1.839163e-01,1.74,3.36678315e-03,2.576233e-16,0.000000e+00
165.00,0.6430,20.0,5.0000,1.0e-03,+1,5.23598776e-03,equilibrium,3.36678315e-03,5.23598776e-03,3.36678315e-03,3.36678315e-03,0.000000e+00,100.0000,1,84.7220,1.000000,2.038317e-03,NaN,1,NaN,14,SAM 2:1,0.070033,1.839163e-01,1.61,3.36678315e-03,2.576233e-16,0.000000e+00
15.00,0.6934,20.0,5.0000,1.0e-03,+1,5.23598776e-03,equilibrium,3.63037411e-03,5.23598776e-03,3.63037411e-03,3.63037411e-03,0.000000e+00,100.0000,1,121.2377,1.000000,1.800906e-03,NaN,1,NaN,12,SAM 2:1,0.070033,1.788615e-01,1.46,3.63037411e-03,2.389180e-16,0.000000e+00
45.00,0.6934,20.0,5.0000,1.0e-03,+1,5.23598776e-03,equilibrium,3.63037411e-03,5.23598776e-03,3.63037411e-03,3.63037411e-03,0.000000e+00,100.0000,1,81.8438,1.000000,1.795615e-03,NaN,1,NaN,12,SAM 2:1,0.070033,1.788615e-01,1.67,3.63037411e-03,2.389180e-16,0.000000e+00
75.00,0.6934,20.0,5.0000,1.0e-03,+1,5.23598776e-03,equilibrium,3.63037411e-03,5.23598776e-03,3.63037411e-03,3.63037411e-03,0.000000e+00,100.0000,1,63.3708,1.000000,1.496874e-03,NaN,1,NaN,12,SAM 2:1,0.070033,1.788615e-01,1.64,3.63037411e-03,4.778360e-16,0.000000e+00
105.00,0.6934,20.0,5.0000,1.0e-03,+1,5.23598776e-03,equilibrium,3.63037411e-03,5.23598776e-03,3.63037411e-03,3.63037411e-03,0.000000e+00,100.0000,1,73.9214,1.000000,1.497884e-03,NaN,1,NaN,12,SAM 2:1,0.070033,1.788615e-01,1.45,3.63037411e-03,4.778360e-16,0.000000e+00
135.00,0.6934,20.0,5.0000,1.0e-03,+1,5.23598776e-03,equilibrium,3.63037411e-03,5.23598776e-03,3.63037411e-03,3.63037411e-03,0.000000e+00,100.0000,1,128.0723,1.000000,1.799666e-03,NaN,1,NaN,12,SAM 2:1,0.070033,1.788615e-01,1.50,3.63037411e-03,2.389180e-16,0.000000e+00
165.00,0.6934,20.0,5.0000,1.0e-03,+1,5.23598776e-03,equilibrium,3.63037411e-03,5.23598776e-03,3.63037411e-03,3.63037411e-03,0.000000e+00,100.0000,1,47.1598,1.000000,1.787520e-03,NaN,1,NaN,12,SAM 2:1,0.070033,1.788615e-01,1.14,3.63037411e-03,2.389180e-16,0.000000e+00
15.00,0.7437,20.0,5.0000,1.0e-03,+1,5.23598776e-03,equilibrium,3.89396507e-03,5.23598776e-03,3.89396507e-03,3.89396507e-03,0.000000e+00,100.0000,1,125.0731,1.000000,1.593784e-03,NaN,1,NaN,11,SAM 2:1,0.070033,1.192410e-01,1.07,3.89396507e-03,2.227451e-16,0.000000e+00
45.00,0.7437,20.0,5.0000,1.0e-03,+1,5.23598776e-03,equilibrium,3.89396507e-03,5.23598776e-03,3.89396507e-03,3.89396507e-03,0.000000e+00,100.0000,1,45.7570,1.000000,1.599843e-03,NaN,1,NaN,11,SAM 2:1,0.070033,1.192410e-01,12.65,3.89396507e-03,2.227451e-16,0.000000e+00
75.00,0.7437,20.0,5.0000,1.0e-03,+1,5.23598776e-03,equilibrium,3.89396507e-03,5.23598776e-03,3.89396507e-03,3.89396507e-03,0.000000e+00,100.0000,1,82.8347,1.000000,1.318693e-03,NaN,1,NaN,11,SAM 2:1,0.070033,1.192410e-01,2.55,3.89396507e-03,4.454903e-16,0.000000e+00
105.00,0.7437,20.0,5.0000,1.0e-03,+1,5.23598776e-03,equilibrium,3.89396507e-03,5.23598776e-03,3.89396507e-03,3.89396507e-03,0.000000e+00,100.0000,1,62.5915,1.000000,1.320553e-03,NaN,1,NaN,11,SAM 2:1,0.070033,1.192410e-01,2.81,3.89396507e-03,4.454903e-16,0.000000e+00
135.00,0.7437,20.0,5.0000,1.0e-03,+1,5.23598776e-03,equilibrium,3.89396507e-03,5.23598776e-03,3.89396507e-03,3.89396507e-03,0.000000e+00,100.0000,1,135.7070,1.000000,1.595563e-03,NaN,1,NaN,11,SAM 2:1,0.070033,1.192410e-01,3.11,3.89396507e-03,2.227451e-16,0.000000e+00
165.00,0.7437,20.0,5.0000,1.0e-03,+1,5.23598776e-03,equilibrium,3.89396507e-03,5.23598776e-03,3.89396507e-03,3.89396507e-03,0.000000e+00,100.0000,1,43.3780,1.000000,1.598445e-03,NaN,1,NaN,11,SAM 2:1,0.070033,1.192410e-01,2.60,3.89396507e-03,2.227451e-16,0.000000e+00
15.00,0.7940,20.0,5.0000,1.0e-03,+1,5.23598776e-03,equilibrium,4.15755603e-03,5.23598776e-03,4.15755603e-03,4.15755603e-03,0.000000e+00,100.0000,1,163.1943,1.000000,1.433334e-03,NaN,1,NaN,9,SAM 2:1,0.070033,5.962049e-02,2.14,4.15755603e-03,0.000000e+00,0.000000e+00
45.00,0.7940,20.0,5.0000,1.0e-03,+1,5.23598776e-03,equilibrium,4.15755603e-03,5.23598776e-03,4.15755603e-03,4.15755603e-03,0.000000e+00,100.0000,1,113.8968,1.000000,1.433563e-03,NaN,1,NaN,9,SAM 2:1,0.070033,5.962049e-02,2.52,4.15755603e-03,0.000000e+00,0.000000e+00
75.00,0.7940,20.0,5.0000,1.0e-03,+1,5.23598776e-03,equilibrium,4.15755603e-03,5.23598776e-03,4.15755603e-03,4.15755603e-03,0.000000e+00,100.0000,1,64.1463,1.000000,1.172246e-03,NaN,1,NaN,9,SAM 2:1,0.070033,5.962049e-02,2.53,4.15755603e-03,2.086230e-16,0.000000e+00
105.00,0.7940,20.0,5.0000,1.0e-03,+1,5.23598776e-03,equilibrium,4.15755603e-03,5.23598776e-03,4.15755603e-03,4.15755603e-03,0.000000e+00,100.0000,1,72.0150,1.000000,1.180530e-03,NaN,1,NaN,9,SAM 2:1,0.070033,5.962049e-02,2.66,4.15755603e-03,2.086230e-16,0.000000e+00
135.00,0.7940,20.0,5.0000,1.0e-03,+1,5.23598776e-03,equilibrium,4.15755603e-03,5.23598776e-03,4.15755603e-03,4.15755603e-03,0.000000e+00,100.0000,1,98.5159,1.000000,1.431814e-03,NaN,1,NaN,9,SAM 2:1,0.070033,5.962049e-02,2.72,4.15755603e-03,0.000000e+00,0.000000e+00
165.00,0.7940,20.0,5.0000,1.0e-03,+1,5.23598776e-03,equilibrium,4.15755603e-03,5.23598776e-03,4.15755603e-03,4.15755603e-03,0.000000e+00,100.0000,1,13.9394,1.000000,1.430550e-03,NaN,1,NaN,9,SAM 2:1,0.070033,5.962049e-02,2.06,4.15755603e-03,0.000000e+00,0.000000e+00
15.00,0.8599,20.0,5.0000,1.0e-03,+1,5.23598776e-03,equilibrium,4.50263107e-03,5.23598776e-03,4.50263107e-03,4.50263107e-03,0.000000e+00,100.0000,1,142.2725,1.000000,1.254679e-03,NaN,1,NaN,3,SAM 2:1,0.070033,1.843053e-02,2.09,4.50263107e-03,1.926344e-16,0.000000e+00
45.00,0.8599,20.0,5.0000,1.0e-03,+1,5.23598776e-03,equilibrium,4.50263107e-03,5.23598776e-03,4.50263107e-03,4.50263107e-03,0.000000e+00,100.0000,1,129.9925,1.000000,1.254559e-03,NaN,1,NaN,3,SAM 2:1,0.070033,1.843053e-02,2.40,4.50263107e-03,1.926344e-16,0.000000e+00
75.00,0.8599,20.0,5.0000,1.0e-03,+1,5.23598776e-03,equilibrium,4.50263107e-03,5.23598776e-03,4.50263107e-03,4.50263107e-03,0.000000e+00,100.0000,1,66.7166,1.000000,1.030359e-03,NaN,1,NaN,3,SAM 2:1,0.070033,1.843053e-02,2.17,4.50263107e-03,3.852688e-16,0.000000e+00
105.00,0.8599,20.0,5.0000,1.0e-03,+1,5.23598776e-03,equilibrium,4.50263107e-03,5.23598776e-03,4.50263107e-03,4.50263107e-03,0.000000e+00,100.0000,1,94.3223,1.000000,1.033243e-03,NaN,1,NaN,3,SAM 2:1,0.070033,1.843053e-02,2.36,4.50263107e-03,3.852688e-16,0.000000e+00
135.00,0.8599,20.0,5.0000,1.0e-03,+1,5.23598776e-03,equilibrium,4.50263107e-03,5.23598776e-03,4.50263107e-03,4.50263107e-03,0.000000e+00,100.0000,1,79.2119,1.000000,1.254494e-03,NaN,1,NaN,3,SAM 2:1,0.070033,1.843053e-02,2.40,4.50263107e-03,1.926344e-16,0.000000e+00
165.00,0.8599,20.0,5.0000,1.0e-03,+1,5.23598776e-03,equilibrium,4.50263107e-03,5.23598776e-03,4.50263107e-03,4.50263107e-03,0.000000e+00,100.0000,1,26.8697,1.000000,1.251818e-03,NaN,1,NaN,3,SAM 2:1,0.070033,1.843053e-02,1.95,4.50263107e-03,1.926344e-16,0.000000e+00
15.00,0.8755,20.0,5.0000,1.0e-03,+1,5.23598776e-03,equilibrium,4.58411514e-03,5.23598776e-03,4.58411514e-03,4.58411514e-03,0.000000e+00,100.0000,1,43.0979,1.000000,1.217026e-03,NaN,1,NaN,2,SAM 2:1,0.070033,3.686106e-02,2.10,4.58411514e-03,3.784206e-16,0.000000e+00
45.00,0.8755,20.0,5.0000,1.0e-03,+1,5.23598776e-03,equilibrium,4.58411514e-03,5.23598776e-03,4.58411514e-03,4.58411514e-03,0.000000e+00,100.0000,1,117.9850,1.000000,1.203118e-03,NaN,1,NaN,2,SAM 2:1,0.070033,3.686106e-02,2.49,4.58411514e-03,3.784206e-16,0.000000e+00
75.00,0.8755,20.0,5.0000,1.0e-03,+1,5.23598776e-03,equilibrium,4.58411514e-03,5.23598776e-03,4.58411514e-03,4.58411514e-03,0.000000e+00,100.0000,1,116.1975,1.000000,9.940387e-04,NaN,1,NaN,2,SAM 2:1,0.070033,3.686106e-02,2.22,4.58411514e-03,5.676309e-16,0.000000e+00
105.00,0.8755,20.0,5.0000,1.0e-03,+1,5.23598776e-03,equilibrium,4.58411514e-03,5.23598776e-03,4.58411514e-03,4.58411514e-03,0.000000e+00,100.0000,1,92.0478,1.000000,1.002689e-03,NaN,1,NaN,2,SAM 2:1,0.070033,3.686106e-02,2.34,4.58411514e-03,5.676309e-16,0.000000e+00
135.00,0.8755,20.0,5.0000,1.0e-03,+1,5.23598776e-03,equilibrium,4.58411514e-03,5.23598776e-03,4.58411514e-03,4.58411514e-03,0.000000e+00,100.0000,1,94.0413,1.000000,1.216013e-03,NaN,1,NaN,2,SAM 2:1,0.070033,3.686106e-02,2.56,4.58411514e-03,3.784206e-16,0.000000e+00
165.00,0.8755,20.0,5.0000,1.0e-03,+1,5.23598776e-03,equilibrium,4.58411514e-03,5.23598776e-03,4.58411514e-03,4.58411514e-03,0.000000e+00,100.0000,1,148.0820,1.000000,1.211630e-03,NaN,1,NaN,2,SAM 2:1,0.070033,3.686106e-02,2.11,4.58411514e-03,3.784206e-16,0.000000e+00
15.00,0.8911,20.0,5.0000,1.0e-03,+1,5.23598776e-03,equilibrium,4.66559922e-03,5.23598776e-03,4.66559922e-03,4.66559922e-03,0.000000e+00,100.0000,1,113.6513,1.000000,1.176588e-03,NaN,1,NaN,1,SAM 2:1,0.070033,5.529159e-02,1.95,4.66559922e-03,1.859058e-16,0.000000e+00
45.00,0.8911,20.0,5.0000,1.0e-03,+1,5.23598776e-03,equilibrium,4.66559922e-03,5.23598776e-03,4.66559922e-03,4.66559922e-03,0.000000e+00,100.0000,1,135.3736,1.000000,1.183223e-03,NaN,1,NaN,1,SAM 2:1,0.070033,5.529159e-02,2.66,4.66559922e-03,1.859058e-16,0.000000e+00
75.00,0.8911,20.0,5.0000,1.0e-03,+1,5.23598776e-03,equilibrium,4.66559922e-03,5.23598776e-03,4.66559922e-03,4.66559922e-03,0.000000e+00,100.0000,1,82.2974,1.000000,9.501515e-04,NaN,1,NaN,1,SAM 2:1,0.070033,5.529159e-02,2.49,4.66559922e-03,3.718115e-16,0.000000e+00
105.00,0.8911,20.0,5.0000,1.0e-03,+1,5.23598776e-03,equilibrium,4.66559922e-03,5.23598776e-03,4.66559922e-03,4.66559922e-03,0.000000e+00,100.0000,1,111.1369,1.000000,9.524619e-04,NaN,1,NaN,1,SAM 2:1,0.070033,5.529159e-02,2.18,4.66559922e-03,3.718115e-16,0.000000e+00
135.00,0.8911,20.0,5.0000,1.0e-03,+1,5.23598776e-03,equilibrium,4.66559922e-03,5.23598776e-03,4.66559922e-03,4.66559922e-03,0.000000e+00,100.0000,1,70.5986,1.000000,1.182872e-03,NaN,1,NaN,1,SAM 2:1,0.070033,5.529159e-02,2.58,4.66559922e-03,1.859058e-16,0.000000e+00
165.00,0.8911,20.0,5.0000,1.0e-03,+1,5.23598776e-03,equilibrium,4.66559922e-03,5.23598776e-03,4.66559922e-03,4.66559922e-03,0.000000e+00,100.0000,1,54.6450,1.000000,1.184304e-03,NaN,1,NaN,1,SAM 2:1,0.070033,5.529159e-02,2.26,4.66559922e-03,1.859058e-16,0.000000e+00
15.00,0.9066,20.0,5.0000,1.0e-03,+1,5.23598776e-03,equilibrium,4.74708330e-03,5.23598776e-03,4.74708330e-03,4.74708330e-03,0.000000e+00,100.0000,1,107.0769,1.000000,1.128197e-03,NaN,1,NaN,1,SAM 2:1,0.070033,7.372212e-02,1.89,4.74708330e-03,3.654293e-16,0.000000e+00
45.00,0.9066,20.0,5.0000,1.0e-03,+1,5.23598776e-03,equilibrium,4.74708330e-03,5.23598776e-03,4.74708330e-03,4.74708330e-03,0.000000e+00,100.0000,1,113.3069,1.000000,1.150209e-03,NaN,1,NaN,1,SAM 2:1,0.070033,7.372212e-02,2.20,4.74708330e-03,3.654293e-16,0.000000e+00
75.00,0.9066,20.0,5.0000,1.0e-03,+1,5.23598776e-03,equilibrium,4.74708330e-03,5.23598776e-03,4.74708330e-03,4.74708330e-03,0.000000e+00,100.0000,1,63.3623,1.000000,9.401218e-04,NaN,1,NaN,1,SAM 2:1,0.070033,7.372212e-02,2.06,4.74708330e-03,3.654293e-16,0.000000e+00
105.00,0.9066,20.0,5.0000,1.0e-03,+1,5.23598776e-03,equilibrium,4.74708330e-03,5.23598776e-03,4.74708330e-03,4.74708330e-03,0.000000e+00,100.0000,1,86.5375,1.000000,9.325727e-04,NaN,1,NaN,1,SAM 2:1,0.070033,7.372212e-02,2.20,4.74708330e-03,3.654293e-16,0.000000e+00
135.00,0.9066,20.0,5.0000,1.0e-03,+1,5.23598776e-03,equilibrium,4.74708330e-03,5.23598776e-03,4.74708330e-03,4.74708330e-03,0.000000e+00,100.0000,1,42.7721,1.000000,1.151384e-03,NaN,1,NaN,1,SAM 2:1,0.070033,7.372212e-02,2.55,4.74708330e-03,3.654293e-16,0.000000e+00
165.00,0.9066,20.0,5.0000,1.0e-03,+1,5.23598776e-03,equilibrium,4.74708330e-03,5.23598776e-03,4.74708330e-03,4.74708330e-03,0.000000e+00,100.0000,1,84.7281,1.000000,1.149535e-03,NaN,1,NaN,1,SAM 2:1,0.070033,7.372212e-02,2.23,4.74708330e-03,3.654293e-16,0.000000e+00
15.00,0.9222,20.0,5.0000,1.0e-03,+1,5.23598776e-03,equilibrium,4.82856737e-03,5.23598776e-03,4.82856737e-03,4.82856737e-03,0.000000e+00,100.0000,1,19.2684,1.000000,1.119967e-03,NaN,1,NaN,1,SAM 2:1,0.070033,9.215264e-02,2.12,4.82856737e-03,3.592626e-16,0.000000e+00
45.00,0.9222,20.0,5.0000,1.0e-03,+1,5.23598776e-03,equilibrium,4.82856737e-03,5.23598776e-03,4.82856737e-03,4.82856737e-03,0.000000e+00,100.0000,1,40.6026,1.000000,1.117943e-03,NaN,1,NaN,1,SAM 2:1,0.070033,9.215264e-02,2.82,4.82856737e-03,3.592626e-16,0.000000e+00
75.00,0.9222,20.0,5.0000,1.0e-03,+1,5.23598776e-03,equilibrium,4.82856737e-03,5.23598776e-03,4.82856737e-03,4.82856737e-03,0.000000e+00,100.0000,1,63.9477,1.000000,9.177445e-04,NaN,1,NaN,1,SAM 2:1,0.070033,9.215264e-02,3.16,4.82856737e-03,3.592626e-16,0.000000e+00
105.00,0.9222,20.0,5.0000,1.0e-03,+1,5.23598776e-03,equilibrium,4.82856737e-03,5.23598776e-03,4.82856737e-03,4.82856737e-03,0.000000e+00,100.0000,1,88.3709,1.000000,9.192687e-04,NaN,1,NaN,1,SAM 2:1,0.070033,9.215264e-02,2.48,4.82856737e-03,3.592626e-16,0.000000e+00
135.00,0.9222,20.0,5.0000,1.0e-03,+1,5.23598776e-03,equilibrium,4.82856737e-03,5.23598776e-03,4.82856737e-03,4.82856737e-03,0.000000e+00,100.0000,1,125.9629,1.000000,1.119335e-03,NaN,1,NaN,1,SAM 2:1,0.070033,9.215264e-02,2.48,4.82856737e-03,3.592626e-16,0.000000e+00
165.00,0.9222,20.0,5.0000,1.0e-03,+1,5.23598776e-03,equilibrium,4.82856737e-03,5.23598776e-03,4.82856737e-03,4.82856737e-03,0.000000e+00,100.0000,1,150.9807,1.000000,1.113599e-03,NaN,1,NaN,1,SAM 2:1,0.070033,9.215264e-02,1.95,4.82856737e-03,3.592626e-16,0.000000e+00
15.00,0.9378,20.0,5.0000,1.0e-03,+1,5.23598776e-03,equilibrium,4.91005145e-03,5.23598776e-03,4.91005145e-03,4.91005145e-03,0.000000e+00,100.0000,1,118.0450,1.000000,1.081141e-03,NaN,1,NaN,0,SAM 2:1,0.070033,1.105832e-01,2.93,4.91005145e-03,1.766502e-16,0.000000e+00
45.00,0.9378,20.0,5.0000,1.0e-03,+1,5.23598776e-03,equilibrium,4.91005145e-03,5.23598776e-03,4.91005145e-03,4.91005145e-03,0.000000e+00,100.0000,1,139.0040,1.000000,1.088194e-03,NaN,1,NaN,0,SAM 2:1,0.070033,1.105832e-01,2.97,4.91005145e-03,1.766502e-16,0.000000e+00
75.00,0.9378,20.0,5.0000,1.0e-03,+1,5.23598776e-03,equilibrium,4.91005145e-03,5.23598776e-03,4.91005145e-03,4.91005145e-03,0.000000e+00,100.0000,1,86.3105,1.000000,8.970645e-04,NaN,1,NaN,0,SAM 2:1,0.070033,1.105832e-01,2.89,4.91005145e-03,1.766502e-16,0.000000e+00
105.00,0.9378,20.0,5.0000,1.0e-03,+1,5.23598776e-03,equilibrium,4.91005145e-03,5.23598776e-03,4.91005145e-03,4.91005145e-03,0.000000e+00,100.0000,1,113.6394,1.000000,8.836130e-04,NaN,1,NaN,0,SAM 2:1,0.070033,1.105832e-01,2.50,4.91005145e-03,1.766502e-16,0.000000e+00
135.00,0.9378,20.0,5.0000,1.0e-03,+1,5.23598776e-03,equilibrium,4.91005145e-03,5.23598776e-03,4.91005145e-03,4.91005145e-03,0.000000e+00,100.0000,1,61.2009,1.000000,1.088257e-03,NaN,1,NaN,0,SAM 2:1,0.070033,1.105832e-01,2.55,4.91005145e-03,1.766502e-16,0.000000e+00
165.00,0.9378,20.0,5.0000,1.0e-03,+1,5.23598776e-03,equilibrium,4.91005145e-03,5.23598776e-03,4.91005145e-03,4.91005145e-03,0.000000e+00,100.0000,1,50.3001,1.000000,1.085399e-03,NaN,1,NaN,0,SAM 2:1,0.070033,1.105832e-01,2.60,4.91005145e-03,1.766502e-16,0.000000e+00
15.00,0.9533,20.0,5.0000,1.0e-03,+1,5.23598776e-03,equilibrium,4.99153553e-03,5.23598776e-03,4.99153553e-03,4.99153553e-03,0.000000e+00,100.0000,1,148.0864,1.000000,1.059204e-03,NaN,1,NaN,0,SAM 2:1,0.070033,1.290137e-01,2.24,4.99153553e-03,1.737665e-16,0.000000e+00
45.00,0.9533,20.0,5.0000,1.0e-03,+1,5.23598776e-03,equilibrium,4.99153553e-03,5.23598776e-03,4.99153553e-03,4.99153553e-03,0.000000e+00,100.0000,1,45.4740,1.000000,1.059706e-03,NaN,1,NaN,0,SAM 2:1,0.070033,1.290137e-01,2.61,4.99153553e-03,1.737665e-16,0.000000e+00
75.00,0.9533,20.0,5.0000,1.0e-03,+1,5.23598776e-03,equilibrium,4.99153553e-03,5.23598776e-03,4.99153553e-03,4.99153553e-03,0.000000e+00,100.0000,1,115.4230,1.000000,8.722888e-04,NaN,1,NaN,0,SAM 2:1,0.070033,1.290137e-01,2.52,4.99153553e-03,1.737665e-16,0.000000e+00
105.00,0.9533,20.0,5.0000,1.0e-03,+1,5.23598776e-03,equilibrium,4.99153553e-03,5.23598776e-03,4.99153553e-03,4.99153553e-03,0.000000e+00,100.0000,1,89.9967,1.000000,8.739137e-04,NaN,1,NaN,0,SAM 2:1,0.070033,1.290137e-01,2.64,4.99153553e-03,1.737665e-16,0.000000e+00
135.00,0.9533,20.0,5.0000,1.0e-03,+1,5.23598776e-03,equilibrium,4.99153553e-03,5.23598776e-03,4.99153553e-03,4.99153553e-03,0.000000e+00,100.0000,1,135.4538,1.000000,1.059986e-03,NaN,1,NaN,0,SAM 2:1,0.070033,1.290137e-01,2.40,4.99153553e-03,1.737665e-16,0.000000e+00
165.00,0.9533,20.0,5.0000,1.0e-03,+1,5.23598776e-03,equilibrium,4.99153553e-03,5.23598776e-03,4.99153553e-03,4.99153553e-03,0.000000e+00,100.0000,1,43.0954,1.000000,1.056588e-03,NaN,1,NaN,0,SAM 2:1,0.070033,1.290137e-01,2.12,4.99153553e-03,1.737665e-16,0.000000e+00
15.00,0.9689,20.0,5.0000,1.0e-03,+1,5.23598776e-03,equilibrium,5.07301960e-03,5.23598776e-03,5.07301960e-03,5.07301960e-03,0.000000e+00,100.0000,1,75.6454,1.000000,1.029886e-03,NaN,1,NaN,0,SAM 2:1,0.070033,1.474442e-01,1.96,5.07301960e-03,3.419509e-16,0.000000e+00
45.00,0.9689,20.0,5.0000,1.0e-03,+1,5.23598776e-03,equilibrium,5.07301960e-03,5.23598776e-03,5.07301960e-03,5.07301960e-03,0.000000e+00,100.0000,1,88.0934,1.000000,1.032544e-03,NaN,1,NaN,0,SAM 2:1,0.070033,1.474442e-01,2.96,5.07301960e-03,3.419509e-16,0.000000e+00
75.00,0.9689,20.0,5.0000,1.0e-03,+1,5.23598776e-03,equilibrium,5.07301960e-03,5.23598776e-03,5.07301960e-03,5.07301960e-03,0.000000e+00,100.0000,1,63.5598,1.000000,8.341624e-04,NaN,1,NaN,0,SAM 2:1,0.070033,1.474442e-01,2.33,5.07301960e-03,3.419509e-16,0.000000e+00
105.00,0.9689,20.0,5.0000,1.0e-03,+1,5.23598776e-03,equilibrium,5.07301960e-03,5.23598776e-03,5.07301960e-03,5.07301960e-03,0.000000e+00,100.0000,1,87.2033,1.000000,8.356715e-04,NaN,1,NaN,0,SAM 2:1,0.070033,1.474442e-01,2.40,5.07301960e-03,3.419509e-16,0.000000e+00
135.00,0.9689,20.0,5.0000,1.0e-03,+1,5.23598776e-03,equilibrium,5.07301960e-03,5.23598776e-03,5.07301960e-03,5.07301960e-03,0.000000e+00,100.0000,1,60.1296,1.000000,1.032890e-03,NaN,1,NaN,0,SAM 2:1,0.070033,1.474442e-01,2.46,5.07301960e-03,3.419509e-16,0.000000e+00
165.00,0.9689,20.0,5.0000,1.0e-03,+1,5.23598776e-03,equilibrium,5.07301960e-03,5.23598776e-03,5.07301960e-03,5.07301960e-03,0.000000e+00,100.0000,1,116.1238,1.000000,1.032398e-03,NaN,1,NaN,0,SAM 2:1,0.070033,1.474442e-01,2.04,5.07301960e-03,3.419509e-16,0.000000e+00
15.00,0.9844,20.0,5.0000,1.0e-03,+1,5.23598776e-03,equilibrium,5.15450368e-03,5.23598776e-03,5.15450368e-03,5.15450368e-03,0.000000e+00,100.0000,1,19.0129,1.000000,1.006237e-03,NaN,1,NaN,0,SAM 2:1,0.070033,1.658748e-01,2.31,5.15450368e-03,1.682726e-16,0.000000e+00
45.00,0.9844,20.0,5.0000,1.0e-03,+1,5.23598776e-03,equilibrium,5.15450368e-03,5.23598776e-03,5.15450368e-03,5.15450368e-03,0.000000e+00,100.0000,1,135.7502,1.000000,8.188305e-04,NaN,1,NaN,0,SAM 2:1,0.070033,1.658748e-01,2.40,5.15450368e-03,1.682726e-16,0.000000e+00
75.00,0.9844,20.0,5.0000,1.0e-03,+1,5.23598776e-03,equilibrium,5.15450368e-03,5.23598776e-03,5.15450368e-03,5.15450368e-03,0.000000e+00,100.0000,1,102.8486,1.000000,8.259433e-04,NaN,1,NaN,0,SAM 2:1,0.070033,1.658748e-01,2.57,5.15450368e-03,1.682726e-16,0.000000e+00
105.00,0.9844,20.0,5.0000,1.0e-03,+1,5.23598776e-03,equilibrium,5.15450368e-03,5.23598776e-03,5.15450368e-03,5.15450368e-03,0.000000e+00,100.0000,1,72.9583,1.000000,8.278717e-04,NaN,1,NaN,0,SAM 2:1,0.070033,1.658748e-01,2.16,5.15450368e-03,1.682726e-16,0.000000e+00
135.00,0.9844,20.0,5.0000,1.0e-03,+1,5.23598776e-03,equilibrium,5.15450368e-03,5.23598776e-03,5.15450368e-03,5.15450368e-03,0.000000e+00,100.0000,1,45.8035,1.000000,9.642070e-04,NaN,1,NaN,0,SAM 2:1,0.070033,1.658748e-01,2.96,5.15450368e-03,1.682726e-16,0.000000e+00
165.00,0.9844,20.0,5.0000,1.0e-03,+1,5.23598776e-03,equilibrium,5.15450368e-03,5.23598776e-03,5.15450368e-03,5.15450368e-03,0.000000e+00,100.0000,1,166.2196,1.000000,1.006662e-03,NaN,1,NaN,0,SAM 2:1,0.070033,1.658748e-01,2.21,5.15450368e-03,1.682726e-16,0.000000e+00
15.00,0.3913,60.0,5.0000,1.0e-03,+1,1.74532925e-03,equilibrium,6.82942785e-04,1.74532925e-03,6.82942785e-04,6.82942785e-04,0.000000e+00,100.0000,1,78.6958,1.000000,3.846828e-02,NaN,1,NaN,17,SAM 2:1,0.070033,1.738985e-03,8.58,6.82942785e-04,2.857580e-15,0.000000e+00
45.00,0.3913,60.0,5.0000,1.0e-03,+1,1.74532925e-03,equilibrium,6.82942785e-04,1.74532925e-03,6.82942785e-04,6.82942785e-04,0.000000e+00,100.0000,1,130.6075,1.000000,3.843522e-02,NaN,1,NaN,17,SAM 2:1,0.070033,1.738984e-03,12.46,6.82942785e-04,7.937723e-15,0.000000e+00
75.00,0.3913,60.0,5.0000,1.0e-03,+1,1.74532925e-03,equilibrium,6.82942785e-04,1.74532925e-03,6.82942785e-04,6.82942785e-04,0.000000e+00,100.0000,1,116.1972,1.000000,3.957941e-02,NaN,1,NaN,17,SAM 2:1,0.070033,1.738984e-03,12.70,6.82942785e-04,8.731496e-15,0.000000e+00
105.00,0.3913,60.0,5.0000,1.0e-03,+1,1.74532925e-03,equilibrium,6.82942785e-04,1.74532925e-03,6.82942785e-04,6.82942785e-04,0.000000e+00,100.0000,1,107.2194,1.000000,3.665080e-02,NaN,1,NaN,17,SAM 2:1,0.070033,1.738984e-03,12.64,6.82942785e-04,8.731496e-15,0.000000e+00
135.00,0.3913,60.0,5.0000,1.0e-03,+1,1.74532925e-03,equilibrium,6.82942785e-04,1.74532925e-03,6.82942785e-04,6.82942785e-04,0.000000e+00,100.0000,1,41.9373,1.000000,3.836546e-02,NaN,1,NaN,17,SAM 2:1,0.070033,1.738984e-03,12.26,6.82942785e-04,7.937723e-15,0.000000e+00
165.00,0.3913,60.0,5.0000,1.0e-03,+1,1.74532925e-03,equilibrium,6.82942785e-04,1.74532925e-03,6.82942785e-04,6.82942785e-04,0.000000e+00,100.0000,1,89.4515,1.000000,4.195278e-02,NaN,1,NaN,17,SAM 2:1,0.070033,1.738983e-03,7.98,6.82942785e-04,2.857580e-15,0.000000e+00
15.00,0.4416,60.0,5.0000,1.0e-03,+1,1.74532925e-03,equilibrium,7.70806438e-04,1.74532925e-03,7.70806438e-04,7.70806438e-04,0.000000e+00,100.0000,1,106.8870,1.000000,3.042425e-02,NaN,1,NaN,17,SAM 2:1,0.070033,5.639464e-02,7.30,7.70806438e-04,1.687898e-15,0.000000e+00
45.00,0.4416,60.0,5.0000,1.0e-03,+1,1.74532925e-03,equilibrium,7.70806438e-04,1.74532925e-03,7.70806438e-04,7.70806438e-04,0.000000e+00,100.0000,1,100.6368,1.000000,3.047360e-02,NaN,1,NaN,17,SAM 2:1,0.070033,5.639464e-02,10.59,7.70806438e-04,5.626327e-15,0.000000e+00
75.00,0.4416,60.0,5.0000,1.0e-03,+1,1.74532925e-03,equilibrium,7.70806438e-04,1.74532925e-03,7.70806438e-04,7.70806438e-04,0.000000e+00,100.0000,1,117.5771,1.000000,2.888371e-02,NaN,1,NaN,17,SAM 2:1,0.070033,5.639464e-02,10.18,7.70806438e-04,6.188959e-15,0.000000e+00
105.00,0.4416,60.0,5.0000,1.0e-03,+1,1.74532925e-03,equilibrium,7.70806438e-04,1.74532925e-03,7.70806438e-04,7.70806438e-04,0.000000e+00,100.0000,1,100.9472,1.000000,2.892243e-02,NaN,1,NaN,17,SAM 2:1,0.070033,5.639464e-02,11.57,7.70806438e-04,6.188959e-15,0.000000e+00
135.00,0.4416,60.0,5.0000,1.0e-03,+1,1.74532925e-03,equilibrium,7.70806438e-04,1.74532925e-03,7.70806438e-04,7.70806438e-04,0.000000e+00,100.0000,1,50.1158,1.000000,3.045081e-02,NaN,1,NaN,17,SAM 2:1,0.070033,5.639464e-02,11.53,7.70806438e-04,5.626327e-15,0.000000e+00
165.00,0.4416,60.0,5.0000,1.0e-03,+1,1.74532925e-03,equilibrium,7.70806438e-04,1.74532925e-03,7.70806438e-04,7.70806438e-04,2.813163e-16,100.0000,1,61.3689,1.000000,3.031375e-02,NaN,1,NaN,17,SAM 2:1,0.070033,5.639464e-02,7.10,7.70806438e-04,1.828556e-15,0.000000e+00
15.00,0.4920,60.0,5.0000,1.0e-03,+1,1.74532925e-03,equilibrium,8.58670091e-04,1.74532925e-03,8.58670091e-04,8.58670091e-04,0.000000e+00,100.0000,1,152.2893,1.000000,2.466702e-02,NaN,1,NaN,15,SAM 2:1,0.070033,3.808754e-02,7.53,8.58670091e-04,1.515183e-15,0.000000e+00
45.00,0.4920,60.0,5.0000,1.0e-03,+1,1.74532925e-03,equilibrium,8.58670091e-04,1.74532925e-03,8.58670091e-04,8.58670091e-04,0.000000e+00,100.0000,1,52.9237,1.000000,2.476864e-02,NaN,1,NaN,15,SAM 2:1,0.070033,3.808762e-02,9.87,8.58670091e-04,4.419285e-15,0.000000e+00
75.00,0.4920,60.0,5.0000,1.0e-03,+1,1.74532925e-03,equilibrium,8.58670091e-04,1.74532925e-03,8.58670091e-04,8.58670091e-04,0.000000e+00,100.0000,1,110.0065,1.000000,2.322932e-02,NaN,1,NaN,15,SAM 2:1,0.070033,3.808734e-02,9.84,8.58670091e-04,4.798081e-15,0.000000e+00
105.00,0.4920,60.0,5.0000,1.0e-03,+1,1.74532925e-03,equilibrium,8.58670091e-04,1.74532925e-03,8.58670091e-04,8.58670091e-04,0.000000e+00,100.0000,1,80.7396,1.000000,2.330199e-02,NaN,1,NaN,15,SAM 2:1,0.070033,3.808739e-02,9.91,8.58670091e-04,4.798081e-15,0.000000e+00
135.00,0.4920,60.0,5.0000,1.0e-03,+1,1.74532925e-03,equilibrium,8.58670091e-04,1.74532925e-03,8.58670091e-04,8.58670091e-04,0.000000e+00,100.0000,1,139.2118,1.000000,2.318898e-02,NaN,1,NaN,15,SAM 2:1,0.070033,3.808761e-02,9.85,8.58670091e-04,4.419285e-15,0.000000e+00
165.00,0.4920,60.0,5.0000,1.0e-03,+1,1.74532925e-03,equilibrium,8.58670091e-04,1.74532925e-03,8.58670091e-04,8.58670091e-04,0.000000e+00,100.0000,1,38.6448,1.000000,2.469444e-02,NaN,1,NaN,15,SAM 2:1,0.070033,3.808769e-02,6.21,8.58670091e-04,1.641449e-15,0.000000e+00
15.00,0.5423,60.0,5.0000,1.0e-03,+1,1.74532925e-03,equilibrium,9.46533744e-04,1.74532925e-03,9.46533744e-04,9.46533744e-04,0.000000e+00,100.0000,1,33.4411,1.000000,1.973088e-02,NaN,1,NaN,15,SAM 2:1,0.070033,1.083625e-01,6.26,9.46533744e-04,1.259989e-15,0.000000e+00
45.00,0.5423,60.0,5.0000,1.0e-03,+1,1.74532925e-03,equilibrium,9.46533744e-04,1.74532925e-03,9.46533744e-04,9.46533744e-04,0.000000e+00,100.0000,1,57.5756,1.000000,2.055520e-02,NaN,1,NaN,15,SAM 2:1,0.070033,1.083625e-01,9.09,9.46533744e-04,3.321790e-15,0.000000e+00
75.00,0.5423,60.0,5.0000,1.0e-03,+1,1.74532925e-03,equilibrium,9.46533744e-04,1.74532925e-03,9.46533744e-04,9.46533744e-04,0.000000e+00,100.0000,1,63.3625,1.000000,1.938225e-02,NaN,1,NaN,15,SAM 2:1,0.070033,1.083617e-01,8.47,9.46533744e-04,4.009057e-15,0.000000e+00
105.00,0.5423,60.0,5.0000,1.0e-03,+1,1.74532925e-03,equilibrium,9.46533744e-04,1.74532925e-03,9.46533744e-04,9.46533744e-04,2.290890e-16,100.0000,1,86.5383,1.000000,1.937109e-02,NaN,1,NaN,15,SAM 2:1,0.070033,1.083621e-01,8.14,9.46533744e-04,3.779968e-15,0.000000e+00
135.00,0.5423,60.0,5.0000,1.0e-03,+1,1.74532925e-03,equilibrium,9.46533744e-04,1.74532925e-03,9.46533744e-04,9.46533744e-04,0.000000e+00,100.0000,1,91.0751,1.000000,2.058565e-02,NaN,1,NaN,15,SAM 2:1,0.070033,1.083621e-01,8.68,9.46533744e-04,3.321790e-15,0.000000e+00
165.00,0.5423,60.0,5.0000,1.0e-03,+1,1.74532925e-03,equilibrium,9.46533744e-04,1.74532925e-03,9.46533744e-04,9.46533744e-04,0.000000e+00,100.0000,1,156.9869,1.000000,2.023169e-02,NaN,1,NaN,15,SAM 2:1,0.070033,1.083626e-01,6.71,9.46533744e-04,1.259989e-15,0.000000e+00
15.00,0.5927,60.0,5.0000,1.0e-03,+1,1.74532925e-03,equilibrium,1.03439740e-03,1.74532925e-03,1.03439740e-03,1.03439740e-03,0.000000e+00,100.0000,1,166.2588,1.000000,1.734743e-02,NaN,1,NaN,14,SAM 2:1,0.070033,1.464228e-01,5.36,1.03439740e-03,8.385189e-16,0.000000e+00
45.00,0.5927,60.0,5.0000,1.0e-03,+1,1.74532925e-03,equilibrium,1.03439740e-03,1.74532925e-03,1.03439740e-03,1.03439740e-03,0.000000e+00,100.0000,1,54.9810,1.000000,1.736230e-02,NaN,1,NaN,14,SAM 2:1,0.070033,1.464226e-01,8.24,1.03439740e-03,2.515557e-15,0.000000e+00
75.00,0.5927,60.0,5.0000,1.0e-03,+1,1.74532925e-03,equilibrium,1.03439740e-03,1.74532925e-03,1.03439740e-03,1.03439740e-03,0.000000e+00,100.0000,1,99.2993,1.000000,1.628869e-02,NaN,1,NaN,14,SAM 2:1,0.070033,1.464228e-01,8.24,1.03439740e-03,2.934816e-15,0.000000e+00
105.00,0.5927,60.0,5.0000,1.0e-03,+1,1.74532925e-03,equilibrium,1.03439740e-03,1.74532925e-03,1.03439740e-03,1.03439740e-03,0.000000e+00,100.0000,1,70.0240,1.000000,1.623288e-02,NaN,1,NaN,14,SAM 2:1,0.070033,1.464226e-01,8.79,1.03439740e-03,2.934816e-15,0.000000e+00
135.00,0.5927,60.0,5.0000,1.0e-03,+1,1.74532925e-03,equilibrium,1.03439740e-03,1.74532925e-03,1.03439740e-03,1.03439740e-03,0.000000e+00,100.0000,1,139.4965,1.000000,1.735366e-02,NaN,1,NaN,14,SAM 2:1,0.070033,1.464226e-01,9.08,1.03439740e-03,2.515557e-15,0.000000e+00
165.00,0.5927,60.0,5.0000,1.0e-03,+1,1.74532925e-03,equilibrium,1.03439740e-03,1.74532925e-03,1.03439740e-03,1.03439740e-03,0.000000e+00,100.0000,1,18.5068,1.000000,1.730798e-02,NaN,1,NaN,14,SAM 2:1,0.070033,1.464225e-01,6.71,1.03439740e-03,8.385189e-16,0.000000e+00
15.00,0.6430,60.0,5.0000,1.0e-03,+1,1.74532925e-03,equilibrium,1.12226105e-03,1.74532925e-03,1.12226105e-03,1.12226105e-03,0.000000e+00,100.0000,1,47.1893,1.000000,1.471931e-02,NaN,1,NaN,14,SAM 2:1,0.070033,1.648242e-01,4.99,1.12226105e-03,7.728699e-16,0.000000e+00
45.00,0.6430,60.0,5.0000,1.0e-03,+1,1.74532925e-03,equilibrium,1.12226105e-03,1.74532925e-03,1.12226105e-03,1.12226105e-03,0.000000e+00,100.0000,1,128.1911,1.000000,1.491636e-02,NaN,1,NaN,14,SAM 2:1,0.070033,1.648240e-01,8.24,1.12226105e-03,2.318610e-15,0.000000e+00
75.00,0.6430,60.0,5.0000,1.0e-03,+1,1.74532925e-03,equilibrium,1.12226105e-03,1.74532925e-03,1.12226105e-03,1.12226105e-03,0.000000e+00,100.0000,1,80.8597,1.000000,1.385936e-02,NaN,1,NaN,14,SAM 2:1,0.070033,1.648241e-01,6.84,1.12226105e-03,2.705045e-15,0.000000e+00
105.00,0.6430,60.0,5.0000,1.0e-03,+1,1.74532925e-03,equilibrium,1.12226105e-03,1.74532925e-03,1.12226105e-03,1.12226105e-03,0.000000e+00,100.0000,1,62.4207,1.000000,1.386029e-02,NaN,1,NaN,14,SAM 2:1,0.070033,1.648242e-01,7.17,1.12226105e-03,2.705045e-15,0.000000e+00
135.00,0.6430,60.0,5.0000,1.0e-03,+1,1.74532925e-03,equilibrium,1.12226105e-03,1.74532925e-03,1.12226105e-03,1.12226105e-03,0.000000e+00,100.0000,1,41.0536,1.000000,1.492432e-02,NaN,1,NaN,14,SAM 2:1,0.070033,1.648240e-01,7.85,1.12226105e-03,2.318610e-15,0.000000e+00
165.00,0.6430,60.0,5.0000,1.0e-03,+1,1.74532925e-03,equilibrium,1.12226105e-03,1.74532925e-03,1.12226105e-03,1.12226105e-03,0.000000e+00,100.0000,1,144.1790,1.000000,1.487926e-02,NaN,1,NaN,14,SAM 2:1,0.070033,1.648242e-01,5.08,1.12226105e-03,5.796524e-16,0.000000e+00
15.00,0.6934,60.0,5.0000,1.0e-03,+1,1.74532925e-03,equilibrium,1.21012470e-03,1.74532925e-03,1.21012470e-03,1.21012470e-03,0.000000e+00,100.0000,1,54.8182,1.000000,1.295254e-02,NaN,1,NaN,12,SAM 2:1,0.070033,1.738669e-01,5.64,1.21012470e-03,7.167540e-16,0.000000e+00
45.00,0.6934,60.0,5.0000,1.0e-03,+1,1.74532925e-03,equilibrium,1.21012470e-03,1.74532925e-03,1.21012470e-03,1.21012470e-03,0.000000e+00,100.0000,1,97.2987,1.000000,1.295811e-02,NaN,1,NaN,12,SAM 2:1,0.070033,1.738669e-01,7.06,1.21012470e-03,2.150262e-15,0.000000e+00
75.00,0.6934,60.0,5.0000,1.0e-03,+1,1.74532925e-03,equilibrium,1.21012470e-03,1.74532925e-03,1.21012470e-03,1.21012470e-03,0.000000e+00,100.0000,1,82.9868,1.000000,1.195721e-02,NaN,1,NaN,12,SAM 2:1,0.070033,1.738669e-01,7.37,1.21012470e-03,2.329451e-15,0.000000e+00
105.00,0.6934,60.0,5.0000,1.0e-03,+1,1.74532925e-03,equilibrium,1.21012470e-03,1.74532925e-03,1.21012470e-03,1.21012470e-03,0.000000e+00,100.0000,1,111.6082,1.000000,1.198186e-02,NaN,1,NaN,12,SAM 2:1,0.070033,1.738669e-01,6.80,1.21012470e-03,2.329451e-15,0.000000e+00
135.00,0.6934,60.0,5.0000,1.0e-03,+1,1.74532925e-03,equilibrium,1.21012470e-03,1.74532925e-03,1.21012470e-03,1.21012470e-03,0.000000e+00,100.0000,1,115.0276,1.000000,1.291600e-02,NaN,1,NaN,12,SAM 2:1,0.070033,1.738669e-01,7.54,1.21012470e-03,2.150262e-15,0.000000e+00
165.00,0.6934,60.0,5.0000,1.0e-03,+1,1.74532925e-03,equilibrium,1.21012470e-03,1.74532925e-03,1.21012470e-03,1.21012470e-03,0.000000e+00,100.0000,1,113.4557,1.000000,1.293266e-02,NaN,1,NaN,12,SAM 2:1,0.070033,1.738668e-01,5.08,1.21012470e-03,7.167540e-16,0.000000e+00
15.00,0.7437,60.0,5.0000,1.0e-03,+1,1.74532925e-03,equilibrium,1.29798836e-03,1.74532925e-03,1.29798836e-03,1.29798836e-03,0.000000e+00,100.0000,1,55.3514,1.000000,1.135316e-02,NaN,1,NaN,11,SAM 2:1,0.070033,1.192410e-01,4.29,1.29798836e-03,5.011765e-16,0.000000e+00
45.00,0.7437,60.0,5.0000,1.0e-03,+1,1.74532925e-03,equilibrium,1.29798836e-03,1.74532925e-03,1.29798836e-03,1.29798836e-03,0.000000e+00,100.0000,1,52.1345,1.000000,1.136230e-02,NaN,1,NaN,11,SAM 2:1,0.070033,1.192410e-01,6.30,1.29798836e-03,1.670588e-15,0.000000e+00
75.00,0.7437,60.0,5.0000,1.0e-03,+1,1.74532925e-03,equilibrium,1.29798836e-03,1.74532925e-03,1.29798836e-03,1.29798836e-03,0.000000e+00,100.0000,1,77.3230,1.000000,1.041227e-02,NaN,1,NaN,11,SAM 2:1,0.070033,1.192410e-01,6.49,1.29798836e-03,2.171765e-15,0.000000e+00
105.00,0.7437,60.0,5.0000,1.0e-03,+1,1.74532925e-03,equilibrium,1.29798836e-03,1.74532925e-03,1.29798836e-03,1.29798836e-03,0.000000e+00,100.0000,1,62.5772,1.000000,1.046136e-02,NaN,1,NaN,11,SAM 2:1,0.070033,1.192410e-01,6.48,1.29798836e-03,2.171765e-15,0.000000e+00
135.00,0.7437,60.0,5.0000,1.0e-03,+1,1.74532925e-03,equilibrium,1.29798836e-03,1.74532925e-03,1.29798836e-03,1.29798836e-03,0.000000e+00,100.0000,1,97.8813,1.000000,1.135812e-02,NaN,1,NaN,11,SAM 2:1,0.070033,1.192410e-01,6.27,1.29798836e-03,1.670588e-15,0.000000e+00
165.00,0.7437,60.0,5.0000,1.0e-03,+1,1.74532925e-03,equilibrium,1.29798836e-03,1.74532925e-03,1.29798836e-03,1.29798836e-03,0.000000e+00,100.0000,1,112.9351,1.000000,1.128755e-02,NaN,1,NaN,11,SAM 2:1,0.070033,1.192410e-01,4.29,1.29798836e-03,6.682354e-16,0.000000e+00
15.00,0.7940,60.0,5.0000,1.0e-03,+1,1.74532925e-03,equilibrium,1.38585201e-03,1.74532925e-03,1.38585201e-03,1.38585201e-03,0.000000e+00,100.0000,1,166.1387,1.000000,1.004722e-02,NaN,1,NaN,9,SAM 2:1,0.070033,5.962049e-02,4.12,1.38585201e-03,6.258689e-16,0.000000e+00
45.00,0.7940,60.0,5.0000,1.0e-03,+1,1.74532925e-03,equilibrium,1.38585201e-03,1.74532925e-03,1.38585201e-03,1.38585201e-03,0.000000e+00,100.0000,1,81.3696,1.000000,1.004092e-02,NaN,1,NaN,9,SAM 2:1,0.070033,5.962049e-02,5.87,1.38585201e-03,1.564672e-15,0.000000e+00
75.00,0.7940,60.0,5.0000,1.0e-03,+1,1.74532925e-03,equilibrium,1.38585201e-03,1.74532925e-03,1.38585201e-03,1.38585201e-03,0.000000e+00,100.0000,1,108.0163,1.000000,9.230600e-03,NaN,1,NaN,9,SAM 2:1,0.070033,5.962049e-02,5.55,1.38585201e-03,1.877607e-15,0.000000e+00
105.00,0.7940,60.0,5.0000,1.0e-03,+1,1.74532925e-03,equilibrium,1.38585201e-03,1.74532925e-03,1.38585201e-03,1.38585201e-03,0.000000e+00,100.0000,1,115.8386,1.000000,9.219703e-03,NaN,1,NaN,9,SAM 2:1,0.070033,5.962049e-02,5.63,1.38585201e-03,1.877607e-15,0.000000e+00
135.00,0.7940,60.0,5.0000,1.0e-03,+1,1.74532925e-03,equilibrium,1.38585201e-03,1.74532925e-03,1.38585201e-03,1.38585201e-03,0.000000e+00,100.0000,1,66.2106,1.000000,1.003817e-02,NaN,1,NaN,9,SAM 2:1,0.070033,5.962049e-02,5.67,1.38585201e-03,1.564672e-15,0.000000e+00
165.00,0.7940,60.0,5.0000,1.0e-03,+1,1.74532925e-03,equilibrium,1.38585201e-03,1.74532925e-03,1.38585201e-03,1.38585201e-03,0.000000e+00,100.0000,1,17.1183,1.000000,1.003110e-02,NaN,1,NaN,9,SAM 2:1,0.070033,5.962049e-02,4.15,1.38585201e-03,4.694017e-16,0.000000e+00
15.00,0.8599,60.0,5.0000,1.0e-03,+1,1.74532925e-03,equilibrium,1.50087702e-03,1.74532925e-03,1.50087702e-03,1.50087702e-03,0.000000e+00,100.0000,1,92.2560,1.000000,8.621077e-03,NaN,1,NaN,3,SAM 2:1,0.070033,1.843053e-02,3.68,1.50087702e-03,2.889516e-16,0.000000e+00
45.00,0.8599,60.0,5.0000,1.0e-03,+1,1.74532925e-03,equilibrium,1.50087702e-03,1.74532925e-03,1.50087702e-03,1.50087702e-03,0.000000e+00,100.0000,1,44.9303,1.000000,8.659721e-03,NaN,1,NaN,3,SAM 2:1,0.070033,1.843053e-02,5.42,1.50087702e-03,1.155807e-15,0.000000e+00
75.00,0.8599,60.0,5.0000,1.0e-03,+1,1.74532925e-03,equilibrium,1.50087702e-03,1.74532925e-03,1.50087702e-03,1.50087702e-03,0.000000e+00,100.0000,1,69.9247,1.000000,7.908000e-03,NaN,1,NaN,3,SAM 2:1,0.070033,1.843053e-02,14.41,1.50087702e-03,1.589234e-15,0.000000e+00
105.00,0.8599,60.0,5.0000,1.0e-03,+1,1.74532925e-03,equilibrium,1.50087702e-03,1.74532925e-03,1.50087702e-03,1.50087702e-03,0.000000e+00,100.0000,1,65.3366,1.000000,7.908394e-03,NaN,1,NaN,3,SAM 2:1,0.070033,1.843053e-02,6.50,1.50087702e-03,1.589234e-15,0.000000e+00
135.00,0.8599,60.0,5.0000,1.0e-03,+1,1.74532925e-03,equilibrium,1.50087702e-03,1.74532925e-03,1.50087702e-03,1.50087702e-03,0.000000e+00,100.0000,1,134.9300,1.000000,8.651751e-03,NaN,1,NaN,3,SAM 2:1,0.070033,1.843053e-02,7.32,1.50087702e-03,1.155807e-15,0.000000e+00
165.00,0.8599,60.0,5.0000,1.0e-03,+1,1.74532925e-03,equilibrium,1.50087702e-03,1.74532925e-03,1.50087702e-03,1.50087702e-03,0.000000e+00,100.0000,1,75.9448,1.000000,8.630298e-03,NaN,1,NaN,3,SAM 2:1,0.070033,1.843053e-02,4.32,1.50087702e-03,2.889516e-16,0.000000e+00
15.00,0.8755,60.0,5.0000,1.0e-03,+1,1.74532925e-03,equilibrium,1.52803838e-03,1.74532925e-03,1.52803838e-03,1.52803838e-03,0.000000e+00,100.0000,1,105.9127,1.000000,8.382594e-03,NaN,1,NaN,2,SAM 2:1,0.070033,3.686106e-02,4.79,1.52803838e-03,5.676309e-16,0.000000e+00
45.00,0.8755,60.0,5.0000,1.0e-03,+1,1.74532925e-03,equilibrium,1.52803838e-03,1.74532925e-03,1.52803838e-03,1.52803838e-03,0.000000e+00,100.0000,1,50.5354,1.000000,8.168603e-03,NaN,1,NaN,2,SAM 2:1,0.070033,3.686106e-02,5.95,1.52803838e-03,1.277169e-15,0.000000e+00
75.00,0.8755,60.0,5.0000,1.0e-03,+1,1.74532925e-03,equilibrium,1.52803838e-03,1.74532925e-03,1.52803838e-03,1.52803838e-03,0.000000e+00,100.0000,1,95.3512,1.000000,7.610415e-03,NaN,1,NaN,2,SAM 2:1,0.070033,3.686106e-02,5.60,1.52803838e-03,1.560985e-15,0.000000e+00
105.00,0.8755,60.0,5.0000,1.0e-03,+1,1.74532925e-03,equilibrium,1.52803838e-03,1.74532925e-03,1.52803838e-03,1.52803838e-03,0.000000e+00,100.0000,1,117.1016,1.000000,7.638230e-03,NaN,1,NaN,2,SAM 2:1,0.070033,3.686106e-02,5.63,1.52803838e-03,1.560985e-15,0.000000e+00
135.00,0.8755,60.0,5.0000,1.0e-03,+1,1.74532925e-03,equilibrium,1.52803838e-03,1.74532925e-03,1.52803838e-03,1.52803838e-03,0.000000e+00,100.0000,1,100.0493,1.000000,8.254953e-03,NaN,1,NaN,2,SAM 2:1,0.070033,3.686106e-02,6.07,1.52803838e-03,1.277169e-15,0.000000e+00
165.00,0.8755,60.0,5.0000,1.0e-03,+1,1.74532925e-03,equilibrium,1.52803838e-03,1.74532925e-03,1.52803838e-03,1.52803838e-03,0.000000e+00,100.0000,1,85.8834,1.000000,8.367300e-03,NaN,1,NaN,2,SAM 2:1,0.070033,3.686106e-02,4.50,1.52803838e-03,5.676309e-16,0.000000e+00
15.00,0.8911,60.0,5.0000,1.0e-03,+1,1.74532925e-03,equilibrium,1.55519974e-03,1.74532925e-03,1.55519974e-03,1.55519974e-03,0.000000e+00,100.0000,1,13.7470,1.000000,8.005988e-03,NaN,1,NaN,1,SAM 2:1,0.070033,5.529159e-02,4.09,1.55519974e-03,5.577173e-16,0.000000e+00
45.00,0.8911,60.0,5.0000,1.0e-03,+1,1.74532925e-03,equilibrium,1.55519974e-03,1.74532925e-03,1.55519974e-03,1.55519974e-03,0.000000e+00,100.0000,1,69.9563,1.000000,8.118843e-03,NaN,1,NaN,1,SAM 2:1,0.070033,5.529159e-02,6.06,1.55519974e-03,1.394293e-15,0.000000e+00
75.00,0.8911,60.0,5.0000,1.0e-03,+1,1.74532925e-03,equilibrium,1.55519974e-03,1.74532925e-03,1.55519974e-03,1.55519974e-03,0.000000e+00,100.0000,1,91.0774,1.000000,7.364158e-03,NaN,1,NaN,1,SAM 2:1,0.070033,5.529159e-02,5.30,1.55519974e-03,1.533722e-15,0.000000e+00
105.00,0.8911,60.0,5.0000,1.0e-03,+1,1.74532925e-03,equilibrium,1.55519974e-03,1.74532925e-03,1.55519974e-03,1.55519974e-03,0.000000e+00,100.0000,1,115.8508,1.000000,7.384649e-03,NaN,1,NaN,1,SAM 2:1,0.070033,5.529159e-02,5.27,1.55519974e-03,1.533722e-15,0.000000e+00
135.00,0.8911,60.0,5.0000,1.0e-03,+1,1.74532925e-03,equilibrium,1.55519974e-03,1.74532925e-03,1.55519974e-03,1.55519974e-03,0.000000e+00,100.0000,1,135.7080,1.000000,8.114780e-03,NaN,1,NaN,1,SAM 2:1,0.070033,5.529159e-02,5.81,1.55519974e-03,1.394293e-15,0.000000e+00
165.00,0.8911,60.0,5.0000,1.0e-03,+1,1.74532925e-03,equilibrium,1.55519974e-03,1.74532925e-03,1.55519974e-03,1.55519974e-03,0.000000e+00,100.0000,1,162.0531,1.000000,8.114344e-03,NaN,1,NaN,1,SAM 2:1,0.070033,5.529159e-02,4.25,1.55519974e-03,5.577173e-16,0.000000e+00
15.00,0.9066,60.0,5.0000,1.0e-03,+1,1.74532925e-03,equilibrium,1.58236110e-03,1.74532925e-03,1.58236110e-03,1.58236110e-03,0.000000e+00,100.0000,1,53.8508,1.000000,7.845810e-03,NaN,1,NaN,1,SAM 2:1,0.070033,7.372212e-02,4.52,1.58236110e-03,4.111080e-16,0.000000e+00
45.00,0.9066,60.0,5.0000,1.0e-03,+1,1.74532925e-03,equilibrium,1.58236110e-03,1.74532925e-03,1.58236110e-03,1.58236110e-03,0.000000e+00,100.0000,1,64.8637,1.000000,7.869872e-03,NaN,1,NaN,1,SAM 2:1,0.070033,7.372212e-02,7.10,1.58236110e-03,1.233324e-15,0.000000e+00
75.00,0.9066,60.0,5.0000,1.0e-03,+1,1.74532925e-03,equilibrium,1.58236110e-03,1.74532925e-03,1.58236110e-03,1.58236110e-03,0.000000e+00,100.0000,1,85.4355,1.000000,7.119894e-03,NaN,1,NaN,1,SAM 2:1,0.070033,7.372212e-02,6.47,1.58236110e-03,1.370360e-15,0.000000e+00
105.00,0.9066,60.0,5.0000,1.0e-03,+1,1.74532925e-03,equilibrium,1.58236110e-03,1.74532925e-03,1.58236110e-03,1.58236110e-03,0.000000e+00,100.0000,1,63.0741,1.000000,7.083270e-03,NaN,1,NaN,1,SAM 2:1,0.070033,7.372212e-02,6.93,1.58236110e-03,1.370360e-15,0.000000e+00
135.00,0.9066,60.0,5.0000,1.0e-03,+1,1.74532925e-03,equilibrium,1.58236110e-03,1.74532925e-03,1.58236110e-03,1.58236110e-03,0.000000e+00,100.0000,1,82.8208,1.000000,7.864924e-03,NaN,1,NaN,1,SAM 2:1,0.070033,7.372212e-02,7.00,1.58236110e-03,1.233324e-15,0.000000e+00
165.00,0.9066,60.0,5.0000,1.0e-03,+1,1.74532925e-03,equilibrium,1.58236110e-03,1.74532925e-03,1.58236110e-03,1.58236110e-03,0.000000e+00,100.0000,1,114.4495,1.000000,7.861011e-03,NaN,1,NaN,1,SAM 2:1,0.070033,7.372212e-02,4.83,1.58236110e-03,4.111080e-16,0.000000e+00
15.00,0.9222,60.0,5.0000,1.0e-03,+1,1.74532925e-03,equilibrium,1.60952246e-03,1.74532925e-03,1.60952246e-03,1.60952246e-03,0.000000e+00,100.0000,1,56.6893,1.000000,7.623087e-03,NaN,1,NaN,1,SAM 2:1,0.070033,9.215264e-02,5.40,1.60952246e-03,4.041704e-16,0.000000e+00
45.00,0.9222,60.0,5.0000,1.0e-03,+1,1.74532925e-03,equilibrium,1.60952246e-03,1.74532925e-03,1.60952246e-03,1.60952246e-03,0.000000e+00,100.0000,1,53.3561,1.000000,7.596644e-03,NaN,1,NaN,1,SAM 2:1,0.070033,9.215264e-02,5.75,1.60952246e-03,1.212511e-15,0.000000e+00
75.00,0.9222,60.0,5.0000,1.0e-03,+1,1.74532925e-03,equilibrium,1.60952246e-03,1.74532925e-03,1.60952246e-03,1.60952246e-03,0.000000e+00,100.0000,1,78.8647,1.000000,6.901258e-03,NaN,1,NaN,1,SAM 2:1,0.070033,9.215264e-02,5.97,1.60952246e-03,1.481958e-15,0.000000e+00
105.00,0.9222,60.0,5.0000,1.0e-03,+1,1.74532925e-03,equilibrium,1.60952246e-03,1.74532925e-03,1.60952246e-03,1.60952246e-03,0.000000e+00,100.0000,1,62.4322,1.000000,6.399291e-03,NaN,1,NaN,1,SAM 2:1,0.070033,9.215264e-02,5.69,1.60952246e-03,1.481958e-15,0.000000e+00
135.00,0.9222,60.0,5.0000,1.0e-03,+1,1.74532925e-03,equilibrium,1.60952246e-03,1.74532925e-03,1.60952246e-03,1.60952246e-03,0.000000e+00,100.0000,1,96.2854,1.000000,7.592488e-03,NaN,1,NaN,1,SAM 2:1,0.070033,9.215264e-02,6.66,1.60952246e-03,1.212511e-15,0.000000e+00
165.00,0.9222,60.0,5.0000,1.0e-03,+1,1.74532925e-03,equilibrium,1.60952246e-03,1.74532925e-03,1.60952246e-03,1.60952246e-03,0.000000e+00,100.0000,1,111.5995,1.000000,7.606961e-03,NaN,1,NaN,1,SAM 2:1,0.070033,9.215264e-02,4.41,1.60952246e-03,4.041704e-16,0.000000e+00
15.00,0.9378,60.0,5.0000,1.0e-03,+1,1.74532925e-03,equilibrium,1.63668382e-03,1.74532925e-03,1.63668382e-03,1.63668382e-03,0.000000e+00,100.0000,1,17.4318,1.000000,7.358171e-03,NaN,1,NaN,0,SAM 2:1,0.070033,1.105832e-01,4.25,1.63668382e-03,3.974630e-16,0.000000e+00
45.00,0.9378,60.0,5.0000,1.0e-03,+1,1.74532925e-03,equilibrium,1.63668382e-03,1.74532925e-03,1.63668382e-03,1.63668382e-03,0.000000e+00,100.0000,1,104.8750,1.000000,7.392417e-03,NaN,1,NaN,0,SAM 2:1,0.070033,1.105832e-01,7.01,1.63668382e-03,1.059901e-15,0.000000e+00
75.00,0.9378,60.0,5.0000,1.0e-03,+1,1.74532925e-03,equilibrium,1.63668382e-03,1.74532925e-03,1.63668382e-03,1.63668382e-03,0.000000e+00,100.0000,1,106.3528,1.000000,6.686731e-03,NaN,1,NaN,0,SAM 2:1,0.070033,1.105832e-01,5.48,1.63668382e-03,1.457364e-15,0.000000e+00
105.00,0.9378,60.0,5.0000,1.0e-03,+1,1.74532925e-03,equilibrium,1.63668382e-03,1.74532925e-03,1.63668382e-03,1.63668382e-03,0.000000e+00,100.0000,1,116.5336,1.000000,6.686450e-03,NaN,1,NaN,0,SAM 2:1,0.070033,1.105832e-01,5.20,1.63668382e-03,1.457364e-15,0.000000e+00
135.00,0.9378,60.0,5.0000,1.0e-03,+1,1.74532925e-03,equilibrium,1.63668382e-03,1.74532925e-03,1.63668382e-03,1.63668382e-03,0.000000e+00,100.0000,1,107.7877,1.000000,7.395184e-03,NaN,1,NaN,0,SAM 2:1,0.070033,1.105832e-01,5.45,1.63668382e-03,1.059901e-15,0.000000e+00
165.00,0.9378,60.0,5.0000,1.0e-03,+1,1.74532925e-03,equilibrium,1.63668382e-03,1.74532925e-03,1.63668382e-03,1.63668382e-03,0.000000e+00,100.0000,1,153.4002,1.000000,7.382068e-03,NaN,1,NaN,0,SAM 2:1,0.070033,1.105832e-01,4.78,1.63668382e-03,3.974630e-16,0.000000e+00
15.00,0.9533,60.0,5.0000,1.0e-03,+1,1.74532925e-03,equilibrium,1.66384518e-03,1.74532925e-03,1.66384518e-03,1.66384518e-03,0.000000e+00,100.0000,1,79.6260,1.000000,7.155351e-03,NaN,1,NaN,0,SAM 2:1,0.070033,1.290137e-01,4.70,1.66384518e-03,3.909747e-16,0.000000e+00
45.00,0.9533,60.0,5.0000,1.0e-03,+1,1.74532925e-03,equilibrium,1.66384518e-03,1.74532925e-03,1.66384518e-03,1.66384518e-03,0.000000e+00,100.0000,1,45.0501,1.000000,7.102481e-03,NaN,1,NaN,0,SAM 2:1,0.070033,1.290137e-01,6.52,1.66384518e-03,1.042599e-15,0.000000e+00
75.00,0.9533,60.0,5.0000,1.0e-03,+1,1.74532925e-03,equilibrium,1.66384518e-03,1.74532925e-03,1.66384518e-03,1.66384518e-03,0.000000e+00,100.0000,1,107.1979,1.000000,6.468918e-03,NaN,1,NaN,0,SAM 2:1,0.070033,1.290137e-01,5.36,1.66384518e-03,1.172924e-15,0.000000e+00
105.00,0.9533,60.0,5.0000,1.0e-03,+1,1.74532925e-03,equilibrium,1.66384518e-03,1.74532925e-03,1.66384518e-03,1.66384518e-03,0.000000e+00,100.0000,1,116.2061,1.000000,6.487710e-03,NaN,1,NaN,0,SAM 2:1,0.070033,1.290137e-01,5.37,1.66384518e-03,1.172924e-15,0.000000e+00
135.00,0.9533,60.0,5.0000,1.0e-03,+1,1.74532925e-03,equilibrium,1.66384518e-03,1.74532925e-03,1.66384518e-03,1.66384518e-03,0.000000e+00,100.0000,1,135.0498,1.000000,7.152501e-03,NaN,1,NaN,0,SAM 2:1,0.070033,1.290137e-01,5.74,1.66384518e-03,1.042599e-15,0.000000e+00
165.00,0.9533,60.0,5.0000,1.0e-03,+1,1.74532925e-03,equilibrium,1.66384518e-03,1.74532925e-03,1.66384518e-03,1.66384518e-03,0.000000e+00,100.0000,1,112.1846,1.000000,7.167325e-03,NaN,1,1.66384518e-03,0,SAM 2:1,0.070033,1.290137e-01,4.88,1.66384518e-03,3.909747e-16,0.000000e+00
15.00,0.9689,60.0,5.0000,1.0e-03,+1,1.74532925e-03,equilibrium,1.69100653e-03,1.74532925e-03,1.69100653e-03,1.69100653e-03,0.000000e+00,100.0000,1,144.8421,1.000000,6.944806e-03,NaN,1,NaN,0,SAM 2:1,0.070033,1.474442e-01,3.96,1.69100653e-03,5.129263e-16,0.000000e+00
45.00,0.9689,60.0,5.0000,1.0e-03,+1,1.74532925e-03,equilibrium,1.69100653e-03,1.74532925e-03,1.69100653e-03,1.69100653e-03,0.000000e+00,100.0000,1,62.0947,1.000000,6.958021e-03,NaN,1,NaN,0,SAM 2:1,0.070033,1.474442e-01,5.12,1.69100653e-03,1.154084e-15,0.000000e+00
75.00,0.9689,60.0,5.0000,1.0e-03,+1,1.74532925e-03,equilibrium,1.69100653e-03,1.74532925e-03,1.69100653e-03,1.69100653e-03,0.000000e+00,100.0000,1,79.4585,1.000000,6.290718e-03,NaN,1,NaN,0,SAM 2:1,0.070033,1.474442e-01,4.86,1.69100653e-03,1.410547e-15,0.000000e+00
105.00,0.9689,60.0,5.0000,1.0e-03,+1,1.74532925e-03,equilibrium,1.69100653e-03,1.74532925e-03,1.69100653e-03,1.69100653e-03,0.000000e+00,100.0000,1,62.4085,1.000000,6.282001e-03,NaN,1,NaN,0,SAM 2:1,0.070033,1.474442e-01,5.30,1.69100653e-03,1.410547e-15,0.000000e+00
135.00,0.9689,60.0,5.0000,1.0e-03,+1,1.74532925e-03,equilibrium,1.69100653e-03,1.74532925e-03,1.69100653e-03,1.69100653e-03,0.000000e+00,100.0000,1,138.7908,1.000000,6.959500e-03,NaN,1,NaN,0,SAM 2:1,0.070033,1.474442e-01,5.03,1.69100653e-03,1.154084e-15,0.000000e+00
165.00,0.9689,60.0,5.0000,1.0e-03,+1,1.74532925e-03,equilibrium,1.69100653e-03,1.74532925e-03,1.69100653e-03,1.69100653e-03,0.000000e+00,100.0000,1,24.5383,1.000000,6.952139e-03,NaN,1,NaN,0,SAM 2:1,0.070033,1.474442e-01,3.78,1.69100653e-03,5.129263e-16,0.000000e+00
15.00,0.9844,60.0,5.0000,1.0e-03,+1,1.74532925e-03,equilibrium,1.71816789e-03,1.74532925e-03,1.71816789e-03,1.71816789e-03,0.000000e+00,100.0000,1,30.3010,1.000000,6.618518e-03,NaN,1,NaN,0,SAM 2:1,0.070033,1.658748e-01,4.21,1.71816789e-03,3.786134e-16,0.000000e+00
45.00,0.9844,60.0,5.0000,1.0e-03,+1,1.74532925e-03,equilibrium,1.71816789e-03,1.74532925e-03,1.71816789e-03,1.71816789e-03,0.000000e+00,100.0000,1,137.3545,1.000000,5.417803e-03,NaN,1,NaN,0,SAM 2:1,0.070033,1.658748e-01,5.10,1.71816789e-03,1.009636e-15,0.000000e+00
75.00,0.9844,60.0,5.0000,1.0e-03,+1,1.74532925e-03,equilibrium,1.71816789e-03,1.74532925e-03,1.71816789e-03,1.71816789e-03,0.000000e+00,100.0000,1,98.8329,1.000000,6.096835e-03,NaN,1,NaN,0,SAM 2:1,0.070033,1.658748e-01,5.35,1.71816789e-03,1.262045e-15,0.000000e+00
105.00,0.9844,60.0,5.0000,1.0e-03,+1,1.74532925e-03,equilibrium,1.71816789e-03,1.74532925e-03,1.71816789e-03,1.71816789e-03,0.000000e+00,100.0000,1,69.6746,1.000000,6.100973e-03,NaN,1,NaN,0,SAM 2:1,0.070033,1.658748e-01,4.66,1.71816789e-03,1.262045e-15,0.000000e+00
135.00,0.9844,60.0,5.0000,1.0e-03,+1,1.74532925e-03,equilibrium,1.71816789e-03,1.74532925e-03,1.71816789e-03,1.71816789e-03,0.000000e+00,100.0000,1,48.0411,1.000000,6.593320e-03,NaN,1,NaN,0,SAM 2:1,0.070033,1.658748e-01,4.34,1.71816789e-03,1.009636e-15,0.000000e+00
165.00,0.9844,60.0,5.0000,1.0e-03,+1,1.74532925e-03,equilibrium,1.71816789e-03,1.74532925e-03,1.71816789e-03,1.71816789e-03,0.000000e+00,100.0000,1,159.7107,1.000000,6.760501e-03,NaN,1,NaN,0,SAM 2:1,0.070033,1.658748e-01,3.66,1.71816789e-03,3.786134e-16,0.000000e+00
15.00,0.3913,120.0,5.0000,1.0e-03,+1,8.72664626e-04,equilibrium,3.41471393e-04,8.72664626e-04,3.41471393e-04,3.41471393e-04,0.000000e+00,100.0000,1,21.9914,1.000000,1.471788e-01,NaN,1,NaN,17,SAM 2:1,0.070033,3.082225e-03,13.39,3.41471393e-04,3.048086e-14,0.000000e+00
45.00,0.3913,120.0,5.0000,1.0e-03,+1,8.72664626e-04,equilibrium,3.41471393e-04,8.72664626e-04,3.41471393e-04,3.41471393e-04,0.000000e+00,100.0000,1,75.0740,1.000000,1.643897e-01,NaN,1,NaN,17,SAM 2:1,0.070033,3.082225e-03,21.98,3.41471393e-04,8.604492e-14,0.000000e+00
75.00,0.3913,120.0,5.0000,1.0e-03,+1,8.72664626e-04,equilibrium,3.41471393e-04,8.72664626e-04,3.41471393e-04,3.41471393e-04,0.000000e+00,100.0000,1,74.9939,1.000000,1.445333e-01,NaN,1,NaN,17,SAM 2:1,0.070033,3.082225e-03,21.14,3.41471393e-04,9.398264e-14,0.000000e+00
105.00,0.3913,120.0,5.0000,1.0e-03,+1,8.72664626e-04,equilibrium,3.41471393e-04,8.72664626e-04,3.41471393e-04,3.41471393e-04,0.000000e+00,100.0000,1,63.0449,1.000000,1.444186e-01,NaN,1,NaN,17,SAM 2:1,0.070033,3.082225e-03,21.83,3.41471393e-04,9.382389e-14,0.000000e+00
135.00,0.3913,120.0,5.0000,1.0e-03,+1,8.72664626e-04,equilibrium,3.41471393e-04,8.72664626e-04,3.41471393e-04,3.41471393e-04,3.175089e-16,100.0000,1,72.2623,1.000000,1.478560e-01,NaN,1,NaN,17,SAM 2:1,0.070033,3.082225e-03,18.89,3.41471393e-04,8.572741e-14,0.000000e+00
165.00,0.3913,120.0,5.0000,1.0e-03,+1,8.72664626e-04,equilibrium,3.41471393e-04,8.72664626e-04,3.41471393e-04,3.41471393e-04,0.000000e+00,100.0000,1,147.6113,1.000000,1.480345e-01,NaN,1,NaN,17,SAM 2:1,0.070033,3.082225e-03,11.05,3.41471393e-04,3.032210e-14,0.000000e+00
15.00,0.4416,120.0,5.0000,1.0e-03,+1,8.72664626e-04,equilibrium,3.85403219e-04,8.72664626e-04,3.85403219e-04,3.85403219e-04,0.000000e+00,100.0000,1,144.2335,1.000000,1.297793e-01,NaN,1,NaN,17,SAM 2:1,0.070033,7.090160e-03,9.91,3.85403219e-04,1.842622e-14,0.000000e+00
45.00,0.4416,120.0,5.0000,1.0e-03,+1,8.72664626e-04,equilibrium,3.85403219e-04,8.72664626e-04,3.85403219e-04,3.85403219e-04,0.000000e+00,100.0000,1,139.4461,1.000000,1.157610e-01,NaN,1,NaN,17,SAM 2:1,0.070033,7.090052e-03,16.50,3.85403219e-04,5.316879e-14,0.000000e+00
75.00,0.4416,120.0,5.0000,1.0e-03,+1,8.72664626e-04,equilibrium,3.85403219e-04,8.72664626e-04,3.85403219e-04,3.85403219e-04,0.000000e+00,100.0000,1,62.4105,1.000000,1.137291e-01,NaN,1,NaN,17,SAM 2:1,0.070033,7.090052e-03,15.78,3.85403219e-04,5.837314e-14,0.000000e+00
105.00,0.4416,120.0,5.0000,1.0e-03,+1,8.72664626e-04,equilibrium,3.85403219e-04,8.72664626e-04,3.85403219e-04,3.85403219e-04,0.000000e+00,100.0000,1,80.5576,1.000000,1.130088e-01,NaN,1,NaN,17,SAM 2:1,0.070033,7.090039e-03,16.43,3.85403219e-04,5.823248e-14,0.000000e+00
135.00,0.4416,120.0,5.0000,1.0e-03,+1,8.72664626e-04,equilibrium,3.85403219e-04,8.72664626e-04,3.85403219e-04,3.85403219e-04,0.000000e+00,100.0000,1,54.4378,1.000000,1.180599e-01,NaN,1,NaN,17,SAM 2:1,0.070033,7.090063e-03,16.98,3.85403219e-04,5.316879e-14,0.000000e+00
165.00,0.4416,120.0,5.0000,1.0e-03,+1,8.72664626e-04,equilibrium,3.85403219e-04,8.72664626e-04,3.85403219e-04,3.85403219e-04,0.000000e+00,100.0000,1,47.4273,1.000000,1.162514e-01,NaN,1,NaN,17,SAM 2:1,0.070033,7.090092e-03,11.11,3.85403219e-04,1.927017e-14,0.000000e+00
15.00,0.4920,120.0,5.0000,1.0e-03,+1,8.72664626e-04,equilibrium,4.29335046e-04,8.72664626e-04,4.29335046e-04,4.29335046e-04,2.525306e-16,100.0000,1,99.2944,1.000000,9.443140e-02,NaN,1,NaN,15,SAM 2:1,0.070033,7.635980e-03,8.54,4.29335046e-04,1.313159e-14,0.000000e+00
45.00,0.4920,120.0,5.0000,1.0e-03,+1,8.72664626e-04,equilibrium,4.29335046e-04,8.72664626e-04,4.29335046e-04,4.29335046e-04,0.000000e+00,100.0000,1,82.4892,1.000000,9.464746e-02,NaN,1,NaN,15,SAM 2:1,0.070033,7.635980e-03,12.49,4.29335046e-04,3.535428e-14,0.000000e+00
75.00,0.4920,120.0,5.0000,1.0e-03,+1,8.72664626e-04,equilibrium,4.29335046e-04,8.72664626e-04,4.29335046e-04,4.29335046e-04,0.000000e+00,100.0000,1,63.0422,1.000000,9.043795e-02,NaN,1,NaN,15,SAM 2:1,0.070033,7.635980e-03,10.72,4.29335046e-04,3.876344e-14,0.000000e+00
105.00,0.4920,120.0,5.0000,1.0e-03,+1,8.72664626e-04,equilibrium,4.29335046e-04,8.72664626e-04,4.29335046e-04,4.29335046e-04,0.000000e+00,100.0000,1,85.2990,1.000000,9.118098e-02,NaN,1,NaN,15,SAM 2:1,0.070033,7.635980e-03,10.09,4.29335046e-04,3.876344e-14,0.000000e+00
135.00,0.4920,120.0,5.0000,1.0e-03,+1,8.72664626e-04,equilibrium,4.29335046e-04,8.72664626e-04,4.29335046e-04,4.29335046e-04,0.000000e+00,100.0000,1,127.5849,1.000000,9.415123e-02,NaN,1,NaN,15,SAM 2:1,0.070033,7.635980e-03,11.87,4.29335046e-04,3.535428e-14,0.000000e+00
165.00,0.4920,120.0,5.0000,1.0e-03,+1,8.72664626e-04,equilibrium,4.29335046e-04,8.72664626e-04,4.29335046e-04,4.29335046e-04,0.000000e+00,100.0000,1,69.0064,1.000000,9.426876e-02,NaN,1,NaN,15,SAM 2:1,0.070033,7.635980e-03,6.78,4.29335046e-04,1.237400e-14,0.000000e+00
15.00,0.5423,120.0,5.0000,1.0e-03,+1,8.72664626e-04,equilibrium,4.73266872e-04,8.72664626e-04,4.73266872e-04,4.73266872e-04,0.000000e+00,100.0000,1,113.5967,1.000000,7.806013e-02,NaN,1,NaN,15,SAM 2:1,0.070033,1.667651e-02,6.26,4.73266872e-04,8.934470e-15,0.000000e+00
45.00,0.5423,120.0,5.0000,1.0e-03,+1,8.72664626e-04,equilibrium,4.73266872e-04,8.72664626e-04,4.73266872e-04,4.73266872e-04,0.000000e+00,100.0000,1,138.8430,1.000000,7.825519e-02,NaN,1,NaN,15,SAM 2:1,0.070033,1.667651e-02,9.75,4.73266872e-04,2.508524e-14,0.000000e+00
75.00,0.5423,120.0,5.0000,1.0e-03,+1,8.72664626e-04,equilibrium,4.73266872e-04,8.72664626e-04,4.73266872e-04,4.73266872e-04,0.000000e+00,100.0000,1,70.2584,1.000000,7.576110e-02,NaN,1,NaN,15,SAM 2:1,0.070033,1.667651e-02,9.51,4.73266872e-04,2.749068e-14,0.000000e+00
105.00,0.5423,120.0,5.0000,1.0e-03,+1,8.72664626e-04,equilibrium,4.73266872e-04,8.72664626e-04,4.73266872e-04,4.73266872e-04,0.000000e+00,100.0000,1,65.1196,1.000000,7.537100e-02,NaN,1,NaN,15,SAM 2:1,0.070033,1.667651e-02,9.00,4.73266872e-04,2.749068e-14,0.000000e+00
135.00,0.5423,120.0,5.0000,1.0e-03,+1,8.72664626e-04,equilibrium,4.73266872e-04,8.72664626e-04,4.73266872e-04,4.73266872e-04,0.000000e+00,100.0000,1,61.8871,1.000000,7.777821e-02,NaN,1,NaN,15,SAM 2:1,0.070033,1.667651e-02,9.96,4.73266872e-04,2.508524e-14,0.000000e+00
165.00,0.5423,120.0,5.0000,1.0e-03,+1,8.72664626e-04,equilibrium,4.73266872e-04,8.72664626e-04,4.73266872e-04,4.73266872e-04,2.290890e-16,100.0000,1,78.2310,1.000000,7.792247e-02,NaN,1,NaN,15,SAM 2:1,0.070033,1.667651e-02,5.90,4.73266872e-04,9.278103e-15,0.000000e+00
15.00,0.5927,120.0,5.0000,1.0e-03,+1,8.72664626e-04,equilibrium,5.17198699e-04,8.72664626e-04,5.17198699e-04,5.17198699e-04,0.000000e+00,100.0000,1,86.7228,1.000000,6.566301e-02,NaN,1,NaN,14,SAM 2:1,0.070033,1.132373e-02,4.91,5.17198699e-04,5.660002e-15,0.000000e+00
45.00,0.5927,120.0,5.0000,1.0e-03,+1,8.72664626e-04,equilibrium,5.17198699e-04,8.72664626e-04,5.17198699e-04,5.17198699e-04,0.000000e+00,100.0000,1,108.6076,1.000000,6.585429e-02,NaN,1,NaN,14,SAM 2:1,0.070033,1.132373e-02,7.46,5.17198699e-04,1.823779e-14,0.000000e+00
75.00,0.5927,120.0,5.0000,1.0e-03,+1,8.72664626e-04,equilibrium,5.17198699e-04,8.72664626e-04,5.17198699e-04,5.17198699e-04,0.000000e+00,100.0000,1,62.4230,1.000000,6.335397e-02,NaN,1,NaN,14,SAM 2:1,0.070033,1.132373e-02,7.67,5.17198699e-04,2.012445e-14,0.000000e+00
105.00,0.5927,120.0,5.0000,1.0e-03,+1,8.72664626e-04,equilibrium,5.17198699e-04,8.72664626e-04,5.17198699e-04,5.17198699e-04,0.000000e+00,100.0000,1,80.9119,1.000000,6.339233e-02,NaN,1,NaN,14,SAM 2:1,0.070033,1.132373e-02,6.71,5.17198699e-04,2.012445e-14,0.000000e+00
135.00,0.5927,120.0,5.0000,1.0e-03,+1,8.72664626e-04,equilibrium,5.17198699e-04,8.72664626e-04,5.17198699e-04,5.17198699e-04,0.000000e+00,100.0000,1,45.0539,1.000000,6.568639e-02,NaN,1,NaN,14,SAM 2:1,0.070033,1.132373e-02,7.47,5.17198699e-04,1.823779e-14,0.000000e+00
165.00,0.5927,120.0,5.0000,1.0e-03,+1,8.72664626e-04,equilibrium,5.17198699e-04,8.72664626e-04,5.17198699e-04,5.17198699e-04,0.000000e+00,100.0000,1,105.0731,1.000000,6.569764e-02,NaN,1,NaN,14,SAM 2:1,0.070033,1.132373e-02,5.27,5.17198699e-04,5.660002e-15,0.000000e+00
15.00,0.6430,120.0,5.0000,1.0e-03,+1,8.72664626e-04,equilibrium,5.61130525e-04,8.72664626e-04,5.61130525e-04,5.61130525e-04,0.000000e+00,100.0000,1,138.8819,1.000000,5.622173e-02,NaN,1,NaN,14,SAM 2:1,0.070033,4.895294e-02,5.10,5.61130525e-04,5.216872e-15,0.000000e+00
45.00,0.6430,120.0,5.0000,1.0e-03,+1,8.72664626e-04,equilibrium,5.61130525e-04,8.72664626e-04,5.61130525e-04,5.61130525e-04,0.000000e+00,100.0000,1,105.6484,1.000000,5.621551e-02,NaN,1,NaN,14,SAM 2:1,0.070033,4.895294e-02,7.61,5.61130525e-04,1.391166e-14,0.000000e+00
75.00,0.6430,120.0,5.0000,1.0e-03,+1,8.72664626e-04,equilibrium,5.61130525e-04,8.72664626e-04,5.61130525e-04,5.61130525e-04,0.000000e+00,100.0000,1,110.3068,1.000000,5.406963e-02,NaN,1,NaN,14,SAM 2:1,0.070033,4.895294e-02,7.53,5.61130525e-04,1.565061e-14,0.000000e+00
105.00,0.6430,120.0,5.0000,1.0e-03,+1,8.72664626e-04,equilibrium,5.61130525e-04,8.72664626e-04,5.61130525e-04,5.61130525e-04,0.000000e+00,100.0000,1,114.5054,1.000000,5.399559e-02,NaN,1,NaN,14,SAM 2:1,0.070033,4.895294e-02,5.97,5.61130525e-04,1.565061e-14,0.000000e+00
135.00,0.6430,120.0,5.0000,1.0e-03,+1,8.72664626e-04,equilibrium,5.61130525e-04,8.72664626e-04,5.61130525e-04,5.61130525e-04,0.000000e+00,100.0000,1,46.7788,1.000000,5.620901e-02,NaN,1,NaN,14,SAM 2:1,0.070033,4.895294e-02,6.13,5.61130525e-04,1.391166e-14,0.000000e+00
165.00,0.6430,120.0,5.0000,1.0e-03,+1,8.72664626e-04,equilibrium,5.61130525e-04,8.72664626e-04,5.61130525e-04,5.61130525e-04,0.000000e+00,100.0000,1,30.0917,1.000000,5.597920e-02,NaN,1,NaN,14,SAM 2:1,0.070033,4.895294e-02,4.15,5.61130525e-04,5.023654e-15,0.000000e+00
15.00,0.6934,120.0,5.0000,1.0e-03,+1,8.72664626e-04,equilibrium,6.05062352e-04,8.72664626e-04,6.05062352e-04,6.05062352e-04,0.000000e+00,100.0000,1,111.1599,1.000000,4.857409e-02,NaN,1,NaN,12,SAM 2:1,0.070033,3.360760e-03,3.63,6.05062352e-04,3.762959e-15,0.000000e+00
45.00,0.6934,120.0,5.0000,1.0e-03,+1,8.72664626e-04,equilibrium,6.05062352e-04,8.72664626e-04,6.05062352e-04,6.05062352e-04,0.000000e+00,100.0000,1,83.6082,1.000000,4.850517e-02,NaN,1,NaN,12,SAM 2:1,0.070033,3.360712e-03,5.50,6.05062352e-04,1.110969e-14,0.000000e+00
75.00,0.6934,120.0,5.0000,1.0e-03,+1,8.72664626e-04,equilibrium,6.05062352e-04,8.72664626e-04,6.05062352e-04,6.05062352e-04,0.000000e+00,100.0000,1,116.3790,1.000000,4.662332e-02,NaN,1,NaN,12,SAM 2:1,0.070033,3.360742e-03,5.25,6.05062352e-04,1.236401e-14,0.000000e+00
105.00,0.6934,120.0,5.0000,1.0e-03,+1,8.72664626e-04,equilibrium,6.05062352e-04,8.72664626e-04,6.05062352e-04,6.05062352e-04,0.000000e+00,100.0000,1,92.6023,1.000000,5.183481e-02,NaN,1,NaN,12,SAM 2:1,0.070033,3.360719e-03,6.05,6.05062352e-04,1.236401e-14,0.000000e+00
135.00,0.6934,120.0,5.0000,1.0e-03,+1,8.72664626e-04,equilibrium,6.05062352e-04,8.72664626e-04,6.05062352e-04,6.05062352e-04,0.000000e+00,100.0000,1,64.1403,1.000000,4.852464e-02,NaN,1,NaN,12,SAM 2:1,0.070033,3.360724e-03,7.65,6.05062352e-04,1.110969e-14,0.000000e+00
165.00,0.6934,120.0,5.0000,1.0e-03,+1,8.72664626e-04,equilibrium,6.05062352e-04,8.72664626e-04,6.05062352e-04,6.05062352e-04,0.000000e+00,100.0000,1,57.0780,1.000000,4.856300e-02,NaN,1,NaN,12,SAM 2:1,0.070033,3.361219e-03,4.24,6.05062352e-04,3.942147e-15,0.000000e+00
15.00,0.7437,120.0,5.0000,1.0e-03,+1,8.72664626e-04,equilibrium,6.48994178e-04,8.72664626e-04,6.48994178e-04,6.48994178e-04,0.000000e+00,100.0000,1,27.4718,1.000000,4.231286e-02,NaN,1,NaN,11,SAM 2:1,0.070033,5.577055e-02,4.04,6.48994178e-04,2.840000e-15,0.000000e+00
45.00,0.7437,120.0,5.0000,1.0e-03,+1,8.72664626e-04,equilibrium,6.48994178e-04,8.72664626e-04,6.48994178e-04,6.48994178e-04,0.000000e+00,100.0000,1,44.5433,1.000000,4.235890e-02,NaN,1,NaN,11,SAM 2:1,0.070033,5.577081e-02,5.75,6.48994178e-04,9.021178e-15,0.000000e+00
75.00,0.7437,120.0,5.0000,1.0e-03,+1,8.72664626e-04,equilibrium,6.48994178e-04,8.72664626e-04,6.48994178e-04,6.48994178e-04,0.000000e+00,100.0000,1,82.7111,1.000000,4.063497e-02,NaN,1,NaN,11,SAM 2:1,0.070033,5.577088e-02,6.32,6.48994178e-04,9.856472e-15,0.000000e+00
105.00,0.7437,120.0,5.0000,1.0e-03,+1,8.72664626e-04,equilibrium,6.48994178e-04,8.72664626e-04,6.48994178e-04,6.48994178e-04,0.000000e+00,100.0000,1,111.4218,1.000000,4.065019e-02,NaN,1,NaN,11,SAM 2:1,0.070033,5.577081e-02,5.99,6.48994178e-04,9.856472e-15,0.000000e+00
135.00,0.7437,120.0,5.0000,1.0e-03,+1,8.72664626e-04,equilibrium,6.48994178e-04,8.72664626e-04,6.48994178e-04,6.48994178e-04,0.000000e+00,100.0000,1,134.5230,1.000000,4.214046e-02,NaN,1,NaN,11,SAM 2:1,0.070033,5.577087e-02,8.18,6.48994178e-04,9.021178e-15,0.000000e+00
165.00,0.7437,120.0,5.0000,1.0e-03,+1,8.72664626e-04,equilibrium,6.48994178e-04,8.72664626e-04,6.48994178e-04,6.48994178e-04,0.000000e+00,100.0000,1,162.0036,1.000000,4.240825e-02,NaN,1,NaN,11,SAM 2:1,0.070033,5.577080e-02,4.28,6.48994178e-04,3.508236e-15,0.000000e+00
15.00,0.7940,120.0,5.0000,1.0e-03,+1,8.72664626e-04,equilibrium,6.92926005e-04,8.72664626e-04,6.92926005e-04,6.92926005e-04,0.000000e+00,100.0000,1,134.4310,1.000000,3.710917e-02,NaN,1,NaN,9,SAM 2:1,0.070033,5.962049e-02,3.23,6.92926005e-04,2.503476e-15,0.000000e+00
45.00,0.7940,120.0,5.0000,1.0e-03,+1,8.72664626e-04,equilibrium,6.92926005e-04,8.72664626e-04,6.92926005e-04,6.92926005e-04,0.000000e+00,100.0000,1,139.3743,1.000000,3.727035e-02,NaN,1,NaN,9,SAM 2:1,0.070033,5.962049e-02,6.71,6.92926005e-04,7.510427e-15,0.000000e+00
75.00,0.7940,120.0,5.0000,1.0e-03,+1,8.72664626e-04,equilibrium,6.92926005e-04,8.72664626e-04,6.92926005e-04,6.92926005e-04,0.000000e+00,100.0000,1,80.5464,1.000000,3.565712e-02,NaN,1,NaN,9,SAM 2:1,0.070033,5.962049e-02,6.37,6.92926005e-04,8.292764e-15,0.000000e+00
105.00,0.7940,120.0,5.0000,1.0e-03,+1,8.72664626e-04,equilibrium,6.92926005e-04,8.72664626e-04,6.92926005e-04,6.92926005e-04,0.000000e+00,100.0000,1,109.8599,1.000000,3.570195e-02,NaN,1,NaN,9,SAM 2:1,0.070033,5.962049e-02,4.98,6.92926005e-04,8.292764e-15,0.000000e+00
135.00,0.7940,120.0,5.0000,1.0e-03,+1,8.72664626e-04,equilibrium,6.92926005e-04,8.72664626e-04,6.92926005e-04,6.92926005e-04,0.000000e+00,100.0000,1,59.0971,1.000000,3.733163e-02,NaN,1,NaN,9,SAM 2:1,0.070033,5.962049e-02,5.14,6.92926005e-04,7.510427e-15,0.000000e+00
165.00,0.7940,120.0,5.0000,1.0e-03,+1,8.72664626e-04,equilibrium,6.92926005e-04,8.72664626e-04,6.92926005e-04,6.92926005e-04,0.000000e+00,100.0000,1,34.2654,1.000000,3.724106e-02,NaN,1,NaN,9,SAM 2:1,0.070033,5.962049e-02,3.33,6.92926005e-04,2.659943e-15,0.000000e+00
15.00,0.8599,120.0,5.0000,1.0e-03,+1,8.72664626e-04,equilibrium,7.50438511e-04,8.72664626e-04,7.50438511e-04,7.50438511e-04,0.000000e+00,100.0000,1,119.6985,1.000000,3.198983e-02,NaN,1,NaN,3,SAM 2:1,0.070033,1.843053e-02,2.90,7.50438511e-04,2.022661e-15,0.000000e+00
45.00,0.8599,120.0,5.0000,1.0e-03,+1,8.72664626e-04,equilibrium,7.50438511e-04,8.72664626e-04,7.50438511e-04,7.50438511e-04,0.000000e+00,100.0000,1,106.5274,1.000000,3.204771e-02,NaN,1,NaN,3,SAM 2:1,0.070033,1.843053e-02,5.06,7.50438511e-04,5.923509e-15,0.000000e+00
75.00,0.8599,120.0,5.0000,1.0e-03,+1,8.72664626e-04,equilibrium,7.50438511e-04,8.72664626e-04,7.50438511e-04,7.50438511e-04,0.000000e+00,100.0000,1,68.5467,1.000000,3.053980e-02,NaN,1,NaN,3,SAM 2:1,0.070033,1.843053e-02,4.29,7.50438511e-04,6.501412e-15,0.000000e+00
105.00,0.8599,120.0,5.0000,1.0e-03,+1,8.72664626e-04,equilibrium,7.50438511e-04,8.72664626e-04,7.50438511e-04,7.50438511e-04,0.000000e+00,100.0000,1,97.2423,1.000000,3.054341e-02,NaN,1,NaN,3,SAM 2:1,0.070033,1.843053e-02,4.15,7.50438511e-04,6.501412e-15,0.000000e+00
135.00,0.8599,120.0,5.0000,1.0e-03,+1,8.72664626e-04,equilibrium,7.50438511e-04,8.72664626e-04,7.50438511e-04,7.50438511e-04,0.000000e+00,100.0000,1,46.2457,1.000000,3.207962e-02,NaN,1,NaN,3,SAM 2:1,0.070033,1.843053e-02,4.38,7.50438511e-04,5.923509e-15,0.000000e+00
165.00,0.8599,120.0,5.0000,1.0e-03,+1,8.72664626e-04,equilibrium,7.50438511e-04,8.72664626e-04,7.50438511e-04,7.50438511e-04,0.000000e+00,100.0000,1,72.1466,1.000000,3.207725e-02,NaN,1,NaN,3,SAM 2:1,0.070033,1.843053e-02,2.74,7.50438511e-04,1.733710e-15,0.000000e+00
15.00,0.8755,120.0,5.0000,1.0e-03,+1,8.72664626e-04,equilibrium,7.64019190e-04,8.72664626e-04,7.64019190e-04,7.64019190e-04,0.000000e+00,100.0000,1,162.7417,1.000000,3.094214e-02,NaN,1,NaN,2,SAM 2:1,0.070033,3.686106e-02,2.77,7.64019190e-04,1.986708e-15,0.000000e+00
45.00,0.8755,120.0,5.0000,1.0e-03,+1,8.72664626e-04,equilibrium,7.64019190e-04,8.72664626e-04,7.64019190e-04,7.64019190e-04,0.000000e+00,100.0000,1,138.5542,1.000000,3.023855e-02,NaN,1,NaN,2,SAM 2:1,0.070033,3.686106e-02,4.42,7.64019190e-04,5.818216e-15,0.000000e+00
75.00,0.8755,120.0,5.0000,1.0e-03,+1,8.72664626e-04,equilibrium,7.64019190e-04,8.72664626e-04,7.64019190e-04,7.64019190e-04,0.000000e+00,100.0000,1,62.7580,1.000000,2.944546e-02,NaN,1,NaN,2,SAM 2:1,0.070033,3.686106e-02,4.21,7.64019190e-04,6.385847e-15,0.000000e+00
105.00,0.8755,120.0,5.0000,1.0e-03,+1,8.72664626e-04,equilibrium,7.64019190e-04,8.72664626e-04,7.64019190e-04,7.64019190e-04,0.000000e+00,100.0000,1,83.9176,1.000000,2.948698e-02,NaN,1,NaN,2,SAM 2:1,0.070033,3.686106e-02,3.64,7.64019190e-04,6.385847e-15,0.000000e+00
135.00,0.8755,120.0,5.0000,1.0e-03,+1,8.72664626e-04,equilibrium,7.64019190e-04,8.72664626e-04,7.64019190e-04,7.64019190e-04,0.000000e+00,100.0000,1,62.9613,1.000000,3.092337e-02,NaN,1,NaN,2,SAM 2:1,0.070033,3.686106e-02,4.22,7.64019190e-04,5.818216e-15,0.000000e+00
165.00,0.8755,120.0,5.0000,1.0e-03,+1,8.72664626e-04,equilibrium,7.64019190e-04,8.72664626e-04,7.64019190e-04,7.64019190e-04,0.000000e+00,100.0000,1,26.3001,1.000000,3.097385e-02,NaN,1,NaN,2,SAM 2:1,0.070033,3.686106e-02,2.36,7.64019190e-04,1.986708e-15,0.000000e+00
15.00,0.8911,120.0,5.0000,1.0e-03,+1,8.72664626e-04,equilibrium,7.77599870e-04,8.72664626e-04,7.77599870e-04,7.77599870e-04,0.000000e+00,100.0000,1,35.8787,1.000000,2.995787e-02,NaN,1,NaN,1,SAM 2:1,0.070033,5.529159e-02,2.46,7.77599870e-04,1.952010e-15,0.000000e+00
45.00,0.8911,120.0,5.0000,1.0e-03,+1,8.72664626e-04,equilibrium,7.77599870e-04,8.72664626e-04,7.77599870e-04,7.77599870e-04,0.000000e+00,100.0000,1,47.4555,1.000000,2.995224e-02,NaN,1,NaN,1,SAM 2:1,0.070033,5.529159e-02,3.27,7.77599870e-04,5.437743e-15,0.000000e+00
75.00,0.8911,120.0,5.0000,1.0e-03,+1,8.72664626e-04,equilibrium,7.77599870e-04,8.72664626e-04,7.77599870e-04,7.77599870e-04,0.000000e+00,100.0000,1,64.7851,1.000000,2.838986e-02,NaN,1,NaN,1,SAM 2:1,0.070033,5.529159e-02,3.27,7.77599870e-04,6.274319e-15,0.000000e+00
105.00,0.8911,120.0,5.0000,1.0e-03,+1,8.72664626e-04,equilibrium,7.77599870e-04,8.72664626e-04,7.77599870e-04,7.77599870e-04,0.000000e+00,100.0000,1,90.4926,1.000000,2.844505e-02,NaN,1,NaN,1,SAM 2:1,0.070033,5.529159e-02,19.23,7.77599870e-04,6.274319e-15,0.000000e+00
135.00,0.8911,120.0,5.0000,1.0e-03,+1,8.72664626e-04,equilibrium,7.77599870e-04,8.72664626e-04,7.77599870e-04,7.77599870e-04,0.000000e+00,100.0000,1,136.9918,1.000000,2.987839e-02,NaN,1,NaN,1,SAM 2:1,0.070033,5.529159e-02,12.84,7.77599870e-04,5.437743e-15,0.000000e+00
165.00,0.8911,120.0,5.0000,1.0e-03,+1,8.72664626e-04,equilibrium,7.77599870e-04,8.72664626e-04,7.77599870e-04,7.77599870e-04,0.000000e+00,100.0000,1,132.7993,1.000000,2.986091e-02,NaN,1,NaN,1,SAM 2:1,0.070033,5.529159e-02,7.54,7.77599870e-04,1.952010e-15,0.000000e+00
15.00,0.9066,120.0,5.0000,1.0e-03,+1,8.72664626e-04,equilibrium,7.91180549e-04,8.72664626e-04,7.91180549e-04,7.91180549e-04,0.000000e+00,100.0000,1,131.2880,1.000000,2.889849e-02,NaN,1,NaN,1,SAM 2:1,0.070033,7.372212e-02,7.53,7.91180549e-04,1.781468e-15,0.000000e+00
45.00,0.9066,120.0,5.0000,1.0e-03,+1,8.72664626e-04,equilibrium,7.91180549e-04,8.72664626e-04,7.91180549e-04,7.91180549e-04,0.000000e+00,100.0000,1,138.0194,1.000000,2.897644e-02,NaN,1,NaN,1,SAM 2:1,0.070033,7.372212e-02,10.63,7.91180549e-04,5.070332e-15,0.000000e+00
75.00,0.9066,120.0,5.0000,1.0e-03,+1,8.72664626e-04,equilibrium,7.91180549e-04,8.72664626e-04,7.91180549e-04,7.91180549e-04,0.000000e+00,100.0000,1,78.3339,1.000000,2.666214e-02,NaN,1,NaN,1,SAM 2:1,0.070033,7.372212e-02,10.38,7.91180549e-04,5.755512e-15,0.000000e+00
105.00,0.9066,120.0,5.0000,1.0e-03,+1,8.72664626e-04,equilibrium,7.91180549e-04,8.72664626e-04,7.91180549e-04,7.91180549e-04,0.000000e+00,100.0000,1,108.0761,1.000000,2.649560e-02,NaN,1,NaN,1,SAM 2:1,0.070033,7.372212e-02,11.19,7.91180549e-04,5.755512e-15,0.000000e+00
135.00,0.9066,120.0,5.0000,1.0e-03,+1,8.72664626e-04,equilibrium,7.91180549e-04,8.72664626e-04,7.91180549e-04,7.91180549e-04,0.000000e+00,100.0000,1,64.6322,1.000000,2.896211e-02,NaN,1,NaN,1,SAM 2:1,0.070033,7.372212e-02,10.57,7.91180549e-04,5.070332e-15,0.000000e+00
165.00,0.9066,120.0,5.0000,1.0e-03,+1,8.72664626e-04,equilibrium,7.91180549e-04,8.72664626e-04,7.91180549e-04,7.91180549e-04,1.370360e-16,100.0000,1,37.3203,1.000000,2.899027e-02,NaN,1,NaN,1,SAM 2:1,0.070033,7.372212e-02,7.08,7.91180549e-04,1.644432e-15,0.000000e+00
15.00,0.9222,120.0,5.0000,1.0e-03,+1,8.72664626e-04,equilibrium,8.04761229e-04,8.72664626e-04,8.04761229e-04,8.04761229e-04,0.000000e+00,100.0000,1,131.6463,1.000000,2.806613e-02,NaN,1,NaN,1,SAM 2:1,0.070033,9.215264e-02,8.88,8.04761229e-04,1.616682e-15,0.000000e+00
45.00,0.9222,120.0,5.0000,1.0e-03,+1,8.72664626e-04,equilibrium,8.04761229e-04,8.72664626e-04,8.04761229e-04,8.04761229e-04,0.000000e+00,100.0000,1,126.6743,1.000000,2.777937e-02,NaN,1,NaN,1,SAM 2:1,0.070033,9.215264e-02,11.95,8.04761229e-04,4.850045e-15,0.000000e+00
75.00,0.9222,120.0,5.0000,1.0e-03,+1,8.72664626e-04,equilibrium,8.04761229e-04,8.72664626e-04,8.04761229e-04,8.04761229e-04,0.000000e+00,100.0000,1,101.0190,1.000000,2.591082e-02,NaN,1,NaN,1,SAM 2:1,0.070033,9.215264e-02,11.10,8.04761229e-04,5.523662e-15,0.000000e+00
105.00,0.9222,120.0,5.0000,1.0e-03,+1,8.72664626e-04,equilibrium,8.04761229e-04,8.72664626e-04,8.04761229e-04,8.04761229e-04,0.000000e+00,100.0000,1,117.5738,1.000000,2.126172e-02,NaN,1,NaN,1,SAM 2:1,0.070033,9.215264e-02,11.11,8.04761229e-04,5.523662e-15,0.000000e+00
135.00,0.9222,120.0,5.0000,1.0e-03,+1,8.72664626e-04,equilibrium,8.04761229e-04,8.72664626e-04,8.04761229e-04,8.04761229e-04,0.000000e+00,100.0000,1,40.7123,1.000000,2.781550e-02,NaN,1,NaN,1,SAM 2:1,0.070033,9.215264e-02,11.45,8.04761229e-04,4.850045e-15,0.000000e+00
165.00,0.9222,120.0,5.0000,1.0e-03,+1,8.72664626e-04,equilibrium,8.04761229e-04,8.72664626e-04,8.04761229e-04,8.04761229e-04,0.000000e+00,100.0000,1,36.9903,1.000000,2.798001e-02,NaN,1,NaN,1,SAM 2:1,0.070033,9.215264e-02,7.15,8.04761229e-04,1.886128e-15,0.000000e+00
15.00,0.9378,120.0,5.0000,1.0e-03,+1,8.72664626e-04,equilibrium,8.18341908e-04,8.72664626e-04,8.18341908e-04,8.18341908e-04,0.000000e+00,100.0000,1,41.0900,1.000000,2.713578e-02,NaN,1,NaN,0,SAM 2:1,0.070033,1.105832e-01,7.89,8.18341908e-04,1.457364e-15,0.000000e+00
45.00,0.9378,120.0,5.0000,1.0e-03,+1,8.72664626e-04,equilibrium,8.18341908e-04,8.72664626e-04,8.18341908e-04,8.18341908e-04,0.000000e+00,100.0000,1,137.7967,1.000000,2.647598e-02,NaN,1,NaN,0,SAM 2:1,0.070033,1.105832e-01,12.47,8.18341908e-04,4.769556e-15,0.000000e+00
75.00,0.9378,120.0,5.0000,1.0e-03,+1,8.72664626e-04,equilibrium,8.18341908e-04,8.72664626e-04,8.18341908e-04,8.18341908e-04,0.000000e+00,100.0000,1,115.2012,1.000000,2.574383e-02,NaN,1,NaN,0,SAM 2:1,0.070033,1.105832e-01,10.65,8.18341908e-04,5.299507e-15,0.000000e+00
105.00,0.9378,120.0,5.0000,1.0e-03,+1,8.72664626e-04,equilibrium,8.18341908e-04,8.72664626e-04,8.18341908e-04,8.18341908e-04,0.000000e+00,100.0000,1,109.2153,1.000000,2.574605e-02,NaN,1,NaN,0,SAM 2:1,0.070033,1.105832e-01,11.36,8.18341908e-04,5.299507e-15,0.000000e+00
135.00,0.9378,120.0,5.0000,1.0e-03,+1,8.72664626e-04,equilibrium,8.18341908e-04,8.72664626e-04,8.18341908e-04,8.18341908e-04,0.000000e+00,100.0000,1,65.2500,1.000000,2.568035e-02,NaN,1,NaN,0,SAM 2:1,0.070033,1.105832e-01,10.82,8.18341908e-04,4.769556e-15,0.000000e+00
165.00,0.9378,120.0,5.0000,1.0e-03,+1,8.72664626e-04,equilibrium,8.18341908e-04,8.72664626e-04,8.18341908e-04,8.18341908e-04,0.000000e+00,100.0000,1,127.4564,1.000000,2.706254e-02,NaN,1,NaN,0,SAM 2:1,0.070033,1.105832e-01,6.81,8.18341908e-04,1.589852e-15,0.000000e+00
15.00,0.9533,120.0,5.0000,1.0e-03,+1,8.72664626e-04,equilibrium,8.31922588e-04,8.72664626e-04,8.31922588e-04,8.31922588e-04,0.000000e+00,100.0000,1,142.5556,1.000000,2.628454e-02,NaN,1,NaN,0,SAM 2:1,0.070033,1.290137e-01,7.11,8.31922588e-04,1.694224e-15,0.000000e+00
45.00,0.9533,120.0,5.0000,1.0e-03,+1,8.72664626e-04,equilibrium,8.31922588e-04,8.72664626e-04,8.31922588e-04,8.31922588e-04,0.000000e+00,100.0000,1,40.4597,1.000000,2.632369e-02,NaN,1,NaN,0,SAM 2:1,0.070033,1.290137e-01,11.34,8.31922588e-04,4.561371e-15,0.000000e+00
75.00,0.9533,120.0,5.0000,1.0e-03,+1,8.72664626e-04,equilibrium,8.31922588e-04,8.72664626e-04,8.31922588e-04,8.31922588e-04,0.000000e+00,100.0000,1,117.4867,1.000000,2.485336e-02,NaN,1,NaN,0,SAM 2:1,0.070033,1.290137e-01,10.06,8.31922588e-04,5.082671e-15,0.000000e+00
105.00,0.9533,120.0,5.0000,1.0e-03,+1,8.72664626e-04,equilibrium,8.31922588e-04,8.72664626e-04,8.31922588e-04,8.31922588e-04,0.000000e+00,100.0000,1,102.1449,1.000000,2.493735e-02,NaN,1,NaN,0,SAM 2:1,0.070033,1.290137e-01,9.30,8.31922588e-04,5.082671e-15,0.000000e+00
135.00,0.9533,120.0,5.0000,1.0e-03,+1,8.72664626e-04,equilibrium,8.31922588e-04,8.72664626e-04,8.31922588e-04,8.31922588e-04,0.000000e+00,100.0000,1,124.2464,1.000000,2.634581e-02,NaN,1,NaN,0,SAM 2:1,0.070033,1.290137e-01,10.49,8.31922588e-04,4.561371e-15,0.000000e+00
165.00,0.9533,120.0,5.0000,1.0e-03,+1,8.72664626e-04,equilibrium,8.31922588e-04,8.72664626e-04,8.31922588e-04,8.31922588e-04,0.000000e+00,100.0000,1,48.8260,1.000000,2.626790e-02,NaN,1,NaN,0,SAM 2:1,0.070033,1.290137e-01,6.99,8.31922588e-04,1.433574e-15,0.000000e+00
15.00,0.9689,120.0,5.0000,1.0e-03,+1,8.72664626e-04,equilibrium,8.45503267e-04,8.72664626e-04,8.45503267e-04,8.45503267e-04,0.000000e+00,100.0000,1,55.7586,1.000000,2.553876e-02,NaN,1,NaN,0,SAM 2:1,0.070033,1.474442e-01,7.84,8.45503267e-04,1.538779e-15,0.000000e+00
45.00,0.9689,120.0,5.0000,1.0e-03,+1,8.72664626e-04,equilibrium,8.45503267e-04,8.72664626e-04,8.45503267e-04,8.45503267e-04,0.000000e+00,100.0000,1,74.8030,1.000000,2.549496e-02,NaN,1,NaN,0,SAM 2:1,0.070033,1.474442e-01,10.15,8.45503267e-04,4.488105e-15,0.000000e+00
75.00,0.9689,120.0,5.0000,1.0e-03,+1,8.72664626e-04,equilibrium,8.45503267e-04,8.72664626e-04,8.45503267e-04,8.45503267e-04,0.000000e+00,100.0000,1,114.5192,1.000000,2.416530e-02,NaN,1,NaN,0,SAM 2:1,0.070033,1.474442e-01,11.57,8.45503267e-04,5.001032e-15,0.000000e+00
105.00,0.9689,120.0,5.0000,1.0e-03,+1,8.72664626e-04,equilibrium,8.45503267e-04,8.72664626e-04,8.45503267e-04,8.45503267e-04,0.000000e+00,100.0000,1,110.2876,1.000000,2.412366e-02,NaN,1,NaN,0,SAM 2:1,0.070033,1.474442e-01,10.57,8.45503267e-04,5.001032e-15,0.000000e+00
135.00,0.9689,120.0,5.0000,1.0e-03,+1,8.72664626e-04,equilibrium,8.45503267e-04,8.72664626e-04,8.45503267e-04,8.45503267e-04,0.000000e+00,100.0000,1,132.9407,1.000000,2.552089e-02,NaN,1,NaN,0,SAM 2:1,0.070033,1.474442e-01,10.77,8.45503267e-04,4.488105e-15,0.000000e+00
165.00,0.9689,120.0,5.0000,1.0e-03,+1,8.72664626e-04,equilibrium,8.45503267e-04,8.72664626e-04,8.45503267e-04,8.45503267e-04,0.000000e+00,100.0000,1,135.7890,1.000000,2.554254e-02,NaN,1,NaN,0,SAM 2:1,0.070033,1.474442e-01,6.95,8.45503267e-04,1.795242e-15,0.000000e+00
15.00,0.9844,120.0,5.0000,1.0e-03,+1,8.72664626e-04,equilibrium,8.59083947e-04,8.72664626e-04,8.59083947e-04,8.59083947e-04,0.000000e+00,100.0000,1,47.8490,1.000000,2.468216e-02,NaN,1,NaN,0,SAM 2:1,0.070033,1.658748e-01,6.36,8.59083947e-04,1.514453e-15,0.000000e+00
45.00,0.9844,120.0,5.0000,1.0e-03,+1,8.72664626e-04,equilibrium,8.59083947e-04,8.72664626e-04,8.59083947e-04,8.59083947e-04,0.000000e+00,100.0000,1,40.5034,1.000000,2.000936e-02,NaN,1,NaN,0,SAM 2:1,0.070033,1.658748e-01,9.67,8.59083947e-04,4.290951e-15,0.000000e+00
75.00,0.9844,120.0,5.0000,1.0e-03,+1,8.72664626e-04,equilibrium,8.59083947e-04,8.72664626e-04,8.59083947e-04,8.59083947e-04,0.000000e+00,100.0000,1,84.3563,1.000000,2.339449e-02,NaN,1,NaN,0,SAM 2:1,0.070033,1.658748e-01,9.94,8.59083947e-04,4.795769e-15,0.000000e+00
105.00,0.9844,120.0,5.0000,1.0e-03,+1,8.72664626e-04,equilibrium,8.59083947e-04,8.72664626e-04,8.59083947e-04,8.59083947e-04,0.000000e+00,100.0000,1,112.4940,1.000000,2.342219e-02,NaN,1,NaN,0,SAM 2:1,0.070033,1.658748e-01,9.68,8.59083947e-04,4.795769e-15,0.000000e+00
135.00,0.9844,120.0,5.0000,1.0e-03,+1,8.72664626e-04,equilibrium,8.59083947e-04,8.72664626e-04,8.59083947e-04,8.59083947e-04,0.000000e+00,100.0000,1,125.0189,1.000000,2.083446e-02,NaN,1,NaN,0,SAM 2:1,0.070033,1.658748e-01,9.54,8.59083947e-04,4.290951e-15,0.000000e+00
165.00,0.9844,120.0,5.0000,1.0e-03,+1,8.72664626e-04,equilibrium,8.59083947e-04,8.72664626e-04,8.59083947e-04,8.59083947e-04,0.000000e+00,100.0000,1,143.5169,1.000000,2.470758e-02,NaN,1,NaN,0,SAM 2:1,0.070033,1.658748e-01,6.45,8.59083947e-04,1.514453e-15,0.000000e+00
15.00,0.3913,20.0,10.0000,1.0e-03,+1,5.23598776e-03,equilibrium,2.04882836e-03,5.23598776e-03,2.04882836e-03,2.04882836e-03,0.000000e+00,100.0000,1,137.7749,1.000000,4.912243e-03,NaN,1,NaN,17,SAM 2:1,0.070033,1.842964e-01,3.85,2.04882836e-03,2.116726e-16,0.000000e+00
45.00,0.3913,20.0,10.0000,1.0e-03,+1,5.23598776e-03,equilibrium,2.04882836e-03,5.23598776e-03,2.04882836e-03,2.04882836e-03,0.000000e+00,100.0000,1,115.9879,1.000000,4.910484e-03,NaN,1,NaN,17,SAM 2:1,0.070033,1.842964e-01,5.08,2.04882836e-03,2.116726e-16,0.000000e+00
75.00,0.3913,20.0,10.0000,1.0e-03,+1,5.23598776e-03,equilibrium,2.04882836e-03,5.23598776e-03,2.04882836e-03,2.04882836e-03,0.000000e+00,100.0000,1,104.8643,1.000000,4.360546e-03,NaN,1,NaN,17,SAM 2:1,0.070033,1.842964e-01,4.35,2.04882836e-03,4.233452e-16,0.000000e+00
105.00,0.3913,20.0,10.0000,1.0e-03,+1,5.23598776e-03,equilibrium,2.04882836e-03,5.23598776e-03,2.04882836e-03,2.04882836e-03,0.000000e+00,100.0000,1,116.9927,1.000000,4.348303e-03,NaN,1,NaN,17,SAM 2:1,0.070033,1.842964e-01,5.12,2.04882836e-03,4.233452e-16,0.000000e+00
135.00,0.3913,20.0,10.0000,1.0e-03,+1,5.23598776e-03,equilibrium,2.04882836e-03,5.23598776e-03,2.04882836e-03,2.04882836e-03,0.000000e+00,100.0000,1,41.7704,1.000000,4.908387e-03,NaN,1,NaN,17,SAM 2:1,0.070033,1.842964e-01,4.62,2.04882836e-03,2.116726e-16,0.000000e+00
165.00,0.3913,20.0,10.0000,1.0e-03,+1,5.23598776e-03,equilibrium,2.04882836e-03,5.23598776e-03,2.04882836e-03,2.04882836e-03,0.000000e+00,100.0000,1,31.0858,1.000000,4.906192e-03,NaN,1,NaN,17,SAM 2:1,0.070033,1.842964e-01,3.58,2.04882836e-03,2.116726e-16,0.000000e+00
15.00,0.4416,20.0,10.0000,1.0e-03,+1,5.23598776e-03,equilibrium,2.31241931e-03,5.23598776e-03,2.31241931e-03,2.31241931e-03,0.000000e+00,100.0000,1,102.2520,1.000000,3.930804e-03,NaN,1,NaN,17,SAM 2:1,0.070033,1.843026e-01,3.13,2.31241931e-03,3.750884e-16,0.000000e+00
45.00,0.4416,20.0,10.0000,1.0e-03,+1,5.23598776e-03,equilibrium,2.31241931e-03,5.23598776e-03,2.31241931e-03,2.31241931e-03,0.000000e+00,100.0000,1,134.9580,1.000000,3.933876e-03,NaN,1,NaN,17,SAM 2:1,0.070033,1.843026e-01,4.35,2.31241931e-03,3.750884e-16,0.000000e+00
75.00,0.4416,20.0,10.0000,1.0e-03,+1,5.23598776e-03,equilibrium,2.31241931e-03,5.23598776e-03,2.31241931e-03,2.31241931e-03,0.000000e+00,100.0000,1,106.4268,1.000000,3.458298e-03,NaN,1,NaN,17,SAM 2:1,0.070033,1.843026e-01,4.02,2.31241931e-03,5.626327e-16,0.000000e+00
105.00,0.4416,20.0,10.0000,1.0e-03,+1,5.23598776e-03,equilibrium,2.31241931e-03,5.23598776e-03,2.31241931e-03,2.31241931e-03,0.000000e+00,100.0000,1,116.5069,1.000000,3.462872e-03,NaN,1,NaN,17,SAM 2:1,0.070033,1.843026e-01,3.80,2.31241931e-03,5.626327e-16,0.000000e+00
135.00,0.4416,20.0,10.0000,1.0e-03,+1,5.23598776e-03,equilibrium,2.31241931e-03,5.23598776e-03,2.31241931e-03,2.31241931e-03,0.000000e+00,100.0000,1,44.9582,1.000000,3.928999e-03,NaN,1,NaN,17,SAM 2:1,0.070033,1.843026e-01,4.04,2.31241931e-03,3.750884e-16,0.000000e+00
165.00,0.4416,20.0,10.0000,1.0e-03,+1,5.23598776e-03,equilibrium,2.31241931e-03,5.23598776e-03,2.31241931e-03,2.31241931e-03,0.000000e+00,100.0000,1,65.9850,1.000000,3.921186e-03,NaN,1,NaN,17,SAM 2:1,0.070033,1.843026e-01,3.17,2.31241931e-03,3.750884e-16,0.000000e+00
15.00,0.4920,20.0,10.0000,1.0e-03,+1,5.23598776e-03,equilibrium,2.57601027e-03,5.23598776e-03,2.57601027e-03,2.57601027e-03,0.000000e+00,100.0000,1,31.9950,1.000000,3.263196e-03,NaN,1,NaN,15,SAM 2:1,0.070033,1.843042e-01,3.57,2.57601027e-03,3.367074e-16,0.000000e+00
45.00,0.4920,20.0,10.0000,1.0e-03,+1,5.23598776e-03,equilibrium,2.57601027e-03,5.23598776e-03,2.57601027e-03,2.57601027e-03,0.000000e+00,100.0000,1,55.3432,1.000000,2.978292e-03,NaN,1,NaN,15,SAM 2:1,0.070033,1.843042e-01,4.01,2.57601027e-03,3.367074e-16,0.000000e+00
75.00,0.4920,20.0,10.0000,1.0e-03,+1,5.23598776e-03,equilibrium,2.57601027e-03,5.23598776e-03,2.57601027e-03,2.57601027e-03,0.000000e+00,100.0000,1,94.2604,1.000000,2.829888e-03,NaN,1,NaN,15,SAM 2:1,0.070033,1.843042e-01,3.43,2.57601027e-03,3.367074e-16,0.000000e+00
105.00,0.4920,20.0,10.0000,1.0e-03,+1,5.23598776e-03,equilibrium,2.57601027e-03,5.23598776e-03,2.57601027e-03,2.57601027e-03,0.000000e+00,100.0000,1,116.8512,1.000000,2.827029e-03,NaN,1,NaN,15,SAM 2:1,0.070033,1.843042e-01,3.75,2.57601027e-03,3.367074e-16,0.000000e+00
135.00,0.4920,20.0,10.0000,1.0e-03,+1,5.23598776e-03,equilibrium,2.57601027e-03,5.23598776e-03,2.57601027e-03,2.57601027e-03,0.000000e+00,100.0000,1,139.5212,1.000000,2.753730e-03,NaN,1,NaN,15,SAM 2:1,0.070033,1.843042e-01,3.69,2.57601027e-03,3.367074e-16,0.000000e+00
165.00,0.4920,20.0,10.0000,1.0e-03,+1,5.23598776e-03,equilibrium,2.57601027e-03,5.23598776e-03,2.57601027e-03,2.57601027e-03,0.000000e+00,100.0000,1,158.2618,1.000000,3.262636e-03,NaN,1,NaN,15,SAM 2:1,0.070033,1.843042e-01,3.15,2.57601027e-03,3.367074e-16,0.000000e+00
15.00,0.5423,20.0,10.0000,1.0e-03,+1,5.23598776e-03,equilibrium,2.83960123e-03,5.23598776e-03,2.83960123e-03,2.83960123e-03,0.000000e+00,100.0000,1,162.4623,1.000000,2.589380e-03,NaN,1,NaN,15,SAM 2:1,0.070033,1.843048e-01,2.73,2.83960123e-03,3.054520e-16,0.000000e+00
45.00,0.5423,20.0,10.0000,1.0e-03,+1,5.23598776e-03,equilibrium,2.83960123e-03,5.23598776e-03,2.83960123e-03,2.83960123e-03,0.000000e+00,100.0000,1,50.9689,1.000000,2.743615e-03,NaN,1,NaN,15,SAM 2:1,0.070033,1.843048e-01,4.21,2.83960123e-03,3.054520e-16,0.000000e+00
75.00,0.5423,20.0,10.0000,1.0e-03,+1,5.23598776e-03,equilibrium,2.83960123e-03,5.23598776e-03,2.83960123e-03,2.83960123e-03,0.000000e+00,100.0000,1,97.5493,1.000000,2.355392e-03,NaN,1,NaN,15,SAM 2:1,0.070033,1.843048e-01,3.50,2.83960123e-03,3.054520e-16,0.000000e+00
105.00,0.5423,20.0,10.0000,1.0e-03,+1,5.23598776e-03,equilibrium,2.83960123e-03,5.23598776e-03,2.83960123e-03,2.83960123e-03,0.000000e+00,100.0000,1,68.7569,1.000000,2.357387e-03,NaN,1,NaN,15,SAM 2:1,0.070033,1.843048e-01,3.26,2.83960123e-03,3.054520e-16,0.000000e+00
135.00,0.5423,20.0,10.0000,1.0e-03,+1,5.23598776e-03,equilibrium,2.83960123e-03,5.23598776e-03,2.83960123e-03,2.83960123e-03,0.000000e+00,100.0000,1,138.6897,1.000000,2.747155e-03,NaN,1,NaN,15,SAM 2:1,0.070033,1.843048e-01,3.53,2.83960123e-03,3.054520e-16,0.000000e+00
165.00,0.5423,20.0,10.0000,1.0e-03,+1,5.23598776e-03,equilibrium,2.83960123e-03,5.23598776e-03,2.83960123e-03,2.83960123e-03,0.000000e+00,100.0000,1,13.7845,1.000000,2.750351e-03,NaN,1,NaN,15,SAM 2:1,0.070033,1.843048e-01,3.05,2.83960123e-03,3.054520e-16,0.000000e+00
15.00,0.5927,20.0,10.0000,1.0e-03,+1,5.23598776e-03,equilibrium,3.10319219e-03,5.23598776e-03,3.10319219e-03,3.10319219e-03,0.000000e+00,100.0000,1,100.4483,1.000000,2.356842e-03,NaN,1,NaN,14,SAM 2:1,0.070033,1.843050e-01,2.54,3.10319219e-03,0.000000e+00,0.000000e+00
45.00,0.5927,20.0,10.0000,1.0e-03,+1,5.23598776e-03,equilibrium,3.10319219e-03,5.23598776e-03,3.10319219e-03,3.10319219e-03,0.000000e+00,100.0000,1,118.3783,1.000000,2.354774e-03,NaN,1,NaN,14,SAM 2:1,0.070033,1.843050e-01,3.84,3.10319219e-03,0.000000e+00,0.000000e+00
75.00,0.5927,20.0,10.0000,1.0e-03,+1,5.23598776e-03,equilibrium,3.10319219e-03,5.23598776e-03,3.10319219e-03,3.10319219e-03,0.000000e+00,100.0000,1,95.6371,1.000000,1.996150e-03,NaN,1,NaN,14,SAM 2:1,0.070033,1.843050e-01,2.95,3.10319219e-03,0.000000e+00,0.000000e+00
105.00,0.5927,20.0,10.0000,1.0e-03,+1,5.23598776e-03,equilibrium,3.10319219e-03,5.23598776e-03,3.10319219e-03,3.10319219e-03,0.000000e+00,100.0000,1,67.5022,1.000000,1.995923e-03,NaN,1,NaN,14,SAM 2:1,0.070033,1.843050e-01,2.94,3.10319219e-03,0.000000e+00,0.000000e+00
135.00,0.5927,20.0,10.0000,1.0e-03,+1,5.23598776e-03,equilibrium,3.10319219e-03,5.23598776e-03,3.10319219e-03,3.10319219e-03,0.000000e+00,100.0000,1,93.6002,1.000000,2.353367e-03,NaN,1,NaN,14,SAM 2:1,0.070033,1.843050e-01,3.78,3.10319219e-03,0.000000e+00,0.000000e+00
165.00,0.5927,20.0,10.0000,1.0e-03,+1,5.23598776e-03,equilibrium,3.10319219e-03,5.23598776e-03,3.10319219e-03,3.10319219e-03,0.000000e+00,100.0000,1,91.3655,1.000000,2.348222e-03,NaN,1,NaN,14,SAM 2:1,0.070033,1.843050e-01,3.01,3.10319219e-03,0.000000e+00,0.000000e+00
15.00,0.6430,20.0,10.0000,1.0e-03,+1,5.23598776e-03,equilibrium,3.36678315e-03,5.23598776e-03,3.36678315e-03,3.36678315e-03,0.000000e+00,100.0000,1,76.1111,1.000000,2.043014e-03,NaN,1,NaN,14,SAM 2:1,0.070033,1.843051e-01,3.12,3.36678315e-03,2.576233e-16,0.000000e+00
45.00,0.6430,20.0,10.0000,1.0e-03,+1,5.23598776e-03,equilibrium,3.36678315e-03,5.23598776e-03,3.36678315e-03,3.36678315e-03,0.000000e+00,100.0000,1,133.4777,1.000000,2.046551e-03,NaN,1,NaN,14,SAM 2:1,0.070033,1.843051e-01,3.18,3.36678315e-03,2.576233e-16,0.000000e+00
75.00,0.6430,20.0,10.0000,1.0e-03,+1,5.23598776e-03,equilibrium,3.36678315e-03,5.23598776e-03,3.36678315e-03,3.36678315e-03,0.000000e+00,100.0000,1,97.9439,1.000000,1.718420e-03,NaN,1,NaN,14,SAM 2:1,0.070033,1.843051e-01,2.96,3.36678315e-03,2.576233e-16,0.000000e+00
105.00,0.6430,20.0,10.0000,1.0e-03,+1,5.23598776e-03,equilibrium,3.36678315e-03,5.23598776e-03,3.36678315e-03,3.36678315e-03,0.000000e+00,100.0000,1,117.4967,1.000000,1.720622e-03,NaN,1,NaN,14,SAM 2:1,0.070033,1.843051e-01,2.59,3.36678315e-03,2.576233e-16,0.000000e+00
135.00,0.6430,20.0,10.0000,1.0e-03,+1,5.23598776e-03,equilibrium,3.36678315e-03,5.23598776e-03,3.36678315e-03,3.36678315e-03,0.000000e+00,100.0000,1,73.9311,1.000000,2.047607e-03,NaN,1,NaN,14,SAM 2:1,0.070033,1.843051e-01,2.77,3.36678315e-03,2.576233e-16,0.000000e+00
165.00,0.6430,20.0,10.0000,1.0e-03,+1,5.23598776e-03,equilibrium,3.36678315e-03,5.23598776e-03,3.36678315e-03,3.36678315e-03,0.000000e+00,100.0000,1,92.0753,1.000000,2.043758e-03,NaN,1,NaN,14,SAM 2:1,0.070033,1.843051e-01,2.56,3.36678315e-03,2.576233e-16,0.000000e+00
15.00,0.6934,20.0,10.0000,1.0e-03,+1,5.23598776e-03,equilibrium,3.63037411e-03,5.23598776e-03,3.63037411e-03,3.63037411e-03,0.000000e+00,100.0000,1,115.4583,1.000000,1.798267e-03,NaN,1,NaN,12,SAM 2:1,0.070033,1.788615e-01,2.30,3.63037411e-03,2.389180e-16,0.000000e+00
45.00,0.6934,20.0,10.0000,1.0e-03,+1,5.23598776e-03,equilibrium,3.63037411e-03,5.23598776e-03,3.63037411e-03,3.63037411e-03,0.000000e+00,100.0000,1,94.2571,1.000000,1.796365e-03,NaN,1,NaN,12,SAM 2:1,0.070033,1.788615e-01,3.05,3.63037411e-03,2.389180e-16,0.000000e+00
75.00,0.6934,20.0,10.0000,1.0e-03,+1,5.23598776e-03,equilibrium,3.63037411e-03,5.23598776e-03,3.63037411e-03,3.63037411e-03,0.000000e+00,100.0000,1,62.6704,1.000000,1.499315e-03,NaN,1,NaN,12,SAM 2:1,0.070033,1.788615e-01,2.59,3.63037411e-03,2.389180e-16,0.000000e+00
105.00,0.6934,20.0,10.0000,1.0e-03,+1,5.23598776e-03,equilibrium,3.63037411e-03,5.23598776e-03,3.63037411e-03,3.63037411e-03,0.000000e+00,100.0000,1,83.3888,1.000000,1.498109e-03,NaN,1,NaN,12,SAM 2:1,0.070033,1.788615e-01,2.99,3.63037411e-03,2.389180e-16,0.000000e+00
135.00,0.6934,20.0,10.0000,1.0e-03,+1,5.23598776e-03,equilibrium,3.63037411e-03,5.23598776e-03,3.63037411e-03,3.63037411e-03,0.000000e+00,100.0000,1,117.7921,1.000000,1.796818e-03,NaN,1,NaN,12,SAM 2:1,0.070033,1.788615e-01,3.05,3.63037411e-03,2.389180e-16,0.000000e+00
165.00,0.6934,20.0,10.0000,1.0e-03,+1,5.23598776e-03,equilibrium,3.63037411e-03,5.23598776e-03,3.63037411e-03,3.63037411e-03,0.000000e+00,100.0000,1,52.8624,1.000000,1.796304e-03,NaN,1,NaN,12,SAM 2:1,0.070033,1.788615e-01,2.15,3.63037411e-03,2.389180e-16,0.000000e+00
15.00,0.7437,20.0,10.0000,1.0e-03,+1,5.23598776e-03,equilibrium,3.89396507e-03,5.23598776e-03,3.89396507e-03,3.89396507e-03,0.000000e+00,100.0000,1,120.5228,1.000000,1.591461e-03,NaN,1,NaN,11,SAM 2:1,0.070033,1.192410e-01,2.33,3.89396507e-03,2.227451e-16,0.000000e+00
45.00,0.7437,20.0,10.0000,1.0e-03,+1,5.23598776e-03,equilibrium,3.89396507e-03,5.23598776e-03,3.89396507e-03,3.89396507e-03,0.000000e+00,100.0000,1,52.2524,1.000000,1.597835e-03,NaN,1,NaN,11,SAM 2:1,0.070033,1.192410e-01,2.59,3.89396507e-03,2.227451e-16,0.000000e+00
75.00,0.7437,20.0,10.0000,1.0e-03,+1,5.23598776e-03,equilibrium,3.89396507e-03,5.23598776e-03,3.89396507e-03,3.89396507e-03,0.000000e+00,100.0000,1,75.2831,1.000000,1.319527e-03,NaN,1,NaN,11,SAM 2:1,0.070033,1.192410e-01,2.58,3.89396507e-03,2.227451e-16,0.000000e+00
105.00,0.7437,20.0,10.0000,1.0e-03,+1,5.23598776e-03,equilibrium,3.89396507e-03,5.23598776e-03,3.89396507e-03,3.89396507e-03,0.000000e+00,100.0000,1,62.9695,1.000000,1.317834e-03,NaN,1,NaN,11,SAM 2:1,0.070033,1.192410e-01,2.96,3.89396507e-03,2.227451e-16,0.000000e+00
135.00,0.7437,20.0,10.0000,1.0e-03,+1,5.23598776e-03,equilibrium,3.89396507e-03,5.23598776e-03,3.89396507e-03,3.89396507e-03,0.000000e+00,100.0000,1,139.0620,1.000000,1.596080e-03,NaN,1,NaN,11,SAM 2:1,0.070033,1.192410e-01,2.70,3.89396507e-03,2.227451e-16,0.000000e+00
165.00,0.7437,20.0,10.0000,1.0e-03,+1,5.23598776e-03,equilibrium,3.89396507e-03,5.23598776e-03,3.89396507e-03,3.89396507e-03,0.000000e+00,100.0000,1,47.8505,1.000000,1.598079e-03,NaN,1,NaN,11,SAM 2:1,0.070033,1.192410e-01,2.12,3.89396507e-03,2.227451e-16,0.000000e+00
15.00,0.7940,20.0,10.0000,1.0e-03,+1,5.23598776e-03,equilibrium,4.15755603e-03,5.23598776e-03,4.15755603e-03,4.15755603e-03,0.000000e+00,100.0000,1,160.8784,1.000000,1.431890e-03,NaN,1,NaN,9,SAM 2:1,0.070033,5.962049e-02,2.32,4.15755603e-03,0.000000e+00,0.000000e+00
45.00,0.7940,20.0,10.0000,1.0e-03,+1,5.23598776e-03,equilibrium,4.15755603e-03,5.23598776e-03,4.15755603e-03,4.15755603e-03,0.000000e+00,100.0000,1,120.6704,1.000000,1.433580e-03,NaN,1,NaN,9,SAM 2:1,0.070033,5.962049e-02,2.62,4.15755603e-03,0.000000e+00,0.000000e+00
75.00,0.7940,20.0,10.0000,1.0e-03,+1,5.23598776e-03,equilibrium,4.15755603e-03,5.23598776e-03,4.15755603e-03,4.15755603e-03,0.000000e+00,100.0000,1,62.5751,1.000000,1.169416e-03,NaN,1,NaN,9,SAM 2:1,0.070033,5.962049e-02,2.15,4.15755603e-03,0.000000e+00,0.000000e+00
105.00,0.7940,20.0,10.0000,1.0e-03,+1,5.23598776e-03,equilibrium,4.15755603e-03,5.23598776e-03,4.15755603e-03,4.15755603e-03,0.000000e+00,100.0000,1,77.3401,1.000000,1.172894e-03,NaN,1,NaN,9,SAM 2:1,0.070033,5.962049e-02,2.21,4.15755603e-03,0.000000e+00,0.000000e+00
135.00,0.7940,20.0,10.0000,1.0e-03,+1,5.23598776e-03,equilibrium,4.15755603e-03,5.23598776e-03,4.15755603e-03,4.15755603e-03,0.000000e+00,100.0000,1,90.9835,1.000000,1.433407e-03,NaN,1,NaN,9,SAM 2:1,0.070033,5.962049e-02,2.63,4.15755603e-03,0.000000e+00,0.000000e+00
165.00,0.7940,20.0,10.0000,1.0e-03,+1,5.23598776e-03,equilibrium,4.15755603e-03,5.23598776e-03,4.15755603e-03,4.15755603e-03,0.000000e+00,100.0000,1,13.7932,1.000000,1.422015e-03,NaN,1,NaN,9,SAM 2:1,0.070033,5.962049e-02,2.13,4.15755603e-03,0.000000e+00,0.000000e+00
15.00,0.8599,20.0,10.0000,1.0e-03,+1,5.23598776e-03,equilibrium,4.50263107e-03,5.23598776e-03,4.50263107e-03,4.50263107e-03,0.000000e+00,100.0000,1,140.4811,1.000000,1.253731e-03,NaN,1,NaN,3,SAM 2:1,0.070033,1.843053e-02,2.29,4.50263107e-03,1.926344e-16,0.000000e+00
45.00,0.8599,20.0,10.0000,1.0e-03,+1,5.23598776e-03,equilibrium,4.50263107e-03,5.23598776e-03,4.50263107e-03,4.50263107e-03,0.000000e+00,100.0000,1,132.6251,1.000000,1.254705e-03,NaN,1,NaN,3,SAM 2:1,0.070033,1.843053e-02,2.32,4.50263107e-03,1.926344e-16,0.000000e+00
75.00,0.8599,20.0,10.0000,1.0e-03,+1,5.23598776e-03,equilibrium,4.50263107e-03,5.23598776e-03,4.50263107e-03,4.50263107e-03,0.000000e+00,100.0000,1,68.7710,1.000000,1.020745e-03,NaN,1,NaN,3,SAM 2:1,0.070033,1.843053e-02,2.09,4.50263107e-03,1.926344e-16,0.000000e+00
105.00,0.8599,20.0,10.0000,1.0e-03,+1,5.23598776e-03,equilibrium,4.50263107e-03,5.23598776e-03,4.50263107e-03,4.50263107e-03,0.000000e+00,100.0000,1,97.5698,1.000000,1.027800e-03,NaN,1,NaN,3,SAM 2:1,0.070033,1.843053e-02,2.26,4.50263107e-03,1.926344e-16,0.000000e+00
135.00,0.8599,20.0,10.0000,1.0e-03,+1,5.23598776e-03,equilibrium,4.50263107e-03,5.23598776e-03,4.50263107e-03,4.50263107e-03,0.000000e+00,100.0000,1,75.3020,1.000000,1.255280e-03,NaN,1,NaN,3,SAM 2:1,0.070033,1.843053e-02,2.32,4.50263107e-03,1.926344e-16,0.000000e+00
165.00,0.8599,20.0,10.0000,1.0e-03,+1,5.23598776e-03,equilibrium,4.50263107e-03,5.23598776e-03,4.50263107e-03,4.50263107e-03,0.000000e+00,100.0000,1,28.5356,1.000000,1.250833e-03,NaN,1,NaN,3,SAM 2:1,0.070033,1.843053e-02,2.19,4.50263107e-03,1.926344e-16,0.000000e+00
15.00,0.8755,20.0,10.0000,1.0e-03,+1,5.23598776e-03,equilibrium,4.58411514e-03,5.23598776e-03,4.58411514e-03,4.58411514e-03,0.000000e+00,100.0000,1,44.5969,1.000000,1.218741e-03,NaN,1,NaN,2,SAM 2:1,0.070033,3.686106e-02,2.16,4.58411514e-03,3.784206e-16,0.000000e+00
45.00,0.8755,20.0,10.0000,1.0e-03,+1,5.23598776e-03,equilibrium,4.58411514e-03,5.23598776e-03,4.58411514e-03,4.58411514e-03,0.000000e+00,100.0000,1,120.8541,1.000000,1.193544e-03,NaN,1,NaN,2,SAM 2:1,0.070033,3.686106e-02,2.41,4.58411514e-03,3.784206e-16,0.000000e+00
75.00,0.8755,20.0,10.0000,1.0e-03,+1,5.23598776e-03,equilibrium,4.58411514e-03,5.23598776e-03,4.58411514e-03,4.58411514e-03,0.000000e+00,100.0000,1,115.1351,1.000000,9.979519e-04,NaN,1,NaN,2,SAM 2:1,0.070033,3.686106e-02,2.18,4.58411514e-03,3.784206e-16,0.000000e+00
105.00,0.8755,20.0,10.0000,1.0e-03,+1,5.23598776e-03,equilibrium,4.58411514e-03,5.23598776e-03,4.58411514e-03,4.58411514e-03,0.000000e+00,100.0000,1,89.3250,1.000000,1.004358e-03,NaN,1,NaN,2,SAM 2:1,0.070033,3.686106e-02,2.08,4.58411514e-03,3.784206e-16,0.000000e+00
135.00,0.8755,20.0,10.0000,1.0e-03,+1,5.23598776e-03,equilibrium,4.58411514e-03,5.23598776e-03,4.58411514e-03,4.58411514e-03,0.000000e+00,100.0000,1,90.7702,1.000000,1.217654e-03,NaN,1,NaN,2,SAM 2:1,0.070033,3.686106e-02,2.38,4.58411514e-03,3.784206e-16,0.000000e+00
165.00,0.8755,20.0,10.0000,1.0e-03,+1,5.23598776e-03,equilibrium,4.58411514e-03,5.23598776e-03,4.58411514e-03,4.58411514e-03,0.000000e+00,100.0000,1,146.6512,1.000000,1.214954e-03,NaN,1,NaN,2,SAM 2:1,0.070033,3.686106e-02,12.62,4.58411514e-03,3.784206e-16,0.000000e+00
15.00,0.8911,20.0,10.0000,1.0e-03,+1,5.23598776e-03,equilibrium,4.66559922e-03,5.23598776e-03,4.66559922e-03,4.66559922e-03,0.000000e+00,100.0000,1,112.3906,1.000000,1.179193e-03,NaN,1,NaN,1,SAM 2:1,0.070033,5.529159e-02,2.25,4.66559922e-03,1.859058e-16,0.000000e+00
45.00,0.8911,20.0,10.0000,1.0e-03,+1,5.23598776e-03,equilibrium,4.66559922e-03,5.23598776e-03,4.66559922e-03,4.66559922e-03,0.000000e+00,100.0000,1,136.6257,1.000000,1.183480e-03,NaN,1,NaN,1,SAM 2:1,0.070033,5.529159e-02,2.37,4.66559922e-03,1.859058e-16,0.000000e+00
75.00,0.8911,20.0,10.0000,1.0e-03,+1,5.23598776e-03,equilibrium,4.66559922e-03,5.23598776e-03,4.66559922e-03,4.66559922e-03,0.000000e+00,100.0000,1,84.4685,1.000000,9.478102e-04,NaN,1,NaN,1,SAM 2:1,0.070033,5.529159e-02,1.99,4.66559922e-03,1.859058e-16,0.000000e+00
105.00,0.8911,20.0,10.0000,1.0e-03,+1,5.23598776e-03,equilibrium,4.66559922e-03,5.23598776e-03,4.66559922e-03,4.66559922e-03,0.000000e+00,100.0000,1,112.5633,1.000000,9.540134e-04,NaN,1,NaN,1,SAM 2:1,0.070033,5.529159e-02,2.10,4.66559922e-03,1.859058e-16,0.000000e+00
135.00,0.8911,20.0,10.0000,1.0e-03,+1,5.23598776e-03,equilibrium,4.66559922e-03,5.23598776e-03,4.66559922e-03,4.66559922e-03,0.000000e+00,100.0000,1,68.0660,1.000000,1.184614e-03,NaN,1,NaN,1,SAM 2:1,0.070033,5.529159e-02,2.47,4.66559922e-03,1.859058e-16,0.000000e+00
165.00,0.8911,20.0,10.0000,1.0e-03,+1,5.23598776e-03,equilibrium,4.66559922e-03,5.23598776e-03,4.66559922e-03,4.66559922e-03,0.000000e+00,100.0000,1,55.8930,1.000000,1.183285e-03,NaN,1,NaN,1,SAM 2:1,0.070033,5.529159e-02,12.62,4.66559922e-03,1.859058e-16,0.000000e+00
15.00,0.9066,20.0,10.0000,1.0e-03,+1,5.23598776e-03,equilibrium,4.74708330e-03,5.23598776e-03,4.74708330e-03,4.74708330e-03,0.000000e+00,100.0000,1,108.0988,1.000000,1.128945e-03,NaN,1,NaN,1,SAM 2:1,0.070033,7.372212e-02,2.12,4.74708330e-03,3.654293e-16,0.000000e+00
45.00,0.9066,20.0,10.0000,1.0e-03,+1,5.23598776e-03,equilibrium,4.74708330e-03,5.23598776e-03,4.74708330e-03,4.74708330e-03,0.000000e+00,100.0000,1,111.2876,1.000000,1.150650e-03,NaN,1,NaN,1,SAM 2:1,0.070033,7.372212e-02,2.56,4.74708330e-03,3.654293e-16,0.000000e+00
75.00,0.9066,20.0,10.0000,1.0e-03,+1,5.23598776e-03,equilibrium,4.74708330e-03,5.23598776e-03,4.74708330e-03,4.74708330e-03,0.000000e+00,100.0000,1,63.9318,1.000000,9.385155e-04,NaN,1,NaN,1,SAM 2:1,0.070033,7.372212e-02,2.39,4.74708330e-03,3.654293e-16,0.000000e+00
105.00,0.9066,20.0,10.0000,1.0e-03,+1,5.23598776e-03,equilibrium,4.74708330e-03,5.23598776e-03,4.74708330e-03,4.74708330e-03,0.000000e+00,100.0000,1,88.3260,1.000000,9.341115e-04,NaN,1,NaN,1,SAM 2:1,0.070033,7.372212e-02,2.43,4.74708330e-03,3.654293e-16,0.000000e+00
135.00,0.9066,20.0,10.0000,1.0e-03,+1,5.23598776e-03,equilibrium,4.74708330e-03,5.23598776e-03,4.74708330e-03,4.74708330e-03,0.000000e+00,100.0000,1,43.6768,1.000000,1.151420e-03,NaN,1,NaN,1,SAM 2:1,0.070033,7.372212e-02,2.96,4.74708330e-03,3.654293e-16,0.000000e+00
165.00,0.9066,20.0,10.0000,1.0e-03,+1,5.23598776e-03,equilibrium,4.74708330e-03,5.23598776e-03,4.74708330e-03,4.74708330e-03,0.000000e+00,100.0000,1,83.7023,1.000000,1.149410e-03,NaN,1,NaN,1,SAM 2:1,0.070033,7.372212e-02,2.51,4.74708330e-03,3.654293e-16,0.000000e+00
15.00,0.9222,20.0,10.0000,1.0e-03,+1,5.23598776e-03,equilibrium,4.82856737e-03,5.23598776e-03,4.82856737e-03,4.82856737e-03,0.000000e+00,100.0000,1,18.6993,1.000000,1.119816e-03,NaN,1,NaN,1,SAM 2:1,0.070033,9.215264e-02,2.40,4.82856737e-03,3.592626e-16,0.000000e+00
45.00,0.9222,20.0,10.0000,1.0e-03,+1,5.23598776e-03,equilibrium,4.82856737e-03,5.23598776e-03,4.82856737e-03,4.82856737e-03,0.000000e+00,100.0000,1,40.8293,1.000000,1.118593e-03,NaN,1,NaN,1,SAM 2:1,0.070033,9.215264e-02,2.10,4.82856737e-03,3.592626e-16,0.000000e+00
75.00,0.9222,20.0,10.0000,1.0e-03,+1,5.23598776e-03,equilibrium,4.82856737e-03,5.23598776e-03,4.82856737e-03,4.82856737e-03,0.000000e+00,100.0000,1,64.4865,1.000000,9.203209e-04,NaN,1,NaN,1,SAM 2:1,0.070033,9.215264e-02,1.91,4.82856737e-03,3.592626e-16,0.000000e+00
105.00,0.9222,20.0,10.0000,1.0e-03,+1,5.23598776e-03,equilibrium,4.82856737e-03,5.23598776e-03,4.82856737e-03,4.82856737e-03,0.000000e+00,100.0000,1,89.7834,1.000000,9.186122e-04,NaN,1,NaN,1,SAM 2:1,0.070033,9.215264e-02,1.95,4.82856737e-03,3.592626e-16,0.000000e+00
135.00,0.9222,20.0,10.0000,1.0e-03,+1,5.23598776e-03,equilibrium,4.82856737e-03,5.23598776e-03,4.82856737e-03,4.82856737e-03,0.000000e+00,100.0000,1,127.2746,1.000000,1.119970e-03,NaN,1,NaN,1,SAM 2:1,0.070033,9.215264e-02,12.65,4.82856737e-03,3.592626e-16,0.000000e+00
165.00,0.9222,20.0,10.0000,1.0e-03,+1,5.23598776e-03,equilibrium,4.82856737e-03,5.23598776e-03,4.82856737e-03,4.82856737e-03,0.000000e+00,100.0000,1,151.7070,1.000000,1.114802e-03,NaN,1,NaN,1,SAM 2:1,0.070033,9.215264e-02,3.05,4.82856737e-03,3.592626e-16,0.000000e+00
15.00,0.9378,20.0,10.0000,1.0e-03,+1,5.23598776e-03,equilibrium,4.91005145e-03,5.23598776e-03,4.91005145e-03,4.91005145e-03,0.000000e+00,100.0000,1,117.4320,1.000000,1.082508e-03,NaN,1,NaN,0,SAM 2:1,0.070033,1.105832e-01,3.00,4.91005145e-03,1.766502e-16,0.000000e+00
45.00,0.9378,20.0,10.0000,1.0e-03,+1,5.23598776e-03,equilibrium,4.91005145e-03,5.23598776e-03,4.91005145e-03,4.91005145e-03,0.000000e+00,100.0000,1,139.2261,1.000000,1.088371e-03,NaN,1,NaN,0,SAM 2:1,0.070033,1.105832e-01,3.60,4.91005145e-03,1.766502e-16,0.000000e+00
75.00,0.9378,20.0,10.0000,1.0e-03,+1,5.23598776e-03,equilibrium,4.91005145e-03,5.23598776e-03,4.91005145e-03,4.91005145e-03,0.000000e+00,100.0000,1,87.3764,1.000000,8.967905e-04,NaN,1,NaN,0,SAM 2:1,0.070033,1.105832e-01,3.18,4.91005145e-03,1.766502e-16,0.000000e+00
105.00,0.9378,20.0,10.0000,1.0e-03,+1,5.23598776e-03,equilibrium,4.91005145e-03,5.23598776e-03,4.91005145e-03,4.91005145e-03,0.000000e+00,100.0000,1,114.2059,1.000000,8.827095e-04,NaN,1,NaN,0,SAM 2:1,0.070033,1.105832e-01,2.81,4.91005145e-03,1.766502e-16,0.000000e+00
135.00,0.9378,20.0,10.0000,1.0e-03,+1,5.23598776e-03,equilibrium,4.91005145e-03,5.23598776e-03,4.91005145e-03,4.91005145e-03,0.000000e+00,100.0000,1,60.0735,1.000000,1.088306e-03,NaN,1,NaN,0,SAM 2:1,0.070033,1.105832e-01,3.44,4.91005145e-03,1.766502e-16,0.000000e+00
165.00,0.9378,20.0,10.0000,1.0e-03,+1,5.23598776e-03,equilibrium,4.91005145e-03,5.23598776e-03,4.91005145e-03,4.91005145e-03,0.000000e+00,100.0000,1,50.9055,1.000000,1.086378e-03,NaN,1,NaN,0,SAM 2:1,0.070033,1.105832e-01,2.98,4.91005145e-03,1.766502e-16,0.000000e+00
15.00,0.9533,20.0,10.0000,1.0e-03,+1,5.23598776e-03,equilibrium,4.99153553e-03,5.23598776e-03,4.99153553e-03,4.99153553e-03,0.000000e+00,100.0000,1,148.4988,1.000000,1.058927e-03,NaN,1,NaN,0,SAM 2:1,0.070033,1.290137e-01,3.07,4.99153553e-03,1.737665e-16,0.000000e+00
45.00,0.9533,20.0,10.0000,1.0e-03,+1,5.23598776e-03,equilibrium,4.99153553e-03,5.23598776e-03,4.99153553e-03,4.99153553e-03,0.000000e+00,100.0000,1,45.9825,1.000000,1.059973e-03,NaN,1,NaN,0,SAM 2:1,0.070033,1.290137e-01,3.27,4.99153553e-03,1.737665e-16,0.000000e+00
75.00,0.9533,20.0,10.0000,1.0e-03,+1,5.23598776e-03,equilibrium,4.99153553e-03,5.23598776e-03,4.99153553e-03,4.99153553e-03,0.000000e+00,100.0000,1,115.0941,1.000000,8.732530e-04,NaN,1,NaN,0,SAM 2:1,0.070033,1.290137e-01,2.30,4.99153553e-03,1.737665e-16,0.000000e+00
105.00,0.9533,20.0,10.0000,1.0e-03,+1,5.23598776e-03,equilibrium,4.99153553e-03,5.23598776e-03,4.99153553e-03,4.99153553e-03,0.000000e+00,100.0000,1,89.2325,1.000000,8.736887e-04,NaN,1,NaN,0,SAM 2:1,0.070033,1.290137e-01,2.51,4.99153553e-03,1.737665e-16,0.000000e+00
135.00,0.9533,20.0,10.0000,1.0e-03,+1,5.23598776e-03,equilibrium,4.99153553e-03,5.23598776e-03,4.99153553e-03,4.99153553e-03,0.000000e+00,100.0000,1,135.9002,1.000000,1.059679e-03,NaN,1,NaN,0,SAM 2:1,0.070033,1.290137e-01,2.68,4.99153553e-03,1.737665e-16,0.000000e+00
165.00,0.9533,20.0,10.0000,1.0e-03,+1,5.23598776e-03,equilibrium,4.99153553e-03,5.23598776e-03,4.99153553e-03,4.99153553e-03,0.000000e+00,100.0000,1,42.6624,1.000000,1.057156e-03,NaN,1,NaN,0,SAM 2:1,0.070033,1.290137e-01,2.66,4.99153553e-03,1.737665e-16,0.000000e+00
15.00,0.9689,20.0,10.0000,1.0e-03,+1,5.23598776e-03,equilibrium,5.07301960e-03,5.23598776e-03,5.07301960e-03,5.07301960e-03,0.000000e+00,100.0000,1,75.9349,1.000000,1.030084e-03,NaN,1,NaN,0,SAM 2:1,0.070033,1.474442e-01,2.49,5.07301960e-03,3.419509e-16,0.000000e+00
45.00,0.9689,20.0,10.0000,1.0e-03,+1,5.23598776e-03,equilibrium,5.07301960e-03,5.23598776e-03,5.07301960e-03,5.07301960e-03,0.000000e+00,100.0000,1,87.5142,1.000000,1.032183e-03,NaN,1,NaN,0,SAM 2:1,0.070033,1.474442e-01,2.42,5.07301960e-03,3.419509e-16,0.000000e+00
75.00,0.9689,20.0,10.0000,1.0e-03,+1,5.23598776e-03,equilibrium,5.07301960e-03,5.23598776e-03,5.07301960e-03,5.07301960e-03,0.000000e+00,100.0000,1,63.7141,1.000000,8.365048e-04,NaN,1,NaN,0,SAM 2:1,0.070033,1.474442e-01,2.39,5.07301960e-03,3.419509e-16,0.000000e+00
105.00,0.9689,20.0,10.0000,1.0e-03,+1,5.23598776e-03,equilibrium,5.07301960e-03,5.23598776e-03,5.07301960e-03,5.07301960e-03,0.000000e+00,100.0000,1,87.6869,1.000000,8.334040e-04,NaN,1,NaN,0,SAM 2:1,0.070033,1.474442e-01,2.39,5.07301960e-03,3.419509e-16,0.000000e+00
135.00,0.9689,20.0,10.0000,1.0e-03,+1,5.23598776e-03,equilibrium,5.07301960e-03,5.23598776e-03,5.07301960e-03,5.07301960e-03,0.000000e+00,100.0000,1,60.6374,1.000000,1.032950e-03,NaN,1,NaN,0,SAM 2:1,0.070033,1.474442e-01,2.81,5.07301960e-03,3.419509e-16,0.000000e+00
165.00,0.9689,20.0,10.0000,1.0e-03,+1,5.23598776e-03,equilibrium,5.07301960e-03,5.23598776e-03,5.07301960e-03,5.07301960e-03,0.000000e+00,100.0000,1,115.8340,1.000000,1.032139e-03,NaN,1,NaN,0,SAM 2:1,0.070033,1.474442e-01,12.62,5.07301960e-03,3.419509e-16,0.000000e+00
15.00,0.9844,20.0,10.0000,1.0e-03,+1,5.23598776e-03,equilibrium,5.15450368e-03,5.23598776e-03,5.15450368e-03,5.15450368e-03,0.000000e+00,100.0000,1,19.1167,1.000000,1.006279e-03,NaN,1,NaN,0,SAM 2:1,0.070033,1.658748e-01,2.75,5.15450368e-03,1.682726e-16,0.000000e+00
45.00,0.9844,20.0,10.0000,1.0e-03,+1,5.23598776e-03,equilibrium,5.15450368e-03,5.23598776e-03,5.15450368e-03,5.15450368e-03,0.000000e+00,100.0000,1,135.6150,1.000000,8.178253e-04,NaN,1,NaN,0,SAM 2:1,0.070033,1.658748e-01,2.57,5.15450368e-03,1.682726e-16,0.000000e+00
75.00,0.9844,20.0,10.0000,1.0e-03,+1,5.23598776e-03,equilibrium,5.15450368e-03,5.23598776e-03,5.15450368e-03,5.15450368e-03,0.000000e+00,100.0000,1,102.6399,1.000000,8.263962e-04,NaN,1,NaN,0,SAM 2:1,0.070033,1.658748e-01,2.35,5.15450368e-03,1.682726e-16,0.000000e+00
105.00,0.9844,20.0,10.0000,1.0e-03,+1,5.23598776e-03,equilibrium,5.15450368e-03,5.23598776e-03,5.15450368e-03,5.15450368e-03,0.000000e+00,100.0000,1,72.7714,1.000000,8.279250e-04,NaN,1,NaN,0,SAM 2:1,0.070033,1.658748e-01,2.18,5.15450368e-03,1.682726e-16,0.000000e+00
135.00,0.9844,20.0,10.0000,1.0e-03,+1,5.23598776e-03,equilibrium,5.15450368e-03,5.23598776e-03,5.15450368e-03,5.15450368e-03,0.000000e+00,100.0000,1,45.6522,1.000000,9.631959e-04,NaN,1,NaN,0,SAM 2:1,0.070033,1.658748e-01,2.64,5.15450368e-03,1.682726e-16,0.000000e+00
165.00,0.9844,20.0,10.0000,1.0e-03,+1,5.23598776e-03,equilibrium,5.15450368e-03,5.23598776e-03,5.15450368e-03,5.15450368e-03,0.000000e+00,100.0000,1,166.2068,1.000000,1.006714e-03,NaN,1,NaN,0,SAM 2:1,0.070033,1.658748e-01,2.66,5.15450368e-03,1.682726e-16,0.000000e+00
15.00,0.3913,60.0,10.0000,1.0e-03,+1,1.74532925e-03,equilibrium,6.82942785e-04,1.74532925e-03,6.82942785e-04,6.82942785e-04,0.000000e+00,100.0000,1,160.4155,1.000000,3.836952e-02,NaN,1,NaN,17,SAM 2:1,0.070033,1.738981e-03,7.84,6.82942785e-04,1.428790e-15,0.000000e+00
45.00,0.3913,60.0,10.0000,1.0e-03,+1,1.74532925e-03,equilibrium,6.82942785e-04,1.74532925e-03,6.82942785e-04,6.82942785e-04,0.000000e+00,100.0000,1,69.1864,1.000000,3.846814e-02,NaN,1,NaN,17,SAM 2:1,0.070033,1.738984e-03,15.64,6.82942785e-04,3.968862e-15,0.000000e+00
75.00,0.3913,60.0,10.0000,1.0e-03,+1,1.74532925e-03,equilibrium,6.82942785e-04,1.74532925e-03,6.82942785e-04,6.82942785e-04,0.000000e+00,100.0000,1,95.7062,1.000000,3.676291e-02,NaN,1,NaN,17,SAM 2:1,0.070033,1.738984e-03,16.64,6.82942785e-04,4.445125e-15,0.000000e+00
105.00,0.3913,60.0,10.0000,1.0e-03,+1,1.74532925e-03,equilibrium,6.82942785e-04,1.74532925e-03,6.82942785e-04,6.82942785e-04,0.000000e+00,100.0000,1,67.5448,1.000000,4.259371e-02,NaN,1,NaN,17,SAM 2:1,0.070033,1.738979e-03,20.64,6.82942785e-04,4.445125e-15,0.000000e+00
135.00,0.3913,60.0,10.0000,1.0e-03,+1,1.74532925e-03,equilibrium,6.82942785e-04,1.74532925e-03,6.82942785e-04,6.82942785e-04,0.000000e+00,100.0000,1,136.0930,1.000000,4.368819e-02,NaN,1,NaN,17,SAM 2:1,0.070033,1.738985e-03,16.98,6.82942785e-04,3.968862e-15,0.000000e+00
165.00,0.3913,60.0,10.0000,1.0e-03,+1,1.74532925e-03,equilibrium,6.82942785e-04,1.74532925e-03,6.82942785e-04,6.82942785e-04,0.000000e+00,100.0000,1,29.4199,1.000000,4.212820e-02,NaN,1,NaN,17,SAM 2:1,0.070033,1.738980e-03,11.02,6.82942785e-04,1.428790e-15,0.000000e+00
15.00,0.4416,60.0,10.0000,1.0e-03,+1,1.74532925e-03,equilibrium,7.70806438e-04,1.74532925e-03,7.70806438e-04,7.70806438e-04,0.000000e+00,100.0000,1,165.8484,1.000000,3.046781e-02,NaN,1,NaN,17,SAM 2:1,0.070033,1.361924e-01,8.28,7.70806438e-04,7.032908e-16,0.000000e+00
45.00,0.4416,60.0,10.0000,1.0e-03,+1,1.74532925e-03,equilibrium,7.70806438e-04,1.74532925e-03,7.70806438e-04,7.70806438e-04,0.000000e+00,100.0000,1,48.5077,1.000000,3.035889e-02,NaN,1,NaN,17,SAM 2:1,0.070033,1.361926e-01,12.46,7.70806438e-04,2.672505e-15,0.000000e+00
75.00,0.4416,60.0,10.0000,1.0e-03,+1,1.74532925e-03,equilibrium,7.70806438e-04,1.74532925e-03,7.70806438e-04,7.70806438e-04,0.000000e+00,100.0000,1,117.5492,1.000000,2.897414e-02,NaN,1,NaN,17,SAM 2:1,0.070033,1.361929e-01,15.89,7.70806438e-04,3.094480e-15,0.000000e+00
105.00,0.4416,60.0,10.0000,1.0e-03,+1,1.74532925e-03,equilibrium,7.70806438e-04,1.74532925e-03,7.70806438e-04,7.70806438e-04,0.000000e+00,100.0000,1,98.5877,1.000000,2.895362e-02,NaN,1,NaN,17,SAM 2:1,0.070033,1.361928e-01,13.75,7.70806438e-04,3.094480e-15,0.000000e+00
135.00,0.4416,60.0,10.0000,1.0e-03,+1,1.74532925e-03,equilibrium,7.70806438e-04,1.74532925e-03,7.70806438e-04,7.70806438e-04,0.000000e+00,100.0000,1,102.9636,1.000000,3.037866e-02,NaN,1,NaN,17,SAM 2:1,0.070033,1.361927e-01,13.98,7.70806438e-04,2.672505e-15,0.000000e+00
165.00,0.4416,60.0,10.0000,1.0e-03,+1,1.74532925e-03,equilibrium,7.70806438e-04,1.74532925e-03,7.70806438e-04,7.70806438e-04,0.000000e+00,100.0000,1,16.2319,1.000000,3.040425e-02,NaN,1,NaN,17,SAM 2:1,0.070033,1.361929e-01,8.38,7.70806438e-04,8.439490e-16,0.000000e+00
15.00,0.4920,60.0,10.0000,1.0e-03,+1,1.74532925e-03,equilibrium,8.58670091e-04,1.74532925e-03,8.58670091e-04,8.58670091e-04,0.000000e+00,100.0000,1,40.8049,1.000000,2.475273e-02,NaN,1,NaN,15,SAM 2:1,0.070033,1.740696e-01,6.61,8.58670091e-04,6.313264e-16,0.000000e+00
45.00,0.4920,60.0,10.0000,1.0e-03,+1,1.74532925e-03,equilibrium,8.58670091e-04,1.74532925e-03,8.58670091e-04,8.58670091e-04,0.000000e+00,100.0000,1,119.1571,1.000000,2.376855e-02,NaN,1,NaN,15,SAM 2:1,0.070033,1.740694e-01,10.89,8.58670091e-04,2.146510e-15,0.000000e+00
75.00,0.4920,60.0,10.0000,1.0e-03,+1,1.74532925e-03,equilibrium,8.58670091e-04,1.74532925e-03,8.58670091e-04,8.58670091e-04,0.000000e+00,100.0000,1,103.4420,1.000000,2.316268e-02,NaN,1,NaN,15,SAM 2:1,0.070033,1.740694e-01,13.02,8.58670091e-04,2.272775e-15,0.000000e+00
105.00,0.4920,60.0,10.0000,1.0e-03,+1,1.74532925e-03,equilibrium,8.58670091e-04,1.74532925e-03,8.58670091e-04,8.58670091e-04,0.000000e+00,100.0000,1,117.3032,1.000000,2.332245e-02,NaN,1,NaN,15,SAM 2:1,0.070033,1.740694e-01,13.46,8.58670091e-04,2.272775e-15,0.000000e+00
135.00,0.4920,60.0,10.0000,1.0e-03,+1,1.74532925e-03,equilibrium,8.58670091e-04,1.74532925e-03,8.58670091e-04,8.58670091e-04,0.000000e+00,100.0000,1,92.7188,1.000000,2.456007e-02,NaN,1,NaN,15,SAM 2:1,0.070033,1.740694e-01,15.30,8.58670091e-04,2.146510e-15,0.000000e+00
165.00,0.4920,60.0,10.0000,1.0e-03,+1,1.74532925e-03,equilibrium,8.58670091e-04,1.74532925e-03,8.58670091e-04,8.58670091e-04,0.000000e+00,100.0000,1,127.7015,1.000000,2.475604e-02,NaN,1,NaN,15,SAM 2:1,0.070033,1.740696e-01,8.42,8.58670091e-04,6.313264e-16,0.000000e+00
15.00,0.5423,60.0,10.0000,1.0e-03,+1,1.74532925e-03,equilibrium,9.46533744e-04,1.74532925e-03,9.46533744e-04,9.46533744e-04,0.000000e+00,100.0000,1,133.0890,1.000000,2.055471e-02,NaN,1,NaN,15,SAM 2:1,0.070033,1.817265e-01,9.18,9.46533744e-04,6.872669e-16,0.000000e+00
45.00,0.5423,60.0,10.0000,1.0e-03,+1,1.74532925e-03,equilibrium,9.46533744e-04,1.74532925e-03,9.46533744e-04,9.46533744e-04,0.000000e+00,100.0000,1,113.3192,1.000000,2.054680e-02,NaN,1,NaN,15,SAM 2:1,0.070033,1.817265e-01,9.79,9.46533744e-04,1.718167e-15,0.000000e+00
75.00,0.5423,60.0,10.0000,1.0e-03,+1,1.74532925e-03,equilibrium,9.46533744e-04,1.74532925e-03,9.46533744e-04,9.46533744e-04,0.000000e+00,100.0000,1,69.9759,1.000000,1.935676e-02,NaN,1,NaN,15,SAM 2:1,0.070033,1.817265e-01,8.64,9.46533744e-04,1.947256e-15,0.000000e+00
105.00,0.5423,60.0,10.0000,1.0e-03,+1,1.74532925e-03,equilibrium,9.46533744e-04,1.74532925e-03,9.46533744e-04,9.46533744e-04,0.000000e+00,100.0000,1,99.2362,1.000000,1.937086e-02,NaN,1,NaN,15,SAM 2:1,0.070033,1.817265e-01,8.53,9.46533744e-04,1.947256e-15,0.000000e+00
135.00,0.5423,60.0,10.0000,1.0e-03,+1,1.74532925e-03,equilibrium,9.46533744e-04,1.74532925e-03,9.46533744e-04,9.46533744e-04,0.000000e+00,100.0000,1,42.7671,1.000000,2.058979e-02,NaN,1,NaN,15,SAM 2:1,0.070033,1.817265e-01,9.51,9.46533744e-04,1.718167e-15,0.000000e+00
165.00,0.5423,60.0,10.0000,1.0e-03,+1,1.74532925e-03,equilibrium,9.46533744e-04,1.74532925e-03,9.46533744e-04,9.46533744e-04,2.290890e-16,100.0000,1,58.5102,1.000000,2.060276e-02,NaN,1,NaN,15,SAM 2:1,0.070033,1.817265e-01,6.47,9.46533744e-04,4.581779e-16,0.000000e+00
15.00,0.5927,60.0,10.0000,1.0e-03,+1,1.74532925e-03,equilibrium,1.03439740e-03,1.74532925e-03,1.03439740e-03,1.03439740e-03,0.000000e+00,100.0000,1,110.0753,1.000000,1.740043e-02,NaN,1,NaN,14,SAM 2:1,0.070033,1.835346e-01,6.09,1.03439740e-03,2.096297e-16,0.000000e+00
45.00,0.5927,60.0,10.0000,1.0e-03,+1,1.74532925e-03,equilibrium,1.03439740e-03,1.74532925e-03,1.03439740e-03,1.03439740e-03,0.000000e+00,100.0000,1,118.3659,1.000000,1.740688e-02,NaN,1,NaN,14,SAM 2:1,0.070033,1.835346e-01,11.47,1.03439740e-03,1.048149e-15,0.000000e+00
75.00,0.5927,60.0,10.0000,1.0e-03,+1,1.74532925e-03,equilibrium,1.03439740e-03,1.74532925e-03,1.03439740e-03,1.03439740e-03,0.000000e+00,100.0000,1,113.5405,1.000000,1.624436e-02,NaN,1,NaN,14,SAM 2:1,0.070033,1.835346e-01,9.32,1.03439740e-03,1.257778e-15,0.000000e+00
105.00,0.5927,60.0,10.0000,1.0e-03,+1,1.74532925e-03,equilibrium,1.03439740e-03,1.74532925e-03,1.03439740e-03,1.03439740e-03,0.000000e+00,100.0000,1,111.5671,1.000000,1.624502e-02,NaN,1,NaN,14,SAM 2:1,0.070033,1.835346e-01,10.70,1.03439740e-03,1.257778e-15,0.000000e+00
135.00,0.5927,60.0,10.0000,1.0e-03,+1,1.74532925e-03,equilibrium,1.03439740e-03,1.74532925e-03,1.03439740e-03,1.03439740e-03,0.000000e+00,100.0000,1,41.0954,1.000000,1.737669e-02,NaN,1,NaN,14,SAM 2:1,0.070033,1.835346e-01,11.27,1.03439740e-03,1.048149e-15,0.000000e+00
165.00,0.5927,60.0,10.0000,1.0e-03,+1,1.74532925e-03,equilibrium,1.03439740e-03,1.74532925e-03,1.03439740e-03,1.03439740e-03,0.000000e+00,100.0000,1,58.1685,1.000000,1.725447e-02,NaN,1,NaN,14,SAM 2:1,0.070033,1.835346e-01,6.72,1.03439740e-03,2.096297e-16,0.000000e+00
15.00,0.6430,60.0,10.0000,1.0e-03,+1,1.74532925e-03,equilibrium,1.12226105e-03,1.74532925e-03,1.12226105e-03,1.12226105e-03,0.000000e+00,100.0000,1,94.3429,1.000000,1.484946e-02,NaN,1,NaN,14,SAM 2:1,0.070033,1.840408e-01,6.66,1.12226105e-03,3.864349e-16,0.000000e+00
45.00,0.6430,60.0,10.0000,1.0e-03,+1,1.74532925e-03,equilibrium,1.12226105e-03,1.74532925e-03,1.12226105e-03,1.12226105e-03,0.000000e+00,100.0000,1,41.6313,1.000000,1.489308e-02,NaN,1,NaN,14,SAM 2:1,0.070033,1.840408e-01,8.94,1.12226105e-03,9.660873e-16,0.000000e+00
75.00,0.6430,60.0,10.0000,1.0e-03,+1,1.74532925e-03,equilibrium,1.12226105e-03,1.74532925e-03,1.12226105e-03,1.12226105e-03,0.000000e+00,100.0000,1,100.1795,1.000000,1.390000e-02,NaN,1,NaN,14,SAM 2:1,0.070033,1.840408e-01,8.63,1.12226105e-03,1.159305e-15,0.000000e+00
105.00,0.6430,60.0,10.0000,1.0e-03,+1,1.74532925e-03,equilibrium,1.12226105e-03,1.74532925e-03,1.12226105e-03,1.12226105e-03,0.000000e+00,100.0000,1,117.5973,1.000000,1.390186e-02,NaN,1,NaN,14,SAM 2:1,0.070033,1.840408e-01,8.86,1.12226105e-03,1.159305e-15,0.000000e+00
135.00,0.6430,60.0,10.0000,1.0e-03,+1,1.74532925e-03,equilibrium,1.12226105e-03,1.74532925e-03,1.12226105e-03,1.12226105e-03,0.000000e+00,100.0000,1,116.4230,1.000000,1.490493e-02,NaN,1,NaN,14,SAM 2:1,0.070033,1.840408e-01,9.26,1.12226105e-03,9.660873e-16,0.000000e+00
165.00,0.6430,60.0,10.0000,1.0e-03,+1,1.74532925e-03,equilibrium,1.12226105e-03,1.74532925e-03,1.12226105e-03,1.12226105e-03,0.000000e+00,100.0000,1,97.4885,1.000000,1.491319e-02,NaN,1,NaN,14,SAM 2:1,0.070033,1.840408e-01,6.89,1.12226105e-03,3.864349e-16,0.000000e+00
15.00,0.6934,60.0,10.0000,1.0e-03,+1,1.74532925e-03,equilibrium,1.21012470e-03,1.74532925e-03,1.21012470e-03,1.21012470e-03,0.000000e+00,100.0000,1,22.7725,1.000000,1.284967e-02,NaN,1,NaN,12,SAM 2:1,0.070033,1.788615e-01,6.24,1.21012470e-03,3.583770e-16,0.000000e+00
45.00,0.6934,60.0,10.0000,1.0e-03,+1,1.74532925e-03,equilibrium,1.21012470e-03,1.74532925e-03,1.21012470e-03,1.21012470e-03,0.000000e+00,100.0000,1,137.0082,1.000000,1.295010e-02,NaN,1,NaN,12,SAM 2:1,0.070033,1.788615e-01,9.50,1.21012470e-03,1.075131e-15,0.000000e+00
75.00,0.6934,60.0,10.0000,1.0e-03,+1,1.74532925e-03,equilibrium,1.21012470e-03,1.74532925e-03,1.21012470e-03,1.21012470e-03,0.000000e+00,100.0000,1,114.5132,1.000000,1.196153e-02,NaN,1,NaN,12,SAM 2:1,0.070033,1.788615e-01,9.80,1.21012470e-03,1.075131e-15,0.000000e+00
105.00,0.6934,60.0,10.0000,1.0e-03,+1,1.74532925e-03,equilibrium,1.21012470e-03,1.74532925e-03,1.21012470e-03,1.21012470e-03,0.000000e+00,100.0000,1,87.9893,1.000000,1.198626e-02,NaN,1,NaN,12,SAM 2:1,0.070033,1.788615e-01,9.20,1.21012470e-03,1.075131e-15,0.000000e+00
135.00,0.6934,60.0,10.0000,1.0e-03,+1,1.74532925e-03,equilibrium,1.21012470e-03,1.74532925e-03,1.21012470e-03,1.21012470e-03,0.000000e+00,100.0000,1,47.4812,1.000000,1.294590e-02,NaN,1,NaN,12,SAM 2:1,0.070033,1.788615e-01,8.30,1.21012470e-03,1.075131e-15,0.000000e+00
165.00,0.6934,60.0,10.0000,1.0e-03,+1,1.74532925e-03,equilibrium,1.21012470e-03,1.74532925e-03,1.21012470e-03,1.21012470e-03,0.000000e+00,100.0000,1,146.8077,1.000000,1.290343e-02,NaN,1,NaN,12,SAM 2:1,0.070033,1.788615e-01,4.96,1.21012470e-03,1.791885e-16,0.000000e+00
15.00,0.7437,60.0,10.0000,1.0e-03,+1,1.74532925e-03,equilibrium,1.29798836e-03,1.74532925e-03,1.29798836e-03,1.29798836e-03,0.000000e+00,100.0000,1,31.2943,1.000000,1.131948e-02,NaN,1,NaN,11,SAM 2:1,0.070033,1.192410e-01,5.79,1.29798836e-03,1.670588e-16,0.000000e+00
45.00,0.7437,60.0,10.0000,1.0e-03,+1,1.74532925e-03,equilibrium,1.29798836e-03,1.74532925e-03,1.29798836e-03,1.29798836e-03,0.000000e+00,100.0000,1,51.0023,1.000000,1.133014e-02,NaN,1,NaN,11,SAM 2:1,0.070033,1.192410e-01,7.20,1.29798836e-03,8.352942e-16,0.000000e+00
75.00,0.7437,60.0,10.0000,1.0e-03,+1,1.74532925e-03,equilibrium,1.29798836e-03,1.74532925e-03,1.29798836e-03,1.29798836e-03,0.000000e+00,100.0000,1,67.5592,1.000000,1.047336e-02,NaN,1,NaN,11,SAM 2:1,0.070033,1.192410e-01,6.63,1.29798836e-03,1.002353e-15,0.000000e+00
105.00,0.7437,60.0,10.0000,1.0e-03,+1,1.74532925e-03,equilibrium,1.29798836e-03,1.74532925e-03,1.29798836e-03,1.29798836e-03,0.000000e+00,100.0000,1,95.7279,1.000000,1.043631e-02,NaN,1,NaN,11,SAM 2:1,0.070033,1.192410e-01,6.92,1.29798836e-03,1.002353e-15,0.000000e+00
135.00,0.7437,60.0,10.0000,1.0e-03,+1,1.74532925e-03,equilibrium,1.29798836e-03,1.74532925e-03,1.29798836e-03,1.29798836e-03,0.000000e+00,100.0000,1,138.7006,1.000000,1.130572e-02,NaN,1,NaN,11,SAM 2:1,0.070033,1.192410e-01,6.51,1.29798836e-03,8.352942e-16,0.000000e+00
165.00,0.7437,60.0,10.0000,1.0e-03,+1,1.74532925e-03,equilibrium,1.29798836e-03,1.74532925e-03,1.29798836e-03,1.29798836e-03,0.000000e+00,100.0000,1,137.5698,1.000000,1.136389e-02,NaN,1,NaN,11,SAM 2:1,0.070033,1.192410e-01,4.32,1.29798836e-03,1.670588e-16,0.000000e+00
15.00,0.7940,60.0,10.0000,1.0e-03,+1,1.74532925e-03,equilibrium,1.38585201e-03,1.74532925e-03,1.38585201e-03,1.38585201e-03,0.000000e+00,100.0000,1,155.5795,1.000000,9.978647e-03,NaN,1,NaN,9,SAM 2:1,0.070033,5.962049e-02,4.50,1.38585201e-03,3.129345e-16,0.000000e+00
45.00,0.7940,60.0,10.0000,1.0e-03,+1,1.74532925e-03,equilibrium,1.38585201e-03,1.74532925e-03,1.38585201e-03,1.38585201e-03,0.000000e+00,100.0000,1,47.7752,1.000000,1.004019e-02,NaN,1,NaN,9,SAM 2:1,0.070033,5.962049e-02,5.94,1.38585201e-03,6.258689e-16,0.000000e+00
75.00,0.7940,60.0,10.0000,1.0e-03,+1,1.74532925e-03,equilibrium,1.38585201e-03,1.74532925e-03,1.38585201e-03,1.38585201e-03,0.000000e+00,100.0000,1,115.6144,1.000000,9.223896e-03,NaN,1,NaN,9,SAM 2:1,0.070033,5.962049e-02,5.81,1.38585201e-03,9.388034e-16,0.000000e+00
105.00,0.7940,60.0,10.0000,1.0e-03,+1,1.74532925e-03,equilibrium,1.38585201e-03,1.74532925e-03,1.38585201e-03,1.38585201e-03,0.000000e+00,100.0000,1,90.4642,1.000000,9.218475e-03,NaN,1,NaN,9,SAM 2:1,0.070033,5.962049e-02,5.56,1.38585201e-03,9.388034e-16,0.000000e+00
135.00,0.7940,60.0,10.0000,1.0e-03,+1,1.74532925e-03,equilibrium,1.38585201e-03,1.74532925e-03,1.38585201e-03,1.38585201e-03,0.000000e+00,100.0000,1,104.0745,1.000000,1.004680e-02,NaN,1,NaN,9,SAM 2:1,0.070033,5.962049e-02,5.97,1.38585201e-03,6.258689e-16,0.000000e+00
165.00,0.7940,60.0,10.0000,1.0e-03,+1,1.74532925e-03,equilibrium,1.38585201e-03,1.74532925e-03,1.38585201e-03,1.38585201e-03,0.000000e+00,100.0000,1,15.9724,1.000000,1.005277e-02,NaN,1,NaN,9,SAM 2:1,0.070033,5.962049e-02,4.13,1.38585201e-03,3.129345e-16,0.000000e+00
15.00,0.8599,60.0,10.0000,1.0e-03,+1,1.74532925e-03,equilibrium,1.50087702e-03,1.74532925e-03,1.50087702e-03,1.50087702e-03,0.000000e+00,100.0000,1,83.4709,1.000000,8.622437e-03,NaN,1,NaN,3,SAM 2:1,0.070033,1.843053e-02,3.73,1.50087702e-03,1.444758e-16,0.000000e+00
45.00,0.8599,60.0,10.0000,1.0e-03,+1,1.74532925e-03,equilibrium,1.50087702e-03,1.74532925e-03,1.50087702e-03,1.50087702e-03,0.000000e+00,100.0000,1,58.2238,1.000000,8.674001e-03,NaN,1,NaN,3,SAM 2:1,0.070033,1.843053e-02,5.32,1.50087702e-03,5.779033e-16,0.000000e+00
75.00,0.8599,60.0,10.0000,1.0e-03,+1,1.74532925e-03,equilibrium,1.50087702e-03,1.74532925e-03,1.50087702e-03,1.50087702e-03,0.000000e+00,100.0000,1,62.7269,1.000000,7.886226e-03,NaN,1,NaN,3,SAM 2:1,0.070033,1.843053e-02,6.25,1.50087702e-03,7.223791e-16,0.000000e+00
105.00,0.8599,60.0,10.0000,1.0e-03,+1,1.74532925e-03,equilibrium,1.50087702e-03,1.74532925e-03,1.50087702e-03,1.50087702e-03,0.000000e+00,100.0000,1,76.3918,1.000000,7.908233e-03,NaN,1,NaN,3,SAM 2:1,0.070033,1.843053e-02,6.45,1.50087702e-03,7.223791e-16,0.000000e+00
135.00,0.8599,60.0,10.0000,1.0e-03,+1,1.74532925e-03,equilibrium,1.50087702e-03,1.74532925e-03,1.50087702e-03,1.50087702e-03,0.000000e+00,100.0000,1,139.4702,1.000000,8.673969e-03,NaN,1,NaN,3,SAM 2:1,0.070033,1.843053e-02,5.53,1.50087702e-03,5.779033e-16,0.000000e+00
165.00,0.8599,60.0,10.0000,1.0e-03,+1,1.74532925e-03,equilibrium,1.50087702e-03,1.74532925e-03,1.50087702e-03,1.50087702e-03,0.000000e+00,100.0000,1,84.7068,1.000000,8.639477e-03,NaN,1,NaN,3,SAM 2:1,0.070033,1.843053e-02,3.52,1.50087702e-03,1.444758e-16,0.000000e+00
15.00,0.8755,60.0,10.0000,1.0e-03,+1,1.74532925e-03,equilibrium,1.52803838e-03,1.74532925e-03,1.52803838e-03,1.52803838e-03,0.000000e+00,100.0000,1,112.9966,1.000000,8.355246e-03,NaN,1,NaN,2,SAM 2:1,0.070033,3.686106e-02,3.70,1.52803838e-03,2.838154e-16,0.000000e+00
45.00,0.8755,60.0,10.0000,1.0e-03,+1,1.74532925e-03,equilibrium,1.52803838e-03,1.74532925e-03,1.52803838e-03,1.52803838e-03,0.000000e+00,100.0000,1,42.2345,1.000000,8.390503e-03,NaN,1,NaN,2,SAM 2:1,0.070033,3.686106e-02,4.80,1.52803838e-03,7.095386e-16,0.000000e+00
75.00,0.8755,60.0,10.0000,1.0e-03,+1,1.74532925e-03,equilibrium,1.52803838e-03,1.74532925e-03,1.52803838e-03,1.52803838e-03,0.000000e+00,100.0000,1,106.9261,1.000000,7.616385e-03,NaN,1,NaN,2,SAM 2:1,0.070033,3.686106e-02,4.52,1.52803838e-03,7.095386e-16,0.000000e+00
105.00,0.8755,60.0,10.0000,1.0e-03,+1,1.74532925e-03,equilibrium,1.52803838e-03,1.74532925e-03,1.52803838e-03,1.52803838e-03,0.000000e+00,100.0000,1,116.3171,1.000000,7.637369e-03,NaN,1,NaN,2,SAM 2:1,0.070033,3.686106e-02,4.40,1.52803838e-03,7.095386e-16,0.000000e+00
135.00,0.8755,60.0,10.0000,1.0e-03,+1,1.74532925e-03,equilibrium,1.52803838e-03,1.74532925e-03,1.52803838e-03,1.52803838e-03,0.000000e+00,100.0000,1,114.6655,1.000000,7.720162e-03,NaN,1,NaN,2,SAM 2:1,0.070033,3.686106e-02,4.90,1.52803838e-03,7.095386e-16,0.000000e+00
165.00,0.8755,60.0,10.0000,1.0e-03,+1,1.74532925e-03,equilibrium,1.52803838e-03,1.74532925e-03,1.52803838e-03,1.52803838e-03,0.000000e+00,100.0000,1,78.7900,1.000000,8.377659e-03,NaN,1,NaN,2,SAM 2:1,0.070033,3.686106e-02,3.48,1.52803838e-03,2.838154e-16,0.000000e+00
15.00,0.8911,60.0,10.0000,1.0e-03,+1,1.74532925e-03,equilibrium,1.55519974e-03,1.74532925e-03,1.55519974e-03,1.55519974e-03,0.000000e+00,100.0000,1,15.1454,1.000000,8.102053e-03,NaN,1,NaN,1,SAM 2:1,0.070033,5.529159e-02,3.36,1.55519974e-03,2.788586e-16,0.000000e+00
45.00,0.8911,60.0,10.0000,1.0e-03,+1,1.74532925e-03,equilibrium,1.55519974e-03,1.74532925e-03,1.55519974e-03,1.55519974e-03,0.000000e+00,100.0000,1,81.9328,1.000000,8.118164e-03,NaN,1,NaN,1,SAM 2:1,0.070033,5.529159e-02,4.63,1.55519974e-03,6.971466e-16,0.000000e+00
75.00,0.8911,60.0,10.0000,1.0e-03,+1,1.74532925e-03,equilibrium,1.55519974e-03,1.74532925e-03,1.55519974e-03,1.55519974e-03,0.000000e+00,100.0000,1,101.0228,1.000000,7.373986e-03,NaN,1,NaN,1,SAM 2:1,0.070033,5.529159e-02,4.03,1.55519974e-03,6.971466e-16,0.000000e+00
105.00,0.8911,60.0,10.0000,1.0e-03,+1,1.74532925e-03,equilibrium,1.55519974e-03,1.74532925e-03,1.55519974e-03,1.55519974e-03,0.000000e+00,100.0000,1,117.5737,1.000000,7.380326e-03,NaN,1,NaN,1,SAM 2:1,0.070033,5.529159e-02,4.86,1.55519974e-03,6.971466e-16,0.000000e+00
135.00,0.8911,60.0,10.0000,1.0e-03,+1,1.74532925e-03,equilibrium,1.55519974e-03,1.74532925e-03,1.55519974e-03,1.55519974e-03,0.000000e+00,100.0000,1,128.0051,1.000000,8.124919e-03,NaN,1,NaN,1,SAM 2:1,0.070033,5.529159e-02,4.57,1.55519974e-03,6.971466e-16,0.000000e+00
165.00,0.8911,60.0,10.0000,1.0e-03,+1,1.74532925e-03,equilibrium,1.55519974e-03,1.74532925e-03,1.55519974e-03,1.55519974e-03,0.000000e+00,100.0000,1,165.1303,1.000000,8.124409e-03,NaN,1,NaN,1,SAM 2:1,0.070033,5.529159e-02,3.23,1.55519974e-03,2.788586e-16,0.000000e+00
15.00,0.9066,60.0,10.0000,1.0e-03,+1,1.74532925e-03,equilibrium,1.58236110e-03,1.74532925e-03,1.58236110e-03,1.58236110e-03,0.000000e+00,100.0000,1,49.3670,1.000000,7.860722e-03,NaN,1,NaN,1,SAM 2:1,0.070033,7.372212e-02,3.59,1.58236110e-03,1.370360e-16,0.000000e+00
45.00,0.9066,60.0,10.0000,1.0e-03,+1,1.74532925e-03,equilibrium,1.58236110e-03,1.74532925e-03,1.58236110e-03,1.58236110e-03,0.000000e+00,100.0000,1,56.3150,1.000000,7.868066e-03,NaN,1,NaN,1,SAM 2:1,0.070033,7.372212e-02,4.54,1.58236110e-03,5.481440e-16,0.000000e+00
75.00,0.9066,60.0,10.0000,1.0e-03,+1,1.74532925e-03,equilibrium,1.58236110e-03,1.74532925e-03,1.58236110e-03,1.58236110e-03,0.000000e+00,100.0000,1,77.6673,1.000000,7.148196e-03,NaN,1,NaN,1,SAM 2:1,0.070033,7.372212e-02,4.34,1.58236110e-03,5.481440e-16,0.000000e+00
105.00,0.9066,60.0,10.0000,1.0e-03,+1,1.74532925e-03,equilibrium,1.58236110e-03,1.74532925e-03,1.58236110e-03,1.58236110e-03,0.000000e+00,100.0000,1,62.5342,1.000000,7.140181e-03,NaN,1,NaN,1,SAM 2:1,0.070033,7.372212e-02,4.20,1.58236110e-03,5.481440e-16,0.000000e+00
135.00,0.9066,60.0,10.0000,1.0e-03,+1,1.74532925e-03,equilibrium,1.58236110e-03,1.74532925e-03,1.58236110e-03,1.58236110e-03,0.000000e+00,100.0000,1,92.5904,1.000000,7.867226e-03,NaN,1,NaN,1,SAM 2:1,0.070033,7.372212e-02,4.78,1.58236110e-03,5.481440e-16,0.000000e+00
165.00,0.9066,60.0,10.0000,1.0e-03,+1,1.74532925e-03,equilibrium,1.58236110e-03,1.74532925e-03,1.58236110e-03,1.58236110e-03,0.000000e+00,100.0000,1,119.0190,1.000000,7.863245e-03,NaN,1,NaN,1,SAM 2:1,0.070033,7.372212e-02,3.37,1.58236110e-03,1.370360e-16,0.000000e+00
15.00,0.9222,60.0,10.0000,1.0e-03,+1,1.74532925e-03,equilibrium,1.60952246e-03,1.74532925e-03,1.60952246e-03,1.60952246e-03,0.000000e+00,100.0000,1,53.1803,1.000000,7.616857e-03,NaN,1,NaN,1,SAM 2:1,0.070033,9.215264e-02,3.87,1.60952246e-03,1.347235e-16,0.000000e+00
45.00,0.9222,60.0,10.0000,1.0e-03,+1,1.74532925e-03,equilibrium,1.60952246e-03,1.74532925e-03,1.60952246e-03,1.60952246e-03,0.000000e+00,100.0000,1,47.9465,1.000000,7.609471e-03,NaN,1,NaN,1,SAM 2:1,0.070033,9.215264e-02,4.60,1.60952246e-03,5.388938e-16,0.000000e+00
75.00,0.9222,60.0,10.0000,1.0e-03,+1,1.74532925e-03,equilibrium,1.60952246e-03,1.74532925e-03,1.60952246e-03,1.60952246e-03,0.000000e+00,100.0000,1,73.3089,1.000000,6.880051e-03,NaN,1,NaN,1,SAM 2:1,0.070033,9.215264e-02,4.58,1.60952246e-03,5.388938e-16,0.000000e+00
105.00,0.9222,60.0,10.0000,1.0e-03,+1,1.74532925e-03,equilibrium,1.60952246e-03,1.74532925e-03,1.60952246e-03,1.60952246e-03,0.000000e+00,100.0000,1,63.5912,1.000000,6.792556e-03,NaN,1,NaN,1,SAM 2:1,0.070033,9.215264e-02,4.42,1.60952246e-03,5.388938e-16,0.000000e+00
135.00,0.9222,60.0,10.0000,1.0e-03,+1,1.74532925e-03,equilibrium,1.60952246e-03,1.74532925e-03,1.60952246e-03,1.60952246e-03,0.000000e+00,100.0000,1,103.8119,1.000000,7.595554e-03,NaN,1,NaN,1,SAM 2:1,0.070033,9.215264e-02,4.51,1.60952246e-03,5.388938e-16,0.000000e+00
165.00,0.9222,60.0,10.0000,1.0e-03,+1,1.74532925e-03,equilibrium,1.60952246e-03,1.74532925e-03,1.60952246e-03,1.60952246e-03,0.000000e+00,100.0000,1,115.1384,1.000000,7.571302e-03,NaN,1,NaN,1,SAM 2:1,0.070033,9.215264e-02,3.53,1.60952246e-03,1.347235e-16,0.000000e+00
15.00,0.9378,60.0,10.0000,1.0e-03,+1,1.74532925e-03,equilibrium,1.63668382e-03,1.74532925e-03,1.63668382e-03,1.63668382e-03,0.000000e+00,100.0000,1,15.9009,1.000000,7.376510e-03,NaN,1,NaN,0,SAM 2:1,0.070033,1.105832e-01,3.53,1.63668382e-03,1.324877e-16,0.000000e+00
45.00,0.9378,60.0,10.0000,1.0e-03,+1,1.74532925e-03,equilibrium,1.63668382e-03,1.74532925e-03,1.63668382e-03,1.63668382e-03,0.000000e+00,100.0000,1,110.3775,1.000000,7.370559e-03,NaN,1,NaN,0,SAM 2:1,0.070033,1.105832e-01,4.52,1.63668382e-03,3.974630e-16,0.000000e+00
75.00,0.9378,60.0,10.0000,1.0e-03,+1,1.74532925e-03,equilibrium,1.63668382e-03,1.74532925e-03,1.63668382e-03,1.63668382e-03,0.000000e+00,100.0000,1,110.0356,1.000000,6.680066e-03,NaN,1,NaN,0,SAM 2:1,0.070033,1.105832e-01,4.41,1.63668382e-03,6.624384e-16,0.000000e+00
105.00,0.9378,60.0,10.0000,1.0e-03,+1,1.74532925e-03,equilibrium,1.63668382e-03,1.74532925e-03,1.63668382e-03,1.63668382e-03,0.000000e+00,100.0000,1,114.6900,1.000000,6.676606e-03,NaN,1,NaN,0,SAM 2:1,0.070033,1.105832e-01,4.44,1.63668382e-03,6.624384e-16,0.000000e+00
135.00,0.9378,60.0,10.0000,1.0e-03,+1,1.74532925e-03,equilibrium,1.63668382e-03,1.74532925e-03,1.63668382e-03,1.63668382e-03,0.000000e+00,100.0000,1,102.2232,1.000000,7.395432e-03,NaN,1,NaN,0,SAM 2:1,0.070033,1.105832e-01,4.08,1.63668382e-03,3.974630e-16,0.000000e+00
165.00,0.9378,60.0,10.0000,1.0e-03,+1,1.74532925e-03,equilibrium,1.63668382e-03,1.74532925e-03,1.63668382e-03,1.63668382e-03,0.000000e+00,100.0000,1,155.6822,1.000000,7.389252e-03,NaN,1,NaN,0,SAM 2:1,0.070033,1.105832e-01,2.93,1.63668382e-03,1.324877e-16,0.000000e+00
15.00,0.9533,60.0,10.0000,1.0e-03,+1,1.74532925e-03,equilibrium,1.66384518e-03,1.74532925e-03,1.66384518e-03,1.66384518e-03,0.000000e+00,100.0000,1,81.5158,1.000000,7.160609e-03,NaN,1,NaN,0,SAM 2:1,0.070033,1.290137e-01,2.70,1.66384518e-03,2.606498e-16,0.000000e+00
45.00,0.9533,60.0,10.0000,1.0e-03,+1,1.74532925e-03,equilibrium,1.66384518e-03,1.74532925e-03,1.66384518e-03,1.66384518e-03,0.000000e+00,100.0000,1,47.3669,1.000000,7.120304e-03,NaN,1,NaN,0,SAM 2:1,0.070033,1.290137e-01,3.95,1.66384518e-03,3.909747e-16,0.000000e+00
75.00,0.9533,60.0,10.0000,1.0e-03,+1,1.74532925e-03,equilibrium,1.66384518e-03,1.74532925e-03,1.66384518e-03,1.66384518e-03,0.000000e+00,100.0000,1,109.7741,1.000000,6.473308e-03,NaN,1,NaN,0,SAM 2:1,0.070033,1.290137e-01,3.99,1.66384518e-03,6.516244e-16,0.000000e+00
105.00,0.9533,60.0,10.0000,1.0e-03,+1,1.74532925e-03,equilibrium,1.66384518e-03,1.74532925e-03,1.66384518e-03,1.66384518e-03,0.000000e+00,100.0000,1,114.8602,1.000000,6.471145e-03,NaN,1,NaN,0,SAM 2:1,0.070033,1.290137e-01,3.30,1.66384518e-03,6.516244e-16,0.000000e+00
135.00,0.9533,60.0,10.0000,1.0e-03,+1,1.74532925e-03,equilibrium,1.66384518e-03,1.74532925e-03,1.66384518e-03,1.66384518e-03,0.000000e+00,100.0000,1,136.9332,1.000000,7.119557e-03,NaN,1,NaN,0,SAM 2:1,0.070033,1.290137e-01,3.67,1.66384518e-03,3.909747e-16,0.000000e+00
165.00,0.9533,60.0,10.0000,1.0e-03,+1,1.74532925e-03,equilibrium,1.66384518e-03,1.74532925e-03,1.66384518e-03,1.66384518e-03,0.000000e+00,100.0000,1,110.3055,1.000000,7.166488e-03,NaN,1,NaN,0,SAM 2:1,0.070033,1.290137e-01,12.83,1.66384518e-03,2.606498e-16,0.000000e+00
15.00,0.9689,60.0,10.0000,1.0e-03,+1,1.74532925e-03,equilibrium,1.69100653e-03,1.74532925e-03,1.69100653e-03,1.69100653e-03,0.000000e+00,100.0000,1,143.7265,1.000000,6.950685e-03,NaN,1,NaN,0,SAM 2:1,0.070033,1.474442e-01,4.48,1.69100653e-03,3.846947e-16,0.000000e+00
45.00,0.9689,60.0,10.0000,1.0e-03,+1,1.74532925e-03,equilibrium,1.69100653e-03,1.74532925e-03,1.69100653e-03,1.69100653e-03,0.000000e+00,100.0000,1,64.3898,1.000000,6.952911e-03,NaN,1,NaN,0,SAM 2:1,0.070033,1.474442e-01,6.70,1.69100653e-03,5.129263e-16,0.000000e+00
75.00,0.9689,60.0,10.0000,1.0e-03,+1,1.74532925e-03,equilibrium,1.69100653e-03,1.74532925e-03,1.69100653e-03,1.69100653e-03,0.000000e+00,100.0000,1,77.5119,1.000000,6.290202e-03,NaN,1,NaN,0,SAM 2:1,0.070033,1.474442e-01,6.09,1.69100653e-03,7.693895e-16,0.000000e+00
105.00,0.9689,60.0,10.0000,1.0e-03,+1,1.74532925e-03,equilibrium,1.69100653e-03,1.74532925e-03,1.69100653e-03,1.69100653e-03,0.000000e+00,100.0000,1,62.5529,1.000000,6.288005e-03,NaN,1,NaN,0,SAM 2:1,0.070033,1.474442e-01,6.00,1.69100653e-03,7.693895e-16,0.000000e+00
135.00,0.9689,60.0,10.0000,1.0e-03,+1,1.74532925e-03,equilibrium,1.69100653e-03,1.74532925e-03,1.69100653e-03,1.69100653e-03,0.000000e+00,100.0000,1,138.1032,1.000000,6.963697e-03,NaN,1,NaN,0,SAM 2:1,0.070033,1.474442e-01,6.00,1.69100653e-03,5.129263e-16,0.000000e+00
165.00,0.9689,60.0,10.0000,1.0e-03,+1,1.74532925e-03,equilibrium,1.69100653e-03,1.74532925e-03,1.69100653e-03,1.69100653e-03,0.000000e+00,100.0000,1,25.5503,1.000000,6.957620e-03,NaN,1,NaN,0,SAM 2:1,0.070033,1.474442e-01,4.00,1.69100653e-03,3.846947e-16,0.000000e+00
15.00,0.9844,60.0,10.0000,1.0e-03,+1,1.74532925e-03,equilibrium,1.71816789e-03,1.74532925e-03,1.71816789e-03,1.71816789e-03,0.000000e+00,100.0000,1,30.7917,1.000000,6.613092e-03,NaN,1,NaN,0,SAM 2:1,0.070033,1.658748e-01,3.73,1.71816789e-03,2.524089e-16,0.000000e+00
45.00,0.9844,60.0,10.0000,1.0e-03,+1,1.74532925e-03,equilibrium,1.71816789e-03,1.74532925e-03,1.71816789e-03,1.71816789e-03,0.000000e+00,100.0000,1,136.8775,1.000000,5.380647e-03,NaN,1,NaN,0,SAM 2:1,0.070033,1.658748e-01,5.09,1.71816789e-03,3.786134e-16,0.000000e+00
75.00,0.9844,60.0,10.0000,1.0e-03,+1,1.74532925e-03,equilibrium,1.71816789e-03,1.74532925e-03,1.71816789e-03,1.71816789e-03,0.000000e+00,100.0000,1,97.8721,1.000000,6.090409e-03,NaN,1,NaN,0,SAM 2:1,0.070033,1.658748e-01,5.10,1.71816789e-03,6.310223e-16,0.000000e+00
105.00,0.9844,60.0,10.0000,1.0e-03,+1,1.74532925e-03,equilibrium,1.71816789e-03,1.74532925e-03,1.71816789e-03,1.71816789e-03,0.000000e+00,100.0000,1,68.9820,1.000000,6.099400e-03,NaN,1,NaN,0,SAM 2:1,0.070033,1.658748e-01,5.05,1.71816789e-03,6.310223e-16,0.000000e+00
135.00,0.9844,60.0,10.0000,1.0e-03,+1,1.74532925e-03,equilibrium,1.71816789e-03,1.74532925e-03,1.71816789e-03,1.71816789e-03,0.000000e+00,100.0000,1,47.2830,1.000000,6.567356e-03,NaN,1,NaN,0,SAM 2:1,0.070033,1.658748e-01,5.13,1.71816789e-03,3.786134e-16,0.000000e+00
165.00,0.9844,60.0,10.0000,1.0e-03,+1,1.74532925e-03,equilibrium,1.71816789e-03,1.74532925e-03,1.71816789e-03,1.71816789e-03,0.000000e+00,100.0000,1,159.2764,1.000000,6.762900e-03,NaN,1,NaN,0,SAM 2:1,0.070033,1.658748e-01,3.93,1.71816789e-03,2.524089e-16,0.000000e+00
15.00,0.3913,120.0,10.0000,1.0e-03,+1,8.72664626e-04,equilibrium,3.41471393e-04,8.72664626e-04,3.41471393e-04,3.41471393e-04,0.000000e+00,100.0000,1,139.3831,1.000000,1.475601e-01,NaN,1,NaN,17,SAM 2:1,0.070033,3.082225e-03,15.86,3.41471393e-04,1.428790e-14,0.000000e+00
45.00,0.3913,120.0,10.0000,1.0e-03,+1,8.72664626e-04,equilibrium,3.41471393e-04,8.72664626e-04,3.41471393e-04,3.41471393e-04,0.000000e+00,100.0000,1,121.1930,1.000000,1.526348e-01,NaN,1,NaN,17,SAM 2:1,0.070033,3.082225e-03,29.72,3.41471393e-04,4.318121e-14,0.000000e+00
75.00,0.3913,120.0,10.0000,1.0e-03,+1,8.72664626e-04,equilibrium,3.41471393e-04,8.72664626e-04,3.41471393e-04,3.41471393e-04,0.000000e+00,100.0000,1,102.3950,1.000000,1.450033e-01,NaN,1,NaN,17,SAM 2:1,0.070033,3.082225e-03,25.64,3.41471393e-04,4.715008e-14,0.000000e+00
105.00,0.3913,120.0,10.0000,1.0e-03,+1,8.72664626e-04,equilibrium,3.41471393e-04,8.72664626e-04,3.41471393e-04,3.41471393e-04,0.000000e+00,100.0000,1,117.4580,1.000000,1.442757e-01,NaN,1,NaN,17,SAM 2:1,0.070033,3.082225e-03,27.49,3.41471393e-04,4.715008e-14,0.000000e+00
135.00,0.3913,120.0,10.0000,1.0e-03,+1,8.72664626e-04,equilibrium,3.41471393e-04,8.72664626e-04,3.41471393e-04,3.41471393e-04,0.000000e+00,100.0000,1,40.5899,1.000000,1.478937e-01,NaN,1,NaN,17,SAM 2:1,0.070033,3.082225e-03,26.86,3.41471393e-04,4.318121e-14,0.000000e+00
165.00,0.3913,120.0,10.0000,1.0e-03,+1,8.72664626e-04,equilibrium,3.41471393e-04,8.72664626e-04,3.41471393e-04,3.41471393e-04,1.587545e-16,100.0000,1,29.6821,1.000000,1.481149e-01,NaN,1,NaN,17,SAM 2:1,0.070033,3.082225e-03,15.02,3.41471393e-04,1.492292e-14,0.000000e+00
15.00,0.4416,120.0,10.0000,1.0e-03,+1,8.72664626e-04,equilibrium,3.85403219e-04,8.72664626e-04,3.85403219e-04,3.85403219e-04,0.000000e+00,100.0000,1,165.6973,1.000000,1.160667e-01,NaN,1,NaN,17,SAM 2:1,0.070033,2.201136e-02,14.53,3.85403219e-04,9.424097e-15,0.000000e+00
45.00,0.4416,120.0,10.0000,1.0e-03,+1,8.72664626e-04,equilibrium,3.85403219e-04,8.72664626e-04,3.85403219e-04,3.85403219e-04,0.000000e+00,100.0000,1,63.5604,1.000000,1.165721e-01,NaN,1,NaN,17,SAM 2:1,0.070033,2.201136e-02,22.45,3.85403219e-04,2.672505e-14,0.000000e+00
75.00,0.4416,120.0,10.0000,1.0e-03,+1,8.72664626e-04,equilibrium,3.85403219e-04,8.72664626e-04,3.85403219e-04,3.85403219e-04,0.000000e+00,100.0000,1,116.1268,1.000000,1.137770e-01,NaN,1,NaN,17,SAM 2:1,0.070033,2.201136e-02,21.08,3.85403219e-04,2.939756e-14,0.000000e+00
105.00,0.4416,120.0,10.0000,1.0e-03,+1,8.72664626e-04,equilibrium,3.85403219e-04,8.72664626e-04,3.85403219e-04,3.85403219e-04,0.000000e+00,100.0000,1,107.3845,1.000000,1.137489e-01,NaN,1,NaN,17,SAM 2:1,0.070033,2.201136e-02,23.83,3.85403219e-04,2.911624e-14,0.000000e+00
135.00,0.4416,120.0,10.0000,1.0e-03,+1,8.72664626e-04,equilibrium,3.85403219e-04,8.72664626e-04,3.85403219e-04,3.85403219e-04,0.000000e+00,100.0000,1,84.2424,1.000000,1.150426e-01,NaN,1,NaN,17,SAM 2:1,0.070033,2.201136e-02,24.73,3.85403219e-04,2.672505e-14,0.000000e+00
165.00,0.4416,120.0,10.0000,1.0e-03,+1,8.72664626e-04,equilibrium,3.85403219e-04,8.72664626e-04,3.85403219e-04,3.85403219e-04,0.000000e+00,100.0000,1,15.7357,1.000000,1.166855e-01,NaN,1,NaN,17,SAM 2:1,0.070033,2.201136e-02,13.54,3.85403219e-04,8.580148e-15,0.000000e+00
15.00,0.4920,120.0,10.0000,1.0e-03,+1,8.72664626e-04,equilibrium,4.29335046e-04,8.72664626e-04,4.29335046e-04,4.29335046e-04,0.000000e+00,100.0000,1,74.0766,1.000000,9.429452e-02,NaN,1,NaN,15,SAM 2:1,0.070033,3.570552e-02,12.06,4.29335046e-04,6.818325e-15,0.000000e+00
45.00,0.4920,120.0,10.0000,1.0e-03,+1,8.72664626e-04,equilibrium,4.29335046e-04,8.72664626e-04,4.29335046e-04,4.29335046e-04,0.000000e+00,100.0000,1,75.7906,1.000000,9.462210e-02,NaN,1,NaN,15,SAM 2:1,0.070033,3.570537e-02,19.80,4.29335046e-04,1.792967e-14,0.000000e+00
75.00,0.4920,120.0,10.0000,1.0e-03,+1,8.72664626e-04,equilibrium,4.29335046e-04,8.72664626e-04,4.29335046e-04,4.29335046e-04,0.000000e+00,100.0000,1,117.5335,1.000000,9.187022e-02,NaN,1,NaN,15,SAM 2:1,0.070033,3.570521e-02,19.14,4.29335046e-04,1.957112e-14,0.000000e+00
105.00,0.4920,120.0,10.0000,1.0e-03,+1,8.72664626e-04,equilibrium,4.29335046e-04,8.72664626e-04,4.29335046e-04,4.29335046e-04,0.000000e+00,100.0000,1,101.6411,1.000000,9.155242e-02,NaN,1,NaN,15,SAM 2:1,0.070033,3.570535e-02,21.02,4.29335046e-04,1.957112e-14,0.000000e+00
135.00,0.4920,120.0,10.0000,1.0e-03,+1,8.72664626e-04,equilibrium,4.29335046e-04,8.72664626e-04,4.29335046e-04,4.29335046e-04,0.000000e+00,100.0000,1,132.3114,1.000000,9.419432e-02,NaN,1,NaN,15,SAM 2:1,0.070033,3.570543e-02,19.84,4.29335046e-04,1.792967e-14,0.000000e+00
165.00,0.4920,120.0,10.0000,1.0e-03,+1,8.72664626e-04,equilibrium,4.29335046e-04,8.72664626e-04,4.29335046e-04,4.29335046e-04,0.000000e+00,100.0000,1,117.6869,1.000000,9.460855e-02,NaN,1,NaN,15,SAM 2:1,0.070033,3.570550e-02,12.67,4.29335046e-04,7.070856e-15,0.000000e+00
15.00,0.5423,120.0,10.0000,1.0e-03,+1,8.72664626e-04,equilibrium,4.73266872e-04,8.72664626e-04,4.73266872e-04,4.73266872e-04,0.000000e+00,100.0000,1,111.8268,1.000000,7.786480e-02,NaN,1,NaN,15,SAM 2:1,0.070033,4.265578e-02,11.14,4.73266872e-04,4.123601e-15,0.000000e+00
45.00,0.5423,120.0,10.0000,1.0e-03,+1,8.72664626e-04,equilibrium,4.73266872e-04,8.72664626e-04,4.73266872e-04,4.73266872e-04,0.000000e+00,100.0000,1,114.1629,1.000000,7.815136e-02,NaN,1,NaN,15,SAM 2:1,0.070033,4.265542e-02,17.37,4.73266872e-04,1.259989e-14,0.000000e+00
75.00,0.5423,120.0,10.0000,1.0e-03,+1,8.72664626e-04,equilibrium,4.73266872e-04,8.72664626e-04,4.73266872e-04,4.73266872e-04,0.000000e+00,100.0000,1,64.3541,1.000000,7.542833e-02,NaN,1,NaN,15,SAM 2:1,0.070033,4.265542e-02,17.84,4.73266872e-04,1.374534e-14,0.000000e+00
105.00,0.5423,120.0,10.0000,1.0e-03,+1,8.72664626e-04,equilibrium,4.73266872e-04,8.72664626e-04,4.73266872e-04,4.73266872e-04,0.000000e+00,100.0000,1,89.4521,1.000000,7.552782e-02,NaN,1,NaN,15,SAM 2:1,0.070033,4.265534e-02,18.88,4.73266872e-04,1.374534e-14,0.000000e+00
135.00,0.5423,120.0,10.0000,1.0e-03,+1,8.72664626e-04,equilibrium,4.73266872e-04,8.72664626e-04,4.73266872e-04,4.73266872e-04,0.000000e+00,100.0000,1,42.4257,1.000000,7.827677e-02,NaN,1,NaN,15,SAM 2:1,0.070033,4.265532e-02,18.14,4.73266872e-04,1.259989e-14,0.000000e+00
165.00,0.5423,120.0,10.0000,1.0e-03,+1,8.72664626e-04,equilibrium,4.73266872e-04,8.72664626e-04,4.73266872e-04,4.73266872e-04,0.000000e+00,100.0000,1,79.9039,1.000000,7.808528e-02,NaN,1,NaN,15,SAM 2:1,0.070033,4.265539e-02,10.71,4.73266872e-04,4.352690e-15,0.000000e+00
15.00,0.5927,120.0,10.0000,1.0e-03,+1,8.72664626e-04,equilibrium,5.17198699e-04,8.72664626e-04,5.17198699e-04,5.17198699e-04,0.000000e+00,100.0000,1,13.7701,1.000000,6.566905e-02,NaN,1,NaN,14,SAM 2:1,0.070033,1.132373e-02,9.97,5.17198699e-04,2.725186e-15,0.000000e+00
45.00,0.5927,120.0,10.0000,1.0e-03,+1,8.72664626e-04,equilibrium,5.17198699e-04,8.72664626e-04,5.17198699e-04,5.17198699e-04,0.000000e+00,100.0000,1,139.1106,1.000000,6.587023e-02,NaN,1,NaN,14,SAM 2:1,0.070033,1.132373e-02,15.06,5.17198699e-04,9.014078e-15,0.000000e+00
75.00,0.5927,120.0,10.0000,1.0e-03,+1,8.72664626e-04,equilibrium,5.17198699e-04,8.72664626e-04,5.17198699e-04,5.17198699e-04,0.000000e+00,100.0000,1,115.2592,1.000000,6.353016e-02,NaN,1,NaN,14,SAM 2:1,0.070033,1.132373e-02,13.98,5.17198699e-04,9.852597e-15,0.000000e+00
105.00,0.5927,120.0,10.0000,1.0e-03,+1,8.72664626e-04,equilibrium,5.17198699e-04,8.72664626e-04,5.17198699e-04,5.17198699e-04,0.000000e+00,100.0000,1,89.6102,1.000000,6.355606e-02,NaN,1,NaN,14,SAM 2:1,0.070033,1.132373e-02,13.95,5.17198699e-04,9.852597e-15,0.000000e+00
135.00,0.5927,120.0,10.0000,1.0e-03,+1,8.72664626e-04,equilibrium,5.17198699e-04,8.72664626e-04,5.17198699e-04,5.17198699e-04,0.000000e+00,100.0000,1,60.6945,1.000000,6.567495e-02,NaN,1,NaN,14,SAM 2:1,0.070033,1.132373e-02,15.68,5.17198699e-04,9.014078e-15,0.000000e+00
165.00,0.5927,120.0,10.0000,1.0e-03,+1,8.72664626e-04,equilibrium,5.17198699e-04,8.72664626e-04,5.17198699e-04,5.17198699e-04,2.096297e-16,100.0000,1,161.1803,1.000000,6.532791e-02,NaN,1,NaN,14,SAM 2:1,0.070033,1.132373e-02,9.43,5.17198699e-04,2.725186e-15,0.000000e+00
15.00,0.6430,120.0,10.0000,1.0e-03,+1,8.72664626e-04,equilibrium,5.61130525e-04,8.72664626e-04,5.61130525e-04,5.61130525e-04,1.932175e-16,100.0000,1,109.6349,1.000000,5.609705e-02,NaN,1,NaN,14,SAM 2:1,0.070033,5.444058e-02,8.26,5.61130525e-04,2.125392e-15,0.000000e+00
45.00,0.6430,120.0,10.0000,1.0e-03,+1,8.72664626e-04,equilibrium,5.61130525e-04,8.72664626e-04,5.61130525e-04,5.61130525e-04,0.000000e+00,100.0000,1,114.8876,1.000000,5.549803e-02,NaN,1,NaN,14,SAM 2:1,0.070033,5.444024e-02,11.87,5.61130525e-04,6.955829e-15,0.000000e+00
75.00,0.6430,120.0,10.0000,1.0e-03,+1,8.72664626e-04,equilibrium,5.61130525e-04,8.72664626e-04,5.61130525e-04,5.61130525e-04,0.000000e+00,100.0000,1,115.1041,1.000000,5.412514e-02,NaN,1,NaN,14,SAM 2:1,0.070033,5.444019e-02,11.60,5.61130525e-04,7.728699e-15,0.000000e+00
105.00,0.6430,120.0,10.0000,1.0e-03,+1,8.72664626e-04,equilibrium,5.61130525e-04,8.72664626e-04,5.61130525e-04,5.61130525e-04,0.000000e+00,100.0000,1,109.3793,1.000000,5.415254e-02,NaN,1,NaN,14,SAM 2:1,0.070033,5.444014e-02,11.43,5.61130525e-04,7.728699e-15,0.000000e+00
135.00,0.6430,120.0,10.0000,1.0e-03,+1,8.72664626e-04,equilibrium,5.61130525e-04,8.72664626e-04,5.61130525e-04,5.61130525e-04,0.000000e+00,100.0000,1,42.1517,1.000000,5.567024e-02,NaN,1,NaN,14,SAM 2:1,0.070033,5.444015e-02,11.93,5.61130525e-04,6.955829e-15,0.000000e+00
165.00,0.6430,120.0,10.0000,1.0e-03,+1,8.72664626e-04,equilibrium,5.61130525e-04,8.72664626e-04,5.61130525e-04,5.61130525e-04,0.000000e+00,100.0000,1,58.6743,1.000000,5.616489e-02,NaN,1,NaN,14,SAM 2:1,0.070033,5.444051e-02,7.60,5.61130525e-04,2.511827e-15,0.000000e+00
15.00,0.6934,120.0,10.0000,1.0e-03,+1,8.72664626e-04,equilibrium,6.05062352e-04,8.72664626e-04,6.05062352e-04,6.05062352e-04,0.000000e+00,100.0000,1,136.1401,1.000000,4.831415e-02,NaN,1,NaN,12,SAM 2:1,0.070033,1.202179e-01,6.74,6.05062352e-04,1.791885e-15,0.000000e+00
45.00,0.6934,120.0,10.0000,1.0e-03,+1,8.72664626e-04,equilibrium,6.05062352e-04,8.72664626e-04,6.05062352e-04,6.05062352e-04,0.000000e+00,100.0000,1,111.8174,1.000000,4.856880e-02,NaN,1,NaN,12,SAM 2:1,0.070033,1.202179e-01,11.96,6.05062352e-04,5.554844e-15,0.000000e+00
75.00,0.6934,120.0,10.0000,1.0e-03,+1,8.72664626e-04,equilibrium,6.05062352e-04,8.72664626e-04,6.05062352e-04,6.05062352e-04,0.000000e+00,100.0000,1,72.1446,1.000000,4.659781e-02,NaN,1,NaN,12,SAM 2:1,0.070033,1.202179e-01,11.03,6.05062352e-04,6.092409e-15,0.000000e+00
105.00,0.6934,120.0,10.0000,1.0e-03,+1,8.72664626e-04,equilibrium,6.05062352e-04,8.72664626e-04,6.05062352e-04,6.05062352e-04,0.000000e+00,100.0000,1,101.9246,1.000000,4.667204e-02,NaN,1,NaN,12,SAM 2:1,0.070033,1.202179e-01,10.65,6.05062352e-04,6.092409e-15,0.000000e+00
135.00,0.6934,120.0,10.0000,1.0e-03,+1,8.72664626e-04,equilibrium,6.05062352e-04,8.72664626e-04,6.05062352e-04,6.05062352e-04,0.000000e+00,100.0000,1,43.4272,1.000000,4.854191e-02,NaN,1,NaN,12,SAM 2:1,0.070033,1.202178e-01,11.47,6.05062352e-04,5.554844e-15,0.000000e+00
165.00,0.6934,120.0,10.0000,1.0e-03,+1,8.72664626e-04,equilibrium,6.05062352e-04,8.72664626e-04,6.05062352e-04,6.05062352e-04,0.000000e+00,100.0000,1,55.4303,1.000000,4.787004e-02,NaN,1,NaN,12,SAM 2:1,0.070033,1.202179e-01,7.27,6.05062352e-04,1.791885e-15,0.000000e+00
15.00,0.7437,120.0,10.0000,1.0e-03,+1,8.72664626e-04,equilibrium,6.48994178e-04,8.72664626e-04,6.48994178e-04,6.48994178e-04,0.000000e+00,100.0000,1,164.9384,1.000000,4.216333e-02,NaN,1,NaN,11,SAM 2:1,0.070033,1.192410e-01,5.99,6.48994178e-04,1.670588e-15,0.000000e+00
45.00,0.7437,120.0,10.0000,1.0e-03,+1,8.72664626e-04,equilibrium,6.48994178e-04,8.72664626e-04,6.48994178e-04,6.48994178e-04,0.000000e+00,100.0000,1,100.6524,1.000000,4.229230e-02,NaN,1,NaN,11,SAM 2:1,0.070033,1.192410e-01,9.14,6.48994178e-04,4.510589e-15,0.000000e+00
75.00,0.7437,120.0,10.0000,1.0e-03,+1,8.72664626e-04,equilibrium,6.48994178e-04,8.72664626e-04,6.48994178e-04,6.48994178e-04,0.000000e+00,100.0000,1,69.2153,1.000000,4.062358e-02,NaN,1,NaN,11,SAM 2:1,0.070033,1.192410e-01,7.95,6.48994178e-04,5.011765e-15,0.000000e+00
105.00,0.7437,120.0,10.0000,1.0e-03,+1,8.72664626e-04,equilibrium,6.48994178e-04,8.72664626e-04,6.48994178e-04,6.48994178e-04,0.000000e+00,100.0000,1,65.8381,1.000000,4.053444e-02,NaN,1,NaN,11,SAM 2:1,0.070033,1.192410e-01,6.96,6.48994178e-04,5.011765e-15,0.000000e+00
135.00,0.7437,120.0,10.0000,1.0e-03,+1,8.72664626e-04,equilibrium,6.48994178e-04,8.72664626e-04,6.48994178e-04,6.48994178e-04,0.000000e+00,100.0000,1,111.8815,1.000000,4.226391e-02,NaN,1,NaN,11,SAM 2:1,0.070033,1.192410e-01,6.98,6.48994178e-04,4.510589e-15,0.000000e+00
165.00,0.7437,120.0,10.0000,1.0e-03,+1,8.72664626e-04,equilibrium,6.48994178e-04,8.72664626e-04,6.48994178e-04,6.48994178e-04,0.000000e+00,100.0000,1,14.8939,1.000000,4.242562e-02,NaN,1,NaN,11,SAM 2:1,0.070033,1.192410e-01,4.47,6.48994178e-04,1.336471e-15,0.000000e+00
15.00,0.7940,120.0,10.0000,1.0e-03,+1,8.72664626e-04,equilibrium,6.92926005e-04,8.72664626e-04,6.92926005e-04,6.92926005e-04,0.000000e+00,100.0000,1,34.7101,1.000000,3.727838e-02,NaN,1,NaN,9,SAM 2:1,0.070033,5.962049e-02,5.33,6.92926005e-04,1.251738e-15,0.000000e+00
45.00,0.7940,120.0,10.0000,1.0e-03,+1,8.72664626e-04,equilibrium,6.92926005e-04,8.72664626e-04,6.92926005e-04,6.92926005e-04,0.000000e+00,100.0000,1,97.3806,1.000000,3.735919e-02,NaN,1,NaN,9,SAM 2:1,0.070033,5.962049e-02,7.32,6.92926005e-04,3.755214e-15,0.000000e+00
75.00,0.7940,120.0,10.0000,1.0e-03,+1,8.72664626e-04,equilibrium,6.92926005e-04,8.72664626e-04,6.92926005e-04,6.92926005e-04,0.000000e+00,100.0000,1,93.2539,1.000000,3.567137e-02,NaN,1,NaN,9,SAM 2:1,0.070033,5.962049e-02,6.82,6.92926005e-04,4.224615e-15,0.000000e+00
105.00,0.7940,120.0,10.0000,1.0e-03,+1,8.72664626e-04,equilibrium,6.92926005e-04,8.72664626e-04,6.92926005e-04,6.92926005e-04,0.000000e+00,100.0000,1,116.5774,1.000000,3.569000e-02,NaN,1,NaN,9,SAM 2:1,0.070033,5.962049e-02,6.73,6.92926005e-04,4.224615e-15,0.000000e+00
135.00,0.7940,120.0,10.0000,1.0e-03,+1,8.72664626e-04,equilibrium,6.92926005e-04,8.72664626e-04,6.92926005e-04,6.92926005e-04,0.000000e+00,100.0000,1,114.9512,1.000000,3.733611e-02,NaN,1,NaN,9,SAM 2:1,0.070033,5.962049e-02,6.70,6.92926005e-04,3.755214e-15,0.000000e+00
165.00,0.7940,120.0,10.0000,1.0e-03,+1,8.72664626e-04,equilibrium,6.92926005e-04,8.72664626e-04,6.92926005e-04,6.92926005e-04,0.000000e+00,100.0000,1,133.9716,1.000000,3.730288e-02,NaN,1,NaN,9,SAM 2:1,0.070033,5.962049e-02,4.38,6.92926005e-04,1.564672e-15,0.000000e+00
15.00,0.8599,120.0,10.0000,1.0e-03,+1,8.72664626e-04,equilibrium,7.50438511e-04,8.72664626e-04,7.50438511e-04,7.50438511e-04,0.000000e+00,100.0000,1,158.3728,1.000000,3.194099e-02,NaN,1,NaN,3,SAM 2:1,0.070033,1.843053e-02,4.26,7.50438511e-04,7.223791e-16,0.000000e+00
45.00,0.8599,120.0,10.0000,1.0e-03,+1,8.72664626e-04,equilibrium,7.50438511e-04,8.72664626e-04,7.50438511e-04,7.50438511e-04,0.000000e+00,100.0000,1,40.6174,1.000000,3.201535e-02,NaN,1,NaN,3,SAM 2:1,0.070033,1.843053e-02,6.46,7.50438511e-04,2.745041e-15,0.000000e+00
75.00,0.8599,120.0,10.0000,1.0e-03,+1,8.72664626e-04,equilibrium,7.50438511e-04,8.72664626e-04,7.50438511e-04,7.50438511e-04,0.000000e+00,100.0000,1,116.3928,1.000000,3.041755e-02,NaN,1,NaN,3,SAM 2:1,0.070033,1.843053e-02,6.03,7.50438511e-04,3.178468e-15,0.000000e+00
105.00,0.8599,120.0,10.0000,1.0e-03,+1,8.72664626e-04,equilibrium,7.50438511e-04,8.72664626e-04,7.50438511e-04,7.50438511e-04,0.000000e+00,100.0000,1,92.6449,1.000000,3.051106e-02,NaN,1,NaN,3,SAM 2:1,0.070033,1.843053e-02,6.75,7.50438511e-04,3.178468e-15,0.000000e+00
135.00,0.8599,120.0,10.0000,1.0e-03,+1,8.72664626e-04,equilibrium,7.50438511e-04,8.72664626e-04,7.50438511e-04,7.50438511e-04,0.000000e+00,100.0000,1,126.0711,1.000000,3.207760e-02,NaN,1,NaN,3,SAM 2:1,0.070033,1.843053e-02,6.07,7.50438511e-04,2.745041e-15,0.000000e+00
165.00,0.8599,120.0,10.0000,1.0e-03,+1,8.72664626e-04,equilibrium,7.50438511e-04,8.72664626e-04,7.50438511e-04,7.50438511e-04,0.000000e+00,100.0000,1,31.9274,1.000000,3.204492e-02,NaN,1,NaN,3,SAM 2:1,0.070033,1.843053e-02,3.48,7.50438511e-04,7.223791e-16,0.000000e+00
15.00,0.8755,120.0,10.0000,1.0e-03,+1,8.72664626e-04,equilibrium,7.64019190e-04,8.72664626e-04,7.64019190e-04,7.64019190e-04,0.000000e+00,100.0000,1,153.7001,1.000000,3.092297e-02,NaN,1,NaN,2,SAM 2:1,0.070033,3.686106e-02,3.88,7.64019190e-04,8.514463e-16,0.000000e+00
45.00,0.8755,120.0,10.0000,1.0e-03,+1,8.72664626e-04,equilibrium,7.64019190e-04,8.72664626e-04,7.64019190e-04,7.64019190e-04,0.000000e+00,100.0000,1,96.9785,1.000000,3.086592e-02,NaN,1,NaN,2,SAM 2:1,0.070033,3.686106e-02,5.06,7.64019190e-04,2.980062e-15,0.000000e+00
75.00,0.8755,120.0,10.0000,1.0e-03,+1,8.72664626e-04,equilibrium,7.64019190e-04,8.72664626e-04,7.64019190e-04,7.64019190e-04,0.000000e+00,100.0000,1,108.3519,1.000000,2.946645e-02,NaN,1,NaN,2,SAM 2:1,0.070033,3.686106e-02,5.57,7.64019190e-04,3.121970e-15,0.000000e+00
105.00,0.8755,120.0,10.0000,1.0e-03,+1,8.72664626e-04,equilibrium,7.64019190e-04,8.72664626e-04,7.64019190e-04,7.64019190e-04,0.000000e+00,100.0000,1,115.6723,1.000000,2.946560e-02,NaN,1,NaN,2,SAM 2:1,0.070033,3.686106e-02,5.00,7.64019190e-04,3.121970e-15,0.000000e+00
135.00,0.8755,120.0,10.0000,1.0e-03,+1,8.72664626e-04,equilibrium,7.64019190e-04,8.72664626e-04,7.64019190e-04,7.64019190e-04,0.000000e+00,100.0000,1,52.8221,1.000000,3.100380e-02,NaN,1,NaN,2,SAM 2:1,0.070033,3.686106e-02,4.96,7.64019190e-04,2.980062e-15,0.000000e+00
165.00,0.8755,120.0,10.0000,1.0e-03,+1,8.72664626e-04,equilibrium,7.64019190e-04,8.72664626e-04,7.64019190e-04,7.64019190e-04,0.000000e+00,100.0000,1,17.2454,1.000000,3.082669e-02,NaN,1,NaN,2,SAM 2:1,0.070033,3.686106e-02,3.35,7.64019190e-04,8.514463e-16,0.000000e+00
15.00,0.8911,120.0,10.0000,1.0e-03,+1,8.72664626e-04,equilibrium,7.77599870e-04,8.72664626e-04,7.77599870e-04,7.77599870e-04,0.000000e+00,100.0000,1,15.6116,1.000000,2.937546e-02,NaN,1,NaN,1,SAM 2:1,0.070033,5.529159e-02,3.43,7.77599870e-04,1.115435e-15,0.000000e+00
45.00,0.8911,120.0,10.0000,1.0e-03,+1,8.72664626e-04,equilibrium,7.77599870e-04,8.72664626e-04,7.77599870e-04,7.77599870e-04,0.000000e+00,100.0000,1,96.3173,1.000000,2.995884e-02,NaN,1,NaN,1,SAM 2:1,0.070033,5.529159e-02,5.95,7.77599870e-04,2.788586e-15,0.000000e+00
75.00,0.8911,120.0,10.0000,1.0e-03,+1,8.72664626e-04,equilibrium,7.77599870e-04,8.72664626e-04,7.77599870e-04,7.77599870e-04,0.000000e+00,100.0000,1,103.4436,1.000000,2.843429e-02,NaN,1,NaN,1,SAM 2:1,0.070033,5.529159e-02,5.33,7.77599870e-04,3.206874e-15,0.000000e+00
105.00,0.8911,120.0,10.0000,1.0e-03,+1,8.72664626e-04,equilibrium,7.77599870e-04,8.72664626e-04,7.77599870e-04,7.77599870e-04,0.000000e+00,100.0000,1,117.3028,1.000000,2.820454e-02,NaN,1,NaN,1,SAM 2:1,0.070033,5.529159e-02,5.29,7.77599870e-04,3.206874e-15,0.000000e+00
135.00,0.8911,120.0,10.0000,1.0e-03,+1,8.72664626e-04,equilibrium,7.77599870e-04,8.72664626e-04,7.77599870e-04,7.77599870e-04,0.000000e+00,100.0000,1,115.9279,1.000000,2.992691e-02,NaN,1,NaN,1,SAM 2:1,0.070033,5.529159e-02,5.99,7.77599870e-04,2.788586e-15,0.000000e+00
165.00,0.8911,120.0,10.0000,1.0e-03,+1,8.72664626e-04,equilibrium,7.77599870e-04,8.72664626e-04,7.77599870e-04,7.77599870e-04,0.000000e+00,100.0000,1,156.1915,1.000000,2.986007e-02,NaN,1,NaN,1,SAM 2:1,0.070033,5.529159e-02,3.44,7.77599870e-04,9.760052e-16,0.000000e+00
15.00,0.9066,120.0,10.0000,1.0e-03,+1,8.72664626e-04,equilibrium,7.91180549e-04,8.72664626e-04,7.91180549e-04,7.91180549e-04,0.000000e+00,100.0000,1,111.9787,1.000000,2.880021e-02,NaN,1,NaN,1,SAM 2:1,0.070033,7.372212e-02,2.85,7.91180549e-04,8.222160e-16,0.000000e+00
45.00,0.9066,120.0,10.0000,1.0e-03,+1,8.72664626e-04,equilibrium,7.91180549e-04,8.72664626e-04,7.91180549e-04,7.91180549e-04,0.000000e+00,100.0000,1,124.0606,1.000000,2.893559e-02,NaN,1,NaN,1,SAM 2:1,0.070033,7.372212e-02,4.28,7.91180549e-04,2.466648e-15,0.000000e+00
75.00,0.9066,120.0,10.0000,1.0e-03,+1,8.72664626e-04,equilibrium,7.91180549e-04,8.72664626e-04,7.91180549e-04,7.91180549e-04,0.000000e+00,100.0000,1,110.5304,1.000000,2.693813e-02,NaN,1,NaN,1,SAM 2:1,0.070033,7.372212e-02,4.56,7.91180549e-04,2.877756e-15,0.000000e+00
105.00,0.9066,120.0,10.0000,1.0e-03,+1,8.72664626e-04,equilibrium,7.91180549e-04,8.72664626e-04,7.91180549e-04,7.91180549e-04,0.000000e+00,100.0000,1,114.3481,1.000000,2.656510e-02,NaN,1,NaN,1,SAM 2:1,0.070033,7.372212e-02,4.38,7.91180549e-04,2.877756e-15,0.000000e+00
135.00,0.9066,120.0,10.0000,1.0e-03,+1,8.72664626e-04,equilibrium,7.91180549e-04,8.72664626e-04,7.91180549e-04,7.91180549e-04,0.000000e+00,100.0000,1,40.4541,1.000000,2.898939e-02,NaN,1,NaN,1,SAM 2:1,0.070033,7.372212e-02,4.28,7.91180549e-04,2.466648e-15,0.000000e+00
165.00,0.9066,120.0,10.0000,1.0e-03,+1,8.72664626e-04,equilibrium,7.91180549e-04,8.72664626e-04,7.91180549e-04,7.91180549e-04,0.000000e+00,100.0000,1,56.2999,1.000000,2.885301e-02,NaN,1,NaN,1,SAM 2:1,0.070033,7.372212e-02,2.89,7.91180549e-04,8.222160e-16,0.000000e+00
15.00,0.9222,120.0,10.0000,1.0e-03,+1,8.72664626e-04,equilibrium,8.04761229e-04,8.72664626e-04,8.04761229e-04,8.04761229e-04,0.000000e+00,100.0000,1,117.0260,1.000000,2.783758e-02,NaN,1,NaN,1,SAM 2:1,0.070033,9.215264e-02,2.75,8.04761229e-04,8.083408e-16,0.000000e+00
45.00,0.9222,120.0,10.0000,1.0e-03,+1,8.72664626e-04,equilibrium,8.04761229e-04,8.72664626e-04,8.04761229e-04,8.04761229e-04,0.000000e+00,100.0000,1,97.6208,1.000000,2.793995e-02,NaN,1,NaN,1,SAM 2:1,0.070033,9.215264e-02,4.49,8.04761229e-04,2.425022e-15,0.000000e+00
75.00,0.9222,120.0,10.0000,1.0e-03,+1,8.72664626e-04,equilibrium,8.04761229e-04,8.72664626e-04,8.04761229e-04,8.04761229e-04,0.000000e+00,100.0000,1,117.2531,1.000000,2.114440e-02,NaN,1,NaN,1,SAM 2:1,0.070033,9.215264e-02,4.48,8.04761229e-04,2.694469e-15,0.000000e+00
105.00,0.9222,120.0,10.0000,1.0e-03,+1,8.72664626e-04,equilibrium,8.04761229e-04,8.72664626e-04,8.04761229e-04,8.04761229e-04,0.000000e+00,100.0000,1,103.7127,1.000000,2.599435e-02,NaN,1,NaN,1,SAM 2:1,0.070033,9.215264e-02,5.99,8.04761229e-04,2.694469e-15,0.000000e+00
135.00,0.9222,120.0,10.0000,1.0e-03,+1,8.72664626e-04,equilibrium,8.04761229e-04,8.72664626e-04,8.04761229e-04,8.04761229e-04,0.000000e+00,100.0000,1,52.3326,1.000000,2.786557e-02,NaN,1,NaN,1,SAM 2:1,0.070033,9.215264e-02,4.80,8.04761229e-04,2.425022e-15,0.000000e+00
165.00,0.9222,120.0,10.0000,1.0e-03,+1,8.72664626e-04,equilibrium,8.04761229e-04,8.72664626e-04,8.04761229e-04,8.04761229e-04,0.000000e+00,100.0000,1,51.3061,1.000000,2.779779e-02,NaN,1,NaN,1,SAM 2:1,0.070033,9.215264e-02,3.56,8.04761229e-04,5.388938e-16,0.000000e+00
15.00,0.9378,120.0,10.0000,1.0e-03,+1,8.72664626e-04,equilibrium,8.18341908e-04,8.72664626e-04,8.18341908e-04,8.18341908e-04,0.000000e+00,100.0000,1,30.8602,1.000000,2.716043e-02,NaN,1,NaN,0,SAM 2:1,0.070033,1.105832e-01,3.02,8.18341908e-04,6.624384e-16,0.000000e+00
45.00,0.9378,120.0,10.0000,1.0e-03,+1,8.72664626e-04,equilibrium,8.18341908e-04,8.72664626e-04,8.18341908e-04,8.18341908e-04,0.000000e+00,100.0000,1,136.6101,1.000000,2.711625e-02,NaN,1,NaN,0,SAM 2:1,0.070033,1.105832e-01,4.91,8.18341908e-04,2.252290e-15,0.000000e+00
75.00,0.9378,120.0,10.0000,1.0e-03,+1,8.72664626e-04,equilibrium,8.18341908e-04,8.72664626e-04,8.18341908e-04,8.18341908e-04,0.000000e+00,100.0000,1,116.0653,1.000000,2.573428e-02,NaN,1,NaN,0,SAM 2:1,0.070033,1.105832e-01,5.10,8.18341908e-04,2.649754e-15,0.000000e+00
105.00,0.9378,120.0,10.0000,1.0e-03,+1,8.72664626e-04,equilibrium,8.18341908e-04,8.72664626e-04,8.18341908e-04,8.18341908e-04,0.000000e+00,100.0000,1,91.6662,1.000000,2.571406e-02,NaN,1,NaN,0,SAM 2:1,0.070033,1.105832e-01,4.90,8.18341908e-04,2.649754e-15,0.000000e+00
135.00,0.9378,120.0,10.0000,1.0e-03,+1,8.72664626e-04,equilibrium,8.18341908e-04,8.72664626e-04,8.18341908e-04,8.18341908e-04,0.000000e+00,100.0000,1,46.8978,1.000000,2.708384e-02,NaN,1,NaN,0,SAM 2:1,0.070033,1.105832e-01,6.64,8.18341908e-04,2.252290e-15,0.000000e+00
165.00,0.9378,120.0,10.0000,1.0e-03,+1,8.72664626e-04,equilibrium,8.18341908e-04,8.72664626e-04,8.18341908e-04,8.18341908e-04,0.000000e+00,100.0000,1,137.9690,1.000000,2.715557e-02,NaN,1,NaN,0,SAM 2:1,0.070033,1.105832e-01,3.64,8.18341908e-04,7.949261e-16,0.000000e+00
15.00,0.9533,120.0,10.0000,1.0e-03,+1,8.72664626e-04,equilibrium,8.31922588e-04,8.72664626e-04,8.31922588e-04,8.31922588e-04,0.000000e+00,100.0000,1,149.5109,1.000000,2.604466e-02,NaN,1,NaN,0,SAM 2:1,0.070033,1.290137e-01,3.37,8.31922588e-04,6.516244e-16,0.000000e+00
45.00,0.9533,120.0,10.0000,1.0e-03,+1,8.72664626e-04,equilibrium,8.31922588e-04,8.72664626e-04,8.31922588e-04,8.31922588e-04,0.000000e+00,100.0000,1,45.1672,1.000000,2.624888e-02,NaN,1,NaN,0,SAM 2:1,0.070033,1.290137e-01,4.39,8.31922588e-04,2.215523e-15,0.000000e+00
75.00,0.9533,120.0,10.0000,1.0e-03,+1,8.72664626e-04,equilibrium,8.31922588e-04,8.72664626e-04,8.31922588e-04,8.31922588e-04,0.000000e+00,100.0000,1,115.0789,1.000000,2.481273e-02,NaN,1,NaN,0,SAM 2:1,0.070033,1.290137e-01,5.76,8.31922588e-04,2.476173e-15,0.000000e+00
105.00,0.9533,120.0,10.0000,1.0e-03,+1,8.72664626e-04,equilibrium,8.31922588e-04,8.72664626e-04,8.31922588e-04,8.31922588e-04,0.000000e+00,100.0000,1,89.1987,1.000000,2.494280e-02,NaN,1,NaN,0,SAM 2:1,0.070033,1.290137e-01,5.99,8.31922588e-04,2.476173e-15,0.000000e+00
135.00,0.9533,120.0,10.0000,1.0e-03,+1,8.72664626e-04,equilibrium,8.31922588e-04,8.72664626e-04,8.31922588e-04,8.31922588e-04,0.000000e+00,100.0000,1,135.1650,1.000000,2.627901e-02,NaN,1,NaN,0,SAM 2:1,0.070033,1.290137e-01,4.28,8.31922588e-04,2.215523e-15,0.000000e+00
165.00,0.9533,120.0,10.0000,1.0e-03,+1,8.72664626e-04,equilibrium,8.31922588e-04,8.72664626e-04,8.31922588e-04,8.31922588e-04,0.000000e+00,100.0000,1,41.5899,1.000000,2.600784e-02,NaN,1,NaN,0,SAM 2:1,0.070033,1.290137e-01,2.68,8.31922588e-04,6.516244e-16,0.000000e+00
15.00,0.9689,120.0,10.0000,1.0e-03,+1,8.72664626e-04,equilibrium,8.45503267e-04,8.72664626e-04,8.45503267e-04,8.45503267e-04,0.000000e+00,100.0000,1,60.3206,1.000000,2.544263e-02,NaN,1,NaN,0,SAM 2:1,0.070033,1.474442e-01,2.95,8.45503267e-04,8.976210e-16,0.000000e+00
45.00,0.9689,120.0,10.0000,1.0e-03,+1,8.72664626e-04,equilibrium,8.45503267e-04,8.72664626e-04,8.45503267e-04,8.45503267e-04,0.000000e+00,100.0000,1,84.5263,1.000000,2.552382e-02,NaN,1,NaN,0,SAM 2:1,0.070033,1.474442e-01,4.27,8.45503267e-04,2.179937e-15,0.000000e+00
75.00,0.9689,120.0,10.0000,1.0e-03,+1,8.72664626e-04,equilibrium,8.45503267e-04,8.72664626e-04,8.45503267e-04,8.45503267e-04,0.000000e+00,100.0000,1,117.2539,1.000000,2.417359e-02,NaN,1,NaN,0,SAM 2:1,0.070033,1.474442e-01,3.95,8.45503267e-04,2.564632e-15,0.000000e+00
105.00,0.9689,120.0,10.0000,1.0e-03,+1,8.72664626e-04,equilibrium,8.45503267e-04,8.72664626e-04,8.45503267e-04,8.45503267e-04,0.000000e+00,100.0000,1,103.7082,1.000000,2.415056e-02,NaN,1,NaN,0,SAM 2:1,0.070033,1.474442e-01,4.26,8.45503267e-04,2.564632e-15,0.000000e+00
135.00,0.9689,120.0,10.0000,1.0e-03,+1,8.72664626e-04,equilibrium,8.45503267e-04,8.72664626e-04,8.45503267e-04,8.45503267e-04,0.000000e+00,100.0000,1,126.0088,1.000000,2.550574e-02,NaN,1,NaN,0,SAM 2:1,0.070033,1.474442e-01,3.95,8.45503267e-04,2.179937e-15,0.000000e+00
165.00,0.9689,120.0,10.0000,1.0e-03,+1,8.72664626e-04,equilibrium,8.45503267e-04,8.72664626e-04,8.45503267e-04,8.45503267e-04,0.000000e+00,100.0000,1,131.3225,1.000000,2.541441e-02,NaN,1,NaN,0,SAM 2:1,0.070033,1.474442e-01,2.62,8.45503267e-04,7.693895e-16,0.000000e+00
15.00,0.9844,120.0,10.0000,1.0e-03,+1,8.72664626e-04,equilibrium,8.59083947e-04,8.72664626e-04,8.59083947e-04,8.59083947e-04,0.000000e+00,100.0000,1,49.9288,1.000000,2.464715e-02,NaN,1,NaN,0,SAM 2:1,0.070033,1.658748e-01,2.54,8.59083947e-04,6.310223e-16,0.000000e+00
45.00,0.9844,120.0,10.0000,1.0e-03,+1,8.72664626e-04,equilibrium,8.59083947e-04,8.72664626e-04,8.59083947e-04,8.59083947e-04,0.000000e+00,100.0000,1,41.1514,1.000000,1.946723e-02,NaN,1,NaN,0,SAM 2:1,0.070033,1.658748e-01,3.88,8.59083947e-04,2.019271e-15,0.000000e+00
75.00,0.9844,120.0,10.0000,1.0e-03,+1,8.72664626e-04,equilibrium,8.59083947e-04,8.72664626e-04,8.59083947e-04,8.59083947e-04,0.000000e+00,100.0000,1,88.1203,1.000000,2.339176e-02,NaN,1,NaN,0,SAM 2:1,0.070033,1.658748e-01,3.64,8.59083947e-04,2.271680e-15,0.000000e+00
105.00,0.9844,120.0,10.0000,1.0e-03,+1,8.72664626e-04,equilibrium,8.59083947e-04,8.72664626e-04,8.59083947e-04,8.59083947e-04,0.000000e+00,100.0000,1,114.5768,1.000000,2.338319e-02,NaN,1,NaN,0,SAM 2:1,0.070033,1.658748e-01,3.78,8.59083947e-04,2.271680e-15,0.000000e+00
135.00,0.9844,120.0,10.0000,1.0e-03,+1,8.72664626e-04,equilibrium,8.59083947e-04,8.72664626e-04,8.59083947e-04,8.59083947e-04,0.000000e+00,100.0000,1,128.5303,1.000000,2.007332e-02,NaN,1,NaN,0,SAM 2:1,0.070033,1.658748e-01,4.01,8.59083947e-04,2.019271e-15,0.000000e+00
165.00,0.9844,120.0,10.0000,1.0e-03,+1,8.72664626e-04,equilibrium,8.59083947e-04,8.72664626e-04,8.59083947e-04,8.59083947e-04,0.000000e+00,100.0000,1,141.4948,1.000000,2.465530e-02,NaN,1,NaN,0,SAM 2:1,0.070033,1.658748e-01,2.59,8.59083947e-04,6.310223e-16,0.000000e+00
