beta0_deg,Id0_over_Is,Pe_min,J,mu_over_J,sigma,omega_e0,fate,omega_e_final,omega_e_peak,omega_e_min,omega_e_tailmean,ripple,t_end_yr,reached_horizon,beta_final_deg,Id_final_over_Is,eps_beta_max,t_domain_exit_yr,in_domain,omega_e_tailmean_numeric,n_resonance_crossings,nearest_resonance,d_to_resonance,min_d_separatrix,wall_s
15.00,0.3433,20.0,0.1000,1.0e-03,-1,5.23598776e-03,cycling,3.10161291e-02,4.91183248e-02,1.49002525e-03,2.75669543e-02,2.501412e-01,20.0000,1,177.5660,0.274675,2.910083e-03,NaN,1,NaN,35,LAM 2:5,-0.010870,3.544622e-02,5.87
45.00,0.3433,20.0,0.1000,1.0e-03,-1,5.23598776e-03,cycling,1.39164018e-01,1.69001350e-01,1.49409614e-03,1.32605994e-01,1.623303e-01,20.0000,1,113.8422,0.966464,3.825756e-02,NaN,1,NaN,22,SAM 5:1,0.000613,2.212141e-04,0.05
75.00,0.3433,20.0,0.1000,1.0e-03,-1,5.23598776e-03,cycling,1.39164018e-01,1.62711751e-01,1.46815771e-03,1.32605994e-01,1.623303e-01,20.0000,1,113.8422,0.966464,1.432006e-02,NaN,1,NaN,20,SAM 5:1,0.000613,6.058345e-05,0.05
105.00,0.3433,20.0,0.1000,1.0e-03,-1,5.23598776e-03,cycling,1.39164018e-01,1.49419659e-01,1.13325367e-03,1.32605994e-01,1.623303e-01,20.0000,1,113.8422,0.966464,4.314262e-03,NaN,1,NaN,28,SAM 5:1,0.000613,8.115705e-04,0.16
135.00,0.3433,20.0,0.1000,1.0e-03,-1,5.23598776e-03,cycling,1.39164018e-01,1.45289858e-01,1.43093169e-03,1.32605994e-01,1.623303e-01,20.0000,1,113.8422,0.966464,1.658555e-01,NaN,1,NaN,48,SAM 5:1,0.000613,6.588801e-05,0.23
165.00,0.3433,20.0,0.1000,1.0e-03,-1,5.23598776e-03,cycling,1.39164015e-01,3.73697393e-01,7.39450734e-04,1.32605990e-01,1.623300e-01,20.0000,1,113.8422,0.966464,1.907531e-01,NaN,1,NaN,60,SAM 5:1,0.000613,1.483348e-05,0.30
15.00,0.4120,20.0,0.1000,1.0e-03,-1,5.23598776e-03,cycling,1.39371699e-01,2.02317606e-01,1.43885349e-03,1.32772294e-01,1.651256e-01,20.0000,1,113.8323,0.966519,4.281029e-03,NaN,1,NaN,81,SAM 5:1,0.000669,1.318508e-05,0.25
45.00,0.4120,20.0,0.1000,1.0e-03,-1,5.23598776e-03,cycling,1.39164156e-01,3.36062808e-01,1.37437987e-03,1.32606232e-01,1.623478e-01,20.0000,1,113.8421,0.966464,8.063611e-03,NaN,1,NaN,73,SAM 5:1,0.000613,1.378495e-05,0.27
75.00,0.4120,20.0,0.1000,1.0e-03,-1,5.23598776e-03,cycling,1.81727652e-02,3.20890763e-02,1.78402886e-03,1.59788036e-02,2.015698e-01,20.0000,1,178.5594,0.276140,5.312866e-03,NaN,1,NaN,86,LAM 2:5,-0.009405,4.885020e-03,0.25
105.00,0.4120,20.0,0.1000,1.0e-03,-1,5.23598776e-03,cycling,4.87272706e-03,1.69432826e-02,1.09455658e-03,1.35371548e-02,1.102670e+00,20.0000,1,163.2065,0.882920,4.984203e-01,NaN,1,NaN,151,LAM 2:1,-0.009056,1.026994e-02,0.69
135.00,0.4120,20.0,0.1000,1.0e-03,-1,5.23598776e-03,cycling,1.39164074e-01,3.66820804e-01,1.63334455e-03,1.32605970e-01,1.623313e-01,20.0000,1,113.8422,0.966464,6.348560e-03,NaN,1,NaN,73,SAM 5:1,0.000613,5.214350e-05,0.22
165.00,0.4120,20.0,0.1000,1.0e-03,-1,5.23598776e-03,cycling,2.33901098e-02,3.25643558e-02,1.78810123e-03,2.36396542e-02,1.124758e+00,20.0000,1,174.2237,0.703178,2.811680e-02,NaN,1,NaN,116,LAM 1:1,-0.002151,1.095340e-02,0.38
15.00,0.4807,20.0,0.1000,1.0e-03,-1,5.23598776e-03,cycling,2.92662838e-02,3.08743360e-02,1.57746237e-03,2.58158123e-02,2.671570e-01,20.0000,1,177.8548,0.274670,1.126465e-02,NaN,1,NaN,83,LAM 2:5,-0.010875,2.031478e-02,0.60
45.00,0.4807,20.0,0.1000,1.0e-03,-1,5.23598776e-03,cycling,1.02098965e-01,4.11982896e-01,1.95760317e-03,1.74630013e-01,2.038394e+00,20.0000,1,112.1449,0.969808,3.915931e-02,NaN,1,NaN,86,SAM 5:1,0.003957,2.724363e-03,0.25
75.00,0.4807,20.0,0.1000,1.0e-03,-1,5.23598776e-03,cycling,1.39166890e-01,3.84279088e-01,2.29238437e-03,1.32609403e-01,1.624395e-01,20.0000,1,113.8440,0.966466,1.155709e-02,NaN,1,NaN,68,SAM 5:1,0.000615,1.940580e-03,0.15
105.00,0.4807,20.0,0.1000,1.0e-03,-1,5.23598776e-03,cycling,3.30270773e-01,3.30270773e-01,1.53468070e-03,9.29358804e-02,3.137546e+00,20.0000,1,83.5639,0.999579,5.775484e-02,NaN,1,NaN,99,SAM 4:1,0.025138,5.900069e-04,0.35
135.00,0.4807,20.0,0.1000,1.0e-03,-1,5.23598776e-03,cycling,1.39164457e-01,3.19621090e-01,1.70721047e-03,1.32606616e-01,1.623650e-01,20.0000,1,113.8420,0.966464,4.617101e-03,NaN,1,NaN,82,SAM 5:1,0.000613,3.426863e-06,0.35
165.00,0.4807,20.0,0.1000,1.0e-03,-1,5.23598776e-03,cycling,1.39164018e-01,1.71263857e-01,1.71514258e-03,1.32605994e-01,1.623303e-01,20.0000,1,113.8422,0.966464,8.958038e-03,NaN,1,NaN,48,SAM 5:1,0.000613,7.348816e-05,0.23
15.00,0.5493,20.0,0.1000,1.0e-03,-1,5.23598776e-03,cycling,3.46733805e-02,4.53946002e-02,2.10420595e-03,3.12272108e-02,2.207137e-01,20.0000,1,177.1316,0.274688,1.050758e-03,NaN,1,NaN,32,LAM 2:5,-0.010858,2.700020e-02,0.16
45.00,0.5493,20.0,0.1000,1.0e-03,-1,5.23598776e-03,cycling,1.57565811e-02,4.05934537e-02,2.01542397e-03,2.22628756e-02,1.082829e+00,20.0000,1,178.1578,0.469918,2.185823e-03,NaN,1,NaN,72,LAM 3:5,-0.001017,3.450739e-03,0.22
75.00,0.5493,20.0,0.1000,1.0e-03,-1,5.23598776e-03,cycling,1.81364248e-02,3.99237475e-02,2.48339145e-03,3.30309075e-02,6.596041e-01,20.0000,1,177.0822,0.573546,9.894507e-04,NaN,1,NaN,66,LAM 3:4,-0.005680,2.303165e-02,0.22
105.00,0.5493,20.0,0.1000,1.0e-03,-1,5.23598776e-03,cycling,1.39164041e-01,1.58943195e-01,2.16516971e-03,1.32606036e-01,1.623341e-01,20.0000,1,113.8421,0.966464,9.352556e-03,NaN,1,NaN,65,SAM 5:1,0.000613,4.676250e-04,0.26
135.00,0.5493,20.0,0.1000,1.0e-03,-1,5.23598776e-03,cycling,1.39164013e-01,3.07016245e-01,1.61479701e-03,1.32605982e-01,1.623291e-01,20.0000,1,113.8422,0.966464,7.652356e-02,NaN,1,NaN,61,SAM 5:1,0.000613,5.555166e-05,0.28
165.00,0.5493,20.0,0.1000,1.0e-03,-1,5.23598776e-03,cycling,1.39164120e-01,1.45960913e-01,2.04260445e-03,1.32606398e-01,1.623713e-01,20.0000,1,113.8420,0.966464,9.912717e-02,NaN,1,NaN,91,SAM 5:1,0.000613,9.643396e-04,0.36
15.00,0.6180,20.0,0.1000,1.0e-03,-1,5.23598776e-03,cycling,1.43315162e-01,4.19429636e-01,2.05944096e-03,1.86117998e-01,1.819728e+00,20.0000,1,114.1981,0.966390,3.989006e-03,NaN,1,NaN,95,SAM 5:1,0.000539,6.806573e-04,0.25
45.00,0.6180,20.0,0.1000,1.0e-03,-1,5.23598776e-03,cycling,1.39183050e-01,3.24687041e-01,2.40301482e-03,1.32657466e-01,1.627176e-01,20.0000,1,113.8556,0.966478,2.042847e-03,NaN,1,NaN,77,SAM 5:1,0.000627,6.864438e-05,0.15
75.00,0.6180,20.0,0.1000,1.0e-03,-1,5.23598776e-03,cycling,1.39164013e-01,1.47045010e-01,2.43839307e-03,1.32605982e-01,1.623291e-01,20.0000,1,113.8422,0.966464,2.165117e-03,NaN,1,NaN,49,SAM 5:1,0.000613,3.904490e-04,0.15
105.00,0.6180,20.0,0.1000,1.0e-03,-1,5.23598776e-03,cycling,1.39200642e-01,1.69752245e-01,3.11390926e-03,1.32632007e-01,1.628180e-01,20.0000,1,113.8388,0.966472,1.007933e-02,NaN,1,NaN,67,SAM 5:1,0.000622,4.903243e-04,0.24
135.00,0.6180,20.0,0.1000,1.0e-03,-1,5.23598776e-03,cycling,2.21415141e-02,2.94307965e-02,2.11079061e-03,1.87541400e-02,3.504904e-01,20.0000,1,178.2480,0.274754,3.005929e-03,NaN,1,NaN,106,LAM 2:5,-0.010791,6.936346e-03,0.34
165.00,0.6180,20.0,0.1000,1.0e-03,-1,5.23598776e-03,cycling,2.19550852e-02,2.64537231e-02,2.03814788e-03,1.85780529e-02,3.505458e-01,20.0000,1,178.2520,0.274766,6.684247e-02,NaN,1,NaN,88,LAM 2:5,-0.010779,1.780285e-02,0.36
15.00,0.6867,20.0,0.1000,1.0e-03,-1,5.23598776e-03,cycling,3.80861566e-02,3.80861566e-02,2.37616031e-03,3.46652607e-02,1.978575e-01,20.0000,1,170.1562,0.274744,9.549256e-02,NaN,1,NaN,50,LAM 2:5,-0.010801,2.003642e-03,0.21
45.00,0.6867,20.0,0.1000,1.0e-03,-1,5.23598776e-03,cycling,1.68980297e-02,3.86733874e-02,2.09936895e-03,1.58326274e-02,1.487540e-01,20.0000,1,178.6641,0.279821,4.031172e-02,NaN,1,NaN,62,LAM 2:5,-0.005724,4.493853e-03,0.24
75.00,0.6867,20.0,0.1000,1.0e-03,-1,5.23598776e-03,cycling,1.39220563e-01,3.15206545e-01,3.08228583e-03,1.32498495e-01,1.635678e-01,20.0000,1,113.8006,0.966456,9.829677e-03,NaN,1,NaN,69,SAM 5:1,0.000605,4.799438e-05,0.15
105.00,0.6867,20.0,0.1000,1.0e-03,-1,5.23598776e-03,cycling,1.39200466e-01,3.89190421e-01,4.71713414e-03,1.32683422e-01,1.627893e-01,20.0000,1,113.8563,0.966483,1.762098e-03,NaN,1,NaN,69,SAM 5:1,0.000632,5.755369e-04,0.14
135.00,0.6867,20.0,0.1000,1.0e-03,-1,5.23598776e-03,cycling,2.95178068e-02,3.21056747e-02,2.68065884e-03,2.60678855e-02,2.645370e-01,20.0000,1,177.6014,0.274672,1.794319e-03,NaN,1,NaN,74,LAM 2:5,-0.010873,2.157371e-02,0.26
165.00,0.6867,20.0,0.1000,1.0e-03,-1,5.23598776e-03,cycling,1.20743269e-01,3.29147496e-01,2.06281303e-03,1.80586728e-01,1.328964e+00,20.0000,1,112.1558,0.964459,1.203368e-03,NaN,1,NaN,80,SAM 5:1,-0.001392,2.833953e-04,0.25
15.00,0.7554,20.0,0.1000,1.0e-03,-1,5.23598776e-03,cycling,1.43107841e-01,4.05309924e-01,2.74327787e-03,1.76307485e-01,1.791357e+00,20.0000,1,113.6496,0.966616,1.098016e-02,NaN,1,NaN,68,SAM 5:1,0.000765,2.366801e-03,0.16
45.00,0.7554,20.0,0.1000,1.0e-03,-1,5.23598776e-03,cycling,3.60790275e-02,4.52978852e-02,2.65929408e-03,3.26370154e-02,2.109857e-01,20.0000,1,176.9678,0.274705,2.548882e-03,NaN,1,NaN,27,LAM 2:5,-0.010840,7.332381e-03,0.16
75.00,0.7554,20.0,0.1000,1.0e-03,-1,5.23598776e-03,cycling,1.39173403e-01,3.75796730e-01,2.66300129e-03,1.32612032e-01,1.629639e-01,20.0000,1,113.8365,0.966463,1.442067e-02,NaN,1,NaN,70,SAM 5:1,0.000612,6.326998e-04,0.15
105.00,0.7554,20.0,0.1000,1.0e-03,-1,5.23598776e-03,cycling,1.39164018e-01,1.56756359e-01,3.96592602e-03,1.32605994e-01,1.623303e-01,20.0000,1,113.8422,0.966464,2.442889e-03,NaN,1,NaN,20,SAM 5:1,0.000613,1.016246e-04,0.05
135.00,0.7554,20.0,0.1000,1.0e-03,-1,5.23598776e-03,cycling,4.19041359e-02,4.19041359e-02,2.99592715e-03,3.24274023e-02,4.735413e-01,20.0000,1,162.3700,0.832493,5.727292e-02,NaN,1,NaN,52,LAM 3:2,-0.002471,1.094569e-02,0.23
165.00,0.7554,20.0,0.1000,1.0e-03,-1,5.23598776e-03,cycling,1.38818883e-01,2.99894672e-01,2.83352406e-03,1.30116999e-01,3.808086e-01,20.0000,1,114.2652,0.966601,2.927626e-03,NaN,1,NaN,74,SAM 5:1,0.000750,9.852561e-05,0.25
15.00,0.8240,20.0,0.1000,1.0e-03,-1,5.23598776e-03,cycling,1.39164018e-01,3.57177159e-01,3.53360470e-03,1.32605994e-01,1.623303e-01,20.0000,1,113.8422,0.966464,6.936754e-03,NaN,1,NaN,34,SAM 5:1,0.000613,5.286917e-05,0.05
45.00,0.8240,20.0,0.1000,1.0e-03,-1,5.23598776e-03,cycling,1.39213097e-01,3.79830506e-01,3.37187468e-03,1.32567161e-01,1.857310e-01,20.0000,1,113.7470,0.966428,2.490953e-03,NaN,1,NaN,64,SAM 5:1,0.000577,9.052272e-04,0.18
75.00,0.8240,20.0,0.1000,1.0e-03,-1,5.23598776e-03,cycling,1.39164018e-01,1.82006732e-01,3.21319535e-03,1.32605994e-01,1.623303e-01,20.0000,1,113.8422,0.966464,4.392645e-03,NaN,1,NaN,24,SAM 5:1,0.000613,4.146055e-04,0.05
105.00,0.8240,20.0,0.1000,1.0e-03,-1,5.23598776e-03,cycling,1.39164018e-01,1.82294363e-01,4.05741930e-03,1.32605994e-01,1.623303e-01,20.0000,1,113.8422,0.966464,2.442952e-02,NaN,1,NaN,14,SAM 5:1,0.000613,3.181189e-04,0.05
135.00,0.8240,20.0,0.1000,1.0e-03,-1,5.23598776e-03,cycling,1.39164295e-01,3.00005379e-01,4.61209108e-03,1.32606359e-01,1.623480e-01,20.0000,1,113.8421,0.966464,6.045310e-03,NaN,1,NaN,48,SAM 5:1,0.000613,1.224268e-04,0.20
165.00,0.8240,20.0,0.1000,1.0e-03,-1,5.23598776e-03,cycling,1.39163940e-01,3.32449620e-01,4.52009351e-03,1.32605856e-01,1.623308e-01,20.0000,1,113.8422,0.966464,3.824589e-03,NaN,1,NaN,44,SAM 5:1,0.000613,2.063761e-06,0.20
15.00,0.8927,20.0,0.1000,1.0e-03,-1,5.23598776e-03,cycling,1.39164018e-01,2.99049361e-01,4.12875686e-03,1.32605994e-01,1.623303e-01,20.0000,1,113.8422,0.966464,1.849586e-03,NaN,1,NaN,37,SAM 5:1,0.000613,2.507096e-04,0.06
45.00,0.8927,20.0,0.1000,1.0e-03,-1,5.23598776e-03,spinup,1.00000000e+00,1.00000000e+00,3.44057034e-03,9.53931901e-01,9.141681e-02,3.3903,0,82.4318,1.000000,1.797797e-02,NaN,1,8.90757985e-01,6,SAM 4:1,0.025560,1.865975e-02,0.01
75.00,0.8927,20.0,0.1000,1.0e-03,-1,5.23598776e-03,cycling,1.39164047e-01,1.62592081e-01,3.69609323e-03,1.32606041e-01,1.623337e-01,20.0000,1,113.8421,0.966464,2.929898e-03,NaN,1,NaN,51,SAM 5:1,0.000613,1.563234e-03,0.16
105.00,0.8927,20.0,0.1000,1.0e-03,-1,5.23598776e-03,cycling,1.39164018e-01,3.08773328e-01,5.01427827e-03,1.32605994e-01,1.623303e-01,20.0000,1,113.8422,0.966464,5.417250e-03,NaN,1,NaN,19,SAM 5:1,0.000613,5.119977e-06,0.06
135.00,0.8927,20.0,0.1000,1.0e-03,-1,5.23598776e-03,cycling,1.39164052e-01,1.79511261e-01,5.23598776e-03,1.32606008e-01,1.623286e-01,20.0000,1,113.8422,0.966464,2.677625e-03,NaN,1,NaN,39,SAM 5:1,0.000613,1.953749e-04,0.18
165.00,0.8927,20.0,0.1000,1.0e-03,-1,5.23598776e-03,cycling,3.32241290e-01,3.32241290e-01,5.23598776e-03,1.29173149e-01,2.220797e+00,20.0000,1,57.1888,0.999471,4.850206e-03,NaN,1,NaN,72,SAM 4:1,0.025031,1.338400e-03,0.18
15.00,0.9652,20.0,0.1000,1.0e-03,-1,5.23598776e-03,spinup,1.00000000e+00,1.00000000e+00,5.08279668e-03,9.55893462e-01,8.787031e-02,3.3555,0,83.6047,1.000000,4.197146e-03,NaN,1,NaN,2,SAM 4:1,0.025560,4.017948e-03,0.02
45.00,0.9652,20.0,0.1000,1.0e-03,-1,5.23598776e-03,spinup,1.00000000e+00,1.00000000e+00,5.23598776e-03,9.61156991e-01,7.534648e-02,3.2985,0,84.8725,1.000000,4.171676e-03,NaN,1,NaN,2,SAM 4:1,0.025560,4.017948e-03,0.01
75.00,0.9652,20.0,0.1000,1.0e-03,-1,5.23598776e-03,cycling,1.39164022e-01,3.40864190e-01,5.23598776e-03,1.32605996e-01,1.623301e-01,20.0000,1,113.8422,0.966464,1.633911e-02,NaN,1,NaN,41,SAM 5:1,0.000613,4.536609e-04,0.06
105.00,0.9652,20.0,0.1000,1.0e-03,-1,5.23598776e-03,cycling,1.39164018e-01,3.70773160e-01,5.23598776e-03,1.32605994e-01,1.623303e-01,20.0000,1,113.8422,0.966464,1.463134e-02,NaN,1,NaN,15,SAM 5:1,0.000613,1.318167e-04,0.06
135.00,0.9652,20.0,0.1000,1.0e-03,-1,5.23598776e-03,cycling,3.36805896e-02,4.49670582e-02,5.23598776e-03,3.02358023e-02,2.278500e-01,20.0000,1,177.3140,0.274693,7.561393e-04,NaN,1,NaN,22,LAM 2:5,-0.010852,4.017948e-03,0.30
165.00,0.9652,20.0,0.1000,1.0e-03,-1,5.23598776e-03,cycling,3.73289714e-02,4.39750331e-02,5.23598776e-03,3.38912431e-02,2.029924e-01,20.0000,1,177.2565,0.274723,3.199433e-03,NaN,1,NaN,24,LAM 2:5,-0.010822,4.017948e-03,0.32
15.00,0.9691,20.0,0.1000,1.0e-03,-1,5.23598776e-03,spinup,1.00000000e+00,1.00000000e+00,5.23598776e-03,9.55844862e-01,8.803873e-02,3.3571,0,83.6370,1.000000,3.704435e-03,NaN,1,NaN,1,SAM 4:1,0.025560,8.035896e-03,0.02
45.00,0.9691,20.0,0.1000,1.0e-03,-1,5.23598776e-03,spinup,1.00000000e+00,1.00000000e+00,5.23598776e-03,9.60123793e-01,7.760682e-02,3.3083,0,84.4813,1.000000,5.978330e-03,NaN,1,NaN,1,SAM 4:1,0.025560,8.035896e-03,0.02
75.00,0.9691,20.0,0.1000,1.0e-03,-1,5.23598776e-03,cycling,3.10614604e-02,4.57329429e-02,5.12470765e-03,2.76169194e-02,2.493410e-01,20.0000,1,177.5415,0.274693,1.902005e-02,NaN,1,NaN,23,LAM 2:5,-0.010852,8.035896e-03,0.29
105.00,0.9691,20.0,0.1000,1.0e-03,-1,5.23598776e-03,cycling,1.39164018e-01,3.88395627e-01,5.23598776e-03,1.32605994e-01,1.623303e-01,20.0000,1,113.8422,0.966464,1.764824e-02,NaN,1,NaN,22,SAM 5:1,0.000613,1.435672e-04,0.09
135.00,0.9691,20.0,0.1000,1.0e-03,-1,5.23598776e-03,cycling,3.34396094e-02,4.52703120e-02,5.23598776e-03,2.99951567e-02,2.296515e-01,20.0000,1,177.3634,0.274695,3.234712e-03,NaN,1,NaN,23,LAM 2:5,-0.010850,8.035896e-03,0.25
165.00,0.9691,20.0,0.1000,1.0e-03,-1,5.23598776e-03,cycling,3.74726006e-02,4.40295454e-02,5.23598776e-03,3.40358448e-02,2.020872e-01,20.0000,1,176.6745,0.274727,2.226318e-03,NaN,1,NaN,25,LAM 2:5,-0.010818,8.035896e-03,0.27
15.00,0.9730,20.0,0.1000,1.0e-03,-1,5.23598776e-03,spinup,1.00000000e+00,1.00000000e+00,5.23598776e-03,9.55797380e-01,8.820231e-02,3.3586,0,83.6675,1.000000,3.335532e-03,NaN,1,NaN,1,SAM 4:1,0.025560,1.205384e-02,0.02
45.00,0.9730,20.0,0.1000,1.0e-03,-1,5.23598776e-03,spinup,1.00000000e+00,1.00000000e+00,5.23598776e-03,9.59339804e-01,7.932714e-02,3.3169,0,84.1919,1.000000,7.149412e-03,NaN,1,NaN,1,SAM 4:1,0.025560,1.205384e-02,0.02
75.00,0.9730,20.0,0.1000,1.0e-03,-1,5.23598776e-03,cycling,3.46994319e-02,4.56978418e-02,4.70968247e-03,3.12576904e-02,2.202527e-01,20.0000,1,177.2911,0.274706,1.915690e-02,NaN,1,NaN,23,LAM 2:5,-0.010839,1.205384e-02,0.26
105.00,0.9730,20.0,0.1000,1.0e-03,-1,5.23598776e-03,cycling,1.39211510e-01,3.09531209e-01,5.23598776e-03,1.23789311e-01,6.332352e-01,20.0000,1,112.2714,0.965734,1.811324e-02,NaN,1,NaN,67,SAM 5:1,-0.000117,1.169876e-04,0.12
135.00,0.9730,20.0,0.1000,1.0e-03,-1,5.23598776e-03,cycling,3.45376772e-02,4.50312602e-02,5.23598776e-03,3.10944981e-02,2.214854e-01,20.0000,1,177.3122,0.274700,5.062092e-03,NaN,1,NaN,23,LAM 2:5,-0.010845,1.205384e-02,0.26
165.00,0.9730,20.0,0.1000,1.0e-03,-1,5.23598776e-03,cycling,3.67847075e-02,4.48777306e-02,5.23598776e-03,3.33453403e-02,2.063859e-01,20.0000,1,176.8472,0.274716,1.045362e-03,NaN,1,NaN,25,LAM 2:5,-0.010829,1.205384e-02,0.27
15.00,0.9768,20.0,0.1000,1.0e-03,-1,5.23598776e-03,spinup,1.00000000e+00,1.00000000e+00,5.23598776e-03,9.55750785e-01,8.836300e-02,3.3600,0,83.6970,1.000000,3.043198e-03,NaN,1,NaN,0,SAM 4:1,0.025560,1.607179e-02,0.01
45.00,0.9768,20.0,0.1000,1.0e-03,-1,5.23598776e-03,spinup,1.00000000e+00,1.00000000e+00,5.23598776e-03,9.58713770e-01,8.069797e-02,3.3246,0,83.9623,1.000000,8.051032e-03,NaN,1,NaN,0,SAM 4:1,0.025560,1.607179e-02,0.01
75.00,0.9768,20.0,0.1000,1.0e-03,-1,5.23598776e-03,cycling,3.58212079e-02,4.58133116e-02,4.64668904e-03,3.23794018e-02,2.126489e-01,20.0000,1,177.1111,0.274706,1.784286e-02,NaN,1,1.83762406e-01,26,LAM 2:5,-0.010839,1.607179e-02,0.27
105.00,0.9768,20.0,0.1000,1.0e-03,-1,5.23598776e-03,cycling,3.55930182e-02,4.44469868e-02,5.23598776e-03,3.21517157e-02,2.141269e-01,20.0000,1,176.3980,0.274707,1.711972e-02,NaN,1,NaN,24,LAM 2:5,-0.010838,1.607179e-02,0.28
135.00,0.9768,20.0,0.1000,1.0e-03,-1,5.23598776e-03,cycling,3.52801411e-02,4.51416312e-02,5.23598776e-03,3.18387007e-02,2.162303e-01,20.0000,1,177.1680,0.274707,6.604757e-03,NaN,1,NaN,24,LAM 2:5,-0.010838,1.607179e-02,0.26
165.00,0.9768,20.0,0.1000,1.0e-03,-1,5.23598776e-03,cycling,3.73340337e-02,4.42805522e-02,5.23598776e-03,3.38968906e-02,2.029314e-01,20.0000,1,177.3128,0.274725,3.187243e-04,NaN,1,NaN,26,LAM 2:5,-0.010820,1.607179e-02,0.27
15.00,0.9807,20.0,0.1000,1.0e-03,-1,5.23598776e-03,spinup,1.00000000e+00,1.00000000e+00,5.23598776e-03,9.55703987e-01,8.852434e-02,3.3613,0,83.7258,1.000000,2.803296e-03,NaN,1,NaN,0,SAM 4:1,0.025560,2.008974e-02,0.02
45.00,0.9807,20.0,0.1000,1.0e-03,-1,5.23598776e-03,spinup,1.00000000e+00,1.00000000e+00,5.23598776e-03,9.58187134e-01,8.185574e-02,3.3317,0,83.7752,1.000000,8.801601e-03,NaN,1,NaN,0,SAM 4:1,0.025560,2.008974e-02,0.02
75.00,0.9807,20.0,0.1000,1.0e-03,-1,5.23598776e-03,cycling,3.55272407e-02,4.16686965e-02,4.95937980e-03,3.20918773e-02,2.143599e-01,20.0000,1,170.7040,0.274696,1.551637e-02,NaN,1,NaN,32,LAM 2:5,-0.010849,2.008974e-02,0.32
105.00,0.9807,20.0,0.1000,1.0e-03,-1,5.23598776e-03,cycling,3.55497054e-02,4.60506593e-02,5.23598776e-03,3.21076275e-02,2.144591e-01,20.0000,1,177.7298,0.274704,1.510631e-02,NaN,1,NaN,24,LAM 2:5,-0.010841,2.008974e-02,0.27
135.00,0.9807,20.0,0.1000,1.0e-03,-1,5.23598776e-03,cycling,3.64078710e-02,4.48157420e-02,5.23598776e-03,3.29688200e-02,2.087199e-01,20.0000,1,177.1769,0.274717,7.981474e-03,NaN,1,NaN,24,LAM 2:5,-0.010828,2.008974e-02,0.27
165.00,0.9807,20.0,0.1000,1.0e-03,-1,5.23598776e-03,cycling,3.68612006e-02,4.47917334e-02,5.23598776e-03,3.34220783e-02,2.059010e-01,20.0000,1,177.2673,0.274717,1.835339e-03,NaN,1,NaN,26,LAM 2:5,-0.010828,2.008974e-02,0.27
15.00,0.9845,20.0,0.1000,1.0e-03,-1,5.23598776e-03,spinup,1.00000000e+00,1.00000000e+00,5.23598776e-03,9.55655642e-01,8.869028e-02,3.3624,0,83.7540,1.000000,3.583851e-03,NaN,1,NaN,0,SAM 4:1,0.025560,2.410769e-02,0.02
45.00,0.9845,20.0,0.1000,1.0e-03,-1,5.23598776e-03,spinup,1.00000000e+00,1.00000000e+00,5.23598776e-03,9.57733502e-01,8.287512e-02,3.3381,0,83.6317,1.000000,9.455098e-03,NaN,1,NaN,0,SAM 4:1,0.025560,2.410769e-02,0.02
75.00,0.9845,20.0,0.1000,1.0e-03,-1,5.23598776e-03,cycling,1.39174167e-01,3.72257729e-01,4.16652567e-03,1.32612746e-01,1.629575e-01,20.0000,1,113.8366,0.966463,1.241853e-02,NaN,1,NaN,69,SAM 5:1,0.000612,3.452510e-04,0.26
105.00,0.9845,20.0,0.1000,1.0e-03,-1,5.23598776e-03,cycling,3.45617639e-02,4.14631907e-02,4.49978523e-03,3.11153129e-02,2.215216e-01,20.0000,1,177.4300,0.274686,1.231427e-02,NaN,1,NaN,32,LAM 2:5,-0.010859,2.410769e-02,0.28
135.00,0.9845,20.0,0.1000,1.0e-03,-1,5.23598776e-03,cycling,3.61145189e-02,4.55040373e-02,5.23598776e-03,3.26739036e-02,2.106770e-01,20.0000,1,177.1370,0.274711,9.246570e-03,NaN,1,NaN,26,LAM 2:5,-0.010834,2.410769e-02,0.26
165.00,0.9845,20.0,0.1000,1.0e-03,-1,5.23598776e-03,cycling,3.73511871e-02,4.41526077e-02,5.23598776e-03,3.39138251e-02,2.028405e-01,20.0000,1,177.1481,0.274724,3.479587e-03,NaN,1,NaN,26,LAM 2:5,-0.010821,2.410769e-02,0.26
15.00,0.9884,20.0,0.1000,1.0e-03,-1,5.23598776e-03,spinup,1.00000000e+00,1.00000000e+00,5.23598776e-03,9.55604270e-01,8.886481e-02,3.3634,0,83.7816,1.000000,5.037128e-03,NaN,1,NaN,0,SAM 4:1,0.025560,2.812564e-02,0.02
45.00,0.9884,20.0,0.1000,1.0e-03,-1,5.23598776e-03,spinup,1.00000000e+00,1.00000000e+00,5.23598776e-03,9.57341003e-01,8.380858e-02,3.3438,0,83.5444,1.000000,1.004081e-02,NaN,1,NaN,0,SAM 4:1,0.025560,2.812564e-02,0.02
75.00,0.9884,20.0,0.1000,1.0e-03,-1,5.23598776e-03,spinup,1.00000000e+00,1.00000000e+00,5.23598776e-03,9.60877129e-01,7.629570e-02,3.2970,0,84.9812,1.000000,8.704357e-03,NaN,1,NaN,0,SAM 4:1,0.025560,2.812564e-02,0.02
105.00,0.9884,20.0,0.1000,1.0e-03,-1,5.23598776e-03,cycling,1.39685206e-01,3.01609401e-01,3.68745958e-03,1.29058837e-01,2.936770e-01,20.0000,1,113.8144,0.966631,8.898788e-03,NaN,1,NaN,71,SAM 5:1,0.000781,7.512596e-04,0.26
135.00,0.9884,20.0,0.1000,1.0e-03,-1,5.23598776e-03,cycling,3.77590732e-02,4.34000071e-02,5.23598776e-03,3.43236207e-02,2.003390e-01,20.0000,1,177.5052,0.274732,1.042967e-02,NaN,1,NaN,28,LAM 2:5,-0.010813,2.812564e-02,0.27
165.00,0.9884,20.0,0.1000,1.0e-03,-1,5.23598776e-03,cycling,3.32411898e-02,4.80781133e-02,5.23598776e-03,2.97951563e-02,2.312856e-01,20.0000,1,177.3382,0.274688,5.231559e-03,NaN,1,NaN,24,LAM 2:5,-0.010857,2.812564e-02,0.26
15.00,0.9923,20.0,0.1000,1.0e-03,-1,5.23598776e-03,spinup,1.00000000e+00,1.00000000e+00,5.23598776e-03,9.55548229e-01,8.905209e-02,3.3643,0,83.8082,1.000000,6.588888e-03,NaN,1,NaN,0,SAM 4:1,0.025560,3.214359e-02,0.02
45.00,0.9923,20.0,0.1000,1.0e-03,-1,5.23598776e-03,spinup,1.00000000e+00,1.00000000e+00,5.23598776e-03,9.56987712e-01,8.474116e-02,3.3484,0,83.5275,1.000000,1.057644e-02,NaN,1,NaN,0,SAM 4:1,0.025560,3.214359e-02,0.02
75.00,0.9923,20.0,0.1000,1.0e-03,-1,5.23598776e-03,spinup,1.00000000e+00,1.00000000e+00,5.23598776e-03,9.59210307e-01,7.987101e-02,3.3172,0,84.3183,1.000000,4.483274e-03,NaN,1,NaN,0,SAM 4:1,0.025560,3.214359e-02,0.01
105.00,0.9923,20.0,0.1000,1.0e-03,-1,5.23598776e-03,cycling,1.51888237e-02,3.90538530e-02,2.68766830e-03,1.63568134e-02,1.855965e-01,20.0000,1,178.7734,0.320440,4.969459e-03,NaN,1,1.69366207e-01,59,LAM 2:5,0.034895,3.214359e-02,0.40
135.00,0.9923,20.0,0.1000,1.0e-03,-1,5.23598776e-03,cycling,3.49395887e-02,4.22102196e-02,5.23598776e-03,3.14939247e-02,2.188218e-01,20.0000,1,177.6987,0.274689,1.154881e-02,NaN,1,NaN,30,LAM 2:5,-0.010856,3.214359e-02,0.28
165.00,0.9923,20.0,0.1000,1.0e-03,-1,5.23598776e-03,cycling,3.57065766e-02,4.49614580e-02,5.23598776e-03,3.22627879e-02,2.135185e-01,20.0000,1,177.0559,0.274697,7.075073e-03,NaN,1,NaN,28,LAM 2:5,-0.010848,3.214359e-02,0.29
15.00,0.9961,20.0,0.1000,1.0e-03,-1,5.23598776e-03,spinup,1.00000000e+00,1.00000000e+00,5.23598776e-03,9.55485647e-01,8.925649e-02,3.3651,0,83.8332,1.000000,8.225559e-03,NaN,1,NaN,0,SAM 4:1,0.025560,3.616153e-02,0.01
45.00,0.9961,20.0,0.1000,1.0e-03,-1,5.23598776e-03,spinup,1.00000000e+00,1.00000000e+00,5.23598776e-03,9.56580558e-01,8.590409e-02,3.3512,0,83.5558,1.000000,1.107350e-02,NaN,1,NaN,0,SAM 4:1,0.025560,3.616153e-02,0.02
75.00,0.9961,20.0,0.1000,1.0e-03,-1,5.23598776e-03,spinup,1.00000000e+00,1.00000000e+00,5.23598776e-03,9.57938360e-01,8.268802e-02,3.3326,0,83.8726,1.000000,1.625710e-04,NaN,1,NaN,0,SAM 4:1,0.025560,3.616153e-02,0.02
105.00,0.9961,20.0,0.1000,1.0e-03,-1,5.23598776e-03,spinup,1.00000000e+00,1.00000000e+00,5.23598776e-03,9.60893440e-01,7.614888e-02,3.2921,0,84.8906,1.000000,3.814586e-03,NaN,1,NaN,0,SAM 4:1,0.025560,3.616153e-02,0.02
135.00,0.9961,20.0,0.1000,1.0e-03,-1,5.23598776e-03,cycling,1.39168521e-01,3.65976554e-01,4.66720333e-03,1.32611646e-01,1.624651e-01,20.0000,1,113.8440,0.966466,1.261582e-02,NaN,1,NaN,65,SAM 5:1,0.000616,1.066212e-03,0.25
165.00,0.9961,20.0,0.1000,1.0e-03,-1,5.23598776e-03,cycling,1.39164007e-01,1.61832163e-01,5.23598776e-03,1.32605964e-01,1.623278e-01,20.0000,1,113.8422,0.966464,8.996720e-03,NaN,1,NaN,45,SAM 5:1,0.000613,8.767855e-05,0.26
15.00,0.3433,60.0,0.1000,1.0e-03,-1,1.74532925e-03,cycling,1.39164018e-01,1.76610431e-01,7.50711702e-04,1.32605994e-01,1.623303e-01,20.0000,1,113.8422,0.966464,3.936023e-02,NaN,1,NaN,22,SAM 5:1,0.000613,1.758390e-04,0.11
45.00,0.3433,60.0,0.1000,1.0e-03,-1,1.74532925e-03,cycling,1.39164018e-01,3.33200012e-01,7.33027390e-04,1.32605994e-01,1.623303e-01,20.0000,1,113.8422,0.966464,4.474585e-02,NaN,1,NaN,22,SAM 5:1,0.000613,2.651486e-05,0.09
75.00,0.3433,60.0,0.1000,1.0e-03,-1,1.74532925e-03,cycling,1.39164018e-01,1.54464222e-01,8.52776975e-06,1.32605994e-01,1.623303e-01,20.0000,1,113.8422,0.966464,6.975013e+01,3.3584,0,NaN,120,SAM 5:1,0.000613,3.230548e-04,4.44
105.00,0.3433,60.0,0.1000,1.0e-03,-1,1.74532925e-03,cycling,1.39164018e-01,4.17578776e-01,5.43616755e-04,1.32605994e-01,1.623303e-01,20.0000,1,113.8422,0.966464,8.702621e-02,NaN,1,NaN,42,SAM 5:1,0.000613,5.064879e-05,0.28
135.00,0.3433,60.0,0.1000,1.0e-03,-1,1.74532925e-03,spinup,1.00000000e+00,1.00000000e+00,2.79995974e-04,9.78598703e-01,3.893393e-02,4.8260,0,72.6124,1.000000,7.489066e-02,NaN,1,NaN,33,SAM 4:1,0.025560,1.714053e-08,0.40
165.00,0.3433,60.0,0.1000,1.0e-03,-1,1.74532925e-03,cycling,1.39164018e-01,3.92236399e-01,2.11410279e-04,1.32605994e-01,1.623303e-01,20.0000,1,113.8422,0.966464,5.188464e+00,1.6541,0,NaN,64,SAM 5:1,0.000613,7.227645e-06,0.80
15.00,0.4120,60.0,0.1000,1.0e-03,-1,1.74532925e-03,cycling,1.39164018e-01,1.79812163e-01,4.20824162e-06,1.32605994e-01,1.623303e-01,20.0000,1,113.8422,0.966464,2.573881e+00,3.0576,0,NaN,55,SAM 5:1,0.000613,2.468132e-04,4.21
45.00,0.4120,60.0,0.1000,1.0e-03,-1,1.74532925e-03,cycling,1.39164018e-01,1.65799834e-01,3.44807856e-05,1.32605994e-01,1.623303e-01,20.0000,1,113.8422,0.966464,2.447440e+00,3.0075,0,NaN,97,SAM 5:1,0.000613,2.257170e-04,1.72
75.00,0.4120,60.0,0.1000,1.0e-03,-1,1.74532925e-03,cycling,1.39164018e-01,3.71192249e-01,1.01155858e-04,1.32605994e-01,1.623303e-01,20.0000,1,113.8422,0.966464,2.429181e-01,NaN,1,NaN,79,SAM 5:1,0.000613,2.019108e-07,1.38
105.00,0.4120,60.0,0.1000,1.0e-03,-1,1.74532925e-03,cycling,1.39164018e-01,4.19854281e-01,4.38145146e-04,1.32605994e-01,1.623303e-01,20.0000,1,113.8422,0.966464,2.289084e-02,NaN,1,NaN,27,SAM 5:1,0.000613,6.399249e-05,0.35
135.00,0.4120,60.0,0.1000,1.0e-03,-1,1.74532925e-03,cycling,1.39164018e-01,4.41030360e-01,9.03588973e-05,1.32605994e-01,1.623303e-01,20.0000,1,113.8422,0.966464,2.811018e-01,NaN,1,NaN,101,SAM 5:1,0.000613,1.687204e-07,1.82
165.00,0.4120,60.0,0.1000,1.0e-03,-1,1.74532925e-03,cycling,1.39164018e-01,1.52843725e-01,1.82644473e-04,1.32605994e-01,1.623303e-01,20.0000,1,113.8422,0.966464,1.526351e-01,NaN,1,NaN,83,SAM 5:1,0.000613,4.080976e-05,1.09
15.00,0.4807,60.0,0.1000,1.0e-03,-1,1.74532925e-03,despin,9.99999983e-09,6.78121034e-03,9.99999983e-09,3.15028784e-04,2.275386e+00,3.9640,0,74.0983,0.947888,3.787762e+08,2.6824,0,NaN,119,LAM 4:1,-0.003773,1.787525e-03,5.07
45.00,0.4807,60.0,0.1000,1.0e-03,-1,1.74532925e-03,cycling,1.39164018e-01,1.70547327e-01,8.86743022e-04,1.32605994e-01,1.623303e-01,20.0000,1,113.8422,0.966464,2.122131e-02,NaN,1,NaN,20,SAM 5:1,0.000613,2.252732e-04,0.09
75.00,0.4807,60.0,0.1000,1.0e-03,-1,1.74532925e-03,despin,1.00000001e-08,6.59643621e-03,1.00000001e-08,3.58683485e-04,3.007665e+00,4.4116,0,61.5867,0.962317,1.014661e+09,4.2678,0,NaN,167,SAM 5:1,-0.003534,9.822947e-04,5.14
105.00,0.4807,60.0,0.1000,1.0e-03,-1,1.74532925e-03,cycling,2.83512364e-02,5.94956846e-01,1.69000171e-04,2.48967604e-02,2.774829e-01,20.0000,1,174.3967,0.274651,1.623896e+00,2.4060,0,NaN,85,LAM 2:5,-0.010895,7.503431e-07,1.27
135.00,0.4807,60.0,0.1000,1.0e-03,-1,1.74532925e-03,cycling,1.39164018e-01,1.58305687e-01,3.76111439e-04,1.32605994e-01,1.623303e-01,20.0000,1,113.8422,0.966464,2.966638e-02,NaN,1,NaN,66,SAM 5:1,0.000613,1.640611e-04,0.90
165.00,0.4807,60.0,0.1000,1.0e-03,-1,1.74532925e-03,cycling,1.39164018e-01,1.85994226e-01,1.10071546e-04,1.32605994e-01,1.623303e-01,20.0000,1,113.8422,0.966464,2.174675e+00,4.0100,0,NaN,122,SAM 5:1,0.000613,4.068499e-04,1.94
15.00,0.5493,60.0,0.1000,1.0e-03,-1,1.74532925e-03,cycling,1.39164018e-01,3.74342626e-01,1.36378709e-04,1.32605994e-01,1.623303e-01,20.0000,1,113.8422,0.966464,2.811284e-01,NaN,1,NaN,75,SAM 5:1,0.000613,5.143943e-05,0.99
45.00,0.5493,60.0,0.1000,1.0e-03,-1,1.74532925e-03,cycling,1.39164018e-01,5.20382781e-01,6.06387711e-04,1.32605994e-01,1.623303e-01,20.0000,1,113.8422,0.966464,2.491174e-02,NaN,1,NaN,43,SAM 5:1,0.000613,4.250794e-05,0.36
75.00,0.5493,60.0,0.1000,1.0e-03,-1,1.74532925e-03,cycling,1.39164018e-01,2.80470802e-01,4.49149797e-04,1.32605994e-01,1.623303e-01,20.0000,1,113.8422,0.966464,1.910167e-02,NaN,1,NaN,75,SAM 5:1,0.000613,1.398914e-04,0.57
105.00,0.5493,60.0,0.1000,1.0e-03,-1,1.74532925e-03,cycling,1.39415005e-01,5.59598934e-01,2.08507653e-04,1.32790146e-01,1.654636e-01,20.0000,1,113.8206,0.966524,2.457148e-01,NaN,1,NaN,103,SAM 5:1,0.000673,1.170386e-06,1.47
135.00,0.5493,60.0,0.1000,1.0e-03,-1,1.74532925e-03,cycling,1.39164018e-01,1.56746511e-01,1.53359728e-06,1.32605994e-01,1.623303e-01,20.0000,1,113.8422,0.966464,1.250652e+00,3.6591,0,NaN,123,SAM 5:1,0.000613,2.593416e-04,4.23
165.00,0.5493,60.0,0.1000,1.0e-03,-1,1.74532925e-03,cycling,1.39164017e-01,3.29287057e-01,3.67370146e-04,1.32605992e-01,1.623301e-01,20.0000,1,113.8422,0.966464,9.739240e-02,NaN,1,NaN,101,SAM 5:1,0.000613,6.901157e-05,0.89
15.00,0.6180,60.0,0.1000,1.0e-03,-1,1.74532925e-03,cycling,1.39164018e-01,1.68096384e-01,1.64178738e-05,1.32605994e-01,1.623303e-01,20.0000,1,113.8422,0.966464,4.865265e+00,6.1654,0,NaN,123,SAM 5:1,0.000613,4.107405e-04,3.38
45.00,0.6180,60.0,0.1000,1.0e-03,-1,1.74532925e-03,cycling,1.38937540e-01,1.44321522e-01,4.79748671e-05,1.32004714e-01,1.909819e-01,20.0000,1,113.8230,0.966397,4.841234e+00,15.9398,0,NaN,209,SAM 5:1,0.000546,1.771843e-04,3.99
75.00,0.6180,60.0,0.1000,1.0e-03,-1,1.74532925e-03,cycling,1.39164018e-01,5.38585064e-01,5.52296106e-04,1.32605994e-01,1.623303e-01,20.0000,1,113.8422,0.966464,1.859272e-02,NaN,1,NaN,51,SAM 5:1,0.000613,9.442718e-06,0.60
105.00,0.6180,60.0,0.1000,1.0e-03,-1,1.74532925e-03,cycling,1.39164018e-01,1.70193141e-01,6.18799989e-06,1.32605994e-01,1.623303e-01,20.0000,1,113.8422,0.966464,7.456941e+00,4.9624,0,NaN,103,SAM 5:1,0.000613,4.183376e-04,3.78
135.00,0.6180,60.0,0.1000,1.0e-03,-1,1.74532925e-03,cycling,1.39163996e-01,4.24951942e-01,1.96401489e-05,1.32605980e-01,1.623312e-01,20.0000,1,113.8421,0.966464,1.411102e+01,4.5113,0,NaN,119,SAM 5:1,0.000613,2.280037e-05,2.37
165.00,0.6180,60.0,0.1000,1.0e-03,-1,1.74532925e-03,cycling,1.39164018e-01,1.62744774e-01,4.19681126e-05,1.32605994e-01,1.623303e-01,20.0000,1,113.8422,0.966464,2.407838e-01,NaN,1,NaN,61,SAM 5:1,0.000613,3.285977e-04,2.14
15.00,0.6867,60.0,0.1000,1.0e-03,-1,1.74532925e-03,cycling,1.39164018e-01,1.87169194e-01,3.91211275e-04,1.32605994e-01,1.623303e-01,20.0000,1,113.8422,0.966464,3.515087e-02,NaN,1,NaN,47,SAM 5:1,0.000613,9.289935e-06,0.57
45.00,0.6867,60.0,0.1000,1.0e-03,-1,1.74532925e-03,cycling,3.39837052e-01,5.45303852e-01,1.18735674e-04,4.25557507e-01,5.302781e-01,20.0000,1,128.7138,0.999998,6.851847e-01,NaN,1,NaN,168,SAM 4:1,0.025558,1.681057e-07,2.55
75.00,0.6867,60.0,0.1000,1.0e-03,-1,1.74532925e-03,cycling,1.39164018e-01,3.81077227e-01,7.71397439e-04,1.32605994e-01,1.623303e-01,20.0000,1,113.8422,0.966464,3.019497e-02,NaN,1,NaN,59,SAM 5:1,0.000613,1.535265e-04,0.44
105.00,0.6867,60.0,0.1000,1.0e-03,-1,1.74532925e-03,cycling,1.39164018e-01,4.51357485e-01,5.66837992e-04,1.32605994e-01,1.623303e-01,20.0000,1,113.8422,0.966464,7.841805e-02,NaN,1,NaN,61,SAM 5:1,0.000613,7.319352e-06,0.58
135.00,0.6867,60.0,0.1000,1.0e-03,-1,1.74532925e-03,cycling,1.39164018e-01,4.08089612e-01,4.23627240e-04,1.32605994e-01,1.623303e-01,20.0000,1,113.8422,0.966464,5.667159e-02,NaN,1,NaN,51,SAM 5:1,0.000613,2.228791e-05,0.75
165.00,0.6867,60.0,0.1000,1.0e-03,-1,1.74532925e-03,cycling,1.39164018e-01,1.90580511e-01,7.19386897e-04,1.32605994e-01,1.623303e-01,20.0000,1,113.8422,0.966464,5.755611e-02,NaN,1,NaN,35,SAM 5:1,0.000613,1.539060e-05,0.36
15.00,0.7554,60.0,0.1000,1.0e-03,-1,1.74532925e-03,cycling,1.39163936e-01,4.72342590e-01,2.28236518e-04,1.32605822e-01,1.623320e-01,20.0000,1,113.8422,0.966464,1.293344e-01,NaN,1,NaN,78,SAM 5:1,0.000613,7.657923e-06,1.03
45.00,0.7554,60.0,0.1000,1.0e-03,-1,1.74532925e-03,cycling,1.39164018e-01,3.18428126e-01,1.26238815e-03,1.32605993e-01,1.623302e-01,20.0000,1,113.8422,0.966464,1.777058e-02,NaN,1,NaN,46,SAM 5:1,0.000613,6.024387e-05,0.31
75.00,0.7554,60.0,0.1000,1.0e-03,-1,1.74532925e-03,spinup,1.00000000e+00,1.00000000e+00,8.07841091e-04,9.56806056e-01,6.788791e-02,6.7439,0,61.0500,1.000000,2.736465e-01,NaN,1,NaN,43,SAM 4:1,0.025560,7.362144e-05,0.30
105.00,0.7554,60.0,0.1000,1.0e-03,-1,1.74532925e-03,cycling,1.39164013e-01,2.98446327e-01,1.68358122e-03,1.32605989e-01,1.623301e-01,20.0000,1,113.8422,0.966464,5.150284e-02,NaN,1,NaN,52,SAM 5:1,0.000613,6.522968e-06,0.11
135.00,0.7554,60.0,0.1000,1.0e-03,-1,1.74532925e-03,cycling,1.39164018e-01,1.47599003e-01,1.41530721e-05,1.32605993e-01,1.623302e-01,20.0000,1,113.8422,0.966464,4.199535e+02,7.1679,0,NaN,86,SAM 5:1,0.000613,3.753187e-04,4.28
165.00,0.7554,60.0,0.1000,1.0e-03,-1,1.74532925e-03,cycling,1.39164018e-01,4.12492360e-01,7.84431492e-04,1.32605994e-01,1.623303e-01,20.0000,1,113.8422,0.966464,1.457565e-02,NaN,1,NaN,34,SAM 5:1,0.000613,1.905766e-06,0.20
15.00,0.8240,60.0,0.1000,1.0e-03,-1,1.74532925e-03,cycling,1.39164018e-01,1.69492237e-01,4.52988470e-04,1.32605994e-01,1.623303e-01,20.0000,1,113.8422,0.966464,1.572570e+00,3.8095,0,NaN,80,SAM 5:1,0.000613,4.000076e-04,0.46
45.00,0.8240,60.0,0.1000,1.0e-03,-1,1.74532925e-03,spinup,1.00000000e+00,1.00000000e+00,1.62826945e-04,8.30736430e-01,4.497124e-01,13.9200,0,40.7208,1.000000,3.304580e-01,NaN,1,NaN,135,SAM 4:1,0.025560,9.892006e-07,0.98
75.00,0.8240,60.0,0.1000,1.0e-03,-1,1.74532925e-03,cycling,1.10488314e-01,3.44452989e-01,1.22156527e-03,1.76024885e-01,1.599794e+00,20.0000,1,117.5743,0.966699,3.286782e-02,NaN,1,NaN,102,SAM 5:1,0.000849,2.098976e-05,0.40
105.00,0.8240,60.0,0.1000,1.0e-03,-1,1.74532925e-03,cycling,1.39164018e-01,1.79786452e-01,1.49286024e-03,1.32605994e-01,1.623303e-01,20.0000,1,113.8422,0.966464,1.462132e-02,NaN,1,NaN,14,SAM 5:1,0.000613,5.965845e-04,0.05
135.00,0.8240,60.0,0.1000,1.0e-03,-1,1.74532925e-03,cycling,1.39164018e-01,1.54783822e-01,1.73471255e-04,1.32605994e-01,1.623303e-01,20.0000,1,113.8422,0.966464,3.305967e+00,5.7644,0,NaN,84,SAM 5:1,0.000613,3.038268e-04,1.01
165.00,0.8240,60.0,0.1000,1.0e-03,-1,1.74532925e-03,cycling,1.39164018e-01,1.91155682e-01,7.25243990e-04,1.32605994e-01,1.623303e-01,20.0000,1,113.8422,0.966464,1.626441e-02,NaN,1,NaN,66,SAM 5:1,0.000613,6.017317e-04,0.32
15.00,0.8927,60.0,0.1000,1.0e-03,-1,1.74532925e-03,spinup,1.00000000e+00,1.00000000e+00,1.37475599e-03,9.54269129e-01,9.185060e-02,3.3973,0,83.4544,1.000000,1.664627e-02,NaN,1,NaN,6,SAM 4:1,0.025560,3.848128e-02,0.01
45.00,0.8927,60.0,0.1000,1.0e-03,-1,1.74532925e-03,spinup,1.00000000e+00,1.00000000e+00,1.15188779e-03,9.62299784e-01,7.312401e-02,3.2832,0,85.4745,1.000000,3.864945e-02,NaN,1,NaN,6,SAM 4:1,0.025560,2.879859e-02,0.01
75.00,0.8927,60.0,0.1000,1.0e-03,-1,1.74532925e-03,cycling,8.09252973e-01,8.46093506e-01,5.12159498e-06,7.10997633e-01,3.984122e-01,20.0000,1,54.4985,1.000000,9.300230e+01,10.4762,0,NaN,130,SAM 4:1,0.025560,4.493148e-06,2.60
105.00,0.8927,60.0,0.1000,1.0e-03,-1,1.74532925e-03,cycling,1.39164018e-01,1.74886451e-01,1.74532925e-03,1.32605994e-01,1.623303e-01,20.0000,1,113.8422,0.966464,6.253914e-03,NaN,1,NaN,7,SAM 5:1,0.000613,1.287791e-04,0.06
135.00,0.8927,60.0,0.1000,1.0e-03,-1,1.74532925e-03,cycling,1.39164018e-01,4.07891696e-01,7.89831879e-04,1.32605994e-01,1.623303e-01,20.0000,1,113.8422,0.966464,2.409862e-02,NaN,1,NaN,55,SAM 5:1,0.000613,1.950950e-05,0.33
165.00,0.8927,60.0,0.1000,1.0e-03,-1,1.74532925e-03,cycling,1.39164017e-01,1.57186182e-01,7.98927524e-05,1.32605992e-01,1.623301e-01,20.0000,1,113.8422,0.966464,3.802463e-01,NaN,1,NaN,141,SAM 5:1,0.000613,3.782319e-04,1.75
15.00,0.9652,60.0,0.1000,1.0e-03,-1,1.74532925e-03,spinup,1.00000000e+00,1.00000000e+00,1.74532925e-03,9.58861350e-01,8.057695e-02,3.3115,0,84.0993,1.000000,1.342498e-02,NaN,1,NaN,2,SAM 4:1,0.025560,4.017948e-03,0.02
45.00,0.9652,60.0,0.1000,1.0e-03,-1,1.74532925e-03,spinup,1.00000000e+00,1.00000000e+00,1.74532925e-03,9.68012147e-01,6.170103e-02,3.2404,0,88.2838,1.000000,3.754509e-02,NaN,1,NaN,2,SAM 4:1,0.025560,4.017948e-03,0.02
75.00,0.9652,60.0,0.1000,1.0e-03,-1,1.74532925e-03,cycling,1.39164012e-01,1.89294029e-01,1.74532925e-03,1.32605983e-01,1.623295e-01,20.0000,1,113.8422,0.966464,1.470520e-01,NaN,1,NaN,41,SAM 5:1,0.000613,1.961130e-04,0.25
105.00,0.9652,60.0,0.1000,1.0e-03,-1,1.74532925e-03,cycling,1.39164018e-01,4.82443648e-01,1.74532925e-03,1.32605994e-01,1.623303e-01,20.0000,1,113.8422,0.966464,1.316821e-01,NaN,1,NaN,19,SAM 5:1,0.000613,7.599424e-05,0.10
135.00,0.9652,60.0,0.1000,1.0e-03,-1,1.74532925e-03,cycling,1.39163968e-01,3.68262000e-01,1.74532925e-03,1.32605954e-01,1.623317e-01,20.0000,1,113.8421,0.966464,8.330984e-03,NaN,1,NaN,57,SAM 5:1,0.000613,4.146107e-06,0.34
165.00,0.9652,60.0,0.1000,1.0e-03,-1,1.74532925e-03,cycling,1.38237207e-01,1.62934099e-01,1.32249743e-03,7.66181687e-02,2.079567e+00,20.0000,1,117.4613,0.970065,2.879489e-02,NaN,1,NaN,117,SAM 5:1,0.004214,9.916397e-05,0.84
15.00,0.9691,60.0,0.1000,1.0e-03,-1,1.74532925e-03,spinup,1.00000000e+00,1.00000000e+00,1.74532925e-03,9.58770012e-01,8.078507e-02,3.3125,0,84.0708,1.000000,7.690578e-03,NaN,1,NaN,1,SAM 4:1,0.025560,8.035896e-03,0.02
45.00,0.9691,60.0,0.1000,1.0e-03,-1,1.74532925e-03,spinup,1.00000000e+00,1.00000000e+00,1.74532925e-03,9.66799650e-01,6.423542e-02,3.2480,0,87.7766,1.000000,5.380497e-02,NaN,1,NaN,1,SAM 4:1,0.025560,8.035896e-03,0.02
75.00,0.9691,60.0,0.1000,1.0e-03,-1,1.74532925e-03,cycling,1.38356198e-01,3.75354194e-01,1.74532925e-03,1.32997471e-01,2.781289e-01,20.0000,1,114.0336,0.966355,1.711805e-01,NaN,1,NaN,74,SAM 5:1,0.000504,6.087474e-06,0.33
105.00,0.9691,60.0,0.1000,1.0e-03,-1,1.74532925e-03,cycling,1.39164018e-01,4.63489223e-01,1.74532925e-03,1.32605994e-01,1.623303e-01,20.0000,1,113.8422,0.966464,1.588342e-01,NaN,1,NaN,26,SAM 5:1,0.000613,3.931032e-04,0.49
135.00,0.9691,60.0,0.1000,1.0e-03,-1,1.74532925e-03,cycling,1.39163963e-01,3.82539696e-01,1.74532925e-03,1.32605953e-01,1.623325e-01,20.0000,1,113.8421,0.966464,2.911241e-02,NaN,1,NaN,56,SAM 5:1,0.000613,1.582101e-05,0.33
165.00,0.9691,60.0,0.1000,1.0e-03,-1,1.74532925e-03,cycling,4.09089448e-03,2.56791403e-02,1.24714356e-03,2.09785097e-02,1.029065e+00,20.0000,1,72.4978,0.936061,3.180165e-01,NaN,1,NaN,122,LAM 3:1,-0.000462,8.035896e-03,0.81
15.00,0.9730,60.0,0.1000,1.0e-03,-1,1.74532925e-03,spinup,1.00000000e+00,1.00000000e+00,1.74532925e-03,9.58677765e-01,8.099246e-02,3.3136,0,84.0400,1.000000,1.770012e-03,NaN,1,8.85026669e-01,1,SAM 4:1,0.025560,1.205384e-02,0.02
45.00,0.9730,60.0,0.1000,1.0e-03,-1,1.74532925e-03,spinup,1.00000000e+00,1.00000000e+00,1.74532925e-03,9.65817384e-01,6.627779e-02,3.2551,0,87.3527,1.000000,6.434471e-02,NaN,1,NaN,1,SAM 4:1,0.025560,1.205384e-02,0.02
75.00,0.9730,60.0,0.1000,1.0e-03,-1,1.74532925e-03,cycling,1.89690891e-01,1.90499564e-01,1.74532925e-03,6.35754265e-02,2.911453e+00,20.0000,1,112.1305,0.969007,1.724121e-01,NaN,1,NaN,98,SAM 5:1,0.003157,1.392052e-04,0.62
105.00,0.9730,60.0,0.1000,1.0e-03,-1,1.74532925e-03,cycling,1.49524107e-02,3.91386916e-02,1.74532925e-03,1.72938862e-02,7.526378e-01,20.0000,1,178.6377,0.379867,1.630192e-01,NaN,1,NaN,60,LAM 1:2,-0.003465,5.559188e-03,0.37
135.00,0.9730,60.0,0.1000,1.0e-03,-1,1.74532925e-03,cycling,3.44648525e-02,3.44648525e-02,1.74532925e-03,3.10787618e-02,2.196174e-01,20.0000,1,160.0577,0.274681,4.555883e-02,NaN,1,NaN,75,LAM 2:5,-0.010864,1.205384e-02,0.54
165.00,0.9730,60.0,0.1000,1.0e-03,-1,1.74532925e-03,cycling,1.52502030e-01,5.44113133e-01,8.33951075e-04,1.74212430e-01,1.572530e+00,20.0000,1,112.4720,0.966496,9.408256e-03,NaN,1,NaN,124,SAM 5:1,0.000645,9.797195e-05,0.95
15.00,0.9768,60.0,0.1000,1.0e-03,-1,1.74532925e-03,spinup,1.00000000e+00,1.00000000e+00,1.74532925e-03,9.58584749e-01,8.119878e-02,3.3146,0,84.0068,1.000000,9.376757e-03,NaN,1,NaN,0,SAM 4:1,0.025560,1.607179e-02,0.02
45.00,0.9768,60.0,0.1000,1.0e-03,-1,1.74532925e-03,spinup,1.00000000e+00,1.00000000e+00,1.74532925e-03,9.64984040e-01,6.800405e-02,3.2616,0,86.9854,1.000000,7.245929e-02,NaN,1,NaN,0,SAM 4:1,0.025560,1.607179e-02,0.02
75.00,0.9768,60.0,0.1000,1.0e-03,-1,1.74532925e-03,cycling,2.67442385e-01,2.67442385e-01,1.64736113e-03,6.45547026e-02,4.036255e+00,20.0000,1,33.3189,0.999508,1.605857e-01,NaN,1,NaN,96,SAM 4:1,0.025068,3.845569e-04,0.61
105.00,0.9768,60.0,0.1000,1.0e-03,-1,1.74532925e-03,cycling,3.55236649e-02,3.55236649e-02,1.74532925e-03,3.20907916e-02,2.143771e-01,20.0000,1,172.4702,0.274670,1.540775e-01,NaN,1,NaN,80,LAM 2:5,-0.010875,9.671675e-03,0.51
135.00,0.9768,60.0,0.1000,1.0e-03,-1,1.74532925e-03,cycling,1.74518829e-02,2.94795924e-02,1.74532925e-03,1.90793400e-02,1.244441e-01,20.0000,1,177.3827,0.551693,9.072239e-02,NaN,1,NaN,96,LAM 3:4,-0.027533,1.578440e-03,0.63
165.00,0.9768,60.0,0.1000,1.0e-03,-1,1.74532925e-03,cycling,1.52105693e-02,2.93484337e-02,1.02744196e-03,2.67599003e-02,5.283228e-01,20.0000,1,91.3887,0.391447,1.068583e-02,NaN,1,NaN,102,LAM 1:2,0.008115,1.607179e-02,0.79
15.00,0.9807,60.0,0.1000,1.0e-03,-1,1.74532925e-03,spinup,1.00000000e+00,1.00000000e+00,1.74532925e-03,9.58489893e-01,8.140624e-02,3.3156,0,83.9707,1.000000,2.020863e-02,NaN,1,NaN,0,SAM 4:1,0.025560,2.008974e-02,0.02
45.00,0.9807,60.0,0.1000,1.0e-03,-1,1.74532925e-03,spinup,1.00000000e+00,1.00000000e+00,1.74532925e-03,9.64219708e-01,6.958313e-02,3.2679,0,86.6429,1.000000,7.921441e-02,NaN,1,NaN,0,SAM 4:1,0.025560,2.008974e-02,0.02
75.00,0.9807,60.0,0.1000,1.0e-03,-1,1.74532925e-03,cycling,1.39164020e-01,1.77363708e-01,5.68823674e-04,1.32605996e-01,1.623303e-01,20.0000,1,113.8422,0.966464,4.290562e-01,NaN,1,NaN,101,SAM 5:1,0.000613,2.637114e-04,0.74
105.00,0.9807,60.0,0.1000,1.0e-03,-1,1.74532925e-03,cycling,1.37122835e-02,2.34857775e-02,1.52015879e-03,1.43372225e-02,1.402499e+00,20.0000,1,178.7226,0.388668,1.359568e-01,NaN,1,NaN,136,LAM 1:2,0.005335,2.008974e-02,0.82
135.00,0.9807,60.0,0.1000,1.0e-03,-1,1.74532925e-03,cycling,1.39187299e-01,3.75501412e-01,1.74532925e-03,1.32675594e-01,1.667201e-01,20.0000,1,113.8242,0.966456,1.552579e-01,NaN,1,NaN,77,SAM 5:1,0.000605,9.764568e-05,0.37
165.00,0.9807,60.0,0.1000,1.0e-03,-1,1.74532925e-03,cycling,3.51071350e-01,3.53554934e-01,9.31788079e-04,1.77322851e-01,1.474725e+00,20.0000,1,103.1444,0.997321,1.501086e-01,NaN,1,NaN,132,SAM 4:1,0.022881,1.471773e-04,0.75
15.00,0.9845,60.0,0.1000,1.0e-03,-1,1.74532925e-03,spinup,1.00000000e+00,1.00000000e+00,1.74532925e-03,9.58391811e-01,8.161770e-02,3.3166,0,83.9309,1.000000,3.225466e-02,NaN,1,NaN,0,SAM 4:1,0.025560,2.410769e-02,0.02
45.00,0.9845,60.0,0.1000,1.0e-03,-1,1.74532925e-03,spinup,1.00000000e+00,1.00000000e+00,1.74532925e-03,9.63468599e-01,7.113495e-02,3.2743,0,86.3037,1.000000,8.509588e-02,NaN,1,NaN,0,SAM 4:1,0.025560,2.410769e-02,0.02
75.00,0.9845,60.0,0.1000,1.0e-03,-1,1.74532925e-03,cycling,1.39164018e-01,3.22137827e-01,1.07943181e-05,1.32605993e-01,1.623301e-01,20.0000,1,113.8422,0.966464,1.241589e+00,7.0175,0,NaN,133,SAM 5:1,0.000613,3.486819e-05,4.75
105.00,0.9845,60.0,0.1000,1.0e-03,-1,1.74532925e-03,cycling,1.39641400e-01,3.29246723e-01,1.31474549e-03,1.33138276e-01,1.633124e-01,20.0000,1,113.8766,0.966594,1.108284e-01,NaN,1,NaN,111,SAM 5:1,0.000744,3.046859e-06,0.90
135.00,0.9845,60.0,0.1000,1.0e-03,-1,1.74532925e-03,cycling,1.83707007e-02,2.61952251e-02,1.46062285e-03,2.41461654e-02,3.240483e-01,20.0000,1,93.5131,0.275344,8.321913e-02,NaN,1,NaN,92,LAM 2:5,-0.010201,3.274226e-03,0.76
165.00,0.9845,60.0,0.1000,1.0e-03,-1,1.74532925e-03,cycling,2.33383372e-02,2.33449491e-02,1.23031076e-03,2.04600841e-02,3.074737e-01,20.0000,1,136.3830,0.274650,2.695852e-01,NaN,1,NaN,130,LAM 2:5,-0.010895,1.379894e-02,1.12
15.00,0.9884,60.0,0.1000,1.0e-03,-1,1.74532925e-03,spinup,1.00000000e+00,1.00000000e+00,1.74532925e-03,9.58289038e-01,8.183609e-02,3.3176,0,83.8868,1.000000,4.533415e-02,NaN,1,NaN,0,SAM 4:1,0.025560,2.812564e-02,0.09
45.00,0.9884,60.0,0.1000,1.0e-03,-1,1.74532925e-03,spinup,1.00000000e+00,1.00000000e+00,1.74532925e-03,9.62688885e-01,7.275075e-02,3.2807,0,85.9512,1.000000,9.036731e-02,NaN,1,8.99070812e-01,0,SAM 4:1,0.025560,2.812564e-02,0.02
75.00,0.9884,60.0,0.1000,1.0e-03,-1,1.74532925e-03,spinup,1.00000000e+00,1.00000000e+00,1.74532925e-03,9.67529155e-01,6.282966e-02,3.2404,0,88.1577,1.000000,7.833921e-02,NaN,1,NaN,0,SAM 4:1,0.025560,2.812564e-02,0.02
105.00,0.9884,60.0,0.1000,1.0e-03,-1,1.74532925e-03,despin,1.00000000e-08,1.11028043e-02,1.00000000e-08,6.75821630e-04,3.198213e+00,8.0389,0,78.2352,0.888242,9.374079e+07,7.8978,0,NaN,149,LAM 2:1,-0.003734,2.812564e-02,6.05
135.00,0.9884,60.0,0.1000,1.0e-03,-1,1.74532925e-03,cycling,1.39323418e-01,3.15611978e-01,1.03341839e-03,1.34036498e-01,2.126407e-01,20.0000,1,114.1292,0.966695,6.893363e-01,NaN,1,NaN,131,SAM 5:1,0.000844,3.347623e-06,1.11
165.00,0.9884,60.0,0.1000,1.0e-03,-1,1.74532925e-03,cycling,3.67804840e-02,3.67804840e-02,1.17433057e-03,2.97541433e-02,3.864093e-01,20.0000,1,166.4921,0.804897,4.708403e-02,NaN,1,NaN,103,LAM 4:3,0.001267,2.473090e-02,0.64
15.00,0.9923,60.0,0.1000,1.0e-03,-1,1.74532925e-03,spinup,1.00000000e+00,1.00000000e+00,1.74532925e-03,9.58180084e-01,8.206429e-02,3.3186,0,83.8373,1.000000,5.929999e-02,NaN,1,NaN,0,SAM 4:1,0.025560,3.214359e-02,0.02
45.00,0.9923,60.0,0.1000,1.0e-03,-1,1.74532925e-03,spinup,1.00000000e+00,1.00000000e+00,1.74532925e-03,9.61836983e-01,7.451821e-02,3.2873,0,85.5622,1.000000,9.518800e-02,NaN,1,NaN,0,SAM 4:1,0.025560,3.214359e-02,0.02
75.00,0.9923,60.0,0.1000,1.0e-03,-1,1.74532925e-03,spinup,1.00000000e+00,1.00000000e+00,1.74532925e-03,9.65168613e-01,6.770625e-02,3.2577,0,87.1185,1.000000,4.034947e-02,NaN,1,NaN,0,SAM 4:1,0.025560,3.214359e-02,0.02
105.00,0.9923,60.0,0.1000,1.0e-03,-1,1.74532925e-03,cycling,1.39164018e-01,3.47973523e-01,5.84118782e-04,1.32605994e-01,1.623303e-01,20.0000,1,113.8422,0.966464,4.472513e-02,NaN,1,NaN,61,SAM 5:1,0.000613,6.473984e-05,0.62
135.00,0.9923,60.0,0.1000,1.0e-03,-1,1.74532925e-03,cycling,1.39174074e-01,3.66117493e-01,4.85676551e-04,1.32624342e-01,1.635787e-01,20.0000,1,113.8364,0.966463,3.546619e-01,NaN,1,NaN,113,SAM 5:1,0.000612,1.062109e-04,1.01
165.00,0.9923,60.0,0.1000,1.0e-03,-1,1.74532925e-03,cycling,1.39164018e-01,1.80629846e-01,7.77391510e-04,1.32605991e-01,1.623299e-01,20.0000,1,113.8422,0.966464,1.884613e-01,NaN,1,NaN,79,SAM 5:1,0.000613,1.386977e-04,0.78
15.00,0.9961,60.0,0.1000,1.0e-03,-1,1.74532925e-03,spinup,1.00000000e+00,1.00000000e+00,1.74532925e-03,9.58063405e-01,8.230511e-02,3.3197,0,83.7816,1.000000,7.403003e-02,NaN,1,NaN,0,SAM 4:1,0.025560,3.616153e-02,0.02
45.00,0.9961,60.0,0.1000,1.0e-03,-1,1.74532925e-03,spinup,1.00000000e+00,1.00000000e+00,1.74532925e-03,9.60833123e-01,7.656278e-02,3.2943,0,85.0694,1.000000,9.966152e-02,NaN,1,NaN,0,SAM 4:1,0.025560,3.616153e-02,0.02
75.00,0.9961,60.0,0.1000,1.0e-03,-1,1.74532925e-03,spinup,1.00000000e+00,1.00000000e+00,1.74532925e-03,9.63162625e-01,7.179956e-02,3.2734,0,86.1757,1.000000,1.463139e-03,NaN,1,NaN,0,SAM 4:1,0.025560,3.616153e-02,0.02
105.00,0.9961,60.0,0.1000,1.0e-03,-1,1.74532925e-03,spinup,1.00000000e+00,1.00000000e+00,1.74532925e-03,9.67469733e-01,6.285779e-02,3.2376,0,88.0636,1.000000,5.477306e-03,NaN,1,NaN,0,SAM 4:1,0.025560,3.616153e-02,0.02
135.00,0.9961,60.0,0.1000,1.0e-03,-1,1.74532925e-03,cycling,1.39164029e-01,3.29334754e-01,1.77078855e-06,1.32606004e-01,1.623303e-01,20.0000,1,113.8422,0.966464,2.279856e+02,7.1679,0,NaN,115,SAM 5:1,0.000613,7.706283e-05,4.35
165.00,0.9961,60.0,0.1000,1.0e-03,-1,1.74532925e-03,cycling,1.39163952e-01,1.61408920e-01,1.00408992e-04,1.32605955e-01,1.623354e-01,20.0000,1,113.8421,0.966464,1.554060e+00,10.7268,0,NaN,157,SAM 5:1,0.000613,2.645060e-04,2.83
15.00,0.3433,120.0,0.1000,1.0e-03,-1,8.72664626e-04,cycling,1.39164033e-01,4.85139090e-01,1.73851644e-04,1.32606044e-01,1.623361e-01,20.0000,1,113.8421,0.966464,5.560172e-01,NaN,1,NaN,60,SAM 5:1,0.000613,4.011846e-07,0.62
45.00,0.3433,120.0,0.1000,1.0e-03,-1,8.72664626e-04,cycling,1.39164018e-01,1.62129385e-01,4.14268283e-04,1.32605994e-01,1.623303e-01,20.0000,1,113.8422,0.966464,3.073355e-02,NaN,1,NaN,74,SAM 5:1,0.000613,1.870490e-04,0.85
75.00,0.3433,120.0,0.1000,1.0e-03,-1,8.72664626e-04,cycling,1.39164018e-01,1.71553669e-01,4.88490094e-05,1.32605994e-01,1.623303e-01,20.0000,1,113.8422,0.966464,1.554610e+00,1.1529,0,NaN,34,SAM 5:1,0.000613,2.169351e-04,2.58
105.00,0.3433,120.0,0.1000,1.0e-03,-1,8.72664626e-04,cycling,1.39164018e-01,3.99723457e-01,1.20128571e-04,1.32605994e-01,1.623303e-01,20.0000,1,113.8422,0.966464,2.251836e+00,1.0526,0,NaN,34,SAM 5:1,0.000613,2.405043e-09,1.44
135.00,0.3433,120.0,0.1000,1.0e-03,-1,8.72664626e-04,cycling,1.39164018e-01,4.27556137e-01,1.74359347e-05,1.32605994e-01,1.623303e-01,20.0000,1,113.8422,0.966464,6.236817e+01,1.3033,0,NaN,42,SAM 5:1,0.000613,5.091402e-08,4.17
165.00,0.3433,120.0,0.1000,1.0e-03,-1,8.72664626e-04,cycling,1.39164018e-01,1.56614479e-01,1.56477525e-04,1.32605994e-01,1.623303e-01,20.0000,1,113.8422,0.966464,4.723355e-01,NaN,1,NaN,34,SAM 5:1,0.000613,3.091051e-04,0.78
15.00,0.4120,120.0,0.1000,1.0e-03,-1,8.72664626e-04,cycling,1.39164018e-01,1.62641050e-01,1.07264154e-04,1.32605994e-01,1.623303e-01,20.0000,1,113.8422,0.966464,4.613449e-01,NaN,1,NaN,61,SAM 5:1,0.000613,3.248838e-04,1.06
45.00,0.4120,120.0,0.1000,1.0e-03,-1,8.72664626e-04,cycling,1.39164019e-01,3.41733078e-01,5.54944146e-05,1.32605996e-01,1.623304e-01,20.0000,1,113.8422,0.966464,8.834158e+00,1.5038,0,NaN,89,SAM 5:1,0.000613,5.020545e-05,2.08
75.00,0.4120,120.0,0.1000,1.0e-03,-1,8.72664626e-04,cycling,1.39164018e-01,1.55597791e-01,9.41793237e-05,1.32605994e-01,1.623303e-01,20.0000,1,113.8422,0.966464,1.866413e+00,1.5038,0,NaN,59,SAM 5:1,0.000613,4.259926e-04,1.04
105.00,0.4120,120.0,0.1000,1.0e-03,-1,8.72664626e-04,cycling,1.39164018e-01,1.64804336e-01,2.14717258e-04,1.32605994e-01,1.623303e-01,20.0000,1,113.8422,0.966464,1.297877e-01,NaN,1,NaN,39,SAM 5:1,0.000613,5.750336e-05,0.52
135.00,0.4120,120.0,0.1000,1.0e-03,-1,8.72664626e-04,cycling,1.39164018e-01,1.51665816e-01,1.05931481e-04,1.32605994e-01,1.623303e-01,20.0000,1,113.8422,0.966464,4.542548e+00,1.7043,0,NaN,35,SAM 5:1,0.000613,3.226547e-04,1.30
165.00,0.4120,120.0,0.1000,1.0e-03,-1,8.72664626e-04,cycling,1.39164018e-01,1.56203512e-01,2.07479924e-05,1.32605994e-01,1.623303e-01,20.0000,1,113.8422,0.966464,1.928556e+01,1.5539,0,NaN,51,SAM 5:1,0.000613,1.575719e-04,2.68
15.00,0.4807,120.0,0.1000,1.0e-03,-1,8.72664626e-04,cycling,1.39164018e-01,4.39685565e-01,2.44629699e-04,1.32605994e-01,1.623303e-01,20.0000,1,113.8422,0.966464,4.647051e-01,NaN,1,NaN,42,SAM 5:1,0.000613,6.138343e-06,0.57
45.00,0.4807,120.0,0.1000,1.0e-03,-1,8.72664626e-04,cycling,1.39164018e-01,1.72123998e-01,4.86756173e-04,1.32605994e-01,1.623303e-01,20.0000,1,113.8422,0.966464,3.703034e-02,NaN,1,NaN,20,SAM 5:1,0.000613,5.409813e-04,0.09
75.00,0.4807,120.0,0.1000,1.0e-03,-1,8.72664626e-04,spinup,1.00000000e+00,1.00000000e+00,2.37260917e-04,8.23956288e-01,3.428659e-01,5.0185,0,57.8708,1.000000,3.954471e-01,NaN,1,NaN,37,SAM 4:1,0.025560,1.741133e-06,0.31
105.00,0.4807,120.0,0.1000,1.0e-03,-1,8.72664626e-04,cycling,1.39164018e-01,1.55391095e-01,1.50682864e-04,1.32605994e-01,1.623303e-01,20.0000,1,113.8422,0.966464,3.725211e-01,NaN,1,NaN,38,SAM 5:1,0.000613,3.110820e-04,1.26
135.00,0.4807,120.0,0.1000,1.0e-03,-1,8.72664626e-04,cycling,1.39164018e-01,4.46907351e-01,1.41234316e-04,1.32605994e-01,1.623303e-01,20.0000,1,113.8422,0.966464,2.071149e-01,NaN,1,NaN,74,SAM 5:1,0.000613,2.742375e-06,1.12
165.00,0.4807,120.0,0.1000,1.0e-03,-1,8.72664626e-04,cycling,1.39164018e-01,1.48669777e-01,2.30443269e-04,1.32605994e-01,1.623303e-01,20.0000,1,113.8422,0.966464,2.049232e-01,NaN,1,NaN,44,SAM 5:1,0.000613,3.449714e-04,1.31
15.00,0.5493,120.0,0.1000,1.0e-03,-1,8.72664626e-04,cycling,1.39164018e-01,1.65862898e-01,1.65695951e-04,1.32605994e-01,1.623303e-01,20.0000,1,113.8422,0.966464,1.495614e-01,NaN,1,NaN,31,SAM 5:1,0.000613,1.085535e-04,0.36
45.00,0.5493,120.0,0.1000,1.0e-03,-1,8.72664626e-04,cycling,1.39164018e-01,1.70798217e-01,5.74771390e-05,1.32605994e-01,1.623303e-01,20.0000,1,113.8422,0.966464,1.875247e+00,2.0050,0,NaN,55,SAM 5:1,0.000613,2.179723e-04,2.03
75.00,0.5493,120.0,0.1000,1.0e-03,-1,8.72664626e-04,cycling,1.39164018e-01,1.60080869e-01,1.58022778e-05,1.32605994e-01,1.623303e-01,20.0000,1,113.8422,0.966464,1.386339e+00,3.4586,0,NaN,89,SAM 5:1,0.000613,3.475602e-04,2.51
105.00,0.5493,120.0,0.1000,1.0e-03,-1,8.72664626e-04,cycling,1.39164018e-01,4.05858130e-01,4.39666742e-04,1.32605994e-01,1.623303e-01,20.0000,1,113.8422,0.966464,7.306444e-01,NaN,1,NaN,51,SAM 5:1,0.000613,5.818583e-05,0.33
135.00,0.5493,120.0,0.1000,1.0e-03,-1,8.72664626e-04,cycling,1.39164018e-01,1.48970415e-01,2.12817175e-04,1.32605994e-01,1.623303e-01,20.0000,1,113.8422,0.966464,6.398476e-02,NaN,1,NaN,45,SAM 5:1,0.000613,4.034911e-04,1.35
165.00,0.5493,120.0,0.1000,1.0e-03,-1,8.72664626e-04,cycling,1.39279126e-01,6.31494359e-01,7.46775002e-05,1.32742649e-01,1.638043e-01,20.0000,1,113.8501,0.966503,1.790793e+00,1.4035,0,NaN,99,SAM 5:1,0.000652,2.040614e-06,1.80
15.00,0.6180,120.0,0.1000,1.0e-03,-1,8.72664626e-04,cycling,1.39164018e-01,3.47495516e-01,8.00637588e-05,1.32605994e-01,1.623303e-01,20.0000,1,113.8422,0.966464,6.221554e-01,NaN,1,NaN,69,SAM 5:1,0.000613,6.929123e-07,1.99
45.00,0.6180,120.0,0.1000,1.0e-03,-1,8.72664626e-04,cycling,1.39164018e-01,1.57585053e-01,1.84817151e-04,1.32605994e-01,1.623303e-01,20.0000,1,113.8422,0.966464,1.084088e-01,NaN,1,NaN,43,SAM 5:1,0.000613,2.603104e-04,1.15
75.00,0.6180,120.0,0.1000,1.0e-03,-1,8.72664626e-04,cycling,1.39164018e-01,3.05208842e-01,1.69640190e-05,1.32605994e-01,1.623303e-01,20.0000,1,113.8422,0.966464,1.412598e+00,2.8070,0,NaN,79,SAM 5:1,0.000613,4.516805e-05,3.20
105.00,0.6180,120.0,0.1000,1.0e-03,-1,8.72664626e-04,despin,1.00000000e-08,3.12714766e-03,1.00000000e-08,1.62438613e-04,2.256458e+00,2.0550,0,80.7967,0.758119,1.442983e+07,0.6799,0,NaN,157,LAM 5:4,-0.026167,1.279443e-03,5.59
135.00,0.6180,120.0,0.1000,1.0e-03,-1,8.72664626e-04,cycling,1.39164018e-01,3.74032619e-01,1.23148109e-04,1.32605994e-01,1.623303e-01,20.0000,1,113.8422,0.966464,1.393367e+00,1.8045,0,NaN,67,SAM 5:1,0.000613,1.011803e-04,1.45
165.00,0.6180,120.0,0.1000,1.0e-03,-1,8.72664626e-04,cycling,1.39164018e-01,1.82753269e-01,2.80911144e-04,1.32605994e-01,1.623303e-01,20.0000,1,113.8422,0.966464,9.086783e-02,NaN,1,NaN,41,SAM 5:1,0.000613,5.896433e-04,0.62
15.00,0.6867,120.0,0.1000,1.0e-03,-1,8.72664626e-04,cycling,1.39164019e-01,3.64773144e-01,1.17755707e-04,1.32605995e-01,1.623303e-01,20.0000,1,113.8422,0.966464,1.292867e+00,2.0551,0,NaN,59,SAM 5:1,0.000613,2.817084e-06,1.69
45.00,0.6867,120.0,0.1000,1.0e-03,-1,8.72664626e-04,cycling,1.39164018e-01,3.37249347e-01,3.71957174e-04,1.32605994e-01,1.623303e-01,20.0000,1,113.8422,0.966464,6.384186e-02,NaN,1,NaN,17,SAM 5:1,0.000613,1.762399e-05,0.08
75.00,0.6867,120.0,0.1000,1.0e-03,-1,8.72664626e-04,cycling,1.39164018e-01,3.76484385e-01,2.01469876e-04,1.32605994e-01,1.623303e-01,20.0000,1,113.8422,0.966464,1.688924e+00,2.1554,0,NaN,53,SAM 5:1,0.000613,1.048316e-05,1.07
105.00,0.6867,120.0,0.1000,1.0e-03,-1,8.72664626e-04,spinup,1.00000000e+00,1.00000000e+00,2.41428618e-04,9.85896503e-01,2.923854e-02,4.8917,0,78.3783,1.000000,5.816598e-01,NaN,1,NaN,30,SAM 4:1,0.025559,6.452800e-06,0.32
135.00,0.6867,120.0,0.1000,1.0e-03,-1,8.72664626e-04,cycling,1.39164018e-01,1.52746580e-01,1.79380871e-04,1.32605994e-01,1.623303e-01,20.0000,1,113.8422,0.966464,2.400322e-01,NaN,1,NaN,45,SAM 5:1,0.000613,3.465612e-04,1.23
165.00,0.6867,120.0,0.1000,1.0e-03,-1,8.72664626e-04,cycling,1.39164019e-01,3.72719262e-01,1.05602661e-04,1.32605995e-01,1.623304e-01,20.0000,1,113.8422,0.966464,6.360457e-01,NaN,1,NaN,53,SAM 5:1,0.000613,3.704478e-06,0.81
15.00,0.7554,120.0,0.1000,1.0e-03,-1,8.72664626e-04,cycling,1.39164018e-01,1.98403837e-01,1.34940408e-04,1.32605994e-01,1.623303e-01,20.0000,1,113.8422,0.966464,5.989573e-01,NaN,1,NaN,48,SAM 5:1,0.000613,1.208262e-04,0.82
45.00,0.7554,120.0,0.1000,1.0e-03,-1,8.72664626e-04,cycling,1.39164018e-01,1.84917710e-01,5.70078542e-04,1.32605994e-01,1.623303e-01,20.0000,1,113.8422,0.966464,7.108231e-02,NaN,1,NaN,32,SAM 5:1,0.000613,1.901463e-04,0.34
75.00,0.7554,120.0,0.1000,1.0e-03,-1,8.72664626e-04,cycling,1.39164018e-01,1.54794616e-01,1.17039099e-04,1.32605994e-01,1.623303e-01,20.0000,1,113.8422,0.966464,6.284984e+00,2.3559,0,NaN,66,SAM 5:1,0.000613,3.910716e-04,1.27
105.00,0.7554,120.0,0.1000,1.0e-03,-1,8.72664626e-04,cycling,1.39164039e-01,4.38750036e-01,5.17438667e-05,1.32606031e-01,1.623333e-01,20.0000,1,113.8421,0.966464,8.400056e-01,NaN,1,NaN,96,SAM 5:1,0.000613,1.003993e-05,2.42
135.00,0.7554,120.0,0.1000,1.0e-03,-1,8.72664626e-04,cycling,1.39164015e-01,3.38028504e-01,8.77517460e-06,1.32605991e-01,1.623301e-01,20.0000,1,113.8422,0.966464,3.017628e+00,2.2556,0,NaN,66,SAM 5:1,0.000613,3.034944e-05,3.34
165.00,0.7554,120.0,0.1000,1.0e-03,-1,8.72664626e-04,cycling,1.39164018e-01,1.63150744e-01,4.23424619e-04,1.32605994e-01,1.623303e-01,20.0000,1,113.8422,0.966464,4.824529e-02,NaN,1,NaN,30,SAM 5:1,0.000613,2.487676e-04,0.33
15.00,0.8240,120.0,0.1000,1.0e-03,-1,8.72664626e-04,cycling,1.39164018e-01,3.16020311e-01,1.35295888e-04,1.32605994e-01,1.623303e-01,20.0000,1,113.8422,0.966464,1.933668e-01,NaN,1,NaN,50,SAM 5:1,0.000613,2.249765e-04,1.04
45.00,0.8240,120.0,0.1000,1.0e-03,-1,8.72664626e-04,cycling,1.39164018e-01,3.39547679e-01,4.67471313e-04,1.32605994e-01,1.623303e-01,20.0000,1,113.8422,0.966464,2.785274e-01,NaN,1,NaN,42,SAM 5:1,0.000613,5.636878e-05,0.38
75.00,0.8240,120.0,0.1000,1.0e-03,-1,8.72664626e-04,cycling,1.39164018e-01,1.59150262e-01,1.75808227e-04,1.32605994e-01,1.623303e-01,20.0000,1,113.8422,0.966464,1.631042e-01,NaN,1,NaN,98,SAM 5:1,0.000613,2.790389e-04,1.55
105.00,0.8240,120.0,0.1000,1.0e-03,-1,8.72664626e-04,cycling,1.39164018e-01,1.84454287e-01,7.63665826e-04,1.32605994e-01,1.623303e-01,20.0000,1,113.8422,0.966464,1.716355e-02,NaN,1,NaN,14,SAM 5:1,0.000613,5.366164e-04,0.08
135.00,0.8240,120.0,0.1000,1.0e-03,-1,8.72664626e-04,despin,1.00000000e-08,4.25329025e-03,1.00000000e-08,1.75624424e-04,2.264603e+00,2.2494,0,81.8567,0.786112,7.777983e+07,1.8716,0,NaN,109,LAM 5:4,0.001826,6.592326e-03,4.78
165.00,0.8240,120.0,0.1000,1.0e-03,-1,8.72664626e-04,cycling,1.39164018e-01,1.83233279e-01,9.34997739e-05,1.32605994e-01,1.623303e-01,20.0000,1,113.8422,0.966464,1.215218e-01,NaN,1,NaN,48,SAM 5:1,0.000613,4.653696e-04,0.82
15.00,0.8927,120.0,0.1000,1.0e-03,-1,8.72664626e-04,spinup,1.00000000e+00,1.00000000e+00,6.92618416e-04,9.56122625e-01,8.672842e-02,3.3532,0,83.2412,1.000000,6.658510e-02,NaN,1,NaN,6,SAM 4:1,0.025560,3.870025e-02,0.02
45.00,0.8927,120.0,0.1000,1.0e-03,-1,8.72664626e-04,spinup,1.00000000e+00,1.00000000e+00,7.34941553e-04,9.71910274e-01,5.315776e-02,3.2210,0,89.5925,1.000000,1.358922e-01,NaN,1,NaN,6,SAM 4:1,0.025560,3.951036e-02,0.02
75.00,0.8927,120.0,0.1000,1.0e-03,-1,8.72664626e-04,spinup,1.00000000e+00,1.00000000e+00,7.61274720e-05,9.03538469e-01,1.747069e-01,7.2768,0,38.9220,1.000000,1.191796e+00,3.1733,0,NaN,88,SAM 4:1,0.025560,7.730510e-08,1.73
105.00,0.8927,120.0,0.1000,1.0e-03,-1,8.72664626e-04,cycling,1.39164018e-01,4.10760150e-01,8.72664626e-04,1.32605994e-01,1.623303e-01,20.0000,1,113.8422,0.966464,1.286353e-02,NaN,1,NaN,15,SAM 5:1,0.000613,2.506361e-04,0.11
135.00,0.8927,120.0,0.1000,1.0e-03,-1,8.72664626e-04,cycling,1.39164018e-01,1.69407988e-01,2.87939133e-04,1.32605994e-01,1.623303e-01,20.0000,1,113.8422,0.966464,9.639449e-02,NaN,1,NaN,35,SAM 5:1,0.000613,5.599908e-04,0.35
165.00,0.8927,120.0,0.1000,1.0e-03,-1,8.72664626e-04,cycling,1.39164018e-01,3.97747439e-01,4.15695770e-05,1.32605994e-01,1.623303e-01,20.0000,1,113.8422,0.966464,4.627515e-01,NaN,1,NaN,75,SAM 5:1,0.000613,1.305417e-10,2.22
15.00,0.9652,120.0,0.1000,1.0e-03,-1,8.72664626e-04,spinup,1.00000000e+00,1.00000000e+00,8.72664626e-04,9.61837402e-01,7.422235e-02,3.2813,0,85.3365,1.000000,5.369991e-02,NaN,1,NaN,2,SAM 4:1,0.025560,4.017948e-03,0.02
45.00,0.9652,120.0,0.1000,1.0e-03,-1,8.72664626e-04,spinup,1.00000000e+00,1.00000000e+00,8.72664626e-04,9.73495110e-01,4.911488e-02,3.2206,0,89.7355,1.000000,1.501803e-01,NaN,1,NaN,2,SAM 4:1,0.025560,4.017948e-03,0.02
75.00,0.9652,120.0,0.1000,1.0e-03,-1,8.72664626e-04,cycling,1.36625583e-02,1.53931457e-02,8.72664626e-04,1.20273924e-02,4.877917e-01,20.0000,1,108.9804,0.274650,5.882080e-01,NaN,1,NaN,152,LAM 2:5,-0.010895,4.017948e-03,1.14
105.00,0.9652,120.0,0.1000,1.0e-03,-1,8.72664626e-04,cycling,1.39164018e-01,1.55035729e-01,8.72664626e-04,1.32605994e-01,1.623303e-01,20.0000,1,113.8422,0.966464,5.267283e-01,NaN,1,NaN,7,SAM 5:1,0.000613,1.944032e-04,0.07
135.00,0.9652,120.0,0.1000,1.0e-03,-1,8.72664626e-04,cycling,1.39164018e-01,1.77550989e-01,1.44919317e-04,1.32605993e-01,1.623302e-01,20.0000,1,113.8422,0.966464,7.861236e-01,NaN,1,NaN,95,SAM 5:1,0.000613,4.220115e-04,2.35
165.00,0.9652,120.0,0.1000,1.0e-03,-1,8.72664626e-04,cycling,1.39164018e-01,3.78508222e-01,8.71002011e-05,1.32605994e-01,1.623303e-01,20.0000,1,113.8422,0.966464,1.930985e-01,NaN,1,NaN,91,SAM 5:1,0.000613,7.051793e-05,1.55
15.00,0.9691,120.0,0.1000,1.0e-03,-1,8.72664626e-04,spinup,1.00000000e+00,1.00000000e+00,8.72664626e-04,9.61729356e-01,7.445096e-02,3.2823,0,85.2902,1.000000,3.076231e-02,NaN,1,NaN,1,SAM 4:1,0.025560,8.035896e-03,0.03
45.00,0.9691,120.0,0.1000,1.0e-03,-1,8.72664626e-04,spinup,1.00000000e+00,1.00000000e+00,8.72664626e-04,9.72030415e-01,5.302707e-02,3.2218,0,89.7165,1.000000,2.152199e-01,NaN,1,NaN,1,SAM 4:1,0.025560,8.035896e-03,0.02
75.00,0.9691,120.0,0.1000,1.0e-03,-1,8.72664626e-04,cycling,1.39164018e-01,1.68182719e-01,5.26785979e-04,1.32605994e-01,1.623303e-01,20.0000,1,113.8422,0.966464,6.847219e-01,NaN,1,NaN,94,SAM 5:1,0.000613,2.343337e-04,0.99
105.00,0.9691,120.0,0.1000,1.0e-03,-1,8.72664626e-04,cycling,1.39164018e-01,3.72977772e-01,8.72664626e-04,1.32605994e-01,1.623303e-01,20.0000,1,113.8422,0.966464,6.353368e-01,NaN,1,NaN,8,SAM 5:1,0.000613,2.308344e-05,0.11
135.00,0.9691,120.0,0.1000,1.0e-03,-1,8.72664626e-04,cycling,1.39164018e-01,4.88980538e-01,6.09021916e-04,1.32605993e-01,1.623302e-01,20.0000,1,113.8422,0.966464,1.164496e-01,NaN,1,NaN,62,SAM 5:1,0.000613,1.540457e-05,0.74
165.00,0.9691,120.0,0.1000,1.0e-03,-1,8.72664626e-04,cycling,1.39164017e-01,1.55248471e-01,2.90061936e-04,1.32605993e-01,1.623301e-01,20.0000,1,113.8422,0.966464,1.275803e-01,NaN,1,NaN,118,SAM 5:1,0.000613,2.047407e-04,1.52
15.00,0.9730,120.0,0.1000,1.0e-03,-1,8.72664626e-04,spinup,1.00000000e+00,1.00000000e+00,8.72664626e-04,9.61620706e-01,7.467842e-02,3.2833,0,85.2419,1.000000,4.836430e-04,NaN,1,NaN,1,SAM 4:1,0.025560,1.205384e-02,0.02
45.00,0.9730,120.0,0.1000,1.0e-03,-1,8.72664626e-04,spinup,1.00000000e+00,1.00000000e+00,8.72664626e-04,9.70731924e-01,5.604852e-02,3.2260,0,89.4073,1.000000,2.573788e-01,NaN,1,NaN,1,SAM 4:1,0.025560,1.205384e-02,0.02
75.00,0.9730,120.0,0.1000,1.0e-03,-1,8.72664626e-04,cycling,1.39164018e-01,1.88663525e-01,4.24908269e-04,1.32605994e-01,1.623303e-01,20.0000,1,113.8422,0.966464,6.896485e-01,NaN,1,NaN,74,SAM 5:1,0.000613,6.571023e-04,0.83
105.00,0.9730,120.0,0.1000,1.0e-03,-1,8.72664626e-04,cycling,5.65923189e-01,8.10337423e-01,8.58786306e-04,6.69260465e-01,4.466320e-01,20.0000,1,121.3066,1.000000,6.520768e-01,NaN,1,NaN,39,SAM 4:1,0.025560,1.707363e-05,0.34
135.00,0.9730,120.0,0.1000,1.0e-03,-1,8.72664626e-04,cycling,1.39164018e-01,1.66884634e-01,3.54618192e-04,1.32605994e-01,1.623303e-01,20.0000,1,113.8422,0.966464,1.822353e-01,NaN,1,NaN,58,SAM 5:1,0.000613,2.349622e-04,0.62
165.00,0.9730,120.0,0.1000,1.0e-03,-1,8.72664626e-04,cycling,1.39164018e-01,1.68479161e-01,2.59254952e-04,1.32605994e-01,1.623303e-01,20.0000,1,113.8422,0.966464,7.218630e-02,NaN,1,NaN,98,SAM 5:1,0.000613,4.188830e-04,1.10
15.00,0.9768,120.0,0.1000,1.0e-03,-1,8.72664626e-04,spinup,1.00000000e+00,1.00000000e+00,8.72664626e-04,9.61511919e-01,7.490344e-02,3.2843,0,85.1917,1.000000,3.750703e-02,NaN,1,NaN,0,SAM 4:1,0.025560,1.607179e-02,0.02
45.00,0.9768,120.0,0.1000,1.0e-03,-1,8.72664626e-04,spinup,1.00000000e+00,1.00000000e+00,8.72664626e-04,9.69619953e-01,5.848954e-02,3.2310,0,89.0395,1.000000,2.898372e-01,NaN,1,NaN,0,SAM 4:1,0.025560,1.607179e-02,0.02
75.00,0.9768,120.0,0.1000,1.0e-03,-1,8.72664626e-04,cycling,1.39164018e-01,1.62119400e-01,9.07252593e-05,1.32605994e-01,1.623303e-01,20.0000,1,113.8422,0.966464,6.423430e-01,NaN,1,NaN,103,SAM 5:1,0.000613,1.489156e-04,1.04
105.00,0.9768,120.0,0.1000,1.0e-03,-1,8.72664626e-04,cycling,1.39164018e-01,2.80725138e-01,6.01739494e-04,1.32605994e-01,1.623303e-01,20.0000,1,113.8422,0.966464,6.163100e-01,NaN,1,NaN,49,SAM 5:1,0.000613,1.604298e-04,0.35
135.00,0.9768,120.0,0.1000,1.0e-03,-1,8.72664626e-04,cycling,1.39164037e-01,4.50476695e-01,8.03509966e-05,1.32606018e-01,1.623324e-01,20.0000,1,113.8421,0.966464,9.475830e-01,NaN,1,NaN,107,SAM 5:1,0.000613,7.791680e-07,1.88
165.00,0.9768,120.0,0.1000,1.0e-03,-1,8.72664626e-04,cycling,2.31837354e-02,2.31837354e-02,5.73221128e-04,1.97269613e-02,3.503450e-01,20.0000,1,178.3461,0.274650,1.358886e-01,NaN,1,NaN,126,LAM 2:5,-0.010895,6.877557e-03,0.99
15.00,0.9807,120.0,0.1000,1.0e-03,-1,8.72664626e-04,spinup,1.00000000e+00,1.00000000e+00,8.72664626e-04,9.61401910e-01,7.512792e-02,3.2853,0,85.1387,1.000000,8.083450e-02,NaN,1,NaN,0,SAM 4:1,0.025560,2.008974e-02,0.02
45.00,0.9807,120.0,0.1000,1.0e-03,-1,8.72664626e-04,spinup,1.00000000e+00,1.00000000e+00,8.72664626e-04,9.68611022e-01,6.064061e-02,3.2362,0,88.6569,1.000000,3.168576e-01,NaN,1,NaN,0,SAM 4:1,0.025560,2.008974e-02,0.02
75.00,0.9807,120.0,0.1000,1.0e-03,-1,8.72664626e-04,cycling,1.39164018e-01,1.84592766e-01,1.04120459e-04,1.32605994e-01,1.623303e-01,20.0000,1,113.8422,0.966464,6.126663e+00,4.7118,0,NaN,103,SAM 5:1,0.000613,3.739101e-04,2.58
105.00,0.9807,120.0,0.1000,1.0e-03,-1,8.72664626e-04,cycling,1.39164018e-01,1.58995474e-01,1.32721443e-04,1.32605994e-01,1.623303e-01,20.0000,1,113.8422,0.966464,5.532468e-01,NaN,1,NaN,103,SAM 5:1,0.000613,1.907230e-04,1.03
135.00,0.9807,120.0,0.1000,1.0e-03,-1,8.72664626e-04,cycling,1.39164018e-01,1.74437150e-01,6.28076658e-04,1.32605994e-01,1.623303e-01,20.0000,1,113.8422,0.966464,2.873331e-01,NaN,1,NaN,41,SAM 5:1,0.000613,6.802191e-04,0.39
165.00,0.9807,120.0,0.1000,1.0e-03,-1,8.72664626e-04,cycling,1.39164000e-01,4.27727368e-01,4.78171591e-04,1.32605883e-01,1.623303e-01,20.0000,1,113.8422,0.966464,6.607221e-02,NaN,1,NaN,81,SAM 5:1,0.000613,1.634844e-04,0.61
15.00,0.9845,120.0,0.1000,1.0e-03,-1,8.72664626e-04,spinup,1.00000000e+00,1.00000000e+00,8.72664626e-04,9.61289191e-01,7.535459e-02,3.2863,0,85.0820,1.000000,1.290186e-01,NaN,1,NaN,0,SAM 4:1,0.025560,2.410769e-02,0.02
45.00,0.9845,120.0,0.1000,1.0e-03,-1,8.72664626e-04,spinup,1.00000000e+00,1.00000000e+00,8.72664626e-04,9.67630012e-01,6.269703e-02,3.2417,0,88.2550,1.000000,3.403835e-01,NaN,1,NaN,0,SAM 4:1,0.025560,2.410769e-02,0.02
75.00,0.9845,120.0,0.1000,1.0e-03,-1,8.72664626e-04,cycling,1.39164018e-01,4.33288600e-01,5.34937016e-05,1.32605994e-01,1.623303e-01,20.0000,1,113.8422,0.966464,5.260256e-01,NaN,1,NaN,97,SAM 5:1,0.000613,5.380375e-05,1.77
105.00,0.9845,120.0,0.1000,1.0e-03,-1,8.72664626e-04,cycling,1.39164018e-01,1.58906437e-01,3.88266860e-04,1.32605994e-01,1.623303e-01,20.0000,1,113.8422,0.966464,4.511864e+00,2.6566,0,NaN,51,SAM 5:1,0.000613,5.564451e-05,0.62
135.00,0.9845,120.0,0.1000,1.0e-03,-1,8.72664626e-04,cycling,1.39164018e-01,4.13001690e-01,7.14541777e-04,1.32605994e-01,1.623303e-01,20.0000,1,113.8422,0.966464,3.328765e-01,NaN,1,NaN,45,SAM 5:1,0.000613,1.282183e-05,0.37
165.00,0.9845,120.0,0.1000,1.0e-03,-1,8.72664626e-04,cycling,1.39164018e-01,1.60376385e-01,2.14708197e-04,1.32605994e-01,1.623303e-01,20.0000,1,113.8422,0.966464,1.252651e-01,NaN,1,NaN,61,SAM 5:1,0.000613,2.097829e-04,1.06
15.00,0.9884,120.0,0.1000,1.0e-03,-1,8.72664626e-04,spinup,1.00000000e+00,1.00000000e+00,8.72664626e-04,9.61172220e-01,7.558625e-02,3.2874,0,85.0206,1.000000,1.813366e-01,NaN,1,NaN,0,SAM 4:1,0.025560,2.812564e-02,0.02
45.00,0.9884,120.0,0.1000,1.0e-03,-1,8.72664626e-04,spinup,1.00000000e+00,1.00000000e+00,8.72664626e-04,9.66617561e-01,6.479276e-02,3.2476,0,87.8152,1.000000,3.614692e-01,NaN,1,NaN,0,SAM 4:1,0.025560,2.812564e-02,0.02
75.00,0.9884,120.0,0.1000,1.0e-03,-1,8.72664626e-04,spinup,1.00000000e+00,1.00000000e+00,8.72664626e-04,9.72970084e-01,5.076986e-02,3.2178,0,89.8897,1.000000,3.133569e-01,NaN,1,NaN,0,SAM 4:1,0.025560,2.812564e-02,0.02
105.00,0.9884,120.0,0.1000,1.0e-03,-1,8.72664626e-04,cycling,1.39164019e-01,3.64906367e-01,9.81615804e-05,1.32605996e-01,1.623305e-01,20.0000,1,113.8422,0.966464,3.203564e-01,NaN,1,NaN,127,SAM 5:1,0.000613,3.885938e-06,1.32
135.00,0.9884,120.0,0.1000,1.0e-03,-1,8.72664626e-04,cycling,1.39164018e-01,1.61966492e-01,2.57738464e-04,1.32605994e-01,1.623303e-01,20.0000,1,113.8422,0.966464,3.754682e-01,NaN,1,NaN,79,SAM 5:1,0.000613,1.351626e-04,0.80
165.00,0.9884,120.0,0.1000,1.0e-03,-1,8.72664626e-04,cycling,1.39163983e-01,4.48422600e-01,1.96529203e-04,1.32605981e-01,1.623344e-01,20.0000,1,113.8421,0.966464,8.818880e-01,NaN,1,NaN,107,SAM 5:1,0.000613,4.682368e-06,1.57
15.00,0.9923,120.0,0.1000,1.0e-03,-1,8.72664626e-04,spinup,1.00000000e+00,1.00000000e+00,8.72664626e-04,9.61049507e-01,7.582556e-02,3.2885,0,84.9535,1.000000,2.372000e-01,NaN,1,NaN,0,SAM 4:1,0.025560,3.214359e-02,0.02
45.00,0.9923,120.0,0.1000,1.0e-03,-1,8.72664626e-04,spinup,1.00000000e+00,1.00000000e+00,8.72664626e-04,9.65523076e-01,6.702144e-02,3.2540,0,87.3062,1.000000,3.807520e-01,NaN,1,NaN,0,SAM 4:1,0.025560,3.214359e-02,0.02
75.00,0.9923,120.0,0.1000,1.0e-03,-1,8.72664626e-04,spinup,1.00000000e+00,1.00000000e+00,8.72664626e-04,9.69769159e-01,5.823455e-02,3.2281,0,89.1353,1.000000,1.613979e-01,NaN,1,NaN,0,SAM 4:1,0.025560,3.214359e-02,0.02
105.00,0.9923,120.0,0.1000,1.0e-03,-1,8.72664626e-04,cycling,1.39164018e-01,4.04441260e-01,6.99514405e-05,1.32605993e-01,1.623302e-01,20.0000,1,113.8422,0.966464,4.135699e-01,NaN,1,NaN,83,SAM 5:1,0.000613,3.903444e-06,1.53
135.00,0.9923,120.0,0.1000,1.0e-03,-1,8.72664626e-04,cycling,1.39164018e-01,1.66965738e-01,5.69288757e-05,1.32605994e-01,1.623303e-01,20.0000,1,113.8422,0.966464,5.632325e+00,3.6591,0,NaN,73,SAM 5:1,0.000613,6.812455e-04,2.43
165.00,0.9923,120.0,0.1000,1.0e-03,-1,8.72664626e-04,cycling,1.39164018e-01,1.55804068e-01,3.90628003e-04,1.32605994e-01,1.623303e-01,20.0000,1,113.8422,0.966464,2.547026e-01,NaN,1,NaN,55,SAM 5:1,0.000613,2.920881e-04,0.60
15.00,0.9961,120.0,0.1000,1.0e-03,-1,8.72664626e-04,spinup,1.00000000e+00,1.00000000e+00,8.72664626e-04,9.60919614e-01,7.607494e-02,3.2897,0,84.8797,1.000000,2.961201e-01,NaN,1,NaN,0,SAM 4:1,0.025560,3.616153e-02,0.02
45.00,0.9961,120.0,0.1000,1.0e-03,-1,8.72664626e-04,spinup,1.00000000e+00,1.00000000e+00,8.72664626e-04,9.64292167e-01,6.944174e-02,3.2615,0,86.6648,1.000000,3.986461e-01,NaN,1,NaN,0,SAM 4:1,0.025560,3.616153e-02,0.02
75.00,0.9961,120.0,0.1000,1.0e-03,-1,8.72664626e-04,spinup,1.00000000e+00,1.00000000e+00,8.72664626e-04,9.67166438e-01,6.366090e-02,3.2416,0,88.0528,1.000000,5.852555e-03,NaN,1,NaN,0,SAM 4:1,0.025560,3.616153e-02,0.02
105.00,0.9961,120.0,0.1000,1.0e-03,-1,8.72664626e-04,spinup,1.00000000e+00,1.00000000e+00,8.72664626e-04,9.73222556e-01,5.021785e-02,3.2134,0,89.9711,1.000000,2.190922e-02,NaN,1,NaN,0,SAM 4:1,0.025560,3.616153e-02,0.02
135.00,0.9961,120.0,0.1000,1.0e-03,-1,8.72664626e-04,cycling,1.39164018e-01,1.52118555e-01,9.40514351e-05,1.32605994e-01,1.623303e-01,20.0000,1,113.8422,0.966464,9.505716e+00,2.7068,0,NaN,55,SAM 5:1,0.000613,3.787019e-04,1.50
165.00,0.9961,120.0,0.1000,1.0e-03,-1,8.72664626e-04,cycling,1.39164018e-01,2.89810852e-01,3.97314048e-04,1.32605994e-01,1.623303e-01,20.0000,1,113.8422,0.966464,3.238819e-01,NaN,1,NaN,75,SAM 5:1,0.000613,1.129732e-04,0.57
15.00,0.3433,20.0,0.5000,1.0e-03,-1,5.23598776e-03,cycling,7.45214038e-02,8.14494909e-02,1.35266782e-03,7.06237099e-02,9.662097e-02,20.0000,1,132.0913,0.968683,2.367325e-02,NaN,1,NaN,18,SAM 5:1,0.002832,3.543273e-04,0.09
45.00,0.3433,20.0,0.5000,1.0e-03,-1,5.23598776e-03,cycling,7.45214038e-02,8.04837137e-02,1.57466320e-03,7.06237099e-02,9.662097e-02,20.0000,1,132.0913,0.968683,5.602517e-03,NaN,1,NaN,32,SAM 5:1,0.002832,7.107371e-04,0.08
75.00,0.3433,20.0,0.5000,1.0e-03,-1,5.23598776e-03,cycling,7.45214038e-02,7.70144051e-02,1.73346140e-03,7.06237099e-02,9.662097e-02,20.0000,1,132.0913,0.968683,1.311387e-03,NaN,1,NaN,32,SAM 5:1,0.002832,4.423541e-05,0.09
105.00,0.3433,20.0,0.5000,1.0e-03,-1,5.23598776e-03,cycling,7.45214038e-02,1.02359559e-01,1.87134015e-03,7.06237099e-02,9.662097e-02,20.0000,1,132.0913,0.968683,9.737472e-03,NaN,1,NaN,30,SAM 5:1,0.002832,2.516629e-04,0.21
135.00,0.3433,20.0,0.5000,1.0e-03,-1,5.23598776e-03,cycling,7.45214038e-02,2.39586525e-01,1.29312109e-03,7.06237099e-02,9.662097e-02,20.0000,1,132.0913,0.968683,2.920607e-02,NaN,1,NaN,58,SAM 5:1,0.002832,4.449538e-04,0.41
165.00,0.3433,20.0,0.5000,1.0e-03,-1,5.23598776e-03,cycling,7.45214038e-02,7.72650907e-02,9.90949395e-04,7.06237099e-02,9.662097e-02,20.0000,1,132.0913,0.968683,3.679295e-03,NaN,1,NaN,68,SAM 5:1,0.002832,9.978752e-04,0.47
15.00,0.4120,20.0,0.5000,1.0e-03,-1,5.23598776e-03,cycling,9.36278597e-03,1.18105051e-02,1.68050336e-03,6.23364690e-03,8.184934e-01,20.0000,1,159.0211,0.274683,3.534883e-03,NaN,1,NaN,90,LAM 2:5,-0.010862,9.973318e-02,1.00
45.00,0.4120,20.0,0.5000,1.0e-03,-1,5.23598776e-03,cycling,7.45214038e-02,7.84105808e-02,1.60767318e-03,7.06237099e-02,9.662097e-02,20.0000,1,132.0913,0.968683,6.116688e-04,NaN,1,NaN,37,SAM 5:1,0.002832,1.430751e-05,0.08
75.00,0.4120,20.0,0.5000,1.0e-03,-1,5.23598776e-03,cycling,7.45214038e-02,9.57577364e-02,2.05424921e-03,7.06237099e-02,9.662097e-02,20.0000,1,132.0913,0.968683,2.245899e-02,NaN,1,NaN,19,SAM 5:1,0.002832,1.069446e-03,0.08
105.00,0.4120,20.0,0.5000,1.0e-03,-1,5.23598776e-03,cycling,9.79482024e-03,1.20083991e-02,3.53567364e-03,6.53814352e-03,8.467395e-01,20.0000,1,157.9060,0.274706,2.873314e-03,NaN,1,NaN,76,LAM 2:5,-0.010839,2.883587e-01,1.00
135.00,0.4120,20.0,0.5000,1.0e-03,-1,5.23598776e-03,cycling,7.45214038e-02,8.52601224e-02,1.83589813e-03,7.06237099e-02,9.662097e-02,20.0000,1,132.0913,0.968683,7.025905e-03,NaN,1,NaN,19,SAM 5:1,0.002832,1.226721e-03,0.24
165.00,0.4120,20.0,0.5000,1.0e-03,-1,5.23598776e-03,cycling,7.45214038e-02,8.15584931e-02,2.37080333e-03,7.06237099e-02,9.662097e-02,20.0000,1,132.0913,0.968683,1.860715e-02,NaN,1,NaN,35,SAM 5:1,0.002832,8.409405e-04,0.32
15.00,0.4807,20.0,0.5000,1.0e-03,-1,5.23598776e-03,cycling,7.45214039e-02,8.11027343e-02,1.69452600e-03,7.06237099e-02,9.662097e-02,20.0000,1,132.0913,0.968683,1.154883e-03,NaN,1,NaN,42,SAM 5:1,0.002832,1.120350e-03,0.07
45.00,0.4807,20.0,0.5000,1.0e-03,-1,5.23598776e-03,cycling,7.45214038e-02,7.64554365e-02,2.05576514e-03,7.06237099e-02,9.662097e-02,20.0000,1,132.0913,0.968683,1.028620e-03,NaN,1,NaN,32,SAM 5:1,0.002832,6.061721e-04,0.08
75.00,0.4807,20.0,0.5000,1.0e-03,-1,5.23598776e-03,cycling,7.45214038e-02,7.63451269e-02,2.42078956e-03,7.06237099e-02,9.662097e-02,20.0000,1,132.0913,0.968683,5.561518e-03,NaN,1,NaN,34,SAM 5:1,0.002832,9.008803e-06,0.08
105.00,0.4807,20.0,0.5000,1.0e-03,-1,5.23598776e-03,cycling,9.34554326e-03,1.19037059e-02,3.78919471e-03,6.21725293e-03,8.178670e-01,20.0000,1,163.6453,0.274680,3.454879e-03,NaN,1,NaN,85,LAM 2:5,-0.010865,2.250478e-01,1.42
135.00,0.4807,20.0,0.5000,1.0e-03,-1,5.23598776e-03,cycling,7.45214038e-02,7.66116838e-02,3.37375904e-03,7.06237099e-02,9.662097e-02,20.0000,1,132.0913,0.968683,1.044289e-03,NaN,1,NaN,56,SAM 5:1,0.002832,4.466810e-05,0.45
165.00,0.4807,20.0,0.5000,1.0e-03,-1,5.23598776e-03,cycling,4.56358816e-03,1.01371464e-02,3.66450321e-03,7.34076222e-03,7.884638e-01,20.0000,1,179.0994,0.636466,4.006227e-03,NaN,1,NaN,99,LAM 4:5,0.027078,1.880934e-01,1.08
15.00,0.5493,20.0,0.5000,1.0e-03,-1,5.23598776e-03,cycling,7.45214039e-02,8.34984209e-02,2.29294510e-03,7.06237099e-02,9.662097e-02,20.0000,1,132.0913,0.968683,9.300607e-04,NaN,1,NaN,31,SAM 5:1,0.002832,1.028532e-03,0.07
45.00,0.5493,20.0,0.5000,1.0e-03,-1,5.23598776e-03,cycling,7.45214038e-02,8.14526819e-02,2.26501203e-03,7.06237099e-02,9.662097e-02,20.0000,1,132.0913,0.968683,1.573156e-02,NaN,1,NaN,17,SAM 5:1,0.002832,5.689844e-04,0.08
75.00,0.5493,20.0,0.5000,1.0e-03,-1,5.23598776e-03,cycling,7.45214038e-02,8.06878371e-02,2.37247256e-03,7.06237099e-02,9.662097e-02,20.0000,1,132.0913,0.968683,3.384128e-02,NaN,1,NaN,29,SAM 5:1,0.002832,1.085403e-04,0.07
105.00,0.5493,20.0,0.5000,1.0e-03,-1,5.23598776e-03,cycling,7.45214038e-02,7.93725558e-02,4.07005034e-03,7.06237099e-02,9.662097e-02,20.0000,1,132.0913,0.968683,2.816847e-03,NaN,1,NaN,19,SAM 5:1,0.002832,6.922511e-04,0.07
135.00,0.5493,20.0,0.5000,1.0e-03,-1,5.23598776e-03,cycling,9.83883465e-03,1.18667708e-02,4.13238804e-03,6.57040569e-03,8.494082e-01,20.0000,1,159.2994,0.274709,2.332018e-03,NaN,1,NaN,74,LAM 2:5,-0.010836,2.948917e-01,1.01
165.00,0.5493,20.0,0.5000,1.0e-03,-1,5.23598776e-03,cycling,7.45214039e-02,8.35628645e-02,3.45160257e-03,7.06237059e-02,9.662094e-02,20.0000,1,132.0913,0.968683,2.732967e-03,NaN,1,NaN,69,SAM 5:1,0.002832,8.577043e-04,0.65
15.00,0.6180,20.0,0.5000,1.0e-03,-1,5.23598776e-03,cycling,7.45214038e-02,8.28839492e-02,2.23363328e-03,7.06237099e-02,9.662097e-02,20.0000,1,132.0913,0.968683,5.958852e-02,NaN,1,NaN,25,SAM 5:1,0.002832,1.085217e-03,0.07
45.00,0.6180,20.0,0.5000,1.0e-03,-1,5.23598776e-03,cycling,7.45214039e-02,7.60516753e-02,2.34822011e-03,7.06237099e-02,9.662097e-02,20.0000,1,132.0913,0.968683,4.718179e-02,NaN,1,NaN,23,SAM 5:1,0.002832,4.961820e-04,0.07
75.00,0.6180,20.0,0.5000,1.0e-03,-1,5.23598776e-03,cycling,7.45214038e-02,7.79943330e-02,2.84249615e-03,7.06237099e-02,9.662097e-02,20.0000,1,132.0913,0.968683,4.984950e-02,NaN,1,NaN,25,SAM 5:1,0.002832,1.013279e-03,0.07
105.00,0.6180,20.0,0.5000,1.0e-03,-1,5.23598776e-03,cycling,7.45214039e-02,7.90883253e-02,4.25162360e-03,7.06237099e-02,9.662097e-02,20.0000,1,132.0913,0.968683,2.552771e-03,NaN,1,NaN,19,SAM 5:1,0.002832,3.497618e-04,0.06
135.00,0.6180,20.0,0.5000,1.0e-03,-1,5.23598776e-03,cycling,2.54681430e-02,2.54681430e-02,3.40417953e-03,9.36897063e-03,2.355004e+00,20.0000,1,161.6101,0.927888,1.884735e-03,NaN,1,NaN,79,LAM 5:2,0.007250,3.482956e-02,0.86
165.00,0.6180,20.0,0.5000,1.0e-03,-1,5.23598776e-03,cycling,9.90150971e-03,1.19031041e-02,4.06807667e-03,6.59791690e-03,8.553803e-01,20.0000,1,172.8566,0.274698,1.865379e-03,NaN,1,NaN,76,LAM 2:5,-0.010847,2.809067e-01,1.03
15.00,0.6867,20.0,0.5000,1.0e-03,-1,5.23598776e-03,cycling,7.45214039e-02,7.61860532e-02,2.36853252e-03,7.06237099e-02,9.662097e-02,20.0000,1,132.0913,0.968683,1.547368e-02,NaN,1,NaN,31,SAM 5:1,0.002832,1.473764e-03,0.09
45.00,0.6867,20.0,0.5000,1.0e-03,-1,5.23598776e-03,cycling,7.45214039e-02,7.60604503e-02,2.63607577e-03,7.06237099e-02,9.662097e-02,20.0000,1,132.0913,0.968683,1.773385e-03,NaN,1,NaN,21,SAM 5:1,0.002832,9.458735e-04,0.07
75.00,0.6867,20.0,0.5000,1.0e-03,-1,5.23598776e-03,cycling,7.45214038e-02,7.60720383e-02,2.67338980e-03,7.06237099e-02,9.662097e-02,20.0000,1,132.0913,0.968683,2.991354e-03,NaN,1,NaN,21,SAM 5:1,0.002832,2.199312e-04,0.07
105.00,0.6867,20.0,0.5000,1.0e-03,-1,5.23598776e-03,cycling,7.45214040e-02,8.00923503e-02,4.22477362e-03,7.06237099e-02,9.662098e-02,20.0000,1,132.0913,0.968683,4.606724e-03,NaN,1,NaN,13,SAM 5:1,0.002832,1.016706e-04,0.08
135.00,0.6867,20.0,0.5000,1.0e-03,-1,5.23598776e-03,cycling,7.45214039e-02,7.95182535e-02,5.14019876e-03,7.06237099e-02,9.662097e-02,20.0000,1,132.0913,0.968683,1.794319e-03,NaN,1,NaN,15,SAM 5:1,0.002832,8.997356e-04,0.07
165.00,0.6867,20.0,0.5000,1.0e-03,-1,5.23598776e-03,cycling,7.45214038e-02,7.64968896e-02,5.23598776e-03,7.06237099e-02,9.662097e-02,20.0000,1,132.0913,0.968683,1.203368e-03,NaN,1,NaN,15,SAM 5:1,0.002832,9.075446e-04,0.08
15.00,0.7554,20.0,0.5000,1.0e-03,-1,5.23598776e-03,cycling,7.45214039e-02,8.35783605e-02,2.22314274e-03,7.06237099e-02,9.662097e-02,20.0000,1,132.0913,0.968683,5.372760e-03,NaN,1,NaN,36,SAM 5:1,0.002832,1.093517e-03,0.08
45.00,0.7554,20.0,0.5000,1.0e-03,-1,5.23598776e-03,cycling,7.45214038e-02,7.81336169e-02,2.61498292e-03,7.06237099e-02,9.662097e-02,20.0000,1,132.0913,0.968683,5.049421e-03,NaN,1,NaN,34,SAM 5:1,0.002832,8.890555e-04,0.07
75.00,0.7554,20.0,0.5000,1.0e-03,-1,5.23598776e-03,cycling,7.45214039e-02,7.60637209e-02,2.87337509e-03,7.06237099e-02,9.662097e-02,20.0000,1,132.0913,0.968683,2.755713e-03,NaN,1,NaN,28,SAM 5:1,0.002832,1.025154e-03,0.08
105.00,0.7554,20.0,0.5000,1.0e-03,-1,5.23598776e-03,cycling,7.45214040e-02,7.87980968e-02,4.01600688e-03,7.06237099e-02,9.662097e-02,20.0000,1,132.0913,0.968683,1.665663e-02,NaN,1,NaN,10,SAM 5:1,0.002832,1.699179e-04,0.07
135.00,0.7554,20.0,0.5000,1.0e-03,-1,5.23598776e-03,cycling,7.45214038e-02,8.28349614e-02,5.23598776e-03,7.06237099e-02,9.662097e-02,20.0000,1,132.0913,0.968683,1.999853e-03,NaN,1,NaN,14,SAM 5:1,0.002832,9.266123e-04,0.07
165.00,0.7554,20.0,0.5000,1.0e-03,-1,5.23598776e-03,cycling,7.45214040e-02,8.36821079e-02,5.23598776e-03,7.06237099e-02,9.662097e-02,20.0000,1,132.0913,0.968683,1.340147e-03,NaN,1,NaN,14,SAM 5:1,0.002832,1.274377e-03,0.08
15.00,0.8240,20.0,0.5000,1.0e-03,-1,5.23598776e-03,cycling,7.45214040e-02,2.04682366e-01,3.30655831e-03,7.06237099e-02,9.662098e-02,20.0000,1,132.0913,0.968683,1.514515e-03,NaN,1,NaN,20,SAM 5:1,0.002832,8.284883e-04,0.07
45.00,0.8240,20.0,0.5000,1.0e-03,-1,5.23598776e-03,cycling,7.45214040e-02,7.60504873e-02,3.53838446e-03,7.06237099e-02,9.662098e-02,20.0000,1,132.0913,0.968683,2.236642e-03,NaN,1,NaN,28,SAM 5:1,0.002832,5.853101e-04,0.08
75.00,0.8240,20.0,0.5000,1.0e-03,-1,5.23598776e-03,cycling,7.45214040e-02,7.60821181e-02,3.57109004e-03,7.06237099e-02,9.662097e-02,20.0000,1,132.0913,0.968683,9.320359e-04,NaN,1,NaN,28,SAM 5:1,0.002832,6.451011e-04,0.07
105.00,0.8240,20.0,0.5000,1.0e-03,-1,5.23598776e-03,cycling,7.45214040e-02,1.01766048e-01,4.37522441e-03,7.06237099e-02,9.662097e-02,20.0000,1,132.0913,0.968683,6.347272e-03,NaN,1,NaN,12,SAM 5:1,0.002832,1.033964e-03,0.08
135.00,0.8240,20.0,0.5000,1.0e-03,-1,5.23598776e-03,cycling,7.45214038e-02,7.74902952e-02,5.23598776e-03,7.06237099e-02,9.662097e-02,20.0000,1,132.0913,0.968683,2.263571e-03,NaN,1,NaN,16,SAM 5:1,0.002832,1.260300e-03,0.06
165.00,0.8240,20.0,0.5000,1.0e-03,-1,5.23598776e-03,cycling,7.45214040e-02,7.93477152e-02,5.23598776e-03,7.06237099e-02,9.662098e-02,20.0000,1,132.0913,0.968683,1.527980e-03,NaN,1,NaN,16,SAM 5:1,0.002832,6.384754e-04,0.07
15.00,0.8927,20.0,0.5000,1.0e-03,-1,5.23598776e-03,cycling,7.45214038e-02,1.20576630e-01,3.94027739e-03,7.06237099e-02,9.662097e-02,20.0000,1,132.0913,0.968683,1.849586e-03,NaN,1,NaN,21,SAM 5:1,0.002832,1.809513e-03,0.07
45.00,0.8927,20.0,0.5000,1.0e-03,-1,5.23598776e-03,spinup,1.00000000e+00,1.00000000e+00,3.57081810e-03,9.54015961e-01,9.106562e-02,3.3791,0,82.2750,1.000000,1.172829e-02,NaN,1,NaN,6,SAM 4:1,0.025560,2.030314e-02,0.02
75.00,0.8927,20.0,0.5000,1.0e-03,-1,5.23598776e-03,cycling,7.45214040e-02,7.60497788e-02,3.57679581e-03,7.06237099e-02,9.662097e-02,20.0000,1,132.0913,0.968683,1.238143e-03,NaN,1,NaN,21,SAM 5:1,0.002832,4.990655e-04,0.08
105.00,0.8927,20.0,0.5000,1.0e-03,-1,5.23598776e-03,cycling,7.45214040e-02,1.13105741e-01,5.12329257e-03,7.06237099e-02,9.662097e-02,20.0000,1,132.0913,0.968683,1.649704e-03,NaN,1,NaN,11,SAM 5:1,0.002832,2.489489e-05,0.08
135.00,0.8927,20.0,0.5000,1.0e-03,-1,5.23598776e-03,cycling,7.45214040e-02,7.60414621e-02,5.23598776e-03,7.06237099e-02,9.662097e-02,20.0000,1,132.0913,0.968683,2.677625e-03,NaN,1,NaN,15,SAM 5:1,0.002832,1.529705e-04,0.06
165.00,0.8927,20.0,0.5000,1.0e-03,-1,5.23598776e-03,cycling,7.45214040e-02,7.61528385e-02,5.23598776e-03,7.06237099e-02,9.662098e-02,20.0000,1,132.0913,0.968683,1.863089e-03,NaN,1,NaN,17,SAM 5:1,0.002832,4.154635e-04,0.06
15.00,0.9652,20.0,0.5000,1.0e-03,-1,5.23598776e-03,spinup,1.00000000e+00,1.00000000e+00,5.08810095e-03,9.55691246e-01,8.831938e-02,3.3556,0,83.5208,1.000000,4.144730e-03,NaN,1,NaN,2,SAM 4:1,0.025560,4.017948e-03,0.01
45.00,0.9652,20.0,0.5000,1.0e-03,-1,5.23598776e-03,spinup,1.00000000e+00,1.00000000e+00,5.23598776e-03,9.58626342e-01,8.051908e-02,3.3207,0,83.6478,1.000000,4.171676e-03,NaN,1,NaN,2,SAM 4:1,0.025560,4.017948e-03,0.01
75.00,0.9652,20.0,0.5000,1.0e-03,-1,5.23598776e-03,cycling,7.45214040e-02,7.78372825e-02,5.23598776e-03,7.06237099e-02,9.662098e-02,20.0000,1,132.0913,0.968683,1.633911e-02,NaN,1,NaN,13,SAM 5:1,0.002832,1.430268e-03,0.05
105.00,0.9652,20.0,0.5000,1.0e-03,-1,5.23598776e-03,cycling,7.45214039e-02,2.66772861e-01,5.23598776e-03,7.06237099e-02,9.662097e-02,20.0000,1,132.0913,0.968683,1.463134e-02,NaN,1,NaN,13,SAM 5:1,0.002832,4.272784e-04,0.05
135.00,0.9652,20.0,0.5000,1.0e-03,-1,5.23598776e-03,cycling,7.45214040e-02,7.65388833e-02,5.23598776e-03,7.06237099e-02,9.662098e-02,20.0000,1,132.0913,0.968683,7.561393e-04,NaN,1,NaN,15,SAM 5:1,0.002832,9.629004e-04,0.05
165.00,0.9652,20.0,0.5000,1.0e-03,-1,5.23598776e-03,cycling,7.45214040e-02,7.60777637e-02,5.23598776e-03,7.06237099e-02,9.662097e-02,20.0000,1,132.0913,0.968683,3.199433e-03,NaN,1,NaN,17,SAM 5:1,0.002832,5.531108e-04,0.05
15.00,0.9691,20.0,0.5000,1.0e-03,-1,5.23598776e-03,spinup,1.00000000e+00,1.00000000e+00,5.23598776e-03,9.55640551e-01,8.849809e-02,3.3571,0,83.5555,1.000000,3.669458e-03,NaN,1,NaN,1,SAM 4:1,0.025560,8.035896e-03,0.01
45.00,0.9691,20.0,0.5000,1.0e-03,-1,5.23598776e-03,spinup,1.00000000e+00,1.00000000e+00,5.23598776e-03,9.57988235e-01,8.194796e-02,3.3273,0,83.4271,1.000000,5.978330e-03,NaN,1,NaN,1,SAM 4:1,0.025560,8.035896e-03,0.01
75.00,0.9691,20.0,0.5000,1.0e-03,-1,5.23598776e-03,cycling,7.45214040e-02,7.63683870e-02,4.91284394e-03,7.06237099e-02,9.662097e-02,20.0000,1,132.0913,0.968683,1.902005e-02,NaN,1,NaN,16,SAM 5:1,0.002832,2.107661e-05,0.05
105.00,0.9691,20.0,0.5000,1.0e-03,-1,5.23598776e-03,cycling,7.45214039e-02,2.62434931e-01,5.23598776e-03,7.06237099e-02,9.662097e-02,20.0000,1,132.0913,0.968683,1.764824e-02,NaN,1,NaN,14,SAM 5:1,0.002832,1.924315e-04,0.05
135.00,0.9691,20.0,0.5000,1.0e-03,-1,5.23598776e-03,cycling,7.45214040e-02,7.64680750e-02,5.23598776e-03,7.06237099e-02,9.662097e-02,20.0000,1,132.0913,0.968683,3.234712e-03,NaN,1,NaN,16,SAM 5:1,0.002832,5.398145e-04,0.05
165.00,0.9691,20.0,0.5000,1.0e-03,-1,5.23598776e-03,cycling,7.45214040e-02,7.60709561e-02,5.23598776e-03,7.06237099e-02,9.662097e-02,20.0000,1,132.0913,0.968683,2.226318e-03,NaN,1,NaN,18,SAM 5:1,0.002832,2.197604e-04,0.05
15.00,0.9730,20.0,0.5000,1.0e-03,-1,5.23598776e-03,spinup,1.00000000e+00,1.00000000e+00,5.23598776e-03,9.55595207e-01,8.866223e-02,3.3585,0,83.5901,1.000000,3.311294e-03,NaN,1,NaN,1,SAM 4:1,0.025560,1.205384e-02,0.01
45.00,0.9730,20.0,0.5000,1.0e-03,-1,5.23598776e-03,spinup,1.00000000e+00,1.00000000e+00,5.23598776e-03,9.57447772e-01,8.318685e-02,3.3333,0,83.2617,1.000000,7.149412e-03,NaN,1,NaN,1,SAM 4:1,0.025560,1.205384e-02,0.01
75.00,0.9730,20.0,0.5000,1.0e-03,-1,5.23598776e-03,cycling,7.45214040e-02,7.60837323e-02,4.57724672e-03,7.06237099e-02,9.662098e-02,20.0000,1,132.0913,0.968683,1.915690e-02,NaN,1,NaN,16,SAM 5:1,0.002832,1.187632e-04,0.05
105.00,0.9730,20.0,0.5000,1.0e-03,-1,5.23598776e-03,cycling,7.45214040e-02,7.91148282e-02,5.23598776e-03,7.06237099e-02,9.662098e-02,20.0000,1,132.0913,0.968683,1.811324e-02,NaN,1,NaN,14,SAM 5:1,0.002832,3.002777e-04,0.05
135.00,0.9730,20.0,0.5000,1.0e-03,-1,5.23598776e-03,cycling,7.45214040e-02,7.63437280e-02,5.23598776e-03,7.06237099e-02,9.662097e-02,20.0000,1,132.0913,0.968683,5.062092e-03,NaN,1,NaN,16,SAM 5:1,0.002832,1.181423e-05,0.05
165.00,0.9730,20.0,0.5000,1.0e-03,-1,5.23598776e-03,cycling,7.45214040e-02,7.60741954e-02,5.23598776e-03,7.06237099e-02,9.662097e-02,20.0000,1,132.0913,0.968683,1.045362e-03,NaN,1,NaN,18,SAM 5:1,0.002832,2.819906e-04,0.05
15.00,0.9768,20.0,0.5000,1.0e-03,-1,5.23598776e-03,spinup,1.00000000e+00,1.00000000e+00,5.23598776e-03,9.55555790e-01,8.881129e-02,3.3598,0,83.6252,1.000000,3.026122e-03,NaN,1,NaN,0,SAM 4:1,0.025560,1.607179e-02,0.01
45.00,0.9768,20.0,0.5000,1.0e-03,-1,5.23598776e-03,spinup,1.00000000e+00,1.00000000e+00,5.23598776e-03,9.57001277e-01,8.424070e-02,3.3385,0,83.1479,1.000000,8.051032e-03,NaN,1,NaN,0,SAM 4:1,0.025560,1.607179e-02,0.01
75.00,0.9768,20.0,0.5000,1.0e-03,-1,5.23598776e-03,cycling,7.45214040e-02,7.60806410e-02,4.65631199e-03,7.06237099e-02,9.662097e-02,20.0000,1,132.0913,0.968683,1.784286e-02,NaN,1,NaN,19,SAM 5:1,0.002832,6.549127e-04,0.05
105.00,0.9768,20.0,0.5000,1.0e-03,-1,5.23598776e-03,cycling,7.45214040e-02,7.62098162e-02,5.23598776e-03,7.06237099e-02,9.662097e-02,20.0000,1,132.0913,0.968683,1.711972e-02,NaN,1,NaN,17,SAM 5:1,0.002832,1.205781e-03,0.05
135.00,0.9768,20.0,0.5000,1.0e-03,-1,5.23598776e-03,cycling,7.45214040e-02,7.61825305e-02,5.23598776e-03,7.06237099e-02,9.662097e-02,20.0000,1,132.0913,0.968683,6.604757e-03,NaN,1,NaN,17,SAM 5:1,0.002832,1.256154e-03,0.04
165.00,0.9768,20.0,0.5000,1.0e-03,-1,5.23598776e-03,cycling,7.45214040e-02,7.60710959e-02,5.23598776e-03,7.06237099e-02,9.662097e-02,20.0000,1,132.0913,0.968683,3.187243e-04,NaN,1,NaN,19,SAM 5:1,0.002832,3.227108e-04,0.05
15.00,0.9807,20.0,0.5000,1.0e-03,-1,5.23598776e-03,spinup,1.00000000e+00,1.00000000e+00,5.23598776e-03,9.55521930e-01,8.894669e-02,3.3610,0,83.6612,1.000000,2.791262e-03,NaN,1,NaN,0,SAM 4:1,0.025560,2.008974e-02,0.01
45.00,0.9807,20.0,0.5000,1.0e-03,-1,5.23598776e-03,spinup,1.00000000e+00,1.00000000e+00,5.23598776e-03,9.56637412e-01,8.513522e-02,3.3430,0,83.0816,1.000000,8.801601e-03,NaN,1,NaN,0,SAM 4:1,0.025560,2.008974e-02,0.01
75.00,0.9807,20.0,0.5000,1.0e-03,-1,5.23598776e-03,cycling,7.45214040e-02,7.60563865e-02,4.60452043e-03,7.06237099e-02,9.662097e-02,20.0000,1,132.0913,0.968683,1.551637e-02,NaN,1,NaN,21,SAM 5:1,0.002832,6.292948e-04,0.05
105.00,0.9807,20.0,0.5000,1.0e-03,-1,5.23598776e-03,cycling,7.45214040e-02,7.60720242e-02,5.14244106e-03,7.06237099e-02,9.662097e-02,20.0000,1,132.0913,0.968683,1.510631e-02,NaN,1,NaN,19,SAM 5:1,0.002832,5.006474e-04,0.05
135.00,0.9807,20.0,0.5000,1.0e-03,-1,5.23598776e-03,cycling,7.45214040e-02,7.60952113e-02,5.23598776e-03,7.06237099e-02,9.662097e-02,20.0000,1,132.0913,0.968683,7.981474e-03,NaN,1,NaN,17,SAM 5:1,0.002832,1.022191e-04,0.05
165.00,0.9807,20.0,0.5000,1.0e-03,-1,5.23598776e-03,cycling,7.45214040e-02,7.60748915e-02,5.23598776e-03,7.06237099e-02,9.662098e-02,20.0000,1,132.0913,0.968683,1.835339e-03,NaN,1,NaN,19,SAM 5:1,0.002832,2.688912e-04,0.05
15.00,0.9845,20.0,0.5000,1.0e-03,-1,5.23598776e-03,spinup,1.00000000e+00,1.00000000e+00,5.23598776e-03,9.55493010e-01,8.907030e-02,3.3622,0,83.6980,1.000000,3.583851e-03,NaN,1,NaN,0,SAM 4:1,0.025560,2.410769e-02,0.01
45.00,0.9845,20.0,0.5000,1.0e-03,-1,5.23598776e-03,spinup,1.00000000e+00,1.00000000e+00,5.23598776e-03,9.56348876e-01,8.588982e-02,3.3468,0,83.0620,1.000000,9.455098e-03,NaN,1,NaN,0,SAM 4:1,0.025560,2.410769e-02,0.01
75.00,0.9845,20.0,0.5000,1.0e-03,-1,5.23598776e-03,spinup,1.00000000e+00,1.00000000e+00,5.23598776e-03,9.72072878e-01,5.187650e-02,3.2349,0,89.0576,1.000000,1.241853e-02,NaN,1,NaN,0,SAM 4:1,0.025560,2.410769e-02,0.01
105.00,0.9845,20.0,0.5000,1.0e-03,-1,5.23598776e-03,cycling,7.45214040e-02,7.60766499e-02,4.40873833e-03,7.06237099e-02,9.662098e-02,20.0000,1,132.0913,0.968683,1.231427e-02,NaN,1,NaN,21,SAM 5:1,0.002832,7.945338e-04,0.05
135.00,0.9845,20.0,0.5000,1.0e-03,-1,5.23598776e-03,cycling,7.45214040e-02,7.60659740e-02,5.23598776e-03,7.06237099e-02,9.662097e-02,20.0000,1,132.0913,0.968683,9.246570e-03,NaN,1,NaN,17,SAM 5:1,0.002832,2.986899e-04,0.04
165.00,0.9845,20.0,0.5000,1.0e-03,-1,5.23598776e-03,cycling,7.45214040e-02,7.60758306e-02,5.23598776e-03,7.06237099e-02,9.662097e-02,20.0000,1,132.0913,0.968683,3.479587e-03,NaN,1,NaN,19,SAM 5:1,0.002832,2.311013e-04,0.05
15.00,0.9884,20.0,0.5000,1.0e-03,-1,5.23598776e-03,spinup,1.00000000e+00,1.00000000e+00,5.23598776e-03,9.55468378e-01,8.918405e-02,3.3632,0,83.7358,1.000000,5.037128e-03,NaN,1,NaN,0,SAM 4:1,0.025560,2.812564e-02,0.01
45.00,0.9884,20.0,0.5000,1.0e-03,-1,5.23598776e-03,spinup,1.00000000e+00,1.00000000e+00,5.23598776e-03,9.56130519e-01,8.652023e-02,3.3497,0,83.0893,1.000000,1.004081e-02,NaN,1,NaN,0,SAM 4:1,0.025560,2.812564e-02,0.01
75.00,0.9884,20.0,0.5000,1.0e-03,-1,5.23598776e-03,spinup,1.00000000e+00,1.00000000e+00,5.23598776e-03,9.59334465e-01,7.917478e-02,3.3106,0,84.0449,1.000000,8.704357e-03,NaN,1,NaN,0,SAM 4:1,0.025560,2.812564e-02,0.01
105.00,0.9884,20.0,0.5000,1.0e-03,-1,5.23598776e-03,cycling,7.45214040e-02,7.61997518e-02,3.60035844e-03,7.06237099e-02,9.662097e-02,20.0000,1,132.0913,0.968683,8.898788e-03,NaN,1,NaN,21,SAM 5:1,0.002832,1.207445e-03,0.05
135.00,0.9884,20.0,0.5000,1.0e-03,-1,5.23598776e-03,cycling,7.45214040e-02,7.60761033e-02,5.23598776e-03,7.06237099e-02,9.662097e-02,20.0000,1,132.0913,0.968683,1.042967e-02,NaN,1,NaN,19,SAM 5:1,0.002832,5.120026e-04,0.04
165.00,0.9884,20.0,0.5000,1.0e-03,-1,5.23598776e-03,cycling,7.45214040e-02,7.60828810e-02,5.23598776e-03,7.06237099e-02,9.662097e-02,20.0000,1,132.0913,0.968683,5.231559e-03,NaN,1,NaN,19,SAM 5:1,0.002832,1.005097e-03,0.04
15.00,0.9923,20.0,0.5000,1.0e-03,-1,5.23598776e-03,spinup,1.00000000e+00,1.00000000e+00,5.23598776e-03,9.55447419e-01,8.928969e-02,3.3641,0,83.7746,1.000000,6.588888e-03,NaN,1,NaN,0,SAM 4:1,0.025560,3.214359e-02,0.01
45.00,0.9923,20.0,0.5000,1.0e-03,-1,5.23598776e-03,spinup,1.00000000e+00,1.00000000e+00,5.23598776e-03,9.55974188e-01,8.704745e-02,3.3516,0,83.1616,1.000000,1.057644e-02,NaN,1,NaN,0,SAM 4:1,0.025560,3.214359e-02,0.01
75.00,0.9923,20.0,0.5000,1.0e-03,-1,5.23598776e-03,spinup,1.00000000e+00,1.00000000e+00,5.23598776e-03,9.57783092e-01,8.262916e-02,3.3274,0,83.4990,1.000000,4.483274e-03,NaN,1,NaN,0,SAM 4:1,0.025560,3.214359e-02,0.01
105.00,0.9923,20.0,0.5000,1.0e-03,-1,5.23598776e-03,cycling,7.45214040e-02,8.31020448e-02,2.66631018e-03,7.06237099e-02,9.662098e-02,20.0000,1,132.0913,0.968683,4.969459e-03,NaN,1,NaN,25,SAM 5:1,0.002832,8.464678e-04,0.05
135.00,0.9923,20.0,0.5000,1.0e-03,-1,5.23598776e-03,cycling,7.45214040e-02,7.60819389e-02,5.23598776e-03,7.06237099e-02,9.662097e-02,20.0000,1,132.0913,0.968683,1.154881e-02,NaN,1,NaN,21,SAM 5:1,0.002832,5.818796e-04,0.05
165.00,0.9923,20.0,0.5000,1.0e-03,-1,5.23598776e-03,cycling,7.45214040e-02,7.60878198e-02,5.23598776e-03,7.06237099e-02,9.662098e-02,20.0000,1,132.0913,0.968683,7.075073e-03,NaN,1,NaN,19,SAM 5:1,0.002832,5.264879e-04,0.05
15.00,0.9961,20.0,0.5000,1.0e-03,-1,5.23598776e-03,spinup,1.00000000e+00,1.00000000e+00,5.23598776e-03,9.55429571e-01,8.938881e-02,3.3649,0,83.8146,1.000000,8.225559e-03,NaN,1,NaN,0,SAM 4:1,0.025560,3.616153e-02,0.01
45.00,0.9961,20.0,0.5000,1.0e-03,-1,5.23598776e-03,spinup,1.00000000e+00,1.00000000e+00,5.23598776e-03,9.55862690e-01,8.750719e-02,3.3524,0,83.2689,1.000000,1.107350e-02,NaN,1,NaN,0,SAM 4:1,0.025560,3.616153e-02,0.01
75.00,0.9961,20.0,0.5000,1.0e-03,-1,5.23598776e-03,spinup,1.00000000e+00,1.00000000e+00,5.23598776e-03,9.56841676e-01,8.491321e-02,3.3382,0,83.3010,1.000000,1.625710e-04,NaN,1,NaN,0,SAM 4:1,0.025560,3.616153e-02,0.01
105.00,0.9961,20.0,0.5000,1.0e-03,-1,5.23598776e-03,spinup,1.00000000e+00,1.00000000e+00,5.23598776e-03,9.60440668e-01,7.694294e-02,3.2964,0,84.5822,1.000000,4.004810e-03,NaN,1,NaN,0,SAM 4:1,0.025560,3.616153e-02,0.01
135.00,0.9961,20.0,0.5000,1.0e-03,-1,5.23598776e-03,cycling,7.45214040e-02,7.60883640e-02,4.65790195e-03,7.06237099e-02,9.662098e-02,20.0000,1,132.0913,0.968683,1.261582e-02,NaN,1,NaN,21,SAM 5:1,0.002832,7.623745e-04,0.05
165.00,0.9961,20.0,0.5000,1.0e-03,-1,5.23598776e-03,cycling,7.45214040e-02,7.60507892e-02,5.23598776e-03,7.06237099e-02,9.662097e-02,20.0000,1,132.0913,0.968683,8.996720e-03,NaN,1,NaN,21,SAM 5:1,0.002832,4.972497e-04,0.05
15.00,0.3433,60.0,0.5000,1.0e-03,-1,1.74532925e-03,cycling,7.45214038e-02,7.90274223e-02,7.06802023e-04,7.06237099e-02,9.662097e-02,20.0000,1,132.0913,0.968683,7.853164e-03,NaN,1,NaN,44,SAM 5:1,0.002832,7.837248e-04,0.29
45.00,0.3433,60.0,0.5000,1.0e-03,-1,1.74532925e-03,cycling,7.45214038e-02,1.01337900e-01,1.48603832e-04,7.06237099e-02,9.662097e-02,20.0000,1,132.0913,0.968683,5.502586e-01,NaN,1,NaN,74,SAM 5:1,0.002832,6.931623e-04,0.73
75.00,0.3433,60.0,0.5000,1.0e-03,-1,1.74532925e-03,cycling,7.45214038e-02,7.54485646e-02,4.55374685e-04,7.06237099e-02,9.662097e-02,20.0000,1,132.0913,0.968683,2.773928e+00,1.2030,0,NaN,76,SAM 5:1,0.002832,2.880121e-04,0.32
105.00,0.3433,60.0,0.5000,1.0e-03,-1,1.74532925e-03,despin,1.00000000e-08,4.51596234e-03,1.00000000e-08,2.82916530e-04,3.054891e+00,3.6493,0,75.2271,0.932642,1.619866e+08,3.5395,0,NaN,184,LAM 3:1,-0.003882,2.826044e-02,3.31
135.00,0.3433,60.0,0.5000,1.0e-03,-1,1.74532925e-03,cycling,7.45214039e-02,8.15578628e-02,1.02573153e-05,7.06237099e-02,9.662097e-02,20.0000,1,132.0913,0.968683,5.810912e-01,NaN,1,NaN,56,SAM 5:1,0.002832,2.147316e-04,1.47
165.00,0.3433,60.0,0.5000,1.0e-03,-1,1.74532925e-03,cycling,7.45214038e-02,1.88779402e-01,6.71121361e-05,7.06237099e-02,9.662097e-02,20.0000,1,132.0913,0.968683,8.849994e-01,NaN,1,NaN,86,SAM 5:1,0.002832,2.733797e-04,1.46
15.00,0.4120,60.0,0.5000,1.0e-03,-1,1.74532925e-03,cycling,7.45214039e-02,1.14151456e-01,4.57878059e-04,7.06237099e-02,9.662097e-02,20.0000,1,132.0913,0.968683,2.250273e-02,NaN,1,NaN,59,SAM 5:1,0.002832,6.551051e-04,0.24
45.00,0.4120,60.0,0.5000,1.0e-03,-1,1.74532925e-03,cycling,7.45214038e-02,8.70128283e-02,5.28280458e-04,7.06237099e-02,9.662097e-02,20.0000,1,132.0913,0.968683,2.629838e-02,NaN,1,NaN,69,SAM 5:1,0.002832,4.820408e-04,0.27
75.00,0.4120,60.0,0.5000,1.0e-03,-1,1.74532925e-03,cycling,7.45214039e-02,7.60421852e-02,8.04271689e-04,7.06237099e-02,9.662097e-02,20.0000,1,132.0913,0.968683,3.469018e-03,NaN,1,NaN,69,SAM 5:1,0.002832,5.319337e-04,0.24
105.00,0.4120,60.0,0.5000,1.0e-03,-1,1.74532925e-03,cycling,7.45214038e-02,1.13316039e-01,1.86710526e-04,7.06237099e-02,9.662097e-02,20.0000,1,132.0913,0.968683,5.564908e-02,NaN,1,NaN,97,SAM 5:1,0.002832,8.113861e-04,0.84
135.00,0.4120,60.0,0.5000,1.0e-03,-1,1.74532925e-03,cycling,7.45214038e-02,8.29588735e-02,6.76543081e-04,7.06237099e-02,9.662097e-02,20.0000,1,132.0913,0.968683,7.333599e-03,NaN,1,NaN,19,SAM 5:1,0.002832,5.544703e-04,0.10
165.00,0.4120,60.0,0.5000,1.0e-03,-1,1.74532925e-03,cycling,7.45214038e-02,1.20627419e-01,7.37969566e-05,7.06237099e-02,9.662097e-02,20.0000,1,132.0913,0.968683,2.771928e+00,2.5564,0,NaN,71,SAM 5:1,0.002832,1.794746e-04,1.02
15.00,0.4807,60.0,0.5000,1.0e-03,-1,1.74532925e-03,cycling,7.45214038e-02,1.88058037e-01,5.27608856e-04,7.06237099e-02,9.662097e-02,20.0000,1,132.0913,0.968683,6.674547e-03,NaN,1,NaN,26,SAM 5:1,0.002832,4.036559e-05,0.07
45.00,0.4807,60.0,0.5000,1.0e-03,-1,1.74532925e-03,cycling,7.45214039e-02,7.64437163e-02,7.47081793e-04,7.06237099e-02,9.662097e-02,20.0000,1,132.0913,0.968683,1.012197e-02,NaN,1,NaN,94,SAM 5:1,0.002832,1.553901e-03,0.37
75.00,0.4807,60.0,0.5000,1.0e-03,-1,1.74532925e-03,cycling,7.45214039e-02,7.68253155e-02,9.65376730e-04,7.06237099e-02,9.662097e-02,20.0000,1,132.0913,0.968683,3.883938e-03,NaN,1,NaN,78,SAM 5:1,0.002832,1.365917e-04,0.24
105.00,0.4807,60.0,0.5000,1.0e-03,-1,1.74532925e-03,cycling,7.45214038e-02,7.67060357e-02,5.75737034e-04,7.06237099e-02,9.662097e-02,20.0000,1,132.0913,0.968683,1.916021e-02,NaN,1,NaN,36,SAM 5:1,0.002832,6.320984e-04,0.29
135.00,0.4807,60.0,0.5000,1.0e-03,-1,1.74532925e-03,cycling,7.45214039e-02,7.70904652e-02,7.36865841e-04,7.06237099e-02,9.662097e-02,20.0000,1,132.0913,0.968683,1.215754e-02,NaN,1,NaN,36,SAM 5:1,0.002832,1.247166e-04,0.26
165.00,0.4807,60.0,0.5000,1.0e-03,-1,1.74532925e-03,cycling,7.45214039e-02,7.65133878e-02,5.01903266e-04,7.06237099e-02,9.662097e-02,20.0000,1,132.0913,0.968683,1.145828e-01,NaN,1,NaN,110,SAM 5:1,0.002832,8.192999e-04,0.45
15.00,0.5493,60.0,0.5000,1.0e-03,-1,1.74532925e-03,cycling,7.45214038e-02,7.60619108e-02,9.40757773e-04,7.06237099e-02,9.662097e-02,20.0000,1,132.0913,0.968683,8.370546e-03,NaN,1,NaN,63,SAM 5:1,0.002832,1.036452e-03,0.26
45.00,0.5493,60.0,0.5000,1.0e-03,-1,1.74532925e-03,cycling,7.45214038e-02,7.60800594e-02,9.30175412e-04,7.06237099e-02,9.662097e-02,20.0000,1,132.0913,0.968683,6.600567e-02,NaN,1,NaN,63,SAM 5:1,0.002832,3.932042e-04,0.26
75.00,0.5493,60.0,0.5000,1.0e-03,-1,1.74532925e-03,cycling,7.45214039e-02,7.66220337e-02,9.86136858e-04,7.06237099e-02,9.662097e-02,20.0000,1,132.0913,0.968683,2.266303e-02,NaN,1,NaN,67,SAM 5:1,0.002832,1.329177e-03,0.25
105.00,0.5493,60.0,0.5000,1.0e-03,-1,1.74532925e-03,cycling,7.45214038e-02,2.80970176e-01,8.18720676e-04,7.06237099e-02,9.662097e-02,20.0000,1,132.0913,0.968683,1.016305e-01,NaN,1,NaN,45,SAM 5:1,0.002832,1.719553e-04,0.36
135.00,0.5493,60.0,0.5000,1.0e-03,-1,1.74532925e-03,cycling,7.45214039e-02,7.55850569e-02,7.15311954e-04,7.06237099e-02,9.662097e-02,20.0000,1,132.0913,0.968683,1.686963e-01,NaN,1,NaN,25,SAM 5:1,0.002832,9.318828e-05,0.18
165.00,0.5493,60.0,0.5000,1.0e-03,-1,1.74532925e-03,cycling,7.45214039e-02,8.33087733e-02,6.93121252e-04,7.06237099e-02,9.662097e-02,20.0000,1,132.0913,0.968683,1.124582e-01,NaN,1,NaN,57,SAM 5:1,0.002832,7.943122e-04,0.35
15.00,0.6180,60.0,0.5000,1.0e-03,-1,1.74532925e-03,cycling,7.45214039e-02,1.20430687e-01,8.09853575e-04,7.06237099e-02,9.662097e-02,20.0000,1,132.0913,0.968683,9.630797e-03,NaN,1,NaN,15,SAM 5:1,0.002832,5.132361e-04,0.05
45.00,0.6180,60.0,0.5000,1.0e-03,-1,1.74532925e-03,cycling,7.45214039e-02,7.81100338e-02,7.64469045e-04,7.06237099e-02,9.662097e-02,20.0000,1,132.0913,0.968683,1.421801e-02,NaN,1,NaN,13,SAM 5:1,0.002832,2.360226e-04,0.05
75.00,0.6180,60.0,0.5000,1.0e-03,-1,1.74532925e-03,cycling,7.45214038e-02,8.32192033e-02,8.88602319e-04,7.06237099e-02,9.662097e-02,20.0000,1,132.0913,0.968683,2.920082e-03,NaN,1,NaN,43,SAM 5:1,0.002832,5.492443e-04,0.15
105.00,0.6180,60.0,0.5000,1.0e-03,-1,1.74532925e-03,cycling,7.45214038e-02,7.60741232e-02,1.17600084e-03,7.06237099e-02,9.662097e-02,20.0000,1,132.0913,0.968683,4.969033e-03,NaN,1,NaN,55,SAM 5:1,0.002832,1.081033e-04,0.28
135.00,0.6180,60.0,0.5000,1.0e-03,-1,1.74532925e-03,cycling,7.45214038e-02,7.61879026e-02,7.40281529e-04,7.06237099e-02,9.662097e-02,20.0000,1,132.0913,0.968683,3.565793e-02,NaN,1,NaN,75,SAM 5:1,0.002832,1.879163e-04,0.36
165.00,0.6180,60.0,0.5000,1.0e-03,-1,1.74532925e-03,cycling,7.45214039e-02,9.63744247e-02,5.47367776e-04,7.06237099e-02,9.662097e-02,20.0000,1,132.0913,0.968683,1.318800e-02,NaN,1,NaN,31,SAM 5:1,0.002832,3.340358e-04,0.32
15.00,0.6867,60.0,0.5000,1.0e-03,-1,1.74532925e-03,cycling,9.00894107e-03,9.74500208e-03,1.00219785e-03,5.99577122e-03,7.918651e-01,20.0000,1,168.2616,0.274670,1.073611e-02,NaN,1,NaN,114,LAM 2:5,-0.010875,1.766859e-01,1.41
45.00,0.6867,60.0,0.5000,1.0e-03,-1,1.74532925e-03,cycling,7.45214038e-02,8.01549439e-02,7.31427624e-04,7.06237099e-02,9.662097e-02,20.0000,1,132.0913,0.968683,3.198749e-01,NaN,1,NaN,29,SAM 5:1,0.002832,9.216452e-04,0.31
75.00,0.6867,60.0,0.5000,1.0e-03,-1,1.74532925e-03,cycling,7.45214038e-02,7.70685847e-02,8.66134894e-04,7.06237099e-02,9.662097e-02,20.0000,1,132.0913,0.968683,3.571568e-03,NaN,1,NaN,69,SAM 5:1,0.002832,1.134066e-03,0.65
105.00,0.6867,60.0,0.5000,1.0e-03,-1,1.74532925e-03,cycling,7.45214038e-02,8.20101518e-02,1.61852531e-03,7.06237099e-02,9.662097e-02,20.0000,1,132.0913,0.968683,1.724926e-01,NaN,1,NaN,27,SAM 5:1,0.002832,2.061803e-04,0.27
135.00,0.6867,60.0,0.5000,1.0e-03,-1,1.74532925e-03,cycling,7.45214038e-02,9.95420445e-02,6.11961747e-04,7.06237099e-02,9.662097e-02,20.0000,1,132.0913,0.968683,1.614887e-02,NaN,1,NaN,39,SAM 5:1,0.002832,8.591482e-04,0.45
165.00,0.6867,60.0,0.5000,1.0e-03,-1,1.74532925e-03,cycling,7.45214038e-02,1.92176512e-01,7.29219248e-04,7.06237099e-02,9.662097e-02,20.0000,1,132.0913,0.968683,1.083031e-02,NaN,1,NaN,51,SAM 5:1,0.002832,3.933996e-04,0.48
15.00,0.7554,60.0,0.5000,1.0e-03,-1,1.74532925e-03,cycling,7.45214038e-02,8.20478402e-02,1.12294453e-03,7.06237099e-02,9.662097e-02,20.0000,1,132.0913,0.968683,1.194727e-02,NaN,1,NaN,40,SAM 5:1,0.002832,2.508558e-04,0.24
45.00,0.7554,60.0,0.5000,1.0e-03,-1,1.74532925e-03,cycling,7.45214038e-02,7.74680653e-02,1.24025143e-03,7.06237099e-02,9.662097e-02,20.0000,1,132.0913,0.968683,1.777058e-02,NaN,1,NaN,68,SAM 5:1,0.002832,2.131854e-05,0.59
75.00,0.7554,60.0,0.5000,1.0e-03,-1,1.74532925e-03,cycling,7.45214038e-02,8.15393026e-02,1.35078466e-03,7.06237099e-02,9.662097e-02,20.0000,1,132.0913,0.968683,1.522909e-02,NaN,1,NaN,30,SAM 5:1,0.002832,8.535647e-04,0.24
105.00,0.7554,60.0,0.5000,1.0e-03,-1,1.74532925e-03,cycling,7.45214040e-02,7.86794916e-02,1.66768007e-03,7.06237099e-02,9.662097e-02,20.0000,1,132.0913,0.968683,7.368756e-03,NaN,1,NaN,12,SAM 5:1,0.002832,7.276832e-04,0.08
135.00,0.7554,60.0,0.5000,1.0e-03,-1,1.74532925e-03,cycling,7.45214038e-02,7.92211496e-02,1.30429919e-03,7.06237099e-02,9.662097e-02,20.0000,1,132.0913,0.968683,1.799868e-02,NaN,1,NaN,48,SAM 5:1,0.002832,6.082098e-04,0.40
165.00,0.7554,60.0,0.5000,1.0e-03,-1,1.74532925e-03,cycling,7.45214038e-02,7.61570679e-02,1.21854458e-03,7.06237099e-02,9.662097e-02,20.0000,1,132.0913,0.968683,1.206132e-02,NaN,1,NaN,70,SAM 5:1,0.002832,8.083892e-04,0.41
15.00,0.8240,60.0,0.5000,1.0e-03,-1,1.74532925e-03,cycling,7.45214038e-02,8.17868728e-02,1.52690421e-03,7.06237099e-02,9.662097e-02,20.0000,1,132.0913,0.968683,1.455282e-02,NaN,1,NaN,28,SAM 5:1,0.002832,4.271664e-04,0.25
45.00,0.8240,60.0,0.5000,1.0e-03,-1,1.74532925e-03,cycling,7.45214038e-02,2.33874250e-01,1.06645349e-03,7.06237099e-02,9.662097e-02,20.0000,1,132.0913,0.968683,2.012978e-02,NaN,1,NaN,62,SAM 5:1,0.002832,1.232957e-04,0.58
75.00,0.8240,60.0,0.5000,1.0e-03,-1,1.74532925e-03,cycling,7.45214039e-02,8.06982356e-02,1.16060515e-03,7.06237099e-02,9.662097e-02,20.0000,1,132.0913,0.968683,4.169705e-03,NaN,1,NaN,22,SAM 5:1,0.002832,1.250087e-04,0.08
105.00,0.8240,60.0,0.5000,1.0e-03,-1,1.74532925e-03,cycling,7.45214040e-02,9.45705135e-02,1.71046907e-03,7.06237099e-02,9.662097e-02,20.0000,1,132.0913,0.968683,4.290887e-03,NaN,1,NaN,8,SAM 5:1,0.002832,6.356750e-04,0.08
135.00,0.8240,60.0,0.5000,1.0e-03,-1,1.74532925e-03,cycling,7.45214038e-02,8.30895699e-02,1.74532925e-03,7.06237099e-02,9.662097e-02,20.0000,1,132.0913,0.968683,2.049583e-02,NaN,1,NaN,28,SAM 5:1,0.002832,4.780871e-04,0.25
165.00,0.8240,60.0,0.5000,1.0e-03,-1,1.74532925e-03,cycling,7.45214038e-02,7.64937352e-02,1.74532925e-03,7.06237099e-02,9.662097e-02,20.0000,1,132.0913,0.968683,1.375182e-02,NaN,1,NaN,38,SAM 5:1,0.002832,9.581062e-04,0.24
15.00,0.8927,60.0,0.5000,1.0e-03,-1,1.74532925e-03,spinup,1.00000000e+00,1.00000000e+00,1.36516327e-03,9.53942977e-01,9.265706e-02,3.3921,0,83.3422,1.000000,1.664627e-02,NaN,1,NaN,6,SAM 4:1,0.025560,3.859302e-02,0.02
45.00,0.8927,60.0,0.5000,1.0e-03,-1,1.74532925e-03,spinup,1.00000000e+00,1.00000000e+00,1.13381761e-03,9.61510107e-01,7.450558e-02,3.2905,0,84.9400,1.000000,3.438239e-02,NaN,1,NaN,6,SAM 4:1,0.025560,2.929986e-02,0.02
75.00,0.8927,60.0,0.5000,1.0e-03,-1,1.74532925e-03,cycling,7.45214038e-02,8.36886076e-02,1.15191858e-03,7.06237099e-02,9.662097e-02,20.0000,1,132.0913,0.968683,4.294304e-03,NaN,1,NaN,65,SAM 5:1,0.002832,1.160862e-03,0.56
105.00,0.8927,60.0,0.5000,1.0e-03,-1,1.74532925e-03,cycling,7.45214038e-02,2.59676567e-01,1.74532925e-03,7.06237099e-02,9.662097e-02,20.0000,1,132.0913,0.968683,3.215883e-03,NaN,1,NaN,17,SAM 5:1,0.002832,4.309216e-04,0.10
135.00,0.8927,60.0,0.5000,1.0e-03,-1,1.74532925e-03,cycling,7.45214038e-02,8.36679944e-02,1.74532925e-03,7.06237099e-02,9.662097e-02,20.0000,1,132.0913,0.968683,2.409862e-02,NaN,1,NaN,41,SAM 5:1,0.002832,1.274291e-03,0.24
165.00,0.8927,60.0,0.5000,1.0e-03,-1,1.74532925e-03,cycling,7.45214039e-02,8.20069830e-02,1.74532925e-03,7.06236999e-02,9.662091e-02,20.0000,1,132.0913,0.968683,1.676780e-02,NaN,1,NaN,93,SAM 5:1,0.002832,1.238229e-03,0.75
15.00,0.9652,60.0,0.5000,1.0e-03,-1,1.74532925e-03,spinup,1.00000000e+00,1.00000000e+00,1.74532925e-03,9.58652227e-01,8.092577e-02,3.3131,0,83.9412,1.000000,1.342498e-02,NaN,1,NaN,2,SAM 4:1,0.025560,4.017948e-03,0.02
45.00,0.9652,60.0,0.5000,1.0e-03,-1,1.74532925e-03,spinup,1.00000000e+00,1.00000000e+00,1.74532925e-03,9.66378804e-01,6.474948e-02,3.2508,0,87.3530,1.000000,3.754509e-02,NaN,1,NaN,2,SAM 4:1,0.025560,4.017948e-03,0.02
75.00,0.9652,60.0,0.5000,1.0e-03,-1,1.74532925e-03,cycling,7.45214040e-02,7.69817829e-02,1.74532925e-03,7.06237099e-02,9.662098e-02,20.0000,1,132.0913,0.968683,1.470520e-01,NaN,1,NaN,21,SAM 5:1,0.002832,8.183731e-04,0.08
105.00,0.9652,60.0,0.5000,1.0e-03,-1,1.74532925e-03,cycling,7.45214039e-02,8.19175193e-02,1.74532925e-03,7.06237099e-02,9.662097e-02,20.0000,1,132.0913,0.968683,1.316821e-01,NaN,1,NaN,7,SAM 5:1,0.002832,3.911164e-04,0.08
135.00,0.9652,60.0,0.5000,1.0e-03,-1,1.74532925e-03,cycling,7.45214040e-02,7.68301090e-02,1.74532925e-03,7.06237099e-02,9.662097e-02,20.0000,1,132.0913,0.968683,6.805254e-03,NaN,1,NaN,25,SAM 5:1,0.002832,3.825985e-07,0.09
165.00,0.9652,60.0,0.5000,1.0e-03,-1,1.74532925e-03,cycling,9.94181999e-03,1.19764607e-02,1.74532925e-03,6.64761695e-03,8.550625e-01,20.0000,1,160.3318,0.274716,2.879489e-02,NaN,1,NaN,80,LAM 2:5,-0.010829,4.017948e-03,1.03
15.00,0.9691,60.0,0.5000,1.0e-03,-1,1.74532925e-03,spinup,1.00000000e+00,1.00000000e+00,1.74532925e-03,9.58553291e-01,8.114822e-02,3.3142,0,83.9079,1.000000,7.690578e-03,NaN,1,NaN,1,SAM 4:1,0.025560,8.035896e-03,0.02
45.00,0.9691,60.0,0.5000,1.0e-03,-1,1.74532925e-03,spinup,1.00000000e+00,1.00000000e+00,1.74532925e-03,9.65160615e-01,6.718872e-02,3.2597,0,86.7584,1.000000,5.380497e-02,NaN,1,NaN,1,SAM 4:1,0.025560,8.035896e-03,0.02
75.00,0.9691,60.0,0.5000,1.0e-03,-1,1.74532925e-03,cycling,7.45214040e-02,8.34561429e-02,1.74532925e-03,7.06237099e-02,9.662097e-02,20.0000,1,132.0913,0.968683,1.711805e-01,NaN,1,NaN,24,SAM 5:1,0.002832,1.045165e-03,0.08
105.00,0.9691,60.0,0.5000,1.0e-03,-1,1.74532925e-03,cycling,7.45214038e-02,8.63497861e-02,1.74532925e-03,7.06237099e-02,9.662097e-02,20.0000,1,132.0913,0.968683,1.588342e-01,NaN,1,NaN,8,SAM 5:1,0.002832,3.685132e-04,0.08
135.00,0.9691,60.0,0.5000,1.0e-03,-1,1.74532925e-03,cycling,7.45214040e-02,7.67042843e-02,1.74532925e-03,7.06237099e-02,9.662098e-02,20.0000,1,132.0913,0.968683,2.911241e-02,NaN,1,NaN,26,SAM 5:1,0.002832,4.823353e-04,0.09
165.00,0.9691,60.0,0.5000,1.0e-03,-1,1.74532925e-03,cycling,9.92422689e-03,1.19460201e-02,1.74532925e-03,6.61576896e-03,8.564929e-01,20.0000,1,171.5949,0.274700,2.003686e-02,NaN,1,NaN,81,LAM 2:5,-0.010845,8.035896e-03,1.02
15.00,0.9730,60.0,0.5000,1.0e-03,-1,1.74532925e-03,spinup,1.00000000e+00,1.00000000e+00,1.74532925e-03,9.58459066e-01,8.136049e-02,3.3153,0,83.8764,1.000000,1.758690e-03,NaN,1,NaN,1,SAM 4:1,0.025560,1.205384e-02,0.02
45.00,0.9730,60.0,0.5000,1.0e-03,-1,1.74532925e-03,spinup,1.00000000e+00,1.00000000e+00,1.74532925e-03,9.64121089e-01,6.927522e-02,3.2678,0,86.2482,1.000000,6.434471e-02,NaN,1,1.00616412e-01,1,SAM 4:1,0.025560,1.205384e-02,0.02
75.00,0.9730,60.0,0.5000,1.0e-03,-1,1.74532925e-03,cycling,7.45214040e-02,7.60815711e-02,1.74532925e-03,7.06237099e-02,9.662097e-02,20.0000,1,132.0913,0.968683,1.724121e-01,NaN,1,NaN,26,SAM 5:1,0.002832,5.763731e-04,0.08
105.00,0.9730,60.0,0.5000,1.0e-03,-1,1.74532925e-03,cycling,7.45214040e-02,8.04815248e-02,1.74532925e-03,7.06237099e-02,9.662097e-02,20.0000,1,132.0913,0.968683,1.630192e-01,NaN,1,NaN,24,SAM 5:1,0.002832,7.217336e-04,0.09
135.00,0.9730,60.0,0.5000,1.0e-03,-1,1.74532925e-03,cycling,7.45214040e-02,7.60951629e-02,1.74532925e-03,7.06237099e-02,9.662098e-02,20.0000,1,132.0913,0.968683,4.555883e-02,NaN,1,NaN,26,SAM 5:1,0.002832,1.513301e-04,0.12
165.00,0.9730,60.0,0.5000,1.0e-03,-1,1.74532925e-03,cycling,7.45214039e-02,7.63504908e-02,1.74532925e-03,7.06237099e-02,9.662097e-02,20.0000,1,132.0913,0.968683,9.408256e-03,NaN,1,NaN,64,SAM 5:1,0.002832,1.312488e-03,0.78
15.00,0.9768,60.0,0.5000,1.0e-03,-1,1.74532925e-03,spinup,1.00000000e+00,1.00000000e+00,1.74532925e-03,9.58370725e-01,8.156028e-02,3.3162,0,83.8474,1.000000,9.376757e-03,NaN,1,NaN,0,SAM 4:1,0.025560,1.607179e-02,0.02
45.00,0.9768,60.0,0.5000,1.0e-03,-1,1.74532925e-03,spinup,1.00000000e+00,1.00000000e+00,1.74532925e-03,9.63226443e-01,7.108421e-02,3.2752,0,85.8139,1.000000,7.245929e-02,NaN,1,NaN,0,SAM 4:1,0.025560,1.607179e-02,0.02
75.00,0.9768,60.0,0.5000,1.0e-03,-1,1.74532925e-03,cycling,7.45214038e-02,7.77894965e-02,1.74532925e-03,7.06237099e-02,9.662097e-02,20.0000,1,132.0913,0.968683,1.605857e-01,NaN,1,NaN,67,SAM 5:1,0.002832,8.818714e-04,0.60
105.00,0.9768,60.0,0.5000,1.0e-03,-1,1.74532925e-03,cycling,7.45214040e-02,7.61754070e-02,1.74532925e-03,7.06237099e-02,9.662097e-02,20.0000,1,132.0913,0.968683,1.540775e-01,NaN,1,NaN,27,SAM 5:1,0.002832,1.341825e-03,0.09
135.00,0.9768,60.0,0.5000,1.0e-03,-1,1.74532925e-03,cycling,7.45214040e-02,7.86770386e-02,1.74532925e-03,7.06237099e-02,9.662098e-02,20.0000,1,132.0913,0.968683,5.944281e-02,NaN,1,NaN,27,SAM 5:1,0.002832,1.425017e-03,0.10
165.00,0.9768,60.0,0.5000,1.0e-03,-1,1.74532925e-03,cycling,9.68999568e-03,1.19169529e-02,1.74532925e-03,6.47791041e-03,8.376704e-01,20.0000,1,157.6518,0.274703,2.868519e-03,NaN,1,NaN,78,LAM 2:5,-0.010842,1.607179e-02,1.05
15.00,0.9807,60.0,0.5000,1.0e-03,-1,1.74532925e-03,spinup,1.00000000e+00,1.00000000e+00,1.74532925e-03,9.58288069e-01,8.174818e-02,3.3171,0,83.8209,1.000000,2.020863e-02,NaN,1,NaN,0,SAM 4:1,0.025560,2.008974e-02,0.02
45.00,0.9807,60.0,0.5000,1.0e-03,-1,1.74532925e-03,spinup,1.00000000e+00,1.00000000e+00,1.74532925e-03,9.62430062e-01,7.271274e-02,3.2819,0,85.4367,1.000000,7.921441e-02,NaN,1,NaN,0,SAM 4:1,0.025560,2.008974e-02,0.02
75.00,0.9807,60.0,0.5000,1.0e-03,-1,1.74532925e-03,cycling,7.45214038e-02,7.76167457e-02,1.74532925e-03,7.06237099e-02,9.662097e-02,20.0000,1,132.0913,0.968683,1.396473e-01,NaN,1,NaN,65,SAM 5:1,0.002832,4.877315e-05,0.75
105.00,0.9807,60.0,0.5000,1.0e-03,-1,1.74532925e-03,cycling,9.86593771e-03,1.18681907e-02,1.74532925e-03,6.58387390e-03,8.512724e-01,20.0000,1,165.7254,0.274702,1.359568e-01,NaN,1,NaN,90,LAM 2:5,-0.010843,2.008974e-02,1.14
135.00,0.9807,60.0,0.5000,1.0e-03,-1,1.74532925e-03,cycling,7.45214038e-02,7.91222055e-02,1.74532925e-03,7.06236958e-02,9.662090e-02,20.0000,1,132.0913,0.968683,7.183327e-02,NaN,1,NaN,85,SAM 5:1,0.002832,1.822862e-05,0.78
165.00,0.9807,60.0,0.5000,1.0e-03,-1,1.74532925e-03,cycling,7.45214038e-02,7.64219661e-02,1.74532925e-03,7.06237099e-02,9.662097e-02,20.0000,1,132.0913,0.968683,1.651805e-02,NaN,1,NaN,63,SAM 5:1,0.002832,4.703413e-04,0.60
15.00,0.9845,60.0,0.5000,1.0e-03,-1,1.74532925e-03,spinup,1.00000000e+00,1.00000000e+00,1.74532925e-03,9.58210482e-01,8.192562e-02,3.3180,0,83.7967,1.000000,3.225466e-02,NaN,1,NaN,0,SAM 4:1,0.025560,2.410769e-02,0.01
45.00,0.9845,60.0,0.5000,1.0e-03,-1,1.74532925e-03,spinup,1.00000000e+00,1.00000000e+00,1.74532925e-03,9.61703354e-01,7.422170e-02,3.2880,0,85.1055,1.000000,8.509588e-02,NaN,1,NaN,0,SAM 4:1,0.025560,2.410769e-02,0.02
75.00,0.9845,60.0,0.5000,1.0e-03,-1,1.74532925e-03,cycling,7.44657770e-02,8.07920497e-02,1.07112266e-03,6.45189409e-02,8.113259e-01,20.0000,1,132.0796,0.968693,1.117668e-01,NaN,1,NaN,127,SAM 5:1,0.002842,1.044291e-03,1.01
105.00,0.9845,60.0,0.5000,1.0e-03,-1,1.74532925e-03,cycling,7.45214038e-02,8.25303119e-02,1.74532925e-03,7.06237099e-02,9.662097e-02,20.0000,1,132.0913,0.968683,1.108284e-01,NaN,1,NaN,73,SAM 5:1,0.002832,1.016103e-04,0.62
135.00,0.9845,60.0,0.5000,1.0e-03,-1,1.74532925e-03,cycling,7.45214039e-02,7.60702724e-02,1.74532925e-03,7.06237099e-02,9.662097e-02,20.0000,1,132.0913,0.968683,8.321913e-02,NaN,1,NaN,69,SAM 5:1,0.002832,6.070598e-04,1.09
165.00,0.9845,60.0,0.5000,1.0e-03,-1,1.74532925e-03,cycling,9.71246006e-03,1.19470792e-02,1.74532925e-03,6.47904346e-03,8.417557e-01,20.0000,1,159.0502,0.274702,3.131628e-02,NaN,1,NaN,80,LAM 2:5,-0.010843,2.410769e-02,1.05
15.00,0.9884,60.0,0.5000,1.0e-03,-1,1.74532925e-03,spinup,1.00000000e+00,1.00000000e+00,1.74532925e-03,9.58137256e-01,8.209421e-02,3.3188,0,83.7746,1.000000,4.533415e-02,NaN,1,NaN,0,SAM 4:1,0.025560,2.812564e-02,0.02
45.00,0.9884,60.0,0.5000,1.0e-03,-1,1.74532925e-03,spinup,1.00000000e+00,1.00000000e+00,1.74532925e-03,9.61036307e-01,7.563471e-02,3.2936,0,84.8180,1.000000,9.036731e-02,NaN,1,NaN,0,SAM 4:1,0.025560,2.812564e-02,0.01
75.00,0.9884,60.0,0.5000,1.0e-03,-1,1.74532925e-03,spinup,1.00000000e+00,1.00000000e+00,1.74532925e-03,9.66427937e-01,6.475559e-02,3.2480,0,87.4418,1.000000,7.833921e-02,NaN,1,1.01949037e-01,0,SAM 4:1,0.025560,2.812564e-02,0.02
105.00,0.9884,60.0,0.5000,1.0e-03,-1,1.74532925e-03,cycling,8.13120127e-03,1.18619419e-02,1.74532925e-03,6.33441023e-03,9.215035e-01,20.0000,1,179.7786,0.274664,8.008909e-02,NaN,1,NaN,100,LAM 2:5,-0.010882,2.812564e-02,0.94
135.00,0.9884,60.0,0.5000,1.0e-03,-1,1.74532925e-03,cycling,9.52329515e-03,1.19672753e-02,1.74532925e-03,6.32439281e-03,8.322737e-01,20.0000,1,170.9238,0.274681,9.386706e-02,NaN,1,NaN,78,LAM 2:5,-0.010864,2.812564e-02,0.96
165.00,0.9884,60.0,0.5000,1.0e-03,-1,1.74532925e-03,cycling,9.70694557e-03,1.19854941e-02,1.74532925e-03,6.48570168e-03,8.400586e-01,20.0000,1,154.5622,0.274709,4.708403e-02,NaN,1,NaN,80,LAM 2:5,-0.010836,2.812564e-02,0.95
15.00,0.9923,60.0,0.5000,1.0e-03,-1,1.74532925e-03,spinup,1.00000000e+00,1.00000000e+00,1.74532925e-03,9.58067713e-01,8.225550e-02,3.3195,0,83.7543,1.000000,5.929999e-02,NaN,1,NaN,0,SAM 4:1,0.025560,3.214359e-02,0.01
45.00,0.9923,60.0,0.5000,1.0e-03,-1,1.74532925e-03,spinup,1.00000000e+00,1.00000000e+00,1.74532925e-03,9.60433816e-01,7.694368e-02,3.2983,0,84.5779,1.000000,9.518800e-02,NaN,1,NaN,0,SAM 4:1,0.025560,3.214359e-02,0.01
75.00,0.9923,60.0,0.5000,1.0e-03,-1,1.74532925e-03,spinup,1.00000000e+00,1.00000000e+00,1.74532925e-03,9.63769937e-01,7.006541e-02,3.2688,0,86.1267,1.000000,4.034947e-02,NaN,1,NaN,0,SAM 4:1,0.025560,3.214359e-02,0.01
105.00,0.9923,60.0,0.5000,1.0e-03,-1,1.74532925e-03,cycling,7.45214038e-02,7.60854260e-02,1.48764089e-03,7.06237099e-02,9.662097e-02,20.0000,1,132.0913,0.968683,1.426243e-01,NaN,1,NaN,59,SAM 5:1,0.002832,4.617394e-04,0.25
135.00,0.9923,60.0,0.5000,1.0e-03,-1,1.74532925e-03,cycling,7.45214038e-02,7.91554595e-02,1.74532925e-03,7.06237099e-02,9.662097e-02,20.0000,1,132.0913,0.968683,1.039393e-01,NaN,1,NaN,67,SAM 5:1,0.002832,3.733823e-04,0.66
165.00,0.9923,60.0,0.5000,1.0e-03,-1,1.74532925e-03,cycling,7.45214039e-02,7.61608498e-02,1.74532925e-03,7.06237099e-02,9.662097e-02,20.0000,1,132.0913,0.968683,6.367566e-02,NaN,1,NaN,73,SAM 5:1,0.002832,3.028406e-05,0.66
15.00,0.9961,60.0,0.5000,1.0e-03,-1,1.74532925e-03,spinup,1.00000000e+00,1.00000000e+00,1.74532925e-03,9.58001253e-01,8.241084e-02,3.3201,0,83.7356,1.000000,7.403003e-02,NaN,1,NaN,0,SAM 4:1,0.025560,3.616153e-02,0.02
45.00,0.9961,60.0,0.5000,1.0e-03,-1,1.74532925e-03,spinup,1.00000000e+00,1.00000000e+00,1.74532925e-03,9.59908606e-01,7.811945e-02,3.3019,0,84.3889,1.000000,9.966152e-02,NaN,1,NaN,0,SAM 4:1,0.025560,3.616153e-02,0.02
75.00,0.9961,60.0,0.5000,1.0e-03,-1,1.74532925e-03,spinup,1.00000000e+00,1.00000000e+00,1.74532925e-03,9.61909603e-01,7.388507e-02,3.2839,0,85.2533,1.000000,1.463139e-03,NaN,1,NaN,0,SAM 4:1,0.025560,3.616153e-02,0.02
105.00,0.9961,60.0,0.5000,1.0e-03,-1,1.74532925e-03,spinup,1.00000000e+00,1.00000000e+00,1.74532925e-03,9.67202360e-01,6.330563e-02,3.2397,0,87.8774,1.000000,5.477306e-03,NaN,1,NaN,0,SAM 4:1,0.025560,3.616153e-02,0.02
135.00,0.9961,60.0,0.5000,1.0e-03,-1,1.74532925e-03,cycling,9.73344741e-03,1.27951844e-02,1.74532925e-03,6.50110604e-03,8.420604e-01,20.0000,1,156.8338,0.274707,1.135424e-01,NaN,1,NaN,104,LAM 2:5,-0.010838,3.616153e-02,1.10
165.00,0.9961,60.0,0.5000,1.0e-03,-1,1.74532925e-03,cycling,9.80386885e-03,1.24106869e-02,1.74532925e-03,6.54427484e-03,8.473700e-01,20.0000,1,158.4728,0.274706,8.097048e-02,NaN,1,NaN,88,LAM 2:5,-0.010839,3.616153e-02,1.18
15.00,0.3433,120.0,0.5000,1.0e-03,-1,8.72664626e-04,cycling,7.45214038e-02,8.83913936e-02,2.88546344e-04,7.06237099e-02,9.662097e-02,20.0000,1,132.0913,0.968683,2.949920e-02,NaN,1,NaN,36,SAM 5:1,0.002832,2.114408e-04,0.38
45.00,0.3433,120.0,0.5000,1.0e-03,-1,8.72664626e-04,cycling,7.45214038e-02,2.38678754e-01,4.41903274e-04,7.06237099e-02,9.662097e-02,20.0000,1,132.0913,0.968683,7.131754e-03,NaN,1,NaN,28,SAM 5:1,0.002832,7.595879e-05,0.11
75.00,0.3433,120.0,0.5000,1.0e-03,-1,8.72664626e-04,cycling,7.45214038e-02,7.48289513e-02,3.50316889e-04,7.06237099e-02,9.662097e-02,20.0000,1,132.0913,0.968683,1.190785e-01,NaN,1,NaN,26,SAM 5:1,0.002832,5.022511e-04,0.37
105.00,0.3433,120.0,0.5000,1.0e-03,-1,8.72664626e-04,cycling,7.45214038e-02,8.68461329e-02,3.55083003e-04,7.06237099e-02,9.662097e-02,20.0000,1,132.0913,0.968683,7.701891e-02,NaN,1,NaN,18,SAM 5:1,0.002832,7.402435e-04,0.29
135.00,0.3433,120.0,0.5000,1.0e-03,-1,8.72664626e-04,cycling,7.45214038e-02,7.80919814e-02,1.18786987e-05,7.06237099e-02,9.662097e-02,20.0000,1,132.0913,0.968683,2.102527e+02,0.8020,0,NaN,28,SAM 5:1,0.002832,9.240684e-04,3.24
165.00,0.3433,120.0,0.5000,1.0e-03,-1,8.72664626e-04,cycling,7.45214039e-02,7.55717626e-02,1.93556684e-04,7.06237099e-02,9.662097e-02,20.0000,1,132.0913,0.968683,5.365000e-01,NaN,1,NaN,34,SAM 5:1,0.002832,3.936041e-04,0.75
15.00,0.4120,120.0,0.5000,1.0e-03,-1,8.72664626e-04,cycling,7.45214039e-02,7.52904652e-02,1.53865213e-04,7.06237099e-02,9.662097e-02,20.0000,1,132.0913,0.968683,4.859321e-02,NaN,1,NaN,25,SAM 5:1,0.002832,3.945075e-04,0.35
45.00,0.4120,120.0,0.5000,1.0e-03,-1,8.72664626e-04,cycling,7.45214038e-02,8.19349890e-02,2.36477617e-05,7.06237099e-02,9.662097e-02,20.0000,1,132.0913,0.968683,1.243200e+00,2.0050,0,NaN,29,SAM 5:1,0.002832,3.311036e-04,3.32
75.00,0.4120,120.0,0.5000,1.0e-03,-1,8.72664626e-04,cycling,7.45214039e-02,9.02604771e-02,1.13032072e-04,7.06237099e-02,9.662097e-02,20.0000,1,132.0913,0.968683,3.648667e-01,NaN,1,NaN,49,SAM 5:1,0.002832,4.704734e-04,1.34
105.00,0.4120,120.0,0.5000,1.0e-03,-1,8.72664626e-04,cycling,7.45214039e-02,9.50411543e-02,2.53331279e-04,7.06237099e-02,9.662097e-02,20.0000,1,132.0913,0.968683,4.224973e-02,NaN,1,NaN,19,SAM 5:1,0.002832,8.483960e-04,0.28
135.00,0.4120,120.0,0.5000,1.0e-03,-1,8.72664626e-04,cycling,7.45214039e-02,1.13026262e-01,3.12586621e-04,7.06237099e-02,9.662097e-02,20.0000,1,132.0913,0.968683,3.488627e-01,NaN,1,NaN,33,SAM 5:1,0.002832,6.533123e-04,1.00
165.00,0.4120,120.0,0.5000,1.0e-03,-1,8.72664626e-04,despin,9.99999998e-09,3.17962191e-03,9.99999998e-09,1.80707020e-04,2.247973e+00,2.3641,0,78.6461,0.922878,4.317724e+07,0.8710,0,NaN,177,LAM 5:2,0.002240,6.343200e-03,4.70
15.00,0.4807,120.0,0.5000,1.0e-03,-1,8.72664626e-04,cycling,7.45214039e-02,7.71812205e-02,2.22893543e-06,7.06237099e-02,9.662097e-02,20.0000,1,132.0913,0.968683,1.506756e+01,1.5539,0,NaN,54,SAM 5:1,0.002832,4.405379e-04,4.53
45.00,0.4807,120.0,0.5000,1.0e-03,-1,8.72664626e-04,cycling,7.45214038e-02,7.83768574e-02,4.86090524e-04,7.06237099e-02,9.662097e-02,20.0000,1,132.0913,0.968683,3.703034e-02,NaN,1,NaN,14,SAM 5:1,0.002832,2.543644e-04,0.10
75.00,0.4807,120.0,0.5000,1.0e-03,-1,8.72664626e-04,cycling,7.45214038e-02,7.81228326e-02,6.04688594e-05,7.06237099e-02,9.662097e-02,20.0000,1,132.0913,0.968683,4.004013e-01,NaN,1,NaN,48,SAM 5:1,0.002832,3.362879e-04,1.51
105.00,0.4807,120.0,0.5000,1.0e-03,-1,8.72664626e-04,cycling,7.45214039e-02,1.19788175e-01,9.73117277e-05,7.06237099e-02,9.662097e-02,20.0000,1,132.0913,0.968683,1.211756e-01,NaN,1,NaN,40,SAM 5:1,0.002832,5.274867e-04,0.76
135.00,0.4807,120.0,0.5000,1.0e-03,-1,8.72664626e-04,cycling,7.45214038e-02,2.79426006e-01,6.37378492e-05,7.06237099e-02,9.662097e-02,20.0000,1,132.0913,0.968683,9.029242e+00,2.4561,0,NaN,62,SAM 5:1,0.002832,2.115947e-04,2.07
165.00,0.4807,120.0,0.5000,1.0e-03,-1,8.72664626e-04,cycling,7.45214038e-02,1.29518907e-01,8.91893920e-06,7.06237099e-02,9.662097e-02,20.0000,1,132.0913,0.968683,3.574265e+01,1.5539,0,NaN,66,SAM 5:1,0.002832,1.052204e-04,3.03
15.00,0.5493,120.0,0.5000,1.0e-03,-1,8.72664626e-04,cycling,7.45214038e-02,9.76337751e-02,2.68211602e-05,7.06237099e-02,9.662097e-02,20.0000,1,132.0913,0.968683,3.623363e+00,1.9048,0,NaN,73,SAM 5:1,0.002832,7.870912e-04,2.88
45.00,0.5493,120.0,0.5000,1.0e-03,-1,8.72664626e-04,cycling,7.45214038e-02,1.21236445e-01,1.30456909e-04,7.06237099e-02,9.662097e-02,20.0000,1,132.0913,0.968683,1.485212e-01,NaN,1,NaN,39,SAM 5:1,0.002832,6.228106e-04,0.58
75.00,0.5493,120.0,0.5000,1.0e-03,-1,8.72664626e-04,cycling,7.45214038e-02,9.33271356e-02,2.00092418e-04,7.06237099e-02,9.662097e-02,20.0000,1,132.0913,0.968683,1.206976e+00,3.3083,0,NaN,59,SAM 5:1,0.002832,9.278389e-04,1.24
105.00,0.5493,120.0,0.5000,1.0e-03,-1,8.72664626e-04,cycling,7.45214038e-02,7.64250785e-02,1.15433202e-04,7.06237099e-02,9.662097e-02,20.0000,1,132.0913,0.968683,5.780261e-01,NaN,1,NaN,51,SAM 5:1,0.002832,5.788922e-04,1.70
135.00,0.5493,120.0,0.5000,1.0e-03,-1,8.72664626e-04,cycling,7.45214038e-02,1.11808616e-01,2.84863951e-05,7.06237099e-02,9.662097e-02,20.0000,1,132.0913,0.968683,5.178697e-01,NaN,1,NaN,49,SAM 5:1,0.002832,9.446200e-04,2.09
165.00,0.5493,120.0,0.5000,1.0e-03,-1,8.72664626e-04,cycling,7.45214038e-02,1.00637101e-01,5.01968995e-04,7.06237099e-02,9.662097e-02,20.0000,1,132.0913,0.968683,3.590196e-02,NaN,1,NaN,23,SAM 5:1,0.002832,5.529163e-05,0.27
15.00,0.6180,120.0,0.5000,1.0e-03,-1,8.72664626e-04,cycling,7.45214038e-02,9.51204835e-02,1.03617541e-04,7.06237099e-02,9.662097e-02,20.0000,1,132.0913,0.968683,1.518797e-01,NaN,1,NaN,81,SAM 5:1,0.002832,1.807307e-04,1.68
45.00,0.6180,120.0,0.5000,1.0e-03,-1,8.72664626e-04,cycling,7.45214038e-02,7.67237353e-02,4.44532650e-04,7.06237099e-02,9.662097e-02,20.0000,1,132.0913,0.968683,9.394875e-02,NaN,1,NaN,99,SAM 5:1,0.002832,4.479918e-05,0.59
75.00,0.6180,120.0,0.5000,1.0e-03,-1,8.72664626e-04,cycling,7.45214038e-02,1.02566198e-01,3.59751363e-04,7.06237099e-02,9.662097e-02,20.0000,1,132.0913,0.968683,2.670455e-01,NaN,1,NaN,45,SAM 5:1,0.002832,6.145918e-04,0.78
105.00,0.6180,120.0,0.5000,1.0e-03,-1,8.72664626e-04,cycling,7.45214038e-02,1.04796332e-01,8.83248624e-07,7.06237099e-02,9.662097e-02,20.0000,1,132.0913,0.968683,1.959896e+02,2.2055,0,NaN,45,SAM 5:1,0.002832,4.397091e-04,4.41
135.00,0.6180,120.0,0.5000,1.0e-03,-1,8.72664626e-04,cycling,7.45214038e-02,2.10700715e-01,3.07236236e-04,7.06237099e-02,9.662097e-02,20.0000,1,132.0913,0.968683,1.017732e-01,NaN,1,NaN,55,SAM 5:1,0.002832,4.879875e-04,0.82
165.00,0.6180,120.0,0.5000,1.0e-03,-1,8.72664626e-04,cycling,7.45214038e-02,1.22167201e-01,1.19616350e-04,7.06237099e-02,9.662097e-02,20.0000,1,132.0913,0.968683,1.514225e+00,2.3058,0,NaN,51,SAM 5:1,0.002832,4.042905e-04,1.84
15.00,0.6867,120.0,0.5000,1.0e-03,-1,8.72664626e-04,cycling,7.45214039e-02,7.47259389e-02,3.17268367e-04,7.06237099e-02,9.662097e-02,20.0000,1,132.0913,0.968683,5.003072e+00,0.9524,0,NaN,35,SAM 5:1,0.002832,4.235446e-04,0.65
45.00,0.6867,120.0,0.5000,1.0e-03,-1,8.72664626e-04,cycling,7.45214038e-02,8.03733684e-02,3.70532187e-04,7.06237099e-02,9.662097e-02,20.0000,1,132.0913,0.968683,6.384186e-02,NaN,1,NaN,47,SAM 5:1,0.002832,5.703150e-05,0.30
75.00,0.6867,120.0,0.5000,1.0e-03,-1,8.72664626e-04,cycling,7.45214038e-02,9.94101666e-02,8.43962118e-05,7.06237099e-02,9.662097e-02,20.0000,1,132.0913,0.968683,3.353135e-01,NaN,1,NaN,65,SAM 5:1,0.002832,9.657174e-04,1.87
105.00,0.6867,120.0,0.5000,1.0e-03,-1,8.72664626e-04,cycling,7.45214038e-02,1.01507559e-01,1.32776385e-04,7.06237099e-02,9.662097e-02,20.0000,1,132.0913,0.968683,1.139281e-01,NaN,1,NaN,45,SAM 5:1,0.002832,2.937176e-04,0.86
135.00,0.6867,120.0,0.5000,1.0e-03,-1,8.72664626e-04,cycling,7.45214039e-02,7.69121057e-02,1.07575590e-04,7.06237099e-02,9.662097e-02,20.0000,1,132.0913,0.968683,4.884277e-01,NaN,1,NaN,79,SAM 5:1,0.002832,3.896380e-04,1.34
165.00,0.6867,120.0,0.5000,1.0e-03,-1,8.72664626e-04,cycling,7.45214038e-02,7.64367814e-02,4.29630015e-05,7.06237099e-02,9.662097e-02,20.0000,1,132.0913,0.968683,3.005722e+00,2.8070,0,NaN,77,SAM 5:1,0.002832,6.512262e-04,2.10
15.00,0.7554,120.0,0.5000,1.0e-03,-1,8.72664626e-04,cycling,7.45214038e-02,8.13132003e-02,4.84010756e-05,7.06237099e-02,9.662097e-02,20.0000,1,132.0913,0.968683,4.560708e+01,3.7093,0,NaN,82,SAM 5:1,0.002832,1.138204e-03,2.38
45.00,0.7554,120.0,0.5000,1.0e-03,-1,8.72664626e-04,cycling,7.45214039e-02,7.94676312e-02,7.49943007e-04,7.06237099e-02,9.662097e-02,20.0000,1,132.0913,0.968683,7.108231e-02,NaN,1,NaN,42,SAM 5:1,0.002832,1.138469e-03,0.24
75.00,0.7554,120.0,0.5000,1.0e-03,-1,8.72664626e-04,cycling,7.45214039e-02,1.03157917e-01,3.75866922e-04,7.06237099e-02,9.662097e-02,20.0000,1,132.0913,0.968683,1.885790e-02,NaN,1,NaN,46,SAM 5:1,0.002832,1.069050e-03,0.58
105.00,0.7554,120.0,0.5000,1.0e-03,-1,8.72664626e-04,cycling,7.45214038e-02,8.33611956e-02,7.42110004e-04,7.06237099e-02,9.662097e-02,20.0000,1,132.0913,0.968683,2.137270e-02,NaN,1,NaN,86,SAM 5:1,0.002832,1.636875e-03,0.59
135.00,0.7554,120.0,0.5000,1.0e-03,-1,8.72664626e-04,cycling,7.45214038e-02,7.57212019e-02,2.60137543e-04,7.06237099e-02,9.662097e-02,20.0000,1,132.0913,0.968683,3.277147e-01,NaN,1,NaN,52,SAM 5:1,0.002832,5.257661e-04,0.95
165.00,0.7554,120.0,0.5000,1.0e-03,-1,8.72664626e-04,cycling,7.45214038e-02,2.71084612e-01,3.66384982e-04,7.06237099e-02,9.662097e-02,20.0000,1,132.0913,0.968683,2.570077e-01,NaN,1,NaN,48,SAM 5:1,0.002832,1.188511e-04,0.68
15.00,0.8240,120.0,0.5000,1.0e-03,-1,8.72664626e-04,cycling,7.45214038e-02,7.98178452e-02,4.28736169e-04,7.06237099e-02,9.662097e-02,20.0000,1,132.0913,0.968683,5.452254e-02,NaN,1,NaN,26,SAM 5:1,0.002832,4.027830e-04,0.46
45.00,0.8240,120.0,0.5000,1.0e-03,-1,8.72664626e-04,cycling,7.45214038e-02,2.66308908e-01,1.11547595e-04,7.06237099e-02,9.662097e-02,20.0000,1,132.0913,0.968683,2.852593e-01,NaN,1,NaN,116,SAM 5:1,0.002832,3.745791e-04,1.84
75.00,0.8240,120.0,0.5000,1.0e-03,-1,8.72664626e-04,cycling,7.45214038e-02,7.60868137e-02,8.72664626e-04,7.06237099e-02,9.662097e-02,20.0000,1,132.0913,0.968683,1.667882e-02,NaN,1,NaN,60,SAM 5:1,0.002832,7.029702e-04,0.41
105.00,0.8240,120.0,0.5000,1.0e-03,-1,8.72664626e-04,cycling,7.45214040e-02,9.01968954e-02,7.74970005e-04,7.06237099e-02,9.662098e-02,20.0000,1,132.0913,0.968683,1.716355e-02,NaN,1,NaN,8,SAM 5:1,0.002832,8.820806e-04,0.09
135.00,0.8240,120.0,0.5000,1.0e-03,-1,8.72664626e-04,cycling,7.45214039e-02,7.49224692e-02,2.56167401e-04,7.06237099e-02,9.662097e-02,20.0000,1,132.0913,0.968683,2.844789e-01,NaN,1,NaN,56,SAM 5:1,0.002832,6.223041e-04,0.55
165.00,0.8240,120.0,0.5000,1.0e-03,-1,8.72664626e-04,cycling,7.45214038e-02,2.57802919e-01,2.21739287e-05,7.06237099e-02,9.662097e-02,20.0000,1,132.0913,0.968683,5.735486e+00,1.8045,0,NaN,80,SAM 5:1,0.002832,2.613088e-05,1.75
15.00,0.8927,120.0,0.5000,1.0e-03,-1,8.72664626e-04,spinup,1.00000000e+00,1.00000000e+00,6.91783861e-04,9.55576094e-01,8.785103e-02,3.3548,0,82.9562,1.000000,6.658510e-02,NaN,1,NaN,6,SAM 4:1,0.025560,3.875906e-02,0.03
45.00,0.8927,120.0,0.5000,1.0e-03,-1,8.72664626e-04,spinup,1.00000000e+00,1.00000000e+00,7.34314411e-04,9.70945115e-01,5.535084e-02,3.2237,0,89.3272,1.000000,1.288368e-01,NaN,1,NaN,6,SAM 4:1,0.025560,3.948128e-02,0.03
75.00,0.8927,120.0,0.5000,1.0e-03,-1,8.72664626e-04,cycling,7.45214039e-02,2.37868063e-01,7.35652006e-04,7.06237099e-02,9.662097e-02,20.0000,1,132.0913,0.968683,1.237741e-02,NaN,1,NaN,41,SAM 5:1,0.002832,1.615343e-05,0.47
105.00,0.8927,120.0,0.5000,1.0e-03,-1,8.72664626e-04,cycling,7.45214038e-02,2.13434705e-01,8.72664626e-04,7.06237099e-02,9.662097e-02,20.0000,1,132.0913,0.968683,1.286353e-02,NaN,1,NaN,17,SAM 5:1,0.002832,4.213392e-04,0.12
135.00,0.8927,120.0,0.5000,1.0e-03,-1,8.72664626e-04,cycling,7.45214039e-02,8.59235553e-02,7.08503037e-04,7.06237099e-02,9.662097e-02,20.0000,1,132.0913,0.968683,9.639449e-02,NaN,1,NaN,29,SAM 5:1,0.002832,3.443109e-04,0.35
165.00,0.8927,120.0,0.5000,1.0e-03,-1,8.72664626e-04,cycling,7.45214038e-02,7.47921390e-02,1.52085217e-06,7.06237099e-02,9.662097e-02,20.0000,1,132.0913,0.968683,3.251848e+01,3.5088,0,NaN,73,SAM 5:1,0.002832,2.690863e-04,4.50
15.00,0.9652,120.0,0.5000,1.0e-03,-1,8.72664626e-04,spinup,1.00000000e+00,1.00000000e+00,8.72664626e-04,9.61655281e-01,7.450067e-02,3.2831,0,85.1855,1.000000,5.369991e-02,NaN,1,NaN,2,SAM 4:1,0.025560,4.017948e-03,0.02
45.00,0.9652,120.0,0.5000,1.0e-03,-1,8.72664626e-04,spinup,1.00000000e+00,1.00000000e+00,8.72664626e-04,9.72693500e-01,5.128862e-02,3.2189,0,89.7464,1.000000,1.501803e-01,NaN,1,NaN,2,SAM 4:1,0.025560,4.017948e-03,0.02
75.00,0.9652,120.0,0.5000,1.0e-03,-1,8.72664626e-04,cycling,9.94475696e-03,1.19370938e-02,8.72664626e-04,6.66068017e-03,8.536856e-01,20.0000,1,157.1217,0.274724,5.882080e-01,NaN,1,NaN,82,LAM 2:5,-0.010821,4.017948e-03,1.00
105.00,0.9652,120.0,0.5000,1.0e-03,-1,8.72664626e-04,cycling,7.45214038e-02,8.04021947e-02,8.72664626e-04,7.06237099e-02,9.662097e-02,20.0000,1,132.0913,0.968683,5.267283e-01,NaN,1,NaN,3,SAM 5:1,0.002832,4.564479e-04,0.08
135.00,0.9652,120.0,0.5000,1.0e-03,-1,8.72664626e-04,cycling,7.45214038e-02,2.88324917e-01,8.72664626e-04,7.06237099e-02,9.662097e-02,20.0000,1,132.0913,0.968683,2.722102e-02,NaN,1,NaN,45,SAM 5:1,0.002832,1.246296e-04,0.67
165.00,0.9652,120.0,0.5000,1.0e-03,-1,8.72664626e-04,cycling,7.45214038e-02,8.68654089e-02,8.72664626e-04,7.06237099e-02,9.662097e-02,20.0000,1,132.0913,0.968683,3.203254e-01,NaN,1,NaN,89,SAM 5:1,0.002832,7.534338e-04,0.60
15.00,0.9691,120.0,0.5000,1.0e-03,-1,8.72664626e-04,spinup,1.00000000e+00,1.00000000e+00,8.72664626e-04,9.61538555e-01,7.474319e-02,3.2842,0,85.1322,1.000000,3.076231e-02,NaN,1,NaN,1,SAM 4:1,0.025560,8.035896e-03,0.02
45.00,0.9691,120.0,0.5000,1.0e-03,-1,8.72664626e-04,spinup,1.00000000e+00,1.00000000e+00,8.72664626e-04,9.71016852e-01,5.524696e-02,3.2233,0,89.3854,1.000000,2.152199e-01,NaN,1,NaN,1,SAM 4:1,0.025560,8.035896e-03,0.02
75.00,0.9691,120.0,0.5000,1.0e-03,-1,8.72664626e-04,cycling,7.45214039e-02,7.60784211e-02,8.72664626e-04,7.06237099e-02,9.662097e-02,20.0000,1,132.0913,0.968683,6.847219e-01,NaN,1,NaN,56,SAM 5:1,0.002832,5.191391e-04,0.36
105.00,0.9691,120.0,0.5000,1.0e-03,-1,8.72664626e-04,cycling,7.45214039e-02,8.15774798e-02,8.72664626e-04,7.06237099e-02,9.662097e-02,20.0000,1,132.0913,0.968683,6.353368e-01,NaN,1,NaN,8,SAM 5:1,0.002832,4.750161e-04,0.08
135.00,0.9691,120.0,0.5000,1.0e-03,-1,8.72664626e-04,cycling,7.45214038e-02,8.11774887e-02,8.72664626e-04,7.06237099e-02,9.662097e-02,20.0000,1,132.0913,0.968683,1.164496e-01,NaN,1,NaN,50,SAM 5:1,0.002832,1.155296e-03,0.25
165.00,0.9691,120.0,0.5000,1.0e-03,-1,8.72664626e-04,cycling,7.49484528e-02,8.05020882e-02,8.72664626e-04,5.70114593e-02,1.137360e+00,20.0000,1,132.1544,0.968691,8.014744e-02,NaN,1,NaN,146,SAM 5:1,0.002841,7.331599e-05,1.06
15.00,0.9730,120.0,0.5000,1.0e-03,-1,8.72664626e-04,spinup,1.00000000e+00,1.00000000e+00,8.72664626e-04,9.61426364e-01,7.497664e-02,3.2853,0,85.0813,1.000000,4.748120e-04,NaN,1,NaN,1,SAM 4:1,0.025560,1.205384e-02,0.02
45.00,0.9730,120.0,0.5000,1.0e-03,-1,8.72664626e-04,spinup,1.00000000e+00,1.00000000e+00,8.72664626e-04,9.69552815e-01,5.838420e-02,3.2300,0,88.8498,1.000000,2.573788e-01,NaN,1,NaN,1,SAM 4:1,0.025560,1.205384e-02,0.02
75.00,0.9730,120.0,0.5000,1.0e-03,-1,8.72664626e-04,cycling,7.45214038e-02,7.62384008e-02,8.72664626e-04,7.06237099e-02,9.662097e-02,20.0000,1,132.0913,0.968683,6.896485e-01,NaN,1,NaN,52,SAM 5:1,0.002832,2.671456e-05,0.24
105.00,0.9730,120.0,0.5000,1.0e-03,-1,8.72664626e-04,cycling,7.45214038e-02,8.19789023e-02,8.72664626e-04,7.06237099e-02,9.662097e-02,20.0000,1,132.0913,0.968683,6.520768e-01,NaN,1,NaN,66,SAM 5:1,0.002832,7.641842e-04,0.55
135.00,0.9730,120.0,0.5000,1.0e-03,-1,8.72664626e-04,cycling,7.45214038e-02,8.17474190e-02,8.72664626e-04,7.06237099e-02,9.662097e-02,20.0000,1,132.0913,0.968683,1.822353e-01,NaN,1,NaN,54,SAM 5:1,0.002832,1.065542e-05,0.24
165.00,0.9730,120.0,0.5000,1.0e-03,-1,8.72664626e-04,cycling,7.45214038e-02,8.31486140e-02,8.72664626e-04,7.06237099e-02,9.662097e-02,20.0000,1,132.0913,0.968683,3.763303e-02,NaN,1,NaN,84,SAM 5:1,0.002832,7.186706e-04,0.54
15.00,0.9768,120.0,0.5000,1.0e-03,-1,8.72664626e-04,spinup,1.00000000e+00,1.00000000e+00,8.72664626e-04,9.61320257e-01,7.519799e-02,3.2862,0,85.0334,1.000000,3.750703e-02,NaN,1,NaN,0,SAM 4:1,0.025560,1.607179e-02,0.02
45.00,0.9768,120.0,0.5000,1.0e-03,-1,8.72664626e-04,spinup,1.00000000e+00,1.00000000e+00,8.72664626e-04,9.68297913e-01,6.096291e-02,3.2371,0,88.3066,1.000000,2.898372e-01,NaN,1,NaN,0,SAM 4:1,0.025560,1.607179e-02,0.02
75.00,0.9768,120.0,0.5000,1.0e-03,-1,8.72664626e-04,cycling,7.45214038e-02,1.13177499e-01,8.72664626e-04,7.06237099e-02,9.662097e-02,20.0000,1,132.0913,0.968683,6.423430e-01,NaN,1,NaN,57,SAM 5:1,0.002832,7.520837e-04,0.42
105.00,0.9768,120.0,0.5000,1.0e-03,-1,8.72664626e-04,cycling,7.45214039e-02,7.70673209e-02,8.72664626e-04,7.06237099e-02,9.662097e-02,20.0000,1,132.0913,0.968683,6.163100e-01,NaN,1,NaN,59,SAM 5:1,0.002832,2.236999e-04,0.25
135.00,0.9768,120.0,0.5000,1.0e-03,-1,8.72664626e-04,cycling,7.45214039e-02,7.63143105e-02,8.72664626e-04,7.06237099e-02,9.662097e-02,20.0000,1,132.0913,0.968683,2.377712e-01,NaN,1,NaN,53,SAM 5:1,0.002832,4.134955e-06,0.25
165.00,0.9768,120.0,0.5000,1.0e-03,-1,8.72664626e-04,cycling,7.45214038e-02,8.22942529e-02,8.72664626e-04,7.06237007e-02,9.662091e-02,20.0000,1,132.0913,0.968683,1.618833e-02,NaN,1,NaN,105,SAM 5:1,0.002832,2.795604e-04,0.81
15.00,0.9807,120.0,0.5000,1.0e-03,-1,8.72664626e-04,spinup,1.00000000e+00,1.00000000e+00,8.72664626e-04,9.61220050e-01,7.540768e-02,3.2871,0,84.9886,1.000000,8.083450e-02,NaN,1,NaN,0,SAM 4:1,0.025560,2.008974e-02,0.02
45.00,0.9807,120.0,0.5000,1.0e-03,-1,8.72664626e-04,spinup,1.00000000e+00,1.00000000e+00,8.72664626e-04,9.67179644e-01,6.322021e-02,3.2441,0,87.7864,1.000000,3.168576e-01,NaN,1,NaN,0,SAM 4:1,0.025560,2.008974e-02,0.02
75.00,0.9807,120.0,0.5000,1.0e-03,-1,8.72664626e-04,cycling,7.45214038e-02,8.08483836e-02,7.32447076e-04,7.06237099e-02,9.662097e-02,20.0000,1,132.0913,0.968683,5.585894e-01,NaN,1,NaN,101,SAM 5:1,0.002832,1.098378e-03,0.75
105.00,0.9807,120.0,0.5000,1.0e-03,-1,8.72664626e-04,cycling,7.45214038e-02,9.00951220e-02,8.72664626e-04,7.06237099e-02,9.662097e-02,20.0000,1,132.0913,0.968683,5.438271e-01,NaN,1,NaN,61,SAM 5:1,0.002832,2.966298e-04,0.41
135.00,0.9807,120.0,0.5000,1.0e-03,-1,8.72664626e-04,cycling,7.45214038e-02,7.80653886e-02,8.72664626e-04,7.06237099e-02,9.662097e-02,20.0000,1,132.0913,0.968683,2.873331e-01,NaN,1,NaN,87,SAM 5:1,0.002832,5.910103e-05,0.51
165.00,0.9807,120.0,0.5000,1.0e-03,-1,8.72664626e-04,cycling,7.45214038e-02,7.60782842e-02,8.72664626e-04,7.06237099e-02,9.662097e-02,20.0000,1,132.0913,0.968683,6.607221e-02,NaN,1,NaN,81,SAM 5:1,0.002832,3.653086e-04,0.55
15.00,0.9845,120.0,0.5000,1.0e-03,-1,8.72664626e-04,spinup,1.00000000e+00,1.00000000e+00,8.72664626e-04,9.61125026e-01,7.560723e-02,3.2880,0,84.9465,1.000000,1.290186e-01,NaN,1,1.05677300e-01,0,SAM 4:1,0.025560,2.410769e-02,0.02
45.00,0.9845,120.0,0.5000,1.0e-03,-1,8.72664626e-04,spinup,1.00000000e+00,1.00000000e+00,8.72664626e-04,9.66145826e-01,6.529696e-02,3.2510,0,87.2913,1.000000,3.403835e-01,NaN,1,NaN,0,SAM 4:1,0.025560,2.410769e-02,0.02
75.00,0.9845,120.0,0.5000,1.0e-03,-1,8.72664626e-04,cycling,7.45214038e-02,7.52375045e-02,3.63630831e-04,7.06237099e-02,9.662097e-02,20.0000,1,132.0913,0.968683,4.470671e-01,NaN,1,NaN,45,SAM 5:1,0.002832,4.865302e-04,0.59
105.00,0.9845,120.0,0.5000,1.0e-03,-1,8.72664626e-04,cycling,7.45214038e-02,7.87939037e-02,8.25038690e-04,7.06237099e-02,9.662097e-02,20.0000,1,132.0913,0.968683,4.433136e-01,NaN,1,NaN,65,SAM 5:1,0.002832,3.522539e-04,0.48
135.00,0.9845,120.0,0.5000,1.0e-03,-1,8.72664626e-04,cycling,7.45214038e-02,1.23821091e-01,8.72664626e-04,7.06237099e-02,9.662097e-02,20.0000,1,132.0913,0.968683,3.328765e-01,NaN,1,NaN,39,SAM 5:1,0.002832,4.353871e-04,0.31
165.00,0.9845,120.0,0.5000,1.0e-03,-1,8.72664626e-04,cycling,7.45214038e-02,8.33118903e-02,8.72664626e-04,7.06237099e-02,9.662097e-02,20.0000,1,132.0913,0.968683,1.252651e-01,NaN,1,NaN,75,SAM 5:1,0.002832,8.892044e-04,0.44
15.00,0.9884,120.0,0.5000,1.0e-03,-1,8.72664626e-04,spinup,1.00000000e+00,1.00000000e+00,8.72664626e-04,9.61034355e-01,7.579837e-02,3.2888,0,84.9067,1.000000,1.813366e-01,NaN,1,NaN,0,SAM 4:1,0.025560,2.812564e-02,0.02
45.00,0.9884,120.0,0.5000,1.0e-03,-1,8.72664626e-04,spinup,1.00000000e+00,1.00000000e+00,8.72664626e-04,9.65174519e-01,6.725557e-02,3.2577,0,86.8244,1.000000,3.614692e-01,NaN,1,NaN,0,SAM 4:1,0.025560,2.812564e-02,0.02
75.00,0.9884,120.0,0.5000,1.0e-03,-1,8.72664626e-04,spinup,1.00000000e+00,1.00000000e+00,8.72664626e-04,9.72371507e-01,5.222473e-02,3.2172,0,89.7908,1.000000,3.133569e-01,NaN,1,NaN,0,SAM 4:1,0.025560,2.812564e-02,0.02
105.00,0.9884,120.0,0.5000,1.0e-03,-1,8.72664626e-04,cycling,7.45214038e-02,8.60092054e-02,3.66647412e-04,7.06237099e-02,9.662097e-02,20.0000,1,132.0913,0.968683,3.203564e-01,NaN,1,NaN,43,SAM 5:1,0.002832,1.145494e-03,0.56
135.00,0.9884,120.0,0.5000,1.0e-03,-1,8.72664626e-04,cycling,7.45214038e-02,1.77358791e-01,8.72664626e-04,7.06237099e-02,9.662097e-02,20.0000,1,132.0913,0.968683,3.754682e-01,NaN,1,NaN,71,SAM 5:1,0.002832,2.193065e-04,0.43
165.00,0.9884,120.0,0.5000,1.0e-03,-1,8.72664626e-04,cycling,7.45214038e-02,7.63361958e-02,8.20461207e-04,7.06237099e-02,9.662097e-02,20.0000,1,132.0913,0.968683,1.883361e-01,NaN,1,NaN,95,SAM 5:1,0.002832,6.944342e-04,0.59
15.00,0.9923,120.0,0.5000,1.0e-03,-1,8.72664626e-04,spinup,1.00000000e+00,1.00000000e+00,8.72664626e-04,9.60947252e-01,7.598274e-02,3.2895,0,84.8689,1.000000,2.372000e-01,NaN,1,NaN,0,SAM 4:1,0.025560,3.214359e-02,0.02
45.00,0.9923,120.0,0.5000,1.0e-03,-1,8.72664626e-04,spinup,1.00000000e+00,1.00000000e+00,8.72664626e-04,9.64274560e-01,6.908913e-02,3.2638,0,86.3984,1.000000,3.807520e-01,NaN,1,NaN,0,SAM 4:1,0.025560,3.214359e-02,0.02
75.00,0.9923,120.0,0.5000,1.0e-03,-1,8.72664626e-04,spinup,1.00000000e+00,1.00000000e+00,8.72664626e-04,9.68746589e-01,6.012038e-02,3.2327,0,88.5526,1.000000,1.613979e-01,NaN,1,NaN,0,SAM 4:1,0.025560,3.214359e-02,0.02
105.00,0.9923,120.0,0.5000,1.0e-03,-1,8.72664626e-04,cycling,7.45214038e-02,2.18859411e-01,1.45527489e-04,7.06237099e-02,9.662097e-02,20.0000,1,132.0913,0.968683,1.925568e-01,NaN,1,NaN,101,SAM 5:1,0.002832,4.524626e-04,1.29
135.00,0.9923,120.0,0.5000,1.0e-03,-1,8.72664626e-04,cycling,7.45214038e-02,7.60551081e-02,5.90279786e-04,7.06237099e-02,9.662097e-02,20.0000,1,132.0913,0.968683,4.157573e-01,NaN,1,NaN,63,SAM 5:1,0.002832,7.275526e-04,0.49
165.00,0.9923,120.0,0.5000,1.0e-03,-1,8.72664626e-04,cycling,7.45214039e-02,8.07626916e-02,8.38999257e-04,7.06237099e-02,9.662097e-02,20.0000,1,132.0913,0.968683,2.547026e-01,NaN,1,NaN,77,SAM 5:1,0.002832,7.357602e-04,0.45
15.00,0.9961,120.0,0.5000,1.0e-03,-1,8.72664626e-04,spinup,1.00000000e+00,1.00000000e+00,8.72664626e-04,9.60863035e-01,7.616177e-02,3.2902,0,84.8328,1.000000,2.961201e-01,NaN,1,NaN,0,SAM 4:1,0.025560,3.616153e-02,0.02
45.00,0.9961,120.0,0.5000,1.0e-03,-1,8.72664626e-04,spinup,1.00000000e+00,1.00000000e+00,8.72664626e-04,9.63481121e-01,7.073000e-02,3.2688,0,86.0336,1.000000,3.986461e-01,NaN,1,NaN,0,SAM 4:1,0.025560,3.616153e-02,0.02
75.00,0.9961,120.0,0.5000,1.0e-03,-1,8.72664626e-04,spinup,1.00000000e+00,1.00000000e+00,8.72664626e-04,9.66159796e-01,6.534426e-02,3.2488,0,87.3441,1.000000,5.852555e-03,NaN,1,NaN,0,SAM 4:1,0.025560,3.616153e-02,0.02
105.00,0.9961,120.0,0.5000,1.0e-03,-1,8.72664626e-04,spinup,1.00000000e+00,1.00000000e+00,8.72664626e-04,9.73099314e-01,5.052977e-02,3.2132,0,89.9589,1.000000,2.190922e-02,NaN,1,NaN,0,SAM 4:1,0.025560,3.616153e-02,0.02
135.00,0.9961,120.0,0.5000,1.0e-03,-1,8.72664626e-04,cycling,7.45214039e-02,7.61603932e-02,1.36666000e-04,7.06237099e-02,9.662097e-02,20.0000,1,132.0913,0.968683,2.400916e+00,4.8622,0,NaN,129,SAM 5:1,0.002832,3.900030e-04,2.12
165.00,0.9961,120.0,0.5000,1.0e-03,-1,8.72664626e-04,cycling,7.45214038e-02,7.60925119e-02,4.11058312e-04,7.06237099e-02,9.662097e-02,20.0000,1,132.0913,0.968683,7.995664e-01,NaN,1,NaN,161,SAM 5:1,0.002832,1.418187e-03,1.18
15.00,0.3433,20.0,1.0000,1.0e-03,-1,5.23598776e-03,cycling,5.26980707e-02,6.08855289e-02,1.07845778e-03,5.12550591e-02,6.501618e-02,20.0000,1,141.5210,0.970220,5.103028e-02,NaN,1,NaN,34,SAM 4:1,-0.004220,5.024499e-05,0.09
45.00,0.3433,20.0,1.0000,1.0e-03,-1,5.23598776e-03,cycling,5.26980707e-02,6.04295321e-02,1.41249527e-03,5.12550591e-02,6.501618e-02,20.0000,1,141.5210,0.970220,2.422893e-03,NaN,1,NaN,34,SAM 4:1,-0.004220,4.346335e-04,0.08
75.00,0.3433,20.0,1.0000,1.0e-03,-1,5.23598776e-03,cycling,5.26980707e-02,6.08138928e-02,1.38104206e-03,5.12550591e-02,6.501618e-02,20.0000,1,141.5210,0.970220,4.692869e-03,NaN,1,NaN,30,SAM 4:1,-0.004220,4.693639e-04,0.08
105.00,0.3433,20.0,1.0000,1.0e-03,-1,5.23598776e-03,cycling,5.26980707e-02,5.92809474e-02,2.86321633e-03,5.12550591e-02,6.501618e-02,20.0000,1,141.5210,0.970220,5.523608e-03,NaN,1,NaN,20,SAM 4:1,-0.004220,4.613767e-04,0.08
135.00,0.3433,20.0,1.0000,1.0e-03,-1,5.23598776e-03,cycling,4.56702192e-03,7.30004687e-03,2.77854145e-03,4.84736876e-03,8.981435e-01,20.0000,1,179.6282,0.274709,6.080734e-03,NaN,1,NaN,139,LAM 2:5,-0.010836,2.665634e-01,1.56
165.00,0.3433,20.0,1.0000,1.0e-03,-1,5.23598776e-03,cycling,5.26980707e-02,6.05726811e-02,2.57513045e-03,5.12550591e-02,6.501618e-02,20.0000,1,141.5210,0.970220,5.821682e-03,NaN,1,NaN,34,SAM 4:1,-0.004220,2.395296e-03,0.32
15.00,0.4120,20.0,1.0000,1.0e-03,-1,5.23598776e-03,cycling,5.26980707e-02,6.03836283e-02,1.69164781e-03,5.12550591e-02,6.501618e-02,20.0000,1,141.5210,0.970220,3.000463e-03,NaN,1,NaN,35,SAM 4:1,-0.004220,1.295560e-03,0.08
45.00,0.4120,20.0,1.0000,1.0e-03,-1,5.23598776e-03,cycling,5.26980707e-02,6.03825435e-02,1.76651917e-03,5.12550591e-02,6.501618e-02,20.0000,1,141.5210,0.970220,1.014981e-02,NaN,1,NaN,27,SAM 4:1,-0.004220,1.361620e-03,0.47
75.00,0.4120,20.0,1.0000,1.0e-03,-1,5.23598776e-03,cycling,5.26980707e-02,6.08925297e-02,1.86774970e-03,5.12550591e-02,6.501618e-02,20.0000,1,141.5210,0.970220,4.985347e-02,NaN,1,NaN,25,SAM 4:1,-0.004220,9.358101e-05,0.08
105.00,0.4120,20.0,1.0000,1.0e-03,-1,5.23598776e-03,cycling,5.26980707e-02,6.06503834e-02,3.21179067e-03,5.12550591e-02,6.501618e-02,20.0000,1,141.5210,0.970220,1.709461e-03,NaN,1,NaN,19,SAM 4:1,-0.004220,1.646416e-03,0.07
135.00,0.4120,20.0,1.0000,1.0e-03,-1,5.23598776e-03,cycling,2.94003072e-03,7.84853240e-03,2.76081130e-03,4.30950349e-03,9.193209e-01,20.0000,1,179.6625,0.463539,5.438113e-03,NaN,1,NaN,120,LAM 3:5,-0.007396,2.691715e-01,1.40
165.00,0.4120,20.0,1.0000,1.0e-03,-1,5.23598776e-03,cycling,3.24228570e-03,7.79109754e-03,2.73062593e-03,4.35521895e-03,9.020018e-01,20.0000,1,179.7369,0.323742,3.349568e-03,NaN,1,NaN,123,LAM 2:5,0.038197,2.833048e-01,1.44
15.00,0.4807,20.0,1.0000,1.0e-03,-1,5.23598776e-03,cycling,5.26980707e-02,6.05864698e-02,1.60137288e-03,5.12550591e-02,6.501618e-02,20.0000,1,141.5210,0.970220,1.806113e-01,NaN,1,NaN,14,SAM 4:1,-0.004220,1.370813e-03,0.08
45.00,0.4807,20.0,1.0000,1.0e-03,-1,5.23598776e-03,cycling,5.26980707e-02,6.15732852e-02,1.86420233e-03,5.12550591e-02,6.501618e-02,20.0000,1,141.5210,0.970220,8.935443e-02,NaN,1,NaN,22,SAM 4:1,-0.004220,6.669440e-04,0.08
75.00,0.4807,20.0,1.0000,1.0e-03,-1,5.23598776e-03,cycling,5.26980707e-02,6.16157465e-02,1.79314366e-03,5.12550591e-02,6.501618e-02,20.0000,1,141.5210,0.970220,4.914462e-02,NaN,1,NaN,22,SAM 4:1,-0.004220,3.724044e-04,0.08
105.00,0.4807,20.0,1.0000,1.0e-03,-1,5.23598776e-03,cycling,5.26980707e-02,6.07747610e-02,3.51947231e-03,5.12550591e-02,6.501618e-02,20.0000,1,141.5210,0.970220,1.882318e-03,NaN,1,NaN,18,SAM 4:1,-0.004220,8.799272e-04,0.07
135.00,0.4807,20.0,1.0000,1.0e-03,-1,5.23598776e-03,cycling,5.26980707e-02,6.17199829e-02,3.59664515e-03,5.12550591e-02,6.501618e-02,20.0000,1,141.5210,0.970220,9.776904e-04,NaN,1,NaN,18,SAM 4:1,-0.004220,3.934976e-04,0.08
165.00,0.4807,20.0,1.0000,1.0e-03,-1,5.23598776e-03,cycling,5.26980707e-02,6.18035071e-02,3.45789234e-03,5.12550591e-02,6.501618e-02,20.0000,1,141.5210,0.970220,7.161513e-04,NaN,1,NaN,18,SAM 4:1,-0.004220,1.555836e-03,0.08
15.00,0.5493,20.0,1.0000,1.0e-03,-1,5.23598776e-03,cycling,5.26980707e-02,6.32061710e-02,2.19335763e-03,5.12550591e-02,6.501618e-02,20.0000,1,141.5210,0.970220,1.110221e-03,NaN,1,NaN,21,SAM 4:1,-0.004220,4.918449e-05,0.08
45.00,0.5493,20.0,1.0000,1.0e-03,-1,5.23598776e-03,cycling,5.26980707e-02,6.33550372e-02,2.02266443e-03,5.12550591e-02,6.501618e-02,20.0000,1,141.5210,0.970220,1.349280e-03,NaN,1,NaN,21,SAM 4:1,-0.004220,2.117470e-03,0.08
75.00,0.5493,20.0,1.0000,1.0e-03,-1,5.23598776e-03,cycling,5.26980707e-02,6.14723721e-02,2.34977517e-03,5.12550591e-02,6.501618e-02,20.0000,1,141.5210,0.970220,5.704855e-03,NaN,1,NaN,21,SAM 4:1,-0.004220,1.384049e-03,0.08
105.00,0.5493,20.0,1.0000,1.0e-03,-1,5.23598776e-03,cycling,5.26980707e-02,6.19919330e-02,3.77243016e-03,5.12550591e-02,6.501618e-02,20.0000,1,141.5210,0.970220,2.669727e-03,NaN,1,NaN,19,SAM 4:1,-0.004220,2.263873e-03,0.07
135.00,0.5493,20.0,1.0000,1.0e-03,-1,5.23598776e-03,cycling,5.26980707e-02,6.03945145e-02,4.08850389e-03,5.12550591e-02,6.501618e-02,20.0000,1,141.5210,0.970220,1.340164e-03,NaN,1,NaN,17,SAM 4:1,-0.004220,9.755146e-04,0.07
165.00,0.5493,20.0,1.0000,1.0e-03,-1,5.23598776e-03,cycling,5.26980707e-02,6.04234227e-02,3.99570948e-03,5.12550591e-02,6.501618e-02,20.0000,1,141.5210,0.970220,9.255027e-04,NaN,1,NaN,17,SAM 4:1,-0.004220,2.645508e-03,0.07
15.00,0.6180,20.0,1.0000,1.0e-03,-1,5.23598776e-03,cycling,5.26980707e-02,6.20124860e-02,2.39922060e-03,5.12550591e-02,6.501618e-02,20.0000,1,141.5210,0.970220,3.340624e-03,NaN,1,NaN,23,SAM 4:1,-0.004220,2.418459e-03,0.08
45.00,0.6180,20.0,1.0000,1.0e-03,-1,5.23598776e-03,cycling,5.26980707e-02,6.29150269e-02,2.38959199e-03,5.12550591e-02,6.501618e-02,20.0000,1,141.5210,0.970220,5.902907e-03,NaN,1,NaN,21,SAM 4:1,-0.004220,2.805383e-03,0.08
75.00,0.6180,20.0,1.0000,1.0e-03,-1,5.23598776e-03,cycling,5.26980708e-02,6.03742493e-02,2.52988331e-03,5.12550591e-02,6.501618e-02,20.0000,1,141.5210,0.970220,3.778622e-03,NaN,1,NaN,11,SAM 4:1,-0.004220,1.585488e-03,0.12
105.00,0.6180,20.0,1.0000,1.0e-03,-1,5.23598776e-03,cycling,5.26980708e-02,6.03772016e-02,4.03694010e-03,5.12550591e-02,6.501618e-02,20.0000,1,141.5210,0.970220,2.136218e-02,NaN,1,NaN,11,SAM 4:1,-0.004220,7.890257e-04,0.11
135.00,0.6180,20.0,1.0000,1.0e-03,-1,5.23598776e-03,cycling,5.26980707e-02,6.10342218e-02,4.51794824e-03,5.12550591e-02,6.501618e-02,20.0000,1,141.5210,0.970220,1.590936e-03,NaN,1,NaN,15,SAM 4:1,-0.004220,1.356558e-03,0.07
165.00,0.6180,20.0,1.0000,1.0e-03,-1,5.23598776e-03,cycling,5.26980707e-02,6.07985528e-02,4.45243478e-03,5.12550591e-02,6.501618e-02,20.0000,1,141.5210,0.970220,1.075667e-03,NaN,1,NaN,15,SAM 4:1,-0.004220,6.414410e-04,0.07
15.00,0.6867,20.0,1.0000,1.0e-03,-1,5.23598776e-03,cycling,5.26980707e-02,6.28293107e-02,2.51699572e-03,5.12550591e-02,6.501618e-02,20.0000,1,141.5210,0.970220,5.101330e-03,NaN,1,NaN,29,SAM 4:1,-0.004220,2.231090e-03,0.08
45.00,0.6867,20.0,1.0000,1.0e-03,-1,5.23598776e-03,cycling,5.26980707e-02,6.24151589e-02,2.56972953e-03,5.12550591e-02,6.501618e-02,20.0000,1,141.5210,0.970220,5.280592e-03,NaN,1,NaN,29,SAM 4:1,-0.004220,8.821643e-04,0.08
75.00,0.6867,20.0,1.0000,1.0e-03,-1,5.23598776e-03,cycling,5.26980707e-02,6.31579637e-02,3.03782693e-03,5.12550591e-02,6.501618e-02,20.0000,1,141.5210,0.970220,4.238448e-03,NaN,1,NaN,27,SAM 4:1,-0.004220,3.966306e-04,0.08
105.00,0.6867,20.0,1.0000,1.0e-03,-1,5.23598776e-03,cycling,5.26980708e-02,6.36643022e-02,4.20465289e-03,5.12550591e-02,6.501618e-02,20.0000,1,141.5210,0.970220,4.073079e-04,NaN,1,NaN,13,SAM 4:1,-0.004220,5.248417e-05,0.11
135.00,0.6867,20.0,1.0000,1.0e-03,-1,5.23598776e-03,cycling,5.26980707e-02,6.18906588e-02,4.86160237e-03,5.12550591e-02,6.501618e-02,20.0000,1,141.5210,0.970220,1.794319e-03,NaN,1,NaN,15,SAM 4:1,-0.004220,1.304759e-03,0.07
165.00,0.6867,20.0,1.0000,1.0e-03,-1,5.23598776e-03,cycling,5.26980707e-02,6.16311783e-02,4.85747082e-03,5.12550591e-02,6.501618e-02,20.0000,1,141.5210,0.970220,1.203368e-03,NaN,1,NaN,15,SAM 4:1,-0.004220,2.967189e-04,0.07
15.00,0.7554,20.0,1.0000,1.0e-03,-1,5.23598776e-03,cycling,5.26980708e-02,2.45714032e-01,1.82032836e-03,5.12550591e-02,6.501618e-02,20.0000,1,141.5210,0.970220,1.388899e-03,NaN,1,NaN,36,SAM 4:1,-0.004220,3.410251e-03,0.12
45.00,0.7554,20.0,1.0000,1.0e-03,-1,5.23598776e-03,cycling,5.26980708e-02,6.33203627e-02,3.05885731e-03,5.12550591e-02,6.501618e-02,20.0000,1,141.5210,0.970220,2.879200e-03,NaN,1,NaN,22,SAM 4:1,-0.004220,1.340337e-03,0.11
75.00,0.7554,20.0,1.0000,1.0e-03,-1,5.23598776e-03,cycling,5.26980708e-02,7.70108248e-02,3.41092255e-03,5.12550591e-02,6.501618e-02,20.0000,1,141.5210,0.970220,5.978148e-03,NaN,1,NaN,14,SAM 4:1,-0.004220,2.694208e-03,0.11
105.00,0.7554,20.0,1.0000,1.0e-03,-1,5.23598776e-03,cycling,5.26980708e-02,7.92244572e-02,3.76702119e-03,5.12550591e-02,6.501618e-02,20.0000,1,141.5210,0.970220,1.213707e-02,NaN,1,NaN,12,SAM 4:1,-0.004220,9.415835e-04,0.11
135.00,0.7554,20.0,1.0000,1.0e-03,-1,5.23598776e-03,cycling,5.26980707e-02,6.26186437e-02,5.10070567e-03,5.12550591e-02,6.501618e-02,20.0000,1,141.5210,0.970220,1.999853e-03,NaN,1,NaN,14,SAM 4:1,-0.004220,3.350730e-04,0.07
165.00,0.7554,20.0,1.0000,1.0e-03,-1,5.23598776e-03,cycling,5.26980708e-02,6.23851764e-02,5.17116267e-03,5.12550591e-02,6.501618e-02,20.0000,1,141.5210,0.970220,1.340147e-03,NaN,1,NaN,14,SAM 4:1,-0.004220,1.054792e-03,0.10
15.00,0.8240,20.0,1.0000,1.0e-03,-1,5.23598776e-03,cycling,5.26980708e-02,1.93590461e-01,4.04562800e-03,5.12550591e-02,6.501618e-02,20.0000,1,141.5210,0.970220,1.514515e-03,NaN,1,NaN,26,SAM 4:1,-0.004220,2.870158e-03,0.11
45.00,0.8240,20.0,1.0000,1.0e-03,-1,5.23598776e-03,spinup,1.00000000e+00,1.00000000e+00,3.24178638e-03,9.55927726e-01,9.757281e-02,3.4684,0,91.1876,1.000000,1.071684e-02,NaN,1,NaN,9,SAM 4:1,0.025560,2.140186e-03,0.02
75.00,0.8240,20.0,1.0000,1.0e-03,-1,5.23598776e-03,cycling,5.26980708e-02,6.21569214e-02,3.20678409e-03,5.12550591e-02,6.501618e-02,20.0000,1,141.5210,0.970220,2.427749e-03,NaN,1,NaN,28,SAM 4:1,-0.004220,2.647190e-03,0.11
105.00,0.8240,20.0,1.0000,1.0e-03,-1,5.23598776e-03,cycling,5.26980708e-02,8.80583999e-02,4.20863003e-03,5.12550591e-02,6.501618e-02,20.0000,1,141.5210,0.970220,4.903553e-03,NaN,1,NaN,14,SAM 4:1,-0.004220,1.525912e-03,0.11
135.00,0.8240,20.0,1.0000,1.0e-03,-1,5.23598776e-03,cycling,5.26980708e-02,6.31517896e-02,5.23598776e-03,5.12550591e-02,6.501618e-02,20.0000,1,141.5210,0.970220,2.263571e-03,NaN,1,NaN,12,SAM 4:1,-0.004220,5.073136e-04,0.10
165.00,0.8240,20.0,1.0000,1.0e-03,-1,5.23598776e-03,cycling,5.26980708e-02,6.29768380e-02,5.23598776e-03,5.12550591e-02,6.501618e-02,20.0000,1,141.5210,0.970220,1.527980e-03,NaN,1,NaN,12,SAM 4:1,-0.004220,2.292872e-03,0.10
15.00,0.8927,20.0,1.0000,1.0e-03,-1,5.23598776e-03,spinup,1.00000000e+00,1.00000000e+00,3.92755777e-03,9.55496849e-01,9.428238e-02,3.4360,0,87.8457,1.000000,3.526452e-03,NaN,1,NaN,6,SAM 4:1,0.025560,5.315964e-05,0.02
45.00,0.8927,20.0,1.0000,1.0e-03,-1,5.23598776e-03,error,NaN,NaN,NaN,NaN,NaN,NaN,0,NaN,NaN,NaN,NaN,1,NaN,-1,- 0:0,NaN,NaN,NaN
75.00,0.8927,20.0,1.0000,1.0e-03,-1,5.23598776e-03,cycling,5.26980708e-02,6.34582359e-02,4.48329479e-03,5.12550591e-02,6.501618e-02,20.0000,1,141.5210,0.970220,1.049747e-03,NaN,1,NaN,13,SAM 4:1,-0.004220,5.569115e-04,0.12
105.00,0.8927,20.0,1.0000,1.0e-03,-1,5.23598776e-03,cycling,5.26980707e-02,7.86849505e-02,5.17639718e-03,5.12550591e-02,6.501618e-02,20.0000,1,141.5210,0.970220,3.573203e-04,NaN,1,NaN,9,SAM 4:1,-0.004220,3.595238e-04,0.09
135.00,0.8927,20.0,1.0000,1.0e-03,-1,5.23598776e-03,cycling,5.26980708e-02,6.34624066e-02,5.23598776e-03,5.12550591e-02,6.501618e-02,20.0000,1,141.5210,0.970220,2.677625e-03,NaN,1,NaN,11,SAM 4:1,-0.004220,8.985409e-04,0.11
165.00,0.8927,20.0,1.0000,1.0e-03,-1,5.23598776e-03,cycling,5.26980708e-02,6.33578901e-02,5.23598776e-03,5.12550591e-02,6.501618e-02,20.0000,1,141.5210,0.970220,1.863089e-03,NaN,1,NaN,11,SAM 4:1,-0.004220,2.281937e-03,0.11
15.00,0.9652,20.0,1.0000,1.0e-03,-1,5.23598776e-03,error,NaN,NaN,NaN,NaN,NaN,NaN,0,NaN,NaN,NaN,NaN,1,NaN,-1,- 0:0,NaN,NaN,NaN
45.00,0.9652,20.0,1.0000,1.0e-03,-1,5.23598776e-03,error,NaN,NaN,NaN,NaN,NaN,NaN,0,NaN,NaN,NaN,NaN,1,NaN,-1,- 0:0,NaN,NaN,NaN
75.00,0.9652,20.0,1.0000,1.0e-03,-1,5.23598776e-03,cycling,5.26980708e-02,6.04692089e-02,5.01489319e-03,5.12550591e-02,6.501618e-02,20.0000,1,141.5210,0.970220,1.633911e-02,NaN,1,NaN,7,SAM 4:1,-0.004220,9.336917e-04,0.11
105.00,0.9652,20.0,1.0000,1.0e-03,-1,5.23598776e-03,cycling,5.26980707e-02,6.18274102e-02,5.23598776e-03,5.12550591e-02,6.501618e-02,20.0000,1,141.5210,0.970220,1.463134e-02,NaN,1,NaN,3,SAM 4:1,-0.004220,8.861128e-04,0.08
135.00,0.9652,20.0,1.0000,1.0e-03,-1,5.23598776e-03,cycling,5.26980708e-02,6.00496817e-02,5.23598776e-03,5.12550591e-02,6.501618e-02,20.0000,1,141.5210,0.970220,7.561393e-04,NaN,1,NaN,9,SAM 4:1,-0.004220,2.328712e-03,0.11
165.00,0.9652,20.0,1.0000,1.0e-03,-1,5.23598776e-03,cycling,5.26980708e-02,6.32843784e-02,5.23598776e-03,5.12550591e-02,6.501618e-02,20.0000,1,141.5210,0.970220,3.199433e-03,NaN,1,NaN,11,SAM 4:1,-0.004220,3.891858e-04,0.11
15.00,0.9691,20.0,1.0000,1.0e-03,-1,5.23598776e-03,spinup,1.00000000e+00,1.00000000e+00,5.23598776e-03,9.55616041e-01,8.858812e-02,3.3571,0,83.5704,1.000000,3.627602e-03,NaN,1,NaN,1,SAM 4:1,0.025560,8.035896e-03,0.04
45.00,0.9691,20.0,1.0000,1.0e-03,-1,5.23598776e-03,error,NaN,NaN,NaN,NaN,NaN,NaN,0,NaN,NaN,NaN,NaN,1,NaN,-1,- 0:0,NaN,NaN,NaN
75.00,0.9691,20.0,1.0000,1.0e-03,-1,5.23598776e-03,cycling,5.26980708e-02,6.22512731e-02,4.68528226e-03,5.12550591e-02,6.501618e-02,20.0000,1,141.5210,0.970220,1.902005e-02,NaN,1,NaN,10,SAM 4:1,-0.004220,1.968016e-03,0.16
105.00,0.9691,20.0,1.0000,1.0e-03,-1,5.23598776e-03,cycling,5.26980707e-02,6.23076387e-02,5.23598776e-03,5.12550591e-02,6.501618e-02,20.0000,1,141.5210,0.970220,1.764824e-02,NaN,1,NaN,4,SAM 4:1,-0.004220,1.042565e-03,0.10
135.00,0.9691,20.0,1.0000,1.0e-03,-1,5.23598776e-03,cycling,5.26980708e-02,6.07615328e-02,5.23598776e-03,5.12550591e-02,6.501618e-02,20.0000,1,141.5210,0.970220,3.234712e-03,NaN,1,NaN,8,SAM 4:1,-0.004220,1.570105e-03,0.12
165.00,0.9691,20.0,1.0000,1.0e-03,-1,5.23598776e-03,cycling,5.26980708e-02,6.32356048e-02,5.23598776e-03,5.12550591e-02,6.501618e-02,20.0000,1,141.5210,0.970220,2.226318e-03,NaN,1,NaN,12,SAM 4:1,-0.004220,1.579209e-04,0.11
15.00,0.9730,20.0,1.0000,1.0e-03,-1,5.23598776e-03,spinup,1.00000000e+00,1.00000000e+00,5.23598776e-03,9.55572801e-01,8.874757e-02,3.3585,0,83.6056,1.000000,3.281991e-03,NaN,1,NaN,1,SAM 4:1,0.025560,1.205384e-02,0.02
45.00,0.9730,20.0,1.0000,1.0e-03,-1,5.23598776e-03,spinup,1.00000000e+00,1.00000000e+00,5.23598776e-03,9.56634673e-01,8.523238e-02,3.3398,0,83.1245,1.000000,7.149412e-03,NaN,1,NaN,1,SAM 4:1,0.025560,1.205384e-02,0.02
75.00,0.9730,20.0,1.0000,1.0e-03,-1,5.23598776e-03,cycling,5.26980708e-02,6.30728874e-02,4.45577903e-03,5.12550591e-02,6.501618e-02,20.0000,1,141.5210,0.970220,1.915690e-02,NaN,1,NaN,12,SAM 4:1,-0.004220,1.876340e-03,0.11
105.00,0.9730,20.0,1.0000,1.0e-03,-1,5.23598776e-03,cycling,5.26980708e-02,5.89469750e-02,5.23598776e-03,5.12550591e-02,6.501618e-02,20.0000,1,141.5210,0.970220,1.811324e-02,NaN,1,NaN,4,SAM 4:1,-0.004220,3.765931e-03,0.11
135.00,0.9730,20.0,1.0000,1.0e-03,-1,5.23598776e-03,cycling,5.26980708e-02,6.15367254e-02,5.23598776e-03,5.12550591e-02,6.501618e-02,20.0000,1,141.5210,0.970220,5.062092e-03,NaN,1,NaN,10,SAM 4:1,-0.004220,7.882693e-05,0.11
165.00,0.9730,20.0,1.0000,1.0e-03,-1,5.23598776e-03,cycling,5.26980708e-02,6.31881588e-02,5.23598776e-03,5.12550591e-02,6.501618e-02,20.0000,1,141.5210,0.970220,1.045362e-03,NaN,1,NaN,14,SAM 4:1,-0.004220,5.094782e-04,0.11
15.00,0.9768,20.0,1.0000,1.0e-03,-1,5.23598776e-03,error,NaN,NaN,NaN,NaN,NaN,NaN,0,NaN,NaN,NaN,NaN,1,NaN,-1,- 0:0,NaN,NaN,NaN
45.00,0.9768,20.0,1.0000,1.0e-03,-1,5.23598776e-03,error,NaN,NaN,NaN,NaN,NaN,NaN,0,NaN,NaN,NaN,NaN,1,NaN,-1,- 0:0,NaN,NaN,NaN
75.00,0.9768,20.0,1.0000,1.0e-03,-1,5.23598776e-03,cycling,5.26980708e-02,6.34339220e-02,4.71877912e-03,5.12550591e-02,6.501618e-02,20.0000,1,141.5210,0.970220,1.784286e-02,NaN,1,NaN,15,SAM 4:1,-0.004220,2.590958e-03,0.11
105.00,0.9768,20.0,1.0000,1.0e-03,-1,5.23598776e-03,cycling,5.26980708e-02,6.21694884e-02,5.23598776e-03,5.12550591e-02,6.501618e-02,20.0000,1,141.5210,0.970220,1.711972e-02,NaN,1,NaN,11,SAM 4:1,-0.004220,2.689083e-03,0.11
135.00,0.9768,20.0,1.0000,1.0e-03,-1,5.23598776e-03,cycling,5.26980708e-02,6.21459484e-02,5.23598776e-03,5.12550591e-02,6.501618e-02,20.0000,1,141.5210,0.970220,6.604757e-03,NaN,1,NaN,11,SAM 4:1,-0.004220,2.842606e-03,0.11
165.00,0.9768,20.0,1.0000,1.0e-03,-1,5.23598776e-03,cycling,5.26980708e-02,6.31742869e-02,5.23598776e-03,5.12550591e-02,6.501618e-02,20.0000,1,141.5210,0.970220,3.187243e-04,NaN,1,NaN,15,SAM 4:1,-0.004220,6.062103e-04,0.10
15.00,0.9807,20.0,1.0000,1.0e-03,-1,5.23598776e-03,spinup,1.00000000e+00,1.00000000e+00,5.23598776e-03,9.55504107e-01,8.901911e-02,3.3609,0,83.6764,1.000000,2.776407e-03,NaN,1,NaN,0,SAM 4:1,0.025560,2.008974e-02,0.02
45.00,0.9807,20.0,1.0000,1.0e-03,-1,5.23598776e-03,spinup,1.00000000e+00,1.00000000e+00,5.23598776e-03,9.56131957e-01,8.655175e-02,3.3463,0,83.0938,1.000000,8.801601e-03,NaN,1,NaN,0,SAM 4:1,0.025560,2.008974e-02,0.02
75.00,0.9807,20.0,1.0000,1.0e-03,-1,5.23598776e-03,cycling,5.26980708e-02,6.33483865e-02,4.09410105e-03,5.12550591e-02,6.501618e-02,20.0000,1,141.5210,0.970220,1.551637e-02,NaN,1,NaN,17,SAM 4:1,-0.004220,1.881863e-03,0.10
105.00,0.9807,20.0,1.0000,1.0e-03,-1,5.23598776e-03,cycling,5.26980708e-02,6.31785833e-02,5.01993893e-03,5.12550591e-02,6.501618e-02,20.0000,1,141.5210,0.970220,1.510631e-02,NaN,1,NaN,15,SAM 4:1,-0.004220,5.749548e-04,0.11
135.00,0.9807,20.0,1.0000,1.0e-03,-1,5.23598776e-03,cycling,5.26980708e-02,6.26189833e-02,5.23598776e-03,5.12550591e-02,6.501618e-02,20.0000,1,141.5210,0.970220,7.981474e-03,NaN,1,NaN,11,SAM 4:1,-0.004220,2.291488e-04,0.10
165.00,0.9807,20.0,1.0000,1.0e-03,-1,5.23598776e-03,cycling,5.26980708e-02,6.32026913e-02,5.23598776e-03,5.12550591e-02,6.501618e-02,20.0000,1,141.5210,0.970220,1.835339e-03,NaN,1,NaN,15,SAM 4:1,-0.004220,4.052950e-04,0.11
15.00,0.9845,20.0,1.0000,1.0e-03,-1,5.23598776e-03,error,NaN,NaN,NaN,NaN,NaN,NaN,0,NaN,NaN,NaN,NaN,1,NaN,-1,- 0:0,NaN,NaN,NaN
45.00,0.9845,20.0,1.0000,1.0e-03,-1,5.23598776e-03,spinup,1.00000000e+00,1.00000000e+00,5.23598776e-03,9.55967618e-01,8.703284e-02,3.3487,0,83.1206,1.000000,9.455098e-03,NaN,1,NaN,0,SAM 4:1,0.025560,2.410769e-02,0.02
75.00,0.9845,20.0,1.0000,1.0e-03,-1,5.23598776e-03,error,NaN,NaN,NaN,NaN,NaN,NaN,0,NaN,NaN,NaN,NaN,1,NaN,-1,- 0:0,NaN,NaN,NaN
105.00,0.9845,20.0,1.0000,1.0e-03,-1,5.23598776e-03,cycling,5.26980708e-02,6.34675133e-02,4.29472975e-03,5.12550591e-02,6.501618e-02,20.0000,1,141.5210,0.970220,1.231427e-02,NaN,1,NaN,15,SAM 4:1,-0.004220,5.001975e-04,0.14
135.00,0.9845,20.0,1.0000,1.0e-03,-1,5.23598776e-03,cycling,5.26980708e-02,6.30006594e-02,5.23598776e-03,5.12550591e-02,6.501618e-02,20.0000,1,141.5210,0.970220,9.246570e-03,NaN,1,NaN,13,SAM 4:1,-0.004220,2.723005e-03,0.15
165.00,0.9845,20.0,1.0000,1.0e-03,-1,5.23598776e-03,cycling,5.26980708e-02,6.32592727e-02,5.23598776e-03,5.12550591e-02,6.501618e-02,20.0000,1,141.5210,0.970220,3.479587e-03,NaN,1,NaN,13,SAM 4:1,-0.004220,2.086248e-05,0.15
15.00,0.9884,20.0,1.0000,1.0e-03,-1,5.23598776e-03,error,NaN,NaN,NaN,NaN,NaN,NaN,0,NaN,NaN,NaN,NaN,1,NaN,-1,- 0:0,NaN,NaN,NaN
45.00,0.9884,20.0,1.0000,1.0e-03,-1,5.23598776e-03,error,NaN,NaN,NaN,NaN,NaN,NaN,0,NaN,NaN,NaN,NaN,1,NaN,-1,- 0:0,NaN,NaN,NaN
75.00,0.9884,20.0,1.0000,1.0e-03,-1,5.23598776e-03,error,NaN,NaN,NaN,NaN,NaN,NaN,0,NaN,NaN,NaN,NaN,1,NaN,-1,- 0:0,NaN,NaN,NaN
105.00,0.9884,20.0,1.0000,1.0e-03,-1,5.23598776e-03,cycling,5.26980708e-02,6.32518893e-02,3.49249209e-03,5.12550591e-02,6.501618e-02,20.0000,1,141.5210,0.970220,8.898788e-03,NaN,1,NaN,17,SAM 4:1,-0.004220,3.413392e-04,0.11
135.00,0.9884,20.0,1.0000,1.0e-03,-1,5.23598776e-03,cycling,5.26980708e-02,6.32841310e-02,5.23598776e-03,5.12550591e-02,6.501618e-02,20.0000,1,141.5210,0.970220,1.042967e-02,NaN,1,NaN,13,SAM 4:1,-0.004220,3.854418e-04,0.10
165.00,0.9884,20.0,1.0000,1.0e-03,-1,5.23598776e-03,cycling,5.26980708e-02,6.33352174e-02,5.23598776e-03,5.12550591e-02,6.501618e-02,20.0000,1,141.5210,0.970220,5.231559e-03,NaN,1,NaN,13,SAM 4:1,-0.004220,8.941607e-04,0.10
15.00,0.9923,20.0,1.0000,1.0e-03,-1,5.23598776e-03,error,NaN,NaN,NaN,NaN,NaN,NaN,0,NaN,NaN,NaN,NaN,1,NaN,-1,- 0:0,NaN,NaN,NaN
45.00,0.9923,20.0,1.0000,1.0e-03,-1,5.23598776e-03,spinup,1.00000000e+00,1.00000000e+00,5.23598776e-03,9.55788049e-01,8.767686e-02,3.3517,0,83.2357,1.000000,1.057644e-02,NaN,1,NaN,0,SAM 4:1,0.025560,3.214359e-02,0.02
75.00,0.9923,20.0,1.0000,1.0e-03,-1,5.23598776e-03,error,NaN,NaN,NaN,NaN,NaN,NaN,0,NaN,NaN,NaN,NaN,1,NaN,-1,- 0:0,NaN,NaN,NaN
105.00,0.9923,20.0,1.0000,1.0e-03,-1,5.23598776e-03,cycling,5.26980708e-02,6.22296705e-02,2.66437071e-03,5.12550591e-02,6.501618e-02,20.0000,1,141.5210,0.970220,4.969459e-03,NaN,1,NaN,19,SAM 4:1,-0.004220,2.199613e-03,0.11
135.00,0.9923,20.0,1.0000,1.0e-03,-1,5.23598776e-03,cycling,5.26980708e-02,6.34645718e-02,5.23598776e-03,5.12550591e-02,6.501618e-02,20.0000,1,141.5210,0.970220,1.154881e-02,NaN,1,NaN,15,SAM 4:1,-0.004220,1.576755e-03,0.11
165.00,0.9923,20.0,1.0000,1.0e-03,-1,5.23598776e-03,cycling,5.26980708e-02,6.34306298e-02,5.23598776e-03,5.12550591e-02,6.501618e-02,20.0000,1,141.5210,0.970220,7.075073e-03,NaN,1,NaN,15,SAM 4:1,-0.004220,2.664769e-03,0.11
15.00,0.9961,20.0,1.0000,1.0e-03,-1,5.23598776e-03,spinup,1.00000000e+00,1.00000000e+00,5.23598776e-03,9.55424977e-01,8.940914e-02,3.3649,0,83.8196,1.000000,8.225559e-03,NaN,1,NaN,0,SAM 4:1,0.025560,3.616153e-02,0.02
45.00,0.9961,20.0,1.0000,1.0e-03,-1,5.23598776e-03,spinup,1.00000000e+00,1.00000000e+00,5.23598776e-03,9.55760398e-01,8.785735e-02,3.3522,0,83.3112,1.000000,1.107350e-02,NaN,1,NaN,0,SAM 4:1,0.025560,3.616153e-02,0.02
75.00,0.9961,20.0,1.0000,1.0e-03,-1,5.23598776e-03,spinup,1.00000000e+00,1.00000000e+00,5.23598776e-03,9.56598497e-01,8.558170e-02,3.3389,0,83.2929,1.000000,1.826393e-04,NaN,1,NaN,0,SAM 4:1,0.025560,3.616153e-02,0.02
105.00,0.9961,20.0,1.0000,1.0e-03,-1,5.23598776e-03,error,NaN,NaN,NaN,NaN,NaN,NaN,0,NaN,NaN,NaN,NaN,1,NaN,-1,- 0:0,NaN,NaN,NaN
135.00,0.9961,20.0,1.0000,1.0e-03,-1,5.23598776e-03,cycling,5.26980708e-02,6.33591696e-02,4.64772869e-03,5.12550591e-02,6.501618e-02,20.0000,1,141.5210,0.970220,1.261582e-02,NaN,1,NaN,17,SAM 4:1,-0.004220,2.410014e-03,0.11
165.00,0.9961,20.0,1.0000,1.0e-03,-1,5.23598776e-03,cycling,5.26980708e-02,6.34603189e-02,5.23598776e-03,5.12550591e-02,6.501618e-02,20.0000,1,141.5210,0.970220,8.996720e-03,NaN,1,NaN,17,SAM 4:1,-0.004220,6.347629e-04,0.11
15.00,0.3433,60.0,1.0000,1.0e-03,-1,1.74532925e-03,cycling,2.94730509e-03,7.42420919e-03,6.56231353e-04,4.31838897e-03,9.151700e-01,20.0000,1,179.5829,0.532851,6.421286e-03,NaN,1,NaN,143,LAM 2:3,0.010359,2.335140e-01,1.52
45.00,0.3433,60.0,1.0000,1.0e-03,-1,1.74532925e-03,cycling,5.26980707e-02,6.85333528e-02,3.77570021e-04,5.12550591e-02,6.501618e-02,20.0000,1,141.5210,0.970220,1.508522e-02,NaN,1,NaN,68,SAM 4:1,-0.004220,1.002082e-03,0.51
75.00,0.3433,60.0,1.0000,1.0e-03,-1,1.74532925e-03,cycling,5.26980707e-02,6.56036361e-02,5.51836369e-04,5.12550591e-02,6.501618e-02,20.0000,1,141.5210,0.970220,7.733366e-03,NaN,1,NaN,44,SAM 4:1,-0.004220,9.182960e-04,0.28
105.00,0.3433,60.0,1.0000,1.0e-03,-1,1.74532925e-03,cycling,5.26980707e-02,6.74786621e-02,4.93054200e-04,5.12550591e-02,6.501618e-02,20.0000,1,141.5210,0.970220,1.104224e-02,NaN,1,NaN,24,SAM 4:1,-0.004220,9.651580e-04,0.27
135.00,0.3433,60.0,1.0000,1.0e-03,-1,1.74532925e-03,cycling,5.26980707e-02,6.14348332e-02,5.30766905e-04,5.12550591e-02,6.501618e-02,20.0000,1,141.5210,0.970220,2.035684e-02,NaN,1,NaN,52,SAM 4:1,-0.004220,9.119701e-04,0.34
165.00,0.3433,60.0,1.0000,1.0e-03,-1,1.74532925e-03,despin,1.00000001e-08,3.61050466e-03,1.00000001e-08,2.40639015e-04,2.698242e+00,3.5852,0,66.6358,0.961521,1.794483e+08,3.2617,0,NaN,231,LAM 5:1,0.003982,1.547570e-04,6.31
15.00,0.4120,60.0,1.0000,1.0e-03,-1,1.74532925e-03,cycling,5.26980707e-02,6.44355542e-02,5.14122581e-04,5.12550591e-02,6.501618e-02,20.0000,1,141.5210,0.970220,1.101209e-02,NaN,1,NaN,33,SAM 4:1,-0.004220,7.274783e-04,0.30
45.00,0.4120,60.0,1.0000,1.0e-03,-1,1.74532925e-03,cycling,5.26980707e-02,6.23469897e-02,5.02309022e-04,5.12550591e-02,6.501618e-02,20.0000,1,141.5210,0.970220,4.885855e-03,NaN,1,NaN,49,SAM 4:1,-0.004220,1.963336e-03,0.22
75.00,0.4120,60.0,1.0000,1.0e-03,-1,1.74532925e-03,cycling,2.93565320e-03,7.89785385e-03,8.86114946e-04,4.29905435e-03,9.236407e-01,20.0000,1,179.6528,0.473629,4.846790e-03,NaN,1,NaN,143,LAM 3:5,0.002694,1.889055e-01,1.73
105.00,0.4120,60.0,1.0000,1.0e-03,-1,1.74532925e-03,cycling,5.26980707e-02,6.11001567e-02,7.04670764e-04,5.12550591e-02,6.501618e-02,20.0000,1,141.5210,0.970220,2.296593e-02,NaN,1,NaN,61,SAM 4:1,-0.004220,1.255621e-03,0.59
135.00,0.4120,60.0,1.0000,1.0e-03,-1,1.74532925e-03,cycling,5.26980707e-02,6.20477628e-02,8.43563353e-04,5.12550591e-02,6.501618e-02,20.0000,1,141.5210,0.970220,6.671266e-03,NaN,1,NaN,51,SAM 4:1,-0.004220,1.858885e-03,0.29
165.00,0.4120,60.0,1.0000,1.0e-03,-1,1.74532925e-03,cycling,5.26980707e-02,6.11763779e-02,7.45571895e-04,5.12550591e-02,6.501618e-02,20.0000,1,141.5210,0.970220,6.436537e-02,NaN,1,NaN,45,SAM 4:1,-0.004220,2.479907e-03,0.71
15.00,0.4807,60.0,1.0000,1.0e-03,-1,1.74532925e-03,cycling,3.94246496e-03,7.49122909e-03,6.41475601e-04,4.57036262e-03,9.022073e-01,20.0000,1,179.6861,0.275566,6.674547e-03,NaN,1,NaN,173,LAM 2:5,-0.009979,1.587143e-01,1.57
45.00,0.4807,60.0,1.0000,1.0e-03,-1,1.74532925e-03,cycling,5.26980707e-02,6.81985635e-02,9.26125544e-04,5.12550591e-02,6.501618e-02,20.0000,1,141.5210,0.970220,3.569925e-02,NaN,1,NaN,40,SAM 4:1,-0.004220,4.660746e-04,0.25
75.00,0.4807,60.0,1.0000,1.0e-03,-1,1.74532925e-03,cycling,2.95340483e-03,7.92073660e-03,9.41368279e-04,4.61299560e-03,9.529259e-01,20.0000,1,179.5912,0.525652,2.496364e-03,NaN,1,NaN,137,LAM 2:3,0.003160,2.361736e-01,1.47
105.00,0.4807,60.0,1.0000,1.0e-03,-1,1.74532925e-03,cycling,5.26980707e-02,6.06619933e-02,7.30830364e-04,5.12550591e-02,6.501618e-02,20.0000,1,141.5210,0.970220,1.380270e-02,NaN,1,NaN,94,SAM 4:1,-0.004220,2.786568e-04,0.55
135.00,0.4807,60.0,1.0000,1.0e-03,-1,1.74532925e-03,cycling,3.01814170e-03,7.47926786e-03,7.81490136e-04,4.28865028e-03,9.325400e-01,20.0000,1,179.4946,0.586648,6.135301e-02,NaN,1,NaN,172,LAM 3:4,0.007422,7.602600e-02,1.62
165.00,0.4807,60.0,1.0000,1.0e-03,-1,1.74532925e-03,cycling,5.26980707e-02,6.06703591e-02,5.41310500e-04,5.12550591e-02,6.501618e-02,20.0000,1,141.5210,0.970220,6.746753e-03,NaN,1,NaN,38,SAM 4:1,-0.004220,1.240068e-03,0.34
15.00,0.5493,60.0,1.0000,1.0e-03,-1,1.74532925e-03,cycling,5.26980707e-02,7.59075040e-02,9.09418799e-04,5.12550591e-02,6.501618e-02,20.0000,1,141.5210,0.970220,8.370546e-03,NaN,1,NaN,15,SAM 4:1,-0.004220,1.144353e-03,0.10
45.00,0.5493,60.0,1.0000,1.0e-03,-1,1.74532925e-03,cycling,2.93239743e-03,7.97465286e-03,8.90805133e-04,4.30690855e-03,9.219278e-01,20.0000,1,179.6303,0.495033,1.214352e-02,NaN,1,NaN,139,LAM 3:5,0.024098,2.495798e-01,1.45
75.00,0.5493,60.0,1.0000,1.0e-03,-1,1.74532925e-03,cycling,2.95228213e-03,7.54620431e-03,9.43572523e-04,4.32686335e-03,9.162882e-01,20.0000,1,179.5743,0.538939,5.501140e-03,NaN,1,NaN,142,LAM 2:3,0.016447,2.596769e-01,1.48
105.00,0.5493,60.0,1.0000,1.0e-03,-1,1.74532925e-03,cycling,5.26980707e-02,6.12628295e-02,1.13018656e-03,5.12550591e-02,6.501618e-02,20.0000,1,141.5210,0.970220,3.808585e-03,NaN,1,NaN,37,SAM 4:1,-0.004220,2.320553e-03,0.26
135.00,0.5493,60.0,1.0000,1.0e-03,-1,1.74532925e-03,cycling,5.26980707e-02,8.65017478e-02,7.75984810e-04,5.12550591e-02,6.501618e-02,20.0000,1,141.5210,0.970220,3.726620e-02,NaN,1,NaN,37,SAM 4:1,-0.004220,8.715764e-04,0.39
165.00,0.5493,60.0,1.0000,1.0e-03,-1,1.74532925e-03,cycling,3.81500696e-03,7.44228697e-03,5.16442333e-04,5.20809294e-03,8.031229e-01,20.0000,1,114.8241,0.492724,1.020947e+00,0.6516,0,NaN,157,LAM 3:5,0.021789,1.804829e-02,1.70
15.00,0.6180,60.0,1.0000,1.0e-03,-1,1.74532925e-03,cycling,5.26980707e-02,5.88535277e-02,6.66716048e-04,5.12550591e-02,6.501618e-02,20.0000,1,141.5210,0.970220,9.630797e-03,NaN,1,NaN,37,SAM 4:1,-0.004220,1.218570e-04,0.24
45.00,0.6180,60.0,1.0000,1.0e-03,-1,1.74532925e-03,cycling,2.96793361e-03,7.78610551e-03,8.40866586e-04,4.76954304e-03,9.296033e-01,20.0000,1,179.5994,0.517443,1.421801e-02,NaN,1,NaN,131,LAM 2:3,-0.005049,2.799684e-01,1.39
75.00,0.6180,60.0,1.0000,1.0e-03,-1,1.74532925e-03,cycling,5.26980707e-02,6.03777137e-02,8.42864077e-04,5.12550591e-02,6.501618e-02,20.0000,1,141.5210,0.970220,2.920082e-03,NaN,1,NaN,23,SAM 4:1,-0.004220,9.613304e-05,0.12
105.00,0.6180,60.0,1.0000,1.0e-03,-1,1.74532925e-03,cycling,5.26980707e-02,6.00906411e-02,1.54155723e-03,5.12550591e-02,6.501618e-02,20.0000,1,141.5210,0.970220,8.093258e-03,NaN,1,NaN,31,SAM 4:1,-0.004220,1.991576e-03,0.21
135.00,0.6180,60.0,1.0000,1.0e-03,-1,1.74532925e-03,cycling,5.26980707e-02,6.87258091e-02,9.62730396e-04,5.12550591e-02,6.501618e-02,20.0000,1,141.5210,0.970220,2.498221e-02,NaN,1,NaN,49,SAM 4:1,-0.004220,1.215328e-03,0.45
165.00,0.6180,60.0,1.0000,1.0e-03,-1,1.74532925e-03,cycling,5.26980707e-02,6.00257870e-02,9.85596515e-04,5.12550591e-02,6.501618e-02,20.0000,1,141.5210,0.970220,9.681004e-03,NaN,1,NaN,47,SAM 4:1,-0.004220,1.621712e-03,0.40
15.00,0.6867,60.0,1.0000,1.0e-03,-1,1.74532925e-03,cycling,3.29723504e-03,7.91946151e-03,1.17577988e-03,4.36003151e-03,9.006012e-01,20.0000,1,179.7361,0.313129,1.073611e-02,NaN,1,NaN,125,LAM 2:5,0.027584,2.675874e-01,1.47
45.00,0.6867,60.0,1.0000,1.0e-03,-1,1.74532925e-03,cycling,2.96288327e-03,7.95879444e-03,9.45537359e-04,4.68480324e-03,9.361931e-01,20.0000,1,179.5849,0.529569,1.596046e-02,NaN,1,NaN,128,LAM 2:3,0.007076,2.857259e-01,1.48
75.00,0.6867,60.0,1.0000,1.0e-03,-1,1.74532925e-03,cycling,5.26980707e-02,6.19431220e-02,1.20860984e-03,5.12550591e-02,6.501618e-02,20.0000,1,141.5210,0.970220,3.571568e-03,NaN,1,NaN,23,SAM 4:1,-0.004220,3.252184e-03,0.13
105.00,0.6867,60.0,1.0000,1.0e-03,-1,1.74532925e-03,cycling,2.93363320e-03,7.88418717e-03,1.59848471e-03,4.29669945e-03,9.226465e-01,20.0000,1,179.6455,0.480872,5.582358e-03,NaN,1,NaN,125,LAM 3:5,0.009937,2.781643e-01,1.72
135.00,0.6867,60.0,1.0000,1.0e-03,-1,1.74532925e-03,cycling,5.26980707e-02,6.74087862e-02,1.22347667e-03,5.12550591e-02,6.501618e-02,20.0000,1,141.5210,0.970220,7.048108e-02,NaN,1,NaN,31,SAM 4:1,-0.004220,1.422658e-03,0.25
165.00,0.6867,60.0,1.0000,1.0e-03,-1,1.74532925e-03,cycling,5.26980707e-02,6.18805483e-02,1.29527622e-03,5.12550591e-02,6.501618e-02,20.0000,1,141.5210,0.970220,1.083031e-02,NaN,1,NaN,33,SAM 4:1,-0.004220,1.848629e-03,0.25
15.00,0.7554,60.0,1.0000,1.0e-03,-1,1.74532925e-03,cycling,3.00845294e-03,7.73593360e-03,1.08347819e-03,4.66283803e-03,9.387744e-01,20.0000,1,179.5286,0.565604,1.194727e-02,NaN,1,NaN,133,LAM 3:4,-0.013621,2.142945e-01,1.57
45.00,0.7554,60.0,1.0000,1.0e-03,-1,1.74532925e-03,cycling,3.06696203e-03,7.83931263e-03,1.21218710e-03,5.16197603e-03,8.662297e-01,20.0000,1,179.4853,0.587366,1.777058e-02,NaN,1,NaN,128,LAM 3:4,0.008140,2.142945e-01,1.60
75.00,0.7554,60.0,1.0000,1.0e-03,-1,1.74532925e-03,cycling,2.93413236e-03,7.85674482e-03,1.32548623e-03,4.30460416e-03,9.200639e-01,20.0000,1,179.6169,0.506597,4.004047e-03,NaN,1,NaN,134,LAM 2:3,-0.015895,2.142945e-01,1.61
105.00,0.7554,60.0,1.0000,1.0e-03,-1,1.74532925e-03,cycling,5.26980708e-02,6.23819111e-02,1.64952693e-03,5.12550591e-02,6.501618e-02,20.0000,1,141.5210,0.970220,4.840887e-03,NaN,1,NaN,10,SAM 4:1,-0.004220,1.472417e-03,0.12
135.00,0.7554,60.0,1.0000,1.0e-03,-1,1.74532925e-03,cycling,2.94616849e-03,7.62115092e-03,1.74532925e-03,4.34093211e-03,9.069872e-01,20.0000,1,179.6716,0.453547,1.799868e-02,NaN,1,NaN,135,LAM 3:5,-0.017388,2.142945e-01,1.90
165.00,0.7554,60.0,1.0000,1.0e-03,-1,1.74532925e-03,cycling,3.01509624e-03,7.91872086e-03,1.74532925e-03,4.69106201e-03,9.470258e-01,20.0000,1,179.5334,0.561700,1.206132e-02,NaN,1,NaN,133,LAM 3:4,-0.017526,2.142945e-01,1.53
15.00,0.8240,60.0,1.0000,1.0e-03,-1,1.74532925e-03,cycling,2.96404758e-03,7.91122433e-03,1.49366943e-03,4.71753483e-03,9.523427e-01,20.0000,1,179.5999,0.517525,1.363063e-02,NaN,1,NaN,128,LAM 2:3,-0.004967,1.428630e-01,1.53
45.00,0.8240,60.0,1.0000,1.0e-03,-1,1.74532925e-03,cycling,5.26980708e-02,6.13409700e-02,1.13157976e-03,5.12550591e-02,6.501618e-02,20.0000,1,141.5210,0.970220,2.012978e-02,NaN,1,NaN,16,SAM 4:1,-0.004220,2.343075e-03,0.12
75.00,0.8240,60.0,1.0000,1.0e-03,-1,1.74532925e-03,cycling,5.26980708e-02,8.79693239e-02,1.04069367e-03,5.12550591e-02,6.501618e-02,20.0000,1,141.5210,0.970220,4.169705e-03,NaN,1,NaN,10,SAM 4:1,-0.004220,5.163841e-04,0.12
105.00,0.8240,60.0,1.0000,1.0e-03,-1,1.74532925e-03,cycling,5.26980708e-02,8.80010588e-02,1.70945635e-03,5.12550591e-02,6.501618e-02,20.0000,1,141.5210,0.970220,4.290887e-03,NaN,1,NaN,10,SAM 4:1,-0.004220,7.385520e-04,0.12
135.00,0.8240,60.0,1.0000,1.0e-03,-1,1.74532925e-03,cycling,3.26435557e-03,7.92485237e-03,1.74532925e-03,4.36679218e-03,8.947363e-01,20.0000,1,179.7368,0.319241,2.037214e-02,NaN,1,NaN,132,LAM 2:5,0.033696,1.428630e-01,1.47
165.00,0.8240,60.0,1.0000,1.0e-03,-1,1.74532925e-03,cycling,2.94442665e-03,7.90587730e-03,1.74532925e-03,4.30885998e-03,9.210452e-01,20.0000,1,179.5885,0.528820,1.375182e-02,NaN,1,NaN,131,LAM 2:3,0.006328,1.428630e-01,1.54
15.00,0.8927,60.0,1.0000,1.0e-03,-1,1.74532925e-03,spinup,1.00000000e+00,1.00000000e+00,1.35187151e-03,9.54016120e-01,9.243008e-02,3.3876,0,83.2976,1.000000,1.664627e-02,NaN,1,NaN,6,SAM 4:1,0.025560,3.871807e-02,0.02
45.00,0.8927,60.0,1.0000,1.0e-03,-1,1.74532925e-03,spinup,1.00000000e+00,1.00000000e+00,1.14658762e-03,9.61157265e-01,7.524953e-02,3.2928,0,84.7826,1.000000,3.008338e-02,NaN,1,NaN,6,SAM 4:1,0.025560,2.985112e-02,0.02
75.00,0.8927,60.0,1.0000,1.0e-03,-1,1.74532925e-03,cycling,5.26980708e-02,6.18802655e-02,1.10711621e-03,5.12550591e-02,6.501618e-02,20.0000,1,141.5210,0.970220,3.094353e-03,NaN,1,NaN,19,SAM 4:1,-0.004220,2.219300e-03,0.12
105.00,0.8927,60.0,1.0000,1.0e-03,-1,1.74532925e-03,cycling,5.26980707e-02,6.40834670e-02,1.74532925e-03,5.12550591e-02,6.501618e-02,20.0000,1,141.5210,0.970220,3.215883e-03,NaN,1,NaN,7,SAM 4:1,-0.004220,4.341628e-04,0.09
135.00,0.8927,60.0,1.0000,1.0e-03,-1,1.74532925e-03,cycling,3.01859214e-03,7.85811512e-03,1.74532925e-03,5.09356312e-03,8.885148e-01,20.0000,1,179.4943,0.586757,2.409862e-02,NaN,1,NaN,115,LAM 3:4,0.007531,7.143149e-02,1.49
165.00,0.8927,60.0,1.0000,1.0e-03,-1,1.74532925e-03,cycling,2.93535183e-03,7.86323404e-03,1.74532925e-03,4.30035889e-03,9.187628e-01,20.0000,1,179.6119,0.510664,1.676780e-02,NaN,1,NaN,129,LAM 2:3,-0.011829,7.143149e-02,1.46
15.00,0.9652,60.0,1.0000,1.0e-03,-1,1.74532925e-03,spinup,1.00000000e+00,1.00000000e+00,1.74532925e-03,9.58615173e-01,8.101213e-02,3.3132,0,83.9292,1.000000,1.342498e-02,NaN,1,NaN,2,SAM 4:1,0.025560,4.017948e-03,0.02
45.00,0.9652,60.0,1.0000,1.0e-03,-1,1.74532925e-03,error,NaN,NaN,NaN,NaN,NaN,NaN,0,NaN,NaN,NaN,NaN,1,NaN,-1,- 0:0,NaN,NaN,NaN
75.00,0.9652,60.0,1.0000,1.0e-03,-1,1.74532925e-03,cycling,5.26980708e-02,6.32341625e-02,1.74532925e-03,5.12550591e-02,6.501618e-02,20.0000,1,141.5210,0.970220,1.470520e-01,NaN,1,NaN,15,SAM 4:1,-0.004220,1.416378e-04,0.11
105.00,0.9652,60.0,1.0000,1.0e-03,-1,1.74532925e-03,cycling,5.26980707e-02,6.03530172e-02,1.74532925e-03,5.12550591e-02,6.501618e-02,20.0000,1,141.5210,0.970220,1.316821e-01,NaN,1,NaN,1,SAM 4:1,-0.004220,1.170065e-03,0.08
135.00,0.9652,60.0,1.0000,1.0e-03,-1,1.74532925e-03,cycling,5.26980708e-02,6.16544292e-02,1.74532925e-03,5.12550591e-02,6.501618e-02,20.0000,1,141.5210,0.970220,6.805254e-03,NaN,1,NaN,19,SAM 4:1,-0.004220,1.820581e-04,0.11
165.00,0.9652,60.0,1.0000,1.0e-03,-1,1.74532925e-03,cycling,5.26980708e-02,6.04458533e-02,1.74532925e-03,5.12550591e-02,6.501618e-02,20.0000,1,141.5210,0.970220,2.879489e-02,NaN,1,NaN,23,SAM 4:1,-0.004220,2.008936e-03,0.11
15.00,0.9691,60.0,1.0000,1.0e-03,-1,1.74532925e-03,error,NaN,NaN,NaN,NaN,NaN,NaN,0,NaN,NaN,NaN,NaN,1,NaN,-1,- 0:0,NaN,NaN,NaN
45.00,0.9691,60.0,1.0000,1.0e-03,-1,1.74532925e-03,error,NaN,NaN,NaN,NaN,NaN,NaN,0,NaN,NaN,NaN,NaN,1,NaN,-1,- 0:0,NaN,NaN,NaN
75.00,0.9691,60.0,1.0000,1.0e-03,-1,1.74532925e-03,cycling,5.26980708e-02,6.21362314e-02,1.74532925e-03,5.12550591e-02,6.501618e-02,20.0000,1,141.5210,0.970220,1.711805e-01,NaN,1,NaN,18,SAM 4:1,-0.004220,2.854636e-03,0.11
105.00,0.9691,60.0,1.0000,1.0e-03,-1,1.74532925e-03,cycling,5.26980707e-02,6.09627619e-02,1.74532925e-03,5.12550591e-02,6.501618e-02,20.0000,1,141.5210,0.970220,1.588342e-01,NaN,1,NaN,2,SAM 4:1,-0.004220,6.095975e-04,0.08
135.00,0.9691,60.0,1.0000,1.0e-03,-1,1.74532925e-03,cycling,5.26980708e-02,6.16204253e-02,1.74532925e-03,5.12550591e-02,6.501618e-02,20.0000,1,141.5210,0.970220,2.911241e-02,NaN,1,NaN,20,SAM 4:1,-0.004220,3.495000e-04,0.11
165.00,0.9691,60.0,1.0000,1.0e-03,-1,1.74532925e-03,cycling,5.26980708e-02,6.03929440e-02,1.74532925e-03,5.12550591e-02,6.501618e-02,20.0000,1,141.5210,0.970220,2.003686e-02,NaN,1,NaN,24,SAM 4:1,-0.004220,2.879915e-03,0.11
15.00,0.9730,60.0,1.0000,1.0e-03,-1,1.74532925e-03,spinup,1.00000000e+00,1.00000000e+00,1.74532925e-03,9.58421906e-01,8.144814e-02,3.3153,0,83.8650,1.000000,1.748693e-03,NaN,1,NaN,1,SAM 4:1,0.025560,1.205384e-02,0.02
45.00,0.9730,60.0,1.0000,1.0e-03,-1,1.74532925e-03,error,NaN,NaN,NaN,NaN,NaN,NaN,0,NaN,NaN,NaN,NaN,1,NaN,-1,- 0:0,NaN,NaN,NaN
75.00,0.9730,60.0,1.0000,1.0e-03,-1,1.74532925e-03,cycling,5.26980708e-02,6.11393094e-02,1.74532925e-03,5.12550591e-02,6.501618e-02,20.0000,1,141.5210,0.970220,1.724121e-01,NaN,1,NaN,20,SAM 4:1,-0.004220,2.504281e-03,0.11
105.00,0.9730,60.0,1.0000,1.0e-03,-1,1.74532925e-03,cycling,5.26980708e-02,6.29592646e-02,1.74532925e-03,5.12550591e-02,6.501618e-02,20.0000,1,141.5210,0.970220,1.630192e-01,NaN,1,NaN,16,SAM 4:1,-0.004220,2.454948e-03,0.11
135.00,0.9730,60.0,1.0000,1.0e-03,-1,1.74532925e-03,cycling,5.26980708e-02,6.14191460e-02,1.74532925e-03,5.12550591e-02,6.501618e-02,20.0000,1,141.5210,0.970220,4.555883e-02,NaN,1,NaN,20,SAM 4:1,-0.004220,1.707226e-03,0.11
165.00,0.9730,60.0,1.0000,1.0e-03,-1,1.74532925e-03,cycling,5.26980708e-02,6.03880115e-02,1.74532925e-03,5.12550591e-02,6.501618e-02,20.0000,1,141.5210,0.970220,9.408256e-03,NaN,1,NaN,24,SAM 4:1,-0.004220,1.640410e-03,0.11
15.00,0.9768,60.0,1.0000,1.0e-03,-1,1.74532925e-03,error,NaN,NaN,NaN,NaN,NaN,NaN,0,NaN,NaN,NaN,NaN,1,NaN,-1,- 0:0,NaN,NaN,NaN
45.00,0.9768,60.0,1.0000,1.0e-03,-1,1.74532925e-03,error,NaN,NaN,NaN,NaN,NaN,NaN,0,NaN,NaN,NaN,NaN,1,NaN,-1,- 0:0,NaN,NaN,NaN
75.00,0.9768,60.0,1.0000,1.0e-03,-1,1.74532925e-03,cycling,5.26980708e-02,6.04270416e-02,1.74532925e-03,5.12550591e-02,6.501618e-02,20.0000,1,141.5210,0.970220,1.605857e-01,NaN,1,NaN,25,SAM 4:1,-0.004220,2.649787e-04,0.12
105.00,0.9768,60.0,1.0000,1.0e-03,-1,1.74532925e-03,cycling,5.26980708e-02,6.14378848e-02,1.74532925e-03,5.12550591e-02,6.501618e-02,20.0000,1,141.5210,0.970220,1.540775e-01,NaN,1,NaN,21,SAM 4:1,-0.004220,1.593031e-03,0.11
135.00,0.9768,60.0,1.0000,1.0e-03,-1,1.74532925e-03,cycling,5.26980708e-02,6.11371090e-02,1.74532925e-03,5.12550591e-02,6.501618e-02,20.0000,1,141.5210,0.970220,5.944281e-02,NaN,1,NaN,21,SAM 4:1,-0.004220,2.484352e-03,0.11
165.00,0.9768,60.0,1.0000,1.0e-03,-1,1.74532925e-03,cycling,5.26980708e-02,6.03851221e-02,1.74532925e-03,5.12550591e-02,6.501618e-02,20.0000,1,141.5210,0.970220,2.868519e-03,NaN,1,NaN,25,SAM 4:1,-0.004220,1.259404e-03,0.11
15.00,0.9807,60.0,1.0000,1.0e-03,-1,1.74532925e-03,spinup,1.00000000e+00,1.00000000e+00,1.74532925e-03,9.58254887e-01,8.182727e-02,3.3172,0,83.8112,1.000000,2.020863e-02,NaN,1,NaN,0,SAM 4:1,0.025560,2.008974e-02,0.02
45.00,0.9807,60.0,1.0000,1.0e-03,-1,1.74532925e-03,error,NaN,NaN,NaN,NaN,NaN,NaN,0,NaN,NaN,NaN,NaN,1,NaN,-1,- 0:0,NaN,NaN,NaN
75.00,0.9807,60.0,1.0000,1.0e-03,-1,1.74532925e-03,cycling,5.26980707e-02,6.13785884e-02,1.74532925e-03,5.12550591e-02,6.501618e-02,20.0000,1,141.5210,0.970220,1.396473e-01,NaN,1,NaN,25,SAM 4:1,-0.004220,2.718137e-03,0.09
105.00,0.9807,60.0,1.0000,1.0e-03,-1,1.74532925e-03,cycling,5.26980708e-02,6.04700272e-02,1.74532925e-03,5.12550591e-02,6.501618e-02,20.0000,1,141.5210,0.970220,1.359568e-01,NaN,1,NaN,25,SAM 4:1,-0.004220,1.422566e-03,0.11
135.00,0.9807,60.0,1.0000,1.0e-03,-1,1.74532925e-03,cycling,5.26980708e-02,6.08013064e-02,1.74532925e-03,5.12550591e-02,6.501618e-02,20.0000,1,141.5210,0.970220,7.183327e-02,NaN,1,NaN,23,SAM 4:1,-0.004220,6.118059e-04,0.11
165.00,0.9807,60.0,1.0000,1.0e-03,-1,1.74532925e-03,cycling,5.26980708e-02,6.03882128e-02,1.74532925e-03,5.12550591e-02,6.501618e-02,20.0000,1,141.5210,0.970220,1.651805e-02,NaN,1,NaN,25,SAM 4:1,-0.004220,1.657842e-03,0.12
15.00,0.9845,60.0,1.0000,1.0e-03,-1,1.74532925e-03,spinup,1.00000000e+00,1.00000000e+00,1.74532925e-03,9.58181142e-01,8.199587e-02,3.3180,0,83.7883,1.000000,3.225466e-02,NaN,1,NaN,0,SAM 4:1,0.025560,2.410769e-02,0.02
45.00,0.9845,60.0,1.0000,1.0e-03,-1,1.74532925e-03,error,NaN,NaN,NaN,NaN,NaN,NaN,0,NaN,NaN,NaN,NaN,1,NaN,-1,- 0:0,NaN,NaN,NaN
75.00,0.9845,60.0,1.0000,1.0e-03,-1,1.74532925e-03,cycling,4.14477833e-03,7.30772011e-03,7.09767888e-04,4.62386494e-03,8.987578e-01,20.0000,1,179.6685,0.274966,3.139751e-01,NaN,1,NaN,174,LAM 2:5,-0.010579,8.673385e-04,1.65
105.00,0.9845,60.0,1.0000,1.0e-03,-1,1.74532925e-03,cycling,5.26980707e-02,6.11996645e-02,1.74532925e-03,5.12550591e-02,6.501618e-02,20.0000,1,141.5210,0.970220,1.108284e-01,NaN,1,NaN,25,SAM 4:1,-0.004220,7.615871e-04,0.08
135.00,0.9845,60.0,1.0000,1.0e-03,-1,1.74532925e-03,cycling,5.26980708e-02,6.04779437e-02,1.74532925e-03,5.12550591e-02,6.501618e-02,20.0000,1,141.5210,0.970220,8.321913e-02,NaN,1,NaN,25,SAM 4:1,-0.004220,1.852345e-03,0.11
165.00,0.9845,60.0,1.0000,1.0e-03,-1,1.74532925e-03,cycling,5.26980708e-02,6.03960835e-02,1.74532925e-03,5.12550591e-02,6.501618e-02,20.0000,1,141.5210,0.970220,3.131628e-02,NaN,1,NaN,25,SAM 4:1,-0.004220,3.081340e-03,0.11
15.00,0.9884,60.0,1.0000,1.0e-03,-1,1.74532925e-03,spinup,1.00000000e+00,1.00000000e+00,1.74532925e-03,9.58113102e-01,8.215228e-02,3.3188,0,83.7678,1.000000,4.533415e-02,NaN,1,NaN,0,SAM 4:1,0.025560,2.812564e-02,0.02
45.00,0.9884,60.0,1.0000,1.0e-03,-1,1.74532925e-03,error,NaN,NaN,NaN,NaN,NaN,NaN,0,NaN,NaN,NaN,NaN,1,NaN,-1,- 0:0,NaN,NaN,NaN
75.00,0.9884,60.0,1.0000,1.0e-03,-1,1.74532925e-03,spinup,1.00000000e+00,1.00000000e+00,1.74532925e-03,9.65853953e-01,6.591703e-02,3.2507,0,87.1676,1.000000,7.833921e-02,NaN,1,NaN,0,SAM 4:1,0.025560,2.812564e-02,0.02
105.00,0.9884,60.0,1.0000,1.0e-03,-1,1.74532925e-03,cycling,2.98552411e-03,7.85916748e-03,1.74532925e-03,4.79766163e-03,9.385640e-01,20.0000,1,179.5904,0.522819,8.008909e-02,NaN,1,1.38300249e-02,132,LAM 2:3,0.000326,2.812564e-02,1.48
135.00,0.9884,60.0,1.0000,1.0e-03,-1,1.74532925e-03,cycling,5.26980708e-02,6.04229163e-02,1.74532925e-03,5.12550591e-02,6.501618e-02,20.0000,1,141.5210,0.970220,9.386706e-02,NaN,1,NaN,25,SAM 4:1,-0.004220,2.789590e-03,0.08
165.00,0.9884,60.0,1.0000,1.0e-03,-1,1.74532925e-03,cycling,5.26980708e-02,6.04754592e-02,1.74532925e-03,5.12550591e-02,6.501618e-02,20.0000,1,141.5210,0.970220,4.708403e-02,NaN,1,NaN,25,SAM 4:1,-0.004220,1.011002e-03,0.08
15.00,0.9923,60.0,1.0000,1.0e-03,-1,1.74532925e-03,error,NaN,NaN,NaN,NaN,NaN,NaN,0,NaN,NaN,NaN,NaN,1,NaN,-1,- 0:0,NaN,NaN,NaN
45.00,0.9923,60.0,1.0000,1.0e-03,-1,1.74532925e-03,error,NaN,NaN,NaN,NaN,NaN,NaN,0,NaN,NaN,NaN,NaN,1,NaN,-1,- 0:0,NaN,NaN,NaN
75.00,0.9923,60.0,1.0000,1.0e-03,-1,1.74532925e-03,error,NaN,NaN,NaN,NaN,NaN,NaN,0,NaN,NaN,NaN,NaN,1,NaN,-1,- 0:0,NaN,NaN,NaN
105.00,0.9923,60.0,1.0000,1.0e-03,-1,1.74532925e-03,cycling,2.95354899e-03,8.19066147e-03,1.47817159e-03,4.31498628e-03,9.210093e-01,20.0000,1,179.5722,0.540371,4.472513e-02,NaN,1,NaN,142,LAM 2:3,0.017878,3.214359e-02,0.98
135.00,0.9923,60.0,1.0000,1.0e-03,-1,1.74532925e-03,cycling,5.26980707e-02,6.14178557e-02,1.74532925e-03,5.12550591e-02,6.501618e-02,20.0000,1,141.5210,0.970220,1.039393e-01,NaN,1,NaN,25,SAM 4:1,-0.004220,3.209096e-03,0.06
165.00,0.9923,60.0,1.0000,1.0e-03,-1,1.74532925e-03,cycling,5.26980707e-02,6.09439230e-02,1.74532925e-03,5.12550591e-02,6.501618e-02,20.0000,1,141.5210,0.970220,6.367566e-02,NaN,1,NaN,25,SAM 4:1,-0.004220,2.081585e-03,0.06
15.00,0.9961,60.0,1.0000,1.0e-03,-1,1.74532925e-03,spinup,1.00000000e+00,1.00000000e+00,1.74532925e-03,9.57991726e-01,8.243390e-02,3.3201,0,83.7330,1.000000,7.403003e-02,NaN,1,NaN,0,SAM 4:1,0.025560,3.616153e-02,0.01
45.00,0.9961,60.0,1.0000,1.0e-03,-1,1.74532925e-03,error,NaN,NaN,NaN,NaN,NaN,NaN,0,NaN,NaN,NaN,NaN,1,NaN,-1,- 0:0,NaN,NaN,NaN
75.00,0.9961,60.0,1.0000,1.0e-03,-1,1.74532925e-03,error,NaN,NaN,NaN,NaN,NaN,NaN,0,NaN,NaN,NaN,NaN,1,NaN,-1,- 0:0,NaN,NaN,NaN
105.00,0.9961,60.0,1.0000,1.0e-03,-1,1.74532925e-03,error,NaN,NaN,NaN,NaN,NaN,NaN,0,NaN,NaN,NaN,NaN,1,NaN,-1,- 0:0,NaN,NaN,NaN
135.00,0.9961,60.0,1.0000,1.0e-03,-1,1.74532925e-03,cycling,3.05132137e-03,7.85766274e-03,1.74532925e-03,4.63375026e-03,9.588304e-01,20.0000,1,179.5028,0.578071,1.135424e-01,NaN,1,NaN,136,LAM 3:4,-0.001155,3.616153e-02,1.08
165.00,0.9961,60.0,1.0000,1.0e-03,-1,1.74532925e-03,cycling,5.26980707e-02,6.09090625e-02,1.74532925e-03,5.12550591e-02,6.501618e-02,20.0000,1,141.5210,0.970220,8.097048e-02,NaN,1,NaN,27,SAM 4:1,-0.004220,3.417084e-05,0.06
15.00,0.3433,120.0,1.0000,1.0e-03,-1,8.72664626e-04,cycling,5.26980707e-02,6.83230146e-02,1.12043255e-04,5.12550591e-02,6.501618e-02,20.0000,1,141.5210,0.970220,1.289985e+00,1.2531,0,NaN,38,SAM 4:1,-0.004220,9.894194e-04,1.31
45.00,0.3433,120.0,1.0000,1.0e-03,-1,8.72664626e-04,cycling,5.26980707e-02,6.29492089e-02,4.40032277e-04,5.12550591e-02,6.501618e-02,20.0000,1,141.5210,0.970220,7.131754e-03,NaN,1,NaN,18,SAM 4:1,-0.004220,5.361100e-04,0.07
75.00,0.3433,120.0,1.0000,1.0e-03,-1,8.72664626e-04,cycling,5.26980707e-02,6.71295233e-02,1.56619717e-04,5.12550591e-02,6.501618e-02,20.0000,1,141.5210,0.970220,4.462528e-01,NaN,1,NaN,56,SAM 4:1,-0.004220,7.437929e-04,0.72
105.00,0.3433,120.0,1.0000,1.0e-03,-1,8.72664626e-04,cycling,5.26980707e-02,7.31882988e-02,2.01147451e-05,5.12550591e-02,6.501618e-02,20.0000,1,141.5210,0.970220,2.506583e+00,1.1028,0,NaN,94,SAM 4:1,-0.004220,7.319355e-04,1.47
135.00,0.3433,120.0,1.0000,1.0e-03,-1,8.72664626e-04,cycling,5.26980707e-02,8.13656016e-02,1.00030271e-04,5.12550591e-02,6.501618e-02,20.0000,1,141.5210,0.970220,2.351324e-01,NaN,1,NaN,28,SAM 4:1,-0.004220,1.097842e-03,0.27
165.00,0.3433,120.0,1.0000,1.0e-03,-1,8.72664626e-04,cycling,5.26980707e-02,6.42716516e-02,5.95836915e-05,5.12550591e-02,6.501618e-02,20.0000,1,141.5210,0.970220,1.315139e+00,1.1529,0,NaN,38,SAM 4:1,-0.004220,5.739299e-04,0.91
15.00,0.4120,120.0,1.0000,1.0e-03,-1,8.72664626e-04,cycling,5.26980707e-02,8.11520177e-02,8.55034209e-05,5.12550591e-02,6.501618e-02,20.0000,1,141.5210,0.970220,1.245522e+00,1.2030,0,NaN,31,SAM 4:1,-0.004220,9.515216e-04,0.62
45.00,0.4120,120.0,1.0000,1.0e-03,-1,8.72664626e-04,cycling,5.26980707e-02,6.27160002e-02,4.34686983e-04,5.12550591e-02,6.501618e-02,20.0000,1,141.5210,0.970220,8.408235e-02,NaN,1,NaN,21,SAM 4:1,-0.004220,2.594588e-04,0.20
75.00,0.4120,120.0,1.0000,1.0e-03,-1,8.72664626e-04,cycling,5.26980707e-02,6.64875967e-02,2.19651064e-04,5.12550591e-02,6.501618e-02,20.0000,1,141.5210,0.970220,1.085213e+00,1.4536,0,NaN,33,SAM 4:1,-0.004220,1.156070e-03,0.48
105.00,0.4120,120.0,1.0000,1.0e-03,-1,8.72664626e-04,cycling,5.26980707e-02,7.89983976e-02,2.16469028e-04,5.12550591e-02,6.501618e-02,20.0000,1,141.5210,0.970220,3.982511e-01,NaN,1,NaN,37,SAM 4:1,-0.004220,1.683634e-03,0.48
135.00,0.4120,120.0,1.0000,1.0e-03,-1,8.72664626e-04,cycling,5.26980707e-02,7.03625298e-02,4.09439024e-04,5.12550591e-02,6.501618e-02,20.0000,1,141.5210,0.970220,1.449813e-02,NaN,1,NaN,21,SAM 4:1,-0.004220,1.463053e-03,0.10
165.00,0.4120,120.0,1.0000,1.0e-03,-1,8.72664626e-04,cycling,5.26980707e-02,6.15472447e-02,1.16179965e-04,5.12550591e-02,6.501618e-02,20.0000,1,141.5210,0.970220,6.195824e-01,NaN,1,NaN,43,SAM 4:1,-0.004220,2.296312e-04,0.79
15.00,0.4807,120.0,1.0000,1.0e-03,-1,8.72664626e-04,cycling,5.26980707e-02,6.35519926e-02,9.66224183e-05,5.12550591e-02,6.501618e-02,20.0000,1,141.5210,0.970220,2.855946e-01,NaN,1,NaN,38,SAM 4:1,-0.004220,3.476862e-04,0.90
45.00,0.4807,120.0,1.0000,1.0e-03,-1,8.72664626e-04,cycling,5.26980707e-02,6.51076594e-02,4.85261904e-04,5.12550591e-02,6.501618e-02,20.0000,1,141.5210,0.970220,3.703034e-02,NaN,1,NaN,14,SAM 4:1,-0.004220,8.612289e-04,0.06
75.00,0.4807,120.0,1.0000,1.0e-03,-1,8.72664626e-04,cycling,5.26980707e-02,6.22874224e-02,5.93907034e-05,5.12550591e-02,6.501618e-02,20.0000,1,141.5210,0.970220,4.090459e+00,3.2080,0,NaN,80,SAM 4:1,-0.004220,4.797193e-04,1.97
105.00,0.4807,120.0,1.0000,1.0e-03,-1,8.72664626e-04,cycling,5.26980707e-02,6.40086341e-02,1.02031432e-04,5.12550591e-02,6.501618e-02,20.0000,1,141.5210,0.970220,7.703087e-01,NaN,1,NaN,68,SAM 4:1,-0.004220,4.569833e-04,0.72
135.00,0.4807,120.0,1.0000,1.0e-03,-1,8.72664626e-04,cycling,5.26980707e-02,6.94406063e-02,2.47615037e-04,5.12550591e-02,6.501618e-02,20.0000,1,141.5210,0.970220,9.180005e-02,NaN,1,NaN,30,SAM 4:1,-0.004220,5.980417e-04,0.24
165.00,0.4807,120.0,1.0000,1.0e-03,-1,8.72664626e-04,cycling,5.26980707e-02,7.80911196e-02,1.27891755e-05,5.12550591e-02,6.501618e-02,20.0000,1,141.5210,0.970220,4.327783e+00,1.7043,0,NaN,48,SAM 4:1,-0.004220,7.560955e-04,2.27
15.00,0.5493,120.0,1.0000,1.0e-03,-1,8.72664626e-04,cycling,5.26980707e-02,8.35921609e-02,1.93419044e-04,5.12550591e-02,6.501618e-02,20.0000,1,141.5210,0.970220,9.152723e-02,NaN,1,NaN,27,SAM 4:1,-0.004220,8.680265e-04,0.33
45.00,0.5493,120.0,1.0000,1.0e-03,-1,8.72664626e-04,cycling,5.26980707e-02,8.30788340e-02,3.46894534e-04,5.12550591e-02,6.501618e-02,20.0000,1,141.5210,0.970220,1.456912e+00,2.5564,0,NaN,145,SAM 4:1,-0.004220,4.991862e-04,0.85
75.00,0.5493,120.0,1.0000,1.0e-03,-1,8.72664626e-04,cycling,5.20557818e-03,7.37118952e-03,5.08278418e-04,4.67314828e-03,8.387166e-01,20.0000,1,179.5779,0.274663,1.461259e-02,NaN,1,NaN,164,LAM 2:5,-0.010882,2.116417e-01,1.07
105.00,0.5493,120.0,1.0000,1.0e-03,-1,8.72664626e-04,cycling,5.26980707e-02,6.02660929e-02,3.61094834e-05,5.12550591e-02,6.501618e-02,20.0000,1,141.5210,0.970220,1.487220e+00,1.6541,0,NaN,69,SAM 4:1,-0.004220,6.384771e-04,2.27
135.00,0.5493,120.0,1.0000,1.0e-03,-1,8.72664626e-04,cycling,5.26980707e-02,6.32178459e-02,1.15371163e-04,5.12550591e-02,6.501618e-02,20.0000,1,141.5210,0.970220,1.735341e+00,1.5539,0,NaN,33,SAM 4:1,-0.004220,8.622042e-04,0.90
165.00,0.5493,120.0,1.0000,1.0e-03,-1,8.72664626e-04,cycling,5.26980707e-02,7.69131445e-02,1.86471660e-04,5.12550591e-02,6.501618e-02,20.0000,1,141.5210,0.970220,2.737408e-01,NaN,1,NaN,53,SAM 4:1,-0.004220,3.976314e-04,0.56
15.00,0.6180,120.0,1.0000,1.0e-03,-1,8.72664626e-04,cycling,5.26980707e-02,6.55237364e-02,4.35990153e-04,5.12550591e-02,6.501618e-02,20.0000,1,141.5210,0.970220,3.852319e-02,NaN,1,NaN,23,SAM 4:1,-0.004220,1.201111e-03,0.56
45.00,0.6180,120.0,1.0000,1.0e-03,-1,8.72664626e-04,cycling,5.26980707e-02,7.08286488e-02,4.40514439e-04,5.12550591e-02,6.501618e-02,20.0000,1,141.5210,0.970220,5.687204e-02,NaN,1,NaN,27,SAM 4:1,-0.004220,5.319979e-04,0.28
75.00,0.6180,120.0,1.0000,1.0e-03,-1,8.72664626e-04,cycling,5.26980707e-02,6.46694970e-02,4.91539907e-04,5.12550591e-02,6.501618e-02,20.0000,1,141.5210,0.970220,1.258305e-01,NaN,1,NaN,23,SAM 4:1,-0.004220,1.562027e-03,0.37
105.00,0.6180,120.0,1.0000,1.0e-03,-1,8.72664626e-04,cycling,5.26980707e-02,6.17115697e-02,1.36598902e-05,5.12550591e-02,6.501618e-02,20.0000,1,141.5210,0.970220,3.706613e+01,2.5564,0,NaN,73,SAM 4:1,-0.004220,6.963897e-04,3.47
135.00,0.6180,120.0,1.0000,1.0e-03,-1,8.72664626e-04,cycling,5.26980707e-02,7.79689520e-02,1.22398998e-04,5.12550591e-02,6.501618e-02,20.0000,1,141.5210,0.970220,1.152001e-01,NaN,1,NaN,47,SAM 4:1,-0.004220,4.903142e-04,1.31
165.00,0.6180,120.0,1.0000,1.0e-03,-1,8.72664626e-04,cycling,5.26980707e-02,6.32144130e-02,9.03080524e-05,5.12550591e-02,6.501618e-02,20.0000,1,141.5210,0.970220,1.669651e+00,1.5539,0,NaN,53,SAM 4:1,-0.004220,2.877787e-04,1.65
15.00,0.6867,120.0,1.0000,1.0e-03,-1,8.72664626e-04,cycling,5.26980707e-02,6.03141705e-02,3.53340987e-04,5.12550591e-02,6.501618e-02,20.0000,1,141.5210,0.970220,4.294444e-02,NaN,1,NaN,27,SAM 4:1,-0.004220,4.352752e-04,0.37
45.00,0.6867,120.0,1.0000,1.0e-03,-1,8.72664626e-04,cycling,5.26980707e-02,6.50527010e-02,3.69073506e-04,5.12550591e-02,6.501618e-02,20.0000,1,141.5210,0.970220,2.014865e-01,NaN,1,NaN,25,SAM 4:1,-0.004220,7.657736e-04,0.29
75.00,0.6867,120.0,1.0000,1.0e-03,-1,8.72664626e-04,cycling,5.26980707e-02,6.52734023e-02,5.01323431e-04,5.12550591e-02,6.501618e-02,20.0000,1,141.5210,0.970220,1.464758e-02,NaN,1,NaN,37,SAM 4:1,-0.004220,1.728452e-05,0.50
105.00,0.6867,120.0,1.0000,1.0e-03,-1,8.72664626e-04,cycling,5.26980707e-02,6.28894609e-02,3.68044774e-04,5.12550591e-02,6.501618e-02,20.0000,1,141.5210,0.970220,3.373295e-01,NaN,1,NaN,107,SAM 4:1,-0.004220,7.098584e-04,1.00
135.00,0.6867,120.0,1.0000,1.0e-03,-1,8.72664626e-04,cycling,5.26980707e-02,7.69026005e-02,1.23452020e-04,5.12550591e-02,6.501618e-02,20.0000,1,141.5210,0.970220,5.183696e-01,NaN,1,NaN,45,SAM 4:1,-0.004220,8.948257e-04,1.54
165.00,0.6867,120.0,1.0000,1.0e-03,-1,8.72664626e-04,cycling,5.26980707e-02,6.27123776e-02,1.89049184e-04,5.12550591e-02,6.501618e-02,20.0000,1,141.5210,0.970220,6.505180e-01,NaN,1,NaN,45,SAM 4:1,-0.004220,1.030835e-03,1.05
15.00,0.7554,120.0,1.0000,1.0e-03,-1,8.72664626e-04,cycling,5.26980707e-02,6.34793202e-02,2.21401353e-04,5.12550591e-02,6.501618e-02,20.0000,1,141.5210,0.970220,1.676232e-01,NaN,1,NaN,54,SAM 4:1,-0.004220,6.208000e-04,1.30
45.00,0.7554,120.0,1.0000,1.0e-03,-1,8.72664626e-04,cycling,3.14924266e-03,7.85697040e-03,7.50800437e-04,5.13289537e-03,8.176794e-01,20.0000,1,179.2002,0.614395,7.108231e-02,NaN,1,NaN,121,LAM 4:5,0.005007,2.142945e-01,1.63
75.00,0.7554,120.0,1.0000,1.0e-03,-1,8.72664626e-04,cycling,5.26980707e-02,8.45058828e-02,5.98185059e-04,5.12550591e-02,6.501618e-02,20.0000,1,141.5210,0.970220,1.601619e-02,NaN,1,NaN,50,SAM 4:1,-0.004220,4.778755e-04,0.48
105.00,0.7554,120.0,1.0000,1.0e-03,-1,8.72664626e-04,cycling,5.26980707e-02,6.86448862e-02,8.72664626e-04,5.12550591e-02,6.501618e-02,20.0000,1,141.5210,0.970220,1.890900e-02,NaN,1,NaN,28,SAM 4:1,-0.004220,2.216443e-03,0.29
135.00,0.7554,120.0,1.0000,1.0e-03,-1,8.72664626e-04,cycling,5.26980707e-02,7.18472407e-02,6.50086339e-05,5.12550591e-02,6.501618e-02,20.0000,1,141.5210,0.970220,8.038773e+00,4.5614,0,NaN,102,SAM 4:1,-0.004220,1.489985e-03,3.12
165.00,0.7554,120.0,1.0000,1.0e-03,-1,8.72664626e-04,cycling,5.26980707e-02,6.31093060e-02,4.56086052e-05,5.12550591e-02,6.501618e-02,20.0000,1,141.5210,0.970220,1.473978e+00,2.2556,0,NaN,48,SAM 4:1,-0.004220,4.134539e-04,0.94
15.00,0.8240,120.0,1.0000,1.0e-03,-1,8.72664626e-04,cycling,5.26980707e-02,7.83517971e-02,1.39462284e-04,5.12550591e-02,6.501618e-02,20.0000,1,141.5210,0.970220,7.623152e-01,NaN,1,NaN,82,SAM 4:1,-0.004220,7.324431e-04,0.93
45.00,0.8240,120.0,1.0000,1.0e-03,-1,8.72664626e-04,cycling,3.79248683e-03,7.37755580e-03,8.72664626e-04,4.47619431e-03,8.955828e-01,20.0000,1,179.7003,0.276864,8.051910e-02,NaN,1,NaN,161,LAM 2:5,-0.008681,1.428630e-01,0.92
75.00,0.8240,120.0,1.0000,1.0e-03,-1,8.72664626e-04,cycling,2.95737952e-03,8.02857482e-03,8.72664626e-04,4.68562506e-03,9.271630e-01,20.0000,1,179.5901,0.526146,1.667882e-02,NaN,1,NaN,131,LAM 2:3,0.003654,1.428630e-01,0.88
105.00,0.8240,120.0,1.0000,1.0e-03,-1,8.72664626e-04,cycling,5.26980708e-02,8.00894917e-02,7.83819965e-04,5.12550591e-02,6.501618e-02,20.0000,1,141.5210,0.970220,1.716355e-02,NaN,1,NaN,10,SAM 4:1,-0.004220,1.589850e-03,0.07
135.00,0.8240,120.0,1.0000,1.0e-03,-1,8.72664626e-04,cycling,5.26980707e-02,7.96507121e-02,2.33218820e-04,5.12550591e-02,6.501618e-02,20.0000,1,141.5210,0.970220,8.148856e-02,NaN,1,NaN,58,SAM 4:1,-0.004220,5.867026e-05,0.61
165.00,0.8240,120.0,1.0000,1.0e-03,-1,8.72664626e-04,cycling,5.26980707e-02,6.90955815e-02,3.67894936e-04,5.12550591e-02,6.501618e-02,20.0000,1,141.5210,0.970220,8.526818e-02,NaN,1,NaN,28,SAM 4:1,-0.004220,1.027347e-03,0.25
15.00,0.8927,120.0,1.0000,1.0e-03,-1,8.72664626e-04,error,NaN,NaN,NaN,NaN,NaN,NaN,0,NaN,NaN,NaN,NaN,1,NaN,-1,- 0:0,NaN,NaN,NaN
45.00,0.8927,120.0,1.0000,1.0e-03,-1,8.72664626e-04,spinup,1.00000000e+00,1.00000000e+00,7.33532811e-04,9.70062016e-01,5.727564e-02,3.2270,0,89.0260,1.000000,1.188097e-01,NaN,1,NaN,6,SAM 4:1,0.025560,3.944472e-02,0.02
75.00,0.8927,120.0,1.0000,1.0e-03,-1,8.72664626e-04,cycling,5.26980707e-02,5.96324867e-02,8.72664626e-04,5.12550591e-02,6.501618e-02,20.0000,1,141.5210,0.970220,2.191346e-01,NaN,1,NaN,39,SAM 4:1,-0.004220,3.092470e-04,0.18
105.00,0.8927,120.0,1.0000,1.0e-03,-1,8.72664626e-04,cycling,5.26980707e-02,6.21621274e-02,8.72664626e-04,5.12550591e-02,6.501618e-02,20.0000,1,141.5210,0.970220,1.286353e-02,NaN,1,NaN,7,SAM 4:1,-0.004220,6.299765e-04,0.06
135.00,0.8927,120.0,1.0000,1.0e-03,-1,8.72664626e-04,cycling,4.22809530e-03,7.59588220e-03,8.20089307e-04,4.63539631e-03,8.954852e-01,20.0000,1,179.6616,0.274863,9.639449e-02,NaN,1,NaN,164,LAM 2:5,-0.010682,7.143149e-02,1.24
165.00,0.8927,120.0,1.0000,1.0e-03,-1,8.72664626e-04,cycling,5.26980707e-02,6.54560929e-02,7.51639721e-04,5.12550591e-02,6.501618e-02,20.0000,1,141.5210,0.970220,1.564683e+00,1.3033,0,NaN,29,SAM 4:1,-0.004220,1.094661e-03,0.18
15.00,0.9652,120.0,1.0000,1.0e-03,-1,8.72664626e-04,spinup,1.00000000e+00,1.00000000e+00,8.72664626e-04,9.61616693e-01,7.458212e-02,3.2833,0,85.1678,1.000000,5.369991e-02,NaN,1,NaN,2,SAM 4:1,0.025560,4.017948e-03,0.01
45.00,0.9652,120.0,1.0000,1.0e-03,-1,8.72664626e-04,spinup,1.00000000e+00,1.00000000e+00,8.72664626e-04,9.72009478e-01,5.300723e-02,3.2188,0,89.6674,1.000000,1.501803e-01,NaN,1,NaN,2,SAM 4:1,0.025560,4.017948e-03,0.01
75.00,0.9652,120.0,1.0000,1.0e-03,-1,8.72664626e-04,cycling,5.26980708e-02,6.03878408e-02,8.72664626e-04,5.12550591e-02,6.501618e-02,20.0000,1,141.5210,0.970220,5.882080e-01,NaN,1,NaN,23,SAM 4:1,-0.004220,1.627055e-03,0.07
105.00,0.9652,120.0,1.0000,1.0e-03,-1,8.72664626e-04,cycling,5.26980707e-02,6.00718861e-02,8.72664626e-04,5.12550591e-02,6.501618e-02,20.0000,1,141.5210,0.970220,5.267283e-01,NaN,1,NaN,1,SAM 4:1,-0.004220,1.159053e-03,0.05
135.00,0.9652,120.0,1.0000,1.0e-03,-1,8.72664626e-04,cycling,3.70226992e-03,7.88911244e-03,8.72664626e-04,4.49310627e-03,9.008828e-01,20.0000,1,179.7064,0.278538,2.722102e-02,NaN,1,NaN,130,LAM 2:5,-0.007008,4.017948e-03,0.96
165.00,0.9652,120.0,1.0000,1.0e-03,-1,8.72664626e-04,cycling,3.52290834e-03,8.46755404e-03,8.72664626e-04,5.20263349e-03,8.044137e-01,20.0000,1,122.6566,0.543382,1.151796e-01,NaN,1,NaN,136,LAM 2:3,0.020889,4.017948e-03,1.03
15.00,0.9691,120.0,1.0000,1.0e-03,-1,8.72664626e-04,error,NaN,NaN,NaN,NaN,NaN,NaN,0,NaN,NaN,NaN,NaN,1,NaN,-1,- 0:0,NaN,NaN,NaN
45.00,0.9691,120.0,1.0000,1.0e-03,-1,8.72664626e-04,spinup,1.00000000e+00,1.00000000e+00,8.72664626e-04,9.70320836e-01,5.679380e-02,3.2246,0,89.1677,1.000000,2.152199e-01,NaN,1,NaN,1,SAM 4:1,0.025560,8.035896e-03,0.01
75.00,0.9691,120.0,1.0000,1.0e-03,-1,8.72664626e-04,cycling,5.26980708e-02,6.14977512e-02,8.72664626e-04,5.12550591e-02,6.501618e-02,20.0000,1,141.5210,0.970220,6.847219e-01,NaN,1,NaN,26,SAM 4:1,-0.004220,9.212538e-04,0.09
105.00,0.9691,120.0,1.0000,1.0e-03,-1,8.72664626e-04,cycling,5.26980707e-02,6.02511058e-02,8.72664626e-04,5.12550591e-02,6.501618e-02,20.0000,1,141.5210,0.970220,6.353368e-01,NaN,1,NaN,2,SAM 4:1,-0.004220,8.476013e-04,0.06
135.00,0.9691,120.0,1.0000,1.0e-03,-1,8.72664626e-04,cycling,3.36144848e-03,7.88999433e-03,8.72664626e-04,4.38003061e-03,8.910733e-01,20.0000,1,179.7335,0.302996,1.164496e-01,NaN,1,NaN,136,LAM 2:5,0.017451,8.035896e-03,0.90
165.00,0.9691,120.0,1.0000,1.0e-03,-1,8.72664626e-04,cycling,3.25645000e-03,8.48100741e-03,8.72664626e-04,5.17197191e-03,8.075101e-01,20.0000,1,170.8642,0.605596,8.014744e-02,NaN,1,NaN,142,LAM 4:5,-0.003791,8.035896e-03,0.93
15.00,0.9730,120.0,1.0000,1.0e-03,-1,8.72664626e-04,spinup,1.00000000e+00,1.00000000e+00,8.72664626e-04,9.61385965e-01,7.506238e-02,3.2854,0,85.0631,1.000000,4.661741e-04,NaN,1,NaN,1,SAM 4:1,0.025560,1.205384e-02,0.03
45.00,0.9730,120.0,1.0000,1.0e-03,-1,8.72664626e-04,spinup,1.00000000e+00,1.00000000e+00,8.72664626e-04,9.68859191e-01,5.984927e-02,3.2319,0,88.5750,1.000000,2.573788e-01,NaN,1,NaN,1,SAM 4:1,0.025560,1.205384e-02,0.02
75.00,0.9730,120.0,1.0000,1.0e-03,-1,8.72664626e-04,cycling,3.39878056e-03,7.92396334e-03,8.72664626e-04,4.39122717e-03,8.924905e-01,20.0000,1,179.7314,0.298109,6.896485e-01,NaN,1,NaN,134,LAM 2:5,0.012564,1.205384e-02,0.99
105.00,0.9730,120.0,1.0000,1.0e-03,-1,8.72664626e-04,cycling,5.26980708e-02,6.14411863e-02,8.72664626e-04,5.12550591e-02,6.501618e-02,20.0000,1,141.5210,0.970220,6.520768e-01,NaN,1,NaN,24,SAM 4:1,-0.004220,3.461667e-03,0.09
135.00,0.9730,120.0,1.0000,1.0e-03,-1,8.72664626e-04,cycling,3.71661745e-03,7.91519441e-03,8.72664626e-04,4.46274173e-03,8.961760e-01,20.0000,1,179.7063,0.278198,1.822353e-01,NaN,1,NaN,127,LAM 2:5,-0.007347,1.205384e-02,0.87
165.00,0.9730,120.0,1.0000,1.0e-03,-1,8.72664626e-04,cycling,3.05470948e-03,8.36690622e-03,8.72664626e-04,5.10623464e-03,8.605253e-01,20.0000,1,179.4749,0.594887,3.763303e-02,NaN,1,NaN,144,LAM 4:5,-0.014500,1.205384e-02,0.89
15.00,0.9768,120.0,1.0000,1.0e-03,-1,8.72664626e-04,error,NaN,NaN,NaN,NaN,NaN,NaN,0,NaN,NaN,NaN,NaN,1,NaN,-1,- 0:0,NaN,NaN,NaN
45.00,0.9768,120.0,1.0000,1.0e-03,-1,8.72664626e-04,spinup,1.00000000e+00,1.00000000e+00,8.72664626e-04,9.67609662e-01,6.238461e-02,3.2393,0,88.0059,1.000000,2.898372e-01,NaN,1,NaN,0,SAM 4:1,0.025560,1.607179e-02,0.01
75.00,0.9768,120.0,1.0000,1.0e-03,-1,8.72664626e-04,cycling,3.08849686e-03,8.10434432e-03,8.72664626e-04,5.25554277e-03,8.755606e-01,20.0000,1,179.4831,0.586672,6.423430e-01,NaN,1,NaN,139,LAM 3:4,0.007446,1.607179e-02,0.88
105.00,0.9768,120.0,1.0000,1.0e-03,-1,8.72664626e-04,cycling,3.76729328e-03,7.90069705e-03,8.72664626e-04,4.50783827e-03,9.010434e-01,20.0000,1,179.7019,0.277241,6.163100e-01,NaN,1,NaN,130,LAM 2:5,-0.008304,1.607179e-02,0.85
135.00,0.9768,120.0,1.0000,1.0e-03,-1,8.72664626e-04,cycling,2.94498637e-03,7.76854310e-03,8.72664626e-04,4.31274427e-03,9.204414e-01,20.0000,1,179.5873,0.529673,2.377712e-01,NaN,1,NaN,136,LAM 2:3,0.007181,1.607179e-02,0.90
165.00,0.9768,120.0,1.0000,1.0e-03,-1,8.72664626e-04,cycling,3.20968177e-03,8.40547109e-03,8.72664626e-04,5.17537181e-03,8.175780e-01,20.0000,1,178.6535,0.607231,1.147408e-02,NaN,1,NaN,139,LAM 4:5,-0.002156,1.607179e-02,0.89
15.00,0.9807,120.0,1.0000,1.0e-03,-1,8.72664626e-04,spinup,1.00000000e+00,1.00000000e+00,8.72664626e-04,9.61182969e-01,7.548676e-02,3.2872,0,84.9721,1.000000,8.083450e-02,NaN,1,NaN,0,SAM 4:1,0.025560,2.008974e-02,0.01
45.00,0.9807,120.0,1.0000,1.0e-03,-1,8.72664626e-04,spinup,1.00000000e+00,1.00000000e+00,8.72664626e-04,9.66510494e-01,6.459035e-02,3.2465,0,87.4801,1.000000,3.168576e-01,NaN,1,NaN,0,SAM 4:1,0.025560,2.008974e-02,0.01
75.00,0.9807,120.0,1.0000,1.0e-03,-1,8.72664626e-04,cycling,5.26980707e-02,6.09071221e-02,8.72664626e-04,5.12550591e-02,6.501618e-02,20.0000,1,141.5210,0.970220,5.585894e-01,NaN,1,NaN,51,SAM 4:1,-0.004220,1.924203e-03,0.14
105.00,0.9807,120.0,1.0000,1.0e-03,-1,8.72664626e-04,cycling,3.05139675e-03,8.10725121e-03,8.72664626e-04,5.18076303e-03,8.770730e-01,20.0000,1,179.4899,0.586187,5.438271e-01,NaN,1,NaN,139,LAM 3:4,0.006961,2.008974e-02,0.92
135.00,0.9807,120.0,1.0000,1.0e-03,-1,8.72664626e-04,cycling,2.93231579e-03,7.97390545e-03,8.72664626e-04,4.32858684e-03,9.158707e-01,20.0000,1,179.6317,0.493766,2.873331e-01,NaN,1,NaN,143,LAM 3:5,0.022831,2.008974e-02,1.00
165.00,0.9807,120.0,1.0000,1.0e-03,-1,8.72664626e-04,cycling,3.07860462e-03,8.43419014e-03,8.72664626e-04,5.12720160e-03,8.516334e-01,20.0000,1,179.4637,0.599012,6.607221e-02,NaN,1,NaN,137,LAM 4:5,-0.010375,2.008974e-02,0.97
15.00,0.9845,120.0,1.0000,1.0e-03,-1,8.72664626e-04,spinup,1.00000000e+00,1.00000000e+00,8.72664626e-04,9.61091907e-01,7.567800e-02,3.2881,0,84.9318,1.000000,1.290186e-01,NaN,1,NaN,0,SAM 4:1,0.025560,2.410769e-02,0.01
45.00,0.9845,120.0,1.0000,1.0e-03,-1,8.72664626e-04,error,NaN,NaN,NaN,NaN,NaN,NaN,0,NaN,NaN,NaN,NaN,1,NaN,-1,- 0:0,NaN,NaN,NaN
75.00,0.9845,120.0,1.0000,1.0e-03,-1,8.72664626e-04,cycling,5.26980707e-02,5.97959743e-02,4.14692919e-04,5.12550591e-02,6.501618e-02,20.0000,1,141.5210,0.970220,4.470671e-01,NaN,1,NaN,47,SAM 4:1,-0.004220,5.003565e-05,0.40
105.00,0.9845,120.0,1.0000,1.0e-03,-1,8.72664626e-04,cycling,5.26980707e-02,6.17299488e-02,8.72664626e-04,5.12550591e-02,6.501618e-02,20.0000,1,141.5210,0.970220,4.433136e-01,NaN,1,NaN,45,SAM 4:1,-0.004220,3.549729e-04,0.49
135.00,0.9845,120.0,1.0000,1.0e-03,-1,8.72664626e-04,cycling,3.03470287e-03,8.07399323e-03,8.72664626e-04,5.11732949e-03,8.700131e-01,20.0000,1,179.5135,0.572918,3.328765e-01,NaN,1,NaN,140,LAM 3:4,-0.006308,2.410769e-02,0.92
165.00,0.9845,120.0,1.0000,1.0e-03,-1,8.72664626e-04,cycling,3.10761016e-03,8.51064995e-03,8.72664626e-04,5.14373042e-03,8.106291e-01,20.0000,1,172.3710,0.631930,1.252651e-01,NaN,1,NaN,144,LAM 4:5,0.022542,2.410769e-02,0.97
15.00,0.9884,120.0,1.0000,1.0e-03,-1,8.72664626e-04,error,NaN,NaN,NaN,NaN,NaN,NaN,0,NaN,NaN,NaN,NaN,1,NaN,-1,- 0:0,NaN,NaN,NaN
45.00,0.9884,120.0,1.0000,1.0e-03,-1,8.72664626e-04,error,NaN,NaN,NaN,NaN,NaN,NaN,0,NaN,NaN,NaN,NaN,1,NaN,-1,- 0:0,NaN,NaN,NaN
75.00,0.9884,120.0,1.0000,1.0e-03,-1,8.72664626e-04,spinup,1.00000000e+00,1.00000000e+00,8.72664626e-04,9.71996299e-01,5.314862e-02,3.2169,0,89.7353,1.000000,3.133569e-01,NaN,1,NaN,0,SAM 4:1,0.025560,2.812564e-02,0.01
105.00,0.9884,120.0,1.0000,1.0e-03,-1,8.72664626e-04,cycling,5.26980707e-02,6.34648394e-02,8.38753489e-04,5.12550591e-02,6.501618e-02,20.0000,1,141.5210,0.970220,3.203564e-01,NaN,1,NaN,67,SAM 4:1,-0.004220,9.629909e-04,0.26
135.00,0.9884,120.0,1.0000,1.0e-03,-1,8.72664626e-04,cycling,5.26980707e-02,6.17507951e-02,8.72664626e-04,5.12550591e-02,6.501618e-02,20.0000,1,141.5210,0.970220,3.754682e-01,NaN,1,NaN,39,SAM 4:1,-0.004220,7.031757e-04,0.18
165.00,0.9884,120.0,1.0000,1.0e-03,-1,8.72664626e-04,cycling,4.20349076e-03,8.56682557e-03,8.72664626e-04,5.20568900e-03,7.988046e-01,20.0000,1,110.6764,0.439717,1.883361e-01,NaN,1,NaN,136,LAM 3:5,-0.031218,2.812564e-02,0.88
15.00,0.9923,120.0,1.0000,1.0e-03,-1,8.72664626e-04,error,NaN,NaN,NaN,NaN,NaN,NaN,0,NaN,NaN,NaN,NaN,1,NaN,-1,- 0:0,NaN,NaN,NaN
45.00,0.9923,120.0,1.0000,1.0e-03,-1,8.72664626e-04,spinup,1.00000000e+00,1.00000000e+00,8.72664626e-04,9.63872594e-01,6.991739e-02,3.2652,0,86.2088,1.000000,3.807520e-01,NaN,1,NaN,0,SAM 4:1,0.025560,3.214359e-02,0.01
75.00,0.9923,120.0,1.0000,1.0e-03,-1,8.72664626e-04,spinup,1.00000000e+00,1.00000000e+00,8.72664626e-04,9.68289574e-01,6.107311e-02,3.2338,0,88.3602,1.000000,1.613979e-01,NaN,1,NaN,0,SAM 4:1,0.025560,3.214359e-02,0.01
105.00,0.9923,120.0,1.0000,1.0e-03,-1,8.72664626e-04,cycling,5.26980707e-02,6.62062355e-02,4.60843764e-05,5.12550591e-02,6.501618e-02,20.0000,1,141.5210,0.970220,4.728829e-01,NaN,1,NaN,91,SAM 4:1,-0.004220,1.320847e-03,0.75
135.00,0.9923,120.0,1.0000,1.0e-03,-1,8.72664626e-04,cycling,5.26980707e-02,6.47329952e-02,8.72664626e-04,5.12550591e-02,6.501618e-02,20.0000,1,141.5210,0.970220,4.157573e-01,NaN,1,NaN,39,SAM 4:1,-0.004220,3.620350e-04,0.15
165.00,0.9923,120.0,1.0000,1.0e-03,-1,8.72664626e-04,cycling,5.26980707e-02,5.98305128e-02,8.72664626e-04,5.12550591e-02,6.501618e-02,20.0000,1,141.5210,0.970220,2.547026e-01,NaN,1,NaN,39,SAM 4:1,-0.004220,1.799021e-04,0.14
15.00,0.9961,120.0,1.0000,1.0e-03,-1,8.72664626e-04,error,NaN,NaN,NaN,NaN,NaN,NaN,0,NaN,NaN,NaN,NaN,1,NaN,-1,- 0:0,NaN,NaN,NaN
45.00,0.9961,120.0,1.0000,1.0e-03,-1,8.72664626e-04,error,NaN,NaN,NaN,NaN,NaN,NaN,0,NaN,NaN,NaN,NaN,1,NaN,-1,- 0:0,NaN,NaN,NaN
75.00,0.9961,120.0,1.0000,1.0e-03,-1,8.72664626e-04,spinup,1.00000000e+00,1.00000000e+00,8.72664626e-04,9.65808879e-01,6.605966e-02,3.2499,0,87.1782,1.000000,5.852555e-03,NaN,1,NaN,0,SAM 4:1,0.025560,3.616153e-02,0.02
105.00,0.9961,120.0,1.0000,1.0e-03,-1,8.72664626e-04,spinup,1.00000000e+00,1.00000000e+00,8.72664626e-04,9.73027358e-01,5.072418e-02,3.2129,0,89.9596,1.000000,2.190922e-02,NaN,1,NaN,0,SAM 4:1,0.025560,3.616153e-02,0.01
135.00,0.9961,120.0,1.0000,1.0e-03,-1,8.72664626e-04,cycling,5.26980707e-02,6.34536030e-02,8.72664626e-04,5.12550591e-02,6.501618e-02,20.0000,1,141.5210,0.970220,4.541696e-01,NaN,1,NaN,63,SAM 4:1,-0.004220,5.180516e-04,0.26
165.00,0.9961,120.0,1.0000,1.0e-03,-1,8.72664626e-04,cycling,5.26980707e-02,6.28592202e-02,8.72664626e-04,5.12550591e-02,6.501618e-02,20.0000,1,141.5210,0.970220,3.238819e-01,NaN,1,NaN,43,SAM 4:1,-0.004220,2.632214e-03,0.16
15.00,0.3433,20.0,1.8000,1.0e-03,-1,5.23598776e-03,cycling,4.29963734e-02,5.82026134e-02,1.22741667e-03,3.93362988e-02,4.005681e-01,20.0000,1,150.0698,0.973994,3.335931e-03,NaN,1,NaN,80,SAM 4:1,-0.000446,2.671402e-03,0.08
45.00,0.3433,20.0,1.8000,1.0e-03,-1,5.23598776e-03,cycling,4.29963508e-02,5.66794443e-02,1.63090104e-03,3.93362978e-02,4.005679e-01,20.0000,1,150.0698,0.973994,2.246806e-02,NaN,1,NaN,70,SAM 4:1,-0.000446,2.439487e-05,0.08
75.00,0.3433,20.0,1.8000,1.0e-03,-1,5.23598776e-03,cycling,4.29963117e-02,5.40664724e-02,1.38781297e-03,3.93362943e-02,4.005659e-01,20.0000,1,150.0698,0.973994,1.211101e-01,NaN,1,NaN,60,SAM 4:1,-0.000446,7.734626e-05,0.08
105.00,0.3433,20.0,1.8000,1.0e-03,-1,5.23598776e-03,cycling,4.29963595e-02,5.75061235e-02,2.60835007e-03,3.93362983e-02,4.005681e-01,20.0000,1,150.0698,0.973994,2.314852e-03,NaN,1,NaN,64,SAM 4:1,-0.000446,3.003196e-03,0.07
135.00,0.3433,20.0,1.8000,1.0e-03,-1,5.23598776e-03,cycling,4.29962543e-02,5.81183271e-02,2.41796798e-03,3.93362870e-02,4.005604e-01,20.0000,1,150.0698,0.973994,7.788093e-04,NaN,1,NaN,50,SAM 4:1,-0.000446,2.166971e-03,0.07
165.00,0.3433,20.0,1.8000,1.0e-03,-1,5.23598776e-03,cycling,3.51204243e-03,5.92043327e-03,2.26214269e-03,3.90766675e-03,8.985320e-01,20.0000,1,179.7225,0.274752,5.727058e-03,NaN,1,NaN,135,LAM 2:5,-0.010793,3.564452e-01,1.11
15.00,0.4120,20.0,1.8000,1.0e-03,-1,5.23598776e-03,cycling,4.29963579e-02,5.73912849e-02,1.40383921e-03,3.93362982e-02,4.005681e-01,20.0000,1,150.0698,0.973994,1.300825e-01,NaN,1,NaN,69,SAM 4:1,-0.000446,2.300074e-03,0.08
45.00,0.4120,20.0,1.8000,1.0e-03,-1,5.23598776e-03,cycling,4.29963187e-02,5.59631533e-02,1.70704619e-03,3.93362953e-02,4.005667e-01,20.0000,1,150.0698,0.973994,1.032955e-02,NaN,1,NaN,63,SAM 4:1,-0.000446,2.143366e-03,0.08
75.00,0.4120,20.0,1.8000,1.0e-03,-1,5.23598776e-03,cycling,4.29962894e-02,5.49014394e-02,1.75491232e-03,3.93362914e-02,4.005637e-01,20.0000,1,150.0698,0.973994,2.105174e-03,NaN,1,NaN,51,SAM 4:1,-0.000446,2.080882e-03,0.07
105.00,0.4120,20.0,1.8000,1.0e-03,-1,5.23598776e-03,cycling,4.29963367e-02,5.48912220e-02,2.94296389e-03,3.93362967e-02,4.005674e-01,20.0000,1,150.0698,0.973994,1.233839e-03,NaN,1,NaN,63,SAM 4:1,-0.000446,1.214934e-03,0.07
135.00,0.4120,20.0,1.8000,1.0e-03,-1,5.23598776e-03,cycling,4.29963665e-02,5.79752590e-02,2.93376014e-03,3.93362986e-02,4.005682e-01,20.0000,1,150.0698,0.973994,6.887101e-04,NaN,1,NaN,65,SAM 4:1,-0.000446,2.313536e-04,0.07
165.00,0.4120,20.0,1.8000,1.0e-03,-1,5.23598776e-03,cycling,4.29963736e-02,5.82142258e-02,2.83779885e-03,3.93362988e-02,4.005681e-01,20.0000,1,150.0698,0.973994,5.713241e-04,NaN,1,NaN,65,SAM 4:1,-0.000446,2.761804e-03,0.08
15.00,0.4807,20.0,1.8000,1.0e-03,-1,5.23598776e-03,cycling,4.29963267e-02,5.43454613e-02,1.77267027e-03,3.93362958e-02,4.005669e-01,20.0000,1,150.0698,0.973994,1.072332e-02,NaN,1,NaN,68,SAM 4:1,-0.000446,1.534930e-03,0.08
45.00,0.4807,20.0,1.8000,1.0e-03,-1,5.23598776e-03,cycling,4.29963159e-02,5.41265874e-02,1.90900360e-03,3.93362948e-02,4.005662e-01,20.0000,1,150.0698,0.973994,7.735346e-03,NaN,1,NaN,60,SAM 4:1,-0.000446,9.335378e-04,0.07
75.00,0.4807,20.0,1.8000,1.0e-03,-1,5.23598776e-03,cycling,4.29963237e-02,5.43031554e-02,1.88860489e-03,3.93362955e-02,4.005667e-01,20.0000,1,150.0698,0.973994,6.649192e-03,NaN,1,NaN,68,SAM 4:1,-0.000446,2.757251e-03,0.08
105.00,0.4807,20.0,1.8000,1.0e-03,-1,5.23598776e-03,cycling,4.29963167e-02,5.41386438e-02,3.30483809e-03,3.93362949e-02,4.005663e-01,20.0000,1,150.0698,0.973994,2.199999e-03,NaN,1,NaN,56,SAM 4:1,-0.000446,1.175366e-03,0.07
135.00,0.4807,20.0,1.8000,1.0e-03,-1,5.23598776e-03,cycling,4.29963439e-02,5.58901434e-02,3.37840725e-03,3.93362973e-02,4.005677e-01,20.0000,1,150.0698,0.973994,9.776904e-04,NaN,1,NaN,64,SAM 4:1,-0.000446,2.453283e-03,0.07
165.00,0.4807,20.0,1.8000,1.0e-03,-1,5.23598776e-03,cycling,4.29963485e-02,5.64609737e-02,3.30641507e-03,3.93362976e-02,4.005679e-01,20.0000,1,150.0698,0.973994,7.161513e-04,NaN,1,NaN,62,SAM 4:1,-0.000446,5.981874e-04,0.07
15.00,0.5493,20.0,1.8000,1.0e-03,-1,5.23598776e-03,cycling,4.29962904e-02,5.47041875e-02,2.05731120e-03,3.93362916e-02,4.005638e-01,20.0000,1,150.0698,0.973994,1.101375e-03,NaN,1,NaN,57,SAM 4:1,-0.000446,2.017415e-03,0.07
45.00,0.5493,20.0,1.8000,1.0e-03,-1,5.23598776e-03,cycling,4.29963096e-02,5.40225686e-02,2.35885561e-03,3.93362941e-02,4.005658e-01,20.0000,1,150.0698,0.973994,5.007700e-03,NaN,1,NaN,65,SAM 4:1,-0.000446,5.748304e-04,0.07
75.00,0.5493,20.0,1.8000,1.0e-03,-1,5.23598776e-03,cycling,4.29963473e-02,5.53751647e-02,2.44315078e-03,3.93362937e-02,4.005635e-01,20.0000,1,150.0699,0.973994,1.711488e-03,NaN,1,NaN,61,SAM 4:1,-0.000446,3.158505e-04,0.08
105.00,0.5493,20.0,1.8000,1.0e-03,-1,5.23598776e-03,cycling,4.29963369e-02,5.59030460e-02,3.61284969e-03,3.93362927e-02,4.005628e-01,20.0000,1,150.0699,0.973994,3.260093e-03,NaN,1,NaN,57,SAM 4:1,-0.000446,1.755051e-03,0.07
135.00,0.5493,20.0,1.8000,1.0e-03,-1,5.23598776e-03,cycling,4.29963279e-02,5.44309804e-02,3.80470220e-03,3.93362959e-02,4.005670e-01,20.0000,1,150.0698,0.973994,1.340164e-03,NaN,1,NaN,63,SAM 4:1,-0.000446,1.089528e-03,0.07
165.00,0.5493,20.0,1.8000,1.0e-03,-1,5.23598776e-03,cycling,4.29963316e-02,5.45334251e-02,3.73513617e-03,3.93362962e-02,4.005672e-01,20.0000,1,150.0698,0.973994,9.255027e-04,NaN,1,NaN,63,SAM 4:1,-0.000446,9.476607e-05,0.08
15.00,0.6180,20.0,1.8000,1.0e-03,-1,5.23598776e-03,cycling,4.29963120e-02,5.40716494e-02,2.53199768e-03,3.93362944e-02,4.005660e-01,20.0000,1,150.0698,0.973994,3.217354e-03,NaN,1,NaN,59,SAM 4:1,-0.000446,1.998849e-05,0.07
45.00,0.6180,20.0,1.8000,1.0e-03,-1,5.23598776e-03,cycling,4.29963078e-02,5.40439612e-02,2.85363440e-03,3.93362939e-02,4.005656e-01,20.0000,1,150.0698,0.973994,4.566902e-03,NaN,1,NaN,63,SAM 4:1,-0.000446,1.179768e-03,0.07
75.00,0.6180,20.0,1.8000,1.0e-03,-1,5.23598776e-03,cycling,4.29962993e-02,5.41134583e-02,2.95211096e-03,3.93362929e-02,4.005649e-01,20.0000,1,150.0698,0.973994,3.843152e-03,NaN,1,NaN,57,SAM 4:1,-0.000446,1.665415e-03,0.09
105.00,0.6180,20.0,1.8000,1.0e-03,-1,5.23598776e-03,cycling,4.29963745e-02,5.80746079e-02,3.85913432e-03,3.93362988e-02,4.005680e-01,20.0000,1,150.0699,0.973994,3.300322e-04,NaN,1,NaN,59,SAM 4:1,-0.000446,2.897103e-04,0.08
135.00,0.6180,20.0,1.8000,1.0e-03,-1,5.23598776e-03,cycling,4.29963154e-02,5.41117395e-02,4.20514443e-03,3.93362947e-02,4.005662e-01,20.0000,1,150.0698,0.973994,1.590936e-03,NaN,1,NaN,53,SAM 4:1,-0.000446,7.956299e-04,0.07
165.00,0.6180,20.0,1.8000,1.0e-03,-1,5.23598776e-03,cycling,4.29963186e-02,5.41454677e-02,4.15249067e-03,3.93362950e-02,4.005664e-01,20.0000,1,150.0698,0.973994,1.075667e-03,NaN,1,NaN,55,SAM 4:1,-0.000446,1.739601e-03,0.07
15.00,0.6867,20.0,1.8000,1.0e-03,-1,5.23598776e-03,cycling,4.29963070e-02,4.71142989e-01,1.29728350e-05,3.93362991e-02,4.005715e-01,20.0000,1,150.0697,0.973994,1.448755e+00,2.2055,0,NaN,93,SAM 4:1,-0.000446,5.889603e-04,1.71
45.00,0.6867,20.0,1.8000,1.0e-03,-1,5.23598776e-03,cycling,4.29962997e-02,5.41150508e-02,2.40050346e-03,3.93362929e-02,4.005649e-01,20.0000,1,150.0698,0.973994,2.733476e-03,NaN,1,NaN,55,SAM 4:1,-0.000446,1.835700e-03,0.09
75.00,0.6867,20.0,1.8000,1.0e-03,-1,5.23598776e-03,cycling,4.29963452e-02,5.68852858e-02,2.63573938e-03,3.93362975e-02,4.005679e-01,20.0000,1,150.0698,0.973994,4.970238e-03,NaN,1,NaN,61,SAM 4:1,-0.000446,2.260487e-03,0.07
105.00,0.6867,20.0,1.8000,1.0e-03,-1,5.23598776e-03,cycling,4.29963365e-02,5.61050305e-02,3.81472149e-03,3.93362968e-02,4.005675e-01,20.0000,1,150.0698,0.973994,2.943301e-03,NaN,1,NaN,63,SAM 4:1,-0.000446,3.461234e-03,0.07
135.00,0.6867,20.0,1.8000,1.0e-03,-1,5.23598776e-03,cycling,4.29963052e-02,5.40454843e-02,4.57052489e-03,3.93362936e-02,4.005654e-01,20.0000,1,150.0698,0.973994,1.794319e-03,NaN,1,NaN,51,SAM 4:1,-0.000446,2.250367e-03,0.07
165.00,0.6867,20.0,1.8000,1.0e-03,-1,5.23598776e-03,cycling,4.29963082e-02,5.40466534e-02,4.56131253e-03,3.93362940e-02,4.005657e-01,20.0000,1,150.0698,0.973994,1.203368e-03,NaN,1,NaN,51,SAM 4:1,-0.000446,1.056019e-03,0.08
15.00,0.7554,20.0,1.8000,1.0e-03,-1,5.23598776e-03,despin,1.00000000e-08,2.40663450e-01,1.00000000e-08,8.46575687e-05,2.179477e+00,1.0566,0,74.5118,0.905928,2.330993e+08,0.8448,0,NaN,95,LAM 2:1,0.013952,5.487354e-03,2.14
45.00,0.7554,20.0,1.8000,1.0e-03,-1,5.23598776e-03,cycling,4.29963080e-02,5.40457938e-02,2.59260457e-03,3.93362939e-02,4.005657e-01,20.0000,1,150.0698,0.973994,2.537954e-03,NaN,1,NaN,58,SAM 4:1,-0.000446,1.119623e-03,0.09
75.00,0.7554,20.0,1.8000,1.0e-03,-1,5.23598776e-03,cycling,4.29963060e-02,5.40155551e-02,3.08518170e-03,3.93362937e-02,4.005655e-01,20.0000,1,150.0698,0.973994,2.340209e-03,NaN,1,NaN,56,SAM 4:1,-0.000446,1.916566e-03,0.09
105.00,0.7554,20.0,1.8000,1.0e-03,-1,5.23598776e-03,cycling,4.29963076e-02,5.58500699e-02,4.12158453e-03,3.93362942e-02,4.005660e-01,20.0000,1,150.0698,0.973994,3.870815e-03,NaN,1,NaN,54,SAM 4:1,-0.000446,3.445490e-03,0.07
135.00,0.7554,20.0,1.8000,1.0e-03,-1,5.23598776e-03,cycling,4.29962969e-02,5.42299719e-02,4.90670480e-03,3.93362926e-02,4.005646e-01,20.0000,1,150.0698,0.973994,1.999853e-03,NaN,1,NaN,48,SAM 4:1,-0.000446,8.023886e-04,0.08
165.00,0.7554,20.0,1.8000,1.0e-03,-1,5.23598776e-03,cycling,4.29962997e-02,5.41144172e-02,4.91663621e-03,3.93362929e-02,4.005649e-01,20.0000,1,150.0698,0.973994,1.340147e-03,NaN,1,NaN,48,SAM 4:1,-0.000446,1.831453e-03,0.08
15.00,0.8240,20.0,1.8000,1.0e-03,-1,5.23598776e-03,cycling,4.82088502e-03,1.44671835e-01,4.94898667e-04,4.17086853e-03,8.167974e-01,20.0000,1,124.2719,0.322350,7.319729e-02,NaN,1,NaN,168,LAM 2:5,0.036805,3.988251e-02,1.33
45.00,0.8240,20.0,1.8000,1.0e-03,-1,5.23598776e-03,cycling,4.29962562e-02,1.23074982e-01,8.92327836e-06,3.93362911e-02,4.005649e-01,20.0000,1,150.0698,0.973994,4.756630e-01,NaN,1,NaN,92,SAM 4:1,-0.000446,2.656396e-03,1.08
75.00,0.8240,20.0,1.8000,1.0e-03,-1,5.23598776e-03,cycling,4.29963063e-02,5.39997554e-02,2.79560612e-03,3.93362937e-02,4.005655e-01,20.0000,1,150.0698,0.973994,1.091260e-03,NaN,1,NaN,52,SAM 4:1,-0.000446,1.791411e-03,0.09
105.00,0.8240,20.0,1.8000,1.0e-03,-1,5.23598776e-03,cycling,4.29962938e-02,5.61520320e-02,4.40542361e-03,3.93362926e-02,4.005649e-01,20.0000,1,150.0698,0.973994,2.092135e-03,NaN,1,NaN,46,SAM 4:1,-0.000446,2.719267e-03,0.07
135.00,0.8240,20.0,1.8000,1.0e-03,-1,5.23598776e-03,cycling,4.29962904e-02,5.47098532e-02,5.19139051e-03,3.93362916e-02,4.005638e-01,20.0000,1,150.0698,0.973994,2.263571e-03,NaN,1,NaN,44,SAM 4:1,-0.000446,1.959535e-03,0.08
165.00,0.8240,20.0,1.8000,1.0e-03,-1,5.23598776e-03,cycling,4.29962930e-02,5.44482923e-02,5.20266954e-03,3.93362920e-02,4.005642e-01,20.0000,1,150.0698,0.973994,1.527980e-03,NaN,1,NaN,48,SAM 4:1,-0.000446,4.541191e-04,0.09
15.00,0.8927,20.0,1.8000,1.0e-03,-1,5.23598776e-03,error,NaN,NaN,NaN,NaN,NaN,NaN,0,NaN,NaN,NaN,NaN,1,NaN,-1,- 0:0,NaN,NaN,NaN
45.00,0.8927,20.0,1.8000,1.0e-03,-1,5.23598776e-03,error,NaN,NaN,NaN,NaN,NaN,NaN,0,NaN,NaN,NaN,NaN,1,NaN,-1,- 0:0,NaN,NaN,NaN
75.00,0.8927,20.0,1.8000,1.0e-03,-1,5.23598776e-03,cycling,4.29962865e-02,5.55348194e-02,3.75672469e-03,3.93362907e-02,4.005630e-01,20.0000,1,150.0698,0.973994,1.011084e-03,NaN,1,NaN,43,SAM 4:1,-0.000446,1.047709e-03,0.09
105.00,0.8927,20.0,1.8000,1.0e-03,-1,5.23598776e-03,cycling,4.29962799e-02,5.68587236e-02,5.23598776e-03,3.93362905e-02,4.005631e-01,20.0000,1,150.0698,0.973994,8.948681e-04,NaN,1,NaN,41,SAM 4:1,-0.000446,2.543587e-03,0.07
135.00,0.8927,20.0,1.8000,1.0e-03,-1,5.23598776e-03,cycling,4.29962866e-02,5.56052185e-02,5.23598776e-03,3.93362906e-02,4.005629e-01,20.0000,1,150.0698,0.973994,2.677625e-03,NaN,1,NaN,41,SAM 4:1,-0.000446,5.749900e-04,0.08
165.00,0.8927,20.0,1.8000,1.0e-03,-1,5.23598776e-03,cycling,4.29962881e-02,5.50676038e-02,5.23598776e-03,3.93362911e-02,4.005634e-01,20.0000,1,150.0698,0.973994,1.863089e-03,NaN,1,NaN,41,SAM 4:1,-0.000446,2.622284e-03,0.08
15.00,0.9652,20.0,1.8000,1.0e-03,-1,5.23598776e-03,error,NaN,NaN,NaN,NaN,NaN,NaN,0,NaN,NaN,NaN,NaN,1,NaN,-1,- 0:0,NaN,NaN,NaN
45.00,0.9652,20.0,1.8000,1.0e-03,-1,5.23598776e-03,error,NaN,NaN,NaN,NaN,NaN,NaN,0,NaN,NaN,NaN,NaN,1,NaN,-1,- 0:0,NaN,NaN,NaN
75.00,0.9652,20.0,1.8000,1.0e-03,-1,5.23598776e-03,cycling,4.29963441e-02,4.84279823e-02,4.64714798e-03,3.93362955e-02,4.005657e-01,20.0000,1,150.0698,0.973994,1.633911e-02,NaN,1,NaN,41,SAM 4:1,-0.000446,3.087690e-04,0.09
105.00,0.9652,20.0,1.8000,1.0e-03,-1,5.23598776e-03,cycling,4.29962883e-02,5.75669051e-02,5.23598776e-03,3.93362894e-02,4.005614e-01,20.0000,1,150.0698,0.973994,1.463134e-02,NaN,1,NaN,39,SAM 4:1,-0.000446,3.107890e-03,0.07
135.00,0.9652,20.0,1.8000,1.0e-03,-1,5.23598776e-03,cycling,4.29963236e-02,5.50021094e-02,5.23598776e-03,3.93362956e-02,4.005668e-01,20.0000,1,150.0698,0.973994,7.561393e-04,NaN,1,NaN,51,SAM 4:1,-0.000446,4.017948e-03,0.08
165.00,0.9652,20.0,1.8000,1.0e-03,-1,5.23598776e-03,cycling,4.29962893e-02,5.67756319e-02,5.23598776e-03,3.93362900e-02,4.005621e-01,20.0000,1,150.0698,0.973994,3.199433e-03,NaN,1,NaN,43,SAM 4:1,-0.000446,3.453859e-03,0.11
15.00,0.9691,20.0,1.8000,1.0e-03,-1,5.23598776e-03,error,NaN,NaN,NaN,NaN,NaN,NaN,0,NaN,NaN,NaN,NaN,1,NaN,-1,- 0:0,NaN,NaN,NaN
45.00,0.9691,20.0,1.8000,1.0e-03,-1,5.23598776e-03,error,NaN,NaN,NaN,NaN,NaN,NaN,0,NaN,NaN,NaN,NaN,1,NaN,-1,- 0:0,NaN,NaN,NaN
75.00,0.9691,20.0,1.8000,1.0e-03,-1,5.23598776e-03,cycling,4.29962996e-02,5.72577291e-02,4.40430343e-03,3.93362903e-02,4.005620e-01,20.0000,1,150.0698,0.973994,1.902005e-02,NaN,1,NaN,44,SAM 4:1,-0.000446,3.715325e-04,0.09
105.00,0.9691,20.0,1.8000,1.0e-03,-1,5.23598776e-03,cycling,4.29962852e-02,5.75782770e-02,5.23598776e-03,3.93362893e-02,4.005615e-01,20.0000,1,150.0698,0.973994,1.764824e-02,NaN,1,NaN,40,SAM 4:1,-0.000446,2.721327e-03,0.07
135.00,0.9691,20.0,1.8000,1.0e-03,-1,5.23598776e-03,cycling,4.29963472e-02,5.56536577e-02,5.23598776e-03,3.93362974e-02,4.005677e-01,20.0000,1,150.0698,0.973994,3.234712e-03,NaN,1,NaN,52,SAM 4:1,-0.000446,1.297898e-03,0.07
165.00,0.9691,20.0,1.8000,1.0e-03,-1,5.23598776e-03,cycling,4.29962905e-02,5.69281001e-02,5.23598776e-03,3.93362900e-02,4.005620e-01,20.0000,1,150.0698,0.973994,2.226318e-03,NaN,1,NaN,44,SAM 4:1,-0.000446,2.864954e-03,0.08
15.00,0.9730,20.0,1.8000,1.0e-03,-1,5.23598776e-03,error,NaN,NaN,NaN,NaN,NaN,NaN,0,NaN,NaN,NaN,NaN,1,NaN,-1,- 0:0,NaN,NaN,NaN
45.00,0.9730,20.0,1.8000,1.0e-03,-1,5.23598776e-03,error,NaN,NaN,NaN,NaN,NaN,NaN,0,NaN,NaN,NaN,NaN,1,NaN,-1,- 0:0,NaN,NaN,NaN
75.00,0.9730,20.0,1.8000,1.0e-03,-1,5.23598776e-03,cycling,4.29962883e-02,5.65180114e-02,4.36570738e-03,3.93362901e-02,4.005622e-01,20.0000,1,150.0698,0.973994,1.915690e-02,NaN,1,NaN,42,SAM 4:1,-0.000446,2.234166e-03,0.09
105.00,0.9730,20.0,1.8000,1.0e-03,-1,5.23598776e-03,cycling,4.29962784e-02,5.72822857e-02,5.23598776e-03,3.93362897e-02,4.005622e-01,20.0000,1,150.0698,0.973994,1.811324e-02,NaN,1,NaN,38,SAM 4:1,-0.000446,3.467088e-03,0.07
135.00,0.9730,20.0,1.8000,1.0e-03,-1,5.23598776e-03,cycling,4.29963715e-02,5.88690427e-02,5.23598776e-03,3.93362973e-02,4.005665e-01,20.0000,1,150.0699,0.973994,5.062092e-03,NaN,1,NaN,52,SAM 4:1,-0.000446,3.193006e-03,0.07
165.00,0.9730,20.0,1.8000,1.0e-03,-1,5.23598776e-03,cycling,4.29962911e-02,5.69759815e-02,5.23598776e-03,3.93362900e-02,4.005620e-01,20.0000,1,150.0698,0.973994,1.045362e-03,NaN,1,NaN,44,SAM 4:1,-0.000446,2.570342e-03,0.09
15.00,0.9768,20.0,1.8000,1.0e-03,-1,5.23598776e-03,error,NaN,NaN,NaN,NaN,NaN,NaN,0,NaN,NaN,NaN,NaN,1,NaN,-1,- 0:0,NaN,NaN,NaN
45.00,0.9768,20.0,1.8000,1.0e-03,-1,5.23598776e-03,error,NaN,NaN,NaN,NaN,NaN,NaN,0,NaN,NaN,NaN,NaN,1,NaN,-1,- 0:0,NaN,NaN,NaN
75.00,0.9768,20.0,1.8000,1.0e-03,-1,5.23598776e-03,cycling,4.29962872e-02,5.52873787e-02,4.78806696e-03,3.93362909e-02,4.005632e-01,20.0000,1,150.0698,0.973994,1.784286e-02,NaN,1,NaN,45,SAM 4:1,-0.000446,1.782931e-03,0.09
105.00,0.9768,20.0,1.8000,1.0e-03,-1,5.23598776e-03,cycling,4.29963243e-02,5.80148939e-02,5.23598776e-03,3.93362920e-02,4.005626e-01,20.0000,1,150.0699,0.973994,1.711972e-02,NaN,1,NaN,47,SAM 4:1,-0.000446,2.802063e-03,0.08
135.00,0.9768,20.0,1.8000,1.0e-03,-1,5.23598776e-03,cycling,4.29963480e-02,5.83676389e-02,5.23598776e-03,3.93362940e-02,4.005638e-01,20.0000,1,150.0699,0.973994,6.604757e-03,NaN,1,NaN,49,SAM 4:1,-0.000446,6.146498e-04,0.07
165.00,0.9768,20.0,1.8000,1.0e-03,-1,5.23598776e-03,cycling,4.29962912e-02,5.69975951e-02,5.23598776e-03,3.93362900e-02,4.005620e-01,20.0000,1,150.0698,0.973994,3.187243e-04,NaN,1,NaN,45,SAM 4:1,-0.000446,2.527819e-03,0.08
15.00,0.9807,20.0,1.8000,1.0e-03,-1,5.23598776e-03,error,NaN,NaN,NaN,NaN,NaN,NaN,0,NaN,NaN,NaN,NaN,1,NaN,-1,- 0:0,NaN,NaN,NaN
45.00,0.9807,20.0,1.8000,1.0e-03,-1,5.23598776e-03,error,NaN,NaN,NaN,NaN,NaN,NaN,0,NaN,NaN,NaN,NaN,1,NaN,-1,- 0:0,NaN,NaN,NaN
75.00,0.9807,20.0,1.8000,1.0e-03,-1,5.23598776e-03,cycling,4.29963005e-02,5.41202074e-02,2.84945425e-03,3.93362930e-02,4.005650e-01,20.0000,1,150.0698,0.973994,1.551637e-02,NaN,1,NaN,49,SAM 4:1,-0.000446,2.123712e-03,0.09
105.00,0.9807,20.0,1.8000,1.0e-03,-1,5.23598776e-03,cycling,4.29962916e-02,5.70606074e-02,4.81445264e-03,3.93362900e-02,4.005620e-01,20.0000,1,150.0698,0.973994,1.510631e-02,NaN,1,NaN,43,SAM 4:1,-0.000446,2.728327e-03,0.08
135.00,0.9807,20.0,1.8000,1.0e-03,-1,5.23598776e-03,cycling,4.29963207e-02,5.81951175e-02,5.23598776e-03,3.93362915e-02,4.005623e-01,20.0000,1,150.0699,0.973994,7.981474e-03,NaN,1,NaN,47,SAM 4:1,-0.000446,3.372025e-03,0.08
165.00,0.9807,20.0,1.8000,1.0e-03,-1,5.23598776e-03,cycling,4.29962908e-02,5.69489851e-02,5.23598776e-03,3.93362900e-02,4.005620e-01,20.0000,1,150.0698,0.973994,1.835339e-03,NaN,1,NaN,45,SAM 4:1,-0.000446,2.736066e-03,0.08
15.00,0.9845,20.0,1.8000,1.0e-03,-1,5.23598776e-03,error,NaN,NaN,NaN,NaN,NaN,NaN,0,NaN,NaN,NaN,NaN,1,NaN,-1,- 0:0,NaN,NaN,NaN
45.00,0.9845,20.0,1.8000,1.0e-03,-1,5.23598776e-03,error,NaN,NaN,NaN,NaN,NaN,NaN,0,NaN,NaN,NaN,NaN,1,NaN,-1,- 0:0,NaN,NaN,NaN
75.00,0.9845,20.0,1.8000,1.0e-03,-1,5.23598776e-03,spinup,1.00000000e+00,1.00000000e+00,5.23598776e-03,9.59975154e-01,7.785195e-02,3.3018,0,84.3326,1.000000,1.241853e-02,NaN,1,NaN,0,SAM 4:1,0.025560,2.410769e-02,0.02
105.00,0.9845,20.0,1.8000,1.0e-03,-1,5.23598776e-03,cycling,4.29962866e-02,5.55623059e-02,4.11405174e-03,3.93362906e-02,4.005629e-01,20.0000,1,150.0698,0.973994,1.231427e-02,NaN,1,NaN,45,SAM 4:1,-0.000446,7.657352e-04,0.09
135.00,0.9845,20.0,1.8000,1.0e-03,-1,5.23598776e-03,cycling,4.29963008e-02,5.77523623e-02,5.23598776e-03,3.93362903e-02,4.005618e-01,20.0000,1,150.0698,0.973994,9.246570e-03,NaN,1,NaN,45,SAM 4:1,-0.000446,2.852993e-04,0.09
165.00,0.9845,20.0,1.8000,1.0e-03,-1,5.23598776e-03,cycling,4.29962898e-02,5.68498783e-02,5.23598776e-03,3.93362900e-02,4.005621e-01,20.0000,1,150.0698,0.973994,3.479587e-03,NaN,1,NaN,45,SAM 4:1,-0.000446,3.234873e-03,0.08
15.00,0.9884,20.0,1.8000,1.0e-03,-1,5.23598776e-03,error,NaN,NaN,NaN,NaN,NaN,NaN,0,NaN,NaN,NaN,NaN,1,NaN,-1,- 0:0,NaN,NaN,NaN
45.00,0.9884,20.0,1.8000,1.0e-03,-1,5.23598776e-03,error,NaN,NaN,NaN,NaN,NaN,NaN,0,NaN,NaN,NaN,NaN,1,NaN,-1,- 0:0,NaN,NaN,NaN
75.00,0.9884,20.0,1.8000,1.0e-03,-1,5.23598776e-03,error,NaN,NaN,NaN,NaN,NaN,NaN,0,NaN,NaN,NaN,NaN,1,NaN,-1,- 0:0,NaN,NaN,NaN
105.00,0.9884,20.0,1.8000,1.0e-03,-1,5.23598776e-03,cycling,4.29962920e-02,5.45514125e-02,3.32135611e-03,3.93362919e-02,4.005641e-01,20.0000,1,150.0698,0.973994,8.898788e-03,NaN,1,NaN,49,SAM 4:1,-0.000446,8.995647e-04,0.09
135.00,0.9884,20.0,1.8000,1.0e-03,-1,5.23598776e-03,cycling,4.29962902e-02,5.69505172e-02,5.23598776e-03,3.93362900e-02,4.005620e-01,20.0000,1,150.0698,0.973994,1.042967e-02,NaN,1,NaN,43,SAM 4:1,-0.000446,3.116208e-03,0.09
165.00,0.9884,20.0,1.8000,1.0e-03,-1,5.23598776e-03,cycling,4.29962884e-02,5.65706731e-02,5.23598776e-03,3.93362901e-02,4.005622e-01,20.0000,1,150.0698,0.973994,5.231559e-03,NaN,1,NaN,47,SAM 4:1,-0.000446,2.605754e-03,0.08
15.00,0.9923,20.0,1.8000,1.0e-03,-1,5.23598776e-03,error,NaN,NaN,NaN,NaN,NaN,NaN,0,NaN,NaN,NaN,NaN,1,NaN,-1,- 0:0,NaN,NaN,NaN
45.00,0.9923,20.0,1.8000,1.0e-03,-1,5.23598776e-03,error,NaN,NaN,NaN,NaN,NaN,NaN,0,NaN,NaN,NaN,NaN,1,NaN,-1,- 0:0,NaN,NaN,NaN
75.00,0.9923,20.0,1.8000,1.0e-03,-1,5.23598776e-03,error,NaN,NaN,NaN,NaN,NaN,NaN,0,NaN,NaN,NaN,NaN,1,NaN,-1,- 0:0,NaN,NaN,NaN
105.00,0.9923,20.0,1.8000,1.0e-03,-1,5.23598776e-03,cycling,4.29963082e-02,5.40463634e-02,2.73145339e-03,3.93362939e-02,4.005657e-01,20.0000,1,150.0698,0.973994,4.969459e-03,NaN,1,NaN,51,SAM 4:1,-0.000446,1.081154e-03,0.09
135.00,0.9923,20.0,1.8000,1.0e-03,-1,5.23598776e-03,cycling,4.29962865e-02,5.59984050e-02,5.23598776e-03,3.93362903e-02,4.005626e-01,20.0000,1,150.0698,0.973994,1.154881e-02,NaN,1,NaN,45,SAM 4:1,-0.000446,2.975226e-04,0.08
165.00,0.9923,20.0,1.8000,1.0e-03,-1,5.23598776e-03,cycling,4.29962869e-02,5.61701512e-02,5.23598776e-03,3.93362902e-02,4.005625e-01,20.0000,1,150.0698,0.973994,7.075073e-03,NaN,1,NaN,45,SAM 4:1,-0.000446,9.074101e-04,0.08
15.00,0.9961,20.0,1.8000,1.0e-03,-1,5.23598776e-03,error,NaN,NaN,NaN,NaN,NaN,NaN,0,NaN,NaN,NaN,NaN,1,NaN,-1,- 0:0,NaN,NaN,NaN
45.00,0.9961,20.0,1.8000,1.0e-03,-1,5.23598776e-03,error,NaN,NaN,NaN,NaN,NaN,NaN,0,NaN,NaN,NaN,NaN,1,NaN,-1,- 0:0,NaN,NaN,NaN
75.00,0.9961,20.0,1.8000,1.0e-03,-1,5.23598776e-03,error,NaN,NaN,NaN,NaN,NaN,NaN,0,NaN,NaN,NaN,NaN,1,NaN,-1,- 0:0,NaN,NaN,NaN
105.00,0.9961,20.0,1.8000,1.0e-03,-1,5.23598776e-03,error,NaN,NaN,NaN,NaN,NaN,NaN,0,NaN,NaN,NaN,NaN,1,NaN,-1,- 0:0,NaN,NaN,NaN
135.00,0.9961,20.0,1.8000,1.0e-03,-1,5.23598776e-03,cycling,4.29962886e-02,5.49607810e-02,4.63455230e-03,3.93362912e-02,4.005635e-01,20.0000,1,150.0698,0.973994,1.261582e-02,NaN,1,NaN,47,SAM 4:1,-0.000446,3.040994e-03,0.09
165.00,0.9961,20.0,1.8000,1.0e-03,-1,5.23598776e-03,cycling,4.29962868e-02,5.54378752e-02,5.23598776e-03,3.93362907e-02,4.005630e-01,20.0000,1,150.0698,0.973994,8.996720e-03,NaN,1,NaN,45,SAM 4:1,-0.000446,1.140723e-03,0.09
15.00,0.3433,60.0,1.8000,1.0e-03,-1,1.74532925e-03,cycling,2.76011322e-03,5.79274843e-03,5.62396517e-04,4.05464053e-03,8.509008e-01,20.0000,1,179.7823,0.292411,9.051492e-03,NaN,1,NaN,170,LAM 2:5,0.006866,1.834622e-01,1.17
45.00,0.3433,60.0,1.8000,1.0e-03,-1,1.74532925e-03,cycling,3.27358410e-03,5.84633891e-03,6.85279205e-04,3.85656204e-03,8.848021e-01,20.0000,1,179.7406,0.275008,3.548485e-03,NaN,1,NaN,157,LAM 2:5,-0.010537,1.712644e-01,1.11
75.00,0.3433,60.0,1.8000,1.0e-03,-1,1.74532925e-03,cycling,3.38150809e-03,5.90469643e-03,4.83935449e-04,3.87316917e-03,8.935805e-01,20.0000,1,179.7295,0.274840,7.733366e-03,NaN,1,NaN,151,LAM 2:5,-0.010705,2.111435e-01,1.10
105.00,0.3433,60.0,1.8000,1.0e-03,-1,1.74532925e-03,cycling,4.29959642e-02,5.85457557e-02,4.34840230e-04,3.93362658e-02,4.005502e-01,20.0000,1,150.0696,0.973994,4.890308e-01,NaN,1,NaN,106,SAM 4:1,-0.000446,3.038605e-03,0.38
135.00,0.3433,60.0,1.8000,1.0e-03,-1,1.74532925e-03,cycling,4.29962198e-02,5.67713159e-02,6.64299069e-04,3.93362880e-02,4.005631e-01,20.0000,1,150.0697,0.973994,1.807088e-02,NaN,1,NaN,74,SAM 4:1,-0.000446,1.283641e-03,0.23
165.00,0.3433,60.0,1.8000,1.0e-03,-1,1.74532925e-03,cycling,4.29964484e-02,5.84711985e-02,1.83695621e-04,3.93363074e-02,4.005743e-01,20.0000,1,150.0699,0.973994,1.063745e-01,NaN,1,NaN,120,SAM 4:1,-0.000446,2.128577e-03,0.59
15.00,0.4120,60.0,1.8000,1.0e-03,-1,1.74532925e-03,cycling,4.29964093e-02,5.76934958e-02,6.99506200e-04,3.93363004e-02,4.005681e-01,20.0000,1,150.0699,0.973994,8.076309e-02,NaN,1,NaN,87,SAM 4:1,-0.000446,4.663660e-05,0.18
45.00,0.4120,60.0,1.8000,1.0e-03,-1,1.74532925e-03,cycling,4.29963826e-02,5.88650928e-02,4.67743367e-04,3.93363013e-02,4.005705e-01,20.0000,1,150.0698,0.973994,1.545070e-02,NaN,1,NaN,85,SAM 4:1,-0.000446,2.327847e-03,0.18
75.00,0.4120,60.0,1.8000,1.0e-03,-1,1.74532925e-03,cycling,3.15070364e-03,5.85820759e-03,8.35714125e-04,3.86213587e-03,8.756112e-01,20.0000,1,179.7490,0.275490,3.727759e-03,NaN,1,NaN,158,LAM 2:5,-0.010055,2.893932e-01,1.11
105.00,0.4120,60.0,1.8000,1.0e-03,-1,1.74532925e-03,cycling,4.29960997e-02,5.46630251e-02,6.41679622e-04,3.93362711e-02,4.005497e-01,20.0000,1,150.0698,0.973994,1.537872e-02,NaN,1,NaN,67,SAM 4:1,-0.000446,2.546075e-03,0.27
135.00,0.4120,60.0,1.8000,1.0e-03,-1,1.74532925e-03,cycling,4.29962494e-02,5.87026097e-02,8.36440932e-04,3.93362878e-02,4.005615e-01,20.0000,1,150.0698,0.973994,1.059192e-02,NaN,1,NaN,63,SAM 4:1,-0.000446,2.390234e-04,0.12
165.00,0.4120,60.0,1.8000,1.0e-03,-1,1.74532925e-03,cycling,4.29964012e-02,5.90204017e-02,6.37188341e-04,3.93363023e-02,4.005707e-01,20.0000,1,150.0698,0.973994,1.240809e-01,NaN,1,NaN,77,SAM 4:1,-0.000446,1.141210e-03,0.20
15.00,0.4807,60.0,1.8000,1.0e-03,-1,1.74532925e-03,cycling,4.29963782e-02,5.83105051e-02,7.49340991e-04,3.93362988e-02,4.005678e-01,20.0000,1,150.0699,0.973994,6.674547e-03,NaN,1,NaN,74,SAM 4:1,-0.000446,4.063978e-04,0.08
45.00,0.4807,60.0,1.8000,1.0e-03,-1,1.74532925e-03,cycling,4.29963779e-02,5.78612467e-02,8.91044163e-04,3.93362975e-02,4.005663e-01,20.0000,1,150.0699,0.973994,9.257584e-03,NaN,1,NaN,72,SAM 4:1,-0.000446,7.471069e-04,0.08
75.00,0.4807,60.0,1.8000,1.0e-03,-1,1.74532925e-03,cycling,4.29963782e-02,5.78773696e-02,9.04493493e-04,3.93362984e-02,4.005674e-01,20.0000,1,150.0699,0.973994,3.692694e-03,NaN,1,NaN,64,SAM 4:1,-0.000446,1.078780e-03,0.08
105.00,0.4807,60.0,1.8000,1.0e-03,-1,1.74532925e-03,cycling,4.29962026e-02,5.64822634e-02,8.98574647e-04,3.93362835e-02,4.005589e-01,20.0000,1,150.0698,0.973994,5.332036e-03,NaN,1,NaN,56,SAM 4:1,-0.000446,6.382922e-05,0.25
135.00,0.4807,60.0,1.8000,1.0e-03,-1,1.74532925e-03,cycling,4.29963098e-02,5.90268111e-02,6.46741779e-04,3.93362951e-02,4.005669e-01,20.0000,1,150.0698,0.973994,8.799214e-03,NaN,1,NaN,68,SAM 4:1,-0.000446,4.877138e-04,0.17
165.00,0.4807,60.0,1.8000,1.0e-03,-1,1.74532925e-03,cycling,3.98569840e-03,5.82244440e-03,5.24727124e-04,4.30540178e-03,8.178462e-01,20.0000,1,150.1961,0.399856,6.445362e-03,NaN,1,NaN,161,LAM 1:2,0.016523,2.314977e-01,1.48
15.00,0.5493,60.0,1.8000,1.0e-03,-1,1.74532925e-03,cycling,3.23875147e-03,5.98358542e-03,8.55623597e-04,3.89822530e-03,8.892740e-01,20.0000,1,179.7412,0.275130,8.370546e-03,NaN,1,NaN,148,LAM 2:5,-0.010415,3.028272e-01,1.11
45.00,0.5493,60.0,1.8000,1.0e-03,-1,1.74532925e-03,cycling,4.29962893e-02,5.63888189e-02,8.20348800e-04,3.93362921e-02,4.005644e-01,20.0000,1,150.0698,0.973994,1.214352e-02,NaN,1,NaN,53,SAM 4:1,-0.000446,1.137712e-03,0.08
75.00,0.5493,60.0,1.8000,1.0e-03,-1,1.74532925e-03,cycling,4.29963665e-02,5.79760126e-02,8.45970568e-04,3.93362986e-02,4.005682e-01,20.0000,1,150.0698,0.973994,1.922398e-03,NaN,1,NaN,69,SAM 4:1,-0.000446,2.278924e-04,0.08
105.00,0.5493,60.0,1.8000,1.0e-03,-1,1.74532925e-03,cycling,3.28300105e-03,5.85705074e-03,1.46517029e-03,3.84593975e-03,8.909577e-01,20.0000,1,179.7413,0.274989,4.043825e-03,NaN,1,NaN,138,LAM 2:5,-0.010556,3.707376e-01,1.12
135.00,0.5493,60.0,1.8000,1.0e-03,-1,1.74532925e-03,cycling,5.18091815e-03,5.91347619e-03,8.55214935e-04,3.95491932e-03,8.663574e-01,20.0000,1,173.9034,0.274694,1.206148e-02,NaN,1,NaN,164,LAM 2:5,-0.010851,2.198086e-01,1.32
165.00,0.5493,60.0,1.8000,1.0e-03,-1,1.74532925e-03,cycling,4.93858919e-03,5.86723381e-03,8.38891581e-04,3.81595072e-03,8.825362e-01,20.0000,1,176.3389,0.274670,8.329524e-03,NaN,1,NaN,132,LAM 2:5,-0.010875,2.418767e-01,1.30
15.00,0.6180,60.0,1.8000,1.0e-03,-1,1.74532925e-03,cycling,3.92725537e-03,5.93790565e-03,7.73350345e-04,3.73856982e-03,9.076382e-01,20.0000,1,179.6641,0.274666,9.630797e-03,NaN,1,NaN,132,LAM 2:5,-0.010879,2.674715e-01,1.12
45.00,0.6180,60.0,1.8000,1.0e-03,-1,1.74532925e-03,cycling,4.29962576e-02,5.79920193e-02,7.19201011e-04,3.93362870e-02,4.005602e-01,20.0000,1,150.0698,0.973994,1.421801e-02,NaN,1,NaN,51,SAM 4:1,-0.000446,8.040178e-04,0.09
75.00,0.6180,60.0,1.8000,1.0e-03,-1,1.74532925e-03,cycling,4.29962915e-02,5.63016571e-02,7.49019422e-04,3.93362924e-02,4.005647e-01,20.0000,1,150.0698,0.973994,2.920082e-03,NaN,1,NaN,49,SAM 4:1,-0.000446,1.188094e-03,0.09
105.00,0.6180,60.0,1.8000,1.0e-03,-1,1.74532925e-03,cycling,4.00826624e-03,5.93668207e-03,1.50902684e-03,3.73808007e-03,9.247677e-01,20.0000,1,179.6717,0.274663,6.283632e-03,NaN,1,NaN,132,LAM 2:5,-0.010882,3.089919e-01,1.18
135.00,0.6180,60.0,1.8000,1.0e-03,-1,1.74532925e-03,cycling,4.29961745e-02,5.81482661e-02,1.74532925e-03,3.93362775e-02,4.005534e-01,20.0000,1,150.0698,0.973994,1.431843e-02,NaN,1,NaN,55,SAM 4:1,-0.000446,2.645051e-03,0.16
165.00,0.6180,60.0,1.8000,1.0e-03,-1,1.74532925e-03,cycling,4.29964065e-02,5.80156887e-02,1.74532925e-03,3.93363012e-02,4.005691e-01,20.0000,1,150.0699,0.973994,9.681004e-03,NaN,1,NaN,67,SAM 4:1,-0.000446,2.457082e-03,0.18
15.00,0.6867,60.0,1.8000,1.0e-03,-1,1.74532925e-03,cycling,4.29963501e-02,5.66067097e-02,1.16214835e-03,3.93362977e-02,4.005679e-01,20.0000,1,150.0698,0.973994,1.073611e-02,NaN,1,NaN,63,SAM 4:1,-0.000446,1.667801e-04,0.08
45.00,0.6867,60.0,1.8000,1.0e-03,-1,1.74532925e-03,cycling,4.29963803e-02,5.81885092e-02,1.22353610e-03,3.93362983e-02,4.005672e-01,20.0000,1,150.0699,0.973994,1.596046e-02,NaN,1,NaN,63,SAM 4:1,-0.000446,2.484444e-03,0.09
75.00,0.6867,60.0,1.8000,1.0e-03,-1,1.74532925e-03,cycling,4.29963343e-02,5.46419325e-02,1.30267539e-03,3.93362965e-02,4.005673e-01,20.0000,1,150.0698,0.973994,3.571568e-03,NaN,1,NaN,61,SAM 4:1,-0.000446,5.070011e-04,0.08
105.00,0.6867,60.0,1.8000,1.0e-03,-1,1.74532925e-03,cycling,4.29963680e-02,5.80508079e-02,1.57027874e-03,3.93362987e-02,4.005682e-01,20.0000,1,150.0698,0.973994,3.665771e-03,NaN,1,NaN,65,SAM 4:1,-0.000446,1.809771e-04,0.10
135.00,0.6867,60.0,1.8000,1.0e-03,-1,1.74532925e-03,cycling,3.68429229e-03,5.98399567e-03,1.74532925e-03,3.92797296e-03,9.100852e-01,20.0000,1,179.6981,0.274710,1.614887e-02,NaN,1,NaN,122,LAM 2:5,-0.010835,2.857259e-01,1.13
165.00,0.6867,60.0,1.8000,1.0e-03,-1,1.74532925e-03,cycling,3.62239193e-03,5.99795193e-03,1.74532925e-03,3.92460950e-03,8.998225e-01,20.0000,1,179.7111,0.274716,1.083031e-02,NaN,1,NaN,128,LAM 2:5,-0.010829,2.857259e-01,1.11
15.00,0.7554,60.0,1.8000,1.0e-03,-1,1.74532925e-03,cycling,4.29963612e-02,5.76336632e-02,1.00506998e-03,3.93362984e-02,4.005682e-01,20.0000,1,150.0698,0.973994,1.194727e-02,NaN,1,NaN,60,SAM 4:1,-0.000446,2.636711e-03,0.08
45.00,0.7554,60.0,1.8000,1.0e-03,-1,1.74532925e-03,cycling,4.29963784e-02,5.78897830e-02,1.16448782e-03,3.93362976e-02,4.005664e-01,20.0000,1,150.0699,0.973994,1.777058e-02,NaN,1,NaN,60,SAM 4:1,-0.000446,1.043829e-03,0.09
75.00,0.7554,60.0,1.8000,1.0e-03,-1,1.74532925e-03,cycling,4.29963600e-02,5.75274858e-02,1.28410927e-03,3.93362983e-02,4.005681e-01,20.0000,1,150.0698,0.973994,4.004047e-03,NaN,1,NaN,62,SAM 4:1,-0.000446,3.201333e-03,0.08
105.00,0.7554,60.0,1.8000,1.0e-03,-1,1.74532925e-03,cycling,4.29963703e-02,5.80281576e-02,1.62400909e-03,3.93362987e-02,4.005681e-01,20.0000,1,150.0698,0.973994,4.118099e-03,NaN,1,NaN,60,SAM 4:1,-0.000446,1.502511e-03,0.08
135.00,0.7554,60.0,1.8000,1.0e-03,-1,1.74532925e-03,cycling,3.94559514e-03,5.93372466e-03,1.74532925e-03,3.71829307e-03,9.209454e-01,20.0000,1,179.6481,0.274665,1.799868e-02,NaN,1,NaN,123,LAM 2:5,-0.010880,2.142945e-01,1.09
165.00,0.7554,60.0,1.8000,1.0e-03,-1,1.74532925e-03,cycling,3.58532852e-03,5.93121348e-03,1.74532925e-03,3.88053399e-03,9.026288e-01,20.0000,1,179.7196,0.274719,1.206132e-02,NaN,1,NaN,133,LAM 2:5,-0.010826,2.142945e-01,1.16
15.00,0.8240,60.0,1.8000,1.0e-03,-1,1.74532925e-03,spinup,1.00000000e+00,1.00000000e+00,1.01621355e-03,9.53489141e-01,9.543644e-02,3.4243,0,84.6294,1.000000,1.318106e-01,NaN,1,NaN,9,SAM 4:1,0.025560,2.549921e-02,0.03
45.00,0.8240,60.0,1.8000,1.0e-03,-1,1.74532925e-03,cycling,4.29963391e-02,5.52401728e-02,1.11820488e-03,3.93362969e-02,4.005675e-01,20.0000,1,150.0698,0.973994,2.012978e-02,NaN,1,NaN,60,SAM 4:1,-0.000446,1.973970e-03,0.08
75.00,0.8240,60.0,1.8000,1.0e-03,-1,1.74532925e-03,cycling,4.29962943e-02,5.61286074e-02,1.17100272e-03,3.93362927e-02,4.005649e-01,20.0000,1,150.0698,0.973994,4.169705e-03,NaN,1,NaN,46,SAM 4:1,-0.000446,1.218735e-03,0.09
105.00,0.8240,60.0,1.8000,1.0e-03,-1,1.74532925e-03,cycling,4.29962965e-02,5.60752748e-02,1.68749453e-03,3.93362929e-02,4.005651e-01,20.0000,1,150.0698,0.973994,4.290887e-03,NaN,1,NaN,48,SAM 4:1,-0.000446,1.408024e-03,0.08
135.00,0.8240,60.0,1.8000,1.0e-03,-1,1.74532925e-03,cycling,4.29963800e-02,5.82618692e-02,1.74532925e-03,3.93362986e-02,4.005675e-01,20.0000,1,150.0699,0.973994,2.037214e-02,NaN,1,NaN,60,SAM 4:1,-0.000446,1.101519e-03,0.11
165.00,0.8240,60.0,1.8000,1.0e-03,-1,1.74532925e-03,cycling,4.29963703e-02,5.73868180e-02,1.74532925e-03,3.93362961e-02,4.005652e-01,20.0000,1,150.0699,0.973994,1.375182e-02,NaN,1,NaN,58,SAM 4:1,-0.000446,2.026790e-03,0.09
15.00,0.8927,60.0,1.8000,1.0e-03,-1,1.74532925e-03,error,NaN,NaN,NaN,NaN,NaN,NaN,0,NaN,NaN,NaN,NaN,1,NaN,-1,- 0:0,NaN,NaN,NaN
45.00,0.8927,60.0,1.8000,1.0e-03,-1,1.74532925e-03,spinup,1.00000000e+00,1.00000000e+00,1.20703552e-03,9.60880617e-01,7.584954e-02,3.2948,0,84.6711,1.000000,2.428051e-02,NaN,1,NaN,6,SAM 4:1,0.025560,3.066770e-02,0.02
75.00,0.8927,60.0,1.8000,1.0e-03,-1,1.74532925e-03,cycling,4.29963485e-02,5.64501065e-02,1.15346943e-03,3.93362976e-02,4.005679e-01,20.0000,1,150.0698,0.973994,3.094353e-03,NaN,1,NaN,59,SAM 4:1,-0.000446,6.303288e-04,0.10
105.00,0.8927,60.0,1.8000,1.0e-03,-1,1.74532925e-03,cycling,4.29962775e-02,5.72203978e-02,1.65234064e-03,3.93362898e-02,4.005624e-01,20.0000,1,150.0698,0.973994,3.215883e-03,NaN,1,NaN,41,SAM 4:1,-0.000446,1.391414e-03,0.08
135.00,0.8927,60.0,1.8000,1.0e-03,-1,1.74532925e-03,cycling,4.29963578e-02,5.73865959e-02,1.74532925e-03,3.93362982e-02,4.005681e-01,20.0000,1,150.0698,0.973994,2.409862e-02,NaN,1,NaN,63,SAM 4:1,-0.000446,2.277896e-03,0.07
165.00,0.8927,60.0,1.8000,1.0e-03,-1,1.74532925e-03,cycling,4.29963666e-02,5.79746832e-02,1.74532925e-03,3.93362986e-02,4.005682e-01,20.0000,1,150.0698,0.973994,1.676780e-02,NaN,1,NaN,65,SAM 4:1,-0.000446,2.339472e-04,0.09
15.00,0.9652,60.0,1.8000,1.0e-03,-1,1.74532925e-03,error,NaN,NaN,NaN,NaN,NaN,NaN,0,NaN,NaN,NaN,NaN,1,NaN,-1,- 0:0,NaN,NaN,NaN
45.00,0.9652,60.0,1.8000,1.0e-03,-1,1.74532925e-03,spinup,1.00000000e+00,1.00000000e+00,1.74532925e-03,9.64114338e-01,6.935356e-02,3.2647,0,86.2795,1.000000,3.754509e-02,NaN,1,NaN,2,SAM 4:1,0.025560,4.017948e-03,0.02
75.00,0.9652,60.0,1.8000,1.0e-03,-1,1.74532925e-03,cycling,4.29962880e-02,5.50928385e-02,1.74532925e-03,3.93362911e-02,4.005634e-01,20.0000,1,150.0698,0.973994,1.470520e-01,NaN,1,NaN,43,SAM 4:1,-0.000446,2.571609e-03,0.09
105.00,0.9652,60.0,1.8000,1.0e-03,-1,1.74532925e-03,cycling,4.29963297e-02,5.64890665e-02,1.74532925e-03,3.93362920e-02,4.005625e-01,20.0000,1,150.0699,0.973994,1.316821e-01,NaN,1,NaN,45,SAM 4:1,-0.000446,2.591624e-03,0.07
135.00,0.9652,60.0,1.8000,1.0e-03,-1,1.74532925e-03,cycling,4.29963076e-02,5.40390369e-02,1.74532925e-03,3.93362939e-02,4.005656e-01,20.0000,1,150.0698,0.973994,6.805254e-03,NaN,1,NaN,51,SAM 4:1,-0.000446,1.289486e-03,0.08
165.00,0.9652,60.0,1.8000,1.0e-03,-1,1.74532925e-03,cycling,4.29963341e-02,5.46395706e-02,1.74532925e-03,3.93362965e-02,4.005673e-01,20.0000,1,150.0698,0.973994,2.879489e-02,NaN,1,NaN,61,SAM 4:1,-0.000446,4.450862e-04,0.09
15.00,0.9691,60.0,1.8000,1.0e-03,-1,1.74532925e-03,error,NaN,NaN,NaN,NaN,NaN,NaN,0,NaN,NaN,NaN,NaN,1,NaN,-1,- 0:0,NaN,NaN,NaN
45.00,0.9691,60.0,1.8000,1.0e-03,-1,1.74532925e-03,error,NaN,NaN,NaN,NaN,NaN,NaN,0,NaN,NaN,NaN,NaN,1,NaN,-1,- 0:0,NaN,NaN,NaN
75.00,0.9691,60.0,1.8000,1.0e-03,-1,1.74532925e-03,cycling,4.29963040e-02,5.40598763e-02,1.74532925e-03,3.93362935e-02,4.005653e-01,20.0000,1,150.0698,0.973994,1.711805e-01,NaN,1,NaN,50,SAM 4:1,-0.000446,2.861190e-03,0.09
105.00,0.9691,60.0,1.8000,1.0e-03,-1,1.74532925e-03,cycling,4.29963138e-02,5.69393307e-02,1.74532925e-03,3.93362908e-02,4.005618e-01,20.0000,1,150.0699,0.973994,1.588342e-01,NaN,1,NaN,42,SAM 4:1,-0.000446,2.421493e-03,0.08
135.00,0.9691,60.0,1.8000,1.0e-03,-1,1.74532925e-03,cycling,4.29963082e-02,5.40464465e-02,1.74532925e-03,3.93362939e-02,4.005657e-01,20.0000,1,150.0698,0.973994,2.911241e-02,NaN,1,NaN,52,SAM 4:1,-0.000446,1.074221e-03,0.08
165.00,0.9691,60.0,1.8000,1.0e-03,-1,1.74532925e-03,cycling,4.29963318e-02,5.45454100e-02,1.74532925e-03,3.93362963e-02,4.005672e-01,20.0000,1,150.0698,0.973994,2.003686e-02,NaN,1,NaN,64,SAM 4:1,-0.000446,6.398497e-05,0.09
15.00,0.9730,60.0,1.8000,1.0e-03,-1,1.74532925e-03,error,NaN,NaN,NaN,NaN,NaN,NaN,0,NaN,NaN,NaN,NaN,1,NaN,-1,- 0:0,NaN,NaN,NaN
45.00,0.9730,60.0,1.8000,1.0e-03,-1,1.74532925e-03,error,NaN,NaN,NaN,NaN,NaN,NaN,0,NaN,NaN,NaN,NaN,1,NaN,-1,- 0:0,NaN,NaN,NaN
75.00,0.9730,60.0,1.8000,1.0e-03,-1,1.74532925e-03,cycling,4.29963172e-02,5.41384343e-02,1.74532925e-03,3.93362949e-02,4.005663e-01,20.0000,1,150.0698,0.973994,1.724121e-01,NaN,1,NaN,54,SAM 4:1,-0.000446,1.299883e-03,0.09
105.00,0.9730,60.0,1.8000,1.0e-03,-1,1.74532925e-03,cycling,4.29962896e-02,5.48161007e-02,1.74532925e-03,3.93362914e-02,4.005637e-01,20.0000,1,150.0698,0.973994,1.630192e-01,NaN,1,NaN,44,SAM 4:1,-0.000446,2.649789e-03,0.08
135.00,0.9730,60.0,1.8000,1.0e-03,-1,1.74532925e-03,cycling,4.29963109e-02,5.40371988e-02,1.74532925e-03,3.93362942e-02,4.005659e-01,20.0000,1,150.0698,0.973994,4.555883e-02,NaN,1,NaN,52,SAM 4:1,-0.000446,2.647269e-04,0.09
165.00,0.9730,60.0,1.8000,1.0e-03,-1,1.74532925e-03,cycling,4.29963305e-02,5.44913421e-02,1.74532925e-03,3.93362962e-02,4.005671e-01,20.0000,1,150.0698,0.973994,9.408256e-03,NaN,1,NaN,64,SAM 4:1,-0.000446,3.401369e-04,0.09
15.00,0.9768,60.0,1.8000,1.0e-03,-1,1.74532925e-03,error,NaN,NaN,NaN,NaN,NaN,NaN,0,NaN,NaN,NaN,NaN,1,NaN,-1,- 0:0,NaN,NaN,NaN
45.00,0.9768,60.0,1.8000,1.0e-03,-1,1.74532925e-03,error,NaN,NaN,NaN,NaN,NaN,NaN,0,NaN,NaN,NaN,NaN,1,NaN,-1,- 0:0,NaN,NaN,NaN
75.00,0.9768,60.0,1.8000,1.0e-03,-1,1.74532925e-03,cycling,4.29963308e-02,5.44894796e-02,1.74532925e-03,3.93362962e-02,4.005671e-01,20.0000,1,150.0698,0.973994,1.605857e-01,NaN,1,NaN,65,SAM 4:1,-0.000446,2.870214e-04,0.09
105.00,0.9768,60.0,1.8000,1.0e-03,-1,1.74532925e-03,cycling,4.29963112e-02,5.40496142e-02,1.74532925e-03,3.93362943e-02,4.005659e-01,20.0000,1,150.0698,0.973994,1.540775e-01,NaN,1,NaN,53,SAM 4:1,-0.000446,1.937380e-04,0.09
135.00,0.9768,60.0,1.8000,1.0e-03,-1,1.74532925e-03,cycling,4.29963149e-02,5.40851745e-02,1.74532925e-03,3.93362947e-02,4.005662e-01,20.0000,1,150.0698,0.973994,5.944281e-02,NaN,1,NaN,55,SAM 4:1,-0.000446,6.287071e-04,0.09
165.00,0.9768,60.0,1.8000,1.0e-03,-1,1.74532925e-03,cycling,4.29963301e-02,5.44918294e-02,1.74532925e-03,3.93362961e-02,4.005671e-01,20.0000,1,150.0698,0.973994,2.868519e-03,NaN,1,NaN,65,SAM 4:1,-0.000446,4.428332e-04,0.08
15.00,0.9807,60.0,1.8000,1.0e-03,-1,1.74532925e-03,error,NaN,NaN,NaN,NaN,NaN,NaN,0,NaN,NaN,NaN,NaN,1,NaN,-1,- 0:0,NaN,NaN,NaN
45.00,0.9807,60.0,1.8000,1.0e-03,-1,1.74532925e-03,spinup,1.00000000e+00,1.00000000e+00,1.74532925e-03,9.61121025e-01,7.551368e-02,3.2896,0,84.8812,1.000000,7.921441e-02,NaN,1,NaN,0,SAM 4:1,0.025560,2.008974e-02,0.02
75.00,0.9807,60.0,1.8000,1.0e-03,-1,1.74532925e-03,cycling,4.29963483e-02,5.64228254e-02,1.74532925e-03,3.93362976e-02,4.005679e-01,20.0000,1,150.0698,0.973994,1.396473e-01,NaN,1,NaN,65,SAM 4:1,-0.000446,7.107816e-04,0.09
105.00,0.9807,60.0,1.8000,1.0e-03,-1,1.74532925e-03,cycling,4.29963272e-02,5.43767578e-02,1.74532925e-03,3.93362959e-02,4.005669e-01,20.0000,1,150.0698,0.973994,1.359568e-01,NaN,1,NaN,65,SAM 4:1,-0.000446,1.388179e-03,0.09
135.00,0.9807,60.0,1.8000,1.0e-03,-1,1.74532925e-03,cycling,4.29963199e-02,5.42074809e-02,1.74532925e-03,3.93362952e-02,4.005665e-01,20.0000,1,150.0698,0.973994,7.183327e-02,NaN,1,NaN,57,SAM 4:1,-0.000446,2.129774e-03,0.09
165.00,0.9807,60.0,1.8000,1.0e-03,-1,1.74532925e-03,cycling,4.29963306e-02,5.44906831e-02,1.74532925e-03,3.93362962e-02,4.005671e-01,20.0000,1,150.0698,0.973994,1.651805e-02,NaN,1,NaN,65,SAM 4:1,-0.000446,3.171408e-04,0.09
15.00,0.9845,60.0,1.8000,1.0e-03,-1,1.74532925e-03,error,NaN,NaN,NaN,NaN,NaN,NaN,0,NaN,NaN,NaN,NaN,1,NaN,-1,- 0:0,NaN,NaN,NaN
45.00,0.9845,60.0,1.8000,1.0e-03,-1,1.74532925e-03,error,NaN,NaN,NaN,NaN,NaN,NaN,0,NaN,NaN,NaN,NaN,1,NaN,-1,- 0:0,NaN,NaN,NaN
75.00,0.9845,60.0,1.8000,1.0e-03,-1,1.74532925e-03,spinup,1.00000000e+00,1.00000000e+00,1.74532925e-03,9.74566835e-01,4.253202e-02,3.2345,0,87.4894,1.000000,1.117668e-01,NaN,1,NaN,0,SAM 4:1,0.025560,2.410769e-02,0.02
105.00,0.9845,60.0,1.8000,1.0e-03,-1,1.74532925e-03,cycling,4.29963437e-02,5.58583308e-02,1.74532925e-03,3.93362972e-02,4.005677e-01,20.0000,1,150.0698,0.973994,1.108284e-01,NaN,1,NaN,67,SAM 4:1,-0.000446,2.576056e-03,0.09
135.00,0.9845,60.0,1.8000,1.0e-03,-1,1.74532925e-03,cycling,4.29963261e-02,5.43533171e-02,1.74532925e-03,3.93362958e-02,4.005669e-01,20.0000,1,150.0698,0.973994,8.321913e-02,NaN,1,NaN,65,SAM 4:1,-0.000446,1.798931e-03,0.09
165.00,0.9845,60.0,1.8000,1.0e-03,-1,1.74532925e-03,cycling,4.29963322e-02,5.45680654e-02,1.74532925e-03,3.93362963e-02,4.005672e-01,20.0000,1,150.0698,0.973994,3.131628e-02,NaN,1,NaN,65,SAM 4:1,-0.000446,8.046290e-06,0.09
15.00,0.9884,60.0,1.8000,1.0e-03,-1,1.74532925e-03,error,NaN,NaN,NaN,NaN,NaN,NaN,0,NaN,NaN,NaN,NaN,1,NaN,-1,- 0:0,NaN,NaN,NaN
45.00,0.9884,60.0,1.8000,1.0e-03,-1,1.74532925e-03,error,NaN,NaN,NaN,NaN,NaN,NaN,0,NaN,NaN,NaN,NaN,1,NaN,-1,- 0:0,NaN,NaN,NaN
75.00,0.9884,60.0,1.8000,1.0e-03,-1,1.74532925e-03,spinup,1.00000000e+00,1.00000000e+00,1.74532925e-03,9.65298138e-01,6.705150e-02,3.2541,0,86.9078,1.000000,7.833921e-02,NaN,1,NaN,0,SAM 4:1,0.025560,2.812564e-02,0.02
105.00,0.9884,60.0,1.8000,1.0e-03,-1,1.74532925e-03,cycling,4.29963655e-02,5.78882700e-02,1.74532925e-03,3.93362986e-02,4.005682e-01,20.0000,1,150.0698,0.973994,8.008909e-02,NaN,1,NaN,71,SAM 4:1,-0.000446,6.109630e-04,0.09
135.00,0.9884,60.0,1.8000,1.0e-03,-1,1.74532925e-03,cycling,4.29963338e-02,5.46334965e-02,1.74532925e-03,3.93362964e-02,4.005673e-01,20.0000,1,150.0698,0.973994,9.386706e-02,NaN,1,NaN,63,SAM 4:1,-0.000446,3.527498e-04,0.09
165.00,0.9884,60.0,1.8000,1.0e-03,-1,1.74532925e-03,cycling,4.29963352e-02,5.46558801e-02,1.74532925e-03,3.93362966e-02,4.005673e-01,20.0000,1,150.0698,0.973994,4.708403e-02,NaN,1,NaN,63,SAM 4:1,-0.000446,7.362362e-04,0.09
15.00,0.9923,60.0,1.8000,1.0e-03,-1,1.74532925e-03,error,NaN,NaN,NaN,NaN,NaN,NaN,0,NaN,NaN,NaN,NaN,1,NaN,-1,- 0:0,NaN,NaN,NaN
45.00,0.9923,60.0,1.8000,1.0e-03,-1,1.74532925e-03,error,NaN,NaN,NaN,NaN,NaN,NaN,0,NaN,NaN,NaN,NaN,1,NaN,-1,- 0:0,NaN,NaN,NaN
75.00,0.9923,60.0,1.8000,1.0e-03,-1,1.74532925e-03,error,NaN,NaN,NaN,NaN,NaN,NaN,0,NaN,NaN,NaN,NaN,1,NaN,-1,- 0:0,NaN,NaN,NaN
105.00,0.9923,60.0,1.8000,1.0e-03,-1,1.74532925e-03,cycling,3.70612830e-03,5.93311924e-03,1.46324248e-03,3.95140133e-03,9.033018e-01,20.0000,1,179.7157,0.274710,4.472513e-02,NaN,1,NaN,134,LAM 2:5,-0.010835,3.214359e-02,1.13
135.00,0.9923,60.0,1.8000,1.0e-03,-1,1.74532925e-03,cycling,4.29963443e-02,5.59298254e-02,1.74532925e-03,3.93362973e-02,4.005677e-01,20.0000,1,150.0698,0.973994,1.039393e-01,NaN,1,NaN,67,SAM 4:1,-0.000446,2.295825e-03,0.09
165.00,0.9923,60.0,1.8000,1.0e-03,-1,1.74532925e-03,cycling,4.29963408e-02,5.54293726e-02,1.74532925e-03,3.93362970e-02,4.005676e-01,20.0000,1,150.0698,0.973994,6.367566e-02,NaN,1,NaN,67,SAM 4:1,-0.000446,2.527829e-03,0.11
15.00,0.9961,60.0,1.8000,1.0e-03,-1,1.74532925e-03,error,NaN,NaN,NaN,NaN,NaN,NaN,0,NaN,NaN,NaN,NaN,1,NaN,-1,- 0:0,NaN,NaN,NaN
45.00,0.9961,60.0,1.8000,1.0e-03,-1,1.74532925e-03,error,NaN,NaN,NaN,NaN,NaN,NaN,0,NaN,NaN,NaN,NaN,1,NaN,-1,- 0:0,NaN,NaN,NaN
75.00,0.9961,60.0,1.8000,1.0e-03,-1,1.74532925e-03,error,NaN,NaN,NaN,NaN,NaN,NaN,0,NaN,NaN,NaN,NaN,1,NaN,-1,- 0:0,NaN,NaN,NaN
105.00,0.9961,60.0,1.8000,1.0e-03,-1,1.74532925e-03,spinup,1.00000000e+00,1.00000000e+00,1.74532925e-03,9.66953002e-01,6.381179e-02,3.2409,0,87.7611,1.000000,5.477306e-03,NaN,1,NaN,0,SAM 4:1,0.025560,3.616153e-02,0.03
135.00,0.9961,60.0,1.8000,1.0e-03,-1,1.74532925e-03,cycling,4.29963632e-02,5.77798284e-02,1.74532925e-03,3.93362985e-02,4.005682e-01,20.0000,1,150.0698,0.973994,1.135424e-01,NaN,1,NaN,71,SAM 4:1,-0.000446,1.652130e-03,0.19
165.00,0.9961,60.0,1.8000,1.0e-03,-1,1.74532925e-03,cycling,4.29963530e-02,5.69386489e-02,1.74532925e-03,3.93362979e-02,4.005680e-01,20.0000,1,150.0698,0.973994,8.097048e-02,NaN,1,NaN,69,SAM 4:1,-0.000446,5.468719e-04,0.15
15.00,0.3433,120.0,1.8000,1.0e-03,-1,8.72664626e-04,cycling,4.29963900e-02,5.89602506e-02,7.15928778e-05,3.93363018e-02,4.005706e-01,20.0000,1,150.0698,0.973994,3.083186e-01,NaN,1,NaN,76,SAM 4:1,-0.000446,1.523122e-03,1.00
45.00,0.3433,120.0,1.8000,1.0e-03,-1,8.72664626e-04,cycling,4.29962777e-02,5.73507431e-02,4.36903435e-04,3.93362894e-02,4.005620e-01,20.0000,1,150.0698,0.973994,7.131754e-03,NaN,1,NaN,52,SAM 4:1,-0.000446,9.769600e-04,0.09
75.00,0.3433,120.0,1.8000,1.0e-03,-1,8.72664626e-04,cycling,4.29961626e-02,5.42881036e-02,2.08562202e-05,3.93362843e-02,4.005616e-01,20.0000,1,150.0697,0.973994,3.940628e+00,1.7043,0,NaN,92,SAM 4:1,-0.000446,1.034869e-03,1.07
105.00,0.3433,120.0,1.8000,1.0e-03,-1,8.72664626e-04,cycling,4.29962439e-02,5.74930775e-02,4.59492019e-05,3.93362906e-02,4.005650e-01,20.0000,1,150.0697,0.973994,1.160476e+02,1.0526,0,NaN,84,SAM 4:1,-0.000446,2.754954e-03,1.35
135.00,0.3433,120.0,1.8000,1.0e-03,-1,8.72664626e-04,cycling,4.29962965e-02,5.53979024e-02,1.10665374e-04,3.93362948e-02,4.005672e-01,20.0000,1,150.0698,0.973994,1.562863e-01,NaN,1,NaN,80,SAM 4:1,-0.000446,7.521768e-04,0.60
165.00,0.3433,120.0,1.8000,1.0e-03,-1,8.72664626e-04,cycling,4.29962806e-02,5.68836064e-02,4.54951840e-05,3.93362858e-02,4.005578e-01,20.0000,1,150.0699,0.973994,6.730530e+00,1.0025,0,NaN,74,SAM 4:1,-0.000446,1.213304e-03,1.62
15.00,0.4120,120.0,1.8000,1.0e-03,-1,8.72664626e-04,cycling,4.29963044e-02,5.79348454e-02,5.19053113e-05,3.93362980e-02,4.005705e-01,20.0000,1,150.0697,0.973994,4.753955e-01,NaN,1,NaN,87,SAM 4:1,-0.000446,6.294521e-04,1.53
45.00,0.4120,120.0,1.8000,1.0e-03,-1,8.72664626e-04,cycling,4.29964097e-02,5.87601640e-02,4.60398315e-05,3.93363033e-02,4.005714e-01,20.0000,1,150.0698,0.973994,2.803628e+00,1.6040,0,NaN,93,SAM 4:1,-0.000446,2.569480e-03,0.80
75.00,0.4120,120.0,1.8000,1.0e-03,-1,8.72664626e-04,cycling,4.29962948e-02,5.48654988e-02,4.41034207e-04,3.93362946e-02,4.005670e-01,20.0000,1,150.0698,0.973994,1.811185e-02,NaN,1,NaN,69,SAM 4:1,-0.000446,5.212908e-04,0.23
105.00,0.4120,120.0,1.8000,1.0e-03,-1,8.72664626e-04,cycling,4.29963436e-02,5.92292833e-02,1.63962889e-05,3.93363025e-02,4.005736e-01,20.0000,1,150.0698,0.973994,2.849085e-01,NaN,1,NaN,97,SAM 4:1,-0.000446,2.462993e-04,1.75
135.00,0.4120,120.0,1.8000,1.0e-03,-1,8.72664626e-04,cycling,4.29965511e-02,5.72814221e-02,4.16019764e-04,3.93362971e-02,4.005576e-01,20.0000,1,150.0702,0.973994,4.443332e-01,NaN,1,NaN,105,SAM 4:1,-0.000446,2.277259e-03,0.60
165.00,0.4120,120.0,1.8000,1.0e-03,-1,8.72664626e-04,cycling,4.29964153e-02,5.82586338e-02,1.64494996e-04,3.93363009e-02,4.005684e-01,20.0000,1,150.0699,0.973994,1.051329e-01,NaN,1,NaN,85,SAM 4:1,-0.000446,4.255078e-04,0.42
15.00,0.4807,120.0,1.8000,1.0e-03,-1,8.72664626e-04,cycling,4.29963431e-02,5.91221042e-02,1.23575668e-04,3.93363019e-02,4.005730e-01,20.0000,1,150.0698,0.973994,1.276425e+02,2.1554,0,NaN,88,SAM 4:1,-0.000446,6.177190e-04,0.77
45.00,0.4807,120.0,1.8000,1.0e-03,-1,8.72664626e-04,cycling,4.29963707e-02,5.80340688e-02,4.83944029e-04,3.93362987e-02,4.005681e-01,20.0000,1,150.0698,0.973994,3.703034e-02,NaN,1,NaN,64,SAM 4:1,-0.000446,1.307866e-03,0.09
75.00,0.4807,120.0,1.8000,1.0e-03,-1,8.72664626e-04,cycling,4.29956758e-02,5.65933839e-02,3.18950975e-05,3.93362421e-02,4.005371e-01,20.0000,1,150.0695,0.973994,2.691104e+00,3.6090,0,NaN,130,SAM 4:1,-0.000446,2.010795e-03,1.92
105.00,0.4807,120.0,1.8000,1.0e-03,-1,8.72664626e-04,cycling,4.29964109e-02,5.90553095e-02,4.97742873e-05,3.93363029e-02,4.005709e-01,20.0000,1,150.0699,0.973994,4.333472e-01,NaN,1,NaN,116,SAM 4:1,-0.000446,1.259370e-03,0.75
135.00,0.4807,120.0,1.8000,1.0e-03,-1,8.72664626e-04,cycling,4.29963454e-02,5.80313193e-02,5.66674859e-05,3.93362889e-02,4.005582e-01,20.0000,1,150.0699,0.973994,1.253160e+00,1.6541,0,NaN,80,SAM 4:1,-0.000446,3.003410e-04,1.37
165.00,0.4807,120.0,1.8000,1.0e-03,-1,8.72664626e-04,cycling,4.29963668e-02,5.71210645e-02,4.93165090e-04,3.93362957e-02,4.005648e-01,20.0000,1,150.0699,0.973994,4.592517e-01,NaN,1,NaN,66,SAM 4:1,-0.000446,1.116075e-03,0.28
15.00,0.5493,120.0,1.8000,1.0e-03,-1,8.72664626e-04,cycling,4.29963555e-02,5.74703946e-02,4.12554012e-04,3.93362994e-02,4.005696e-01,20.0000,1,150.0698,0.973994,3.348218e-02,NaN,1,NaN,71,SAM 4:1,-0.000446,1.308293e-03,0.35
45.00,0.5493,120.0,1.8000,1.0e-03,-1,8.72664626e-04,cycling,3.17890644e-03,5.77291637e-03,2.61010824e-04,3.85224642e-03,8.854846e-01,20.0000,1,179.7457,0.275344,6.832479e-02,NaN,1,NaN,196,LAM 2:5,-0.010201,3.290733e-02,2.11
75.00,0.5493,120.0,1.8000,1.0e-03,-1,8.72664626e-04,cycling,4.29964189e-02,5.81315964e-02,5.06013428e-04,3.93363057e-02,4.005737e-01,20.0000,1,150.0698,0.973994,1.667525e-02,NaN,1,NaN,93,SAM 4:1,-0.000446,2.621927e-03,0.26
105.00,0.5493,120.0,1.8000,1.0e-03,-1,8.72664626e-04,cycling,4.29962932e-02,5.65585836e-02,5.35976700e-05,3.93362846e-02,4.005557e-01,20.0000,1,150.0699,0.973994,1.022755e-01,NaN,1,NaN,65,SAM 4:1,-0.000446,1.562749e-03,0.76
135.00,0.5493,120.0,1.8000,1.0e-03,-1,8.72664626e-04,cycling,4.29961730e-02,5.48210599e-02,1.21602207e-04,3.93362855e-02,4.005625e-01,20.0000,1,150.0697,0.973994,1.886346e-01,NaN,1,NaN,83,SAM 4:1,-0.000446,8.551144e-04,0.88
165.00,0.5493,120.0,1.8000,1.0e-03,-1,8.72664626e-04,cycling,4.29961817e-02,5.50652538e-02,1.16333313e-05,3.93362717e-02,4.005464e-01,20.0000,1,150.0699,0.973994,9.436665e+02,1.9549,0,NaN,107,SAM 4:1,-0.000446,3.114156e-03,2.27
15.00,0.6180,120.0,1.8000,1.0e-03,-1,8.72664626e-04,cycling,4.29964078e-02,5.79263416e-02,4.31679601e-04,3.93363010e-02,4.005689e-01,20.0000,1,150.0699,0.973994,3.852319e-02,NaN,1,NaN,69,SAM 4:1,-0.000446,1.618423e-03,0.18
45.00,0.6180,120.0,1.8000,1.0e-03,-1,8.72664626e-04,cycling,4.29963780e-02,5.83148812e-02,4.33676516e-04,3.93362988e-02,4.005678e-01,20.0000,1,150.0699,0.973994,5.687204e-02,NaN,1,NaN,61,SAM 4:1,-0.000446,5.785032e-04,0.08
75.00,0.6180,120.0,1.8000,1.0e-03,-1,8.72664626e-04,cycling,4.29964614e-02,5.69423743e-02,4.85720226e-04,3.93363004e-02,4.005656e-01,20.0000,1,150.0700,0.973994,1.168033e-02,NaN,1,NaN,77,SAM 4:1,-0.000446,7.732232e-05,0.27
105.00,0.6180,120.0,1.8000,1.0e-03,-1,8.72664626e-04,cycling,4.29958351e-02,5.66093566e-02,9.48513705e-05,3.93362530e-02,4.005418e-01,20.0000,1,150.0696,0.973994,5.616786e-01,NaN,1,NaN,101,SAM 4:1,-0.000446,8.608605e-04,1.17
135.00,0.6180,120.0,1.8000,1.0e-03,-1,8.72664626e-04,cycling,4.29961588e-02,5.86181906e-02,2.71357097e-04,3.93362767e-02,4.005533e-01,20.0000,1,150.0698,0.973994,2.675764e-01,NaN,1,NaN,69,SAM 4:1,-0.000446,2.236756e-03,0.53
165.00,0.6180,120.0,1.8000,1.0e-03,-1,8.72664626e-04,cycling,4.29961540e-02,5.63206186e-02,2.35523544e-04,3.93362829e-02,4.005604e-01,20.0000,1,150.0697,0.973994,2.750034e-01,NaN,1,NaN,137,SAM 4:1,-0.000446,4.262841e-04,0.63
15.00,0.6867,120.0,1.8000,1.0e-03,-1,8.72664626e-04,cycling,4.29963439e-02,5.79407450e-02,3.92049049e-04,3.93363009e-02,4.005719e-01,20.0000,1,150.0698,0.973994,4.628278e-02,NaN,1,NaN,77,SAM 4:1,-0.000446,2.558326e-03,0.29
45.00,0.6867,120.0,1.8000,1.0e-03,-1,8.72664626e-04,cycling,4.29961570e-02,5.93732242e-02,3.67432397e-04,3.93362821e-02,4.005595e-01,20.0000,1,150.0697,0.973994,6.384186e-02,NaN,1,NaN,63,SAM 4:1,-0.000446,4.688241e-03,0.17
75.00,0.6867,120.0,1.8000,1.0e-03,-1,8.72664626e-04,cycling,4.29963100e-02,5.72578296e-02,4.80934896e-04,3.93362873e-02,4.005581e-01,20.0000,1,150.0699,0.973994,1.428627e-02,NaN,1,NaN,69,SAM 4:1,-0.000446,1.339116e-03,0.19
105.00,0.6867,120.0,1.8000,1.0e-03,-1,8.72664626e-04,cycling,4.29963837e-02,5.79116304e-02,7.01906454e-04,3.93363008e-02,4.005699e-01,20.0000,1,150.0698,0.973994,1.908701e-01,NaN,1,NaN,69,SAM 4:1,-0.000446,2.083713e-03,0.18
135.00,0.6867,120.0,1.8000,1.0e-03,-1,8.72664626e-04,cycling,4.29961572e-02,5.76732157e-02,4.42117524e-04,3.93362790e-02,4.005560e-01,20.0000,1,150.0698,0.973994,2.618982e-01,NaN,1,NaN,69,SAM 4:1,-0.000446,3.844559e-04,0.34
165.00,0.6867,120.0,1.8000,1.0e-03,-1,8.72664626e-04,cycling,4.29964834e-02,5.81665988e-02,3.50147702e-04,3.93362967e-02,4.005603e-01,20.0000,1,150.0701,0.973994,4.407978e+00,0.6015,0,NaN,99,SAM 4:1,-0.000446,1.784777e-03,0.46
15.00,0.7554,120.0,1.8000,1.0e-03,-1,8.72664626e-04,cycling,4.29963281e-02,5.50253021e-02,7.46961298e-04,3.93362898e-02,4.005600e-01,20.0000,1,150.0699,0.973994,4.778908e-02,NaN,1,NaN,64,SAM 4:1,-0.000446,1.135592e-03,0.19
45.00,0.7554,120.0,1.8000,1.0e-03,-1,8.72664626e-04,cycling,4.29963532e-02,5.69673955e-02,7.51656446e-04,3.93362979e-02,4.005680e-01,20.0000,1,150.0698,0.973994,7.108231e-02,NaN,1,NaN,62,SAM 4:1,-0.000446,6.385589e-04,0.08
75.00,0.7554,120.0,1.8000,1.0e-03,-1,8.72664626e-04,cycling,4.29964083e-02,5.75102955e-02,6.49181402e-04,3.93362997e-02,4.005674e-01,20.0000,1,150.0699,0.973994,2.800064e-02,NaN,1,NaN,78,SAM 4:1,-0.000446,1.137212e-03,0.18
105.00,0.7554,120.0,1.8000,1.0e-03,-1,8.72664626e-04,cycling,3.58739202e-03,6.02265933e-03,8.72664626e-04,3.90706229e-03,8.922087e-01,20.0000,1,179.7217,0.274719,1.647240e-02,NaN,1,NaN,139,LAM 2:5,-0.010826,2.142945e-01,1.12
135.00,0.7554,120.0,1.8000,1.0e-03,-1,8.72664626e-04,cycling,4.29960698e-02,5.70222305e-02,5.89459322e-04,3.93362799e-02,4.005612e-01,20.0000,1,150.0696,0.973994,7.199472e-02,NaN,1,NaN,108,SAM 4:1,-0.000446,2.330645e-03,0.39
165.00,0.7554,120.0,1.8000,1.0e-03,-1,8.72664626e-04,cycling,4.29966890e-02,5.78532258e-02,3.79934080e-04,3.93363322e-02,4.005908e-01,20.0000,1,150.0699,0.973994,4.824529e-02,NaN,1,NaN,116,SAM 4:1,-0.000446,2.075650e-03,0.57
15.00,0.8240,120.0,1.8000,1.0e-03,-1,8.72664626e-04,cycling,4.29960458e-02,5.66249612e-02,7.06897926e-04,3.93362712e-02,4.005524e-01,20.0000,1,150.0697,0.973994,5.452254e-02,NaN,1,NaN,80,SAM 4:1,-0.000446,2.940264e-03,0.28
45.00,0.8240,120.0,1.8000,1.0e-03,-1,8.72664626e-04,cycling,2.89758489e-03,6.19883003e-03,8.72664626e-04,4.11656574e-03,8.521685e-01,20.0000,1,179.7711,0.281487,8.051910e-02,NaN,1,NaN,139,LAM 2:5,-0.004058,1.428630e-01,1.12
75.00,0.8240,120.0,1.8000,1.0e-03,-1,8.72664626e-04,cycling,4.29963235e-02,5.71148974e-02,8.72664626e-04,3.93362911e-02,4.005617e-01,20.0000,1,150.0699,0.973994,1.667882e-02,NaN,1,NaN,58,SAM 4:1,-0.000446,3.880293e-03,0.10
105.00,0.8240,120.0,1.8000,1.0e-03,-1,8.72664626e-04,cycling,4.29963201e-02,5.56579880e-02,7.80387118e-04,3.93362954e-02,4.005667e-01,20.0000,1,150.0698,0.973994,1.716355e-02,NaN,1,NaN,56,SAM 4:1,-0.000446,2.232920e-03,0.08
135.00,0.8240,120.0,1.8000,1.0e-03,-1,8.72664626e-04,cycling,4.11079497e-03,5.84574674e-03,5.73898432e-04,3.69237882e-03,9.154342e-01,20.0000,1,179.6645,0.274661,8.148856e-02,NaN,1,NaN,155,LAM 2:5,-0.010884,1.428630e-01,1.16
165.00,0.8240,120.0,1.8000,1.0e-03,-1,8.72664626e-04,cycling,4.04728642e-03,5.84361497e-03,6.04154854e-04,3.74091287e-03,9.174596e-01,20.0000,1,179.6512,0.274662,5.500726e-02,NaN,1,NaN,151,LAM 2:5,-0.010883,1.308291e-02,1.16
15.00,0.8927,120.0,1.8000,1.0e-03,-1,8.72664626e-04,error,NaN,NaN,NaN,NaN,NaN,NaN,0,NaN,NaN,NaN,NaN,1,NaN,-1,- 0:0,NaN,NaN,NaN
45.00,0.8927,120.0,1.8000,1.0e-03,-1,8.72664626e-04,spinup,1.00000000e+00,1.00000000e+00,7.32304063e-04,9.69057396e-01,5.939031e-02,3.2316,0,88.6277,1.000000,1.037075e-01,NaN,1,NaN,6,SAM 4:1,0.025560,3.938912e-02,0.02
75.00,0.8927,120.0,1.8000,1.0e-03,-1,8.72664626e-04,cycling,3.21806536e-03,6.17532903e-03,8.72664626e-04,3.79014987e-03,8.596860e-01,20.0000,1,179.7448,0.275139,1.237741e-02,NaN,1,NaN,144,LAM 2:5,-0.010406,7.143149e-02,1.13
105.00,0.8927,120.0,1.8000,1.0e-03,-1,8.72664626e-04,cycling,4.29962816e-02,5.75068846e-02,8.72664626e-04,3.93362892e-02,4.005616e-01,20.0000,1,150.0698,0.973994,1.286353e-02,NaN,1,NaN,43,SAM 4:1,-0.000446,1.355694e-03,0.08
135.00,0.8927,120.0,1.8000,1.0e-03,-1,8.72664626e-04,cycling,4.29963728e-02,5.90244695e-02,8.72664626e-04,3.93363009e-02,4.005705e-01,20.0000,1,150.0698,0.973994,9.639449e-02,NaN,1,NaN,77,SAM 4:1,-0.000446,1.736680e-03,0.18
165.00,0.8927,120.0,1.8000,1.0e-03,-1,8.72664626e-04,cycling,4.29964038e-02,5.80688290e-02,8.72664626e-04,3.93363013e-02,4.005694e-01,20.0000,1,150.0699,0.973994,6.707121e-02,NaN,1,NaN,81,SAM 4:1,-0.000446,3.419528e-03,0.18
15.00,0.9652,120.0,1.8000,1.0e-03,-1,8.72664626e-04,spinup,1.00000000e+00,1.00000000e+00,8.72664626e-04,9.61600890e-01,7.461790e-02,3.2833,0,85.1623,1.000000,5.369991e-02,NaN,1,NaN,2,SAM 4:1,0.025560,4.017948e-03,0.02
45.00,0.9652,120.0,1.8000,1.0e-03,-1,8.72664626e-04,spinup,1.00000000e+00,1.00000000e+00,8.72664626e-04,9.71210780e-01,5.488584e-02,3.2202,0,89.4898,1.000000,1.501803e-01,NaN,1,NaN,2,SAM 4:1,0.025560,4.017948e-03,0.07
75.00,0.9652,120.0,1.8000,1.0e-03,-1,8.72664626e-04,cycling,4.29963294e-02,5.44834302e-02,8.72664626e-04,3.93362961e-02,4.005670e-01,20.0000,1,150.0698,0.973994,5.882080e-01,NaN,1,NaN,61,SAM 4:1,-0.000446,6.404450e-04,0.09
105.00,0.9652,120.0,1.8000,1.0e-03,-1,8.72664626e-04,cycling,4.29963612e-02,5.58259624e-02,8.72664626e-04,3.93362952e-02,4.005646e-01,20.0000,1,150.0699,0.973994,5.267283e-01,NaN,1,NaN,47,SAM 4:1,-0.000446,2.422531e-03,0.08
135.00,0.9652,120.0,1.8000,1.0e-03,-1,8.72664626e-04,cycling,4.29963748e-02,5.82841133e-02,8.72664626e-04,3.93362988e-02,4.005680e-01,20.0000,1,150.0698,0.973994,2.722102e-02,NaN,1,NaN,67,SAM 4:1,-0.000446,3.228416e-03,0.08
165.00,0.9652,120.0,1.8000,1.0e-03,-1,8.72664626e-04,cycling,4.29922355e-03,5.98691387e-03,8.72664626e-04,3.67668590e-03,9.295823e-01,20.0000,1,179.5753,0.274659,1.151796e-01,NaN,1,NaN,136,LAM 2:5,-0.010886,4.017948e-03,1.42
15.00,0.9691,120.0,1.8000,1.0e-03,-1,8.72664626e-04,spinup,1.00000000e+00,1.00000000e+00,8.72664626e-04,9.61482361e-01,7.486467e-02,3.2844,0,85.1085,1.000000,3.076231e-02,NaN,1,NaN,1,SAM 4:1,0.025560,8.035896e-03,0.02
45.00,0.9691,120.0,1.8000,1.0e-03,-1,8.72664626e-04,error,NaN,NaN,NaN,NaN,NaN,NaN,0,NaN,NaN,NaN,NaN,1,NaN,-1,- 0:0,NaN,NaN,NaN
75.00,0.9691,120.0,1.8000,1.0e-03,-1,8.72664626e-04,cycling,4.29963576e-02,5.73623680e-02,8.72664626e-04,3.93362982e-02,4.005681e-01,20.0000,1,150.0698,0.973994,6.847219e-01,NaN,1,NaN,68,SAM 4:1,-0.000446,2.168168e-03,0.09
105.00,0.9691,120.0,1.8000,1.0e-03,-1,8.72664626e-04,cycling,4.29963402e-02,5.59922006e-02,8.72664626e-04,3.93362930e-02,4.005630e-01,20.0000,1,150.0699,0.973994,6.353368e-01,NaN,1,NaN,46,SAM 4:1,-0.000446,2.308690e-03,0.07
135.00,0.9691,120.0,1.8000,1.0e-03,-1,8.72664626e-04,cycling,4.29963750e-02,5.82901606e-02,8.72664626e-04,3.93362988e-02,4.005680e-01,20.0000,1,150.0699,0.973994,1.164496e-01,NaN,1,NaN,68,SAM 4:1,-0.000446,3.039169e-03,0.08
165.00,0.9691,120.0,1.8000,1.0e-03,-1,8.72664626e-04,cycling,4.10907542e-03,5.96447483e-03,8.72664626e-04,3.69994209e-03,9.158129e-01,20.0000,1,179.6434,0.274661,8.014744e-02,NaN,1,NaN,137,LAM 2:5,-0.010884,8.035896e-03,1.14
15.00,0.9730,120.0,1.8000,1.0e-03,-1,8.72664626e-04,error,NaN,NaN,NaN,NaN,NaN,NaN,0,NaN,NaN,NaN,NaN,1,NaN,-1,- 0:0,NaN,NaN,NaN
45.00,0.9730,120.0,1.8000,1.0e-03,-1,8.72664626e-04,spinup,1.00000000e+00,1.00000000e+00,8.72664626e-04,9.68196769e-01,6.123673e-02,3.2347,0,88.3020,1.000000,2.573788e-01,NaN,1,NaN,1,SAM 4:1,0.025560,1.205384e-02,0.02
75.00,0.9730,120.0,1.8000,1.0e-03,-1,8.72664626e-04,cycling,4.29963799e-02,5.82584444e-02,8.72664626e-04,3.93362986e-02,4.005675e-01,20.0000,1,150.0699,0.973994,6.896485e-01,NaN,1,NaN,68,SAM 4:1,-0.000446,1.146623e-03,0.08
105.00,0.9730,120.0,1.8000,1.0e-03,-1,8.72664626e-04,cycling,4.29963433e-02,5.58018587e-02,8.72664626e-04,3.93362972e-02,4.005677e-01,20.0000,1,150.0698,0.973994,6.520768e-01,NaN,1,NaN,66,SAM 4:1,-0.000446,2.787395e-03,0.09
135.00,0.9730,120.0,1.8000,1.0e-03,-1,8.72664626e-04,cycling,4.29963788e-02,5.82779147e-02,8.72664626e-04,3.93362987e-02,4.005677e-01,20.0000,1,150.0699,0.973994,1.822353e-01,NaN,1,NaN,66,SAM 4:1,-0.000446,5.887473e-05,0.09
165.00,0.9730,120.0,1.8000,1.0e-03,-1,8.72664626e-04,cycling,4.36988987e-03,5.95464748e-03,8.72664626e-04,3.67556564e-03,9.005474e-01,20.0000,1,179.7409,0.274659,3.763303e-02,NaN,1,NaN,141,LAM 2:5,-0.010886,1.205384e-02,1.13
15.00,0.9768,120.0,1.8000,1.0e-03,-1,8.72664626e-04,error,NaN,NaN,NaN,NaN,NaN,NaN,0,NaN,NaN,NaN,NaN,1,NaN,-1,- 0:0,NaN,NaN,NaN
45.00,0.9768,120.0,1.8000,1.0e-03,-1,8.72664626e-04,error,NaN,NaN,NaN,NaN,NaN,NaN,0,NaN,NaN,NaN,NaN,1,NaN,-1,- 0:0,NaN,NaN,NaN
75.00,0.9768,120.0,1.8000,1.0e-03,-1,8.72664626e-04,cycling,4.05535468e-03,5.93486187e-03,8.72664626e-04,3.73473846e-03,9.166868e-01,20.0000,1,179.7318,0.274662,6.423430e-01,NaN,1,NaN,140,LAM 2:5,-0.010883,1.607179e-02,1.09
105.00,0.9768,120.0,1.8000,1.0e-03,-1,8.72664626e-04,cycling,4.29963771e-02,5.82909012e-02,8.72664626e-04,3.93362988e-02,4.005679e-01,20.0000,1,150.0699,0.973994,6.163100e-01,NaN,1,NaN,69,SAM 4:1,-0.000446,1.274655e-03,0.08
135.00,0.9768,120.0,1.8000,1.0e-03,-1,8.72664626e-04,cycling,4.29963781e-02,5.78625865e-02,8.72664626e-04,3.93362975e-02,4.005663e-01,20.0000,1,150.0699,0.973994,2.377712e-01,NaN,1,NaN,69,SAM 4:1,-0.000446,8.427398e-04,0.10
165.00,0.9768,120.0,1.8000,1.0e-03,-1,8.72664626e-04,cycling,4.38812780e-03,5.95179201e-03,8.72664626e-04,3.67021699e-03,9.010149e-01,20.0000,1,179.5189,0.274659,1.147408e-02,NaN,1,NaN,146,LAM 2:5,-0.010886,1.607179e-02,1.12
15.00,0.9807,120.0,1.8000,1.0e-03,-1,8.72664626e-04,spinup,1.00000000e+00,1.00000000e+00,8.72664626e-04,9.61168517e-01,7.551999e-02,3.2873,0,84.9674,1.000000,8.083450e-02,NaN,1,NaN,0,SAM 4:1,0.025560,2.008974e-02,0.02
45.00,0.9807,120.0,1.8000,1.0e-03,-1,8.72664626e-04,error,NaN,NaN,NaN,NaN,NaN,NaN,0,NaN,NaN,NaN,NaN,1,NaN,-1,- 0:0,NaN,NaN,NaN
75.00,0.9807,120.0,1.8000,1.0e-03,-1,8.72664626e-04,cycling,3.57870373e-03,6.08077295e-03,8.72664626e-04,3.88323159e-03,8.957722e-01,20.0000,1,179.7218,0.274719,5.585894e-01,NaN,1,NaN,154,LAM 2:5,-0.010826,2.008974e-02,1.20
105.00,0.9807,120.0,1.8000,1.0e-03,-1,8.72664626e-04,cycling,4.07609989e-03,5.93576022e-03,8.72664626e-04,3.70248766e-03,9.159544e-01,20.0000,1,179.7405,0.274662,5.438271e-01,NaN,1,NaN,140,LAM 2:5,-0.010883,2.008974e-02,1.11
135.00,0.9807,120.0,1.8000,1.0e-03,-1,8.72664626e-04,cycling,4.29962730e-02,5.76496087e-02,8.72664626e-04,3.93362875e-02,4.005600e-01,20.0000,1,150.0698,0.973994,2.873331e-01,NaN,1,NaN,57,SAM 4:1,-0.000446,3.727679e-03,0.12
165.00,0.9807,120.0,1.8000,1.0e-03,-1,8.72664626e-04,cycling,4.29433663e-03,5.95455069e-03,8.72664626e-04,3.65778697e-03,9.376596e-01,20.0000,1,179.5420,0.274659,6.607221e-02,NaN,1,NaN,140,LAM 2:5,-0.010886,2.008974e-02,1.12
15.00,0.9845,120.0,1.8000,1.0e-03,-1,8.72664626e-04,error,NaN,NaN,NaN,NaN,NaN,NaN,0,NaN,NaN,NaN,NaN,1,NaN,-1,- 0:0,NaN,NaN,NaN
45.00,0.9845,120.0,1.8000,1.0e-03,-1,8.72664626e-04,spinup,1.00000000e+00,1.00000000e+00,8.72664626e-04,9.65064516e-01,6.752531e-02,3.2557,0,86.7964,1.000000,3.403835e-01,NaN,1,NaN,0,SAM 4:1,0.025560,2.410769e-02,0.02
75.00,0.9845,120.0,1.8000,1.0e-03,-1,8.72664626e-04,cycling,4.29962674e-02,5.79415466e-02,6.11844290e-04,3.93362951e-02,4.005690e-01,20.0000,1,150.0697,0.973994,4.470671e-01,NaN,1,NaN,99,SAM 4:1,-0.000446,9.272409e-04,0.30
105.00,0.9845,120.0,1.8000,1.0e-03,-1,8.72664626e-04,cycling,3.55803699e-03,6.09165197e-03,8.72664626e-04,3.87914782e-03,8.989405e-01,20.0000,1,179.7232,0.274727,4.433136e-01,NaN,1,NaN,150,LAM 2:5,-0.010818,2.410769e-02,1.12
135.00,0.9845,120.0,1.8000,1.0e-03,-1,8.72664626e-04,cycling,4.08050903e-03,5.93654759e-03,8.72664626e-04,3.70861260e-03,9.125048e-01,20.0000,1,179.7031,0.274662,3.328765e-01,NaN,1,NaN,138,LAM 2:5,-0.010883,2.410769e-02,1.12
165.00,0.9845,120.0,1.8000,1.0e-03,-1,8.72664626e-04,cycling,4.07309238e-03,5.96530862e-03,8.72664626e-04,3.74960362e-03,9.160541e-01,20.0000,1,179.7371,0.274662,1.252651e-01,NaN,1,NaN,140,LAM 2:5,-0.010883,2.410769e-02,1.14
15.00,0.9884,120.0,1.8000,1.0e-03,-1,8.72664626e-04,error,NaN,NaN,NaN,NaN,NaN,NaN,0,NaN,NaN,NaN,NaN,1,NaN,-1,- 0:0,NaN,NaN,NaN
45.00,0.9884,120.0,1.8000,1.0e-03,-1,8.72664626e-04,spinup,1.00000000e+00,1.00000000e+00,8.72664626e-04,9.64282474e-01,6.910430e-02,3.2615,0,86.4170,1.000000,3.614692e-01,NaN,1,NaN,0,SAM 4:1,0.025560,2.812564e-02,0.02
75.00,0.9884,120.0,1.8000,1.0e-03,-1,8.72664626e-04,spinup,1.00000000e+00,1.00000000e+00,8.72664626e-04,9.71644761e-01,5.399504e-02,3.2171,0,89.6702,1.000000,3.133569e-01,NaN,1,NaN,0,SAM 4:1,0.025560,2.812564e-02,0.02
105.00,0.9884,120.0,1.8000,1.0e-03,-1,8.72664626e-04,cycling,4.29964092e-02,5.76118438e-02,8.72664626e-04,3.93363002e-02,4.005679e-01,20.0000,1,150.0699,0.973994,3.203564e-01,NaN,1,NaN,89,SAM 4:1,-0.000446,2.997303e-04,0.18
135.00,0.9884,120.0,1.8000,1.0e-03,-1,8.72664626e-04,cycling,3.60694560e-03,5.97229346e-03,8.72664626e-04,3.89602295e-03,8.984013e-01,20.0000,1,179.7202,0.274714,3.754682e-01,NaN,1,NaN,140,LAM 2:5,-0.010831,2.812564e-02,1.11
165.00,0.9884,120.0,1.8000,1.0e-03,-1,8.72664626e-04,cycling,4.21451686e-03,5.99513073e-03,8.72664626e-04,3.73399275e-03,9.150152e-01,20.0000,1,179.7203,0.274660,1.883361e-01,NaN,1,NaN,130,LAM 2:5,-0.010885,2.812564e-02,1.17
15.00,0.9923,120.0,1.8000,1.0e-03,-1,8.72664626e-04,spinup,1.00000000e+00,1.00000000e+00,8.72664626e-04,9.60919547e-01,7.604351e-02,3.2896,0,84.8577,1.000000,2.372000e-01,NaN,1,NaN,0,SAM 4:1,0.025560,3.214359e-02,0.02
45.00,0.9923,120.0,1.8000,1.0e-03,-1,8.72664626e-04,error,NaN,NaN,NaN,NaN,NaN,NaN,0,NaN,NaN,NaN,NaN,1,NaN,-1,- 0:0,NaN,NaN,NaN
75.00,0.9923,120.0,1.8000,1.0e-03,-1,8.72664626e-04,spinup,1.00000000e+00,1.00000000e+00,8.72664626e-04,9.67950269e-01,6.178873e-02,3.2350,0,88.2222,1.000000,1.613979e-01,NaN,1,NaN,0,SAM 4:1,0.025560,3.214359e-02,0.02
105.00,0.9923,120.0,1.8000,1.0e-03,-1,8.72664626e-04,cycling,4.29963530e-02,5.80778577e-02,6.41046575e-04,3.93362994e-02,4.005697e-01,20.0000,1,150.0698,0.973994,1.789005e-01,NaN,1,NaN,99,SAM 4:1,-0.000446,2.917794e-04,0.51
135.00,0.9923,120.0,1.8000,1.0e-03,-1,8.72664626e-04,cycling,3.34691337e-03,6.12596991e-03,8.72664626e-04,3.85866140e-03,8.987571e-01,20.0000,1,179.7333,0.274885,4.157573e-01,NaN,1,NaN,144,LAM 2:5,-0.010660,3.214359e-02,1.13
165.00,0.9923,120.0,1.8000,1.0e-03,-1,8.72664626e-04,cycling,3.67727770e-03,6.07500890e-03,8.72664626e-04,3.89024907e-03,9.210210e-01,20.0000,1,179.7043,0.274708,2.547026e-01,NaN,1,NaN,138,LAM 2:5,-0.010837,3.214359e-02,1.13
15.00,0.9961,120.0,1.8000,1.0e-03,-1,8.72664626e-04,error,NaN,NaN,NaN,NaN,NaN,NaN,0,NaN,NaN,NaN,NaN,1,NaN,-1,- 0:0,NaN,NaN,NaN
45.00,0.9961,120.0,1.8000,1.0e-03,-1,8.72664626e-04,error,NaN,NaN,NaN,NaN,NaN,NaN,0,NaN,NaN,NaN,NaN,1,NaN,-1,- 0:0,NaN,NaN,NaN
75.00,0.9961,120.0,1.8000,1.0e-03,-1,8.72664626e-04,error,NaN,NaN,NaN,NaN,NaN,NaN,0,NaN,NaN,NaN,NaN,1,NaN,-1,- 0:0,NaN,NaN,NaN
105.00,0.9961,120.0,1.8000,1.0e-03,-1,8.72664626e-04,spinup,1.00000000e+00,1.00000000e+00,8.72664626e-04,9.72966479e-01,5.089103e-02,3.2128,0,89.9616,1.000000,2.190922e-02,NaN,1,NaN,0,SAM 4:1,0.025560,3.616153e-02,0.02
135.00,0.9961,120.0,1.8000,1.0e-03,-1,8.72664626e-04,cycling,4.29964137e-02,5.83276620e-02,8.72664626e-04,3.93363012e-02,4.005688e-01,20.0000,1,150.0699,0.973994,4.541696e-01,NaN,1,NaN,81,SAM 4:1,-0.000446,2.249717e-03,0.17
165.00,0.9961,120.0,1.8000,1.0e-03,-1,8.72664626e-04,cycling,2.92422627e-03,6.32545457e-03,8.72664626e-04,4.10692892e-03,8.534832e-01,20.0000,1,179.7688,0.280147,3.238819e-01,NaN,1,NaN,140,LAM 2:5,-0.005398,3.616153e-02,1.12
15.00,0.3433,20.0,5.0000,1.0e-03,-1,5.23598776e-03,cycling,1.39696549e-02,1.73511883e-02,1.43763686e-03,1.19911787e-02,4.272868e-01,20.0000,1,150.3053,0.971281,5.531206e-03,NaN,1,NaN,28,SAM 4:1,-0.003159,3.992328e-03,0.20
45.00,0.3433,20.0,5.0000,1.0e-03,-1,5.23598776e-03,cycling,1.41813081e-02,1.66972522e-02,1.59357280e-03,1.20142848e-02,4.276707e-01,20.0000,1,148.5420,0.972439,1.756769e-03,NaN,1,NaN,22,SAM 4:1,-0.002001,5.188599e-03,0.20
75.00,0.3433,20.0,5.0000,1.0e-03,-1,5.23598776e-03,cycling,1.31267932e-02,1.48463778e-02,1.36009896e-03,1.19962670e-02,4.246175e-01,20.0000,1,149.3314,0.970292,1.722058e-03,NaN,1,NaN,16,SAM 4:1,-0.004148,1.952247e-03,0.20
105.00,0.3433,20.0,5.0000,1.0e-03,-1,5.23598776e-03,cycling,1.02871695e-02,1.58554093e-02,2.31641117e-03,1.20610457e-02,4.235349e-01,20.0000,1,140.7088,0.971278,2.253083e-03,NaN,1,NaN,16,SAM 4:1,-0.003162,3.466749e-03,0.20
135.00,0.3433,20.0,5.0000,1.0e-03,-1,5.23598776e-03,cycling,1.40783067e-02,1.72644199e-02,2.28994123e-03,1.19924440e-02,4.284954e-01,20.0000,1,150.3250,0.971450,9.004829e-04,NaN,1,NaN,16,SAM 4:1,-0.002990,4.831667e-03,0.19
165.00,0.3433,20.0,5.0000,1.0e-03,-1,5.23598776e-03,cycling,1.37452044e-02,1.75570008e-02,2.22835968e-03,1.19909142e-02,4.282863e-01,20.0000,1,150.1202,0.970987,1.133425e-03,NaN,1,NaN,16,SAM 4:1,-0.003453,2.636419e-03,0.19
15.00,0.4120,20.0,5.0000,1.0e-03,-1,5.23598776e-03,cycling,1.41874517e-02,1.67131549e-02,1.73492367e-03,1.20138461e-02,4.279280e-01,20.0000,1,148.5908,0.972424,1.347591e-03,NaN,1,NaN,15,SAM 4:1,-0.002016,5.317954e-03,0.20
45.00,0.4120,20.0,5.0000,1.0e-03,-1,5.23598776e-03,cycling,1.40648338e-02,1.72765439e-02,1.34870289e-03,1.19922218e-02,4.288219e-01,20.0000,1,150.3271,0.971427,9.124511e-04,NaN,1,NaN,17,SAM 4:1,-0.003013,4.715605e-03,0.20
75.00,0.4120,20.0,5.0000,1.0e-03,-1,5.23598776e-03,cycling,1.09567626e-02,1.48464646e-02,2.12856831e-03,1.20277900e-02,4.224733e-01,20.0000,1,144.7775,0.968821,1.130754e-03,NaN,1,NaN,15,SAM 5:1,0.002971,4.513928e-03,0.21
105.00,0.4120,20.0,5.0000,1.0e-03,-1,5.23598776e-03,cycling,1.00451250e-02,1.48428468e-02,2.64389088e-03,1.20501976e-02,4.230271e-01,20.0000,1,141.4625,0.969389,8.525821e-04,NaN,1,NaN,15,SAM 5:1,0.003538,4.069281e-03,0.20
135.00,0.4120,20.0,5.0000,1.0e-03,-1,5.23598776e-03,cycling,1.33460522e-02,1.63315784e-02,2.69749836e-03,1.20411776e-02,4.272565e-01,20.0000,1,144.9865,0.973312,7.233204e-04,NaN,1,NaN,15,SAM 4:1,-0.001128,1.412798e-03,0.19
165.00,0.4120,20.0,5.0000,1.0e-03,-1,5.23598776e-03,cycling,1.37443727e-02,1.64455127e-02,2.66282004e-03,1.20319846e-02,4.265373e-01,20.0000,1,146.3154,0.973034,6.500360e-04,NaN,1,NaN,15,SAM 4:1,-0.001406,2.578572e-03,0.21
15.00,0.4807,20.0,5.0000,1.0e-03,-1,5.23598776e-03,cycling,1.41053062e-02,1.66458098e-02,1.98974747e-03,1.20187951e-02,4.268071e-01,20.0000,1,148.0202,0.972595,7.416164e-04,NaN,1,NaN,14,SAM 4:1,-0.001845,4.483275e-03,0.19
45.00,0.4807,20.0,5.0000,1.0e-03,-1,5.23598776e-03,cycling,1.28598296e-02,1.62691438e-02,2.30292682e-03,1.20490944e-02,4.260710e-01,20.0000,1,143.7466,0.973490,1.723327e-03,NaN,1,NaN,14,SAM 4:1,-0.000950,3.304533e-04,0.20
75.00,0.4807,20.0,5.0000,1.0e-03,-1,5.23598776e-03,cycling,1.11825820e-02,1.62105509e-02,2.38473500e-03,1.20621953e-02,4.250976e-01,20.0000,1,141.2302,0.972880,1.718333e-03,NaN,1,NaN,14,SAM 4:1,-0.001560,4.813577e-03,0.20
105.00,0.4807,20.0,5.0000,1.0e-03,-1,5.23598776e-03,cycling,1.41885468e-02,1.48454522e-02,3.16084897e-03,1.19955073e-02,4.282962e-01,20.0000,1,150.2116,0.971673,5.341902e-04,NaN,1,NaN,14,SAM 4:1,-0.002767,6.132864e-03,0.20
135.00,0.4807,20.0,5.0000,1.0e-03,-1,5.23598776e-03,cycling,1.10947804e-02,1.58205624e-02,3.07956517e-03,1.20624064e-02,4.246261e-01,20.0000,1,141.1527,0.972781,1.367088e-03,NaN,1,NaN,14,SAM 4:1,-0.001659,2.250917e-03,0.20
165.00,0.4807,20.0,5.0000,1.0e-03,-1,5.23598776e-03,cycling,1.15363816e-02,1.59113179e-02,3.01765735e-03,1.20608628e-02,4.250177e-01,20.0000,1,141.5909,0.973194,1.504475e-03,NaN,1,NaN,14,SAM 4:1,-0.001246,1.365878e-03,0.19
15.00,0.5493,20.0,5.0000,1.0e-03,-1,5.23598776e-03,error,NaN,NaN,NaN,NaN,NaN,NaN,0,NaN,NaN,NaN,NaN,1,NaN,-1,- 0:0,NaN,NaN,NaN
45.00,0.5493,20.0,5.0000,1.0e-03,-1,5.23598776e-03,cycling,1.05384809e-02,1.54461083e-02,2.64864331e-03,1.20623454e-02,4.248884e-01,20.0000,1,140.7815,0.971902,1.349280e-03,NaN,1,NaN,13,SAM 4:1,-0.002538,3.536024e-03,0.20
75.00,0.5493,20.0,5.0000,1.0e-03,-1,5.23598776e-03,cycling,1.27937144e-02,1.48457360e-02,2.47680227e-03,1.20499796e-02,4.261829e-01,20.0000,1,143.6015,0.973503,9.450768e-04,NaN,1,NaN,13,SAM 4:1,-0.000937,4.147082e-03,0.20
105.00,0.5493,20.0,5.0000,1.0e-03,-1,5.23598776e-03,cycling,1.24356955e-02,1.48437441e-02,3.32153922e-03,1.20541503e-02,4.267387e-01,20.0000,1,142.8943,0.973524,9.643521e-04,NaN,1,NaN,13,SAM 4:1,-0.000916,4.921476e-03,0.23
135.00,0.5493,20.0,5.0000,1.0e-03,-1,5.23598776e-03,cycling,1.01306409e-02,1.56263114e-02,3.56187333e-03,1.20591954e-02,4.242990e-01,20.0000,1,140.7401,0.970726,1.340164e-03,NaN,1,NaN,13,SAM 4:1,-0.003714,6.322828e-03,0.26
165.00,0.5493,20.0,5.0000,1.0e-03,-1,5.23598776e-03,cycling,1.02223517e-02,1.55965787e-02,3.46093150e-03,1.20604394e-02,4.229668e-01,20.0000,1,140.7096,0.971074,9.612376e-04,NaN,1,NaN,13,SAM 4:1,-0.003367,5.359070e-03,0.21
15.00,0.6180,20.0,5.0000,1.0e-03,-1,5.23598776e-03,error,NaN,NaN,NaN,NaN,NaN,NaN,0,NaN,NaN,NaN,NaN,1,NaN,-1,- 0:0,NaN,NaN,NaN
45.00,0.6180,20.0,5.0000,1.0e-03,-1,5.23598776e-03,error,NaN,NaN,NaN,NaN,NaN,NaN,0,NaN,NaN,NaN,NaN,1,NaN,-1,- 0:0,NaN,NaN,NaN
75.00,0.6180,20.0,5.0000,1.0e-03,-1,5.23598776e-03,cycling,1.34483633e-02,1.63507680e-02,2.28358941e-03,1.20391156e-02,4.274624e-01,20.0000,1,145.2944,0.973253,7.052678e-04,NaN,1,NaN,11,SAM 4:1,-0.001187,1.639045e-03,0.21
105.00,0.6180,20.0,5.0000,1.0e-03,-1,5.23598776e-03,cycling,1.03817130e-02,1.48439688e-02,3.40335539e-03,1.20616894e-02,4.247151e-01,20.0000,1,140.7250,0.971539,8.803991e-04,NaN,1,NaN,11,SAM 4:1,-0.002901,4.689762e-03,0.20
135.00,0.6180,20.0,5.0000,1.0e-03,-1,5.23598776e-03,cycling,1.00529540e-02,1.53081116e-02,3.85938124e-03,1.20497644e-02,4.227667e-01,20.0000,1,141.5113,0.969352,1.590936e-03,NaN,1,3.04841600e-03,11,SAM 5:1,0.003502,5.424007e-03,0.20
165.00,0.6180,20.0,5.0000,1.0e-03,-1,5.23598776e-03,cycling,1.00169972e-02,1.54174545e-02,3.86154380e-03,1.20523526e-02,4.231093e-01,20.0000,1,141.2352,0.969597,1.075667e-03,NaN,1,NaN,11,SAM 5:1,0.003746,6.977080e-03,0.20
15.00,0.6867,20.0,5.0000,1.0e-03,-1,5.23598776e-03,error,NaN,NaN,NaN,NaN,NaN,NaN,0,NaN,NaN,NaN,NaN,1,NaN,-1,- 0:0,NaN,NaN,NaN
45.00,0.6867,20.0,5.0000,1.0e-03,-1,5.23598776e-03,error,NaN,NaN,NaN,NaN,NaN,NaN,0,NaN,NaN,NaN,NaN,1,NaN,-1,- 0:0,NaN,NaN,NaN
75.00,0.6867,20.0,5.0000,1.0e-03,-1,5.23598776e-03,error,NaN,NaN,NaN,NaN,NaN,NaN,0,NaN,NaN,NaN,NaN,1,NaN,-1,- 0:0,NaN,NaN,NaN
105.00,0.6867,20.0,5.0000,1.0e-03,-1,5.23598776e-03,cycling,1.00113043e-02,1.48435801e-02,3.65484656e-03,1.20545488e-02,4.226391e-01,20.0000,1,141.0334,0.969865,6.781692e-04,NaN,1,NaN,11,SAM 5:1,0.004015,5.515374e-03,0.26
135.00,0.6867,20.0,5.0000,1.0e-03,-1,5.23598776e-03,cycling,1.14474821e-02,1.48436468e-02,4.21333506e-03,1.20195586e-02,4.224679e-01,20.0000,1,146.1217,0.968993,1.794319e-03,NaN,1,NaN,11,SAM 5:1,0.003142,1.371298e-03,0.27
165.00,0.6867,20.0,5.0000,1.0e-03,-1,5.23598776e-03,cycling,1.03218400e-02,1.51410989e-02,4.19084614e-03,1.20409302e-02,4.224267e-01,20.0000,1,142.6840,0.968900,1.203368e-03,NaN,1,NaN,11,SAM 5:1,0.003049,3.487329e-03,0.27
15.00,0.7554,20.0,5.0000,1.0e-03,-1,5.23598776e-03,error,NaN,NaN,NaN,NaN,NaN,NaN,0,NaN,NaN,NaN,NaN,1,NaN,-1,- 0:0,NaN,NaN,NaN
45.00,0.7554,20.0,5.0000,1.0e-03,-1,5.23598776e-03,error,NaN,NaN,NaN,NaN,NaN,NaN,0,NaN,NaN,NaN,NaN,1,NaN,-1,- 0:0,NaN,NaN,NaN
75.00,0.7554,20.0,5.0000,1.0e-03,-1,5.23598776e-03,cycling,1.11292278e-02,1.57774866e-02,2.93758790e-03,1.20623295e-02,4.248073e-01,20.0000,1,141.1826,0.972821,1.494401e-03,NaN,1,NaN,10,SAM 4:1,-0.001619,1.620685e-03,0.30
105.00,0.7554,20.0,5.0000,1.0e-03,-1,5.23598776e-03,cycling,1.01261597e-02,1.48442581e-02,4.01997775e-03,1.20466644e-02,4.228364e-01,20.0000,1,141.8876,0.969138,5.216945e-04,NaN,1,NaN,10,SAM 5:1,0.003287,6.154091e-03,0.29
135.00,0.7554,20.0,5.0000,1.0e-03,-1,5.23598776e-03,cycling,1.33870225e-02,1.48454173e-02,4.62404330e-03,1.19934444e-02,4.259759e-01,20.0000,1,149.6872,0.970571,1.999853e-03,NaN,1,NaN,10,SAM 4:1,-0.003869,2.655857e-03,0.28
165.00,0.7554,20.0,5.0000,1.0e-03,-1,5.23598776e-03,cycling,1.10151698e-02,1.48455107e-02,4.56776754e-03,1.20267525e-02,4.232537e-01,20.0000,1,144.9486,0.968835,1.340147e-03,NaN,1,NaN,10,SAM 5:1,0.002984,9.843728e-04,0.20
15.00,0.8240,20.0,5.0000,1.0e-03,-1,5.23598776e-03,error,NaN,NaN,NaN,NaN,NaN,NaN,0,NaN,NaN,NaN,NaN,1,NaN,-1,- 0:0,NaN,NaN,NaN
45.00,0.8240,20.0,5.0000,1.0e-03,-1,5.23598776e-03,error,NaN,NaN,NaN,NaN,NaN,NaN,0,NaN,NaN,NaN,NaN,1,NaN,-1,- 0:0,NaN,NaN,NaN
75.00,0.8240,20.0,5.0000,1.0e-03,-1,5.23598776e-03,cycling,1.07869597e-02,1.78016017e-02,2.66657108e-03,1.20627142e-02,4.247476e-01,20.0000,1,140.9200,0.972358,7.553182e-04,NaN,1,NaN,10,SAM 4:1,-0.002082,6.026299e-03,0.24
105.00,0.8240,20.0,5.0000,1.0e-03,-1,5.23598776e-03,cycling,1.04418667e-02,1.48435832e-02,4.48944929e-03,1.20380543e-02,4.225635e-01,20.0000,1,143.1197,0.968837,5.278584e-04,NaN,1,NaN,8,SAM 5:1,0.002986,6.647654e-03,0.19
135.00,0.8240,20.0,5.0000,1.0e-03,-1,5.23598776e-03,cycling,1.42063804e-02,1.48458059e-02,5.12164922e-03,1.19963708e-02,4.279494e-01,20.0000,1,150.1633,0.971721,2.263571e-03,NaN,1,NaN,8,SAM 4:1,-0.002719,7.275718e-03,0.19
165.00,0.8240,20.0,5.0000,1.0e-03,-1,5.23598776e-03,cycling,1.17962751e-02,1.48422120e-02,5.00284024e-03,1.20142194e-02,4.236756e-01,20.0000,1,146.9538,0.969182,2.048585e-03,NaN,1,NaN,8,SAM 5:1,0.003331,6.125761e-04,0.19
15.00,0.8927,20.0,5.0000,1.0e-03,-1,5.23598776e-03,error,NaN,NaN,NaN,NaN,NaN,NaN,0,NaN,NaN,NaN,NaN,1,NaN,-1,- 0:0,NaN,NaN,NaN
45.00,0.8927,20.0,5.0000,1.0e-03,-1,5.23598776e-03,error,NaN,NaN,NaN,NaN,NaN,NaN,0,NaN,NaN,NaN,NaN,1,NaN,-1,- 0:0,NaN,NaN,NaN
75.00,0.8927,20.0,5.0000,1.0e-03,-1,5.23598776e-03,cycling,1.31604124e-02,1.64490430e-02,3.25804233e-03,1.20445279e-02,4.263733e-01,20.0000,1,144.4735,0.973398,7.662296e-04,NaN,1,NaN,5,SAM 4:1,-0.001042,4.327933e-04,0.19
105.00,0.8927,20.0,5.0000,1.0e-03,-1,5.23598776e-03,cycling,1.09392029e-02,1.48461078e-02,5.16590187e-03,1.20281057e-02,4.221245e-01,20.0000,1,144.7254,0.968818,5.326812e-04,NaN,1,NaN,5,SAM 5:1,0.002967,7.082388e-03,0.20
135.00,0.8927,20.0,5.0000,1.0e-03,-1,5.23598776e-03,cycling,1.35747741e-02,1.48464983e-02,5.23598776e-03,1.20363109e-02,4.261911e-01,20.0000,1,145.7040,0.973170,2.677625e-03,NaN,1,NaN,5,SAM 4:1,-0.001270,7.288311e-03,0.19
165.00,0.8927,20.0,5.0000,1.0e-03,-1,5.23598776e-03,cycling,1.24058332e-02,1.48428462e-02,5.23598776e-03,1.20055488e-02,4.243946e-01,20.0000,1,148.1828,0.969619,1.863089e-03,NaN,1,NaN,5,SAM 5:1,0.003768,3.124444e-03,0.19
15.00,0.9652,20.0,5.0000,1.0e-03,-1,5.23598776e-03,error,NaN,NaN,NaN,NaN,NaN,NaN,0,NaN,NaN,NaN,NaN,1,NaN,-1,- 0:0,NaN,NaN,NaN
45.00,0.9652,20.0,5.0000,1.0e-03,-1,5.23598776e-03,error,NaN,NaN,NaN,NaN,NaN,NaN,0,NaN,NaN,NaN,NaN,1,NaN,-1,- 0:0,NaN,NaN,NaN
75.00,0.9652,20.0,5.0000,1.0e-03,-1,5.23598776e-03,cycling,1.15547177e-02,1.48469709e-02,4.02103295e-03,1.20178805e-02,4.234038e-01,20.0000,1,146.3881,0.969046,1.633911e-02,NaN,1,NaN,1,SAM 5:1,0.003195,4.017948e-03,0.20
105.00,0.9652,20.0,5.0000,1.0e-03,-1,5.23598776e-03,cycling,1.18522148e-02,1.48394905e-02,5.23598776e-03,1.20133924e-02,4.225124e-01,20.0000,1,147.0782,0.969216,1.463134e-02,NaN,1,NaN,1,SAM 5:1,0.003365,4.017948e-03,0.20
135.00,0.9652,20.0,5.0000,1.0e-03,-1,5.23598776e-03,cycling,1.08843587e-02,1.48443414e-02,5.23598776e-03,1.20291035e-02,4.209567e-01,20.0000,1,144.5609,0.968808,7.561393e-04,NaN,1,NaN,1,SAM 5:1,0.002957,4.017948e-03,0.20
165.00,0.9652,20.0,5.0000,1.0e-03,-1,5.23598776e-03,cycling,1.24291990e-02,1.80716607e-02,5.23598776e-03,1.20052300e-02,4.239484e-01,20.0000,1,148.2247,0.969638,3.199433e-03,NaN,1,NaN,3,SAM 5:1,0.003788,4.017948e-03,0.19
15.00,0.9691,20.0,5.0000,1.0e-03,-1,5.23598776e-03,error,NaN,NaN,NaN,NaN,NaN,NaN,0,NaN,NaN,NaN,NaN,1,NaN,-1,- 0:0,NaN,NaN,NaN
45.00,0.9691,20.0,5.0000,1.0e-03,-1,5.23598776e-03,error,NaN,NaN,NaN,NaN,NaN,NaN,0,NaN,NaN,NaN,NaN,1,NaN,-1,- 0:0,NaN,NaN,NaN
75.00,0.9691,20.0,5.0000,1.0e-03,-1,5.23598776e-03,cycling,1.03437377e-02,1.57379483e-02,4.36756086e-03,1.20614589e-02,4.241000e-01,20.0000,1,140.7165,0.971439,1.902005e-02,NaN,1,NaN,2,SAM 4:1,-0.003001,1.867000e-03,0.20
105.00,0.9691,20.0,5.0000,1.0e-03,-1,5.23598776e-03,cycling,1.19683761e-02,1.48456623e-02,5.03629261e-03,1.20116973e-02,4.224421e-01,20.0000,1,147.3287,0.969292,1.764824e-02,NaN,1,NaN,0,SAM 5:1,0.003441,7.264434e-03,0.19
135.00,0.9691,20.0,5.0000,1.0e-03,-1,5.23598776e-03,cycling,1.09967186e-02,1.48461647e-02,5.23598776e-03,1.20270782e-02,4.230696e-01,20.0000,1,144.8949,0.968830,3.234712e-03,NaN,1,NaN,0,SAM 5:1,0.002980,7.267840e-03,0.19
165.00,0.9691,20.0,5.0000,1.0e-03,-1,5.23598776e-03,cycling,1.24760240e-02,1.90351112e-02,5.23598776e-03,1.20045939e-02,4.229361e-01,20.0000,1,148.3076,0.969677,2.226318e-03,NaN,1,NaN,4,SAM 5:1,0.003827,7.272290e-03,0.19
15.00,0.9730,20.0,5.0000,1.0e-03,-1,5.23598776e-03,error,NaN,NaN,NaN,NaN,NaN,NaN,0,NaN,NaN,NaN,NaN,1,NaN,-1,- 0:0,NaN,NaN,NaN
45.00,0.9730,20.0,5.0000,1.0e-03,-1,5.23598776e-03,error,NaN,NaN,NaN,NaN,NaN,NaN,0,NaN,NaN,NaN,NaN,1,NaN,-1,- 0:0,NaN,NaN,NaN
75.00,0.9730,20.0,5.0000,1.0e-03,-1,5.23598776e-03,cycling,1.08821208e-02,1.68906581e-02,3.41194933e-03,1.20626970e-02,4.238047e-01,20.0000,1,140.9853,0.972503,1.915690e-02,NaN,1,NaN,6,SAM 4:1,-0.001937,6.253921e-03,0.19
105.00,0.9730,20.0,5.0000,1.0e-03,-1,5.23598776e-03,cycling,1.20980555e-02,1.48444827e-02,4.72196123e-03,1.20098378e-02,4.239869e-01,20.0000,1,147.5963,0.969382,1.811324e-02,NaN,1,NaN,0,SAM 5:1,0.003531,7.229427e-03,0.20
135.00,0.9730,20.0,5.0000,1.0e-03,-1,5.23598776e-03,cycling,1.10946810e-02,1.48461452e-02,5.23598776e-03,1.20253687e-02,4.234046e-01,20.0000,1,145.1766,0.968856,5.062092e-03,NaN,1,NaN,0,SAM 5:1,0.003006,7.263768e-03,0.19
165.00,0.9730,20.0,5.0000,1.0e-03,-1,5.23598776e-03,cycling,1.26374274e-02,1.94705213e-02,5.23598776e-03,1.20024318e-02,4.246843e-01,20.0000,1,148.5827,0.969818,1.045362e-03,NaN,1,NaN,4,SAM 5:1,0.003967,7.288549e-03,0.20
15.00,0.9768,20.0,5.0000,1.0e-03,-1,5.23598776e-03,error,NaN,NaN,NaN,NaN,NaN,NaN,0,NaN,NaN,NaN,NaN,1,NaN,-1,- 0:0,NaN,NaN,NaN
45.00,0.9768,20.0,5.0000,1.0e-03,-1,5.23598776e-03,error,NaN,NaN,NaN,NaN,NaN,NaN,0,NaN,NaN,NaN,NaN,1,NaN,-1,- 0:0,NaN,NaN,NaN
75.00,0.9768,20.0,5.0000,1.0e-03,-1,5.23598776e-03,error,NaN,NaN,NaN,NaN,NaN,NaN,0,NaN,NaN,NaN,NaN,1,NaN,-1,- 0:0,NaN,NaN,NaN
105.00,0.9768,20.0,5.0000,1.0e-03,-1,5.23598776e-03,cycling,1.20485173e-02,1.48458637e-02,4.37516514e-03,1.20105443e-02,4.233090e-01,20.0000,1,147.4956,0.969347,1.711972e-02,NaN,1,NaN,1,SAM 5:1,0.003496,7.197355e-03,0.20
135.00,0.9768,20.0,5.0000,1.0e-03,-1,5.23598776e-03,cycling,1.11791210e-02,1.48450020e-02,5.23598776e-03,1.20239321e-02,4.224553e-01,20.0000,1,145.4126,0.968883,6.604757e-03,NaN,1,NaN,1,SAM 5:1,0.003033,7.266843e-03,0.19
165.00,0.9768,20.0,5.0000,1.0e-03,-1,5.23598776e-03,cycling,1.25321322e-02,1.98074985e-02,5.23598776e-03,1.20038369e-02,4.228458e-01,20.0000,1,148.4050,0.969725,5.211754e-04,NaN,1,NaN,5,SAM 5:1,0.003875,7.275376e-03,0.19
15.00,0.9807,20.0,5.0000,1.0e-03,-1,5.23598776e-03,error,NaN,NaN,NaN,NaN,NaN,NaN,0,NaN,NaN,NaN,NaN,1,NaN,-1,- 0:0,NaN,NaN,NaN
45.00,0.9807,20.0,5.0000,1.0e-03,-1,5.23598776e-03,error,NaN,NaN,NaN,NaN,NaN,NaN,0,NaN,NaN,NaN,NaN,1,NaN,-1,- 0:0,NaN,NaN,NaN
75.00,0.9807,20.0,5.0000,1.0e-03,-1,5.23598776e-03,error,NaN,NaN,NaN,NaN,NaN,NaN,0,NaN,NaN,NaN,NaN,1,NaN,-1,- 0:0,NaN,NaN,NaN
105.00,0.9807,20.0,5.0000,1.0e-03,-1,5.23598776e-03,cycling,1.13903943e-02,1.48433626e-02,3.98472931e-03,1.20204670e-02,4.221816e-01,20.0000,1,145.9760,0.968967,1.510631e-02,NaN,1,NaN,1,SAM 5:1,0.003116,7.278657e-03,0.19
135.00,0.9807,20.0,5.0000,1.0e-03,-1,5.23598776e-03,cycling,1.12437340e-02,1.48419460e-02,5.23598776e-03,1.20228539e-02,4.209812e-01,20.0000,1,145.5890,0.968907,7.981474e-03,NaN,1,NaN,1,SAM 5:1,0.003056,7.272972e-03,0.19
165.00,0.9807,20.0,5.0000,1.0e-03,-1,5.23598776e-03,cycling,1.19143152e-02,2.02807823e-02,5.23598776e-03,1.20124826e-02,4.217177e-01,20.0000,1,147.2134,0.969256,1.835339e-03,NaN,1,NaN,5,SAM 5:1,0.003405,7.267313e-03,0.20
15.00,0.9845,20.0,5.0000,1.0e-03,-1,5.23598776e-03,error,NaN,NaN,NaN,NaN,NaN,NaN,0,NaN,NaN,NaN,NaN,1,NaN,-1,- 0:0,NaN,NaN,NaN
45.00,0.9845,20.0,5.0000,1.0e-03,-1,5.23598776e-03,error,NaN,NaN,NaN,NaN,NaN,NaN,0,NaN,NaN,NaN,NaN,1,NaN,-1,- 0:0,NaN,NaN,NaN
75.00,0.9845,20.0,5.0000,1.0e-03,-1,5.23598776e-03,error,NaN,NaN,NaN,NaN,NaN,NaN,0,NaN,NaN,NaN,NaN,1,NaN,-1,- 0:0,NaN,NaN,NaN
105.00,0.9845,20.0,5.0000,1.0e-03,-1,5.23598776e-03,cycling,1.41344420e-02,1.91894261e-02,3.45955142e-03,1.20172230e-02,4.269099e-01,20.0000,1,148.2059,0.972541,1.231427e-02,NaN,1,NaN,5,SAM 4:1,-0.001899,2.473247e-03,0.20
135.00,0.9845,20.0,5.0000,1.0e-03,-1,5.23598776e-03,cycling,1.12656692e-02,1.48400549e-02,5.23598776e-03,1.20224917e-02,4.203363e-01,20.0000,1,145.6480,0.968915,9.246570e-03,NaN,1,NaN,1,SAM 5:1,0.003064,7.275758e-03,0.20
165.00,0.9845,20.0,5.0000,1.0e-03,-1,5.23598776e-03,cycling,1.09005176e-02,2.05946104e-02,5.23598776e-03,1.20288076e-02,4.211655e-01,20.0000,1,144.6097,0.968811,3.479587e-03,NaN,1,NaN,5,SAM 5:1,0.002960,7.280776e-03,0.23
15.00,0.9884,20.0,5.0000,1.0e-03,-1,5.23598776e-03,error,NaN,NaN,NaN,NaN,NaN,NaN,0,NaN,NaN,NaN,NaN,1,NaN,-1,- 0:0,NaN,NaN,NaN
45.00,0.9884,20.0,5.0000,1.0e-03,-1,5.23598776e-03,error,NaN,NaN,NaN,NaN,NaN,NaN,0,NaN,NaN,NaN,NaN,1,NaN,-1,- 0:0,NaN,NaN,NaN
75.00,0.9884,20.0,5.0000,1.0e-03,-1,5.23598776e-03,error,NaN,NaN,NaN,NaN,NaN,NaN,0,NaN,NaN,NaN,NaN,1,NaN,-1,- 0:0,NaN,NaN,NaN
105.00,0.9884,20.0,5.0000,1.0e-03,-1,5.23598776e-03,cycling,1.00234258e-02,1.65645371e-02,2.72115372e-03,1.20559192e-02,4.239615e-01,20.0000,1,140.9254,0.970070,8.898788e-03,NaN,1,NaN,5,SAM 5:1,0.004219,3.294575e-03,0.20
135.00,0.9884,20.0,5.0000,1.0e-03,-1,5.23598776e-03,cycling,1.05979897e-02,1.48469977e-02,5.23598776e-03,1.20346691e-02,4.211107e-01,20.0000,1,143.6537,0.968799,1.042967e-02,NaN,1,NaN,1,SAM 5:1,0.002948,7.272070e-03,0.19
165.00,0.9884,20.0,5.0000,1.0e-03,-1,5.23598776e-03,cycling,1.04489069e-02,1.99407404e-02,5.23598776e-03,1.20378942e-02,4.225729e-01,20.0000,1,143.1445,0.968834,5.231559e-03,NaN,1,NaN,5,SAM 5:1,0.002983,6.937400e-03,0.19
15.00,0.9923,20.0,5.0000,1.0e-03,-1,5.23598776e-03,error,NaN,NaN,NaN,NaN,NaN,NaN,0,NaN,NaN,NaN,NaN,1,NaN,-1,- 0:0,NaN,NaN,NaN
45.00,0.9923,20.0,5.0000,1.0e-03,-1,5.23598776e-03,error,NaN,NaN,NaN,NaN,NaN,NaN,0,NaN,NaN,NaN,NaN,1,NaN,-1,- 0:0,NaN,NaN,NaN
75.00,0.9923,20.0,5.0000,1.0e-03,-1,5.23598776e-03,error,NaN,NaN,NaN,NaN,NaN,NaN,0,NaN,NaN,NaN,NaN,1,NaN,-1,- 0:0,NaN,NaN,NaN
105.00,0.9923,20.0,5.0000,1.0e-03,-1,5.23598776e-03,cycling,1.11746333e-02,1.58350012e-02,2.72015619e-03,1.20622164e-02,4.250111e-01,20.0000,1,141.2230,0.972871,4.969459e-03,NaN,1,NaN,9,SAM 4:1,-0.001569,2.012149e-03,0.21
135.00,0.9923,20.0,5.0000,1.0e-03,-1,5.23598776e-03,cycling,1.20935650e-02,1.56108856e-02,5.23598776e-03,1.20572847e-02,4.253136e-01,20.0000,1,142.3267,0.973467,1.154881e-02,NaN,1,NaN,3,SAM 4:1,-0.000973,7.285234e-03,0.19
165.00,0.9923,20.0,5.0000,1.0e-03,-1,5.23598776e-03,cycling,1.09230826e-02,1.79442519e-02,5.23598776e-03,1.20283971e-02,4.217570e-01,20.0000,1,144.6774,0.968815,7.075073e-03,NaN,1,NaN,5,SAM 5:1,0.002964,5.375626e-03,0.20
15.00,0.9961,20.0,5.0000,1.0e-03,-1,5.23598776e-03,error,NaN,NaN,NaN,NaN,NaN,NaN,0,NaN,NaN,NaN,NaN,1,NaN,-1,- 0:0,NaN,NaN,NaN
45.00,0.9961,20.0,5.0000,1.0e-03,-1,5.23598776e-03,error,NaN,NaN,NaN,NaN,NaN,NaN,0,NaN,NaN,NaN,NaN,1,NaN,-1,- 0:0,NaN,NaN,NaN
75.00,0.9961,20.0,5.0000,1.0e-03,-1,5.23598776e-03,error,NaN,NaN,NaN,NaN,NaN,NaN,0,NaN,NaN,NaN,NaN,1,NaN,-1,- 0:0,NaN,NaN,NaN
105.00,0.9961,20.0,5.0000,1.0e-03,-1,5.23598776e-03,error,NaN,NaN,NaN,NaN,NaN,NaN,0,NaN,NaN,NaN,NaN,1,NaN,-1,- 0:0,NaN,NaN,NaN
135.00,0.9961,20.0,5.0000,1.0e-03,-1,5.23598776e-03,cycling,1.02204196e-02,1.77981697e-02,4.61676775e-03,1.20436623e-02,4.210370e-01,20.0000,1,142.2906,0.968992,1.261582e-02,NaN,1,NaN,5,SAM 5:1,0.003141,1.134553e-03,0.20
165.00,0.9961,20.0,5.0000,1.0e-03,-1,5.23598776e-03,cycling,1.14816631e-02,1.59146096e-02,5.23598776e-03,1.20190198e-02,4.224203e-01,20.0000,1,146.2076,0.969009,8.996720e-03,NaN,1,NaN,3,SAM 5:1,0.003158,2.740787e-03,0.20
15.00,0.3433,60.0,5.0000,1.0e-03,-1,1.74532925e-03,cycling,1.89431973e-03,4.03036708e-03,6.01679929e-04,2.97673478e-03,7.357057e-01,20.0000,1,179.7131,0.483208,2.821057e-03,NaN,1,NaN,148,LAM 3:5,0.012273,3.730562e-01,1.65
45.00,0.3433,60.0,5.0000,1.0e-03,-1,1.74532925e-03,cycling,1.84287805e-03,4.08459542e-03,6.01206324e-04,2.97495480e-03,7.409299e-01,20.0000,1,179.7748,0.479842,3.248779e-03,NaN,1,NaN,160,LAM 3:5,0.008907,2.967288e-01,1.97
75.00,0.3433,60.0,5.0000,1.0e-03,-1,1.74532925e-03,cycling,1.26198326e-02,1.82189939e-02,7.33844181e-04,1.20026651e-02,4.242487e-01,20.0000,1,148.5535,0.969802,7.733366e-03,NaN,1,NaN,24,SAM 5:1,0.003951,6.564576e-04,0.20
105.00,0.3433,60.0,5.0000,1.0e-03,-1,1.74532925e-03,cycling,1.16550134e-02,1.48406709e-02,5.88196149e-04,1.20602517e-02,4.255223e-01,20.0000,1,141.7297,0.973273,1.484317e-02,NaN,1,NaN,22,SAM 4:1,-0.001167,1.710288e-03,0.30
135.00,0.3433,60.0,5.0000,1.0e-03,-1,1.74532925e-03,cycling,1.35357309e-02,1.48428878e-02,4.97965635e-04,1.19921251e-02,4.261699e-01,20.0000,1,149.8775,0.970739,1.435598e-02,NaN,1,NaN,34,SAM 4:1,-0.003702,2.616081e-03,0.37
165.00,0.3433,60.0,5.0000,1.0e-03,-1,1.74532925e-03,cycling,3.15802948e-03,4.03573038e-03,5.19299831e-04,2.77732277e-03,7.878337e-01,20.0000,1,179.7775,0.274668,1.374970e-02,NaN,1,NaN,147,LAM 2:5,-0.010877,2.668393e-01,1.77
15.00,0.4120,60.0,5.0000,1.0e-03,-1,1.74532925e-03,cycling,1.33000038e-02,2.07007661e-02,6.41970494e-04,1.20420527e-02,4.268526e-01,20.0000,1,144.8540,0.973335,4.189119e-03,NaN,1,NaN,37,SAM 4:1,-0.001105,3.109430e-03,0.21
45.00,0.4120,60.0,5.0000,1.0e-03,-1,1.74532925e-03,cycling,1.35651594e-02,2.13762177e-02,8.20655682e-04,1.19919014e-02,4.263760e-01,20.0000,1,149.9137,0.970772,4.885855e-03,NaN,1,NaN,27,SAM 4:1,-0.003668,1.420396e-04,0.20
75.00,0.4120,60.0,5.0000,1.0e-03,-1,1.74532925e-03,cycling,1.41302467e-02,2.09934148e-02,7.97834796e-04,1.20174591e-02,4.268742e-01,20.0000,1,148.1783,0.972549,2.516439e-03,NaN,1,NaN,25,SAM 4:1,-0.001891,6.839996e-03,0.21
105.00,0.4120,60.0,5.0000,1.0e-03,-1,1.74532925e-03,cycling,1.77449536e-03,4.02114167e-03,1.27696064e-03,2.96172041e-03,7.299853e-01,20.0000,1,179.8206,0.419087,3.147100e-03,NaN,1,NaN,136,LAM 1:2,0.035755,3.952779e-01,1.60
135.00,0.4120,60.0,5.0000,1.0e-03,-1,1.74532925e-03,cycling,1.00122216e-02,1.48454911e-02,6.98471825e-04,1.20530726e-02,4.223215e-01,20.0000,1,141.1654,0.969678,2.148304e-01,NaN,1,NaN,19,SAM 5:1,0.003827,4.301342e-03,0.27
165.00,0.4120,60.0,5.0000,1.0e-03,-1,1.74532925e-03,cycling,1.05545466e-02,1.48470999e-02,8.30001073e-04,1.20355796e-02,4.216814e-01,20.0000,1,143.5082,0.968806,4.598378e-03,NaN,1,NaN,19,SAM 5:1,0.002955,3.091975e-03,0.26
15.00,0.4807,60.0,5.0000,1.0e-03,-1,1.74532925e-03,cycling,1.42076550e-02,2.10548843e-02,7.98496063e-04,1.20122711e-02,4.284605e-01,20.0000,1,148.7633,0.972368,6.674547e-03,NaN,1,NaN,26,SAM 4:1,-0.002072,6.634859e-03,0.20
45.00,0.4807,60.0,5.0000,1.0e-03,-1,1.74532925e-03,cycling,1.30355763e-02,1.48447757e-02,7.12153381e-04,1.19973545e-02,4.240571e-01,20.0000,1,149.2003,0.970198,9.257584e-03,NaN,1,NaN,14,SAM 4:1,-0.004242,3.053863e-03,0.20
75.00,0.4807,60.0,5.0000,1.0e-03,-1,1.74532925e-03,cycling,1.07112463e-02,1.48439038e-02,6.27833471e-04,1.20626707e-02,4.249812e-01,20.0000,1,140.8726,0.972231,2.443630e-03,NaN,1,NaN,14,SAM 4:1,-0.002209,3.225503e-03,0.20
105.00,0.4807,60.0,5.0000,1.0e-03,-1,1.74532925e-03,cycling,1.75783246e-03,4.02730085e-03,1.32712011e-03,2.96387614e-03,7.474274e-01,20.0000,1,179.7973,0.466042,3.083764e-03,NaN,1,NaN,137,LAM 3:5,-0.004893,3.337347e-01,1.59
135.00,0.4807,60.0,5.0000,1.0e-03,-1,1.74532925e-03,cycling,1.01563701e-02,1.58203340e-02,1.24193382e-03,1.20456294e-02,4.219746e-01,20.0000,1,142.0226,0.969081,8.799214e-03,NaN,1,NaN,20,SAM 5:1,0.003231,5.903365e-03,0.27
165.00,0.4807,60.0,5.0000,1.0e-03,-1,1.74532925e-03,cycling,1.42060086e-02,1.63842682e-02,1.04833127e-03,1.20124085e-02,4.284392e-01,20.0000,1,148.7485,0.972373,6.445362e-03,NaN,1,NaN,32,SAM 4:1,-0.002067,5.202928e-03,0.28
15.00,0.5493,60.0,5.0000,1.0e-03,-1,1.74532925e-03,cycling,1.05563736e-02,1.91874362e-02,6.33076590e-04,1.20355408e-02,4.216659e-01,20.0000,1,143.5144,0.968805,8.370546e-03,NaN,1,NaN,15,SAM 5:1,0.002955,6.765855e-03,0.20
45.00,0.5493,60.0,5.0000,1.0e-03,-1,1.74532925e-03,cycling,1.26734836e-02,1.48450955e-02,9.21577714e-04,1.20019557e-02,4.254013e-01,20.0000,1,148.6421,0.969850,1.214352e-02,NaN,1,NaN,13,SAM 5:1,0.004000,3.840739e-03,0.29
75.00,0.5493,60.0,5.0000,1.0e-03,-1,1.74532925e-03,cycling,1.35303640e-02,1.76882147e-02,9.98165725e-04,1.19921674e-02,4.261001e-01,20.0000,1,149.8708,0.970732,1.922398e-03,NaN,1,NaN,15,SAM 4:1,-0.003708,1.637925e-03,0.24
105.00,0.5493,60.0,5.0000,1.0e-03,-1,1.74532925e-03,cycling,1.01169152e-02,1.94915669e-02,1.36126262e-03,1.20470006e-02,4.231382e-01,20.0000,1,141.8446,0.969158,1.881376e-03,NaN,1,NaN,15,SAM 5:1,0.003307,4.721158e-03,0.19
135.00,0.5493,60.0,5.0000,1.0e-03,-1,1.74532925e-03,cycling,2.12714585e-03,4.02373180e-03,1.57752828e-03,2.92491403e-03,7.473817e-01,20.0000,1,179.8324,0.285236,1.206148e-02,NaN,1,NaN,130,LAM 2:5,-0.000310,4.285889e-01,1.64
165.00,0.5493,60.0,5.0000,1.0e-03,-1,1.74532925e-03,cycling,1.99377326e-03,4.01025566e-03,1.61402492e-03,2.94049873e-03,7.492379e-01,20.0000,1,179.8415,0.307176,8.329524e-03,NaN,1,NaN,141,LAM 2:5,0.021631,4.285889e-01,1.77
15.00,0.6180,60.0,5.0000,1.0e-03,-1,1.74532925e-03,cycling,1.00712481e-02,1.95408979e-02,1.04423957e-03,1.20488643e-02,4.234680e-01,20.0000,1,141.6159,0.969282,9.630797e-03,NaN,1,NaN,13,SAM 5:1,0.003431,4.368533e-03,0.51
45.00,0.6180,60.0,5.0000,1.0e-03,-1,1.74532925e-03,cycling,1.28467715e-02,1.80999643e-02,1.12640628e-03,1.19997076e-02,4.254094e-01,20.0000,1,148.9174,0.970012,1.421801e-02,NaN,1,NaN,13,SAM 5:1,0.004161,1.205488e-04,0.20
75.00,0.6180,60.0,5.0000,1.0e-03,-1,1.74532925e-03,cycling,1.42622192e-02,1.69065295e-02,1.17480593e-03,1.20040923e-02,4.275203e-01,20.0000,1,149.5753,0.972066,2.920082e-03,NaN,1,NaN,11,SAM 4:1,-0.002374,7.265097e-03,0.22
105.00,0.6180,60.0,5.0000,1.0e-03,-1,1.74532925e-03,cycling,1.38635320e-02,1.74624352e-02,1.41493246e-03,1.19907705e-02,4.259594e-01,20.0000,1,150.2331,0.971137,2.970290e-03,NaN,1,NaN,11,SAM 4:1,-0.003303,3.301297e-03,0.20
135.00,0.6180,60.0,5.0000,1.0e-03,-1,1.74532925e-03,cycling,1.41780290e-02,2.10318551e-02,1.61772106e-03,1.20145126e-02,4.275190e-01,20.0000,1,148.5165,0.972447,1.431843e-02,NaN,1,NaN,17,SAM 4:1,-0.001993,6.919295e-03,0.19
165.00,0.6180,60.0,5.0000,1.0e-03,-1,1.74532925e-03,cycling,1.25720449e-02,2.12993632e-02,1.59764185e-03,1.20033018e-02,4.227880e-01,20.0000,1,148.4732,0.969760,9.681004e-03,NaN,1,NaN,17,SAM 5:1,0.003909,6.774453e-03,0.19
15.00,0.6867,60.0,5.0000,1.0e-03,-1,1.74532925e-03,cycling,1.23148179e-02,1.83432284e-02,1.00985162e-03,1.20067998e-02,4.252610e-01,20.0000,1,148.0162,0.969546,1.073611e-02,NaN,1,NaN,13,SAM 5:1,0.003695,1.475200e-03,0.20
45.00,0.6867,60.0,5.0000,1.0e-03,-1,1.74532925e-03,cycling,1.35221815e-02,1.48435828e-02,1.08159720e-03,1.19922328e-02,4.259750e-01,20.0000,1,149.8606,0.970723,1.596046e-02,NaN,1,NaN,11,SAM 4:1,-0.003717,4.201573e-03,0.20
75.00,0.6867,60.0,5.0000,1.0e-03,-1,1.74532925e-03,cycling,1.41052792e-02,1.72374346e-02,1.18272362e-03,1.19929632e-02,4.272526e-01,20.0000,1,150.3153,0.971497,3.571568e-03,NaN,1,NaN,11,SAM 4:1,-0.002943,5.072433e-03,0.20
105.00,0.6867,60.0,5.0000,1.0e-03,-1,1.74532925e-03,cycling,1.40660080e-02,1.48466961e-02,1.49690458e-03,1.19922403e-02,4.288006e-01,20.0000,1,150.3270,0.971429,3.665771e-03,NaN,1,NaN,11,SAM 4:1,-0.003011,5.092299e-03,0.19
135.00,0.6867,60.0,5.0000,1.0e-03,-1,1.74532925e-03,cycling,1.16302348e-02,1.86483415e-02,1.68309348e-03,1.20167192e-02,4.244055e-01,20.0000,1,146.5700,0.969086,1.614887e-02,NaN,1,NaN,13,SAM 5:1,0.003235,3.583833e-03,0.30
165.00,0.6867,60.0,5.0000,1.0e-03,-1,1.74532925e-03,cycling,1.06076544e-02,1.91593198e-02,1.69736476e-03,1.20344693e-02,4.209283e-01,20.0000,1,143.6857,0.968798,1.083031e-02,NaN,1,NaN,13,SAM 5:1,0.002947,6.951168e-03,0.31
15.00,0.7554,60.0,5.0000,1.0e-03,-1,1.74532925e-03,error,NaN,NaN,NaN,NaN,NaN,NaN,0,NaN,NaN,NaN,NaN,1,NaN,-1,- 0:0,NaN,NaN,NaN
45.00,0.7554,60.0,5.0000,1.0e-03,-1,1.74532925e-03,cycling,1.42607249e-02,1.68882323e-02,1.03018810e-03,1.20050173e-02,4.281352e-01,20.0000,1,149.4915,0.972102,1.777058e-02,NaN,1,NaN,10,SAM 4:1,-0.002338,7.084347e-03,0.34
75.00,0.7554,60.0,5.0000,1.0e-03,-1,1.74532925e-03,cycling,1.38229489e-02,1.48443402e-02,1.00717781e-03,1.20296954e-02,4.275295e-01,20.0000,1,146.6288,0.972960,4.004047e-03,NaN,1,NaN,10,SAM 4:1,-0.001480,5.249632e-03,0.34
105.00,0.7554,60.0,5.0000,1.0e-03,-1,1.74532925e-03,cycling,1.13230873e-02,1.48467635e-02,1.54797537e-03,1.20617560e-02,4.259575e-01,20.0000,1,141.3641,0.973020,4.118099e-03,NaN,1,NaN,10,SAM 4:1,-0.001421,4.596666e-03,0.31
135.00,0.7554,60.0,5.0000,1.0e-03,-1,1.74532925e-03,cycling,1.38132612e-02,1.75057748e-02,1.74532925e-03,1.19907685e-02,4.262396e-01,20.0000,1,150.1883,0.971072,1.799868e-02,NaN,1,NaN,10,SAM 4:1,-0.003368,3.007268e-03,0.25
165.00,0.7554,60.0,5.0000,1.0e-03,-1,1.74532925e-03,cycling,1.34066132e-02,1.77845481e-02,1.74532925e-03,1.19932551e-02,4.253175e-01,20.0000,1,149.7128,0.970593,1.206132e-02,NaN,1,NaN,12,SAM 4:1,-0.003847,1.166940e-03,0.21
15.00,0.8240,60.0,5.0000,1.0e-03,-1,1.74532925e-03,error,NaN,NaN,NaN,NaN,NaN,NaN,0,NaN,NaN,NaN,NaN,1,NaN,-1,- 0:0,NaN,NaN,NaN
45.00,0.8240,60.0,5.0000,1.0e-03,-1,1.74532925e-03,cycling,1.38243418e-02,1.74966496e-02,1.18638302e-03,1.19907602e-02,4.256825e-01,20.0000,1,150.1986,0.971086,2.012978e-02,NaN,1,NaN,8,SAM 4:1,-0.003354,3.070567e-03,0.20
75.00,0.8240,60.0,5.0000,1.0e-03,-1,1.74532925e-03,cycling,1.40962542e-02,1.66451685e-02,1.26557827e-03,1.20192547e-02,4.271375e-01,20.0000,1,147.9651,0.972611,4.169705e-03,NaN,1,NaN,8,SAM 4:1,-0.001829,4.396945e-03,0.20
105.00,0.8240,60.0,5.0000,1.0e-03,-1,1.74532925e-03,cycling,1.00921659e-02,1.48400022e-02,1.51404276e-03,1.20479603e-02,4.235985e-01,20.0000,1,141.7248,0.969219,4.290887e-03,NaN,1,3.05766231e-03,8,SAM 5:1,0.003368,5.116503e-03,0.20
135.00,0.8240,60.0,5.0000,1.0e-03,-1,1.74532925e-03,cycling,1.42249263e-02,1.67704129e-02,1.74532925e-03,1.20106941e-02,4.283429e-01,20.0000,1,148.9313,0.972312,2.037214e-02,NaN,1,NaN,8,SAM 4:1,-0.002128,5.873830e-03,0.19
165.00,0.8240,60.0,5.0000,1.0e-03,-1,1.74532925e-03,cycling,1.42504027e-02,1.69889346e-02,1.74532925e-03,1.19999631e-02,4.285609e-01,20.0000,1,149.9184,0.971895,1.375182e-02,NaN,1,NaN,8,SAM 4:1,-0.002545,7.069190e-03,0.19
15.00,0.8927,60.0,5.0000,1.0e-03,-1,1.74532925e-03,error,NaN,NaN,NaN,NaN,NaN,NaN,0,NaN,NaN,NaN,NaN,1,NaN,-1,- 0:0,NaN,NaN,NaN
45.00,0.8927,60.0,5.0000,1.0e-03,-1,1.74532925e-03,error,NaN,NaN,NaN,NaN,NaN,NaN,0,NaN,NaN,NaN,NaN,1,NaN,-1,- 0:0,NaN,NaN,NaN
75.00,0.8927,60.0,5.0000,1.0e-03,-1,1.74532925e-03,cycling,1.23376929e-02,1.60943001e-02,1.54299123e-03,1.20551269e-02,4.263892e-01,20.0000,1,142.7217,0.973516,3.094353e-03,NaN,1,NaN,5,SAM 4:1,-0.000924,1.937639e-04,0.20
105.00,0.8927,60.0,5.0000,1.0e-03,-1,1.74532925e-03,cycling,1.09845934e-02,1.48464178e-02,1.74532925e-03,1.20272933e-02,4.229173e-01,20.0000,1,144.8594,0.968828,3.215883e-03,NaN,1,NaN,5,SAM 5:1,0.002977,6.172118e-03,0.21
135.00,0.8927,60.0,5.0000,1.0e-03,-1,1.74532925e-03,cycling,1.29083572e-02,1.62071067e-02,1.74532925e-03,1.20484193e-02,4.258153e-01,20.0000,1,143.8563,0.973479,2.409862e-02,NaN,1,NaN,5,SAM 4:1,-0.000961,5.225504e-04,0.29
165.00,0.8927,60.0,5.0000,1.0e-03,-1,1.74532925e-03,cycling,1.36587652e-02,1.64178807e-02,1.74532925e-03,1.20342605e-02,4.266835e-01,20.0000,1,145.9969,0.973106,1.676780e-02,NaN,1,NaN,5,SAM 4:1,-0.001334,2.282785e-03,0.22
15.00,0.9652,60.0,5.0000,1.0e-03,-1,1.74532925e-03,error,NaN,NaN,NaN,NaN,NaN,NaN,0,NaN,NaN,NaN,NaN,1,NaN,-1,- 0:0,NaN,NaN,NaN
45.00,0.9652,60.0,5.0000,1.0e-03,-1,1.74532925e-03,error,NaN,NaN,NaN,NaN,NaN,NaN,0,NaN,NaN,NaN,NaN,1,NaN,-1,- 0:0,NaN,NaN,NaN
75.00,0.9652,60.0,5.0000,1.0e-03,-1,1.74532925e-03,cycling,1.21870677e-02,1.48462418e-02,1.74532925e-03,1.20085800e-02,4.242517e-01,20.0000,1,147.7728,0.969447,1.470520e-01,NaN,1,NaN,1,SAM 5:1,0.003597,4.017948e-03,0.26
105.00,0.9652,60.0,5.0000,1.0e-03,-1,1.74532925e-03,cycling,1.27480915e-02,1.48436539e-02,1.74532925e-03,1.20009792e-02,4.261150e-01,20.0000,1,148.7626,0.969919,1.316821e-01,NaN,1,NaN,1,SAM 5:1,0.004068,4.017948e-03,0.21
135.00,0.9652,60.0,5.0000,1.0e-03,-1,1.74532925e-03,cycling,1.37422337e-02,1.48461892e-02,1.74532925e-03,1.19909239e-02,4.283248e-01,20.0000,1,150.1171,0.970983,6.805254e-03,NaN,1,NaN,1,SAM 4:1,-0.003457,3.225929e-03,0.20
165.00,0.9652,60.0,5.0000,1.0e-03,-1,1.74532925e-03,cycling,1.06094228e-02,1.57125325e-02,1.74532925e-03,1.20625211e-02,4.244524e-01,20.0000,1,140.8158,0.972045,2.879489e-02,NaN,1,NaN,7,SAM 4:1,-0.002395,3.675722e-03,0.19
15.00,0.9691,60.0,5.0000,1.0e-03,-1,1.74532925e-03,error,NaN,NaN,NaN,NaN,NaN,NaN,0,NaN,NaN,NaN,NaN,1,NaN,-1,- 0:0,NaN,NaN,NaN
45.00,0.9691,60.0,5.0000,1.0e-03,-1,1.74532925e-03,error,NaN,NaN,NaN,NaN,NaN,NaN,0,NaN,NaN,NaN,NaN,1,NaN,-1,- 0:0,NaN,NaN,NaN
75.00,0.9691,60.0,5.0000,1.0e-03,-1,1.74532925e-03,cycling,1.01400990e-02,1.68720740e-02,1.74532925e-03,1.20461759e-02,4.222714e-01,20.0000,1,141.9508,0.969110,1.711805e-01,NaN,1,NaN,4,SAM 5:1,0.003260,2.005724e-03,0.19
105.00,0.9691,60.0,5.0000,1.0e-03,-1,1.74532925e-03,cycling,1.26035264e-02,1.48470461e-02,1.74532925e-03,1.20028819e-02,4.237956e-01,20.0000,1,148.5263,0.969788,1.588342e-01,NaN,1,NaN,0,SAM 5:1,0.003937,6.462915e-03,0.19
135.00,0.9691,60.0,5.0000,1.0e-03,-1,1.74532925e-03,cycling,1.28266772e-02,1.48409286e-02,1.74532925e-03,1.19999645e-02,4.256967e-01,20.0000,1,148.8863,0.969993,2.911241e-02,NaN,1,NaN,4,SAM 5:1,0.004142,3.283766e-04,0.19
165.00,0.9691,60.0,5.0000,1.0e-03,-1,1.74532925e-03,cycling,1.04418387e-02,1.56533485e-02,1.74532925e-03,1.20619915e-02,4.252111e-01,20.0000,1,140.7431,0.971687,2.003686e-02,NaN,1,NaN,8,SAM 4:1,-0.002753,4.297109e-03,0.19
15.00,0.9730,60.0,5.0000,1.0e-03,-1,1.74532925e-03,error,NaN,NaN,NaN,NaN,NaN,NaN,0,NaN,NaN,NaN,NaN,1,NaN,-1,- 0:0,NaN,NaN,NaN
45.00,0.9730,60.0,5.0000,1.0e-03,-1,1.74532925e-03,error,NaN,NaN,NaN,NaN,NaN,NaN,0,NaN,NaN,NaN,NaN,1,NaN,-1,- 0:0,NaN,NaN,NaN
75.00,0.9730,60.0,5.0000,1.0e-03,-1,1.74532925e-03,cycling,1.00243611e-02,1.53753510e-02,1.74532925e-03,1.20559837e-02,4.240283e-01,20.0000,1,140.9207,0.970080,1.724121e-01,NaN,1,NaN,6,SAM 5:1,0.004230,6.726527e-03,0.20
105.00,0.9730,60.0,5.0000,1.0e-03,-1,1.74532925e-03,cycling,1.20084381e-02,1.48464441e-02,1.74532925e-03,1.20111193e-02,4.229658e-01,20.0000,1,147.4127,0.969319,1.630192e-01,NaN,1,NaN,0,SAM 5:1,0.003468,6.652865e-03,0.19
135.00,0.9730,60.0,5.0000,1.0e-03,-1,1.74532925e-03,cycling,1.15529759e-02,1.48469938e-02,1.74532925e-03,1.20179074e-02,4.233709e-01,20.0000,1,146.3838,0.969045,4.555883e-02,NaN,1,NaN,4,SAM 5:1,0.003194,1.870188e-03,0.19
165.00,0.9730,60.0,5.0000,1.0e-03,-1,1.74532925e-03,cycling,1.03625321e-02,1.56333376e-02,1.74532925e-03,1.20615772e-02,4.244196e-01,20.0000,1,140.7204,0.971489,9.408256e-03,NaN,1,NaN,8,SAM 4:1,-0.002951,4.636385e-03,0.19
15.00,0.9768,60.0,5.0000,1.0e-03,-1,1.74532925e-03,error,NaN,NaN,NaN,NaN,NaN,NaN,0,NaN,NaN,NaN,NaN,1,NaN,-1,- 0:0,NaN,NaN,NaN
45.00,0.9768,60.0,5.0000,1.0e-03,-1,1.74532925e-03,error,NaN,NaN,NaN,NaN,NaN,NaN,0,NaN,NaN,NaN,NaN,1,NaN,-1,- 0:0,NaN,NaN,NaN
75.00,0.9768,60.0,5.0000,1.0e-03,-1,1.74532925e-03,cycling,1.14174465e-02,1.58794667e-02,1.74532925e-03,1.20613938e-02,4.258612e-01,20.0000,1,141.4609,0.973102,1.605857e-01,NaN,1,NaN,9,SAM 4:1,-0.001338,1.569082e-03,0.19
105.00,0.9768,60.0,5.0000,1.0e-03,-1,1.74532925e-03,cycling,1.11342125e-02,1.50856082e-02,1.74532925e-03,1.20246921e-02,4.230999e-01,20.0000,1,145.2879,0.968869,1.540775e-01,NaN,1,NaN,5,SAM 5:1,0.003018,2.351636e-03,0.20
135.00,0.9768,60.0,5.0000,1.0e-03,-1,1.74532925e-03,cycling,1.05915388e-02,1.48470149e-02,1.74532925e-03,1.20348029e-02,4.212214e-01,20.0000,1,143.6322,0.968800,5.944281e-02,NaN,1,NaN,7,SAM 5:1,0.002949,4.416995e-03,0.19
165.00,0.9768,60.0,5.0000,1.0e-03,-1,1.74532925e-03,cycling,1.03445028e-02,1.56278537e-02,1.74532925e-03,1.20614639e-02,4.241029e-01,20.0000,1,140.7166,0.971441,2.868519e-03,NaN,1,NaN,7,SAM 4:1,-0.002999,4.717606e-03,0.20
15.00,0.9807,60.0,5.0000,1.0e-03,-1,1.74532925e-03,error,NaN,NaN,NaN,NaN,NaN,NaN,0,NaN,NaN,NaN,NaN,1,NaN,-1,- 0:0,NaN,NaN,NaN
45.00,0.9807,60.0,5.0000,1.0e-03,-1,1.74532925e-03,error,NaN,NaN,NaN,NaN,NaN,NaN,0,NaN,NaN,NaN,NaN,1,NaN,-1,- 0:0,NaN,NaN,NaN
75.00,0.9807,60.0,5.0000,1.0e-03,-1,1.74532925e-03,cycling,1.40385013e-02,1.66084820e-02,1.66684095e-03,1.20219396e-02,4.281243e-01,20.0000,1,147.6367,0.972702,1.396473e-01,NaN,1,NaN,11,SAM 4:1,-0.001738,3.981970e-03,0.20
105.00,0.9807,60.0,5.0000,1.0e-03,-1,1.74532925e-03,cycling,1.01744805e-02,1.55090103e-02,1.74532925e-03,1.20598641e-02,4.237334e-01,20.0000,1,140.7198,0.970903,1.359568e-01,NaN,1,NaN,7,SAM 4:1,-0.003537,5.373032e-03,0.20
135.00,0.9807,60.0,5.0000,1.0e-03,-1,1.74532925e-03,cycling,1.00784353e-02,1.51485256e-02,1.74532925e-03,1.20485416e-02,4.235791e-01,20.0000,1,141.6543,0.969259,7.183327e-02,NaN,1,NaN,7,SAM 5:1,0.003408,7.236122e-03,0.20
165.00,0.9807,60.0,5.0000,1.0e-03,-1,1.74532925e-03,cycling,1.03843106e-02,1.56384042e-02,1.74532925e-03,1.20617040e-02,4.247496e-01,20.0000,1,140.7257,0.971545,1.651805e-02,NaN,1,NaN,9,SAM 4:1,-0.002895,4.536007e-03,0.19
15.00,0.9845,60.0,5.0000,1.0e-03,-1,1.74532925e-03,error,NaN,NaN,NaN,NaN,NaN,NaN,0,NaN,NaN,NaN,NaN,1,NaN,-1,- 0:0,NaN,NaN,NaN
45.00,0.9845,60.0,5.0000,1.0e-03,-1,1.74532925e-03,error,NaN,NaN,NaN,NaN,NaN,NaN,0,NaN,NaN,NaN,NaN,1,NaN,-1,- 0:0,NaN,NaN,NaN
75.00,0.9845,60.0,5.0000,1.0e-03,-1,1.74532925e-03,error,NaN,NaN,NaN,NaN,NaN,NaN,0,NaN,NaN,NaN,NaN,1,NaN,-1,- 0:0,NaN,NaN,NaN
105.00,0.9845,60.0,5.0000,1.0e-03,-1,1.74532925e-03,cycling,1.20268150e-02,1.60286828e-02,1.74532925e-03,1.20578096e-02,4.253486e-01,20.0000,1,142.2269,0.973447,1.108284e-01,NaN,1,NaN,9,SAM 4:1,-0.000993,5.619131e-04,0.20
135.00,0.9845,60.0,5.0000,1.0e-03,-1,1.74532925e-03,cycling,1.00735515e-02,1.54513343e-02,1.74532925e-03,1.20579660e-02,4.236998e-01,20.0000,1,140.7954,0.970446,8.321913e-02,NaN,1,NaN,7,SAM 4:1,-0.003994,6.323194e-03,0.19
165.00,0.9845,60.0,5.0000,1.0e-03,-1,1.74532925e-03,cycling,1.05023071e-02,1.56735499e-02,1.74532925e-03,1.20622298e-02,4.251511e-01,20.0000,1,140.7659,0.971824,3.131628e-02,NaN,1,NaN,9,SAM 4:1,-0.002616,4.055605e-03,0.19
15.00,0.9884,60.0,5.0000,1.0e-03,-1,1.74532925e-03,error,NaN,NaN,NaN,NaN,NaN,NaN,0,NaN,NaN,NaN,NaN,1,NaN,-1,- 0:0,NaN,NaN,NaN
45.00,0.9884,60.0,5.0000,1.0e-03,-1,1.74532925e-03,error,NaN,NaN,NaN,NaN,NaN,NaN,0,NaN,NaN,NaN,NaN,1,NaN,-1,- 0:0,NaN,NaN,NaN
75.00,0.9884,60.0,5.0000,1.0e-03,-1,1.74532925e-03,error,NaN,NaN,NaN,NaN,NaN,NaN,0,NaN,NaN,NaN,NaN,1,NaN,-1,- 0:0,NaN,NaN,NaN
105.00,0.9884,60.0,5.0000,1.0e-03,-1,1.74532925e-03,cycling,1.40544132e-02,1.66184782e-02,1.74532925e-03,1.20212374e-02,4.280188e-01,20.0000,1,147.7237,0.972678,8.008909e-02,NaN,1,NaN,11,SAM 4:1,-0.001762,4.087247e-03,0.19
135.00,0.9884,60.0,5.0000,1.0e-03,-1,1.74532925e-03,cycling,1.06014186e-02,1.57033537e-02,1.74532925e-03,1.20625044e-02,4.243647e-01,20.0000,1,140.8117,0.972029,9.386706e-02,NaN,1,NaN,9,SAM 4:1,-0.002411,3.695319e-03,0.20
165.00,0.9884,60.0,5.0000,1.0e-03,-1,1.74532925e-03,cycling,1.07609430e-02,1.57567768e-02,1.74532925e-03,1.20627053e-02,4.248828e-01,20.0000,1,140.9032,0.972315,4.708403e-02,NaN,1,NaN,9,SAM 4:1,-0.002125,3.191319e-03,0.20
15.00,0.9923,60.0,5.0000,1.0e-03,-1,1.74532925e-03,error,NaN,NaN,NaN,NaN,NaN,NaN,0,NaN,NaN,NaN,NaN,1,NaN,-1,- 0:0,NaN,NaN,NaN
45.00,0.9923,60.0,5.0000,1.0e-03,-1,1.74532925e-03,error,NaN,NaN,NaN,NaN,NaN,NaN,0,NaN,NaN,NaN,NaN,1,NaN,-1,- 0:0,NaN,NaN,NaN
75.00,0.9923,60.0,5.0000,1.0e-03,-1,1.74532925e-03,error,NaN,NaN,NaN,NaN,NaN,NaN,0,NaN,NaN,NaN,NaN,1,NaN,-1,- 0:0,NaN,NaN,NaN
105.00,0.9923,60.0,5.0000,1.0e-03,-1,1.74532925e-03,cycling,1.29177997e-02,1.80554015e-02,1.40536068e-03,1.19988086e-02,4.252525e-01,20.0000,1,149.0258,0.970081,4.472513e-02,NaN,1,NaN,19,SAM 5:1,0.004230,6.674377e-06,0.20
135.00,0.9923,60.0,5.0000,1.0e-03,-1,1.74532925e-03,cycling,1.17548075e-02,1.59669389e-02,1.74532925e-03,1.20596750e-02,4.255397e-01,20.0000,1,141.8537,0.973330,1.039393e-01,NaN,1,NaN,9,SAM 4:1,-0.001110,9.782029e-04,0.20
165.00,0.9923,60.0,5.0000,1.0e-03,-1,1.74532925e-03,cycling,1.13307085e-02,1.58756401e-02,1.74532925e-03,1.20617287e-02,4.259692e-01,20.0000,1,141.3717,0.973027,6.367566e-02,NaN,1,NaN,9,SAM 4:1,-0.001414,1.771328e-03,0.19
15.00,0.9961,60.0,5.0000,1.0e-03,-1,1.74532925e-03,error,NaN,NaN,NaN,NaN,NaN,NaN,0,NaN,NaN,NaN,NaN,1,NaN,-1,- 0:0,NaN,NaN,NaN
45.00,0.9961,60.0,5.0000,1.0e-03,-1,1.74532925e-03,error,NaN,NaN,NaN,NaN,NaN,NaN,0,NaN,NaN,NaN,NaN,1,NaN,-1,- 0:0,NaN,NaN,NaN
75.00,0.9961,60.0,5.0000,1.0e-03,-1,1.74532925e-03,error,NaN,NaN,NaN,NaN,NaN,NaN,0,NaN,NaN,NaN,NaN,1,NaN,-1,- 0:0,NaN,NaN,NaN
105.00,0.9961,60.0,5.0000,1.0e-03,-1,1.74532925e-03,error,NaN,NaN,NaN,NaN,NaN,NaN,0,NaN,NaN,NaN,NaN,1,NaN,-1,- 0:0,NaN,NaN,NaN
135.00,0.9961,60.0,5.0000,1.0e-03,-1,1.74532925e-03,cycling,1.36701225e-02,1.64208299e-02,1.74532925e-03,1.20339702e-02,4.266831e-01,20.0000,1,146.0379,0.973097,1.135424e-01,NaN,1,NaN,11,SAM 4:1,-0.001343,2.320718e-03,0.20
165.00,0.9961,60.0,5.0000,1.0e-03,-1,1.74532925e-03,cycling,1.27220115e-02,1.61557577e-02,1.74532925e-03,1.20508965e-02,4.260101e-01,20.0000,1,143.4495,0.973514,8.097048e-02,NaN,1,NaN,11,SAM 4:1,-0.000927,2.273280e-04,0.19
15.00,0.3433,120.0,5.0000,1.0e-03,-1,8.72664626e-04,cycling,1.36275860e-02,1.48407286e-02,2.36160534e-04,1.19914779e-02,4.269329e-01,20.0000,1,149.9886,0.970845,4.226788e-01,NaN,1,NaN,48,SAM 4:1,-0.003595,1.738233e-03,0.57
45.00,0.3433,120.0,5.0000,1.0e-03,-1,8.72664626e-04,cycling,1.00262630e-02,1.48419898e-02,4.27476471e-04,1.20561078e-02,4.241447e-01,20.0000,1,140.9118,0.970101,7.131754e-03,NaN,1,NaN,16,SAM 5:1,0.004250,3.379418e-03,0.21
75.00,0.3433,120.0,5.0000,1.0e-03,-1,8.72664626e-04,cycling,1.12324877e-02,1.48427483e-02,2.38876392e-04,1.20230403e-02,4.212836e-01,20.0000,1,145.5585,0.968902,9.671295e-02,NaN,1,NaN,34,SAM 5:1,0.003052,3.586803e-03,0.47
105.00,0.3433,120.0,5.0000,1.0e-03,-1,8.72664626e-04,cycling,1.18937495e-02,1.48428081e-02,2.79393546e-04,1.20127829e-02,4.215577e-01,20.0000,1,147.1690,0.969243,3.095451e-01,NaN,1,NaN,24,SAM 5:1,0.003392,1.633455e-03,0.60
135.00,0.3433,120.0,5.0000,1.0e-03,-1,8.72664626e-04,cycling,1.40897234e-02,1.48435753e-02,4.27445658e-05,1.19926509e-02,4.280706e-01,20.0000,1,150.3219,0.971469,1.816091e+00,0.7018,0,NaN,28,SAM 4:1,-0.002971,7.441678e-04,0.70
165.00,0.3433,120.0,5.0000,1.0e-03,-1,8.72664626e-04,cycling,1.04199833e-02,1.48461003e-02,1.54617962e-04,1.20618898e-02,4.251010e-01,20.0000,1,140.7360,0.971634,7.370498e-02,NaN,1,NaN,36,SAM 4:1,-0.002806,7.391021e-04,0.65
15.00,0.4120,120.0,5.0000,1.0e-03,-1,8.72664626e-04,cycling,1.74213941e-03,3.99523332e-03,2.44585972e-04,2.96387081e-03,7.377135e-01,20.0000,1,179.8057,0.453627,1.675647e-02,NaN,1,NaN,162,LAM 3:5,-0.017308,2.502572e-01,2.04
45.00,0.4120,120.0,5.0000,1.0e-03,-1,8.72664626e-04,cycling,1.27194723e-02,1.48430083e-02,4.36210885e-04,1.20013523e-02,4.259661e-01,20.0000,1,148.7167,0.969892,2.175454e-02,NaN,1,NaN,27,SAM 5:1,0.004042,5.156099e-03,0.43
75.00,0.4120,120.0,5.0000,1.0e-03,-1,8.72664626e-04,cycling,1.81551180e-03,4.02896924e-03,4.75193138e-04,2.96686503e-03,7.415236e-01,20.0000,1,179.8005,0.494879,1.284188e+00,0.8020,0,NaN,165,LAM 3:5,0.023944,1.975593e-02,1.65
105.00,0.4120,120.0,5.0000,1.0e-03,-1,8.72664626e-04,cycling,1.01766754e-02,1.48448147e-02,3.00631695e-05,1.20598936e-02,4.236865e-01,20.0000,1,140.7191,0.970911,1.260459e+00,1.3033,0,NaN,65,SAM 4:1,-0.003529,2.125093e-03,1.45
135.00,0.4120,120.0,5.0000,1.0e-03,-1,8.72664626e-04,cycling,1.31999463e-02,1.48448187e-02,2.25755083e-04,1.20438525e-02,4.262148e-01,20.0000,1,144.5782,0.973382,4.582510e-02,NaN,1,NaN,37,SAM 4:1,-0.001058,4.914850e-03,0.51
165.00,0.4120,120.0,5.0000,1.0e-03,-1,8.72664626e-04,cycling,1.05074499e-02,1.48471282e-02,2.96737567e-04,1.20622474e-02,4.251234e-01,20.0000,1,140.7680,0.971836,8.875822e-02,NaN,1,NaN,41,SAM 4:1,-0.002605,2.418552e-03,0.52
15.00,0.4807,120.0,5.0000,1.0e-03,-1,8.72664626e-04,cycling,1.86927277e-03,4.09195704e-03,5.14157029e-04,2.94997176e-03,7.482361e-01,20.0000,1,179.8392,0.355091,2.669819e-02,NaN,1,3.05539381e-03,136,LAM 1:2,-0.028241,4.018855e-01,1.63
45.00,0.4807,120.0,5.0000,1.0e-03,-1,8.72664626e-04,cycling,1.15255229e-02,1.48430206e-02,4.78768340e-04,1.20609147e-02,4.251271e-01,20.0000,1,141.5787,0.973186,3.703034e-02,NaN,1,NaN,24,SAM 4:1,-0.001254,3.967466e-03,0.28
75.00,0.4807,120.0,5.0000,1.0e-03,-1,8.72664626e-04,cycling,1.02788141e-02,1.48421804e-02,4.87032367e-04,1.20609764e-02,4.233868e-01,20.0000,1,140.7082,0.971253,1.003660e-02,NaN,1,NaN,22,SAM 4:1,-0.003187,1.920884e-04,0.28
105.00,0.4807,120.0,5.0000,1.0e-03,-1,8.72664626e-04,cycling,1.40049089e-02,2.14012555e-02,3.07819096e-04,1.19914724e-02,4.283138e-01,20.0000,1,150.3196,0.971333,2.542784e-02,NaN,1,NaN,38,SAM 4:1,-0.003107,5.310120e-04,0.39
135.00,0.4807,120.0,5.0000,1.0e-03,-1,8.72664626e-04,cycling,1.08333302e-02,1.48407018e-02,1.87823805e-04,1.20300490e-02,4.210909e-01,20.0000,1,144.4053,0.968801,1.007241e-01,NaN,1,NaN,72,SAM 5:1,0.002950,1.309000e-03,0.75
165.00,0.4807,120.0,5.0000,1.0e-03,-1,8.72664626e-04,cycling,1.42573829e-02,1.48392991e-02,4.06378468e-04,1.20011802e-02,4.273629e-01,20.0000,1,149.8231,0.971948,3.250764e-01,NaN,1,NaN,44,SAM 4:1,-0.002492,6.058018e-03,0.39
15.00,0.5493,120.0,5.0000,1.0e-03,-1,8.72664626e-04,cycling,1.38201407e-02,1.48441033e-02,4.74624721e-04,1.20297810e-02,4.275121e-01,20.0000,1,146.6172,0.972963,5.242939e-02,NaN,1,NaN,23,SAM 4:1,-0.001477,3.361877e-03,0.29
45.00,0.5493,120.0,5.0000,1.0e-03,-1,8.72664626e-04,cycling,1.01487430e-02,1.48456901e-02,4.70239999e-04,1.20458826e-02,4.221175e-01,20.0000,1,141.9892,0.969095,4.857408e-02,NaN,1,NaN,27,SAM 5:1,0.003244,7.267191e-03,0.27
75.00,0.5493,120.0,5.0000,1.0e-03,-1,8.72664626e-04,cycling,1.06478773e-02,1.48451036e-02,4.96693377e-04,1.20336486e-02,4.199624e-01,20.0000,1,143.8180,0.968795,1.935488e-02,NaN,1,NaN,21,SAM 5:1,0.002944,2.447920e-04,0.28
105.00,0.5493,120.0,5.0000,1.0e-03,-1,8.72664626e-04,cycling,2.39666070e-03,4.01778537e-03,3.46986074e-04,2.89603653e-03,7.568265e-01,20.0000,1,179.8116,0.275422,4.814093e+00,0.5514,0,NaN,148,LAM 2:5,-0.010123,1.343657e-02,1.71
135.00,0.5493,120.0,5.0000,1.0e-03,-1,8.72664626e-04,cycling,1.21627567e-02,1.48464529e-02,3.24271741e-04,1.20089221e-02,4.243020e-01,20.0000,1,147.7252,0.969429,4.824591e-02,NaN,1,NaN,61,SAM 5:1,0.003578,2.671254e-03,0.53
165.00,0.5493,120.0,5.0000,1.0e-03,-1,8.72664626e-04,cycling,1.15644245e-02,1.48469286e-02,2.46868298e-04,1.20177303e-02,4.235790e-01,20.0000,1,146.4117,0.969051,1.019128e-01,NaN,1,NaN,53,SAM 5:1,0.003200,3.346626e-04,0.72
15.00,0.6180,120.0,5.0000,1.0e-03,-1,8.72664626e-04,cycling,1.03955932e-02,1.48449080e-02,4.12756685e-04,1.20617656e-02,4.248851e-01,20.0000,1,140.7288,0.971574,3.852319e-02,NaN,1,NaN,11,SAM 4:1,-0.002866,4.030682e-03,0.50
45.00,0.6180,120.0,5.0000,1.0e-03,-1,8.72664626e-04,cycling,1.41436134e-02,1.48414234e-02,3.97581498e-04,1.19939146e-02,4.265423e-01,20.0000,1,150.2852,0.971571,5.687204e-02,NaN,1,NaN,11,SAM 4:1,-0.002869,5.291278e-03,0.21
75.00,0.6180,120.0,5.0000,1.0e-03,-1,8.72664626e-04,cycling,2.02840415e-03,4.06062910e-03,4.55985676e-04,2.92396208e-03,7.482824e-01,20.0000,1,179.8396,0.298216,1.168033e-02,NaN,1,NaN,131,LAM 2:5,0.012671,3.571574e-01,1.61
105.00,0.6180,120.0,5.0000,1.0e-03,-1,8.72664626e-04,cycling,1.34037682e-02,1.48425037e-02,6.89644157e-04,1.20400353e-02,4.274965e-01,20.0000,1,145.1578,0.973280,1.188116e-02,NaN,1,NaN,23,SAM 4:1,-0.001160,4.724292e-03,0.29
135.00,0.6180,120.0,5.0000,1.0e-03,-1,8.72664626e-04,cycling,1.22293120e-02,1.93391645e-02,2.70275445e-04,1.20079882e-02,4.248557e-01,20.0000,1,147.8546,0.969479,5.727370e-02,NaN,1,NaN,57,SAM 5:1,0.003628,7.032382e-03,0.51
165.00,0.6180,120.0,5.0000,1.0e-03,-1,8.72664626e-04,cycling,1.08521413e-02,1.48423533e-02,3.74134542e-04,1.20296985e-02,4.210356e-01,20.0000,1,144.4630,0.968803,4.811145e-01,NaN,1,NaN,23,SAM 5:1,0.002953,6.110276e-03,0.32
15.00,0.6867,120.0,5.0000,1.0e-03,-1,8.72664626e-04,cycling,3.88351508e-03,4.12901194e-03,4.93508416e-04,2.93851974e-03,7.378112e-01,20.0000,1,163.2129,0.276384,4.294444e-02,NaN,1,NaN,142,LAM 2:5,-0.009161,2.857259e-01,1.61
45.00,0.6867,120.0,5.0000,1.0e-03,-1,8.72664626e-04,cycling,1.99418278e-03,4.14426719e-03,3.76075883e-04,2.97320963e-03,7.725683e-01,20.0000,1,179.1774,0.474214,6.384186e-02,NaN,1,NaN,133,LAM 3:5,0.003279,2.857259e-01,1.65
75.00,0.6867,120.0,5.0000,1.0e-03,-1,8.72664626e-04,cycling,1.79334568e-03,4.02849349e-03,4.35528350e-04,2.95921598e-03,7.560427e-01,20.0000,1,179.8243,0.407824,1.428627e-02,NaN,1,NaN,132,LAM 1:2,0.024491,2.857259e-01,1.64
105.00,0.6867,120.0,5.0000,1.0e-03,-1,8.72664626e-04,cycling,1.75427855e-03,4.10753176e-03,8.72664626e-04,2.93603669e-03,7.912197e-01,20.0000,1,179.8115,0.440673,1.466308e-02,NaN,1,NaN,138,LAM 3:5,-0.030262,2.857259e-01,1.96
135.00,0.6867,120.0,5.0000,1.0e-03,-1,8.72664626e-04,cycling,1.82802329e-03,3.99887680e-03,4.23856499e-04,2.95292163e-03,7.557499e-01,20.0000,1,179.8341,0.378236,6.459548e-02,NaN,1,NaN,161,LAM 1:2,-0.005096,2.857259e-01,1.65
165.00,0.6867,120.0,5.0000,1.0e-03,-1,8.72664626e-04,cycling,1.85347013e-03,4.00046843e-03,5.79847672e-04,2.94939636e-03,7.538658e-01,20.0000,1,179.8378,0.362720,4.332126e-02,NaN,1,NaN,173,LAM 1:2,-0.020613,2.857259e-01,1.66
15.00,0.7554,120.0,5.0000,1.0e-03,-1,8.72664626e-04,cycling,2.09603485e-03,4.05952163e-03,7.80371928e-04,2.93050424e-03,7.471619e-01,20.0000,1,179.8347,0.289438,4.778908e-02,NaN,1,NaN,134,LAM 2:5,0.003893,2.142945e-01,1.64
45.00,0.7554,120.0,5.0000,1.0e-03,-1,8.72664626e-04,cycling,1.06715651e-02,1.91227110e-02,7.48917264e-04,1.20331726e-02,4.196016e-01,20.0000,1,143.8950,0.968793,7.108231e-02,NaN,1,3.04991001e-03,12,SAM 5:1,0.002943,7.174932e-03,0.20
75.00,0.7554,120.0,5.0000,1.0e-03,-1,8.72664626e-04,cycling,2.05561385e-03,4.03572923e-03,6.85403952e-04,2.93528243e-03,7.440490e-01,20.0000,1,179.8378,0.294650,1.601619e-02,NaN,1,NaN,136,LAM 2:5,0.009105,2.142945e-01,1.81
105.00,0.7554,120.0,5.0000,1.0e-03,-1,8.72664626e-04,cycling,1.40863600e-02,1.72567438e-02,8.72664626e-04,1.19925881e-02,4.282106e-01,20.0000,1,150.3229,0.971464,1.647240e-02,NaN,1,NaN,10,SAM 4:1,-0.002977,4.901903e-03,0.19
135.00,0.7554,120.0,5.0000,1.0e-03,-1,8.72664626e-04,cycling,1.36293181e-02,1.48466801e-02,8.72664626e-04,1.20349984e-02,4.266067e-01,20.0000,1,145.8921,0.973129,7.199472e-02,NaN,1,NaN,24,SAM 4:1,-0.001311,5.488255e-03,0.27
165.00,0.7554,120.0,5.0000,1.0e-03,-1,8.72664626e-04,cycling,1.22830831e-02,1.48427780e-02,8.72664626e-04,1.20072394e-02,4.252455e-01,20.0000,1,147.9568,0.969521,4.824529e-02,NaN,1,NaN,24,SAM 5:1,0.003670,5.113595e-03,0.28
15.00,0.8240,120.0,5.0000,1.0e-03,-1,8.72664626e-04,cycling,1.81150112e-03,4.16470348e-03,7.96679634e-04,2.95063621e-03,7.559293e-01,20.0000,1,179.8356,0.378128,5.452254e-02,NaN,1,NaN,140,LAM 1:2,-0.005205,1.428630e-01,2.04
45.00,0.8240,120.0,5.0000,1.0e-03,-1,8.72664626e-04,cycling,1.24434726e-02,2.05187585e-02,8.72664626e-04,1.20540699e-02,4.267440e-01,20.0000,1,142.9084,0.973525,8.051910e-02,NaN,1,NaN,16,SAM 4:1,-0.000916,1.407798e-03,0.20
75.00,0.8240,120.0,5.0000,1.0e-03,-1,8.72664626e-04,cycling,1.20436593e-02,1.60895672e-02,8.72664626e-04,1.20576797e-02,4.253619e-01,20.0000,1,142.2517,0.973452,1.667882e-02,NaN,1,NaN,8,SAM 4:1,-0.000988,6.821737e-04,0.20
105.00,0.8240,120.0,5.0000,1.0e-03,-1,8.72664626e-04,cycling,1.05013955e-02,1.48470965e-02,8.72664626e-04,1.20622267e-02,4.251556e-01,20.0000,1,140.7655,0.971822,1.716355e-02,NaN,1,NaN,8,SAM 4:1,-0.002618,4.763729e-03,0.20
135.00,0.8240,120.0,5.0000,1.0e-03,-1,8.72664626e-04,cycling,2.01742691e-03,4.10466945e-03,8.72664626e-04,2.93381102e-03,7.440782e-01,20.0000,1,179.8400,0.302665,8.148856e-02,NaN,1,NaN,134,LAM 2:5,0.017120,1.428630e-01,1.65
165.00,0.8240,120.0,5.0000,1.0e-03,-1,8.72664626e-04,cycling,1.89303324e-03,4.15208767e-03,8.72664626e-04,2.94208721e-03,7.591081e-01,20.0000,1,179.8404,0.345277,5.500726e-02,NaN,1,NaN,136,LAM 1:2,-0.038055,1.428630e-01,1.61
15.00,0.8927,120.0,5.0000,1.0e-03,-1,8.72664626e-04,error,NaN,NaN,NaN,NaN,NaN,NaN,0,NaN,NaN,NaN,NaN,1,NaN,-1,- 0:0,NaN,NaN,NaN
45.00,0.8927,120.0,5.0000,1.0e-03,-1,8.72664626e-04,error,NaN,NaN,NaN,NaN,NaN,NaN,0,NaN,NaN,NaN,NaN,1,NaN,-1,- 0:0,NaN,NaN,NaN
75.00,0.8927,120.0,5.0000,1.0e-03,-1,8.72664626e-04,cycling,1.20463928e-02,2.04433403e-02,8.72664626e-04,1.20576585e-02,4.253627e-01,20.0000,1,142.2558,0.973453,1.237741e-02,NaN,1,NaN,19,SAM 4:1,-0.000987,8.195980e-04,0.20
105.00,0.8927,120.0,5.0000,1.0e-03,-1,8.72664626e-04,cycling,1.08793764e-02,1.48441027e-02,8.72664626e-04,1.20291951e-02,4.209803e-01,20.0000,1,144.5459,0.968807,1.286353e-02,NaN,1,NaN,5,SAM 5:1,0.002956,5.789445e-03,0.20
135.00,0.8927,120.0,5.0000,1.0e-03,-1,8.72664626e-04,cycling,2.08873791e-03,4.02877057e-03,8.72664626e-04,2.99376739e-03,7.301689e-01,20.0000,1,178.5781,0.459333,9.639449e-02,NaN,1,NaN,140,LAM 3:5,-0.011602,7.143149e-02,1.59
165.00,0.8927,120.0,5.0000,1.0e-03,-1,8.72664626e-04,cycling,2.06751980e-03,4.03525392e-03,8.72664626e-04,2.92928752e-03,7.449656e-01,20.0000,1,179.8370,0.293836,6.707121e-02,NaN,1,NaN,143,LAM 2:5,0.008291,7.143149e-02,1.64
15.00,0.9652,120.0,5.0000,1.0e-03,-1,8.72664626e-04,error,NaN,NaN,NaN,NaN,NaN,NaN,0,NaN,NaN,NaN,NaN,1,NaN,-1,- 0:0,NaN,NaN,NaN
45.00,0.9652,120.0,5.0000,1.0e-03,-1,8.72664626e-04,error,NaN,NaN,NaN,NaN,NaN,NaN,0,NaN,NaN,NaN,NaN,1,NaN,-1,- 0:0,NaN,NaN,NaN
75.00,0.9652,120.0,5.0000,1.0e-03,-1,8.72664626e-04,cycling,1.10606549e-02,1.48449176e-02,8.72664626e-04,1.20259570e-02,4.234663e-01,20.0000,1,145.0798,0.968847,5.882080e-01,NaN,1,NaN,5,SAM 5:1,0.002996,4.017948e-03,0.19
105.00,0.9652,120.0,5.0000,1.0e-03,-1,8.72664626e-04,cycling,1.32933203e-02,1.48422634e-02,8.72664626e-04,1.19944014e-02,4.275156e-01,20.0000,1,149.5622,0.970468,5.267283e-01,NaN,1,NaN,1,SAM 4:1,-0.003972,4.017948e-03,0.20
135.00,0.9652,120.0,5.0000,1.0e-03,-1,8.72664626e-04,cycling,1.40727768e-02,1.66303175e-02,8.72664626e-04,1.20203935e-02,4.277503e-01,20.0000,1,147.8272,0.972649,2.722102e-02,NaN,1,NaN,9,SAM 4:1,-0.001791,4.017948e-03,0.20
165.00,0.9652,120.0,5.0000,1.0e-03,-1,8.72664626e-04,cycling,1.19755145e-02,1.85221662e-02,8.72664626e-04,1.20115941e-02,4.225519e-01,20.0000,1,147.3438,0.969297,1.151796e-01,NaN,1,NaN,17,SAM 5:1,0.003446,2.472856e-03,0.50
15.00,0.9691,120.0,5.0000,1.0e-03,-1,8.72664626e-04,error,NaN,NaN,NaN,NaN,NaN,NaN,0,NaN,NaN,NaN,NaN,1,NaN,-1,- 0:0,NaN,NaN,NaN
45.00,0.9691,120.0,5.0000,1.0e-03,-1,8.72664626e-04,error,NaN,NaN,NaN,NaN,NaN,NaN,0,NaN,NaN,NaN,NaN,1,NaN,-1,- 0:0,NaN,NaN,NaN
75.00,0.9691,120.0,5.0000,1.0e-03,-1,8.72664626e-04,cycling,1.31750349e-02,1.62847609e-02,8.72664626e-04,1.20442803e-02,4.262944e-01,20.0000,1,144.5120,0.973392,6.847219e-01,NaN,1,NaN,10,SAM 4:1,-0.001048,1.025704e-03,0.20
105.00,0.9691,120.0,5.0000,1.0e-03,-1,8.72664626e-04,cycling,1.29549128e-02,1.48457949e-02,8.72664626e-04,1.19983451e-02,4.247486e-01,20.0000,1,149.0815,0.970117,6.353368e-01,NaN,1,NaN,0,SAM 5:1,0.004267,6.064564e-03,0.19
135.00,0.9691,120.0,5.0000,1.0e-03,-1,8.72664626e-04,cycling,1.40935820e-02,1.66440245e-02,8.72664626e-04,1.20193880e-02,4.272243e-01,20.0000,1,147.9490,0.972615,1.164496e-01,NaN,1,NaN,10,SAM 4:1,-0.001825,4.371517e-03,0.19
165.00,0.9691,120.0,5.0000,1.0e-03,-1,8.72664626e-04,cycling,1.25170078e-02,1.82624189e-02,8.72664626e-04,1.20040404e-02,4.229203e-01,20.0000,1,148.3790,0.969712,8.014744e-02,NaN,1,NaN,18,SAM 5:1,0.003862,9.230269e-04,0.20
15.00,0.9730,120.0,5.0000,1.0e-03,-1,8.72664626e-04,error,NaN,NaN,NaN,NaN,NaN,NaN,0,NaN,NaN,NaN,NaN,1,NaN,-1,- 0:0,NaN,NaN,NaN
45.00,0.9730,120.0,5.0000,1.0e-03,-1,8.72664626e-04,error,NaN,NaN,NaN,NaN,NaN,NaN,0,NaN,NaN,NaN,NaN,1,NaN,-1,- 0:0,NaN,NaN,NaN
75.00,0.9730,120.0,5.0000,1.0e-03,-1,8.72664626e-04,cycling,1.42564673e-02,1.69689058e-02,8.72664626e-04,1.20009822e-02,4.276045e-01,20.0000,1,149.8390,0.971939,6.896485e-01,NaN,1,NaN,12,SAM 4:1,-0.002501,7.278447e-03,0.24
105.00,0.9730,120.0,5.0000,1.0e-03,-1,8.72664626e-04,cycling,1.06624737e-02,1.57001158e-02,8.72664626e-04,1.20626130e-02,4.248583e-01,20.0000,1,140.8443,0.972145,6.520768e-01,NaN,1,NaN,8,SAM 4:1,-0.002295,3.455427e-03,0.19
135.00,0.9730,120.0,5.0000,1.0e-03,-1,8.72664626e-04,cycling,1.42205530e-02,1.67613791e-02,8.72664626e-04,1.20111205e-02,4.284421e-01,20.0000,1,148.8864,0.972327,1.822353e-01,NaN,1,NaN,12,SAM 4:1,-0.002113,5.791942e-03,0.19
165.00,0.9730,120.0,5.0000,1.0e-03,-1,8.72664626e-04,cycling,1.27837942e-02,1.81364351e-02,8.72664626e-04,1.20005163e-02,4.260774e-01,20.0000,1,148.8192,0.969952,3.763303e-02,NaN,1,NaN,18,SAM 5:1,0.004101,2.589599e-04,0.20
15.00,0.9768,120.0,5.0000,1.0e-03,-1,8.72664626e-04,error,NaN,NaN,NaN,NaN,NaN,NaN,0,NaN,NaN,NaN,NaN,1,NaN,-1,- 0:0,NaN,NaN,NaN
45.00,0.9768,120.0,5.0000,1.0e-03,-1,8.72664626e-04,error,NaN,NaN,NaN,NaN,NaN,NaN,0,NaN,NaN,NaN,NaN,1,NaN,-1,- 0:0,NaN,NaN,NaN
75.00,0.9768,120.0,5.0000,1.0e-03,-1,8.72664626e-04,cycling,1.31860348e-02,1.79157171e-02,8.72664626e-04,1.19955832e-02,4.262706e-01,20.0000,1,149.4148,0.970354,6.423430e-01,NaN,1,NaN,17,SAM 4:1,-0.004086,5.024534e-04,0.20
105.00,0.9768,120.0,5.0000,1.0e-03,-1,8.72664626e-04,cycling,1.42041000e-02,1.67304975e-02,8.72664626e-04,1.20125655e-02,4.284088e-01,20.0000,1,148.7314,0.972379,6.163100e-01,NaN,1,NaN,13,SAM 4:1,-0.002061,5.521930e-03,0.19
135.00,0.9768,120.0,5.0000,1.0e-03,-1,8.72664626e-04,cycling,1.42524390e-02,1.69830278e-02,8.72664626e-04,1.20002643e-02,4.283306e-01,20.0000,1,149.8953,0.971908,2.377712e-01,NaN,1,NaN,13,SAM 4:1,-0.002532,7.132561e-03,0.20
165.00,0.9768,120.0,5.0000,1.0e-03,-1,8.72664626e-04,cycling,1.28649621e-02,1.80889073e-02,8.72664626e-04,1.19994760e-02,4.254674e-01,20.0000,1,148.9454,0.970029,1.147408e-02,NaN,1,NaN,19,SAM 5:1,0.004179,8.312917e-05,0.20
15.00,0.9807,120.0,5.0000,1.0e-03,-1,8.72664626e-04,error,NaN,NaN,NaN,NaN,NaN,NaN,0,NaN,NaN,NaN,NaN,1,NaN,-1,- 0:0,NaN,NaN,NaN
45.00,0.9807,120.0,5.0000,1.0e-03,-1,8.72664626e-04,error,NaN,NaN,NaN,NaN,NaN,NaN,0,NaN,NaN,NaN,NaN,1,NaN,-1,- 0:0,NaN,NaN,NaN
75.00,0.9807,120.0,5.0000,1.0e-03,-1,8.72664626e-04,cycling,1.01903230e-02,1.99061181e-02,8.72664626e-04,1.20600694e-02,4.233627e-01,20.0000,1,140.7153,0.970962,5.585894e-01,NaN,1,NaN,25,SAM 4:1,-0.003478,1.835185e-03,0.20
105.00,0.9807,120.0,5.0000,1.0e-03,-1,8.72664626e-04,cycling,1.34076691e-02,1.77838018e-02,8.72664626e-04,1.19932451e-02,4.252785e-01,20.0000,1,149.7142,0.970594,5.438271e-01,NaN,1,NaN,17,SAM 4:1,-0.003846,1.170640e-03,0.20
135.00,0.9807,120.0,5.0000,1.0e-03,-1,8.72664626e-04,cycling,1.40447474e-02,1.72936517e-02,8.72664626e-04,1.19919303e-02,4.289871e-01,20.0000,1,150.3274,0.971395,2.873331e-01,NaN,1,NaN,13,SAM 4:1,-0.003045,4.552536e-03,0.20
165.00,0.9807,120.0,5.0000,1.0e-03,-1,8.72664626e-04,cycling,1.27772577e-02,1.81400628e-02,8.72664626e-04,1.20006008e-02,4.261031e-01,20.0000,1,148.8089,0.969946,6.607221e-02,NaN,1,NaN,19,SAM 5:1,0.004095,2.739196e-04,0.20
15.00,0.9845,120.0,5.0000,1.0e-03,-1,8.72664626e-04,error,NaN,NaN,NaN,NaN,NaN,NaN,0,NaN,NaN,NaN,NaN,1,NaN,-1,- 0:0,NaN,NaN,NaN
45.00,0.9845,120.0,5.0000,1.0e-03,-1,8.72664626e-04,error,NaN,NaN,NaN,NaN,NaN,NaN,0,NaN,NaN,NaN,NaN,1,NaN,-1,- 0:0,NaN,NaN,NaN
75.00,0.9845,120.0,5.0000,1.0e-03,-1,8.72664626e-04,error,NaN,NaN,NaN,NaN,NaN,NaN,0,NaN,NaN,NaN,NaN,1,NaN,-1,- 0:0,NaN,NaN,NaN
105.00,0.9845,120.0,5.0000,1.0e-03,-1,8.72664626e-04,cycling,1.00158269e-02,1.96188662e-02,8.72664626e-04,1.20524979e-02,4.229854e-01,20.0000,1,141.2208,0.969612,4.433136e-01,NaN,1,NaN,23,SAM 5:1,0.003762,3.649247e-03,0.20
135.00,0.9845,120.0,5.0000,1.0e-03,-1,8.72664626e-04,cycling,1.34577025e-02,1.77469974e-02,8.72664626e-04,1.19927820e-02,4.244660e-01,20.0000,1,149.7790,0.970650,3.328765e-01,NaN,1,NaN,17,SAM 4:1,-0.003790,1.352677e-03,0.20
165.00,0.9845,120.0,5.0000,1.0e-03,-1,8.72664626e-04,cycling,1.24670075e-02,1.82813761e-02,8.72664626e-04,1.20047161e-02,4.230272e-01,20.0000,1,148.2917,0.969670,1.252651e-01,NaN,1,NaN,19,SAM 5:1,0.003819,1.056370e-03,0.19
15.00,0.9884,120.0,5.0000,1.0e-03,-1,8.72664626e-04,error,NaN,NaN,NaN,NaN,NaN,NaN,0,NaN,NaN,NaN,NaN,1,NaN,-1,- 0:0,NaN,NaN,NaN
45.00,0.9884,120.0,5.0000,1.0e-03,-1,8.72664626e-04,error,NaN,NaN,NaN,NaN,NaN,NaN,0,NaN,NaN,NaN,NaN,1,NaN,-1,- 0:0,NaN,NaN,NaN
75.00,0.9884,120.0,5.0000,1.0e-03,-1,8.72664626e-04,error,NaN,NaN,NaN,NaN,NaN,NaN,0,NaN,NaN,NaN,NaN,1,NaN,-1,- 0:0,NaN,NaN,NaN
105.00,0.9884,120.0,5.0000,1.0e-03,-1,8.72664626e-04,cycling,1.95584336e-03,4.03024336e-03,8.72664626e-04,2.94455067e-03,7.441874e-01,20.0000,1,179.8421,0.319690,3.203564e-01,NaN,1,NaN,141,LAM 2:5,0.034144,2.812564e-02,1.63
135.00,0.9884,120.0,5.0000,1.0e-03,-1,8.72664626e-04,cycling,1.20712660e-02,1.84775171e-02,8.72664626e-04,1.20102193e-02,4.236670e-01,20.0000,1,147.5420,0.969363,3.754682e-01,NaN,1,NaN,19,SAM 5:1,0.003512,2.182457e-03,0.20
165.00,0.9884,120.0,5.0000,1.0e-03,-1,8.72664626e-04,cycling,1.17503879e-02,1.86103975e-02,8.72664626e-04,1.20149033e-02,4.242828e-01,20.0000,1,146.8499,0.969154,1.883361e-01,NaN,1,NaN,21,SAM 5:1,0.003303,3.185065e-03,0.19
15.00,0.9923,120.0,5.0000,1.0e-03,-1,8.72664626e-04,error,NaN,NaN,NaN,NaN,NaN,NaN,0,NaN,NaN,NaN,NaN,1,NaN,-1,- 0:0,NaN,NaN,NaN
45.00,0.9923,120.0,5.0000,1.0e-03,-1,8.72664626e-04,error,NaN,NaN,NaN,NaN,NaN,NaN,0,NaN,NaN,NaN,NaN,1,NaN,-1,- 0:0,NaN,NaN,NaN
75.00,0.9923,120.0,5.0000,1.0e-03,-1,8.72664626e-04,error,NaN,NaN,NaN,NaN,NaN,NaN,0,NaN,NaN,NaN,NaN,1,NaN,-1,- 0:0,NaN,NaN,NaN
105.00,0.9923,120.0,5.0000,1.0e-03,-1,8.72664626e-04,cycling,1.35886518e-02,1.68315539e-02,8.72664626e-04,1.20359833e-02,4.263286e-01,20.0000,1,145.7512,0.973160,1.789005e-01,NaN,1,NaN,35,SAM 4:1,-0.001280,5.423126e-03,0.28
135.00,0.9923,120.0,5.0000,1.0e-03,-1,8.72664626e-04,cycling,1.01534541e-02,1.98900734e-02,8.72664626e-04,1.20595641e-02,4.241001e-01,20.0000,1,140.7280,0.970821,4.157573e-01,NaN,1,NaN,25,SAM 4:1,-0.003619,1.985834e-03,0.20
165.00,0.9923,120.0,5.0000,1.0e-03,-1,8.72664626e-04,cycling,1.02904942e-02,1.93210398e-02,8.72664626e-04,1.20417375e-02,4.224612e-01,20.0000,1,142.5655,0.968923,2.547026e-01,NaN,1,NaN,23,SAM 5:1,0.003072,5.679198e-03,0.20
15.00,0.9961,120.0,5.0000,1.0e-03,-1,8.72664626e-04,error,NaN,NaN,NaN,NaN,NaN,NaN,0,NaN,NaN,NaN,NaN,1,NaN,-1,- 0:0,NaN,NaN,NaN
45.00,0.9961,120.0,5.0000,1.0e-03,-1,8.72664626e-04,error,NaN,NaN,NaN,NaN,NaN,NaN,0,NaN,NaN,NaN,NaN,1,NaN,-1,- 0:0,NaN,NaN,NaN
75.00,0.9961,120.0,5.0000,1.0e-03,-1,8.72664626e-04,error,NaN,NaN,NaN,NaN,NaN,NaN,0,NaN,NaN,NaN,NaN,1,NaN,-1,- 0:0,NaN,NaN,NaN
105.00,0.9961,120.0,5.0000,1.0e-03,-1,8.72664626e-04,error,NaN,NaN,NaN,NaN,NaN,NaN,0,NaN,NaN,NaN,NaN,1,NaN,-1,- 0:0,NaN,NaN,NaN
135.00,0.9961,120.0,5.0000,1.0e-03,-1,8.72664626e-04,cycling,1.99666218e-03,4.02932074e-03,8.72664626e-04,2.93634574e-03,7.458129e-01,20.0000,1,179.8409,0.308871,4.541696e-01,NaN,1,NaN,147,LAM 2:5,0.023326,3.616153e-02,1.61
165.00,0.9961,120.0,5.0000,1.0e-03,-1,8.72664626e-04,cycling,1.38963135e-02,2.13403599e-02,8.72664626e-04,1.19908317e-02,4.270673e-01,20.0000,1,150.2592,0.971180,3.238819e-01,NaN,1,NaN,25,SAM 4:1,-0.003260,1.208993e-03,0.20
15.00,0.3433,20.0,10.0000,1.0e-03,-1,5.23598776e-03,cycling,6.39222296e-03,1.01037574e-02,1.69459730e-03,6.06133062e-03,2.595718e-01,20.0000,1,145.8745,0.970811,1.567653e-03,NaN,1,NaN,20,SAM 4:1,-0.003630,7.712921e-03,0.43
45.00,0.3433,20.0,10.0000,1.0e-03,-1,5.23598776e-03,error,NaN,NaN,NaN,NaN,NaN,NaN,0,NaN,NaN,NaN,NaN,1,NaN,-1,- 0:0,NaN,NaN,NaN
75.00,0.3433,20.0,10.0000,1.0e-03,-1,5.23598776e-03,cycling,5.85274881e-03,6.86652453e-03,1.39641226e-03,6.06070339e-03,2.594087e-01,20.0000,1,144.7104,0.969247,1.585724e-03,NaN,1,NaN,16,SAM 5:1,0.003396,7.702129e-03,0.39
105.00,0.3433,20.0,10.0000,1.0e-03,-1,5.23598776e-03,cycling,5.72178597e-03,6.86641739e-03,2.36895183e-03,6.06050111e-03,2.606851e-01,20.0000,1,144.0619,0.969160,1.587053e-03,NaN,1,NaN,16,SAM 5:1,0.003309,7.701243e-03,0.69
135.00,0.3433,20.0,10.0000,1.0e-03,-1,5.23598776e-03,cycling,6.37071445e-03,9.62629152e-03,2.21548222e-03,6.06115385e-03,2.592794e-01,20.0000,1,144.3436,0.971547,1.593948e-03,NaN,1,NaN,18,SAM 4:1,-0.002893,6.406384e-05,0.38
165.00,0.3433,20.0,10.0000,1.0e-03,-1,5.23598776e-03,cycling,6.41259110e-03,9.59352251e-03,2.13643650e-03,6.06125395e-03,2.588469e-01,20.0000,1,144.7646,0.971442,1.551886e-03,NaN,1,NaN,16,SAM 4:1,-0.002998,9.158215e-04,0.38
15.00,0.4120,20.0,10.0000,1.0e-03,-1,5.23598776e-03,error,NaN,NaN,NaN,NaN,NaN,NaN,0,NaN,NaN,NaN,NaN,1,NaN,-1,- 0:0,NaN,NaN,NaN
45.00,0.4120,20.0,10.0000,1.0e-03,-1,5.23598776e-03,error,NaN,NaN,NaN,NaN,NaN,NaN,0,NaN,NaN,NaN,NaN,1,NaN,-1,- 0:0,NaN,NaN,NaN
75.00,0.4120,20.0,10.0000,1.0e-03,-1,5.23598776e-03,cycling,6.45147083e-03,6.86719444e-03,2.13853426e-03,6.06135670e-03,2.567862e-01,20.0000,1,145.2485,0.971313,1.584187e-03,NaN,1,NaN,15,SAM 4:1,-0.003127,7.253842e-03,0.39
105.00,0.4120,20.0,10.0000,1.0e-03,-1,5.23598776e-03,cycling,6.31974779e-03,6.86564913e-03,2.49158645e-03,6.06104084e-03,2.588204e-01,20.0000,1,143.9116,0.971646,1.599884e-03,NaN,1,NaN,15,SAM 4:1,-0.002794,6.908999e-03,0.38
135.00,0.4120,20.0,10.0000,1.0e-03,-1,5.23598776e-03,cycling,5.94870284e-03,9.71501352e-03,2.58293250e-03,6.06036765e-03,2.573839e-01,20.0000,1,141.9798,0.971832,1.747034e-03,NaN,1,NaN,17,SAM 4:1,-0.002608,6.127219e-03,0.38
165.00,0.4120,20.0,10.0000,1.0e-03,-1,5.23598776e-03,cycling,5.48926526e-03,9.33310301e-03,2.58536881e-03,6.05983965e-03,2.567447e-01,20.0000,1,141.3037,0.970656,2.162718e-03,NaN,1,NaN,15,SAM 4:1,-0.003784,5.217442e-03,0.38
15.00,0.4807,20.0,10.0000,1.0e-03,-1,5.23598776e-03,error,NaN,NaN,NaN,NaN,NaN,NaN,0,NaN,NaN,NaN,NaN,1,NaN,-1,- 0:0,NaN,NaN,NaN
45.00,0.4807,20.0,10.0000,1.0e-03,-1,5.23598776e-03,cycling,5.63577439e-03,7.67018455e-03,4.74571751e-04,6.06035759e-03,2.560961e-01,20.0000,1,143.5650,0.969161,1.608430e-02,NaN,1,NaN,28,SAM 5:1,0.003310,7.705759e-03,0.50
75.00,0.4807,20.0,10.0000,1.0e-03,-1,5.23598776e-03,cycling,6.00621836e-03,6.86634805e-03,1.89594837e-03,6.06045903e-03,2.569881e-01,20.0000,1,142.1871,0.971855,1.598375e-03,NaN,1,NaN,14,SAM 4:1,-0.002585,6.876433e-03,0.39
105.00,0.4807,20.0,10.0000,1.0e-03,-1,5.23598776e-03,cycling,5.44223820e-03,6.86812942e-03,2.79453305e-03,6.05994452e-03,2.611491e-01,20.0000,1,141.9952,0.969671,1.562626e-03,NaN,1,NaN,14,SAM 5:1,0.003820,7.708669e-03,0.39
135.00,0.4807,20.0,10.0000,1.0e-03,-1,5.23598776e-03,cycling,5.82857791e-03,9.00768795e-03,2.92655582e-03,6.06066732e-03,2.591385e-01,20.0000,1,144.6001,0.969224,1.585822e-03,NaN,1,NaN,16,SAM 5:1,0.003373,7.707088e-03,0.38
165.00,0.4807,20.0,10.0000,1.0e-03,-1,5.23598776e-03,cycling,5.43299179e-03,9.48965343e-03,2.88791415e-03,6.05987637e-03,2.587492e-01,20.0000,1,141.6823,0.969962,1.592414e-03,NaN,1,NaN,16,SAM 5:1,0.004111,7.702770e-03,0.39
15.00,0.5493,20.0,10.0000,1.0e-03,-1,5.23598776e-03,error,NaN,NaN,NaN,NaN,NaN,NaN,0,NaN,NaN,NaN,NaN,1,NaN,-1,- 0:0,NaN,NaN,NaN
45.00,0.5493,20.0,10.0000,1.0e-03,-1,5.23598776e-03,error,NaN,NaN,NaN,NaN,NaN,NaN,0,NaN,NaN,NaN,NaN,1,NaN,-1,- 0:0,NaN,NaN,NaN
75.00,0.5493,20.0,10.0000,1.0e-03,-1,5.23598776e-03,error,NaN,NaN,NaN,NaN,NaN,NaN,0,NaN,NaN,NaN,NaN,1,NaN,-1,- 0:0,NaN,NaN,NaN
105.00,0.5493,20.0,10.0000,1.0e-03,-1,5.23598776e-03,cycling,5.72472382e-03,6.86665055e-03,3.15341437e-03,6.06050584e-03,2.607353e-01,20.0000,1,144.0778,0.969161,1.585953e-03,NaN,1,NaN,13,SAM 5:1,0.003310,7.701463e-03,0.38
135.00,0.5493,20.0,10.0000,1.0e-03,-1,5.23598776e-03,cycling,6.49220700e-03,6.88611441e-03,3.36964075e-03,6.06150258e-03,2.607658e-01,20.0000,1,146.1334,0.971054,1.583678e-03,NaN,1,NaN,13,SAM 4:1,-0.003387,7.704616e-03,0.38
165.00,0.5493,20.0,10.0000,1.0e-03,-1,5.23598776e-03,cycling,6.12049535e-03,8.93301131e-03,3.28922260e-03,6.06106549e-03,2.594295e-01,20.0000,1,145.6266,0.969685,1.581281e-03,NaN,1,NaN,13,SAM 5:1,0.003834,7.709003e-03,0.39
15.00,0.6180,20.0,10.0000,1.0e-03,-1,5.23598776e-03,error,NaN,NaN,NaN,NaN,NaN,NaN,0,NaN,NaN,NaN,NaN,1,NaN,-1,- 0:0,NaN,NaN,NaN
45.00,0.6180,20.0,10.0000,1.0e-03,-1,5.23598776e-03,error,NaN,NaN,NaN,NaN,NaN,NaN,0,NaN,NaN,NaN,NaN,1,NaN,-1,- 0:0,NaN,NaN,NaN
75.00,0.6180,20.0,10.0000,1.0e-03,-1,5.23598776e-03,error,NaN,NaN,NaN,NaN,NaN,NaN,0,NaN,NaN,NaN,NaN,1,NaN,-1,- 0:0,NaN,NaN,NaN
105.00,0.6180,20.0,10.0000,1.0e-03,-1,5.23598776e-03,cycling,5.95304426e-03,6.86698783e-03,3.50247879e-03,6.06084731e-03,2.559427e-01,20.0000,1,145.1217,0.969370,1.581718e-03,NaN,1,NaN,11,SAM 5:1,0.003519,7.703403e-03,0.39
135.00,0.6180,20.0,10.0000,1.0e-03,-1,5.23598776e-03,cycling,5.96541852e-03,6.86733440e-03,3.87706411e-03,6.06039376e-03,2.568226e-01,20.0000,1,142.0373,0.971841,1.598720e-03,NaN,1,NaN,11,SAM 4:1,-0.002599,7.699475e-03,0.40
165.00,0.6180,20.0,10.0000,1.0e-03,-1,5.23598776e-03,cycling,6.39535754e-03,8.43790198e-03,3.73751970e-03,6.06133434e-03,2.593534e-01,20.0000,1,145.8919,0.970840,1.577324e-03,NaN,1,1.95576807e-03,11,SAM 4:1,-0.003601,7.722061e-03,0.42
15.00,0.6867,20.0,10.0000,1.0e-03,-1,5.23598776e-03,error,NaN,NaN,NaN,NaN,NaN,NaN,0,NaN,NaN,NaN,NaN,1,NaN,-1,- 0:0,NaN,NaN,NaN
45.00,0.6867,20.0,10.0000,1.0e-03,-1,5.23598776e-03,error,NaN,NaN,NaN,NaN,NaN,NaN,0,NaN,NaN,NaN,NaN,1,NaN,-1,- 0:0,NaN,NaN,NaN
75.00,0.6867,20.0,10.0000,1.0e-03,-1,5.23598776e-03,error,NaN,NaN,NaN,NaN,NaN,NaN,0,NaN,NaN,NaN,NaN,1,NaN,-1,- 0:0,NaN,NaN,NaN
105.00,0.6867,20.0,10.0000,1.0e-03,-1,5.23598776e-03,cycling,6.10695030e-03,6.86531724e-03,3.80877573e-03,6.06104900e-03,2.585916e-01,20.0000,1,145.5951,0.969653,1.578462e-03,NaN,1,NaN,11,SAM 5:1,0.003803,7.714816e-03,0.44
135.00,0.6867,20.0,10.0000,1.0e-03,-1,5.23598776e-03,cycling,5.55838187e-03,6.86816550e-03,4.46045928e-03,6.05988221e-03,2.585122e-01,20.0000,1,141.2483,0.971027,1.794319e-03,NaN,1,NaN,11,SAM 4:1,-0.003413,7.700330e-03,0.38
165.00,0.6867,20.0,10.0000,1.0e-03,-1,5.23598776e-03,cycling,6.41892232e-03,8.25889632e-03,4.22130337e-03,6.06139895e-03,2.608839e-01,20.0000,1,146.2462,0.970925,1.583354e-03,NaN,1,NaN,11,SAM 4:1,-0.003515,7.717202e-03,0.68
15.00,0.7554,20.0,10.0000,1.0e-03,-1,5.23598776e-03,error,NaN,NaN,NaN,NaN,NaN,NaN,0,NaN,NaN,NaN,NaN,1,NaN,-1,- 0:0,NaN,NaN,NaN
45.00,0.7554,20.0,10.0000,1.0e-03,-1,5.23598776e-03,error,NaN,NaN,NaN,NaN,NaN,NaN,0,NaN,NaN,NaN,NaN,1,NaN,-1,- 0:0,NaN,NaN,NaN
75.00,0.7554,20.0,10.0000,1.0e-03,-1,5.23598776e-03,cycling,5.48654158e-03,1.07450973e-02,1.35012707e-03,6.06006819e-03,2.588522e-01,20.0000,1,142.4934,0.969391,1.580939e-03,NaN,1,NaN,12,SAM 5:1,0.003540,7.703541e-03,0.38
105.00,0.7554,20.0,10.0000,1.0e-03,-1,5.23598776e-03,cycling,6.21220767e-03,6.86658902e-03,4.07435305e-03,6.06117069e-03,2.599042e-01,20.0000,1,145.7896,0.969932,1.583976e-03,NaN,1,NaN,10,SAM 5:1,0.004081,7.708327e-03,0.39
135.00,0.7554,20.0,10.0000,1.0e-03,-1,5.23598776e-03,cycling,5.43344813e-03,6.86840357e-03,5.23598776e-03,6.05987091e-03,2.581469e-01,20.0000,1,141.6537,0.969996,1.999853e-03,NaN,1,NaN,10,SAM 5:1,0.004145,7.704999e-03,0.38
165.00,0.7554,20.0,10.0000,1.0e-03,-1,5.23598776e-03,cycling,6.42832813e-03,8.31806173e-03,4.74597061e-03,6.06142618e-03,2.592354e-01,20.0000,1,146.3624,0.970911,1.554598e-03,NaN,1,NaN,10,SAM 4:1,-0.003529,7.717288e-03,0.47
15.00,0.8240,20.0,10.0000,1.0e-03,-1,5.23598776e-03,error,NaN,NaN,NaN,NaN,NaN,NaN,0,NaN,NaN,NaN,NaN,1,NaN,-1,- 0:0,NaN,NaN,NaN
45.00,0.8240,20.0,10.0000,1.0e-03,-1,5.23598776e-03,error,NaN,NaN,NaN,NaN,NaN,NaN,0,NaN,NaN,NaN,NaN,1,NaN,-1,- 0:0,NaN,NaN,NaN
75.00,0.8240,20.0,10.0000,1.0e-03,-1,5.23598776e-03,cycling,6.38886421e-03,1.00611265e-02,1.74407516e-03,6.06132733e-03,2.595272e-01,20.0000,1,145.8622,0.970780,1.565737e-03,NaN,1,NaN,10,SAM 4:1,-0.003660,7.710212e-03,0.57
105.00,0.8240,20.0,10.0000,1.0e-03,-1,5.23598776e-03,cycling,6.28558170e-03,6.86722253e-03,4.32859925e-03,6.06124474e-03,2.579626e-01,20.0000,1,145.8498,0.970190,1.591852e-03,NaN,1,NaN,8,SAM 4:1,-0.004250,7.706064e-03,0.48
135.00,0.8240,20.0,10.0000,1.0e-03,-1,5.23598776e-03,cycling,5.51148526e-03,6.86853071e-03,5.23598776e-03,6.06012336e-03,2.578241e-01,20.0000,1,142.7051,0.969314,2.263571e-03,NaN,1,NaN,8,SAM 5:1,0.003463,7.715392e-03,0.41
165.00,0.8240,20.0,10.0000,1.0e-03,-1,5.23598776e-03,cycling,6.41969652e-03,8.81400033e-03,5.23598776e-03,6.06140133e-03,2.608483e-01,20.0000,1,146.2571,0.970924,1.584073e-03,NaN,1,NaN,8,SAM 4:1,-0.003516,7.719835e-03,0.39
15.00,0.8927,20.0,10.0000,1.0e-03,-1,5.23598776e-03,error,NaN,NaN,NaN,NaN,NaN,NaN,0,NaN,NaN,NaN,NaN,1,NaN,-1,- 0:0,NaN,NaN,NaN
45.00,0.8927,20.0,10.0000,1.0e-03,-1,5.23598776e-03,error,NaN,NaN,NaN,NaN,NaN,NaN,0,NaN,NaN,NaN,NaN,1,NaN,-1,- 0:0,NaN,NaN,NaN
75.00,0.8927,20.0,10.0000,1.0e-03,-1,5.23598776e-03,error,NaN,NaN,NaN,NaN,NaN,NaN,0,NaN,NaN,NaN,NaN,1,NaN,-1,- 0:0,NaN,NaN,NaN
105.00,0.8927,20.0,10.0000,1.0e-03,-1,5.23598776e-03,cycling,6.34030257e-03,6.86746766e-03,4.32357136e-03,6.06129155e-03,2.550517e-01,20.0000,1,145.8502,0.970446,1.570039e-03,NaN,1,NaN,5,SAM 4:1,-0.003994,7.704363e-03,0.39
135.00,0.8927,20.0,10.0000,1.0e-03,-1,5.23598776e-03,cycling,5.75926274e-03,6.86816081e-03,5.23598776e-03,6.06056077e-03,2.608645e-01,20.0000,1,144.2602,0.969176,2.677625e-03,NaN,1,NaN,5,SAM 5:1,0.003325,7.708418e-03,0.38
165.00,0.8927,20.0,10.0000,1.0e-03,-1,5.23598776e-03,cycling,6.41254209e-03,9.51990365e-03,5.23598776e-03,6.06137850e-03,2.590709e-01,20.0000,1,146.1452,0.970930,1.863089e-03,NaN,1,NaN,7,SAM 4:1,-0.003510,7.708653e-03,0.39
15.00,0.9652,20.0,10.0000,1.0e-03,-1,5.23598776e-03,error,NaN,NaN,NaN,NaN,NaN,NaN,0,NaN,NaN,NaN,NaN,1,NaN,-1,- 0:0,NaN,NaN,NaN
45.00,0.9652,20.0,10.0000,1.0e-03,-1,5.23598776e-03,error,NaN,NaN,NaN,NaN,NaN,NaN,0,NaN,NaN,NaN,NaN,1,NaN,-1,- 0:0,NaN,NaN,NaN
75.00,0.9652,20.0,10.0000,1.0e-03,-1,5.23598776e-03,error,NaN,NaN,NaN,NaN,NaN,NaN,0,NaN,NaN,NaN,NaN,1,NaN,-1,- 0:0,NaN,NaN,NaN
105.00,0.9652,20.0,10.0000,1.0e-03,-1,5.23598776e-03,cycling,6.39378998e-03,6.86841699e-03,3.73243219e-03,6.06133238e-03,2.593192e-01,20.0000,1,145.8823,0.970825,1.463134e-02,NaN,1,NaN,1,SAM 4:1,-0.003615,4.017948e-03,0.38
135.00,0.9652,20.0,10.0000,1.0e-03,-1,5.23598776e-03,cycling,6.29834209e-03,6.86678821e-03,5.23598776e-03,6.06125641e-03,2.571917e-01,20.0000,1,145.8532,0.970244,1.576073e-03,NaN,1,NaN,1,SAM 4:1,-0.004196,4.017948e-03,0.38
165.00,0.9652,20.0,10.0000,1.0e-03,-1,5.23598776e-03,cycling,5.57450591e-03,8.74307895e-03,5.23598776e-03,6.05989563e-03,2.584341e-01,20.0000,1,141.2500,0.971095,3.199433e-03,NaN,1,NaN,1,SAM 4:1,-0.003345,4.017948e-03,0.38
15.00,0.9691,20.0,10.0000,1.0e-03,-1,5.23598776e-03,error,NaN,NaN,NaN,NaN,NaN,NaN,0,NaN,NaN,NaN,NaN,1,NaN,-1,- 0:0,NaN,NaN,NaN
45.00,0.9691,20.0,10.0000,1.0e-03,-1,5.23598776e-03,error,NaN,NaN,NaN,NaN,NaN,NaN,0,NaN,NaN,NaN,NaN,1,NaN,-1,- 0:0,NaN,NaN,NaN
75.00,0.9691,20.0,10.0000,1.0e-03,-1,5.23598776e-03,error,NaN,NaN,NaN,NaN,NaN,NaN,0,NaN,NaN,NaN,NaN,1,NaN,-1,- 0:0,NaN,NaN,NaN
105.00,0.9691,20.0,10.0000,1.0e-03,-1,5.23598776e-03,cycling,6.39690167e-03,6.86815423e-03,3.63116310e-03,6.06133652e-03,2.593810e-01,20.0000,1,145.9034,0.970854,1.764824e-02,NaN,1,NaN,0,SAM 4:1,-0.003586,7.726802e-03,0.38
135.00,0.9691,20.0,10.0000,1.0e-03,-1,5.23598776e-03,cycling,6.31608450e-03,6.86736965e-03,5.22797733e-03,6.06127191e-03,2.550718e-01,20.0000,1,145.8544,0.970324,3.234712e-03,NaN,1,NaN,0,SAM 4:1,-0.004116,7.712062e-03,0.38
165.00,0.9691,20.0,10.0000,1.0e-03,-1,5.23598776e-03,cycling,5.55093231e-03,8.73393860e-03,5.23598776e-03,6.05987636e-03,2.584616e-01,20.0000,1,141.2490,0.970994,2.226318e-03,NaN,1,NaN,0,SAM 4:1,-0.003446,7.701478e-03,0.38
15.00,0.9730,20.0,10.0000,1.0e-03,-1,5.23598776e-03,error,NaN,NaN,NaN,NaN,NaN,NaN,0,NaN,NaN,NaN,NaN,1,NaN,-1,- 0:0,NaN,NaN,NaN
45.00,0.9730,20.0,10.0000,1.0e-03,-1,5.23598776e-03,error,NaN,NaN,NaN,NaN,NaN,NaN,0,NaN,NaN,NaN,NaN,1,NaN,-1,- 0:0,NaN,NaN,NaN
75.00,0.9730,20.0,10.0000,1.0e-03,-1,5.23598776e-03,error,NaN,NaN,NaN,NaN,NaN,NaN,0,NaN,NaN,NaN,NaN,1,NaN,-1,- 0:0,NaN,NaN,NaN
105.00,0.9730,20.0,10.0000,1.0e-03,-1,5.23598776e-03,cycling,6.39943341e-03,6.86768630e-03,3.50987484e-03,6.06134079e-03,2.587974e-01,20.0000,1,145.9277,0.970876,1.811324e-02,NaN,1,NaN,0,SAM 4:1,-0.003564,7.716706e-03,0.38
135.00,0.9730,20.0,10.0000,1.0e-03,-1,5.23598776e-03,cycling,6.32884004e-03,6.86820718e-03,5.11667433e-03,6.06128248e-03,2.544349e-01,20.0000,1,145.8529,0.970386,5.062092e-03,NaN,1,NaN,0,SAM 4:1,-0.004054,7.704877e-03,0.38
165.00,0.9730,20.0,10.0000,1.0e-03,-1,5.23598776e-03,cycling,5.53930002e-03,8.74304667e-03,5.23598776e-03,6.05986771e-03,2.582589e-01,20.0000,1,141.2520,0.970940,1.585706e-03,NaN,1,NaN,0,SAM 4:1,-0.003500,7.704280e-03,0.38
15.00,0.9768,20.0,10.0000,1.0e-03,-1,5.23598776e-03,error,NaN,NaN,NaN,NaN,NaN,NaN,0,NaN,NaN,NaN,NaN,1,NaN,-1,- 0:0,NaN,NaN,NaN
45.00,0.9768,20.0,10.0000,1.0e-03,-1,5.23598776e-03,error,NaN,NaN,NaN,NaN,NaN,NaN,0,NaN,NaN,NaN,NaN,1,NaN,-1,- 0:0,NaN,NaN,NaN
75.00,0.9768,20.0,10.0000,1.0e-03,-1,5.23598776e-03,error,NaN,NaN,NaN,NaN,NaN,NaN,0,NaN,NaN,NaN,NaN,1,NaN,-1,- 0:0,NaN,NaN,NaN
105.00,0.9768,20.0,10.0000,1.0e-03,-1,5.23598776e-03,cycling,6.40130570e-03,6.86841389e-03,3.35482049e-03,6.06134465e-03,2.577304e-01,20.0000,1,145.9507,0.970891,1.711972e-02,NaN,1,NaN,1,SAM 4:1,-0.003549,7.713745e-03,0.39
135.00,0.9768,20.0,10.0000,1.0e-03,-1,5.23598776e-03,cycling,6.33812573e-03,6.86773809e-03,5.03121133e-03,6.06128986e-03,2.548434e-01,20.0000,1,145.8508,0.970435,6.604757e-03,NaN,1,NaN,1,SAM 4:1,-0.004005,7.703945e-03,0.38
165.00,0.9768,20.0,10.0000,1.0e-03,-1,5.23598776e-03,cycling,5.53513951e-03,8.76813672e-03,5.23598776e-03,6.05986478e-03,2.581463e-01,20.0000,1,141.2537,0.970920,1.582764e-03,NaN,1,NaN,1,SAM 4:1,-0.003520,7.705607e-03,0.38
15.00,0.9807,20.0,10.0000,1.0e-03,-1,5.23598776e-03,error,NaN,NaN,NaN,NaN,NaN,NaN,0,NaN,NaN,NaN,NaN,1,NaN,-1,- 0:0,NaN,NaN,NaN
45.00,0.9807,20.0,10.0000,1.0e-03,-1,5.23598776e-03,error,NaN,NaN,NaN,NaN,NaN,NaN,0,NaN,NaN,NaN,NaN,1,NaN,-1,- 0:0,NaN,NaN,NaN
75.00,0.9807,20.0,10.0000,1.0e-03,-1,5.23598776e-03,error,NaN,NaN,NaN,NaN,NaN,NaN,0,NaN,NaN,NaN,NaN,1,NaN,-1,- 0:0,NaN,NaN,NaN
105.00,0.9807,20.0,10.0000,1.0e-03,-1,5.23598776e-03,cycling,6.40180286e-03,6.86841715e-03,3.12231789e-03,6.06134578e-03,2.573434e-01,20.0000,1,145.9576,0.970895,1.510631e-02,NaN,1,NaN,1,SAM 4:1,-0.003545,7.713738e-03,0.38
135.00,0.9807,20.0,10.0000,1.0e-03,-1,5.23598776e-03,cycling,6.34457038e-03,6.86673278e-03,4.96934361e-03,6.06129481e-03,2.553646e-01,20.0000,1,145.8489,0.970470,7.981474e-03,NaN,1,NaN,1,SAM 4:1,-0.003970,7.705994e-03,0.38
165.00,0.9807,20.0,10.0000,1.0e-03,-1,5.23598776e-03,cycling,5.53718560e-03,8.81014084e-03,5.23598776e-03,6.05986621e-03,2.582045e-01,20.0000,1,141.2528,0.970930,1.835339e-03,NaN,1,NaN,1,SAM 4:1,-0.003510,7.704932e-03,0.38
15.00,0.9845,20.0,10.0000,1.0e-03,-1,5.23598776e-03,error,NaN,NaN,NaN,NaN,NaN,NaN,0,NaN,NaN,NaN,NaN,1,NaN,-1,- 0:0,NaN,NaN,NaN
45.00,0.9845,20.0,10.0000,1.0e-03,-1,5.23598776e-03,error,NaN,NaN,NaN,NaN,NaN,NaN,0,NaN,NaN,NaN,NaN,1,NaN,-1,- 0:0,NaN,NaN,NaN
75.00,0.9845,20.0,10.0000,1.0e-03,-1,5.23598776e-03,error,NaN,NaN,NaN,NaN,NaN,NaN,0,NaN,NaN,NaN,NaN,1,NaN,-1,- 0:0,NaN,NaN,NaN
105.00,0.9845,20.0,10.0000,1.0e-03,-1,5.23598776e-03,cycling,6.27154624e-03,6.86806604e-03,2.70738631e-03,6.06123144e-03,2.584789e-01,20.0000,1,145.8436,0.970135,1.231427e-02,NaN,1,NaN,1,SAM 5:1,0.004284,7.700745e-03,0.39
135.00,0.9845,20.0,10.0000,1.0e-03,-1,5.23598776e-03,cycling,6.34840124e-03,6.86679440e-03,4.92897671e-03,6.06129769e-03,2.556826e-01,20.0000,1,145.8478,0.970492,9.246570e-03,NaN,1,NaN,1,SAM 4:1,-0.003948,7.708474e-03,0.41
165.00,0.9845,20.0,10.0000,1.0e-03,-1,5.23598776e-03,cycling,5.54582502e-03,8.87282119e-03,5.23598776e-03,6.05987249e-03,2.583920e-01,20.0000,1,141.2500,0.970971,3.479587e-03,NaN,1,NaN,1,SAM 4:1,-0.003469,7.702550e-03,0.50
15.00,0.9884,20.0,10.0000,1.0e-03,-1,5.23598776e-03,error,NaN,NaN,NaN,NaN,NaN,NaN,0,NaN,NaN,NaN,NaN,1,NaN,-1,- 0:0,NaN,NaN,NaN
45.00,0.9884,20.0,10.0000,1.0e-03,-1,5.23598776e-03,error,NaN,NaN,NaN,NaN,NaN,NaN,0,NaN,NaN,NaN,NaN,1,NaN,-1,- 0:0,NaN,NaN,NaN
75.00,0.9884,20.0,10.0000,1.0e-03,-1,5.23598776e-03,error,NaN,NaN,NaN,NaN,NaN,NaN,0,NaN,NaN,NaN,NaN,1,NaN,-1,- 0:0,NaN,NaN,NaN
105.00,0.9884,20.0,10.0000,1.0e-03,-1,5.23598776e-03,cycling,6.46785938e-03,1.19634038e-02,1.98231369e-03,6.06150970e-03,2.564516e-01,20.0000,1,146.5701,0.970890,8.898788e-03,NaN,1,NaN,5,SAM 4:1,-0.003550,7.701835e-03,0.55
135.00,0.9884,20.0,10.0000,1.0e-03,-1,5.23598776e-03,cycling,6.34944764e-03,6.86693918e-03,4.90509304e-03,6.06129847e-03,2.559661e-01,20.0000,1,145.8474,0.970498,1.042967e-02,NaN,1,NaN,1,SAM 4:1,-0.003942,7.709335e-03,0.83
165.00,0.9884,20.0,10.0000,1.0e-03,-1,5.23598776e-03,cycling,5.56338720e-03,8.96488445e-03,5.23598776e-03,6.05988627e-03,2.585143e-01,20.0000,1,141.2484,0.971049,5.231559e-03,NaN,1,NaN,1,SAM 4:1,-0.003391,7.699820e-03,0.56
15.00,0.9923,20.0,10.0000,1.0e-03,-1,5.23598776e-03,error,NaN,NaN,NaN,NaN,NaN,NaN,0,NaN,NaN,NaN,NaN,1,NaN,-1,- 0:0,NaN,NaN,NaN
45.00,0.9923,20.0,10.0000,1.0e-03,-1,5.23598776e-03,error,NaN,NaN,NaN,NaN,NaN,NaN,0,NaN,NaN,NaN,NaN,1,NaN,-1,- 0:0,NaN,NaN,NaN
75.00,0.9923,20.0,10.0000,1.0e-03,-1,5.23598776e-03,error,NaN,NaN,NaN,NaN,NaN,NaN,0,NaN,NaN,NaN,NaN,1,NaN,-1,- 0:0,NaN,NaN,NaN
105.00,0.9923,20.0,10.0000,1.0e-03,-1,5.23598776e-03,error,NaN,NaN,NaN,NaN,NaN,NaN,0,NaN,NaN,NaN,NaN,1,NaN,-1,- 0:0,NaN,NaN,NaN
135.00,0.9923,20.0,10.0000,1.0e-03,-1,5.23598776e-03,cycling,6.34662609e-03,6.86651231e-03,4.88190964e-03,6.06129636e-03,2.555459e-01,20.0000,1,145.8483,0.970482,1.154881e-02,NaN,1,NaN,1,SAM 4:1,-0.003958,7.707197e-03,0.45
165.00,0.9923,20.0,10.0000,1.0e-03,-1,5.23598776e-03,cycling,5.59695813e-03,9.10820961e-03,5.23598776e-03,6.05991581e-03,2.596686e-01,20.0000,1,141.2586,0.971181,7.075073e-03,NaN,1,NaN,1,SAM 4:1,-0.003259,7.701171e-03,0.38
15.00,0.9961,20.0,10.0000,1.0e-03,-1,5.23598776e-03,error,NaN,NaN,NaN,NaN,NaN,NaN,0,NaN,NaN,NaN,NaN,1,NaN,-1,- 0:0,NaN,NaN,NaN
45.00,0.9961,20.0,10.0000,1.0e-03,-1,5.23598776e-03,error,NaN,NaN,NaN,NaN,NaN,NaN,0,NaN,NaN,NaN,NaN,1,NaN,-1,- 0:0,NaN,NaN,NaN
75.00,0.9961,20.0,10.0000,1.0e-03,-1,5.23598776e-03,error,NaN,NaN,NaN,NaN,NaN,NaN,0,NaN,NaN,NaN,NaN,1,NaN,-1,- 0:0,NaN,NaN,NaN
105.00,0.9961,20.0,10.0000,1.0e-03,-1,5.23598776e-03,error,NaN,NaN,NaN,NaN,NaN,NaN,0,NaN,NaN,NaN,NaN,1,NaN,-1,- 0:0,NaN,NaN,NaN
135.00,0.9961,20.0,10.0000,1.0e-03,-1,5.23598776e-03,cycling,6.33067282e-03,6.86819519e-03,4.81484883e-03,6.06128396e-03,2.544410e-01,20.0000,1,145.8525,0.970395,1.261582e-02,NaN,1,NaN,1,SAM 4:1,-0.004045,7.704373e-03,0.38
165.00,0.9961,20.0,10.0000,1.0e-03,-1,5.23598776e-03,cycling,5.68068151e-03,9.38443682e-03,5.23598776e-03,6.06000317e-03,2.611789e-01,20.0000,1,141.3399,0.971437,8.996720e-03,NaN,1,NaN,1,SAM 4:1,-0.003003,7.712379e-03,0.38
15.00,0.3433,60.0,10.0000,1.0e-03,-1,1.74532925e-03,cycling,6.38647603e-03,6.86766647e-03,5.63619608e-04,6.06132526e-03,2.596417e-01,20.0000,1,145.8561,0.970759,6.979703e-02,NaN,1,NaN,16,SAM 4:1,-0.003681,7.419530e-03,0.40
45.00,0.3433,60.0,10.0000,1.0e-03,-1,1.74532925e-03,cycling,6.40597979e-03,1.16823709e-02,3.96306572e-04,6.06135713e-03,2.557381e-01,20.0000,1,146.0259,0.970919,1.782939e-03,NaN,1,NaN,22,SAM 4:1,-0.003521,1.860186e-03,0.39
75.00,0.3433,60.0,10.0000,1.0e-03,-1,1.74532925e-03,cycling,6.43818427e-03,1.23856771e-02,7.54080687e-04,6.06145130e-03,2.602557e-01,20.0000,1,146.4522,0.970898,7.733366e-03,NaN,1,NaN,22,SAM 4:1,-0.003542,7.703255e-03,0.39
105.00,0.3433,60.0,10.0000,1.0e-03,-1,1.74532925e-03,cycling,1.60054180e-03,3.26928447e-03,1.05826555e-03,2.40745840e-03,6.841688e-01,20.0000,1,179.6990,0.454279,9.284111e-03,NaN,1,NaN,143,LAM 3:5,-0.016656,5.008169e-01,2.02
135.00,0.3433,60.0,10.0000,1.0e-03,-1,1.74532925e-03,cycling,1.96672491e-03,3.26348786e-03,5.32120566e-04,2.32188008e-03,7.104234e-01,20.0000,1,179.8446,0.275637,2.472610e-02,NaN,1,NaN,153,LAM 2:5,-0.009908,1.521479e-01,2.10
165.00,0.3433,60.0,10.0000,1.0e-03,-1,1.74532925e-03,cycling,2.29831467e-03,3.24157691e-03,5.68909508e-04,2.29844650e-03,7.154728e-01,20.0000,1,179.7855,0.274705,2.964563e-02,NaN,1,NaN,173,LAM 2:5,-0.010840,2.618949e-01,2.09
15.00,0.4120,60.0,10.0000,1.0e-03,-1,1.74532925e-03,cycling,5.43337067e-03,1.21257128e-02,7.53104425e-04,6.05989569e-03,2.601576e-01,20.0000,1,141.7774,0.969859,4.189119e-03,NaN,1,NaN,17,SAM 5:1,0.004009,7.699620e-03,0.39
45.00,0.4120,60.0,10.0000,1.0e-03,-1,1.74532925e-03,cycling,6.37999703e-03,6.86843030e-03,6.77103985e-04,6.06132026e-03,2.610148e-01,20.0000,1,145.8469,0.970705,4.885855e-03,NaN,1,NaN,15,SAM 4:1,-0.003735,5.621372e-03,0.69
75.00,0.4120,60.0,10.0000,1.0e-03,-1,1.74532925e-03,cycling,6.41817217e-03,1.13071335e-02,5.70455722e-04,6.06126797e-03,2.584987e-01,20.0000,1,144.8271,0.971426,2.516439e-03,NaN,1,NaN,17,SAM 4:1,-0.003014,1.860430e-03,0.38
105.00,0.4120,60.0,10.0000,1.0e-03,-1,1.74532925e-03,cycling,5.91249214e-03,1.25516991e-02,1.17835553e-03,6.06079024e-03,2.580624e-01,20.0000,1,144.9646,0.969315,3.147100e-03,NaN,1,NaN,21,SAM 5:1,0.003464,3.944227e-03,0.38
135.00,0.4120,60.0,10.0000,1.0e-03,-1,1.74532925e-03,cycling,5.67434204e-03,6.86734031e-03,9.05112558e-04,6.06042321e-03,2.586971e-01,20.0000,1,143.7954,0.969154,1.198837e-01,NaN,1,NaN,19,SAM 5:1,0.003303,3.530811e-03,0.46
165.00,0.4120,60.0,10.0000,1.0e-03,-1,1.74532925e-03,cycling,5.67531732e-03,1.02334734e-02,9.75971599e-04,6.05999709e-03,2.612018e-01,20.0000,1,141.3327,0.971423,6.014743e-03,NaN,1,NaN,25,SAM 4:1,-0.003017,4.095035e-03,0.45
15.00,0.4807,60.0,10.0000,1.0e-03,-1,1.74532925e-03,cycling,5.99637378e-03,1.11292042e-02,6.30987874e-04,6.06044308e-03,2.569500e-01,20.0000,1,142.1498,0.971853,6.674547e-03,NaN,1,NaN,16,SAM 4:1,-0.002587,3.929669e-03,0.38
45.00,0.4807,60.0,10.0000,1.0e-03,-1,1.74532925e-03,cycling,5.44662981e-03,6.86806977e-03,8.19261590e-04,6.05984137e-03,2.568679e-01,20.0000,1,141.4635,0.970274,9.257584e-03,NaN,1,NaN,14,SAM 4:1,-0.004166,6.329030e-03,0.39
75.00,0.4807,60.0,10.0000,1.0e-03,-1,1.74532925e-03,cycling,6.40449287e-03,6.86851940e-03,1.05021412e-03,6.06135275e-03,2.558320e-01,20.0000,1,145.9997,0.970912,1.585690e-03,NaN,1,NaN,14,SAM 4:1,-0.003528,6.889502e-03,0.39
105.00,0.4807,60.0,10.0000,1.0e-03,-1,1.74532925e-03,cycling,6.24925143e-03,1.12123125e-02,1.21067291e-03,6.06089549e-03,2.611571e-01,20.0000,1,143.4095,0.971747,1.741079e-03,NaN,1,NaN,16,SAM 4:1,-0.002693,2.862943e-03,0.38
135.00,0.4807,60.0,10.0000,1.0e-03,-1,1.74532925e-03,cycling,1.50548429e-03,3.24085442e-03,1.27929858e-03,2.38856654e-03,6.908929e-01,20.0000,1,179.8529,0.404691,8.799214e-03,NaN,1,NaN,141,LAM 1:2,0.021359,3.983631e-01,2.05
165.00,0.4807,60.0,10.0000,1.0e-03,-1,1.74532925e-03,cycling,1.54712687e-03,3.22594595e-03,1.33236966e-03,2.37995367e-03,7.004084e-01,20.0000,1,179.8640,0.365538,6.445362e-03,NaN,1,NaN,144,LAM 1:2,-0.017794,4.753932e-01,2.06
15.00,0.5493,60.0,10.0000,1.0e-03,-1,1.74532925e-03,cycling,6.35276205e-03,1.01720512e-02,9.85006730e-04,6.06130092e-03,2.569453e-01,20.0000,1,145.8464,0.970518,8.370546e-03,NaN,1,NaN,15,SAM 4:1,-0.003922,7.711089e-03,0.39
45.00,0.5493,60.0,10.0000,1.0e-03,-1,1.74532925e-03,cycling,6.42798487e-03,9.97551976e-03,1.00379158e-03,6.06142524e-03,2.592002e-01,20.0000,1,146.3588,0.970911,1.214352e-02,NaN,1,NaN,17,SAM 4:1,-0.003529,6.207773e-03,0.45
75.00,0.5493,60.0,10.0000,1.0e-03,-1,1.74532925e-03,cycling,6.17935778e-03,1.03375706e-02,1.04744399e-03,6.06113441e-03,2.611074e-01,20.0000,1,145.7417,0.969835,1.922398e-03,NaN,1,NaN,15,SAM 5:1,0.003985,7.705049e-03,0.39
105.00,0.5493,60.0,10.0000,1.0e-03,-1,1.74532925e-03,cycling,6.38990106e-03,1.00646881e-02,1.26014900e-03,6.06132829e-03,2.596124e-01,20.0000,1,145.8654,0.970789,1.881376e-03,NaN,1,1.95639066e-03,15,SAM 4:1,-0.003651,7.710427e-03,0.38
135.00,0.5493,60.0,10.0000,1.0e-03,-1,1.74532925e-03,cycling,6.39999084e-03,1.17122427e-02,1.35780159e-03,6.06134187e-03,2.585419e-01,20.0000,1,145.9341,0.970881,1.206148e-02,NaN,1,NaN,17,SAM 4:1,-0.003559,2.303664e-03,0.44
165.00,0.5493,60.0,10.0000,1.0e-03,-1,1.74532925e-03,cycling,5.45689168e-03,1.21487034e-02,1.33021288e-03,6.05983619e-03,2.568395e-01,20.0000,1,141.4027,0.970392,8.329524e-03,NaN,1,NaN,15,SAM 4:1,-0.004048,7.723474e-03,0.38
15.00,0.6180,60.0,10.0000,1.0e-03,-1,1.74532925e-03,cycling,5.47882166e-03,1.09140125e-02,9.05953141e-04,6.05983657e-03,2.564336e-01,20.0000,1,141.3266,0.970582,9.630797e-03,NaN,1,NaN,13,SAM 4:1,-0.003858,6.434255e-03,0.39
45.00,0.6180,60.0,10.0000,1.0e-03,-1,1.74532925e-03,cycling,5.49006977e-03,9.02470978e-03,9.61667717e-04,6.05983994e-03,2.567566e-01,20.0000,1,141.3021,0.970662,1.421801e-02,NaN,1,NaN,11,SAM 4:1,-0.003778,4.259712e-04,0.38
75.00,0.6180,60.0,10.0000,1.0e-03,-1,1.74532925e-03,cycling,6.30733378e-03,6.86725114e-03,1.02176105e-03,6.06126437e-03,2.562890e-01,20.0000,1,145.8543,0.970283,2.920082e-03,NaN,1,NaN,11,SAM 4:1,-0.004157,7.132511e-03,0.39
105.00,0.6180,60.0,10.0000,1.0e-03,-1,1.74532925e-03,cycling,6.45616101e-03,6.86763243e-03,1.36519317e-03,6.06148972e-03,2.568630e-01,20.0000,1,146.5505,0.970886,2.970290e-03,NaN,1,NaN,11,SAM 4:1,-0.003554,7.706113e-03,0.42
135.00,0.6180,60.0,10.0000,1.0e-03,-1,1.74532925e-03,cycling,5.98422546e-03,1.04570817e-02,1.46804635e-03,6.06089013e-03,2.544162e-01,20.0000,1,145.2338,0.969418,1.431843e-02,NaN,1,NaN,13,SAM 5:1,0.003567,7.704464e-03,0.39
165.00,0.6180,60.0,10.0000,1.0e-03,-1,1.74532925e-03,cycling,5.57381813e-03,1.06791306e-02,1.44843532e-03,6.06024648e-03,2.551196e-01,20.0000,1,143.1642,0.969206,9.681004e-03,NaN,1,NaN,13,SAM 5:1,0.003355,7.700385e-03,0.40
15.00,0.6867,60.0,10.0000,1.0e-03,-1,1.74532925e-03,cycling,6.15645593e-03,1.03548580e-02,1.08433012e-03,6.06110815e-03,2.609817e-01,20.0000,1,145.7012,0.969774,1.073611e-02,NaN,1,NaN,13,SAM 5:1,0.003923,7.702228e-03,0.38
45.00,0.6867,60.0,10.0000,1.0e-03,-1,1.74532925e-03,cycling,6.40921112e-03,9.93732377e-03,1.04934282e-03,6.06136746e-03,2.563715e-01,20.0000,1,146.0854,0.970927,1.596046e-02,NaN,1,NaN,15,SAM 4:1,-0.003513,7.701146e-03,0.39
75.00,0.6867,60.0,10.0000,1.0e-03,-1,1.74532925e-03,cycling,6.47211283e-03,6.86743238e-03,1.03025343e-03,6.06141904e-03,2.577393e-01,20.0000,1,145.5813,0.971220,3.571568e-03,NaN,1,NaN,11,SAM 4:1,-0.003221,7.580636e-03,0.39
105.00,0.6867,60.0,10.0000,1.0e-03,-1,1.74532925e-03,cycling,5.53184289e-03,6.86853286e-03,1.44900871e-03,6.05986251e-03,2.580410e-01,20.0000,1,141.2553,0.970903,3.665771e-03,NaN,1,NaN,11,SAM 4:1,-0.003537,7.218438e-03,0.39
135.00,0.6867,60.0,10.0000,1.0e-03,-1,1.74532925e-03,cycling,6.42592805e-03,9.85218056e-03,1.56320096e-03,6.06141956e-03,2.592993e-01,20.0000,1,146.3360,0.970915,1.614887e-02,NaN,1,NaN,15,SAM 4:1,-0.003526,7.719154e-03,0.38
165.00,0.6867,60.0,10.0000,1.0e-03,-1,1.74532925e-03,cycling,6.40397273e-03,9.97847580e-03,1.55018808e-03,6.06135130e-03,2.557677e-01,20.0000,1,145.9910,0.970909,1.083031e-02,NaN,1,NaN,15,SAM 4:1,-0.003531,7.709548e-03,0.38
15.00,0.7554,60.0,10.0000,1.0e-03,-1,1.74532925e-03,error,NaN,NaN,NaN,NaN,NaN,NaN,0,NaN,NaN,NaN,NaN,1,NaN,-1,- 0:0,NaN,NaN,NaN
45.00,0.7554,60.0,10.0000,1.0e-03,-1,1.74532925e-03,cycling,5.70891478e-03,6.86827168e-03,8.70800255e-04,6.06003611e-03,2.607939e-01,20.0000,1,141.3818,0.971506,1.777058e-02,NaN,1,NaN,10,SAM 4:1,-0.002934,6.857665e-03,0.42
75.00,0.7554,60.0,10.0000,1.0e-03,-1,1.74532925e-03,cycling,5.50322955e-03,6.86847803e-03,9.50172290e-04,6.06010564e-03,2.583036e-01,20.0000,1,142.6376,0.969337,4.004047e-03,NaN,1,NaN,10,SAM 5:1,0.003486,7.710433e-03,0.39
105.00,0.7554,60.0,10.0000,1.0e-03,-1,1.74532925e-03,cycling,5.73068588e-03,6.86707181e-03,1.46008333e-03,6.06051542e-03,2.608125e-01,20.0000,1,144.1099,0.969163,4.118099e-03,NaN,1,NaN,10,SAM 5:1,0.003312,7.702094e-03,0.39
135.00,0.7554,60.0,10.0000,1.0e-03,-1,1.74532925e-03,cycling,6.44151216e-03,9.58964717e-03,1.71465656e-03,6.06132907e-03,2.569823e-01,20.0000,1,145.1118,0.971350,1.799868e-02,NaN,1,NaN,12,SAM 4:1,-0.003090,1.386788e-03,0.38
165.00,0.7554,60.0,10.0000,1.0e-03,-1,1.74532925e-03,cycling,6.49193106e-03,9.63327843e-03,1.67746811e-03,6.06150038e-03,2.608139e-01,20.0000,1,146.1154,0.971059,1.206132e-02,NaN,1,NaN,14,SAM 4:1,-0.003381,3.155448e-03,0.38
15.00,0.8240,60.0,10.0000,1.0e-03,-1,1.74532925e-03,error,NaN,NaN,NaN,NaN,NaN,NaN,0,NaN,NaN,NaN,NaN,1,NaN,-1,- 0:0,NaN,NaN,NaN
45.00,0.8240,60.0,10.0000,1.0e-03,-1,1.74532925e-03,error,NaN,NaN,NaN,NaN,NaN,NaN,0,NaN,NaN,NaN,NaN,1,NaN,-1,- 0:0,NaN,NaN,NaN
75.00,0.8240,60.0,10.0000,1.0e-03,-1,1.74532925e-03,cycling,6.48342964e-03,9.58725322e-03,9.21112773e-04,6.06145906e-03,2.592883e-01,20.0000,1,145.8218,0.971149,4.169705e-03,NaN,1,NaN,12,SAM 4:1,-0.003291,2.452170e-03,0.39
105.00,0.8240,60.0,10.0000,1.0e-03,-1,1.74532925e-03,cycling,6.12914898e-03,6.86656692e-03,1.56260421e-03,6.06107591e-03,2.599426e-01,20.0000,1,145.6457,0.969705,4.290887e-03,NaN,1,NaN,8,SAM 5:1,0.003854,7.706198e-03,0.39
135.00,0.8240,60.0,10.0000,1.0e-03,-1,1.74532925e-03,cycling,5.94041949e-03,9.44943424e-03,1.74532925e-03,6.06035485e-03,2.576153e-01,20.0000,1,141.9520,0.971827,2.037214e-02,NaN,1,NaN,8,SAM 4:1,-0.002613,2.183336e-03,0.38
165.00,0.8240,60.0,10.0000,1.0e-03,-1,1.74532925e-03,cycling,6.13051231e-03,9.48695419e-03,1.74532925e-03,6.06067144e-03,2.582408e-01,20.0000,1,142.7329,0.971842,1.375182e-02,NaN,1,NaN,8,SAM 4:1,-0.002598,7.395979e-04,0.38
15.00,0.8927,60.0,10.0000,1.0e-03,-1,1.74532925e-03,error,NaN,NaN,NaN,NaN,NaN,NaN,0,NaN,NaN,NaN,NaN,1,NaN,-1,- 0:0,NaN,NaN,NaN
45.00,0.8927,60.0,10.0000,1.0e-03,-1,1.74532925e-03,error,NaN,NaN,NaN,NaN,NaN,NaN,0,NaN,NaN,NaN,NaN,1,NaN,-1,- 0:0,NaN,NaN,NaN
75.00,0.8927,60.0,10.0000,1.0e-03,-1,1.74532925e-03,cycling,6.15869665e-03,8.65281929e-03,1.74532925e-03,6.06111076e-03,2.610255e-01,20.0000,1,145.7054,0.969779,3.094353e-03,NaN,1,NaN,5,SAM 5:1,0.003929,7.702247e-03,0.40
105.00,0.8927,60.0,10.0000,1.0e-03,-1,1.74532925e-03,cycling,6.35747811e-03,6.86744284e-03,1.74532925e-03,6.06130434e-03,2.582263e-01,20.0000,1,145.8450,0.970547,3.215883e-03,NaN,1,NaN,5,SAM 4:1,-0.003893,7.710720e-03,0.39
135.00,0.8927,60.0,10.0000,1.0e-03,-1,1.74532925e-03,cycling,5.56124426e-03,9.05173352e-03,1.74532925e-03,6.06022280e-03,2.548745e-01,20.0000,1,143.0771,0.969221,2.409862e-02,NaN,1,NaN,5,SAM 5:1,0.003370,7.222814e-03,0.51
165.00,0.8927,60.0,10.0000,1.0e-03,-1,1.74532925e-03,cycling,5.54583585e-03,9.38232959e-03,1.74532925e-03,6.05987250e-03,2.583922e-01,20.0000,1,141.2500,0.970971,1.676780e-02,NaN,1,NaN,5,SAM 4:1,-0.003469,4.632525e-03,0.38
15.00,0.9652,60.0,10.0000,1.0e-03,-1,1.74532925e-03,error,NaN,NaN,NaN,NaN,NaN,NaN,0,NaN,NaN,NaN,NaN,1,NaN,-1,- 0:0,NaN,NaN,NaN
45.00,0.9652,60.0,10.0000,1.0e-03,-1,1.74532925e-03,error,NaN,NaN,NaN,NaN,NaN,NaN,0,NaN,NaN,NaN,NaN,1,NaN,-1,- 0:0,NaN,NaN,NaN
75.00,0.9652,60.0,10.0000,1.0e-03,-1,1.74532925e-03,cycling,6.41464561e-03,6.86847620e-03,1.74532925e-03,6.06138540e-03,2.601672e-01,20.0000,1,146.1806,0.970929,1.470520e-01,NaN,1,NaN,1,SAM 4:1,-0.003511,4.017948e-03,0.38
105.00,0.9652,60.0,10.0000,1.0e-03,-1,1.74532925e-03,cycling,6.41748540e-03,6.86782230e-03,1.74532925e-03,6.06139448e-03,2.608297e-01,20.0000,1,146.2251,0.970926,1.316821e-01,NaN,1,NaN,1,SAM 4:1,-0.003514,4.017948e-03,0.38
135.00,0.9652,60.0,10.0000,1.0e-03,-1,1.74532925e-03,cycling,6.36740407e-03,6.86827459e-03,1.74532925e-03,6.06131136e-03,2.603353e-01,20.0000,1,145.8431,0.970612,6.805254e-03,NaN,1,NaN,1,SAM 4:1,-0.003828,4.017948e-03,0.39
165.00,0.9652,60.0,10.0000,1.0e-03,-1,1.74532925e-03,cycling,6.04158307e-03,8.81850133e-03,1.74532925e-03,6.06096639e-03,2.545959e-01,20.0000,1,145.4191,0.969518,2.879489e-02,NaN,1,NaN,1,SAM 5:1,0.003667,4.017948e-03,0.38
15.00,0.9691,60.0,10.0000,1.0e-03,-1,1.74532925e-03,error,NaN,NaN,NaN,NaN,NaN,NaN,0,NaN,NaN,NaN,NaN,1,NaN,-1,- 0:0,NaN,NaN,NaN
45.00,0.9691,60.0,10.0000,1.0e-03,-1,1.74532925e-03,error,NaN,NaN,NaN,NaN,NaN,NaN,0,NaN,NaN,NaN,NaN,1,NaN,-1,- 0:0,NaN,NaN,NaN
75.00,0.9691,60.0,10.0000,1.0e-03,-1,1.74532925e-03,cycling,6.39081219e-03,6.86834080e-03,1.74532925e-03,6.06132917e-03,2.596379e-01,20.0000,1,145.8686,0.970798,1.711805e-01,NaN,1,NaN,0,SAM 4:1,-0.003642,7.711048e-03,0.38
105.00,0.9691,60.0,10.0000,1.0e-03,-1,1.74532925e-03,cycling,6.41960474e-03,6.86787999e-03,1.74532925e-03,6.06140105e-03,2.608547e-01,20.0000,1,146.2558,0.970924,1.588342e-01,NaN,1,NaN,0,SAM 4:1,-0.003516,7.719510e-03,0.68
135.00,0.9691,60.0,10.0000,1.0e-03,-1,1.74532925e-03,cycling,6.37020620e-03,6.86824422e-03,1.74532925e-03,6.06131332e-03,2.607329e-01,20.0000,1,145.8431,0.970632,2.911241e-02,NaN,1,NaN,0,SAM 4:1,-0.003808,7.702831e-03,0.38
165.00,0.9691,60.0,10.0000,1.0e-03,-1,1.74532925e-03,cycling,6.11104435e-03,8.81457113e-03,1.74532925e-03,6.06105400e-03,2.588415e-01,20.0000,1,145.6048,0.969663,2.003686e-02,NaN,1,NaN,2,SAM 5:1,0.003812,7.712879e-03,0.38
15.00,0.9730,60.0,10.0000,1.0e-03,-1,1.74532925e-03,error,NaN,NaN,NaN,NaN,NaN,NaN,0,NaN,NaN,NaN,NaN,1,NaN,-1,- 0:0,NaN,NaN,NaN
45.00,0.9730,60.0,10.0000,1.0e-03,-1,1.74532925e-03,error,NaN,NaN,NaN,NaN,NaN,NaN,0,NaN,NaN,NaN,NaN,1,NaN,-1,- 0:0,NaN,NaN,NaN
75.00,0.9730,60.0,10.0000,1.0e-03,-1,1.74532925e-03,cycling,6.48857720e-03,1.23165691e-02,1.74532925e-03,6.06148114e-03,2.605163e-01,20.0000,1,145.9700,0.971104,1.724121e-01,NaN,1,NaN,4,SAM 4:1,-0.003336,7.701242e-03,0.38
105.00,0.9730,60.0,10.0000,1.0e-03,-1,1.74532925e-03,cycling,6.41258569e-03,6.86817048e-03,1.74532925e-03,6.06137864e-03,2.590999e-01,20.0000,1,146.1460,0.970930,1.630192e-01,NaN,1,NaN,0,SAM 4:1,-0.003510,7.708602e-03,0.38
135.00,0.9730,60.0,10.0000,1.0e-03,-1,1.74532925e-03,cycling,6.35276758e-03,6.86728496e-03,1.74532925e-03,6.06130092e-03,2.569469e-01,20.0000,1,145.8464,0.970518,4.555883e-02,NaN,1,NaN,0,SAM 4:1,-0.003922,7.711088e-03,0.38
165.00,0.9730,60.0,10.0000,1.0e-03,-1,1.74532925e-03,cycling,6.13324561e-03,8.81653896e-03,1.74532925e-03,6.06108081e-03,2.601557e-01,20.0000,1,145.6545,0.969715,9.408256e-03,NaN,1,1.95531361e-03,2,SAM 5:1,0.003864,7.705123e-03,0.38
15.00,0.9768,60.0,10.0000,1.0e-03,-1,1.74532925e-03,error,NaN,NaN,NaN,NaN,NaN,NaN,0,NaN,NaN,NaN,NaN,1,NaN,-1,- 0:0,NaN,NaN,NaN
45.00,0.9768,60.0,10.0000,1.0e-03,-1,1.74532925e-03,error,NaN,NaN,NaN,NaN,NaN,NaN,0,NaN,NaN,NaN,NaN,1,NaN,-1,- 0:0,NaN,NaN,NaN
75.00,0.9768,60.0,10.0000,1.0e-03,-1,1.74532925e-03,cycling,5.60402669e-03,9.37143482e-03,1.74532925e-03,6.05992249e-03,2.599924e-01,20.0000,1,141.2626,0.971206,1.605857e-01,NaN,1,NaN,5,SAM 4:1,-0.003234,3.575036e-03,0.38
105.00,0.9768,60.0,10.0000,1.0e-03,-1,1.74532925e-03,cycling,6.39723841e-03,6.86799715e-03,1.74532925e-03,6.06133703e-03,2.593523e-01,20.0000,1,145.9062,0.970857,1.540775e-01,NaN,1,NaN,1,SAM 4:1,-0.003583,7.725129e-03,0.38
135.00,0.9768,60.0,10.0000,1.0e-03,-1,1.74532925e-03,cycling,6.27023063e-03,6.86808979e-03,1.74532925e-03,6.06123017e-03,2.585784e-01,20.0000,1,145.8429,0.970130,5.944281e-02,NaN,1,NaN,1,SAM 5:1,0.004279,7.700478e-03,0.38
165.00,0.9768,60.0,10.0000,1.0e-03,-1,1.74532925e-03,cycling,6.12297604e-03,8.82889219e-03,1.74532925e-03,6.06106849e-03,2.595852e-01,20.0000,1,145.6321,0.969690,2.868519e-03,NaN,1,NaN,3,SAM 5:1,0.003840,7.708125e-03,0.38
15.00,0.9807,60.0,10.0000,1.0e-03,-1,1.74532925e-03,error,NaN,NaN,NaN,NaN,NaN,NaN,0,NaN,NaN,NaN,NaN,1,NaN,-1,- 0:0,NaN,NaN,NaN
45.00,0.9807,60.0,10.0000,1.0e-03,-1,1.74532925e-03,error,NaN,NaN,NaN,NaN,NaN,NaN,0,NaN,NaN,NaN,NaN,1,NaN,-1,- 0:0,NaN,NaN,NaN
75.00,0.9807,60.0,10.0000,1.0e-03,-1,1.74532925e-03,error,NaN,NaN,NaN,NaN,NaN,NaN,0,NaN,NaN,NaN,NaN,1,NaN,-1,- 0:0,NaN,NaN,NaN
105.00,0.9807,60.0,10.0000,1.0e-03,-1,1.74532925e-03,cycling,6.48152362e-03,9.15895073e-03,1.74532925e-03,6.06145176e-03,2.587644e-01,20.0000,1,145.7757,0.971163,1.359568e-01,NaN,1,NaN,3,SAM 4:1,-0.003277,7.703231e-03,0.38
135.00,0.9807,60.0,10.0000,1.0e-03,-1,1.74532925e-03,cycling,5.75875827e-03,6.86815450e-03,1.74532925e-03,6.06055998e-03,2.608649e-01,20.0000,1,144.2576,0.969175,7.183327e-02,NaN,1,NaN,1,SAM 5:1,0.003324,7.708261e-03,0.38
165.00,0.9807,60.0,10.0000,1.0e-03,-1,1.74532925e-03,cycling,6.08380454e-03,8.84580420e-03,1.74532925e-03,6.06102030e-03,2.568375e-01,20.0000,1,145.5373,0.969603,1.651805e-02,NaN,1,NaN,3,SAM 5:1,0.003752,7.715707e-03,0.39
15.00,0.9845,60.0,10.0000,1.0e-03,-1,1.74532925e-03,error,NaN,NaN,NaN,NaN,NaN,NaN,0,NaN,NaN,NaN,NaN,1,NaN,-1,- 0:0,NaN,NaN,NaN
45.00,0.9845,60.0,10.0000,1.0e-03,-1,1.74532925e-03,error,NaN,NaN,NaN,NaN,NaN,NaN,0,NaN,NaN,NaN,NaN,1,NaN,-1,- 0:0,NaN,NaN,NaN
75.00,0.9845,60.0,10.0000,1.0e-03,-1,1.74532925e-03,error,NaN,NaN,NaN,NaN,NaN,NaN,0,NaN,NaN,NaN,NaN,1,NaN,-1,- 0:0,NaN,NaN,NaN
105.00,0.9845,60.0,10.0000,1.0e-03,-1,1.74532925e-03,cycling,5.49632199e-03,9.08471430e-03,1.74532925e-03,6.06009043e-03,2.586059e-01,20.0000,1,142.5793,0.969357,1.108284e-01,NaN,1,NaN,3,SAM 5:1,0.003507,7.088373e-03,0.38
135.00,0.9845,60.0,10.0000,1.0e-03,-1,1.74532925e-03,cycling,6.48238209e-03,8.69312001e-03,1.74532925e-03,6.06152682e-03,2.599077e-01,20.0000,1,146.5229,0.970918,8.321913e-02,NaN,1,NaN,1,SAM 4:1,-0.003522,7.720098e-03,0.38
165.00,0.9845,60.0,10.0000,1.0e-03,-1,1.74532925e-03,cycling,6.01046961e-03,8.85432806e-03,1.74532925e-03,6.06092544e-03,2.538494e-01,20.0000,1,145.3220,0.969461,3.131628e-02,NaN,1,NaN,3,SAM 5:1,0.003611,7.700372e-03,0.38
15.00,0.9884,60.0,10.0000,1.0e-03,-1,1.74532925e-03,error,NaN,NaN,NaN,NaN,NaN,NaN,0,NaN,NaN,NaN,NaN,1,NaN,-1,- 0:0,NaN,NaN,NaN
45.00,0.9884,60.0,10.0000,1.0e-03,-1,1.74532925e-03,error,NaN,NaN,NaN,NaN,NaN,NaN,0,NaN,NaN,NaN,NaN,1,NaN,-1,- 0:0,NaN,NaN,NaN
75.00,0.9884,60.0,10.0000,1.0e-03,-1,1.74532925e-03,error,NaN,NaN,NaN,NaN,NaN,NaN,0,NaN,NaN,NaN,NaN,1,NaN,-1,- 0:0,NaN,NaN,NaN
105.00,0.9884,60.0,10.0000,1.0e-03,-1,1.74532925e-03,cycling,6.03336164e-03,9.43013400e-03,1.74532925e-03,6.06050365e-03,2.568530e-01,20.0000,1,142.2944,0.971860,8.008909e-02,NaN,1,NaN,7,SAM 4:1,-0.002580,9.164720e-04,0.38
135.00,0.9884,60.0,10.0000,1.0e-03,-1,1.74532925e-03,cycling,6.18868319e-03,8.84314816e-03,1.74532925e-03,6.06114488e-03,2.609425e-01,20.0000,1,145.7565,0.969862,9.386706e-02,NaN,1,NaN,3,SAM 5:1,0.004011,7.707949e-03,0.38
165.00,0.9884,60.0,10.0000,1.0e-03,-1,1.74532925e-03,cycling,5.88557274e-03,8.88770777e-03,1.74532925e-03,6.06075151e-03,2.590215e-01,20.0000,1,144.8533,0.969282,4.708403e-02,NaN,1,NaN,3,SAM 5:1,0.003431,7.701728e-03,0.38
15.00,0.9923,60.0,10.0000,1.0e-03,-1,1.74532925e-03,error,NaN,NaN,NaN,NaN,NaN,NaN,0,NaN,NaN,NaN,NaN,1,NaN,-1,- 0:0,NaN,NaN,NaN
45.00,0.9923,60.0,10.0000,1.0e-03,-1,1.74532925e-03,error,NaN,NaN,NaN,NaN,NaN,NaN,0,NaN,NaN,NaN,NaN,1,NaN,-1,- 0:0,NaN,NaN,NaN
75.00,0.9923,60.0,10.0000,1.0e-03,-1,1.74532925e-03,error,NaN,NaN,NaN,NaN,NaN,NaN,0,NaN,NaN,NaN,NaN,1,NaN,-1,- 0:0,NaN,NaN,NaN
105.00,0.9923,60.0,10.0000,1.0e-03,-1,1.74532925e-03,cycling,6.39578354e-03,1.00331757e-02,1.31640464e-03,6.06133491e-03,2.593854e-01,20.0000,1,145.8948,0.970844,4.472513e-02,NaN,1,NaN,15,SAM 4:1,-0.003597,7.723951e-03,0.38
135.00,0.9923,60.0,10.0000,1.0e-03,-1,1.74532925e-03,cycling,5.76141685e-03,8.94630597e-03,1.74532925e-03,6.06056415e-03,2.608601e-01,20.0000,1,144.2713,0.969177,1.039393e-01,NaN,1,NaN,3,SAM 5:1,0.003326,7.709108e-03,0.68
165.00,0.9923,60.0,10.0000,1.0e-03,-1,1.74532925e-03,cycling,5.67437881e-03,9.06714064e-03,1.74532925e-03,6.06042327e-03,2.586996e-01,20.0000,1,143.7956,0.969154,6.367566e-02,NaN,1,NaN,3,SAM 5:1,0.003303,7.706636e-03,0.43
15.00,0.9961,60.0,10.0000,1.0e-03,-1,1.74532925e-03,error,NaN,NaN,NaN,NaN,NaN,NaN,0,NaN,NaN,NaN,NaN,1,NaN,-1,- 0:0,NaN,NaN,NaN
45.00,0.9961,60.0,10.0000,1.0e-03,-1,1.74532925e-03,error,NaN,NaN,NaN,NaN,NaN,NaN,0,NaN,NaN,NaN,NaN,1,NaN,-1,- 0:0,NaN,NaN,NaN
75.00,0.9961,60.0,10.0000,1.0e-03,-1,1.74532925e-03,error,NaN,NaN,NaN,NaN,NaN,NaN,0,NaN,NaN,NaN,NaN,1,NaN,-1,- 0:0,NaN,NaN,NaN
105.00,0.9961,60.0,10.0000,1.0e-03,-1,1.74532925e-03,error,NaN,NaN,NaN,NaN,NaN,NaN,0,NaN,NaN,NaN,NaN,1,NaN,-1,- 0:0,NaN,NaN,NaN
135.00,0.9961,60.0,10.0000,1.0e-03,-1,1.74532925e-03,cycling,5.55553859e-03,9.35715878e-03,1.74532925e-03,6.05987995e-03,2.584997e-01,20.0000,1,141.2485,0.971015,1.135424e-01,NaN,1,NaN,5,SAM 4:1,-0.003425,3.822408e-03,0.38
165.00,0.9961,60.0,10.0000,1.0e-03,-1,1.74532925e-03,cycling,5.43287039e-03,9.17865375e-03,1.74532925e-03,6.05988681e-03,2.596285e-01,20.0000,1,141.7347,0.969904,8.097048e-02,NaN,1,NaN,3,SAM 5:1,0.004053,6.370829e-03,0.38
15.00,0.3433,120.0,10.0000,1.0e-03,-1,8.72664626e-04,cycling,3.04521407e-03,3.23968652e-03,4.70374248e-04,2.42058123e-03,6.797230e-01,20.0000,1,156.0610,0.289186,4.365224e-03,NaN,1,NaN,146,LAM 2:5,0.003641,1.999232e-01,2.03
45.00,0.3433,120.0,10.0000,1.0e-03,-1,8.72664626e-04,cycling,6.32929015e-03,7.62884623e-03,2.65996052e-04,6.06128285e-03,2.544381e-01,20.0000,1,145.8528,0.970388,5.072328e-01,NaN,1,NaN,64,SAM 4:1,-0.004052,2.394759e-03,0.66
75.00,0.3433,120.0,10.0000,1.0e-03,-1,8.72664626e-04,cycling,5.69953357e-03,6.86812148e-03,4.24508377e-04,6.06002499e-03,2.609698e-01,20.0000,1,141.3672,0.971484,4.050930e+00,1.2030,0,NaN,36,SAM 4:1,-0.002956,7.714115e-03,0.59
105.00,0.3433,120.0,10.0000,1.0e-03,-1,8.72664626e-04,cycling,5.57330811e-03,6.86761086e-03,1.66917302e-04,6.06024553e-03,2.551142e-01,20.0000,1,143.1607,0.969206,1.499894e+00,1.0526,0,NaN,26,SAM 5:1,0.003355,8.622681e-04,1.04
135.00,0.3433,120.0,10.0000,1.0e-03,-1,8.72664626e-04,cycling,6.25699369e-03,6.86759474e-03,6.86116415e-05,6.06091094e-03,2.611097e-01,20.0000,1,143.4603,0.971737,1.283347e-01,NaN,1,NaN,40,SAM 4:1,-0.002703,3.821096e-03,1.13
165.00,0.3433,120.0,10.0000,1.0e-03,-1,8.72664626e-04,cycling,6.46472827e-03,6.86854853e-03,1.67679962e-04,6.06150478e-03,2.564680e-01,20.0000,1,146.5687,0.970888,4.917681e-01,NaN,1,NaN,62,SAM 4:1,-0.003552,7.607466e-03,0.66
15.00,0.4120,120.0,10.0000,1.0e-03,-1,8.72664626e-04,cycling,5.46527478e-03,6.86841948e-03,2.24600911e-04,6.06001570e-03,2.587257e-01,20.0000,1,142.2873,0.969487,1.675647e-02,NaN,1,NaN,15,SAM 5:1,0.003636,6.449591e-03,0.40
45.00,0.4120,120.0,10.0000,1.0e-03,-1,8.72664626e-04,cycling,6.20479145e-03,7.79270562e-03,4.84242574e-04,6.06080889e-03,2.606544e-01,20.0000,1,143.1349,0.971792,1.954342e-02,NaN,1,NaN,23,SAM 4:1,-0.002648,7.706957e-03,0.52
75.00,0.4120,120.0,10.0000,1.0e-03,-1,8.72664626e-04,cycling,2.38367600e-03,3.31667201e-03,4.69689712e-04,2.42145974e-03,6.831078e-01,20.0000,1,156.4671,0.359182,1.006576e-02,NaN,1,NaN,145,LAM 1:2,-0.024150,4.635990e-01,2.33
105.00,0.4120,120.0,10.0000,1.0e-03,-1,8.72664626e-04,cycling,6.20501046e-03,6.86764740e-03,3.34656390e-04,6.06080931e-03,2.606598e-01,20.0000,1,143.1362,0.971792,2.739233e-02,NaN,1,NaN,19,SAM 4:1,-0.002648,5.725124e-03,0.50
135.00,0.4120,120.0,10.0000,1.0e-03,-1,8.72664626e-04,cycling,6.48860257e-03,6.86812339e-03,3.54375615e-04,6.06152863e-03,2.601382e-01,20.0000,1,146.4489,0.970947,2.030119e-02,NaN,1,NaN,19,SAM 4:1,-0.003493,6.868108e-03,0.43
165.00,0.4120,120.0,10.0000,1.0e-03,-1,8.72664626e-04,cycling,2.80645589e-03,3.25030056e-03,3.49278421e-04,2.36145403e-03,6.968499e-01,20.0000,1,178.6831,0.274709,7.018640e-02,NaN,1,NaN,156,LAM 2:5,-0.010836,3.754758e-01,2.04
15.00,0.4807,120.0,10.0000,1.0e-03,-1,8.72664626e-04,cycling,1.50421315e-03,3.27644534e-03,5.05009783e-04,2.39424074e-03,6.925270e-01,20.0000,1,179.8438,0.432908,2.669819e-02,NaN,1,NaN,145,LAM 3:5,-0.038027,4.180026e-01,2.04
45.00,0.4807,120.0,10.0000,1.0e-03,-1,8.72664626e-04,cycling,5.49816695e-03,7.83483739e-03,4.70971990e-04,6.05984324e-03,2.567953e-01,20.0000,1,141.2884,0.970715,3.703034e-02,NaN,1,1.95497286e-03,22,SAM 4:1,-0.003726,7.709631e-03,0.45
75.00,0.4807,120.0,10.0000,1.0e-03,-1,8.72664626e-04,cycling,1.51474355e-03,3.27183604e-03,4.78751764e-04,2.39616365e-03,6.911398e-01,20.0000,1,179.8477,0.434705,4.035459e-03,NaN,1,NaN,143,LAM 3:5,-0.036230,4.278065e-01,2.06
105.00,0.4807,120.0,10.0000,1.0e-03,-1,8.72664626e-04,cycling,2.15513816e-03,3.24696806e-03,4.40252332e-04,2.29633791e-03,7.178842e-01,20.0000,1,179.8377,0.274794,1.336480e-01,NaN,1,NaN,179,LAM 2:5,-0.010751,7.786574e-03,2.22
135.00,0.4807,120.0,10.0000,1.0e-03,-1,8.72664626e-04,cycling,2.80213166e-03,3.24212315e-03,3.44750592e-04,2.36046908e-03,6.971010e-01,20.0000,1,178.8967,0.274707,3.963306e-02,NaN,1,NaN,159,LAM 2:5,-0.010838,3.018254e-01,2.11
165.00,0.4807,120.0,10.0000,1.0e-03,-1,8.72664626e-04,cycling,6.49262394e-03,6.86737309e-03,3.38741157e-04,6.06152138e-03,2.586504e-01,20.0000,1,146.3169,0.970994,3.087972e-01,NaN,1,NaN,20,SAM 4:1,-0.003446,7.483573e-03,0.47
15.00,0.5493,120.0,10.0000,1.0e-03,-1,8.72664626e-04,cycling,5.56104413e-03,1.25192497e-02,4.63444880e-04,6.06022242e-03,2.548687e-01,20.0000,1,143.0757,0.969221,3.348218e-02,NaN,1,NaN,19,SAM 5:1,0.003370,7.540019e-03,0.38
45.00,0.5493,120.0,10.0000,1.0e-03,-1,8.72664626e-04,cycling,1.51905333e-03,3.25184108e-03,4.55771807e-04,2.38520671e-03,6.968833e-01,20.0000,1,179.8597,0.386302,4.857408e-02,NaN,1,NaN,142,LAM 1:2,0.002970,3.835483e-01,2.43
75.00,0.5493,120.0,10.0000,1.0e-03,-1,8.72664626e-04,cycling,1.55268732e-03,3.26520907e-03,4.80893043e-04,2.38023772e-03,6.946232e-01,20.0000,1,179.8642,0.362049,7.689592e-03,NaN,1,NaN,143,LAM 1:2,-0.021284,4.206878e-01,2.05
105.00,0.5493,120.0,10.0000,1.0e-03,-1,8.72664626e-04,cycling,5.55595299e-03,8.07662886e-03,6.13161279e-04,6.06021269e-03,2.551379e-01,20.0000,1,143.0398,0.969228,1.501750e-02,NaN,1,NaN,21,SAM 5:1,0.003377,7.703548e-03,0.48
135.00,0.5493,120.0,10.0000,1.0e-03,-1,8.72664626e-04,cycling,6.01811257e-03,6.86649977e-03,2.87004539e-04,6.06093559e-03,2.538202e-01,20.0000,1,145.3467,0.969475,4.824591e-02,NaN,1,NaN,27,SAM 5:1,0.003624,4.075175e-03,0.56
165.00,0.5493,120.0,10.0000,1.0e-03,-1,8.72664626e-04,cycling,6.42740552e-03,1.25271544e-02,5.16564028e-04,6.06142366e-03,2.591279e-01,20.0000,1,146.3525,0.970912,3.850849e-02,NaN,1,NaN,39,SAM 4:1,-0.003528,7.717730e-03,0.54
15.00,0.6180,120.0,10.0000,1.0e-03,-1,8.72664626e-04,cycling,1.50291446e-03,3.24480388e-03,3.71299953e-04,2.39682578e-03,6.886014e-01,20.0000,1,179.8425,0.434348,3.852319e-02,NaN,1,NaN,140,LAM 3:5,-0.036587,3.568735e-01,2.41
45.00,0.6180,120.0,10.0000,1.0e-03,-1,8.72664626e-04,cycling,1.53961145e-03,3.24377309e-03,3.89144277e-04,2.40242968e-03,6.886837e-01,20.0000,1,179.8589,0.451589,5.687204e-02,NaN,1,NaN,140,LAM 3:5,-0.019346,3.318313e-01,2.08
75.00,0.6180,120.0,10.0000,1.0e-03,-1,8.72664626e-04,cycling,6.41320375e-03,1.16477034e-02,4.02214728e-04,6.06138068e-03,2.594808e-01,20.0000,1,146.1566,0.970930,1.168033e-02,NaN,1,NaN,15,SAM 4:1,-0.003510,1.398109e-03,0.39
105.00,0.6180,120.0,10.0000,1.0e-03,-1,8.72664626e-04,cycling,1.49730686e-03,3.30297039e-03,8.58202741e-04,2.39388109e-03,6.896400e-01,20.0000,1,179.8490,0.423358,1.188116e-02,NaN,1,NaN,142,LAM 1:2,0.040025,3.571574e-01,2.07
135.00,0.6180,120.0,10.0000,1.0e-03,-1,8.72664626e-04,cycling,1.87617876e-03,3.27784002e-03,6.41086744e-04,2.33579898e-03,7.086967e-01,20.0000,1,179.8506,0.277688,5.727370e-02,NaN,1,NaN,152,LAM 2:5,-0.007857,3.571574e-01,2.37
165.00,0.6180,120.0,10.0000,1.0e-03,-1,8.72664626e-04,cycling,1.91490355e-03,3.24994598e-03,5.73692450e-04,2.32876090e-03,7.107009e-01,20.0000,1,179.8493,0.276544,3.872402e-02,NaN,1,NaN,152,LAM 2:5,-0.009001,3.416613e-01,2.08
15.00,0.6867,120.0,10.0000,1.0e-03,-1,8.72664626e-04,cycling,5.87478390e-03,1.25107560e-02,5.80866990e-04,6.06073580e-03,2.592439e-01,20.0000,1,144.8072,0.969270,4.294444e-02,NaN,1,NaN,17,SAM 5:1,0.003419,5.199124e-03,0.38
45.00,0.6867,120.0,10.0000,1.0e-03,-1,8.72664626e-04,cycling,1.53915889e-03,3.25200703e-03,4.75605703e-04,2.38109960e-03,6.933993e-01,20.0000,1,179.8631,0.369976,6.384186e-02,NaN,1,NaN,141,LAM 1:2,-0.013357,2.857259e-01,2.12
75.00,0.6867,120.0,10.0000,1.0e-03,-1,8.72664626e-04,cycling,5.78425281e-03,1.10627284e-02,6.05336898e-04,6.06013097e-03,2.578016e-01,20.0000,1,141.5242,0.971653,1.428627e-02,NaN,1,NaN,13,SAM 4:1,-0.002787,4.769381e-03,0.38
105.00,0.6867,120.0,10.0000,1.0e-03,-1,8.72664626e-04,cycling,5.76593984e-03,1.25428488e-02,8.72664626e-04,6.06010704e-03,2.587751e-01,20.0000,1,141.4857,0.971622,1.466308e-02,NaN,1,NaN,17,SAM 4:1,-0.002818,5.887723e-03,0.68
135.00,0.6867,120.0,10.0000,1.0e-03,-1,8.72664626e-04,cycling,3.06427529e-03,3.25863709e-03,8.72664626e-04,2.39789984e-03,6.856998e-01,20.0000,1,171.8435,0.275386,6.459548e-02,NaN,1,NaN,148,LAM 2:5,-0.010159,2.857259e-01,2.02
165.00,0.6867,120.0,10.0000,1.0e-03,-1,8.72664626e-04,cycling,6.10273994e-03,7.79407610e-03,8.72664626e-04,6.06062215e-03,2.582103e-01,20.0000,1,142.5983,0.971852,4.332126e-02,NaN,1,NaN,23,SAM 4:1,-0.002588,7.710099e-03,0.45
15.00,0.7554,120.0,10.0000,1.0e-03,-1,8.72664626e-04,cycling,6.33653215e-03,1.18147513e-02,8.19407440e-04,6.06128861e-03,2.546716e-01,20.0000,1,145.8512,0.970426,4.778908e-02,NaN,1,NaN,12,SAM 4:1,-0.004014,4.232094e-03,0.39
45.00,0.7554,120.0,10.0000,1.0e-03,-1,8.72664626e-04,cycling,6.01490144e-03,1.22531887e-02,7.26792260e-04,6.06047320e-03,2.569836e-01,20.0000,1,142.2208,0.971857,7.108231e-02,NaN,1,NaN,12,SAM 4:1,-0.002583,7.704247e-03,0.38
75.00,0.7554,120.0,10.0000,1.0e-03,-1,8.72664626e-04,cycling,6.38486488e-03,1.17586695e-02,7.56560881e-04,6.06132395e-03,2.601542e-01,20.0000,1,145.8530,0.970745,1.601619e-02,NaN,1,NaN,12,SAM 4:1,-0.003695,3.090056e-03,0.38
105.00,0.7554,120.0,10.0000,1.0e-03,-1,8.72664626e-04,cycling,6.48883332e-03,6.86786493e-03,8.72664626e-04,6.06148238e-03,2.605639e-01,20.0000,1,145.9788,0.971102,1.647240e-02,NaN,1,NaN,10,SAM 4:1,-0.003338,7.631184e-03,0.39
135.00,0.7554,120.0,10.0000,1.0e-03,-1,8.72664626e-04,cycling,1.59331245e-03,3.26389892e-03,8.72664626e-04,2.37494014e-03,6.964954e-01,20.0000,1,179.8666,0.341141,7.199472e-02,NaN,1,NaN,142,LAM 1:2,-0.042192,2.142945e-01,2.11
165.00,0.7554,120.0,10.0000,1.0e-03,-1,8.72664626e-04,cycling,1.57030082e-03,3.28393226e-03,8.72664626e-04,2.37835589e-03,6.953138e-01,20.0000,1,179.8659,0.351247,4.824529e-02,NaN,1,NaN,142,LAM 1:2,-0.032085,2.142945e-01,2.19
15.00,0.8240,120.0,10.0000,1.0e-03,-1,8.72664626e-04,cycling,1.59777133e-03,3.25371704e-03,7.46782027e-04,2.37451950e-03,6.946177e-01,20.0000,1,179.8678,0.336075,5.452254e-02,NaN,1,NaN,144,LAM 1:2,-0.047257,1.428630e-01,2.43
45.00,0.8240,120.0,10.0000,1.0e-03,-1,8.72664626e-04,cycling,6.03443334e-03,1.04301718e-02,8.72664626e-04,6.06095706e-03,2.544162e-01,20.0000,1,145.3976,0.969504,8.051910e-02,NaN,1,NaN,10,SAM 5:1,0.003654,7.701128e-03,0.38
75.00,0.8240,120.0,10.0000,1.0e-03,-1,8.72664626e-04,cycling,5.58495905e-03,6.86810458e-03,8.72664626e-04,6.06026709e-03,2.551476e-01,20.0000,1,143.2395,0.969194,1.667882e-02,NaN,1,NaN,8,SAM 5:1,0.003343,7.700263e-03,0.38
105.00,0.8240,120.0,10.0000,1.0e-03,-1,8.72664626e-04,cycling,5.60615069e-03,6.86854900e-03,8.72664626e-04,6.06030548e-03,2.554403e-01,20.0000,1,143.3786,0.969177,1.716355e-02,NaN,1,NaN,8,SAM 5:1,0.003326,7.703419e-03,0.39
135.00,0.8240,120.0,10.0000,1.0e-03,-1,8.72664626e-04,cycling,6.20931846e-03,1.25505663e-02,8.72664626e-04,6.06081755e-03,2.607608e-01,20.0000,1,143.1616,0.971788,8.148856e-02,NaN,1,NaN,20,SAM 4:1,-0.002652,8.910888e-04,0.38
165.00,0.8240,120.0,10.0000,1.0e-03,-1,8.72664626e-04,cycling,1.53201855e-03,3.24328029e-03,8.72664626e-04,2.40264063e-03,6.872246e-01,20.0000,1,179.7988,0.453096,5.500726e-02,NaN,1,NaN,143,LAM 3:5,-0.017839,1.428630e-01,2.07
15.00,0.8927,120.0,10.0000,1.0e-03,-1,8.72664626e-04,error,NaN,NaN,NaN,NaN,NaN,NaN,0,NaN,NaN,NaN,NaN,1,NaN,-1,- 0:0,NaN,NaN,NaN
45.00,0.8927,120.0,10.0000,1.0e-03,-1,8.72664626e-04,error,NaN,NaN,NaN,NaN,NaN,NaN,0,NaN,NaN,NaN,NaN,1,NaN,-1,- 0:0,NaN,NaN,NaN
75.00,0.8927,120.0,10.0000,1.0e-03,-1,8.72664626e-04,cycling,5.79271274e-03,1.05489097e-02,8.72664626e-04,6.06061278e-03,2.603631e-01,20.0000,1,144.4286,0.969196,1.237741e-02,NaN,1,NaN,9,SAM 5:1,0.003345,7.718510e-03,0.39
105.00,0.8927,120.0,10.0000,1.0e-03,-1,8.72664626e-04,cycling,6.24063229e-03,6.86709349e-03,8.72664626e-04,6.06120064e-03,2.596561e-01,20.0000,1,145.8209,0.970024,1.286353e-02,NaN,1,NaN,5,SAM 5:1,0.004173,7.681399e-03,0.38
135.00,0.8927,120.0,10.0000,1.0e-03,-1,8.72664626e-04,cycling,5.75992042e-03,1.10543842e-02,8.72664626e-04,6.06009929e-03,2.590617e-01,20.0000,1,141.4735,0.971611,9.639449e-02,NaN,1,NaN,11,SAM 4:1,-0.002829,4.870422e-03,0.38
165.00,0.8927,120.0,10.0000,1.0e-03,-1,8.72664626e-04,cycling,6.41416725e-03,1.16436357e-02,8.72664626e-04,6.06138384e-03,2.599690e-01,20.0000,1,146.1728,0.970929,6.707121e-02,NaN,1,NaN,17,SAM 4:1,-0.003511,1.347383e-03,0.39
15.00,0.9652,120.0,10.0000,1.0e-03,-1,8.72664626e-04,error,NaN,NaN,NaN,NaN,NaN,NaN,0,NaN,NaN,NaN,NaN,1,NaN,-1,- 0:0,NaN,NaN,NaN
45.00,0.9652,120.0,10.0000,1.0e-03,-1,8.72664626e-04,error,NaN,NaN,NaN,NaN,NaN,NaN,0,NaN,NaN,NaN,NaN,1,NaN,-1,- 0:0,NaN,NaN,NaN
75.00,0.9652,120.0,10.0000,1.0e-03,-1,8.72664626e-04,cycling,6.40639697e-03,6.86794588e-03,8.72664626e-04,6.06135842e-03,2.556401e-01,20.0000,1,146.0334,0.970920,5.882080e-01,NaN,1,NaN,1,SAM 4:1,-0.003520,4.017948e-03,0.39
105.00,0.9652,120.0,10.0000,1.0e-03,-1,8.72664626e-04,cycling,6.44017101e-03,6.86847630e-03,8.72664626e-04,6.06145600e-03,2.602498e-01,20.0000,1,146.4670,0.970896,5.267283e-01,NaN,1,NaN,1,SAM 4:1,-0.003544,4.017948e-03,0.44
135.00,0.9652,120.0,10.0000,1.0e-03,-1,8.72664626e-04,cycling,5.54480916e-03,9.34873407e-03,8.72664626e-04,6.05987173e-03,2.583746e-01,20.0000,1,141.2502,0.970966,2.722102e-02,NaN,1,NaN,3,SAM 4:1,-0.003474,3.770695e-03,0.37
165.00,0.9652,120.0,10.0000,1.0e-03,-1,8.72664626e-04,cycling,6.42117225e-03,9.87328677e-03,8.72664626e-04,6.06140578e-03,2.606696e-01,20.0000,1,146.2772,0.970922,1.151796e-01,NaN,1,NaN,11,SAM 4:1,-0.003519,4.017948e-03,0.38
15.00,0.9691,120.0,10.0000,1.0e-03,-1,8.72664626e-04,error,NaN,NaN,NaN,NaN,NaN,NaN,0,NaN,NaN,NaN,NaN,1,NaN,-1,- 0:0,NaN,NaN,NaN
45.00,0.9691,120.0,10.0000,1.0e-03,-1,8.72664626e-04,error,NaN,NaN,NaN,NaN,NaN,NaN,0,NaN,NaN,NaN,NaN,1,NaN,-1,- 0:0,NaN,NaN,NaN
75.00,0.9691,120.0,10.0000,1.0e-03,-1,8.72664626e-04,cycling,5.62221875e-03,8.88288071e-03,8.72664626e-04,6.06033395e-03,2.559257e-01,20.0000,1,143.4808,0.969167,6.847219e-01,NaN,1,NaN,2,SAM 5:1,0.003316,6.402007e-03,0.38
105.00,0.9691,120.0,10.0000,1.0e-03,-1,8.72664626e-04,cycling,6.42458149e-03,6.86837038e-03,8.72664626e-04,6.06141575e-03,2.597931e-01,20.0000,1,146.3202,0.970917,6.353368e-01,NaN,1,1.95655987e-03,0,SAM 4:1,-0.003524,7.721296e-03,0.38
135.00,0.9691,120.0,10.0000,1.0e-03,-1,8.72664626e-04,cycling,5.58916518e-03,9.37065813e-03,8.72664626e-04,6.05990862e-03,2.592602e-01,20.0000,1,141.2549,0.971152,1.164496e-01,NaN,1,NaN,4,SAM 4:1,-0.003288,3.482587e-03,0.63
165.00,0.9691,120.0,10.0000,1.0e-03,-1,8.72664626e-04,cycling,6.44306734e-03,9.78842286e-03,8.72664626e-04,6.06146264e-03,2.600299e-01,20.0000,1,146.4868,0.970893,8.014744e-02,NaN,1,NaN,12,SAM 4:1,-0.003547,7.699855e-03,0.63
15.00,0.9730,120.0,10.0000,1.0e-03,-1,8.72664626e-04,error,NaN,NaN,NaN,NaN,NaN,NaN,0,NaN,NaN,NaN,NaN,1,NaN,-1,- 0:0,NaN,NaN,NaN
45.00,0.9730,120.0,10.0000,1.0e-03,-1,8.72664626e-04,error,NaN,NaN,NaN,NaN,NaN,NaN,0,NaN,NaN,NaN,NaN,1,NaN,-1,- 0:0,NaN,NaN,NaN
75.00,0.9730,120.0,10.0000,1.0e-03,-1,8.72664626e-04,cycling,6.30097941e-03,9.56238357e-03,8.72664626e-04,6.06100105e-03,2.599082e-01,20.0000,1,143.7686,0.971677,6.896485e-01,NaN,1,NaN,6,SAM 4:1,-0.002763,2.838269e-05,0.65
105.00,0.9730,120.0,10.0000,1.0e-03,-1,8.72664626e-04,cycling,6.35538060e-03,6.86742456e-03,8.72664626e-04,6.06130282e-03,2.576744e-01,20.0000,1,145.8456,0.970534,6.520768e-01,NaN,1,NaN,0,SAM 4:1,-0.003906,7.710662e-03,0.64
135.00,0.9730,120.0,10.0000,1.0e-03,-1,8.72664626e-04,cycling,5.84669887e-03,9.41694341e-03,8.72664626e-04,6.06021638e-03,2.581069e-01,20.0000,1,141.6740,0.971742,1.822353e-01,NaN,1,NaN,4,SAM 4:1,-0.002698,2.218427e-03,0.64
165.00,0.9730,120.0,10.0000,1.0e-03,-1,8.72664626e-04,cycling,6.45750770e-03,9.76335648e-03,8.72664626e-04,6.06149223e-03,2.569244e-01,20.0000,1,146.5547,0.970886,3.763303e-02,NaN,1,NaN,12,SAM 4:1,-0.003554,6.896218e-03,0.64
15.00,0.9768,120.0,10.0000,1.0e-03,-1,8.72664626e-04,error,NaN,NaN,NaN,NaN,NaN,NaN,0,NaN,NaN,NaN,NaN,1,NaN,-1,- 0:0,NaN,NaN,NaN
45.00,0.9768,120.0,10.0000,1.0e-03,-1,8.72664626e-04,error,NaN,NaN,NaN,NaN,NaN,NaN,0,NaN,NaN,NaN,NaN,1,NaN,-1,- 0:0,NaN,NaN,NaN
75.00,0.9768,120.0,10.0000,1.0e-03,-1,8.72664626e-04,cycling,6.43972296e-03,9.79978909e-03,8.72664626e-04,6.06145495e-03,2.602619e-01,20.0000,1,146.4637,0.970896,6.423430e-01,NaN,1,NaN,13,SAM 4:1,-0.003544,7.701499e-03,0.66
105.00,0.9768,120.0,10.0000,1.0e-03,-1,8.72664626e-04,cycling,5.73893578e-03,9.36804210e-03,8.72664626e-04,6.06007276e-03,2.599280e-01,20.0000,1,141.4334,0.971570,6.163100e-01,NaN,1,NaN,5,SAM 4:1,-0.002870,2.222381e-03,0.64
135.00,0.9768,120.0,10.0000,1.0e-03,-1,8.72664626e-04,cycling,6.16303591e-03,9.50631705e-03,8.72664626e-04,6.06073058e-03,2.591886e-01,20.0000,1,142.9010,0.971824,2.377712e-01,NaN,1,NaN,7,SAM 4:1,-0.002616,6.709312e-04,0.65
165.00,0.9768,120.0,10.0000,1.0e-03,-1,8.72664626e-04,cycling,6.46189833e-03,9.75930201e-03,8.72664626e-04,6.06150005e-03,2.568046e-01,20.0000,1,146.5649,0.970887,1.147408e-02,NaN,1,NaN,13,SAM 4:1,-0.003553,6.583885e-03,0.64
15.00,0.9807,120.0,10.0000,1.0e-03,-1,8.72664626e-04,error,NaN,NaN,NaN,NaN,NaN,NaN,0,NaN,NaN,NaN,NaN,1,NaN,-1,- 0:0,NaN,NaN,NaN
45.00,0.9807,120.0,10.0000,1.0e-03,-1,8.72664626e-04,error,NaN,NaN,NaN,NaN,NaN,NaN,0,NaN,NaN,NaN,NaN,1,NaN,-1,- 0:0,NaN,NaN,NaN
75.00,0.9807,120.0,10.0000,1.0e-03,-1,8.72664626e-04,cycling,5.70750032e-03,1.05968781e-02,8.72664626e-04,6.06047795e-03,2.603237e-01,20.0000,1,143.9835,0.969157,5.585894e-01,NaN,1,NaN,15,SAM 5:1,0.003306,7.701057e-03,0.64
105.00,0.9807,120.0,10.0000,1.0e-03,-1,8.72664626e-04,cycling,6.48593021e-03,9.71155277e-03,8.72664626e-04,6.06152863e-03,2.603179e-01,20.0000,1,146.4885,0.970932,5.438271e-01,NaN,1,NaN,13,SAM 4:1,-0.003508,4.754607e-03,0.65
135.00,0.9807,120.0,10.0000,1.0e-03,-1,8.72664626e-04,cycling,6.40685491e-03,9.59760907e-03,8.72664626e-04,6.06123973e-03,2.591170e-01,20.0000,1,144.7022,0.971458,2.873331e-01,NaN,1,NaN,7,SAM 4:1,-0.002982,7.867719e-04,0.63
165.00,0.9807,120.0,10.0000,1.0e-03,-1,8.72664626e-04,cycling,6.45601484e-03,9.76448002e-03,8.72664626e-04,6.06148944e-03,2.568535e-01,20.0000,1,146.5500,0.970886,6.607221e-02,NaN,1,NaN,13,SAM 4:1,-0.003554,7.003936e-03,0.68
15.00,0.9845,120.0,10.0000,1.0e-03,-1,8.72664626e-04,error,NaN,NaN,NaN,NaN,NaN,NaN,0,NaN,NaN,NaN,NaN,1,NaN,-1,- 0:0,NaN,NaN,NaN
45.00,0.9845,120.0,10.0000,1.0e-03,-1,8.72664626e-04,error,NaN,NaN,NaN,NaN,NaN,NaN,0,NaN,NaN,NaN,NaN,1,NaN,-1,- 0:0,NaN,NaN,NaN
75.00,0.9845,120.0,10.0000,1.0e-03,-1,8.72664626e-04,error,NaN,NaN,NaN,NaN,NaN,NaN,0,NaN,NaN,NaN,NaN,1,NaN,-1,- 0:0,NaN,NaN,NaN
105.00,0.9845,120.0,10.0000,1.0e-03,-1,8.72664626e-04,cycling,6.25649496e-03,1.02730937e-02,8.72664626e-04,6.06121669e-03,2.593396e-01,20.0000,1,145.8341,0.970079,4.433136e-01,NaN,1,NaN,13,SAM 5:1,0.004228,7.699813e-03,0.70
135.00,0.9845,120.0,10.0000,1.0e-03,-1,8.72664626e-04,cycling,6.49215184e-03,9.67653346e-03,8.72664626e-04,6.06152367e-03,2.584444e-01,20.0000,1,146.3468,0.970983,3.328765e-01,NaN,1,NaN,11,SAM 4:1,-0.003457,3.955366e-03,0.76
165.00,0.9845,120.0,10.0000,1.0e-03,-1,8.72664626e-04,cycling,6.43850866e-03,9.80417331e-03,8.72664626e-04,6.06145208e-03,2.602633e-01,20.0000,1,146.4547,0.970898,1.252651e-01,NaN,1,NaN,13,SAM 4:1,-0.003543,7.702829e-03,0.64
15.00,0.9884,120.0,10.0000,1.0e-03,-1,8.72664626e-04,error,NaN,NaN,NaN,NaN,NaN,NaN,0,NaN,NaN,NaN,NaN,1,NaN,-1,- 0:0,NaN,NaN,NaN
45.00,0.9884,120.0,10.0000,1.0e-03,-1,8.72664626e-04,error,NaN,NaN,NaN,NaN,NaN,NaN,0,NaN,NaN,NaN,NaN,1,NaN,-1,- 0:0,NaN,NaN,NaN
75.00,0.9884,120.0,10.0000,1.0e-03,-1,8.72664626e-04,error,NaN,NaN,NaN,NaN,NaN,NaN,0,NaN,NaN,NaN,NaN,1,NaN,-1,- 0:0,NaN,NaN,NaN
105.00,0.9884,120.0,10.0000,1.0e-03,-1,8.72664626e-04,cycling,6.42984963e-03,1.15905892e-02,8.72664626e-04,6.06143027e-03,2.593269e-01,20.0000,1,146.3782,0.970909,3.203564e-01,NaN,1,NaN,23,SAM 4:1,-0.003531,7.480520e-04,0.65
135.00,0.9884,120.0,10.0000,1.0e-03,-1,8.72664626e-04,cycling,6.42061494e-03,9.87588209e-03,8.72664626e-04,6.06140411e-03,2.607532e-01,20.0000,1,146.2697,0.970922,3.754682e-01,NaN,1,NaN,13,SAM 4:1,-0.003518,7.723272e-03,1.02
165.00,0.9884,120.0,10.0000,1.0e-03,-1,8.72664626e-04,cycling,6.41317419e-03,9.91550404e-03,8.72664626e-04,6.06138058e-03,2.594638e-01,20.0000,1,146.1561,0.970930,1.883361e-01,NaN,1,NaN,15,SAM 4:1,-0.003510,7.708109e-03,0.64
15.00,0.9923,120.0,10.0000,1.0e-03,-1,8.72664626e-04,error,NaN,NaN,NaN,NaN,NaN,NaN,0,NaN,NaN,NaN,NaN,1,NaN,-1,- 0:0,NaN,NaN,NaN
45.00,0.9923,120.0,10.0000,1.0e-03,-1,8.72664626e-04,error,NaN,NaN,NaN,NaN,NaN,NaN,0,NaN,NaN,NaN,NaN,1,NaN,-1,- 0:0,NaN,NaN,NaN
75.00,0.9923,120.0,10.0000,1.0e-03,-1,8.72664626e-04,error,NaN,NaN,NaN,NaN,NaN,NaN,0,NaN,NaN,NaN,NaN,1,NaN,-1,- 0:0,NaN,NaN,NaN
105.00,0.9923,120.0,10.0000,1.0e-03,-1,8.72664626e-04,cycling,1.56617977e-03,3.27278620e-03,8.72664626e-04,2.37835047e-03,6.937711e-01,20.0000,1,179.8657,0.354338,1.789005e-01,NaN,1,NaN,153,LAM 1:2,-0.028995,3.214359e-02,3.41
135.00,0.9923,120.0,10.0000,1.0e-03,-1,8.72664626e-04,cycling,6.22879325e-03,1.02987680e-02,8.72664626e-04,6.06118834e-03,2.595518e-01,20.0000,1,145.8091,0.969984,4.157573e-01,NaN,1,NaN,13,SAM 5:1,0.004133,7.708779e-03,0.64
165.00,0.9923,120.0,10.0000,1.0e-03,-1,8.72664626e-04,cycling,6.36862911e-03,1.01350142e-02,8.72664626e-04,6.06131222e-03,2.605223e-01,20.0000,1,145.8430,0.970621,2.547026e-01,NaN,1,NaN,13,SAM 4:1,-0.003820,7.704548e-03,0.64
15.00,0.9961,120.0,10.0000,1.0e-03,-1,8.72664626e-04,error,NaN,NaN,NaN,NaN,NaN,NaN,0,NaN,NaN,NaN,NaN,1,NaN,-1,- 0:0,NaN,NaN,NaN
45.00,0.9961,120.0,10.0000,1.0e-03,-1,8.72664626e-04,error,NaN,NaN,NaN,NaN,NaN,NaN,0,NaN,NaN,NaN,NaN,1,NaN,-1,- 0:0,NaN,NaN,NaN
75.00,0.9961,120.0,10.0000,1.0e-03,-1,8.72664626e-04,error,NaN,NaN,NaN,NaN,NaN,NaN,0,NaN,NaN,NaN,NaN,1,NaN,-1,- 0:0,NaN,NaN,NaN
105.00,0.9961,120.0,10.0000,1.0e-03,-1,8.72664626e-04,error,NaN,NaN,NaN,NaN,NaN,NaN,0,NaN,NaN,NaN,NaN,1,NaN,-1,- 0:0,NaN,NaN,NaN
135.00,0.9961,120.0,10.0000,1.0e-03,-1,8.72664626e-04,cycling,6.49304408e-03,1.14249246e-02,8.72664626e-04,6.06151584e-03,2.597487e-01,20.0000,1,146.2549,0.971014,4.541696e-01,NaN,1,NaN,21,SAM 4:1,-0.003426,6.508128e-04,0.65
165.00,0.9961,120.0,10.0000,1.0e-03,-1,8.72664626e-04,cycling,5.48060060e-03,1.07505389e-02,8.72664626e-04,6.06005418e-03,2.588781e-01,20.0000,1,142.4389,0.969414,3.238819e-01,NaN,1,NaN,15,SAM 5:1,0.003563,7.702366e-03,0.64
