case_id,block,backend,ic_id,J,mu_over_J,sigma,band0,band_frac0,d_sep0,t_yr,omega_e,Id_over_Is,beta_deg,alpha_deg
1,backend,numeric,1,1.8000,1.0e-03,-1,LAM,0.1949,0.762218,0.000000e+00,7.89395007e-04,0.408497,38.2810,52.6808
1,backend,numeric,1,1.8000,1.0e-03,-1,LAM,0.1949,0.762218,1.000000e-03,7.80689325e-04,0.404672,37.7792,176.6202
1,backend,numeric,1,1.8000,1.0e-03,-1,LAM,0.1949,0.762218,1.102485e-03,7.79835387e-04,0.404259,37.7351,151.6336
1,backend,numeric,1,1.8000,1.0e-03,-1,LAM,0.1949,0.762218,1.215474e-03,7.78897535e-04,0.403806,38.0047,124.1229
1,backend,numeric,1,1.8000,1.0e-03,-1,LAM,0.1949,0.762218,1.340043e-03,7.77857596e-04,0.403321,38.4661,94.2219
1,backend,numeric,1,1.8000,1.0e-03,-1,LAM,0.1949,0.762218,1.477378e-03,7.76703553e-04,0.402804,38.7165,61.6998
1,backend,numeric,1,1.8000,1.0e-03,-1,LAM,0.1949,0.762218,1.628787e-03,7.75442350e-04,0.402232,38.4560,25.6257
1,backend,numeric,1,1.8000,1.0e-03,-1,LAM,0.1949,0.762218,1.795714e-03,7.74085668e-04,0.401571,38.0774,344.8596
1,backend,numeric,1,1.8000,1.0e-03,-1,LAM,0.1949,0.762218,1.979749e-03,7.72611751e-04,0.400832,38.3680,299.4722
1,backend,numeric,1,1.8000,1.0e-03,-1,LAM,0.1949,0.762218,2.182645e-03,7.70974091e-04,0.400053,38.8865,250.3779
1,backend,numeric,1,1.8000,1.0e-03,-1,LAM,0.1949,0.762218,2.406334e-03,7.69188730e-04,0.399192,38.4322,196.0404
1,backend,numeric,1,1.8000,1.0e-03,-1,LAM,0.1949,0.762218,2.652948e-03,7.67289642e-04,0.398187,38.3326,134.1860
1,backend,numeric,1,1.8000,1.0e-03,-1,LAM,0.1949,0.762218,2.924837e-03,7.65180659e-04,0.397135,39.2244,67.1685
1,backend,numeric,1,1.8000,1.0e-03,-1,LAM,0.1949,0.762218,3.224591e-03,7.62884922e-04,0.395980,38.5904,352.8860
1,backend,numeric,1,1.8000,1.0e-03,-1,LAM,0.1949,0.762218,3.555064e-03,7.60427237e-04,0.394671,39.3137,269.3556
1,backend,numeric,1,1.8000,1.0e-03,-1,LAM,0.1949,0.762218,3.919407e-03,7.57730997e-04,0.393277,38.7855,178.0256
1,backend,numeric,1,1.8000,1.0e-03,-1,LAM,0.1949,0.762218,4.321089e-03,7.54856122e-04,0.391700,39.8012,75.1407
1,backend,numeric,1,1.8000,1.0e-03,-1,LAM,0.1949,0.762218,4.763938e-03,7.51732149e-04,0.390003,39.1959,321.5448
1,backend,numeric,1,1.8000,1.0e-03,-1,LAM,0.1949,0.762218,5.252173e-03,7.48360566e-04,0.388167,39.6447,195.9827
1,backend,numeric,1,1.8000,1.0e-03,-1,LAM,0.1949,0.762218,5.790444e-03,7.44787595e-04,0.386113,40.5535,54.8167
1,backend,numeric,1,1.8000,1.0e-03,-1,LAM,0.1949,0.762218,6.383880e-03,7.40981233e-04,0.383872,40.8393,257.6732
1,backend,numeric,1,1.8000,1.0e-03,-1,LAM,0.1949,0.762218,7.038136e-03,7.36945643e-04,0.381446,41.2406,82.5186
1,backend,numeric,1,1.8000,1.0e-03,-1,LAM,0.1949,0.762218,7.759442e-03,7.32649606e-04,0.378881,41.7430,247.7500
1,backend,numeric,1,1.8000,1.0e-03,-1,LAM,0.1949,0.762218,8.554673e-03,7.28112029e-04,0.376138,41.9649,30.1556
1,backend,numeric,1,1.8000,1.0e-03,-1,LAM,0.1949,0.762218,9.431402e-03,7.23364696e-04,0.373185,41.8898,145.2950
1,backend,numeric,1,1.8000,1.0e-03,-1,LAM,0.1949,0.762218,1.039798e-02,7.18304532e-04,0.370182,43.6624,232.6708
1,backend,numeric,1,1.8000,1.0e-03,-1,LAM,0.1949,0.762218,1.146363e-02,7.12969712e-04,0.367083,44.1641,285.3291
1,backend,numeric,1,1.8000,1.0e-03,-1,LAM,0.1949,0.762218,1.263848e-02,7.07205444e-04,0.364078,44.8680,301.2839
1,backend,numeric,1,1.8000,1.0e-03,-1,LAM,0.1949,0.762218,1.393374e-02,7.00892299e-04,0.361265,46.6897,274.5576
1,backend,numeric,1,1.8000,1.0e-03,-1,LAM,0.1949,0.762218,1.536175e-02,6.93764869e-04,0.358876,47.7542,200.2427
1,backend,numeric,1,1.8000,1.0e-03,-1,LAM,0.1949,0.762218,1.693611e-02,6.85579200e-04,0.357062,50.1967,68.9768
1,backend,numeric,1,1.8000,1.0e-03,-1,LAM,0.1949,0.762218,1.867181e-02,6.75795108e-04,0.356245,51.9972,236.7917
1,backend,numeric,1,1.8000,1.0e-03,-1,LAM,0.1949,0.762218,2.058540e-02,6.63883343e-04,0.356810,52.5450,334.6525
1,backend,numeric,1,1.8000,1.0e-03,-1,LAM,0.1949,0.762218,2.269511e-02,6.49102880e-04,0.359284,54.8928,357.2117
1,backend,numeric,1,1.8000,1.0e-03,-1,LAM,0.1949,0.762218,2.502102e-02,6.30307549e-04,0.364161,57.5230,295.5100
1,backend,numeric,1,1.8000,1.0e-03,-1,LAM,0.1949,0.762218,2.758532e-02,6.06951730e-04,0.372376,59.1934,142.9683
1,backend,numeric,1,1.8000,1.0e-03,-1,LAM,0.1949,0.762218,3.041241e-02,5.78987516e-04,0.384567,62.1907,255.0844
1,backend,numeric,1,1.8000,1.0e-03,-1,LAM,0.1949,0.762218,3.352924e-02,5.46145661e-04,0.401488,63.3358,270.9807
1,backend,numeric,1,1.8000,1.0e-03,-1,LAM,0.1949,0.762218,3.696550e-02,5.08654206e-04,0.424019,63.6744,194.7316
1,backend,numeric,1,1.8000,1.0e-03,-1,LAM,0.1949,0.762218,4.075393e-02,4.65061466e-04,0.453392,63.8191,29.0930
1,backend,numeric,1,1.8000,1.0e-03,-1,LAM,0.1949,0.762218,4.493062e-02,4.13207309e-04,0.490662,62.3525,128.4617
1,backend,numeric,1,1.8000,1.0e-03,-1,LAM,0.1949,0.762218,4.953535e-02,3.46456968e-04,0.539876,59.1983,96.8273
1,backend,numeric,1,1.8000,1.0e-03,-1,LAM,0.1949,0.762218,5.461201e-02,2.47939289e-04,0.620811,51.9182,166.4094
1,backend,numeric,1,1.8000,1.0e-03,-1,LAM,0.1949,0.762218,6.020894e-02,4.39522935e-04,0.999621,95.3126,281.9776
1,backend,numeric,1,1.8000,1.0e-03,-1,LAM,0.1949,0.762218,6.637949e-02,3.03248128e-04,0.556181,155.2111,221.3162
1,backend,numeric,1,1.8000,1.0e-03,-1,LAM,0.1949,0.762218,7.318242e-02,4.06724326e-04,0.395565,143.9956,98.3038
1,backend,numeric,1,1.8000,1.0e-03,-1,LAM,0.1949,0.762218,8.068256e-02,4.42228235e-04,0.356687,126.1975,111.6829
1,backend,numeric,1,1.8000,1.0e-03,-1,LAM,0.1949,0.762218,8.895135e-02,4.37164354e-04,0.383748,111.4451,221.4463
1,backend,numeric,1,1.8000,1.0e-03,-1,LAM,0.1949,0.762218,9.806757e-02,4.28531214e-04,0.466106,102.7698,295.4509
1,backend,numeric,1,1.8000,1.0e-03,-1,LAM,0.1949,0.762218,1.081181e-01,4.49922579e-04,0.561125,95.9845,86.2960
1,backend,numeric,1,1.8000,1.0e-03,-1,LAM,0.1949,0.762218,1.191986e-01,4.76611732e-04,0.642782,89.1624,325.4199
1,backend,numeric,1,1.8000,1.0e-03,-1,LAM,0.1949,0.762218,1.314147e-01,4.41833966e-04,0.729359,76.8281,228.8304
1,backend,numeric,1,1.8000,1.0e-03,-1,LAM,0.1949,0.762218,1.448828e-01,2.41646260e-04,0.967670,161.1753,194.7836
1,backend,numeric,1,1.8000,1.0e-03,-1,LAM,0.1949,0.762218,1.597312e-01,7.42582309e-04,0.590824,135.5992,76.2712
1,backend,numeric,1,1.8000,1.0e-03,-1,LAM,0.1949,0.762218,1.761014e-01,9.47697786e-04,0.535516,125.1122,132.7831
1,backend,numeric,1,1.8000,1.0e-03,-1,LAM,0.1949,0.762218,1.941492e-01,1.08965684e-03,0.551744,116.5184,324.9810
1,backend,numeric,1,1.8000,1.0e-03,-1,LAM,0.1949,0.762218,2.140467e-01,1.21764517e-03,0.602266,109.0931,151.4559
1,backend,numeric,1,1.8000,1.0e-03,-1,LAM,0.1949,0.762218,2.359833e-01,1.32614326e-03,0.678173,102.4863,23.8018
1,backend,numeric,1,1.8000,1.0e-03,-1,LAM,0.1949,0.762218,2.601682e-01,1.37700363e-03,0.774252,91.8712,253.6099
1,backend,numeric,1,1.8000,1.0e-03,-1,LAM,0.1949,0.762218,2.868317e-01,1.15978534e-03,0.889514,81.0503,5.9200
1,backend,numeric,1,1.8000,1.0e-03,-1,LAM,0.1949,0.762218,3.162278e-01,1.82563084e-03,0.846835,139.1170,191.9448
1,backend,numeric,1,1.8000,1.0e-03,-1,LAM,0.1949,0.762218,3.486365e-01,2.69018552e-03,0.868875,119.4700,139.7607
1,backend,numeric,1,1.8000,1.0e-03,-1,LAM,0.1949,0.762218,3.843667e-01,3.86189276e-03,0.941763,96.2161,308.2380
1,backend,numeric,1,1.8000,1.0e-03,-1,LAM,0.1949,0.762218,4.237587e-01,3.27736903e-03,0.943141,149.4173,48.2801
1,backend,numeric,1,1.8000,1.0e-03,-1,LAM,0.1949,0.762218,4.671878e-01,6.38160721e-03,0.942631,116.6301,285.8331
1,backend,numeric,1,1.8000,1.0e-03,-1,LAM,0.1949,0.762218,5.150678e-01,7.38647302e-03,0.991959,119.9214,331.7916
1,backend,numeric,1,1.8000,1.0e-03,-1,LAM,0.1949,0.762218,5.678548e-01,1.18237900e-02,0.974959,103.0663,15.0969
1,backend,numeric,1,1.8000,1.0e-03,-1,LAM,0.1949,0.762218,6.260517e-01,1.82082239e-02,0.965046,121.4196,108.6268
1,backend,numeric,1,1.8000,1.0e-03,-1,LAM,0.1949,0.762218,6.902129e-01,1.34873523e-02,0.970990,122.0012,212.3847
1,backend,numeric,1,1.8000,1.0e-03,-1,LAM,0.1949,0.762218,7.609497e-01,6.87042461e-03,0.965774,117.4379,31.1697
1,backend,numeric,1,1.8000,1.0e-03,-1,LAM,0.1949,0.762218,8.389360e-01,8.70521890e-03,0.969998,115.7299,221.6171
1,backend,numeric,1,1.8000,1.0e-03,-1,LAM,0.1949,0.762218,9.249147e-01,8.42136409e-03,0.971424,115.3486,117.3867
1,backend,numeric,1,1.8000,1.0e-03,-1,LAM,0.1949,0.762218,1.019705e+00,7.34003132e-03,0.965243,110.4142,39.4597
1,backend,numeric,1,1.8000,1.0e-03,-1,LAM,0.1949,0.762218,1.124210e+00,5.29935726e-03,0.972261,119.4295,346.4021
1,backend,numeric,1,1.8000,1.0e-03,-1,LAM,0.1949,0.762218,1.239425e+00,6.12804398e-03,0.975817,115.8904,336.9970
1,backend,numeric,1,1.8000,1.0e-03,-1,LAM,0.1949,0.762218,1.366448e+00,5.48288070e-03,0.972628,118.2518,13.5770
1,backend,numeric,1,1.8000,1.0e-03,-1,LAM,0.1949,0.762218,1.506489e+00,7.59269324e-03,0.964550,111.9673,81.7199
1,backend,numeric,1,1.8000,1.0e-03,-1,LAM,0.1949,0.762218,1.660883e+00,8.30918319e-03,0.972193,115.4602,173.3052
1,backend,numeric,1,1.8000,1.0e-03,-1,LAM,0.1949,0.762218,1.831099e+00,5.82311236e-03,0.977405,116.7414,333.5769
1,backend,numeric,1,1.8000,1.0e-03,-1,LAM,0.1949,0.762218,2.018760e+00,7.59455370e-03,0.968832,115.6935,174.2380
1,backend,numeric,1,1.8000,1.0e-03,-1,LAM,0.1949,0.762218,2.225654e+00,7.86484287e-03,0.968814,112.2642,79.2138
1,backend,numeric,1,1.8000,1.0e-03,-1,LAM,0.1949,0.762218,2.453751e+00,6.92137569e-03,0.964033,112.8792,69.8121
1,backend,numeric,1,1.8000,1.0e-03,-1,LAM,0.1949,0.762218,2.705225e+00,8.66125839e-03,0.968051,111.9128,106.1658
1,backend,numeric,1,1.8000,1.0e-03,-1,LAM,0.1949,0.762218,2.982471e+00,8.11150383e-03,0.968398,114.2290,210.3206
1,backend,numeric,1,1.8000,1.0e-03,-1,LAM,0.1949,0.762218,3.288131e+00,7.30906824e-03,0.966058,111.3167,63.4453
1,backend,numeric,1,1.8000,1.0e-03,-1,LAM,0.1949,0.762218,3.625117e+00,5.79538164e-03,0.976521,116.3296,2.0771
1,backend,numeric,1,1.8000,1.0e-03,-1,LAM,0.1949,0.762218,3.996639e+00,7.65946008e-03,0.966181,110.1675,48.3026
1,backend,numeric,1,1.8000,1.0e-03,-1,LAM,0.1949,0.762218,4.406236e+00,7.34432931e-03,0.972494,115.1408,204.2670
1,backend,numeric,1,1.8000,1.0e-03,-1,LAM,0.1949,0.762218,4.857812e+00,8.16485366e-03,0.971342,115.6143,135.8035
1,backend,numeric,1,1.8000,1.0e-03,-1,LAM,0.1949,0.762218,5.355667e+00,7.37532037e-03,0.972112,114.7881,197.0391
1,backend,numeric,1,1.8000,1.0e-03,-1,LAM,0.1949,0.762218,5.904545e+00,8.16463918e-03,0.967584,110.8290,69.2431
1,backend,numeric,1,1.8000,1.0e-03,-1,LAM,0.1949,0.762218,6.509675e+00,8.42434943e-03,0.966697,111.9816,99.1530
1,backend,numeric,1,1.8000,1.0e-03,-1,LAM,0.1949,0.762218,7.176822e+00,7.30160946e-03,0.975466,112.0170,299.4428
1,backend,numeric,1,1.8000,1.0e-03,-1,LAM,0.1949,0.762218,7.912343e+00,6.21100145e-03,0.963356,113.7428,29.9874
1,backend,numeric,1,1.8000,1.0e-03,-1,LAM,0.1949,0.762218,8.723243e+00,7.14626581e-03,0.974536,110.8718,303.5244
1,backend,numeric,1,1.8000,1.0e-03,-1,LAM,0.1949,0.762218,9.617249e+00,8.96422518e-03,0.970522,113.8028,137.0019
1,backend,numeric,1,1.8000,1.0e-03,-1,LAM,0.1949,0.762218,1.060288e+01,7.23051217e-03,0.970596,115.9761,231.8352
1,backend,numeric,1,1.8000,1.0e-03,-1,LAM,0.1949,0.762218,1.168952e+01,7.43325571e-03,0.971106,111.4005,279.3923
1,backend,numeric,1,1.8000,1.0e-03,-1,LAM,0.1949,0.762218,1.288752e+01,6.65802445e-03,0.978088,113.6927,308.6253
1,backend,numeric,1,1.8000,1.0e-03,-1,LAM,0.1949,0.762218,1.420831e+01,5.67257878e-03,0.974380,117.8273,344.5716
1,backend,numeric,1,1.8000,1.0e-03,-1,LAM,0.1949,0.762218,1.566445e+01,8.01853832e-03,0.965247,111.3848,88.5396
1,backend,numeric,1,1.8000,1.0e-03,-1,LAM,0.1949,0.762218,1.726983e+01,7.37539241e-03,0.969013,113.4441,254.7898
1,backend,numeric,1,1.8000,1.0e-03,-1,LAM,0.1949,0.762218,1.903974e+01,7.91106814e-03,0.968208,114.6725,203.8756
1,backend,numeric,1,1.8000,1.0e-03,-1,LAM,0.1949,0.762218,2.099104e+01,5.06591258e-03,0.966908,119.1702,0.8147
1,backend,numeric,1,1.8000,1.0e-03,-1,LAM,0.1949,0.762218,2.314231e+01,6.16606623e-03,0.964426,113.0708,24.8837
1,backend,numeric,1,1.8000,1.0e-03,-1,LAM,0.1949,0.762218,2.551407e+01,5.75364449e-03,0.976097,117.2089,10.0538
1,backend,numeric,1,1.8000,1.0e-03,-1,LAM,0.1949,0.762218,2.812889e+01,5.19804385e-03,0.970214,119.2288,353.1634
1,backend,numeric,1,1.8000,1.0e-03,-1,LAM,0.1949,0.762218,3.101169e+01,8.20178949e-03,0.970125,112.7166,79.7177
1,backend,numeric,1,1.8000,1.0e-03,-1,LAM,0.1949,0.762218,3.418994e+01,6.00924131e-03,0.975986,116.7150,333.2595
1,backend,numeric,1,1.8000,1.0e-03,-1,LAM,0.1949,0.762218,3.769391e+01,8.70804212e-03,0.971460,114.5225,146.3888
1,backend,numeric,1,1.8000,1.0e-03,-1,LAM,0.1949,0.762218,4.155699e+01,7.25260536e-03,0.972404,109.8437,313.6740
1,backend,numeric,1,1.8000,1.0e-03,-1,LAM,0.1949,0.762218,4.581598e+01,7.92213776e-03,0.969916,112.8040,240.9287
1,backend,numeric,1,1.8000,1.0e-03,-1,LAM,0.1949,0.762218,5.051145e+01,6.76337389e-03,0.963564,113.5413,70.2069
1,backend,numeric,1,1.8000,1.0e-03,-1,LAM,0.1949,0.762218,5.568814e+01,7.45354786e-03,0.969744,114.9351,235.4542
1,backend,numeric,1,1.8000,1.0e-03,-1,LAM,0.1949,0.762218,6.139537e+01,6.87151419e-03,0.970270,116.0172,236.7402
1,backend,numeric,1,1.8000,1.0e-03,-1,LAM,0.1949,0.762218,6.768750e+01,7.87126334e-03,0.971635,116.1048,191.8192
1,backend,numeric,1,1.8000,1.0e-03,-1,LAM,0.1949,0.762218,7.462449e+01,7.24872282e-03,0.972253,110.3275,303.9718
1,backend,numeric,1,1.8000,1.0e-03,-1,LAM,0.1949,0.762218,8.227241e+01,7.11356552e-03,0.965705,111.3265,57.1909
1,backend,numeric,1,1.8000,1.0e-03,-1,LAM,0.1949,0.762218,9.070414e+01,5.01916690e-03,0.970101,119.8151,22.6458
1,backend,numeric,1,1.8000,1.0e-03,-1,LAM,0.1949,0.762218,1.000000e+02,8.11345061e-03,0.968565,111.2448,65.3128
2,backend,numeric,4,10.0000,1.0e-03,-1,SAM,0.3301,0.017577,0.000000e+00,1.71067940e-03,0.974122,60.9249,200.4551
2,backend,numeric,4,10.0000,1.0e-03,-1,SAM,0.3301,0.017577,1.000000e-03,2.11287798e-03,0.984810,67.7247,208.5200
2,backend,numeric,4,10.0000,1.0e-03,-1,SAM,0.3301,0.017577,1.102485e-03,2.15913516e-03,0.985474,68.5242,209.3274
2,backend,numeric,4,10.0000,1.0e-03,-1,SAM,0.3301,0.017577,1.215474e-03,2.21022199e-03,0.986141,69.4016,210.2086
2,backend,numeric,4,10.0000,1.0e-03,-1,SAM,0.3301,0.017577,1.340043e-03,2.26653145e-03,0.986808,70.3589,211.1690
2,backend,numeric,4,10.0000,1.0e-03,-1,SAM,0.3301,0.017577,1.477378e-03,2.32842625e-03,0.987470,71.3959,212.2145
2,backend,numeric,4,10.0000,1.0e-03,-1,SAM,0.3301,0.017577,1.628787e-03,2.39623578e-03,0.988126,72.5102,213.3508
2,backend,numeric,4,10.0000,1.0e-03,-1,SAM,0.3301,0.017577,1.795714e-03,2.47026621e-03,0.988774,73.6968,214.5837
2,backend,numeric,4,10.0000,1.0e-03,-1,SAM,0.3301,0.017577,1.979749e-03,2.55076350e-03,0.989414,74.9485,215.9194
2,backend,numeric,4,10.0000,1.0e-03,-1,SAM,0.3301,0.017577,2.182645e-03,2.63793741e-03,0.990047,76.2560,217.3642
2,backend,numeric,4,10.0000,1.0e-03,-1,SAM,0.3301,0.017577,2.406334e-03,2.73191392e-03,0.990677,77.6079,218.9248
2,backend,numeric,4,10.0000,1.0e-03,-1,SAM,0.3301,0.017577,2.652948e-03,2.83274947e-03,0.991307,78.9913,220.6084
2,backend,numeric,4,10.0000,1.0e-03,-1,SAM,0.3301,0.017577,2.924837e-03,2.94038218e-03,0.991942,80.3922,222.4231
2,backend,numeric,4,10.0000,1.0e-03,-1,SAM,0.3301,0.017577,3.224591e-03,3.05456051e-03,0.992584,81.7960,224.3777
2,backend,numeric,4,10.0000,1.0e-03,-1,SAM,0.3301,0.017577,3.555064e-03,3.17467477e-03,0.993237,83.1884,226.4829
2,backend,numeric,4,10.0000,1.0e-03,-1,SAM,0.3301,0.017577,3.919407e-03,3.29941246e-03,0.993900,84.5571,228.7528
2,backend,numeric,4,10.0000,1.0e-03,-1,SAM,0.3301,0.017577,4.321089e-03,3.42685914e-03,0.994572,85.8937,231.2060
2,backend,numeric,4,10.0000,1.0e-03,-1,SAM,0.3301,0.017577,4.763938e-03,3.55565740e-03,0.995245,87.1956,233.8614
2,backend,numeric,4,10.0000,1.0e-03,-1,SAM,0.3301,0.017577,5.252173e-03,3.68483595e-03,0.995909,88.4646,236.7387
2,backend,numeric,4,10.0000,1.0e-03,-1,SAM,0.3301,0.017577,5.790444e-03,3.81341033e-03,0.996550,89.7039,239.8599
2,backend,numeric,4,10.0000,1.0e-03,-1,SAM,0.3301,0.017577,6.383880e-03,3.94017626e-03,0.997156,90.9192,243.2484
2,backend,numeric,4,10.0000,1.0e-03,-1,SAM,0.3301,0.017577,7.038136e-03,4.06341120e-03,0.997715,92.1177,246.9316
2,backend,numeric,4,10.0000,1.0e-03,-1,SAM,0.3301,0.017577,7.759442e-03,4.18067418e-03,0.998218,93.3110,250.9401
2,backend,numeric,4,10.0000,1.0e-03,-1,SAM,0.3301,0.017577,8.554673e-03,4.28923459e-03,0.998654,94.5217,255.3077
2,backend,numeric,4,10.0000,1.0e-03,-1,SAM,0.3301,0.017577,9.431402e-03,4.38535467e-03,0.999021,95.7846,260.0744
2,backend,numeric,4,10.0000,1.0e-03,-1,SAM,0.3301,0.017577,1.039798e-02,4.46351134e-03,0.999316,97.1550,265.2898
2,backend,numeric,4,10.0000,1.0e-03,-1,SAM,0.3301,0.017577,1.146363e-02,4.51525018e-03,0.999544,98.7259,271.0196
2,backend,numeric,4,10.0000,1.0e-03,-1,SAM,0.3301,0.017577,1.263848e-02,4.52724075e-03,0.999711,100.6655,277.3569
2,backend,numeric,4,10.0000,1.0e-03,-1,SAM,0.3301,0.017577,1.393374e-02,4.47632053e-03,0.999828,103.3086,284.4453
2,backend,numeric,4,10.0000,1.0e-03,-1,SAM,0.3301,0.017577,1.536175e-02,4.32108803e-03,0.999904,107.4142,292.5357
2,backend,numeric,4,10.0000,1.0e-03,-1,SAM,0.3301,0.017577,1.693611e-02,3.97612584e-03,0.999947,115.0078,302.1722
2,backend,numeric,4,10.0000,1.0e-03,-1,SAM,0.3301,0.017577,1.867181e-02,3.31481427e-03,0.999956,131.1481,314.9529
2,backend,numeric,4,10.0000,1.0e-03,-1,SAM,0.3301,0.017577,2.058540e-02,1.87495966e-03,0.999706,157.0227,335.7491
2,backend,numeric,4,10.0000,1.0e-03,-1,SAM,0.3301,0.017577,2.269511e-02,9.01504327e-04,0.943613,170.4175,17.8456
2,backend,numeric,4,10.0000,1.0e-03,-1,SAM,0.3301,0.017577,2.502102e-02,1.07692052e-03,0.893617,169.0556,8.4451
2,backend,numeric,4,10.0000,1.0e-03,-1,SAM,0.3301,0.017577,2.758532e-02,1.19138426e-03,0.863873,167.9646,334.6470
2,backend,numeric,4,10.0000,1.0e-03,-1,SAM,0.3301,0.017577,3.041241e-02,1.28044021e-03,0.848349,165.4392,289.6338
2,backend,numeric,4,10.0000,1.0e-03,-1,SAM,0.3301,0.017577,3.352924e-02,1.35594895e-03,0.844025,162.8199,243.8692
2,backend,numeric,4,10.0000,1.0e-03,-1,SAM,0.3301,0.017577,3.696550e-02,1.42644707e-03,0.848175,162.5148,193.5152
2,backend,numeric,4,10.0000,1.0e-03,-1,SAM,0.3301,0.017577,4.075393e-02,1.50067829e-03,0.858419,161.5456,135.9245
2,backend,numeric,4,10.0000,1.0e-03,-1,SAM,0.3301,0.017577,4.493062e-02,1.59137350e-03,0.874332,157.6948,82.8162
2,backend,numeric,4,10.0000,1.0e-03,-1,SAM,0.3301,0.017577,4.953535e-02,1.72069156e-03,0.894182,155.0912,37.3799
2,backend,numeric,4,10.0000,1.0e-03,-1,SAM,0.3301,0.017577,5.461201e-02,1.92238906e-03,0.914549,152.7826,354.7423
2,backend,numeric,4,10.0000,1.0e-03,-1,SAM,0.3301,0.017577,6.020894e-02,2.26617024e-03,0.934817,145.2923,319.2637
2,backend,numeric,4,10.0000,1.0e-03,-1,SAM,0.3301,0.017577,6.637949e-02,2.98958103e-03,0.954374,130.5694,299.6186
2,backend,numeric,4,10.0000,1.0e-03,-1,SAM,0.3301,0.017577,7.318242e-02,4.18276829e-03,0.972479,113.2799,312.7692
2,backend,numeric,4,10.0000,1.0e-03,-1,SAM,0.3301,0.017577,8.068256e-02,2.46498693e-03,0.975794,132.5543,5.0025
2,backend,numeric,4,10.0000,1.0e-03,-1,SAM,0.3301,0.017577,8.895135e-02,3.35772038e-03,0.969417,117.4006,68.9733
2,backend,numeric,4,10.0000,1.0e-03,-1,SAM,0.3301,0.017577,9.806757e-02,2.26402483e-03,0.971100,121.3312,148.9160
2,backend,numeric,4,10.0000,1.0e-03,-1,SAM,0.3301,0.017577,1.081181e-01,2.41483804e-03,0.970846,115.9772,245.5448
2,backend,numeric,4,10.0000,1.0e-03,-1,SAM,0.3301,0.017577,1.191986e-01,1.84191333e-03,0.969636,115.7557,0.7076
2,backend,numeric,4,10.0000,1.0e-03,-1,SAM,0.3301,0.017577,1.314147e-01,1.99593078e-03,0.973557,114.2421,129.2688
2,backend,numeric,4,10.0000,1.0e-03,-1,SAM,0.3301,0.017577,1.448828e-01,2.13838548e-03,0.973130,112.5700,282.0356
2,backend,numeric,4,10.0000,1.0e-03,-1,SAM,0.3301,0.017577,1.597312e-01,2.10976506e-03,0.971084,113.0947,82.7846
2,backend,numeric,4,10.0000,1.0e-03,-1,SAM,0.3301,0.017577,1.761014e-01,2.14777065e-03,0.970874,111.7248,274.0608
2,backend,numeric,4,10.0000,1.0e-03,-1,SAM,0.3301,0.017577,1.941492e-01,2.04252330e-03,0.972478,113.6125,109.7634
2,backend,numeric,4,10.0000,1.0e-03,-1,SAM,0.3301,0.017577,2.140467e-01,1.76874886e-03,0.972751,115.7904,340.9400
2,backend,numeric,4,10.0000,1.0e-03,-1,SAM,0.3301,0.017577,2.359833e-01,1.94761315e-03,0.966972,113.2779,233.8404
2,backend,numeric,4,10.0000,1.0e-03,-1,SAM,0.3301,0.017577,2.601682e-01,1.96401332e-03,0.972690,113.9272,136.8014
2,backend,numeric,4,10.0000,1.0e-03,-1,SAM,0.3301,0.017577,2.868317e-01,2.12383061e-03,0.969047,112.0051,78.7138
2,backend,numeric,4,10.0000,1.0e-03,-1,SAM,0.3301,0.017577,3.162278e-01,1.95533700e-03,0.966535,112.3475,54.7328
2,backend,numeric,4,10.0000,1.0e-03,-1,SAM,0.3301,0.017577,3.486365e-01,1.96346607e-03,0.966431,112.3292,59.4433
2,backend,numeric,4,10.0000,1.0e-03,-1,SAM,0.3301,0.017577,3.843667e-01,2.16617234e-03,0.969281,112.2396,95.3035
2,backend,numeric,4,10.0000,1.0e-03,-1,SAM,0.3301,0.017577,4.237587e-01,1.90369515e-03,0.972882,114.5117,174.5420
2,backend,numeric,4,10.0000,1.0e-03,-1,SAM,0.3301,0.017577,4.671878e-01,2.12451441e-03,0.970324,111.4862,298.4348
2,backend,numeric,4,10.0000,1.0e-03,-1,SAM,0.3301,0.017577,5.150678e-01,2.21641055e-03,0.969348,112.2387,108.1606
2,backend,numeric,4,10.0000,1.0e-03,-1,SAM,0.3301,0.017577,5.678548e-01,1.97387126e-03,0.973906,112.6074,329.3507
2,backend,numeric,4,10.0000,1.0e-03,-1,SAM,0.3301,0.017577,6.260517e-01,2.03810736e-03,0.968317,112.3160,258.4361
2,backend,numeric,4,10.0000,1.0e-03,-1,SAM,0.3301,0.017577,6.902129e-01,2.06995123e-03,0.969134,112.1129,258.0075
2,backend,numeric,4,10.0000,1.0e-03,-1,SAM,0.3301,0.017577,7.609497e-01,1.70646135e-03,0.973572,114.9645,342.2157
2,backend,numeric,4,10.0000,1.0e-03,-1,SAM,0.3301,0.017577,8.389360e-01,1.94345152e-03,0.972482,115.6328,143.2000
2,backend,numeric,4,10.0000,1.0e-03,-1,SAM,0.3301,0.017577,9.249147e-01,1.88737683e-03,0.965453,112.6268,30.2681
2,backend,numeric,4,10.0000,1.0e-03,-1,SAM,0.3301,0.017577,1.019705e+00,1.64927463e-03,0.967829,115.6211,357.1166
2,backend,numeric,4,10.0000,1.0e-03,-1,SAM,0.3301,0.017577,1.124210e+00,2.13779160e-03,0.970253,112.2316,70.6643
2,backend,numeric,4,10.0000,1.0e-03,-1,SAM,0.3301,0.017577,1.239425e+00,2.10753485e-03,0.972146,112.0863,294.1392
2,backend,numeric,4,10.0000,1.0e-03,-1,SAM,0.3301,0.017577,1.366448e+00,2.12217351e-03,0.969341,111.5057,287.0104
2,backend,numeric,4,10.0000,1.0e-03,-1,SAM,0.3301,0.017577,1.506489e+00,1.66585331e-03,0.967218,115.6905,43.9803
2,backend,numeric,4,10.0000,1.0e-03,-1,SAM,0.3301,0.017577,1.660883e+00,1.98790008e-03,0.973372,112.3726,312.3885
2,backend,numeric,4,10.0000,1.0e-03,-1,SAM,0.3301,0.017577,1.831099e+00,2.19775371e-03,0.969603,111.7973,84.3940
2,backend,numeric,4,10.0000,1.0e-03,-1,SAM,0.3301,0.017577,2.018760e+00,1.76473026e-03,0.965957,113.8829,12.6725
2,backend,numeric,4,10.0000,1.0e-03,-1,SAM,0.3301,0.017577,2.225654e+00,1.82456665e-03,0.972001,114.6475,160.7137
2,backend,numeric,4,10.0000,1.0e-03,-1,SAM,0.3301,0.017577,2.453751e+00,1.79359513e-03,0.971422,115.2452,200.3871
2,backend,numeric,4,10.0000,1.0e-03,-1,SAM,0.3301,0.017577,2.705225e+00,2.18078955e-03,0.971890,113.2582,125.1109
2,backend,numeric,4,10.0000,1.0e-03,-1,SAM,0.3301,0.017577,2.982471e+00,1.63269512e-03,0.968048,115.8057,356.6800
2,backend,numeric,4,10.0000,1.0e-03,-1,SAM,0.3301,0.017577,3.288131e+00,1.82001621e-03,0.971996,114.6610,172.6407
2,backend,numeric,4,10.0000,1.0e-03,-1,SAM,0.3301,0.017577,3.625117e+00,1.96308140e-03,0.973775,112.5717,322.8628
2,backend,numeric,4,10.0000,1.0e-03,-1,SAM,0.3301,0.017577,3.996639e+00,1.81519502e-03,0.968148,115.0661,176.3233
2,backend,numeric,4,10.0000,1.0e-03,-1,SAM,0.3301,0.017577,4.406236e+00,2.11714876e-03,0.967672,111.8339,83.2595
2,backend,numeric,4,10.0000,1.0e-03,-1,SAM,0.3301,0.017577,4.857812e+00,2.17807293e-03,0.971636,112.8550,98.5643
2,backend,numeric,4,10.0000,1.0e-03,-1,SAM,0.3301,0.017577,5.355667e+00,2.05781917e-03,0.967730,112.0630,269.5191
2,backend,numeric,4,10.0000,1.0e-03,-1,SAM,0.3301,0.017577,5.904545e+00,2.03450535e-03,0.973332,112.5384,279.0023
2,backend,numeric,4,10.0000,1.0e-03,-1,SAM,0.3301,0.017577,6.509675e+00,1.80681475e-03,0.971335,115.4290,200.6643
2,backend,numeric,4,10.0000,1.0e-03,-1,SAM,0.3301,0.017577,7.176822e+00,2.09968214e-03,0.971607,113.0248,92.5875
2,backend,numeric,4,10.0000,1.0e-03,-1,SAM,0.3301,0.017577,7.912343e+00,2.17287491e-03,0.968651,111.4439,65.4823
2,backend,numeric,4,10.0000,1.0e-03,-1,SAM,0.3301,0.017577,8.723243e+00,2.18175294e-03,0.971804,113.1842,121.7704
2,backend,numeric,4,10.0000,1.0e-03,-1,SAM,0.3301,0.017577,9.617249e+00,1.63176082e-03,0.967734,115.8789,38.6138
2,backend,numeric,4,10.0000,1.0e-03,-1,SAM,0.3301,0.017577,1.060288e+01,2.00739453e-03,0.967880,112.5853,255.0680
2,backend,numeric,4,10.0000,1.0e-03,-1,SAM,0.3301,0.017577,1.168952e+01,1.90396805e-03,0.971920,115.8617,174.7568
2,backend,numeric,4,10.0000,1.0e-03,-1,SAM,0.3301,0.017577,1.288752e+01,2.08823154e-03,0.972240,112.3086,266.9391
2,backend,numeric,4,10.0000,1.0e-03,-1,SAM,0.3301,0.017577,1.420831e+01,2.14195896e-03,0.970483,111.7480,274.3184
2,backend,numeric,4,10.0000,1.0e-03,-1,SAM,0.3301,0.017577,1.566445e+01,1.72314243e-03,0.973756,114.8788,353.6850
2,backend,numeric,4,10.0000,1.0e-03,-1,SAM,0.3301,0.017577,1.726983e+01,1.95707800e-03,0.973966,113.8053,324.1683
2,backend,numeric,4,10.0000,1.0e-03,-1,SAM,0.3301,0.017577,1.903974e+01,1.82437367e-03,0.974419,114.7804,311.9175
2,backend,numeric,4,10.0000,1.0e-03,-1,SAM,0.3301,0.017577,2.099104e+01,1.87154558e-03,0.967342,114.4045,187.0432
2,backend,numeric,4,10.0000,1.0e-03,-1,SAM,0.3301,0.017577,2.314231e+01,2.00232053e-03,0.972729,113.8264,113.0743
2,backend,numeric,4,10.0000,1.0e-03,-1,SAM,0.3301,0.017577,2.551407e+01,1.67656268e-03,0.972603,116.2024,15.0526
2,backend,numeric,4,10.0000,1.0e-03,-1,SAM,0.3301,0.017577,2.812889e+01,2.10284581e-03,0.971772,113.0556,89.4980
2,backend,numeric,4,10.0000,1.0e-03,-1,SAM,0.3301,0.017577,3.101169e+01,1.85962397e-03,0.974605,114.2685,306.1885
2,backend,numeric,4,10.0000,1.0e-03,-1,SAM,0.3301,0.017577,3.418994e+01,1.90409767e-03,0.967004,113.7802,218.7145
2,backend,numeric,4,10.0000,1.0e-03,-1,SAM,0.3301,0.017577,3.769391e+01,1.94811929e-03,0.972478,115.6341,166.2267
2,backend,numeric,4,10.0000,1.0e-03,-1,SAM,0.3301,0.017577,4.155699e+01,1.94870215e-03,0.972982,115.0819,174.4690
2,backend,numeric,4,10.0000,1.0e-03,-1,SAM,0.3301,0.017577,4.581598e+01,1.90433192e-03,0.974232,113.1001,305.0843
2,backend,numeric,4,10.0000,1.0e-03,-1,SAM,0.3301,0.017577,5.051145e+01,1.99051382e-03,0.967381,112.7063,261.5015
2,backend,numeric,4,10.0000,1.0e-03,-1,SAM,0.3301,0.017577,5.568814e+01,NaN,NaN,NaN,NaN
2,backend,numeric,4,10.0000,1.0e-03,-1,SAM,0.3301,0.017577,6.139537e+01,NaN,NaN,NaN,NaN
2,backend,numeric,4,10.0000,1.0e-03,-1,SAM,0.3301,0.017577,6.768750e+01,NaN,NaN,NaN,NaN
2,backend,numeric,4,10.0000,1.0e-03,-1,SAM,0.3301,0.017577,7.462449e+01,NaN,NaN,NaN,NaN
2,backend,numeric,4,10.0000,1.0e-03,-1,SAM,0.3301,0.017577,8.227241e+01,NaN,NaN,NaN,NaN
2,backend,numeric,4,10.0000,1.0e-03,-1,SAM,0.3301,0.017577,9.070414e+01,NaN,NaN,NaN,NaN
2,backend,numeric,4,10.0000,1.0e-03,-1,SAM,0.3301,0.017577,1.000000e+02,NaN,NaN,NaN,NaN
3,backend,numeric,8,0.1000,1.0e-03,-1,SAM,0.2442,0.013006,0.000000e+00,2.71921918e-03,0.970806,97.9516,236.7493
3,backend,numeric,8,0.1000,1.0e-03,-1,SAM,0.2442,0.013006,1.000000e-03,2.77959847e-03,0.971913,100.2142,243.7847
3,backend,numeric,8,0.1000,1.0e-03,-1,SAM,0.2442,0.013006,1.102485e-03,2.78481993e-03,0.972006,100.4350,244.5167
3,backend,numeric,8,0.1000,1.0e-03,-1,SAM,0.2442,0.013006,1.215474e-03,2.79035387e-03,0.972104,100.6753,245.3258
3,backend,numeric,8,0.1000,1.0e-03,-1,SAM,0.2442,0.013006,1.340043e-03,2.79618356e-03,0.972206,100.9363,246.2204
3,backend,numeric,8,0.1000,1.0e-03,-1,SAM,0.2442,0.013006,1.477378e-03,2.80227984e-03,0.972313,101.2190,247.2095
3,backend,numeric,8,0.1000,1.0e-03,-1,SAM,0.2442,0.013006,1.628787e-03,2.80860020e-03,0.972423,101.5243,248.3034
3,backend,numeric,8,0.1000,1.0e-03,-1,SAM,0.2442,0.013006,1.795714e-03,2.81508678e-03,0.972536,101.8529,249.5134
3,backend,numeric,8,0.1000,1.0e-03,-1,SAM,0.2442,0.013006,1.979749e-03,2.82165967e-03,0.972650,102.2052,250.8520
3,backend,numeric,8,0.1000,1.0e-03,-1,SAM,0.2442,0.013006,2.182645e-03,2.82821251e-03,0.972763,102.5810,252.3331
3,backend,numeric,8,0.1000,1.0e-03,-1,SAM,0.2442,0.013006,2.406334e-03,2.83461222e-03,0.972873,102.9797,253.9721
3,backend,numeric,8,0.1000,1.0e-03,-1,SAM,0.2442,0.013006,2.652948e-03,2.84068838e-03,0.972977,103.3999,255.7859
3,backend,numeric,8,0.1000,1.0e-03,-1,SAM,0.2442,0.013006,2.924837e-03,2.84625468e-03,0.973069,103.8395,257.7930
3,backend,numeric,8,0.1000,1.0e-03,-1,SAM,0.2442,0.013006,3.224591e-03,2.85112178e-03,0.973147,104.2952,260.0138
3,backend,numeric,8,0.1000,1.0e-03,-1,SAM,0.2442,0.013006,3.555064e-03,2.85509293e-03,0.973204,104.7622,262.4702
3,backend,numeric,8,0.1000,1.0e-03,-1,SAM,0.2442,0.013006,3.919407e-03,2.85798496e-03,0.973232,105.2343,265.1864
3,backend,numeric,8,0.1000,1.0e-03,-1,SAM,0.2442,0.013006,4.321089e-03,2.85963466e-03,0.973223,105.7036,268.1877
3,backend,numeric,8,0.1000,1.0e-03,-1,SAM,0.2442,0.013006,4.763938e-03,2.85994684e-03,0.973167,106.1603,271.5011
3,backend,numeric,8,0.1000,1.0e-03,-1,SAM,0.2442,0.013006,5.252173e-03,2.85898658e-03,0.973051,106.5920,275.1541
3,backend,numeric,8,0.1000,1.0e-03,-1,SAM,0.2442,0.013006,5.790444e-03,2.85710741e-03,0.972861,106.9842,279.1741
3,backend,numeric,8,0.1000,1.0e-03,-1,SAM,0.2442,0.013006,6.383880e-03,2.85506107e-03,0.972585,107.3197,283.5866
3,backend,numeric,8,0.1000,1.0e-03,-1,SAM,0.2442,0.013006,7.038136e-03,2.85413743e-03,0.972208,107.5793,288.4138
3,backend,numeric,8,0.1000,1.0e-03,-1,SAM,0.2442,0.013006,7.759442e-03,2.85631960e-03,0.971718,107.7429,293.6713
3,backend,numeric,8,0.1000,1.0e-03,-1,SAM,0.2442,0.013006,8.554673e-03,2.86440265e-03,0.971107,107.7907,299.3657
3,backend,numeric,8,0.1000,1.0e-03,-1,SAM,0.2442,0.013006,9.431402e-03,2.88208194e-03,0.970373,107.7049,305.4912
3,backend,numeric,8,0.1000,1.0e-03,-1,SAM,0.2442,0.013006,1.039798e-02,2.91413905e-03,0.969531,107.4709,312.0256
3,backend,numeric,8,0.1000,1.0e-03,-1,SAM,0.2442,0.013006,1.146363e-02,2.96600481e-03,0.968613,107.0801,318.9273
3,backend,numeric,8,0.1000,1.0e-03,-1,SAM,0.2442,0.013006,1.263848e-02,3.04333250e-03,0.967673,106.5315,326.1383
3,backend,numeric,8,0.1000,1.0e-03,-1,SAM,0.2442,0.013006,1.393374e-02,3.15080038e-03,0.966786,105.8386,333.5917
3,backend,numeric,8,0.1000,1.0e-03,-1,SAM,0.2442,0.013006,1.536175e-02,3.29059425e-03,0.966029,105.0376,341.2293
3,backend,numeric,8,0.1000,1.0e-03,-1,SAM,0.2442,0.013006,1.693611e-02,3.46191180e-03,0.965465,104.1974,349.0176
3,backend,numeric,8,0.1000,1.0e-03,-1,SAM,0.2442,0.013006,1.867181e-02,3.66120862e-03,0.965120,103.4219,356.9677
3,backend,numeric,8,0.1000,1.0e-03,-1,SAM,0.2442,0.013006,2.058540e-02,3.88452628e-03,0.964975,102.8294,5.1359
3,backend,numeric,8,0.1000,1.0e-03,-1,SAM,0.2442,0.013006,2.269511e-02,4.12956792e-03,0.964972,102.5086,13.6058
3,backend,numeric,8,0.1000,1.0e-03,-1,SAM,0.2442,0.013006,2.502102e-02,4.39675460e-03,0.965032,102.4681,22.4598
3,backend,numeric,8,0.1000,1.0e-03,-1,SAM,0.2442,0.013006,2.758532e-02,4.68932441e-03,0.965082,102.6138,31.7545
3,backend,numeric,8,0.1000,1.0e-03,-1,SAM,0.2442,0.013006,3.041241e-02,5.01227259e-03,0.965087,102.7769,41.5054
3,backend,numeric,8,0.1000,1.0e-03,-1,SAM,0.2442,0.013006,3.352924e-02,5.36985943e-03,0.965071,102.7853,51.6887
3,backend,numeric,8,0.1000,1.0e-03,-1,SAM,0.2442,0.013006,3.696550e-02,5.76237982e-03,0.965109,102.5472,62.2660
3,backend,numeric,8,0.1000,1.0e-03,-1,SAM,0.2442,0.013006,4.075393e-02,6.18395650e-03,0.965290,102.1064,73.2251
3,backend,numeric,8,0.1000,1.0e-03,-1,SAM,0.2442,0.013006,4.493062e-02,6.62452065e-03,0.965671,101.6366,84.6148
3,backend,numeric,8,0.1000,1.0e-03,-1,SAM,0.2442,0.013006,4.953535e-02,7.07548272e-03,0.966247,101.3744,96.5473
3,backend,numeric,8,0.1000,1.0e-03,-1,SAM,0.2442,0.013006,5.461201e-02,7.53343404e-03,0.966925,101.5242,109.1674
3,backend,numeric,8,0.1000,1.0e-03,-1,SAM,0.2442,0.013006,6.020894e-02,7.99816915e-03,0.967529,102.1790,122.6097
3,backend,numeric,8,0.1000,1.0e-03,-1,SAM,0.2442,0.013006,6.637949e-02,8.47500114e-03,0.967826,103.2648,136.9590
3,backend,numeric,8,0.1000,1.0e-03,-1,SAM,0.2442,0.013006,7.318242e-02,8.98986153e-03,0.967597,104.5028,152.2038
3,backend,numeric,8,0.1000,1.0e-03,-1,SAM,0.2442,0.013006,8.068256e-02,9.61259578e-03,0.966782,105.3867,168.1567
3,backend,numeric,8,0.1000,1.0e-03,-1,SAM,0.2442,0.013006,8.895135e-02,1.04438364e-02,0.965704,105.3135,184.3810
3,backend,numeric,8,0.1000,1.0e-03,-1,SAM,0.2442,0.013006,9.806757e-02,1.15086220e-02,0.965017,103.9975,200.3484
3,backend,numeric,8,0.1000,1.0e-03,-1,SAM,0.2442,0.013006,1.081181e-01,1.26689785e-02,0.965252,101.8874,215.8955
3,backend,numeric,8,0.1000,1.0e-03,-1,SAM,0.2442,0.013006,1.191986e-01,1.37542267e-02,0.966579,99.9805,231.4041
3,backend,numeric,8,0.1000,1.0e-03,-1,SAM,0.2442,0.013006,1.314147e-01,1.47257069e-02,0.968914,99.0723,247.4572
3,backend,numeric,8,0.1000,1.0e-03,-1,SAM,0.2442,0.013006,1.448828e-01,1.55888489e-02,0.972021,99.3751,264.5078
3,backend,numeric,8,0.1000,1.0e-03,-1,SAM,0.2442,0.013006,1.597312e-01,1.62303195e-02,0.975710,100.8596,282.8637
3,backend,numeric,8,0.1000,1.0e-03,-1,SAM,0.2442,0.013006,1.761014e-01,1.62551919e-02,0.979841,104.0007,303.0668
3,backend,numeric,8,0.1000,1.0e-03,-1,SAM,0.2442,0.013006,1.941492e-01,1.45752124e-02,0.983054,111.2279,327.1039
3,backend,numeric,8,0.1000,1.0e-03,-1,SAM,0.2442,0.013006,2.140467e-01,1.05959428e-02,0.972886,123.1045,1.2245
3,backend,numeric,8,0.1000,1.0e-03,-1,SAM,0.2442,0.013006,2.359833e-01,1.46100914e-02,0.956175,112.7057,16.0035
3,backend,numeric,8,0.1000,1.0e-03,-1,SAM,0.2442,0.013006,2.601682e-01,1.72930762e-02,0.947875,107.2868,0.2514
3,backend,numeric,8,0.1000,1.0e-03,-1,SAM,0.2442,0.013006,2.868317e-01,1.89270308e-02,0.944629,99.3625,342.5838
3,backend,numeric,8,0.1000,1.0e-03,-1,SAM,0.2442,0.013006,3.162278e-01,1.93199907e-02,0.947187,86.4883,324.7208
3,backend,numeric,8,0.1000,1.0e-03,-1,SAM,0.2442,0.013006,3.486365e-01,1.64925511e-02,0.959278,65.3674,302.7405
3,backend,numeric,8,0.1000,1.0e-03,-1,SAM,0.2442,0.013006,3.843667e-01,2.72932029e-02,0.990980,65.1618,325.7953
3,backend,numeric,8,0.1000,1.0e-03,-1,SAM,0.2442,0.013006,4.237587e-01,4.74402519e-02,0.994542,76.4188,349.6605
3,backend,numeric,8,0.1000,1.0e-03,-1,SAM,0.2442,0.013006,4.671878e-01,6.55383003e-02,0.995927,84.3696,7.5914
3,backend,numeric,8,0.1000,1.0e-03,-1,SAM,0.2442,0.013006,5.150678e-01,7.70748326e-02,0.997283,94.4843,22.3264
3,backend,numeric,8,0.1000,1.0e-03,-1,SAM,0.2442,0.013006,5.678548e-01,7.34316330e-02,0.998521,114.9029,35.2795
3,backend,numeric,8,0.1000,1.0e-03,-1,SAM,0.2442,0.013006,6.260517e-01,4.10413063e-02,0.988660,160.9139,44.1506
3,backend,numeric,8,0.1000,1.0e-03,-1,SAM,0.2442,0.013006,6.902129e-01,4.68590105e-02,0.942633,164.0663,323.0974
3,backend,numeric,8,0.1000,1.0e-03,-1,SAM,0.2442,0.013006,7.609497e-01,5.33164324e-02,0.924597,135.8458,285.3527
3,backend,numeric,8,0.1000,1.0e-03,-1,SAM,0.2442,0.013006,8.389360e-01,5.76753188e-02,0.928234,102.3386,267.3970
3,backend,numeric,8,0.1000,1.0e-03,-1,SAM,0.2442,0.013006,9.249147e-01,5.48467284e-02,0.946816,67.6262,245.0829
3,backend,numeric,8,0.1000,1.0e-03,-1,SAM,0.2442,0.013006,1.019705e+00,5.93348894e-02,0.989689,46.6518,220.3466
3,backend,numeric,8,0.1000,1.0e-03,-1,SAM,0.2442,0.013006,1.124210e+00,1.23468712e-01,0.998248,58.5998,219.0922
3,backend,numeric,8,0.1000,1.0e-03,-1,SAM,0.2442,0.013006,1.239425e+00,1.95630467e-01,0.999294,57.9073,212.2348
3,backend,numeric,8,0.1000,1.0e-03,-1,SAM,0.2442,0.013006,1.366448e+00,2.75871534e-01,0.999701,57.3324,196.0851
3,backend,numeric,8,0.1000,1.0e-03,-1,SAM,0.2442,0.013006,1.506489e+00,3.64940091e-01,0.999844,65.4235,176.6062
3,backend,numeric,8,0.1000,1.0e-03,-1,SAM,0.2442,0.013006,1.660883e+00,4.49468041e-01,0.999898,80.6310,166.8911
3,backend,numeric,8,0.1000,1.0e-03,-1,SAM,0.2442,0.013006,1.831099e+00,4.95187403e-01,0.999942,95.3220,172.6949
3,backend,numeric,8,0.1000,1.0e-03,-1,SAM,0.2442,0.013006,2.018760e+00,5.03267922e-01,0.999972,97.8297,191.1683
3,backend,numeric,8,0.1000,1.0e-03,-1,SAM,0.2442,0.013006,2.225654e+00,5.53627413e-01,0.999986,79.2970,200.1154
3,backend,numeric,8,0.1000,1.0e-03,-1,SAM,0.2442,0.013006,2.453751e+00,6.82864978e-01,0.999992,68.7141,181.2934
3,backend,numeric,8,0.1000,1.0e-03,-1,SAM,0.2442,0.013006,2.705225e+00,8.07419877e-01,0.999996,87.0423,166.0509
3,backend,numeric,8,0.1000,1.0e-03,-1,SAM,0.2442,0.013006,2.982471e+00,8.28038949e-01,0.999998,101.6936,185.8123
3,backend,numeric,8,0.1000,1.0e-03,-1,SAM,0.2442,0.013006,3.288131e+00,8.91622248e-01,0.999999,76.5033,196.5013
3,backend,numeric,8,0.1000,1.0e-03,-1,SAM,0.2442,0.013006,3.625117e+00,NaN,NaN,NaN,NaN
3,backend,numeric,8,0.1000,1.0e-03,-1,SAM,0.2442,0.013006,3.996639e+00,NaN,NaN,NaN,NaN
3,backend,numeric,8,0.1000,1.0e-03,-1,SAM,0.2442,0.013006,4.406236e+00,NaN,NaN,NaN,NaN
3,backend,numeric,8,0.1000,1.0e-03,-1,SAM,0.2442,0.013006,4.857812e+00,NaN,NaN,NaN,NaN
3,backend,numeric,8,0.1000,1.0e-03,-1,SAM,0.2442,0.013006,5.355667e+00,NaN,NaN,NaN,NaN
3,backend,numeric,8,0.1000,1.0e-03,-1,SAM,0.2442,0.013006,5.904545e+00,NaN,NaN,NaN,NaN
3,backend,numeric,8,0.1000,1.0e-03,-1,SAM,0.2442,0.013006,6.509675e+00,NaN,NaN,NaN,NaN
3,backend,numeric,8,0.1000,1.0e-03,-1,SAM,0.2442,0.013006,7.176822e+00,NaN,NaN,NaN,NaN
3,backend,numeric,8,0.1000,1.0e-03,-1,SAM,0.2442,0.013006,7.912343e+00,NaN,NaN,NaN,NaN
3,backend,numeric,8,0.1000,1.0e-03,-1,SAM,0.2442,0.013006,8.723243e+00,NaN,NaN,NaN,NaN
3,backend,numeric,8,0.1000,1.0e-03,-1,SAM,0.2442,0.013006,9.617249e+00,NaN,NaN,NaN,NaN
3,backend,numeric,8,0.1000,1.0e-03,-1,SAM,0.2442,0.013006,1.060288e+01,NaN,NaN,NaN,NaN
3,backend,numeric,8,0.1000,1.0e-03,-1,SAM,0.2442,0.013006,1.168952e+01,NaN,NaN,NaN,NaN
3,backend,numeric,8,0.1000,1.0e-03,-1,SAM,0.2442,0.013006,1.288752e+01,NaN,NaN,NaN,NaN
3,backend,numeric,8,0.1000,1.0e-03,-1,SAM,0.2442,0.013006,1.420831e+01,NaN,NaN,NaN,NaN
3,backend,numeric,8,0.1000,1.0e-03,-1,SAM,0.2442,0.013006,1.566445e+01,NaN,NaN,NaN,NaN
3,backend,numeric,8,0.1000,1.0e-03,-1,SAM,0.2442,0.013006,1.726983e+01,NaN,NaN,NaN,NaN
3,backend,numeric,8,0.1000,1.0e-03,-1,SAM,0.2442,0.013006,1.903974e+01,NaN,NaN,NaN,NaN
3,backend,numeric,8,0.1000,1.0e-03,-1,SAM,0.2442,0.013006,2.099104e+01,NaN,NaN,NaN,NaN
3,backend,numeric,8,0.1000,1.0e-03,-1,SAM,0.2442,0.013006,2.314231e+01,NaN,NaN,NaN,NaN
3,backend,numeric,8,0.1000,1.0e-03,-1,SAM,0.2442,0.013006,2.551407e+01,NaN,NaN,NaN,NaN
3,backend,numeric,8,0.1000,1.0e-03,-1,SAM,0.2442,0.013006,2.812889e+01,NaN,NaN,NaN,NaN
3,backend,numeric,8,0.1000,1.0e-03,-1,SAM,0.2442,0.013006,3.101169e+01,NaN,NaN,NaN,NaN
3,backend,numeric,8,0.1000,1.0e-03,-1,SAM,0.2442,0.013006,3.418994e+01,NaN,NaN,NaN,NaN
3,backend,numeric,8,0.1000,1.0e-03,-1,SAM,0.2442,0.013006,3.769391e+01,NaN,NaN,NaN,NaN
3,backend,numeric,8,0.1000,1.0e-03,-1,SAM,0.2442,0.013006,4.155699e+01,NaN,NaN,NaN,NaN
3,backend,numeric,8,0.1000,1.0e-03,-1,SAM,0.2442,0.013006,4.581598e+01,NaN,NaN,NaN,NaN
3,backend,numeric,8,0.1000,1.0e-03,-1,SAM,0.2442,0.013006,5.051145e+01,NaN,NaN,NaN,NaN
3,backend,numeric,8,0.1000,1.0e-03,-1,SAM,0.2442,0.013006,5.568814e+01,NaN,NaN,NaN,NaN
3,backend,numeric,8,0.1000,1.0e-03,-1,SAM,0.2442,0.013006,6.139537e+01,NaN,NaN,NaN,NaN
3,backend,numeric,8,0.1000,1.0e-03,-1,SAM,0.2442,0.013006,6.768750e+01,NaN,NaN,NaN,NaN
3,backend,numeric,8,0.1000,1.0e-03,-1,SAM,0.2442,0.013006,7.462449e+01,NaN,NaN,NaN,NaN
3,backend,numeric,8,0.1000,1.0e-03,-1,SAM,0.2442,0.013006,8.227241e+01,NaN,NaN,NaN,NaN
3,backend,numeric,8,0.1000,1.0e-03,-1,SAM,0.2442,0.013006,9.070414e+01,NaN,NaN,NaN,NaN
3,backend,numeric,8,0.1000,1.0e-03,-1,SAM,0.2442,0.013006,1.000000e+02,NaN,NaN,NaN,NaN
4,backend,numeric,11,1.8000,1.0e-03,-1,SAM,0.2607,0.013882,0.000000e+00,1.08478174e-03,0.971442,44.4008,149.1993
4,backend,numeric,11,1.8000,1.0e-03,-1,SAM,0.2607,0.013882,1.000000e-03,1.54225382e-03,0.989941,55.0944,161.2306
4,backend,numeric,11,1.8000,1.0e-03,-1,SAM,0.2607,0.013882,1.102485e-03,1.60111045e-03,0.990669,56.5562,162.3983
4,backend,numeric,11,1.8000,1.0e-03,-1,SAM,0.2607,0.013882,1.215474e-03,1.66617508e-03,0.991333,58.1403,163.6525
4,backend,numeric,11,1.8000,1.0e-03,-1,SAM,0.2607,0.013882,1.340043e-03,1.73783138e-03,0.991928,59.8383,164.9956
4,backend,numeric,11,1.8000,1.0e-03,-1,SAM,0.2607,0.013882,1.477378e-03,1.81651182e-03,0.992453,61.6374,166.4303
4,backend,numeric,11,1.8000,1.0e-03,-1,SAM,0.2607,0.013882,1.628787e-03,1.90264220e-03,0.992909,63.5201,167.9587
4,backend,numeric,11,1.8000,1.0e-03,-1,SAM,0.2607,0.013882,1.795714e-03,1.99657899e-03,0.993301,65.4646,169.5827
4,backend,numeric,11,1.8000,1.0e-03,-1,SAM,0.2607,0.013882,1.979749e-03,2.09861415e-03,0.993634,67.4481,171.3036
4,backend,numeric,11,1.8000,1.0e-03,-1,SAM,0.2607,0.013882,2.182645e-03,2.20894832e-03,0.993919,69.4485,173.1233
4,backend,numeric,11,1.8000,1.0e-03,-1,SAM,0.2607,0.013882,2.406334e-03,2.32768529e-03,0.994165,71.4458,175.0440
4,backend,numeric,11,1.8000,1.0e-03,-1,SAM,0.2607,0.013882,2.652948e-03,2.45477817e-03,0.994383,73.4237,177.0682
4,backend,numeric,11,1.8000,1.0e-03,-1,SAM,0.2607,0.013882,2.924837e-03,2.59002867e-03,0.994583,75.3699,179.2001
4,backend,numeric,11,1.8000,1.0e-03,-1,SAM,0.2607,0.013882,3.224591e-03,2.73299772e-03,0.994775,77.2758,181.4457
4,backend,numeric,11,1.8000,1.0e-03,-1,SAM,0.2607,0.013882,3.555064e-03,2.88284234e-03,0.994968,79.1368,183.8121
4,backend,numeric,11,1.8000,1.0e-03,-1,SAM,0.2607,0.013882,3.919407e-03,3.03811392e-03,0.995173,80.9525,186.3098
4,backend,numeric,11,1.8000,1.0e-03,-1,SAM,0.2607,0.013882,4.321089e-03,3.19668290e-03,0.995395,82.7271,188.9544
4,backend,numeric,11,1.8000,1.0e-03,-1,SAM,0.2607,0.013882,4.763938e-03,3.35618700e-03,0.995641,84.4713,191.7655
4,backend,numeric,11,1.8000,1.0e-03,-1,SAM,0.2607,0.013882,5.252173e-03,3.51433442e-03,0.995913,86.2017,194.7641
4,backend,numeric,11,1.8000,1.0e-03,-1,SAM,0.2607,0.013882,5.790444e-03,3.66851621e-03,0.996211,87.9395,197.9757
4,backend,numeric,11,1.8000,1.0e-03,-1,SAM,0.2607,0.013882,6.383880e-03,3.81557150e-03,0.996536,89.7105,201.4322
4,backend,numeric,11,1.8000,1.0e-03,-1,SAM,0.2607,0.013882,7.038136e-03,3.95138947e-03,0.996884,91.5473,205.1739
4,backend,numeric,11,1.8000,1.0e-03,-1,SAM,0.2607,0.013882,7.759442e-03,4.07022830e-03,0.997253,93.4937,209.2529
4,backend,numeric,11,1.8000,1.0e-03,-1,SAM,0.2607,0.013882,8.554673e-03,4.16413460e-03,0.997635,95.6156,213.7363
4,backend,numeric,11,1.8000,1.0e-03,-1,SAM,0.2607,0.013882,9.431402e-03,4.22259057e-03,0.998020,98.0256,218.7130
4,backend,numeric,11,1.8000,1.0e-03,-1,SAM,0.2607,0.013882,1.039798e-02,4.23016734e-03,0.998394,100.9213,224.3114
4,backend,numeric,11,1.8000,1.0e-03,-1,SAM,0.2607,0.013882,1.146363e-02,4.16272691e-03,0.998742,104.6873,230.7341
4,backend,numeric,11,1.8000,1.0e-03,-1,SAM,0.2607,0.013882,1.263848e-02,3.97934834e-03,0.999040,110.1728,238.3411
4,backend,numeric,11,1.8000,1.0e-03,-1,SAM,0.2607,0.013882,1.393374e-02,3.62147965e-03,0.999215,119.3628,247.8966
4,backend,numeric,11,1.8000,1.0e-03,-1,SAM,0.2607,0.013882,1.536175e-02,3.00087222e-03,0.998887,135.1285,261.1774
4,backend,numeric,11,1.8000,1.0e-03,-1,SAM,0.2607,0.013882,1.693611e-02,1.90603270e-03,0.992747,154.9189,282.2037
4,backend,numeric,11,1.8000,1.0e-03,-1,SAM,0.2607,0.013882,1.867181e-02,1.81839191e-03,0.957753,156.1525,304.7046
4,backend,numeric,11,1.8000,1.0e-03,-1,SAM,0.2607,0.013882,2.058540e-02,2.09631336e-03,0.937327,150.7296,299.6984
4,backend,numeric,11,1.8000,1.0e-03,-1,SAM,0.2607,0.013882,2.269511e-02,2.29345991e-03,0.921366,146.4325,289.5371
4,backend,numeric,11,1.8000,1.0e-03,-1,SAM,0.2607,0.013882,2.502102e-02,2.46352517e-03,0.909511,142.3586,276.3129
4,backend,numeric,11,1.8000,1.0e-03,-1,SAM,0.2607,0.013882,2.758532e-02,2.62077099e-03,0.901366,138.6341,260.9796
4,backend,numeric,11,1.8000,1.0e-03,-1,SAM,0.2607,0.013882,3.041241e-02,2.77257024e-03,0.896483,135.6906,243.9910
4,backend,numeric,11,1.8000,1.0e-03,-1,SAM,0.2607,0.013882,3.352924e-02,2.92472455e-03,0.894240,133.9127,225.4322
4,backend,numeric,11,1.8000,1.0e-03,-1,SAM,0.2607,0.013882,3.696550e-02,3.08320612e-03,0.893950,133.2608,205.1068
4,backend,numeric,11,1.8000,1.0e-03,-1,SAM,0.2607,0.013882,4.075393e-02,3.25367890e-03,0.895112,133.0493,182.8168
4,backend,numeric,11,1.8000,1.0e-03,-1,SAM,0.2607,0.013882,4.493062e-02,3.44083557e-03,0.897665,132.1420,158.9267
4,backend,numeric,11,1.8000,1.0e-03,-1,SAM,0.2607,0.013882,4.953535e-02,3.64858270e-03,0.901977,129.7045,134.7696
4,backend,numeric,11,1.8000,1.0e-03,-1,SAM,0.2607,0.013882,5.461201e-02,3.88266909e-03,0.908401,125.9601,112.0423
4,backend,numeric,11,1.8000,1.0e-03,-1,SAM,0.2607,0.013882,6.020894e-02,4.15369752e-03,0.916674,122.0212,91.6651
4,backend,numeric,11,1.8000,1.0e-03,-1,SAM,0.2607,0.013882,6.637949e-02,4.48193822e-03,0.925801,118.9279,73.6559
4,backend,numeric,11,1.8000,1.0e-03,-1,SAM,0.2607,0.013882,7.318242e-02,4.90121164e-03,0.934618,116.9584,57.7163
4,backend,numeric,11,1.8000,1.0e-03,-1,SAM,0.2607,0.013882,8.068256e-02,5.45969690e-03,0.942398,115.6217,43.5970
4,backend,numeric,11,1.8000,1.0e-03,-1,SAM,0.2607,0.013882,8.895135e-02,6.21701309e-03,0.949038,114.0224,31.2044
4,backend,numeric,11,1.8000,1.0e-03,-1,SAM,0.2607,0.013882,9.806757e-02,7.24566719e-03,0.954819,111.1514,20.6736
4,backend,numeric,11,1.8000,1.0e-03,-1,SAM,0.2607,0.013882,1.081181e-01,8.64719790e-03,0.959930,105.4748,12.4949
4,backend,numeric,11,1.8000,1.0e-03,-1,SAM,0.2607,0.013882,1.191986e-01,1.00436672e-02,0.969453,101.4498,21.4634
4,backend,numeric,11,1.8000,1.0e-03,-1,SAM,0.2607,0.013882,1.314147e-01,9.43753731e-03,0.979099,114.5223,46.4452
4,backend,numeric,11,1.8000,1.0e-03,-1,SAM,0.2607,0.013882,1.448828e-01,7.04428063e-03,0.969251,125.8788,89.7881
4,backend,numeric,11,1.8000,1.0e-03,-1,SAM,0.2607,0.013882,1.597312e-01,9.28687803e-03,0.965066,112.6157,131.0359
4,backend,numeric,11,1.8000,1.0e-03,-1,SAM,0.2607,0.013882,1.761014e-01,9.88240706e-03,0.972776,112.2664,168.7063
4,backend,numeric,11,1.8000,1.0e-03,-1,SAM,0.2607,0.013882,1.941492e-01,7.91703504e-03,0.972126,120.5160,221.1035
4,backend,numeric,11,1.8000,1.0e-03,-1,SAM,0.2607,0.013882,2.140467e-01,8.43612565e-03,0.968699,110.7730,279.7997
4,backend,numeric,11,1.8000,1.0e-03,-1,SAM,0.2607,0.013882,2.359833e-01,7.03359923e-03,0.979350,115.9325,336.9787
4,backend,numeric,11,1.8000,1.0e-03,-1,SAM,0.2607,0.013882,2.601682e-01,7.76119134e-03,0.964332,111.5334,53.3195
4,backend,numeric,11,1.8000,1.0e-03,-1,SAM,0.2607,0.013882,2.868317e-01,8.65632981e-03,0.971214,115.6209,119.7395
4,backend,numeric,11,1.8000,1.0e-03,-1,SAM,0.2607,0.013882,3.162278e-01,7.68484881e-03,0.970769,114.9618,208.5241
4,backend,numeric,11,1.8000,1.0e-03,-1,SAM,0.2607,0.013882,3.486365e-01,7.38667384e-03,0.972139,111.4194,308.1495
4,backend,numeric,11,1.8000,1.0e-03,-1,SAM,0.2607,0.013882,3.843667e-01,6.75727738e-03,0.964710,113.4014,62.3384
4,backend,numeric,11,1.8000,1.0e-03,-1,SAM,0.2607,0.013882,4.237587e-01,8.25523510e-03,0.972198,113.9789,167.7292
4,backend,numeric,11,1.8000,1.0e-03,-1,SAM,0.2607,0.013882,4.671878e-01,7.38854853e-03,0.970402,110.0825,303.1651
4,backend,numeric,11,1.8000,1.0e-03,-1,SAM,0.2607,0.013882,5.150678e-01,8.26305842e-03,0.966069,111.8070,93.9407
4,backend,numeric,11,1.8000,1.0e-03,-1,SAM,0.2607,0.013882,5.678548e-01,7.09213001e-03,0.970384,116.0186,238.8190
4,backend,numeric,11,1.8000,1.0e-03,-1,SAM,0.2607,0.013882,6.260517e-01,7.02578195e-03,0.963495,113.0172,74.2313
4,backend,numeric,11,1.8000,1.0e-03,-1,SAM,0.2607,0.013882,6.902129e-01,7.46273884e-03,0.969610,114.0203,247.0769
4,backend,numeric,11,1.8000,1.0e-03,-1,SAM,0.2607,0.013882,7.609497e-01,8.70114807e-03,0.969907,113.0401,115.6826
4,backend,numeric,11,1.8000,1.0e-03,-1,SAM,0.2607,0.013882,8.389360e-01,5.17719587e-03,0.974051,119.7189,351.1712
4,backend,numeric,11,1.8000,1.0e-03,-1,SAM,0.2607,0.013882,9.249147e-01,8.25390032e-03,0.970192,112.3977,237.9856
4,backend,numeric,11,1.8000,1.0e-03,-1,SAM,0.2607,0.013882,1.019705e+00,7.54408469e-03,0.969245,115.8150,165.7062
4,backend,numeric,11,1.8000,1.0e-03,-1,SAM,0.2607,0.013882,1.124210e+00,7.73671390e-03,0.971004,114.8203,116.5564
4,backend,numeric,11,1.8000,1.0e-03,-1,SAM,0.2607,0.013882,1.239425e+00,7.94937019e-03,0.970250,113.9616,108.1487
4,backend,numeric,11,1.8000,1.0e-03,-1,SAM,0.2607,0.013882,1.366448e+00,8.27166952e-03,0.970714,113.9534,139.0165
4,backend,numeric,11,1.8000,1.0e-03,-1,SAM,0.2607,0.013882,1.506489e+00,7.65895994e-03,0.972869,115.2240,200.5974
4,backend,numeric,11,1.8000,1.0e-03,-1,SAM,0.2607,0.013882,1.660883e+00,7.20593716e-03,0.973148,110.4816,304.6378
4,backend,numeric,11,1.8000,1.0e-03,-1,SAM,0.2607,0.013882,1.831099e+00,8.52357966e-03,0.970720,113.8123,114.0485
4,backend,numeric,11,1.8000,1.0e-03,-1,SAM,0.2607,0.013882,2.018760e+00,6.82433559e-03,0.978088,113.9562,303.5516
4,backend,numeric,11,1.8000,1.0e-03,-1,SAM,0.2607,0.013882,2.225654e+00,7.31078327e-03,0.969329,114.9536,216.4577
4,backend,numeric,11,1.8000,1.0e-03,-1,SAM,0.2607,0.013882,2.453751e+00,7.81765891e-03,0.972804,114.5103,188.8791
4,backend,numeric,11,1.8000,1.0e-03,-1,SAM,0.2607,0.013882,2.705225e+00,7.52139148e-03,0.969874,115.3155,226.0980
4,backend,numeric,11,1.8000,1.0e-03,-1,SAM,0.2607,0.013882,2.982471e+00,4.99015588e-03,0.969056,120.1428,354.4217
4,backend,numeric,11,1.8000,1.0e-03,-1,SAM,0.2607,0.013882,3.288131e+00,7.32520685e-03,0.971239,114.7529,192.6965
4,backend,numeric,11,1.8000,1.0e-03,-1,SAM,0.2607,0.013882,3.625117e+00,8.95393609e-03,0.970594,113.8275,137.5353
4,backend,numeric,11,1.8000,1.0e-03,-1,SAM,0.2607,0.013882,3.996639e+00,7.64923827e-03,0.968735,115.7301,175.8916
4,backend,numeric,11,1.8000,1.0e-03,-1,SAM,0.2607,0.013882,4.406236e+00,6.63392258e-03,0.976082,112.8608,344.4038
4,backend,numeric,11,1.8000,1.0e-03,-1,SAM,0.2607,0.013882,4.857812e+00,7.93973528e-03,0.972190,111.3223,260.8021
4,backend,numeric,11,1.8000,1.0e-03,-1,SAM,0.2607,0.013882,5.355667e+00,6.73538818e-03,0.975595,112.5425,336.3686
4,backend,numeric,11,1.8000,1.0e-03,-1,SAM,0.2607,0.013882,5.904545e+00,7.87226764e-03,0.968582,115.4081,192.7185
4,backend,numeric,11,1.8000,1.0e-03,-1,SAM,0.2607,0.013882,6.509675e+00,7.15993223e-03,0.971904,116.1853,222.5451
4,backend,numeric,11,1.8000,1.0e-03,-1,SAM,0.2607,0.013882,7.176822e+00,7.88237290e-03,0.969184,112.2625,75.5573
4,backend,numeric,11,1.8000,1.0e-03,-1,SAM,0.2607,0.013882,7.912343e+00,7.78010010e-03,0.970406,116.3069,151.6369
4,backend,numeric,11,1.8000,1.0e-03,-1,SAM,0.2607,0.013882,8.723243e+00,8.42408077e-03,0.967053,111.3856,95.9693
4,backend,numeric,11,1.8000,1.0e-03,-1,SAM,0.2607,0.013882,9.617249e+00,7.23914383e-03,0.969318,113.5602,263.9922
4,backend,numeric,11,1.8000,1.0e-03,-1,SAM,0.2607,0.013882,1.060288e+01,5.31825778e-03,0.974072,119.0277,18.4841
4,backend,numeric,11,1.8000,1.0e-03,-1,SAM,0.2607,0.013882,1.168952e+01,7.41069231e-03,0.964107,111.9078,76.3675
4,backend,numeric,11,1.8000,1.0e-03,-1,SAM,0.2607,0.013882,1.288752e+01,8.44925585e-03,0.970102,112.8933,94.6979
4,backend,numeric,11,1.8000,1.0e-03,-1,SAM,0.2607,0.013882,1.420831e+01,7.84338895e-03,0.970618,114.3280,114.7365
4,backend,numeric,11,1.8000,1.0e-03,-1,SAM,0.2607,0.013882,1.566445e+01,7.66269889e-03,0.971375,116.1230,205.2407
4,backend,numeric,11,1.8000,1.0e-03,-1,SAM,0.2607,0.013882,1.726983e+01,5.93133032e-03,0.965126,114.4683,34.5493
4,backend,numeric,11,1.8000,1.0e-03,-1,SAM,0.2607,0.013882,1.903974e+01,5.21551033e-03,0.973021,120.0873,341.6618
4,backend,numeric,11,1.8000,1.0e-03,-1,SAM,0.2607,0.013882,2.099104e+01,7.78544466e-03,0.971089,115.7045,128.3212
4,backend,numeric,11,1.8000,1.0e-03,-1,SAM,0.2607,0.013882,2.314231e+01,7.45264429e-03,0.970418,114.9864,152.0416
4,backend,numeric,11,1.8000,1.0e-03,-1,SAM,0.2607,0.013882,2.551407e+01,8.84109083e-03,0.970585,114.0308,140.5163
4,backend,numeric,11,1.8000,1.0e-03,-1,SAM,0.2607,0.013882,2.812889e+01,7.68195495e-03,0.970953,114.8926,122.2229
4,backend,numeric,11,1.8000,1.0e-03,-1,SAM,0.2607,0.013882,3.101169e+01,8.07451558e-03,0.968336,114.2578,210.4278
4,backend,numeric,11,1.8000,1.0e-03,-1,SAM,0.2607,0.013882,3.418994e+01,7.87309575e-03,0.970563,114.1681,105.5066
4,backend,numeric,11,1.8000,1.0e-03,-1,SAM,0.2607,0.013882,3.769391e+01,7.46809203e-03,0.970649,111.8258,272.7128
4,backend,numeric,11,1.8000,1.0e-03,-1,SAM,0.2607,0.013882,4.155699e+01,8.46760239e-03,0.966492,111.8352,99.8195
4,backend,numeric,11,1.8000,1.0e-03,-1,SAM,0.2607,0.013882,4.581598e+01,5.93282855e-03,0.963402,115.1594,38.8536
4,backend,numeric,11,1.8000,1.0e-03,-1,SAM,0.2607,0.013882,5.051145e+01,8.01182328e-03,0.972791,114.7088,186.9645
4,backend,numeric,11,1.8000,1.0e-03,-1,SAM,0.2607,0.013882,5.568814e+01,5.01921519e-03,0.969297,119.7971,27.3136
4,backend,numeric,11,1.8000,1.0e-03,-1,SAM,0.2607,0.013882,6.139537e+01,5.41469497e-03,0.972273,118.6284,18.4373
4,backend,numeric,11,1.8000,1.0e-03,-1,SAM,0.2607,0.013882,6.768750e+01,6.69866351e-03,0.976173,111.8790,326.3461
4,backend,numeric,11,1.8000,1.0e-03,-1,SAM,0.2607,0.013882,7.462449e+01,8.29210533e-03,0.965856,111.5030,95.2747
4,backend,numeric,11,1.8000,1.0e-03,-1,SAM,0.2607,0.013882,8.227241e+01,7.37779133e-03,0.971141,114.6054,185.7488
4,backend,numeric,11,1.8000,1.0e-03,-1,SAM,0.2607,0.013882,9.070414e+01,8.63892175e-03,0.971586,114.7201,148.6709
4,backend,numeric,11,1.8000,1.0e-03,-1,SAM,0.2607,0.013882,1.000000e+02,7.86708978e-03,0.968224,115.0743,194.6961
5,backend,numeric,14,10.0000,1.0e-03,-1,SAM,0.9263,0.049329,0.000000e+00,3.62701039e-04,0.997154,16.3681,35.5283
5,backend,numeric,14,10.0000,1.0e-03,-1,SAM,0.9263,0.049329,1.000000e-03,1.07011352e-03,0.999943,60.7252,57.8601
5,backend,numeric,14,10.0000,1.0e-03,-1,SAM,0.9263,0.049329,1.102485e-03,1.13587958e-03,0.999946,63.5912,59.4713
5,backend,numeric,14,10.0000,1.0e-03,-1,SAM,0.9263,0.049329,1.215474e-03,1.20712169e-03,0.999948,66.2583,61.1773
5,backend,numeric,14,10.0000,1.0e-03,-1,SAM,0.9263,0.049329,1.340043e-03,1.28332089e-03,0.999950,68.7075,62.9868
5,backend,numeric,14,10.0000,1.0e-03,-1,SAM,0.9263,0.049329,1.477378e-03,1.36425765e-03,0.999951,70.9458,64.9050
5,backend,numeric,14,10.0000,1.0e-03,-1,SAM,0.9263,0.049329,1.628787e-03,1.44982823e-03,0.999953,72.9901,66.9363
5,backend,numeric,14,10.0000,1.0e-03,-1,SAM,0.9263,0.049329,1.795714e-03,1.54001557e-03,0.999954,74.8601,69.0863
5,backend,numeric,14,10.0000,1.0e-03,-1,SAM,0.9263,0.049329,1.979749e-03,1.63495207e-03,0.999956,76.5771,71.3602
5,backend,numeric,14,10.0000,1.0e-03,-1,SAM,0.9263,0.049329,2.182645e-03,1.73462353e-03,0.999958,78.1580,73.7646
5,backend,numeric,14,10.0000,1.0e-03,-1,SAM,0.9263,0.049329,2.406334e-03,1.83888396e-03,0.999960,79.6168,76.3061
5,backend,numeric,14,10.0000,1.0e-03,-1,SAM,0.9263,0.049329,2.652948e-03,1.94768181e-03,0.999962,80.9676,78.9910
5,backend,numeric,14,10.0000,1.0e-03,-1,SAM,0.9263,0.049329,2.924837e-03,2.06104424e-03,0.999965,82.2249,81.8263
5,backend,numeric,14,10.0000,1.0e-03,-1,SAM,0.9263,0.049329,3.224591e-03,2.17895639e-03,0.999968,83.4025,84.8208
5,backend,numeric,14,10.0000,1.0e-03,-1,SAM,0.9263,0.049329,3.555064e-03,2.30129867e-03,0.999970,84.5139,87.9850
5,backend,numeric,14,10.0000,1.0e-03,-1,SAM,0.9263,0.049329,3.919407e-03,2.42786219e-03,0.999973,85.5722,91.3287
5,backend,numeric,14,10.0000,1.0e-03,-1,SAM,0.9263,0.049329,4.321089e-03,2.55841288e-03,0.999977,86.5912,94.8626
5,backend,numeric,14,10.0000,1.0e-03,-1,SAM,0.9263,0.049329,4.763938e-03,2.69257690e-03,0.999980,87.5860,98.5991
5,backend,numeric,14,10.0000,1.0e-03,-1,SAM,0.9263,0.049329,5.252173e-03,2.82972605e-03,0.999983,88.5735,102.5529
5,backend,numeric,14,10.0000,1.0e-03,-1,SAM,0.9263,0.049329,5.790444e-03,2.96887789e-03,0.999986,89.5739,106.7404
5,backend,numeric,14,10.0000,1.0e-03,-1,SAM,0.9263,0.049329,6.383880e-03,3.10858458e-03,0.999988,90.6132,111.1839
5,backend,numeric,14,10.0000,1.0e-03,-1,SAM,0.9263,0.049329,7.038136e-03,3.24655016e-03,0.999991,91.7255,115.9111
5,backend,numeric,14,10.0000,1.0e-03,-1,SAM,0.9263,0.049329,7.759442e-03,3.37902929e-03,0.999993,92.9587,120.9552
5,backend,numeric,14,10.0000,1.0e-03,-1,SAM,0.9263,0.049329,8.554673e-03,3.50034194e-03,0.999995,94.3842,126.3609
5,backend,numeric,14,10.0000,1.0e-03,-1,SAM,0.9263,0.049329,9.431402e-03,3.60140268e-03,0.999996,96.1145,132.1900
5,backend,numeric,14,10.0000,1.0e-03,-1,SAM,0.9263,0.049329,1.039798e-02,3.66806140e-03,0.999997,98.3455,138.5373
5,backend,numeric,14,10.0000,1.0e-03,-1,SAM,0.9263,0.049329,1.146363e-02,3.67717658e-03,0.999998,101.4542,145.5609
5,backend,numeric,14,10.0000,1.0e-03,-1,SAM,0.9263,0.049329,1.263848e-02,3.58741049e-03,0.999999,106.2994,153.5428
5,backend,numeric,14,10.0000,1.0e-03,-1,SAM,0.9263,0.049329,1.393374e-02,3.31777033e-03,0.999999,115.1660,163.1204
5,backend,numeric,14,10.0000,1.0e-03,-1,SAM,0.9263,0.049329,1.536175e-02,2.75325434e-03,0.999999,133.3368,176.2866
5,backend,numeric,14,10.0000,1.0e-03,-1,SAM,0.9263,0.049329,1.693611e-02,1.46247921e-03,0.999995,160.0423,199.7600
5,backend,numeric,14,10.0000,1.0e-03,-1,SAM,0.9263,0.049329,1.867181e-02,2.95063135e-04,0.900804,176.5530,282.8137
5,backend,numeric,14,10.0000,1.0e-03,-1,SAM,0.9263,0.049329,2.058540e-02,3.85902444e-04,0.767075,176.1982,151.8999
5,backend,numeric,14,10.0000,1.0e-03,-1,SAM,0.9263,0.049329,2.269511e-02,4.55002451e-04,0.667559,175.4297,215.7102
5,backend,numeric,14,10.0000,1.0e-03,-1,SAM,0.9263,0.049329,2.502102e-02,5.18419684e-04,0.584133,175.0633,125.1801
5,backend,numeric,14,10.0000,1.0e-03,-1,SAM,0.9263,0.049329,2.758532e-02,5.80774138e-04,0.510985,174.5461,219.7596
5,backend,numeric,14,10.0000,1.0e-03,-1,SAM,0.9263,0.049329,3.041241e-02,6.44050385e-04,0.446712,173.9723,115.3739
5,backend,numeric,14,10.0000,1.0e-03,-1,SAM,0.9263,0.049329,3.352924e-02,7.07705047e-04,0.392291,172.9708,144.7589
5,backend,numeric,14,10.0000,1.0e-03,-1,SAM,0.9263,0.049329,3.696550e-02,7.67369979e-04,0.349572,172.1561,314.9950
5,backend,numeric,14,10.0000,1.0e-03,-1,SAM,0.9263,0.049329,4.075393e-02,8.14555482e-04,0.319356,170.0536,308.0613
5,backend,numeric,14,10.0000,1.0e-03,-1,SAM,0.9263,0.049329,4.493062e-02,8.40866677e-04,0.300146,165.3441,173.5711
5,backend,numeric,14,10.0000,1.0e-03,-1,SAM,0.9263,0.049329,4.953535e-02,8.47372952e-04,0.288842,161.0379,281.0371
5,backend,numeric,14,10.0000,1.0e-03,-1,SAM,0.9263,0.049329,5.461201e-02,8.57708920e-04,0.282386,150.6730,154.8052
5,backend,numeric,14,10.0000,1.0e-03,-1,SAM,0.9263,0.049329,6.020894e-02,8.79483069e-04,0.279222,140.3295,353.6609
5,backend,numeric,14,10.0000,1.0e-03,-1,SAM,0.9263,0.049329,6.637949e-02,8.91936152e-04,0.278221,126.9462,92.0593
5,backend,numeric,14,10.0000,1.0e-03,-1,SAM,0.9263,0.049329,7.318242e-02,8.65174645e-04,0.278981,113.3451,94.8869
5,backend,numeric,14,10.0000,1.0e-03,-1,SAM,0.9263,0.049329,8.068256e-02,7.89600475e-04,0.282620,101.1214,351.9991
5,backend,numeric,14,10.0000,1.0e-03,-1,SAM,0.9263,0.049329,8.895135e-02,6.83829065e-04,0.295714,95.8261,50.1059
5,backend,numeric,14,10.0000,1.0e-03,-1,SAM,0.9263,0.049329,9.806757e-02,5.70335799e-04,0.342926,92.6346,60.3173
5,backend,numeric,14,10.0000,1.0e-03,-1,SAM,0.9263,0.049329,1.081181e-01,4.92570235e-04,0.446692,89.1199,340.7583
5,backend,numeric,14,10.0000,1.0e-03,-1,SAM,0.9263,0.049329,1.191986e-01,4.58506313e-04,0.567300,84.6593,12.8322
5,backend,numeric,14,10.0000,1.0e-03,-1,SAM,0.9263,0.049329,1.314147e-01,3.91512644e-04,0.689635,74.0685,47.1948
5,backend,numeric,14,10.0000,1.0e-03,-1,SAM,0.9263,0.049329,1.448828e-01,3.57016424e-04,0.900856,147.7392,81.5349
5,backend,numeric,14,10.0000,1.0e-03,-1,SAM,0.9263,0.049329,1.597312e-01,7.73909445e-04,0.659626,128.4882,220.7987
5,backend,numeric,14,10.0000,1.0e-03,-1,SAM,0.9263,0.049329,1.761014e-01,9.54161903e-04,0.686710,118.4291,4.0353
5,backend,numeric,14,10.0000,1.0e-03,-1,SAM,0.9263,0.049329,1.941492e-01,1.06398795e-03,0.821017,104.5533,264.6056
5,backend,numeric,14,10.0000,1.0e-03,-1,SAM,0.9263,0.049329,2.140467e-01,9.19808441e-04,0.964510,66.3505,299.8144
5,backend,numeric,14,10.0000,1.0e-03,-1,SAM,0.9263,0.049329,2.359833e-01,1.85071308e-03,0.924283,139.2141,23.0363
5,backend,numeric,14,10.0000,1.0e-03,-1,SAM,0.9263,0.049329,2.601682e-01,2.35103318e-03,0.964051,127.8654,68.2172
5,backend,numeric,14,10.0000,1.0e-03,-1,SAM,0.9263,0.049329,2.868317e-01,2.12985713e-03,0.973842,117.1745,317.1262
5,backend,numeric,14,10.0000,1.0e-03,-1,SAM,0.9263,0.049329,3.162278e-01,2.16552217e-03,0.968604,111.0669,280.7757
5,backend,numeric,14,10.0000,1.0e-03,-1,SAM,0.9263,0.049329,3.486365e-01,2.10139854e-03,0.968974,111.8762,282.8619
5,backend,numeric,14,10.0000,1.0e-03,-1,SAM,0.9263,0.049329,3.843667e-01,2.06909648e-03,0.973025,112.3178,319.3987
5,backend,numeric,14,10.0000,1.0e-03,-1,SAM,0.9263,0.049329,4.237587e-01,1.70589779e-03,0.967061,115.3032,41.5235
5,backend,numeric,14,10.0000,1.0e-03,-1,SAM,0.9263,0.049329,4.671878e-01,2.04453640e-03,0.972981,114.1265,155.3745
5,backend,numeric,14,10.0000,1.0e-03,-1,SAM,0.9263,0.049329,5.150678e-01,2.02950975e-03,0.973465,112.2776,325.7440
5,backend,numeric,14,10.0000,1.0e-03,-1,SAM,0.9263,0.049329,5.678548e-01,1.84772445e-03,0.971777,115.6057,192.2800
5,backend,numeric,14,10.0000,1.0e-03,-1,SAM,0.9263,0.049329,6.260517e-01,2.21920293e-03,0.971061,112.7687,123.3217
5,backend,numeric,14,10.0000,1.0e-03,-1,SAM,0.9263,0.049329,6.902129e-01,2.19056333e-03,0.971725,113.1335,124.8879
5,backend,numeric,14,10.0000,1.0e-03,-1,SAM,0.9263,0.049329,7.609497e-01,1.88920108e-03,0.968214,114.6379,202.0259
5,backend,numeric,14,10.0000,1.0e-03,-1,SAM,0.9263,0.049329,8.389360e-01,1.61885242e-03,0.967993,115.7981,9.5519
5,backend,numeric,14,10.0000,1.0e-03,-1,SAM,0.9263,0.049329,9.249147e-01,2.14116351e-03,0.969809,112.2697,239.7969
5,backend,numeric,14,10.0000,1.0e-03,-1,SAM,0.9263,0.049329,1.019705e+00,2.05041242e-03,0.967344,112.8392,214.6183
5,backend,numeric,14,10.0000,1.0e-03,-1,SAM,0.9263,0.049329,1.124210e+00,2.02811117e-03,0.973858,113.0844,294.3260
5,backend,numeric,14,10.0000,1.0e-03,-1,SAM,0.9263,0.049329,1.239425e+00,1.88402302e-03,0.972561,114.2976,149.4447
5,backend,numeric,14,10.0000,1.0e-03,-1,SAM,0.9263,0.049329,1.366448e+00,2.05417885e-03,0.972551,113.7461,138.8925
5,backend,numeric,14,10.0000,1.0e-03,-1,SAM,0.9263,0.049329,1.506489e+00,1.97754320e-03,0.967291,112.8327,259.8007
5,backend,numeric,14,10.0000,1.0e-03,-1,SAM,0.9263,0.049329,1.660883e+00,1.90336187e-03,0.972069,115.7982,177.6009
5,backend,numeric,14,10.0000,1.0e-03,-1,SAM,0.9263,0.049329,1.831099e+00,1.95957315e-03,0.973883,112.7555,294.8649
5,backend,numeric,14,10.0000,1.0e-03,-1,SAM,0.9263,0.049329,2.018760e+00,2.12545936e-03,0.968340,112.3608,228.4344
5,backend,numeric,14,10.0000,1.0e-03,-1,SAM,0.9263,0.049329,2.225654e+00,1.78697842e-03,0.966820,114.0389,24.1337
5,backend,numeric,14,10.0000,1.0e-03,-1,SAM,0.9263,0.049329,2.453751e+00,1.90780039e-03,0.965707,112.8560,64.5002
5,backend,numeric,14,10.0000,1.0e-03,-1,SAM,0.9263,0.049329,2.705225e+00,1.76354147e-03,0.974107,114.3404,341.4768
5,backend,numeric,14,10.0000,1.0e-03,-1,SAM,0.9263,0.049329,2.982471e+00,2.05040903e-03,0.967447,112.8547,212.5550
5,backend,numeric,14,10.0000,1.0e-03,-1,SAM,0.9263,0.049329,3.288131e+00,1.81395652e-03,0.966605,113.7903,35.9589
5,backend,numeric,14,10.0000,1.0e-03,-1,SAM,0.9263,0.049329,3.625117e+00,1.86768605e-03,0.971683,115.8019,187.1051
5,backend,numeric,14,10.0000,1.0e-03,-1,SAM,0.9263,0.049329,3.996639e+00,2.02625327e-03,0.966441,111.5432,37.7919
5,backend,numeric,14,10.0000,1.0e-03,-1,SAM,0.9263,0.049329,4.406236e+00,2.12462799e-03,0.971265,111.5482,305.4719
5,backend,numeric,14,10.0000,1.0e-03,-1,SAM,0.9263,0.049329,4.857812e+00,1.82038726e-03,0.974465,113.9171,313.6517
5,backend,numeric,14,10.0000,1.0e-03,-1,SAM,0.9263,0.049329,5.355667e+00,2.12601206e-03,0.971654,113.2894,119.5878
5,backend,numeric,14,10.0000,1.0e-03,-1,SAM,0.9263,0.049329,5.904545e+00,1.87548932e-03,0.971922,115.8549,144.6879
5,backend,numeric,14,10.0000,1.0e-03,-1,SAM,0.9263,0.049329,6.509675e+00,1.89031998e-03,0.965457,113.0335,66.5339
5,backend,numeric,14,10.0000,1.0e-03,-1,SAM,0.9263,0.049329,7.176822e+00,1.89366721e-03,0.974137,114.5422,318.3594
5,backend,numeric,14,10.0000,1.0e-03,-1,SAM,0.9263,0.049329,7.912343e+00,2.04574106e-03,0.973209,112.5065,276.9644
5,backend,numeric,14,10.0000,1.0e-03,-1,SAM,0.9263,0.049329,8.723243e+00,1.77064788e-03,0.974150,114.2492,337.6670
5,backend,numeric,14,10.0000,1.0e-03,-1,SAM,0.9263,0.049329,9.617249e+00,1.99292231e-03,0.967809,112.7464,250.2147
5,backend,numeric,14,10.0000,1.0e-03,-1,SAM,0.9263,0.049329,1.060288e+01,2.22863684e-03,0.970481,112.5200,118.9580
5,backend,numeric,14,10.0000,1.0e-03,-1,SAM,0.9263,0.049329,1.168952e+01,1.70350643e-03,0.966140,114.7950,43.5416
5,backend,numeric,14,10.0000,1.0e-03,-1,SAM,0.9263,0.049329,1.288752e+01,1.95773566e-03,0.972814,115.3583,132.9422
5,backend,numeric,14,10.0000,1.0e-03,-1,SAM,0.9263,0.049329,1.420831e+01,1.96937653e-03,0.972703,113.9164,127.0211
5,backend,numeric,14,10.0000,1.0e-03,-1,SAM,0.9263,0.049329,1.566445e+01,1.85788474e-03,0.968469,114.8184,213.8714
5,backend,numeric,14,10.0000,1.0e-03,-1,SAM,0.9263,0.049329,1.726983e+01,1.77516835e-03,0.970861,114.9804,184.5053
5,backend,numeric,14,10.0000,1.0e-03,-1,SAM,0.9263,0.049329,1.903974e+01,1.79495309e-03,0.968400,115.1544,175.7138
5,backend,numeric,14,10.0000,1.0e-03,-1,SAM,0.9263,0.049329,2.099104e+01,2.10395784e-03,0.967429,111.3261,47.6005
5,backend,numeric,14,10.0000,1.0e-03,-1,SAM,0.9263,0.049329,2.314231e+01,1.71110608e-03,0.972014,116.2008,338.8091
5,backend,numeric,14,10.0000,1.0e-03,-1,SAM,0.9263,0.049329,2.551407e+01,1.82789496e-03,0.967833,114.5141,234.7766
5,backend,numeric,14,10.0000,1.0e-03,-1,SAM,0.9263,0.049329,2.812889e+01,1.87592060e-03,0.974282,114.6451,314.1093
5,backend,numeric,14,10.0000,1.0e-03,-1,SAM,0.9263,0.049329,3.101169e+01,1.79155032e-03,0.968832,115.3519,170.1678
5,backend,numeric,14,10.0000,1.0e-03,-1,SAM,0.9263,0.049329,3.418994e+01,2.12143385e-03,0.969484,111.9926,69.0318
5,backend,numeric,14,10.0000,1.0e-03,-1,SAM,0.9263,0.049329,3.769391e+01,NaN,NaN,NaN,NaN
5,backend,numeric,14,10.0000,1.0e-03,-1,SAM,0.9263,0.049329,4.155699e+01,NaN,NaN,NaN,NaN
5,backend,numeric,14,10.0000,1.0e-03,-1,SAM,0.9263,0.049329,4.581598e+01,NaN,NaN,NaN,NaN
5,backend,numeric,14,10.0000,1.0e-03,-1,SAM,0.9263,0.049329,5.051145e+01,NaN,NaN,NaN,NaN
5,backend,numeric,14,10.0000,1.0e-03,-1,SAM,0.9263,0.049329,5.568814e+01,NaN,NaN,NaN,NaN
5,backend,numeric,14,10.0000,1.0e-03,-1,SAM,0.9263,0.049329,6.139537e+01,NaN,NaN,NaN,NaN
5,backend,numeric,14,10.0000,1.0e-03,-1,SAM,0.9263,0.049329,6.768750e+01,NaN,NaN,NaN,NaN
5,backend,numeric,14,10.0000,1.0e-03,-1,SAM,0.9263,0.049329,7.462449e+01,NaN,NaN,NaN,NaN
5,backend,numeric,14,10.0000,1.0e-03,-1,SAM,0.9263,0.049329,8.227241e+01,NaN,NaN,NaN,NaN
5,backend,numeric,14,10.0000,1.0e-03,-1,SAM,0.9263,0.049329,9.070414e+01,NaN,NaN,NaN,NaN
5,backend,numeric,14,10.0000,1.0e-03,-1,SAM,0.9263,0.049329,1.000000e+02,NaN,NaN,NaN,NaN
6,backend,numeric,18,0.1000,1.0e-03,-1,LAM,0.0544,0.895255,0.000000e+00,2.18497286e-03,0.311999,38.8776,169.4171
6,backend,numeric,18,0.1000,1.0e-03,-1,LAM,0.0544,0.895255,1.000000e-03,2.19050247e-03,0.310934,41.5750,57.6844
6,backend,numeric,18,0.1000,1.0e-03,-1,LAM,0.0544,0.895255,1.102485e-03,2.19099537e-03,0.310837,41.4993,46.5125
6,backend,numeric,18,0.1000,1.0e-03,-1,LAM,0.0544,0.895255,1.215474e-03,2.19155055e-03,0.310729,41.2845,34.0947
6,backend,numeric,18,0.1000,1.0e-03,-1,LAM,0.0544,0.895255,1.340043e-03,2.19218522e-03,0.310608,40.9578,20.2322
6,backend,numeric,18,0.1000,1.0e-03,-1,LAM,0.0544,0.895255,1.477378e-03,2.19291603e-03,0.310471,40.6052,4.7133
6,backend,numeric,18,0.1000,1.0e-03,-1,LAM,0.0544,0.895255,1.628787e-03,2.19375272e-03,0.310317,40.3778,347.3569
6,backend,numeric,18,0.1000,1.0e-03,-1,LAM,0.0544,0.895255,1.795714e-03,2.19468846e-03,0.310147,40.4575,328.0766
6,backend,numeric,18,0.1000,1.0e-03,-1,LAM,0.0544,0.895255,1.979749e-03,2.19569476e-03,0.309964,40.9564,306.9172
6,backend,numeric,18,0.1000,1.0e-03,-1,LAM,0.0544,0.895255,2.182645e-03,2.19673065e-03,0.309773,41.7682,283.9684
6,backend,numeric,18,0.1000,1.0e-03,-1,LAM,0.0544,0.895255,2.406334e-03,2.19777209e-03,0.309576,42.4863,259.1442
6,backend,numeric,18,0.1000,1.0e-03,-1,LAM,0.0544,0.895255,2.652948e-03,2.19886152e-03,0.309369,42.5760,231.9606
6,backend,numeric,18,0.1000,1.0e-03,-1,LAM,0.0544,0.895255,2.924837e-03,2.20012714e-03,0.309134,41.9025,201.5022
6,backend,numeric,18,0.1000,1.0e-03,-1,LAM,0.0544,0.895255,3.224591e-03,2.20167506e-03,0.308859,41.2740,166.8553
6,backend,numeric,18,0.1000,1.0e-03,-1,LAM,0.0544,0.895255,3.555064e-03,2.20340688e-03,0.308557,41.9432,128.2062
6,backend,numeric,18,0.1000,1.0e-03,-1,LAM,0.0544,0.895255,3.919407e-03,2.20503572e-03,0.308264,43.5844,86.7224
6,backend,numeric,18,0.1000,1.0e-03,-1,LAM,0.0544,0.895255,4.321089e-03,2.20654979e-03,0.307983,43.8795,41.8545
6,backend,numeric,18,0.1000,1.0e-03,-1,LAM,0.0544,0.895255,4.763938e-03,2.20842474e-03,0.307651,42.7711,350.8512
6,backend,numeric,18,0.1000,1.0e-03,-1,LAM,0.0544,0.895255,5.252173e-03,2.21059267e-03,0.307278,43.8384,293.5090
6,backend,numeric,18,0.1000,1.0e-03,-1,LAM,0.0544,0.895255,5.790444e-03,2.21243169e-03,0.306942,45.0749,232.2933
6,backend,numeric,18,0.1000,1.0e-03,-1,LAM,0.0544,0.895255,6.383880e-03,2.21464793e-03,0.306555,43.7171,162.9666
6,backend,numeric,18,0.1000,1.0e-03,-1,LAM,0.0544,0.895255,7.038136e-03,2.21698267e-03,0.306150,46.1093,85.7761
6,backend,numeric,18,0.1000,1.0e-03,-1,LAM,0.0544,0.895255,7.759442e-03,2.21893018e-03,0.305782,45.3398,2.1093
6,backend,numeric,18,0.1000,1.0e-03,-1,LAM,0.0544,0.895255,8.554673e-03,2.22130089e-03,0.305360,47.2382,267.1927
6,backend,numeric,18,0.1000,1.0e-03,-1,LAM,0.0544,0.895255,9.431402e-03,2.22326205e-03,0.304975,46.1597,163.2994
6,backend,numeric,18,0.1000,1.0e-03,-1,LAM,0.0544,0.895255,1.039798e-02,2.22503580e-03,0.304604,48.8815,47.5190
6,backend,numeric,18,0.1000,1.0e-03,-1,LAM,0.0544,0.895255,1.146363e-02,2.22675978e-03,0.304229,49.2957,277.9444
6,backend,numeric,18,0.1000,1.0e-03,-1,LAM,0.0544,0.895255,1.263848e-02,2.22777249e-03,0.303919,49.0356,134.5900
6,backend,numeric,18,0.1000,1.0e-03,-1,LAM,0.0544,0.895255,1.393374e-02,2.22793623e-03,0.303680,49.8232,335.6492
6,backend,numeric,18,0.1000,1.0e-03,-1,LAM,0.0544,0.895255,1.536175e-02,2.22731492e-03,0.303503,50.8985,158.0487
6,backend,numeric,18,0.1000,1.0e-03,-1,LAM,0.0544,0.895255,1.693611e-02,2.22545570e-03,0.303433,52.3187,319.8793
6,backend,numeric,18,0.1000,1.0e-03,-1,LAM,0.0544,0.895255,1.867181e-02,2.22197053e-03,0.303501,55.0633,98.7689
6,backend,numeric,18,0.1000,1.0e-03,-1,LAM,0.0544,0.895255,2.058540e-02,2.21604914e-03,0.303788,56.3827,213.8939
6,backend,numeric,18,0.1000,1.0e-03,-1,LAM,0.0544,0.895255,2.269511e-02,2.20804143e-03,0.304263,57.2551,298.3760
6,backend,numeric,18,0.1000,1.0e-03,-1,LAM,0.0544,0.895255,2.502102e-02,2.19635060e-03,0.305107,58.2780,352.6769
6,backend,numeric,18,0.1000,1.0e-03,-1,LAM,0.0544,0.895255,2.758532e-02,2.18101521e-03,0.306329,60.5575,11.5300
6,backend,numeric,18,0.1000,1.0e-03,-1,LAM,0.0544,0.895255,3.041241e-02,2.16133374e-03,0.308049,61.7783,351.6792
6,backend,numeric,18,0.1000,1.0e-03,-1,LAM,0.0544,0.895255,3.352924e-02,2.13669476e-03,0.310413,64.5903,289.6943
6,backend,numeric,18,0.1000,1.0e-03,-1,LAM,0.0544,0.895255,3.696550e-02,2.10578137e-03,0.313680,65.7546,183.0912
6,backend,numeric,18,0.1000,1.0e-03,-1,LAM,0.0544,0.895255,4.075393e-02,2.06764083e-03,0.318046,68.3529,25.7572
6,backend,numeric,18,0.1000,1.0e-03,-1,LAM,0.0544,0.895255,4.493062e-02,2.02233391e-03,0.323792,69.1328,174.8227
6,backend,numeric,18,0.1000,1.0e-03,-1,LAM,0.0544,0.895255,4.953535e-02,1.96990216e-03,0.331284,72.2815,266.2464
6,backend,numeric,18,0.1000,1.0e-03,-1,LAM,0.0544,0.895255,5.461201e-02,1.91100988e-03,0.340978,72.8267,298.8664
6,backend,numeric,18,0.1000,1.0e-03,-1,LAM,0.0544,0.895255,6.020894e-02,1.84590838e-03,0.353425,74.7956,274.9074
6,backend,numeric,18,0.1000,1.0e-03,-1,LAM,0.0544,0.895255,6.637949e-02,1.77654290e-03,0.369217,75.2186,198.7803
6,backend,numeric,18,0.1000,1.0e-03,-1,LAM,0.0544,0.895255,7.318242e-02,1.70412453e-03,0.388790,76.7979,78.4453
6,backend,numeric,18,0.1000,1.0e-03,-1,LAM,0.0544,0.895255,8.068256e-02,1.62931070e-03,0.412680,76.6176,287.1965
6,backend,numeric,18,0.1000,1.0e-03,-1,LAM,0.0544,0.895255,8.895135e-02,1.55375940e-03,0.440863,76.4269,113.9795
6,backend,numeric,18,0.1000,1.0e-03,-1,LAM,0.0544,0.895255,9.806757e-02,1.47673075e-03,0.473199,75.9389,291.1354
6,backend,numeric,18,0.1000,1.0e-03,-1,LAM,0.0544,0.895255,1.081181e-01,1.39415394e-03,0.509629,74.6690,102.4163
6,backend,numeric,18,0.1000,1.0e-03,-1,LAM,0.0544,0.895255,1.191986e-01,1.29772998e-03,0.550559,72.5575,266.7025
6,backend,numeric,18,0.1000,1.0e-03,-1,LAM,0.0544,0.895255,1.314147e-01,1.16933097e-03,0.598727,69.5098,48.4226
6,backend,numeric,18,0.1000,1.0e-03,-1,LAM,0.0544,0.895255,1.448828e-01,9.73156852e-04,0.662950,63.6740,127.2790
6,backend,numeric,18,0.1000,1.0e-03,-1,LAM,0.0544,0.895255,1.597312e-01,5.97877412e-04,0.804070,51.8861,31.2397
6,backend,numeric,18,0.1000,1.0e-03,-1,LAM,0.0544,0.895255,1.761014e-01,8.73354537e-04,0.795123,141.6505,340.5843
6,backend,numeric,18,0.1000,1.0e-03,-1,LAM,0.0544,0.895255,1.941492e-01,1.34986683e-03,0.641938,131.5691,87.6318
6,backend,numeric,18,0.1000,1.0e-03,-1,LAM,0.0544,0.895255,2.140467e-01,1.67396279e-03,0.595192,124.8041,43.5760
6,backend,numeric,18,0.1000,1.0e-03,-1,LAM,0.0544,0.895255,2.359833e-01,1.93562206e-03,0.588271,118.9453,12.5368
6,backend,numeric,18,0.1000,1.0e-03,-1,LAM,0.0544,0.895255,2.601682e-01,2.18146778e-03,0.599567,113.0753,61.6329
6,backend,numeric,18,0.1000,1.0e-03,-1,LAM,0.0544,0.895255,2.868317e-01,2.42495389e-03,0.621238,107.9537,212.1144
6,backend,numeric,18,0.1000,1.0e-03,-1,LAM,0.0544,0.895255,3.162278e-01,2.66280073e-03,0.649424,102.5661,113.1521
6,backend,numeric,18,0.1000,1.0e-03,-1,LAM,0.0544,0.895255,3.486365e-01,2.88193917e-03,0.681311,97.4206,111.9122
6,backend,numeric,18,0.1000,1.0e-03,-1,LAM,0.0544,0.895255,3.843667e-01,3.04658300e-03,0.717012,93.1231,190.2764
6,backend,numeric,18,0.1000,1.0e-03,-1,LAM,0.0544,0.895255,4.237587e-01,3.08053393e-03,0.758812,87.9470,327.4119
6,backend,numeric,18,0.1000,1.0e-03,-1,LAM,0.0544,0.895255,4.671878e-01,2.77220653e-03,0.817810,75.4857,127.7404
6,backend,numeric,18,0.1000,1.0e-03,-1,LAM,0.0544,0.895255,5.150678e-01,4.26772279e-03,0.996097,82.4553,355.6736
6,backend,numeric,18,0.1000,1.0e-03,-1,LAM,0.0544,0.895255,5.678548e-01,4.87642864e-03,0.793905,161.3632,323.7127
6,backend,numeric,18,0.1000,1.0e-03,-1,LAM,0.0544,0.895255,6.260517e-01,6.42019443e-03,0.662496,151.9667,128.9350
6,backend,numeric,18,0.1000,1.0e-03,-1,LAM,0.0544,0.895255,6.902129e-01,7.44553919e-03,0.592119,150.9484,45.3399
6,backend,numeric,18,0.1000,1.0e-03,-1,LAM,0.0544,0.895255,7.609497e-01,8.16525485e-03,0.552348,144.0880,142.1654
6,backend,numeric,18,0.1000,1.0e-03,-1,LAM,0.0544,0.895255,8.389360e-01,8.64829710e-03,0.535237,139.9617,110.1129
6,backend,numeric,18,0.1000,1.0e-03,-1,LAM,0.0544,0.895255,9.249147e-01,8.94422043e-03,0.540017,136.6300,6.9714
6,backend,numeric,18,0.1000,1.0e-03,-1,LAM,0.0544,0.895255,1.019705e+00,9.14615891e-03,0.567890,129.4717,278.6436
6,backend,numeric,18,0.1000,1.0e-03,-1,LAM,0.0544,0.895255,1.124210e+00,9.42531948e-03,0.617970,124.6611,309.4483
6,backend,numeric,18,0.1000,1.0e-03,-1,LAM,0.0544,0.895255,1.239425e+00,9.96864213e-03,0.683552,114.6757,181.1181
6,backend,numeric,18,0.1000,1.0e-03,-1,LAM,0.0544,0.895255,1.366448e+00,1.09172478e-02,0.751901,108.5589,265.7312
6,backend,numeric,18,0.1000,1.0e-03,-1,LAM,0.0544,0.895255,1.506489e+00,1.19598733e-02,0.819687,95.0088,180.8199
6,backend,numeric,18,0.1000,1.0e-03,-1,LAM,0.0544,0.895255,1.660883e+00,1.27016570e-02,0.879979,82.6914,217.2281
6,backend,numeric,18,0.1000,1.0e-03,-1,LAM,0.0544,0.895255,1.831099e+00,1.12630340e-02,0.986394,83.7032,17.3935
6,backend,numeric,18,0.1000,1.0e-03,-1,LAM,0.0544,0.895255,2.018760e+00,1.72516111e-02,0.825454,127.5242,208.7912
6,backend,numeric,18,0.1000,1.0e-03,-1,LAM,0.0544,0.895255,2.225654e+00,2.23319528e-02,0.823806,117.4157,215.5772
6,backend,numeric,18,0.1000,1.0e-03,-1,LAM,0.0544,0.895255,2.453751e+00,2.79965467e-02,0.847814,130.0056,304.9343
6,backend,numeric,18,0.1000,1.0e-03,-1,LAM,0.0544,0.895255,2.705225e+00,2.87954404e-02,0.921810,95.1449,122.1676
6,backend,numeric,18,0.1000,1.0e-03,-1,LAM,0.0544,0.895255,2.982471e+00,4.41417721e-02,0.893167,141.6967,311.3572
6,backend,numeric,18,0.1000,1.0e-03,-1,LAM,0.0544,0.895255,3.288131e+00,4.85186819e-02,0.989381,59.2546,186.0607
6,backend,numeric,18,0.1000,1.0e-03,-1,LAM,0.0544,0.895255,3.625117e+00,2.30784817e-01,0.998215,64.0794,207.7585
6,backend,numeric,18,0.1000,1.0e-03,-1,LAM,0.0544,0.895255,3.996639e+00,4.53312225e-01,0.999548,77.9240,170.0955
6,backend,numeric,18,0.1000,1.0e-03,-1,LAM,0.0544,0.895255,4.406236e+00,5.43759956e-01,0.999886,92.1590,190.7949
6,backend,numeric,18,0.1000,1.0e-03,-1,LAM,0.0544,0.895255,4.857812e+00,7.43459810e-01,0.999967,76.7226,175.7465
6,backend,numeric,18,0.1000,1.0e-03,-1,LAM,0.0544,0.895255,5.355667e+00,8.65409766e-01,0.999992,93.4743,187.9960
6,backend,numeric,18,0.1000,1.0e-03,-1,LAM,0.0544,0.895255,5.904545e+00,NaN,NaN,NaN,NaN
6,backend,numeric,18,0.1000,1.0e-03,-1,LAM,0.0544,0.895255,6.509675e+00,NaN,NaN,NaN,NaN
6,backend,numeric,18,0.1000,1.0e-03,-1,LAM,0.0544,0.895255,7.176822e+00,NaN,NaN,NaN,NaN
6,backend,numeric,18,0.1000,1.0e-03,-1,LAM,0.0544,0.895255,7.912343e+00,NaN,NaN,NaN,NaN
6,backend,numeric,18,0.1000,1.0e-03,-1,LAM,0.0544,0.895255,8.723243e+00,NaN,NaN,NaN,NaN
6,backend,numeric,18,0.1000,1.0e-03,-1,LAM,0.0544,0.895255,9.617249e+00,NaN,NaN,NaN,NaN
6,backend,numeric,18,0.1000,1.0e-03,-1,LAM,0.0544,0.895255,1.060288e+01,NaN,NaN,NaN,NaN
6,backend,numeric,18,0.1000,1.0e-03,-1,LAM,0.0544,0.895255,1.168952e+01,NaN,NaN,NaN,NaN
6,backend,numeric,18,0.1000,1.0e-03,-1,LAM,0.0544,0.895255,1.288752e+01,NaN,NaN,NaN,NaN
6,backend,numeric,18,0.1000,1.0e-03,-1,LAM,0.0544,0.895255,1.420831e+01,NaN,NaN,NaN,NaN
6,backend,numeric,18,0.1000,1.0e-03,-1,LAM,0.0544,0.895255,1.566445e+01,NaN,NaN,NaN,NaN
6,backend,numeric,18,0.1000,1.0e-03,-1,LAM,0.0544,0.895255,1.726983e+01,NaN,NaN,NaN,NaN
6,backend,numeric,18,0.1000,1.0e-03,-1,LAM,0.0544,0.895255,1.903974e+01,NaN,NaN,NaN,NaN
6,backend,numeric,18,0.1000,1.0e-03,-1,LAM,0.0544,0.895255,2.099104e+01,NaN,NaN,NaN,NaN
6,backend,numeric,18,0.1000,1.0e-03,-1,LAM,0.0544,0.895255,2.314231e+01,NaN,NaN,NaN,NaN
6,backend,numeric,18,0.1000,1.0e-03,-1,LAM,0.0544,0.895255,2.551407e+01,NaN,NaN,NaN,NaN
6,backend,numeric,18,0.1000,1.0e-03,-1,LAM,0.0544,0.895255,2.812889e+01,NaN,NaN,NaN,NaN
6,backend,numeric,18,0.1000,1.0e-03,-1,LAM,0.0544,0.895255,3.101169e+01,NaN,NaN,NaN,NaN
6,backend,numeric,18,0.1000,1.0e-03,-1,LAM,0.0544,0.895255,3.418994e+01,NaN,NaN,NaN,NaN
6,backend,numeric,18,0.1000,1.0e-03,-1,LAM,0.0544,0.895255,3.769391e+01,NaN,NaN,NaN,NaN
6,backend,numeric,18,0.1000,1.0e-03,-1,LAM,0.0544,0.895255,4.155699e+01,NaN,NaN,NaN,NaN
6,backend,numeric,18,0.1000,1.0e-03,-1,LAM,0.0544,0.895255,4.581598e+01,NaN,NaN,NaN,NaN
6,backend,numeric,18,0.1000,1.0e-03,-1,LAM,0.0544,0.895255,5.051145e+01,NaN,NaN,NaN,NaN
6,backend,numeric,18,0.1000,1.0e-03,-1,LAM,0.0544,0.895255,5.568814e+01,NaN,NaN,NaN,NaN
6,backend,numeric,18,0.1000,1.0e-03,-1,LAM,0.0544,0.895255,6.139537e+01,NaN,NaN,NaN,NaN
6,backend,numeric,18,0.1000,1.0e-03,-1,LAM,0.0544,0.895255,6.768750e+01,NaN,NaN,NaN,NaN
6,backend,numeric,18,0.1000,1.0e-03,-1,LAM,0.0544,0.895255,7.462449e+01,NaN,NaN,NaN,NaN
6,backend,numeric,18,0.1000,1.0e-03,-1,LAM,0.0544,0.895255,8.227241e+01,NaN,NaN,NaN,NaN
6,backend,numeric,18,0.1000,1.0e-03,-1,LAM,0.0544,0.895255,9.070414e+01,NaN,NaN,NaN,NaN
6,backend,numeric,18,0.1000,1.0e-03,-1,LAM,0.0544,0.895255,1.000000e+02,NaN,NaN,NaN,NaN
7,backend,numeric,21,1.8000,1.0e-03,-1,SAM,0.3486,0.018566,0.000000e+00,2.93351415e-03,0.974839,68.7554,252.7417
7,backend,numeric,21,1.8000,1.0e-03,-1,SAM,0.3486,0.018566,1.000000e-03,3.25447020e-03,0.980081,71.2986,257.5527
7,backend,numeric,21,1.8000,1.0e-03,-1,SAM,0.3486,0.018566,1.102485e-03,3.29082166e-03,0.980505,71.5965,258.0479
7,backend,numeric,21,1.8000,1.0e-03,-1,SAM,0.3486,0.018566,1.215474e-03,3.33131248e-03,0.980952,71.9288,258.5929
7,backend,numeric,21,1.8000,1.0e-03,-1,SAM,0.3486,0.018566,1.340043e-03,3.37637288e-03,0.981419,72.2987,259.1922
7,backend,numeric,21,1.8000,1.0e-03,-1,SAM,0.3486,0.018566,1.477378e-03,3.42645838e-03,0.981906,72.7094,259.8507
7,backend,numeric,21,1.8000,1.0e-03,-1,SAM,0.3486,0.018566,1.628787e-03,3.48205457e-03,0.982411,73.1640,260.5738
7,backend,numeric,21,1.8000,1.0e-03,-1,SAM,0.3486,0.018566,1.795714e-03,3.54367938e-03,0.982932,73.6656,261.3669
7,backend,numeric,21,1.8000,1.0e-03,-1,SAM,0.3486,0.018566,1.979749e-03,3.61189159e-03,0.983465,74.2168,262.2360
7,backend,numeric,21,1.8000,1.0e-03,-1,SAM,0.3486,0.018566,2.182645e-03,3.68728502e-03,0.984009,74.8197,263.1873
7,backend,numeric,21,1.8000,1.0e-03,-1,SAM,0.3486,0.018566,2.406334e-03,3.77044371e-03,0.984561,75.4754,264.2274
7,backend,numeric,21,1.8000,1.0e-03,-1,SAM,0.3486,0.018566,2.652948e-03,3.86191973e-03,0.985119,76.1837,265.3629
7,backend,numeric,21,1.8000,1.0e-03,-1,SAM,0.3486,0.018566,2.924837e-03,3.96226844e-03,0.985680,76.9436,266.6007
7,backend,numeric,21,1.8000,1.0e-03,-1,SAM,0.3486,0.018566,3.224591e-03,4.07204834e-03,0.986244,77.7526,267.9478
7,backend,numeric,21,1.8000,1.0e-03,-1,SAM,0.3486,0.018566,3.555064e-03,4.19174403e-03,0.986810,78.6071,269.4115
7,backend,numeric,21,1.8000,1.0e-03,-1,SAM,0.3486,0.018566,3.919407e-03,4.32182266e-03,0.987379,79.5019,270.9993
7,backend,numeric,21,1.8000,1.0e-03,-1,SAM,0.3486,0.018566,4.321089e-03,4.46270120e-03,0.987951,80.4310,272.7186
7,backend,numeric,21,1.8000,1.0e-03,-1,SAM,0.3486,0.018566,4.763938e-03,4.61474048e-03,0.988528,81.3871,274.5773
7,backend,numeric,21,1.8000,1.0e-03,-1,SAM,0.3486,0.018566,5.252173e-03,4.77822688e-03,0.989114,82.3622,276.5834
7,backend,numeric,21,1.8000,1.0e-03,-1,SAM,0.3486,0.018566,5.790444e-03,4.95336269e-03,0.989710,83.3478,278.7451
7,backend,numeric,21,1.8000,1.0e-03,-1,SAM,0.3486,0.018566,6.383880e-03,5.14021428e-03,0.990321,84.3353,281.0713
7,backend,numeric,21,1.8000,1.0e-03,-1,SAM,0.3486,0.018566,7.038136e-03,5.33862512e-03,0.990948,85.3166,283.5714
7,backend,numeric,21,1.8000,1.0e-03,-1,SAM,0.3486,0.018566,7.759442e-03,5.54787084e-03,0.991594,86.2848,286.2562
7,backend,numeric,21,1.8000,1.0e-03,-1,SAM,0.3486,0.018566,8.554673e-03,5.76632323e-03,0.992258,87.2361,289.1391
7,backend,numeric,21,1.8000,1.0e-03,-1,SAM,0.3486,0.018566,9.431402e-03,5.99146227e-03,0.992940,88.1700,292.2379
7,backend,numeric,21,1.8000,1.0e-03,-1,SAM,0.3486,0.018566,1.039798e-02,6.22152978e-03,0.993634,89.0925,295.5706
7,backend,numeric,21,1.8000,1.0e-03,-1,SAM,0.3486,0.018566,1.146363e-02,6.45522087e-03,0.994332,90.0154,299.1551
7,backend,numeric,21,1.8000,1.0e-03,-1,SAM,0.3486,0.018566,1.263848e-02,6.69075685e-03,0.995027,90.9566,303.0107
7,backend,numeric,21,1.8000,1.0e-03,-1,SAM,0.3486,0.018566,1.393374e-02,6.92533293e-03,0.995709,91.9426,307.1594
7,backend,numeric,21,1.8000,1.0e-03,-1,SAM,0.3486,0.018566,1.536175e-02,7.15423801e-03,0.996368,93.0120,311.6279
7,backend,numeric,21,1.8000,1.0e-03,-1,SAM,0.3486,0.018566,1.693611e-02,7.36918089e-03,0.996995,94.2215,316.4495
7,backend,numeric,21,1.8000,1.0e-03,-1,SAM,0.3486,0.018566,1.867181e-02,7.55665487e-03,0.997581,95.6611,321.6680
7,backend,numeric,21,1.8000,1.0e-03,-1,SAM,0.3486,0.018566,2.058540e-02,7.69567715e-03,0.998116,97.4838,327.3451
7,backend,numeric,21,1.8000,1.0e-03,-1,SAM,0.3486,0.018566,2.269511e-02,7.75072528e-03,0.998591,99.9636,333.5776
7,backend,numeric,21,1.8000,1.0e-03,-1,SAM,0.3486,0.018566,2.502102e-02,7.65912462e-03,0.998995,103.6534,340.5350
7,backend,numeric,21,1.8000,1.0e-03,-1,SAM,0.3486,0.018566,2.758532e-02,7.30161639e-03,0.999313,109.8824,348.5666
7,backend,numeric,21,1.8000,1.0e-03,-1,SAM,0.3486,0.018566,3.041241e-02,6.47869904e-03,0.999472,122.2427,358.6048
7,backend,numeric,21,1.8000,1.0e-03,-1,SAM,0.3486,0.018566,3.352924e-02,4.83071304e-03,0.998802,144.6203,13.5199
7,backend,numeric,21,1.8000,1.0e-03,-1,SAM,0.3486,0.018566,3.696550e-02,2.69986891e-03,0.971966,164.6513,42.4176
7,backend,numeric,21,1.8000,1.0e-03,-1,SAM,0.3486,0.018566,4.075393e-02,3.36874264e-03,0.942652,160.7590,50.4600
7,backend,numeric,21,1.8000,1.0e-03,-1,SAM,0.3486,0.018566,4.493062e-02,3.74852542e-03,0.924715,159.4339,43.4587
7,backend,numeric,21,1.8000,1.0e-03,-1,SAM,0.3486,0.018566,4.953535e-02,4.05613867e-03,0.913340,158.8050,31.0099
7,backend,numeric,21,1.8000,1.0e-03,-1,SAM,0.3486,0.018566,5.461201e-02,4.33540687e-03,0.906803,158.2672,13.9600
7,backend,numeric,21,1.8000,1.0e-03,-1,SAM,0.3486,0.018566,6.020894e-02,4.60774461e-03,0.904040,157.1265,352.9151
7,backend,numeric,21,1.8000,1.0e-03,-1,SAM,0.3486,0.018566,6.637949e-02,4.89086160e-03,0.904484,154.5505,329.3767
7,backend,numeric,21,1.8000,1.0e-03,-1,SAM,0.3486,0.018566,7.318242e-02,5.20598595e-03,0.907952,150.0105,305.9117
7,backend,numeric,21,1.8000,1.0e-03,-1,SAM,0.3486,0.018566,8.068256e-02,5.58214750e-03,0.914367,143.7825,284.8172
7,backend,numeric,21,1.8000,1.0e-03,-1,SAM,0.3486,0.018566,8.895135e-02,6.06033605e-03,0.923321,136.7465,267.1678
7,backend,numeric,21,1.8000,1.0e-03,-1,SAM,0.3486,0.018566,9.806757e-02,6.69911687e-03,0.933723,129.6445,253.3026
7,backend,numeric,21,1.8000,1.0e-03,-1,SAM,0.3486,0.018566,1.081181e-01,7.58400633e-03,0.944202,122.5441,243.2434
7,backend,numeric,21,1.8000,1.0e-03,-1,SAM,0.3486,0.018566,1.191986e-01,8.83973268e-03,0.953632,114.7630,236.7866
7,backend,numeric,21,1.8000,1.0e-03,-1,SAM,0.3486,0.018566,1.314147e-01,1.06686614e-02,0.961034,103.7599,233.6605
7,backend,numeric,21,1.8000,1.0e-03,-1,SAM,0.3486,0.018566,1.448828e-01,1.18293989e-02,0.975689,100.8253,253.6406
7,backend,numeric,21,1.8000,1.0e-03,-1,SAM,0.3486,0.018566,1.597312e-01,1.05339209e-02,0.989421,112.2170,284.1355
7,backend,numeric,21,1.8000,1.0e-03,-1,SAM,0.3486,0.018566,1.761014e-01,5.71956979e-03,0.966521,137.4157,339.4039
7,backend,numeric,21,1.8000,1.0e-03,-1,SAM,0.3486,0.018566,1.941492e-01,1.03826747e-02,0.959400,115.0053,338.4128
7,backend,numeric,21,1.8000,1.0e-03,-1,SAM,0.3486,0.018566,2.140467e-01,1.30840356e-02,0.974062,104.6011,351.5331
7,backend,numeric,21,1.8000,1.0e-03,-1,SAM,0.3486,0.018566,2.359833e-01,8.96388687e-03,0.981277,129.4128,32.4161
7,backend,numeric,21,1.8000,1.0e-03,-1,SAM,0.3486,0.018566,2.601682e-01,1.30071963e-02,0.963312,119.9438,88.6471
7,backend,numeric,21,1.8000,1.0e-03,-1,SAM,0.3486,0.018566,2.868317e-01,1.42445085e-02,0.972272,118.2928,133.1540
7,backend,numeric,21,1.8000,1.0e-03,-1,SAM,0.3486,0.018566,3.162278e-01,1.07161475e-02,0.971704,121.3196,197.5658
7,backend,numeric,21,1.8000,1.0e-03,-1,SAM,0.3486,0.018566,3.486365e-01,9.85449854e-03,0.971533,114.5231,275.7348
7,backend,numeric,21,1.8000,1.0e-03,-1,SAM,0.3486,0.018566,3.843667e-01,6.40069169e-03,0.970216,117.9124,13.4027
7,backend,numeric,21,1.8000,1.0e-03,-1,SAM,0.3486,0.018566,4.237587e-01,9.15862982e-03,0.968414,115.3431,114.5797
7,backend,numeric,21,1.8000,1.0e-03,-1,SAM,0.3486,0.018566,4.671878e-01,7.32876187e-03,0.971894,117.5166,232.8561
7,backend,numeric,21,1.8000,1.0e-03,-1,SAM,0.3486,0.018566,5.150678e-01,5.49472041e-03,0.974143,119.8541,21.3059
7,backend,numeric,21,1.8000,1.0e-03,-1,SAM,0.3486,0.018566,5.678548e-01,8.72681370e-03,0.972050,114.9637,166.6295
7,backend,numeric,21,1.8000,1.0e-03,-1,SAM,0.3486,0.018566,6.260517e-01,6.58286933e-03,0.976435,112.4587,340.1785
7,backend,numeric,21,1.8000,1.0e-03,-1,SAM,0.3486,0.018566,6.902129e-01,8.24439167e-03,0.972048,115.7220,174.1332
7,backend,numeric,21,1.8000,1.0e-03,-1,SAM,0.3486,0.018566,7.609497e-01,6.07909919e-03,0.963359,114.9302,48.8047
7,backend,numeric,21,1.8000,1.0e-03,-1,SAM,0.3486,0.018566,8.389360e-01,7.89825537e-03,0.971959,111.3871,260.9602
7,backend,numeric,21,1.8000,1.0e-03,-1,SAM,0.3486,0.018566,9.249147e-01,7.70599060e-03,0.969480,116.2213,166.2465
7,backend,numeric,21,1.8000,1.0e-03,-1,SAM,0.3486,0.018566,1.019705e+00,8.15446787e-03,0.970787,113.6068,89.2666
7,backend,numeric,21,1.8000,1.0e-03,-1,SAM,0.3486,0.018566,1.124210e+00,7.30654489e-03,0.966063,110.3410,44.4013
7,backend,numeric,21,1.8000,1.0e-03,-1,SAM,0.3486,0.018566,1.239425e+00,6.43978779e-03,0.964872,112.4466,40.0087
7,backend,numeric,21,1.8000,1.0e-03,-1,SAM,0.3486,0.018566,1.366448e+00,7.33926590e-03,0.965392,111.7316,71.1766
7,backend,numeric,21,1.8000,1.0e-03,-1,SAM,0.3486,0.018566,1.506489e+00,8.86707390e-03,0.969776,113.6848,129.2320
7,backend,numeric,21,1.8000,1.0e-03,-1,SAM,0.3486,0.018566,1.660883e+00,7.41009035e-03,0.970290,115.6974,227.1179
7,backend,numeric,21,1.8000,1.0e-03,-1,SAM,0.3486,0.018566,1.831099e+00,6.66289595e-03,0.963474,112.6572,47.1492
7,backend,numeric,21,1.8000,1.0e-03,-1,SAM,0.3486,0.018566,2.018760e+00,8.26418877e-03,0.969176,113.0976,228.4481
7,backend,numeric,21,1.8000,1.0e-03,-1,SAM,0.3486,0.018566,2.225654e+00,7.73665225e-03,0.970776,114.3965,134.3933
7,backend,numeric,21,1.8000,1.0e-03,-1,SAM,0.3486,0.018566,2.453751e+00,8.66978772e-03,0.969001,113.2816,117.1875
7,backend,numeric,21,1.8000,1.0e-03,-1,SAM,0.3486,0.018566,2.705225e+00,8.53786218e-03,0.971784,115.0336,154.6177
7,backend,numeric,21,1.8000,1.0e-03,-1,SAM,0.3486,0.018566,2.982471e+00,8.09529621e-03,0.973249,111.2379,263.3760
7,backend,numeric,21,1.8000,1.0e-03,-1,SAM,0.3486,0.018566,3.288131e+00,8.07253225e-03,0.970054,113.8513,113.7952
7,backend,numeric,21,1.8000,1.0e-03,-1,SAM,0.3486,0.018566,3.625117e+00,6.92689369e-03,0.963419,113.2212,72.8959
7,backend,numeric,21,1.8000,1.0e-03,-1,SAM,0.3486,0.018566,3.996639e+00,8.12275054e-03,0.971192,114.3407,100.1131
7,backend,numeric,21,1.8000,1.0e-03,-1,SAM,0.3486,0.018566,4.406236e+00,7.00004158e-03,0.968399,113.9599,267.5513
7,backend,numeric,21,1.8000,1.0e-03,-1,SAM,0.3486,0.018566,4.857812e+00,7.80271893e-03,0.969148,115.8670,188.5921
7,backend,numeric,21,1.8000,1.0e-03,-1,SAM,0.3486,0.018566,5.355667e+00,7.04739548e-03,0.968674,114.2119,260.2376
7,backend,numeric,21,1.8000,1.0e-03,-1,SAM,0.3486,0.018566,5.904545e+00,8.18497867e-03,0.971362,115.1387,120.3054
7,backend,numeric,21,1.8000,1.0e-03,-1,SAM,0.3486,0.018566,6.509675e+00,8.75607211e-03,0.971057,114.1593,148.0129
7,backend,numeric,21,1.8000,1.0e-03,-1,SAM,0.3486,0.018566,7.176822e+00,5.27925665e-03,0.968092,117.9940,4.7416
7,backend,numeric,21,1.8000,1.0e-03,-1,SAM,0.3486,0.018566,7.912343e+00,8.35571853e-03,0.969117,111.8582,80.4071
7,backend,numeric,21,1.8000,1.0e-03,-1,SAM,0.3486,0.018566,8.723243e+00,5.04523382e-03,0.971289,119.7572,16.1073
7,backend,numeric,21,1.8000,1.0e-03,-1,SAM,0.3486,0.018566,9.617249e+00,8.06293948e-03,0.972411,115.5354,187.4269
7,backend,numeric,21,1.8000,1.0e-03,-1,SAM,0.3486,0.018566,1.060288e+01,7.29891543e-03,0.970328,111.1067,290.0960
7,backend,numeric,21,1.8000,1.0e-03,-1,SAM,0.3486,0.018566,1.168952e+01,6.20628435e-03,0.977000,114.0464,341.8673
7,backend,numeric,21,1.8000,1.0e-03,-1,SAM,0.3486,0.018566,1.288752e+01,5.70289958e-03,0.963618,115.8364,25.4789
7,backend,numeric,21,1.8000,1.0e-03,-1,SAM,0.3486,0.018566,1.420831e+01,6.90824402e-03,0.965397,111.1300,44.8143
7,backend,numeric,21,1.8000,1.0e-03,-1,SAM,0.3486,0.018566,1.566445e+01,8.89851981e-03,0.970667,113.7886,136.0148
7,backend,numeric,21,1.8000,1.0e-03,-1,SAM,0.3486,0.018566,1.726983e+01,7.20008021e-03,0.974231,111.4337,309.5253
7,backend,numeric,21,1.8000,1.0e-03,-1,SAM,0.3486,0.018566,1.903974e+01,8.21011791e-03,0.972001,111.4532,257.0337
7,backend,numeric,21,1.8000,1.0e-03,-1,SAM,0.3486,0.018566,2.099104e+01,7.91629430e-03,0.967230,110.4589,56.0292
7,backend,numeric,21,1.8000,1.0e-03,-1,SAM,0.3486,0.018566,2.314231e+01,7.92803496e-03,0.969453,112.3276,74.4983
7,backend,numeric,21,1.8000,1.0e-03,-1,SAM,0.3486,0.018566,2.551407e+01,7.17114719e-03,0.963889,112.6351,75.6881
7,backend,numeric,21,1.8000,1.0e-03,-1,SAM,0.3486,0.018566,2.812889e+01,7.47148972e-03,0.966670,110.3991,49.1462
7,backend,numeric,21,1.8000,1.0e-03,-1,SAM,0.3486,0.018566,3.101169e+01,7.66357623e-03,0.970794,115.7769,135.1168
7,backend,numeric,21,1.8000,1.0e-03,-1,SAM,0.3486,0.018566,3.418994e+01,6.57769340e-03,0.964865,111.7773,36.4273
7,backend,numeric,21,1.8000,1.0e-03,-1,SAM,0.3486,0.018566,3.769391e+01,7.76516732e-03,0.971303,116.1659,197.7018
7,backend,numeric,21,1.8000,1.0e-03,-1,SAM,0.3486,0.018566,4.155699e+01,5.36007193e-03,0.974163,119.0686,19.9717
7,backend,numeric,21,1.8000,1.0e-03,-1,SAM,0.3486,0.018566,4.581598e+01,7.14875660e-03,0.976085,111.4989,298.0740
7,backend,numeric,21,1.8000,1.0e-03,-1,SAM,0.3486,0.018566,5.051145e+01,8.82055762e-03,0.968737,113.0748,117.4728
7,backend,numeric,21,1.8000,1.0e-03,-1,SAM,0.3486,0.018566,5.568814e+01,7.33830947e-03,0.972334,110.7819,292.0402
7,backend,numeric,21,1.8000,1.0e-03,-1,SAM,0.3486,0.018566,6.139537e+01,7.33047181e-03,0.969962,110.6917,296.7481
7,backend,numeric,21,1.8000,1.0e-03,-1,SAM,0.3486,0.018566,6.768750e+01,7.45081846e-03,0.969614,114.0943,246.6914
7,backend,numeric,21,1.8000,1.0e-03,-1,SAM,0.3486,0.018566,7.462449e+01,5.50185758e-03,0.975386,117.9330,10.5688
7,backend,numeric,21,1.8000,1.0e-03,-1,SAM,0.3486,0.018566,8.227241e+01,8.03629368e-03,0.969919,113.7118,107.1656
7,backend,numeric,21,1.8000,1.0e-03,-1,SAM,0.3486,0.018566,9.070414e+01,7.88651960e-03,0.965128,111.2664,83.6369
7,backend,numeric,21,1.8000,1.0e-03,-1,SAM,0.3486,0.018566,1.000000e+02,7.87856476e-03,0.971293,115.3715,119.0442
8,backend,numeric,24,10.0000,1.0e-03,-1,LAM,0.8451,0.146688,0.000000e+00,2.78036422e-03,0.854972,57.8202,355.3730
8,backend,numeric,24,10.0000,1.0e-03,-1,LAM,0.8451,0.146688,1.000000e-03,2.63899450e-03,0.889406,57.5424,343.1896
8,backend,numeric,24,10.0000,1.0e-03,-1,LAM,0.8451,0.146688,1.102485e-03,2.62566939e-03,0.892502,57.4833,342.0329
8,backend,numeric,24,10.0000,1.0e-03,-1,LAM,0.8451,0.146688,1.215474e-03,2.61115573e-03,0.895828,57.4109,340.7760
8,backend,numeric,24,10.0000,1.0e-03,-1,LAM,0.8451,0.146688,1.340043e-03,2.59534242e-03,0.899388,57.3221,339.4120
8,backend,numeric,24,10.0000,1.0e-03,-1,LAM,0.8451,0.146688,1.477378e-03,2.57810043e-03,0.903187,57.2130,337.9339
8,backend,numeric,24,10.0000,1.0e-03,-1,LAM,0.8451,0.146688,1.628787e-03,2.55927485e-03,0.907226,57.0788,336.3347
8,backend,numeric,24,10.0000,1.0e-03,-1,LAM,0.8451,0.146688,1.795714e-03,2.53867265e-03,0.911501,56.9132,334.6074
8,backend,numeric,24,10.0000,1.0e-03,-1,LAM,0.8451,0.146688,1.979749e-03,2.51604582e-03,0.916006,56.7086,332.7450
8,backend,numeric,24,10.0000,1.0e-03,-1,LAM,0.8451,0.146688,2.182645e-03,2.49106642e-03,0.920728,56.4549,330.7408
8,backend,numeric,24,10.0000,1.0e-03,-1,LAM,0.8451,0.146688,2.406334e-03,2.46328247e-03,0.925649,56.1393,328.5882
8,backend,numeric,24,10.0000,1.0e-03,-1,LAM,0.8451,0.146688,2.652948e-03,2.43204584e-03,0.930744,55.7448,326.2811
8,backend,numeric,24,10.0000,1.0e-03,-1,LAM,0.8451,0.146688,2.924837e-03,2.39638164e-03,0.935982,55.2483,323.8140
8,backend,numeric,24,10.0000,1.0e-03,-1,LAM,0.8451,0.146688,3.224591e-03,2.35475333e-03,0.941323,54.6169,321.1830
8,backend,numeric,24,10.0000,1.0e-03,-1,LAM,0.8451,0.146688,3.555064e-03,2.30459760e-03,0.946719,53.8012,318.3865
8,backend,numeric,24,10.0000,1.0e-03,-1,LAM,0.8451,0.146688,3.919407e-03,2.24116574e-03,0.952105,52.7195,315.4289
8,backend,numeric,24,10.0000,1.0e-03,-1,LAM,0.8451,0.146688,4.321089e-03,2.15381425e-03,0.957370,51.2106,312.3349
8,backend,numeric,24,10.0000,1.0e-03,-1,LAM,0.8451,0.146688,4.763938e-03,2.00196966e-03,0.962054,48.8042,309.8069
8,backend,numeric,24,10.0000,1.0e-03,-1,LAM,0.8451,0.146688,5.252173e-03,1.98493384e-03,0.969966,47.4534,311.9451
8,backend,numeric,24,10.0000,1.0e-03,-1,LAM,0.8451,0.146688,5.790444e-03,2.14437873e-03,0.979200,48.4170,315.4667
8,backend,numeric,24,10.0000,1.0e-03,-1,LAM,0.8451,0.146688,6.383880e-03,2.42872493e-03,0.986458,51.6941,319.7315
8,backend,numeric,24,10.0000,1.0e-03,-1,LAM,0.8451,0.146688,7.038136e-03,2.79462719e-03,0.991036,56.4581,324.2992
8,backend,numeric,24,10.0000,1.0e-03,-1,LAM,0.8451,0.146688,7.759442e-03,3.21108483e-03,0.993696,61.7240,328.9357
8,backend,numeric,24,10.0000,1.0e-03,-1,LAM,0.8451,0.146688,8.554673e-03,3.66614500e-03,0.995283,66.7688,333.5572
8,backend,numeric,24,10.0000,1.0e-03,-1,LAM,0.8451,0.146688,9.431402e-03,4.15338554e-03,0.996341,71.2128,338.1296
8,backend,numeric,24,10.0000,1.0e-03,-1,LAM,0.8451,0.146688,1.039798e-02,4.66575899e-03,0.997142,74.9842,342.6571
8,backend,numeric,24,10.0000,1.0e-03,-1,LAM,0.8451,0.146688,1.146363e-02,5.18994548e-03,0.997807,78.1622,347.1795
8,backend,numeric,24,10.0000,1.0e-03,-1,LAM,0.8451,0.146688,1.263848e-02,5.71361881e-03,0.998373,80.9006,351.7528
8,backend,numeric,24,10.0000,1.0e-03,-1,LAM,0.8451,0.146688,1.393374e-02,6.23121655e-03,0.998840,83.3593,356.4198
8,backend,numeric,24,10.0000,1.0e-03,-1,LAM,0.8451,0.146688,1.536175e-02,6.73652879e-03,0.999210,85.6681,1.2181
8,backend,numeric,24,10.0000,1.0e-03,-1,LAM,0.8451,0.146688,1.693611e-02,7.21865971e-03,0.999490,87.9342,6.1921
8,backend,numeric,24,10.0000,1.0e-03,-1,LAM,0.8451,0.146688,1.867181e-02,7.66228811e-03,0.999690,90.2711,11.3939
8,backend,numeric,24,10.0000,1.0e-03,-1,LAM,0.8451,0.146688,2.058540e-02,8.04612652e-03,0.999825,92.8203,16.8986
8,backend,numeric,24,10.0000,1.0e-03,-1,LAM,0.8451,0.146688,2.269511e-02,8.33483428e-03,0.999908,95.7829,22.8101
8,backend,numeric,24,10.0000,1.0e-03,-1,LAM,0.8451,0.146688,2.502102e-02,8.47295725e-03,0.999956,99.5095,29.2884
8,backend,numeric,24,10.0000,1.0e-03,-1,LAM,0.8451,0.146688,2.758532e-02,8.37118606e-03,0.999981,104.7407,36.6236
8,backend,numeric,24,10.0000,1.0e-03,-1,LAM,0.8451,0.146688,3.041241e-02,7.87021252e-03,0.999993,113.3464,45.4223
8,backend,numeric,24,10.0000,1.0e-03,-1,LAM,0.8451,0.146688,3.352924e-02,6.73586048e-03,0.999996,129.7797,57.4149
8,backend,numeric,24,10.0000,1.0e-03,-1,LAM,0.8451,0.146688,3.696550e-02,4.29199747e-03,0.999989,154.1296,77.3107
8,backend,numeric,24,10.0000,1.0e-03,-1,LAM,0.8451,0.146688,4.075393e-02,7.88885571e-04,0.952159,175.5961,138.8641
8,backend,numeric,24,10.0000,1.0e-03,-1,LAM,0.8451,0.146688,4.493062e-02,1.06384787e-03,0.859784,172.8526,98.3884
8,backend,numeric,24,10.0000,1.0e-03,-1,LAM,0.8451,0.146688,4.953535e-02,1.20425391e-03,0.820961,171.3021,8.0327
8,backend,numeric,24,10.0000,1.0e-03,-1,LAM,0.8451,0.146688,5.461201e-02,1.29899021e-03,0.810084,169.1916,251.9864
8,backend,numeric,24,10.0000,1.0e-03,-1,LAM,0.8451,0.146688,6.020894e-02,1.37405730e-03,0.816613,169.1974,126.7433
8,backend,numeric,24,10.0000,1.0e-03,-1,LAM,0.8451,0.146688,6.637949e-02,1.45065216e-03,0.835352,166.6801,14.9754
8,backend,numeric,24,10.0000,1.0e-03,-1,LAM,0.8451,0.146688,7.318242e-02,1.55685838e-03,0.862088,162.5977,280.8446
8,backend,numeric,24,10.0000,1.0e-03,-1,LAM,0.8451,0.146688,8.068256e-02,1.74027453e-03,0.893698,159.8298,215.4022
8,backend,numeric,24,10.0000,1.0e-03,-1,LAM,0.8451,0.146688,8.895135e-02,2.08335487e-03,0.922613,157.5564,161.7153
8,backend,numeric,24,10.0000,1.0e-03,-1,LAM,0.8451,0.146688,9.806757e-02,2.82937146e-03,0.948278,145.1353,128.5649
8,backend,numeric,24,10.0000,1.0e-03,-1,LAM,0.8451,0.146688,1.081181e-01,4.83970615e-03,0.969238,122.8588,140.1174
8,backend,numeric,24,10.0000,1.0e-03,-1,LAM,0.8451,0.146688,1.191986e-01,3.09030366e-03,0.968452,129.9898,214.7196
8,backend,numeric,24,10.0000,1.0e-03,-1,LAM,0.8451,0.146688,1.314147e-01,2.73706899e-03,0.975718,119.3322,307.1861
8,backend,numeric,24,10.0000,1.0e-03,-1,LAM,0.8451,0.146688,1.448828e-01,2.41577609e-03,0.970874,115.5676,69.6182
8,backend,numeric,24,10.0000,1.0e-03,-1,LAM,0.8451,0.146688,1.597312e-01,2.10797642e-03,0.967593,114.1285,234.8001
8,backend,numeric,24,10.0000,1.0e-03,-1,LAM,0.8451,0.146688,1.761014e-01,2.07716955e-03,0.967370,111.6926,48.9259
8,backend,numeric,24,10.0000,1.0e-03,-1,LAM,0.8451,0.146688,1.941492e-01,2.12980034e-03,0.968978,112.0251,256.7961
8,backend,numeric,24,10.0000,1.0e-03,-1,LAM,0.8451,0.146688,2.140467e-01,2.04908004e-03,0.972251,113.4291,111.7868
8,backend,numeric,24,10.0000,1.0e-03,-1,LAM,0.8451,0.146688,2.359833e-01,1.69999594e-03,0.969014,115.8071,7.6100
8,backend,numeric,24,10.0000,1.0e-03,-1,LAM,0.8451,0.146688,2.601682e-01,2.13341692e-03,0.970350,111.6534,282.0534
8,backend,numeric,24,10.0000,1.0e-03,-1,LAM,0.8451,0.146688,2.868317e-01,1.83503015e-03,0.967433,114.3293,225.4832
8,backend,numeric,24,10.0000,1.0e-03,-1,LAM,0.8451,0.146688,3.162278e-01,1.77206755e-03,0.970873,115.0375,192.6436
8,backend,numeric,24,10.0000,1.0e-03,-1,LAM,0.8451,0.146688,3.486365e-01,1.77185542e-03,0.970938,115.0824,196.8586
8,backend,numeric,24,10.0000,1.0e-03,-1,LAM,0.8451,0.146688,3.843667e-01,1.84655427e-03,0.967218,114.1982,240.5071
8,backend,numeric,24,10.0000,1.0e-03,-1,LAM,0.8451,0.146688,4.237587e-01,2.10079822e-03,0.972292,111.8028,314.6977
8,backend,numeric,24,10.0000,1.0e-03,-1,LAM,0.8451,0.146688,4.671878e-01,2.04841982e-03,0.966393,111.9384,78.1556
8,backend,numeric,24,10.0000,1.0e-03,-1,LAM,0.8451,0.146688,5.150678e-01,1.89475290e-03,0.967270,113.7061,246.6010
8,backend,numeric,24,10.0000,1.0e-03,-1,LAM,0.8451,0.146688,5.678548e-01,2.22705929e-03,0.969585,112.2223,111.7208
8,backend,numeric,24,10.0000,1.0e-03,-1,LAM,0.8451,0.146688,6.260517e-01,1.68057027e-03,0.966475,115.1967,46.3988
8,backend,numeric,24,10.0000,1.0e-03,-1,LAM,0.8451,0.146688,6.902129e-01,1.75409809e-03,0.965672,114.2220,48.9188
8,backend,numeric,24,10.0000,1.0e-03,-1,LAM,0.8451,0.146688,7.609497e-01,2.15363767e-03,0.972225,113.5457,121.8232
8,backend,numeric,24,10.0000,1.0e-03,-1,LAM,0.8451,0.146688,8.389360e-01,2.06221012e-03,0.972470,112.2880,273.9201
8,backend,numeric,24,10.0000,1.0e-03,-1,LAM,0.8451,0.146688,9.249147e-01,1.81505231e-03,0.969899,115.8007,161.7157
8,backend,numeric,24,10.0000,1.0e-03,-1,LAM,0.8451,0.146688,1.019705e+00,1.89991758e-03,0.972807,115.0182,129.3357
8,backend,numeric,24,10.0000,1.0e-03,-1,LAM,0.8451,0.146688,1.124210e+00,1.97156603e-03,0.966915,113.3056,216.6269
8,backend,numeric,24,10.0000,1.0e-03,-1,LAM,0.8451,0.146688,1.239425e+00,2.09666824e-03,0.968521,111.7880,66.1547
8,backend,numeric,24,10.0000,1.0e-03,-1,LAM,0.8451,0.146688,1.366448e+00,1.96970635e-03,0.966375,112.3041,62.0478
8,backend,numeric,24,10.0000,1.0e-03,-1,LAM,0.8451,0.146688,1.506489e+00,1.94544574e-03,0.973043,114.7795,173.8688
8,backend,numeric,24,10.0000,1.0e-03,-1,LAM,0.8451,0.146688,1.660883e+00,2.19961999e-03,0.968578,111.7275,99.8686
8,backend,numeric,24,10.0000,1.0e-03,-1,LAM,0.8451,0.146688,1.831099e+00,2.01239848e-03,0.967789,113.0507,215.0147
8,backend,numeric,24,10.0000,1.0e-03,-1,LAM,0.8451,0.146688,2.018760e+00,1.81828393e-03,0.971630,115.5260,145.5863
8,backend,numeric,24,10.0000,1.0e-03,-1,LAM,0.8451,0.146688,2.225654e+00,2.07056812e-03,0.973005,112.5467,300.5206
8,backend,numeric,24,10.0000,1.0e-03,-1,LAM,0.8451,0.146688,2.453751e+00,1.97452416e-03,0.974251,113.1068,337.1360
8,backend,numeric,24,10.0000,1.0e-03,-1,LAM,0.8451,0.146688,2.705225e+00,2.07141351e-03,0.969161,112.1303,255.6506
8,backend,numeric,24,10.0000,1.0e-03,-1,LAM,0.8451,0.146688,2.982471e+00,1.91535150e-03,0.972854,115.1591,128.8206
8,backend,numeric,24,10.0000,1.0e-03,-1,LAM,0.8451,0.146688,3.288131e+00,2.05381726e-03,0.973184,112.6226,312.4246
8,backend,numeric,24,10.0000,1.0e-03,-1,LAM,0.8451,0.146688,3.625117e+00,2.22112805e-03,0.969297,112.0016,108.0877
8,backend,numeric,24,10.0000,1.0e-03,-1,LAM,0.8451,0.146688,3.996639e+00,1.82421823e-03,0.974529,114.5253,309.9593
8,backend,numeric,24,10.0000,1.0e-03,-1,LAM,0.8451,0.146688,4.406236e+00,1.77072061e-03,0.968637,115.0787,224.4474
8,backend,numeric,24,10.0000,1.0e-03,-1,LAM,0.8451,0.146688,4.857812e+00,2.09503448e-03,0.968749,112.4022,229.8612
8,backend,numeric,24,10.0000,1.0e-03,-1,LAM,0.8451,0.146688,5.355667e+00,1.80869543e-03,0.966372,113.9081,44.9134
8,backend,numeric,24,10.0000,1.0e-03,-1,LAM,0.8451,0.146688,5.904545e+00,2.16998711e-03,0.968520,111.4144,65.4372
8,backend,numeric,24,10.0000,1.0e-03,-1,LAM,0.8451,0.146688,6.509675e+00,1.96524959e-03,0.974232,112.9312,336.3971
8,backend,numeric,24,10.0000,1.0e-03,-1,LAM,0.8451,0.146688,7.176822e+00,2.06591954e-03,0.967623,112.3879,240.2559
8,backend,numeric,24,10.0000,1.0e-03,-1,LAM,0.8451,0.146688,7.912343e+00,1.96011288e-03,0.967314,113.6123,198.9212
8,backend,numeric,24,10.0000,1.0e-03,-1,LAM,0.8451,0.146688,8.723243e+00,2.07213118e-03,0.969127,112.1677,252.0382
8,backend,numeric,24,10.0000,1.0e-03,-1,LAM,0.8451,0.146688,9.617249e+00,1.97576904e-03,0.972958,115.2296,168.7642
8,backend,numeric,24,10.0000,1.0e-03,-1,LAM,0.8451,0.146688,1.060288e+01,1.63945967e-03,0.967481,115.8057,40.9799
8,backend,numeric,24,10.0000,1.0e-03,-1,LAM,0.8451,0.146688,1.168952e+01,1.99342480e-03,0.973251,112.3456,306.5000
8,backend,numeric,24,10.0000,1.0e-03,-1,LAM,0.8451,0.146688,1.288752e+01,2.10293812e-03,0.967039,111.3151,55.6920
8,backend,numeric,24,10.0000,1.0e-03,-1,LAM,0.8451,0.146688,1.420831e+01,2.01181498e-03,0.967173,111.7804,47.5060
8,backend,numeric,24,10.0000,1.0e-03,-1,LAM,0.8451,0.146688,1.566445e+01,2.17310780e-03,0.972164,113.4788,132.8378
8,backend,numeric,24,10.0000,1.0e-03,-1,LAM,0.8451,0.146688,1.726983e+01,2.12799543e-03,0.970785,112.7236,95.1079
8,backend,numeric,24,10.0000,1.0e-03,-1,LAM,0.8451,0.146688,1.903974e+01,2.12563123e-03,0.971990,113.0582,87.7366
8,backend,numeric,24,10.0000,1.0e-03,-1,LAM,0.8451,0.146688,2.099104e+01,1.72903403e-03,0.973738,115.4612,322.0890
8,backend,numeric,24,10.0000,1.0e-03,-1,LAM,0.8451,0.146688,2.314231e+01,2.15399633e-03,0.969742,111.8496,257.2587
8,backend,numeric,24,10.0000,1.0e-03,-1,LAM,0.8451,0.146688,2.551407e+01,2.10961777e-03,0.972760,113.9639,148.2777
8,backend,numeric,24,10.0000,1.0e-03,-1,LAM,0.8451,0.146688,2.812889e+01,2.09056280e-03,0.967795,112.3399,235.4351
8,backend,numeric,24,10.0000,1.0e-03,-1,LAM,0.8451,0.146688,3.101169e+01,2.15082682e-03,0.971646,112.8016,83.7104
8,backend,numeric,24,10.0000,1.0e-03,-1,LAM,0.8451,0.146688,3.418994e+01,1.69591323e-03,0.970606,116.1928,352.3462
8,backend,numeric,24,10.0000,1.0e-03,-1,LAM,0.8451,0.146688,3.769391e+01,2.02978863e-03,0.972627,112.1493,297.5463
8,backend,numeric,24,10.0000,1.0e-03,-1,LAM,0.8451,0.146688,4.155699e+01,2.07516760e-03,0.972138,111.8432,309.6467
8,backend,numeric,24,10.0000,1.0e-03,-1,LAM,0.8451,0.146688,4.581598e+01,NaN,NaN,NaN,NaN
8,backend,numeric,24,10.0000,1.0e-03,-1,LAM,0.8451,0.146688,5.051145e+01,NaN,NaN,NaN,NaN
8,backend,numeric,24,10.0000,1.0e-03,-1,LAM,0.8451,0.146688,5.568814e+01,NaN,NaN,NaN,NaN
8,backend,numeric,24,10.0000,1.0e-03,-1,LAM,0.8451,0.146688,6.139537e+01,NaN,NaN,NaN,NaN
8,backend,numeric,24,10.0000,1.0e-03,-1,LAM,0.8451,0.146688,6.768750e+01,NaN,NaN,NaN,NaN
8,backend,numeric,24,10.0000,1.0e-03,-1,LAM,0.8451,0.146688,7.462449e+01,NaN,NaN,NaN,NaN
8,backend,numeric,24,10.0000,1.0e-03,-1,LAM,0.8451,0.146688,8.227241e+01,NaN,NaN,NaN,NaN
8,backend,numeric,24,10.0000,1.0e-03,-1,LAM,0.8451,0.146688,9.070414e+01,NaN,NaN,NaN,NaN
8,backend,numeric,24,10.0000,1.0e-03,-1,LAM,0.8451,0.146688,1.000000e+02,NaN,NaN,NaN,NaN
9,backend,numeric,28,0.1000,1.0e-03,-1,SAM,0.9146,0.048707,0.000000e+00,2.48725381e-03,0.996702,31.1079,25.6595
9,backend,numeric,28,0.1000,1.0e-03,-1,SAM,0.9146,0.048707,1.000000e-03,3.16183383e-03,0.998707,42.6762,31.7068
9,backend,numeric,28,0.1000,1.0e-03,-1,SAM,0.9146,0.048707,1.102485e-03,3.22791352e-03,0.998796,43.8466,32.2683
9,backend,numeric,28,0.1000,1.0e-03,-1,SAM,0.9146,0.048707,1.215474e-03,3.30018107e-03,0.998881,45.1254,32.8768
9,backend,numeric,28,0.1000,1.0e-03,-1,SAM,0.9146,0.048707,1.340043e-03,3.37926635e-03,0.998962,46.5184,33.5356
9,backend,numeric,28,0.1000,1.0e-03,-1,SAM,0.9146,0.048707,1.477378e-03,3.46592038e-03,0.999039,48.0296,34.2476
9,backend,numeric,28,0.1000,1.0e-03,-1,SAM,0.9146,0.048707,1.628787e-03,3.56103260e-03,0.999109,49.6603,35.0153
9,backend,numeric,28,0.1000,1.0e-03,-1,SAM,0.9146,0.048707,1.795714e-03,3.66567407e-03,0.999173,51.4088,35.8415
9,backend,numeric,28,0.1000,1.0e-03,-1,SAM,0.9146,0.048707,1.979749e-03,3.78107012e-03,0.999231,53.2685,36.7283
9,backend,numeric,28,0.1000,1.0e-03,-1,SAM,0.9146,0.048707,2.182645e-03,3.90855058e-03,0.999283,55.2267,37.6781
9,backend,numeric,28,0.1000,1.0e-03,-1,SAM,0.9146,0.048707,2.406334e-03,4.04945077e-03,0.999326,57.2644,38.6937
9,backend,numeric,28,0.1000,1.0e-03,-1,SAM,0.9146,0.048707,2.652948e-03,4.20511313e-03,0.999362,59.3574,39.7780
9,backend,numeric,28,0.1000,1.0e-03,-1,SAM,0.9146,0.048707,2.924837e-03,4.37673195e-03,0.999391,61.4785,40.9340
9,backend,numeric,28,0.1000,1.0e-03,-1,SAM,0.9146,0.048707,3.224591e-03,4.56530240e-03,0.999412,63.5996,42.1648
9,backend,numeric,28,0.1000,1.0e-03,-1,SAM,0.9146,0.048707,3.555064e-03,4.77140446e-03,0.999428,65.6938,43.4746
9,backend,numeric,28,0.1000,1.0e-03,-1,SAM,0.9146,0.048707,3.919407e-03,4.99500502e-03,0.999439,67.7380,44.8684
9,backend,numeric,28,0.1000,1.0e-03,-1,SAM,0.9146,0.048707,4.321089e-03,5.23540723e-03,0.999448,69.7142,46.3528
9,backend,numeric,28,0.1000,1.0e-03,-1,SAM,0.9146,0.048707,4.763938e-03,5.49203779e-03,0.999455,71.6134,47.9342
9,backend,numeric,28,0.1000,1.0e-03,-1,SAM,0.9146,0.048707,5.252173e-03,5.76457858e-03,0.999462,73.4336,49.6182
9,backend,numeric,28,0.1000,1.0e-03,-1,SAM,0.9146,0.048707,5.790444e-03,6.05255087e-03,0.999469,75.1761,51.4117
9,backend,numeric,28,0.1000,1.0e-03,-1,SAM,0.9146,0.048707,6.383880e-03,6.35539807e-03,0.999477,76.8451,53.3212
9,backend,numeric,28,0.1000,1.0e-03,-1,SAM,0.9146,0.048707,7.038136e-03,6.67245348e-03,0.999486,78.4474,55.3543
9,backend,numeric,28,0.1000,1.0e-03,-1,SAM,0.9146,0.048707,7.759442e-03,7.00302171e-03,0.999496,79.9915,57.5187
9,backend,numeric,28,0.1000,1.0e-03,-1,SAM,0.9146,0.048707,8.554673e-03,7.34599130e-03,0.999508,81.4865,59.8233
9,backend,numeric,28,0.1000,1.0e-03,-1,SAM,0.9146,0.048707,9.431402e-03,7.69987617e-03,0.999522,82.9427,62.2785
9,backend,numeric,28,0.1000,1.0e-03,-1,SAM,0.9146,0.048707,1.039798e-02,8.06253442e-03,0.999538,84.3709,64.8963
9,backend,numeric,28,0.1000,1.0e-03,-1,SAM,0.9146,0.048707,1.146363e-02,8.43083820e-03,0.999557,85.7831,67.6913
9,backend,numeric,28,0.1000,1.0e-03,-1,SAM,0.9146,0.048707,1.263848e-02,8.80090212e-03,0.999579,87.1939,70.6800
9,backend,numeric,28,0.1000,1.0e-03,-1,SAM,0.9146,0.048707,1.393374e-02,9.16794014e-03,0.999604,88.6221,73.8817
9,backend,numeric,28,0.1000,1.0e-03,-1,SAM,0.9146,0.048707,1.536175e-02,9.52572243e-03,0.999632,90.0909,77.3202
9,backend,numeric,28,0.1000,1.0e-03,-1,SAM,0.9146,0.048707,1.693611e-02,9.86600085e-03,0.999663,91.6309,81.0281
9,backend,numeric,28,0.1000,1.0e-03,-1,SAM,0.9146,0.048707,1.867181e-02,1.01767796e-02,0.999696,93.2841,85.0452
9,backend,numeric,28,0.1000,1.0e-03,-1,SAM,0.9146,0.048707,2.058540e-02,1.04410520e-02,0.999731,95.1133,89.4214
9,backend,numeric,28,0.1000,1.0e-03,-1,SAM,0.9146,0.048707,2.269511e-02,1.06347547e-02,0.999768,97.2183,94.2246
9,backend,numeric,28,0.1000,1.0e-03,-1,SAM,0.9146,0.048707,2.502102e-02,1.07241558e-02,0.999805,99.7714,99.5543
9,backend,numeric,28,0.1000,1.0e-03,-1,SAM,0.9146,0.048707,2.758532e-02,1.06555797e-02,0.999842,103.0984,105.5621
9,backend,numeric,28,0.1000,1.0e-03,-1,SAM,0.9146,0.048707,3.041241e-02,1.03400684e-02,0.999875,107.8895,112.5021
9,backend,numeric,28,0.1000,1.0e-03,-1,SAM,0.9146,0.048707,3.352924e-02,9.61623873e-03,0.999900,115.8006,120.8904
9,backend,numeric,28,0.1000,1.0e-03,-1,SAM,0.9146,0.048707,3.696550e-02,8.30118281e-03,0.999885,130.1696,132.0439
9,backend,numeric,28,0.1000,1.0e-03,-1,SAM,0.9146,0.048707,4.075393e-02,5.74690878e-03,0.999528,151.1871,149.0053
9,backend,numeric,28,0.1000,1.0e-03,-1,SAM,0.9146,0.048707,4.493062e-02,2.67769442e-03,0.968878,169.5367,184.3542
9,backend,numeric,28,0.1000,1.0e-03,-1,SAM,0.9146,0.048707,4.953535e-02,3.35830789e-03,0.927305,166.6186,194.4972
9,backend,numeric,28,0.1000,1.0e-03,-1,SAM,0.9146,0.048707,5.461201e-02,3.73397120e-03,0.890799,166.0169,187.8700
9,backend,numeric,28,0.1000,1.0e-03,-1,SAM,0.9146,0.048707,6.020894e-02,4.04656513e-03,0.857259,165.9441,169.9393
9,backend,numeric,28,0.1000,1.0e-03,-1,SAM,0.9146,0.048707,6.637949e-02,4.33158477e-03,0.825823,165.9741,139.0736
9,backend,numeric,28,0.1000,1.0e-03,-1,SAM,0.9146,0.048707,7.318242e-02,4.60291510e-03,0.795890,165.9882,94.7936
9,backend,numeric,28,0.1000,1.0e-03,-1,SAM,0.9146,0.048707,8.068256e-02,4.86721642e-03,0.766997,166.6494,33.6330
9,backend,numeric,28,0.1000,1.0e-03,-1,SAM,0.9146,0.048707,8.895135e-02,5.12786295e-03,0.738943,165.7257,309.0450
9,backend,numeric,28,0.1000,1.0e-03,-1,SAM,0.9146,0.048707,9.806757e-02,5.38539813e-03,0.712382,163.2175,218.9567
9,backend,numeric,28,0.1000,1.0e-03,-1,SAM,0.9146,0.048707,1.081181e-01,5.64213084e-03,0.686722,163.6221,109.5689
9,backend,numeric,28,0.1000,1.0e-03,-1,SAM,0.9146,0.048707,1.191986e-01,5.90037813e-03,0.661204,164.1295,325.9978
9,backend,numeric,28,0.1000,1.0e-03,-1,SAM,0.9146,0.048707,1.314147e-01,6.15685047e-03,0.636746,161.8407,165.8934
9,backend,numeric,28,0.1000,1.0e-03,-1,SAM,0.9146,0.048707,1.448828e-01,6.41487075e-03,0.612524,162.8881,327.7076
9,backend,numeric,28,0.1000,1.0e-03,-1,SAM,0.9146,0.048707,1.597312e-01,6.67082937e-03,0.589209,161.1598,102.9365
9,backend,numeric,28,0.1000,1.0e-03,-1,SAM,0.9146,0.048707,1.761014e-01,6.92782781e-03,0.566068,159.6040,188.9884
9,backend,numeric,28,0.1000,1.0e-03,-1,SAM,0.9146,0.048707,1.941492e-01,7.18315279e-03,0.543543,159.0574,229.6900
9,backend,numeric,28,0.1000,1.0e-03,-1,SAM,0.9146,0.048707,2.140467e-01,7.43451991e-03,0.521717,157.9474,219.0765
9,backend,numeric,28,0.1000,1.0e-03,-1,SAM,0.9146,0.048707,2.359833e-01,7.67914020e-03,0.500781,156.6617,150.1795
9,backend,numeric,28,0.1000,1.0e-03,-1,SAM,0.9146,0.048707,2.601682e-01,7.91693968e-03,0.480576,157.5208,6.4544
9,backend,numeric,28,0.1000,1.0e-03,-1,SAM,0.9146,0.048707,2.868317e-01,8.13977837e-03,0.461709,153.7281,146.6845
9,backend,numeric,28,0.1000,1.0e-03,-1,SAM,0.9146,0.048707,3.162278e-01,8.34315896e-03,0.444314,151.4339,195.6630
9,backend,numeric,28,0.1000,1.0e-03,-1,SAM,0.9146,0.048707,3.486365e-01,8.51177580e-03,0.429334,149.2959,154.7857
9,backend,numeric,28,0.1000,1.0e-03,-1,SAM,0.9146,0.048707,3.843667e-01,8.63497413e-03,0.417109,148.5330,10.8003
9,backend,numeric,28,0.1000,1.0e-03,-1,SAM,0.9146,0.048707,4.237587e-01,8.69010424e-03,0.408900,143.6282,126.8806
9,backend,numeric,28,0.1000,1.0e-03,-1,SAM,0.9146,0.048707,4.671878e-01,8.66320961e-03,0.405828,139.1911,142.4533
9,backend,numeric,28,0.1000,1.0e-03,-1,SAM,0.9146,0.048707,5.150678e-01,8.54589332e-03,0.409399,135.3022,69.9498
9,backend,numeric,28,0.1000,1.0e-03,-1,SAM,0.9146,0.048707,5.678548e-01,8.36056313e-03,0.421267,130.6936,290.5383
9,backend,numeric,28,0.1000,1.0e-03,-1,SAM,0.9146,0.048707,6.260517e-01,8.12350007e-03,0.444880,124.9255,115.7125
9,backend,numeric,28,0.1000,1.0e-03,-1,SAM,0.9146,0.048707,6.902129e-01,7.87043054e-03,0.483751,121.1563,317.7052
9,backend,numeric,28,0.1000,1.0e-03,-1,SAM,0.9146,0.048707,7.609497e-01,7.68596251e-03,0.538908,115.7329,262.0219
9,backend,numeric,28,0.1000,1.0e-03,-1,SAM,0.9146,0.048707,8.389360e-01,7.67521857e-03,0.606471,113.7833,16.1578
9,backend,numeric,28,0.1000,1.0e-03,-1,SAM,0.9146,0.048707,9.249147e-01,7.89793282e-03,0.677749,109.3959,319.8404
9,backend,numeric,28,0.1000,1.0e-03,-1,SAM,0.9146,0.048707,1.019705e+00,8.23893889e-03,0.748040,100.1764,84.8292
9,backend,numeric,28,0.1000,1.0e-03,-1,SAM,0.9146,0.048707,1.124210e+00,8.58395814e-03,0.811995,100.1339,345.3067
9,backend,numeric,28,0.1000,1.0e-03,-1,SAM,0.9146,0.048707,1.239425e+00,8.05309324e-03,0.880721,89.2405,332.3187
9,backend,numeric,28,0.1000,1.0e-03,-1,SAM,0.9146,0.048707,1.366448e+00,1.40878925e-02,0.998887,118.9449,239.9326
9,backend,numeric,28,0.1000,1.0e-03,-1,SAM,0.9146,0.048707,1.506489e+00,1.45006510e-02,0.853889,125.2365,108.3916
9,backend,numeric,28,0.1000,1.0e-03,-1,SAM,0.9146,0.048707,1.660883e+00,1.86924294e-02,0.842993,108.5694,180.2190
9,backend,numeric,28,0.1000,1.0e-03,-1,SAM,0.9146,0.048707,1.831099e+00,2.33408203e-02,0.850923,126.7084,307.7733
9,backend,numeric,28,0.1000,1.0e-03,-1,SAM,0.9146,0.048707,2.018760e+00,2.36491065e-02,0.911313,92.3957,139.8802
9,backend,numeric,28,0.1000,1.0e-03,-1,SAM,0.9146,0.048707,2.225654e+00,3.22793077e-02,0.912639,131.1034,24.4906
9,backend,numeric,28,0.1000,1.0e-03,-1,SAM,0.9146,0.048707,2.453751e+00,3.63699141e-02,0.937776,67.3490,253.1451
9,backend,numeric,28,0.1000,1.0e-03,-1,SAM,0.9146,0.048707,2.705225e+00,1.41063980e-01,0.998792,59.4390,246.9990
9,backend,numeric,28,0.1000,1.0e-03,-1,SAM,0.9146,0.048707,2.982471e+00,3.36377694e-01,0.999956,24.1968,187.2607
9,backend,numeric,28,0.1000,1.0e-03,-1,SAM,0.9146,0.048707,3.288131e+00,4.89377658e-01,0.999993,108.7092,135.9470
9,backend,numeric,28,0.1000,1.0e-03,-1,SAM,0.9146,0.048707,3.625117e+00,3.15973660e-01,0.999988,118.0438,249.6367
9,backend,numeric,28,0.1000,1.0e-03,-1,SAM,0.9146,0.048707,3.996639e+00,4.88057440e-01,0.999999,9.9948,263.1156
9,backend,numeric,28,0.1000,1.0e-03,-1,SAM,0.9146,0.048707,4.406236e+00,6.25023231e-01,1.000000,150.4929,110.8541
9,backend,numeric,28,0.1000,1.0e-03,-1,SAM,0.9146,0.048707,4.857812e+00,3.99694529e-01,1.000000,65.0187,283.1183
9,backend,numeric,28,0.1000,1.0e-03,-1,SAM,0.9146,0.048707,5.355667e+00,6.91441491e-01,1.000000,114.9329,67.8488
9,backend,numeric,28,0.1000,1.0e-03,-1,SAM,0.9146,0.048707,5.904545e+00,4.17222216e-01,1.000000,67.0244,298.5661
9,backend,numeric,28,0.1000,1.0e-03,-1,SAM,0.9146,0.048707,6.509675e+00,6.12159667e-01,1.000000,145.0595,23.5089
9,backend,numeric,28,0.1000,1.0e-03,-1,SAM,0.9146,0.048707,7.176822e+00,6.00936922e-01,1.000000,52.9681,12.8769
9,backend,numeric,28,0.1000,1.0e-03,-1,SAM,0.9146,0.048707,7.912343e+00,4.98926657e-01,1.000000,87.7015,309.0768
9,backend,numeric,28,0.1000,1.0e-03,-1,SAM,0.9146,0.048707,8.723243e+00,6.41434161e-01,1.000000,133.3274,329.1978
9,backend,numeric,28,0.1000,1.0e-03,-1,SAM,0.9146,0.048707,9.617249e+00,8.16953127e-01,1.000000,131.6155,11.5938
9,backend,numeric,28,0.1000,1.0e-03,-1,SAM,0.9146,0.048707,1.060288e+01,9.43789692e-01,1.000000,125.3048,20.5341
9,backend,numeric,28,0.1000,1.0e-03,-1,SAM,0.9146,0.048707,1.168952e+01,NaN,NaN,NaN,NaN
9,backend,numeric,28,0.1000,1.0e-03,-1,SAM,0.9146,0.048707,1.288752e+01,NaN,NaN,NaN,NaN
9,backend,numeric,28,0.1000,1.0e-03,-1,SAM,0.9146,0.048707,1.420831e+01,NaN,NaN,NaN,NaN
9,backend,numeric,28,0.1000,1.0e-03,-1,SAM,0.9146,0.048707,1.566445e+01,NaN,NaN,NaN,NaN
9,backend,numeric,28,0.1000,1.0e-03,-1,SAM,0.9146,0.048707,1.726983e+01,NaN,NaN,NaN,NaN
9,backend,numeric,28,0.1000,1.0e-03,-1,SAM,0.9146,0.048707,1.903974e+01,NaN,NaN,NaN,NaN
9,backend,numeric,28,0.1000,1.0e-03,-1,SAM,0.9146,0.048707,2.099104e+01,NaN,NaN,NaN,NaN
9,backend,numeric,28,0.1000,1.0e-03,-1,SAM,0.9146,0.048707,2.314231e+01,NaN,NaN,NaN,NaN
9,backend,numeric,28,0.1000,1.0e-03,-1,SAM,0.9146,0.048707,2.551407e+01,NaN,NaN,NaN,NaN
9,backend,numeric,28,0.1000,1.0e-03,-1,SAM,0.9146,0.048707,2.812889e+01,NaN,NaN,NaN,NaN
9,backend,numeric,28,0.1000,1.0e-03,-1,SAM,0.9146,0.048707,3.101169e+01,NaN,NaN,NaN,NaN
9,backend,numeric,28,0.1000,1.0e-03,-1,SAM,0.9146,0.048707,3.418994e+01,NaN,NaN,NaN,NaN
9,backend,numeric,28,0.1000,1.0e-03,-1,SAM,0.9146,0.048707,3.769391e+01,NaN,NaN,NaN,NaN
9,backend,numeric,28,0.1000,1.0e-03,-1,SAM,0.9146,0.048707,4.155699e+01,NaN,NaN,NaN,NaN
9,backend,numeric,28,0.1000,1.0e-03,-1,SAM,0.9146,0.048707,4.581598e+01,NaN,NaN,NaN,NaN
9,backend,numeric,28,0.1000,1.0e-03,-1,SAM,0.9146,0.048707,5.051145e+01,NaN,NaN,NaN,NaN
9,backend,numeric,28,0.1000,1.0e-03,-1,SAM,0.9146,0.048707,5.568814e+01,NaN,NaN,NaN,NaN
9,backend,numeric,28,0.1000,1.0e-03,-1,SAM,0.9146,0.048707,6.139537e+01,NaN,NaN,NaN,NaN
9,backend,numeric,28,0.1000,1.0e-03,-1,SAM,0.9146,0.048707,6.768750e+01,NaN,NaN,NaN,NaN
9,backend,numeric,28,0.1000,1.0e-03,-1,SAM,0.9146,0.048707,7.462449e+01,NaN,NaN,NaN,NaN
9,backend,numeric,28,0.1000,1.0e-03,-1,SAM,0.9146,0.048707,8.227241e+01,NaN,NaN,NaN,NaN
9,backend,numeric,28,0.1000,1.0e-03,-1,SAM,0.9146,0.048707,9.070414e+01,NaN,NaN,NaN,NaN
9,backend,numeric,28,0.1000,1.0e-03,-1,SAM,0.9146,0.048707,1.000000e+02,NaN,NaN,NaN,NaN
10,backend,numeric,31,1.8000,1.0e-03,-1,LAM,0.6516,0.329888,0.000000e+00,2.34674891e-04,0.722088,154.8107,322.2846
10,backend,numeric,31,1.8000,1.0e-03,-1,LAM,0.6516,0.329888,1.000000e-03,2.63858644e-04,0.661345,152.1829,65.5836
10,backend,numeric,31,1.8000,1.0e-03,-1,LAM,0.6516,0.329888,1.102485e-03,2.66595554e-04,0.655972,152.1740,37.2173
10,backend,numeric,31,1.8000,1.0e-03,-1,LAM,0.6516,0.329888,1.215474e-03,2.69569663e-04,0.650168,152.2903,4.9403
10,backend,numeric,31,1.8000,1.0e-03,-1,LAM,0.6516,0.329888,1.340043e-03,2.72798880e-04,0.643914,152.1833,328.2504
10,backend,numeric,31,1.8000,1.0e-03,-1,LAM,0.6516,0.329888,1.477378e-03,2.76293073e-04,0.637237,151.6614,287.4410
10,backend,numeric,31,1.8000,1.0e-03,-1,LAM,0.6516,0.329888,1.628787e-03,2.80062433e-04,0.630168,151.1727,242.5959
10,backend,numeric,31,1.8000,1.0e-03,-1,LAM,0.6516,0.329888,1.795714e-03,2.84133704e-04,0.622642,151.1639,192.1028
10,backend,numeric,31,1.8000,1.0e-03,-1,LAM,0.6516,0.329888,1.979749e-03,2.88527525e-04,0.614609,150.9836,134.3605
10,backend,numeric,31,1.8000,1.0e-03,-1,LAM,0.6516,0.329888,2.182645e-03,2.93250298e-04,0.606149,150.4292,70.1673
10,backend,numeric,31,1.8000,1.0e-03,-1,LAM,0.6516,0.329888,2.406334e-03,2.98322026e-04,0.597233,150.4036,357.8039
10,backend,numeric,31,1.8000,1.0e-03,-1,LAM,0.6516,0.329888,2.652948e-03,3.03762917e-04,0.587841,149.8179,275.5738
10,backend,numeric,31,1.8000,1.0e-03,-1,LAM,0.6516,0.329888,2.924837e-03,3.09577679e-04,0.578047,149.4833,183.9617
10,backend,numeric,31,1.8000,1.0e-03,-1,LAM,0.6516,0.329888,3.224591e-03,3.15797376e-04,0.567780,148.9845,79.9052
10,backend,numeric,31,1.8000,1.0e-03,-1,LAM,0.6516,0.329888,3.555064e-03,3.22425514e-04,0.557096,148.6765,322.4874
10,backend,numeric,31,1.8000,1.0e-03,-1,LAM,0.6516,0.329888,3.919407e-03,3.29455797e-04,0.546081,148.0078,190.2580
10,backend,numeric,31,1.8000,1.0e-03,-1,LAM,0.6516,0.329888,4.321089e-03,3.36900406e-04,0.534743,147.4969,40.8359
10,backend,numeric,31,1.8000,1.0e-03,-1,LAM,0.6516,0.329888,4.763938e-03,3.44760265e-04,0.523109,146.7996,231.9426
10,backend,numeric,31,1.8000,1.0e-03,-1,LAM,0.6516,0.329888,5.252173e-03,3.52991572e-04,0.511316,146.1690,41.6866
10,backend,numeric,31,1.8000,1.0e-03,-1,LAM,0.6516,0.329888,5.790444e-03,3.61563499e-04,0.499425,145.2052,186.8783
10,backend,numeric,31,1.8000,1.0e-03,-1,LAM,0.6516,0.329888,6.383880e-03,3.70418573e-04,0.487574,144.3814,305.1765
10,backend,numeric,31,1.8000,1.0e-03,-1,LAM,0.6516,0.329888,7.038136e-03,3.79480760e-04,0.475902,143.4488,32.8459
10,backend,numeric,31,1.8000,1.0e-03,-1,LAM,0.6516,0.329888,7.759442e-03,3.88621043e-04,0.464576,142.2994,87.6391
10,backend,numeric,31,1.8000,1.0e-03,-1,LAM,0.6516,0.329888,8.554673e-03,3.97730147e-04,0.453771,140.8572,105.4359
10,backend,numeric,31,1.8000,1.0e-03,-1,LAM,0.6516,0.329888,9.431402e-03,4.06642136e-04,0.443726,139.5073,83.0846
10,backend,numeric,31,1.8000,1.0e-03,-1,LAM,0.6516,0.329888,1.039798e-02,4.15195752e-04,0.434540,137.6029,17.0527
10,backend,numeric,31,1.8000,1.0e-03,-1,LAM,0.6516,0.329888,1.146363e-02,4.23152290e-04,0.426541,135.8917,265.5489
10,backend,numeric,31,1.8000,1.0e-03,-1,LAM,0.6516,0.329888,1.263848e-02,4.30629458e-04,0.419777,133.5213,104.2118
10,backend,numeric,31,1.8000,1.0e-03,-1,LAM,0.6516,0.329888,1.393374e-02,4.37963003e-04,0.414267,131.4599,249.1809
10,backend,numeric,31,1.8000,1.0e-03,-1,LAM,0.6516,0.329888,1.536175e-02,4.45009177e-04,0.410324,128.1896,337.6447
10,backend,numeric,31,1.8000,1.0e-03,-1,LAM,0.6516,0.329888,1.693611e-02,4.51559747e-04,0.408371,125.6860,6.4138
10,backend,numeric,31,1.8000,1.0e-03,-1,LAM,0.6516,0.329888,1.867181e-02,4.57511429e-04,0.408887,122.6494,335.6399
10,backend,numeric,31,1.8000,1.0e-03,-1,LAM,0.6516,0.329888,2.058540e-02,4.62788983e-04,0.412259,120.6289,247.3599
10,backend,numeric,31,1.8000,1.0e-03,-1,LAM,0.6516,0.329888,2.269511e-02,4.67414364e-04,0.419036,117.3853,107.9610
10,backend,numeric,31,1.8000,1.0e-03,-1,LAM,0.6516,0.329888,2.502102e-02,4.71835568e-04,0.429493,114.7461,288.7814
10,backend,numeric,31,1.8000,1.0e-03,-1,LAM,0.6516,0.329888,2.758532e-02,4.76632825e-04,0.443968,112.3448,84.2758
10,backend,numeric,31,1.8000,1.0e-03,-1,LAM,0.6516,0.329888,3.041241e-02,4.82524016e-04,0.462316,109.7997,233.4101
10,backend,numeric,31,1.8000,1.0e-03,-1,LAM,0.6516,0.329888,3.352924e-02,4.90959460e-04,0.484106,107.3507,33.8083
10,backend,numeric,31,1.8000,1.0e-03,-1,LAM,0.6516,0.329888,3.696550e-02,5.02386559e-04,0.508690,104.8421,221.7315
10,backend,numeric,31,1.8000,1.0e-03,-1,LAM,0.6516,0.329888,4.075393e-02,5.17240445e-04,0.535222,102.4516,89.5709
10,backend,numeric,31,1.8000,1.0e-03,-1,LAM,0.6516,0.329888,4.493062e-02,5.35476664e-04,0.562885,100.2048,4.4729
10,backend,numeric,31,1.8000,1.0e-03,-1,LAM,0.6516,0.329888,4.953535e-02,5.56680038e-04,0.590820,97.7132,327.8280
10,backend,numeric,31,1.8000,1.0e-03,-1,LAM,0.6516,0.329888,5.461201e-02,5.78156392e-04,0.618427,94.9930,336.1820
10,backend,numeric,31,1.8000,1.0e-03,-1,LAM,0.6516,0.329888,6.020894e-02,5.96266454e-04,0.647209,91.3013,22.8515
10,backend,numeric,31,1.8000,1.0e-03,-1,LAM,0.6516,0.329888,6.637949e-02,6.05017083e-04,0.677571,86.8423,98.8485
10,backend,numeric,31,1.8000,1.0e-03,-1,LAM,0.6516,0.329888,7.318242e-02,5.93077248e-04,0.712884,82.7779,187.2941
10,backend,numeric,31,1.8000,1.0e-03,-1,LAM,0.6516,0.329888,8.068256e-02,5.38989583e-04,0.760654,74.7579,264.4455
10,backend,numeric,31,1.8000,1.0e-03,-1,LAM,0.6516,0.329888,8.895135e-02,3.62925021e-04,0.865836,59.3969,254.6051
10,backend,numeric,31,1.8000,1.0e-03,-1,LAM,0.6516,0.329888,9.806757e-02,5.75149650e-04,0.841879,157.7766,141.2285
10,backend,numeric,31,1.8000,1.0e-03,-1,LAM,0.6516,0.329888,1.081181e-01,8.90495466e-04,0.635637,147.9680,116.3894
10,backend,numeric,31,1.8000,1.0e-03,-1,LAM,0.6516,0.329888,1.191986e-01,1.09590067e-03,0.540085,142.2886,60.1883
10,backend,numeric,31,1.8000,1.0e-03,-1,LAM,0.6516,0.329888,1.314147e-01,1.23947527e-03,0.491926,136.0625,109.9099
10,backend,numeric,31,1.8000,1.0e-03,-1,LAM,0.6516,0.329888,1.448828e-01,1.33155743e-03,0.476078,129.7175,9.0128
10,backend,numeric,31,1.8000,1.0e-03,-1,LAM,0.6516,0.329888,1.597312e-01,1.39155639e-03,0.485964,122.8035,225.1764
10,backend,numeric,31,1.8000,1.0e-03,-1,LAM,0.6516,0.329888,1.761014e-01,1.43719931e-03,0.519405,116.8083,158.0547
10,backend,numeric,31,1.8000,1.0e-03,-1,LAM,0.6516,0.329888,1.941492e-01,1.48022724e-03,0.576646,111.6178,286.2686
10,backend,numeric,31,1.8000,1.0e-03,-1,LAM,0.6516,0.329888,2.140467e-01,1.52552109e-03,0.657125,106.6564,331.0212
10,backend,numeric,31,1.8000,1.0e-03,-1,LAM,0.6516,0.329888,2.359833e-01,1.57001189e-03,0.755335,99.3028,309.3400
10,backend,numeric,31,1.8000,1.0e-03,-1,LAM,0.6516,0.329888,2.601682e-01,1.54376606e-03,0.859244,89.7175,176.7730
10,backend,numeric,31,1.8000,1.0e-03,-1,LAM,0.6516,0.329888,2.868317e-01,2.70876535e-03,0.996546,96.5918,298.7198
10,backend,numeric,31,1.8000,1.0e-03,-1,LAM,0.6516,0.329888,3.162278e-01,2.41292899e-03,0.840683,138.0439,142.1722
10,backend,numeric,31,1.8000,1.0e-03,-1,LAM,0.6516,0.329888,3.486365e-01,3.32865324e-03,0.891661,124.9062,210.4377
10,backend,numeric,31,1.8000,1.0e-03,-1,LAM,0.6516,0.329888,3.843667e-01,4.81267575e-03,0.953374,98.2076,100.1804
10,backend,numeric,31,1.8000,1.0e-03,-1,LAM,0.6516,0.329888,4.237587e-01,5.79905713e-03,0.963817,103.6297,226.0275
10,backend,numeric,31,1.8000,1.0e-03,-1,LAM,0.6516,0.329888,4.671878e-01,5.52645822e-03,0.969016,109.5483,29.1159
10,backend,numeric,31,1.8000,1.0e-03,-1,LAM,0.6516,0.329888,5.150678e-01,7.97466765e-03,0.973493,111.8060,175.2957
10,backend,numeric,31,1.8000,1.0e-03,-1,LAM,0.6516,0.329888,5.678548e-01,6.68439673e-03,0.978182,111.8502,343.1641
10,backend,numeric,31,1.8000,1.0e-03,-1,LAM,0.6516,0.329888,6.260517e-01,8.63891598e-03,0.971680,115.2754,158.7894
10,backend,numeric,31,1.8000,1.0e-03,-1,LAM,0.6516,0.329888,6.902129e-01,5.75795408e-03,0.976067,116.0531,354.9765
10,backend,numeric,31,1.8000,1.0e-03,-1,LAM,0.6516,0.329888,7.609497e-01,7.66347086e-03,0.969954,115.9044,205.5294
10,backend,numeric,31,1.8000,1.0e-03,-1,LAM,0.6516,0.329888,8.389360e-01,8.51555829e-03,0.969310,112.2505,94.8728
10,backend,numeric,31,1.8000,1.0e-03,-1,LAM,0.6516,0.329888,9.249147e-01,5.00622031e-03,0.971511,120.5524,350.7744
10,backend,numeric,31,1.8000,1.0e-03,-1,LAM,0.6516,0.329888,1.019705e+00,8.16617131e-03,0.972652,111.3184,260.5258
10,backend,numeric,31,1.8000,1.0e-03,-1,LAM,0.6516,0.329888,1.124210e+00,7.80804539e-03,0.968490,114.1388,219.9071
10,backend,numeric,31,1.8000,1.0e-03,-1,LAM,0.6516,0.329888,1.239425e+00,7.25648203e-03,0.969667,115.0731,212.8878
10,backend,numeric,31,1.8000,1.0e-03,-1,LAM,0.6516,0.329888,1.366448e+00,6.90945257e-03,0.969433,115.5014,244.6539
10,backend,numeric,31,1.8000,1.0e-03,-1,LAM,0.6516,0.329888,1.506489e+00,7.32466308e-03,0.970796,109.9889,305.7166
10,backend,numeric,31,1.8000,1.0e-03,-1,LAM,0.6516,0.329888,1.660883e+00,6.65169307e-03,0.963302,113.7684,67.5913
10,backend,numeric,31,1.8000,1.0e-03,-1,LAM,0.6516,0.329888,1.831099e+00,7.83806437e-03,0.969027,115.1994,205.5617
10,backend,numeric,31,1.8000,1.0e-03,-1,LAM,0.6516,0.329888,2.018760e+00,7.86994469e-03,0.967330,110.4745,54.6786
10,backend,numeric,31,1.8000,1.0e-03,-1,LAM,0.6516,0.329888,2.225654e+00,6.92523799e-03,0.975829,112.8144,314.7065
10,backend,numeric,31,1.8000,1.0e-03,-1,LAM,0.6516,0.329888,2.453751e+00,7.29624105e-03,0.969473,110.7725,295.7394
10,backend,numeric,31,1.8000,1.0e-03,-1,LAM,0.6516,0.329888,2.705225e+00,6.56065853e-03,0.976636,112.5164,328.6867
10,backend,numeric,31,1.8000,1.0e-03,-1,LAM,0.6516,0.329888,2.982471e+00,8.23846082e-03,0.970767,113.5626,91.0763
10,backend,numeric,31,1.8000,1.0e-03,-1,LAM,0.6516,0.329888,3.288131e+00,7.41624190e-03,0.972051,110.8725,296.6813
10,backend,numeric,31,1.8000,1.0e-03,-1,LAM,0.6516,0.329888,3.625117e+00,7.30494541e-03,0.970516,115.8788,229.8198
10,backend,numeric,31,1.8000,1.0e-03,-1,LAM,0.6516,0.329888,3.996639e+00,7.97235876e-03,0.974173,111.2060,270.0248
10,backend,numeric,31,1.8000,1.0e-03,-1,LAM,0.6516,0.329888,4.406236e+00,7.98991106e-03,0.966566,111.8457,87.9914
10,backend,numeric,31,1.8000,1.0e-03,-1,LAM,0.6516,0.329888,4.857812e+00,5.39615202e-03,0.964275,117.2675,23.8597
10,backend,numeric,31,1.8000,1.0e-03,-1,LAM,0.6516,0.329888,5.355667e+00,7.72629449e-03,0.966473,111.6661,79.4549
10,backend,numeric,31,1.8000,1.0e-03,-1,LAM,0.6516,0.329888,5.904545e+00,7.38459195e-03,0.976410,111.6495,288.4010
10,backend,numeric,31,1.8000,1.0e-03,-1,LAM,0.6516,0.329888,6.509675e+00,7.15503968e-03,0.974031,110.0437,326.8487
10,backend,numeric,31,1.8000,1.0e-03,-1,LAM,0.6516,0.329888,7.176822e+00,7.36765112e-03,0.970017,114.9503,177.0706
10,backend,numeric,31,1.8000,1.0e-03,-1,LAM,0.6516,0.329888,7.912343e+00,8.20624103e-03,0.970851,111.9819,244.9897
10,backend,numeric,31,1.8000,1.0e-03,-1,LAM,0.6516,0.329888,8.723243e+00,7.95847572e-03,0.971484,116.1342,182.7228
10,backend,numeric,31,1.8000,1.0e-03,-1,LAM,0.6516,0.329888,9.617249e+00,5.36966805e-03,0.974533,118.6763,15.4687
10,backend,numeric,31,1.8000,1.0e-03,-1,LAM,0.6516,0.329888,1.060288e+01,8.92497029e-03,0.968757,112.7583,118.7741
10,backend,numeric,31,1.8000,1.0e-03,-1,LAM,0.6516,0.329888,1.168952e+01,8.47365893e-03,0.971956,115.2138,161.1890
10,backend,numeric,31,1.8000,1.0e-03,-1,LAM,0.6516,0.329888,1.288752e+01,7.81442765e-03,0.968865,115.7565,187.2506
10,backend,numeric,31,1.8000,1.0e-03,-1,LAM,0.6516,0.329888,1.420831e+01,7.40288755e-03,0.969008,114.7328,220.1962
10,backend,numeric,31,1.8000,1.0e-03,-1,LAM,0.6516,0.329888,1.566445e+01,7.19657550e-03,0.973281,110.5003,305.0366
10,backend,numeric,31,1.8000,1.0e-03,-1,LAM,0.6516,0.329888,1.726983e+01,7.96095301e-03,0.970495,114.1440,124.0048
10,backend,numeric,31,1.8000,1.0e-03,-1,LAM,0.6516,0.329888,1.903974e+01,8.13855978e-03,0.970317,112.9767,81.1688
10,backend,numeric,31,1.8000,1.0e-03,-1,LAM,0.6516,0.329888,2.099104e+01,8.26205616e-03,0.969032,113.3054,224.5968
10,backend,numeric,31,1.8000,1.0e-03,-1,LAM,0.6516,0.329888,2.314231e+01,8.01019599e-03,0.970252,112.0249,253.3015
10,backend,numeric,31,1.8000,1.0e-03,-1,LAM,0.6516,0.329888,2.551407e+01,6.94780314e-03,0.970563,116.2860,238.0835
10,backend,numeric,31,1.8000,1.0e-03,-1,LAM,0.6516,0.329888,2.812889e+01,7.85550187e-03,0.968610,113.8314,225.4927
10,backend,numeric,31,1.8000,1.0e-03,-1,LAM,0.6516,0.329888,3.101169e+01,6.61625891e-03,0.978273,114.7017,307.9173
10,backend,numeric,31,1.8000,1.0e-03,-1,LAM,0.6516,0.329888,3.418994e+01,7.41049699e-03,0.969055,114.9032,210.3831
10,backend,numeric,31,1.8000,1.0e-03,-1,LAM,0.6516,0.329888,3.769391e+01,5.05840436e-03,0.967407,119.4163,33.1460
10,backend,numeric,31,1.8000,1.0e-03,-1,LAM,0.6516,0.329888,4.155699e+01,8.07190057e-03,0.972693,115.0348,187.1994
10,backend,numeric,31,1.8000,1.0e-03,-1,LAM,0.6516,0.329888,4.581598e+01,8.46415548e-03,0.971187,114.5845,126.8451
10,backend,numeric,31,1.8000,1.0e-03,-1,LAM,0.6516,0.329888,5.051145e+01,7.25937204e-03,0.969270,111.1527,291.7493
10,backend,numeric,31,1.8000,1.0e-03,-1,LAM,0.6516,0.329888,5.568814e+01,8.86889834e-03,0.969697,113.0103,122.9111
10,backend,numeric,31,1.8000,1.0e-03,-1,LAM,0.6516,0.329888,6.139537e+01,8.44448582e-03,0.969026,113.2485,112.1101
10,backend,numeric,31,1.8000,1.0e-03,-1,LAM,0.6516,0.329888,6.768750e+01,7.89904124e-03,0.965067,111.3434,85.0238
10,backend,numeric,31,1.8000,1.0e-03,-1,LAM,0.6516,0.329888,7.462449e+01,8.20466115e-03,0.972384,115.4111,181.0221
10,backend,numeric,31,1.8000,1.0e-03,-1,LAM,0.6516,0.329888,8.227241e+01,7.48576338e-03,0.971594,111.0330,289.8429
10,backend,numeric,31,1.8000,1.0e-03,-1,LAM,0.6516,0.329888,9.070414e+01,7.50619146e-03,0.969612,114.2419,241.7846
10,backend,numeric,31,1.8000,1.0e-03,-1,LAM,0.6516,0.329888,1.000000e+02,7.37966938e-03,0.976923,112.1599,289.7365
11,backend,numeric,34,10.0000,1.0e-03,-1,SAM,0.3145,0.016749,0.000000e+00,1.94935864e-03,0.973521,142.9127,76.4312
11,backend,numeric,34,10.0000,1.0e-03,-1,SAM,0.3145,0.016749,1.000000e-03,2.03553132e-03,0.963225,139.9401,89.7332
11,backend,numeric,34,10.0000,1.0e-03,-1,SAM,0.3145,0.016749,1.102485e-03,2.06652987e-03,0.962688,139.3607,90.8635
11,backend,numeric,34,10.0000,1.0e-03,-1,SAM,0.3145,0.016749,1.215474e-03,2.10582291e-03,0.962200,138.6842,92.0424
11,backend,numeric,34,10.0000,1.0e-03,-1,SAM,0.3145,0.016749,1.340043e-03,2.15582872e-03,0.961782,137.8996,93.2548
11,backend,numeric,34,10.0000,1.0e-03,-1,SAM,0.3145,0.016749,1.477378e-03,2.22086556e-03,0.961456,136.9891,94.4677
11,backend,numeric,34,10.0000,1.0e-03,-1,SAM,0.3145,0.016749,1.628787e-03,2.29923481e-03,0.961148,136.0337,95.0591
11,backend,numeric,34,10.0000,1.0e-03,-1,SAM,0.3145,0.016749,1.795714e-03,2.36698127e-03,0.960760,135.1916,95.2386
11,backend,numeric,34,10.0000,1.0e-03,-1,SAM,0.3145,0.016749,1.979749e-03,2.43342096e-03,0.960390,134.3594,95.3607
11,backend,numeric,34,10.0000,1.0e-03,-1,SAM,0.3145,0.016749,2.182645e-03,2.50109367e-03,0.960062,133.5143,95.4407
11,backend,numeric,34,10.0000,1.0e-03,-1,SAM,0.3145,0.016749,2.406334e-03,2.57149436e-03,0.959795,132.6428,95.4855
11,backend,numeric,34,10.0000,1.0e-03,-1,SAM,0.3145,0.016749,2.652948e-03,2.64589794e-03,0.959603,131.7342,95.5002
11,backend,numeric,34,10.0000,1.0e-03,-1,SAM,0.3145,0.016749,2.924837e-03,2.72560243e-03,0.959500,130.7786,95.4897
11,backend,numeric,34,10.0000,1.0e-03,-1,SAM,0.3145,0.016749,3.224591e-03,2.81210630e-03,0.959498,129.7653,95.4600
11,backend,numeric,34,10.0000,1.0e-03,-1,SAM,0.3145,0.016749,3.555064e-03,2.90726927e-03,0.959605,128.6824,95.4188
11,backend,numeric,34,10.0000,1.0e-03,-1,SAM,0.3145,0.016749,3.919407e-03,3.01361559e-03,0.959826,127.5140,95.3779
11,backend,numeric,34,10.0000,1.0e-03,-1,SAM,0.3145,0.016749,4.321089e-03,3.13482593e-03,0.960162,126.2388,95.3528
11,backend,numeric,34,10.0000,1.0e-03,-1,SAM,0.3145,0.016749,4.763938e-03,3.27685351e-03,0.960602,124.8235,95.3685
11,backend,numeric,34,10.0000,1.0e-03,-1,SAM,0.3145,0.016749,5.252173e-03,3.45217760e-03,0.961115,123.1999,95.4732
11,backend,numeric,34,10.0000,1.0e-03,-1,SAM,0.3145,0.016749,5.790444e-03,3.68573042e-03,0.961889,121.1664,96.8277
11,backend,numeric,34,10.0000,1.0e-03,-1,SAM,0.3145,0.016749,6.383880e-03,3.85740734e-03,0.963316,119.3531,99.7798
11,backend,numeric,34,10.0000,1.0e-03,-1,SAM,0.3145,0.016749,7.038136e-03,3.97441813e-03,0.965049,117.8550,103.1355
11,backend,numeric,34,10.0000,1.0e-03,-1,SAM,0.3145,0.016749,7.759442e-03,4.04284023e-03,0.967052,116.6982,106.9116
11,backend,numeric,34,10.0000,1.0e-03,-1,SAM,0.3145,0.016749,8.554673e-03,4.06266635e-03,0.969306,115.9430,111.1748
11,backend,numeric,34,10.0000,1.0e-03,-1,SAM,0.3145,0.016749,9.431402e-03,4.03075623e-03,0.971768,115.6726,116.0303
11,backend,numeric,34,10.0000,1.0e-03,-1,SAM,0.3145,0.016749,1.039798e-02,3.94060777e-03,0.974340,116.0043,121.6324
11,backend,numeric,34,10.0000,1.0e-03,-1,SAM,0.3145,0.016749,1.146363e-02,3.78422598e-03,0.976831,117.0918,128.2006
11,backend,numeric,34,10.0000,1.0e-03,-1,SAM,0.3145,0.016749,1.263848e-02,3.55413937e-03,0.978907,119.1204,136.0416
11,backend,numeric,34,10.0000,1.0e-03,-1,SAM,0.3145,0.016749,1.393374e-02,3.24425248e-03,0.979934,122.2605,145.6077
11,backend,numeric,34,10.0000,1.0e-03,-1,SAM,0.3145,0.016749,1.536175e-02,2.86888074e-03,0.978708,126.2753,157.5471
11,backend,numeric,34,10.0000,1.0e-03,-1,SAM,0.3145,0.016749,1.693611e-02,2.52501419e-03,0.973718,129.3299,172.4519
11,backend,numeric,34,10.0000,1.0e-03,-1,SAM,0.3145,0.016749,1.867181e-02,2.43818469e-03,0.967067,128.0870,189.4955
11,backend,numeric,34,10.0000,1.0e-03,-1,SAM,0.3145,0.016749,2.058540e-02,2.70121155e-03,0.964575,123.2026,206.0532
11,backend,numeric,34,10.0000,1.0e-03,-1,SAM,0.3145,0.016749,2.269511e-02,3.00571635e-03,0.966100,118.6375,222.0218
11,backend,numeric,34,10.0000,1.0e-03,-1,SAM,0.3145,0.016749,2.502102e-02,3.10310694e-03,0.969714,116.2216,239.2204
11,backend,numeric,34,10.0000,1.0e-03,-1,SAM,0.3145,0.016749,2.758532e-02,2.94338923e-03,0.973908,116.2177,259.3968
11,backend,numeric,34,10.0000,1.0e-03,-1,SAM,0.3145,0.016749,3.041241e-02,2.54059642e-03,0.976334,118.3297,284.6505
11,backend,numeric,34,10.0000,1.0e-03,-1,SAM,0.3145,0.016749,3.352924e-02,2.06346390e-03,0.973014,120.0748,316.8997
11,backend,numeric,34,10.0000,1.0e-03,-1,SAM,0.3145,0.016749,3.696550e-02,2.02819578e-03,0.967319,115.9640,352.4390
11,backend,numeric,34,10.0000,1.0e-03,-1,SAM,0.3145,0.016749,4.075393e-02,2.25309249e-03,0.968514,114.0239,27.1809
11,backend,numeric,34,10.0000,1.0e-03,-1,SAM,0.3145,0.016749,4.493062e-02,2.25172895e-03,0.970443,115.5665,67.8020
11,backend,numeric,34,10.0000,1.0e-03,-1,SAM,0.3145,0.016749,4.953535e-02,2.11825693e-03,0.971483,114.1668,116.1430
11,backend,numeric,34,10.0000,1.0e-03,-1,SAM,0.3145,0.016749,5.461201e-02,1.89140357e-03,0.970568,116.0493,172.7193
11,backend,numeric,34,10.0000,1.0e-03,-1,SAM,0.3145,0.016749,6.020894e-02,2.15367097e-03,0.967535,112.9732,234.5026
11,backend,numeric,34,10.0000,1.0e-03,-1,SAM,0.3145,0.016749,6.637949e-02,2.03483195e-03,0.975184,113.4227,297.3567
11,backend,numeric,34,10.0000,1.0e-03,-1,SAM,0.3145,0.016749,7.318242e-02,1.84754255e-03,0.965364,113.2238,17.5684
11,backend,numeric,34,10.0000,1.0e-03,-1,SAM,0.3145,0.016749,8.068256e-02,2.10042588e-03,0.972663,113.8440,92.6664
11,backend,numeric,34,10.0000,1.0e-03,-1,SAM,0.3145,0.016749,8.895135e-02,1.86875454e-03,0.967583,114.1986,191.7803
11,backend,numeric,34,10.0000,1.0e-03,-1,SAM,0.3145,0.016749,9.806757e-02,2.04624986e-03,0.973384,112.7968,288.9187
11,backend,numeric,34,10.0000,1.0e-03,-1,SAM,0.3145,0.016749,1.081181e-01,2.03329870e-03,0.967036,111.6173,41.4405
11,backend,numeric,34,10.0000,1.0e-03,-1,SAM,0.3145,0.016749,1.191986e-01,1.76119723e-03,0.970161,115.4526,167.1220
11,backend,numeric,34,10.0000,1.0e-03,-1,SAM,0.3145,0.016749,1.314147e-01,1.97535972e-03,0.974171,113.6835,301.6131
11,backend,numeric,34,10.0000,1.0e-03,-1,SAM,0.3145,0.016749,1.448828e-01,2.10519980e-03,0.971504,112.9740,88.0393
11,backend,numeric,34,10.0000,1.0e-03,-1,SAM,0.3145,0.016749,1.597312e-01,2.15335555e-03,0.969990,111.7720,262.3739
11,backend,numeric,34,10.0000,1.0e-03,-1,SAM,0.3145,0.016749,1.761014e-01,2.12718979e-03,0.970594,112.4648,78.8975
11,backend,numeric,34,10.0000,1.0e-03,-1,SAM,0.3145,0.016749,1.941492e-01,2.10651376e-03,0.972373,112.2145,288.7582
11,backend,numeric,34,10.0000,1.0e-03,-1,SAM,0.3145,0.016749,2.140467e-01,1.86298429e-03,0.972430,114.4393,149.6871
11,backend,numeric,34,10.0000,1.0e-03,-1,SAM,0.3145,0.016749,2.359833e-01,1.92134162e-03,0.966565,112.4687,40.4168
11,backend,numeric,34,10.0000,1.0e-03,-1,SAM,0.3145,0.016749,2.601682e-01,2.01599747e-03,0.973628,113.1204,314.5513
11,backend,numeric,34,10.0000,1.0e-03,-1,SAM,0.3145,0.016749,2.868317e-01,2.05793307e-03,0.967750,112.1607,260.3440
11,backend,numeric,34,10.0000,1.0e-03,-1,SAM,0.3145,0.016749,3.162278e-01,1.84314333e-03,0.967312,114.2398,231.9384
11,backend,numeric,34,10.0000,1.0e-03,-1,SAM,0.3145,0.016749,3.486365e-01,1.84060809e-03,0.967293,114.2608,235.9903
11,backend,numeric,34,10.0000,1.0e-03,-1,SAM,0.3145,0.016749,3.843667e-01,2.07282118e-03,0.967953,111.9085,274.7248
11,backend,numeric,34,10.0000,1.0e-03,-1,SAM,0.3145,0.016749,4.237587e-01,1.87332349e-03,0.974438,114.4444,349.4303
11,backend,numeric,34,10.0000,1.0e-03,-1,SAM,0.3145,0.016749,4.671878e-01,2.20676601e-03,0.969795,112.4762,108.9393
11,backend,numeric,34,10.0000,1.0e-03,-1,SAM,0.3145,0.016749,5.150678e-01,2.08395985e-03,0.968624,111.8525,279.6261
11,backend,numeric,34,10.0000,1.0e-03,-1,SAM,0.3145,0.016749,5.678548e-01,2.14496638e-03,0.972591,113.8203,144.0357
11,backend,numeric,34,10.0000,1.0e-03,-1,SAM,0.3145,0.016749,6.260517e-01,2.05166072e-03,0.966087,111.8732,80.5295
11,backend,numeric,34,10.0000,1.0e-03,-1,SAM,0.3145,0.016749,6.902129e-01,2.10633831e-03,0.966799,111.5659,82.0382
11,backend,numeric,34,10.0000,1.0e-03,-1,SAM,0.3145,0.016749,7.609497e-01,1.95470036e-03,0.972425,115.6452,155.1394
11,backend,numeric,34,10.0000,1.0e-03,-1,SAM,0.3145,0.016749,8.389360e-01,1.84764491e-03,0.974444,113.6166,311.3520
11,backend,numeric,34,10.0000,1.0e-03,-1,SAM,0.3145,0.016749,9.249147e-01,1.94165483e-03,0.967276,113.7878,195.8275
11,backend,numeric,34,10.0000,1.0e-03,-1,SAM,0.3145,0.016749,1.019705e+00,1.78416112e-03,0.969217,115.4473,167.1174
11,backend,numeric,34,10.0000,1.0e-03,-1,SAM,0.3145,0.016749,1.124210e+00,2.14868366e-03,0.969166,111.9413,249.3946
11,backend,numeric,34,10.0000,1.0e-03,-1,SAM,0.3145,0.016749,1.239425e+00,2.10677453e-03,0.971390,112.9910,98.5975
11,backend,numeric,34,10.0000,1.0e-03,-1,SAM,0.3145,0.016749,1.366448e+00,2.15736674e-03,0.969231,112.1994,92.4459
11,backend,numeric,34,10.0000,1.0e-03,-1,SAM,0.3145,0.016749,1.506489e+00,1.78210949e-03,0.970234,115.4187,211.1169
11,backend,numeric,34,10.0000,1.0e-03,-1,SAM,0.3145,0.016749,1.660883e+00,2.18183340e-03,0.972020,113.3603,131.2683
11,backend,numeric,34,10.0000,1.0e-03,-1,SAM,0.3145,0.016749,1.831099e+00,2.11151159e-03,0.969984,112.1813,246.8300
11,backend,numeric,34,10.0000,1.0e-03,-1,SAM,0.3145,0.016749,2.018760e+00,1.83396448e-03,0.967654,114.7498,182.7742
11,backend,numeric,34,10.0000,1.0e-03,-1,SAM,0.3145,0.016749,2.225654e+00,1.82088698e-03,0.973533,115.3564,334.9661
11,backend,numeric,34,10.0000,1.0e-03,-1,SAM,0.3145,0.016749,2.453751e+00,1.68767597e-03,0.972289,116.3823,14.8775
11,backend,numeric,34,10.0000,1.0e-03,-1,SAM,0.3145,0.016749,2.705225e+00,2.05317325e-03,0.972077,112.0552,289.0909
11,backend,numeric,34,10.0000,1.0e-03,-1,SAM,0.3145,0.016749,2.982471e+00,1.79498721e-03,0.969247,115.5314,165.8555
11,backend,numeric,34,10.0000,1.0e-03,-1,SAM,0.3145,0.016749,3.288131e+00,1.79966062e-03,0.973270,115.5840,347.1577
11,backend,numeric,34,10.0000,1.0e-03,-1,SAM,0.3145,0.016749,3.625117e+00,2.15722288e-03,0.972466,113.7237,139.9041
11,backend,numeric,34,10.0000,1.0e-03,-1,SAM,0.3145,0.016749,3.996639e+00,1.62277538e-03,0.969175,116.1442,350.1078
11,backend,numeric,34,10.0000,1.0e-03,-1,SAM,0.3145,0.016749,4.406236e+00,1.97654933e-03,0.967035,112.8333,260.5668
11,backend,numeric,34,10.0000,1.0e-03,-1,SAM,0.3145,0.016749,4.857812e+00,2.09881235e-03,0.971661,112.2247,262.7328
11,backend,numeric,34,10.0000,1.0e-03,-1,SAM,0.3145,0.016749,5.355667e+00,2.08859069e-03,0.967620,111.8253,75.4537
11,backend,numeric,34,10.0000,1.0e-03,-1,SAM,0.3145,0.016749,5.904545e+00,2.15603776e-03,0.972099,113.1294,97.2722
11,backend,numeric,34,10.0000,1.0e-03,-1,SAM,0.3145,0.016749,6.509675e+00,1.67750738e-03,0.972593,116.2174,15.0764
11,backend,numeric,34,10.0000,1.0e-03,-1,SAM,0.3145,0.016749,7.176822e+00,2.14619817e-03,0.970878,111.8338,272.4638
11,backend,numeric,34,10.0000,1.0e-03,-1,SAM,0.3145,0.016749,7.912343e+00,2.12207533e-03,0.968977,112.3592,230.6978
11,backend,numeric,34,10.0000,1.0e-03,-1,SAM,0.3145,0.016749,8.723243e+00,2.05635906e-03,0.972016,112.0687,285.3990
11,backend,numeric,34,10.0000,1.0e-03,-1,SAM,0.3145,0.016749,9.617249e+00,1.82175398e-03,0.969990,115.5989,204.1168
11,backend,numeric,34,10.0000,1.0e-03,-1,SAM,0.3145,0.016749,1.060288e+01,1.99567327e-03,0.965670,112.2139,76.1869
11,backend,numeric,34,10.0000,1.0e-03,-1,SAM,0.3145,0.016749,1.168952e+01,1.75183338e-03,0.974026,114.4923,345.6202
11,backend,numeric,34,10.0000,1.0e-03,-1,SAM,0.3145,0.016749,1.288752e+01,2.19338078e-03,0.970893,112.3427,86.9940
11,backend,numeric,34,10.0000,1.0e-03,-1,SAM,0.3145,0.016749,1.420831e+01,2.12661825e-03,0.970170,112.3160,78.5858
11,backend,numeric,34,10.0000,1.0e-03,-1,SAM,0.3145,0.016749,1.566445e+01,1.96834144e-03,0.972751,115.4351,166.2433
11,backend,numeric,34,10.0000,1.0e-03,-1,SAM,0.3145,0.016749,1.726983e+01,2.00441589e-03,0.972593,113.7664,130.4169
11,backend,numeric,34,10.0000,1.0e-03,-1,SAM,0.3145,0.016749,1.903974e+01,1.93141801e-03,0.972996,114.6754,123.4903
11,backend,numeric,34,10.0000,1.0e-03,-1,SAM,0.3145,0.016749,2.099104e+01,1.66354887e-03,0.967101,115.2810,2.2030
11,backend,numeric,34,10.0000,1.0e-03,-1,SAM,0.3145,0.016749,2.314231e+01,2.07137752e-03,0.973293,112.6655,289.7125
11,backend,numeric,34,10.0000,1.0e-03,-1,SAM,0.3145,0.016749,2.551407e+01,1.88544317e-03,0.972634,115.1217,184.0092
11,backend,numeric,34,10.0000,1.0e-03,-1,SAM,0.3145,0.016749,2.812889e+01,2.15251885e-03,0.971166,111.9403,267.6152
11,backend,numeric,34,10.0000,1.0e-03,-1,SAM,0.3145,0.016749,3.101169e+01,1.96764135e-03,0.973118,114.5875,118.6915
11,backend,numeric,34,10.0000,1.0e-03,-1,SAM,0.3145,0.016749,3.418994e+01,1.84639182e-03,0.966442,113.1478,26.7743
11,backend,numeric,34,10.0000,1.0e-03,-1,SAM,0.3145,0.016749,3.769391e+01,NaN,NaN,NaN,NaN
11,backend,numeric,34,10.0000,1.0e-03,-1,SAM,0.3145,0.016749,4.155699e+01,NaN,NaN,NaN,NaN
11,backend,numeric,34,10.0000,1.0e-03,-1,SAM,0.3145,0.016749,4.581598e+01,NaN,NaN,NaN,NaN
11,backend,numeric,34,10.0000,1.0e-03,-1,SAM,0.3145,0.016749,5.051145e+01,NaN,NaN,NaN,NaN
11,backend,numeric,34,10.0000,1.0e-03,-1,SAM,0.3145,0.016749,5.568814e+01,NaN,NaN,NaN,NaN
11,backend,numeric,34,10.0000,1.0e-03,-1,SAM,0.3145,0.016749,6.139537e+01,NaN,NaN,NaN,NaN
11,backend,numeric,34,10.0000,1.0e-03,-1,SAM,0.3145,0.016749,6.768750e+01,NaN,NaN,NaN,NaN
11,backend,numeric,34,10.0000,1.0e-03,-1,SAM,0.3145,0.016749,7.462449e+01,NaN,NaN,NaN,NaN
11,backend,numeric,34,10.0000,1.0e-03,-1,SAM,0.3145,0.016749,8.227241e+01,NaN,NaN,NaN,NaN
11,backend,numeric,34,10.0000,1.0e-03,-1,SAM,0.3145,0.016749,9.070414e+01,NaN,NaN,NaN,NaN
11,backend,numeric,34,10.0000,1.0e-03,-1,SAM,0.3145,0.016749,1.000000e+02,NaN,NaN,NaN,NaN
12,backend,numeric,38,0.1000,1.0e-03,-1,SAM,0.3359,0.017889,0.000000e+00,1.17619231e-03,0.974348,32.6201,219.5885
12,backend,numeric,38,0.1000,1.0e-03,-1,SAM,0.3359,0.017889,1.000000e-03,1.64888095e-03,0.993591,46.2678,227.9313
12,backend,numeric,38,0.1000,1.0e-03,-1,SAM,0.3359,0.017889,1.102485e-03,1.71181973e-03,0.994239,48.0186,228.8206
12,backend,numeric,38,0.1000,1.0e-03,-1,SAM,0.3359,0.017889,1.215474e-03,1.78147714e-03,0.994817,49.9158,229.7854
12,backend,numeric,38,0.1000,1.0e-03,-1,SAM,0.3359,0.017889,1.340043e-03,1.85829092e-03,0.995321,51.9486,230.8290
12,backend,numeric,38,0.1000,1.0e-03,-1,SAM,0.3359,0.017889,1.477378e-03,1.94281672e-03,0.995752,54.1001,231.9554
12,backend,numeric,38,0.1000,1.0e-03,-1,SAM,0.3359,0.017889,1.628787e-03,2.03574173e-03,0.996113,56.3456,233.1687
12,backend,numeric,38,0.1000,1.0e-03,-1,SAM,0.3359,0.017889,1.795714e-03,2.13776003e-03,0.996408,58.6519,234.4719
12,backend,numeric,38,0.1000,1.0e-03,-1,SAM,0.3359,0.017889,1.979749e-03,2.24954739e-03,0.996645,60.9812,235.8680
12,backend,numeric,38,0.1000,1.0e-03,-1,SAM,0.3359,0.017889,2.182645e-03,2.37172122e-03,0.996833,63.2948,237.3589
12,backend,numeric,38,0.1000,1.0e-03,-1,SAM,0.3359,0.017889,2.406334e-03,2.50484669e-03,0.996979,65.5571,238.9472
12,backend,numeric,38,0.1000,1.0e-03,-1,SAM,0.3359,0.017889,2.652948e-03,2.64935177e-03,0.997092,67.7378,240.6352
12,backend,numeric,38,0.1000,1.0e-03,-1,SAM,0.3359,0.017889,2.924837e-03,2.80551143e-03,0.997179,69.8138,242.4257
12,backend,numeric,38,0.1000,1.0e-03,-1,SAM,0.3359,0.017889,3.224591e-03,2.97344060e-03,0.997249,71.7696,244.3218
12,backend,numeric,38,0.1000,1.0e-03,-1,SAM,0.3359,0.017889,3.555064e-03,3.15307102e-03,0.997308,73.5965,246.3275
12,backend,numeric,38,0.1000,1.0e-03,-1,SAM,0.3359,0.017889,3.919407e-03,3.34408195e-03,0.997362,75.2917,248.4472
12,backend,numeric,38,0.1000,1.0e-03,-1,SAM,0.3359,0.017889,4.321089e-03,3.54602012e-03,0.997416,76.8570,250.6871
12,backend,numeric,38,0.1000,1.0e-03,-1,SAM,0.3359,0.017889,4.763938e-03,3.75853208e-03,0.997474,78.2981,253.0540
12,backend,numeric,38,0.1000,1.0e-03,-1,SAM,0.3359,0.017889,5.252173e-03,3.98164188e-03,0.997538,79.6233,255.5549
12,backend,numeric,38,0.1000,1.0e-03,-1,SAM,0.3359,0.017889,5.790444e-03,4.21551033e-03,0.997608,80.8409,258.1965
12,backend,numeric,38,0.1000,1.0e-03,-1,SAM,0.3359,0.017889,6.383880e-03,4.46047493e-03,0.997686,81.9591,260.9858
12,backend,numeric,38,0.1000,1.0e-03,-1,SAM,0.3359,0.017889,7.038136e-03,4.71701424e-03,0.997772,82.9853,263.9295
12,backend,numeric,38,0.1000,1.0e-03,-1,SAM,0.3359,0.017889,7.759442e-03,4.98576126e-03,0.997866,83.9266,267.0346
12,backend,numeric,38,0.1000,1.0e-03,-1,SAM,0.3359,0.017889,8.554673e-03,5.26746373e-03,0.997966,84.7894,270.3084
12,backend,numeric,38,0.1000,1.0e-03,-1,SAM,0.3359,0.017889,9.431402e-03,5.56308023e-03,0.998073,85.5800,273.7576
12,backend,numeric,38,0.1000,1.0e-03,-1,SAM,0.3359,0.017889,1.039798e-02,5.87367542e-03,0.998186,86.3052,277.3894
12,backend,numeric,38,0.1000,1.0e-03,-1,SAM,0.3359,0.017889,1.146363e-02,6.20039808e-03,0.998302,86.9729,281.2109
12,backend,numeric,38,0.1000,1.0e-03,-1,SAM,0.3359,0.017889,1.263848e-02,6.54441978e-03,0.998422,87.5921,285.2289
12,backend,numeric,38,0.1000,1.0e-03,-1,SAM,0.3359,0.017889,1.393374e-02,6.90689329e-03,0.998543,88.1748,289.4502
12,backend,numeric,38,0.1000,1.0e-03,-1,SAM,0.3359,0.017889,1.536175e-02,7.28864650e-03,0.998666,88.7353,293.8820
12,backend,numeric,38,0.1000,1.0e-03,-1,SAM,0.3359,0.017889,1.693611e-02,7.68998234e-03,0.998788,89.2926,298.5329
12,backend,numeric,38,0.1000,1.0e-03,-1,SAM,0.3359,0.017889,1.867181e-02,8.11043334e-03,0.998909,89.8723,303.4118
12,backend,numeric,38,0.1000,1.0e-03,-1,SAM,0.3359,0.017889,2.058540e-02,8.54795728e-03,0.999029,90.5077,308.5298
12,backend,numeric,38,0.1000,1.0e-03,-1,SAM,0.3359,0.017889,2.269511e-02,8.99782489e-03,0.999145,91.2425,313.9018
12,backend,numeric,38,0.1000,1.0e-03,-1,SAM,0.3359,0.017889,2.502102e-02,9.45089233e-03,0.999259,92.1355,319.5484
12,backend,numeric,38,0.1000,1.0e-03,-1,SAM,0.3359,0.017889,2.758532e-02,9.89080300e-03,0.999368,93.2693,325.4991
12,backend,numeric,38,0.1000,1.0e-03,-1,SAM,0.3359,0.017889,3.041241e-02,1.02896400e-02,0.999474,94.7684,331.7998
12,backend,numeric,38,0.1000,1.0e-03,-1,SAM,0.3359,0.017889,3.352924e-02,1.06005845e-02,0.999575,96.8410,338.5259
12,backend,numeric,38,0.1000,1.0e-03,-1,SAM,0.3359,0.017889,3.696550e-02,1.07448657e-02,0.999670,99.8851,345.8118
12,backend,numeric,38,0.1000,1.0e-03,-1,SAM,0.3359,0.017889,4.075393e-02,1.05772414e-02,0.999758,104.8033,353.9201
12,backend,numeric,38,0.1000,1.0e-03,-1,SAM,0.3359,0.017889,4.493062e-02,9.80923757e-03,0.999825,114.1517,3.4826
12,backend,numeric,38,0.1000,1.0e-03,-1,SAM,0.3359,0.017889,4.953535e-02,8.00004077e-03,0.999774,134.3443,16.6876
12,backend,numeric,38,0.1000,1.0e-03,-1,SAM,0.3359,0.017889,5.461201e-02,3.83531382e-03,0.995356,162.8769,42.0601
12,backend,numeric,38,0.1000,1.0e-03,-1,SAM,0.3359,0.017889,6.020894e-02,3.69576534e-03,0.940168,165.3124,67.4223
12,backend,numeric,38,0.1000,1.0e-03,-1,SAM,0.3359,0.017889,6.637949e-02,4.21611009e-03,0.900194,164.1871,58.4267
12,backend,numeric,38,0.1000,1.0e-03,-1,SAM,0.3359,0.017889,7.318242e-02,4.61746529e-03,0.864443,164.2096,35.6159
12,backend,numeric,38,0.1000,1.0e-03,-1,SAM,0.3359,0.017889,8.068256e-02,4.97371256e-03,0.831461,164.1156,357.0501
12,backend,numeric,38,0.1000,1.0e-03,-1,SAM,0.3359,0.017889,8.895135e-02,5.30704627e-03,0.800889,161.8072,304.5074
12,backend,numeric,38,0.1000,1.0e-03,-1,SAM,0.3359,0.017889,9.806757e-02,5.62701177e-03,0.773003,158.3285,246.3127
12,backend,numeric,38,0.1000,1.0e-03,-1,SAM,0.3359,0.017889,1.081181e-01,5.93912380e-03,0.747260,157.7906,176.2902
12,backend,numeric,38,0.1000,1.0e-03,-1,SAM,0.3359,0.017889,1.191986e-01,6.24654521e-03,0.722550,158.1579,86.9411
12,backend,numeric,38,0.1000,1.0e-03,-1,SAM,0.3359,0.017889,1.314147e-01,6.55049299e-03,0.698521,158.6368,331.0788
12,backend,numeric,38,0.1000,1.0e-03,-1,SAM,0.3359,0.017889,1.448828e-01,6.84825640e-03,0.676357,155.2490,202.6194
12,backend,numeric,38,0.1000,1.0e-03,-1,SAM,0.3359,0.017889,1.597312e-01,7.14189539e-03,0.655465,156.3830,52.7512
12,backend,numeric,38,0.1000,1.0e-03,-1,SAM,0.3359,0.017889,1.761014e-01,7.43370701e-03,0.635092,153.7240,228.7552
12,backend,numeric,38,0.1000,1.0e-03,-1,SAM,0.3359,0.017889,1.941492e-01,7.71723277e-03,0.616564,155.0036,25.0124
12,backend,numeric,38,0.1000,1.0e-03,-1,SAM,0.3359,0.017889,2.140467e-01,7.99435317e-03,0.599001,151.7553,146.0616
12,backend,numeric,38,0.1000,1.0e-03,-1,SAM,0.3359,0.017889,2.359833e-01,8.26493236e-03,0.582379,150.7138,228.6744
12,backend,numeric,38,0.1000,1.0e-03,-1,SAM,0.3359,0.017889,2.601682e-01,8.52175659e-03,0.567514,150.4704,276.1835
12,backend,numeric,38,0.1000,1.0e-03,-1,SAM,0.3359,0.017889,2.868317e-01,8.76293480e-03,0.554350,149.2890,283.6062
12,backend,numeric,38,0.1000,1.0e-03,-1,SAM,0.3359,0.017889,3.162278e-01,8.98384586e-03,0.543139,146.8690,247.4433
12,backend,numeric,38,0.1000,1.0e-03,-1,SAM,0.3359,0.017889,3.486365e-01,9.17971727e-03,0.534398,144.1900,168.4327
12,backend,numeric,38,0.1000,1.0e-03,-1,SAM,0.3359,0.017889,3.843667e-01,9.35043790e-03,0.528182,144.7862,41.0249
12,backend,numeric,38,0.1000,1.0e-03,-1,SAM,0.3359,0.017889,4.237587e-01,9.49564776e-03,0.524866,140.2467,222.8805
12,backend,numeric,38,0.1000,1.0e-03,-1,SAM,0.3359,0.017889,4.671878e-01,9.60396294e-03,0.526440,140.3771,6.3998
12,backend,numeric,38,0.1000,1.0e-03,-1,SAM,0.3359,0.017889,5.150678e-01,9.67997504e-03,0.533520,135.3942,112.5528
12,backend,numeric,38,0.1000,1.0e-03,-1,SAM,0.3359,0.017889,5.678548e-01,9.74033971e-03,0.546597,131.2502,189.1486
12,backend,numeric,38,0.1000,1.0e-03,-1,SAM,0.3359,0.017889,6.260517e-01,9.80323540e-03,0.567469,129.1894,258.2896
12,backend,numeric,38,0.1000,1.0e-03,-1,SAM,0.3359,0.017889,6.902129e-01,9.90755401e-03,0.597042,128.7964,345.7456
12,backend,numeric,38,0.1000,1.0e-03,-1,SAM,0.3359,0.017889,7.609497e-01,1.01001350e-02,0.635160,121.0607,114.7812
12,backend,numeric,38,0.1000,1.0e-03,-1,SAM,0.3359,0.017889,8.389360e-01,1.04875317e-02,0.676720,120.3637,299.5686
12,backend,numeric,38,0.1000,1.0e-03,-1,SAM,0.3359,0.017889,9.249147e-01,1.10392683e-02,0.724190,109.6184,206.5898
12,backend,numeric,38,0.1000,1.0e-03,-1,SAM,0.3359,0.017889,1.019705e+00,1.17851962e-02,0.772392,103.4731,192.3157
12,backend,numeric,38,0.1000,1.0e-03,-1,SAM,0.3359,0.017889,1.124210e+00,1.28098505e-02,0.816449,97.6062,249.2958
12,backend,numeric,38,0.1000,1.0e-03,-1,SAM,0.3359,0.017889,1.239425e+00,1.33871667e-02,0.864386,107.4144,21.2233
12,backend,numeric,38,0.1000,1.0e-03,-1,SAM,0.3359,0.017889,1.366448e+00,1.22972756e-02,0.919716,70.8298,169.1606
12,backend,numeric,38,0.1000,1.0e-03,-1,SAM,0.3359,0.017889,1.506489e+00,1.22088775e-02,0.917299,118.9346,180.0925
12,backend,numeric,38,0.1000,1.0e-03,-1,SAM,0.3359,0.017889,1.660883e+00,1.95080921e-02,0.867657,136.6330,351.0062
12,backend,numeric,38,0.1000,1.0e-03,-1,SAM,0.3359,0.017889,1.831099e+00,2.19596678e-02,0.899241,91.3151,164.7039
12,backend,numeric,38,0.1000,1.0e-03,-1,SAM,0.3359,0.017889,2.018760e+00,2.74173534e-02,0.914909,124.1609,38.4823
12,backend,numeric,38,0.1000,1.0e-03,-1,SAM,0.3359,0.017889,2.225654e+00,3.33706628e-02,0.927373,73.6138,259.1466
12,backend,numeric,38,0.1000,1.0e-03,-1,SAM,0.3359,0.017889,2.453751e+00,1.11114231e-01,0.997900,66.7454,237.8022
12,backend,numeric,38,0.1000,1.0e-03,-1,SAM,0.3359,0.017889,2.705225e+00,2.69862543e-01,0.999790,37.2299,225.6010
12,backend,numeric,38,0.1000,1.0e-03,-1,SAM,0.3359,0.017889,2.982471e+00,4.60722381e-01,0.999981,74.1817,138.6915
12,backend,numeric,38,0.1000,1.0e-03,-1,SAM,0.3359,0.017889,3.288131e+00,4.19307567e-01,0.999989,133.5099,198.2327
12,backend,numeric,38,0.1000,1.0e-03,-1,SAM,0.3359,0.017889,3.625117e+00,4.01142534e-01,0.999995,61.0666,251.2876
12,backend,numeric,38,0.1000,1.0e-03,-1,SAM,0.3359,0.017889,3.996639e+00,6.78399330e-01,1.000000,66.5405,117.1318
12,backend,numeric,38,0.1000,1.0e-03,-1,SAM,0.3359,0.017889,4.406236e+00,5.13498300e-01,1.000000,136.2643,241.1621
12,backend,numeric,38,0.1000,1.0e-03,-1,SAM,0.3359,0.017889,4.857812e+00,6.72868111e-01,1.000000,5.3530,179.7368
12,backend,numeric,38,0.1000,1.0e-03,-1,SAM,0.3359,0.017889,5.355667e+00,6.60745530e-01,1.000000,162.9301,226.2785
12,backend,numeric,38,0.1000,1.0e-03,-1,SAM,0.3359,0.017889,5.904545e+00,7.50453260e-01,1.000000,9.3321,50.1300
12,backend,numeric,38,0.1000,1.0e-03,-1,SAM,0.3359,0.017889,6.509675e+00,5.96251621e-01,1.000000,129.9093,272.9901
12,backend,numeric,38,0.1000,1.0e-03,-1,SAM,0.3359,0.017889,7.176822e+00,9.18225280e-01,1.000000,102.3432,75.6044
12,backend,numeric,38,0.1000,1.0e-03,-1,SAM,0.3359,0.017889,7.912343e+00,7.58174017e-01,1.000000,23.9955,340.7370
12,backend,numeric,38,0.1000,1.0e-03,-1,SAM,0.3359,0.017889,8.723243e+00,6.44051968e-01,1.000000,78.8724,291.7085
12,backend,numeric,38,0.1000,1.0e-03,-1,SAM,0.3359,0.017889,9.617249e+00,6.79382914e-01,1.000000,118.3022,295.0267
12,backend,numeric,38,0.1000,1.0e-03,-1,SAM,0.3359,0.017889,1.060288e+01,7.43947354e-01,1.000000,125.9595,302.2903
12,backend,numeric,38,0.1000,1.0e-03,-1,SAM,0.3359,0.017889,1.168952e+01,NaN,NaN,NaN,NaN
12,backend,numeric,38,0.1000,1.0e-03,-1,SAM,0.3359,0.017889,1.288752e+01,NaN,NaN,NaN,NaN
12,backend,numeric,38,0.1000,1.0e-03,-1,SAM,0.3359,0.017889,1.420831e+01,NaN,NaN,NaN,NaN
12,backend,numeric,38,0.1000,1.0e-03,-1,SAM,0.3359,0.017889,1.566445e+01,NaN,NaN,NaN,NaN
12,backend,numeric,38,0.1000,1.0e-03,-1,SAM,0.3359,0.017889,1.726983e+01,NaN,NaN,NaN,NaN
12,backend,numeric,38,0.1000,1.0e-03,-1,SAM,0.3359,0.017889,1.903974e+01,NaN,NaN,NaN,NaN
12,backend,numeric,38,0.1000,1.0e-03,-1,SAM,0.3359,0.017889,2.099104e+01,NaN,NaN,NaN,NaN
12,backend,numeric,38,0.1000,1.0e-03,-1,SAM,0.3359,0.017889,2.314231e+01,NaN,NaN,NaN,NaN
12,backend,numeric,38,0.1000,1.0e-03,-1,SAM,0.3359,0.017889,2.551407e+01,NaN,NaN,NaN,NaN
12,backend,numeric,38,0.1000,1.0e-03,-1,SAM,0.3359,0.017889,2.812889e+01,NaN,NaN,NaN,NaN
12,backend,numeric,38,0.1000,1.0e-03,-1,SAM,0.3359,0.017889,3.101169e+01,NaN,NaN,NaN,NaN
12,backend,numeric,38,0.1000,1.0e-03,-1,SAM,0.3359,0.017889,3.418994e+01,NaN,NaN,NaN,NaN
12,backend,numeric,38,0.1000,1.0e-03,-1,SAM,0.3359,0.017889,3.769391e+01,NaN,NaN,NaN,NaN
12,backend,numeric,38,0.1000,1.0e-03,-1,SAM,0.3359,0.017889,4.155699e+01,NaN,NaN,NaN,NaN
12,backend,numeric,38,0.1000,1.0e-03,-1,SAM,0.3359,0.017889,4.581598e+01,NaN,NaN,NaN,NaN
12,backend,numeric,38,0.1000,1.0e-03,-1,SAM,0.3359,0.017889,5.051145e+01,NaN,NaN,NaN,NaN
12,backend,numeric,38,0.1000,1.0e-03,-1,SAM,0.3359,0.017889,5.568814e+01,NaN,NaN,NaN,NaN
12,backend,numeric,38,0.1000,1.0e-03,-1,SAM,0.3359,0.017889,6.139537e+01,NaN,NaN,NaN,NaN
12,backend,numeric,38,0.1000,1.0e-03,-1,SAM,0.3359,0.017889,6.768750e+01,NaN,NaN,NaN,NaN
12,backend,numeric,38,0.1000,1.0e-03,-1,SAM,0.3359,0.017889,7.462449e+01,NaN,NaN,NaN,NaN
12,backend,numeric,38,0.1000,1.0e-03,-1,SAM,0.3359,0.017889,8.227241e+01,NaN,NaN,NaN,NaN
12,backend,numeric,38,0.1000,1.0e-03,-1,SAM,0.3359,0.017889,9.070414e+01,NaN,NaN,NaN,NaN
12,backend,numeric,38,0.1000,1.0e-03,-1,SAM,0.3359,0.017889,1.000000e+02,NaN,NaN,NaN,NaN
13,backend,numeric,41,1.8000,1.0e-03,-1,LAM,0.6141,0.365311,0.000000e+00,1.56170991e-03,0.696394,52.9164,113.2345
13,backend,numeric,41,1.8000,1.0e-03,-1,LAM,0.6141,0.365311,1.000000e-03,1.52430983e-03,0.705630,52.1874,67.0689
13,backend,numeric,41,1.8000,1.0e-03,-1,LAM,0.6141,0.365311,1.102485e-03,1.52045590e-03,0.706590,52.1804,62.3222
13,backend,numeric,41,1.8000,1.0e-03,-1,LAM,0.6141,0.365311,1.215474e-03,1.51620692e-03,0.707649,52.1902,57.0963
13,backend,numeric,41,1.8000,1.0e-03,-1,LAM,0.6141,0.365311,1.340043e-03,1.51152385e-03,0.708820,52.2210,51.3477
13,backend,numeric,41,1.8000,1.0e-03,-1,LAM,0.6141,0.365311,1.477378e-03,1.50636424e-03,0.710113,52.2768,45.0304
13,backend,numeric,41,1.8000,1.0e-03,-1,LAM,0.6141,0.365311,1.628787e-03,1.50068203e-03,0.711541,52.3599,38.0963
13,backend,numeric,41,1.8000,1.0e-03,-1,LAM,0.6141,0.365311,1.795714e-03,1.49442681e-03,0.713118,52.4695,30.4946
13,backend,numeric,41,1.8000,1.0e-03,-1,LAM,0.6141,0.365311,1.979749e-03,1.48754329e-03,0.714858,52.5991,22.1707
13,backend,numeric,41,1.8000,1.0e-03,-1,LAM,0.6141,0.365311,2.182645e-03,1.47996937e-03,0.716781,52.7339,13.0645
13,backend,numeric,41,1.8000,1.0e-03,-1,LAM,0.6141,0.365311,2.406334e-03,1.47163422e-03,0.718905,52.8472,3.1053
13,backend,numeric,41,1.8000,1.0e-03,-1,LAM,0.6141,0.365311,2.652948e-03,1.46245347e-03,0.721254,52.8989,352.2057
13,backend,numeric,41,1.8000,1.0e-03,-1,LAM,0.6141,0.365311,2.924837e-03,1.45232324e-03,0.723857,52.8362,340.2516
13,backend,numeric,41,1.8000,1.0e-03,-1,LAM,0.6141,0.365311,3.224591e-03,1.44111241e-03,0.726749,52.6011,327.0906
13,backend,numeric,41,1.8000,1.0e-03,-1,LAM,0.6141,0.365311,3.555064e-03,1.42865851e-03,0.729978,52.1489,312.5202
13,backend,numeric,41,1.8000,1.0e-03,-1,LAM,0.6141,0.365311,3.919407e-03,1.41476247e-03,0.733599,51.4782,296.2848
13,backend,numeric,41,1.8000,1.0e-03,-1,LAM,0.6141,0.365311,4.321089e-03,1.39918125e-03,0.737674,50.6707,278.0945
13,backend,numeric,41,1.8000,1.0e-03,-1,LAM,0.6141,0.365311,4.763938e-03,1.38168614e-03,0.742272,49.9147,257.6943
13,backend,numeric,41,1.8000,1.0e-03,-1,LAM,0.6141,0.365311,5.252173e-03,1.36209450e-03,0.747456,49.4600,234.9850
13,backend,numeric,41,1.8000,1.0e-03,-1,LAM,0.6141,0.365311,5.790444e-03,1.34029876e-03,0.753279,49.4496,210.1007
13,backend,numeric,41,1.8000,1.0e-03,-1,LAM,0.6141,0.365311,6.383880e-03,1.31618665e-03,0.759787,49.6902,183.2520
13,backend,numeric,41,1.8000,1.0e-03,-1,LAM,0.6141,0.365311,7.038136e-03,1.28946618e-03,0.767083,49.6231,154.3034
13,backend,numeric,41,1.8000,1.0e-03,-1,LAM,0.6141,0.365311,7.759442e-03,1.25946742e-03,0.775386,48.7718,122.4379
13,backend,numeric,41,1.8000,1.0e-03,-1,LAM,0.6141,0.365311,8.554673e-03,1.22527224e-03,0.785035,47.5290,86.4650
13,backend,numeric,41,1.8000,1.0e-03,-1,LAM,0.6141,0.365311,9.431402e-03,1.18626917e-03,0.796245,47.1768,46.2713
13,backend,numeric,41,1.8000,1.0e-03,-1,LAM,0.6141,0.365311,1.039798e-02,1.14244446e-03,0.809041,47.7886,3.5773
13,backend,numeric,41,1.8000,1.0e-03,-1,LAM,0.6141,0.365311,1.146363e-02,1.09262535e-03,0.823820,46.8622,318.5265
13,backend,numeric,41,1.8000,1.0e-03,-1,LAM,0.6141,0.365311,1.263848e-02,1.03281543e-03,0.842211,43.5129,267.3042
13,backend,numeric,41,1.8000,1.0e-03,-1,LAM,0.6141,0.365311,1.393374e-02,9.58744028e-04,0.865930,41.8025,209.0029
13,backend,numeric,41,1.8000,1.0e-03,-1,LAM,0.6141,0.365311,1.536175e-02,8.64659920e-04,0.896009,40.6476,150.3076
13,backend,numeric,41,1.8000,1.0e-03,-1,LAM,0.6141,0.365311,1.693611e-02,7.19431839e-04,0.939218,34.0996,88.6678
13,backend,numeric,41,1.8000,1.0e-03,-1,LAM,0.6141,0.365311,1.867181e-02,1.04978207e-03,0.997339,54.7109,80.5419
13,backend,numeric,41,1.8000,1.0e-03,-1,LAM,0.6141,0.365311,2.058540e-02,2.10361813e-03,0.998400,79.0804,103.7217
13,backend,numeric,41,1.8000,1.0e-03,-1,LAM,0.6141,0.365311,2.269511e-02,2.91688971e-03,0.998793,85.8830,121.6493
13,backend,numeric,41,1.8000,1.0e-03,-1,LAM,0.6141,0.365311,2.502102e-02,3.55071365e-03,0.999173,90.5293,137.7686
13,backend,numeric,41,1.8000,1.0e-03,-1,LAM,0.6141,0.365311,2.758532e-02,3.97085600e-03,0.999496,95.6604,153.5987
13,backend,numeric,41,1.8000,1.0e-03,-1,LAM,0.6141,0.365311,3.041241e-02,4.01413286e-03,0.999739,104.1977,170.6822
13,backend,numeric,41,1.8000,1.0e-03,-1,LAM,0.6141,0.365311,3.352924e-02,3.19361760e-03,0.999818,129.4996,193.6218
13,backend,numeric,41,1.8000,1.0e-03,-1,LAM,0.6141,0.365311,3.696550e-02,1.22807563e-03,0.959291,166.7631,253.4956
13,backend,numeric,41,1.8000,1.0e-03,-1,LAM,0.6141,0.365311,4.075393e-02,1.59269110e-03,0.896449,161.3370,247.3988
13,backend,numeric,41,1.8000,1.0e-03,-1,LAM,0.6141,0.365311,4.493062e-02,1.80468897e-03,0.853942,160.0153,210.1868
13,backend,numeric,41,1.8000,1.0e-03,-1,LAM,0.6141,0.365311,4.953535e-02,1.97289263e-03,0.823345,159.9222,147.8495
13,backend,numeric,41,1.8000,1.0e-03,-1,LAM,0.6141,0.365311,5.461201e-02,2.11517758e-03,0.802152,157.5604,70.2253
13,backend,numeric,41,1.8000,1.0e-03,-1,LAM,0.6141,0.365311,6.020894e-02,2.23966235e-03,0.788419,157.1145,336.7432
13,backend,numeric,41,1.8000,1.0e-03,-1,LAM,0.6141,0.365311,6.637949e-02,2.35078883e-03,0.781792,153.5181,233.3488
13,backend,numeric,41,1.8000,1.0e-03,-1,LAM,0.6141,0.365311,7.318242e-02,2.45517458e-03,0.780772,153.0843,119.3986
13,backend,numeric,41,1.8000,1.0e-03,-1,LAM,0.6141,0.365311,8.068256e-02,2.55822410e-03,0.785204,151.6940,359.0444
13,backend,numeric,41,1.8000,1.0e-03,-1,LAM,0.6141,0.365311,8.895135e-02,2.66687471e-03,0.795263,147.3192,234.1116
13,backend,numeric,41,1.8000,1.0e-03,-1,LAM,0.6141,0.365311,9.806757e-02,2.79529448e-03,0.809511,146.0377,110.3593
13,backend,numeric,41,1.8000,1.0e-03,-1,LAM,0.6141,0.365311,1.081181e-01,2.95738468e-03,0.828099,144.0527,351.4980
13,backend,numeric,41,1.8000,1.0e-03,-1,LAM,0.6141,0.365311,1.191986e-01,3.17496900e-03,0.851313,136.6988,242.3989
13,backend,numeric,41,1.8000,1.0e-03,-1,LAM,0.6141,0.365311,1.314147e-01,3.49788562e-03,0.875296,135.7613,152.5246
13,backend,numeric,41,1.8000,1.0e-03,-1,LAM,0.6141,0.365311,1.448828e-01,3.96667403e-03,0.900697,127.1927,81.7057
13,backend,numeric,41,1.8000,1.0e-03,-1,LAM,0.6141,0.365311,1.597312e-01,4.70418296e-03,0.923604,124.7473,29.6935
13,backend,numeric,41,1.8000,1.0e-03,-1,LAM,0.6141,0.365311,1.761014e-01,5.88664721e-03,0.940795,118.6051,347.6108
13,backend,numeric,41,1.8000,1.0e-03,-1,LAM,0.6141,0.365311,1.941492e-01,7.48266482e-03,0.957707,100.5946,321.1855
13,backend,numeric,41,1.8000,1.0e-03,-1,LAM,0.6141,0.365311,2.140467e-01,8.87528540e-03,0.986180,100.2652,345.6953
13,backend,numeric,41,1.8000,1.0e-03,-1,LAM,0.6141,0.365311,2.359833e-01,6.08808865e-03,0.956111,137.6879,55.4323
13,backend,numeric,41,1.8000,1.0e-03,-1,LAM,0.6141,0.365311,2.601682e-01,9.93451159e-03,0.953188,129.1155,36.9829
13,backend,numeric,41,1.8000,1.0e-03,-1,LAM,0.6141,0.365311,2.868317e-01,1.65068148e-02,0.961928,118.8709,24.8121
13,backend,numeric,41,1.8000,1.0e-03,-1,LAM,0.6141,0.365311,3.162278e-01,1.68368131e-02,0.974217,122.8256,55.0448
13,backend,numeric,41,1.8000,1.0e-03,-1,LAM,0.6141,0.365311,3.486365e-01,1.47531888e-02,0.966152,128.4616,109.3681
13,backend,numeric,41,1.8000,1.0e-03,-1,LAM,0.6141,0.365311,3.843667e-01,1.59609434e-02,0.971449,120.0382,168.3945
13,backend,numeric,41,1.8000,1.0e-03,-1,LAM,0.6141,0.365311,4.237587e-01,1.07203759e-02,0.972000,121.9322,247.0397
13,backend,numeric,41,1.8000,1.0e-03,-1,LAM,0.6141,0.365311,4.671878e-01,8.20619026e-03,0.977031,115.5981,348.5373
13,backend,numeric,41,1.8000,1.0e-03,-1,LAM,0.6141,0.365311,5.150678e-01,1.00838795e-02,0.968412,115.5280,112.6261
13,backend,numeric,41,1.8000,1.0e-03,-1,LAM,0.6141,0.365311,5.678548e-01,7.68415048e-03,0.970652,116.8211,246.4032
13,backend,numeric,41,1.8000,1.0e-03,-1,LAM,0.6141,0.365311,6.260517e-01,7.24962178e-03,0.963545,113.5140,74.5510
13,backend,numeric,41,1.8000,1.0e-03,-1,LAM,0.6141,0.365311,6.902129e-01,7.58910020e-03,0.969706,114.5203,243.4057
13,backend,numeric,41,1.8000,1.0e-03,-1,LAM,0.6141,0.365311,7.609497e-01,8.73328533e-03,0.969468,112.7683,111.0857
13,backend,numeric,41,1.8000,1.0e-03,-1,LAM,0.6141,0.365311,8.389360e-01,5.47632386e-03,0.976108,118.4725,342.1405
13,backend,numeric,41,1.8000,1.0e-03,-1,LAM,0.6141,0.365311,9.249147e-01,8.25485968e-03,0.969684,112.8056,232.0175
13,backend,numeric,41,1.8000,1.0e-03,-1,LAM,0.6141,0.365311,1.019705e+00,7.53241769e-03,0.969586,115.8656,159.2317
13,backend,numeric,41,1.8000,1.0e-03,-1,LAM,0.6141,0.365311,1.124210e+00,7.80253456e-03,0.971000,114.6493,109.8945
13,backend,numeric,41,1.8000,1.0e-03,-1,LAM,0.6141,0.365311,1.239425e+00,7.96647686e-03,0.970022,113.6985,101.8456
13,backend,numeric,41,1.8000,1.0e-03,-1,LAM,0.6141,0.365311,1.366448e+00,8.31705311e-03,0.970429,113.9237,132.8036
13,backend,numeric,41,1.8000,1.0e-03,-1,LAM,0.6141,0.365311,1.506489e+00,7.82380714e-03,0.972890,114.9383,194.0875
13,backend,numeric,41,1.8000,1.0e-03,-1,LAM,0.6141,0.365311,1.660883e+00,7.28215930e-03,0.972340,110.5979,297.8237
13,backend,numeric,41,1.8000,1.0e-03,-1,LAM,0.6141,0.365311,1.831099e+00,8.54866870e-03,0.970339,113.3307,108.3234
13,backend,numeric,41,1.8000,1.0e-03,-1,LAM,0.6141,0.365311,2.018760e+00,7.13804260e-03,0.977557,112.9046,296.3422
13,backend,numeric,41,1.8000,1.0e-03,-1,LAM,0.6141,0.365311,2.225654e+00,7.28989379e-03,0.969592,115.0450,209.4320
13,backend,numeric,41,1.8000,1.0e-03,-1,LAM,0.6141,0.365311,2.453751e+00,7.96657762e-03,0.972648,114.3038,182.3747
13,backend,numeric,41,1.8000,1.0e-03,-1,LAM,0.6141,0.365311,2.705225e+00,7.54565430e-03,0.970104,115.6424,219.7852
13,backend,numeric,41,1.8000,1.0e-03,-1,LAM,0.6141,0.365311,2.982471e+00,5.09139664e-03,0.972288,120.4545,345.0916
13,backend,numeric,41,1.8000,1.0e-03,-1,LAM,0.6141,0.365311,3.288131e+00,7.40539271e-03,0.971365,114.5372,185.6108
13,backend,numeric,41,1.8000,1.0e-03,-1,LAM,0.6141,0.365311,3.625117e+00,8.97649741e-03,0.970134,113.5223,131.9758
13,backend,numeric,41,1.8000,1.0e-03,-1,LAM,0.6141,0.365311,3.996639e+00,7.60368189e-03,0.969029,115.8633,169.5281
13,backend,numeric,41,1.8000,1.0e-03,-1,LAM,0.6141,0.365311,4.406236e+00,6.85698666e-03,0.975505,111.7738,337.5223
13,backend,numeric,41,1.8000,1.0e-03,-1,LAM,0.6141,0.365311,4.857812e+00,8.00457886e-03,0.971468,111.6159,254.4646
13,backend,numeric,41,1.8000,1.0e-03,-1,LAM,0.6141,0.365311,5.355667e+00,6.93587721e-03,0.974976,111.6465,329.6983
13,backend,numeric,41,1.8000,1.0e-03,-1,LAM,0.6141,0.365311,5.904545e+00,7.81758177e-03,0.968732,115.6953,186.6366
13,backend,numeric,41,1.8000,1.0e-03,-1,LAM,0.6141,0.365311,6.509675e+00,7.30331528e-03,0.972353,115.9342,215.6082
13,backend,numeric,41,1.8000,1.0e-03,-1,LAM,0.6141,0.365311,7.176822e+00,7.81618719e-03,0.968642,111.7408,69.6777
13,backend,numeric,41,1.8000,1.0e-03,-1,LAM,0.6141,0.365311,7.912343e+00,7.83382836e-03,0.970723,116.2165,145.4347
13,backend,numeric,41,1.8000,1.0e-03,-1,LAM,0.6141,0.365311,8.723243e+00,8.24471722e-03,0.966337,111.1830,90.5070
13,backend,numeric,41,1.8000,1.0e-03,-1,LAM,0.6141,0.365311,9.617249e+00,7.21585491e-03,0.969351,114.2039,257.3299
13,backend,numeric,41,1.8000,1.0e-03,-1,LAM,0.6141,0.365311,1.060288e+01,5.61221032e-03,0.975886,117.4740,9.3641
13,backend,numeric,41,1.8000,1.0e-03,-1,LAM,0.6141,0.365311,1.168952e+01,7.02608046e-03,0.963614,112.6657,70.6054
13,backend,numeric,41,1.8000,1.0e-03,-1,LAM,0.6141,0.365311,1.288752e+01,8.43424267e-03,0.969577,112.3501,88.9169
13,backend,numeric,41,1.8000,1.0e-03,-1,LAM,0.6141,0.365311,1.420831e+01,7.88464497e-03,0.970492,114.1548,108.2199
13,backend,numeric,41,1.8000,1.0e-03,-1,LAM,0.6141,0.365311,1.566445e+01,7.76857144e-03,0.971654,116.0914,199.0229
13,backend,numeric,41,1.8000,1.0e-03,-1,LAM,0.6141,0.365311,1.726983e+01,5.64645485e-03,0.965894,115.7790,28.0136
13,backend,numeric,41,1.8000,1.0e-03,-1,LAM,0.6141,0.365311,1.903974e+01,5.51300921e-03,0.975562,119.1994,332.6993
13,backend,numeric,41,1.8000,1.0e-03,-1,LAM,0.6141,0.365311,2.099104e+01,7.86604614e-03,0.971259,115.4919,121.8794
13,backend,numeric,41,1.8000,1.0e-03,-1,LAM,0.6141,0.365311,2.314231e+01,7.49591722e-03,0.970583,114.9548,145.1665
13,backend,numeric,41,1.8000,1.0e-03,-1,LAM,0.6141,0.365311,2.551407e+01,8.87494561e-03,0.970184,113.8717,134.7593
13,backend,numeric,41,1.8000,1.0e-03,-1,LAM,0.6141,0.365311,2.812889e+01,7.74755245e-03,0.970989,114.7736,115.4989
13,backend,numeric,41,1.8000,1.0e-03,-1,LAM,0.6141,0.365311,3.101169e+01,7.98556321e-03,0.968222,114.6078,204.2651
13,backend,numeric,41,1.8000,1.0e-03,-1,LAM,0.6141,0.365311,3.418994e+01,7.90642213e-03,0.970385,113.8864,99.0714
13,backend,numeric,41,1.8000,1.0e-03,-1,LAM,0.6141,0.365311,3.769391e+01,7.48107093e-03,0.970225,112.3367,266.2117
13,backend,numeric,41,1.8000,1.0e-03,-1,LAM,0.6141,0.365311,4.155699e+01,8.24955636e-03,0.965784,111.6774,94.4553
13,backend,numeric,41,1.8000,1.0e-03,-1,LAM,0.6141,0.365311,4.581598e+01,5.49777978e-03,0.964047,116.8951,31.5938
13,backend,numeric,41,1.8000,1.0e-03,-1,LAM,0.6141,0.365311,5.051145e+01,8.16214992e-03,0.972628,114.5380,180.7077
13,backend,numeric,41,1.8000,1.0e-03,-1,LAM,0.6141,0.365311,5.568814e+01,5.10913986e-03,0.972104,119.5732,17.7602
13,backend,numeric,41,1.8000,1.0e-03,-1,LAM,0.6141,0.365311,6.139537e+01,5.63818331e-03,0.974247,117.7554,10.2309
13,backend,numeric,41,1.8000,1.0e-03,-1,LAM,0.6141,0.365311,6.768750e+01,6.89045053e-03,0.975443,111.2214,318.8889
13,backend,numeric,41,1.8000,1.0e-03,-1,LAM,0.6141,0.365311,7.462449e+01,8.03335973e-03,0.965141,111.5253,89.8654
13,backend,numeric,41,1.8000,1.0e-03,-1,LAM,0.6141,0.365311,8.227241e+01,7.45134918e-03,0.971225,114.4267,178.7170
13,backend,numeric,41,1.8000,1.0e-03,-1,LAM,0.6141,0.365311,9.070414e+01,8.71771452e-03,0.971325,114.4032,143.0035
13,backend,numeric,41,1.8000,1.0e-03,-1,LAM,0.6141,0.365311,1.000000e+02,7.78158144e-03,0.968323,115.3324,188.4584
14,backend,numeric,44,10.0000,1.0e-03,-1,LAM,0.2282,0.730683,0.000000e+00,7.27216965e-04,0.431372,161.8406,229.9667
14,backend,numeric,44,10.0000,1.0e-03,-1,LAM,0.2282,0.730683,1.000000e-03,7.44715077e-04,0.417699,161.1572,296.7409
14,backend,numeric,44,10.0000,1.0e-03,-1,LAM,0.2282,0.730683,1.102485e-03,7.46463410e-04,0.416362,161.1865,265.9676
14,backend,numeric,44,10.0000,1.0e-03,-1,LAM,0.2282,0.730683,1.215474e-03,7.48382437e-04,0.414900,161.0824,231.7005
14,backend,numeric,44,10.0000,1.0e-03,-1,LAM,0.2282,0.730683,1.340043e-03,7.50480297e-04,0.413309,160.8038,194.2004
14,backend,numeric,44,10.0000,1.0e-03,-1,LAM,0.2282,0.730683,1.477378e-03,7.52769318e-04,0.411583,160.5978,153.4611
14,backend,numeric,44,10.0000,1.0e-03,-1,LAM,0.2282,0.730683,1.628787e-03,7.55277145e-04,0.409702,160.7080,108.1905
14,backend,numeric,44,10.0000,1.0e-03,-1,LAM,0.2282,0.730683,1.795714e-03,7.58033959e-04,0.407646,160.7822,56.8704
14,backend,numeric,44,10.0000,1.0e-03,-1,LAM,0.2282,0.730683,1.979749e-03,7.61042617e-04,0.405415,160.4261,0.3746
14,backend,numeric,44,10.0000,1.0e-03,-1,LAM,0.2282,0.730683,2.182645e-03,7.64313675e-04,0.403006,160.3138,298.8421
14,backend,numeric,44,10.0000,1.0e-03,-1,LAM,0.2282,0.730683,2.406334e-03,7.67890764e-04,0.400391,160.2426,229.2321
14,backend,numeric,44,10.0000,1.0e-03,-1,LAM,0.2282,0.730683,2.652948e-03,7.71757023e-04,0.397585,159.7043,153.5415
14,backend,numeric,44,10.0000,1.0e-03,-1,LAM,0.2282,0.730683,2.924837e-03,7.75959071e-04,0.394560,159.9592,69.0638
14,backend,numeric,44,10.0000,1.0e-03,-1,LAM,0.2282,0.730683,3.224591e-03,7.80516407e-04,0.391307,159.3930,334.9557
14,backend,numeric,44,10.0000,1.0e-03,-1,LAM,0.2282,0.730683,3.555064e-03,7.85433926e-04,0.387830,159.3678,230.4657
14,backend,numeric,44,10.0000,1.0e-03,-1,LAM,0.2282,0.730683,3.919407e-03,7.90698577e-04,0.384144,158.8608,116.2847
14,backend,numeric,44,10.0000,1.0e-03,-1,LAM,0.2282,0.730683,4.321089e-03,7.96386418e-04,0.380202,158.4684,347.1771
14,backend,numeric,44,10.0000,1.0e-03,-1,LAM,0.2282,0.730683,4.763938e-03,8.02450861e-04,0.376042,158.1425,204.5167
14,backend,numeric,44,10.0000,1.0e-03,-1,LAM,0.2282,0.730683,5.252173e-03,8.08865236e-04,0.371682,157.9919,47.2506
14,backend,numeric,44,10.0000,1.0e-03,-1,LAM,0.2282,0.730683,5.790444e-03,8.15655649e-04,0.367111,157.4068,231.7730
14,backend,numeric,44,10.0000,1.0e-03,-1,LAM,0.2282,0.730683,6.383880e-03,8.22747458e-04,0.362375,156.8489,37.5189
14,backend,numeric,44,10.0000,1.0e-03,-1,LAM,0.2282,0.730683,7.038136e-03,8.30117637e-04,0.357487,155.6365,181.6381
14,backend,numeric,44,10.0000,1.0e-03,-1,LAM,0.2282,0.730683,7.759442e-03,8.37659170e-04,0.352504,155.0965,303.4598
14,backend,numeric,44,10.0000,1.0e-03,-1,LAM,0.2282,0.730683,8.554673e-03,8.45323514e-04,0.347447,154.4825,37.1743
14,backend,numeric,44,10.0000,1.0e-03,-1,LAM,0.2282,0.730683,9.431402e-03,8.52945485e-04,0.342391,153.1893,104.4680
14,backend,numeric,44,10.0000,1.0e-03,-1,LAM,0.2282,0.730683,1.039798e-02,8.60441000e-04,0.337367,151.4458,138.0352
14,backend,numeric,44,10.0000,1.0e-03,-1,LAM,0.2282,0.730683,1.146363e-02,8.67666491e-04,0.332464,149.9736,136.5284
14,backend,numeric,44,10.0000,1.0e-03,-1,LAM,0.2282,0.730683,1.263848e-02,8.74833463e-04,0.327707,148.9868,95.6861
14,backend,numeric,44,10.0000,1.0e-03,-1,LAM,0.2282,0.730683,1.393374e-02,8.82181686e-04,0.323124,146.7720,8.5477
14,backend,numeric,44,10.0000,1.0e-03,-1,LAM,0.2282,0.730683,1.536175e-02,8.89772319e-04,0.318806,145.0927,232.5697
14,backend,numeric,44,10.0000,1.0e-03,-1,LAM,0.2282,0.730683,1.693611e-02,8.97567537e-04,0.314849,142.5985,38.7766
14,backend,numeric,44,10.0000,1.0e-03,-1,LAM,0.2282,0.730683,1.867181e-02,9.05338161e-04,0.311358,138.5064,140.4033
14,backend,numeric,44,10.0000,1.0e-03,-1,LAM,0.2282,0.730683,2.058540e-02,9.12654831e-04,0.308452,135.1444,166.1536
14,backend,numeric,44,10.0000,1.0e-03,-1,LAM,0.2282,0.730683,2.269511e-02,9.18705479e-04,0.306261,132.4007,110.3339
14,backend,numeric,44,10.0000,1.0e-03,-1,LAM,0.2282,0.730683,2.502102e-02,9.22423173e-04,0.304936,128.0525,321.7088
14,backend,numeric,44,10.0000,1.0e-03,-1,LAM,0.2282,0.730683,2.758532e-02,9.22291789e-04,0.304710,125.2013,74.2752
14,backend,numeric,44,10.0000,1.0e-03,-1,LAM,0.2282,0.730683,3.041241e-02,9.16660195e-04,0.305837,120.7310,83.0358
14,backend,numeric,44,10.0000,1.0e-03,-1,LAM,0.2282,0.730683,3.352924e-02,9.04080415e-04,0.308750,114.9048,345.2572
14,backend,numeric,44,10.0000,1.0e-03,-1,LAM,0.2282,0.730683,3.696550e-02,8.83997811e-04,0.314145,110.3062,143.7171
14,backend,numeric,44,10.0000,1.0e-03,-1,LAM,0.2282,0.730683,4.075393e-02,8.57379001e-04,0.323243,107.0676,197.1396
14,backend,numeric,44,10.0000,1.0e-03,-1,LAM,0.2282,0.730683,4.493062e-02,8.24564253e-04,0.338061,103.0014,161.4967
14,backend,numeric,44,10.0000,1.0e-03,-1,LAM,0.2282,0.730683,4.953535e-02,7.88729206e-04,0.360501,102.0235,75.4881
14,backend,numeric,44,10.0000,1.0e-03,-1,LAM,0.2282,0.730683,5.461201e-02,7.54944637e-04,0.392065,98.7383,358.5385
14,backend,numeric,44,10.0000,1.0e-03,-1,LAM,0.2282,0.730683,6.020894e-02,7.27316969e-04,0.433099,96.9182,356.7944
14,backend,numeric,44,10.0000,1.0e-03,-1,LAM,0.2282,0.730683,6.637949e-02,7.09596503e-04,0.481082,95.0367,120.3154
14,backend,numeric,44,10.0000,1.0e-03,-1,LAM,0.2282,0.730683,7.318242e-02,7.00376520e-04,0.533395,92.9489,27.8813
14,backend,numeric,44,10.0000,1.0e-03,-1,LAM,0.2282,0.730683,8.068256e-02,6.93335131e-04,0.589045,89.6224,76.2130
14,backend,numeric,44,10.0000,1.0e-03,-1,LAM,0.2282,0.730683,8.895135e-02,6.77183129e-04,0.648235,85.2464,244.1394
14,backend,numeric,44,10.0000,1.0e-03,-1,LAM,0.2282,0.730683,9.806757e-02,6.30858107e-04,0.715560,80.7202,141.2386
14,backend,numeric,44,10.0000,1.0e-03,-1,LAM,0.2282,0.730683,1.081181e-01,4.96882734e-04,0.808645,69.0519,51.7207
14,backend,numeric,44,10.0000,1.0e-03,-1,LAM,0.2282,0.730683,1.191986e-01,1.31734163e-03,0.999653,111.5506,5.8421
14,backend,numeric,44,10.0000,1.0e-03,-1,LAM,0.2282,0.730683,1.314147e-01,9.74092551e-04,0.761165,144.9563,62.4525
14,backend,numeric,44,10.0000,1.0e-03,-1,LAM,0.2282,0.730683,1.448828e-01,1.17422717e-03,0.764978,138.5297,174.0583
14,backend,numeric,44,10.0000,1.0e-03,-1,LAM,0.2282,0.730683,1.597312e-01,1.37705004e-03,0.865412,125.7226,110.1959
14,backend,numeric,44,10.0000,1.0e-03,-1,LAM,0.2282,0.730683,1.761014e-01,2.26727031e-03,0.960193,98.4722,324.2764
14,backend,numeric,44,10.0000,1.0e-03,-1,LAM,0.2282,0.730683,1.941492e-01,3.50287996e-03,0.965597,111.3792,60.2081
14,backend,numeric,44,10.0000,1.0e-03,-1,LAM,0.2282,0.730683,2.140467e-01,2.38224722e-03,0.972604,117.8711,241.8454
14,backend,numeric,44,10.0000,1.0e-03,-1,LAM,0.2282,0.730683,2.359833e-01,2.24845560e-03,0.971687,111.7809,107.1357
14,backend,numeric,44,10.0000,1.0e-03,-1,LAM,0.2282,0.730683,2.601682e-01,1.82957283e-03,0.967166,113.4070,23.9844
14,backend,numeric,44,10.0000,1.0e-03,-1,LAM,0.2282,0.730683,2.868317e-01,2.00301049e-03,0.974224,113.2818,323.2953
14,backend,numeric,44,10.0000,1.0e-03,-1,LAM,0.2282,0.730683,3.162278e-01,2.11810389e-03,0.971061,111.7771,296.7543
14,backend,numeric,44,10.0000,1.0e-03,-1,LAM,0.2282,0.730683,3.486365e-01,2.12652238e-03,0.971239,111.6236,300.6640
14,backend,numeric,44,10.0000,1.0e-03,-1,LAM,0.2282,0.730683,3.843667e-01,1.94672123e-03,0.974287,113.7160,338.6039
14,backend,numeric,44,10.0000,1.0e-03,-1,LAM,0.2282,0.730683,4.237587e-01,1.88604039e-03,0.965832,113.0501,60.0887
14,backend,numeric,44,10.0000,1.0e-03,-1,LAM,0.2282,0.730683,4.671878e-01,1.91869984e-03,0.972953,114.6638,175.9005
14,backend,numeric,44,10.0000,1.0e-03,-1,LAM,0.2282,0.730683,5.150678e-01,1.89007835e-03,0.974584,113.7176,346.1766
14,backend,numeric,44,10.0000,1.0e-03,-1,LAM,0.2282,0.730683,5.678548e-01,1.80156652e-03,0.969617,115.3937,212.6281
14,backend,numeric,44,10.0000,1.0e-03,-1,LAM,0.2282,0.730683,6.260517e-01,2.14860406e-03,0.972564,113.8183,141.4591
14,backend,numeric,44,10.0000,1.0e-03,-1,LAM,0.2282,0.730683,6.902129e-01,2.09960603e-03,0.972829,114.3307,143.1154
14,backend,numeric,44,10.0000,1.0e-03,-1,LAM,0.2282,0.730683,7.609497e-01,1.97538985e-03,0.967819,113.3247,220.0570
14,backend,numeric,44,10.0000,1.0e-03,-1,LAM,0.2282,0.730683,8.389360e-01,1.78020631e-03,0.965515,113.7692,31.2378
14,backend,numeric,44,10.0000,1.0e-03,-1,LAM,0.2282,0.730683,9.249147e-01,2.12234700e-03,0.971608,112.2737,258.4427
14,backend,numeric,44,10.0000,1.0e-03,-1,LAM,0.2282,0.730683,1.019705e+00,2.14080798e-03,0.968718,112.2712,232.6891
14,backend,numeric,44,10.0000,1.0e-03,-1,LAM,0.2282,0.730683,1.124210e+00,1.87180823e-03,0.974288,114.6750,314.0364
14,backend,numeric,44,10.0000,1.0e-03,-1,LAM,0.2282,0.730683,1.239425e+00,1.79404888e-03,0.971426,114.8436,171.9239
14,backend,numeric,44,10.0000,1.0e-03,-1,LAM,0.2282,0.730683,1.366448e+00,1.94369070e-03,0.972899,114.1457,159.7643
14,backend,numeric,44,10.0000,1.0e-03,-1,LAM,0.2282,0.730683,1.506489e+00,2.07795174e-03,0.968423,111.8990,278.2007
14,backend,numeric,44,10.0000,1.0e-03,-1,LAM,0.2282,0.730683,1.660883e+00,1.83845410e-03,0.970107,115.7124,197.2525
14,backend,numeric,44,10.0000,1.0e-03,-1,LAM,0.2282,0.730683,1.831099e+00,1.81496799e-03,0.974413,113.9011,316.8011
14,backend,numeric,44,10.0000,1.0e-03,-1,LAM,0.2282,0.730683,2.018760e+00,2.16396897e-03,0.970133,112.1340,246.5504
14,backend,numeric,44,10.0000,1.0e-03,-1,LAM,0.2282,0.730683,2.225654e+00,1.94498079e-03,0.966662,112.2413,41.6820
14,backend,numeric,44,10.0000,1.0e-03,-1,LAM,0.2282,0.730683,2.453751e+00,2.08701070e-03,0.966879,111.8228,81.6582
14,backend,numeric,44,10.0000,1.0e-03,-1,LAM,0.2282,0.730683,2.705225e+00,1.63226260e-03,0.971794,115.8637,5.5071
14,backend,numeric,44,10.0000,1.0e-03,-1,LAM,0.2282,0.730683,2.982471e+00,2.13633311e-03,0.968783,112.3325,230.5366
14,backend,numeric,44,10.0000,1.0e-03,-1,LAM,0.2282,0.730683,3.288131e+00,1.97468228e-03,0.966744,112.1565,53.2799
14,backend,numeric,44,10.0000,1.0e-03,-1,LAM,0.2282,0.730683,3.625117e+00,1.82368734e-03,0.969582,115.4716,206.9354
14,backend,numeric,44,10.0000,1.0e-03,-1,LAM,0.2282,0.730683,3.996639e+00,2.14647258e-03,0.968406,111.4356,55.2537
14,backend,numeric,44,10.0000,1.0e-03,-1,LAM,0.2282,0.730683,4.406236e+00,2.05484715e-03,0.973334,112.3643,324.0641
14,backend,numeric,44,10.0000,1.0e-03,-1,LAM,0.2282,0.730683,4.857812e+00,1.66615117e-03,0.972947,115.5645,337.0870
14,backend,numeric,44,10.0000,1.0e-03,-1,LAM,0.2282,0.730683,5.355667e+00,2.04106111e-03,0.972599,113.7690,139.5243
14,backend,numeric,44,10.0000,1.0e-03,-1,LAM,0.2282,0.730683,5.904545e+00,1.82243715e-03,0.969698,115.7729,164.7360
14,backend,numeric,44,10.0000,1.0e-03,-1,LAM,0.2282,0.730683,6.509675e+00,2.08548281e-03,0.966565,111.8177,83.9913
14,backend,numeric,44,10.0000,1.0e-03,-1,LAM,0.2282,0.730683,7.176822e+00,1.74162369e-03,0.972495,116.0383,338.8559
14,backend,numeric,44,10.0000,1.0e-03,-1,LAM,0.2282,0.730683,7.912343e+00,1.91580281e-03,0.974426,113.2836,297.6680
14,backend,numeric,44,10.0000,1.0e-03,-1,LAM,0.2282,0.730683,8.723243e+00,1.63659276e-03,0.971982,115.7916,1.6758
14,backend,numeric,44,10.0000,1.0e-03,-1,LAM,0.2282,0.730683,9.617249e+00,2.06836256e-03,0.968913,112.0419,268.2870
14,backend,numeric,44,10.0000,1.0e-03,-1,LAM,0.2282,0.730683,1.060288e+01,2.17772784e-03,0.972193,113.4980,136.9861
14,backend,numeric,44,10.0000,1.0e-03,-1,LAM,0.2282,0.730683,1.168952e+01,1.91578296e-03,0.965411,112.6707,63.4347
14,backend,numeric,44,10.0000,1.0e-03,-1,LAM,0.2282,0.730683,1.288752e+01,1.85381394e-03,0.971231,115.9842,152.8324
14,backend,numeric,44,10.0000,1.0e-03,-1,LAM,0.2282,0.730683,1.420831e+01,1.86296471e-03,0.972423,114.4410,148.7912
14,backend,numeric,44,10.0000,1.0e-03,-1,LAM,0.2282,0.730683,1.566445e+01,1.94024058e-03,0.967744,113.4738,232.2885
14,backend,numeric,44,10.0000,1.0e-03,-1,LAM,0.2282,0.730683,1.726983e+01,1.77571230e-03,0.968669,114.9428,207.1006
14,backend,numeric,44,10.0000,1.0e-03,-1,LAM,0.2282,0.730683,1.903974e+01,1.90104997e-03,0.967014,114.0323,195.7365
14,backend,numeric,44,10.0000,1.0e-03,-1,LAM,0.2282,0.730683,2.099104e+01,2.17541239e-03,0.969578,111.7743,65.2040
14,backend,numeric,44,10.0000,1.0e-03,-1,LAM,0.2282,0.730683,2.314231e+01,1.68542036e-03,0.968403,115.5916,359.7199
14,backend,numeric,44,10.0000,1.0e-03,-1,LAM,0.2282,0.730683,2.551407e+01,1.94320421e-03,0.967218,113.1827,254.0796
14,backend,numeric,44,10.0000,1.0e-03,-1,LAM,0.2282,0.730683,2.812889e+01,1.72037918e-03,0.972433,116.1244,334.9754
14,backend,numeric,44,10.0000,1.0e-03,-1,LAM,0.2282,0.730683,3.101169e+01,1.88110370e-03,0.967193,114.2634,190.1549
14,backend,numeric,44,10.0000,1.0e-03,-1,LAM,0.2282,0.730683,3.418994e+01,2.11552000e-03,0.971120,112.7680,87.4346
14,backend,numeric,44,10.0000,1.0e-03,-1,LAM,0.2282,0.730683,3.769391e+01,1.82459811e-03,0.965381,113.4867,55.0667
14,backend,numeric,44,10.0000,1.0e-03,-1,LAM,0.2282,0.730683,4.155699e+01,1.82318200e-03,0.965389,113.6781,62.3887
14,backend,numeric,44,10.0000,1.0e-03,-1,LAM,0.2282,0.730683,4.581598e+01,1.87320130e-03,0.968375,114.9691,189.3592
14,backend,numeric,44,10.0000,1.0e-03,-1,LAM,0.2282,0.730683,5.051145e+01,2.16070168e-03,0.972205,113.5938,138.2924
14,backend,numeric,44,10.0000,1.0e-03,-1,LAM,0.2282,0.730683,5.568814e+01,2.13322430e-03,0.967189,111.5258,85.7598
14,backend,numeric,44,10.0000,1.0e-03,-1,LAM,0.2282,0.730683,6.139537e+01,1.75887322e-03,0.969462,115.2290,216.0510
14,backend,numeric,44,10.0000,1.0e-03,-1,LAM,0.2282,0.730683,6.768750e+01,1.60824443e-03,0.969297,116.0860,22.8477
14,backend,numeric,44,10.0000,1.0e-03,-1,LAM,0.2282,0.730683,7.462449e+01,1.82348840e-03,0.969564,115.4635,207.1788
14,backend,numeric,44,10.0000,1.0e-03,-1,LAM,0.2282,0.730683,8.227241e+01,NaN,NaN,NaN,NaN
14,backend,numeric,44,10.0000,1.0e-03,-1,LAM,0.2282,0.730683,9.070414e+01,NaN,NaN,NaN,NaN
14,backend,numeric,44,10.0000,1.0e-03,-1,LAM,0.2282,0.730683,1.000000e+02,NaN,NaN,NaN,NaN
15,backend,numeric,48,0.1000,1.0e-03,-1,SAM,0.5814,0.030961,0.000000e+00,6.96892474e-04,0.983830,148.6441,12.0553
15,backend,numeric,48,0.1000,1.0e-03,-1,SAM,0.5814,0.030961,1.000000e-03,8.27891990e-04,0.946708,145.4315,27.4851
15,backend,numeric,48,0.1000,1.0e-03,-1,SAM,0.5814,0.030961,1.102485e-03,8.42379233e-04,0.944088,145.1114,26.7508
15,backend,numeric,48,0.1000,1.0e-03,-1,SAM,0.5814,0.030961,1.215474e-03,8.57224196e-04,0.941267,144.8089,25.8286
15,backend,numeric,48,0.1000,1.0e-03,-1,SAM,0.5814,0.030961,1.340043e-03,8.72475862e-04,0.938233,144.5243,24.6886
15,backend,numeric,48,0.1000,1.0e-03,-1,SAM,0.5814,0.030961,1.477378e-03,8.88182747e-04,0.934976,144.2583,23.2962
15,backend,numeric,48,0.1000,1.0e-03,-1,SAM,0.5814,0.030961,1.628787e-03,9.04395641e-04,0.931482,144.0110,21.6111
15,backend,numeric,48,0.1000,1.0e-03,-1,SAM,0.5814,0.030961,1.795714e-03,9.21164856e-04,0.927741,143.7820,19.5866
15,backend,numeric,48,0.1000,1.0e-03,-1,SAM,0.5814,0.030961,1.979749e-03,9.38539372e-04,0.923737,143.5706,17.1684
15,backend,numeric,48,0.1000,1.0e-03,-1,SAM,0.5814,0.030961,2.182645e-03,9.56571080e-04,0.919457,143.3743,14.2940
15,backend,numeric,48,0.1000,1.0e-03,-1,SAM,0.5814,0.030961,2.406334e-03,9.75315087e-04,0.914888,143.1879,10.8908
15,backend,numeric,48,0.1000,1.0e-03,-1,SAM,0.5814,0.030961,2.652948e-03,9.94828465e-04,0.910017,143.0026,6.8766
15,backend,numeric,48,0.1000,1.0e-03,-1,SAM,0.5814,0.030961,2.924837e-03,1.01517032e-03,0.904830,142.8039,2.1590
15,backend,numeric,48,0.1000,1.0e-03,-1,SAM,0.5814,0.030961,3.224591e-03,1.03640164e-03,0.899320,142.5699,356.6364
15,backend,numeric,48,0.1000,1.0e-03,-1,SAM,0.5814,0.030961,3.555064e-03,1.05858128e-03,0.893480,142.2689,350.2015
15,backend,numeric,48,0.1000,1.0e-03,-1,SAM,0.5814,0.030961,3.919407e-03,1.08176795e-03,0.887312,141.8578,342.7474
15,backend,numeric,48,0.1000,1.0e-03,-1,SAM,0.5814,0.030961,4.321089e-03,1.10602794e-03,0.880828,141.2825,334.1777
15,backend,numeric,48,0.1000,1.0e-03,-1,SAM,0.5814,0.030961,4.763938e-03,1.13143111e-03,0.874056,140.4842,324.4168
15,backend,numeric,48,0.1000,1.0e-03,-1,SAM,0.5814,0.030961,5.252173e-03,1.15802317e-03,0.867039,139.4155,313.4197
15,backend,numeric,48,0.1000,1.0e-03,-1,SAM,0.5814,0.030961,5.790444e-03,1.18584190e-03,0.859834,138.0655,301.1667
15,backend,numeric,48,0.1000,1.0e-03,-1,SAM,0.5814,0.030961,6.383880e-03,1.21489344e-03,0.852512,136.4945,287.6346
15,backend,numeric,48,0.1000,1.0e-03,-1,SAM,0.5814,0.030961,7.038136e-03,1.24523294e-03,0.845133,134.8637,272.7596
15,backend,numeric,48,0.1000,1.0e-03,-1,SAM,0.5814,0.030961,7.759442e-03,1.27695293e-03,0.837718,133.4414,256.3660
15,backend,numeric,48,0.1000,1.0e-03,-1,SAM,0.5814,0.030961,8.554673e-03,1.31022106e-03,0.830215,132.5425,238.0840
15,backend,numeric,48,0.1000,1.0e-03,-1,SAM,0.5814,0.030961,9.431402e-03,1.34533919e-03,0.822489,132.3655,217.3026
15,backend,numeric,48,0.1000,1.0e-03,-1,SAM,0.5814,0.030961,1.039798e-02,1.38268374e-03,0.814374,132.7380,193.2145
15,backend,numeric,48,0.1000,1.0e-03,-1,SAM,0.5814,0.030961,1.146363e-02,1.42247892e-03,0.805805,132.9425,165.1619
15,backend,numeric,48,0.1000,1.0e-03,-1,SAM,0.5814,0.030961,1.263848e-02,1.46456731e-03,0.796980,132.1023,133.3118
15,backend,numeric,48,0.1000,1.0e-03,-1,SAM,0.5814,0.030961,1.393374e-02,1.50854029e-03,0.788280,130.3544,98.5890
15,backend,numeric,48,0.1000,1.0e-03,-1,SAM,0.5814,0.030961,1.536175e-02,1.55444100e-03,0.779835,129.3411,60.9358
15,backend,numeric,48,0.1000,1.0e-03,-1,SAM,0.5814,0.030961,1.693611e-02,1.60324182e-03,0.771151,130.0492,18.1391
15,backend,numeric,48,0.1000,1.0e-03,-1,SAM,0.5814,0.030961,1.867181e-02,1.65558324e-03,0.761979,129.9927,328.2035
15,backend,numeric,48,0.1000,1.0e-03,-1,SAM,0.5814,0.030961,2.058540e-02,1.70995446e-03,0.753229,127.1367,273.9053
15,backend,numeric,48,0.1000,1.0e-03,-1,SAM,0.5814,0.030961,2.269511e-02,1.76565604e-03,0.745377,125.8636,216.5658
15,backend,numeric,48,0.1000,1.0e-03,-1,SAM,0.5814,0.030961,2.502102e-02,1.82525760e-03,0.737321,126.4203,151.4034
15,backend,numeric,48,0.1000,1.0e-03,-1,SAM,0.5814,0.030961,2.758532e-02,1.88786732e-03,0.729556,124.4268,79.9018
15,backend,numeric,48,0.1000,1.0e-03,-1,SAM,0.5814,0.030961,3.041241e-02,1.95377811e-03,0.722154,125.2286,1.4325
15,backend,numeric,48,0.1000,1.0e-03,-1,SAM,0.5814,0.030961,3.352924e-02,2.02372129e-03,0.714839,122.5755,273.4410
15,backend,numeric,48,0.1000,1.0e-03,-1,SAM,0.5814,0.030961,3.696550e-02,2.09470178e-03,0.708998,122.0359,181.4819
15,backend,numeric,48,0.1000,1.0e-03,-1,SAM,0.5814,0.030961,4.075393e-02,2.17034887e-03,0.703330,120.4717,79.9070
15,backend,numeric,48,0.1000,1.0e-03,-1,SAM,0.5814,0.030961,4.493062e-02,2.25026939e-03,0.698115,121.0815,328.7905
15,backend,numeric,48,0.1000,1.0e-03,-1,SAM,0.5814,0.030961,4.953535e-02,2.33203364e-03,0.694195,117.9196,210.8103
15,backend,numeric,48,0.1000,1.0e-03,-1,SAM,0.5814,0.030961,5.461201e-02,2.41797463e-03,0.691028,117.0118,84.3701
15,backend,numeric,48,0.1000,1.0e-03,-1,SAM,0.5814,0.030961,6.020894e-02,2.50927621e-03,0.688364,116.8901,306.9269
15,backend,numeric,48,0.1000,1.0e-03,-1,SAM,0.5814,0.030961,6.637949e-02,2.60144207e-03,0.687492,115.0208,164.2197
15,backend,numeric,48,0.1000,1.0e-03,-1,SAM,0.5814,0.030961,7.318242e-02,2.69925776e-03,0.687368,114.5143,12.3778
15,backend,numeric,48,0.1000,1.0e-03,-1,SAM,0.5814,0.030961,8.068256e-02,2.80167789e-03,0.688279,111.1679,211.0759
15,backend,numeric,48,0.1000,1.0e-03,-1,SAM,0.5814,0.030961,8.895135e-02,2.90776429e-03,0.690505,110.6702,44.9595
15,backend,numeric,48,0.1000,1.0e-03,-1,SAM,0.5814,0.030961,9.806757e-02,3.02018978e-03,0.693583,107.7075,228.2666
15,backend,numeric,48,0.1000,1.0e-03,-1,SAM,0.5814,0.030961,1.081181e-01,3.13375003e-03,0.698266,107.3789,49.6403
15,backend,numeric,48,0.1000,1.0e-03,-1,SAM,0.5814,0.030961,1.191986e-01,3.25388061e-03,0.703851,104.3403,220.8384
15,backend,numeric,48,0.1000,1.0e-03,-1,SAM,0.5814,0.030961,1.314147e-01,3.37297041e-03,0.711029,104.6480,31.7010
15,backend,numeric,48,0.1000,1.0e-03,-1,SAM,0.5814,0.030961,1.448828e-01,3.49531678e-03,0.719290,101.1691,194.1864
15,backend,numeric,48,0.1000,1.0e-03,-1,SAM,0.5814,0.030961,1.597312e-01,3.61606712e-03,0.728994,102.0370,355.6782
15,backend,numeric,48,0.1000,1.0e-03,-1,SAM,0.5814,0.030961,1.761014e-01,3.72337824e-03,0.740502,97.1890,153.5964
15,backend,numeric,48,0.1000,1.0e-03,-1,SAM,0.5814,0.030961,1.941492e-01,3.82843148e-03,0.753156,95.9577,306.2853
15,backend,numeric,48,0.1000,1.0e-03,-1,SAM,0.5814,0.030961,2.140467e-01,3.87581206e-03,0.769498,90.8680,101.6088
15,backend,numeric,48,0.1000,1.0e-03,-1,SAM,0.5814,0.030961,2.359833e-01,3.90861572e-03,0.787050,87.0539,245.6552
15,backend,numeric,48,0.1000,1.0e-03,-1,SAM,0.5814,0.030961,2.601682e-01,3.81514732e-03,0.810608,88.2857,30.0684
15,backend,numeric,48,0.1000,1.0e-03,-1,SAM,0.5814,0.030961,2.868317e-01,3.58519462e-03,0.840346,78.2353,160.8796
15,backend,numeric,48,0.1000,1.0e-03,-1,SAM,0.5814,0.030961,3.162278e-01,2.98769029e-03,0.887555,68.3640,263.3449
15,backend,numeric,48,0.1000,1.0e-03,-1,SAM,0.5814,0.030961,3.486365e-01,6.28611719e-03,0.996949,95.8984,168.8244
15,backend,numeric,48,0.1000,1.0e-03,-1,SAM,0.5814,0.030961,3.843667e-01,4.59414646e-03,0.851275,148.4612,184.6960
15,backend,numeric,48,0.1000,1.0e-03,-1,SAM,0.5814,0.030961,4.237587e-01,6.00439737e-03,0.755683,142.1102,262.9610
15,backend,numeric,48,0.1000,1.0e-03,-1,SAM,0.5814,0.030961,4.671878e-01,7.03756221e-03,0.707645,137.6878,258.7336
15,backend,numeric,48,0.1000,1.0e-03,-1,SAM,0.5814,0.030961,5.150678e-01,7.88894492e-03,0.684569,132.8250,211.3142
15,backend,numeric,48,0.1000,1.0e-03,-1,SAM,0.5814,0.030961,5.678548e-01,8.62895820e-03,0.678880,128.2083,145.5462
15,backend,numeric,48,0.1000,1.0e-03,-1,SAM,0.5814,0.030961,6.260517e-01,9.31763305e-03,0.685870,127.5207,80.5944
15,backend,numeric,48,0.1000,1.0e-03,-1,SAM,0.5814,0.030961,6.902129e-01,1.00206235e-02,0.701969,127.3494,30.7988
15,backend,numeric,48,0.1000,1.0e-03,-1,SAM,0.5814,0.030961,7.609497e-01,1.07715762e-02,0.726338,124.7094,14.2285
15,backend,numeric,48,0.1000,1.0e-03,-1,SAM,0.5814,0.030961,8.389360e-01,1.15779881e-02,0.758293,118.9569,42.7862
15,backend,numeric,48,0.1000,1.0e-03,-1,SAM,0.5814,0.030961,9.249147e-01,1.24531558e-02,0.793405,107.0610,115.8391
15,backend,numeric,48,0.1000,1.0e-03,-1,SAM,0.5814,0.030961,1.019705e+00,1.36364416e-02,0.825066,96.2663,229.8451
15,backend,numeric,48,0.1000,1.0e-03,-1,SAM,0.5814,0.030961,1.124210e+00,1.42752186e-02,0.866042,106.8621,41.6458
15,backend,numeric,48,0.1000,1.0e-03,-1,SAM,0.5814,0.030961,1.239425e+00,1.49267462e-02,0.899916,76.9226,222.2813
15,backend,numeric,48,0.1000,1.0e-03,-1,SAM,0.5814,0.030961,1.366448e+00,1.54563958e-02,0.994958,109.2237,164.1072
15,backend,numeric,48,0.1000,1.0e-03,-1,SAM,0.5814,0.030961,1.506489e+00,1.75197190e-02,0.898118,113.6076,134.4551
15,backend,numeric,48,0.1000,1.0e-03,-1,SAM,0.5814,0.030961,1.660883e+00,2.43452626e-02,0.860437,132.1093,310.0248
15,backend,numeric,48,0.1000,1.0e-03,-1,SAM,0.5814,0.030961,1.831099e+00,2.59371866e-02,0.904604,90.9140,164.6877
15,backend,numeric,48,0.1000,1.0e-03,-1,SAM,0.5814,0.030961,2.018760e+00,3.15630452e-02,0.922454,122.8596,66.7843
15,backend,numeric,48,0.1000,1.0e-03,-1,SAM,0.5814,0.030961,2.225654e+00,4.31944896e-02,0.906065,108.5791,288.9596
15,backend,numeric,48,0.1000,1.0e-03,-1,SAM,0.5814,0.030961,2.453751e+00,6.03455907e-02,0.995790,58.4534,216.1701
15,backend,numeric,48,0.1000,1.0e-03,-1,SAM,0.5814,0.030961,2.705225e+00,2.14433255e-01,0.999329,55.7072,220.7899
15,backend,numeric,48,0.1000,1.0e-03,-1,SAM,0.5814,0.030961,2.982471e+00,3.88466520e-01,0.999902,63.1553,170.9050
15,backend,numeric,48,0.1000,1.0e-03,-1,SAM,0.5814,0.030961,3.288131e+00,4.97586178e-01,0.999963,99.1874,172.5777
15,backend,numeric,48,0.1000,1.0e-03,-1,SAM,0.5814,0.030961,3.625117e+00,5.25207084e-01,0.999990,82.1011,202.9302
15,backend,numeric,48,0.1000,1.0e-03,-1,SAM,0.5814,0.030961,3.996639e+00,7.36020850e-01,0.999996,75.0119,169.9160
15,backend,numeric,48,0.1000,1.0e-03,-1,SAM,0.5814,0.030961,4.406236e+00,8.15218443e-01,0.999999,99.8290,186.6197
15,backend,numeric,48,0.1000,1.0e-03,-1,SAM,0.5814,0.030961,4.857812e+00,9.71561686e-01,1.000000,72.7458,180.4455
15,backend,numeric,48,0.1000,1.0e-03,-1,SAM,0.5814,0.030961,5.355667e+00,NaN,NaN,NaN,NaN
15,backend,numeric,48,0.1000,1.0e-03,-1,SAM,0.5814,0.030961,5.904545e+00,NaN,NaN,NaN,NaN
15,backend,numeric,48,0.1000,1.0e-03,-1,SAM,0.5814,0.030961,6.509675e+00,NaN,NaN,NaN,NaN
15,backend,numeric,48,0.1000,1.0e-03,-1,SAM,0.5814,0.030961,7.176822e+00,NaN,NaN,NaN,NaN
15,backend,numeric,48,0.1000,1.0e-03,-1,SAM,0.5814,0.030961,7.912343e+00,NaN,NaN,NaN,NaN
15,backend,numeric,48,0.1000,1.0e-03,-1,SAM,0.5814,0.030961,8.723243e+00,NaN,NaN,NaN,NaN
15,backend,numeric,48,0.1000,1.0e-03,-1,SAM,0.5814,0.030961,9.617249e+00,NaN,NaN,NaN,NaN
15,backend,numeric,48,0.1000,1.0e-03,-1,SAM,0.5814,0.030961,1.060288e+01,NaN,NaN,NaN,NaN
15,backend,numeric,48,0.1000,1.0e-03,-1,SAM,0.5814,0.030961,1.168952e+01,NaN,NaN,NaN,NaN
15,backend,numeric,48,0.1000,1.0e-03,-1,SAM,0.5814,0.030961,1.288752e+01,NaN,NaN,NaN,NaN
15,backend,numeric,48,0.1000,1.0e-03,-1,SAM,0.5814,0.030961,1.420831e+01,NaN,NaN,NaN,NaN
15,backend,numeric,48,0.1000,1.0e-03,-1,SAM,0.5814,0.030961,1.566445e+01,NaN,NaN,NaN,NaN
15,backend,numeric,48,0.1000,1.0e-03,-1,SAM,0.5814,0.030961,1.726983e+01,NaN,NaN,NaN,NaN
15,backend,numeric,48,0.1000,1.0e-03,-1,SAM,0.5814,0.030961,1.903974e+01,NaN,NaN,NaN,NaN
15,backend,numeric,48,0.1000,1.0e-03,-1,SAM,0.5814,0.030961,2.099104e+01,NaN,NaN,NaN,NaN
15,backend,numeric,48,0.1000,1.0e-03,-1,SAM,0.5814,0.030961,2.314231e+01,NaN,NaN,NaN,NaN
15,backend,numeric,48,0.1000,1.0e-03,-1,SAM,0.5814,0.030961,2.551407e+01,NaN,NaN,NaN,NaN
15,backend,numeric,48,0.1000,1.0e-03,-1,SAM,0.5814,0.030961,2.812889e+01,NaN,NaN,NaN,NaN
15,backend,numeric,48,0.1000,1.0e-03,-1,SAM,0.5814,0.030961,3.101169e+01,NaN,NaN,NaN,NaN
15,backend,numeric,48,0.1000,1.0e-03,-1,SAM,0.5814,0.030961,3.418994e+01,NaN,NaN,NaN,NaN
15,backend,numeric,48,0.1000,1.0e-03,-1,SAM,0.5814,0.030961,3.769391e+01,NaN,NaN,NaN,NaN
15,backend,numeric,48,0.1000,1.0e-03,-1,SAM,0.5814,0.030961,4.155699e+01,NaN,NaN,NaN,NaN
15,backend,numeric,48,0.1000,1.0e-03,-1,SAM,0.5814,0.030961,4.581598e+01,NaN,NaN,NaN,NaN
15,backend,numeric,48,0.1000,1.0e-03,-1,SAM,0.5814,0.030961,5.051145e+01,NaN,NaN,NaN,NaN
15,backend,numeric,48,0.1000,1.0e-03,-1,SAM,0.5814,0.030961,5.568814e+01,NaN,NaN,NaN,NaN
15,backend,numeric,48,0.1000,1.0e-03,-1,SAM,0.5814,0.030961,6.139537e+01,NaN,NaN,NaN,NaN
15,backend,numeric,48,0.1000,1.0e-03,-1,SAM,0.5814,0.030961,6.768750e+01,NaN,NaN,NaN,NaN
15,backend,numeric,48,0.1000,1.0e-03,-1,SAM,0.5814,0.030961,7.462449e+01,NaN,NaN,NaN,NaN
15,backend,numeric,48,0.1000,1.0e-03,-1,SAM,0.5814,0.030961,8.227241e+01,NaN,NaN,NaN,NaN
15,backend,numeric,48,0.1000,1.0e-03,-1,SAM,0.5814,0.030961,9.070414e+01,NaN,NaN,NaN,NaN
15,backend,numeric,48,0.1000,1.0e-03,-1,SAM,0.5814,0.030961,1.000000e+02,NaN,NaN,NaN,NaN
