case_id,block,backend,ic_id,J,mu_over_J,sigma,band0,band_frac0,d_sep0,t_yr,omega_e,Id_over_Is,beta_deg,alpha_deg
1,backend,numeric,1,10.0000,1.0e-03,-1,LAM,0.1949,0.762218,0.000000e+00,7.89395007e-04,0.408497,38.2810,52.6808
1,backend,numeric,1,10.0000,1.0e-03,-1,LAM,0.1949,0.762218,1.000000e-03,7.79939435e-04,0.405052,37.7786,176.6409
1,backend,numeric,1,10.0000,1.0e-03,-1,LAM,0.1949,0.762218,1.102485e-03,7.79009653e-04,0.404676,37.7342,151.6601
1,backend,numeric,1,10.0000,1.0e-03,-1,LAM,0.1949,0.762218,1.215474e-03,7.77988454e-04,0.404264,38.0020,124.1554
1,backend,numeric,1,10.0000,1.0e-03,-1,LAM,0.1949,0.762218,1.340043e-03,7.76857305e-04,0.403823,38.4608,94.2592
1,backend,numeric,1,10.0000,1.0e-03,-1,LAM,0.1949,0.762218,1.477378e-03,7.75603233e-04,0.403355,38.7102,61.7407
1,backend,numeric,1,10.0000,1.0e-03,-1,LAM,0.1949,0.762218,1.628787e-03,7.74232095e-04,0.402835,38.4514,25.6727
1,backend,numeric,1,10.0000,1.0e-03,-1,LAM,0.1949,0.762218,1.795714e-03,7.72754580e-04,0.402232,38.0739,344.9189
1,backend,numeric,1,10.0000,1.0e-03,-1,LAM,0.1949,0.762218,1.979749e-03,7.71148069e-04,0.401555,38.3601,299.5449
1,backend,numeric,1,10.0000,1.0e-03,-1,LAM,0.1949,0.762218,2.182645e-03,7.69365475e-04,0.400843,38.8737,250.4568
1,backend,numeric,1,10.0000,1.0e-03,-1,LAM,0.1949,0.762218,2.406334e-03,7.67421324e-04,0.400054,38.4226,196.1290
1,backend,numeric,1,10.0000,1.0e-03,-1,LAM,0.1949,0.762218,2.652948e-03,7.65347211e-04,0.399128,38.3200,134.2954
1,backend,numeric,1,10.0000,1.0e-03,-1,LAM,0.1949,0.762218,2.924837e-03,7.63047960e-04,0.398159,39.2028,67.2842
1,backend,numeric,1,10.0000,1.0e-03,-1,LAM,0.1949,0.762218,3.224591e-03,7.60543858e-04,0.397095,38.5749,353.0174
1,backend,numeric,1,10.0000,1.0e-03,-1,LAM,0.1949,0.762218,3.555064e-03,7.57858552e-04,0.395881,39.2831,269.5023
1,backend,numeric,1,10.0000,1.0e-03,-1,LAM,0.1949,0.762218,3.919407e-03,7.54913747e-04,0.394588,38.7602,178.1785
1,backend,numeric,1,10.0000,1.0e-03,-1,LAM,0.1949,0.762218,4.321089e-03,7.51767254e-04,0.393118,39.7566,75.2980
1,backend,numeric,1,10.0000,1.0e-03,-1,LAM,0.1949,0.762218,4.763938e-03,7.48346486e-04,0.391533,39.1556,321.7083
1,backend,numeric,1,10.0000,1.0e-03,-1,LAM,0.1949,0.762218,5.252173e-03,7.44649243e-04,0.389817,39.5937,196.1218
1,backend,numeric,1,10.0000,1.0e-03,-1,LAM,0.1949,0.762218,5.790444e-03,7.40717951e-04,0.387887,40.4811,54.9263
1,backend,numeric,1,10.0000,1.0e-03,-1,LAM,0.1949,0.762218,6.383880e-03,7.36515200e-04,0.385779,40.7523,257.7395
1,backend,numeric,1,10.0000,1.0e-03,-1,LAM,0.1949,0.762218,7.038136e-03,7.32051940e-04,0.383473,41.1369,82.4945
1,backend,numeric,1,10.0000,1.0e-03,-1,LAM,0.1949,0.762218,7.759442e-03,7.27298623e-04,0.381026,41.6168,247.5756
1,backend,numeric,1,10.0000,1.0e-03,-1,LAM,0.1949,0.762218,8.554673e-03,7.22262906e-04,0.378407,41.8177,29.7516
1,backend,numeric,1,10.0000,1.0e-03,-1,LAM,0.1949,0.762218,9.431402e-03,7.16983839e-04,0.375563,41.7426,144.5779
1,backend,numeric,1,10.0000,1.0e-03,-1,LAM,0.1949,0.762218,1.039798e-02,7.11361354e-04,0.372650,43.4419,231.5723
1,backend,numeric,1,10.0000,1.0e-03,-1,LAM,0.1949,0.762218,1.146363e-02,7.05436648e-04,0.369617,43.9609,283.6746
1,backend,numeric,1,10.0000,1.0e-03,-1,LAM,0.1949,0.762218,1.263848e-02,6.99070522e-04,0.366656,44.6480,298.8687
1,backend,numeric,1,10.0000,1.0e-03,-1,LAM,0.1949,0.762218,1.393374e-02,6.92154171e-04,0.363855,46.4200,271.2337
1,backend,numeric,1,10.0000,1.0e-03,-1,LAM,0.1949,0.762218,1.536175e-02,6.84442049e-04,0.361439,47.2764,195.6034
1,backend,numeric,1,10.0000,1.0e-03,-1,LAM,0.1949,0.762218,1.693611e-02,6.75709324e-04,0.359560,49.7445,62.8477
1,backend,numeric,1,10.0000,1.0e-03,-1,LAM,0.1949,0.762218,1.867181e-02,6.65439037e-04,0.358640,51.4110,228.4795
1,backend,numeric,1,10.0000,1.0e-03,-1,LAM,0.1949,0.762218,2.058540e-02,6.53120296e-04,0.359057,52.1165,323.0491
1,backend,numeric,1,10.0000,1.0e-03,-1,LAM,0.1949,0.762218,2.269511e-02,6.38026042e-04,0.361381,54.1695,341.5205
1,backend,numeric,1,10.0000,1.0e-03,-1,LAM,0.1949,0.762218,2.502102e-02,6.18943581e-04,0.366177,57.4644,274.8287
1,backend,numeric,1,10.0000,1.0e-03,-1,LAM,0.1949,0.762218,2.758532e-02,5.95345482e-04,0.374222,59.1384,114.8905
1,backend,numeric,1,10.0000,1.0e-03,-1,LAM,0.1949,0.762218,3.041241e-02,5.67036127e-04,0.386352,61.3127,217.7591
1,backend,numeric,1,10.0000,1.0e-03,-1,LAM,0.1949,0.762218,3.352924e-02,5.33739869e-04,0.403318,62.6917,220.5244
1,backend,numeric,1,10.0000,1.0e-03,-1,LAM,0.1949,0.762218,3.696550e-02,4.95528197e-04,0.425978,62.9438,125.4330
1,backend,numeric,1,10.0000,1.0e-03,-1,LAM,0.1949,0.762218,4.075393e-02,4.50916477e-04,0.455594,62.9072,295.8394
1,backend,numeric,1,10.0000,1.0e-03,-1,LAM,0.1949,0.762218,4.493062e-02,3.97327218e-04,0.493612,61.4753,0.1246
1,backend,numeric,1,10.0000,1.0e-03,-1,LAM,0.1949,0.762218,4.953535e-02,3.27465430e-04,0.544996,57.9580,272.8240
1,backend,numeric,1,10.0000,1.0e-03,-1,LAM,0.1949,0.762218,5.461201e-02,2.22150640e-04,0.636291,48.9856,235.2558
1,backend,numeric,1,10.0000,1.0e-03,-1,LAM,0.1949,0.762218,6.020894e-02,1.39798460e-04,0.907558,160.9630,332.2212
1,backend,numeric,1,10.0000,1.0e-03,-1,LAM,0.1949,0.762218,6.637949e-02,3.14516174e-04,0.516335,146.4176,190.4732
1,backend,numeric,1,10.0000,1.0e-03,-1,LAM,0.1949,0.762218,7.318242e-02,3.87380155e-04,0.419647,133.1066,180.2617
1,backend,numeric,1,10.0000,1.0e-03,-1,LAM,0.1949,0.762218,8.068256e-02,4.17082969e-04,0.412783,119.0678,151.5260
1,backend,numeric,1,10.0000,1.0e-03,-1,LAM,0.1949,0.762218,8.895135e-02,4.33047711e-04,0.460278,109.7864,3.2768
1,backend,numeric,1,10.0000,1.0e-03,-1,LAM,0.1949,0.762218,9.806757e-02,4.62261600e-04,0.532789,102.7173,232.1467
1,backend,numeric,1,10.0000,1.0e-03,-1,LAM,0.1949,0.762218,1.081181e-01,5.05257134e-04,0.605158,95.9426,97.4898
1,backend,numeric,1,10.0000,1.0e-03,-1,LAM,0.1949,0.762218,1.191986e-01,5.34022336e-04,0.674266,87.9897,75.0916
1,backend,numeric,1,10.0000,1.0e-03,-1,LAM,0.1949,0.762218,1.314147e-01,4.88800282e-04,0.758324,78.0581,295.0078
1,backend,numeric,1,10.0000,1.0e-03,-1,LAM,0.1949,0.762218,1.448828e-01,3.21781284e-04,0.945656,155.6130,186.2219
1,backend,numeric,1,10.0000,1.0e-03,-1,LAM,0.1949,0.762218,1.597312e-01,7.92945903e-04,0.663370,130.3169,63.7849
1,backend,numeric,1,10.0000,1.0e-03,-1,LAM,0.1949,0.762218,1.761014e-01,9.76046108e-04,0.684302,120.3135,223.9930
1,backend,numeric,1,10.0000,1.0e-03,-1,LAM,0.1949,0.762218,1.941492e-01,1.09262061e-03,0.817695,109.0179,124.2820
1,backend,numeric,1,10.0000,1.0e-03,-1,LAM,0.1949,0.762218,2.140467e-01,1.07926165e-03,0.959830,78.7063,177.0985
1,backend,numeric,1,10.0000,1.0e-03,-1,LAM,0.1949,0.762218,2.359833e-01,2.53487724e-03,0.961753,101.1782,228.1297
1,backend,numeric,1,10.0000,1.0e-03,-1,LAM,0.1949,0.762218,2.601682e-01,2.20988404e-03,0.965825,112.8573,108.6903
1,backend,numeric,1,10.0000,1.0e-03,-1,LAM,0.1949,0.762218,2.868317e-01,2.01457087e-03,0.965734,111.7299,38.1112
1,backend,numeric,1,10.0000,1.0e-03,-1,LAM,0.1949,0.762218,3.162278e-01,1.72949962e-03,0.972571,116.7405,5.6156
1,backend,numeric,1,10.0000,1.0e-03,-1,LAM,0.1949,0.762218,3.486365e-01,1.71685364e-03,0.971105,115.9509,10.3767
1,backend,numeric,1,10.0000,1.0e-03,-1,LAM,0.1949,0.762218,3.843667e-01,1.83813308e-03,0.966065,113.4972,50.9581
1,backend,numeric,1,10.0000,1.0e-03,-1,LAM,0.1949,0.762218,4.237587e-01,2.16944854e-03,0.971393,113.2048,122.4412
1,backend,numeric,1,10.0000,1.0e-03,-1,LAM,0.1949,0.762218,4.671878e-01,1.90154258e-03,0.967059,113.6122,250.5605
1,backend,numeric,1,10.0000,1.0e-03,-1,LAM,0.1949,0.762218,5.150678e-01,1.84521597e-03,0.965447,113.4629,63.0976
1,backend,numeric,1,10.0000,1.0e-03,-1,LAM,0.1949,0.762218,5.678548e-01,2.08762339e-03,0.969206,111.8528,279.5466
1,backend,numeric,1,10.0000,1.0e-03,-1,LAM,0.1949,0.762218,6.260517e-01,1.82673127e-03,0.969184,115.2915,210.6753
1,backend,numeric,1,10.0000,1.0e-03,-1,LAM,0.1949,0.762218,6.902129e-01,1.86971904e-03,0.968382,114.7378,211.4239
1,backend,numeric,1,10.0000,1.0e-03,-1,LAM,0.1949,0.762218,7.609497e-01,2.03939032e-03,0.972540,112.2042,285.5827
1,backend,numeric,1,10.0000,1.0e-03,-1,LAM,0.1949,0.762218,8.389360e-01,2.19469192e-03,0.970992,112.4633,95.0726
1,backend,numeric,1,10.0000,1.0e-03,-1,LAM,0.1949,0.762218,9.249147e-01,1.65786865e-03,0.972649,115.8743,333.9755
1,backend,numeric,1,10.0000,1.0e-03,-1,LAM,0.1949,0.762218,1.019705e+00,1.91082530e-03,0.974593,113.8331,300.3313
1,backend,numeric,1,10.0000,1.0e-03,-1,LAM,0.1949,0.762218,1.124210e+00,1.89034029e-03,0.966225,112.5318,25.5653
1,backend,numeric,1,10.0000,1.0e-03,-1,LAM,0.1949,0.762218,1.239425e+00,2.03277248e-03,0.967424,112.4962,247.2913
1,backend,numeric,1,10.0000,1.0e-03,-1,LAM,0.1949,0.762218,1.366448e+00,1.84090011e-03,0.967274,114.2578,238.0023
1,backend,numeric,1,10.0000,1.0e-03,-1,LAM,0.1949,0.762218,1.506489e+00,1.89050225e-03,0.974592,113.7667,346.5823
1,backend,numeric,1,10.0000,1.0e-03,-1,LAM,0.1949,0.762218,1.660883e+00,2.06908130e-03,0.969089,112.0749,262.7432
1,backend,numeric,1,10.0000,1.0e-03,-1,LAM,0.1949,0.762218,1.831099e+00,1.84739663e-03,0.965372,113.0810,38.3357
1,backend,numeric,1,10.0000,1.0e-03,-1,LAM,0.1949,0.762218,2.018760e+00,1.77693984e-03,0.974161,115.1355,316.6532
1,backend,numeric,1,10.0000,1.0e-03,-1,LAM,0.1949,0.762218,2.225654e+00,2.07722166e-03,0.971936,113.2854,105.5748
1,backend,numeric,1,10.0000,1.0e-03,-1,LAM,0.1949,0.762218,2.453751e+00,2.08737874e-03,0.972682,113.8844,146.3754
1,backend,numeric,1,10.0000,1.0e-03,-1,LAM,0.1949,0.762218,2.705225e+00,2.10079963e-03,0.966762,111.5538,79.8682
1,backend,numeric,1,10.0000,1.0e-03,-1,LAM,0.1949,0.762218,2.982471e+00,1.91087384e-03,0.974579,113.6373,298.7642
1,backend,numeric,1,10.0000,1.0e-03,-1,LAM,0.1949,0.762218,3.288131e+00,2.07820244e-03,0.972033,113.4069,117.3599
1,backend,numeric,1,10.0000,1.0e-03,-1,LAM,0.1949,0.762218,3.625117e+00,2.08024562e-03,0.969391,111.9440,272.6546
1,backend,numeric,1,10.0000,1.0e-03,-1,LAM,0.1949,0.762218,3.996639e+00,1.94860847e-03,0.973066,114.8228,122.5628
1,backend,numeric,1,10.0000,1.0e-03,-1,LAM,0.1949,0.762218,4.406236e+00,1.69694844e-03,0.967528,115.5285,37.4449
1,backend,numeric,1,10.0000,1.0e-03,-1,LAM,0.1949,0.762218,4.857812e+00,2.04837198e-03,0.966326,111.5251,53.0836
1,backend,numeric,1,10.0000,1.0e-03,-1,LAM,0.1949,0.762218,5.355667e+00,1.76512355e-03,0.968895,115.0910,217.5362
1,backend,numeric,1,10.0000,1.0e-03,-1,LAM,0.1949,0.762218,5.904545e+00,2.11762461e-03,0.968918,112.3702,230.0955
1,backend,numeric,1,10.0000,1.0e-03,-1,LAM,0.1949,0.762218,6.509675e+00,2.10918295e-03,0.972748,113.9534,148.0496
1,backend,numeric,1,10.0000,1.0e-03,-1,LAM,0.1949,0.762218,7.176822e+00,2.02918238e-03,0.967329,111.6533,46.0535
1,backend,numeric,1,10.0000,1.0e-03,-1,LAM,0.1949,0.762218,7.912343e+00,1.74088900e-03,0.965765,114.1918,18.5614
1,backend,numeric,1,10.0000,1.0e-03,-1,LAM,0.1949,0.762218,8.723243e+00,2.09001983e-03,0.966666,111.5529,76.5515
1,backend,numeric,1,10.0000,1.0e-03,-1,LAM,0.1949,0.762218,9.617249e+00,1.87177894e-03,0.974386,113.3987,338.3397
1,backend,numeric,1,10.0000,1.0e-03,-1,LAM,0.1949,0.762218,1.060288e+01,1.81580497e-03,0.969927,115.5514,206.3439
1,backend,numeric,1,10.0000,1.0e-03,-1,LAM,0.1949,0.762218,1.168952e+01,2.18629560e-03,0.971829,113.2118,126.1763
1,backend,numeric,1,10.0000,1.0e-03,-1,LAM,0.1949,0.762218,1.288752e+01,2.07022609e-03,0.968086,112.6456,219.2963
1,backend,numeric,1,10.0000,1.0e-03,-1,LAM,0.1949,0.762218,1.420831e+01,1.93434425e-03,0.966976,113.4667,226.6012
1,backend,numeric,1,10.0000,1.0e-03,-1,LAM,0.1949,0.762218,1.566445e+01,2.04712689e-03,0.972269,112.0387,297.8615
1,backend,numeric,1,10.0000,1.0e-03,-1,LAM,0.1949,0.762218,1.726983e+01,2.12792078e-03,0.969582,111.6353,276.7389
1,backend,numeric,1,10.0000,1.0e-03,-1,LAM,0.1949,0.762218,1.903974e+01,2.15038557e-03,0.971537,112.1474,261.0050
1,backend,numeric,1,10.0000,1.0e-03,-1,LAM,0.1949,0.762218,2.099104e+01,1.88110531e-03,0.972554,115.3381,134.0251
1,backend,numeric,1,10.0000,1.0e-03,-1,LAM,0.1949,0.762218,2.314231e+01,2.12604686e-03,0.969376,111.8828,63.2565
1,backend,numeric,1,10.0000,1.0e-03,-1,LAM,0.1949,0.762218,2.551407e+01,2.05769432e-03,0.972951,112.0278,320.2856
1,backend,numeric,1,10.0000,1.0e-03,-1,LAM,0.1949,0.762218,2.812889e+01,2.04090119e-03,0.967316,111.5428,42.7631
1,backend,numeric,1,10.0000,1.0e-03,-1,LAM,0.1949,0.762218,3.101169e+01,2.15510918e-03,0.971129,112.1659,255.3512
1,backend,numeric,1,10.0000,1.0e-03,-1,LAM,0.1949,0.762218,3.418994e+01,1.79829942e-03,0.971509,114.8758,162.3413
1,backend,numeric,1,10.0000,1.0e-03,-1,LAM,0.1949,0.762218,3.769391e+01,2.20745196e-03,0.971144,112.7454,118.3365
1,backend,numeric,1,10.0000,1.0e-03,-1,LAM,0.1949,0.762218,4.155699e+01,2.21884528e-03,0.971079,112.9045,125.1900
1,backend,numeric,1,10.0000,1.0e-03,-1,LAM,0.1949,0.762218,4.581598e+01,2.10690553e-03,0.970413,112.1367,253.3290
1,backend,numeric,1,10.0000,1.0e-03,-1,LAM,0.1949,0.762218,5.051145e+01,1.78438752e-03,0.970293,115.4329,210.3785
1,backend,numeric,1,10.0000,1.0e-03,-1,LAM,0.1949,0.762218,5.568814e+01,NaN,NaN,NaN,NaN
1,backend,numeric,1,10.0000,1.0e-03,-1,LAM,0.1949,0.762218,6.139537e+01,NaN,NaN,NaN,NaN
1,backend,numeric,1,10.0000,1.0e-03,-1,LAM,0.1949,0.762218,6.768750e+01,NaN,NaN,NaN,NaN
1,backend,numeric,1,10.0000,1.0e-03,-1,LAM,0.1949,0.762218,7.462449e+01,NaN,NaN,NaN,NaN
1,backend,numeric,1,10.0000,1.0e-03,-1,LAM,0.1949,0.762218,8.227241e+01,NaN,NaN,NaN,NaN
1,backend,numeric,1,10.0000,1.0e-03,-1,LAM,0.1949,0.762218,9.070414e+01,NaN,NaN,NaN,NaN
1,backend,numeric,1,10.0000,1.0e-03,-1,LAM,0.1949,0.762218,1.000000e+02,NaN,NaN,NaN,NaN
2,backend,numeric,5,0.1000,1.0e-03,-1,SAM,0.0972,0.005179,0.000000e+00,2.34962900e-03,0.965129,94.2320,108.2913
2,backend,numeric,5,0.1000,1.0e-03,-1,SAM,0.0972,0.005179,1.000000e-03,2.43133179e-03,0.967265,93.8348,114.8035
2,backend,numeric,5,0.1000,1.0e-03,-1,SAM,0.0972,0.005179,1.102485e-03,2.43964335e-03,0.967489,93.8811,115.4834
2,backend,numeric,5,0.1000,1.0e-03,-1,SAM,0.0972,0.005179,1.215474e-03,2.44881111e-03,0.967735,93.9485,116.2357
2,backend,numeric,5,0.1000,1.0e-03,-1,SAM,0.0972,0.005179,1.340043e-03,2.45892020e-03,0.968005,94.0419,117.0684
2,backend,numeric,5,0.1000,1.0e-03,-1,SAM,0.0972,0.005179,1.477378e-03,2.47006156e-03,0.968300,94.1669,117.9904
2,backend,numeric,5,0.1000,1.0e-03,-1,SAM,0.0972,0.005179,1.628787e-03,2.48233206e-03,0.968620,94.3300,119.0117
2,backend,numeric,5,0.1000,1.0e-03,-1,SAM,0.0972,0.005179,1.795714e-03,2.49583203e-03,0.968968,94.5384,120.1436
2,backend,numeric,5,0.1000,1.0e-03,-1,SAM,0.0972,0.005179,1.979749e-03,2.51066789e-03,0.969343,94.8003,121.3984
2,backend,numeric,5,0.1000,1.0e-03,-1,SAM,0.0972,0.005179,2.182645e-03,2.52693578e-03,0.969745,95.1244,122.7902
2,backend,numeric,5,0.1000,1.0e-03,-1,SAM,0.0972,0.005179,2.406334e-03,2.54468379e-03,0.970173,95.5199,124.3345
2,backend,numeric,5,0.1000,1.0e-03,-1,SAM,0.0972,0.005179,2.652948e-03,2.56388398e-03,0.970625,95.9965,126.0484
2,backend,numeric,5,0.1000,1.0e-03,-1,SAM,0.0972,0.005179,2.924837e-03,2.58441667e-03,0.971098,96.5641,127.9511
2,backend,numeric,5,0.1000,1.0e-03,-1,SAM,0.0972,0.005179,3.224591e-03,2.60602545e-03,0.971588,97.2325,130.0639
2,backend,numeric,5,0.1000,1.0e-03,-1,SAM,0.0972,0.005179,3.555064e-03,2.62824532e-03,0.972088,98.0109,132.4111
2,backend,numeric,5,0.1000,1.0e-03,-1,SAM,0.0972,0.005179,3.919407e-03,2.65042033e-03,0.972589,98.9082,135.0200
2,backend,numeric,5,0.1000,1.0e-03,-1,SAM,0.0972,0.005179,4.321089e-03,2.67163177e-03,0.973081,99.9319,137.9218
2,backend,numeric,5,0.1000,1.0e-03,-1,SAM,0.0972,0.005179,4.763938e-03,2.69052754e-03,0.973547,101.0890,141.1523
2,backend,numeric,5,0.1000,1.0e-03,-1,SAM,0.0972,0.005179,5.252173e-03,2.70538243e-03,0.973964,102.3845,144.7540
2,backend,numeric,5,0.1000,1.0e-03,-1,SAM,0.0972,0.005179,5.790444e-03,2.71407637e-03,0.974298,103.8211,148.7777
2,backend,numeric,5,0.1000,1.0e-03,-1,SAM,0.0972,0.005179,6.383880e-03,2.71426933e-03,0.974497,105.3968,153.2837
2,backend,numeric,5,0.1000,1.0e-03,-1,SAM,0.0972,0.005179,7.038136e-03,2.70378914e-03,0.974485,107.0978,158.3456
2,backend,numeric,5,0.1000,1.0e-03,-1,SAM,0.0972,0.005179,7.759442e-03,2.68176422e-03,0.974151,108.8844,164.0471
2,backend,numeric,5,0.1000,1.0e-03,-1,SAM,0.0972,0.005179,8.554673e-03,2.65065512e-03,0.973344,110.6612,170.4745
2,backend,numeric,5,0.1000,1.0e-03,-1,SAM,0.0972,0.005179,9.431402e-03,2.62020015e-03,0.971897,112.2320,177.6889
2,backend,numeric,5,0.1000,1.0e-03,-1,SAM,0.0972,0.005179,1.039798e-02,2.61217280e-03,0.969726,113.2683,185.6604
2,backend,numeric,5,0.1000,1.0e-03,-1,SAM,0.0972,0.005179,1.146363e-02,2.66216575e-03,0.967022,113.3569,194.1651
2,backend,numeric,5,0.1000,1.0e-03,-1,SAM,0.0972,0.005179,1.263848e-02,2.81031060e-03,0.964391,112.1495,202.7068
2,backend,numeric,5,0.1000,1.0e-03,-1,SAM,0.0972,0.005179,1.393374e-02,3.07419065e-03,0.962576,109.4628,210.6144
2,backend,numeric,5,0.1000,1.0e-03,-1,SAM,0.0972,0.005179,1.536175e-02,3.41710953e-03,0.961857,105.3229,217.4337
2,backend,numeric,5,0.1000,1.0e-03,-1,SAM,0.0972,0.005179,1.693611e-02,3.74119644e-03,0.962037,100.6081,223.5168
2,backend,numeric,5,0.1000,1.0e-03,-1,SAM,0.0972,0.005179,1.867181e-02,3.98094777e-03,0.963032,96.8410,229.7544
2,backend,numeric,5,0.1000,1.0e-03,-1,SAM,0.0972,0.005179,2.058540e-02,4.16523911e-03,0.964838,94.7799,236.6657
2,backend,numeric,5,0.1000,1.0e-03,-1,SAM,0.0972,0.005179,2.269511e-02,4.34025836e-03,0.967233,94.5672,244.5358
2,backend,numeric,5,0.1000,1.0e-03,-1,SAM,0.0972,0.005179,2.502102e-02,4.52564754e-03,0.969778,95.9093,253.5532
2,backend,numeric,5,0.1000,1.0e-03,-1,SAM,0.0972,0.005179,2.758532e-02,4.70884432e-03,0.972125,98.1968,263.8355
2,backend,numeric,5,0.1000,1.0e-03,-1,SAM,0.0972,0.005179,3.041241e-02,4.85030719e-03,0.974148,100.8795,275.4477
2,backend,numeric,5,0.1000,1.0e-03,-1,SAM,0.0972,0.005179,3.352924e-02,4.90414066e-03,0.975779,103.7455,288.5100
2,backend,numeric,5,0.1000,1.0e-03,-1,SAM,0.0972,0.005179,3.696550e-02,4.82169379e-03,0.976756,106.9314,303.3012
2,backend,numeric,5,0.1000,1.0e-03,-1,SAM,0.0972,0.005179,4.075393e-02,4.56865622e-03,0.976188,110.6448,320.3563
2,backend,numeric,5,0.1000,1.0e-03,-1,SAM,0.0972,0.005179,4.493062e-02,4.26444830e-03,0.972129,113.8100,340.1177
2,backend,numeric,5,0.1000,1.0e-03,-1,SAM,0.0972,0.005179,4.953535e-02,4.47481758e-03,0.965024,112.6183,0.5130
2,backend,numeric,5,0.1000,1.0e-03,-1,SAM,0.0972,0.005179,5.461201e-02,5.57041400e-03,0.961871,105.6412,15.8281
2,backend,numeric,5,0.1000,1.0e-03,-1,SAM,0.0972,0.005179,6.020894e-02,6.59136763e-03,0.962795,98.6599,27.3028
2,backend,numeric,5,0.1000,1.0e-03,-1,SAM,0.0972,0.005179,6.637949e-02,7.25501724e-03,0.965346,97.9479,40.1001
2,backend,numeric,5,0.1000,1.0e-03,-1,SAM,0.0972,0.005179,7.318242e-02,7.85579938e-03,0.967277,101.2641,55.1354
2,backend,numeric,5,0.1000,1.0e-03,-1,SAM,0.0972,0.005179,8.068256e-02,8.45421303e-03,0.967387,104.6436,72.2082
2,backend,numeric,5,0.1000,1.0e-03,-1,SAM,0.0972,0.005179,8.895135e-02,9.19999205e-03,0.966147,105.7162,90.2881
2,backend,numeric,5,0.1000,1.0e-03,-1,SAM,0.0972,0.005179,9.806757e-02,1.02366096e-02,0.965046,104.3904,107.9852
2,backend,numeric,5,0.1000,1.0e-03,-1,SAM,0.0972,0.005179,1.081181e-01,1.14291896e-02,0.965040,102.3788,124.9213
2,backend,numeric,5,0.1000,1.0e-03,-1,SAM,0.0972,0.005179,1.191986e-01,1.25994118e-02,0.965902,101.5764,141.9237
2,backend,numeric,5,0.1000,1.0e-03,-1,SAM,0.0972,0.005179,1.314147e-01,1.37303137e-02,0.966843,102.4278,159.8515
2,backend,numeric,5,0.1000,1.0e-03,-1,SAM,0.0972,0.005179,1.448828e-01,1.48723171e-02,0.967191,103.9177,179.0063
2,backend,numeric,5,0.1000,1.0e-03,-1,SAM,0.0972,0.005179,1.597312e-01,1.61329712e-02,0.966922,104.5772,199.0880
2,backend,numeric,5,0.1000,1.0e-03,-1,SAM,0.0972,0.005179,1.761014e-01,1.75919159e-02,0.966799,103.5384,219.3485
2,backend,numeric,5,0.1000,1.0e-03,-1,SAM,0.0972,0.005179,1.941492e-01,1.90978779e-02,0.967832,101.3332,239.2579
2,backend,numeric,5,0.1000,1.0e-03,-1,SAM,0.0972,0.005179,2.140467e-01,2.04584576e-02,0.970578,99.5898,259.1152
2,backend,numeric,5,0.1000,1.0e-03,-1,SAM,0.0972,0.005179,2.359833e-01,2.16121793e-02,0.974956,99.6406,279.7036
2,backend,numeric,5,0.1000,1.0e-03,-1,SAM,0.0972,0.005179,2.601682e-01,2.21256345e-02,0.980566,102.0812,301.8767
2,backend,numeric,5,0.1000,1.0e-03,-1,SAM,0.0972,0.005179,2.868317e-01,2.01132771e-02,0.986218,109.6241,327.8184
2,backend,numeric,5,0.1000,1.0e-03,-1,SAM,0.0972,0.005179,3.162278e-01,1.27636040e-02,0.974084,129.1595,6.8713
2,backend,numeric,5,0.1000,1.0e-03,-1,SAM,0.0972,0.005179,3.486365e-01,1.84923607e-02,0.949370,118.1359,10.3525
2,backend,numeric,5,0.1000,1.0e-03,-1,SAM,0.0972,0.005179,3.843667e-01,2.18548225e-02,0.939277,109.5571,346.7625
2,backend,numeric,5,0.1000,1.0e-03,-1,SAM,0.0972,0.005179,4.237587e-01,2.35972985e-02,0.938763,95.1585,324.5939
2,backend,numeric,5,0.1000,1.0e-03,-1,SAM,0.0972,0.005179,4.671878e-01,2.25408045e-02,0.948618,74.8956,301.8756
2,backend,numeric,5,0.1000,1.0e-03,-1,SAM,0.0972,0.005179,5.150678e-01,2.39297208e-02,0.986252,56.8867,298.1161
2,backend,numeric,5,0.1000,1.0e-03,-1,SAM,0.0972,0.005179,5.678548e-01,5.30419770e-02,0.995153,70.8758,329.0076
2,backend,numeric,5,0.1000,1.0e-03,-1,SAM,0.0972,0.005179,6.260517e-01,8.30134620e-02,0.996538,76.9354,352.2684
2,backend,numeric,5,0.1000,1.0e-03,-1,SAM,0.0972,0.005179,6.902129e-01,1.10017287e-01,0.997445,85.0457,10.8357
2,backend,numeric,5,0.1000,1.0e-03,-1,SAM,0.0972,0.005179,7.609497e-01,1.23742911e-01,0.998411,98.9376,24.7966
2,backend,numeric,5,0.1000,1.0e-03,-1,SAM,0.0972,0.005179,8.389360e-01,1.05884941e-01,0.998886,131.1745,32.7968
2,backend,numeric,5,0.1000,1.0e-03,-1,SAM,0.0972,0.005179,9.249147e-01,5.75315123e-02,0.969792,167.8863,350.6015
2,backend,numeric,5,0.1000,1.0e-03,-1,SAM,0.0972,0.005179,1.019705e+00,7.44292621e-02,0.944428,135.7787,291.6547
2,backend,numeric,5,0.1000,1.0e-03,-1,SAM,0.0972,0.005179,1.124210e+00,8.23793752e-02,0.947956,92.0005,275.6419
2,backend,numeric,5,0.1000,1.0e-03,-1,SAM,0.0972,0.005179,1.239425e+00,7.32551652e-02,0.976160,42.1475,263.3044
2,backend,numeric,5,0.1000,1.0e-03,-1,SAM,0.0972,0.005179,1.366448e+00,1.54000103e-01,0.999212,21.1812,277.9920
2,backend,numeric,5,0.1000,1.0e-03,-1,SAM,0.0972,0.005179,1.506489e+00,2.84729628e-01,0.999956,30.6346,78.3455
2,backend,numeric,5,0.1000,1.0e-03,-1,SAM,0.0972,0.005179,1.660883e+00,3.64795544e-01,0.999982,97.4428,91.0028
2,backend,numeric,5,0.1000,1.0e-03,-1,SAM,0.0972,0.005179,1.831099e+00,2.58408242e-01,0.999963,170.5988,147.2876
2,backend,numeric,5,0.1000,1.0e-03,-1,SAM,0.0972,0.005179,2.018760e+00,6.19946402e-02,0.991125,151.1815,289.9718
2,backend,numeric,5,0.1000,1.0e-03,-1,SAM,0.0972,0.005179,2.225654e+00,6.87496473e-02,0.967148,64.4986,290.7921
2,backend,numeric,5,0.1000,1.0e-03,-1,SAM,0.0972,0.005179,2.453751e+00,1.93238945e-01,0.998488,62.3125,9.3744
2,backend,numeric,5,0.1000,1.0e-03,-1,SAM,0.0972,0.005179,2.705225e+00,2.43273418e-01,0.999441,125.2216,34.5829
2,backend,numeric,5,0.1000,1.0e-03,-1,SAM,0.0972,0.005179,2.982471e+00,1.07190067e-01,0.962570,125.0099,305.6970
2,backend,numeric,5,0.1000,1.0e-03,-1,SAM,0.0972,0.005179,3.288131e+00,1.94125332e-01,0.989651,67.4559,353.8002
2,backend,numeric,5,0.1000,1.0e-03,-1,SAM,0.0972,0.005179,3.625117e+00,2.50345881e-01,0.997171,125.8065,21.3851
2,backend,numeric,5,0.1000,1.0e-03,-1,SAM,0.0972,0.005179,3.996639e+00,1.36620804e-01,0.971518,99.0266,320.3115
2,backend,numeric,5,0.1000,1.0e-03,-1,SAM,0.0972,0.005179,4.406236e+00,2.31545900e-01,0.994847,94.6776,11.6537
2,backend,numeric,5,0.1000,1.0e-03,-1,SAM,0.0972,0.005179,4.857812e+00,1.12669635e-01,0.964259,118.6038,321.8610
2,backend,numeric,5,0.1000,1.0e-03,-1,SAM,0.0972,0.005179,5.355667e+00,1.50083490e-01,0.995747,115.9659,9.5561
2,backend,numeric,5,0.1000,1.0e-03,-1,SAM,0.0972,0.005179,5.904545e+00,1.76751930e-01,0.989043,61.7486,358.3331
2,backend,numeric,5,0.1000,1.0e-03,-1,SAM,0.0972,0.005179,6.509675e+00,1.57236368e-01,0.964634,107.7187,314.0885
2,backend,numeric,5,0.1000,1.0e-03,-1,SAM,0.0972,0.005179,7.176822e+00,2.32705487e-01,0.995476,138.7369,3.3847
2,backend,numeric,5,0.1000,1.0e-03,-1,SAM,0.0972,0.005179,7.912343e+00,1.91339604e-01,0.996488,106.6410,13.0610
2,backend,numeric,5,0.1000,1.0e-03,-1,SAM,0.0972,0.005179,8.723243e+00,2.91299072e-01,0.995671,93.4117,32.8746
2,backend,numeric,5,0.1000,1.0e-03,-1,SAM,0.0972,0.005179,9.617249e+00,3.07174681e-01,0.994700,85.2841,20.0690
2,backend,numeric,5,0.1000,1.0e-03,-1,SAM,0.0972,0.005179,1.060288e+01,2.32937523e-01,0.996366,90.7790,11.9012
2,backend,numeric,5,0.1000,1.0e-03,-1,SAM,0.0972,0.005179,1.168952e+01,2.07262605e-01,0.996642,126.9263,16.9503
2,backend,numeric,5,0.1000,1.0e-03,-1,SAM,0.0972,0.005179,1.288752e+01,1.21357556e-01,0.965652,115.6156,321.9193
2,backend,numeric,5,0.1000,1.0e-03,-1,SAM,0.0972,0.005179,1.420831e+01,2.40031323e-01,0.996322,113.9775,29.1228
2,backend,numeric,5,0.1000,1.0e-03,-1,SAM,0.0972,0.005179,1.566445e+01,1.45468485e-01,0.983690,88.5726,341.6334
2,backend,numeric,5,0.1000,1.0e-03,-1,SAM,0.0972,0.005179,1.726983e+01,1.63265000e-01,0.977713,82.4152,318.3479
2,backend,numeric,5,0.1000,1.0e-03,-1,SAM,0.0972,0.005179,1.903974e+01,1.09592694e-01,0.969956,133.8659,314.5681
2,backend,numeric,5,0.1000,1.0e-03,-1,SAM,0.0972,0.005179,2.099104e+01,1.32586580e-01,0.973004,93.7979,330.5738
2,backend,numeric,5,0.1000,1.0e-03,-1,SAM,0.0972,0.005179,2.314231e+01,2.57985138e-01,0.996369,121.9414,16.9018
2,backend,numeric,5,0.1000,1.0e-03,-1,SAM,0.0972,0.005179,2.551407e+01,2.65939974e-01,0.992743,70.6498,6.0020
2,backend,numeric,5,0.1000,1.0e-03,-1,SAM,0.0972,0.005179,2.812889e+01,1.54286690e-01,0.976339,80.3701,332.4148
2,backend,numeric,5,0.1000,1.0e-03,-1,SAM,0.0972,0.005179,3.101169e+01,2.68958959e-01,0.993409,93.2913,17.7145
2,backend,numeric,5,0.1000,1.0e-03,-1,SAM,0.0972,0.005179,3.418994e+01,1.36724609e-01,0.980298,103.7866,316.4542
2,backend,numeric,5,0.1000,1.0e-03,-1,SAM,0.0972,0.005179,3.769391e+01,1.14204103e-01,0.958352,114.5646,317.5993
2,backend,numeric,5,0.1000,1.0e-03,-1,SAM,0.0972,0.005179,4.155699e+01,2.86834309e-01,0.993722,75.5512,13.7608
2,backend,numeric,5,0.1000,1.0e-03,-1,SAM,0.0972,0.005179,4.581598e+01,1.21747777e-01,0.964440,76.8012,314.9555
2,backend,numeric,5,0.1000,1.0e-03,-1,SAM,0.0972,0.005179,5.051145e+01,2.24741441e-01,0.994917,81.7908,2.4249
2,backend,numeric,5,0.1000,1.0e-03,-1,SAM,0.0972,0.005179,5.568814e+01,1.48407274e-01,0.985152,88.2465,343.6275
2,backend,numeric,5,0.1000,1.0e-03,-1,SAM,0.0972,0.005179,6.139537e+01,1.68868031e-01,0.996416,110.1102,9.2240
2,backend,numeric,5,0.1000,1.0e-03,-1,SAM,0.0972,0.005179,6.768750e+01,1.86046350e-01,0.996950,123.0997,16.5381
2,backend,numeric,5,0.1000,1.0e-03,-1,SAM,0.0972,0.005179,7.462449e+01,2.53366455e-01,0.996552,91.7931,14.4251
2,backend,numeric,5,0.1000,1.0e-03,-1,SAM,0.0972,0.005179,8.227241e+01,1.41663613e-01,0.986717,91.2736,325.4875
2,backend,numeric,5,0.1000,1.0e-03,-1,SAM,0.0972,0.005179,9.070414e+01,2.57041702e-01,0.997670,103.6189,18.5526
2,backend,numeric,5,0.1000,1.0e-03,-1,SAM,0.0972,0.005179,1.000000e+02,1.43004812e-01,0.963254,102.1876,319.2665
3,backend,numeric,8,1.8000,1.0e-03,-1,SAM,0.2442,0.013006,0.000000e+00,2.71921918e-03,0.970806,97.9516,236.7493
3,backend,numeric,8,1.8000,1.0e-03,-1,SAM,0.2442,0.013006,1.000000e-03,2.77575346e-03,0.972646,100.3324,243.8323
3,backend,numeric,8,1.8000,1.0e-03,-1,SAM,0.2442,0.013006,1.102485e-03,2.78026922e-03,0.972815,100.5769,244.5748
3,backend,numeric,8,1.8000,1.0e-03,-1,SAM,0.2442,0.013006,1.215474e-03,2.78493443e-03,0.972998,100.8454,245.3969
3,backend,numeric,8,1.8000,1.0e-03,-1,SAM,0.2442,0.013006,1.340043e-03,2.78969018e-03,0.973195,101.1400,246.3074
3,backend,numeric,8,1.8000,1.0e-03,-1,SAM,0.2442,0.013006,1.477378e-03,2.79445566e-03,0.973407,101.4627,247.3162
3,backend,numeric,8,1.8000,1.0e-03,-1,SAM,0.2442,0.013006,1.628787e-03,2.79911379e-03,0.973633,101.8157,248.4344
3,backend,numeric,8,1.8000,1.0e-03,-1,SAM,0.2442,0.013006,1.795714e-03,2.80350166e-03,0.973875,102.2010,249.6747
3,backend,numeric,8,1.8000,1.0e-03,-1,SAM,0.2442,0.013006,1.979749e-03,2.80740702e-03,0.974132,102.6208,251.0509
3,backend,numeric,8,1.8000,1.0e-03,-1,SAM,0.2442,0.013006,2.182645e-03,2.81057472e-03,0.974403,103.0769,252.5790
3,backend,numeric,8,1.8000,1.0e-03,-1,SAM,0.2442,0.013006,2.406334e-03,2.81267222e-03,0.974688,103.5712,254.2767
3,backend,numeric,8,1.8000,1.0e-03,-1,SAM,0.2442,0.013006,2.652948e-03,2.81324941e-03,0.974985,104.1057,256.1642
3,backend,numeric,8,1.8000,1.0e-03,-1,SAM,0.2442,0.013006,2.924837e-03,2.81175042e-03,0.975292,104.6820,258.2646
3,backend,numeric,8,1.8000,1.0e-03,-1,SAM,0.2442,0.013006,3.224591e-03,2.80749308e-03,0.975605,105.3018,260.6041
3,backend,numeric,8,1.8000,1.0e-03,-1,SAM,0.2442,0.013006,3.555064e-03,2.79963709e-03,0.975918,105.9668,263.2128
3,backend,numeric,8,1.8000,1.0e-03,-1,SAM,0.2442,0.013006,3.919407e-03,2.78720171e-03,0.976223,106.6788,266.1252
3,backend,numeric,8,1.8000,1.0e-03,-1,SAM,0.2442,0.013006,4.321089e-03,2.76897293e-03,0.976509,107.4398,269.3814
3,backend,numeric,8,1.8000,1.0e-03,-1,SAM,0.2442,0.013006,4.763938e-03,2.74356508e-03,0.976757,108.2523,273.0281
3,backend,numeric,8,1.8000,1.0e-03,-1,SAM,0.2442,0.013006,5.252173e-03,2.70946072e-03,0.976942,109.1182,277.1194
3,backend,numeric,8,1.8000,1.0e-03,-1,SAM,0.2442,0.013006,5.790444e-03,2.66525977e-03,0.977028,110.0366,281.7178
3,backend,numeric,8,1.8000,1.0e-03,-1,SAM,0.2442,0.013006,6.383880e-03,2.60980508e-03,0.976961,111.0009,286.8954
3,backend,numeric,8,1.8000,1.0e-03,-1,SAM,0.2442,0.013006,7.038136e-03,2.54284508e-03,0.976668,111.9911,292.7316
3,backend,numeric,8,1.8000,1.0e-03,-1,SAM,0.2442,0.013006,7.759442e-03,2.46604517e-03,0.976046,112.9592,299.3088
3,backend,numeric,8,1.8000,1.0e-03,-1,SAM,0.2442,0.013006,8.554673e-03,2.38451201e-03,0.974969,113.8083,306.6977
3,backend,numeric,8,1.8000,1.0e-03,-1,SAM,0.2442,0.013006,9.431402e-03,2.30988426e-03,0.973318,114.3645,314.9241
3,backend,numeric,8,1.8000,1.0e-03,-1,SAM,0.2442,0.013006,1.039798e-02,2.26296408e-03,0.971076,114.3831,323.9110
3,backend,numeric,8,1.8000,1.0e-03,-1,SAM,0.2442,0.013006,1.146363e-02,2.27209440e-03,0.968462,113.6423,333.4146
3,backend,numeric,8,1.8000,1.0e-03,-1,SAM,0.2442,0.013006,1.263848e-02,2.36357127e-03,0.966014,112.0621,343.0088
3,backend,numeric,8,1.8000,1.0e-03,-1,SAM,0.2442,0.013006,1.393374e-02,2.54282387e-03,0.964339,109.7701,352.2488
3,backend,numeric,8,1.8000,1.0e-03,-1,SAM,0.2442,0.013006,1.536175e-02,2.78035467e-03,0.963682,107.1686,0.9920
3,backend,numeric,8,1.8000,1.0e-03,-1,SAM,0.2442,0.013006,1.693611e-02,3.02947530e-03,0.963909,104.9535,9.5520
3,backend,numeric,8,1.8000,1.0e-03,-1,SAM,0.2442,0.013006,1.867181e-02,3.26207384e-03,0.964760,103.7961,18.4345
3,backend,numeric,8,1.8000,1.0e-03,-1,SAM,0.2442,0.013006,2.058540e-02,3.47427383e-03,0.965916,103.9180,28.0513
3,backend,numeric,8,1.8000,1.0e-03,-1,SAM,0.2442,0.013006,2.269511e-02,3.66795313e-03,0.967039,105.0349,38.6775
3,backend,numeric,8,1.8000,1.0e-03,-1,SAM,0.2442,0.013006,2.502102e-02,3.84224629e-03,0.967869,106.5743,50.4829
3,backend,numeric,8,1.8000,1.0e-03,-1,SAM,0.2442,0.013006,2.758532e-02,4.00017641e-03,0.968298,107.9302,63.5381
3,backend,numeric,8,1.8000,1.0e-03,-1,SAM,0.2442,0.013006,3.041241e-02,4.15403172e-03,0.968424,108.6656,77.7762
3,backend,numeric,8,1.8000,1.0e-03,-1,SAM,0.2442,0.013006,3.352924e-02,4.31555207e-03,0.968522,108.6990,93.0240
3,backend,numeric,8,1.8000,1.0e-03,-1,SAM,0.2442,0.013006,3.696550e-02,4.48075462e-03,0.968879,108.4013,109.1665
3,backend,numeric,8,1.8000,1.0e-03,-1,SAM,0.2442,0.013006,4.075393e-02,4.62713493e-03,0.969567,108.4506,126.3322
3,backend,numeric,8,1.8000,1.0e-03,-1,SAM,0.2442,0.013006,4.493062e-02,4.72565387e-03,0.970252,109.4298,144.9300
3,backend,numeric,8,1.8000,1.0e-03,-1,SAM,0.2442,0.013006,4.953535e-02,4.77231565e-03,0.970177,111.2977,165.5165
3,backend,numeric,8,1.8000,1.0e-03,-1,SAM,0.2442,0.013006,5.461201e-02,4.86569755e-03,0.968681,112.8556,188.3409
3,backend,numeric,8,1.8000,1.0e-03,-1,SAM,0.2442,0.013006,6.020894e-02,5.21159795e-03,0.966811,112.2257,212.3930
3,backend,numeric,8,1.8000,1.0e-03,-1,SAM,0.2442,0.013006,6.637949e-02,5.76738857e-03,0.966853,109.5250,236.0551
3,backend,numeric,8,1.8000,1.0e-03,-1,SAM,0.2442,0.013006,7.318242e-02,6.18315736e-03,0.969516,107.2569,259.5998
3,backend,numeric,8,1.8000,1.0e-03,-1,SAM,0.2442,0.013006,8.068256e-02,6.20952575e-03,0.974236,107.6895,284.8617
3,backend,numeric,8,1.8000,1.0e-03,-1,SAM,0.2442,0.013006,8.895135e-02,5.50682774e-03,0.978589,112.8957,315.0208
3,backend,numeric,8,1.8000,1.0e-03,-1,SAM,0.2442,0.013006,9.806757e-02,4.20537960e-03,0.969903,120.3788,356.8696
3,backend,numeric,8,1.8000,1.0e-03,-1,SAM,0.2442,0.013006,1.081181e-01,5.88123985e-03,0.963449,109.7605,33.5580
3,backend,numeric,8,1.8000,1.0e-03,-1,SAM,0.2442,0.013006,1.191986e-01,7.10838045e-03,0.968417,108.9989,64.1189
3,backend,numeric,8,1.8000,1.0e-03,-1,SAM,0.2442,0.013006,1.314147e-01,7.12390010e-03,0.971592,113.2585,101.8171
3,backend,numeric,8,1.8000,1.0e-03,-1,SAM,0.2442,0.013006,1.448828e-01,6.67290950e-03,0.970500,114.7107,148.2279
3,backend,numeric,8,1.8000,1.0e-03,-1,SAM,0.2442,0.013006,1.597312e-01,6.88402799e-03,0.968307,113.9563,199.4407
3,backend,numeric,8,1.8000,1.0e-03,-1,SAM,0.2442,0.013006,1.761014e-01,7.47997550e-03,0.969685,111.6023,251.4388
3,backend,numeric,8,1.8000,1.0e-03,-1,SAM,0.2442,0.013006,1.941492e-01,6.80580992e-03,0.975689,112.3256,306.3527
3,backend,numeric,8,1.8000,1.0e-03,-1,SAM,0.2442,0.013006,2.140467e-01,5.39996396e-03,0.966114,115.7216,18.3912
3,backend,numeric,8,1.8000,1.0e-03,-1,SAM,0.2442,0.013006,2.359833e-01,7.66874882e-03,0.968617,111.9871,79.8699
3,backend,numeric,8,1.8000,1.0e-03,-1,SAM,0.2442,0.013006,2.601682e-01,7.54458883e-03,0.971069,113.9728,153.5622
3,backend,numeric,8,1.8000,1.0e-03,-1,SAM,0.2442,0.013006,2.868317e-01,7.09155888e-03,0.968945,114.4680,242.7879
3,backend,numeric,8,1.8000,1.0e-03,-1,SAM,0.2442,0.013006,3.162278e-01,6.66077668e-03,0.975677,112.8726,332.5572
3,backend,numeric,8,1.8000,1.0e-03,-1,SAM,0.2442,0.013006,3.486365e-01,7.58193363e-03,0.966212,111.5022,75.8549
3,backend,numeric,8,1.8000,1.0e-03,-1,SAM,0.2442,0.013006,3.843667e-01,7.80784991e-03,0.972208,114.0431,176.8034
3,backend,numeric,8,1.8000,1.0e-03,-1,SAM,0.2442,0.013006,4.237587e-01,7.32826903e-03,0.970432,110.2334,302.8599
3,backend,numeric,8,1.8000,1.0e-03,-1,SAM,0.2442,0.013006,4.671878e-01,7.61368319e-03,0.964907,111.8483,81.2108
3,backend,numeric,8,1.8000,1.0e-03,-1,SAM,0.2442,0.013006,5.150678e-01,7.42105755e-03,0.972571,115.7351,210.7102
3,backend,numeric,8,1.8000,1.0e-03,-1,SAM,0.2442,0.013006,5.678548e-01,5.31871317e-03,0.973890,119.2143,20.7864
3,backend,numeric,8,1.8000,1.0e-03,-1,SAM,0.2442,0.013006,6.260517e-01,8.09895870e-03,0.972368,115.5497,185.4519
3,backend,numeric,8,1.8000,1.0e-03,-1,SAM,0.2442,0.013006,6.902129e-01,5.14905321e-03,0.966203,118.9256,38.1852
3,backend,numeric,8,1.8000,1.0e-03,-1,SAM,0.2442,0.013006,7.609497e-01,7.70163152e-03,0.969488,114.0459,233.8560
3,backend,numeric,8,1.8000,1.0e-03,-1,SAM,0.2442,0.013006,8.389360e-01,8.43652083e-03,0.971126,114.4661,121.0358
3,backend,numeric,8,1.8000,1.0e-03,-1,SAM,0.2442,0.013006,9.249147e-01,6.17644528e-03,0.963380,113.8141,28.1581
3,backend,numeric,8,1.8000,1.0e-03,-1,SAM,0.2442,0.013006,1.019705e+00,7.39641077e-03,0.976846,112.1725,289.8419
3,backend,numeric,8,1.8000,1.0e-03,-1,SAM,0.2442,0.013006,1.124210e+00,8.07116243e-03,0.970014,112.2088,248.4500
3,backend,numeric,8,1.8000,1.0e-03,-1,SAM,0.2442,0.013006,1.239425e+00,7.44780694e-03,0.968963,113.7844,244.4652
3,backend,numeric,8,1.8000,1.0e-03,-1,SAM,0.2442,0.013006,1.366448e+00,7.20028554e-03,0.968737,112.5845,276.5633
3,backend,numeric,8,1.8000,1.0e-03,-1,SAM,0.2442,0.013006,1.506489e+00,6.96747746e-03,0.975371,110.8614,336.0352
3,backend,numeric,8,1.8000,1.0e-03,-1,SAM,0.2442,0.013006,1.660883e+00,8.23815607e-03,0.965848,111.3743,93.3951
3,backend,numeric,8,1.8000,1.0e-03,-1,SAM,0.2442,0.013006,1.831099e+00,7.97084641e-03,0.969552,113.2191,233.4257
3,backend,numeric,8,1.8000,1.0e-03,-1,SAM,0.2442,0.013006,2.018760e+00,8.18520435e-03,0.970307,112.9406,81.7067
3,backend,numeric,8,1.8000,1.0e-03,-1,SAM,0.2442,0.013006,2.225654e+00,5.64603213e-03,0.974039,117.8007,347.9936
3,backend,numeric,8,1.8000,1.0e-03,-1,SAM,0.2442,0.013006,2.453751e+00,7.20086786e-03,0.973654,110.0580,325.0405
3,backend,numeric,8,1.8000,1.0e-03,-1,SAM,0.2442,0.013006,2.705225e+00,5.26172502e-03,0.973997,118.8558,8.2160
3,backend,numeric,8,1.8000,1.0e-03,-1,SAM,0.2442,0.013006,2.982471e+00,7.91852018e-03,0.971313,115.4123,119.7532
3,backend,numeric,8,1.8000,1.0e-03,-1,SAM,0.2442,0.013006,3.288131e+00,6.80322373e-03,0.975495,112.6941,325.6803
3,backend,numeric,8,1.8000,1.0e-03,-1,SAM,0.2442,0.013006,3.625117e+00,7.25181351e-03,0.969371,113.8282,260.1826
3,backend,numeric,8,1.8000,1.0e-03,-1,SAM,0.2442,0.013006,3.996639e+00,6.91919675e-03,0.978016,113.5350,300.9706
3,backend,numeric,8,1.8000,1.0e-03,-1,SAM,0.2442,0.013006,4.406236e+00,8.48962264e-03,0.969034,113.2680,113.4259
3,backend,numeric,8,1.8000,1.0e-03,-1,SAM,0.2442,0.013006,4.857812e+00,7.30621241e-03,0.964414,110.9777,53.3993
3,backend,numeric,8,1.8000,1.0e-03,-1,SAM,0.2442,0.013006,5.355667e+00,8.26731502e-03,0.968895,113.0779,105.0067
3,backend,numeric,8,1.8000,1.0e-03,-1,SAM,0.2442,0.013006,5.904545e+00,5.96665284e-03,0.977957,116.7177,323.8920
3,backend,numeric,8,1.8000,1.0e-03,-1,SAM,0.2442,0.013006,6.509675e+00,6.16047319e-03,0.976946,115.0276,359.8819
3,backend,numeric,8,1.8000,1.0e-03,-1,SAM,0.2442,0.013006,7.176822e+00,7.44848529e-03,0.968941,114.8906,208.7654
3,backend,numeric,8,1.8000,1.0e-03,-1,SAM,0.2442,0.013006,7.912343e+00,7.79049941e-03,0.974553,111.1247,274.0187
3,backend,numeric,8,1.8000,1.0e-03,-1,SAM,0.2442,0.013006,8.723243e+00,7.62537499e-03,0.970245,115.8747,210.7712
3,backend,numeric,8,1.8000,1.0e-03,-1,SAM,0.2442,0.013006,9.617249e+00,5.66868428e-03,0.963913,117.0795,55.8403
3,backend,numeric,8,1.8000,1.0e-03,-1,SAM,0.2442,0.013006,1.060288e+01,8.91398579e-03,0.970995,114.1328,144.1601
3,backend,numeric,8,1.8000,1.0e-03,-1,SAM,0.2442,0.013006,1.168952e+01,7.93308410e-03,0.971734,116.0617,188.2553
3,backend,numeric,8,1.8000,1.0e-03,-1,SAM,0.2442,0.013006,1.288752e+01,8.06004832e-03,0.968775,114.1371,214.9202
3,backend,numeric,8,1.8000,1.0e-03,-1,SAM,0.2442,0.013006,1.420831e+01,7.67510271e-03,0.969287,112.9035,250.4895
3,backend,numeric,8,1.8000,1.0e-03,-1,SAM,0.2442,0.013006,1.566445e+01,6.43445401e-03,0.976739,112.9200,338.5164
3,backend,numeric,8,1.8000,1.0e-03,-1,SAM,0.2442,0.013006,1.726983e+01,7.70350227e-03,0.971080,114.1490,154.2801
3,backend,numeric,8,1.8000,1.0e-03,-1,SAM,0.2442,0.013006,1.903974e+01,7.89664521e-03,0.971286,114.9439,110.1963
3,backend,numeric,8,1.8000,1.0e-03,-1,SAM,0.2442,0.013006,2.099104e+01,8.25513861e-03,0.971718,111.5965,252.3391
3,backend,numeric,8,1.8000,1.0e-03,-1,SAM,0.2442,0.013006,2.314231e+01,7.75913020e-03,0.973814,111.2509,281.0593
3,backend,numeric,8,1.8000,1.0e-03,-1,SAM,0.2442,0.013006,2.551407e+01,7.02847909e-03,0.968496,113.7704,270.4418
3,backend,numeric,8,1.8000,1.0e-03,-1,SAM,0.2442,0.013006,2.812889e+01,8.06055947e-03,0.970491,111.9015,253.8250
3,backend,numeric,8,1.8000,1.0e-03,-1,SAM,0.2442,0.013006,3.101169e+01,5.06916939e-03,0.971260,120.3500,347.2098
3,backend,numeric,8,1.8000,1.0e-03,-1,SAM,0.2442,0.013006,3.418994e+01,7.69438785e-03,0.968988,113.3833,240.8916
3,backend,numeric,8,1.8000,1.0e-03,-1,SAM,0.2442,0.013006,3.769391e+01,6.78656671e-03,0.963425,113.2141,66.8486
3,backend,numeric,8,1.8000,1.0e-03,-1,SAM,0.2442,0.013006,4.155699e+01,7.36912234e-03,0.972036,116.0620,216.5475
3,backend,numeric,8,1.8000,1.0e-03,-1,SAM,0.2442,0.013006,4.581598e+01,8.09019528e-03,0.971242,116.0137,153.7222
3,backend,numeric,8,1.8000,1.0e-03,-1,SAM,0.2442,0.013006,5.051145e+01,7.22928958e-03,0.973208,109.7986,321.5720
3,backend,numeric,8,1.8000,1.0e-03,-1,SAM,0.2442,0.013006,5.568814e+01,8.69814930e-03,0.971540,114.5934,148.4149
3,backend,numeric,8,1.8000,1.0e-03,-1,SAM,0.2442,0.013006,6.139537e+01,8.40232199e-03,0.970671,113.9477,139.3933
3,backend,numeric,8,1.8000,1.0e-03,-1,SAM,0.2442,0.013006,6.768750e+01,8.73801995e-03,0.968274,112.1038,109.9203
3,backend,numeric,8,1.8000,1.0e-03,-1,SAM,0.2442,0.013006,7.462449e+01,7.58888397e-03,0.971711,116.0653,209.2111
3,backend,numeric,8,1.8000,1.0e-03,-1,SAM,0.2442,0.013006,8.227241e+01,6.96845538e-03,0.975170,112.1948,318.4945
3,backend,numeric,8,1.8000,1.0e-03,-1,SAM,0.2442,0.013006,9.070414e+01,7.49700822e-03,0.970705,111.8335,271.1446
3,backend,numeric,8,1.8000,1.0e-03,-1,SAM,0.2442,0.013006,1.000000e+02,5.81997490e-03,0.977315,117.9202,324.6812
4,backend,numeric,11,10.0000,1.0e-03,-1,SAM,0.2607,0.013882,0.000000e+00,1.08478174e-03,0.971442,44.4008,149.1993
4,backend,numeric,11,10.0000,1.0e-03,-1,SAM,0.2607,0.013882,1.000000e-03,1.54739629e-03,0.990635,55.4541,161.2992
4,backend,numeric,11,10.0000,1.0e-03,-1,SAM,0.2607,0.013882,1.102485e-03,1.60661304e-03,0.991384,56.9579,162.4724
4,backend,numeric,11,10.0000,1.0e-03,-1,SAM,0.2607,0.013882,1.215474e-03,1.67200466e-03,0.992070,58.5846,163.7323
4,backend,numeric,11,10.0000,1.0e-03,-1,SAM,0.2607,0.013882,1.340043e-03,1.74399687e-03,0.992690,60.3249,165.0817
4,backend,numeric,11,10.0000,1.0e-03,-1,SAM,0.2607,0.013882,1.477378e-03,1.82305333e-03,0.993244,62.1635,166.5232
4,backend,numeric,11,10.0000,1.0e-03,-1,SAM,0.2607,0.013882,1.628787e-03,1.90958764e-03,0.993736,64.0796,168.0589
4,backend,numeric,11,10.0000,1.0e-03,-1,SAM,0.2607,0.013882,1.795714e-03,2.00397913e-03,0.994171,66.0494,169.6903
4,backend,numeric,11,10.0000,1.0e-03,-1,SAM,0.2607,0.013882,1.979749e-03,2.10654163e-03,0.994560,68.0479,171.4187
4,backend,numeric,11,10.0000,1.0e-03,-1,SAM,0.2607,0.013882,2.182645e-03,2.21753106e-03,0.994911,70.0512,173.2460
4,backend,numeric,11,10.0000,1.0e-03,-1,SAM,0.2607,0.013882,2.406334e-03,2.33707909e-03,0.995235,72.0378,175.1742
4,backend,numeric,11,10.0000,1.0e-03,-1,SAM,0.2607,0.013882,2.652948e-03,2.46519624e-03,0.995543,73.9897,177.2063
4,backend,numeric,11,10.0000,1.0e-03,-1,SAM,0.2607,0.013882,2.924837e-03,2.60169430e-03,0.995844,75.8931,179.3469
4,backend,numeric,11,10.0000,1.0e-03,-1,SAM,0.2607,0.013882,3.224591e-03,2.74593052e-03,0.996146,77.7377,181.6025
4,backend,numeric,11,10.0000,1.0e-03,-1,SAM,0.2607,0.013882,3.555064e-03,2.89660845e-03,0.996456,79.5186,183.9833
4,backend,numeric,11,10.0000,1.0e-03,-1,SAM,0.2607,0.013882,3.919407e-03,3.05206074e-03,0.996777,81.2370,186.5033
4,backend,numeric,11,10.0000,1.0e-03,-1,SAM,0.2607,0.013882,4.321089e-03,3.21093056e-03,0.997107,82.9019,189.1776
4,backend,numeric,11,10.0000,1.0e-03,-1,SAM,0.2607,0.013882,4.763938e-03,3.37187900e-03,0.997445,84.5262,192.0221
4,backend,numeric,11,10.0000,1.0e-03,-1,SAM,0.2607,0.013882,5.252173e-03,3.53335873e-03,0.997783,86.1253,195.0552
4,backend,numeric,11,10.0000,1.0e-03,-1,SAM,0.2607,0.013882,5.790444e-03,3.69343668e-03,0.998116,87.7168,198.2981
4,backend,numeric,11,10.0000,1.0e-03,-1,SAM,0.2607,0.013882,6.383880e-03,3.84947165e-03,0.998436,89.3209,201.7771
4,backend,numeric,11,10.0000,1.0e-03,-1,SAM,0.2607,0.013882,7.038136e-03,3.99778795e-03,0.998737,90.9619,205.5264
4,backend,numeric,11,10.0000,1.0e-03,-1,SAM,0.2607,0.013882,7.759442e-03,4.13389324e-03,0.999012,92.6769,209.5884
4,backend,numeric,11,10.0000,1.0e-03,-1,SAM,0.2607,0.013882,8.554673e-03,4.25163022e-03,0.999254,94.5202,214.0146
4,backend,numeric,11,10.0000,1.0e-03,-1,SAM,0.2607,0.013882,9.431402e-03,4.34236305e-03,0.999460,96.5745,218.8731
4,backend,numeric,11,10.0000,1.0e-03,-1,SAM,0.2607,0.013882,1.039798e-02,4.39374617e-03,0.999627,98.9759,224.2601
4,backend,numeric,11,10.0000,1.0e-03,-1,SAM,0.2607,0.013882,1.146363e-02,4.38680050e-03,0.999756,101.9709,230.3205
4,backend,numeric,11,10.0000,1.0e-03,-1,SAM,0.2607,0.013882,1.263848e-02,4.29032235e-03,0.999849,106.0666,237.2900
4,backend,numeric,11,10.0000,1.0e-03,-1,SAM,0.2607,0.013882,1.393374e-02,4.05046547e-03,0.999910,112.4497,245.6186
4,backend,numeric,11,10.0000,1.0e-03,-1,SAM,0.2607,0.013882,1.536175e-02,3.58140056e-03,0.999937,124.0442,256.3709
4,backend,numeric,11,10.0000,1.0e-03,-1,SAM,0.2607,0.013882,1.693611e-02,2.74376440e-03,0.999888,143.2112,272.1392
4,backend,numeric,11,10.0000,1.0e-03,-1,SAM,0.2607,0.013882,1.867181e-02,1.05798893e-03,0.995539,167.0431,302.5622
4,backend,numeric,11,10.0000,1.0e-03,-1,SAM,0.2607,0.013882,2.058540e-02,1.04859476e-03,0.933024,166.6468,323.8924
4,backend,numeric,11,10.0000,1.0e-03,-1,SAM,0.2607,0.013882,2.269511e-02,1.19716516e-03,0.899554,163.2451,307.1733
4,backend,numeric,11,10.0000,1.0e-03,-1,SAM,0.2607,0.013882,2.502102e-02,1.30716079e-03,0.881315,159.5444,280.5073
4,backend,numeric,11,10.0000,1.0e-03,-1,SAM,0.2607,0.013882,2.758532e-02,1.40098954e-03,0.874823,156.2097,249.3676
4,backend,numeric,11,10.0000,1.0e-03,-1,SAM,0.2607,0.013882,3.041241e-02,1.49033557e-03,0.877000,154.7407,215.1732
4,backend,numeric,11,10.0000,1.0e-03,-1,SAM,0.2607,0.013882,3.352924e-02,1.58594310e-03,0.884924,154.3656,177.1424
4,backend,numeric,11,10.0000,1.0e-03,-1,SAM,0.2607,0.013882,3.696550e-02,1.70092581e-03,0.897076,151.9676,137.7408
4,backend,numeric,11,10.0000,1.0e-03,-1,SAM,0.2607,0.013882,4.075393e-02,1.85848372e-03,0.913025,146.4571,104.2086
4,backend,numeric,11,10.0000,1.0e-03,-1,SAM,0.2607,0.013882,4.493062e-02,2.10630258e-03,0.931195,139.6756,80.3644
4,backend,numeric,11,10.0000,1.0e-03,-1,SAM,0.2607,0.013882,4.953535e-02,2.55136688e-03,0.948191,132.3669,66.2249
4,backend,numeric,11,10.0000,1.0e-03,-1,SAM,0.2607,0.013882,5.461201e-02,3.54252778e-03,0.960625,122.6061,61.3002
4,backend,numeric,11,10.0000,1.0e-03,-1,SAM,0.2607,0.013882,6.020894e-02,4.02639103e-03,0.974939,117.3136,88.5787
4,backend,numeric,11,10.0000,1.0e-03,-1,SAM,0.2607,0.013882,6.637949e-02,2.64679151e-03,0.975182,127.7800,137.1996
4,backend,numeric,11,10.0000,1.0e-03,-1,SAM,0.2607,0.013882,7.318242e-02,2.86499121e-03,0.967406,117.5414,195.8482
4,backend,numeric,11,10.0000,1.0e-03,-1,SAM,0.2607,0.013882,8.068256e-02,2.49721076e-03,0.972369,118.9741,261.0711
4,backend,numeric,11,10.0000,1.0e-03,-1,SAM,0.2607,0.013882,8.895135e-02,2.03449437e-03,0.971944,115.2272,342.0393
4,backend,numeric,11,10.0000,1.0e-03,-1,SAM,0.2607,0.013882,9.806757e-02,2.25067237e-03,0.969032,112.6649,75.3424
4,backend,numeric,11,10.0000,1.0e-03,-1,SAM,0.2607,0.013882,1.081181e-01,1.80603316e-03,0.967178,116.4019,190.5421
4,backend,numeric,11,10.0000,1.0e-03,-1,SAM,0.2607,0.013882,1.191986e-01,1.91728029e-03,0.974682,115.2763,307.0398
4,backend,numeric,11,10.0000,1.0e-03,-1,SAM,0.2607,0.013882,1.314147e-01,2.11207995e-03,0.970964,113.2591,78.6527
4,backend,numeric,11,10.0000,1.0e-03,-1,SAM,0.2607,0.013882,1.448828e-01,2.07344511e-03,0.967565,112.5805,238.2256
4,backend,numeric,11,10.0000,1.0e-03,-1,SAM,0.2607,0.013882,1.597312e-01,2.00366286e-03,0.966745,111.5990,39.9183
4,backend,numeric,11,10.0000,1.0e-03,-1,SAM,0.2607,0.013882,1.761014e-01,2.00379546e-03,0.967213,112.9285,229.6349
4,backend,numeric,11,10.0000,1.0e-03,-1,SAM,0.2607,0.013882,1.941492e-01,2.10612219e-03,0.968868,111.8228,64.2286
4,backend,numeric,11,10.0000,1.0e-03,-1,SAM,0.2607,0.013882,2.140467e-01,2.09531490e-03,0.972619,112.3168,293.9585
4,backend,numeric,11,10.0000,1.0e-03,-1,SAM,0.2607,0.013882,2.359833e-01,1.77145821e-03,0.970535,115.0061,181.9764
4,backend,numeric,11,10.0000,1.0e-03,-1,SAM,0.2607,0.013882,2.601682e-01,2.13135307e-03,0.970387,112.5022,88.7102
4,backend,numeric,11,10.0000,1.0e-03,-1,SAM,0.2607,0.013882,2.868317e-01,1.82732454e-03,0.966543,113.6144,37.2909
4,backend,numeric,11,10.0000,1.0e-03,-1,SAM,0.2607,0.013882,3.162278e-01,1.70217473e-03,0.970734,116.2917,9.3419
4,backend,numeric,11,10.0000,1.0e-03,-1,SAM,0.2607,0.013882,3.486365e-01,1.69323069e-03,0.970686,116.3698,13.8928
4,backend,numeric,11,10.0000,1.0e-03,-1,SAM,0.2607,0.013882,3.843667e-01,1.86373810e-03,0.966044,113.2644,53.9249
4,backend,numeric,11,10.0000,1.0e-03,-1,SAM,0.2607,0.013882,4.237587e-01,2.15838100e-03,0.971607,113.3253,125.6414
4,backend,numeric,11,10.0000,1.0e-03,-1,SAM,0.2607,0.013882,4.671878e-01,1.92405455e-03,0.967036,113.3745,253.7944
4,backend,numeric,11,10.0000,1.0e-03,-1,SAM,0.2607,0.013882,5.150678e-01,1.88287974e-03,0.965434,113.1025,66.1664
4,backend,numeric,11,10.0000,1.0e-03,-1,SAM,0.2607,0.013882,5.678548e-01,2.09356872e-03,0.969495,111.8008,282.6363
4,backend,numeric,11,10.0000,1.0e-03,-1,SAM,0.2607,0.013882,6.260517e-01,1.83190384e-03,0.968870,115.1133,213.9317
4,backend,numeric,11,10.0000,1.0e-03,-1,SAM,0.2607,0.013882,6.902129e-01,1.88096831e-03,0.968188,114.5113,214.5443
4,backend,numeric,11,10.0000,1.0e-03,-1,SAM,0.2607,0.013882,7.609497e-01,2.02567872e-03,0.972805,112.2647,288.9590
4,backend,numeric,11,10.0000,1.0e-03,-1,SAM,0.2607,0.013882,8.389360e-01,2.18846136e-03,0.971302,112.6578,98.0662
4,backend,numeric,11,10.0000,1.0e-03,-1,SAM,0.2607,0.013882,9.249147e-01,1.63861393e-03,0.972051,116.0646,337.9631
4,backend,numeric,11,10.0000,1.0e-03,-1,SAM,0.2607,0.013882,1.019705e+00,1.88213753e-03,0.974617,114.0994,303.8371
4,backend,numeric,11,10.0000,1.0e-03,-1,SAM,0.2607,0.013882,1.124210e+00,1.91963217e-03,0.966311,112.2592,28.4906
4,backend,numeric,11,10.0000,1.0e-03,-1,SAM,0.2607,0.013882,1.239425e+00,2.05138885e-03,0.967615,112.3307,250.4219
4,backend,numeric,11,10.0000,1.0e-03,-1,SAM,0.2607,0.013882,1.366448e+00,1.86207257e-03,0.967112,114.0309,241.4466
4,backend,numeric,11,10.0000,1.0e-03,-1,SAM,0.2607,0.013882,1.506489e+00,1.86214229e-03,0.974602,114.0932,350.1471
4,backend,numeric,11,10.0000,1.0e-03,-1,SAM,0.2607,0.013882,1.660883e+00,2.07556762e-03,0.969337,112.0162,265.7974
4,backend,numeric,11,10.0000,1.0e-03,-1,SAM,0.2607,0.013882,1.831099e+00,1.88432190e-03,0.965396,112.7328,41.5399
4,backend,numeric,11,10.0000,1.0e-03,-1,SAM,0.2607,0.013882,2.018760e+00,1.74845969e-03,0.973857,115.4232,320.3492
4,backend,numeric,11,10.0000,1.0e-03,-1,SAM,0.2607,0.013882,2.225654e+00,2.06446836e-03,0.972102,113.3878,108.9296
4,backend,numeric,11,10.0000,1.0e-03,-1,SAM,0.2607,0.013882,2.453751e+00,2.06888118e-03,0.972806,113.9668,149.7163
4,backend,numeric,11,10.0000,1.0e-03,-1,SAM,0.2607,0.013882,2.705225e+00,2.12359137e-03,0.967086,111.5087,82.8052
4,backend,numeric,11,10.0000,1.0e-03,-1,SAM,0.2607,0.013882,2.982471e+00,1.88280105e-03,0.974629,113.8851,302.3168
4,backend,numeric,11,10.0000,1.0e-03,-1,SAM,0.2607,0.013882,3.288131e+00,2.06461928e-03,0.972188,113.4945,120.7300
4,backend,numeric,11,10.0000,1.0e-03,-1,SAM,0.2607,0.013882,3.625117e+00,2.08489514e-03,0.969663,111.9012,275.7415
4,backend,numeric,11,10.0000,1.0e-03,-1,SAM,0.2607,0.013882,3.996639e+00,1.92681985e-03,0.972960,114.9830,126.0202
4,backend,numeric,11,10.0000,1.0e-03,-1,SAM,0.2607,0.013882,4.406236e+00,1.71729816e-03,0.967052,115.1716,40.7697
4,backend,numeric,11,10.0000,1.0e-03,-1,SAM,0.2607,0.013882,4.857812e+00,2.07495386e-03,0.966625,111.4142,56.0498
4,backend,numeric,11,10.0000,1.0e-03,-1,SAM,0.2607,0.013882,5.355667e+00,1.77329540e-03,0.968520,114.9966,221.2328
4,backend,numeric,11,10.0000,1.0e-03,-1,SAM,0.2607,0.013882,5.904545e+00,2.12484237e-03,0.969178,112.3283,233.1198
4,backend,numeric,11,10.0000,1.0e-03,-1,SAM,0.2607,0.013882,6.509675e+00,2.09010771e-03,0.972881,114.0655,151.3152
4,backend,numeric,11,10.0000,1.0e-03,-1,SAM,0.2607,0.013882,7.176822e+00,2.04852131e-03,0.967591,111.6085,48.9157
4,backend,numeric,11,10.0000,1.0e-03,-1,SAM,0.2607,0.013882,7.912343e+00,1.77626943e-03,0.965558,113.7800,21.9272
4,backend,numeric,11,10.0000,1.0e-03,-1,SAM,0.2607,0.013882,8.723243e+00,2.11355227e-03,0.966983,111.4949,79.4953
4,backend,numeric,11,10.0000,1.0e-03,-1,SAM,0.2607,0.013882,9.617249e+00,1.84602224e-03,0.974425,113.6608,342.0419
4,backend,numeric,11,10.0000,1.0e-03,-1,SAM,0.2607,0.013882,1.060288e+01,1.81525482e-03,0.969564,115.4299,209.6765
4,backend,numeric,11,10.0000,1.0e-03,-1,SAM,0.2607,0.013882,1.168952e+01,2.17414293e-03,0.972071,113.4085,129.1985
4,backend,numeric,11,10.0000,1.0e-03,-1,SAM,0.2607,0.013882,1.288752e+01,2.08339032e-03,0.968285,112.5527,222.2759
4,backend,numeric,11,10.0000,1.0e-03,-1,SAM,0.2607,0.013882,1.420831e+01,1.95724543e-03,0.966995,113.2555,229.8869
4,backend,numeric,11,10.0000,1.0e-03,-1,SAM,0.2607,0.013882,1.566445e+01,2.03511514e-03,0.972552,112.0985,301.1984
4,backend,numeric,11,10.0000,1.0e-03,-1,SAM,0.2607,0.013882,1.726983e+01,2.13146314e-03,0.969925,111.6232,279.7561
4,backend,numeric,11,10.0000,1.0e-03,-1,SAM,0.2607,0.013882,1.903974e+01,2.14144765e-03,0.971876,112.1930,264.1238
4,backend,numeric,11,10.0000,1.0e-03,-1,SAM,0.2607,0.013882,2.099104e+01,1.86204302e-03,0.972303,115.4596,137.5320
4,backend,numeric,11,10.0000,1.0e-03,-1,SAM,0.2607,0.013882,2.314231e+01,2.13065530e-03,0.969686,112.0043,66.2631
4,backend,numeric,11,10.0000,1.0e-03,-1,SAM,0.2607,0.013882,2.551407e+01,2.04159991e-03,0.973265,112.1700,323.5710
4,backend,numeric,11,10.0000,1.0e-03,-1,SAM,0.2607,0.013882,2.812889e+01,2.06037142e-03,0.967598,111.5113,45.6415
4,backend,numeric,11,10.0000,1.0e-03,-1,SAM,0.2607,0.013882,3.101169e+01,2.14848401e-03,0.971463,112.1899,258.4726
4,backend,numeric,11,10.0000,1.0e-03,-1,SAM,0.2607,0.013882,3.418994e+01,1.78728229e-03,0.971209,114.9534,166.1472
4,backend,numeric,11,10.0000,1.0e-03,-1,SAM,0.2607,0.013882,3.769391e+01,NaN,NaN,NaN,NaN
4,backend,numeric,11,10.0000,1.0e-03,-1,SAM,0.2607,0.013882,4.155699e+01,NaN,NaN,NaN,NaN
4,backend,numeric,11,10.0000,1.0e-03,-1,SAM,0.2607,0.013882,4.581598e+01,NaN,NaN,NaN,NaN
4,backend,numeric,11,10.0000,1.0e-03,-1,SAM,0.2607,0.013882,5.051145e+01,NaN,NaN,NaN,NaN
4,backend,numeric,11,10.0000,1.0e-03,-1,SAM,0.2607,0.013882,5.568814e+01,NaN,NaN,NaN,NaN
4,backend,numeric,11,10.0000,1.0e-03,-1,SAM,0.2607,0.013882,6.139537e+01,NaN,NaN,NaN,NaN
4,backend,numeric,11,10.0000,1.0e-03,-1,SAM,0.2607,0.013882,6.768750e+01,NaN,NaN,NaN,NaN
4,backend,numeric,11,10.0000,1.0e-03,-1,SAM,0.2607,0.013882,7.462449e+01,NaN,NaN,NaN,NaN
4,backend,numeric,11,10.0000,1.0e-03,-1,SAM,0.2607,0.013882,8.227241e+01,NaN,NaN,NaN,NaN
4,backend,numeric,11,10.0000,1.0e-03,-1,SAM,0.2607,0.013882,9.070414e+01,NaN,NaN,NaN,NaN
4,backend,numeric,11,10.0000,1.0e-03,-1,SAM,0.2607,0.013882,1.000000e+02,NaN,NaN,NaN,NaN
5,backend,numeric,15,0.1000,1.0e-03,-1,SAM,0.7286,0.038798,0.000000e+00,1.48518321e-03,0.989515,52.2715,188.2358
5,backend,numeric,15,0.1000,1.0e-03,-1,SAM,0.7286,0.038798,1.000000e-03,2.06049867e-03,0.993766,66.2379,198.2000
5,backend,numeric,15,0.1000,1.0e-03,-1,SAM,0.7286,0.038798,1.102485e-03,2.11747478e-03,0.993915,67.3687,199.1027
5,backend,numeric,15,0.1000,1.0e-03,-1,SAM,0.7286,0.038798,1.215474e-03,2.17957344e-03,0.994055,68.5495,200.0764
5,backend,numeric,15,0.1000,1.0e-03,-1,SAM,0.7286,0.038798,1.340043e-03,2.24711362e-03,0.994185,69.7753,201.1255
5,backend,numeric,15,0.1000,1.0e-03,-1,SAM,0.7286,0.038798,1.477378e-03,2.32039439e-03,0.994307,71.0403,202.2540
5,backend,numeric,15,0.1000,1.0e-03,-1,SAM,0.7286,0.038798,1.628787e-03,2.39968325e-03,0.994421,72.3380,203.4661
5,backend,numeric,15,0.1000,1.0e-03,-1,SAM,0.7286,0.038798,1.795714e-03,2.48521466e-03,0.994529,73.6617,204.7666
5,backend,numeric,15,0.1000,1.0e-03,-1,SAM,0.7286,0.038798,1.979749e-03,2.57717237e-03,0.994632,75.0046,206.1603
5,backend,numeric,15,0.1000,1.0e-03,-1,SAM,0.7286,0.038798,2.182645e-03,2.67565593e-03,0.994732,76.3599,207.6528
5,backend,numeric,15,0.1000,1.0e-03,-1,SAM,0.7286,0.038798,2.406334e-03,2.78064511e-03,0.994834,77.7212,209.2501
5,backend,numeric,15,0.1000,1.0e-03,-1,SAM,0.7286,0.038798,2.652948e-03,2.89195068e-03,0.994938,79.0826,210.9587
5,backend,numeric,15,0.1000,1.0e-03,-1,SAM,0.7286,0.038798,2.924837e-03,3.00913381e-03,0.995050,80.4396,212.7865
5,backend,numeric,15,0.1000,1.0e-03,-1,SAM,0.7286,0.038798,3.224591e-03,3.13151257e-03,0.995173,81.7887,214.7432
5,backend,numeric,15,0.1000,1.0e-03,-1,SAM,0.7286,0.038798,3.555064e-03,3.25809223e-03,0.995310,83.1282,216.8408
5,backend,numeric,15,0.1000,1.0e-03,-1,SAM,0.7286,0.038798,3.919407e-03,3.38786701e-03,0.995464,84.4588,219.0926
5,backend,numeric,15,0.1000,1.0e-03,-1,SAM,0.7286,0.038798,4.321089e-03,3.51975310e-03,0.995637,85.7836,221.5131
5,backend,numeric,15,0.1000,1.0e-03,-1,SAM,0.7286,0.038798,4.763938e-03,3.65249087e-03,0.995831,87.1072,224.1193
5,backend,numeric,15,0.1000,1.0e-03,-1,SAM,0.7286,0.038798,5.252173e-03,3.78459494e-03,0.996048,88.4356,226.9307
5,backend,numeric,15,0.1000,1.0e-03,-1,SAM,0.7286,0.038798,5.790444e-03,3.91426699e-03,0.996287,89.7769,229.9714
5,backend,numeric,15,0.1000,1.0e-03,-1,SAM,0.7286,0.038798,6.383880e-03,4.03925414e-03,0.996549,91.1415,233.2688
5,backend,numeric,15,0.1000,1.0e-03,-1,SAM,0.7286,0.038798,7.038136e-03,4.15664607e-03,0.996832,92.5434,236.8564
5,backend,numeric,15,0.1000,1.0e-03,-1,SAM,0.7286,0.038798,7.759442e-03,4.26253326e-03,0.997133,94.0022,240.7748
5,backend,numeric,15,0.1000,1.0e-03,-1,SAM,0.7286,0.038798,8.554673e-03,4.35186917e-03,0.997451,95.5499,245.0731
5,backend,numeric,15,0.1000,1.0e-03,-1,SAM,0.7286,0.038798,9.431402e-03,4.41817754e-03,0.997779,97.2404,249.8120
5,backend,numeric,15,0.1000,1.0e-03,-1,SAM,0.7286,0.038798,1.039798e-02,4.45233778e-03,0.998109,99.1654,255.0719
5,backend,numeric,15,0.1000,1.0e-03,-1,SAM,0.7286,0.038798,1.146363e-02,4.44055765e-03,0.998433,101.4923,260.9643
5,backend,numeric,15,0.1000,1.0e-03,-1,SAM,0.7286,0.038798,1.263848e-02,4.36067857e-03,0.998740,104.5555,267.6597
5,backend,numeric,15,0.1000,1.0e-03,-1,SAM,0.7286,0.038798,1.393374e-02,4.17331899e-03,0.999013,109.1095,275.4495
5,backend,numeric,15,0.1000,1.0e-03,-1,SAM,0.7286,0.038798,1.536175e-02,3.81440750e-03,0.999198,117.0417,284.9371
5,backend,numeric,15,0.1000,1.0e-03,-1,SAM,0.7286,0.038798,1.693611e-02,3.18733248e-03,0.998966,132.0520,297.5983
5,backend,numeric,15,0.1000,1.0e-03,-1,SAM,0.7286,0.038798,1.867181e-02,2.04012334e-03,0.993571,153.3761,317.0699
5,backend,numeric,15,0.1000,1.0e-03,-1,SAM,0.7286,0.038798,2.058540e-02,1.90454191e-03,0.956954,156.2187,337.7918
5,backend,numeric,15,0.1000,1.0e-03,-1,SAM,0.7286,0.038798,2.269511e-02,2.19539688e-03,0.932368,152.0321,329.9187
5,backend,numeric,15,0.1000,1.0e-03,-1,SAM,0.7286,0.038798,2.502102e-02,2.40039587e-03,0.909917,148.7923,315.4676
5,backend,numeric,15,0.1000,1.0e-03,-1,SAM,0.7286,0.038798,2.758532e-02,2.57793288e-03,0.889424,145.2542,296.3687
5,backend,numeric,15,0.1000,1.0e-03,-1,SAM,0.7286,0.038798,3.041241e-02,2.74266493e-03,0.870824,141.5300,273.6043
5,backend,numeric,15,0.1000,1.0e-03,-1,SAM,0.7286,0.038798,3.352924e-02,2.90079097e-03,0.853939,138.5929,247.3067
5,backend,numeric,15,0.1000,1.0e-03,-1,SAM,0.7286,0.038798,3.696550e-02,3.05652903e-03,0.838159,137.5222,216.3141
5,backend,numeric,15,0.1000,1.0e-03,-1,SAM,0.7286,0.038798,4.075393e-02,3.21360154e-03,0.822670,137.8690,178.4511
5,backend,numeric,15,0.1000,1.0e-03,-1,SAM,0.7286,0.038798,4.493062e-02,3.37337347e-03,0.807375,137.1989,133.0038
5,backend,numeric,15,0.1000,1.0e-03,-1,SAM,0.7286,0.038798,4.953535e-02,3.53491519e-03,0.793011,135.4154,82.3917
5,backend,numeric,15,0.1000,1.0e-03,-1,SAM,0.7286,0.038798,5.461201e-02,3.70021659e-03,0.779264,135.9732,24.7163
5,backend,numeric,15,0.1000,1.0e-03,-1,SAM,0.7286,0.038798,6.020894e-02,3.87182778e-03,0.765457,135.1192,315.2926
5,backend,numeric,15,0.1000,1.0e-03,-1,SAM,0.7286,0.038798,6.637949e-02,4.04306079e-03,0.753773,130.9327,242.1549
5,backend,numeric,15,0.1000,1.0e-03,-1,SAM,0.7286,0.038798,7.318242e-02,4.21752017e-03,0.743548,131.1756,162.7776
5,backend,numeric,15,0.1000,1.0e-03,-1,SAM,0.7286,0.038798,8.068256e-02,4.39893160e-03,0.733848,129.9651,73.8138
5,backend,numeric,15,0.1000,1.0e-03,-1,SAM,0.7286,0.038798,8.895135e-02,4.58908261e-03,0.724449,130.7005,332.4582
5,backend,numeric,15,0.1000,1.0e-03,-1,SAM,0.7286,0.038798,9.806757e-02,4.77965874e-03,0.717185,126.2460,224.7517
5,backend,numeric,15,0.1000,1.0e-03,-1,SAM,0.7286,0.038798,1.081181e-01,4.97479137e-03,0.711510,126.0552,110.1322
5,backend,numeric,15,0.1000,1.0e-03,-1,SAM,0.7286,0.038798,1.191986e-01,5.18114797e-03,0.706299,126.9362,342.7337
5,backend,numeric,15,0.1000,1.0e-03,-1,SAM,0.7286,0.038798,1.314147e-01,5.38895055e-03,0.703368,122.4041,208.2042
5,backend,numeric,15,0.1000,1.0e-03,-1,SAM,0.7286,0.038798,1.448828e-01,5.60272206e-03,0.702348,122.2350,68.2126
5,backend,numeric,15,0.1000,1.0e-03,-1,SAM,0.7286,0.038798,1.597312e-01,5.83373178e-03,0.701704,119.9699,273.0250
5,backend,numeric,15,0.1000,1.0e-03,-1,SAM,0.7286,0.038798,1.761014e-01,6.05758759e-03,0.704829,118.2573,120.1038
5,backend,numeric,15,0.1000,1.0e-03,-1,SAM,0.7286,0.038798,1.941492e-01,6.30771719e-03,0.708077,118.5430,313.5050
5,backend,numeric,15,0.1000,1.0e-03,-1,SAM,0.7286,0.038798,2.140467e-01,6.54932317e-03,0.715066,114.4051,149.9651
5,backend,numeric,15,0.1000,1.0e-03,-1,SAM,0.7286,0.038798,2.359833e-01,6.82126345e-03,0.722594,116.0387,337.9854
5,backend,numeric,15,0.1000,1.0e-03,-1,SAM,0.7286,0.038798,2.601682e-01,7.08656897e-03,0.733302,109.9699,169.3905
5,backend,numeric,15,0.1000,1.0e-03,-1,SAM,0.7286,0.038798,2.868317e-01,7.38144188e-03,0.745128,112.9084,358.6581
5,backend,numeric,15,0.1000,1.0e-03,-1,SAM,0.7286,0.038798,3.162278e-01,7.67622981e-03,0.759129,104.9002,190.9653
5,backend,numeric,15,0.1000,1.0e-03,-1,SAM,0.7286,0.038798,3.486365e-01,7.96918696e-03,0.775116,108.8181,28.6339
5,backend,numeric,15,0.1000,1.0e-03,-1,SAM,0.7286,0.038798,3.843667e-01,8.29802550e-03,0.791437,99.2025,225.2121
5,backend,numeric,15,0.1000,1.0e-03,-1,SAM,0.7286,0.038798,4.237587e-01,8.45681357e-03,0.813099,99.6620,74.2672
5,backend,numeric,15,0.1000,1.0e-03,-1,SAM,0.7286,0.038798,4.671878e-01,8.84817707e-03,0.829978,93.3366,280.0070
5,backend,numeric,15,0.1000,1.0e-03,-1,SAM,0.7286,0.038798,5.150678e-01,8.59917132e-03,0.859347,83.3863,131.3049
5,backend,numeric,15,0.1000,1.0e-03,-1,SAM,0.7286,0.038798,5.678548e-01,8.62866819e-03,0.881598,93.6527,352.8189
5,backend,numeric,15,0.1000,1.0e-03,-1,SAM,0.7286,0.038798,6.260517e-01,7.23241778e-03,0.924727,69.6678,197.1280
5,backend,numeric,15,0.1000,1.0e-03,-1,SAM,0.7286,0.038798,6.902129e-01,1.91943543e-02,0.996824,94.1399,189.5378
5,backend,numeric,15,0.1000,1.0e-03,-1,SAM,0.7286,0.038798,7.609497e-01,1.07101398e-02,0.930361,135.1226,283.8975
5,backend,numeric,15,0.1000,1.0e-03,-1,SAM,0.7286,0.038798,8.389360e-01,1.44088008e-02,0.903321,103.2757,195.2930
5,backend,numeric,15,0.1000,1.0e-03,-1,SAM,0.7286,0.038798,9.249147e-01,1.65917349e-02,0.909168,105.4036,103.7429
5,backend,numeric,15,0.1000,1.0e-03,-1,SAM,0.7286,0.038798,1.019705e+00,2.07594123e-02,0.898009,124.3840,12.2073
5,backend,numeric,15,0.1000,1.0e-03,-1,SAM,0.7286,0.038798,1.124210e+00,2.40646432e-02,0.901439,91.1162,269.4762
5,backend,numeric,15,0.1000,1.0e-03,-1,SAM,0.7286,0.038798,1.239425e+00,1.48811041e-02,0.967330,54.1372,163.9028
5,backend,numeric,15,0.1000,1.0e-03,-1,SAM,0.7286,0.038798,1.366448e+00,6.15999454e-02,0.996311,84.9950,229.3775
5,backend,numeric,15,0.1000,1.0e-03,-1,SAM,0.7286,0.038798,1.506489e+00,1.29789886e-01,0.998167,66.0424,257.9903
5,backend,numeric,15,0.1000,1.0e-03,-1,SAM,0.7286,0.038798,1.660883e+00,2.26518170e-01,0.999562,41.0580,269.6127
5,backend,numeric,15,0.1000,1.0e-03,-1,SAM,0.7286,0.038798,1.831099e+00,3.74393323e-01,0.999962,8.4251,63.7748
5,backend,numeric,15,0.1000,1.0e-03,-1,SAM,0.7286,0.038798,2.018760e+00,5.04633132e-01,0.999990,84.9017,90.0870
5,backend,numeric,15,0.1000,1.0e-03,-1,SAM,0.7286,0.038798,2.225654e+00,4.09761663e-01,0.999988,167.9533,127.0104
5,backend,numeric,15,0.1000,1.0e-03,-1,SAM,0.7286,0.038798,2.453751e+00,1.90589437e-01,0.999857,132.8500,279.5117
5,backend,numeric,15,0.1000,1.0e-03,-1,SAM,0.7286,0.038798,2.705225e+00,9.71516055e-02,0.999900,114.8500,313.0950
5,backend,numeric,15,0.1000,1.0e-03,-1,SAM,0.7286,0.038798,2.982471e+00,2.96992249e-02,0.910232,109.4259,256.4467
5,backend,numeric,15,0.1000,1.0e-03,-1,SAM,0.7286,0.038798,3.288131e+00,4.62206243e-02,0.995884,94.9879,233.6433
5,backend,numeric,15,0.1000,1.0e-03,-1,SAM,0.7286,0.038798,3.625117e+00,2.11442031e-01,0.999647,57.1484,336.2869
5,backend,numeric,15,0.1000,1.0e-03,-1,SAM,0.7286,0.038798,3.996639e+00,3.41499832e-01,0.999926,117.9016,27.9455
5,backend,numeric,15,0.1000,1.0e-03,-1,SAM,0.7286,0.038798,4.406236e+00,6.70541419e-02,0.972751,141.3992,312.5292
5,backend,numeric,15,0.1000,1.0e-03,-1,SAM,0.7286,0.038798,4.857812e+00,1.28393151e-01,0.994165,114.6001,19.5112
5,backend,numeric,15,0.1000,1.0e-03,-1,SAM,0.7286,0.038798,5.355667e+00,1.38758776e-01,0.986498,42.6613,322.4781
5,backend,numeric,15,0.1000,1.0e-03,-1,SAM,0.7286,0.038798,5.904545e+00,1.30547466e-01,0.983057,155.1725,307.9828
5,backend,numeric,15,0.1000,1.0e-03,-1,SAM,0.7286,0.038798,6.509675e+00,3.02775668e-01,0.995515,89.3395,25.0412
5,backend,numeric,15,0.1000,1.0e-03,-1,SAM,0.7286,0.038798,7.176822e+00,1.47592288e-01,0.986344,86.4981,332.0983
5,backend,numeric,15,0.1000,1.0e-03,-1,SAM,0.7286,0.038798,7.912343e+00,1.06716207e-01,0.968386,132.1158,317.4323
5,backend,numeric,15,0.1000,1.0e-03,-1,SAM,0.7286,0.038798,8.723243e+00,9.99989640e-02,0.962957,137.9249,329.3947
5,backend,numeric,15,0.1000,1.0e-03,-1,SAM,0.7286,0.038798,9.617249e+00,1.39710260e-01,0.969079,130.4418,317.8409
5,backend,numeric,15,0.1000,1.0e-03,-1,SAM,0.7286,0.038798,1.060288e+01,1.27477943e-01,0.965275,101.3341,327.4382
5,backend,numeric,15,0.1000,1.0e-03,-1,SAM,0.7286,0.038798,1.168952e+01,2.65624272e-01,0.994385,80.3224,27.6115
5,backend,numeric,15,0.1000,1.0e-03,-1,SAM,0.7286,0.038798,1.288752e+01,2.67752900e-01,0.996577,140.2137,6.2101
5,backend,numeric,15,0.1000,1.0e-03,-1,SAM,0.7286,0.038798,1.420831e+01,1.21477127e-01,0.970308,93.1632,322.3026
5,backend,numeric,15,0.1000,1.0e-03,-1,SAM,0.7286,0.038798,1.566445e+01,2.03611165e-01,0.995612,137.4629,4.7335
5,backend,numeric,15,0.1000,1.0e-03,-1,SAM,0.7286,0.038798,1.726983e+01,2.41785388e-01,0.996347,114.2681,27.8103
5,backend,numeric,15,0.1000,1.0e-03,-1,SAM,0.7286,0.038798,1.903974e+01,1.26230502e-01,0.994010,136.4959,7.1247
5,backend,numeric,15,0.1000,1.0e-03,-1,SAM,0.7286,0.038798,2.099104e+01,1.88499283e-01,0.988234,143.0568,320.8185
5,backend,numeric,15,0.1000,1.0e-03,-1,SAM,0.7286,0.038798,2.314231e+01,1.63906818e-01,0.978648,76.3952,336.0070
5,backend,numeric,15,0.1000,1.0e-03,-1,SAM,0.7286,0.038798,2.551407e+01,1.42768095e-01,0.964559,126.9537,313.9558
5,backend,numeric,15,0.1000,1.0e-03,-1,SAM,0.7286,0.038798,2.812889e+01,1.50337921e-01,0.968036,123.6006,306.8814
5,backend,numeric,15,0.1000,1.0e-03,-1,SAM,0.7286,0.038798,3.101169e+01,1.41275951e-01,0.963437,103.3315,319.0785
5,backend,numeric,15,0.1000,1.0e-03,-1,SAM,0.7286,0.038798,3.418994e+01,2.35040966e-01,0.996349,124.5105,13.2014
5,backend,numeric,15,0.1000,1.0e-03,-1,SAM,0.7286,0.038798,3.769391e+01,2.63156332e-01,0.997711,103.3238,18.7668
5,backend,numeric,15,0.1000,1.0e-03,-1,SAM,0.7286,0.038798,4.155699e+01,1.52896933e-01,0.964319,110.2055,314.1332
5,backend,numeric,15,0.1000,1.0e-03,-1,SAM,0.7286,0.038798,4.581598e+01,2.26069895e-01,0.998333,128.0598,13.0974
5,backend,numeric,15,0.1000,1.0e-03,-1,SAM,0.7286,0.038798,5.051145e+01,1.28401191e-01,0.968603,110.5584,322.4982
5,backend,numeric,15,0.1000,1.0e-03,-1,SAM,0.7286,0.038798,5.568814e+01,1.73157543e-01,0.992546,144.2608,350.0299
5,backend,numeric,15,0.1000,1.0e-03,-1,SAM,0.7286,0.038798,6.139537e+01,1.69167322e-01,0.991667,81.5490,341.5913
5,backend,numeric,15,0.1000,1.0e-03,-1,SAM,0.7286,0.038798,6.768750e+01,2.77843445e-01,0.995827,85.5698,32.6652
5,backend,numeric,15,0.1000,1.0e-03,-1,SAM,0.7286,0.038798,7.462449e+01,1.39186361e-01,0.980614,91.3831,334.1458
5,backend,numeric,15,0.1000,1.0e-03,-1,SAM,0.7286,0.038798,8.227241e+01,1.91564920e-01,0.994066,141.4090,354.7654
5,backend,numeric,15,0.1000,1.0e-03,-1,SAM,0.7286,0.038798,9.070414e+01,1.52805664e-01,0.986707,87.7857,346.1090
5,backend,numeric,15,0.1000,1.0e-03,-1,SAM,0.7286,0.038798,1.000000e+02,1.63164556e-01,0.983234,153.0899,321.4385
6,backend,numeric,18,1.8000,1.0e-03,-1,LAM,0.0544,0.895255,0.000000e+00,2.18497286e-03,0.311999,38.8776,169.4171
6,backend,numeric,18,1.8000,1.0e-03,-1,LAM,0.0544,0.895255,1.000000e-03,2.18842297e-03,0.311224,41.5715,57.6794
6,backend,numeric,18,1.8000,1.0e-03,-1,LAM,0.0544,0.895255,1.102485e-03,2.18870197e-03,0.311156,41.4959,46.5065
6,backend,numeric,18,1.8000,1.0e-03,-1,LAM,0.0544,0.895255,1.215474e-03,2.18902104e-03,0.311080,41.2816,34.0876
6,backend,numeric,18,1.8000,1.0e-03,-1,LAM,0.0544,0.895255,1.340043e-03,2.18939498e-03,0.310994,40.9557,20.2239
6,backend,numeric,18,1.8000,1.0e-03,-1,LAM,0.0544,0.895255,1.477378e-03,2.18983808e-03,0.310896,40.6042,4.7037
6,backend,numeric,18,1.8000,1.0e-03,-1,LAM,0.0544,0.895255,1.628787e-03,2.19035730e-03,0.310784,40.3775,347.3458
6,backend,numeric,18,1.8000,1.0e-03,-1,LAM,0.0544,0.895255,1.795714e-03,2.19094263e-03,0.310660,40.4567,328.0643
6,backend,numeric,18,1.8000,1.0e-03,-1,LAM,0.0544,0.895255,1.979749e-03,2.19156198e-03,0.310527,40.9532,306.9036
6,backend,numeric,18,1.8000,1.0e-03,-1,LAM,0.0544,0.895255,2.182645e-03,2.19217115e-03,0.310391,41.7607,283.9537
6,backend,numeric,18,1.8000,1.0e-03,-1,LAM,0.0544,0.895255,2.406334e-03,2.19274355e-03,0.310255,42.4740,259.1282
6,backend,numeric,18,1.8000,1.0e-03,-1,LAM,0.0544,0.895255,2.652948e-03,2.19331684e-03,0.310114,42.5617,231.9430
6,backend,numeric,18,1.8000,1.0e-03,-1,LAM,0.0544,0.895255,2.924837e-03,2.19401143e-03,0.309951,41.8910,201.4827
6,backend,numeric,18,1.8000,1.0e-03,-1,LAM,0.0544,0.895255,3.224591e-03,2.19492472e-03,0.309755,41.2663,166.8346
6,backend,numeric,18,1.8000,1.0e-03,-1,LAM,0.0544,0.895255,3.555064e-03,2.19595557e-03,0.309539,41.9308,128.1871
6,backend,numeric,18,1.8000,1.0e-03,-1,LAM,0.0544,0.895255,3.919407e-03,2.19681910e-03,0.309338,43.5583,86.7075
6,backend,numeric,18,1.8000,1.0e-03,-1,LAM,0.0544,0.895255,4.321089e-03,2.19749346e-03,0.309157,43.8499,41.8471
6,backend,numeric,18,1.8000,1.0e-03,-1,LAM,0.0544,0.895255,4.763938e-03,2.19843682e-03,0.308934,42.7504,350.8565
6,backend,numeric,18,1.8000,1.0e-03,-1,LAM,0.0544,0.895255,5.252173e-03,2.19957442e-03,0.308678,43.8022,293.5339
6,backend,numeric,18,1.8000,1.0e-03,-1,LAM,0.0544,0.895255,5.790444e-03,2.20027850e-03,0.308474,45.0225,232.3475
6,backend,numeric,18,1.8000,1.0e-03,-1,LAM,0.0544,0.895255,6.383880e-03,2.20123629e-03,0.308230,43.6768,163.0667
6,backend,numeric,18,1.8000,1.0e-03,-1,LAM,0.0544,0.895255,7.038136e-03,2.20218287e-03,0.307979,46.0319,85.9356
6,backend,numeric,18,1.8000,1.0e-03,-1,LAM,0.0544,0.895255,7.759442e-03,2.20260597e-03,0.307780,45.2821,2.3798
6,backend,numeric,18,1.8000,1.0e-03,-1,LAM,0.0544,0.895255,8.554673e-03,2.20328548e-03,0.307541,47.1268,267.5907
6,backend,numeric,18,1.8000,1.0e-03,-1,LAM,0.0544,0.895255,9.431402e-03,2.20339492e-03,0.307357,46.0702,163.9171
6,backend,numeric,18,1.8000,1.0e-03,-1,LAM,0.0544,0.895255,1.039798e-02,2.20315436e-03,0.307201,48.7553,48.3785
6,backend,numeric,18,1.8000,1.0e-03,-1,LAM,0.0544,0.895255,1.146363e-02,2.20264060e-03,0.307059,49.0913,279.1727
6,backend,numeric,18,1.8000,1.0e-03,-1,LAM,0.0544,0.895255,1.263848e-02,2.20121347e-03,0.307010,48.8163,136.3659
6,backend,numeric,18,1.8000,1.0e-03,-1,LAM,0.0544,0.895255,1.393374e-02,2.19868572e-03,0.307068,49.6270,338.1340
6,backend,numeric,18,1.8000,1.0e-03,-1,LAM,0.0544,0.895255,1.536175e-02,2.19511079e-03,0.307222,50.6617,161.5129
6,backend,numeric,18,1.8000,1.0e-03,-1,LAM,0.0544,0.895255,1.693611e-02,2.19002341e-03,0.307521,51.9487,324.6307
6,backend,numeric,18,1.8000,1.0e-03,-1,LAM,0.0544,0.895255,1.867181e-02,2.18304881e-03,0.308006,54.4432,105.1867
6,backend,numeric,18,1.8000,1.0e-03,-1,LAM,0.0544,0.895255,2.058540e-02,2.17328298e-03,0.308789,56.1852,222.6700
6,backend,numeric,18,1.8000,1.0e-03,-1,LAM,0.0544,0.895255,2.269511e-02,2.16098595e-03,0.309844,56.3512,310.4674
6,backend,numeric,18,1.8000,1.0e-03,-1,LAM,0.0544,0.895255,2.502102e-02,2.14472160e-03,0.311369,58.1399,9.1445
6,backend,numeric,18,1.8000,1.0e-03,-1,LAM,0.0544,0.895255,2.758532e-02,2.12444219e-03,0.313408,60.6439,33.5678
6,backend,numeric,18,1.8000,1.0e-03,-1,LAM,0.0544,0.895255,3.041241e-02,2.09920091e-03,0.316154,61.8718,21.6209
6,backend,numeric,18,1.8000,1.0e-03,-1,LAM,0.0544,0.895255,3.352924e-02,2.06837697e-03,0.319799,62.5327,330.0884
6,backend,numeric,18,1.8000,1.0e-03,-1,LAM,0.0544,0.895255,3.696550e-02,2.03010665e-03,0.324685,66.0987,236.9205
6,backend,numeric,18,1.8000,1.0e-03,-1,LAM,0.0544,0.895255,4.075393e-02,1.98402836e-03,0.331067,67.4103,95.9800
6,backend,numeric,18,1.8000,1.0e-03,-1,LAM,0.0544,0.895255,4.493062e-02,1.92992991e-03,0.339386,68.9854,267.7524
6,backend,numeric,18,1.8000,1.0e-03,-1,LAM,0.0544,0.895255,4.953535e-02,1.86759001e-03,0.350156,69.9480,28.2340
6,backend,numeric,18,1.8000,1.0e-03,-1,LAM,0.0544,0.895255,5.461201e-02,1.79768461e-03,0.363896,71.3168,99.8476
6,backend,numeric,18,1.8000,1.0e-03,-1,LAM,0.0544,0.895255,6.020894e-02,1.71991791e-03,0.381432,71.5660,126.7447
6,backend,numeric,18,1.8000,1.0e-03,-1,LAM,0.0544,0.895255,6.637949e-02,1.63569528e-03,0.403389,72.4722,114.6500
6,backend,numeric,18,1.8000,1.0e-03,-1,LAM,0.0544,0.895255,7.318242e-02,1.54513323e-03,0.430593,73.2152,72.9205
6,backend,numeric,18,1.8000,1.0e-03,-1,LAM,0.0544,0.895255,8.068256e-02,1.44677595e-03,0.463730,72.4371,10.6099
6,backend,numeric,18,1.8000,1.0e-03,-1,LAM,0.0544,0.895255,8.895135e-02,1.33919369e-03,0.503216,71.5656,293.8536
6,backend,numeric,18,1.8000,1.0e-03,-1,LAM,0.0544,0.895255,9.806757e-02,1.21675807e-03,0.549878,69.5015,203.3129
6,backend,numeric,18,1.8000,1.0e-03,-1,LAM,0.0544,0.895255,1.081181e-01,1.06645358e-03,0.605913,66.3802,88.3169
6,backend,numeric,18,1.8000,1.0e-03,-1,LAM,0.0544,0.895255,1.191986e-01,8.59896393e-04,0.680567,60.8025,270.5122
6,backend,numeric,18,1.8000,1.0e-03,-1,LAM,0.0544,0.895255,1.314147e-01,4.83911116e-04,0.849907,47.3321,300.9991
6,backend,numeric,18,1.8000,1.0e-03,-1,LAM,0.0544,0.895255,1.448828e-01,8.93922070e-04,0.854772,160.0689,249.7082
6,backend,numeric,18,1.8000,1.0e-03,-1,LAM,0.0544,0.895255,1.597312e-01,1.34664114e-03,0.652786,155.2023,320.7650
6,backend,numeric,18,1.8000,1.0e-03,-1,LAM,0.0544,0.895255,1.761014e-01,1.60682420e-03,0.561609,150.9992,333.3732
6,backend,numeric,18,1.8000,1.0e-03,-1,LAM,0.0544,0.895255,1.941492e-01,1.77258022e-03,0.513003,145.9268,55.3224
6,backend,numeric,18,1.8000,1.0e-03,-1,LAM,0.0544,0.895255,2.140467e-01,1.86058878e-03,0.494713,139.7593,300.5219
6,backend,numeric,18,1.8000,1.0e-03,-1,LAM,0.0544,0.895255,2.359833e-01,1.88126000e-03,0.509312,132.2535,112.6592
6,backend,numeric,18,1.8000,1.0e-03,-1,LAM,0.0544,0.895255,2.601682e-01,1.85807516e-03,0.566643,125.3620,30.0153
6,backend,numeric,18,1.8000,1.0e-03,-1,LAM,0.0544,0.895255,2.868317e-01,1.85655461e-03,0.672927,117.0165,279.2508
6,backend,numeric,18,1.8000,1.0e-03,-1,LAM,0.0544,0.895255,3.162278e-01,1.97731598e-03,0.808825,106.2266,270.9985
6,backend,numeric,18,1.8000,1.0e-03,-1,LAM,0.0544,0.895255,3.486365e-01,2.18139007e-03,0.923519,85.7951,283.7697
6,backend,numeric,18,1.8000,1.0e-03,-1,LAM,0.0544,0.895255,3.843667e-01,2.68982443e-03,0.916921,115.8077,273.6041
6,backend,numeric,18,1.8000,1.0e-03,-1,LAM,0.0544,0.895255,4.237587e-01,3.90852101e-03,0.971609,77.9394,170.4028
6,backend,numeric,18,1.8000,1.0e-03,-1,LAM,0.0544,0.895255,4.671878e-01,5.63362762e-03,0.939417,123.3057,246.6900
6,backend,numeric,18,1.8000,1.0e-03,-1,LAM,0.0544,0.895255,5.150678e-01,9.81707110e-03,0.982064,105.4572,249.0527
6,backend,numeric,18,1.8000,1.0e-03,-1,LAM,0.0544,0.895255,5.678548e-01,7.92812795e-03,0.978387,117.2684,39.2705
6,backend,numeric,18,1.8000,1.0e-03,-1,LAM,0.0544,0.895255,6.260517e-01,1.04383480e-02,0.975257,116.9629,178.7137
6,backend,numeric,18,1.8000,1.0e-03,-1,LAM,0.0544,0.895255,6.902129e-01,5.84959118e-03,0.976851,120.4057,0.7474
6,backend,numeric,18,1.8000,1.0e-03,-1,LAM,0.0544,0.895255,7.609497e-01,8.41500139e-03,0.970317,116.1040,194.4666
6,backend,numeric,18,1.8000,1.0e-03,-1,LAM,0.0544,0.895255,8.389360e-01,8.31336532e-03,0.967329,111.3374,80.1831
6,backend,numeric,18,1.8000,1.0e-03,-1,LAM,0.0544,0.895255,9.249147e-01,5.94981891e-03,0.978007,117.1476,323.8515
6,backend,numeric,18,1.8000,1.0e-03,-1,LAM,0.0544,0.895255,1.019705e+00,8.32297084e-03,0.970396,112.2336,242.1426
6,backend,numeric,18,1.8000,1.0e-03,-1,LAM,0.0544,0.895255,1.124210e+00,7.56555425e-03,0.968610,114.9950,199.9673
6,backend,numeric,18,1.8000,1.0e-03,-1,LAM,0.0544,0.895255,1.239425e+00,7.31086291e-03,0.970502,114.8672,191.1833
6,backend,numeric,18,1.8000,1.0e-03,-1,LAM,0.0544,0.895255,1.366448e+00,7.01108677e-03,0.971128,115.7672,222.0874
6,backend,numeric,18,1.8000,1.0e-03,-1,LAM,0.0544,0.895255,1.506489e+00,7.19980660e-03,0.968808,111.8502,285.8006
6,backend,numeric,18,1.8000,1.0e-03,-1,LAM,0.0544,0.895255,1.660883e+00,5.32181503e-03,0.965062,118.2728,46.2099
6,backend,numeric,18,1.8000,1.0e-03,-1,LAM,0.0544,0.895255,1.831099e+00,7.78864935e-03,0.969579,116.0687,187.0009
6,backend,numeric,18,1.8000,1.0e-03,-1,LAM,0.0544,0.895255,2.018760e+00,7.16480091e-03,0.964882,110.4941,37.3232
6,backend,numeric,18,1.8000,1.0e-03,-1,LAM,0.0544,0.895255,2.225654e+00,7.45462121e-03,0.973602,111.2379,295.2502
6,backend,numeric,18,1.8000,1.0e-03,-1,LAM,0.0544,0.895255,2.453751e+00,7.05957466e-03,0.968301,113.1847,275.6071
6,backend,numeric,18,1.8000,1.0e-03,-1,LAM,0.0544,0.895255,2.705225e+00,7.12273674e-03,0.974397,110.7998,306.1186
6,backend,numeric,18,1.8000,1.0e-03,-1,LAM,0.0544,0.895255,2.982471e+00,8.22409641e-03,0.969247,111.8284,72.7104
6,backend,numeric,18,1.8000,1.0e-03,-1,LAM,0.0544,0.895255,3.288131e+00,7.45657043e-03,0.969950,111.7496,277.6997
6,backend,numeric,18,1.8000,1.0e-03,-1,LAM,0.0544,0.895255,3.625117e+00,7.57485917e-03,0.971664,116.0745,209.9945
6,backend,numeric,18,1.8000,1.0e-03,-1,LAM,0.0544,0.895255,3.996639e+00,8.26954447e-03,0.971530,111.6613,251.0483
6,backend,numeric,18,1.8000,1.0e-03,-1,LAM,0.0544,0.895255,4.406236e+00,7.21687952e-03,0.964782,112.0735,71.6130
6,backend,numeric,18,1.8000,1.0e-03,-1,LAM,0.0544,0.895255,4.857812e+00,5.00990211e-03,0.971927,120.3593,356.1983
6,backend,numeric,18,1.8000,1.0e-03,-1,LAM,0.0544,0.895255,5.355667e+00,6.94235012e-03,0.964859,112.1968,62.9549
6,backend,numeric,18,1.8000,1.0e-03,-1,LAM,0.0544,0.895255,5.904545e+00,7.91331698e-03,0.973625,111.1126,267.8434
6,backend,numeric,18,1.8000,1.0e-03,-1,LAM,0.0544,0.895255,6.509675e+00,7.32299323e-03,0.970962,109.9357,306.7845
6,backend,numeric,18,1.8000,1.0e-03,-1,LAM,0.0544,0.895255,7.176822e+00,7.46251502e-03,0.970541,114.7401,155.8507
6,backend,numeric,18,1.8000,1.0e-03,-1,LAM,0.0544,0.895255,7.912343e+00,8.20212320e-03,0.969280,113.2198,226.3732
6,backend,numeric,18,1.8000,1.0e-03,-1,LAM,0.0544,0.895255,8.723243e+00,8.28744575e-03,0.971839,115.6264,164.5756
6,backend,numeric,18,1.8000,1.0e-03,-1,LAM,0.0544,0.895255,9.617249e+00,6.29531801e-03,0.976957,113.6806,349.0250
6,backend,numeric,18,1.8000,1.0e-03,-1,LAM,0.0544,0.895255,1.060288e+01,8.55802085e-03,0.966736,111.7752,102.2445
6,backend,numeric,18,1.8000,1.0e-03,-1,LAM,0.0544,0.895255,1.168952e+01,8.75714900e-03,0.971308,114.3480,143.7520
6,backend,numeric,18,1.8000,1.0e-03,-1,LAM,0.0544,0.895255,1.288752e+01,7.76060864e-03,0.969713,116.3070,168.5907
6,backend,numeric,18,1.8000,1.0e-03,-1,LAM,0.0544,0.895255,1.420831e+01,7.31816281e-03,0.969721,115.0335,198.9184
6,backend,numeric,18,1.8000,1.0e-03,-1,LAM,0.0544,0.895255,1.566445e+01,7.37317351e-03,0.971045,111.2415,284.4663
6,backend,numeric,18,1.8000,1.0e-03,-1,LAM,0.0544,0.895255,1.726983e+01,8.03105182e-03,0.969834,113.6215,104.6874
6,backend,numeric,18,1.8000,1.0e-03,-1,LAM,0.0544,0.895255,1.903974e+01,8.01937177e-03,0.968544,111.2125,62.8516
6,backend,numeric,18,1.8000,1.0e-03,-1,LAM,0.0544,0.895255,2.099104e+01,8.04426678e-03,0.968280,114.4904,206.0196
6,backend,numeric,18,1.8000,1.0e-03,-1,LAM,0.0544,0.895255,2.314231e+01,7.88868931e-03,0.968901,113.3433,234.3948
6,backend,numeric,18,1.8000,1.0e-03,-1,LAM,0.0544,0.895255,2.551407e+01,7.29056120e-03,0.972284,115.9830,216.5732
6,backend,numeric,18,1.8000,1.0e-03,-1,LAM,0.0544,0.895255,2.812889e+01,7.60831513e-03,0.968537,114.8249,205.6317
6,backend,numeric,18,1.8000,1.0e-03,-1,LAM,0.0544,0.895255,3.101169e+01,7.52085884e-03,0.976424,111.8553,286.1605
6,backend,numeric,18,1.8000,1.0e-03,-1,LAM,0.0544,0.895255,3.418994e+01,7.34428170e-03,0.969794,115.0106,189.1371
6,backend,numeric,18,1.8000,1.0e-03,-1,LAM,0.0544,0.895255,3.769391e+01,5.42341233e-03,0.975115,118.0635,4.2370
6,backend,numeric,18,1.8000,1.0e-03,-1,LAM,0.0544,0.895255,4.155699e+01,8.49901397e-03,0.972189,114.6087,168.7477
6,backend,numeric,18,1.8000,1.0e-03,-1,LAM,0.0544,0.895255,4.581598e+01,8.58146383e-03,0.970197,113.2086,109.3591
6,backend,numeric,18,1.8000,1.0e-03,-1,LAM,0.0544,0.895255,5.051145e+01,7.03478536e-03,0.968473,113.6716,271.3277
6,backend,numeric,18,1.8000,1.0e-03,-1,LAM,0.0544,0.895255,5.568814e+01,8.66576140e-03,0.967832,111.8699,106.2431
6,backend,numeric,18,1.8000,1.0e-03,-1,LAM,0.0544,0.895255,6.139537e+01,8.18794639e-03,0.967483,112.2388,94.8980
6,backend,numeric,18,1.8000,1.0e-03,-1,LAM,0.0544,0.895255,6.768750e+01,6.79992265e-03,0.963422,113.2218,67.6017
6,backend,numeric,18,1.8000,1.0e-03,-1,LAM,0.0544,0.895255,7.462449e+01,8.59815634e-03,0.972034,114.8657,163.0627
6,backend,numeric,18,1.8000,1.0e-03,-1,LAM,0.0544,0.895255,8.227241e+01,7.48524876e-03,0.969698,112.1306,270.8013
6,backend,numeric,18,1.8000,1.0e-03,-1,LAM,0.0544,0.895255,9.070414e+01,7.53147787e-03,0.970015,115.5265,222.3977
6,backend,numeric,18,1.8000,1.0e-03,-1,LAM,0.0544,0.895255,1.000000e+02,7.98370175e-03,0.974103,111.2056,269.6542
7,backend,numeric,21,10.0000,1.0e-03,-1,SAM,0.3486,0.018566,0.000000e+00,2.93351415e-03,0.974839,68.7554,252.7417
7,backend,numeric,21,10.0000,1.0e-03,-1,SAM,0.3486,0.018566,1.000000e-03,3.26810863e-03,0.982587,71.5830,257.6611
7,backend,numeric,21,10.0000,1.0e-03,-1,SAM,0.3486,0.018566,1.102485e-03,3.30726773e-03,0.983192,71.9262,258.1735
7,backend,numeric,21,10.0000,1.0e-03,-1,SAM,0.3486,0.018566,1.215474e-03,3.35098508e-03,0.983824,72.3088,258.7379
7,backend,numeric,21,10.0000,1.0e-03,-1,SAM,0.3486,0.018566,1.340043e-03,3.39975421e-03,0.984483,72.7338,259.3592
7,backend,numeric,21,10.0000,1.0e-03,-1,SAM,0.3486,0.018566,1.477378e-03,3.45410815e-03,0.985164,73.2041,260.0425
7,backend,numeric,21,10.0000,1.0e-03,-1,SAM,0.3486,0.018566,1.628787e-03,3.51460602e-03,0.985866,73.7215,260.7932
7,backend,numeric,21,10.0000,1.0e-03,-1,SAM,0.3486,0.018566,1.795714e-03,3.58183440e-03,0.986585,74.2872,261.6168
7,backend,numeric,21,10.0000,1.0e-03,-1,SAM,0.3486,0.018566,1.979749e-03,3.65639328e-03,0.987318,74.9012,262.5192
7,backend,numeric,21,10.0000,1.0e-03,-1,SAM,0.3486,0.018566,2.182645e-03,3.73891217e-03,0.988063,75.5622,263.5063
7,backend,numeric,21,10.0000,1.0e-03,-1,SAM,0.3486,0.018566,2.406334e-03,3.83006060e-03,0.988816,76.2674,264.5842
7,backend,numeric,21,10.0000,1.0e-03,-1,SAM,0.3486,0.018566,2.652948e-03,3.93050340e-03,0.989575,77.0123,265.7591
7,backend,numeric,21,10.0000,1.0e-03,-1,SAM,0.3486,0.018566,2.924837e-03,4.04094996e-03,0.990336,77.7907,267.0370
7,backend,numeric,21,10.0000,1.0e-03,-1,SAM,0.3486,0.018566,3.224591e-03,4.16213148e-03,0.991099,78.5948,268.4242
7,backend,numeric,21,10.0000,1.0e-03,-1,SAM,0.3486,0.018566,3.555064e-03,4.29479904e-03,0.991859,79.4152,269.9269
7,backend,numeric,21,10.0000,1.0e-03,-1,SAM,0.3486,0.018566,3.919407e-03,4.43968324e-03,0.992615,80.2411,271.5512
7,backend,numeric,21,10.0000,1.0e-03,-1,SAM,0.3486,0.018566,4.321089e-03,4.59746138e-03,0.993363,81.0611,273.3032
7,backend,numeric,21,10.0000,1.0e-03,-1,SAM,0.3486,0.018566,4.763938e-03,4.76854592e-03,0.994100,81.8635,275.1896
7,backend,numeric,21,10.0000,1.0e-03,-1,SAM,0.3486,0.018566,5.252173e-03,4.95290702e-03,0.994819,82.6377,277.2184
7,backend,numeric,21,10.0000,1.0e-03,-1,SAM,0.3486,0.018566,5.790444e-03,5.15022061e-03,0.995515,83.3749,279.3992
7,backend,numeric,21,10.0000,1.0e-03,-1,SAM,0.3486,0.018566,6.383880e-03,5.36087587e-03,0.996179,84.0704,281.7406
7,backend,numeric,21,10.0000,1.0e-03,-1,SAM,0.3486,0.018566,7.038136e-03,5.58578193e-03,0.996803,84.7225,284.2498
7,backend,numeric,21,10.0000,1.0e-03,-1,SAM,0.3486,0.018566,7.759442e-03,5.82610503e-03,0.997377,85.3318,286.9337
7,backend,numeric,21,10.0000,1.0e-03,-1,SAM,0.3486,0.018566,8.554673e-03,6.08318812e-03,0.997894,85.9007,289.7979
7,backend,numeric,21,10.0000,1.0e-03,-1,SAM,0.3486,0.018566,9.431402e-03,6.35845374e-03,0.998349,86.4340,292.8480
7,backend,numeric,21,10.0000,1.0e-03,-1,SAM,0.3486,0.018566,1.039798e-02,6.65323479e-03,0.998739,86.9387,296.0889
7,backend,numeric,21,10.0000,1.0e-03,-1,SAM,0.3486,0.018566,1.146363e-02,6.96856689e-03,0.999064,87.4236,299.5254
7,backend,numeric,21,10.0000,1.0e-03,-1,SAM,0.3486,0.018566,1.263848e-02,7.30514176e-03,0.999327,87.9004,303.1624
7,backend,numeric,21,10.0000,1.0e-03,-1,SAM,0.3486,0.018566,1.393374e-02,7.66357640e-03,0.999533,88.3861,307.0045
7,backend,numeric,21,10.0000,1.0e-03,-1,SAM,0.3486,0.018566,1.536175e-02,8.04386265e-03,0.999688,88.9015,311.0568
7,backend,numeric,21,10.0000,1.0e-03,-1,SAM,0.3486,0.018566,1.693611e-02,8.44484547e-03,0.999801,89.4721,315.3257
7,backend,numeric,21,10.0000,1.0e-03,-1,SAM,0.3486,0.018566,1.867181e-02,8.86368636e-03,0.999878,90.1292,319.8204
7,backend,numeric,21,10.0000,1.0e-03,-1,SAM,0.3486,0.018566,2.058540e-02,9.29491946e-03,0.999930,90.9118,324.5545
7,backend,numeric,21,10.0000,1.0e-03,-1,SAM,0.3486,0.018566,2.269511e-02,9.72880068e-03,0.999962,91.8708,329.5461
7,backend,numeric,21,10.0000,1.0e-03,-1,SAM,0.3486,0.018566,2.502102e-02,1.01490686e-02,0.999980,93.0769,334.8224
7,backend,numeric,21,10.0000,1.0e-03,-1,SAM,0.3486,0.018566,2.758532e-02,1.05296753e-02,0.999991,94.6363,340.4247
7,backend,numeric,21,10.0000,1.0e-03,-1,SAM,0.3486,0.018566,3.041241e-02,1.08277948e-02,0.999996,96.7242,346.4186
7,backend,numeric,21,10.0000,1.0e-03,-1,SAM,0.3486,0.018566,3.352924e-02,1.09757101e-02,0.999998,99.6667,352.9187
7,backend,numeric,21,10.0000,1.0e-03,-1,SAM,0.3486,0.018566,3.696550e-02,1.08551787e-02,0.999999,104.1718,0.1399
7,backend,numeric,21,10.0000,1.0e-03,-1,SAM,0.3486,0.018566,4.075393e-02,1.02538128e-02,1.000000,112.0697,8.5489
7,backend,numeric,21,10.0000,1.0e-03,-1,SAM,0.3486,0.018566,4.493062e-02,8.81228685e-03,1.000000,128.2094,19.5760
7,backend,numeric,21,10.0000,1.0e-03,-1,SAM,0.3486,0.018566,4.953535e-02,5.63424407e-03,1.000000,153.8454,37.7444
7,backend,numeric,21,10.0000,1.0e-03,-1,SAM,0.3486,0.018566,5.461201e-02,3.58135076e-04,0.921430,177.0610,107.7934
7,backend,numeric,21,10.0000,1.0e-03,-1,SAM,0.3486,0.018566,6.020894e-02,5.86522167e-04,0.667329,172.9309,19.7405
7,backend,numeric,21,10.0000,1.0e-03,-1,SAM,0.3486,0.018566,6.637949e-02,7.37877752e-04,0.520376,171.8558,70.7503
7,backend,numeric,21,10.0000,1.0e-03,-1,SAM,0.3486,0.018566,7.318242e-02,8.76013605e-04,0.414354,170.2624,274.6033
7,backend,numeric,21,10.0000,1.0e-03,-1,SAM,0.3486,0.018566,8.068256e-02,9.95792344e-04,0.344155,167.2193,315.1320
7,backend,numeric,21,10.0000,1.0e-03,-1,SAM,0.3486,0.018566,8.895135e-02,1.06465592e-03,0.306868,160.6402,17.5591
7,backend,numeric,21,10.0000,1.0e-03,-1,SAM,0.3486,0.018566,9.806757e-02,1.09892635e-03,0.290088,146.6546,145.2667
7,backend,numeric,21,10.0000,1.0e-03,-1,SAM,0.3486,0.018566,1.081181e-01,1.13449013e-03,0.284153,132.7323,64.9771
7,backend,numeric,21,10.0000,1.0e-03,-1,SAM,0.3486,0.018566,1.191986e-01,1.10976128e-03,0.285350,115.3994,86.3921
7,backend,numeric,21,10.0000,1.0e-03,-1,SAM,0.3486,0.018566,1.314147e-01,9.94842496e-04,0.296956,101.1562,327.4807
7,backend,numeric,21,10.0000,1.0e-03,-1,SAM,0.3486,0.018566,1.448828e-01,8.40414886e-04,0.342044,95.9138,261.5577
7,backend,numeric,21,10.0000,1.0e-03,-1,SAM,0.3486,0.018566,1.597312e-01,7.26477296e-04,0.447895,91.3327,143.8964
7,backend,numeric,21,10.0000,1.0e-03,-1,SAM,0.3486,0.018566,1.761014e-01,6.74193999e-04,0.579535,86.0753,235.3822
7,backend,numeric,21,10.0000,1.0e-03,-1,SAM,0.3486,0.018566,1.941492e-01,5.65175801e-04,0.722101,74.7084,72.7061
7,backend,numeric,21,10.0000,1.0e-03,-1,SAM,0.3486,0.018566,2.140467e-01,6.42592488e-04,0.848131,140.4483,21.1120
7,backend,numeric,21,10.0000,1.0e-03,-1,SAM,0.3486,0.018566,2.359833e-01,1.11244685e-03,0.795760,120.8670,92.6230
7,backend,numeric,21,10.0000,1.0e-03,-1,SAM,0.3486,0.018566,2.601682e-01,1.45456982e-03,0.961441,83.5977,65.0276
7,backend,numeric,21,10.0000,1.0e-03,-1,SAM,0.3486,0.018566,2.868317e-01,2.04731668e-03,0.951268,125.9944,258.0136
7,backend,numeric,21,10.0000,1.0e-03,-1,SAM,0.3486,0.018566,3.162278e-01,2.21063923e-03,0.970761,120.8015,90.6221
7,backend,numeric,21,10.0000,1.0e-03,-1,SAM,0.3486,0.018566,3.486365e-01,2.22664953e-03,0.968567,111.4638,75.5235
7,backend,numeric,21,10.0000,1.0e-03,-1,SAM,0.3486,0.018566,3.843667e-01,2.19241459e-03,0.970688,112.4834,110.8468
7,backend,numeric,21,10.0000,1.0e-03,-1,SAM,0.3486,0.018566,4.237587e-01,1.81531679e-03,0.972097,115.0048,192.8153
7,backend,numeric,21,10.0000,1.0e-03,-1,SAM,0.3486,0.018566,4.671878e-01,2.09857165e-03,0.972149,111.7278,314.1692
7,backend,numeric,21,10.0000,1.0e-03,-1,SAM,0.3486,0.018566,5.150678e-01,2.21314702e-03,0.970968,112.9386,123.3037
7,backend,numeric,21,10.0000,1.0e-03,-1,SAM,0.3486,0.018566,5.678548e-01,1.84970146e-03,0.974530,113.8495,347.2937
7,backend,numeric,21,10.0000,1.0e-03,-1,SAM,0.3486,0.018566,6.260517e-01,2.08228062e-03,0.969504,111.9261,273.7932
7,backend,numeric,21,10.0000,1.0e-03,-1,SAM,0.3486,0.018566,6.902129e-01,2.08473074e-03,0.970463,111.9398,273.5405
7,backend,numeric,21,10.0000,1.0e-03,-1,SAM,0.3486,0.018566,7.609497e-01,1.61480680e-03,0.970985,116.0034,2.8367
7,backend,numeric,21,10.0000,1.0e-03,-1,SAM,0.3486,0.018566,8.389360e-01,1.86499181e-03,0.971044,116.0180,159.7837
7,backend,numeric,21,10.0000,1.0e-03,-1,SAM,0.3486,0.018566,9.249147e-01,2.05135463e-03,0.966445,111.4623,45.4699
7,backend,numeric,21,10.0000,1.0e-03,-1,SAM,0.3486,0.018566,1.019705e+00,1.78053171e-03,0.965874,113.6877,14.1656
7,backend,numeric,21,10.0000,1.0e-03,-1,SAM,0.3486,0.018566,1.124210e+00,2.11209654e-03,0.971600,112.9448,86.5533
7,backend,numeric,21,10.0000,1.0e-03,-1,SAM,0.3486,0.018566,1.239425e+00,2.02764461e-03,0.973537,113.0151,309.7303
7,backend,numeric,21,10.0000,1.0e-03,-1,SAM,0.3486,0.018566,1.366448e+00,2.12592184e-03,0.971179,111.5778,302.2973
7,backend,numeric,21,10.0000,1.0e-03,-1,SAM,0.3486,0.018566,1.506489e+00,1.82166692e-03,0.965526,113.7052,60.7317
7,backend,numeric,21,10.0000,1.0e-03,-1,SAM,0.3486,0.018566,1.660883e+00,1.88233232e-03,0.974261,113.1979,330.3658
7,backend,numeric,21,10.0000,1.0e-03,-1,SAM,0.3486,0.018566,1.831099e+00,2.18880533e-03,0.971302,112.6713,99.3181
7,backend,numeric,21,10.0000,1.0e-03,-1,SAM,0.3486,0.018566,2.018760e+00,1.93603405e-03,0.965901,112.1135,28.2058
7,backend,numeric,21,10.0000,1.0e-03,-1,SAM,0.3486,0.018566,2.225654e+00,1.77097134e-03,0.970539,115.0272,179.9187
7,backend,numeric,21,10.0000,1.0e-03,-1,SAM,0.3486,0.018566,2.453751e+00,1.76599924e-03,0.969459,115.2766,218.7279
7,backend,numeric,21,10.0000,1.0e-03,-1,SAM,0.3486,0.018566,2.705225e+00,2.10254954e-03,0.972785,114.2922,140.5203
7,backend,numeric,21,10.0000,1.0e-03,-1,SAM,0.3486,0.018566,2.982471e+00,1.75998616e-03,0.965823,113.9418,14.2509
7,backend,numeric,21,10.0000,1.0e-03,-1,SAM,0.3486,0.018566,3.288131e+00,1.76714912e-03,0.970490,115.0511,191.8732
7,backend,numeric,21,10.0000,1.0e-03,-1,SAM,0.3486,0.018566,3.625117e+00,1.84539539e-03,0.974410,113.6402,341.0750
7,backend,numeric,21,10.0000,1.0e-03,-1,SAM,0.3486,0.018566,3.996639e+00,1.90669781e-03,0.967104,114.0349,192.7988
7,backend,numeric,21,10.0000,1.0e-03,-1,SAM,0.3486,0.018566,4.406236e+00,2.17556861e-03,0.969268,112.2555,97.8868
7,backend,numeric,21,10.0000,1.0e-03,-1,SAM,0.3486,0.018566,4.857812e+00,2.10754377e-03,0.972724,113.9455,114.0510
7,backend,numeric,21,10.0000,1.0e-03,-1,SAM,0.3486,0.018566,5.355667e+00,2.11960883e-03,0.969215,111.5335,284.9156
7,backend,numeric,21,10.0000,1.0e-03,-1,SAM,0.3486,0.018566,5.904545e+00,1.92485625e-03,0.974360,113.1879,296.5475
7,backend,numeric,21,10.0000,1.0e-03,-1,SAM,0.3486,0.018566,6.509675e+00,1.78135216e-03,0.969401,115.2803,218.4110
7,backend,numeric,21,10.0000,1.0e-03,-1,SAM,0.3486,0.018566,7.176822e+00,2.03437018e-03,0.972453,113.5889,109.4581
7,backend,numeric,21,10.0000,1.0e-03,-1,SAM,0.3486,0.018566,7.912343e+00,2.19452930e-03,0.970508,112.1273,80.4293
7,backend,numeric,21,10.0000,1.0e-03,-1,SAM,0.3486,0.018566,8.723243e+00,2.10629196e-03,0.972734,114.2348,137.1384
7,backend,numeric,21,10.0000,1.0e-03,-1,SAM,0.3486,0.018566,9.617249e+00,1.77172930e-03,0.965545,114.1575,56.6814
7,backend,numeric,21,10.0000,1.0e-03,-1,SAM,0.3486,0.018566,1.060288e+01,2.07005505e-03,0.968884,112.0192,270.3866
7,backend,numeric,21,10.0000,1.0e-03,-1,SAM,0.3486,0.018566,1.168952e+01,1.84897971e-03,0.970278,115.8020,191.2676
7,backend,numeric,21,10.0000,1.0e-03,-1,SAM,0.3486,0.018566,1.288752e+01,2.00815909e-03,0.973592,112.6226,283.8503
7,backend,numeric,21,10.0000,1.0e-03,-1,SAM,0.3486,0.018566,1.420831e+01,2.11024147e-03,0.972221,112.1402,289.5783
7,backend,numeric,21,10.0000,1.0e-03,-1,SAM,0.3486,0.018566,1.566445e+01,1.62283812e-03,0.971290,116.0543,14.0632
7,backend,numeric,21,10.0000,1.0e-03,-1,SAM,0.3486,0.018566,1.726983e+01,1.82660735e-03,0.973555,115.3030,340.9160
7,backend,numeric,21,10.0000,1.0e-03,-1,SAM,0.3486,0.018566,1.903974e+01,1.68876376e-03,0.972620,116.0884,330.3990
7,backend,numeric,21,10.0000,1.0e-03,-1,SAM,0.3486,0.018566,2.099104e+01,1.98171042e-03,0.967066,113.3711,202.9034
7,backend,numeric,21,10.0000,1.0e-03,-1,SAM,0.3486,0.018566,2.314231e+01,1.90818616e-03,0.972752,114.3417,131.0413
7,backend,numeric,21,10.0000,1.0e-03,-1,SAM,0.3486,0.018566,2.551407e+01,1.62865904e-03,0.969007,116.3866,34.3465
7,backend,numeric,21,10.0000,1.0e-03,-1,SAM,0.3486,0.018566,2.812889e+01,2.03204595e-03,0.972612,113.6679,106.3689
7,backend,numeric,21,10.0000,1.0e-03,-1,SAM,0.3486,0.018566,3.101169e+01,1.71522500e-03,0.973410,115.7135,324.6755
7,backend,numeric,21,10.0000,1.0e-03,-1,SAM,0.3486,0.018566,3.418994e+01,2.01768062e-03,0.967217,112.7585,235.1107
7,backend,numeric,21,10.0000,1.0e-03,-1,SAM,0.3486,0.018566,3.769391e+01,1.86901961e-03,0.971106,115.9345,182.7070
7,backend,numeric,21,10.0000,1.0e-03,-1,SAM,0.3486,0.018566,4.155699e+01,NaN,NaN,NaN,NaN
7,backend,numeric,21,10.0000,1.0e-03,-1,SAM,0.3486,0.018566,4.581598e+01,NaN,NaN,NaN,NaN
7,backend,numeric,21,10.0000,1.0e-03,-1,SAM,0.3486,0.018566,5.051145e+01,NaN,NaN,NaN,NaN
7,backend,numeric,21,10.0000,1.0e-03,-1,SAM,0.3486,0.018566,5.568814e+01,NaN,NaN,NaN,NaN
7,backend,numeric,21,10.0000,1.0e-03,-1,SAM,0.3486,0.018566,6.139537e+01,NaN,NaN,NaN,NaN
7,backend,numeric,21,10.0000,1.0e-03,-1,SAM,0.3486,0.018566,6.768750e+01,NaN,NaN,NaN,NaN
7,backend,numeric,21,10.0000,1.0e-03,-1,SAM,0.3486,0.018566,7.462449e+01,NaN,NaN,NaN,NaN
7,backend,numeric,21,10.0000,1.0e-03,-1,SAM,0.3486,0.018566,8.227241e+01,NaN,NaN,NaN,NaN
7,backend,numeric,21,10.0000,1.0e-03,-1,SAM,0.3486,0.018566,9.070414e+01,NaN,NaN,NaN,NaN
7,backend,numeric,21,10.0000,1.0e-03,-1,SAM,0.3486,0.018566,1.000000e+02,NaN,NaN,NaN,NaN
8,backend,numeric,25,0.1000,1.0e-03,-1,SAM,0.0717,0.003820,0.000000e+00,7.52408181e-04,0.964143,158.3772,342.4894
8,backend,numeric,25,0.1000,1.0e-03,-1,SAM,0.0717,0.003820,1.000000e-03,9.29634125e-04,0.936391,152.6070,338.9933
8,backend,numeric,25,0.1000,1.0e-03,-1,SAM,0.0717,0.003820,1.102485e-03,9.40791104e-04,0.933784,152.2963,337.8472
8,backend,numeric,25,0.1000,1.0e-03,-1,SAM,0.0717,0.003820,1.215474e-03,9.52525405e-04,0.930968,151.9688,336.5082
8,backend,numeric,25,0.1000,1.0e-03,-1,SAM,0.0717,0.003820,1.340043e-03,9.64865223e-04,0.927931,151.6217,334.9473
8,backend,numeric,25,0.1000,1.0e-03,-1,SAM,0.0717,0.003820,1.477378e-03,9.77841644e-04,0.924661,151.2514,333.1321
8,backend,numeric,25,0.1000,1.0e-03,-1,SAM,0.0717,0.003820,1.628787e-03,9.91486942e-04,0.921146,150.8536,331.0268
8,backend,numeric,25,0.1000,1.0e-03,-1,SAM,0.0717,0.003820,1.795714e-03,1.00583906e-03,0.917374,150.4225,328.5912
8,backend,numeric,25,0.1000,1.0e-03,-1,SAM,0.0717,0.003820,1.979749e-03,1.02093528e-03,0.913335,149.9514,325.7815
8,backend,numeric,25,0.1000,1.0e-03,-1,SAM,0.0717,0.003820,2.182645e-03,1.03681810e-03,0.909020,149.4318,322.5494
8,backend,numeric,25,0.1000,1.0e-03,-1,SAM,0.0717,0.003820,2.406334e-03,1.05353649e-03,0.904422,148.8539,318.8427
8,backend,numeric,25,0.1000,1.0e-03,-1,SAM,0.0717,0.003820,2.652948e-03,1.07113780e-03,0.899536,148.2068,314.6063
8,backend,numeric,25,0.1000,1.0e-03,-1,SAM,0.0717,0.003820,2.924837e-03,1.08966243e-03,0.894358,147.4808,309.7815
8,backend,numeric,25,0.1000,1.0e-03,-1,SAM,0.0717,0.003820,3.224591e-03,1.10915638e-03,0.888889,146.6666,304.3066
8,backend,numeric,25,0.1000,1.0e-03,-1,SAM,0.0717,0.003820,3.555064e-03,1.12968671e-03,0.883136,145.7576,298.1176
8,backend,numeric,25,0.1000,1.0e-03,-1,SAM,0.0717,0.003820,3.919407e-03,1.15131163e-03,0.877107,144.7568,291.1471
8,backend,numeric,25,0.1000,1.0e-03,-1,SAM,0.0717,0.003820,4.321089e-03,1.17408612e-03,0.870814,143.6816,283.3177
8,backend,numeric,25,0.1000,1.0e-03,-1,SAM,0.0717,0.003820,4.763938e-03,1.19806617e-03,0.864270,142.5701,274.5366
8,backend,numeric,25,0.1000,1.0e-03,-1,SAM,0.0717,0.003820,5.252173e-03,1.22331995e-03,0.857486,141.4875,264.6848
8,backend,numeric,25,0.1000,1.0e-03,-1,SAM,0.0717,0.003820,5.790444e-03,1.24993478e-03,0.850460,140.5287,253.5975
8,backend,numeric,25,0.1000,1.0e-03,-1,SAM,0.0717,0.003820,6.383880e-03,1.27800952e-03,0.843172,139.8094,241.0371
8,backend,numeric,25,0.1000,1.0e-03,-1,SAM,0.0717,0.003820,7.038136e-03,1.30767732e-03,0.835579,139.4331,226.6629
8,backend,numeric,25,0.1000,1.0e-03,-1,SAM,0.0717,0.003820,7.759442e-03,1.33909290e-03,0.827616,139.4284,210.0122
8,backend,numeric,25,0.1000,1.0e-03,-1,SAM,0.0717,0.003820,8.554673e-03,1.37242640e-03,0.819215,139.6563,190.5341
8,backend,numeric,25,0.1000,1.0e-03,-1,SAM,0.0717,0.003820,9.431402e-03,1.40780778e-03,0.810350,139.7491,167.7582
8,backend,numeric,25,0.1000,1.0e-03,-1,SAM,0.0717,0.003820,1.039798e-02,1.44526418e-03,0.801110,139.2360,141.6200
8,backend,numeric,25,0.1000,1.0e-03,-1,SAM,0.0717,0.003820,1.146363e-02,1.48469931e-03,0.791698,137.9998,112.5637
8,backend,numeric,25,0.1000,1.0e-03,-1,SAM,0.0717,0.003820,1.263848e-02,1.52605763e-03,0.782273,136.7418,80.8346
8,backend,numeric,25,0.1000,1.0e-03,-1,SAM,0.0717,0.003820,1.393374e-02,1.56968009e-03,0.772718,136.5469,45.4168
8,backend,numeric,25,0.1000,1.0e-03,-1,SAM,0.0717,0.003820,1.536175e-02,1.61614555e-03,0.762672,137.2218,4.0593
8,backend,numeric,25,0.1000,1.0e-03,-1,SAM,0.0717,0.003820,1.693611e-02,1.66551095e-03,0.752212,136.4931,316.0016
8,backend,numeric,25,0.1000,1.0e-03,-1,SAM,0.0717,0.003820,1.867181e-02,1.71691211e-03,0.742128,133.9933,264.0989
8,backend,numeric,25,0.1000,1.0e-03,-1,SAM,0.0717,0.003820,2.058540e-02,1.77036356e-03,0.732503,133.3346,207.9969
8,backend,numeric,25,0.1000,1.0e-03,-1,SAM,0.0717,0.003820,2.269511e-02,1.82728574e-03,0.722530,133.5279,143.2192
8,backend,numeric,25,0.1000,1.0e-03,-1,SAM,0.0717,0.003820,2.502102e-02,1.88703278e-03,0.712766,131.9745,71.8902
8,backend,numeric,25,0.1000,1.0e-03,-1,SAM,0.0717,0.003820,2.758532e-02,1.95014939e-03,0.703010,132.6601,351.9242
8,backend,numeric,25,0.1000,1.0e-03,-1,SAM,0.0717,0.003820,3.041241e-02,2.01649009e-03,0.693456,130.0747,262.3319
8,backend,numeric,25,0.1000,1.0e-03,-1,SAM,0.0717,0.003820,3.352924e-02,2.08488388e-03,0.684851,129.9294,166.2786
8,backend,numeric,25,0.1000,1.0e-03,-1,SAM,0.0717,0.003820,3.696550e-02,2.15700557e-03,0.676441,128.6499,59.4263
8,backend,numeric,25,0.1000,1.0e-03,-1,SAM,0.0717,0.003820,4.075393e-02,2.23325060e-03,0.668191,128.2322,299.8800
8,backend,numeric,25,0.1000,1.0e-03,-1,SAM,0.0717,0.003820,4.493062e-02,2.31114611e-03,0.661305,126.7968,172.5634
8,backend,numeric,25,0.1000,1.0e-03,-1,SAM,0.0717,0.003820,4.953535e-02,2.39294362e-03,0.654938,126.0418,32.9395
8,backend,numeric,25,0.1000,1.0e-03,-1,SAM,0.0717,0.003820,5.461201e-02,2.47865561e-03,0.649204,123.7913,239.5449
8,backend,numeric,25,0.1000,1.0e-03,-1,SAM,0.0717,0.003820,6.020894e-02,2.56662554e-03,0.644901,123.1274,76.7410
8,backend,numeric,25,0.1000,1.0e-03,-1,SAM,0.0717,0.003820,6.637949e-02,2.65953824e-03,0.641284,121.4870,258.9990
8,backend,numeric,25,0.1000,1.0e-03,-1,SAM,0.0717,0.003820,7.318242e-02,2.75484429e-03,0.639349,120.5512,72.5564
8,backend,numeric,25,0.1000,1.0e-03,-1,SAM,0.0717,0.003820,8.068256e-02,2.85568313e-03,0.638303,118.5312,231.3924
8,backend,numeric,25,0.1000,1.0e-03,-1,SAM,0.0717,0.003820,8.895135e-02,2.95979998e-03,0.638965,118.5288,21.5685
8,backend,numeric,25,0.1000,1.0e-03,-1,SAM,0.0717,0.003820,9.806757e-02,3.06908740e-03,0.640896,116.2333,159.5881
8,backend,numeric,25,0.1000,1.0e-03,-1,SAM,0.0717,0.003820,1.081181e-01,3.18498035e-03,0.644125,114.6639,287.1969
8,backend,numeric,25,0.1000,1.0e-03,-1,SAM,0.0717,0.003820,1.191986e-01,3.30447683e-03,0.649372,113.1901,50.5655
8,backend,numeric,25,0.1000,1.0e-03,-1,SAM,0.0717,0.003820,1.314147e-01,3.43209554e-03,0.655864,111.1258,163.9703
8,backend,numeric,25,0.1000,1.0e-03,-1,SAM,0.0717,0.003820,1.448828e-01,3.56766973e-03,0.663775,108.8483,271.6061
8,backend,numeric,25,0.1000,1.0e-03,-1,SAM,0.0717,0.003820,1.597312e-01,3.70529974e-03,0.673744,108.7240,20.1400
8,backend,numeric,25,0.1000,1.0e-03,-1,SAM,0.0717,0.003820,1.761014e-01,3.84959131e-03,0.685208,104.9743,124.8016
8,backend,numeric,25,0.1000,1.0e-03,-1,SAM,0.0717,0.003820,1.941492e-01,3.99938231e-03,0.698070,102.1374,227.4406
8,backend,numeric,25,0.1000,1.0e-03,-1,SAM,0.0717,0.003820,2.140467e-01,4.14944451e-03,0.712410,102.8746,333.9722
8,backend,numeric,25,0.1000,1.0e-03,-1,SAM,0.0717,0.003820,2.359833e-01,4.27949829e-03,0.729190,97.6975,85.5161
8,backend,numeric,25,0.1000,1.0e-03,-1,SAM,0.0717,0.003820,2.601682e-01,4.40505716e-03,0.747282,94.8801,194.4814
8,backend,numeric,25,0.1000,1.0e-03,-1,SAM,0.0717,0.003820,2.868317e-01,4.49929247e-03,0.767505,93.2529,307.5671
8,backend,numeric,25,0.1000,1.0e-03,-1,SAM,0.0717,0.003820,3.162278e-01,4.46523212e-03,0.793070,89.4056,65.9291
8,backend,numeric,25,0.1000,1.0e-03,-1,SAM,0.0717,0.003820,3.486365e-01,4.34649056e-03,0.821666,82.4433,178.7257
8,backend,numeric,25,0.1000,1.0e-03,-1,SAM,0.0717,0.003820,3.843667e-01,3.92715744e-03,0.861220,75.0879,278.8652
8,backend,numeric,25,0.1000,1.0e-03,-1,SAM,0.0717,0.003820,4.237587e-01,1.93737072e-03,0.977837,51.1095,352.7352
8,backend,numeric,25,0.1000,1.0e-03,-1,SAM,0.0717,0.003820,4.671878e-01,5.16570092e-03,0.884895,145.3898,95.6099
8,backend,numeric,25,0.1000,1.0e-03,-1,SAM,0.0717,0.003820,5.150678e-01,7.09604901e-03,0.780803,137.9921,194.8613
8,backend,numeric,25,0.1000,1.0e-03,-1,SAM,0.0717,0.003820,5.678548e-01,8.42639865e-03,0.736778,133.4423,226.3485
8,backend,numeric,25,0.1000,1.0e-03,-1,SAM,0.0717,0.003820,6.260517e-01,9.52187478e-03,0.720151,128.9499,231.3004
8,backend,numeric,25,0.1000,1.0e-03,-1,SAM,0.0717,0.003820,6.902129e-01,1.05090142e-02,0.720652,124.5087,234.3021
8,backend,numeric,25,0.1000,1.0e-03,-1,SAM,0.0717,0.003820,7.609497e-01,1.14800746e-02,0.732933,120.9209,252.0737
8,backend,numeric,25,0.1000,1.0e-03,-1,SAM,0.0717,0.003820,8.389360e-01,1.25048424e-02,0.754057,122.0481,297.2189
8,backend,numeric,25,0.1000,1.0e-03,-1,SAM,0.0717,0.003820,9.249147e-01,1.35140759e-02,0.786302,121.2573,28.0089
8,backend,numeric,25,0.1000,1.0e-03,-1,SAM,0.0717,0.003820,1.019705e+00,1.45777873e-02,0.819800,104.0859,150.6539
8,backend,numeric,25,0.1000,1.0e-03,-1,SAM,0.0717,0.003820,1.124210e+00,1.64217137e-02,0.843842,110.5399,306.1129
8,backend,numeric,25,0.1000,1.0e-03,-1,SAM,0.0717,0.003820,1.239425e+00,1.59324663e-02,0.894145,85.1103,146.5009
8,backend,numeric,25,0.1000,1.0e-03,-1,SAM,0.0717,0.003820,1.366448e+00,1.76761581e-02,0.915281,108.9734,11.7795
8,backend,numeric,25,0.1000,1.0e-03,-1,SAM,0.0717,0.003820,1.506489e+00,1.26855696e-02,0.964228,51.6229,240.6069
8,backend,numeric,25,0.1000,1.0e-03,-1,SAM,0.0717,0.003820,1.660883e+00,9.18707134e-02,0.997187,70.2714,313.2907
8,backend,numeric,25,0.1000,1.0e-03,-1,SAM,0.0717,0.003820,1.831099e+00,1.90564426e-01,0.998636,72.8801,359.6734
8,backend,numeric,25,0.1000,1.0e-03,-1,SAM,0.0717,0.003820,2.018760e+00,2.51558878e-01,0.999345,100.7286,23.9144
8,backend,numeric,25,0.1000,1.0e-03,-1,SAM,0.0717,0.003820,2.225654e+00,1.54512622e-01,0.998457,152.5037,348.4808
8,backend,numeric,25,0.1000,1.0e-03,-1,SAM,0.0717,0.003820,2.453751e+00,1.16222052e-01,0.959909,106.1172,304.6640
8,backend,numeric,25,0.1000,1.0e-03,-1,SAM,0.0717,0.003820,2.705225e+00,1.89952292e-01,0.991923,56.2095,354.1492
8,backend,numeric,25,0.1000,1.0e-03,-1,SAM,0.0717,0.003820,2.982471e+00,2.74451172e-01,0.997728,115.7066,34.1767
8,backend,numeric,25,0.1000,1.0e-03,-1,SAM,0.0717,0.003820,3.288131e+00,1.42744057e-01,0.967621,126.8162,309.3105
8,backend,numeric,25,0.1000,1.0e-03,-1,SAM,0.0717,0.003820,3.625117e+00,2.18517335e-01,0.989453,70.6358,353.6794
8,backend,numeric,25,0.1000,1.0e-03,-1,SAM,0.0717,0.003820,3.996639e+00,2.51412702e-01,0.996660,134.0268,12.5516
8,backend,numeric,25,0.1000,1.0e-03,-1,SAM,0.0717,0.003820,4.406236e+00,1.39250589e-01,0.979914,92.1768,327.0532
8,backend,numeric,25,0.1000,1.0e-03,-1,SAM,0.0717,0.003820,4.857812e+00,2.10919314e-01,0.997398,117.5580,16.2087
8,backend,numeric,25,0.1000,1.0e-03,-1,SAM,0.0717,0.003820,5.355667e+00,1.54433524e-01,0.980262,77.1520,337.0725
8,backend,numeric,25,0.1000,1.0e-03,-1,SAM,0.0717,0.003820,5.904545e+00,1.46093897e-01,0.985065,149.0852,337.8192
8,backend,numeric,25,0.1000,1.0e-03,-1,SAM,0.0717,0.003820,6.509675e+00,2.54133127e-01,0.993557,90.3167,15.3151
8,backend,numeric,25,0.1000,1.0e-03,-1,SAM,0.0717,0.003820,7.176822e+00,1.43423587e-01,0.981307,86.0748,336.2120
8,backend,numeric,25,0.1000,1.0e-03,-1,SAM,0.0717,0.003820,7.912343e+00,1.29604845e-01,0.962781,106.2796,322.2379
8,backend,numeric,25,0.1000,1.0e-03,-1,SAM,0.0717,0.003820,8.723243e+00,1.23271698e-01,0.962282,115.9038,326.9868
8,backend,numeric,25,0.1000,1.0e-03,-1,SAM,0.0717,0.003820,9.617249e+00,1.40156254e-01,0.970670,72.6209,326.0310
8,backend,numeric,25,0.1000,1.0e-03,-1,SAM,0.0717,0.003820,1.060288e+01,2.12292002e-01,0.986973,71.7683,349.6614
8,backend,numeric,25,0.1000,1.0e-03,-1,SAM,0.0717,0.003820,1.168952e+01,2.14013640e-01,0.994228,90.2889,8.7740
8,backend,numeric,25,0.1000,1.0e-03,-1,SAM,0.0717,0.003820,1.288752e+01,1.52797439e-01,0.987236,149.1770,341.6694
8,backend,numeric,25,0.1000,1.0e-03,-1,SAM,0.0717,0.003820,1.420831e+01,1.49476547e-01,0.984107,84.8694,341.3210
8,backend,numeric,25,0.1000,1.0e-03,-1,SAM,0.0717,0.003820,1.566445e+01,1.08994791e-01,0.964379,131.6189,328.5481
8,backend,numeric,25,0.1000,1.0e-03,-1,SAM,0.0717,0.003820,1.726983e+01,1.49103981e-01,0.966123,129.3636,315.4242
8,backend,numeric,25,0.1000,1.0e-03,-1,SAM,0.0717,0.003820,1.903974e+01,1.15205586e-01,0.981053,149.3475,329.0712
8,backend,numeric,25,0.1000,1.0e-03,-1,SAM,0.0717,0.003820,2.099104e+01,1.26771652e-01,0.967884,114.2374,318.4860
8,backend,numeric,25,0.1000,1.0e-03,-1,SAM,0.0717,0.003820,2.314231e+01,1.64956896e-01,0.993239,109.9918,9.3641
8,backend,numeric,25,0.1000,1.0e-03,-1,SAM,0.0717,0.003820,2.551407e+01,1.65232120e-01,0.988756,83.5566,344.9600
8,backend,numeric,25,0.1000,1.0e-03,-1,SAM,0.0717,0.003820,2.812889e+01,1.36113703e-01,0.977499,89.1523,331.3933
8,backend,numeric,25,0.1000,1.0e-03,-1,SAM,0.0717,0.003820,3.101169e+01,2.33607285e-01,0.995984,127.5877,26.0772
8,backend,numeric,25,0.1000,1.0e-03,-1,SAM,0.0717,0.003820,3.418994e+01,1.52444990e-01,0.976745,83.2267,329.3477
8,backend,numeric,25,0.1000,1.0e-03,-1,SAM,0.0717,0.003820,3.769391e+01,1.84231684e-01,0.985943,65.1324,354.4790
8,backend,numeric,25,0.1000,1.0e-03,-1,SAM,0.0717,0.003820,4.155699e+01,2.56590874e-01,0.995292,100.6410,18.6135
8,backend,numeric,25,0.1000,1.0e-03,-1,SAM,0.0717,0.003820,4.581598e+01,2.99798804e-01,0.995518,102.6131,23.8371
8,backend,numeric,25,0.1000,1.0e-03,-1,SAM,0.0717,0.003820,5.051145e+01,1.15227677e-01,0.985489,146.4353,347.9510
8,backend,numeric,25,0.1000,1.0e-03,-1,SAM,0.0717,0.003820,5.568814e+01,2.13895188e-01,0.996694,131.5920,10.0692
8,backend,numeric,25,0.1000,1.0e-03,-1,SAM,0.0717,0.003820,6.139537e+01,1.86651409e-01,0.986192,74.1204,351.3154
8,backend,numeric,25,0.1000,1.0e-03,-1,SAM,0.0717,0.003820,6.768750e+01,2.34306206e-01,0.995696,93.0862,13.1526
8,backend,numeric,25,0.1000,1.0e-03,-1,SAM,0.0717,0.003820,7.462449e+01,2.17155699e-01,0.994318,88.1915,7.7988
8,backend,numeric,25,0.1000,1.0e-03,-1,SAM,0.0717,0.003820,8.227241e+01,1.30774420e-01,0.983163,96.9272,323.5429
8,backend,numeric,25,0.1000,1.0e-03,-1,SAM,0.0717,0.003820,9.070414e+01,2.62868428e-01,0.997801,105.2220,18.9525
8,backend,numeric,25,0.1000,1.0e-03,-1,SAM,0.0717,0.003820,1.000000e+02,1.38974929e-01,0.963073,106.8263,318.7379
9,backend,numeric,28,1.8000,1.0e-03,-1,SAM,0.9146,0.048707,0.000000e+00,2.48725381e-03,0.996702,31.1079,25.6595
9,backend,numeric,28,1.8000,1.0e-03,-1,SAM,0.9146,0.048707,1.000000e-03,3.16195769e-03,0.998747,42.6867,31.7087
9,backend,numeric,28,1.8000,1.0e-03,-1,SAM,0.9146,0.048707,1.102485e-03,3.22803333e-03,0.998837,43.8588,32.2704
9,backend,numeric,28,1.8000,1.0e-03,-1,SAM,0.9146,0.048707,1.215474e-03,3.30029076e-03,0.998923,45.1398,32.8794
9,backend,numeric,28,1.8000,1.0e-03,-1,SAM,0.9146,0.048707,1.340043e-03,3.37935781e-03,0.999006,46.5350,33.5387
9,backend,numeric,28,1.8000,1.0e-03,-1,SAM,0.9146,0.048707,1.477378e-03,3.46598184e-03,0.999083,48.0486,34.2512
9,backend,numeric,28,1.8000,1.0e-03,-1,SAM,0.9146,0.048707,1.628787e-03,3.56105175e-03,0.999154,49.6820,35.0195
9,backend,numeric,28,1.8000,1.0e-03,-1,SAM,0.9146,0.048707,1.795714e-03,3.66564499e-03,0.999220,51.4333,35.8464
9,backend,numeric,28,1.8000,1.0e-03,-1,SAM,0.9146,0.048707,1.979749e-03,3.78099237e-03,0.999279,53.2959,36.7339
9,backend,numeric,28,1.8000,1.0e-03,-1,SAM,0.9146,0.048707,2.182645e-03,3.90845632e-03,0.999332,55.2574,37.6843
9,backend,numeric,28,1.8000,1.0e-03,-1,SAM,0.9146,0.048707,2.406334e-03,4.04939460e-03,0.999377,57.2985,38.7004
9,backend,numeric,28,1.8000,1.0e-03,-1,SAM,0.9146,0.048707,2.652948e-03,4.20516740e-03,0.999416,59.3950,39.7849
9,backend,numeric,28,1.8000,1.0e-03,-1,SAM,0.9146,0.048707,2.924837e-03,4.37697317e-03,0.999447,61.5190,40.9409
9,backend,numeric,28,1.8000,1.0e-03,-1,SAM,0.9146,0.048707,3.224591e-03,4.56580920e-03,0.999472,63.6421,42.1715
9,backend,numeric,28,1.8000,1.0e-03,-1,SAM,0.9146,0.048707,3.555064e-03,4.77217191e-03,0.999492,65.7368,43.4811
9,backend,numeric,28,1.8000,1.0e-03,-1,SAM,0.9146,0.048707,3.919407e-03,4.99592183e-03,0.999508,67.7796,44.8749
9,backend,numeric,28,1.8000,1.0e-03,-1,SAM,0.9146,0.048707,4.321089e-03,5.23630627e-03,0.999522,69.7527,46.3598
9,backend,numeric,28,1.8000,1.0e-03,-1,SAM,0.9146,0.048707,4.763938e-03,5.49279400e-03,0.999536,71.6479,47.9419
9,backend,numeric,28,1.8000,1.0e-03,-1,SAM,0.9146,0.048707,5.252173e-03,5.76515035e-03,0.999551,73.4638,49.6270
9,backend,numeric,28,1.8000,1.0e-03,-1,SAM,0.9146,0.048707,5.790444e-03,6.05297082e-03,0.999566,75.2020,51.4216
9,backend,numeric,28,1.8000,1.0e-03,-1,SAM,0.9146,0.048707,6.383880e-03,6.35570507e-03,0.999581,76.8666,53.3325
9,backend,numeric,28,1.8000,1.0e-03,-1,SAM,0.9146,0.048707,7.038136e-03,6.67273790e-03,0.999599,78.4641,55.3674
9,backend,numeric,28,1.8000,1.0e-03,-1,SAM,0.9146,0.048707,7.759442e-03,7.00337180e-03,0.999617,80.0029,57.5337
9,backend,numeric,28,1.8000,1.0e-03,-1,SAM,0.9146,0.048707,8.554673e-03,7.34650794e-03,0.999637,81.4919,59.8405
9,backend,numeric,28,1.8000,1.0e-03,-1,SAM,0.9146,0.048707,9.431402e-03,7.70075021e-03,0.999659,82.9410,62.2980
9,backend,numeric,28,1.8000,1.0e-03,-1,SAM,0.9146,0.048707,1.039798e-02,8.06387008e-03,0.999683,84.3603,64.9184
9,backend,numeric,28,1.8000,1.0e-03,-1,SAM,0.9146,0.048707,1.146363e-02,8.43284246e-03,0.999708,85.7619,67.7163
9,backend,numeric,28,1.8000,1.0e-03,-1,SAM,0.9146,0.048707,1.263848e-02,8.80401031e-03,0.999735,87.1610,70.7077
9,backend,numeric,28,1.8000,1.0e-03,-1,SAM,0.9146,0.048707,1.393374e-02,9.17279461e-03,0.999763,88.5761,73.9116
9,backend,numeric,28,1.8000,1.0e-03,-1,SAM,0.9146,0.048707,1.536175e-02,9.53314973e-03,0.999792,90.0301,77.3512
9,backend,numeric,28,1.8000,1.0e-03,-1,SAM,0.9146,0.048707,1.693611e-02,9.87709269e-03,0.999821,91.5532,81.0586
9,backend,numeric,28,1.8000,1.0e-03,-1,SAM,0.9146,0.048707,1.867181e-02,1.01928922e-02,0.999849,93.1865,85.0725
9,backend,numeric,28,1.8000,1.0e-03,-1,SAM,0.9146,0.048707,2.058540e-02,1.04638890e-02,0.999876,94.9911,89.4419
9,backend,numeric,28,1.8000,1.0e-03,-1,SAM,0.9146,0.048707,2.269511e-02,1.06661705e-02,0.999901,97.0637,94.2326
9,backend,numeric,28,1.8000,1.0e-03,-1,SAM,0.9146,0.048707,2.502102e-02,1.07664684e-02,0.999924,99.5698,99.5412
9,backend,numeric,28,1.8000,1.0e-03,-1,SAM,0.9146,0.048707,2.758532e-02,1.07118452e-02,0.999944,102.8221,105.5151
9,backend,numeric,28,1.8000,1.0e-03,-1,SAM,0.9146,0.048707,3.041241e-02,1.04178601e-02,0.999961,107.4817,112.3983
9,backend,numeric,28,1.8000,1.0e-03,-1,SAM,0.9146,0.048707,3.352924e-02,9.72530319e-03,0.999972,115.1165,120.6814
9,backend,numeric,28,1.8000,1.0e-03,-1,SAM,0.9146,0.048707,3.696550e-02,8.44337997e-03,0.999973,129.0697,131.6126
9,backend,numeric,28,1.8000,1.0e-03,-1,SAM,0.9146,0.048707,4.075393e-02,5.97516946e-03,0.999915,149.9423,148.0897
9,backend,numeric,28,1.8000,1.0e-03,-1,SAM,0.9146,0.048707,4.493062e-02,1.74981997e-03,0.982788,172.8009,187.2004
9,backend,numeric,28,1.8000,1.0e-03,-1,SAM,0.9146,0.048707,4.953535e-02,2.29343257e-03,0.919715,171.3805,212.0211
9,backend,numeric,28,1.8000,1.0e-03,-1,SAM,0.9146,0.048707,5.461201e-02,2.58787494e-03,0.885022,170.9436,206.0276
9,backend,numeric,28,1.8000,1.0e-03,-1,SAM,0.9146,0.048707,6.020894e-02,2.81073806e-03,0.863280,171.0419,182.4803
9,backend,numeric,28,1.8000,1.0e-03,-1,SAM,0.9146,0.048707,6.637949e-02,2.99708211e-03,0.850396,171.1457,144.1874
9,backend,numeric,28,1.8000,1.0e-03,-1,SAM,0.9146,0.048707,7.318242e-02,3.16312447e-03,0.844101,170.6816,97.7683
9,backend,numeric,28,1.8000,1.0e-03,-1,SAM,0.9146,0.048707,8.068256e-02,3.32085257e-03,0.842855,170.3141,47.9511
9,backend,numeric,28,1.8000,1.0e-03,-1,SAM,0.9146,0.048707,8.895135e-02,3.48106191e-03,0.845364,169.7115,349.9214
9,backend,numeric,28,1.8000,1.0e-03,-1,SAM,0.9146,0.048707,9.806757e-02,3.65507857e-03,0.851107,166.7030,294.4236
9,backend,numeric,28,1.8000,1.0e-03,-1,SAM,0.9146,0.048707,1.081181e-01,3.86004343e-03,0.859689,163.1603,251.5031
9,backend,numeric,28,1.8000,1.0e-03,-1,SAM,0.9146,0.048707,1.191986e-01,4.11528689e-03,0.869996,162.0503,210.2244
9,backend,numeric,28,1.8000,1.0e-03,-1,SAM,0.9146,0.048707,1.314147e-01,4.43849974e-03,0.880519,161.7883,165.3276
9,backend,numeric,28,1.8000,1.0e-03,-1,SAM,0.9146,0.048707,1.448828e-01,4.85379029e-03,0.891763,158.9555,120.8251
9,backend,numeric,28,1.8000,1.0e-03,-1,SAM,0.9146,0.048707,1.597312e-01,5.41248408e-03,0.904414,154.8741,82.9214
9,backend,numeric,28,1.8000,1.0e-03,-1,SAM,0.9146,0.048707,1.761014e-01,6.19293958e-03,0.917085,152.3495,49.1625
9,backend,numeric,28,1.8000,1.0e-03,-1,SAM,0.9146,0.048707,1.941492e-01,7.29444021e-03,0.928678,149.6880,15.3522
9,backend,numeric,28,1.8000,1.0e-03,-1,SAM,0.9146,0.048707,2.140467e-01,8.92680464e-03,0.940623,142.1500,343.8079
9,backend,numeric,28,1.8000,1.0e-03,-1,SAM,0.9146,0.048707,2.359833e-01,1.17280312e-02,0.953963,127.2403,322.5688
9,backend,numeric,28,1.8000,1.0e-03,-1,SAM,0.9146,0.048707,2.601682e-01,1.65963282e-02,0.967886,106.6034,323.9405
9,backend,numeric,28,1.8000,1.0e-03,-1,SAM,0.9146,0.048707,2.868317e-01,1.37748197e-02,0.987703,118.2166,356.9599
9,backend,numeric,28,1.8000,1.0e-03,-1,SAM,0.9146,0.048707,3.162278e-01,1.34585609e-02,0.961582,128.8096,55.2957
9,backend,numeric,28,1.8000,1.0e-03,-1,SAM,0.9146,0.048707,3.486365e-01,1.82642312e-02,0.969216,125.0522,94.6951
9,backend,numeric,28,1.8000,1.0e-03,-1,SAM,0.9146,0.048707,3.843667e-01,1.63684680e-02,0.969847,125.4060,151.9314
9,backend,numeric,28,1.8000,1.0e-03,-1,SAM,0.9146,0.048707,4.237587e-01,1.31766856e-02,0.973618,120.0927,221.8259
9,backend,numeric,28,1.8000,1.0e-03,-1,SAM,0.9146,0.048707,4.671878e-01,9.29909854e-03,0.972445,114.2275,319.7092
9,backend,numeric,28,1.8000,1.0e-03,-1,SAM,0.9146,0.048707,5.150678e-01,9.03433498e-03,0.965299,114.8817,87.1580
9,backend,numeric,28,1.8000,1.0e-03,-1,SAM,0.9146,0.048707,5.678548e-01,8.31306957e-03,0.972687,117.0630,213.2897
9,backend,numeric,28,1.8000,1.0e-03,-1,SAM,0.9146,0.048707,6.260517e-01,5.25958558e-03,0.967778,120.0063,37.6833
9,backend,numeric,28,1.8000,1.0e-03,-1,SAM,0.9146,0.048707,6.902129e-01,7.79938132e-03,0.970873,116.1829,210.0092
9,backend,numeric,28,1.8000,1.0e-03,-1,SAM,0.9146,0.048707,7.609497e-01,8.08964974e-03,0.965951,111.0746,82.0258
9,backend,numeric,28,1.8000,1.0e-03,-1,SAM,0.9146,0.048707,8.389360e-01,7.12078873e-03,0.976598,111.8089,298.5423
9,backend,numeric,28,1.8000,1.0e-03,-1,SAM,0.9146,0.048707,9.249147e-01,7.97932194e-03,0.968409,114.9304,200.0176
9,backend,numeric,28,1.8000,1.0e-03,-1,SAM,0.9146,0.048707,1.019705e+00,7.76458494e-03,0.971138,115.5052,124.5015
9,backend,numeric,28,1.8000,1.0e-03,-1,SAM,0.9146,0.048707,1.124210e+00,7.96744686e-03,0.969723,112.5341,76.1004
9,backend,numeric,28,1.8000,1.0e-03,-1,SAM,0.9146,0.048707,1.239425e+00,7.69548986e-03,0.967739,111.5111,70.4093
9,backend,numeric,28,1.8000,1.0e-03,-1,SAM,0.9146,0.048707,1.366448e+00,8.25507628e-03,0.968472,112.7966,101.2977
9,backend,numeric,28,1.8000,1.0e-03,-1,SAM,0.9146,0.048707,1.506489e+00,8.55147886e-03,0.971795,114.2608,161.3051
9,backend,numeric,28,1.8000,1.0e-03,-1,SAM,0.9146,0.048707,1.660883e+00,7.37867057e-03,0.969697,113.0783,262.8290
9,backend,numeric,28,1.8000,1.0e-03,-1,SAM,0.9146,0.048707,1.831099e+00,8.21044775e-03,0.967135,110.9108,78.5257
9,backend,numeric,28,1.8000,1.0e-03,-1,SAM,0.9146,0.048707,2.018760e+00,8.14609154e-03,0.972845,111.2892,261.8207
9,backend,numeric,28,1.8000,1.0e-03,-1,SAM,0.9146,0.048707,2.225654e+00,7.42553390e-03,0.970734,114.5647,172.0480
9,backend,numeric,28,1.8000,1.0e-03,-1,SAM,0.9146,0.048707,2.453751e+00,8.55261698e-03,0.971133,114.0485,149.4002
9,backend,numeric,28,1.8000,1.0e-03,-1,SAM,0.9146,0.048707,2.705225e+00,7.92507812e-03,0.971576,116.1174,186.9908
9,backend,numeric,28,1.8000,1.0e-03,-1,SAM,0.9146,0.048707,2.982471e+00,6.94290655e-03,0.977989,113.3854,300.2346
9,backend,numeric,28,1.8000,1.0e-03,-1,SAM,0.9146,0.048707,3.288131e+00,7.82265098e-03,0.971056,114.0794,149.3197
9,backend,numeric,28,1.8000,1.0e-03,-1,SAM,0.9146,0.048707,3.625117e+00,8.58584428e-03,0.966905,111.7470,103.1030
9,backend,numeric,28,1.8000,1.0e-03,-1,SAM,0.9146,0.048707,3.996639e+00,7.69456428e-03,0.970814,115.8505,135.3258
9,backend,numeric,28,1.8000,1.0e-03,-1,SAM,0.9146,0.048707,4.406236e+00,7.34338627e-03,0.970676,110.2471,303.4918
9,backend,numeric,28,1.8000,1.0e-03,-1,SAM,0.9146,0.048707,4.857812e+00,8.02034002e-03,0.969061,113.8450,221.8676
9,backend,numeric,28,1.8000,1.0e-03,-1,SAM,0.9146,0.048707,5.355667e+00,7.36049929e-03,0.970486,110.7397,296.2362
9,backend,numeric,28,1.8000,1.0e-03,-1,SAM,0.9146,0.048707,5.904545e+00,7.78432873e-03,0.970342,116.3329,154.0657
9,backend,numeric,28,1.8000,1.0e-03,-1,SAM,0.9146,0.048707,6.509675e+00,8.15008759e-03,0.972640,114.5354,181.0601
9,backend,numeric,28,1.8000,1.0e-03,-1,SAM,0.9146,0.048707,7.176822e+00,6.85227413e-03,0.965209,111.0675,40.0091
9,backend,numeric,28,1.8000,1.0e-03,-1,SAM,0.9146,0.048707,7.912343e+00,8.25063102e-03,0.971282,114.7101,112.8795
9,backend,numeric,28,1.8000,1.0e-03,-1,SAM,0.9146,0.048707,8.723243e+00,6.53562598e-03,0.963341,113.6958,60.2791
9,backend,numeric,28,1.8000,1.0e-03,-1,SAM,0.9146,0.048707,9.617249e+00,7.37401717e-03,0.971080,116.0826,222.0741
9,backend,numeric,28,1.8000,1.0e-03,-1,SAM,0.9146,0.048707,1.060288e+01,6.95901450e-03,0.974965,110.6528,327.4070
9,backend,numeric,28,1.8000,1.0e-03,-1,SAM,0.9146,0.048707,1.168952e+01,5.04159406e-03,0.967855,119.5535,32.0685
9,backend,numeric,28,1.8000,1.0e-03,-1,SAM,0.9146,0.048707,1.288752e+01,7.76630211e-03,0.965750,110.3847,58.8321
9,backend,numeric,28,1.8000,1.0e-03,-1,SAM,0.9146,0.048707,1.420831e+01,7.83969164e-03,0.968758,112.0753,75.5457
9,backend,numeric,28,1.8000,1.0e-03,-1,SAM,0.9146,0.048707,1.566445e+01,8.42871986e-03,0.972119,115.2729,167.2463
9,backend,numeric,28,1.8000,1.0e-03,-1,SAM,0.9146,0.048707,1.726983e+01,5.90173640e-03,0.975017,116.6241,347.3398
9,backend,numeric,28,1.8000,1.0e-03,-1,SAM,0.9146,0.048707,1.903974e+01,7.34342324e-03,0.976945,112.3495,291.8856
9,backend,numeric,28,1.8000,1.0e-03,-1,SAM,0.9146,0.048707,2.099104e+01,8.23022481e-03,0.970655,113.3964,88.5126
9,backend,numeric,28,1.8000,1.0e-03,-1,SAM,0.9146,0.048707,2.314231e+01,7.80834103e-03,0.970910,114.5462,109.3109
9,backend,numeric,28,1.8000,1.0e-03,-1,SAM,0.9146,0.048707,2.551407e+01,8.60815138e-03,0.967406,112.2995,105.2338
9,backend,numeric,28,1.8000,1.0e-03,-1,SAM,0.9146,0.048707,2.812889e+01,7.97040119e-03,0.970060,112.9762,81.2664
9,backend,numeric,28,1.8000,1.0e-03,-1,SAM,0.9146,0.048707,3.101169e+01,7.58433883e-03,0.968975,115.7800,170.8518
9,backend,numeric,28,1.8000,1.0e-03,-1,SAM,0.9146,0.048707,3.418994e+01,7.74293532e-03,0.968187,111.4584,67.0026
9,backend,numeric,28,1.8000,1.0e-03,-1,SAM,0.9146,0.048707,3.769391e+01,7.47609546e-03,0.969789,115.0761,232.2094
9,backend,numeric,28,1.8000,1.0e-03,-1,SAM,0.9146,0.048707,4.155699e+01,6.25144990e-03,0.963345,115.1375,64.8184
9,backend,numeric,28,1.8000,1.0e-03,-1,SAM,0.9146,0.048707,4.581598e+01,5.54176611e-03,0.976386,117.9496,342.8001
9,backend,numeric,28,1.8000,1.0e-03,-1,SAM,0.9146,0.048707,5.051145e+01,8.75080312e-03,0.971108,114.1732,148.8465
9,backend,numeric,28,1.8000,1.0e-03,-1,SAM,0.9146,0.048707,5.568814e+01,6.55115326e-03,0.976571,112.4722,331.3585
9,backend,numeric,28,1.8000,1.0e-03,-1,SAM,0.9146,0.048707,6.139537e+01,6.99389090e-03,0.974868,111.1846,331.6257
9,backend,numeric,28,1.8000,1.0e-03,-1,SAM,0.9146,0.048707,6.768750e+01,7.41445634e-03,0.971329,111.2333,282.3321
9,backend,numeric,28,1.8000,1.0e-03,-1,SAM,0.9146,0.048707,7.462449e+01,5.85829111e-03,0.963574,116.3746,58.6043
9,backend,numeric,28,1.8000,1.0e-03,-1,SAM,0.9146,0.048707,8.227241e+01,7.82560821e-03,0.970894,114.1602,142.5754
9,backend,numeric,28,1.8000,1.0e-03,-1,SAM,0.9146,0.048707,9.070414e+01,8.77610915e-03,0.968903,112.4197,113.6117
9,backend,numeric,28,1.8000,1.0e-03,-1,SAM,0.9146,0.048707,1.000000e+02,7.56877146e-03,0.969828,115.9899,154.6642
10,backend,numeric,31,10.0000,1.0e-03,-1,LAM,0.6516,0.329888,0.000000e+00,2.34674891e-04,0.722088,154.8107,322.2846
10,backend,numeric,31,10.0000,1.0e-03,-1,LAM,0.6516,0.329888,1.000000e-03,2.63839322e-04,0.661399,152.1825,65.6068
10,backend,numeric,31,10.0000,1.0e-03,-1,LAM,0.6516,0.329888,1.102485e-03,2.66574016e-04,0.656031,152.1734,37.2461
10,backend,numeric,31,10.0000,1.0e-03,-1,LAM,0.6516,0.329888,1.215474e-03,2.69545623e-04,0.650233,152.2899,4.9762
10,backend,numeric,31,10.0000,1.0e-03,-1,LAM,0.6516,0.329888,1.340043e-03,2.72771992e-04,0.643986,152.1833,328.2941
10,backend,numeric,31,10.0000,1.0e-03,-1,LAM,0.6516,0.329888,1.477378e-03,2.76262975e-04,0.637317,151.6616,287.4933
10,backend,numeric,31,10.0000,1.0e-03,-1,LAM,0.6516,0.329888,1.628787e-03,2.80028696e-04,0.630255,151.1721,242.6594
10,backend,numeric,31,10.0000,1.0e-03,-1,LAM,0.6516,0.329888,1.795714e-03,2.84095876e-04,0.622738,151.1630,192.1825
10,backend,numeric,31,10.0000,1.0e-03,-1,LAM,0.6516,0.329888,1.979749e-03,2.88485206e-04,0.614715,150.9835,134.4586
10,backend,numeric,31,10.0000,1.0e-03,-1,LAM,0.6516,0.329888,2.182645e-03,2.93202943e-04,0.606265,150.4283,70.2862
10,backend,numeric,31,10.0000,1.0e-03,-1,LAM,0.6516,0.329888,2.406334e-03,2.98268894e-04,0.597361,150.4025,357.9535
10,backend,numeric,31,10.0000,1.0e-03,-1,LAM,0.6516,0.329888,2.652948e-03,3.03703143e-04,0.587981,149.8178,275.7546
10,backend,numeric,31,10.0000,1.0e-03,-1,LAM,0.6516,0.329888,2.924837e-03,3.09510267e-04,0.578201,149.4818,184.1866
10,backend,numeric,31,10.0000,1.0e-03,-1,LAM,0.6516,0.329888,3.224591e-03,3.15721217e-04,0.567948,148.9833,80.1790
10,backend,numeric,31,10.0000,1.0e-03,-1,LAM,0.6516,0.329888,3.555064e-03,3.22339332e-04,0.557281,148.6763,322.8269
10,backend,numeric,31,10.0000,1.0e-03,-1,LAM,0.6516,0.329888,3.919407e-03,3.29358432e-04,0.546282,148.0064,190.6727
10,backend,numeric,31,10.0000,1.0e-03,-1,LAM,0.6516,0.329888,4.321089e-03,3.36790426e-04,0.534963,147.4950,41.3438
10,backend,numeric,31,10.0000,1.0e-03,-1,LAM,0.6516,0.329888,4.763938e-03,3.44636257e-04,0.523349,146.7987,232.5619
10,backend,numeric,31,10.0000,1.0e-03,-1,LAM,0.6516,0.329888,5.252173e-03,3.52852138e-04,0.511576,146.1680,42.4440
10,backend,numeric,31,10.0000,1.0e-03,-1,LAM,0.6516,0.329888,5.790444e-03,3.61407337e-04,0.499706,145.2069,187.7936
10,backend,numeric,31,10.0000,1.0e-03,-1,LAM,0.6516,0.329888,6.383880e-03,3.70244089e-04,0.487876,144.3789,306.2870
10,backend,numeric,31,10.0000,1.0e-03,-1,LAM,0.6516,0.329888,7.038136e-03,3.79286748e-04,0.476225,143.4536,34.1988
10,backend,numeric,31,10.0000,1.0e-03,-1,LAM,0.6516,0.329888,7.759442e-03,3.88406561e-04,0.464921,142.2917,89.2716
10,backend,numeric,31,10.0000,1.0e-03,-1,LAM,0.6516,0.329888,8.554673e-03,3.97494997e-04,0.454137,140.8437,107.3880
10,backend,numeric,31,10.0000,1.0e-03,-1,LAM,0.6516,0.329888,9.431402e-03,4.06384984e-04,0.444115,139.4961,85.4429
10,backend,numeric,31,10.0000,1.0e-03,-1,LAM,0.6516,0.329888,1.039798e-02,4.14917107e-04,0.434954,137.6338,19.8510
10,backend,numeric,31,10.0000,1.0e-03,-1,LAM,0.6516,0.329888,1.146363e-02,4.22850670e-04,0.426981,135.8790,268.9274
10,backend,numeric,31,10.0000,1.0e-03,-1,LAM,0.6516,0.329888,1.263848e-02,4.30304025e-04,0.420243,133.4765,108.2172
10,backend,numeric,31,10.0000,1.0e-03,-1,LAM,0.6516,0.329888,1.393374e-02,4.37609041e-04,0.414771,131.4667,254.0180
10,backend,numeric,31,10.0000,1.0e-03,-1,LAM,0.6516,0.329888,1.536175e-02,4.44623352e-04,0.410867,128.2186,343.2936
10,backend,numeric,31,10.0000,1.0e-03,-1,LAM,0.6516,0.329888,1.693611e-02,4.51139089e-04,0.408968,125.7998,13.2748
10,backend,numeric,31,10.0000,1.0e-03,-1,LAM,0.6516,0.329888,1.867181e-02,4.57051655e-04,0.409549,122.6910,343.8951
10,backend,numeric,31,10.0000,1.0e-03,-1,LAM,0.6516,0.329888,2.058540e-02,4.62289417e-04,0.413011,120.6390,257.6214
10,backend,numeric,31,10.0000,1.0e-03,-1,LAM,0.6516,0.329888,2.269511e-02,4.66877326e-04,0.419888,117.2057,120.3933
10,backend,numeric,31,10.0000,1.0e-03,-1,LAM,0.6516,0.329888,2.502102e-02,4.71258360e-04,0.430477,114.5871,303.9888
10,backend,numeric,31,10.0000,1.0e-03,-1,LAM,0.6516,0.329888,2.758532e-02,4.75993349e-04,0.445149,112.1620,103.0249
10,backend,numeric,31,10.0000,1.0e-03,-1,LAM,0.6516,0.329888,3.041241e-02,4.81795677e-04,0.463759,109.8841,256.4224
10,backend,numeric,31,10.0000,1.0e-03,-1,LAM,0.6516,0.329888,3.352924e-02,4.90074783e-04,0.485906,107.4595,61.9286
10,backend,numeric,31,10.0000,1.0e-03,-1,LAM,0.6516,0.329888,3.696550e-02,5.01218339e-04,0.511058,104.9338,256.1305
10,backend,numeric,31,10.0000,1.0e-03,-1,LAM,0.6516,0.329888,4.075393e-02,5.15552595e-04,0.538465,102.4558,131.9039
10,backend,numeric,31,10.0000,1.0e-03,-1,LAM,0.6516,0.329888,4.493062e-02,5.32856296e-04,0.567492,99.8637,57.0810
10,backend,numeric,31,10.0000,1.0e-03,-1,LAM,0.6516,0.329888,4.953535e-02,5.52382756e-04,0.597546,97.2294,33.8950
10,backend,numeric,31,10.0000,1.0e-03,-1,LAM,0.6516,0.329888,5.461201e-02,5.70988823e-04,0.628400,93.8145,59.8499
10,backend,numeric,31,10.0000,1.0e-03,-1,LAM,0.6516,0.329888,6.020894e-02,5.84506358e-04,0.661944,91.0624,129.4696
10,backend,numeric,31,10.0000,1.0e-03,-1,LAM,0.6516,0.329888,6.637949e-02,5.84775081e-04,0.699384,85.6247,234.3073
10,backend,numeric,31,10.0000,1.0e-03,-1,LAM,0.6516,0.329888,7.318242e-02,5.57908212e-04,0.744653,82.3909,0.4562
10,backend,numeric,31,10.0000,1.0e-03,-1,LAM,0.6516,0.329888,8.068256e-02,4.68677212e-04,0.810805,71.5508,109.5124
10,backend,numeric,31,10.0000,1.0e-03,-1,LAM,0.6516,0.329888,8.895135e-02,9.30478566e-04,0.998300,97.3468,12.8223
10,backend,numeric,31,10.0000,1.0e-03,-1,LAM,0.6516,0.329888,9.806757e-02,8.02391815e-04,0.788965,138.5521,177.1203
10,backend,numeric,31,10.0000,1.0e-03,-1,LAM,0.6516,0.329888,1.081181e-01,1.01815685e-03,0.760350,128.5808,37.1452
10,backend,numeric,31,10.0000,1.0e-03,-1,LAM,0.6516,0.329888,1.191986e-01,1.16572239e-03,0.818406,122.0168,343.4655
10,backend,numeric,31,10.0000,1.0e-03,-1,LAM,0.6516,0.329888,1.314147e-01,1.40530531e-03,0.911754,108.2931,114.7582
10,backend,numeric,31,10.0000,1.0e-03,-1,LAM,0.6516,0.329888,1.448828e-01,1.54288269e-03,0.990784,114.4482,112.8756
10,backend,numeric,31,10.0000,1.0e-03,-1,LAM,0.6516,0.329888,1.597312e-01,2.38920488e-03,0.978973,98.8844,160.6133
10,backend,numeric,31,10.0000,1.0e-03,-1,LAM,0.6516,0.329888,1.761014e-01,3.48692536e-03,0.973139,110.0787,260.4818
10,backend,numeric,31,10.0000,1.0e-03,-1,LAM,0.6516,0.329888,1.941492e-01,2.42029947e-03,0.973868,118.8396,56.7106
10,backend,numeric,31,10.0000,1.0e-03,-1,LAM,0.6516,0.329888,2.140467e-01,2.30822328e-03,0.968734,110.8599,274.4543
10,backend,numeric,31,10.0000,1.0e-03,-1,LAM,0.6516,0.329888,2.359833e-01,1.86569909e-03,0.971646,115.0507,149.4823
10,backend,numeric,31,10.0000,1.0e-03,-1,LAM,0.6516,0.329888,2.601682e-01,2.04399299e-03,0.967336,111.9688,62.1429
10,backend,numeric,31,10.0000,1.0e-03,-1,LAM,0.6516,0.329888,2.868317e-01,1.70525006e-03,0.970034,115.9947,7.5597
10,backend,numeric,31,10.0000,1.0e-03,-1,LAM,0.6516,0.329888,3.162278e-01,1.90547014e-03,0.974178,114.3988,337.4177
10,backend,numeric,31,10.0000,1.0e-03,-1,LAM,0.6516,0.329888,3.486365e-01,1.89770566e-03,0.974143,114.3772,341.7256
10,backend,numeric,31,10.0000,1.0e-03,-1,LAM,0.6516,0.329888,3.843667e-01,1.67436691e-03,0.969535,116.2916,24.0432
10,backend,numeric,31,10.0000,1.0e-03,-1,LAM,0.6516,0.329888,4.237587e-01,2.17751877e-03,0.968993,112.1620,97.3454
10,backend,numeric,31,10.0000,1.0e-03,-1,LAM,0.6516,0.329888,4.671878e-01,1.77257825e-03,0.969056,115.1953,222.4388
10,backend,numeric,31,10.0000,1.0e-03,-1,LAM,0.6516,0.329888,5.150678e-01,1.62918981e-03,0.968896,116.3608,34.9246
10,backend,numeric,31,10.0000,1.0e-03,-1,LAM,0.6516,0.329888,5.678548e-01,1.97841874e-03,0.967551,112.8458,254.3241
10,backend,numeric,31,10.0000,1.0e-03,-1,LAM,0.6516,0.329888,6.260517e-01,1.88542608e-03,0.972011,115.7539,183.3193
10,backend,numeric,31,10.0000,1.0e-03,-1,LAM,0.6516,0.329888,6.902129e-01,1.86303985e-03,0.970941,115.9189,184.9155
10,backend,numeric,31,10.0000,1.0e-03,-1,LAM,0.6516,0.329888,7.609497e-01,2.09327715e-03,0.970234,112.0566,259.0304
10,backend,numeric,31,10.0000,1.0e-03,-1,LAM,0.6516,0.329888,8.389360e-01,2.15799498e-03,0.968039,111.3662,70.8321
10,backend,numeric,31,10.0000,1.0e-03,-1,LAM,0.6516,0.329888,9.249147e-01,1.87908501e-03,0.974569,113.6320,302.4734
10,backend,numeric,31,10.0000,1.0e-03,-1,LAM,0.6516,0.329888,1.019705e+00,2.09773900e-03,0.972889,112.4323,272.8530
10,backend,numeric,31,10.0000,1.0e-03,-1,LAM,0.6516,0.329888,1.124210e+00,1.68412459e-03,0.968129,115.4847,359.6885
10,backend,numeric,31,10.0000,1.0e-03,-1,LAM,0.6516,0.329888,1.239425e+00,1.85397809e-03,0.967291,114.1851,220.1448
10,backend,numeric,31,10.0000,1.0e-03,-1,LAM,0.6516,0.329888,1.366448e+00,1.75855908e-03,0.970042,115.2081,207.9943
10,backend,numeric,31,10.0000,1.0e-03,-1,LAM,0.6516,0.329888,1.506489e+00,2.06813409e-03,0.972770,111.9530,318.7462
10,backend,numeric,31,10.0000,1.0e-03,-1,LAM,0.6516,0.329888,1.660883e+00,1.96669350e-03,0.967774,113.1291,237.9271
10,backend,numeric,31,10.0000,1.0e-03,-1,LAM,0.6516,0.329888,1.831099e+00,1.61357228e-03,0.968289,115.8802,8.8218
10,backend,numeric,31,10.0000,1.0e-03,-1,LAM,0.6516,0.329888,2.018760e+00,2.00647751e-03,0.974093,113.0309,287.7843
10,backend,numeric,31,10.0000,1.0e-03,-1,LAM,0.6516,0.329888,2.225654e+00,2.12690139e-03,0.970011,112.2734,79.3135
10,backend,numeric,31,10.0000,1.0e-03,-1,LAM,0.6516,0.329888,2.453751e+00,2.19284158e-03,0.970970,113.0184,119.9024
10,backend,numeric,31,10.0000,1.0e-03,-1,LAM,0.6516,0.329888,2.705225e+00,1.83424131e-03,0.965372,113.3728,54.6095
10,backend,numeric,31,10.0000,1.0e-03,-1,LAM,0.6516,0.329888,2.982471e+00,2.09250979e-03,0.972815,112.4237,270.9423
10,backend,numeric,31,10.0000,1.0e-03,-1,LAM,0.6516,0.329888,3.288131e+00,2.13789242e-03,0.970196,112.4725,90.9567
10,backend,numeric,31,10.0000,1.0e-03,-1,LAM,0.6516,0.329888,3.625117e+00,1.98576799e-03,0.967784,112.8333,247.6469
10,backend,numeric,31,10.0000,1.0e-03,-1,LAM,0.6516,0.329888,3.996639e+00,2.11254320e-03,0.972477,113.3827,95.0744
10,backend,numeric,31,10.0000,1.0e-03,-1,LAM,0.6516,0.329888,4.406236e+00,1.72507553e-03,0.972721,116.1872,8.1777
10,backend,numeric,31,10.0000,1.0e-03,-1,LAM,0.6516,0.329888,4.857812e+00,1.76427443e-03,0.965587,113.9367,27.2423
10,backend,numeric,31,10.0000,1.0e-03,-1,LAM,0.6516,0.329888,5.355667e+00,1.80634118e-03,0.971877,114.8434,186.4477
10,backend,numeric,31,10.0000,1.0e-03,-1,LAM,0.6516,0.329888,5.904545e+00,2.00040137e-03,0.967432,113.2306,205.4850
10,backend,numeric,31,10.0000,1.0e-03,-1,LAM,0.6516,0.329888,6.509675e+00,2.21374917e-03,0.970876,112.9047,122.0799
10,backend,numeric,31,10.0000,1.0e-03,-1,LAM,0.6516,0.329888,7.176822e+00,1.81648004e-03,0.966493,113.4874,22.1762
10,backend,numeric,31,10.0000,1.0e-03,-1,LAM,0.6516,0.329888,7.912343e+00,1.60990230e-03,0.970539,116.2471,347.6728
10,backend,numeric,31,10.0000,1.0e-03,-1,LAM,0.6516,0.329888,8.723243e+00,1.82044222e-03,0.965404,113.4768,51.1400
10,backend,numeric,31,10.0000,1.0e-03,-1,LAM,0.6516,0.329888,9.617249e+00,2.03597624e-03,0.972706,112.0784,309.4829
10,backend,numeric,31,10.0000,1.0e-03,-1,LAM,0.6516,0.329888,1.060288e+01,1.91678303e-03,0.972569,115.5106,178.6598
10,backend,numeric,31,10.0000,1.0e-03,-1,LAM,0.6516,0.329888,1.168952e+01,2.20892327e-03,0.969183,111.8527,101.8206
10,backend,numeric,31,10.0000,1.0e-03,-1,LAM,0.6516,0.329888,1.288752e+01,1.92622319e-03,0.967476,114.0136,194.6383
10,backend,numeric,31,10.0000,1.0e-03,-1,LAM,0.6516,0.329888,1.420831e+01,1.78262144e-03,0.968492,114.9094,197.7775
10,backend,numeric,31,10.0000,1.0e-03,-1,LAM,0.6516,0.329888,1.566445e+01,2.08371135e-03,0.969881,111.9396,271.5023
10,backend,numeric,31,10.0000,1.0e-03,-1,LAM,0.6516,0.329888,1.726983e+01,2.02317103e-03,0.967368,112.5137,251.4714
10,backend,numeric,31,10.0000,1.0e-03,-1,LAM,0.6516,0.329888,1.903974e+01,2.14630787e-03,0.968831,112.2024,235.7877
10,backend,numeric,31,10.0000,1.0e-03,-1,LAM,0.6516,0.329888,2.099104e+01,2.05625221e-03,0.972995,113.9726,105.9302
10,backend,numeric,31,10.0000,1.0e-03,-1,LAM,0.6516,0.329888,2.314231e+01,2.00523678e-03,0.966958,111.6908,39.3000
10,backend,numeric,31,10.0000,1.0e-03,-1,LAM,0.6516,0.329888,2.551407e+01,2.11366148e-03,0.970089,111.5927,294.1242
10,backend,numeric,31,10.0000,1.0e-03,-1,LAM,0.6516,0.329888,2.812889e+01,1.81964064e-03,0.966279,113.3263,18.7737
10,backend,numeric,31,10.0000,1.0e-03,-1,LAM,0.6516,0.329888,3.101169e+01,2.13344736e-03,0.968549,112.3241,230.1474
10,backend,numeric,31,10.0000,1.0e-03,-1,LAM,0.6516,0.329888,3.418994e+01,1.93286285e-03,0.972738,114.1097,131.6608
10,backend,numeric,31,10.0000,1.0e-03,-1,LAM,0.6516,0.329888,3.769391e+01,NaN,NaN,NaN,NaN
10,backend,numeric,31,10.0000,1.0e-03,-1,LAM,0.6516,0.329888,4.155699e+01,NaN,NaN,NaN,NaN
10,backend,numeric,31,10.0000,1.0e-03,-1,LAM,0.6516,0.329888,4.581598e+01,NaN,NaN,NaN,NaN
10,backend,numeric,31,10.0000,1.0e-03,-1,LAM,0.6516,0.329888,5.051145e+01,NaN,NaN,NaN,NaN
10,backend,numeric,31,10.0000,1.0e-03,-1,LAM,0.6516,0.329888,5.568814e+01,NaN,NaN,NaN,NaN
10,backend,numeric,31,10.0000,1.0e-03,-1,LAM,0.6516,0.329888,6.139537e+01,NaN,NaN,NaN,NaN
10,backend,numeric,31,10.0000,1.0e-03,-1,LAM,0.6516,0.329888,6.768750e+01,NaN,NaN,NaN,NaN
10,backend,numeric,31,10.0000,1.0e-03,-1,LAM,0.6516,0.329888,7.462449e+01,NaN,NaN,NaN,NaN
10,backend,numeric,31,10.0000,1.0e-03,-1,LAM,0.6516,0.329888,8.227241e+01,NaN,NaN,NaN,NaN
10,backend,numeric,31,10.0000,1.0e-03,-1,LAM,0.6516,0.329888,9.070414e+01,NaN,NaN,NaN,NaN
10,backend,numeric,31,10.0000,1.0e-03,-1,LAM,0.6516,0.329888,1.000000e+02,NaN,NaN,NaN,NaN
11,backend,numeric,35,0.1000,1.0e-03,-1,LAM,0.4432,0.527156,0.000000e+00,2.78687292e-04,0.579000,143.2957,325.7222
11,backend,numeric,35,0.1000,1.0e-03,-1,LAM,0.4432,0.527156,1.000000e-03,2.97005231e-04,0.551000,141.3842,305.5802
11,backend,numeric,35,0.1000,1.0e-03,-1,LAM,0.4432,0.527156,1.102485e-03,2.98755933e-04,0.548475,141.0922,265.7460
11,backend,numeric,35,0.1000,1.0e-03,-1,LAM,0.4432,0.527156,1.215474e-03,3.00657291e-04,0.545769,140.8611,221.7811
11,backend,numeric,35,0.1000,1.0e-03,-1,LAM,0.4432,0.527156,1.340043e-03,3.02722267e-04,0.542864,140.6929,173.0342
11,backend,numeric,35,0.1000,1.0e-03,-1,LAM,0.4432,0.527156,1.477378e-03,3.04962450e-04,0.539751,140.4552,118.9959
11,backend,numeric,35,0.1000,1.0e-03,-1,LAM,0.4432,0.527156,1.628787e-03,3.07387212e-04,0.536432,140.2003,59.2217
11,backend,numeric,35,0.1000,1.0e-03,-1,LAM,0.4432,0.527156,1.795714e-03,3.10010565e-04,0.532898,139.9588,352.9238
11,backend,numeric,35,0.1000,1.0e-03,-1,LAM,0.4432,0.527156,1.979749e-03,3.12841076e-04,0.529159,139.5796,279.4781
11,backend,numeric,35,0.1000,1.0e-03,-1,LAM,0.4432,0.527156,2.182645e-03,3.15882172e-04,0.525235,139.1502,198.2656
11,backend,numeric,35,0.1000,1.0e-03,-1,LAM,0.4432,0.527156,2.406334e-03,3.19146220e-04,0.521118,138.7920,108.3928
11,backend,numeric,35,0.1000,1.0e-03,-1,LAM,0.4432,0.527156,2.652948e-03,3.22648966e-04,0.516797,138.3927,8.5999
11,backend,numeric,35,0.1000,1.0e-03,-1,LAM,0.4432,0.527156,2.924837e-03,3.26383926e-04,0.512326,137.9030,258.1873
11,backend,numeric,35,0.1000,1.0e-03,-1,LAM,0.4432,0.527156,3.224591e-03,3.30347943e-04,0.507725,137.2471,136.1088
11,backend,numeric,35,0.1000,1.0e-03,-1,LAM,0.4432,0.527156,3.555064e-03,3.34558694e-04,0.502966,136.7364,0.6492
11,backend,numeric,35,0.1000,1.0e-03,-1,LAM,0.4432,0.527156,3.919407e-03,3.39002862e-04,0.498149,136.0613,210.8536
11,backend,numeric,35,0.1000,1.0e-03,-1,LAM,0.4432,0.527156,4.321089e-03,3.43665117e-04,0.493332,135.4695,45.3717
11,backend,numeric,35,0.1000,1.0e-03,-1,LAM,0.4432,0.527156,4.763938e-03,3.48548383e-04,0.488551,134.5923,222.2773
11,backend,numeric,35,0.1000,1.0e-03,-1,LAM,0.4432,0.527156,5.252173e-03,3.53610504e-04,0.483909,133.7093,20.2793
11,backend,numeric,35,0.1000,1.0e-03,-1,LAM,0.4432,0.527156,5.790444e-03,3.58823354e-04,0.479489,132.4781,157.6760
11,backend,numeric,35,0.1000,1.0e-03,-1,LAM,0.4432,0.527156,6.383880e-03,3.64168473e-04,0.475409,131.7454,272.5579
11,backend,numeric,35,0.1000,1.0e-03,-1,LAM,0.4432,0.527156,7.038136e-03,3.69615624e-04,0.471792,130.4046,3.0070
11,backend,numeric,35,0.1000,1.0e-03,-1,LAM,0.4432,0.527156,7.759442e-03,3.75180213e-04,0.468640,129.4390,67.9454
11,backend,numeric,35,0.1000,1.0e-03,-1,LAM,0.4432,0.527156,8.554673e-03,3.80919289e-04,0.466108,127.8888,105.1773
11,backend,numeric,35,0.1000,1.0e-03,-1,LAM,0.4432,0.527156,9.431402e-03,3.86907851e-04,0.464210,126.3743,112.9109
11,backend,numeric,35,0.1000,1.0e-03,-1,LAM,0.4432,0.527156,1.039798e-02,3.93124518e-04,0.463174,125.0488,89.7449
11,backend,numeric,35,0.1000,1.0e-03,-1,LAM,0.4432,0.527156,1.146363e-02,3.99535568e-04,0.463257,123.4391,34.6848
11,backend,numeric,35,0.1000,1.0e-03,-1,LAM,0.4432,0.527156,1.263848e-02,4.06112168e-04,0.464619,121.5125,308.2348
11,backend,numeric,35,0.1000,1.0e-03,-1,LAM,0.4432,0.527156,1.393374e-02,4.12983069e-04,0.467298,119.6965,189.7115
11,backend,numeric,35,0.1000,1.0e-03,-1,LAM,0.4432,0.527156,1.536175e-02,4.20398600e-04,0.471532,118.2826,41.0223
11,backend,numeric,35,0.1000,1.0e-03,-1,LAM,0.4432,0.527156,1.693611e-02,4.28301691e-04,0.477618,116.3651,224.3934
11,backend,numeric,35,0.1000,1.0e-03,-1,LAM,0.4432,0.527156,1.867181e-02,4.36832953e-04,0.485614,114.5105,23.5324
11,backend,numeric,35,0.1000,1.0e-03,-1,LAM,0.4432,0.527156,2.058540e-02,4.46264515e-04,0.495603,112.3511,163.5441
11,backend,numeric,35,0.1000,1.0e-03,-1,LAM,0.4432,0.527156,2.269511e-02,4.57127657e-04,0.507275,110.7278,289.6852
11,backend,numeric,35,0.1000,1.0e-03,-1,LAM,0.4432,0.527156,2.502102e-02,4.69691024e-04,0.520864,108.8696,47.7111
11,backend,numeric,35,0.1000,1.0e-03,-1,LAM,0.4432,0.527156,2.758532e-02,4.84062266e-04,0.536052,106.7979,164.0716
11,backend,numeric,35,0.1000,1.0e-03,-1,LAM,0.4432,0.527156,3.041241e-02,5.00491322e-04,0.552869,104.8305,284.6677
11,backend,numeric,35,0.1000,1.0e-03,-1,LAM,0.4432,0.527156,3.352924e-02,5.18912055e-04,0.570506,102.6520,54.8825
11,backend,numeric,35,0.1000,1.0e-03,-1,LAM,0.4432,0.527156,3.696550e-02,5.39335174e-04,0.589038,100.5500,197.0490
11,backend,numeric,35,0.1000,1.0e-03,-1,LAM,0.4432,0.527156,4.075393e-02,5.61530894e-04,0.608118,98.7430,354.0018
11,backend,numeric,35,0.1000,1.0e-03,-1,LAM,0.4432,0.527156,4.493062e-02,5.84007863e-04,0.627740,96.1346,165.5114
11,backend,numeric,35,0.1000,1.0e-03,-1,LAM,0.4432,0.527156,4.953535e-02,6.04689652e-04,0.647775,93.7849,349.7635
11,backend,numeric,35,0.1000,1.0e-03,-1,LAM,0.4432,0.527156,5.461201e-02,6.20620781e-04,0.669569,90.2406,183.6267
11,backend,numeric,35,0.1000,1.0e-03,-1,LAM,0.4432,0.527156,6.020894e-02,6.26381462e-04,0.693456,86.6617,22.6937
11,backend,numeric,35,0.1000,1.0e-03,-1,LAM,0.4432,0.527156,6.637949e-02,6.13521191e-04,0.722107,81.3374,215.1661
11,backend,numeric,35,0.1000,1.0e-03,-1,LAM,0.4432,0.527156,7.318242e-02,5.62869274e-04,0.762224,76.3480,25.7090
11,backend,numeric,35,0.1000,1.0e-03,-1,LAM,0.4432,0.527156,8.068256e-02,4.23115236e-04,0.841011,64.6945,125.0111
11,backend,numeric,35,0.1000,1.0e-03,-1,LAM,0.4432,0.527156,8.895135e-02,4.95908931e-04,0.898214,145.3313,291.4959
11,backend,numeric,35,0.1000,1.0e-03,-1,LAM,0.4432,0.527156,9.806757e-02,8.43631271e-04,0.716206,134.9235,122.9212
11,backend,numeric,35,0.1000,1.0e-03,-1,LAM,0.4432,0.527156,1.081181e-01,1.06920039e-03,0.646992,128.6332,136.7307
11,backend,numeric,35,0.1000,1.0e-03,-1,LAM,0.4432,0.527156,1.191986e-01,1.25448748e-03,0.616872,122.9488,97.4380
11,backend,numeric,35,0.1000,1.0e-03,-1,LAM,0.4432,0.527156,1.314147e-01,1.41905622e-03,0.607640,118.2988,53.2509
11,backend,numeric,35,0.1000,1.0e-03,-1,LAM,0.4432,0.527156,1.448828e-01,1.57788790e-03,0.609616,114.3126,28.6074
11,backend,numeric,35,0.1000,1.0e-03,-1,LAM,0.4432,0.527156,1.597312e-01,1.73604943e-03,0.618982,110.2614,37.4121
11,backend,numeric,35,0.1000,1.0e-03,-1,LAM,0.4432,0.527156,1.761014e-01,1.89438156e-03,0.633423,105.9002,87.0831
11,backend,numeric,35,0.1000,1.0e-03,-1,LAM,0.4432,0.527156,1.941492e-01,2.05053955e-03,0.651742,102.6506,179.3420
11,backend,numeric,35,0.1000,1.0e-03,-1,LAM,0.4432,0.527156,2.140467e-01,2.19936357e-03,0.672502,99.1807,313.3180
11,backend,numeric,35,0.1000,1.0e-03,-1,LAM,0.4432,0.527156,2.359833e-01,2.32197347e-03,0.696652,94.0612,126.6496
11,backend,numeric,35,0.1000,1.0e-03,-1,LAM,0.4432,0.527156,2.601682e-01,2.39903765e-03,0.724326,91.2539,324.6661
11,backend,numeric,35,0.1000,1.0e-03,-1,LAM,0.4432,0.527156,2.868317e-01,2.37258579e-03,0.759089,84.5987,182.1507
11,backend,numeric,35,0.1000,1.0e-03,-1,LAM,0.4432,0.527156,3.162278e-01,2.13123198e-03,0.809299,79.5531,29.6602
11,backend,numeric,35,0.1000,1.0e-03,-1,LAM,0.4432,0.527156,3.486365e-01,8.38730416e-04,0.965625,42.6270,156.0019
11,backend,numeric,35,0.1000,1.0e-03,-1,LAM,0.4432,0.527156,3.843667e-01,3.06424867e-03,0.821725,145.8149,194.9145
11,backend,numeric,35,0.1000,1.0e-03,-1,LAM,0.4432,0.527156,4.237587e-01,4.25035303e-03,0.706979,138.3662,41.8196
11,backend,numeric,35,0.1000,1.0e-03,-1,LAM,0.4432,0.527156,4.671878e-01,5.08973199e-03,0.661252,130.5789,136.4891
11,backend,numeric,35,0.1000,1.0e-03,-1,LAM,0.4432,0.527156,5.150678e-01,5.76981134e-03,0.648164,125.9054,201.7081
11,backend,numeric,35,0.1000,1.0e-03,-1,LAM,0.4432,0.527156,5.678548e-01,6.37055456e-03,0.655877,122.1244,285.9645
11,backend,numeric,35,0.1000,1.0e-03,-1,LAM,0.4432,0.527156,6.260517e-01,6.94113043e-03,0.679202,118.6513,65.4733
11,backend,numeric,35,0.1000,1.0e-03,-1,LAM,0.4432,0.527156,6.902129e-01,7.56312276e-03,0.709426,111.4761,268.8184
11,backend,numeric,35,0.1000,1.0e-03,-1,LAM,0.4432,0.527156,7.609497e-01,8.18555782e-03,0.747461,104.1145,193.5248
11,backend,numeric,35,0.1000,1.0e-03,-1,LAM,0.4432,0.527156,8.389360e-01,8.80378758e-03,0.787735,97.5945,189.3634
11,backend,numeric,35,0.1000,1.0e-03,-1,LAM,0.4432,0.527156,9.249147e-01,9.38600686e-03,0.827868,89.8325,245.1280
11,backend,numeric,35,0.1000,1.0e-03,-1,LAM,0.4432,0.527156,1.019705e+00,9.30263366e-03,0.874857,97.0830,343.3170
11,backend,numeric,35,0.1000,1.0e-03,-1,LAM,0.4432,0.527156,1.124210e+00,9.66517340e-03,0.990613,75.1102,128.8833
11,backend,numeric,35,0.1000,1.0e-03,-1,LAM,0.4432,0.527156,1.239425e+00,1.30539708e-02,0.881057,130.7284,197.3325
11,backend,numeric,35,0.1000,1.0e-03,-1,LAM,0.4432,0.527156,1.366448e+00,1.79469209e-02,0.834796,138.9406,344.6292
11,backend,numeric,35,0.1000,1.0e-03,-1,LAM,0.4432,0.527156,1.506489e+00,2.09879565e-02,0.851994,110.5109,140.1328
11,backend,numeric,35,0.1000,1.0e-03,-1,LAM,0.4432,0.527156,1.660883e+00,2.56833307e-02,0.851095,125.0109,300.3113
11,backend,numeric,35,0.1000,1.0e-03,-1,LAM,0.4432,0.527156,1.831099e+00,2.60522034e-02,0.906525,89.1839,155.6037
11,backend,numeric,35,0.1000,1.0e-03,-1,LAM,0.4432,0.527156,2.018760e+00,3.18823890e-02,0.922584,124.2079,57.8723
11,backend,numeric,35,0.1000,1.0e-03,-1,LAM,0.4432,0.527156,2.225654e+00,4.29887077e-02,0.912199,100.4335,285.3081
11,backend,numeric,35,0.1000,1.0e-03,-1,LAM,0.4432,0.527156,2.453751e+00,7.59792487e-02,0.997417,61.7204,226.2405
11,backend,numeric,35,0.1000,1.0e-03,-1,LAM,0.4432,0.527156,2.705225e+00,2.32120516e-01,0.999665,49.0085,224.5112
11,backend,numeric,35,0.1000,1.0e-03,-1,LAM,0.4432,0.527156,2.982471e+00,4.08513646e-01,0.999965,64.4536,159.3481
11,backend,numeric,35,0.1000,1.0e-03,-1,LAM,0.4432,0.527156,3.288131e+00,4.71173891e-01,0.999988,110.4524,176.4458
11,backend,numeric,35,0.1000,1.0e-03,-1,LAM,0.4432,0.527156,3.625117e+00,4.69736959e-01,0.999997,74.3934,218.0879
11,backend,numeric,35,0.1000,1.0e-03,-1,LAM,0.4432,0.527156,3.996639e+00,7.01525797e-01,0.999999,71.3972,159.1858
11,backend,numeric,35,0.1000,1.0e-03,-1,LAM,0.4432,0.527156,4.406236e+00,7.18490860e-01,1.000000,110.4851,196.1878
11,backend,numeric,35,0.1000,1.0e-03,-1,LAM,0.4432,0.527156,4.857812e+00,8.82309179e-01,1.000000,60.0526,178.8082
11,backend,numeric,35,0.1000,1.0e-03,-1,LAM,0.4432,0.527156,5.355667e+00,NaN,NaN,NaN,NaN
11,backend,numeric,35,0.1000,1.0e-03,-1,LAM,0.4432,0.527156,5.904545e+00,NaN,NaN,NaN,NaN
11,backend,numeric,35,0.1000,1.0e-03,-1,LAM,0.4432,0.527156,6.509675e+00,NaN,NaN,NaN,NaN
11,backend,numeric,35,0.1000,1.0e-03,-1,LAM,0.4432,0.527156,7.176822e+00,NaN,NaN,NaN,NaN
11,backend,numeric,35,0.1000,1.0e-03,-1,LAM,0.4432,0.527156,7.912343e+00,NaN,NaN,NaN,NaN
11,backend,numeric,35,0.1000,1.0e-03,-1,LAM,0.4432,0.527156,8.723243e+00,NaN,NaN,NaN,NaN
11,backend,numeric,35,0.1000,1.0e-03,-1,LAM,0.4432,0.527156,9.617249e+00,NaN,NaN,NaN,NaN
11,backend,numeric,35,0.1000,1.0e-03,-1,LAM,0.4432,0.527156,1.060288e+01,NaN,NaN,NaN,NaN
11,backend,numeric,35,0.1000,1.0e-03,-1,LAM,0.4432,0.527156,1.168952e+01,NaN,NaN,NaN,NaN
11,backend,numeric,35,0.1000,1.0e-03,-1,LAM,0.4432,0.527156,1.288752e+01,NaN,NaN,NaN,NaN
11,backend,numeric,35,0.1000,1.0e-03,-1,LAM,0.4432,0.527156,1.420831e+01,NaN,NaN,NaN,NaN
11,backend,numeric,35,0.1000,1.0e-03,-1,LAM,0.4432,0.527156,1.566445e+01,NaN,NaN,NaN,NaN
11,backend,numeric,35,0.1000,1.0e-03,-1,LAM,0.4432,0.527156,1.726983e+01,NaN,NaN,NaN,NaN
11,backend,numeric,35,0.1000,1.0e-03,-1,LAM,0.4432,0.527156,1.903974e+01,NaN,NaN,NaN,NaN
11,backend,numeric,35,0.1000,1.0e-03,-1,LAM,0.4432,0.527156,2.099104e+01,NaN,NaN,NaN,NaN
11,backend,numeric,35,0.1000,1.0e-03,-1,LAM,0.4432,0.527156,2.314231e+01,NaN,NaN,NaN,NaN
11,backend,numeric,35,0.1000,1.0e-03,-1,LAM,0.4432,0.527156,2.551407e+01,NaN,NaN,NaN,NaN
11,backend,numeric,35,0.1000,1.0e-03,-1,LAM,0.4432,0.527156,2.812889e+01,NaN,NaN,NaN,NaN
11,backend,numeric,35,0.1000,1.0e-03,-1,LAM,0.4432,0.527156,3.101169e+01,NaN,NaN,NaN,NaN
11,backend,numeric,35,0.1000,1.0e-03,-1,LAM,0.4432,0.527156,3.418994e+01,NaN,NaN,NaN,NaN
11,backend,numeric,35,0.1000,1.0e-03,-1,LAM,0.4432,0.527156,3.769391e+01,NaN,NaN,NaN,NaN
11,backend,numeric,35,0.1000,1.0e-03,-1,LAM,0.4432,0.527156,4.155699e+01,NaN,NaN,NaN,NaN
11,backend,numeric,35,0.1000,1.0e-03,-1,LAM,0.4432,0.527156,4.581598e+01,NaN,NaN,NaN,NaN
11,backend,numeric,35,0.1000,1.0e-03,-1,LAM,0.4432,0.527156,5.051145e+01,NaN,NaN,NaN,NaN
11,backend,numeric,35,0.1000,1.0e-03,-1,LAM,0.4432,0.527156,5.568814e+01,NaN,NaN,NaN,NaN
11,backend,numeric,35,0.1000,1.0e-03,-1,LAM,0.4432,0.527156,6.139537e+01,NaN,NaN,NaN,NaN
11,backend,numeric,35,0.1000,1.0e-03,-1,LAM,0.4432,0.527156,6.768750e+01,NaN,NaN,NaN,NaN
11,backend,numeric,35,0.1000,1.0e-03,-1,LAM,0.4432,0.527156,7.462449e+01,NaN,NaN,NaN,NaN
11,backend,numeric,35,0.1000,1.0e-03,-1,LAM,0.4432,0.527156,8.227241e+01,NaN,NaN,NaN,NaN
11,backend,numeric,35,0.1000,1.0e-03,-1,LAM,0.4432,0.527156,9.070414e+01,NaN,NaN,NaN,NaN
11,backend,numeric,35,0.1000,1.0e-03,-1,LAM,0.4432,0.527156,1.000000e+02,NaN,NaN,NaN,NaN
12,backend,numeric,38,1.8000,1.0e-03,-1,SAM,0.3359,0.017889,0.000000e+00,1.17619231e-03,0.974348,32.6201,219.5885
12,backend,numeric,38,1.8000,1.0e-03,-1,SAM,0.3359,0.017889,1.000000e-03,1.64998778e-03,0.993704,46.3357,227.9457
12,backend,numeric,38,1.8000,1.0e-03,-1,SAM,0.3359,0.017889,1.102485e-03,1.71298717e-03,0.994353,48.0946,228.8362
12,backend,numeric,38,1.8000,1.0e-03,-1,SAM,0.3359,0.017889,1.215474e-03,1.78268873e-03,0.994930,50.0002,229.8023
12,backend,numeric,38,1.8000,1.0e-03,-1,SAM,0.3359,0.017889,1.340043e-03,1.85953216e-03,0.995435,52.0414,230.8473
12,backend,numeric,38,1.8000,1.0e-03,-1,SAM,0.3359,0.017889,1.477378e-03,1.94408879e-03,0.995867,54.2012,231.9752
12,backend,numeric,38,1.8000,1.0e-03,-1,SAM,0.3359,0.017889,1.628787e-03,2.03705030e-03,0.996229,56.4542,233.1901
12,backend,numeric,38,1.8000,1.0e-03,-1,SAM,0.3359,0.017889,1.795714e-03,2.13911386e-03,0.996528,58.7666,234.4950
12,backend,numeric,38,1.8000,1.0e-03,-1,SAM,0.3359,0.017889,1.979749e-03,2.25096385e-03,0.996770,61.1001,235.8927
12,backend,numeric,38,1.8000,1.0e-03,-1,SAM,0.3359,0.017889,2.182645e-03,2.37322446e-03,0.996965,63.4159,237.3853
12,backend,numeric,38,1.8000,1.0e-03,-1,SAM,0.3359,0.017889,2.406334e-03,2.50646798e-03,0.997120,65.6781,238.9750
12,backend,numeric,38,1.8000,1.0e-03,-1,SAM,0.3359,0.017889,2.652948e-03,2.65112564e-03,0.997245,67.8563,240.6644
12,backend,numeric,38,1.8000,1.0e-03,-1,SAM,0.3359,0.017889,2.924837e-03,2.80747843e-03,0.997347,69.9275,242.4561
12,backend,numeric,38,1.8000,1.0e-03,-1,SAM,0.3359,0.017889,3.224591e-03,2.97562766e-03,0.997434,71.8759,244.3536
12,backend,numeric,38,1.8000,1.0e-03,-1,SAM,0.3359,0.017889,3.555064e-03,3.15542425e-03,0.997513,73.6926,246.3608
12,backend,numeric,38,1.8000,1.0e-03,-1,SAM,0.3359,0.017889,3.919407e-03,3.34648033e-03,0.997590,75.3751,248.4829
12,backend,numeric,38,1.8000,1.0e-03,-1,SAM,0.3359,0.017889,4.321089e-03,3.54827916e-03,0.997669,76.9250,250.7264
12,backend,numeric,38,1.8000,1.0e-03,-1,SAM,0.3359,0.017889,4.763938e-03,3.76063711e-03,0.997755,78.3491,253.0979
12,backend,numeric,38,1.8000,1.0e-03,-1,SAM,0.3359,0.017889,5.252173e-03,3.98367869e-03,0.997847,79.6557,255.6042
12,backend,numeric,38,1.8000,1.0e-03,-1,SAM,0.3359,0.017889,5.790444e-03,4.21770695e-03,0.997947,80.8533,258.2521
12,backend,numeric,38,1.8000,1.0e-03,-1,SAM,0.3359,0.017889,6.383880e-03,4.46315227e-03,0.998054,81.9495,261.0483
12,backend,numeric,38,1.8000,1.0e-03,-1,SAM,0.3359,0.017889,7.038136e-03,4.72065334e-03,0.998169,82.9515,263.9990
12,backend,numeric,38,1.8000,1.0e-03,-1,SAM,0.3359,0.017889,7.759442e-03,4.99097608e-03,0.998290,83.8659,267.1111
12,backend,numeric,38,1.8000,1.0e-03,-1,SAM,0.3359,0.017889,8.554673e-03,5.27509567e-03,0.998416,84.6988,270.3909
12,backend,numeric,38,1.8000,1.0e-03,-1,SAM,0.3359,0.017889,9.431402e-03,5.57419870e-03,0.998546,85.4562,273.8449
12,backend,numeric,38,1.8000,1.0e-03,-1,SAM,0.3359,0.017889,1.039798e-02,5.88958992e-03,0.998678,86.1445,277.4793
12,backend,numeric,38,1.8000,1.0e-03,-1,SAM,0.3359,0.017889,1.146363e-02,6.22269729e-03,0.998809,86.7709,281.3003
12,backend,numeric,38,1.8000,1.0e-03,-1,SAM,0.3359,0.017889,1.263848e-02,6.57499437e-03,0.998939,87.3441,285.3135
12,backend,numeric,38,1.8000,1.0e-03,-1,SAM,0.3359,0.017889,1.393374e-02,6.94793029e-03,0.999066,87.8746,289.5247
12,backend,numeric,38,1.8000,1.0e-03,-1,SAM,0.3359,0.017889,1.536175e-02,7.34298888e-03,0.999188,88.3772,293.9392
12,backend,numeric,38,1.8000,1.0e-03,-1,SAM,0.3359,0.017889,1.693611e-02,7.76136247e-03,0.999304,88.8708,298.5625
12,backend,numeric,38,1.8000,1.0e-03,-1,SAM,0.3359,0.017889,1.867181e-02,8.20351013e-03,0.999412,89.3797,303.4012
12,backend,numeric,38,1.8000,1.0e-03,-1,SAM,0.3359,0.017889,2.058540e-02,8.66854995e-03,0.999512,89.9348,308.4629
12,backend,numeric,38,1.8000,1.0e-03,-1,SAM,0.3359,0.017889,2.269511e-02,9.15330101e-03,0.999602,90.5752,313.7582
12,backend,numeric,38,1.8000,1.0e-03,-1,SAM,0.3359,0.017889,2.502102e-02,9.65088477e-03,0.999682,91.3516,319.3024
12,backend,numeric,38,1.8000,1.0e-03,-1,SAM,0.3359,0.017889,2.758532e-02,1.01483232e-02,0.999753,92.3322,325.1176
12,backend,numeric,38,1.8000,1.0e-03,-1,SAM,0.3359,0.017889,3.041241e-02,1.06230762e-02,0.999813,93.6141,331.2379
12,backend,numeric,38,1.8000,1.0e-03,-1,SAM,0.3359,0.017889,3.352924e-02,1.10370375e-02,0.999864,95.3492,337.7182
12,backend,numeric,38,1.8000,1.0e-03,-1,SAM,0.3359,0.017889,3.696550e-02,1.13256774e-02,0.999906,97.8047,344.6521
12,backend,numeric,38,1.8000,1.0e-03,-1,SAM,0.3359,0.017889,4.075393e-02,1.13802435e-02,0.999938,101.5288,352.2177
12,backend,numeric,38,1.8000,1.0e-03,-1,SAM,0.3359,0.017889,4.493062e-02,1.09974021e-02,0.999962,107.9005,0.7822
12,backend,numeric,38,1.8000,1.0e-03,-1,SAM,0.3359,0.017889,4.953535e-02,9.76610170e-03,0.999975,121.1044,11.3754
12,backend,numeric,38,1.8000,1.0e-03,-1,SAM,0.3359,0.017889,5.461201e-02,7.01914837e-03,0.999941,146.5429,27.7302
12,backend,numeric,38,1.8000,1.0e-03,-1,SAM,0.3359,0.017889,6.020894e-02,1.86540440e-03,0.970597,173.3598,75.8165
12,backend,numeric,38,1.8000,1.0e-03,-1,SAM,0.3359,0.017889,6.637949e-02,2.55471241e-03,0.907962,169.3493,86.9208
12,backend,numeric,38,1.8000,1.0e-03,-1,SAM,0.3359,0.017889,7.318242e-02,2.88781170e-03,0.876253,167.7164,65.3973
12,backend,numeric,38,1.8000,1.0e-03,-1,SAM,0.3359,0.017889,8.068256e-02,3.14221120e-03,0.860642,167.0785,27.3528
12,backend,numeric,38,1.8000,1.0e-03,-1,SAM,0.3359,0.017889,8.895135e-02,3.36297675e-03,0.855002,165.7043,335.5209
12,backend,numeric,38,1.8000,1.0e-03,-1,SAM,0.3359,0.017889,9.806757e-02,3.57850238e-03,0.856727,161.4589,282.8065
12,backend,numeric,38,1.8000,1.0e-03,-1,SAM,0.3359,0.017889,1.081181e-01,3.81634300e-03,0.864329,158.0110,234.2869
12,backend,numeric,38,1.8000,1.0e-03,-1,SAM,0.3359,0.017889,1.191986e-01,4.10433090e-03,0.874413,157.6932,183.8356
12,backend,numeric,38,1.8000,1.0e-03,-1,SAM,0.3359,0.017889,1.314147e-01,4.46649344e-03,0.885513,155.3767,130.9246
12,backend,numeric,38,1.8000,1.0e-03,-1,SAM,0.3359,0.017889,1.448828e-01,4.94627218e-03,0.898930,150.6037,85.1958
12,backend,numeric,38,1.8000,1.0e-03,-1,SAM,0.3359,0.017889,1.597312e-01,5.61986439e-03,0.912878,147.8537,45.6192
12,backend,numeric,38,1.8000,1.0e-03,-1,SAM,0.3359,0.017889,1.761014e-01,6.57832683e-03,0.925574,144.9441,6.9212
12,backend,numeric,38,1.8000,1.0e-03,-1,SAM,0.3359,0.017889,1.941492e-01,8.00172115e-03,0.939041,136.0184,332.9682
12,backend,numeric,38,1.8000,1.0e-03,-1,SAM,0.3359,0.017889,2.140467e-01,1.03690610e-02,0.953999,119.7751,311.9554
12,backend,numeric,38,1.8000,1.0e-03,-1,SAM,0.3359,0.017889,2.359833e-01,1.36785248e-02,0.970536,99.9240,315.9116
12,backend,numeric,38,1.8000,1.0e-03,-1,SAM,0.3359,0.017889,2.601682e-01,1.14844083e-02,0.991302,118.3625,352.8337
12,backend,numeric,38,1.8000,1.0e-03,-1,SAM,0.3359,0.017889,2.868317e-01,1.06912579e-02,0.957285,133.1390,37.4554
12,backend,numeric,38,1.8000,1.0e-03,-1,SAM,0.3359,0.017889,3.162278e-01,1.91509642e-02,0.963924,121.7677,32.1721
12,backend,numeric,38,1.8000,1.0e-03,-1,SAM,0.3359,0.017889,3.486365e-01,1.80492234e-02,0.972707,127.5420,64.7897
12,backend,numeric,38,1.8000,1.0e-03,-1,SAM,0.3359,0.017889,3.843667e-01,1.74602936e-02,0.966391,129.9840,118.9361
12,backend,numeric,38,1.8000,1.0e-03,-1,SAM,0.3359,0.017889,4.237587e-01,1.74729143e-02,0.971944,122.2304,179.1446
12,backend,numeric,38,1.8000,1.0e-03,-1,SAM,0.3359,0.017889,4.671878e-01,1.14091253e-02,0.971976,121.8347,259.6980
12,backend,numeric,38,1.8000,1.0e-03,-1,SAM,0.3359,0.017889,5.150678e-01,7.27468837e-03,0.974998,119.3342,11.9540
12,backend,numeric,38,1.8000,1.0e-03,-1,SAM,0.3359,0.017889,5.678548e-01,1.04649627e-02,0.970226,116.1831,141.4930
12,backend,numeric,38,1.8000,1.0e-03,-1,SAM,0.3359,0.017889,6.260517e-01,7.76759660e-03,0.971209,111.8311,293.8291
12,backend,numeric,38,1.8000,1.0e-03,-1,SAM,0.3359,0.017889,6.902129e-01,9.17576642e-03,0.970344,113.9150,130.5913
12,backend,numeric,38,1.8000,1.0e-03,-1,SAM,0.3359,0.017889,7.609497e-01,6.09044331e-03,0.977295,115.3229,336.8337
12,backend,numeric,38,1.8000,1.0e-03,-1,SAM,0.3359,0.017889,8.389360e-01,7.92006984e-03,0.968968,114.9559,209.2748
12,backend,numeric,38,1.8000,1.0e-03,-1,SAM,0.3359,0.017889,9.249147e-01,8.20539291e-03,0.971333,114.8879,113.7737
12,backend,numeric,38,1.8000,1.0e-03,-1,SAM,0.3359,0.017889,1.019705e+00,7.27964913e-03,0.965169,110.3324,39.4434
12,backend,numeric,38,1.8000,1.0e-03,-1,SAM,0.3359,0.017889,1.124210e+00,5.26047580e-03,0.971810,119.4292,347.7977
12,backend,numeric,38,1.8000,1.0e-03,-1,SAM,0.3359,0.017889,1.239425e+00,6.06601280e-03,0.975686,116.1338,338.5222
12,backend,numeric,38,1.8000,1.0e-03,-1,SAM,0.3359,0.017889,1.366448e+00,5.44456755e-03,0.972184,118.3687,15.3063
12,backend,numeric,38,1.8000,1.0e-03,-1,SAM,0.3359,0.017889,1.506489e+00,7.66335211e-03,0.964681,111.8953,82.8711
12,backend,numeric,38,1.8000,1.0e-03,-1,SAM,0.3359,0.017889,1.660883e+00,8.28175432e-03,0.972197,115.5021,174.5690
12,backend,numeric,38,1.8000,1.0e-03,-1,SAM,0.3359,0.017889,1.831099e+00,5.74793386e-03,0.977206,117.0945,335.4988
12,backend,numeric,38,1.8000,1.0e-03,-1,SAM,0.3359,0.017889,2.018760e+00,7.60558874e-03,0.968772,115.6663,175.6169
12,backend,numeric,38,1.8000,1.0e-03,-1,SAM,0.3359,0.017889,2.225654e+00,7.87852029e-03,0.968918,112.3660,80.4716
12,backend,numeric,38,1.8000,1.0e-03,-1,SAM,0.3359,0.017889,2.453751e+00,7.00427206e-03,0.964110,112.7028,70.9962
12,backend,numeric,38,1.8000,1.0e-03,-1,SAM,0.3359,0.017889,2.705225e+00,8.68330218e-03,0.968192,111.9893,107.3340
12,backend,numeric,38,1.8000,1.0e-03,-1,SAM,0.3359,0.017889,2.982471e+00,8.12841820e-03,0.968438,114.1482,211.6254
12,backend,numeric,38,1.8000,1.0e-03,-1,SAM,0.3359,0.017889,3.288131e+00,7.35690308e-03,0.966181,111.3096,64.6113
12,backend,numeric,38,1.8000,1.0e-03,-1,SAM,0.3359,0.017889,3.625117e+00,5.72784483e-03,0.976330,116.6998,3.9578
12,backend,numeric,38,1.8000,1.0e-03,-1,SAM,0.3359,0.017889,3.996639e+00,7.70587804e-03,0.966359,110.1898,49.5212
12,backend,numeric,38,1.8000,1.0e-03,-1,SAM,0.3359,0.017889,4.406236e+00,7.31315195e-03,0.972449,115.2183,205.7825
12,backend,numeric,38,1.8000,1.0e-03,-1,SAM,0.3359,0.017889,4.857812e+00,8.14671930e-03,0.971326,115.6782,137.0879
12,backend,numeric,38,1.8000,1.0e-03,-1,SAM,0.3359,0.017889,5.355667e+00,7.34928380e-03,0.972083,114.8544,198.5578
12,backend,numeric,38,1.8000,1.0e-03,-1,SAM,0.3359,0.017889,5.904545e+00,8.19296834e-03,0.967747,110.9169,70.4607
12,backend,numeric,38,1.8000,1.0e-03,-1,SAM,0.3359,0.017889,6.509675e+00,8.46232876e-03,0.966840,112.0393,100.3054
12,backend,numeric,38,1.8000,1.0e-03,-1,SAM,0.3359,0.017889,7.176822e+00,7.25790246e-03,0.975626,112.1455,300.8175
12,backend,numeric,38,1.8000,1.0e-03,-1,SAM,0.3359,0.017889,7.912343e+00,6.30898820e-03,0.963373,113.3908,31.3509
12,backend,numeric,38,1.8000,1.0e-03,-1,SAM,0.3359,0.017889,8.723243e+00,7.11547908e-03,0.974713,110.9212,305.0384
12,backend,numeric,38,1.8000,1.0e-03,-1,SAM,0.3359,0.017889,9.617249e+00,8.95687328e-03,0.970615,113.8632,138.1969
12,backend,numeric,38,1.8000,1.0e-03,-1,SAM,0.3359,0.017889,1.060288e+01,7.21766243e-03,0.970500,115.9335,233.2692
12,backend,numeric,38,1.8000,1.0e-03,-1,SAM,0.3359,0.017889,1.168952e+01,7.42598180e-03,0.971231,111.3120,280.8010
12,backend,numeric,38,1.8000,1.0e-03,-1,SAM,0.3359,0.017889,1.288752e+01,6.58909698e-03,0.978161,113.9534,310.3152
12,backend,numeric,38,1.8000,1.0e-03,-1,SAM,0.3359,0.017889,1.420831e+01,5.61589442e-03,0.974021,118.0105,346.2876
12,backend,numeric,38,1.8000,1.0e-03,-1,SAM,0.3359,0.017889,1.566445e+01,8.07585092e-03,0.965398,111.3656,89.7108
12,backend,numeric,38,1.8000,1.0e-03,-1,SAM,0.3359,0.017889,1.726983e+01,7.38809990e-03,0.969043,113.3262,256.2093
12,backend,numeric,38,1.8000,1.0e-03,-1,SAM,0.3359,0.017889,1.903974e+01,7.93110618e-03,0.968217,114.6042,205.2176
12,backend,numeric,38,1.8000,1.0e-03,-1,SAM,0.3359,0.017889,2.099104e+01,5.10693633e-03,0.966388,118.8285,2.6449
12,backend,numeric,38,1.8000,1.0e-03,-1,SAM,0.3359,0.017889,2.314231e+01,6.24377493e-03,0.964430,112.7741,26.1646
12,backend,numeric,38,1.8000,1.0e-03,-1,SAM,0.3359,0.017889,2.551407e+01,5.68395942e-03,0.975817,117.5781,11.8804
12,backend,numeric,38,1.8000,1.0e-03,-1,SAM,0.3359,0.017889,2.812889e+01,5.18787622e-03,0.969648,119.0965,354.9660
12,backend,numeric,38,1.8000,1.0e-03,-1,SAM,0.3359,0.017889,3.101169e+01,8.20177709e-03,0.970228,112.8397,81.0207
12,backend,numeric,38,1.8000,1.0e-03,-1,SAM,0.3359,0.017889,3.418994e+01,5.94133205e-03,0.975778,116.9786,334.9144
12,backend,numeric,38,1.8000,1.0e-03,-1,SAM,0.3359,0.017889,3.769391e+01,8.69078296e-03,0.971518,114.5884,147.6039
12,backend,numeric,38,1.8000,1.0e-03,-1,SAM,0.3359,0.017889,4.155699e+01,7.24044605e-03,0.972613,109.8390,315.1038
12,backend,numeric,38,1.8000,1.0e-03,-1,SAM,0.3359,0.017889,4.581598e+01,7.92176548e-03,0.970001,112.7049,242.2545
12,backend,numeric,38,1.8000,1.0e-03,-1,SAM,0.3359,0.017889,5.051145e+01,6.85748029e-03,0.963620,113.3087,71.4253
12,backend,numeric,38,1.8000,1.0e-03,-1,SAM,0.3359,0.017889,5.568814e+01,7.45208656e-03,0.969714,114.8407,236.8237
12,backend,numeric,38,1.8000,1.0e-03,-1,SAM,0.3359,0.017889,6.139537e+01,6.86449174e-03,0.970133,115.9877,238.3283
12,backend,numeric,38,1.8000,1.0e-03,-1,SAM,0.3359,0.017889,6.768750e+01,7.84806977e-03,0.971585,116.1200,193.1251
12,backend,numeric,38,1.8000,1.0e-03,-1,SAM,0.3359,0.017889,7.462449e+01,7.23615118e-03,0.972432,110.2935,305.4183
12,backend,numeric,38,1.8000,1.0e-03,-1,SAM,0.3359,0.017889,8.227241e+01,7.16652540e-03,0.965820,111.2816,58.3558
12,backend,numeric,38,1.8000,1.0e-03,-1,SAM,0.3359,0.017889,9.070414e+01,5.01138549e-03,0.969495,119.7961,24.6796
12,backend,numeric,38,1.8000,1.0e-03,-1,SAM,0.3359,0.017889,1.000000e+02,8.13190992e-03,0.968717,111.3616,66.5613
13,backend,numeric,41,10.0000,1.0e-03,-1,LAM,0.6141,0.365311,0.000000e+00,1.56170991e-03,0.696394,52.9164,113.2345
13,backend,numeric,41,10.0000,1.0e-03,-1,LAM,0.6141,0.365311,1.000000e-03,1.48306645e-03,0.724924,52.1404,67.8312
13,backend,numeric,41,10.0000,1.0e-03,-1,LAM,0.6141,0.365311,1.102485e-03,1.47528919e-03,0.727817,52.1266,63.2461
13,backend,numeric,41,10.0000,1.0e-03,-1,LAM,0.6141,0.365311,1.215474e-03,1.46677638e-03,0.730997,52.1296,58.2161
13,backend,numeric,41,10.0000,1.0e-03,-1,LAM,0.6141,0.365311,1.340043e-03,1.45746642e-03,0.734492,52.1541,52.7050
13,backend,numeric,41,10.0000,1.0e-03,-1,LAM,0.6141,0.365311,1.477378e-03,1.44729452e-03,0.738330,52.2049,46.6761
13,backend,numeric,41,10.0000,1.0e-03,-1,LAM,0.6141,0.365311,1.628787e-03,1.43619277e-03,0.742541,52.2857,40.0926
13,backend,numeric,41,10.0000,1.0e-03,-1,LAM,0.6141,0.365311,1.795714e-03,1.42409038e-03,0.747158,52.3974,32.9181
13,backend,numeric,41,10.0000,1.0e-03,-1,LAM,0.6141,0.365311,1.979749e-03,1.41091431e-03,0.752214,52.5359,25.1160
13,backend,numeric,41,10.0000,1.0e-03,-1,LAM,0.6141,0.365311,2.182645e-03,1.39658621e-03,0.757744,52.6890,16.6491
13,backend,numeric,41,10.0000,1.0e-03,-1,LAM,0.6141,0.365311,2.406334e-03,1.38102081e-03,0.763788,52.8330,7.4764
13,backend,numeric,41,10.0000,1.0e-03,-1,LAM,0.6141,0.365311,2.652948e-03,1.36412043e-03,0.770384,52.9293,357.5484
13,backend,numeric,41,10.0000,1.0e-03,-1,LAM,0.6141,0.365311,2.924837e-03,1.34576819e-03,0.777578,52.9234,346.7989
13,backend,numeric,41,10.0000,1.0e-03,-1,LAM,0.6141,0.365311,3.224591e-03,1.32581530e-03,0.785420,52.7477,335.1351
13,backend,numeric,41,10.0000,1.0e-03,-1,LAM,0.6141,0.365311,3.555064e-03,1.30406479e-03,0.793968,52.3326,322.4252
13,backend,numeric,41,10.0000,1.0e-03,-1,LAM,0.6141,0.365311,3.919407e-03,1.28025939e-03,0.803295,51.6295,308.4878
13,backend,numeric,41,10.0000,1.0e-03,-1,LAM,0.6141,0.365311,4.321089e-03,1.25408684e-03,0.813490,50.6472,293.0943
13,backend,numeric,41,10.0000,1.0e-03,-1,LAM,0.6141,0.365311,4.763938e-03,1.22515012e-03,0.824652,49.4922,276.0003
13,backend,numeric,41,10.0000,1.0e-03,-1,LAM,0.6141,0.365311,5.252173e-03,1.19302526e-03,0.836883,48.3907,257.0331
13,backend,numeric,41,10.0000,1.0e-03,-1,LAM,0.6141,0.365311,5.790444e-03,1.15721179e-03,0.850237,47.6265,236.2406
13,backend,numeric,41,10.0000,1.0e-03,-1,LAM,0.6141,0.365311,6.383880e-03,1.11711836e-03,0.864719,47.3596,213.9903
13,backend,numeric,41,10.0000,1.0e-03,-1,LAM,0.6141,0.365311,7.038136e-03,1.07174005e-03,0.880311,47.3756,190.8203
13,backend,numeric,41,10.0000,1.0e-03,-1,LAM,0.6141,0.365311,7.759442e-03,1.01895833e-03,0.897131,46.9965,167.0255
13,backend,numeric,41,10.0000,1.0e-03,-1,LAM,0.6141,0.365311,8.554673e-03,9.53945381e-04,0.915717,45.3097,142.3075
13,backend,numeric,41,10.0000,1.0e-03,-1,LAM,0.6141,0.365311,9.431402e-03,8.63739049e-04,0.937448,41.5199,115.8426
13,backend,numeric,41,10.0000,1.0e-03,-1,LAM,0.6141,0.365311,1.039798e-02,6.77204710e-04,0.965123,33.1643,90.8182
13,backend,numeric,41,10.0000,1.0e-03,-1,LAM,0.6141,0.365311,1.146363e-02,1.15224870e-03,0.996129,53.7340,105.9340
13,backend,numeric,41,10.0000,1.0e-03,-1,LAM,0.6141,0.365311,1.263848e-02,1.84884744e-03,0.997875,72.1203,120.6958
13,backend,numeric,41,10.0000,1.0e-03,-1,LAM,0.6141,0.365311,1.393374e-02,2.49203351e-03,0.998433,79.8875,132.9089
13,backend,numeric,41,10.0000,1.0e-03,-1,LAM,0.6141,0.365311,1.536175e-02,3.05804164e-03,0.998933,84.5532,143.9662
13,backend,numeric,41,10.0000,1.0e-03,-1,LAM,0.6141,0.365311,1.693611e-02,3.55070526e-03,0.999336,88.3109,154.5390
13,backend,numeric,41,10.0000,1.0e-03,-1,LAM,0.6141,0.365311,1.867181e-02,3.95172504e-03,0.999628,92.0188,165.0869
13,backend,numeric,41,10.0000,1.0e-03,-1,LAM,0.6141,0.365311,2.058540e-02,4.21751465e-03,0.999814,96.4131,176.0777
13,backend,numeric,41,10.0000,1.0e-03,-1,LAM,0.6141,0.365311,2.269511e-02,4.25454294e-03,0.999920,102.8513,188.1971
13,backend,numeric,41,10.0000,1.0e-03,-1,LAM,0.6141,0.365311,2.502102e-02,3.85185015e-03,0.999968,115.9789,203.0942
13,backend,numeric,41,10.0000,1.0e-03,-1,LAM,0.6141,0.365311,2.758532e-02,2.55182867e-03,0.999937,147.4603,227.8342
13,backend,numeric,41,10.0000,1.0e-03,-1,LAM,0.6141,0.365311,3.041241e-02,8.21060817e-04,0.940578,170.5036,293.1454
13,backend,numeric,41,10.0000,1.0e-03,-1,LAM,0.6141,0.365311,3.352924e-02,1.02676448e-03,0.870992,165.9224,273.8562
13,backend,numeric,41,10.0000,1.0e-03,-1,LAM,0.6141,0.365311,3.696550e-02,1.15235013e-03,0.835205,163.9731,219.4187
13,backend,numeric,41,10.0000,1.0e-03,-1,LAM,0.6141,0.365311,4.075393e-02,1.24492140e-03,0.819304,163.7138,135.3544
13,backend,numeric,41,10.0000,1.0e-03,-1,LAM,0.6141,0.365311,4.493062e-02,1.31954988e-03,0.818268,161.0124,44.6475
13,backend,numeric,41,10.0000,1.0e-03,-1,LAM,0.6141,0.365311,4.953535e-02,1.38877841e-03,0.828402,159.1407,305.2632
13,backend,numeric,41,10.0000,1.0e-03,-1,LAM,0.6141,0.365311,5.461201e-02,1.46876704e-03,0.848907,155.7140,216.1973
13,backend,numeric,41,10.0000,1.0e-03,-1,LAM,0.6141,0.365311,6.020894e-02,1.58400762e-03,0.874270,153.9323,129.6015
13,backend,numeric,41,10.0000,1.0e-03,-1,LAM,0.6141,0.365311,6.637949e-02,1.77959183e-03,0.905195,145.9501,64.3853
13,backend,numeric,41,10.0000,1.0e-03,-1,LAM,0.6141,0.365311,7.318242e-02,2.17833440e-03,0.934646,140.7160,21.9653
13,backend,numeric,41,10.0000,1.0e-03,-1,LAM,0.6141,0.365311,8.068256e-02,3.13915909e-03,0.956467,130.6967,357.9410
13,backend,numeric,41,10.0000,1.0e-03,-1,LAM,0.6141,0.365311,8.895135e-02,4.21304772e-03,0.974411,120.6938,19.8405
13,backend,numeric,41,10.0000,1.0e-03,-1,LAM,0.6141,0.365311,9.806757e-02,2.97408871e-03,0.967339,124.9795,89.0883
13,backend,numeric,41,10.0000,1.0e-03,-1,LAM,0.6141,0.365311,1.081181e-01,2.45571068e-03,0.974058,120.9772,171.1008
13,backend,numeric,41,10.0000,1.0e-03,-1,LAM,0.6141,0.365311,1.191986e-01,2.54376205e-03,0.973050,113.7734,276.2577
13,backend,numeric,41,10.0000,1.0e-03,-1,LAM,0.6141,0.365311,1.314147e-01,2.21032413e-03,0.968010,112.4123,40.3259
13,backend,numeric,41,10.0000,1.0e-03,-1,LAM,0.6141,0.365311,1.448828e-01,1.86868237e-03,0.968834,114.9423,191.1975
13,backend,numeric,41,10.0000,1.0e-03,-1,LAM,0.6141,0.365311,1.597312e-01,1.68404128e-03,0.970066,116.5787,354.8690
13,backend,numeric,41,10.0000,1.0e-03,-1,LAM,0.6141,0.365311,1.761014e-01,1.76356247e-03,0.969532,115.1897,179.0205
13,backend,numeric,41,10.0000,1.0e-03,-1,LAM,0.6141,0.365311,1.941492e-01,1.80030932e-03,0.966816,113.7918,21.5840
13,backend,numeric,41,10.0000,1.0e-03,-1,LAM,0.6141,0.365311,2.140467e-01,2.07677905e-03,0.967808,112.1476,249.6222
13,backend,numeric,41,10.0000,1.0e-03,-1,LAM,0.6141,0.365311,2.359833e-01,1.98733779e-03,0.972610,113.8394,127.5009
13,backend,numeric,41,10.0000,1.0e-03,-1,LAM,0.6141,0.365311,2.601682e-01,1.94239427e-03,0.966614,112.3440,46.0625
13,backend,numeric,41,10.0000,1.0e-03,-1,LAM,0.6141,0.365311,2.868317e-01,1.78862631e-03,0.973099,115.6901,348.5592
13,backend,numeric,41,10.0000,1.0e-03,-1,LAM,0.6141,0.365311,3.162278e-01,2.03116371e-03,0.973509,112.8473,319.9664
13,backend,numeric,41,10.0000,1.0e-03,-1,LAM,0.6141,0.365311,3.486365e-01,2.02861006e-03,0.973597,112.8138,324.0952
13,backend,numeric,41,10.0000,1.0e-03,-1,LAM,0.6141,0.365311,3.843667e-01,1.74173504e-03,0.972863,116.0760,4.7244
13,backend,numeric,41,10.0000,1.0e-03,-1,LAM,0.6141,0.365311,4.237587e-01,2.10067911e-03,0.967268,111.8143,81.7457
13,backend,numeric,41,10.0000,1.0e-03,-1,LAM,0.6141,0.365311,4.671878e-01,1.78922308e-03,0.971190,115.3181,202.9546
13,backend,numeric,41,10.0000,1.0e-03,-1,LAM,0.6141,0.365311,5.150678e-01,1.68103074e-03,0.972729,116.1499,14.2204
13,backend,numeric,41,10.0000,1.0e-03,-1,LAM,0.6141,0.365311,5.678548e-01,1.87819819e-03,0.967608,113.9829,237.4588
13,backend,numeric,41,10.0000,1.0e-03,-1,LAM,0.6141,0.365311,6.260517e-01,1.99431538e-03,0.973011,115.1369,165.4776
13,backend,numeric,41,10.0000,1.0e-03,-1,LAM,0.6141,0.365311,6.902129e-01,1.94489553e-03,0.972459,115.6477,167.2145
13,backend,numeric,41,10.0000,1.0e-03,-1,LAM,0.6141,0.365311,7.609497e-01,2.07038001e-03,0.968882,112.2966,242.5460
13,backend,numeric,41,10.0000,1.0e-03,-1,LAM,0.6141,0.365311,8.389360e-01,2.04105402e-03,0.966244,111.5798,54.9278
13,backend,numeric,41,10.0000,1.0e-03,-1,LAM,0.6141,0.365311,9.249147e-01,2.01035313e-03,0.973735,112.7076,283.3995
13,backend,numeric,41,10.0000,1.0e-03,-1,LAM,0.6141,0.365311,1.019705e+00,2.15637139e-03,0.971124,112.1501,255.8017
13,backend,numeric,41,10.0000,1.0e-03,-1,LAM,0.6141,0.365311,1.124210e+00,1.68916202e-03,0.971471,116.2811,340.6859
13,backend,numeric,41,10.0000,1.0e-03,-1,LAM,0.6141,0.365311,1.239425e+00,1.77510287e-03,0.968762,114.9588,200.6310
13,backend,numeric,41,10.0000,1.0e-03,-1,LAM,0.6141,0.365311,1.366448e+00,1.80737810e-03,0.971906,114.8611,187.5789
13,backend,numeric,41,10.0000,1.0e-03,-1,LAM,0.6141,0.365311,1.506489e+00,2.11410499e-03,0.970867,111.5776,301.5448
13,backend,numeric,41,10.0000,1.0e-03,-1,LAM,0.6141,0.365311,1.660883e+00,1.88307316e-03,0.968029,114.3102,221.4170
13,backend,numeric,41,10.0000,1.0e-03,-1,LAM,0.6141,0.365311,1.831099e+00,1.63359050e-03,0.972015,115.8674,346.8932
13,backend,numeric,41,10.0000,1.0e-03,-1,LAM,0.6141,0.365311,2.018760e+00,2.11023870e-03,0.972630,112.3639,270.1357
13,backend,numeric,41,10.0000,1.0e-03,-1,LAM,0.6141,0.365311,2.225654e+00,2.09166967e-03,0.968430,111.7457,63.2685
13,backend,numeric,41,10.0000,1.0e-03,-1,LAM,0.6141,0.365311,2.453751e+00,2.19659565e-03,0.969333,112.2939,103.5235
13,backend,numeric,41,10.0000,1.0e-03,-1,LAM,0.6141,0.365311,2.705225e+00,1.65944741e-03,0.966860,115.3073,35.6808
13,backend,numeric,41,10.0000,1.0e-03,-1,LAM,0.6141,0.365311,2.982471e+00,2.14986675e-03,0.971102,112.2128,253.7286
13,backend,numeric,41,10.0000,1.0e-03,-1,LAM,0.6141,0.365311,3.288131e+00,2.11130041e-03,0.968637,111.8964,74.8377
13,backend,numeric,41,10.0000,1.0e-03,-1,LAM,0.6141,0.365311,3.625117e+00,1.89542804e-03,0.967765,113.9434,231.1133
13,backend,numeric,41,10.0000,1.0e-03,-1,LAM,0.6141,0.365311,3.996639e+00,2.17099964e-03,0.971051,112.4444,78.0090
13,backend,numeric,41,10.0000,1.0e-03,-1,LAM,0.6141,0.365311,4.406236e+00,1.87105591e-03,0.974358,114.5476,349.0332
13,backend,numeric,41,10.0000,1.0e-03,-1,LAM,0.6141,0.365311,4.857812e+00,1.61994214e-03,0.967933,115.7942,7.5581
13,backend,numeric,41,10.0000,1.0e-03,-1,LAM,0.6141,0.365311,5.355667e+00,1.89957351e-03,0.972781,114.3074,166.3486
13,backend,numeric,41,10.0000,1.0e-03,-1,LAM,0.6141,0.365311,5.904545e+00,1.89722173e-03,0.967560,114.3369,189.0533
13,backend,numeric,41,10.0000,1.0e-03,-1,LAM,0.6141,0.365311,6.509675e+00,2.21102853e-03,0.969115,112.1625,105.8796
13,backend,numeric,41,10.0000,1.0e-03,-1,LAM,0.6141,0.365311,7.176822e+00,1.70176400e-03,0.968195,115.4099,5.0478
13,backend,numeric,41,10.0000,1.0e-03,-1,LAM,0.6141,0.365311,7.912343e+00,1.70854182e-03,0.973677,115.2790,326.1018
13,backend,numeric,41,10.0000,1.0e-03,-1,LAM,0.6141,0.365311,8.723243e+00,1.65127014e-03,0.967042,115.3862,32.0153
13,backend,numeric,41,10.0000,1.0e-03,-1,LAM,0.6141,0.365311,9.617249e+00,2.08487335e-03,0.971064,111.8346,291.8206
13,backend,numeric,41,10.0000,1.0e-03,-1,LAM,0.6141,0.365311,1.060288e+01,2.03434722e-03,0.973131,114.7696,160.8586
13,backend,numeric,41,10.0000,1.0e-03,-1,LAM,0.6141,0.365311,1.168952e+01,2.13632646e-03,0.967244,111.5216,86.0796
13,backend,numeric,41,10.0000,1.0e-03,-1,LAM,0.6141,0.365311,1.288752e+01,1.84597055e-03,0.968476,115.2083,177.7454
13,backend,numeric,41,10.0000,1.0e-03,-1,LAM,0.6141,0.365311,1.420831e+01,1.77050099e-03,0.970482,115.0483,177.4333
13,backend,numeric,41,10.0000,1.0e-03,-1,LAM,0.6141,0.365311,1.566445e+01,2.04794113e-03,0.968568,112.2731,255.0166
13,backend,numeric,41,10.0000,1.0e-03,-1,LAM,0.6141,0.365311,1.726983e+01,1.90472760e-03,0.967025,113.6518,233.9071
13,backend,numeric,41,10.0000,1.0e-03,-1,LAM,0.6141,0.365311,1.903974e+01,2.06974465e-03,0.967482,112.6862,219.3827
13,backend,numeric,41,10.0000,1.0e-03,-1,LAM,0.6141,0.365311,2.099104e+01,2.14400574e-03,0.971984,113.0012,88.4448
13,backend,numeric,41,10.0000,1.0e-03,-1,LAM,0.6141,0.365311,2.314231e+01,1.85867833e-03,0.966270,112.8941,23.6444
13,backend,numeric,41,10.0000,1.0e-03,-1,LAM,0.6141,0.365311,2.551407e+01,2.07579289e-03,0.968425,111.9226,277.4721
13,backend,numeric,41,10.0000,1.0e-03,-1,LAM,0.6141,0.365311,2.812889e+01,1.69175549e-03,0.967909,115.3388,1.5465
13,backend,numeric,41,10.0000,1.0e-03,-1,LAM,0.6141,0.365311,3.101169e+01,2.04867946e-03,0.967348,112.8567,213.7744
13,backend,numeric,41,10.0000,1.0e-03,-1,LAM,0.6141,0.365311,3.418994e+01,2.02717290e-03,0.972479,113.6257,112.5304
13,backend,numeric,41,10.0000,1.0e-03,-1,LAM,0.6141,0.365311,3.769391e+01,2.07817765e-03,0.966464,111.6460,78.3810
13,backend,numeric,41,10.0000,1.0e-03,-1,LAM,0.6141,0.365311,4.155699e+01,2.08577446e-03,0.966429,111.7996,85.0997
13,backend,numeric,41,10.0000,1.0e-03,-1,LAM,0.6141,0.365311,4.581598e+01,1.98536036e-03,0.967714,113.3195,212.3090
13,backend,numeric,41,10.0000,1.0e-03,-1,LAM,0.6141,0.365311,5.051145e+01,2.01750002e-03,0.973139,114.4554,162.9669
13,backend,numeric,41,10.0000,1.0e-03,-1,LAM,0.6141,0.365311,5.568814e+01,2.21756975e-03,0.969894,112.1207,107.7870
13,backend,numeric,41,10.0000,1.0e-03,-1,LAM,0.6141,0.365311,6.139537e+01,1.85766216e-03,0.967135,114.0792,243.0403
13,backend,numeric,41,10.0000,1.0e-03,-1,LAM,0.6141,0.365311,6.768750e+01,1.77318291e-03,0.965558,114.0219,51.0764
13,backend,numeric,41,10.0000,1.0e-03,-1,LAM,0.6141,0.365311,7.462449e+01,NaN,NaN,NaN,NaN
13,backend,numeric,41,10.0000,1.0e-03,-1,LAM,0.6141,0.365311,8.227241e+01,NaN,NaN,NaN,NaN
13,backend,numeric,41,10.0000,1.0e-03,-1,LAM,0.6141,0.365311,9.070414e+01,NaN,NaN,NaN,NaN
13,backend,numeric,41,10.0000,1.0e-03,-1,LAM,0.6141,0.365311,1.000000e+02,NaN,NaN,NaN,NaN
14,backend,numeric,45,0.1000,1.0e-03,-1,LAM,0.6233,0.356599,0.000000e+00,1.37916690e-03,0.702714,46.9804,39.5926
14,backend,numeric,45,0.1000,1.0e-03,-1,LAM,0.6233,0.356599,1.000000e-03,1.34665504e-03,0.709450,47.3816,347.4586
14,backend,numeric,45,0.1000,1.0e-03,-1,LAM,0.6233,0.356599,1.102485e-03,1.34330416e-03,0.710158,47.3466,342.1837
14,backend,numeric,45,0.1000,1.0e-03,-1,LAM,0.6233,0.356599,1.215474e-03,1.33959957e-03,0.710943,47.2814,336.3684
14,backend,numeric,45,0.1000,1.0e-03,-1,LAM,0.6233,0.356599,1.340043e-03,1.33549991e-03,0.711815,47.1765,329.9510
14,backend,numeric,45,0.1000,1.0e-03,-1,LAM,0.6233,0.356599,1.477378e-03,1.33095748e-03,0.712786,47.0216,322.8592
14,backend,numeric,45,0.1000,1.0e-03,-1,LAM,0.6233,0.356599,1.628787e-03,1.32591762e-03,0.713869,46.8071,315.0089
14,backend,numeric,45,0.1000,1.0e-03,-1,LAM,0.6233,0.356599,1.795714e-03,1.32031772e-03,0.715080,46.5260,306.3012
14,backend,numeric,45,0.1000,1.0e-03,-1,LAM,0.6233,0.356599,1.979749e-03,1.31408604e-03,0.716440,46.1779,296.6216
14,backend,numeric,45,0.1000,1.0e-03,-1,LAM,0.6233,0.356599,2.182645e-03,1.30713950e-03,0.717969,45.7737,285.8405
14,backend,numeric,45,0.1000,1.0e-03,-1,LAM,0.6233,0.356599,2.406334e-03,1.29938251e-03,0.719690,45.3413,273.8175
14,backend,numeric,45,0.1000,1.0e-03,-1,LAM,0.6233,0.356599,2.652948e-03,1.29072109e-03,0.721633,44.9294,260.4131
14,backend,numeric,45,0.1000,1.0e-03,-1,LAM,0.6233,0.356599,2.924837e-03,1.28105711e-03,0.723826,44.6042,245.5083
14,backend,numeric,45,0.1000,1.0e-03,-1,LAM,0.6233,0.356599,3.224591e-03,1.27029169e-03,0.726298,44.4303,229.0253
14,backend,numeric,45,0.1000,1.0e-03,-1,LAM,0.6233,0.356599,3.555064e-03,1.25833113e-03,0.729081,44.4349,210.9340
14,backend,numeric,45,0.1000,1.0e-03,-1,LAM,0.6233,0.356599,3.919407e-03,1.24507323e-03,0.732209,44.5590,191.2157
14,backend,numeric,45,0.1000,1.0e-03,-1,LAM,0.6233,0.356599,4.321089e-03,1.23037575e-03,0.735729,44.6325,169.7710
14,backend,numeric,45,0.1000,1.0e-03,-1,LAM,0.6233,0.356599,4.763938e-03,1.21401090e-03,0.739718,44.4251,146.2987
14,backend,numeric,45,0.1000,1.0e-03,-1,LAM,0.6233,0.356599,5.252173e-03,1.19563878e-03,0.744293,43.8153,120.2322
14,backend,numeric,45,0.1000,1.0e-03,-1,LAM,0.6233,0.356599,5.790444e-03,1.17485305e-03,0.749603,43.0245,90.8910
14,backend,numeric,45,0.1000,1.0e-03,-1,LAM,0.6233,0.356599,6.383880e-03,1.15134688e-03,0.755797,42.6334,58.0081
14,backend,numeric,45,0.1000,1.0e-03,-1,LAM,0.6233,0.356599,7.038136e-03,1.12499330e-03,0.762944,42.9429,22.1936
14,backend,numeric,45,0.1000,1.0e-03,-1,LAM,0.6233,0.356599,7.759442e-03,1.09555230e-03,0.771160,43.1085,344.0204
14,backend,numeric,45,0.1000,1.0e-03,-1,LAM,0.6233,0.356599,8.554673e-03,1.06202167e-03,0.780893,41.8027,302.2022
14,backend,numeric,45,0.1000,1.0e-03,-1,LAM,0.6233,0.356599,9.431402e-03,1.02269931e-03,0.792954,39.6787,254.0352
14,backend,numeric,45,0.1000,1.0e-03,-1,LAM,0.6233,0.356599,1.039798e-02,9.76673870e-04,0.807942,39.1609,200.1704
14,backend,numeric,45,0.1000,1.0e-03,-1,LAM,0.6233,0.356599,1.146363e-02,9.23186347e-04,0.826286,38.6772,143.9497
14,backend,numeric,45,0.1000,1.0e-03,-1,LAM,0.6233,0.356599,1.263848e-02,8.58421146e-04,0.850116,36.0661,81.5162
14,backend,numeric,45,0.1000,1.0e-03,-1,LAM,0.6233,0.356599,1.393374e-02,7.76467655e-04,0.882130,35.5056,13.6855
14,backend,numeric,45,0.1000,1.0e-03,-1,LAM,0.6233,0.356599,1.536175e-02,6.59728147e-04,0.926765,31.7120,309.4876
14,backend,numeric,45,0.1000,1.0e-03,-1,LAM,0.6233,0.356599,1.693611e-02,7.82235272e-04,0.997176,38.8885,287.7700
14,backend,numeric,45,0.1000,1.0e-03,-1,LAM,0.6233,0.356599,1.867181e-02,1.83546065e-03,0.999266,74.2693,313.6607
14,backend,numeric,45,0.1000,1.0e-03,-1,LAM,0.6233,0.356599,2.058540e-02,2.70603622e-03,0.999371,82.9912,331.3923
14,backend,numeric,45,0.1000,1.0e-03,-1,LAM,0.6233,0.356599,2.269511e-02,3.39934016e-03,0.999501,88.4284,346.4459
14,backend,numeric,45,0.1000,1.0e-03,-1,LAM,0.6233,0.356599,2.502102e-02,3.88583739e-03,0.999644,93.9278,0.6947
14,backend,numeric,45,0.1000,1.0e-03,-1,LAM,0.6233,0.356599,2.758532e-02,4.03719656e-03,0.999780,101.8298,15.6311
14,backend,numeric,45,0.1000,1.0e-03,-1,LAM,0.6233,0.356599,3.041241e-02,3.50141153e-03,0.999867,120.5476,34.3313
14,backend,numeric,45,0.1000,1.0e-03,-1,LAM,0.6233,0.356599,3.352924e-02,1.33463122e-03,0.994517,163.9514,75.3652
14,backend,numeric,45,0.1000,1.0e-03,-1,LAM,0.6233,0.356599,3.696550e-02,1.46974311e-03,0.912444,161.7335,94.5048
14,backend,numeric,45,0.1000,1.0e-03,-1,LAM,0.6233,0.356599,4.075393e-02,1.70391152e-03,0.856232,158.7999,59.7070
14,backend,numeric,45,0.1000,1.0e-03,-1,LAM,0.6233,0.356599,4.493062e-02,1.89605434e-03,0.807932,158.5371,355.9561
14,backend,numeric,45,0.1000,1.0e-03,-1,LAM,0.6233,0.356599,4.953535e-02,2.07179656e-03,0.764781,155.5163,265.6424
14,backend,numeric,45,0.1000,1.0e-03,-1,LAM,0.6233,0.356599,5.461201e-02,2.23930407e-03,0.726007,155.1457,154.0847
14,backend,numeric,45,0.1000,1.0e-03,-1,LAM,0.6233,0.356599,6.020894e-02,2.40306868e-03,0.689841,154.3623,12.2143
14,backend,numeric,45,0.1000,1.0e-03,-1,LAM,0.6233,0.356599,6.637949e-02,2.56462406e-03,0.656284,152.3355,198.8468
14,backend,numeric,45,0.1000,1.0e-03,-1,LAM,0.6233,0.356599,7.318242e-02,2.72496718e-03,0.624894,152.1535,350.2560
14,backend,numeric,45,0.1000,1.0e-03,-1,LAM,0.6233,0.356599,8.068256e-02,2.88361386e-03,0.595787,150.3546,103.7215
14,backend,numeric,45,0.1000,1.0e-03,-1,LAM,0.6233,0.356599,8.895135e-02,3.04113966e-03,0.568575,148.8113,171.9048
14,backend,numeric,45,0.1000,1.0e-03,-1,LAM,0.6233,0.356599,9.806757e-02,3.19680655e-03,0.543304,147.3438,191.2949
14,backend,numeric,45,0.1000,1.0e-03,-1,LAM,0.6233,0.356599,1.081181e-01,3.34888220e-03,0.520175,145.7836,157.7554
14,backend,numeric,45,0.1000,1.0e-03,-1,LAM,0.6233,0.356599,1.191986e-01,3.49515893e-03,0.499315,144.8699,65.5878
14,backend,numeric,45,0.1000,1.0e-03,-1,LAM,0.6233,0.356599,1.314147e-01,3.63340342e-03,0.480820,142.7242,268.0939
14,backend,numeric,45,0.1000,1.0e-03,-1,LAM,0.6233,0.356599,1.448828e-01,3.75732478e-03,0.465635,140.8258,47.9032
14,backend,numeric,45,0.1000,1.0e-03,-1,LAM,0.6233,0.356599,1.597312e-01,3.86574823e-03,0.453689,137.2484,119.4308
14,backend,numeric,45,0.1000,1.0e-03,-1,LAM,0.6233,0.356599,1.761014e-01,3.95664897e-03,0.445330,134.1910,122.7933
14,backend,numeric,45,0.1000,1.0e-03,-1,LAM,0.6233,0.356599,1.941492e-01,4.03007258e-03,0.441136,131.9380,58.8468
14,backend,numeric,45,0.1000,1.0e-03,-1,LAM,0.6233,0.356599,2.140467e-01,4.09056174e-03,0.441391,128.3962,291.9664
14,backend,numeric,45,0.1000,1.0e-03,-1,LAM,0.6233,0.356599,2.359833e-01,4.13778213e-03,0.447215,124.2477,111.6105
14,backend,numeric,45,0.1000,1.0e-03,-1,LAM,0.6233,0.356599,2.601682e-01,4.17712528e-03,0.458971,120.8511,252.3318
14,backend,numeric,45,0.1000,1.0e-03,-1,LAM,0.6233,0.356599,2.868317e-01,4.21408421e-03,0.477731,118.1463,20.3666
14,backend,numeric,45,0.1000,1.0e-03,-1,LAM,0.6233,0.356599,3.162278e-01,4.25962327e-03,0.503725,113.5913,163.9918
14,backend,numeric,45,0.1000,1.0e-03,-1,LAM,0.6233,0.356599,3.486365e-01,4.32899430e-03,0.536303,112.0564,353.6606
14,backend,numeric,45,0.1000,1.0e-03,-1,LAM,0.6233,0.356599,3.843667e-01,4.43419852e-03,0.574011,107.7433,251.5567
14,backend,numeric,45,0.1000,1.0e-03,-1,LAM,0.6233,0.356599,4.237587e-01,4.57702292e-03,0.616031,104.2512,233.9158
14,backend,numeric,45,0.1000,1.0e-03,-1,LAM,0.6233,0.356599,4.671878e-01,4.75012292e-03,0.659995,101.2123,304.2876
14,backend,numeric,45,0.1000,1.0e-03,-1,LAM,0.6233,0.356599,5.150678e-01,4.90935845e-03,0.705465,95.7603,97.6678
14,backend,numeric,45,0.1000,1.0e-03,-1,LAM,0.6233,0.356599,5.678548e-01,5.02500931e-03,0.751407,92.8625,320.3447
14,backend,numeric,45,0.1000,1.0e-03,-1,LAM,0.6233,0.356599,6.260517e-01,4.87816432e-03,0.803609,84.0015,232.8599
14,backend,numeric,45,0.1000,1.0e-03,-1,LAM,0.6233,0.356599,6.902129e-01,3.95659445e-03,0.879048,71.4200,151.3202
14,backend,numeric,45,0.1000,1.0e-03,-1,LAM,0.6233,0.356599,7.609497e-01,5.07984330e-03,0.942715,158.0138,107.9950
14,backend,numeric,45,0.1000,1.0e-03,-1,LAM,0.6233,0.356599,8.389360e-01,8.55018119e-03,0.737695,157.9658,151.5504
14,backend,numeric,45,0.1000,1.0e-03,-1,LAM,0.6233,0.356599,9.249147e-01,1.02262088e-02,0.647820,158.6476,260.3350
14,backend,numeric,45,0.1000,1.0e-03,-1,LAM,0.6233,0.356599,1.019705e+00,1.13197000e-02,0.596441,153.5768,187.4922
14,backend,numeric,45,0.1000,1.0e-03,-1,LAM,0.6233,0.356599,1.124210e+00,1.20408796e-02,0.565705,153.2611,300.0503
14,backend,numeric,45,0.1000,1.0e-03,-1,LAM,0.6233,0.356599,1.239425e+00,1.24610151e-02,0.552668,148.7146,289.2123
14,backend,numeric,45,0.1000,1.0e-03,-1,LAM,0.6233,0.356599,1.366448e+00,1.26625958e-02,0.557523,141.0958,204.0771
14,backend,numeric,45,0.1000,1.0e-03,-1,LAM,0.6233,0.356599,1.506489e+00,1.27665202e-02,0.584847,136.2136,111.0311
14,backend,numeric,45,0.1000,1.0e-03,-1,LAM,0.6233,0.356599,1.660883e+00,1.30316261e-02,0.636450,129.4476,110.6654
14,backend,numeric,45,0.1000,1.0e-03,-1,LAM,0.6233,0.356599,1.831099e+00,1.39011541e-02,0.703752,127.7549,311.3106
14,backend,numeric,45,0.1000,1.0e-03,-1,LAM,0.6233,0.356599,2.018760e+00,1.55107168e-02,0.783361,118.9341,59.2083
14,backend,numeric,45,0.1000,1.0e-03,-1,LAM,0.6233,0.356599,2.225654e+00,1.81284902e-02,0.850462,119.1599,22.7715
14,backend,numeric,45,0.1000,1.0e-03,-1,LAM,0.6233,0.356599,2.453751e+00,1.62645441e-02,0.934175,81.4452,103.5570
14,backend,numeric,45,0.1000,1.0e-03,-1,LAM,0.6233,0.356599,2.705225e+00,1.98692057e-02,0.954210,67.8294,312.1927
14,backend,numeric,45,0.1000,1.0e-03,-1,LAM,0.6233,0.356599,2.982471e+00,3.99668674e-02,0.957262,169.3088,40.7764
14,backend,numeric,45,0.1000,1.0e-03,-1,LAM,0.6233,0.356599,3.288131e+00,5.30644875e-02,0.942719,71.2180,229.6164
14,backend,numeric,45,0.1000,1.0e-03,-1,LAM,0.6233,0.356599,3.625117e+00,1.91037314e-01,0.998123,64.7915,207.2787
14,backend,numeric,45,0.1000,1.0e-03,-1,LAM,0.6233,0.356599,3.996639e+00,4.14552057e-01,0.999522,75.6174,174.0112
14,backend,numeric,45,0.1000,1.0e-03,-1,LAM,0.6233,0.356599,4.406236e+00,5.34816359e-01,0.999870,90.8283,186.7564
14,backend,numeric,45,0.1000,1.0e-03,-1,LAM,0.6233,0.356599,4.857812e+00,7.18855673e-01,0.999963,78.4368,178.5079
14,backend,numeric,45,0.1000,1.0e-03,-1,LAM,0.6233,0.356599,5.355667e+00,8.62472951e-01,0.999991,91.3761,185.1374
14,backend,numeric,45,0.1000,1.0e-03,-1,LAM,0.6233,0.356599,5.904545e+00,NaN,NaN,NaN,NaN
14,backend,numeric,45,0.1000,1.0e-03,-1,LAM,0.6233,0.356599,6.509675e+00,NaN,NaN,NaN,NaN
14,backend,numeric,45,0.1000,1.0e-03,-1,LAM,0.6233,0.356599,7.176822e+00,NaN,NaN,NaN,NaN
14,backend,numeric,45,0.1000,1.0e-03,-1,LAM,0.6233,0.356599,7.912343e+00,NaN,NaN,NaN,NaN
14,backend,numeric,45,0.1000,1.0e-03,-1,LAM,0.6233,0.356599,8.723243e+00,NaN,NaN,NaN,NaN
14,backend,numeric,45,0.1000,1.0e-03,-1,LAM,0.6233,0.356599,9.617249e+00,NaN,NaN,NaN,NaN
14,backend,numeric,45,0.1000,1.0e-03,-1,LAM,0.6233,0.356599,1.060288e+01,NaN,NaN,NaN,NaN
14,backend,numeric,45,0.1000,1.0e-03,-1,LAM,0.6233,0.356599,1.168952e+01,NaN,NaN,NaN,NaN
14,backend,numeric,45,0.1000,1.0e-03,-1,LAM,0.6233,0.356599,1.288752e+01,NaN,NaN,NaN,NaN
14,backend,numeric,45,0.1000,1.0e-03,-1,LAM,0.6233,0.356599,1.420831e+01,NaN,NaN,NaN,NaN
14,backend,numeric,45,0.1000,1.0e-03,-1,LAM,0.6233,0.356599,1.566445e+01,NaN,NaN,NaN,NaN
14,backend,numeric,45,0.1000,1.0e-03,-1,LAM,0.6233,0.356599,1.726983e+01,NaN,NaN,NaN,NaN
14,backend,numeric,45,0.1000,1.0e-03,-1,LAM,0.6233,0.356599,1.903974e+01,NaN,NaN,NaN,NaN
14,backend,numeric,45,0.1000,1.0e-03,-1,LAM,0.6233,0.356599,2.099104e+01,NaN,NaN,NaN,NaN
14,backend,numeric,45,0.1000,1.0e-03,-1,LAM,0.6233,0.356599,2.314231e+01,NaN,NaN,NaN,NaN
14,backend,numeric,45,0.1000,1.0e-03,-1,LAM,0.6233,0.356599,2.551407e+01,NaN,NaN,NaN,NaN
14,backend,numeric,45,0.1000,1.0e-03,-1,LAM,0.6233,0.356599,2.812889e+01,NaN,NaN,NaN,NaN
14,backend,numeric,45,0.1000,1.0e-03,-1,LAM,0.6233,0.356599,3.101169e+01,NaN,NaN,NaN,NaN
14,backend,numeric,45,0.1000,1.0e-03,-1,LAM,0.6233,0.356599,3.418994e+01,NaN,NaN,NaN,NaN
14,backend,numeric,45,0.1000,1.0e-03,-1,LAM,0.6233,0.356599,3.769391e+01,NaN,NaN,NaN,NaN
14,backend,numeric,45,0.1000,1.0e-03,-1,LAM,0.6233,0.356599,4.155699e+01,NaN,NaN,NaN,NaN
14,backend,numeric,45,0.1000,1.0e-03,-1,LAM,0.6233,0.356599,4.581598e+01,NaN,NaN,NaN,NaN
14,backend,numeric,45,0.1000,1.0e-03,-1,LAM,0.6233,0.356599,5.051145e+01,NaN,NaN,NaN,NaN
14,backend,numeric,45,0.1000,1.0e-03,-1,LAM,0.6233,0.356599,5.568814e+01,NaN,NaN,NaN,NaN
14,backend,numeric,45,0.1000,1.0e-03,-1,LAM,0.6233,0.356599,6.139537e+01,NaN,NaN,NaN,NaN
14,backend,numeric,45,0.1000,1.0e-03,-1,LAM,0.6233,0.356599,6.768750e+01,NaN,NaN,NaN,NaN
14,backend,numeric,45,0.1000,1.0e-03,-1,LAM,0.6233,0.356599,7.462449e+01,NaN,NaN,NaN,NaN
14,backend,numeric,45,0.1000,1.0e-03,-1,LAM,0.6233,0.356599,8.227241e+01,NaN,NaN,NaN,NaN
14,backend,numeric,45,0.1000,1.0e-03,-1,LAM,0.6233,0.356599,9.070414e+01,NaN,NaN,NaN,NaN
14,backend,numeric,45,0.1000,1.0e-03,-1,LAM,0.6233,0.356599,1.000000e+02,NaN,NaN,NaN,NaN
15,backend,numeric,48,1.8000,1.0e-03,-1,SAM,0.5814,0.030961,0.000000e+00,6.96892474e-04,0.983830,148.6441,12.0553
15,backend,numeric,48,1.8000,1.0e-03,-1,SAM,0.5814,0.030961,1.000000e-03,8.27990712e-04,0.946869,145.4219,27.5426
15,backend,numeric,48,1.8000,1.0e-03,-1,SAM,0.5814,0.030961,1.102485e-03,8.42519592e-04,0.944290,145.0989,26.8158
15,backend,numeric,48,1.8000,1.0e-03,-1,SAM,0.5814,0.030961,1.215474e-03,8.57407650e-04,0.941518,144.7930,25.9033
15,backend,numeric,48,1.8000,1.0e-03,-1,SAM,0.5814,0.030961,1.340043e-03,8.72703740e-04,0.938546,144.5047,24.7757
15,backend,numeric,48,1.8000,1.0e-03,-1,SAM,0.5814,0.030961,1.477378e-03,8.88455707e-04,0.935363,144.2345,23.3992
15,backend,numeric,48,1.8000,1.0e-03,-1,SAM,0.5814,0.030961,1.628787e-03,9.04713197e-04,0.931961,143.9824,21.7345
15,backend,numeric,48,1.8000,1.0e-03,-1,SAM,0.5814,0.030961,1.795714e-03,9.21525508e-04,0.928331,143.7482,19.7363
15,backend,numeric,48,1.8000,1.0e-03,-1,SAM,0.5814,0.030961,1.979749e-03,9.38939794e-04,0.924462,143.5311,17.3522
15,backend,numeric,48,1.8000,1.0e-03,-1,SAM,0.5814,0.030961,2.182645e-03,9.57005640e-04,0.920347,143.3284,14.5218
15,backend,numeric,48,1.8000,1.0e-03,-1,SAM,0.5814,0.030961,2.406334e-03,9.75774880e-04,0.915976,143.1352,11.1756
15,backend,numeric,48,1.8000,1.0e-03,-1,SAM,0.5814,0.030961,2.652948e-03,9.95299994e-04,0.911345,142.9430,7.2349
15,backend,numeric,48,1.8000,1.0e-03,-1,SAM,0.5814,0.030961,2.924837e-03,1.01563451e-03,0.906447,142.7377,2.6117
15,backend,numeric,48,1.8000,1.0e-03,-1,SAM,0.5814,0.030961,3.224591e-03,1.03683176e-03,0.901283,142.4981,357.2100
15,backend,numeric,48,1.8000,1.0e-03,-1,SAM,0.5814,0.030961,3.555064e-03,1.05894110e-03,0.895859,142.1935,350.9288
15,backend,numeric,48,1.8000,1.0e-03,-1,SAM,0.5814,0.030961,3.919407e-03,1.08200989e-03,0.890186,141.7822,343.6685
15,backend,numeric,48,1.8000,1.0e-03,-1,SAM,0.5814,0.030961,4.321089e-03,1.10609218e-03,0.884292,141.2108,335.3403
15,backend,numeric,48,1.8000,1.0e-03,-1,SAM,0.5814,0.030961,4.763938e-03,1.13124107e-03,0.878220,140.4203,325.8773
15,backend,numeric,48,1.8000,1.0e-03,-1,SAM,0.5814,0.030961,5.252173e-03,1.15748138e-03,0.872029,139.3604,315.2450
15,backend,numeric,48,1.8000,1.0e-03,-1,SAM,0.5814,0.030961,5.790444e-03,1.18482923e-03,0.865801,138.0110,303.4386
15,backend,numeric,48,1.8000,1.0e-03,-1,SAM,0.5814,0.030961,6.383880e-03,1.21325980e-03,0.859630,136.4151,290.4610
15,backend,numeric,48,1.8000,1.0e-03,-1,SAM,0.5814,0.030961,7.038136e-03,1.24278638e-03,0.853611,134.7073,276.2940
15,backend,numeric,48,1.8000,1.0e-03,-1,SAM,0.5814,0.030961,7.759442e-03,1.27344720e-03,0.847811,133.1274,260.8362
15,backend,numeric,48,1.8000,1.0e-03,-1,SAM,0.5814,0.030961,8.554673e-03,1.30533317e-03,0.842231,131.9814,243.8328
15,backend,numeric,48,1.8000,1.0e-03,-1,SAM,0.5814,0.030961,9.431402e-03,1.33867967e-03,0.836797,131.5190,224.8311
15,backend,numeric,48,1.8000,1.0e-03,-1,SAM,0.5814,0.030961,1.039798e-02,1.37382968e-03,0.831377,131.7256,203.1845
15,backend,numeric,48,1.8000,1.0e-03,-1,SAM,0.5814,0.030961,1.146363e-02,1.41105823e-03,0.825896,132.1076,178.2335
15,backend,numeric,48,1.8000,1.0e-03,-1,SAM,0.5814,0.030961,1.263848e-02,1.45028491e-03,0.820488,131.7713,149.8252
15,backend,numeric,48,1.8000,1.0e-03,-1,SAM,0.5814,0.030961,1.393374e-02,1.49100029e-03,0.815576,130.1911,118.7499
15,backend,numeric,48,1.8000,1.0e-03,-1,SAM,0.5814,0.030961,1.536175e-02,1.53270056e-03,0.811613,128.2122,85.9038
15,backend,numeric,48,1.8000,1.0e-03,-1,SAM,0.5814,0.030961,1.693611e-02,1.57571026e-03,0.808526,127.5890,50.7306
15,backend,numeric,48,1.8000,1.0e-03,-1,SAM,0.5814,0.030961,1.867181e-02,1.62146851e-03,0.805761,128.5224,11.1067
15,backend,numeric,48,1.8000,1.0e-03,-1,SAM,0.5814,0.030961,2.058540e-02,1.67027999e-03,0.803307,128.0765,326.0181
15,backend,numeric,48,1.8000,1.0e-03,-1,SAM,0.5814,0.030961,2.269511e-02,1.71967124e-03,0.802477,124.5615,278.8243
15,backend,numeric,48,1.8000,1.0e-03,-1,SAM,0.5814,0.030961,2.502102e-02,1.76838073e-03,0.804026,122.1800,231.5946
15,backend,numeric,48,1.8000,1.0e-03,-1,SAM,0.5814,0.030961,2.758532e-02,1.82045446e-03,0.806621,123.0753,180.9794
15,backend,numeric,48,1.8000,1.0e-03,-1,SAM,0.5814,0.030961,3.041241e-02,1.87762791e-03,0.809962,121.8246,125.8740
15,backend,numeric,48,1.8000,1.0e-03,-1,SAM,0.5814,0.030961,3.352924e-02,1.93518032e-03,0.815808,118.7619,70.9725
15,backend,numeric,48,1.8000,1.0e-03,-1,SAM,0.5814,0.030961,3.696550e-02,1.99806299e-03,0.823139,119.9001,14.2097
15,backend,numeric,48,1.8000,1.0e-03,-1,SAM,0.5814,0.030961,4.075393e-02,2.07177150e-03,0.830964,118.3335,312.7827
15,backend,numeric,48,1.8000,1.0e-03,-1,SAM,0.5814,0.030961,4.493062e-02,2.14218574e-03,0.842820,111.9958,255.3577
15,backend,numeric,48,1.8000,1.0e-03,-1,SAM,0.5814,0.030961,4.953535e-02,2.21487523e-03,0.857332,111.4947,202.2674
15,backend,numeric,48,1.8000,1.0e-03,-1,SAM,0.5814,0.030961,5.461201e-02,2.31520956e-03,0.870943,111.6872,149.3731
15,backend,numeric,48,1.8000,1.0e-03,-1,SAM,0.5814,0.030961,6.020894e-02,2.42395929e-03,0.886445,105.7505,100.4916
15,backend,numeric,48,1.8000,1.0e-03,-1,SAM,0.5814,0.030961,6.637949e-02,2.52361187e-03,0.904354,102.1734,57.0961
15,backend,numeric,48,1.8000,1.0e-03,-1,SAM,0.5814,0.030961,7.318242e-02,2.67403790e-03,0.919660,103.6893,16.5017
15,backend,numeric,48,1.8000,1.0e-03,-1,SAM,0.5814,0.030961,8.068256e-02,2.90068117e-03,0.932069,100.9051,338.4062
15,backend,numeric,48,1.8000,1.0e-03,-1,SAM,0.5814,0.030961,8.895135e-02,2.99819114e-03,0.947693,87.2711,304.9833
15,backend,numeric,48,1.8000,1.0e-03,-1,SAM,0.5814,0.030961,9.806757e-02,3.44366687e-03,0.984619,73.3225,303.2109
15,backend,numeric,48,1.8000,1.0e-03,-1,SAM,0.5814,0.030961,1.081181e-01,6.36394086e-03,0.995238,93.0250,341.9651
15,backend,numeric,48,1.8000,1.0e-03,-1,SAM,0.5814,0.030961,1.191986e-01,5.27317117e-03,0.998718,128.1187,22.4353
15,backend,numeric,48,1.8000,1.0e-03,-1,SAM,0.5814,0.030961,1.314147e-01,3.91868701e-03,0.931857,150.6726,64.8789
15,backend,numeric,48,1.8000,1.0e-03,-1,SAM,0.5814,0.030961,1.448828e-01,4.87157333e-03,0.917553,146.4491,30.7924
15,backend,numeric,48,1.8000,1.0e-03,-1,SAM,0.5814,0.030961,1.597312e-01,5.79316373e-03,0.922909,141.8177,348.2022
15,backend,numeric,48,1.8000,1.0e-03,-1,SAM,0.5814,0.030961,1.761014e-01,7.00403098e-03,0.936718,130.0476,312.5556
15,backend,numeric,48,1.8000,1.0e-03,-1,SAM,0.5814,0.030961,1.941492e-01,8.84583485e-03,0.953691,112.3890,292.2705
15,backend,numeric,48,1.8000,1.0e-03,-1,SAM,0.5814,0.030961,2.140467e-01,1.09344621e-02,0.973966,94.4782,299.2096
15,backend,numeric,48,1.8000,1.0e-03,-1,SAM,0.5814,0.030961,2.359833e-01,9.60561353e-03,0.994535,117.1670,341.2184
15,backend,numeric,48,1.8000,1.0e-03,-1,SAM,0.5814,0.030961,2.601682e-01,8.35822704e-03,0.951508,137.1719,21.8897
15,backend,numeric,48,1.8000,1.0e-03,-1,SAM,0.5814,0.030961,2.868317e-01,1.30689267e-02,0.958288,124.1000,0.3016
15,backend,numeric,48,1.8000,1.0e-03,-1,SAM,0.5814,0.030961,3.162278e-01,1.74885432e-02,0.973764,113.6786,13.9544
15,backend,numeric,48,1.8000,1.0e-03,-1,SAM,0.5814,0.030961,3.486365e-01,1.15913244e-02,0.968808,132.1756,63.8196
15,backend,numeric,48,1.8000,1.0e-03,-1,SAM,0.5814,0.030961,3.843667e-01,1.67621924e-02,0.967527,122.5228,122.4548
15,backend,numeric,48,1.8000,1.0e-03,-1,SAM,0.5814,0.030961,4.237587e-01,1.37508027e-02,0.973761,121.3061,190.0452
15,backend,numeric,48,1.8000,1.0e-03,-1,SAM,0.5814,0.030961,4.671878e-01,1.00082376e-02,0.970991,115.9680,285.1692
15,backend,numeric,48,1.8000,1.0e-03,-1,SAM,0.5814,0.030961,5.150678e-01,7.10261111e-03,0.964955,116.5805,55.6789
15,backend,numeric,48,1.8000,1.0e-03,-1,SAM,0.5814,0.030961,5.678548e-01,9.26692004e-03,0.972524,115.3715,181.1866
15,backend,numeric,48,1.8000,1.0e-03,-1,SAM,0.5814,0.030961,6.260517e-01,6.47456663e-03,0.977121,114.1969,350.7394
15,backend,numeric,48,1.8000,1.0e-03,-1,SAM,0.5814,0.030961,6.902129e-01,8.32437809e-03,0.971984,116.0938,178.3133
15,backend,numeric,48,1.8000,1.0e-03,-1,SAM,0.5814,0.030961,7.609497e-01,6.29306353e-03,0.963363,114.3629,51.2843
15,backend,numeric,48,1.8000,1.0e-03,-1,SAM,0.5814,0.030961,8.389360e-01,7.89042542e-03,0.972158,111.3433,262.7508
15,backend,numeric,48,1.8000,1.0e-03,-1,SAM,0.5814,0.030961,9.249147e-01,7.71327818e-03,0.969400,116.2070,167.7341
15,backend,numeric,48,1.8000,1.0e-03,-1,SAM,0.5814,0.030961,1.019705e+00,8.14650743e-03,0.970857,113.7244,90.6767
15,backend,numeric,48,1.8000,1.0e-03,-1,SAM,0.5814,0.030961,1.124210e+00,7.35717548e-03,0.966227,110.3344,45.6356
15,backend,numeric,48,1.8000,1.0e-03,-1,SAM,0.5814,0.030961,1.239425e+00,6.51011788e-03,0.964914,112.2418,41.2690
15,backend,numeric,48,1.8000,1.0e-03,-1,SAM,0.5814,0.030961,1.366448e+00,7.39812002e-03,0.965511,111.6890,72.3637
15,backend,numeric,48,1.8000,1.0e-03,-1,SAM,0.5814,0.030961,1.506489e+00,8.86628814e-03,0.969873,113.7341,130.4894
15,backend,numeric,48,1.8000,1.0e-03,-1,SAM,0.5814,0.030961,1.660883e+00,7.40111471e-03,0.970221,115.6355,228.5421
15,backend,numeric,48,1.8000,1.0e-03,-1,SAM,0.5814,0.030961,1.831099e+00,6.75485061e-03,0.963555,112.3964,48.4884
15,backend,numeric,48,1.8000,1.0e-03,-1,SAM,0.5814,0.030961,2.018760e+00,8.27363872e-03,0.969272,113.0058,229.7862
15,backend,numeric,48,1.8000,1.0e-03,-1,SAM,0.5814,0.030961,2.225654e+00,7.72437986e-03,0.970788,114.3955,135.8776
15,backend,numeric,48,1.8000,1.0e-03,-1,SAM,0.5814,0.030961,2.453751e+00,8.67826805e-03,0.969104,113.3449,118.4416
15,backend,numeric,48,1.8000,1.0e-03,-1,SAM,0.5814,0.030961,2.705225e+00,8.51563289e-03,0.971816,115.0950,155.8870
15,backend,numeric,48,1.8000,1.0e-03,-1,SAM,0.5814,0.030961,2.982471e+00,8.06954480e-03,0.973448,111.2174,264.7641
15,backend,numeric,48,1.8000,1.0e-03,-1,SAM,0.5814,0.030961,3.288131e+00,8.06868235e-03,0.970108,113.8908,115.1758
15,backend,numeric,48,1.8000,1.0e-03,-1,SAM,0.5814,0.030961,3.625117e+00,7.02397243e-03,0.963498,112.9947,74.1807
15,backend,numeric,48,1.8000,1.0e-03,-1,SAM,0.5814,0.030961,3.996639e+00,8.10781961e-03,0.971229,114.4358,101.5014
15,backend,numeric,48,1.8000,1.0e-03,-1,SAM,0.5814,0.030961,4.406236e+00,7.01914261e-03,0.968380,113.7829,269.0785
15,backend,numeric,48,1.8000,1.0e-03,-1,SAM,0.5814,0.030961,4.857812e+00,7.80806300e-03,0.969100,115.8102,189.9329
15,backend,numeric,48,1.8000,1.0e-03,-1,SAM,0.5814,0.030961,5.355667e+00,7.06331361e-03,0.968646,114.0632,261.7707
15,backend,numeric,48,1.8000,1.0e-03,-1,SAM,0.5814,0.030961,5.904545e+00,8.16683884e-03,0.971367,115.2210,121.6462
15,backend,numeric,48,1.8000,1.0e-03,-1,SAM,0.5814,0.030961,6.509675e+00,8.74043475e-03,0.971134,114.1752,149.3068
15,backend,numeric,48,1.8000,1.0e-03,-1,SAM,0.5814,0.030961,7.176822e+00,5.30142756e-03,0.967639,117.7415,6.4590
15,backend,numeric,48,1.8000,1.0e-03,-1,SAM,0.5814,0.030961,7.912343e+00,8.36725618e-03,0.969255,111.9789,81.6817
15,backend,numeric,48,1.8000,1.0e-03,-1,SAM,0.5814,0.030961,8.723243e+00,5.02188730e-03,0.970666,119.8153,18.2326
15,backend,numeric,48,1.8000,1.0e-03,-1,SAM,0.5814,0.030961,9.617249e+00,8.03146998e-03,0.972400,115.5734,188.7679
15,backend,numeric,48,1.8000,1.0e-03,-1,SAM,0.5814,0.030961,1.060288e+01,7.29978775e-03,0.970460,110.9878,291.5587
15,backend,numeric,48,1.8000,1.0e-03,-1,SAM,0.5814,0.030961,1.168952e+01,6.14370710e-03,0.977003,114.3522,343.6983
15,backend,numeric,48,1.8000,1.0e-03,-1,SAM,0.5814,0.030961,1.288752e+01,5.80319014e-03,0.963500,115.4188,27.0430
15,backend,numeric,48,1.8000,1.0e-03,-1,SAM,0.5814,0.030961,1.420831e+01,6.96811713e-03,0.965515,111.0365,46.0317
15,backend,numeric,48,1.8000,1.0e-03,-1,SAM,0.5814,0.030961,1.566445e+01,8.89016384e-03,0.970760,113.8612,137.2450
15,backend,numeric,48,1.8000,1.0e-03,-1,SAM,0.5814,0.030961,1.726983e+01,7.16695203e-03,0.974402,111.5351,310.9250
15,backend,numeric,48,1.8000,1.0e-03,-1,SAM,0.5814,0.030961,1.903974e+01,8.19477849e-03,0.972184,111.4047,258.3797
15,backend,numeric,48,1.8000,1.0e-03,-1,SAM,0.5814,0.030961,2.099104e+01,7.95105845e-03,0.967408,110.5399,57.2963
15,backend,numeric,48,1.8000,1.0e-03,-1,SAM,0.5814,0.030961,2.314231e+01,7.93571969e-03,0.969562,112.4495,75.8297
15,backend,numeric,48,1.8000,1.0e-03,-1,SAM,0.5814,0.030961,2.551407e+01,7.25846598e-03,0.963993,112.4727,76.9035
15,backend,numeric,48,1.8000,1.0e-03,-1,SAM,0.5814,0.030961,2.812889e+01,7.51364964e-03,0.966836,110.4387,50.3816
15,backend,numeric,48,1.8000,1.0e-03,-1,SAM,0.5814,0.030961,3.101169e+01,7.64997838e-03,0.970733,115.8004,136.5615
15,backend,numeric,48,1.8000,1.0e-03,-1,SAM,0.5814,0.030961,3.418994e+01,6.64718492e-03,0.964944,111.5913,37.6724
15,backend,numeric,48,1.8000,1.0e-03,-1,SAM,0.5814,0.030961,3.769391e+01,7.74463443e-03,0.971242,116.1658,199.0623
15,backend,numeric,48,1.8000,1.0e-03,-1,SAM,0.5814,0.030961,4.155699e+01,5.30243229e-03,0.973638,119.3454,21.9865
15,backend,numeric,48,1.8000,1.0e-03,-1,SAM,0.5814,0.030961,4.581598e+01,7.10263800e-03,0.976263,111.6105,299.6741
15,backend,numeric,48,1.8000,1.0e-03,-1,SAM,0.5814,0.030961,5.051145e+01,8.83277418e-03,0.968855,113.1466,118.6983
15,backend,numeric,48,1.8000,1.0e-03,-1,SAM,0.5814,0.030961,5.568814e+01,7.32283766e-03,0.972499,110.7374,293.5246
15,backend,numeric,48,1.8000,1.0e-03,-1,SAM,0.5814,0.030961,6.139537e+01,7.33608895e-03,0.970123,110.5900,298.1380
15,backend,numeric,48,1.8000,1.0e-03,-1,SAM,0.5814,0.030961,6.768750e+01,7.45204419e-03,0.969618,113.9774,248.1052
15,backend,numeric,48,1.8000,1.0e-03,-1,SAM,0.5814,0.030961,7.462449e+01,5.43685889e-03,0.975009,118.2795,12.5829
15,backend,numeric,48,1.8000,1.0e-03,-1,SAM,0.5814,0.030961,8.227241e+01,8.03447573e-03,0.969976,113.7660,108.5326
15,backend,numeric,48,1.8000,1.0e-03,-1,SAM,0.5814,0.030961,9.070414e+01,7.94625214e-03,0.965281,111.2351,84.8519
15,backend,numeric,48,1.8000,1.0e-03,-1,SAM,0.5814,0.030961,1.000000e+02,7.86020062e-03,0.971269,115.4259,120.4616
