case_id,block,backend,ic_id,J,mu_over_J,sigma,band0,band_frac0,d_sep0,t_yr,omega_e,Id_over_Is,beta_deg,alpha_deg
1,backend,numeric,4,0.1000,1.0e-03,-1,SAM,0.3301,0.017577,0.000000e+00,1.71067940e-03,0.974122,60.9249,200.4551
1,backend,numeric,4,0.1000,1.0e-03,-1,SAM,0.3301,0.017577,1.000000e-03,2.10078987e-03,0.982852,67.2919,208.3908
1,backend,numeric,4,0.1000,1.0e-03,-1,SAM,0.3301,0.017577,1.102485e-03,2.14523300e-03,0.983392,68.0317,209.1808
1,backend,numeric,4,0.1000,1.0e-03,-1,SAM,0.3301,0.017577,1.215474e-03,2.19430799e-03,0.983931,68.8455,210.0427
1,backend,numeric,4,0.1000,1.0e-03,-1,SAM,0.3301,0.017577,1.340043e-03,2.24833846e-03,0.984466,69.7369,210.9817
1,backend,numeric,4,0.1000,1.0e-03,-1,SAM,0.3301,0.017577,1.477378e-03,2.30764461e-03,0.984992,70.7080,212.0032
1,backend,numeric,4,0.1000,1.0e-03,-1,SAM,0.3301,0.017577,1.628787e-03,2.37254573e-03,0.985503,71.7603,213.1131
1,backend,numeric,4,0.1000,1.0e-03,-1,SAM,0.3301,0.017577,1.795714e-03,2.44331372e-03,0.985998,72.8930,214.3175
1,backend,numeric,4,0.1000,1.0e-03,-1,SAM,0.3301,0.017577,1.979749e-03,2.52015555e-03,0.986473,74.1036,215.6229
1,backend,numeric,4,0.1000,1.0e-03,-1,SAM,0.3301,0.017577,2.182645e-03,2.60318476e-03,0.986929,75.3878,217.0358
1,backend,numeric,4,0.1000,1.0e-03,-1,SAM,0.3301,0.017577,2.406334e-03,2.69240344e-03,0.987366,76.7399,218.5632
1,backend,numeric,4,0.1000,1.0e-03,-1,SAM,0.3301,0.017577,2.652948e-03,2.78769462e-03,0.987788,78.1527,220.2131
1,backend,numeric,4,0.1000,1.0e-03,-1,SAM,0.3301,0.017577,2.924837e-03,2.88878497e-03,0.988199,79.6185,221.9939
1,backend,numeric,4,0.1000,1.0e-03,-1,SAM,0.3301,0.017577,3.224591e-03,2.99520625e-03,0.988606,81.1288,223.9153
1,backend,numeric,4,0.1000,1.0e-03,-1,SAM,0.3301,0.017577,3.555064e-03,3.10627309e-03,0.989017,82.6750,225.9884
1,backend,numeric,4,0.1000,1.0e-03,-1,SAM,0.3301,0.017577,3.919407e-03,3.22100062e-03,0.989441,84.2489,228.2261
1,backend,numeric,4,0.1000,1.0e-03,-1,SAM,0.3301,0.017577,4.321089e-03,3.33803231e-03,0.989888,85.8431,230.6441
1,backend,numeric,4,0.1000,1.0e-03,-1,SAM,0.3301,0.017577,4.763938e-03,3.45541594e-03,0.990369,87.4519,233.2621
1,backend,numeric,4,0.1000,1.0e-03,-1,SAM,0.3301,0.017577,5.252173e-03,3.57004120e-03,0.990894,89.0738,236.1060
1,backend,numeric,4,0.1000,1.0e-03,-1,SAM,0.3301,0.017577,5.790444e-03,3.67738119e-03,0.991469,90.7140,239.2125
1,backend,numeric,4,0.1000,1.0e-03,-1,SAM,0.3301,0.017577,6.383880e-03,3.77335341e-03,0.992099,92.3886,242.6257
1,backend,numeric,4,0.1000,1.0e-03,-1,SAM,0.3301,0.017577,7.038136e-03,3.85443060e-03,0.992780,94.1239,246.3953
1,backend,numeric,4,0.1000,1.0e-03,-1,SAM,0.3301,0.017577,7.759442e-03,3.91600995e-03,0.993507,95.9595,250.5814
1,backend,numeric,4,0.1000,1.0e-03,-1,SAM,0.3301,0.017577,8.554673e-03,3.95165713e-03,0.994272,97.9591,255.2591
1,backend,numeric,4,0.1000,1.0e-03,-1,SAM,0.3301,0.017577,9.431402e-03,3.95196368e-03,0.995061,100.2341,260.5294
1,backend,numeric,4,0.1000,1.0e-03,-1,SAM,0.3301,0.017577,1.039798e-02,3.90321889e-03,0.995850,102.9975,266.5344
1,backend,numeric,4,0.1000,1.0e-03,-1,SAM,0.3301,0.017577,1.146363e-02,3.78479593e-03,0.996600,106.6855,273.4920
1,backend,numeric,4,0.1000,1.0e-03,-1,SAM,0.3301,0.017577,1.263848e-02,3.56231134e-03,0.997221,112.2568,281.7811
1,backend,numeric,4,0.1000,1.0e-03,-1,SAM,0.3301,0.017577,1.393374e-02,3.17687025e-03,0.997407,121.8230,292.1631
1,backend,numeric,4,0.1000,1.0e-03,-1,SAM,0.3301,0.017577,1.536175e-02,2.51239691e-03,0.995238,137.8295,306.3456
1,backend,numeric,4,0.1000,1.0e-03,-1,SAM,0.3301,0.017577,1.693611e-02,1.81974919e-03,0.973688,151.0478,326.8581
1,backend,numeric,4,0.1000,1.0e-03,-1,SAM,0.3301,0.017577,1.867181e-02,2.19992729e-03,0.952256,144.7450,333.9394
1,backend,numeric,4,0.1000,1.0e-03,-1,SAM,0.3301,0.017577,2.058540e-02,2.46502079e-03,0.935862,140.7824,326.2072
1,backend,numeric,4,0.1000,1.0e-03,-1,SAM,0.3301,0.017577,2.269511e-02,2.67070961e-03,0.921019,137.3139,314.9386
1,backend,numeric,4,0.1000,1.0e-03,-1,SAM,0.3301,0.017577,2.502102e-02,2.85174300e-03,0.907607,133.6347,301.0338
1,backend,numeric,4,0.1000,1.0e-03,-1,SAM,0.3301,0.017577,2.758532e-02,3.01908249e-03,0.895652,129.6900,285.0448
1,backend,numeric,4,0.1000,1.0e-03,-1,SAM,0.3301,0.017577,3.041241e-02,3.17721830e-03,0.885161,125.8805,267.2692
1,backend,numeric,4,0.1000,1.0e-03,-1,SAM,0.3301,0.017577,3.352924e-02,3.32930885e-03,0.875964,122.9179,247.6448
1,backend,numeric,4,0.1000,1.0e-03,-1,SAM,0.3301,0.017577,3.696550e-02,3.47953498e-03,0.867617,121.4669,225.6921
1,backend,numeric,4,0.1000,1.0e-03,-1,SAM,0.3301,0.017577,4.075393e-02,3.63345561e-03,0.859523,121.5506,200.5565
1,backend,numeric,4,0.1000,1.0e-03,-1,SAM,0.3301,0.017577,4.493062e-02,3.79506039e-03,0.851271,122.0448,171.3330
1,backend,numeric,4,0.1000,1.0e-03,-1,SAM,0.3301,0.017577,4.953535e-02,3.96334243e-03,0.843106,121.2088,138.0669
1,backend,numeric,4,0.1000,1.0e-03,-1,SAM,0.3301,0.017577,5.461201e-02,4.13315911e-03,0.835772,118.9642,102.0135
1,backend,numeric,4,0.1000,1.0e-03,-1,SAM,0.3301,0.017577,6.020894e-02,4.30449895e-03,0.829419,118.0082,63.2057
1,backend,numeric,4,0.1000,1.0e-03,-1,SAM,0.3301,0.017577,6.637949e-02,4.48808329e-03,0.822942,119.7224,18.8334
1,backend,numeric,4,0.1000,1.0e-03,-1,SAM,0.3301,0.017577,7.318242e-02,4.68726535e-03,0.816056,119.1615,326.9502
1,backend,numeric,4,0.1000,1.0e-03,-1,SAM,0.3301,0.017577,8.068256e-02,4.87924800e-03,0.811328,113.2607,273.1637
1,backend,numeric,4,0.1000,1.0e-03,-1,SAM,0.3301,0.017577,8.895135e-02,5.05119180e-03,0.809502,110.1318,220.0849
1,backend,numeric,4,0.1000,1.0e-03,-1,SAM,0.3301,0.017577,9.806757e-02,5.23424891e-03,0.808103,111.1110,163.3348
1,backend,numeric,4,0.1000,1.0e-03,-1,SAM,0.3301,0.017577,1.081181e-01,5.43030932e-03,0.807118,109.2513,102.3788
1,backend,numeric,4,0.1000,1.0e-03,-1,SAM,0.3301,0.017577,1.191986e-01,5.63575842e-03,0.806905,110.6972,36.7204
1,backend,numeric,4,0.1000,1.0e-03,-1,SAM,0.3301,0.017577,1.314147e-01,5.88018049e-03,0.805753,110.3038,321.0555
1,backend,numeric,4,0.1000,1.0e-03,-1,SAM,0.3301,0.017577,1.448828e-01,6.08100577e-03,0.808141,102.1050,246.6768
1,backend,numeric,4,0.1000,1.0e-03,-1,SAM,0.3301,0.017577,1.597312e-01,6.24746324e-03,0.812943,101.9116,174.0086
1,backend,numeric,4,0.1000,1.0e-03,-1,SAM,0.3301,0.017577,1.761014e-01,6.42569407e-03,0.818283,100.1293,98.4357
1,backend,numeric,4,0.1000,1.0e-03,-1,SAM,0.3301,0.017577,1.941492e-01,6.64868215e-03,0.823177,104.7963,14.6623
1,backend,numeric,4,0.1000,1.0e-03,-1,SAM,0.3301,0.017577,2.140467e-01,6.89804942e-03,0.828312,96.7286,284.1321
1,backend,numeric,4,0.1000,1.0e-03,-1,SAM,0.3301,0.017577,2.359833e-01,6.94511102e-03,0.839694,91.4941,198.2343
1,backend,numeric,4,0.1000,1.0e-03,-1,SAM,0.3301,0.017577,2.601682e-01,6.91415420e-03,0.853297,88.6415,111.0545
1,backend,numeric,4,0.1000,1.0e-03,-1,SAM,0.3301,0.017577,2.868317e-01,6.98408310e-03,0.864717,96.4247,15.1816
1,backend,numeric,4,0.1000,1.0e-03,-1,SAM,0.3301,0.017577,3.162278e-01,6.98032429e-03,0.878007,82.1113,274.5389
1,backend,numeric,4,0.1000,1.0e-03,-1,SAM,0.3301,0.017577,3.486365e-01,6.14851196e-03,0.908567,72.3422,164.0041
1,backend,numeric,4,0.1000,1.0e-03,-1,SAM,0.3301,0.017577,3.843667e-01,4.21901249e-03,0.980819,70.8198,56.6138
1,backend,numeric,4,0.1000,1.0e-03,-1,SAM,0.3301,0.017577,4.237587e-01,5.84951034e-03,0.918028,118.3864,134.5800
1,backend,numeric,4,0.1000,1.0e-03,-1,SAM,0.3301,0.017577,4.671878e-01,7.99782612e-03,0.874720,123.4968,17.7216
1,backend,numeric,4,0.1000,1.0e-03,-1,SAM,0.3301,0.017577,5.150678e-01,9.43640444e-03,0.861138,105.0637,243.3212
1,backend,numeric,4,0.1000,1.0e-03,-1,SAM,0.3301,0.017577,5.678548e-01,1.00627738e-02,0.873750,95.8762,121.7039
1,backend,numeric,4,0.1000,1.0e-03,-1,SAM,0.3301,0.017577,6.260517e-01,1.13530158e-02,0.875907,111.6472,5.0640
1,backend,numeric,4,0.1000,1.0e-03,-1,SAM,0.3301,0.017577,6.902129e-01,1.20032773e-02,0.890698,84.5400,251.2142
1,backend,numeric,4,0.1000,1.0e-03,-1,SAM,0.3301,0.017577,7.609497e-01,9.60817917e-03,0.936906,71.0036,110.4726
1,backend,numeric,4,0.1000,1.0e-03,-1,SAM,0.3301,0.017577,8.389360e-01,7.79568134e-03,0.959398,141.8985,187.8293
1,backend,numeric,4,0.1000,1.0e-03,-1,SAM,0.3301,0.017577,9.249147e-01,1.43920641e-02,0.871075,135.6213,88.6637
1,backend,numeric,4,0.1000,1.0e-03,-1,SAM,0.3301,0.017577,1.019705e+00,1.79216563e-02,0.827276,127.9400,256.0437
1,backend,numeric,4,0.1000,1.0e-03,-1,SAM,0.3301,0.017577,1.124210e+00,2.03351329e-02,0.839859,124.4054,107.7633
1,backend,numeric,4,0.1000,1.0e-03,-1,SAM,0.3301,0.017577,1.239425e+00,2.36299059e-02,0.835666,125.2395,287.4416
1,backend,numeric,4,0.1000,1.0e-03,-1,SAM,0.3301,0.017577,1.366448e+00,2.51107612e-02,0.874865,98.4883,169.3872
1,backend,numeric,4,0.1000,1.0e-03,-1,SAM,0.3301,0.017577,1.506489e+00,2.82448390e-02,0.899026,125.8107,77.4851
1,backend,numeric,4,0.1000,1.0e-03,-1,SAM,0.3301,0.017577,1.660883e+00,3.53073615e-02,0.882335,119.6263,293.7207
1,backend,numeric,4,0.1000,1.0e-03,-1,SAM,0.3301,0.017577,1.831099e+00,3.19172486e-02,0.937873,67.1826,191.4575
1,backend,numeric,4,0.1000,1.0e-03,-1,SAM,0.3301,0.017577,2.018760e+00,4.97567611e-02,0.995996,101.0639,210.4831
1,backend,numeric,4,0.1000,1.0e-03,-1,SAM,0.3301,0.017577,2.225654e+00,2.32647398e-02,0.917773,118.6535,280.4073
1,backend,numeric,4,0.1000,1.0e-03,-1,SAM,0.3301,0.017577,2.453751e+00,3.87352157e-02,0.991478,77.5578,204.4979
1,backend,numeric,4,0.1000,1.0e-03,-1,SAM,0.3301,0.017577,2.705225e+00,1.64051423e-01,0.998103,58.6366,252.5396
1,backend,numeric,4,0.1000,1.0e-03,-1,SAM,0.3301,0.017577,2.982471e+00,3.73444736e-01,0.999939,18.3440,157.7868
1,backend,numeric,4,0.1000,1.0e-03,-1,SAM,0.3301,0.017577,3.288131e+00,4.94036546e-01,0.999988,123.3670,128.9882
1,backend,numeric,4,0.1000,1.0e-03,-1,SAM,0.3301,0.017577,3.625117e+00,2.66982241e-01,0.999955,117.1014,263.7365
1,backend,numeric,4,0.1000,1.0e-03,-1,SAM,0.3301,0.017577,3.996639e+00,4.38479179e-01,0.999996,21.8863,339.8795
1,backend,numeric,4,0.1000,1.0e-03,-1,SAM,0.3301,0.017577,4.406236e+00,5.35798678e-01,0.999999,154.2727,55.4780
1,backend,numeric,4,0.1000,1.0e-03,-1,SAM,0.3301,0.017577,4.857812e+00,2.87856272e-01,0.999998,75.6549,301.4443
1,backend,numeric,4,0.1000,1.0e-03,-1,SAM,0.3301,0.017577,5.355667e+00,5.43360182e-01,1.000000,105.7608,36.2434
1,backend,numeric,4,0.1000,1.0e-03,-1,SAM,0.3301,0.017577,5.904545e+00,3.26434291e-01,1.000000,83.8924,311.8450
1,backend,numeric,4,0.1000,1.0e-03,-1,SAM,0.3301,0.017577,6.509675e+00,5.57105936e-01,1.000000,122.3550,19.6753
1,backend,numeric,4,0.1000,1.0e-03,-1,SAM,0.3301,0.017577,7.176822e+00,5.41419248e-01,1.000000,60.3719,356.6229
1,backend,numeric,4,0.1000,1.0e-03,-1,SAM,0.3301,0.017577,7.912343e+00,5.01405740e-01,1.000000,103.3441,315.9975
1,backend,numeric,4,0.1000,1.0e-03,-1,SAM,0.3301,0.017577,8.723243e+00,6.93383554e-01,1.000000,132.0571,350.6534
1,backend,numeric,4,0.1000,1.0e-03,-1,SAM,0.3301,0.017577,9.617249e+00,8.69637883e-01,1.000000,118.2082,22.9072
1,backend,numeric,4,0.1000,1.0e-03,-1,SAM,0.3301,0.017577,1.060288e+01,NaN,NaN,NaN,NaN
1,backend,numeric,4,0.1000,1.0e-03,-1,SAM,0.3301,0.017577,1.168952e+01,NaN,NaN,NaN,NaN
1,backend,numeric,4,0.1000,1.0e-03,-1,SAM,0.3301,0.017577,1.288752e+01,NaN,NaN,NaN,NaN
1,backend,numeric,4,0.1000,1.0e-03,-1,SAM,0.3301,0.017577,1.420831e+01,NaN,NaN,NaN,NaN
1,backend,numeric,4,0.1000,1.0e-03,-1,SAM,0.3301,0.017577,1.566445e+01,NaN,NaN,NaN,NaN
1,backend,numeric,4,0.1000,1.0e-03,-1,SAM,0.3301,0.017577,1.726983e+01,NaN,NaN,NaN,NaN
1,backend,numeric,4,0.1000,1.0e-03,-1,SAM,0.3301,0.017577,1.903974e+01,NaN,NaN,NaN,NaN
1,backend,numeric,4,0.1000,1.0e-03,-1,SAM,0.3301,0.017577,2.099104e+01,NaN,NaN,NaN,NaN
1,backend,numeric,4,0.1000,1.0e-03,-1,SAM,0.3301,0.017577,2.314231e+01,NaN,NaN,NaN,NaN
1,backend,numeric,4,0.1000,1.0e-03,-1,SAM,0.3301,0.017577,2.551407e+01,NaN,NaN,NaN,NaN
1,backend,numeric,4,0.1000,1.0e-03,-1,SAM,0.3301,0.017577,2.812889e+01,NaN,NaN,NaN,NaN
1,backend,numeric,4,0.1000,1.0e-03,-1,SAM,0.3301,0.017577,3.101169e+01,NaN,NaN,NaN,NaN
1,backend,numeric,4,0.1000,1.0e-03,-1,SAM,0.3301,0.017577,3.418994e+01,NaN,NaN,NaN,NaN
1,backend,numeric,4,0.1000,1.0e-03,-1,SAM,0.3301,0.017577,3.769391e+01,NaN,NaN,NaN,NaN
1,backend,numeric,4,0.1000,1.0e-03,-1,SAM,0.3301,0.017577,4.155699e+01,NaN,NaN,NaN,NaN
1,backend,numeric,4,0.1000,1.0e-03,-1,SAM,0.3301,0.017577,4.581598e+01,NaN,NaN,NaN,NaN
1,backend,numeric,4,0.1000,1.0e-03,-1,SAM,0.3301,0.017577,5.051145e+01,NaN,NaN,NaN,NaN
1,backend,numeric,4,0.1000,1.0e-03,-1,SAM,0.3301,0.017577,5.568814e+01,NaN,NaN,NaN,NaN
1,backend,numeric,4,0.1000,1.0e-03,-1,SAM,0.3301,0.017577,6.139537e+01,NaN,NaN,NaN,NaN
1,backend,numeric,4,0.1000,1.0e-03,-1,SAM,0.3301,0.017577,6.768750e+01,NaN,NaN,NaN,NaN
1,backend,numeric,4,0.1000,1.0e-03,-1,SAM,0.3301,0.017577,7.462449e+01,NaN,NaN,NaN,NaN
1,backend,numeric,4,0.1000,1.0e-03,-1,SAM,0.3301,0.017577,8.227241e+01,NaN,NaN,NaN,NaN
1,backend,numeric,4,0.1000,1.0e-03,-1,SAM,0.3301,0.017577,9.070414e+01,NaN,NaN,NaN,NaN
1,backend,numeric,4,0.1000,1.0e-03,-1,SAM,0.3301,0.017577,1.000000e+02,NaN,NaN,NaN,NaN
2,backend,numeric,7,1.8000,1.0e-03,-1,SAM,0.1265,0.006735,0.000000e+00,6.91376261e-04,0.966257,21.1350,19.4625
2,backend,numeric,7,1.8000,1.0e-03,-1,SAM,0.1265,0.006735,1.000000e-03,1.12789164e-03,0.997832,44.2424,34.2312
2,backend,numeric,7,1.8000,1.0e-03,-1,SAM,0.1265,0.006735,1.102485e-03,1.19294495e-03,0.998185,47.3896,35.7026
2,backend,numeric,7,1.8000,1.0e-03,-1,SAM,0.1265,0.006735,1.215474e-03,1.26410040e-03,0.998456,50.7240,37.2583
2,backend,numeric,7,1.8000,1.0e-03,-1,SAM,0.1265,0.006735,1.340043e-03,1.34229340e-03,0.998657,54.1692,38.8989
2,backend,numeric,7,1.8000,1.0e-03,-1,SAM,0.1265,0.006735,1.477378e-03,1.42841332e-03,0.998802,57.6267,40.6247
2,backend,numeric,7,1.8000,1.0e-03,-1,SAM,0.1265,0.006735,1.628787e-03,1.52318319e-03,0.998901,60.9985,42.4365
2,backend,numeric,7,1.8000,1.0e-03,-1,SAM,0.1265,0.006735,1.795714e-03,1.62696422e-03,0.998967,64.2027,44.3357
2,backend,numeric,7,1.8000,1.0e-03,-1,SAM,0.1265,0.006735,1.979749e-03,1.73969544e-03,0.999009,67.1859,46.3251
2,backend,numeric,7,1.8000,1.0e-03,-1,SAM,0.1265,0.006735,2.182645e-03,1.86066826e-03,0.999037,69.9217,48.4114
2,backend,numeric,7,1.8000,1.0e-03,-1,SAM,0.1265,0.006735,2.406334e-03,1.98872700e-03,0.999061,72.4078,50.6045
2,backend,numeric,7,1.8000,1.0e-03,-1,SAM,0.1265,0.006735,2.652948e-03,2.12291630e-03,0.999082,74.6627,52.9138
2,backend,numeric,7,1.8000,1.0e-03,-1,SAM,0.1265,0.006735,2.924837e-03,2.26262932e-03,0.999105,76.7149,55.3473
2,backend,numeric,7,1.8000,1.0e-03,-1,SAM,0.1265,0.006735,3.224591e-03,2.40746891e-03,0.999131,78.5944,57.9135
2,backend,numeric,7,1.8000,1.0e-03,-1,SAM,0.1265,0.006735,3.555064e-03,2.55708124e-03,0.999160,80.3288,60.6214
2,backend,numeric,7,1.8000,1.0e-03,-1,SAM,0.1265,0.006735,3.919407e-03,2.71106602e-03,0.999194,81.9425,63.4815
2,backend,numeric,7,1.8000,1.0e-03,-1,SAM,0.1265,0.006735,4.321089e-03,2.86885301e-03,0.999232,83.4568,66.5055
2,backend,numeric,7,1.8000,1.0e-03,-1,SAM,0.1265,0.006735,4.763938e-03,3.02978007e-03,0.999275,84.8910,69.7063
2,backend,numeric,7,1.8000,1.0e-03,-1,SAM,0.1265,0.006735,5.252173e-03,3.19285201e-03,0.999322,86.2624,73.0998
2,backend,numeric,7,1.8000,1.0e-03,-1,SAM,0.1265,0.006735,5.790444e-03,3.35675827e-03,0.999374,87.5879,76.7037
2,backend,numeric,7,1.8000,1.0e-03,-1,SAM,0.1265,0.006735,6.383880e-03,3.52001952e-03,0.999430,88.8869,80.5379
2,backend,numeric,7,1.8000,1.0e-03,-1,SAM,0.1265,0.006735,7.038136e-03,3.68076062e-03,0.999488,90.1821,84.6269
2,backend,numeric,7,1.8000,1.0e-03,-1,SAM,0.1265,0.006735,7.759442e-03,3.83644329e-03,0.999548,91.5012,89.0018
2,backend,numeric,7,1.8000,1.0e-03,-1,SAM,0.1265,0.006735,8.554673e-03,3.98328571e-03,0.999609,92.8811,93.6993
2,backend,numeric,7,1.8000,1.0e-03,-1,SAM,0.1265,0.006735,9.431402e-03,4.11574855e-03,0.999669,94.3756,98.7645
2,backend,numeric,7,1.8000,1.0e-03,-1,SAM,0.1265,0.006735,1.039798e-02,4.22565076e-03,0.999727,96.0687,104.2567
2,backend,numeric,7,1.8000,1.0e-03,-1,SAM,0.1265,0.006735,1.146363e-02,4.30074278e-03,0.999782,98.1027,110.2602
2,backend,numeric,7,1.8000,1.0e-03,-1,SAM,0.1265,0.006735,1.263848e-02,4.32176438e-03,0.999832,100.7428,116.9038
2,backend,numeric,7,1.8000,1.0e-03,-1,SAM,0.1265,0.006735,1.393374e-02,4.25422464e-03,0.999876,104.5473,124.3986
2,backend,numeric,7,1.8000,1.0e-03,-1,SAM,0.1265,0.006735,1.536175e-02,4.03474122e-03,0.999912,110.8868,133.1585
2,backend,numeric,7,1.8000,1.0e-03,-1,SAM,0.1265,0.006735,1.693611e-02,3.54511867e-03,0.999926,123.5674,144.2543
2,backend,numeric,7,1.8000,1.0e-03,-1,SAM,0.1265,0.006735,1.867181e-02,2.57760077e-03,0.999793,146.2809,160.8628
2,backend,numeric,7,1.8000,1.0e-03,-1,SAM,0.1265,0.006735,2.058540e-02,9.55325143e-04,0.974511,170.3835,198.7799
2,backend,numeric,7,1.8000,1.0e-03,-1,SAM,0.1265,0.006735,2.269511e-02,1.24621239e-03,0.920897,167.5987,211.9472
2,backend,numeric,7,1.8000,1.0e-03,-1,SAM,0.1265,0.006735,2.502102e-02,1.39968546e-03,0.879928,167.0235,200.6102
2,backend,numeric,7,1.8000,1.0e-03,-1,SAM,0.1265,0.006735,2.758532e-02,1.52337200e-03,0.845508,166.9640,171.8495
2,backend,numeric,7,1.8000,1.0e-03,-1,SAM,0.1265,0.006735,3.041241e-02,1.63200405e-03,0.816005,166.3718,125.5696
2,backend,numeric,7,1.8000,1.0e-03,-1,SAM,0.1265,0.006735,3.352924e-02,1.73047550e-03,0.790692,165.3914,67.5702
2,backend,numeric,7,1.8000,1.0e-03,-1,SAM,0.1265,0.006735,3.696550e-02,1.82095822e-03,0.768846,165.4498,352.0916
2,backend,numeric,7,1.8000,1.0e-03,-1,SAM,0.1265,0.006735,4.075393e-02,1.90421166e-03,0.750287,163.4441,260.6774
2,backend,numeric,7,1.8000,1.0e-03,-1,SAM,0.1265,0.006735,4.493062e-02,1.98067975e-03,0.734980,163.2636,158.6826
2,backend,numeric,7,1.8000,1.0e-03,-1,SAM,0.1265,0.006735,4.953535e-02,2.05091959e-03,0.722301,162.5905,37.4813
2,backend,numeric,7,1.8000,1.0e-03,-1,SAM,0.1265,0.006735,5.461201e-02,2.11484597e-03,0.712319,160.9818,257.1621
2,backend,numeric,7,1.8000,1.0e-03,-1,SAM,0.1265,0.006735,6.020894e-02,2.17245741e-03,0.705326,160.5759,104.4454
2,backend,numeric,7,1.8000,1.0e-03,-1,SAM,0.1265,0.006735,6.637949e-02,2.22475473e-03,0.700952,159.4209,291.7853
2,backend,numeric,7,1.8000,1.0e-03,-1,SAM,0.1265,0.006735,7.318242e-02,2.27192037e-03,0.699933,158.3655,108.1657
2,backend,numeric,7,1.8000,1.0e-03,-1,SAM,0.1265,0.006735,8.068256e-02,2.31575696e-03,0.701893,156.4705,267.7234
2,backend,numeric,7,1.8000,1.0e-03,-1,SAM,0.1265,0.006735,8.895135e-02,2.35863938e-03,0.707343,155.3516,59.2816
2,backend,numeric,7,1.8000,1.0e-03,-1,SAM,0.1265,0.006735,9.806757e-02,2.40338390e-03,0.716833,153.4819,199.4318
2,backend,numeric,7,1.8000,1.0e-03,-1,SAM,0.1265,0.006735,1.081181e-01,2.45554765e-03,0.730697,151.7887,331.4687
2,backend,numeric,7,1.8000,1.0e-03,-1,SAM,0.1265,0.006735,1.191986e-01,2.52278851e-03,0.750092,148.8946,105.7393
2,backend,numeric,7,1.8000,1.0e-03,-1,SAM,0.1265,0.006735,1.314147e-01,2.61876237e-03,0.775521,144.6070,246.8510
2,backend,numeric,7,1.8000,1.0e-03,-1,SAM,0.1265,0.006735,1.448828e-01,2.76891822e-03,0.805954,141.4708,48.4945
2,backend,numeric,7,1.8000,1.0e-03,-1,SAM,0.1265,0.006735,1.597312e-01,3.00971659e-03,0.841728,135.3091,235.7731
2,backend,numeric,7,1.8000,1.0e-03,-1,SAM,0.1265,0.006735,1.761014e-01,3.41785251e-03,0.877324,129.5977,105.9158
2,backend,numeric,7,1.8000,1.0e-03,-1,SAM,0.1265,0.006735,1.941492e-01,4.10655505e-03,0.911825,125.5089,15.9979
2,backend,numeric,7,1.8000,1.0e-03,-1,SAM,0.1265,0.006735,2.140467e-01,5.23960679e-03,0.939922,110.1551,311.9733
2,backend,numeric,7,1.8000,1.0e-03,-1,SAM,0.1265,0.006735,2.359833e-01,6.20613391e-03,0.976362,83.7631,298.9250
2,backend,numeric,7,1.8000,1.0e-03,-1,SAM,0.1265,0.006735,2.601682e-01,4.70140276e-03,0.994580,142.1860,14.8722
2,backend,numeric,7,1.8000,1.0e-03,-1,SAM,0.1265,0.006735,2.868317e-01,6.42557122e-03,0.934371,140.3738,9.9919
2,backend,numeric,7,1.8000,1.0e-03,-1,SAM,0.1265,0.006735,3.162278e-01,9.54540087e-03,0.952375,120.6852,327.8988
2,backend,numeric,7,1.8000,1.0e-03,-1,SAM,0.1265,0.006735,3.486365e-01,1.31918630e-02,0.979956,102.6896,341.2058
2,backend,numeric,7,1.8000,1.0e-03,-1,SAM,0.1265,0.006735,3.843667e-01,9.50843140e-03,0.958353,134.4682,51.4620
2,backend,numeric,7,1.8000,1.0e-03,-1,SAM,0.1265,0.006735,4.237587e-01,2.01760294e-02,0.965672,122.8850,47.7568
2,backend,numeric,7,1.8000,1.0e-03,-1,SAM,0.1265,0.006735,4.671878e-01,1.80750958e-02,0.968784,132.9422,98.0098
2,backend,numeric,7,1.8000,1.0e-03,-1,SAM,0.1265,0.006735,5.150678e-01,1.98144873e-02,0.969401,126.0466,168.7003
2,backend,numeric,7,1.8000,1.0e-03,-1,SAM,0.1265,0.006735,5.678548e-01,1.28460276e-02,0.973977,122.7614,253.2620
2,backend,numeric,7,1.8000,1.0e-03,-1,SAM,0.1265,0.006735,6.260517e-01,6.79736768e-03,0.969209,121.0419,34.9600
2,backend,numeric,7,1.8000,1.0e-03,-1,SAM,0.1265,0.006735,6.902129e-01,9.61498471e-03,0.972116,117.2948,184.6106
2,backend,numeric,7,1.8000,1.0e-03,-1,SAM,0.1265,0.006735,7.609497e-01,6.05393082e-03,0.963888,116.4911,43.6928
2,backend,numeric,7,1.8000,1.0e-03,-1,SAM,0.1265,0.006735,8.389360e-01,8.14031097e-03,0.970906,112.2776,250.0461
2,backend,numeric,7,1.8000,1.0e-03,-1,SAM,0.1265,0.006735,9.249147e-01,7.80076054e-03,0.970232,116.3578,153.0742
2,backend,numeric,7,1.8000,1.0e-03,-1,SAM,0.1265,0.006735,1.019705e+00,8.18992693e-03,0.969797,112.3777,75.4974
2,backend,numeric,7,1.8000,1.0e-03,-1,SAM,0.1265,0.006735,1.124210e+00,6.65811668e-03,0.964638,111.4329,31.6166
2,backend,numeric,7,1.8000,1.0e-03,-1,SAM,0.1265,0.006735,1.239425e+00,5.71327599e-03,0.965538,115.2877,25.9230
2,backend,numeric,7,1.8000,1.0e-03,-1,SAM,0.1265,0.006735,1.366448e+00,6.61501441e-03,0.964503,113.0069,58.5807
2,backend,numeric,7,1.8000,1.0e-03,-1,SAM,0.1265,0.006735,1.506489e+00,8.79742148e-03,0.968643,113.0262,116.2962
2,backend,numeric,7,1.8000,1.0e-03,-1,SAM,0.1265,0.006735,1.660883e+00,7.55701318e-03,0.971063,116.0844,212.3995
2,backend,numeric,7,1.8000,1.0e-03,-1,SAM,0.1265,0.006735,1.831099e+00,5.63221058e-03,0.963742,116.2875,31.8858
2,backend,numeric,7,1.8000,1.0e-03,-1,SAM,0.1265,0.006735,2.018760e+00,8.11512181e-03,0.968441,114.0280,214.4232
2,backend,numeric,7,1.8000,1.0e-03,-1,SAM,0.1265,0.006735,2.225654e+00,7.85418826e-03,0.970598,114.3086,119.1015
2,backend,numeric,7,1.8000,1.0e-03,-1,SAM,0.1265,0.006735,2.453751e+00,8.49440085e-03,0.967788,112.5243,104.3325
2,backend,numeric,7,1.8000,1.0e-03,-1,SAM,0.1265,0.006735,2.705225e+00,8.73193203e-03,0.971250,114.3240,141.5225
2,backend,numeric,7,1.8000,1.0e-03,-1,SAM,0.1265,0.006735,2.982471e+00,8.27784059e-03,0.971352,111.7435,249.1343
2,backend,numeric,7,1.8000,1.0e-03,-1,SAM,0.1265,0.006735,3.288131e+00,8.06398373e-03,0.969362,113.2337,99.7022
2,backend,numeric,7,1.8000,1.0e-03,-1,SAM,0.1265,0.006735,3.625117e+00,5.84037886e-03,0.963599,116.4350,58.3050
2,backend,numeric,7,1.8000,1.0e-03,-1,SAM,0.1265,0.006735,3.996639e+00,8.22725721e-03,0.970509,113.1948,85.8469
2,backend,numeric,7,1.8000,1.0e-03,-1,SAM,0.1265,0.006735,4.406236e+00,6.85420826e-03,0.969157,115.5005,251.1408
2,backend,numeric,7,1.8000,1.0e-03,-1,SAM,0.1265,0.006735,4.857812e+00,7.78984278e-03,0.969777,116.2855,174.5891
2,backend,numeric,7,1.8000,1.0e-03,-1,SAM,0.1265,0.006735,5.355667e+00,6.93490634e-03,0.969422,115.4237,243.7996
2,backend,numeric,7,1.8000,1.0e-03,-1,SAM,0.1265,0.006735,5.904545e+00,8.34711379e-03,0.971032,114.1404,106.4407
2,backend,numeric,7,1.8000,1.0e-03,-1,SAM,0.1265,0.006735,6.509675e+00,8.86399368e-03,0.970180,113.8741,134.6640
2,backend,numeric,7,1.8000,1.0e-03,-1,SAM,0.1265,0.006735,7.176822e+00,5.48524060e-03,0.973425,118.6110,345.9324
2,backend,numeric,7,1.8000,1.0e-03,-1,SAM,0.1265,0.006735,7.912343e+00,8.12977999e-03,0.967472,110.7479,67.2279
2,backend,numeric,7,1.8000,1.0e-03,-1,SAM,0.1265,0.006735,8.723243e+00,5.60174353e-03,0.976115,117.1669,354.3091
2,backend,numeric,7,1.8000,1.0e-03,-1,SAM,0.1265,0.006735,9.617249e+00,8.38243637e-03,0.972325,115.1390,173.6625
2,backend,numeric,7,1.8000,1.0e-03,-1,SAM,0.1265,0.006735,1.060288e+01,7.24831718e-03,0.969375,112.5944,274.8430
2,backend,numeric,7,1.8000,1.0e-03,-1,SAM,0.1265,0.006735,1.168952e+01,6.76070217e-03,0.975977,111.6620,323.7863
2,backend,numeric,7,1.8000,1.0e-03,-1,SAM,0.1265,0.006735,1.288752e+01,4.96945211e-03,0.967452,119.7814,6.6299
2,backend,numeric,7,1.8000,1.0e-03,-1,SAM,0.1265,0.006735,1.420831e+01,6.19123512e-03,0.964754,113.1083,31.7435
2,backend,numeric,7,1.8000,1.0e-03,-1,SAM,0.1265,0.006735,1.566445e+01,8.91193627e-03,0.969537,112.9737,123.3056
2,backend,numeric,7,1.8000,1.0e-03,-1,SAM,0.1265,0.006735,1.726983e+01,7.44271331e-03,0.972349,110.9619,295.2014
2,backend,numeric,7,1.8000,1.0e-03,-1,SAM,0.1265,0.006735,1.903974e+01,8.28770246e-03,0.970324,112.1745,243.0894
2,backend,numeric,7,1.8000,1.0e-03,-1,SAM,0.1265,0.006735,2.099104e+01,7.41813663e-03,0.965342,110.2483,42.9227
2,backend,numeric,7,1.8000,1.0e-03,-1,SAM,0.1265,0.006735,2.314231e+01,7.75351700e-03,0.968079,111.1040,60.9907
2,backend,numeric,7,1.8000,1.0e-03,-1,SAM,0.1265,0.006735,2.551407e+01,6.14493847e-03,0.963569,115.3561,62.2684
2,backend,numeric,7,1.8000,1.0e-03,-1,SAM,0.1265,0.006735,2.812889e+01,6.90284373e-03,0.965067,110.8362,36.3513
2,backend,numeric,7,1.8000,1.0e-03,-1,SAM,0.1265,0.006735,3.101169e+01,7.83527496e-03,0.971252,115.3900,120.1046
2,backend,numeric,7,1.8000,1.0e-03,-1,SAM,0.1265,0.006735,3.418994e+01,5.81006709e-03,0.965021,114.6462,22.6473
2,backend,numeric,7,1.8000,1.0e-03,-1,SAM,0.1265,0.006735,3.769391e+01,8.01036476e-03,0.971818,115.9980,183.6947
2,backend,numeric,7,1.8000,1.0e-03,-1,SAM,0.1265,0.006735,4.155699e+01,6.08689124e-03,0.977011,115.1625,0.0165
2,backend,numeric,7,1.8000,1.0e-03,-1,SAM,0.1265,0.006735,4.581598e+01,7.53653975e-03,0.974115,110.9461,282.0022
2,backend,numeric,7,1.8000,1.0e-03,-1,SAM,0.1265,0.006735,5.051145e+01,8.59529632e-03,0.967377,112.2883,104.8481
2,backend,numeric,7,1.8000,1.0e-03,-1,SAM,0.1265,0.006735,5.568814e+01,7.44209172e-03,0.970859,111.5882,276.7731
2,backend,numeric,7,1.8000,1.0e-03,-1,SAM,0.1265,0.006735,6.139537e+01,7.20253039e-03,0.968717,112.1701,281.9397
2,backend,numeric,7,1.8000,1.0e-03,-1,SAM,0.1265,0.006735,6.768750e+01,7.45788232e-03,0.969845,115.1718,231.9301
2,backend,numeric,7,1.8000,1.0e-03,-1,SAM,0.1265,0.006735,7.462449e+01,6.20793708e-03,0.976983,114.1063,350.6809
2,backend,numeric,7,1.8000,1.0e-03,-1,SAM,0.1265,0.006735,8.227241e+01,8.00101661e-03,0.969158,112.9496,93.1842
2,backend,numeric,7,1.8000,1.0e-03,-1,SAM,0.1265,0.006735,9.070414e+01,7.11798578e-03,0.963750,112.3672,70.6344
2,backend,numeric,7,1.8000,1.0e-03,-1,SAM,0.1265,0.006735,1.000000e+02,8.06619872e-03,0.971290,114.6277,104.3219
3,backend,numeric,10,10.0000,1.0e-03,-1,LAM,0.3829,0.584198,0.000000e+00,2.42359495e-03,0.537624,145.0406,298.2331
3,backend,numeric,10,10.0000,1.0e-03,-1,LAM,0.3829,0.584198,1.000000e-03,2.30562247e-03,0.565757,144.4162,249.1163
3,backend,numeric,10,10.0000,1.0e-03,-1,LAM,0.3829,0.584198,1.102485e-03,2.29411481e-03,0.568682,144.3600,244.3085
3,backend,numeric,10,10.0000,1.0e-03,-1,LAM,0.3829,0.584198,1.215474e-03,2.28155501e-03,0.571914,144.3030,239.0534
3,backend,numeric,10,10.0000,1.0e-03,-1,LAM,0.3829,0.584198,1.340043e-03,2.26786407e-03,0.575485,144.2470,233.3133
3,backend,numeric,10,10.0000,1.0e-03,-1,LAM,0.3829,0.584198,1.477378e-03,2.25296156e-03,0.579431,144.1942,227.0478
3,backend,numeric,10,10.0000,1.0e-03,-1,LAM,0.3829,0.584198,1.628787e-03,2.23676911e-03,0.583790,144.1473,220.2130
3,backend,numeric,10,10.0000,1.0e-03,-1,LAM,0.3829,0.584198,1.795714e-03,2.21921125e-03,0.588603,144.1090,212.7611
3,backend,numeric,10,10.0000,1.0e-03,-1,LAM,0.3829,0.584198,1.979749e-03,2.20021626e-03,0.593915,144.0817,204.6409
3,backend,numeric,10,10.0000,1.0e-03,-1,LAM,0.3829,0.584198,2.182645e-03,2.17971755e-03,0.599776,144.0665,195.7970
3,backend,numeric,10,10.0000,1.0e-03,-1,LAM,0.3829,0.584198,2.406334e-03,2.15765251e-03,0.606239,144.0619,186.1702
3,backend,numeric,10,10.0000,1.0e-03,-1,LAM,0.3829,0.584198,2.652948e-03,2.13397396e-03,0.613361,144.0624,175.7021
3,backend,numeric,10,10.0000,1.0e-03,-1,LAM,0.3829,0.584198,2.924837e-03,2.10865749e-03,0.621200,144.0574,164.3400
3,backend,numeric,10,10.0000,1.0e-03,-1,LAM,0.3829,0.584198,3.224591e-03,2.08170591e-03,0.629819,144.0311,152.0428
3,backend,numeric,10,10.0000,1.0e-03,-1,LAM,0.3829,0.584198,3.555064e-03,2.05315598e-03,0.639278,143.9661,138.7887
3,backend,numeric,10,10.0000,1.0e-03,-1,LAM,0.3829,0.584198,3.919407e-03,2.02309544e-03,0.649639,143.8504,124.5805
3,backend,numeric,10,10.0000,1.0e-03,-1,LAM,0.3829,0.584198,4.321089e-03,1.99168166e-03,0.660953,143.6884,109.4419
3,backend,numeric,10,10.0000,1.0e-03,-1,LAM,0.3829,0.584198,4.763938e-03,1.95911446e-03,0.673271,143.5130,93.3996
3,backend,numeric,10,10.0000,1.0e-03,-1,LAM,0.3829,0.584198,5.252173e-03,1.92566711e-03,0.686625,143.3872,76.4635
3,backend,numeric,10,10.0000,1.0e-03,-1,LAM,0.3829,0.584198,5.790444e-03,1.89173948e-03,0.701015,143.3864,58.5976
3,backend,numeric,10,10.0000,1.0e-03,-1,LAM,0.3829,0.584198,6.383880e-03,1.85785390e-03,0.716397,143.5535,39.6972
3,backend,numeric,10,10.0000,1.0e-03,-1,LAM,0.3829,0.584198,7.038136e-03,1.82466191e-03,0.732685,143.8355,19.6182
3,backend,numeric,10,10.0000,1.0e-03,-1,LAM,0.3829,0.584198,7.759442e-03,1.79295345e-03,0.749754,144.0370,358.2855
3,backend,numeric,10,10.0000,1.0e-03,-1,LAM,0.3829,0.584198,8.554673e-03,1.76364970e-03,0.767464,143.8553,335.8737
3,backend,numeric,10,10.0000,1.0e-03,-1,LAM,0.3829,0.584198,9.431402e-03,1.73773454e-03,0.785693,143.0405,312.9212
3,backend,numeric,10,10.0000,1.0e-03,-1,LAM,0.3829,0.584198,1.039798e-02,1.71639712e-03,0.804320,141.6063,290.2129
3,backend,numeric,10,10.0000,1.0e-03,-1,LAM,0.3829,0.584198,1.146363e-02,1.70111953e-03,0.823150,139.9084,268.3849
3,backend,numeric,10,10.0000,1.0e-03,-1,LAM,0.3829,0.584198,1.263848e-02,1.69388090e-03,0.841841,138.4632,247.6315
3,backend,numeric,10,10.0000,1.0e-03,-1,LAM,0.3829,0.584198,1.393374e-02,1.69723541e-03,0.859912,137.6382,227.7591
3,backend,numeric,10,10.0000,1.0e-03,-1,LAM,0.3829,0.584198,1.536175e-02,1.71441409e-03,0.876859,137.4142,208.4822
3,backend,numeric,10,10.0000,1.0e-03,-1,LAM,0.3829,0.584198,1.693611e-02,1.74950486e-03,0.892307,137.3518,189.6527
3,backend,numeric,10,10.0000,1.0e-03,-1,LAM,0.3829,0.584198,1.867181e-02,1.80747100e-03,0.906186,136.7804,171.4575
3,backend,numeric,10,10.0000,1.0e-03,-1,LAM,0.3829,0.584198,2.058540e-02,1.89504166e-03,0.918766,135.0888,154.5342
3,backend,numeric,10,10.0000,1.0e-03,-1,LAM,0.3829,0.584198,2.269511e-02,2.02322011e-03,0.930476,131.9363,139.8023
3,backend,numeric,10,10.0000,1.0e-03,-1,LAM,0.3829,0.584198,2.502102e-02,2.21145656e-03,0.941534,127.2711,128.1017
3,backend,numeric,10,10.0000,1.0e-03,-1,LAM,0.3829,0.584198,2.758532e-02,2.49698589e-03,0.951666,121.0938,119.9083
3,backend,numeric,10,10.0000,1.0e-03,-1,LAM,0.3829,0.584198,3.041241e-02,2.96712848e-03,0.959902,112.7686,115.4402
3,backend,numeric,10,10.0000,1.0e-03,-1,LAM,0.3829,0.584198,3.352924e-02,3.43975971e-03,0.970531,106.0493,127.5615
3,backend,numeric,10,10.0000,1.0e-03,-1,LAM,0.3829,0.584198,3.696550e-02,3.13156906e-03,0.982839,113.8633,150.7839
3,backend,numeric,10,10.0000,1.0e-03,-1,LAM,0.3829,0.584198,4.075393e-02,2.04842789e-03,0.975702,133.3797,189.6596
3,backend,numeric,10,10.0000,1.0e-03,-1,LAM,0.3829,0.584198,4.493062e-02,2.91231260e-03,0.962953,120.1131,230.7490
3,backend,numeric,10,10.0000,1.0e-03,-1,LAM,0.3829,0.584198,4.953535e-02,3.22898368e-03,0.972956,113.8293,262.4404
3,backend,numeric,10,10.0000,1.0e-03,-1,LAM,0.3829,0.584198,5.461201e-02,2.36389335e-03,0.978852,121.4866,305.9293
3,backend,numeric,10,10.0000,1.0e-03,-1,LAM,0.3829,0.584198,6.020894e-02,2.21174500e-03,0.964996,115.6777,3.4321
3,backend,numeric,10,10.0000,1.0e-03,-1,LAM,0.3829,0.584198,6.637949e-02,2.42723739e-03,0.971994,115.9697,55.5815
3,backend,numeric,10,10.0000,1.0e-03,-1,LAM,0.3829,0.584198,7.318242e-02,2.09800307e-03,0.970376,114.4204,127.6592
3,backend,numeric,10,10.0000,1.0e-03,-1,LAM,0.3829,0.584198,8.068256e-02,1.98255429e-03,0.968199,116.3053,210.6061
3,backend,numeric,10,10.0000,1.0e-03,-1,LAM,0.3829,0.584198,8.895135e-02,2.11624467e-03,0.974437,112.3682,295.4999
3,backend,numeric,10,10.0000,1.0e-03,-1,LAM,0.3829,0.584198,9.806757e-02,2.06812419e-03,0.966176,111.2430,37.6309
3,backend,numeric,10,10.0000,1.0e-03,-1,LAM,0.3829,0.584198,1.081181e-01,1.80211455e-03,0.971328,115.5619,147.7294
3,backend,numeric,10,10.0000,1.0e-03,-1,LAM,0.3829,0.584198,1.191986e-01,2.12371840e-03,0.971675,112.5476,271.7046
3,backend,numeric,10,10.0000,1.0e-03,-1,LAM,0.3829,0.584198,1.314147e-01,2.04533786e-03,0.967466,111.7827,46.4323
3,backend,numeric,10,10.0000,1.0e-03,-1,LAM,0.3829,0.584198,1.448828e-01,1.85065106e-03,0.967017,114.3708,203.5321
3,backend,numeric,10,10.0000,1.0e-03,-1,LAM,0.3829,0.584198,1.597312e-01,1.72491074e-03,0.967408,114.7865,7.7446
3,backend,numeric,10,10.0000,1.0e-03,-1,LAM,0.3829,0.584198,1.761014e-01,1.78728256e-03,0.968469,114.9297,193.2796
3,backend,numeric,10,10.0000,1.0e-03,-1,LAM,0.3829,0.584198,1.941492e-01,1.90508809e-03,0.966429,112.5126,33.5150
3,backend,numeric,10,10.0000,1.0e-03,-1,LAM,0.3829,0.584198,2.140467e-01,2.12330449e-03,0.968981,111.8327,261.6637
3,backend,numeric,10,10.0000,1.0e-03,-1,LAM,0.3829,0.584198,2.359833e-01,1.91880530e-03,0.972698,114.1293,141.7650
3,backend,numeric,10,10.0000,1.0e-03,-1,LAM,0.3829,0.584198,2.601682e-01,2.03501100e-03,0.967388,111.7993,57.3250
3,backend,numeric,10,10.0000,1.0e-03,-1,LAM,0.3829,0.584198,2.868317e-01,1.71480747e-03,0.971208,116.2423,2.3683
3,backend,numeric,10,10.0000,1.0e-03,-1,LAM,0.3829,0.584198,3.162278e-01,1.93974850e-03,0.974069,113.9527,332.7385
3,backend,numeric,10,10.0000,1.0e-03,-1,LAM,0.3829,0.584198,3.486365e-01,1.93517011e-03,0.974173,113.9486,336.9559
3,backend,numeric,10,10.0000,1.0e-03,-1,LAM,0.3829,0.584198,3.843667e-01,1.67882288e-03,0.970504,116.4507,18.9636
3,backend,numeric,10,10.0000,1.0e-03,-1,LAM,0.3829,0.584198,4.237587e-01,2.16388312e-03,0.968526,112.0117,93.1620
3,backend,numeric,10,10.0000,1.0e-03,-1,LAM,0.3829,0.584198,4.671878e-01,1.76838528e-03,0.969628,115.3080,217.3169
3,backend,numeric,10,10.0000,1.0e-03,-1,LAM,0.3829,0.584198,5.150678e-01,1.62724367e-03,0.969974,116.5317,29.5085
3,backend,numeric,10,10.0000,1.0e-03,-1,LAM,0.3829,0.584198,5.678548e-01,1.95187142e-03,0.967456,113.1211,249.9085
3,backend,numeric,10,10.0000,1.0e-03,-1,LAM,0.3829,0.584198,6.260517e-01,1.91119231e-03,0.972382,115.6435,178.5539
3,backend,numeric,10,10.0000,1.0e-03,-1,LAM,0.3829,0.584198,6.902129e-01,1.87927556e-03,0.971414,115.9303,180.2166
3,backend,numeric,10,10.0000,1.0e-03,-1,LAM,0.3829,0.584198,7.609497e-01,2.09162993e-03,0.969849,112.0891,254.6052
3,backend,numeric,10,10.0000,1.0e-03,-1,LAM,0.3829,0.584198,8.389360e-01,2.13431401e-03,0.967521,111.3239,66.6439
3,backend,numeric,10,10.0000,1.0e-03,-1,LAM,0.3829,0.584198,9.249147e-01,1.91716781e-03,0.974452,113.3214,297.3025
3,backend,numeric,10,10.0000,1.0e-03,-1,LAM,0.3829,0.584198,1.019705e+00,2.11870806e-03,0.972440,112.3202,268.2768
3,backend,numeric,10,10.0000,1.0e-03,-1,LAM,0.3829,0.584198,1.124210e+00,1.67107749e-03,0.968951,115.8739,354.7702
3,backend,numeric,10,10.0000,1.0e-03,-1,LAM,0.3829,0.584198,1.239425e+00,1.82678649e-03,0.967573,114.4510,215.1078
3,backend,numeric,10,10.0000,1.0e-03,-1,LAM,0.3829,0.584198,1.366448e+00,1.76463757e-03,0.970604,115.1706,202.5866
3,backend,numeric,10,10.0000,1.0e-03,-1,LAM,0.3829,0.584198,1.506489e+00,2.08614064e-03,0.972282,111.7990,314.1270
3,backend,numeric,10,10.0000,1.0e-03,-1,LAM,0.3829,0.584198,1.660883e+00,1.94361556e-03,0.967736,113.4174,233.5994
3,backend,numeric,10,10.0000,1.0e-03,-1,LAM,0.3829,0.584198,1.831099e+00,1.60373750e-03,0.969290,116.0751,3.1142
3,backend,numeric,10,10.0000,1.0e-03,-1,LAM,0.3829,0.584198,2.018760e+00,2.03877130e-03,0.973766,112.7988,283.0264
3,backend,numeric,10,10.0000,1.0e-03,-1,LAM,0.3829,0.584198,2.225654e+00,2.12335508e-03,0.969601,112.0996,74.9827
3,backend,numeric,10,10.0000,1.0e-03,-1,LAM,0.3829,0.584198,2.453751e+00,2.19978786e-03,0.970567,112.8289,115.4894
3,backend,numeric,10,10.0000,1.0e-03,-1,LAM,0.3829,0.584198,2.705225e+00,1.78178632e-03,0.965523,113.9006,49.8450
3,backend,numeric,10,10.0000,1.0e-03,-1,LAM,0.3829,0.584198,2.982471e+00,2.11292148e-03,0.972376,112.3367,266.3167
3,backend,numeric,10,10.0000,1.0e-03,-1,LAM,0.3829,0.584198,3.288131e+00,2.13655485e-03,0.969797,112.2960,86.6025
3,backend,numeric,10,10.0000,1.0e-03,-1,LAM,0.3829,0.584198,3.625117e+00,1.96208013e-03,0.967677,113.0945,243.3055
3,backend,numeric,10,10.0000,1.0e-03,-1,LAM,0.3829,0.584198,3.996639e+00,2.13320505e-03,0.972159,113.1299,90.4808
3,backend,numeric,10,10.0000,1.0e-03,-1,LAM,0.3829,0.584198,4.406236e+00,1.75972094e-03,0.973389,115.8368,3.0184
3,backend,numeric,10,10.0000,1.0e-03,-1,LAM,0.3829,0.584198,4.857812e+00,1.71544051e-03,0.965952,114.5058,22.2912
3,backend,numeric,10,10.0000,1.0e-03,-1,LAM,0.3829,0.584198,5.355667e+00,1.82829890e-03,0.972217,114.6971,181.0648
3,backend,numeric,10,10.0000,1.0e-03,-1,LAM,0.3829,0.584198,5.904545e+00,1.97284912e-03,0.967355,113.4901,201.1856
3,backend,numeric,10,10.0000,1.0e-03,-1,LAM,0.3829,0.584198,6.509675e+00,2.21942332e-03,0.970438,112.7016,117.7283
3,backend,numeric,10,10.0000,1.0e-03,-1,LAM,0.3829,0.584198,7.176822e+00,1.77877550e-03,0.966736,114.0126,17.8039
3,backend,numeric,10,10.0000,1.0e-03,-1,LAM,0.3829,0.584198,7.912343e+00,1.62508432e-03,0.971550,116.1471,341.9347
3,backend,numeric,10,10.0000,1.0e-03,-1,LAM,0.3829,0.584198,8.723243e+00,1.76870794e-03,0.965594,114.0094,46.3285
3,backend,numeric,10,10.0000,1.0e-03,-1,LAM,0.3829,0.584198,9.617249e+00,2.05380854e-03,0.972284,111.9776,304.7207
3,backend,numeric,10,10.0000,1.0e-03,-1,LAM,0.3829,0.584198,1.060288e+01,1.94653957e-03,0.972829,115.3467,173.8934
3,backend,numeric,10,10.0000,1.0e-03,-1,LAM,0.3829,0.584198,1.168952e+01,2.19688497e-03,0.968662,111.7006,97.6499
3,backend,numeric,10,10.0000,1.0e-03,-1,LAM,0.3829,0.584198,1.288752e+01,1.90080500e-03,0.967620,114.3352,190.2451
3,backend,numeric,10,10.0000,1.0e-03,-1,LAM,0.3829,0.584198,1.420831e+01,1.77132410e-03,0.969000,115.0199,192.4622
3,backend,numeric,10,10.0000,1.0e-03,-1,LAM,0.3829,0.584198,1.566445e+01,2.07865795e-03,0.969499,111.9916,267.0896
3,backend,numeric,10,10.0000,1.0e-03,-1,LAM,0.3829,0.584198,1.726983e+01,1.99369202e-03,0.967166,112.7900,246.9269
3,backend,numeric,10,10.0000,1.0e-03,-1,LAM,0.3829,0.584198,1.903974e+01,2.13138355e-03,0.968421,112.2911,231.4512
3,backend,numeric,10,10.0000,1.0e-03,-1,LAM,0.3829,0.584198,2.099104e+01,2.08341584e-03,0.972808,113.7140,101.2242
3,backend,numeric,10,10.0000,1.0e-03,-1,LAM,0.3829,0.584198,2.314231e+01,1.97008253e-03,0.966658,111.8921,35.1979
3,backend,numeric,10,10.0000,1.0e-03,-1,LAM,0.3829,0.584198,2.551407e+01,2.10926678e-03,0.969610,111.6337,289.6935
3,backend,numeric,10,10.0000,1.0e-03,-1,LAM,0.3829,0.584198,2.812889e+01,1.77881744e-03,0.966489,113.8651,14.3862
3,backend,numeric,10,10.0000,1.0e-03,-1,LAM,0.3829,0.584198,3.101169e+01,2.11594200e-03,0.968174,112.4250,225.8202
3,backend,numeric,10,10.0000,1.0e-03,-1,LAM,0.3829,0.584198,3.418994e+01,1.95892874e-03,0.972739,113.9831,126.5064
3,backend,numeric,10,10.0000,1.0e-03,-1,LAM,0.3829,0.584198,3.769391e+01,2.16353315e-03,0.967775,111.5341,90.0161
3,backend,numeric,10,10.0000,1.0e-03,-1,LAM,0.3829,0.584198,4.155699e+01,2.17403613e-03,0.967743,111.7426,96.6106
3,backend,numeric,10,10.0000,1.0e-03,-1,LAM,0.3829,0.584198,4.581598e+01,2.04502633e-03,0.968147,112.6994,224.0876
3,backend,numeric,10,10.0000,1.0e-03,-1,LAM,0.3829,0.584198,5.051145e+01,1.93027641e-03,0.972969,114.8855,176.4739
3,backend,numeric,10,10.0000,1.0e-03,-1,LAM,0.3829,0.584198,5.568814e+01,NaN,NaN,NaN,NaN
3,backend,numeric,10,10.0000,1.0e-03,-1,LAM,0.3829,0.584198,6.139537e+01,NaN,NaN,NaN,NaN
3,backend,numeric,10,10.0000,1.0e-03,-1,LAM,0.3829,0.584198,6.768750e+01,NaN,NaN,NaN,NaN
3,backend,numeric,10,10.0000,1.0e-03,-1,LAM,0.3829,0.584198,7.462449e+01,NaN,NaN,NaN,NaN
3,backend,numeric,10,10.0000,1.0e-03,-1,LAM,0.3829,0.584198,8.227241e+01,NaN,NaN,NaN,NaN
3,backend,numeric,10,10.0000,1.0e-03,-1,LAM,0.3829,0.584198,9.070414e+01,NaN,NaN,NaN,NaN
3,backend,numeric,10,10.0000,1.0e-03,-1,LAM,0.3829,0.584198,1.000000e+02,NaN,NaN,NaN,NaN
4,backend,numeric,14,0.1000,1.0e-03,-1,SAM,0.9263,0.049329,0.000000e+00,3.62701039e-04,0.997154,16.3681,35.5283
4,backend,numeric,14,0.1000,1.0e-03,-1,SAM,0.9263,0.049329,1.000000e-03,1.07010185e-03,0.999941,60.7233,57.8598
4,backend,numeric,14,0.1000,1.0e-03,-1,SAM,0.9263,0.049329,1.102485e-03,1.13586120e-03,0.999944,63.5891,59.4711
4,backend,numeric,14,0.1000,1.0e-03,-1,SAM,0.9263,0.049329,1.215474e-03,1.20710157e-03,0.999945,66.2564,61.1771
4,backend,numeric,14,0.1000,1.0e-03,-1,SAM,0.9263,0.049329,1.340043e-03,1.28330101e-03,0.999946,68.7058,62.9865
4,backend,numeric,14,0.1000,1.0e-03,-1,SAM,0.9263,0.049329,1.477378e-03,1.36424078e-03,0.999947,70.9443,64.9047
4,backend,numeric,14,0.1000,1.0e-03,-1,SAM,0.9263,0.049329,1.628787e-03,1.44981348e-03,0.999948,72.9888,66.9359
4,backend,numeric,14,0.1000,1.0e-03,-1,SAM,0.9263,0.049329,1.795714e-03,1.54000704e-03,0.999949,74.8592,69.0858
4,backend,numeric,14,0.1000,1.0e-03,-1,SAM,0.9263,0.049329,1.979749e-03,1.63494539e-03,0.999950,76.5765,71.3597
4,backend,numeric,14,0.1000,1.0e-03,-1,SAM,0.9263,0.049329,2.182645e-03,1.73460812e-03,0.999950,78.1575,73.7640
4,backend,numeric,14,0.1000,1.0e-03,-1,SAM,0.9263,0.049329,2.406334e-03,1.83886014e-03,0.999951,79.6165,76.3054
4,backend,numeric,14,0.1000,1.0e-03,-1,SAM,0.9263,0.049329,2.652948e-03,1.94765376e-03,0.999953,80.9678,78.9901
4,backend,numeric,14,0.1000,1.0e-03,-1,SAM,0.9263,0.049329,2.924837e-03,2.06101001e-03,0.999954,82.2258,81.8252
4,backend,numeric,14,0.1000,1.0e-03,-1,SAM,0.9263,0.049329,3.224591e-03,2.17890977e-03,0.999955,83.4043,84.8196
4,backend,numeric,14,0.1000,1.0e-03,-1,SAM,0.9263,0.049329,3.555064e-03,2.30123158e-03,0.999957,84.5166,87.9835
4,backend,numeric,14,0.1000,1.0e-03,-1,SAM,0.9263,0.049329,3.919407e-03,2.42776192e-03,0.999959,85.5760,91.3270
4,backend,numeric,14,0.1000,1.0e-03,-1,SAM,0.9263,0.049329,4.321089e-03,2.55826357e-03,0.999961,86.5962,94.8607
4,backend,numeric,14,0.1000,1.0e-03,-1,SAM,0.9263,0.049329,4.763938e-03,2.69235472e-03,0.999964,87.5924,98.5972
4,backend,numeric,14,0.1000,1.0e-03,-1,SAM,0.9263,0.049329,5.252173e-03,2.82940073e-03,0.999966,88.5815,102.5509
4,backend,numeric,14,0.1000,1.0e-03,-1,SAM,0.9263,0.049329,5.790444e-03,2.96841215e-03,0.999969,89.5838,106.7387
4,backend,numeric,14,0.1000,1.0e-03,-1,SAM,0.9263,0.049329,6.383880e-03,3.10793203e-03,0.999972,90.6251,111.1828
4,backend,numeric,14,0.1000,1.0e-03,-1,SAM,0.9263,0.049329,7.038136e-03,3.24564721e-03,0.999975,91.7399,115.9109
4,backend,numeric,14,0.1000,1.0e-03,-1,SAM,0.9263,0.049329,7.759442e-03,3.37779919e-03,0.999978,92.9761,120.9566
4,backend,numeric,14,0.1000,1.0e-03,-1,SAM,0.9263,0.049329,8.554673e-03,3.49867886e-03,0.999981,94.4053,126.3646
4,backend,numeric,14,0.1000,1.0e-03,-1,SAM,0.9263,0.049329,9.431402e-03,3.59917101e-03,0.999984,96.1410,132.1971
4,backend,numeric,14,0.1000,1.0e-03,-1,SAM,0.9263,0.049329,1.039798e-02,3.66508391e-03,0.999987,98.3801,138.5495
4,backend,numeric,14,0.1000,1.0e-03,-1,SAM,0.9263,0.049329,1.146363e-02,3.67314847e-03,0.999990,101.5031,145.5809
4,backend,numeric,14,0.1000,1.0e-03,-1,SAM,0.9263,0.049329,1.263848e-02,3.58183836e-03,0.999992,106.3776,153.5753
4,backend,numeric,14,0.1000,1.0e-03,-1,SAM,0.9263,0.049329,1.393374e-02,3.30947073e-03,0.999994,115.3166,163.1775
4,backend,numeric,14,0.1000,1.0e-03,-1,SAM,0.9263,0.049329,1.536175e-02,2.74121704e-03,0.999992,133.6101,176.4062
4,backend,numeric,14,0.1000,1.0e-03,-1,SAM,0.9263,0.049329,1.693611e-02,1.44129076e-03,0.999902,160.3489,200.1051
4,backend,numeric,14,0.1000,1.0e-03,-1,SAM,0.9263,0.049329,1.867181e-02,5.64707444e-04,0.929666,173.2010,261.8777
4,backend,numeric,14,0.1000,1.0e-03,-1,SAM,0.9263,0.049329,2.058540e-02,6.88015024e-04,0.850087,171.4296,242.2057
4,backend,numeric,14,0.1000,1.0e-03,-1,SAM,0.9263,0.049329,2.269511e-02,7.80795971e-04,0.784119,171.4956,162.8863
4,backend,numeric,14,0.1000,1.0e-03,-1,SAM,0.9263,0.049329,2.502102e-02,8.64692875e-04,0.725459,170.7932,31.2960
4,backend,numeric,14,0.1000,1.0e-03,-1,SAM,0.9263,0.049329,2.758532e-02,9.45284705e-04,0.671578,170.0073,208.4681
4,backend,numeric,14,0.1000,1.0e-03,-1,SAM,0.9263,0.049329,3.041241e-02,1.02526950e-03,0.620995,169.7777,325.4883
4,backend,numeric,14,0.1000,1.0e-03,-1,SAM,0.9263,0.049329,3.352924e-02,1.10629456e-03,0.572975,169.2542,16.4323
4,backend,numeric,14,0.1000,1.0e-03,-1,SAM,0.9263,0.049329,3.696550e-02,1.18950166e-03,0.527186,168.6967,345.2760
4,backend,numeric,14,0.1000,1.0e-03,-1,SAM,0.9263,0.049329,4.075393e-02,1.27559295e-03,0.483760,167.7081,219.2506
4,backend,numeric,14,0.1000,1.0e-03,-1,SAM,0.9263,0.049329,4.493062e-02,1.36455875e-03,0.443207,167.1655,345.0557
4,backend,numeric,14,0.1000,1.0e-03,-1,SAM,0.9263,0.049329,4.953535e-02,1.45509021e-03,0.406278,166.0300,347.5628
4,backend,numeric,14,0.1000,1.0e-03,-1,SAM,0.9263,0.049329,5.461201e-02,1.54349648e-03,0.374037,163.9728,217.4906
4,backend,numeric,14,0.1000,1.0e-03,-1,SAM,0.9263,0.049329,6.020894e-02,1.62351406e-03,0.347402,162.1302,319.2266
4,backend,numeric,14,0.1000,1.0e-03,-1,SAM,0.9263,0.049329,6.637949e-02,1.68772643e-03,0.326745,158.9202,293.4589
4,backend,numeric,14,0.1000,1.0e-03,-1,SAM,0.9263,0.049329,7.318242e-02,1.73238784e-03,0.311711,152.6423,144.3736
4,backend,numeric,14,0.1000,1.0e-03,-1,SAM,0.9263,0.049329,8.068256e-02,1.77047605e-03,0.301060,147.0431,201.6343
4,backend,numeric,14,0.1000,1.0e-03,-1,SAM,0.9263,0.049329,8.895135e-02,1.80922837e-03,0.294160,141.0392,58.3637
4,backend,numeric,14,0.1000,1.0e-03,-1,SAM,0.9263,0.049329,9.806757e-02,1.83804359e-03,0.290553,131.9264,25.8822
4,backend,numeric,14,0.1000,1.0e-03,-1,SAM,0.9263,0.049329,1.081181e-01,1.83588677e-03,0.290024,122.3719,90.9748
4,backend,numeric,14,0.1000,1.0e-03,-1,SAM,0.9263,0.049329,1.191986e-01,1.78429860e-03,0.292966,113.7572,260.2481
4,backend,numeric,14,0.1000,1.0e-03,-1,SAM,0.9263,0.049329,1.314147e-01,1.68090037e-03,0.301564,104.2941,195.5654
4,backend,numeric,14,0.1000,1.0e-03,-1,SAM,0.9263,0.049329,1.448828e-01,1.54419049e-03,0.321832,99.9716,289.3951
4,backend,numeric,14,0.1000,1.0e-03,-1,SAM,0.9263,0.049329,1.597312e-01,1.40217320e-03,0.362877,95.6008,349.8694
4,backend,numeric,14,0.1000,1.0e-03,-1,SAM,0.9263,0.049329,1.761014e-01,1.29639636e-03,0.427568,93.4734,324.9080
4,backend,numeric,14,0.1000,1.0e-03,-1,SAM,0.9263,0.049329,1.941492e-01,1.24632181e-03,0.503701,90.9213,32.6169
4,backend,numeric,14,0.1000,1.0e-03,-1,SAM,0.9263,0.049329,2.140467e-01,1.22430606e-03,0.578736,86.5849,149.7807
4,backend,numeric,14,0.1000,1.0e-03,-1,SAM,0.9263,0.049329,2.359833e-01,1.16749307e-03,0.652601,80.7454,178.1591
4,backend,numeric,14,0.1000,1.0e-03,-1,SAM,0.9263,0.049329,2.601682e-01,9.40725885e-04,0.749331,69.7424,295.8395
4,backend,numeric,14,0.1000,1.0e-03,-1,SAM,0.9263,0.049329,2.868317e-01,1.00961419e-03,0.904125,159.6743,274.4831
4,backend,numeric,14,0.1000,1.0e-03,-1,SAM,0.9263,0.049329,3.162278e-01,1.95608237e-03,0.577880,152.3229,224.6043
4,backend,numeric,14,0.1000,1.0e-03,-1,SAM,0.9263,0.049329,3.486365e-01,2.47863697e-03,0.453144,145.1312,285.2205
4,backend,numeric,14,0.1000,1.0e-03,-1,SAM,0.9263,0.049329,3.843667e-01,2.74817105e-03,0.403297,134.0357,141.3386
4,backend,numeric,14,0.1000,1.0e-03,-1,SAM,0.9263,0.049329,4.237587e-01,2.85910231e-03,0.397905,123.2521,88.4830
4,backend,numeric,14,0.1000,1.0e-03,-1,SAM,0.9263,0.049329,4.671878e-01,2.88202010e-03,0.431031,113.5183,49.9798
4,backend,numeric,14,0.1000,1.0e-03,-1,SAM,0.9263,0.049329,5.150678e-01,2.91954354e-03,0.496247,106.9856,58.4025
4,backend,numeric,14,0.1000,1.0e-03,-1,SAM,0.9263,0.049329,5.678548e-01,3.04985658e-03,0.575500,100.9971,294.8260
4,backend,numeric,14,0.1000,1.0e-03,-1,SAM,0.9263,0.049329,6.260517e-01,3.22315016e-03,0.654317,94.9990,318.4569
4,backend,numeric,14,0.1000,1.0e-03,-1,SAM,0.9263,0.049329,6.902129e-01,3.23750359e-03,0.733619,86.8247,314.3622
4,backend,numeric,14,0.1000,1.0e-03,-1,SAM,0.9263,0.049329,7.609497e-01,2.45988128e-03,0.849379,69.1654,75.4521
4,backend,numeric,14,0.1000,1.0e-03,-1,SAM,0.9263,0.049329,8.389360e-01,4.48185024e-03,0.845024,130.9796,152.8783
4,backend,numeric,14,0.1000,1.0e-03,-1,SAM,0.9263,0.049329,9.249147e-01,6.89584967e-03,0.760651,122.1089,280.3074
4,backend,numeric,14,0.1000,1.0e-03,-1,SAM,0.9263,0.049329,1.019705e+00,8.46114086e-03,0.772238,111.9866,110.7390
4,backend,numeric,14,0.1000,1.0e-03,-1,SAM,0.9263,0.049329,1.124210e+00,9.77656903e-03,0.807237,107.9311,52.4711
4,backend,numeric,14,0.1000,1.0e-03,-1,SAM,0.9263,0.049329,1.239425e+00,1.05442421e-02,0.854355,95.3362,89.8417
4,backend,numeric,14,0.1000,1.0e-03,-1,SAM,0.9263,0.049329,1.366448e+00,1.02948037e-02,0.907305,74.5606,179.1324
4,backend,numeric,14,0.1000,1.0e-03,-1,SAM,0.9263,0.049329,1.506489e+00,9.84877628e-03,0.919138,108.2543,117.3753
4,backend,numeric,14,0.1000,1.0e-03,-1,SAM,0.9263,0.049329,1.660883e+00,1.54125148e-02,0.888857,92.2278,244.7463
4,backend,numeric,14,0.1000,1.0e-03,-1,SAM,0.9263,0.049329,1.831099e+00,1.12997955e-02,0.955308,84.9037,41.1364
4,backend,numeric,14,0.1000,1.0e-03,-1,SAM,0.9263,0.049329,2.018760e+00,1.97617313e-02,0.914445,123.2552,49.7667
4,backend,numeric,14,0.1000,1.0e-03,-1,SAM,0.9263,0.049329,2.225654e+00,2.47234783e-02,0.923106,73.1469,225.6761
4,backend,numeric,14,0.1000,1.0e-03,-1,SAM,0.9263,0.049329,2.453751e+00,7.72599299e-02,0.996566,81.3177,231.3747
4,backend,numeric,14,0.1000,1.0e-03,-1,SAM,0.9263,0.049329,2.705225e+00,2.21800728e-01,0.999336,45.9007,250.6038
4,backend,numeric,14,0.1000,1.0e-03,-1,SAM,0.9263,0.049329,2.982471e+00,4.41320207e-01,0.999977,45.6186,125.7695
4,backend,numeric,14,0.1000,1.0e-03,-1,SAM,0.9263,0.049329,3.288131e+00,4.53606281e-01,0.999988,145.0285,161.7063
4,backend,numeric,14,0.1000,1.0e-03,-1,SAM,0.9263,0.049329,3.625117e+00,2.78902306e-01,0.999980,91.7688,268.9436
4,backend,numeric,14,0.1000,1.0e-03,-1,SAM,0.9263,0.049329,3.996639e+00,5.43457158e-01,0.999999,28.9810,57.0383
4,backend,numeric,14,0.1000,1.0e-03,-1,SAM,0.9263,0.049329,4.406236e+00,4.68324898e-01,0.999999,171.2317,299.4260
4,backend,numeric,14,0.1000,1.0e-03,-1,SAM,0.9263,0.049329,4.857812e+00,3.78484975e-01,0.999999,52.6141,308.5704
4,backend,numeric,14,0.1000,1.0e-03,-1,SAM,0.9263,0.049329,5.355667e+00,5.58909492e-01,1.000000,133.8991,35.6521
4,backend,numeric,14,0.1000,1.0e-03,-1,SAM,0.9263,0.049329,5.904545e+00,3.92844708e-01,1.000000,61.6818,320.1322
4,backend,numeric,14,0.1000,1.0e-03,-1,SAM,0.9263,0.049329,6.509675e+00,5.21529480e-01,1.000000,139.0868,355.6431
4,backend,numeric,14,0.1000,1.0e-03,-1,SAM,0.9263,0.049329,7.176822e+00,6.09001590e-01,1.000000,68.5601,18.3246
4,backend,numeric,14,0.1000,1.0e-03,-1,SAM,0.9263,0.049329,7.912343e+00,5.22924295e-01,1.000000,78.9637,319.4333
4,backend,numeric,14,0.1000,1.0e-03,-1,SAM,0.9263,0.049329,8.723243e+00,6.44976127e-01,1.000000,123.4963,326.8115
4,backend,numeric,14,0.1000,1.0e-03,-1,SAM,0.9263,0.049329,9.617249e+00,8.25269812e-01,1.000000,129.8315,358.6708
4,backend,numeric,14,0.1000,1.0e-03,-1,SAM,0.9263,0.049329,1.060288e+01,NaN,NaN,NaN,NaN
4,backend,numeric,14,0.1000,1.0e-03,-1,SAM,0.9263,0.049329,1.168952e+01,NaN,NaN,NaN,NaN
4,backend,numeric,14,0.1000,1.0e-03,-1,SAM,0.9263,0.049329,1.288752e+01,NaN,NaN,NaN,NaN
4,backend,numeric,14,0.1000,1.0e-03,-1,SAM,0.9263,0.049329,1.420831e+01,NaN,NaN,NaN,NaN
4,backend,numeric,14,0.1000,1.0e-03,-1,SAM,0.9263,0.049329,1.566445e+01,NaN,NaN,NaN,NaN
4,backend,numeric,14,0.1000,1.0e-03,-1,SAM,0.9263,0.049329,1.726983e+01,NaN,NaN,NaN,NaN
4,backend,numeric,14,0.1000,1.0e-03,-1,SAM,0.9263,0.049329,1.903974e+01,NaN,NaN,NaN,NaN
4,backend,numeric,14,0.1000,1.0e-03,-1,SAM,0.9263,0.049329,2.099104e+01,NaN,NaN,NaN,NaN
4,backend,numeric,14,0.1000,1.0e-03,-1,SAM,0.9263,0.049329,2.314231e+01,NaN,NaN,NaN,NaN
4,backend,numeric,14,0.1000,1.0e-03,-1,SAM,0.9263,0.049329,2.551407e+01,NaN,NaN,NaN,NaN
4,backend,numeric,14,0.1000,1.0e-03,-1,SAM,0.9263,0.049329,2.812889e+01,NaN,NaN,NaN,NaN
4,backend,numeric,14,0.1000,1.0e-03,-1,SAM,0.9263,0.049329,3.101169e+01,NaN,NaN,NaN,NaN
4,backend,numeric,14,0.1000,1.0e-03,-1,SAM,0.9263,0.049329,3.418994e+01,NaN,NaN,NaN,NaN
4,backend,numeric,14,0.1000,1.0e-03,-1,SAM,0.9263,0.049329,3.769391e+01,NaN,NaN,NaN,NaN
4,backend,numeric,14,0.1000,1.0e-03,-1,SAM,0.9263,0.049329,4.155699e+01,NaN,NaN,NaN,NaN
4,backend,numeric,14,0.1000,1.0e-03,-1,SAM,0.9263,0.049329,4.581598e+01,NaN,NaN,NaN,NaN
4,backend,numeric,14,0.1000,1.0e-03,-1,SAM,0.9263,0.049329,5.051145e+01,NaN,NaN,NaN,NaN
4,backend,numeric,14,0.1000,1.0e-03,-1,SAM,0.9263,0.049329,5.568814e+01,NaN,NaN,NaN,NaN
4,backend,numeric,14,0.1000,1.0e-03,-1,SAM,0.9263,0.049329,6.139537e+01,NaN,NaN,NaN,NaN
4,backend,numeric,14,0.1000,1.0e-03,-1,SAM,0.9263,0.049329,6.768750e+01,NaN,NaN,NaN,NaN
4,backend,numeric,14,0.1000,1.0e-03,-1,SAM,0.9263,0.049329,7.462449e+01,NaN,NaN,NaN,NaN
4,backend,numeric,14,0.1000,1.0e-03,-1,SAM,0.9263,0.049329,8.227241e+01,NaN,NaN,NaN,NaN
4,backend,numeric,14,0.1000,1.0e-03,-1,SAM,0.9263,0.049329,9.070414e+01,NaN,NaN,NaN,NaN
4,backend,numeric,14,0.1000,1.0e-03,-1,SAM,0.9263,0.049329,1.000000e+02,NaN,NaN,NaN,NaN
5,backend,numeric,17,1.8000,1.0e-03,-1,LAM,0.5704,0.406688,0.000000e+00,2.00076967e-03,0.666382,35.4915,235.3583
5,backend,numeric,17,1.8000,1.0e-03,-1,LAM,0.5704,0.406688,1.000000e-03,1.94628826e-03,0.677269,35.3770,192.5598
5,backend,numeric,17,1.8000,1.0e-03,-1,LAM,0.5704,0.406688,1.102485e-03,1.94071617e-03,0.678403,35.3843,188.2322
5,backend,numeric,17,1.8000,1.0e-03,-1,LAM,0.5704,0.406688,1.215474e-03,1.93457614e-03,0.679657,35.3915,183.4753
5,backend,numeric,17,1.8000,1.0e-03,-1,LAM,0.5704,0.406688,1.340043e-03,1.92781069e-03,0.681044,35.3967,178.2472
5,backend,numeric,17,1.8000,1.0e-03,-1,LAM,0.5704,0.406688,1.477378e-03,1.92035612e-03,0.682579,35.3971,172.5017
5,backend,numeric,17,1.8000,1.0e-03,-1,LAM,0.5704,0.406688,1.628787e-03,1.91214182e-03,0.684278,35.3888,166.1869
5,backend,numeric,17,1.8000,1.0e-03,-1,LAM,0.5704,0.406688,1.795714e-03,1.90308955e-03,0.686161,35.3665,159.2441
5,backend,numeric,17,1.8000,1.0e-03,-1,LAM,0.5704,0.406688,1.979749e-03,1.89311226e-03,0.688248,35.3241,151.6061
5,backend,numeric,17,1.8000,1.0e-03,-1,LAM,0.5704,0.406688,2.182645e-03,1.88211260e-03,0.690562,35.2548,143.1953
5,backend,numeric,17,1.8000,1.0e-03,-1,LAM,0.5704,0.406688,2.406334e-03,1.86998206e-03,0.693132,35.1530,133.9215
5,backend,numeric,17,1.8000,1.0e-03,-1,LAM,0.5704,0.406688,2.652948e-03,1.85660069e-03,0.695989,35.0166,123.6803
5,backend,numeric,17,1.8000,1.0e-03,-1,LAM,0.5704,0.406688,2.924837e-03,1.84183431e-03,0.699168,34.8505,112.3539
5,backend,numeric,17,1.8000,1.0e-03,-1,LAM,0.5704,0.406688,3.224591e-03,1.82553352e-03,0.702709,34.6716,99.8153
5,backend,numeric,17,1.8000,1.0e-03,-1,LAM,0.5704,0.406688,3.555064e-03,1.80753883e-03,0.706659,34.5113,85.9398
5,backend,numeric,17,1.8000,1.0e-03,-1,LAM,0.5704,0.406688,3.919407e-03,1.78768034e-03,0.711069,34.4141,70.6246
5,backend,numeric,17,1.8000,1.0e-03,-1,LAM,0.5704,0.406688,4.321089e-03,1.76578231e-03,0.715995,34.4234,53.8112
5,backend,numeric,17,1.8000,1.0e-03,-1,LAM,0.5704,0.406688,4.763938e-03,1.74166032e-03,0.721498,34.5514,35.4943
5,backend,numeric,17,1.8000,1.0e-03,-1,LAM,0.5704,0.406688,5.252173e-03,1.71510879e-03,0.727652,34.7377,15.6886
5,backend,numeric,17,1.8000,1.0e-03,-1,LAM,0.5704,0.406688,5.790444e-03,1.68586500e-03,0.734548,34.8210,354.3363
5,backend,numeric,17,1.8000,1.0e-03,-1,LAM,0.5704,0.406688,6.383880e-03,1.65355073e-03,0.742310,34.5710,331.1750
5,backend,numeric,17,1.8000,1.0e-03,-1,LAM,0.5704,0.406688,7.038136e-03,1.61762921e-03,0.751120,33.8221,305.6395
5,backend,numeric,17,1.8000,1.0e-03,-1,LAM,0.5704,0.406688,7.759442e-03,1.57744315e-03,0.761226,32.6922,276.9442
5,backend,numeric,17,1.8000,1.0e-03,-1,LAM,0.5704,0.406688,8.554673e-03,1.53232329e-03,0.772910,31.6910,244.5827
5,backend,numeric,17,1.8000,1.0e-03,-1,LAM,0.5704,0.406688,9.431402e-03,1.48173927e-03,0.786426,31.3298,209.1046
5,backend,numeric,17,1.8000,1.0e-03,-1,LAM,0.5704,0.406688,1.039798e-02,1.42505455e-03,0.802057,31.3081,171.6950
5,backend,numeric,17,1.8000,1.0e-03,-1,LAM,0.5704,0.406688,1.146363e-02,1.36092175e-03,0.820342,30.6201,132.1367
5,backend,numeric,17,1.8000,1.0e-03,-1,LAM,0.5704,0.406688,1.263848e-02,1.28690426e-03,0.842240,29.2312,88.4905
5,backend,numeric,17,1.8000,1.0e-03,-1,LAM,0.5704,0.406688,1.393374e-02,1.19944351e-03,0.868877,28.6533,41.0921
5,backend,numeric,17,1.8000,1.0e-03,-1,LAM,0.5704,0.406688,1.536175e-02,1.09107845e-03,0.901554,28.3755,354.8443
5,backend,numeric,17,1.8000,1.0e-03,-1,LAM,0.5704,0.406688,1.693611e-02,9.29808329e-04,0.944168,24.3035,312.1641
5,backend,numeric,17,1.8000,1.0e-03,-1,LAM,0.5704,0.406688,1.867181e-02,1.23083347e-03,0.997791,35.0332,314.2945
5,backend,numeric,17,1.8000,1.0e-03,-1,LAM,0.5704,0.406688,2.058540e-02,2.44641442e-03,0.999555,68.0062,335.3089
5,backend,numeric,17,1.8000,1.0e-03,-1,LAM,0.5704,0.406688,2.269511e-02,3.55488999e-03,0.999627,79.5725,349.9010
5,backend,numeric,17,1.8000,1.0e-03,-1,LAM,0.5704,0.406688,2.502102e-02,4.45974281e-03,0.999703,85.8572,2.3806
5,backend,numeric,17,1.8000,1.0e-03,-1,LAM,0.5704,0.406688,2.758532e-02,5.15125923e-03,0.999786,91.1061,14.1683
5,backend,numeric,17,1.8000,1.0e-03,-1,LAM,0.5704,0.406688,3.041241e-02,5.55901882e-03,0.999862,96.9589,26.2093
5,backend,numeric,17,1.8000,1.0e-03,-1,LAM,0.5704,0.406688,3.352924e-02,5.50297969e-03,0.999923,105.8504,39.7029
5,backend,numeric,17,1.8000,1.0e-03,-1,LAM,0.5704,0.406688,3.696550e-02,4.55762287e-03,0.999946,127.0455,58.0025
5,backend,numeric,17,1.8000,1.0e-03,-1,LAM,0.5704,0.406688,4.075393e-02,1.52268130e-03,0.996234,166.6480,99.2912
5,backend,numeric,17,1.8000,1.0e-03,-1,LAM,0.5704,0.406688,4.493062e-02,1.57222125e-03,0.907851,165.3288,117.2729
5,backend,numeric,17,1.8000,1.0e-03,-1,LAM,0.5704,0.406688,4.953535e-02,1.81984120e-03,0.857462,161.8369,79.1996
5,backend,numeric,17,1.8000,1.0e-03,-1,LAM,0.5704,0.406688,5.461201e-02,2.00630023e-03,0.823830,160.9274,16.9960
5,backend,numeric,17,1.8000,1.0e-03,-1,LAM,0.5704,0.406688,6.020894e-02,2.15965076e-03,0.801267,158.4451,290.0083
5,backend,numeric,17,1.8000,1.0e-03,-1,LAM,0.5704,0.406688,6.637949e-02,2.29113840e-03,0.788577,156.7822,195.6049
5,backend,numeric,17,1.8000,1.0e-03,-1,LAM,0.5704,0.406688,7.318242e-02,2.40869217e-03,0.782430,155.1281,83.3336
5,backend,numeric,17,1.8000,1.0e-03,-1,LAM,0.5704,0.406688,8.068256e-02,2.51823959e-03,0.782669,153.9510,320.7475
5,backend,numeric,17,1.8000,1.0e-03,-1,LAM,0.5704,0.406688,8.895135e-02,2.62763012e-03,0.789779,151.1464,196.7274
5,backend,numeric,17,1.8000,1.0e-03,-1,LAM,0.5704,0.406688,9.806757e-02,2.74904863e-03,0.801399,148.4519,67.5335
5,backend,numeric,17,1.8000,1.0e-03,-1,LAM,0.5704,0.406688,1.081181e-01,2.89634809e-03,0.817636,145.5592,297.5508
5,backend,numeric,17,1.8000,1.0e-03,-1,LAM,0.5704,0.406688,1.191986e-01,3.09024358e-03,0.839688,142.9791,183.6819
5,backend,numeric,17,1.8000,1.0e-03,-1,LAM,0.5704,0.406688,1.314147e-01,3.36734990e-03,0.862987,137.1477,79.9730
5,backend,numeric,17,1.8000,1.0e-03,-1,LAM,0.5704,0.406688,1.448828e-01,3.77945266e-03,0.887397,135.1079,351.5962
5,backend,numeric,17,1.8000,1.0e-03,-1,LAM,0.5704,0.406688,1.597312e-01,4.38188879e-03,0.913788,122.0263,281.2201
5,backend,numeric,17,1.8000,1.0e-03,-1,LAM,0.5704,0.406688,1.761014e-01,5.24653773e-03,0.941499,109.2292,243.6513
5,backend,numeric,17,1.8000,1.0e-03,-1,LAM,0.5704,0.406688,1.941492e-01,6.37656467e-03,0.960453,93.6001,225.9530
5,backend,numeric,17,1.8000,1.0e-03,-1,LAM,0.5704,0.406688,2.140467e-01,6.34906396e-03,0.989721,113.8987,281.1132
5,backend,numeric,17,1.8000,1.0e-03,-1,LAM,0.5704,0.406688,2.359833e-01,6.52312452e-03,0.955799,111.4152,328.7847
5,backend,numeric,17,1.8000,1.0e-03,-1,LAM,0.5704,0.406688,2.601682e-01,8.68910943e-03,0.983411,99.5859,345.1126
5,backend,numeric,17,1.8000,1.0e-03,-1,LAM,0.5704,0.406688,2.868317e-01,6.88887429e-03,0.953276,132.7987,54.5517
5,backend,numeric,17,1.8000,1.0e-03,-1,LAM,0.5704,0.406688,3.162278e-01,1.20038736e-02,0.957885,123.8472,33.1283
5,backend,numeric,17,1.8000,1.0e-03,-1,LAM,0.5704,0.406688,3.486365e-01,1.74721400e-02,0.971668,118.1077,47.7285
5,backend,numeric,17,1.8000,1.0e-03,-1,LAM,0.5704,0.406688,3.843667e-01,1.40445537e-02,0.966961,129.3710,104.4055
5,backend,numeric,17,1.8000,1.0e-03,-1,LAM,0.5704,0.406688,4.237587e-01,1.57630758e-02,0.971458,119.4482,170.6406
5,backend,numeric,17,1.8000,1.0e-03,-1,LAM,0.5704,0.406688,4.671878e-01,1.00781760e-02,0.970678,121.1419,259.3210
5,backend,numeric,17,1.8000,1.0e-03,-1,LAM,0.5704,0.406688,5.150678e-01,6.55384627e-03,0.973974,121.0145,18.8720
5,backend,numeric,17,1.8000,1.0e-03,-1,LAM,0.5704,0.406688,5.678548e-01,1.01039484e-02,0.970785,116.1535,149.1792
5,backend,numeric,17,1.8000,1.0e-03,-1,LAM,0.5704,0.406688,6.260517e-01,7.56655575e-03,0.972392,111.1090,305.8573
5,backend,numeric,17,1.8000,1.0e-03,-1,LAM,0.5704,0.406688,6.902129e-01,9.04062670e-03,0.971169,114.4471,141.8416
5,backend,numeric,17,1.8000,1.0e-03,-1,LAM,0.5704,0.406688,7.609497e-01,5.39565159e-03,0.975053,118.6211,356.2533
5,backend,numeric,17,1.8000,1.0e-03,-1,LAM,0.5704,0.406688,8.389360e-01,7.99238294e-03,0.969149,114.0137,222.5586
5,backend,numeric,17,1.8000,1.0e-03,-1,LAM,0.5704,0.406688,9.249147e-01,8.01968071e-03,0.971292,115.6487,127.3322
5,backend,numeric,17,1.8000,1.0e-03,-1,LAM,0.5704,0.406688,1.019705e+00,7.79240171e-03,0.966957,110.3268,51.9802
5,backend,numeric,17,1.8000,1.0e-03,-1,LAM,0.5704,0.406688,1.124210e+00,5.31296752e-03,0.966450,117.4559,5.9496
5,backend,numeric,17,1.8000,1.0e-03,-1,LAM,0.5704,0.406688,1.239425e+00,5.48857943e-03,0.972626,118.1676,355.8203
5,backend,numeric,17,1.8000,1.0e-03,-1,LAM,0.5704,0.406688,1.366448e+00,5.40327438e-03,0.967371,117.7199,32.8683
5,backend,numeric,17,1.8000,1.0e-03,-1,LAM,0.5704,0.406688,1.506489e+00,8.25756329e-03,0.966158,111.8109,94.6894
5,backend,numeric,17,1.8000,1.0e-03,-1,LAM,0.5704,0.406688,1.660883e+00,7.99551118e-03,0.972060,115.8786,187.7814
5,backend,numeric,17,1.8000,1.0e-03,-1,LAM,0.5704,0.406688,1.831099e+00,5.07318893e-03,0.972833,120.0505,356.4296
5,backend,numeric,17,1.8000,1.0e-03,-1,LAM,0.5704,0.406688,2.018760e+00,7.76058123e-03,0.968307,115.2692,189.7067
5,backend,numeric,17,1.8000,1.0e-03,-1,LAM,0.5704,0.406688,2.225654e+00,7.94907717e-03,0.969801,113.3459,93.7753
5,backend,numeric,17,1.8000,1.0e-03,-1,LAM,0.5704,0.406688,2.453751e+00,7.73405904e-03,0.965284,111.7608,82.9117
5,backend,numeric,17,1.8000,1.0e-03,-1,LAM,0.5704,0.406688,2.705225e+00,8.82171837e-03,0.969529,112.8445,119.4240
5,backend,numeric,17,1.8000,1.0e-03,-1,LAM,0.5704,0.406688,2.982471e+00,8.26870252e-03,0.969088,113.2650,225.0273
5,backend,numeric,17,1.8000,1.0e-03,-1,LAM,0.5704,0.406688,3.288131e+00,7.75160064e-03,0.967480,111.7146,76.7543
5,backend,numeric,17,1.8000,1.0e-03,-1,LAM,0.5704,0.406688,3.625117e+00,5.13449872e-03,0.972060,119.7558,24.3413
5,backend,numeric,17,1.8000,1.0e-03,-1,LAM,0.5704,0.406688,3.996639e+00,8.06198509e-03,0.968138,110.9468,62.2033
5,backend,numeric,17,1.8000,1.0e-03,-1,LAM,0.5704,0.406688,4.406236e+00,7.02334353e-03,0.971602,115.9277,221.7531
5,backend,numeric,17,1.8000,1.0e-03,-1,LAM,0.5704,0.406688,4.857812e+00,7.96935255e-03,0.970963,116.1823,150.4188
5,backend,numeric,17,1.8000,1.0e-03,-1,LAM,0.5704,0.406688,5.355667e+00,7.10302331e-03,0.971460,115.5115,214.5152
5,backend,numeric,17,1.8000,1.0e-03,-1,LAM,0.5704,0.406688,5.904545e+00,8.38346262e-03,0.969276,112.0200,83.1185
5,backend,numeric,17,1.8000,1.0e-03,-1,LAM,0.5704,0.406688,6.509675e+00,8.74862755e-03,0.968225,112.7667,112.3288
5,backend,numeric,17,1.8000,1.0e-03,-1,LAM,0.5704,0.406688,7.176822e+00,6.70249328e-03,0.976768,114.0738,315.5899
5,backend,numeric,17,1.8000,1.0e-03,-1,LAM,0.5704,0.406688,7.912343e+00,7.19540760e-03,0.964367,110.8898,44.6049
5,backend,numeric,17,1.8000,1.0e-03,-1,LAM,0.5704,0.406688,8.723243e+00,6.71172840e-03,0.976389,112.0487,321.2693
5,backend,numeric,17,1.8000,1.0e-03,-1,LAM,0.5704,0.406688,9.617249e+00,8.82246970e-03,0.971447,114.4063,150.6646
5,backend,numeric,17,1.8000,1.0e-03,-1,LAM,0.5704,0.406688,1.060288e+01,7.15235339e-03,0.969618,115.1532,248.1793
5,backend,numeric,17,1.8000,1.0e-03,-1,LAM,0.5704,0.406688,1.168952e+01,7.29958672e-03,0.972765,110.6891,295.5712
5,backend,numeric,17,1.8000,1.0e-03,-1,LAM,0.5704,0.406688,1.288752e+01,5.80010268e-03,0.977544,117.3283,328.9125
5,backend,numeric,17,1.8000,1.0e-03,-1,LAM,0.5704,0.406688,1.420831e+01,5.29870848e-03,0.969283,118.2083,4.1939
5,backend,numeric,17,1.8000,1.0e-03,-1,LAM,0.5704,0.406688,1.566445e+01,8.54548509e-03,0.966988,111.6124,101.7061
5,backend,numeric,17,1.8000,1.0e-03,-1,LAM,0.5704,0.406688,1.726983e+01,7.49465540e-03,0.969720,112.1246,270.5102
5,backend,numeric,17,1.8000,1.0e-03,-1,LAM,0.5704,0.406688,1.903974e+01,8.12392992e-03,0.968555,113.7987,218.9232
5,backend,numeric,17,1.8000,1.0e-03,-1,LAM,0.5704,0.406688,2.099104e+01,5.91196401e-03,0.963672,114.5764,19.2194
5,backend,numeric,17,1.8000,1.0e-03,-1,LAM,0.5704,0.406688,2.314231e+01,6.96848439e-03,0.965279,110.7399,38.7580
5,backend,numeric,17,1.8000,1.0e-03,-1,LAM,0.5704,0.406688,2.551407e+01,5.15632468e-03,0.970685,119.9410,31.4697
5,backend,numeric,17,1.8000,1.0e-03,-1,LAM,0.5704,0.406688,2.812889e+01,5.52550532e-03,0.965302,116.0839,12.1410
5,backend,numeric,17,1.8000,1.0e-03,-1,LAM,0.5704,0.406688,3.101169e+01,8.13423891e-03,0.971024,114.0020,94.6805
5,backend,numeric,17,1.8000,1.0e-03,-1,LAM,0.5704,0.406688,3.418994e+01,5.36911615e-03,0.971935,118.7126,352.7321
5,backend,numeric,17,1.8000,1.0e-03,-1,LAM,0.5704,0.406688,3.769391e+01,8.47631776e-03,0.971929,115.2068,160.2606
5,backend,numeric,17,1.8000,1.0e-03,-1,LAM,0.5704,0.406688,4.155699e+01,7.01934440e-03,0.974847,110.4545,330.1758
5,backend,numeric,17,1.8000,1.0e-03,-1,LAM,0.5704,0.406688,4.581598e+01,7.87477119e-03,0.971127,111.7615,256.0888
5,backend,numeric,17,1.8000,1.0e-03,-1,LAM,0.5704,0.406688,5.051145e+01,7.69762059e-03,0.964713,111.8714,83.5380
5,backend,numeric,17,1.8000,1.0e-03,-1,LAM,0.5704,0.406688,5.568814e+01,7.45721636e-03,0.969646,113.7219,251.0176
5,backend,numeric,17,1.8000,1.0e-03,-1,LAM,0.5704,0.406688,6.139537e+01,6.89158763e-03,0.968904,115.1540,254.5607
5,backend,numeric,17,1.8000,1.0e-03,-1,LAM,0.5704,0.406688,6.768750e+01,7.64047127e-03,0.970966,116.1135,206.7834
5,backend,numeric,17,1.8000,1.0e-03,-1,LAM,0.5704,0.406688,7.462449e+01,7.02976974e-03,0.974424,110.4890,320.6932
5,backend,numeric,17,1.8000,1.0e-03,-1,LAM,0.5704,0.406688,8.227241e+01,7.61413835e-03,0.967120,111.4232,70.4526
5,backend,numeric,17,1.8000,1.0e-03,-1,LAM,0.5704,0.406688,9.070414e+01,5.40634718e-03,0.964604,117.6877,44.1898
5,backend,numeric,17,1.8000,1.0e-03,-1,LAM,0.5704,0.406688,1.000000e+02,8.22687089e-03,0.970062,112.6432,79.7031
6,backend,numeric,20,10.0000,1.0e-03,-1,LAM,0.8496,0.142388,0.000000e+00,3.86597528e-04,0.858092,138.1520,69.7539
6,backend,numeric,20,10.0000,1.0e-03,-1,LAM,0.8496,0.142388,1.000000e-03,4.31639846e-04,0.823100,138.2166,357.2109
6,backend,numeric,20,10.0000,1.0e-03,-1,LAM,0.8496,0.142388,1.102485e-03,4.35845300e-04,0.819872,138.1812,348.7731
6,backend,numeric,20,10.0000,1.0e-03,-1,LAM,0.8496,0.142388,1.215474e-03,4.40405916e-04,0.816396,138.0279,339.3291
6,backend,numeric,20,10.0000,1.0e-03,-1,LAM,0.8496,0.142388,1.340043e-03,4.45341562e-04,0.812672,137.7093,328.8070
6,backend,numeric,20,10.0000,1.0e-03,-1,LAM,0.8496,0.142388,1.477378e-03,4.50669624e-04,0.808711,137.1849,317.1562
6,backend,numeric,20,10.0000,1.0e-03,-1,LAM,0.8496,0.142388,1.628787e-03,4.56407406e-04,0.804533,136.4404,304.3465
6,backend,numeric,20,10.0000,1.0e-03,-1,LAM,0.8496,0.142388,1.795714e-03,4.62572284e-04,0.800167,135.5133,290.3511
6,backend,numeric,20,10.0000,1.0e-03,-1,LAM,0.8496,0.142388,1.979749e-03,4.69181739e-04,0.795638,134.5170,275.1082
6,backend,numeric,20,10.0000,1.0e-03,-1,LAM,0.8496,0.142388,2.182645e-03,4.76259552e-04,0.790953,133.6431,258.4670
6,backend,numeric,20,10.0000,1.0e-03,-1,LAM,0.8496,0.142388,2.406334e-03,4.83851182e-04,0.786094,133.1175,240.1262
6,backend,numeric,20,10.0000,1.0e-03,-1,LAM,0.8496,0.142388,2.652948e-03,4.92016109e-04,0.780982,133.0900,219.5950
6,backend,numeric,20,10.0000,1.0e-03,-1,LAM,0.8496,0.142388,2.924837e-03,5.00830371e-04,0.775526,133.4547,196.2275
6,backend,numeric,20,10.0000,1.0e-03,-1,LAM,0.8496,0.142388,3.224591e-03,5.10350071e-04,0.769678,133.7203,169.4652
6,backend,numeric,20,10.0000,1.0e-03,-1,LAM,0.8496,0.142388,3.555064e-03,5.20571399e-04,0.763539,133.2165,139.3116
6,backend,numeric,20,10.0000,1.0e-03,-1,LAM,0.8496,0.142388,3.919407e-03,5.31420936e-04,0.757341,131.8470,106.4255
6,backend,numeric,20,10.0000,1.0e-03,-1,LAM,0.8496,0.142388,4.321089e-03,5.42883497e-04,0.751249,130.6455,71.0565
6,backend,numeric,20,10.0000,1.0e-03,-1,LAM,0.8496,0.142388,4.763938e-03,5.55103530e-04,0.745074,130.7646,31.8950
6,backend,numeric,20,10.0000,1.0e-03,-1,LAM,0.8496,0.142388,5.252173e-03,5.68281941e-04,0.738504,131.2980,346.8794
6,backend,numeric,20,10.0000,1.0e-03,-1,LAM,0.8496,0.142388,5.790444e-03,5.82319758e-04,0.731828,129.9256,296.5416
6,backend,numeric,20,10.0000,1.0e-03,-1,LAM,0.8496,0.142388,6.383880e-03,5.96891102e-04,0.725657,128.1022,243.1633
6,backend,numeric,20,10.0000,1.0e-03,-1,LAM,0.8496,0.142388,7.038136e-03,6.12314854e-04,0.719587,128.5897,184.1664
6,backend,numeric,20,10.0000,1.0e-03,-1,LAM,0.8496,0.142388,7.759442e-03,6.28823170e-04,0.713369,127.6874,117.4113
6,backend,numeric,20,10.0000,1.0e-03,-1,LAM,0.8496,0.142388,8.554673e-03,6.45955087e-04,0.707858,126.3673,46.3605
6,backend,numeric,20,10.0000,1.0e-03,-1,LAM,0.8496,0.142388,9.431402e-03,6.64230926e-04,0.702358,126.8025,326.5291
6,backend,numeric,20,10.0000,1.0e-03,-1,LAM,0.8496,0.142388,1.039798e-02,6.83160783e-04,0.697621,124.2833,240.6459
6,backend,numeric,20,10.0000,1.0e-03,-1,LAM,0.8496,0.142388,1.146363e-02,7.02979272e-04,0.693507,124.7132,147.1276
6,backend,numeric,20,10.0000,1.0e-03,-1,LAM,0.8496,0.142388,1.263848e-02,7.23551477e-04,0.690281,122.8180,46.4045
6,backend,numeric,20,10.0000,1.0e-03,-1,LAM,0.8496,0.142388,1.393374e-02,7.45231611e-04,0.687663,122.3365,295.8412
6,backend,numeric,20,10.0000,1.0e-03,-1,LAM,0.8496,0.142388,1.536175e-02,7.67047804e-04,0.686777,121.3809,179.8556
6,backend,numeric,20,10.0000,1.0e-03,-1,LAM,0.8496,0.142388,1.693611e-02,7.89702680e-04,0.687071,119.3893,55.0414
6,backend,numeric,20,10.0000,1.0e-03,-1,LAM,0.8496,0.142388,1.867181e-02,8.13131489e-04,0.688823,118.4208,281.5384
6,backend,numeric,20,10.0000,1.0e-03,-1,LAM,0.8496,0.142388,2.058540e-02,8.36359883e-04,0.692914,117.9104,143.3173
6,backend,numeric,20,10.0000,1.0e-03,-1,LAM,0.8496,0.142388,2.269511e-02,8.59883082e-04,0.699307,116.7694,359.1747
6,backend,numeric,20,10.0000,1.0e-03,-1,LAM,0.8496,0.142388,2.502102e-02,8.83333262e-04,0.708452,113.9532,210.1918
6,backend,numeric,20,10.0000,1.0e-03,-1,LAM,0.8496,0.142388,2.758532e-02,9.06706125e-04,0.720781,111.9673,59.2306
6,backend,numeric,20,10.0000,1.0e-03,-1,LAM,0.8496,0.142388,3.041241e-02,9.30262658e-04,0.736614,109.9439,266.5329
6,backend,numeric,20,10.0000,1.0e-03,-1,LAM,0.8496,0.142388,3.352924e-02,9.52694198e-04,0.756899,109.1280,118.9918
6,backend,numeric,20,10.0000,1.0e-03,-1,LAM,0.8496,0.142388,3.696550e-02,9.75103725e-04,0.781650,108.4802,336.8158
6,backend,numeric,20,10.0000,1.0e-03,-1,LAM,0.8496,0.142388,4.075393e-02,9.94986433e-04,0.811408,103.4111,204.6228
6,backend,numeric,20,10.0000,1.0e-03,-1,LAM,0.8496,0.142388,4.493062e-02,1.01886993e-03,0.844124,98.6747,85.8347
6,backend,numeric,20,10.0000,1.0e-03,-1,LAM,0.8496,0.142388,4.953535e-02,1.04214523e-03,0.878974,100.0308,340.9271
6,backend,numeric,20,10.0000,1.0e-03,-1,LAM,0.8496,0.142388,5.461201e-02,1.03014181e-03,0.916384,84.7172,249.1409
6,backend,numeric,20,10.0000,1.0e-03,-1,LAM,0.8496,0.142388,6.020894e-02,8.06185135e-04,0.956028,75.0951,167.7221
6,backend,numeric,20,10.0000,1.0e-03,-1,LAM,0.8496,0.142388,6.637949e-02,8.20620217e-04,0.948851,135.6963,283.8398
6,backend,numeric,20,10.0000,1.0e-03,-1,LAM,0.8496,0.142388,7.318242e-02,1.31010054e-03,0.917853,119.4692,210.4615
6,backend,numeric,20,10.0000,1.0e-03,-1,LAM,0.8496,0.142388,8.068256e-02,1.76597835e-03,0.942425,112.5411,150.9977
6,backend,numeric,20,10.0000,1.0e-03,-1,LAM,0.8496,0.142388,8.895135e-02,2.38722293e-03,0.979326,98.6449,156.5431
6,backend,numeric,20,10.0000,1.0e-03,-1,LAM,0.8496,0.142388,9.806757e-02,2.30685480e-03,0.955759,122.7973,235.2236
6,backend,numeric,20,10.0000,1.0e-03,-1,LAM,0.8496,0.142388,1.081181e-01,3.07333723e-03,0.981762,115.3636,275.1061
6,backend,numeric,20,10.0000,1.0e-03,-1,LAM,0.8496,0.142388,1.191986e-01,2.70668782e-03,0.969557,112.5743,16.3150
6,backend,numeric,20,10.0000,1.0e-03,-1,LAM,0.8496,0.142388,1.314147e-01,2.27024382e-03,0.970898,112.0957,136.3520
6,backend,numeric,20,10.0000,1.0e-03,-1,LAM,0.8496,0.142388,1.448828e-01,2.32222646e-03,0.972255,110.8545,281.1450
6,backend,numeric,20,10.0000,1.0e-03,-1,LAM,0.8496,0.142388,1.597312e-01,2.20749389e-03,0.971892,113.0268,76.5908
6,backend,numeric,20,10.0000,1.0e-03,-1,LAM,0.8496,0.142388,1.761014e-01,2.12087631e-03,0.970029,112.5338,267.7482
6,backend,numeric,20,10.0000,1.0e-03,-1,LAM,0.8496,0.142388,1.941492e-01,2.09830357e-03,0.972090,112.8956,102.2106
6,backend,numeric,20,10.0000,1.0e-03,-1,LAM,0.8496,0.142388,2.140467e-01,1.81019124e-03,0.973297,115.4777,333.3013
6,backend,numeric,20,10.0000,1.0e-03,-1,LAM,0.8496,0.142388,2.359833e-01,1.88854533e-03,0.967063,113.9320,226.2169
6,backend,numeric,20,10.0000,1.0e-03,-1,LAM,0.8496,0.142388,2.601682e-01,2.00224366e-03,0.972603,113.8200,128.6249
6,backend,numeric,20,10.0000,1.0e-03,-1,LAM,0.8496,0.142388,2.868317e-01,2.09974687e-03,0.968349,111.8392,72.0315
6,backend,numeric,20,10.0000,1.0e-03,-1,LAM,0.8496,0.142388,3.162278e-01,1.89203007e-03,0.966355,112.9109,48.1183
6,backend,numeric,20,10.0000,1.0e-03,-1,LAM,0.8496,0.142388,3.486365e-01,1.89706816e-03,0.966217,112.9001,52.8435
6,backend,numeric,20,10.0000,1.0e-03,-1,LAM,0.8496,0.142388,3.843667e-01,2.14710797e-03,0.968562,111.9978,88.5600
6,backend,numeric,20,10.0000,1.0e-03,-1,LAM,0.8496,0.142388,4.237587e-01,1.95087331e-03,0.973013,114.3062,166.3577
6,backend,numeric,20,10.0000,1.0e-03,-1,LAM,0.8496,0.142388,4.671878e-01,2.11807098e-03,0.969507,111.5322,291.3596
6,backend,numeric,20,10.0000,1.0e-03,-1,LAM,0.8496,0.142388,5.150678e-01,2.19778875e-03,0.968542,111.9720,101.4088
6,backend,numeric,20,10.0000,1.0e-03,-1,LAM,0.8496,0.142388,5.678548e-01,2.01819546e-03,0.973322,112.2402,321.4962
6,backend,numeric,20,10.0000,1.0e-03,-1,LAM,0.8496,0.142388,6.260517e-01,2.00634820e-03,0.967940,112.6216,251.4856
6,backend,numeric,20,10.0000,1.0e-03,-1,LAM,0.8496,0.142388,6.902129e-01,2.05032150e-03,0.968626,112.2978,251.0611
6,backend,numeric,20,10.0000,1.0e-03,-1,LAM,0.8496,0.142388,7.609497e-01,1.76417345e-03,0.974130,114.3202,333.0647
6,backend,numeric,20,10.0000,1.0e-03,-1,LAM,0.8496,0.142388,8.389360e-01,1.99015509e-03,0.972828,115.2457,135.7143
6,backend,numeric,20,10.0000,1.0e-03,-1,LAM,0.8496,0.142388,9.249147e-01,1.80210104e-03,0.965483,113.4863,22.9543
6,backend,numeric,20,10.0000,1.0e-03,-1,LAM,0.8496,0.142388,1.019705e+00,1.62916320e-03,0.969357,116.1630,348.7141
6,backend,numeric,20,10.0000,1.0e-03,-1,LAM,0.8496,0.142388,1.124210e+00,2.13297078e-03,0.969545,111.9250,63.6705
6,backend,numeric,20,10.0000,1.0e-03,-1,LAM,0.8496,0.142388,1.239425e+00,2.12735639e-03,0.971366,111.8409,287.1544
6,backend,numeric,20,10.0000,1.0e-03,-1,LAM,0.8496,0.142388,1.366448e+00,2.10202838e-03,0.968583,111.6617,280.0207
6,backend,numeric,20,10.0000,1.0e-03,-1,LAM,0.8496,0.142388,1.506489e+00,1.63309405e-03,0.968729,116.3180,35.6302
6,backend,numeric,20,10.0000,1.0e-03,-1,LAM,0.8496,0.142388,1.660883e+00,2.02436339e-03,0.972780,112.1538,304.5173
6,backend,numeric,20,10.0000,1.0e-03,-1,LAM,0.8496,0.142388,1.831099e+00,2.18194612e-03,0.968753,111.5193,77.6564
6,backend,numeric,20,10.0000,1.0e-03,-1,LAM,0.8496,0.142388,2.018760e+00,1.69631719e-03,0.966667,114.8207,5.0470
6,backend,numeric,20,10.0000,1.0e-03,-1,LAM,0.8496,0.142388,2.225654e+00,1.86106235e-03,0.972405,114.4306,152.0560
6,backend,numeric,20,10.0000,1.0e-03,-1,LAM,0.8496,0.142388,2.453751e+00,1.82675718e-03,0.972120,115.0625,192.0196
6,backend,numeric,20,10.0000,1.0e-03,-1,LAM,0.8496,0.142388,2.705225e+00,2.20270000e-03,0.971267,112.8128,118.2218
6,backend,numeric,20,10.0000,1.0e-03,-1,LAM,0.8496,0.142388,2.982471e+00,1.61787872e-03,0.969665,116.2435,348.0271
6,backend,numeric,20,10.0000,1.0e-03,-1,LAM,0.8496,0.142388,3.288131e+00,1.85662136e-03,0.972415,114.4385,163.9695
6,backend,numeric,20,10.0000,1.0e-03,-1,LAM,0.8496,0.142388,3.625117e+00,2.00551687e-03,0.973224,112.2674,314.8986
6,backend,numeric,20,10.0000,1.0e-03,-1,LAM,0.8496,0.142388,3.996639e+00,1.79369978e-03,0.968969,115.4213,168.4861
6,backend,numeric,20,10.0000,1.0e-03,-1,LAM,0.8496,0.142388,4.406236e+00,2.07066111e-03,0.967000,111.8535,76.7149
6,backend,numeric,20,10.0000,1.0e-03,-1,LAM,0.8496,0.142388,4.857812e+00,2.19462817e-03,0.970936,112.4025,91.6470
6,backend,numeric,20,10.0000,1.0e-03,-1,LAM,0.8496,0.142388,5.355667e+00,2.01418188e-03,0.967267,112.4785,262.3410
6,backend,numeric,20,10.0000,1.0e-03,-1,LAM,0.8496,0.142388,5.904545e+00,2.07238286e-03,0.972708,112.3887,271.2935
6,backend,numeric,20,10.0000,1.0e-03,-1,LAM,0.8496,0.142388,6.509675e+00,1.83977802e-03,0.972063,115.3057,192.5452
6,backend,numeric,20,10.0000,1.0e-03,-1,LAM,0.8496,0.142388,7.176822e+00,2.11793700e-03,0.971078,112.7257,85.1793
6,backend,numeric,20,10.0000,1.0e-03,-1,LAM,0.8496,0.142388,7.912343e+00,2.14139581e-03,0.967791,111.3008,58.7299
6,backend,numeric,20,10.0000,1.0e-03,-1,LAM,0.8496,0.142388,8.723243e+00,2.20209187e-03,0.971169,112.7355,114.8969
6,backend,numeric,20,10.0000,1.0e-03,-1,LAM,0.8496,0.142388,9.617249e+00,1.61099727e-03,0.969347,116.2501,29.6595
6,backend,numeric,20,10.0000,1.0e-03,-1,LAM,0.8496,0.142388,1.060288e+01,1.96933761e-03,0.967636,112.9749,248.0706
6,backend,numeric,20,10.0000,1.0e-03,-1,LAM,0.8496,0.142388,1.168952e+01,1.94522999e-03,0.972465,115.6443,167.2408
6,backend,numeric,20,10.0000,1.0e-03,-1,LAM,0.8496,0.142388,1.288752e+01,2.11134972e-03,0.971563,112.2516,259.4797
6,backend,numeric,20,10.0000,1.0e-03,-1,LAM,0.8496,0.142388,1.420831e+01,2.13872512e-03,0.969688,111.7361,267.3866
6,backend,numeric,20,10.0000,1.0e-03,-1,LAM,0.8496,0.142388,1.566445e+01,1.78254338e-03,0.974230,114.1994,344.6686
6,backend,numeric,20,10.0000,1.0e-03,-1,LAM,0.8496,0.142388,1.726983e+01,2.01028611e-03,0.973672,113.1738,316.7935
6,backend,numeric,20,10.0000,1.0e-03,-1,LAM,0.8496,0.142388,1.903974e+01,1.89212518e-03,0.974592,114.1137,303.7972
6,backend,numeric,20,10.0000,1.0e-03,-1,LAM,0.8496,0.142388,2.099104e+01,1.83082624e-03,0.967856,114.8810,179.5117
6,backend,numeric,20,10.0000,1.0e-03,-1,LAM,0.8496,0.142388,2.314231e+01,2.04127281e-03,0.972497,113.5820,105.1283
6,backend,numeric,20,10.0000,1.0e-03,-1,LAM,0.8496,0.142388,2.551407e+01,1.73344806e-03,0.973735,115.5654,6.2656
6,backend,numeric,20,10.0000,1.0e-03,-1,LAM,0.8496,0.142388,2.812889e+01,2.12338749e-03,0.971232,112.7408,82.0744
6,backend,numeric,20,10.0000,1.0e-03,-1,LAM,0.8496,0.142388,3.101169e+01,1.92544302e-03,0.974558,113.6611,298.0946
6,backend,numeric,20,10.0000,1.0e-03,-1,LAM,0.8496,0.142388,3.418994e+01,1.85420983e-03,0.967277,114.2463,210.8588
6,backend,numeric,20,10.0000,1.0e-03,-1,LAM,0.8496,0.142388,3.769391e+01,NaN,NaN,NaN,NaN
6,backend,numeric,20,10.0000,1.0e-03,-1,LAM,0.8496,0.142388,4.155699e+01,NaN,NaN,NaN,NaN
6,backend,numeric,20,10.0000,1.0e-03,-1,LAM,0.8496,0.142388,4.581598e+01,NaN,NaN,NaN,NaN
6,backend,numeric,20,10.0000,1.0e-03,-1,LAM,0.8496,0.142388,5.051145e+01,NaN,NaN,NaN,NaN
6,backend,numeric,20,10.0000,1.0e-03,-1,LAM,0.8496,0.142388,5.568814e+01,NaN,NaN,NaN,NaN
6,backend,numeric,20,10.0000,1.0e-03,-1,LAM,0.8496,0.142388,6.139537e+01,NaN,NaN,NaN,NaN
6,backend,numeric,20,10.0000,1.0e-03,-1,LAM,0.8496,0.142388,6.768750e+01,NaN,NaN,NaN,NaN
6,backend,numeric,20,10.0000,1.0e-03,-1,LAM,0.8496,0.142388,7.462449e+01,NaN,NaN,NaN,NaN
6,backend,numeric,20,10.0000,1.0e-03,-1,LAM,0.8496,0.142388,8.227241e+01,NaN,NaN,NaN,NaN
6,backend,numeric,20,10.0000,1.0e-03,-1,LAM,0.8496,0.142388,9.070414e+01,NaN,NaN,NaN,NaN
6,backend,numeric,20,10.0000,1.0e-03,-1,LAM,0.8496,0.142388,1.000000e+02,NaN,NaN,NaN,NaN
7,backend,numeric,24,0.1000,1.0e-03,-1,LAM,0.8451,0.146688,0.000000e+00,2.78036422e-03,0.854972,57.8202,355.3730
7,backend,numeric,24,0.1000,1.0e-03,-1,LAM,0.8451,0.146688,1.000000e-03,2.73745543e-03,0.859001,57.5980,342.3796
7,backend,numeric,24,0.1000,1.0e-03,-1,LAM,0.8451,0.146688,1.102485e-03,2.73298733e-03,0.859422,57.5521,341.0521
7,backend,numeric,24,0.1000,1.0e-03,-1,LAM,0.8451,0.146688,1.215474e-03,2.72804309e-03,0.859887,57.4962,339.5887
7,backend,numeric,24,0.1000,1.0e-03,-1,LAM,0.8451,0.146688,1.340043e-03,2.72256894e-03,0.860402,57.4283,337.9753
7,backend,numeric,24,0.1000,1.0e-03,-1,LAM,0.8451,0.146688,1.477378e-03,2.71650422e-03,0.860973,57.3455,336.1960
7,backend,numeric,24,0.1000,1.0e-03,-1,LAM,0.8451,0.146688,1.628787e-03,2.70978028e-03,0.861606,57.2447,334.2334
7,backend,numeric,24,0.1000,1.0e-03,-1,LAM,0.8451,0.146688,1.795714e-03,2.70231903e-03,0.862310,57.1219,332.0678
7,backend,numeric,24,0.1000,1.0e-03,-1,LAM,0.8451,0.146688,1.979749e-03,2.69403141e-03,0.863092,56.9725,329.6771
7,backend,numeric,24,0.1000,1.0e-03,-1,LAM,0.8451,0.146688,2.182645e-03,2.68481481e-03,0.863963,56.7909,327.0364
7,backend,numeric,24,0.1000,1.0e-03,-1,LAM,0.8451,0.146688,2.406334e-03,2.67455147e-03,0.864935,56.5705,324.1175
7,backend,numeric,24,0.1000,1.0e-03,-1,LAM,0.8451,0.146688,2.652948e-03,2.66310395e-03,0.866022,56.3037,320.8882
7,backend,numeric,24,0.1000,1.0e-03,-1,LAM,0.8451,0.146688,2.924837e-03,2.65031092e-03,0.867240,55.9818,317.3114
7,backend,numeric,24,0.1000,1.0e-03,-1,LAM,0.8451,0.146688,3.224591e-03,2.63598469e-03,0.868609,55.5952,313.3447
7,backend,numeric,24,0.1000,1.0e-03,-1,LAM,0.8451,0.146688,3.555064e-03,2.61990339e-03,0.870153,55.1340,308.9385
7,backend,numeric,24,0.1000,1.0e-03,-1,LAM,0.8451,0.146688,3.919407e-03,2.60180268e-03,0.871901,54.5882,304.0349
7,backend,numeric,24,0.1000,1.0e-03,-1,LAM,0.8451,0.146688,4.321089e-03,2.58135473e-03,0.873885,53.9493,298.5664
7,backend,numeric,24,0.1000,1.0e-03,-1,LAM,0.8451,0.146688,4.763938e-03,2.55816608e-03,0.876149,53.2122,292.4546
7,backend,numeric,24,0.1000,1.0e-03,-1,LAM,0.8451,0.146688,5.252173e-03,2.53179940e-03,0.878745,52.3786,285.6089
7,backend,numeric,24,0.1000,1.0e-03,-1,LAM,0.8451,0.146688,5.790444e-03,2.50170473e-03,0.881736,51.4602,277.9279
7,backend,numeric,24,0.1000,1.0e-03,-1,LAM,0.8451,0.146688,6.383880e-03,2.46722322e-03,0.885200,50.4835,269.3035
7,backend,numeric,24,0.1000,1.0e-03,-1,LAM,0.8451,0.146688,7.038136e-03,2.42752899e-03,0.889221,49.4920,259.6299
7,backend,numeric,24,0.1000,1.0e-03,-1,LAM,0.8451,0.146688,7.759442e-03,2.38159407e-03,0.893897,48.5460,248.8208
7,backend,numeric,24,0.1000,1.0e-03,-1,LAM,0.8451,0.146688,8.554673e-03,2.32815031e-03,0.899345,47.7140,236.8327
7,backend,numeric,24,0.1000,1.0e-03,-1,LAM,0.8451,0.146688,9.431402e-03,2.26548783e-03,0.905700,47.0453,223.6892
7,backend,numeric,24,0.1000,1.0e-03,-1,LAM,0.8451,0.146688,1.039798e-02,2.19111090e-03,0.913122,46.5244,209.4906
7,backend,numeric,24,0.1000,1.0e-03,-1,LAM,0.8451,0.146688,1.146363e-02,2.10082610e-03,0.921836,46.0073,194.3911
7,backend,numeric,24,0.1000,1.0e-03,-1,LAM,0.8451,0.146688,1.263848e-02,1.98653610e-03,0.932223,45.1465,178.5422
7,backend,numeric,24,0.1000,1.0e-03,-1,LAM,0.8451,0.146688,1.393374e-02,1.82830675e-03,0.945024,43.2439,162.0582
7,backend,numeric,24,0.1000,1.0e-03,-1,LAM,0.8451,0.146688,1.536175e-02,1.52305708e-03,0.961257,37.9066,145.4548
7,backend,numeric,24,0.1000,1.0e-03,-1,LAM,0.8451,0.146688,1.693611e-02,1.89917384e-03,0.989912,45.0641,156.2333
7,backend,numeric,24,0.1000,1.0e-03,-1,LAM,0.8451,0.146688,1.867181e-02,2.93677073e-03,0.995777,64.3326,169.4697
7,backend,numeric,24,0.1000,1.0e-03,-1,LAM,0.8451,0.146688,2.058540e-02,3.98112413e-03,0.996454,75.9564,180.4079
7,backend,numeric,24,0.1000,1.0e-03,-1,LAM,0.8451,0.146688,2.269511e-02,4.90810696e-03,0.996818,82.8441,190.1642
7,backend,numeric,24,0.1000,1.0e-03,-1,LAM,0.8451,0.146688,2.502102e-02,5.66707405e-03,0.997265,87.8554,199.5989
7,backend,numeric,24,0.1000,1.0e-03,-1,LAM,0.8451,0.146688,2.758532e-02,6.24206968e-03,0.997780,92.2089,209.2375
7,backend,numeric,24,0.1000,1.0e-03,-1,LAM,0.8451,0.146688,3.041241e-02,6.59442436e-03,0.998324,96.6187,219.5634
7,backend,numeric,24,0.1000,1.0e-03,-1,LAM,0.8451,0.146688,3.352924e-02,6.64277200e-03,0.998836,102.0308,231.1619
7,backend,numeric,24,0.1000,1.0e-03,-1,LAM,0.8451,0.146688,3.696550e-02,6.19662744e-03,0.999245,110.9752,245.1587
7,backend,numeric,24,0.1000,1.0e-03,-1,LAM,0.8451,0.146688,4.075393e-02,4.86630764e-03,0.999142,132.2889,265.1583
7,backend,numeric,24,0.1000,1.0e-03,-1,LAM,0.8451,0.146688,4.493062e-02,2.46968526e-03,0.972132,160.1161,303.2776
7,backend,numeric,24,0.1000,1.0e-03,-1,LAM,0.8451,0.146688,4.953535e-02,3.23685062e-03,0.931768,150.7811,303.8054
7,backend,numeric,24,0.1000,1.0e-03,-1,LAM,0.8451,0.146688,5.461201e-02,3.65797144e-03,0.901458,144.6298,283.7350
7,backend,numeric,24,0.1000,1.0e-03,-1,LAM,0.8451,0.146688,6.020894e-02,4.00287467e-03,0.876804,139.5427,256.7078
7,backend,numeric,24,0.1000,1.0e-03,-1,LAM,0.8451,0.146688,6.637949e-02,4.31551527e-03,0.855970,137.0502,223.4477
7,backend,numeric,24,0.1000,1.0e-03,-1,LAM,0.8451,0.146688,7.318242e-02,4.61559268e-03,0.836898,137.1669,181.7402
7,backend,numeric,24,0.1000,1.0e-03,-1,LAM,0.8451,0.146688,8.068256e-02,4.91158817e-03,0.818883,136.4147,130.5386
7,backend,numeric,24,0.1000,1.0e-03,-1,LAM,0.8451,0.146688,8.895135e-02,5.20385644e-03,0.802748,134.9265,72.9016
7,backend,numeric,24,0.1000,1.0e-03,-1,LAM,0.8451,0.146688,9.806757e-02,5.49928782e-03,0.787465,136.2075,4.3170
7,backend,numeric,24,0.1000,1.0e-03,-1,LAM,0.8451,0.146688,1.081181e-01,5.79641169e-03,0.773564,132.1396,284.3151
7,backend,numeric,24,0.1000,1.0e-03,-1,LAM,0.8451,0.146688,1.191986e-01,6.08369280e-03,0.763724,129.1553,204.1746
7,backend,numeric,24,0.1000,1.0e-03,-1,LAM,0.8451,0.146688,1.314147e-01,6.37906973e-03,0.755058,128.8427,115.0795
7,backend,numeric,24,0.1000,1.0e-03,-1,LAM,0.8451,0.146688,1.448828e-01,6.68616417e-03,0.747194,130.3107,15.4455
7,backend,numeric,24,0.1000,1.0e-03,-1,LAM,0.8451,0.146688,1.597312e-01,7.00161730e-03,0.740639,125.2355,263.3550
7,backend,numeric,24,0.1000,1.0e-03,-1,LAM,0.8451,0.146688,1.761014e-01,7.30577666e-03,0.738369,123.8881,153.1521
7,backend,numeric,24,0.1000,1.0e-03,-1,LAM,0.8451,0.146688,1.941492e-01,7.63003973e-03,0.736856,125.4142,33.4120
7,backend,numeric,24,0.1000,1.0e-03,-1,LAM,0.8451,0.146688,2.140467e-01,7.97586687e-03,0.736004,120.2759,260.0392
7,backend,numeric,24,0.1000,1.0e-03,-1,LAM,0.8451,0.146688,2.359833e-01,8.29990485e-03,0.740225,118.2057,133.4058
7,backend,numeric,24,0.1000,1.0e-03,-1,LAM,0.8451,0.146688,2.601682e-01,8.67227327e-03,0.744128,121.6829,354.7072
7,backend,numeric,24,0.1000,1.0e-03,-1,LAM,0.8451,0.146688,2.868317e-01,9.04547070e-03,0.751126,113.8431,214.8597
7,backend,numeric,24,0.1000,1.0e-03,-1,LAM,0.8451,0.146688,3.162278e-01,9.40096516e-03,0.762393,113.7611,82.4472
7,backend,numeric,24,0.1000,1.0e-03,-1,LAM,0.8451,0.146688,3.486365e-01,9.88250635e-03,0.770644,112.2991,294.1719
7,backend,numeric,24,0.1000,1.0e-03,-1,LAM,0.8451,0.146688,3.843667e-01,1.02497109e-02,0.786283,104.8369,163.6120
7,backend,numeric,24,0.1000,1.0e-03,-1,LAM,0.8451,0.146688,4.237587e-01,1.06946773e-02,0.801554,113.2964,32.1249
7,backend,numeric,24,0.1000,1.0e-03,-1,LAM,0.8451,0.146688,4.671878e-01,1.12658552e-02,0.815387,101.0781,257.4053
7,backend,numeric,24,0.1000,1.0e-03,-1,LAM,0.8451,0.146688,5.150678e-01,1.14087317e-02,0.838908,92.8589,137.1645
7,backend,numeric,24,0.1000,1.0e-03,-1,LAM,0.8451,0.146688,5.678548e-01,1.19661672e-02,0.855370,108.9782,20.3527
7,backend,numeric,24,0.1000,1.0e-03,-1,LAM,0.8451,0.146688,6.260517e-01,1.25526445e-02,0.872044,88.0165,267.6732
7,backend,numeric,24,0.1000,1.0e-03,-1,LAM,0.8451,0.146688,6.902129e-01,1.12016461e-02,0.910590,75.0466,139.5256
7,backend,numeric,24,0.1000,1.0e-03,-1,LAM,0.8451,0.146688,7.609497e-01,7.46198941e-03,0.957941,75.2223,23.4937
7,backend,numeric,24,0.1000,1.0e-03,-1,LAM,0.8451,0.146688,8.389360e-01,1.05525232e-02,0.912870,125.7914,97.2266
7,backend,numeric,24,0.1000,1.0e-03,-1,LAM,0.8451,0.146688,9.249147e-01,1.48697260e-02,0.851558,128.0128,292.4437
7,backend,numeric,24,0.1000,1.0e-03,-1,LAM,0.8451,0.146688,1.019705e+00,1.69409520e-02,0.863987,108.7913,150.0164
7,backend,numeric,24,0.1000,1.0e-03,-1,LAM,0.8451,0.146688,1.124210e+00,2.00339234e-02,0.867243,126.7751,14.4765
7,backend,numeric,24,0.1000,1.0e-03,-1,LAM,0.8451,0.146688,1.239425e+00,2.24457094e-02,0.883718,91.1012,238.6966
7,backend,numeric,24,0.1000,1.0e-03,-1,LAM,0.8451,0.146688,1.366448e+00,1.87657941e-02,0.938087,77.7666,125.6147
7,backend,numeric,24,0.1000,1.0e-03,-1,LAM,0.8451,0.146688,1.506489e+00,1.56990893e-02,0.973739,114.0890,110.2067
7,backend,numeric,24,0.1000,1.0e-03,-1,LAM,0.8451,0.146688,1.660883e+00,2.81256862e-02,0.980140,106.9538,236.4953
7,backend,numeric,24,0.1000,1.0e-03,-1,LAM,0.8451,0.146688,1.831099e+00,2.66397298e-02,0.963811,105.6748,48.3804
7,backend,numeric,24,0.1000,1.0e-03,-1,LAM,0.8451,0.146688,2.018760e+00,9.22233074e-02,0.959854,122.0255,100.2270
7,backend,numeric,24,0.1000,1.0e-03,-1,LAM,0.8451,0.146688,2.225654e+00,1.27705463e-01,0.943360,169.2312,202.9135
7,backend,numeric,24,0.1000,1.0e-03,-1,LAM,0.8451,0.146688,2.453751e+00,1.46625837e-01,0.950724,92.8769,252.3822
7,backend,numeric,24,0.1000,1.0e-03,-1,LAM,0.8451,0.146688,2.705225e+00,1.87701588e-01,0.995452,28.6244,206.5071
7,backend,numeric,24,0.1000,1.0e-03,-1,LAM,0.8451,0.146688,2.982471e+00,3.54104732e-01,0.999608,89.5215,143.5060
7,backend,numeric,24,0.1000,1.0e-03,-1,LAM,0.8451,0.146688,3.288131e+00,2.67240613e-01,0.999732,127.8398,225.3035
7,backend,numeric,24,0.1000,1.0e-03,-1,LAM,0.8451,0.146688,3.625117e+00,3.10433906e-01,0.999927,49.1752,270.3740
7,backend,numeric,24,0.1000,1.0e-03,-1,LAM,0.8451,0.146688,3.996639e+00,5.98963377e-01,0.999997,80.7712,88.0452
7,backend,numeric,24,0.1000,1.0e-03,-1,LAM,0.8451,0.146688,4.406236e+00,3.11588404e-01,0.999987,134.8821,273.3224
7,backend,numeric,24,0.1000,1.0e-03,-1,LAM,0.8451,0.146688,4.857812e+00,4.33252176e-01,0.999998,38.3359,351.9649
7,backend,numeric,24,0.1000,1.0e-03,-1,LAM,0.8451,0.146688,5.355667e+00,4.27446003e-01,0.999999,153.2131,336.7817
7,backend,numeric,24,0.1000,1.0e-03,-1,LAM,0.8451,0.146688,5.904545e+00,4.13792920e-01,1.000000,54.7015,347.6401
7,backend,numeric,24,0.1000,1.0e-03,-1,LAM,0.8451,0.146688,6.509675e+00,4.07127906e-01,1.000000,134.4842,322.9362
7,backend,numeric,24,0.1000,1.0e-03,-1,LAM,0.8451,0.146688,7.176822e+00,5.95619813e-01,1.000000,86.0720,27.0734
7,backend,numeric,24,0.1000,1.0e-03,-1,LAM,0.8451,0.146688,7.912343e+00,5.06789823e-01,1.000000,64.8911,332.7379
7,backend,numeric,24,0.1000,1.0e-03,-1,LAM,0.8451,0.146688,8.723243e+00,5.46611049e-01,1.000000,108.2524,318.5622
7,backend,numeric,24,0.1000,1.0e-03,-1,LAM,0.8451,0.146688,9.617249e+00,7.09173411e-01,1.000000,126.7008,336.8311
7,backend,numeric,24,0.1000,1.0e-03,-1,LAM,0.8451,0.146688,1.060288e+01,8.52196056e-01,1.000000,127.6378,346.1426
7,backend,numeric,24,0.1000,1.0e-03,-1,LAM,0.8451,0.146688,1.168952e+01,NaN,NaN,NaN,NaN
7,backend,numeric,24,0.1000,1.0e-03,-1,LAM,0.8451,0.146688,1.288752e+01,NaN,NaN,NaN,NaN
7,backend,numeric,24,0.1000,1.0e-03,-1,LAM,0.8451,0.146688,1.420831e+01,NaN,NaN,NaN,NaN
7,backend,numeric,24,0.1000,1.0e-03,-1,LAM,0.8451,0.146688,1.566445e+01,NaN,NaN,NaN,NaN
7,backend,numeric,24,0.1000,1.0e-03,-1,LAM,0.8451,0.146688,1.726983e+01,NaN,NaN,NaN,NaN
7,backend,numeric,24,0.1000,1.0e-03,-1,LAM,0.8451,0.146688,1.903974e+01,NaN,NaN,NaN,NaN
7,backend,numeric,24,0.1000,1.0e-03,-1,LAM,0.8451,0.146688,2.099104e+01,NaN,NaN,NaN,NaN
7,backend,numeric,24,0.1000,1.0e-03,-1,LAM,0.8451,0.146688,2.314231e+01,NaN,NaN,NaN,NaN
7,backend,numeric,24,0.1000,1.0e-03,-1,LAM,0.8451,0.146688,2.551407e+01,NaN,NaN,NaN,NaN
7,backend,numeric,24,0.1000,1.0e-03,-1,LAM,0.8451,0.146688,2.812889e+01,NaN,NaN,NaN,NaN
7,backend,numeric,24,0.1000,1.0e-03,-1,LAM,0.8451,0.146688,3.101169e+01,NaN,NaN,NaN,NaN
7,backend,numeric,24,0.1000,1.0e-03,-1,LAM,0.8451,0.146688,3.418994e+01,NaN,NaN,NaN,NaN
7,backend,numeric,24,0.1000,1.0e-03,-1,LAM,0.8451,0.146688,3.769391e+01,NaN,NaN,NaN,NaN
7,backend,numeric,24,0.1000,1.0e-03,-1,LAM,0.8451,0.146688,4.155699e+01,NaN,NaN,NaN,NaN
7,backend,numeric,24,0.1000,1.0e-03,-1,LAM,0.8451,0.146688,4.581598e+01,NaN,NaN,NaN,NaN
7,backend,numeric,24,0.1000,1.0e-03,-1,LAM,0.8451,0.146688,5.051145e+01,NaN,NaN,NaN,NaN
7,backend,numeric,24,0.1000,1.0e-03,-1,LAM,0.8451,0.146688,5.568814e+01,NaN,NaN,NaN,NaN
7,backend,numeric,24,0.1000,1.0e-03,-1,LAM,0.8451,0.146688,6.139537e+01,NaN,NaN,NaN,NaN
7,backend,numeric,24,0.1000,1.0e-03,-1,LAM,0.8451,0.146688,6.768750e+01,NaN,NaN,NaN,NaN
7,backend,numeric,24,0.1000,1.0e-03,-1,LAM,0.8451,0.146688,7.462449e+01,NaN,NaN,NaN,NaN
7,backend,numeric,24,0.1000,1.0e-03,-1,LAM,0.8451,0.146688,8.227241e+01,NaN,NaN,NaN,NaN
7,backend,numeric,24,0.1000,1.0e-03,-1,LAM,0.8451,0.146688,9.070414e+01,NaN,NaN,NaN,NaN
7,backend,numeric,24,0.1000,1.0e-03,-1,LAM,0.8451,0.146688,1.000000e+02,NaN,NaN,NaN,NaN
8,backend,numeric,27,1.8000,1.0e-03,-1,SAM,0.7748,0.041263,0.000000e+00,5.43604690e-04,0.991303,108.2356,16.8400
8,backend,numeric,27,1.8000,1.0e-03,-1,SAM,0.7748,0.041263,1.000000e-03,4.00918776e-04,0.956242,132.1753,75.1851
8,backend,numeric,27,1.8000,1.0e-03,-1,SAM,0.7748,0.041263,1.102485e-03,4.21379411e-04,0.952368,130.5515,74.5323
8,backend,numeric,27,1.8000,1.0e-03,-1,SAM,0.7748,0.041263,1.215474e-03,4.39817838e-04,0.948401,129.1218,73.3967
8,backend,numeric,27,1.8000,1.0e-03,-1,SAM,0.7748,0.041263,1.340043e-03,4.57122505e-04,0.944357,127.8284,71.7915
8,backend,numeric,27,1.8000,1.0e-03,-1,SAM,0.7748,0.041263,1.477378e-03,4.73760827e-04,0.940237,126.6477,69.7031
8,backend,numeric,27,1.8000,1.0e-03,-1,SAM,0.7748,0.041263,1.628787e-03,4.90029468e-04,0.936036,125.5730,67.1011
8,backend,numeric,27,1.8000,1.0e-03,-1,SAM,0.7748,0.041263,1.795714e-03,5.06132678e-04,0.931745,124.6094,63.9422
8,backend,numeric,27,1.8000,1.0e-03,-1,SAM,0.7748,0.041263,1.979749e-03,5.22236793e-04,0.927355,123.7700,60.1726
8,backend,numeric,27,1.8000,1.0e-03,-1,SAM,0.7748,0.041263,2.182645e-03,5.38488556e-04,0.922852,123.0741,55.7240
8,backend,numeric,27,1.8000,1.0e-03,-1,SAM,0.7748,0.041263,2.406334e-03,5.55011093e-04,0.918213,122.5454,50.5102
8,backend,numeric,27,1.8000,1.0e-03,-1,SAM,0.7748,0.041263,2.652948e-03,5.71931064e-04,0.913410,122.2057,44.4246
8,backend,numeric,27,1.8000,1.0e-03,-1,SAM,0.7748,0.041263,2.924837e-03,5.89379276e-04,0.908410,122.0672,37.3355
8,backend,numeric,27,1.8000,1.0e-03,-1,SAM,0.7748,0.041263,3.224591e-03,6.07484447e-04,0.903172,122.1188,29.0790
8,backend,numeric,27,1.8000,1.0e-03,-1,SAM,0.7748,0.041263,3.555064e-03,6.26369895e-04,0.897661,122.3058,19.4594
8,backend,numeric,27,1.8000,1.0e-03,-1,SAM,0.7748,0.041263,3.919407e-03,6.46138200e-04,0.891859,122.5051,8.2622
8,backend,numeric,27,1.8000,1.0e-03,-1,SAM,0.7748,0.041263,4.321089e-03,6.66832852e-04,0.885784,122.5055,355.2908
8,backend,numeric,27,1.8000,1.0e-03,-1,SAM,0.7748,0.041263,4.763938e-03,6.88400131e-04,0.879527,122.0178,340.4379
8,backend,numeric,27,1.8000,1.0e-03,-1,SAM,0.7748,0.041263,5.252173e-03,7.10664801e-04,0.873278,120.7527,323.7693
8,backend,numeric,27,1.8000,1.0e-03,-1,SAM,0.7748,0.041263,5.790444e-03,7.33267800e-04,0.867290,118.5960,305.5306
8,backend,numeric,27,1.8000,1.0e-03,-1,SAM,0.7748,0.041263,6.383880e-03,7.55809113e-04,0.861853,115.8050,285.9911
8,backend,numeric,27,1.8000,1.0e-03,-1,SAM,0.7748,0.041263,7.038136e-03,7.77958171e-04,0.857087,113.0894,265.1947
8,backend,numeric,27,1.8000,1.0e-03,-1,SAM,0.7748,0.041263,7.759442e-03,7.99975560e-04,0.852877,111.3891,242.8174
8,backend,numeric,27,1.8000,1.0e-03,-1,SAM,0.7748,0.041263,8.554673e-03,8.22863766e-04,0.848859,111.3123,218.1877
8,backend,numeric,27,1.8000,1.0e-03,-1,SAM,0.7748,0.041263,9.431402e-03,8.47896571e-04,0.844574,112.3712,190.4028
8,backend,numeric,27,1.8000,1.0e-03,-1,SAM,0.7748,0.041263,1.039798e-02,8.75479772e-04,0.839953,112.6928,158.8822
8,backend,numeric,27,1.8000,1.0e-03,-1,SAM,0.7748,0.041263,1.146363e-02,9.04068630e-04,0.835671,110.5427,124.4064
8,backend,numeric,27,1.8000,1.0e-03,-1,SAM,0.7748,0.041263,1.263848e-02,9.31293958e-04,0.832586,107.1322,88.2672
8,backend,numeric,27,1.8000,1.0e-03,-1,SAM,0.7748,0.041263,1.393374e-02,9.57332311e-04,0.830526,106.0710,49.9122
8,backend,numeric,27,1.8000,1.0e-03,-1,SAM,0.7748,0.041263,1.536175e-02,9.86431777e-04,0.828352,107.8950,7.2888
8,backend,numeric,27,1.8000,1.0e-03,-1,SAM,0.7748,0.041263,1.693611e-02,1.01945103e-03,0.825957,107.1128,319.5768
8,backend,numeric,27,1.8000,1.0e-03,-1,SAM,0.7748,0.041263,1.867181e-02,1.04911278e-03,0.825254,101.9421,269.8999
8,backend,numeric,27,1.8000,1.0e-03,-1,SAM,0.7748,0.041263,2.058540e-02,1.07331803e-03,0.826450,100.3470,218.4173
8,backend,numeric,27,1.8000,1.0e-03,-1,SAM,0.7748,0.041263,2.269511e-02,1.10196269e-03,0.827614,102.2154,162.7270
8,backend,numeric,27,1.8000,1.0e-03,-1,SAM,0.7748,0.041263,2.502102e-02,1.13097308e-03,0.829598,98.1737,103.3355
8,backend,numeric,27,1.8000,1.0e-03,-1,SAM,0.7748,0.041263,2.758532e-02,1.15066867e-03,0.833984,96.4328,40.9291
8,backend,numeric,27,1.8000,1.0e-03,-1,SAM,0.7748,0.041263,3.041241e-02,1.17773461e-03,0.838098,98.4052,333.5968
8,backend,numeric,27,1.8000,1.0e-03,-1,SAM,0.7748,0.041263,3.352924e-02,1.19522000e-03,0.844555,90.7931,262.6917
8,backend,numeric,27,1.8000,1.0e-03,-1,SAM,0.7748,0.041263,3.696550e-02,1.19228524e-03,0.854453,91.0643,188.4633
8,backend,numeric,27,1.8000,1.0e-03,-1,SAM,0.7748,0.041263,4.075393e-02,1.19245134e-03,0.864398,87.4845,112.4951
8,backend,numeric,27,1.8000,1.0e-03,-1,SAM,0.7748,0.041263,4.493062e-02,1.15256227e-03,0.879649,84.8512,27.2955
8,backend,numeric,27,1.8000,1.0e-03,-1,SAM,0.7748,0.041263,4.953535e-02,1.10834945e-03,0.894771,80.7527,298.8725
8,backend,numeric,27,1.8000,1.0e-03,-1,SAM,0.7748,0.041263,5.461201e-02,9.15546494e-04,0.927483,70.7668,188.9476
8,backend,numeric,27,1.8000,1.0e-03,-1,SAM,0.7748,0.041263,6.020894e-02,1.63480760e-03,0.993421,84.4568,172.4265
8,backend,numeric,27,1.8000,1.0e-03,-1,SAM,0.7748,0.041263,6.637949e-02,1.04029879e-03,0.959607,152.1981,276.7152
8,backend,numeric,27,1.8000,1.0e-03,-1,SAM,0.7748,0.041263,7.318242e-02,1.62762844e-03,0.878680,138.8837,217.8424
8,backend,numeric,27,1.8000,1.0e-03,-1,SAM,0.7748,0.041263,8.068256e-02,1.94029350e-03,0.845357,135.2446,107.3356
8,backend,numeric,27,1.8000,1.0e-03,-1,SAM,0.7748,0.041263,8.895135e-02,2.19121326e-03,0.839069,132.4656,348.2356
8,backend,numeric,27,1.8000,1.0e-03,-1,SAM,0.7748,0.041263,9.806757e-02,2.42227248e-03,0.849924,124.1655,232.3075
8,backend,numeric,27,1.8000,1.0e-03,-1,SAM,0.7748,0.041263,1.081181e-01,2.68595333e-03,0.868656,122.7079,132.4325
8,backend,numeric,27,1.8000,1.0e-03,-1,SAM,0.7748,0.041263,1.191986e-01,2.99166122e-03,0.894719,115.6421,52.9546
8,backend,numeric,27,1.8000,1.0e-03,-1,SAM,0.7748,0.041263,1.314147e-01,3.45471091e-03,0.916842,114.4468,345.1752
8,backend,numeric,27,1.8000,1.0e-03,-1,SAM,0.7748,0.041263,1.448828e-01,3.95911625e-03,0.940986,97.7010,294.7595
8,backend,numeric,27,1.8000,1.0e-03,-1,SAM,0.7748,0.041263,1.597312e-01,4.26812564e-03,0.980828,77.2538,282.8985
8,backend,numeric,27,1.8000,1.0e-03,-1,SAM,0.7748,0.041263,1.761014e-01,7.27519462e-03,0.997159,99.1740,335.3051
8,backend,numeric,27,1.8000,1.0e-03,-1,SAM,0.7748,0.041263,1.941492e-01,3.64736180e-03,0.944735,154.8854,53.9577
8,backend,numeric,27,1.8000,1.0e-03,-1,SAM,0.7748,0.041263,2.140467e-01,5.12771582e-03,0.917066,147.6262,5.6050
8,backend,numeric,27,1.8000,1.0e-03,-1,SAM,0.7748,0.041263,2.359833e-01,6.55496679e-03,0.931392,133.9671,311.0756
8,backend,numeric,27,1.8000,1.0e-03,-1,SAM,0.7748,0.041263,2.601682e-01,8.92781405e-03,0.954264,112.2423,284.3756
8,backend,numeric,27,1.8000,1.0e-03,-1,SAM,0.7748,0.041263,2.868317e-01,1.14131844e-02,0.982206,99.7799,305.0924
8,backend,numeric,27,1.8000,1.0e-03,-1,SAM,0.7748,0.041263,3.162278e-01,6.53335748e-03,0.959826,140.6211,24.1881
8,backend,numeric,27,1.8000,1.0e-03,-1,SAM,0.7748,0.041263,3.486365e-01,1.28037280e-02,0.959130,120.0983,358.2873
8,backend,numeric,27,1.8000,1.0e-03,-1,SAM,0.7748,0.041263,3.843667e-01,1.47283068e-02,0.979912,117.4178,26.5589
8,backend,numeric,27,1.8000,1.0e-03,-1,SAM,0.7748,0.041263,4.237587e-01,1.45453262e-02,0.963606,125.2454,99.2060
8,backend,numeric,27,1.8000,1.0e-03,-1,SAM,0.7748,0.041263,4.671878e-01,1.52808273e-02,0.972963,121.1923,168.1242
8,backend,numeric,27,1.8000,1.0e-03,-1,SAM,0.7748,0.041263,5.150678e-01,1.01746477e-02,0.970630,117.8108,267.1314
8,backend,numeric,27,1.8000,1.0e-03,-1,SAM,0.7748,0.041263,5.678548e-01,6.76771902e-03,0.965042,117.3805,52.3499
8,backend,numeric,27,1.8000,1.0e-03,-1,SAM,0.7748,0.041263,6.260517e-01,8.90965920e-03,0.972552,116.1020,192.2297
8,backend,numeric,27,1.8000,1.0e-03,-1,SAM,0.7748,0.041263,6.902129e-01,5.25421776e-03,0.966995,119.6126,36.1550
8,backend,numeric,27,1.8000,1.0e-03,-1,SAM,0.7748,0.041263,7.609497e-01,7.82148492e-03,0.969492,114.6330,228.4947
8,backend,numeric,27,1.8000,1.0e-03,-1,SAM,0.7748,0.041263,8.389360e-01,8.53859382e-03,0.970809,114.0382,114.4537
8,backend,numeric,27,1.8000,1.0e-03,-1,SAM,0.7748,0.041263,9.249147e-01,5.61273271e-03,0.963837,116.1716,19.6572
8,backend,numeric,27,1.8000,1.0e-03,-1,SAM,0.7748,0.041263,1.019705e+00,7.69180494e-03,0.975718,111.5408,281.3419
8,backend,numeric,27,1.8000,1.0e-03,-1,SAM,0.7748,0.041263,1.124210e+00,8.03211540e-03,0.969366,112.7551,240.5740
8,backend,numeric,27,1.8000,1.0e-03,-1,SAM,0.7748,0.041263,1.239425e+00,7.37182504e-03,0.968973,114.3439,235.7883
8,backend,numeric,27,1.8000,1.0e-03,-1,SAM,0.7748,0.041263,1.366448e+00,7.09824187e-03,0.968557,113.5503,267.9189
8,backend,numeric,27,1.8000,1.0e-03,-1,SAM,0.7748,0.041263,1.506489e+00,7.15118546e-03,0.974080,110.0673,327.2547
8,backend,numeric,27,1.8000,1.0e-03,-1,SAM,0.7748,0.041263,1.660883e+00,7.89857134e-03,0.964938,111.4682,86.3640
8,backend,numeric,27,1.8000,1.0e-03,-1,SAM,0.7748,0.041263,1.831099e+00,7.94401528e-03,0.969216,113.8175,225.5438
8,backend,numeric,27,1.8000,1.0e-03,-1,SAM,0.7748,0.041263,2.018760e+00,8.17105955e-03,0.969646,112.1921,73.9062
8,backend,numeric,27,1.8000,1.0e-03,-1,SAM,0.7748,0.041263,2.225654e+00,6.01134506e-03,0.975650,116.4485,337.9524
8,backend,numeric,27,1.8000,1.0e-03,-1,SAM,0.7748,0.041263,2.453751e+00,7.29982130e-03,0.972329,109.7818,316.7180
8,backend,numeric,27,1.8000,1.0e-03,-1,SAM,0.7748,0.041263,2.705225e+00,5.62791360e-03,0.976134,117.0049,356.2384
8,backend,numeric,27,1.8000,1.0e-03,-1,SAM,0.7748,0.041263,2.982471e+00,8.02731537e-03,0.971365,115.0123,111.5579
8,backend,numeric,27,1.8000,1.0e-03,-1,SAM,0.7748,0.041263,3.288131e+00,7.05383248e-03,0.974706,111.7295,317.2499
8,backend,numeric,27,1.8000,1.0e-03,-1,SAM,0.7748,0.041263,3.625117e+00,7.23202023e-03,0.969493,114.5977,251.6170
8,backend,numeric,27,1.8000,1.0e-03,-1,SAM,0.7748,0.041263,3.996639e+00,7.29968974e-03,0.977169,112.3587,291.7594
8,backend,numeric,27,1.8000,1.0e-03,-1,SAM,0.7748,0.041263,4.406236e+00,8.41627099e-03,0.968428,112.8632,106.0806
8,backend,numeric,27,1.8000,1.0e-03,-1,SAM,0.7748,0.041263,4.857812e+00,6.83734357e-03,0.963672,112.0210,45.8573
8,backend,numeric,27,1.8000,1.0e-03,-1,SAM,0.7748,0.041263,5.355667e+00,8.18152576e-03,0.968300,112.6356,97.6133
8,backend,numeric,27,1.8000,1.0e-03,-1,SAM,0.7748,0.041263,5.904545e+00,6.43854748e-03,0.978330,114.6996,313.0816
8,backend,numeric,27,1.8000,1.0e-03,-1,SAM,0.7748,0.041263,6.509675e+00,6.53839956e-03,0.976788,113.0011,349.9589
8,backend,numeric,27,1.8000,1.0e-03,-1,SAM,0.7748,0.041263,7.176822e+00,7.39380408e-03,0.969216,115.0352,199.9066
8,backend,numeric,27,1.8000,1.0e-03,-1,SAM,0.7748,0.041263,7.912343e+00,7.96635957e-03,0.973385,111.1492,265.6140
8,backend,numeric,27,1.8000,1.0e-03,-1,SAM,0.7748,0.041263,8.723243e+00,7.68943648e-03,0.970613,116.0996,202.7739
8,backend,numeric,27,1.8000,1.0e-03,-1,SAM,0.7748,0.041263,9.617249e+00,5.21646089e-03,0.965855,118.9646,45.6775
8,backend,numeric,27,1.8000,1.0e-03,-1,SAM,0.7748,0.041263,1.060288e+01,8.97210793e-03,0.970465,113.8117,136.9154
8,backend,numeric,27,1.8000,1.0e-03,-1,SAM,0.7748,0.041263,1.168952e+01,8.08406007e-03,0.971938,115.8930,180.4963
8,backend,numeric,27,1.8000,1.0e-03,-1,SAM,0.7748,0.041263,1.288752e+01,7.98900349e-03,0.968622,114.6618,207.1391
8,backend,numeric,27,1.8000,1.0e-03,-1,SAM,0.7748,0.041263,1.420831e+01,7.60247401e-03,0.968974,113.5210,242.1857
8,backend,numeric,27,1.8000,1.0e-03,-1,SAM,0.7748,0.041263,1.566445e+01,6.72488725e-03,0.976000,111.6747,328.5788
8,backend,numeric,27,1.8000,1.0e-03,-1,SAM,0.7748,0.041263,1.726983e+01,7.78788033e-03,0.970945,114.1611,145.6078
8,backend,numeric,27,1.8000,1.0e-03,-1,SAM,0.7748,0.041263,1.903974e+01,7.99398244e-03,0.971215,114.5241,101.8470
8,backend,numeric,27,1.8000,1.0e-03,-1,SAM,0.7748,0.041263,2.099104e+01,8.30916817e-03,0.970778,112.0056,244.4742
8,backend,numeric,27,1.8000,1.0e-03,-1,SAM,0.7748,0.041263,2.314231e+01,7.89360070e-03,0.972683,111.2140,273.1958
8,backend,numeric,27,1.8000,1.0e-03,-1,SAM,0.7748,0.041263,2.551407e+01,6.94358168e-03,0.968762,114.7948,261.4887
8,backend,numeric,27,1.8000,1.0e-03,-1,SAM,0.7748,0.041263,2.812889e+01,8.04313809e-03,0.969742,112.4097,245.9695
8,backend,numeric,27,1.8000,1.0e-03,-1,SAM,0.7748,0.041263,3.101169e+01,5.38443645e-03,0.975007,119.6529,335.3459
8,backend,numeric,27,1.8000,1.0e-03,-1,SAM,0.7748,0.041263,3.418994e+01,7.60967943e-03,0.968799,113.9496,232.5061
8,backend,numeric,27,1.8000,1.0e-03,-1,SAM,0.7748,0.041263,3.769391e+01,6.20231299e-03,0.963316,114.8896,58.7564
8,backend,numeric,27,1.8000,1.0e-03,-1,SAM,0.7748,0.041263,4.155699e+01,7.55756861e-03,0.972445,115.7844,208.0200
8,backend,numeric,27,1.8000,1.0e-03,-1,SAM,0.7748,0.041263,4.581598e+01,8.20138843e-03,0.971390,115.7106,146.0620
8,backend,numeric,27,1.8000,1.0e-03,-1,SAM,0.7748,0.041263,5.051145e+01,7.30312501e-03,0.971889,109.7333,313.1047
8,backend,numeric,27,1.8000,1.0e-03,-1,SAM,0.7748,0.041263,5.568814e+01,8.79179753e-03,0.971149,114.1903,141.1407
8,backend,numeric,27,1.8000,1.0e-03,-1,SAM,0.7748,0.041263,6.139537e+01,8.45421269e-03,0.970261,113.8770,131.5355
8,backend,numeric,27,1.8000,1.0e-03,-1,SAM,0.7748,0.041263,6.768750e+01,8.58629805e-03,0.967405,111.6763,102.9235
8,backend,numeric,27,1.8000,1.0e-03,-1,SAM,0.7748,0.041263,7.462449e+01,7.75020880e-03,0.972054,115.9355,201.0845
8,backend,numeric,27,1.8000,1.0e-03,-1,SAM,0.7748,0.041263,8.227241e+01,7.18886212e-03,0.974252,111.4409,310.2307
8,backend,numeric,27,1.8000,1.0e-03,-1,SAM,0.7748,0.041263,9.070414e+01,7.51473245e-03,0.970167,112.4835,262.8091
8,backend,numeric,27,1.8000,1.0e-03,-1,SAM,0.7748,0.041263,1.000000e+02,6.32166182e-03,0.978273,115.8207,313.9843
9,backend,numeric,30,10.0000,1.0e-03,-1,LAM,0.7415,0.244702,0.000000e+00,5.85356922e-04,0.783878,41.0071,247.9681
9,backend,numeric,30,10.0000,1.0e-03,-1,LAM,0.7415,0.244702,1.000000e-03,5.38020405e-04,0.811885,40.6700,150.9540
9,backend,numeric,30,10.0000,1.0e-03,-1,LAM,0.7415,0.244702,1.102485e-03,5.32938611e-04,0.815023,40.3869,141.3913
9,backend,numeric,30,10.0000,1.0e-03,-1,LAM,0.7415,0.244702,1.215474e-03,5.27254107e-04,0.818571,39.9797,130.8062
9,backend,numeric,30,10.0000,1.0e-03,-1,LAM,0.7415,0.244702,1.340043e-03,5.20875779e-04,0.822608,39.4460,119.0369
9,backend,numeric,30,10.0000,1.0e-03,-1,LAM,0.7415,0.244702,1.477378e-03,5.13693950e-04,0.827223,38.8122,105.8993
9,backend,numeric,30,10.0000,1.0e-03,-1,LAM,0.7415,0.244702,1.628787e-03,5.05582164e-04,0.832524,38.1478,91.2122
9,backend,numeric,30,10.0000,1.0e-03,-1,LAM,0.7415,0.244702,1.795714e-03,4.96398025e-04,0.838632,37.5669,74.8495
9,backend,numeric,30,10.0000,1.0e-03,-1,LAM,0.7415,0.244702,1.979749e-03,4.85979225e-04,0.845678,37.1982,56.8129
9,backend,numeric,30,10.0000,1.0e-03,-1,LAM,0.7415,0.244702,2.182645e-03,4.74128394e-04,0.853801,37.1060,37.2751
9,backend,numeric,30,10.0000,1.0e-03,-1,LAM,0.7415,0.244702,2.406334e-03,4.60582213e-04,0.863175,37.1812,16.5142
9,backend,numeric,30,10.0000,1.0e-03,-1,LAM,0.7415,0.244702,2.652948e-03,4.44932164e-04,0.874065,37.0731,354.7007
9,backend,numeric,30,10.0000,1.0e-03,-1,LAM,0.7415,0.244702,2.924837e-03,4.26482103e-04,0.886962,36.2671,331.6518
9,backend,numeric,30,10.0000,1.0e-03,-1,LAM,0.7415,0.244702,3.224591e-03,4.03972697e-04,0.902735,34.3463,306.7320
9,backend,numeric,30,10.0000,1.0e-03,-1,LAM,0.7415,0.244702,3.555064e-03,3.74803883e-04,0.922813,31.3201,279.1295
9,backend,numeric,30,10.0000,1.0e-03,-1,LAM,0.7415,0.244702,3.919407e-03,3.30583444e-04,0.949280,27.2629,249.1557
9,backend,numeric,30,10.0000,1.0e-03,-1,LAM,0.7415,0.244702,4.321089e-03,3.32510428e-04,0.990526,29.9047,241.9840
9,backend,numeric,30,10.0000,1.0e-03,-1,LAM,0.7415,0.244702,4.763938e-03,6.09587201e-04,0.998685,58.6244,256.0880
9,backend,numeric,30,10.0000,1.0e-03,-1,LAM,0.7415,0.244702,5.252173e-03,9.00467357e-04,0.998978,73.1919,267.8400
9,backend,numeric,30,10.0000,1.0e-03,-1,LAM,0.7415,0.244702,5.790444e-03,1.16885756e-03,0.999092,79.2921,278.1726
9,backend,numeric,30,10.0000,1.0e-03,-1,LAM,0.7415,0.244702,6.383880e-03,1.41934177e-03,0.999223,82.7303,287.7420
9,backend,numeric,30,10.0000,1.0e-03,-1,LAM,0.7415,0.244702,7.038136e-03,1.65964909e-03,0.999361,85.1235,296.8741
9,backend,numeric,30,10.0000,1.0e-03,-1,LAM,0.7415,0.244702,7.759442e-03,1.89217375e-03,0.999496,87.0826,305.7757
9,backend,numeric,30,10.0000,1.0e-03,-1,LAM,0.7415,0.244702,8.554673e-03,2.11541400e-03,0.999620,88.9394,314.5977
9,backend,numeric,30,10.0000,1.0e-03,-1,LAM,0.7415,0.244702,9.431402e-03,2.32370949e-03,0.999727,90.9454,323.4778
9,backend,numeric,30,10.0000,1.0e-03,-1,LAM,0.7415,0.244702,1.039798e-02,2.50471228e-03,0.999815,93.3686,332.5796
9,backend,numeric,30,10.0000,1.0e-03,-1,LAM,0.7415,0.244702,1.146363e-02,2.63418791e-03,0.999884,96.6243,342.1216
9,backend,numeric,30,10.0000,1.0e-03,-1,LAM,0.7415,0.244702,1.263848e-02,2.66718716e-03,0.999933,101.6271,352.4908
9,backend,numeric,30,10.0000,1.0e-03,-1,LAM,0.7415,0.244702,1.393374e-02,2.51077180e-03,0.999965,111.2248,4.5807
9,backend,numeric,30,10.0000,1.0e-03,-1,LAM,0.7415,0.244702,1.536175e-02,1.97998628e-03,0.999965,134.9929,21.7789
9,backend,numeric,30,10.0000,1.0e-03,-1,LAM,0.7415,0.244702,1.693611e-02,5.29785235e-04,0.993102,170.7659,65.5913
9,backend,numeric,30,10.0000,1.0e-03,-1,LAM,0.7415,0.244702,1.867181e-02,6.32844594e-04,0.897075,168.1779,89.0774
9,backend,numeric,30,10.0000,1.0e-03,-1,LAM,0.7415,0.244702,2.058540e-02,7.32707800e-04,0.834987,166.2592,49.3699
9,backend,numeric,30,10.0000,1.0e-03,-1,LAM,0.7415,0.244702,2.269511e-02,8.12362931e-04,0.785727,165.8647,324.9366
9,backend,numeric,30,10.0000,1.0e-03,-1,LAM,0.7415,0.244702,2.502102e-02,8.81302299e-04,0.745497,164.1436,210.9150
9,backend,numeric,30,10.0000,1.0e-03,-1,LAM,0.7415,0.244702,2.758532e-02,9.42559424e-04,0.711726,163.3369,59.7710
9,backend,numeric,30,10.0000,1.0e-03,-1,LAM,0.7415,0.244702,3.041241e-02,9.97268407e-04,0.683169,162.1765,234.2541
9,backend,numeric,30,10.0000,1.0e-03,-1,LAM,0.7415,0.244702,3.352924e-02,1.04596335e-03,0.658920,161.7328,12.8237
9,backend,numeric,30,10.0000,1.0e-03,-1,LAM,0.7415,0.244702,3.696550e-02,1.08904905e-03,0.638332,160.5465,111.6645
9,backend,numeric,30,10.0000,1.0e-03,-1,LAM,0.7415,0.244702,4.075393e-02,1.12674636e-03,0.621027,159.4176,170.0384
9,backend,numeric,30,10.0000,1.0e-03,-1,LAM,0.7415,0.244702,4.493062e-02,1.15915010e-03,0.606702,158.0997,184.1264
9,backend,numeric,30,10.0000,1.0e-03,-1,LAM,0.7415,0.244702,4.953535e-02,1.18611984e-03,0.595331,156.7828,151.9677
9,backend,numeric,30,10.0000,1.0e-03,-1,LAM,0.7415,0.244702,5.461201e-02,1.20763957e-03,0.587119,155.1506,72.4010
9,backend,numeric,30,10.0000,1.0e-03,-1,LAM,0.7415,0.244702,6.020894e-02,1.22362383e-03,0.582498,153.4196,304.5252
9,backend,numeric,30,10.0000,1.0e-03,-1,LAM,0.7415,0.244702,6.637949e-02,1.23333696e-03,0.582492,151.2726,133.7688
9,backend,numeric,30,10.0000,1.0e-03,-1,LAM,0.7415,0.244702,7.318242e-02,1.23687751e-03,0.588517,148.7439,285.4571
9,backend,numeric,30,10.0000,1.0e-03,-1,LAM,0.7415,0.244702,8.068256e-02,1.23523461e-03,0.602781,145.8919,53.5249
9,backend,numeric,30,10.0000,1.0e-03,-1,LAM,0.7415,0.244702,8.895135e-02,1.22863357e-03,0.629989,142.8365,173.3101
9,backend,numeric,30,10.0000,1.0e-03,-1,LAM,0.7415,0.244702,9.806757e-02,1.22240749e-03,0.676435,138.7565,321.1426
9,backend,numeric,30,10.0000,1.0e-03,-1,LAM,0.7415,0.244702,1.081181e-01,1.23514909e-03,0.749272,133.9830,195.8141
9,backend,numeric,30,10.0000,1.0e-03,-1,LAM,0.7415,0.244702,1.191986e-01,1.32633031e-03,0.846242,125.6263,216.9263
9,backend,numeric,30,10.0000,1.0e-03,-1,LAM,0.7415,0.244702,1.314147e-01,1.69202466e-03,0.937398,108.9970,60.9643
9,backend,numeric,30,10.0000,1.0e-03,-1,LAM,0.7415,0.244702,1.448828e-01,1.58965430e-03,0.979874,126.5689,109.6244
9,backend,numeric,30,10.0000,1.0e-03,-1,LAM,0.7415,0.244702,1.597312e-01,2.01903301e-03,0.965970,113.1374,283.0001
9,backend,numeric,30,10.0000,1.0e-03,-1,LAM,0.7415,0.244702,1.761014e-01,2.31358326e-03,0.971776,110.4820,90.7771
9,backend,numeric,30,10.0000,1.0e-03,-1,LAM,0.7415,0.244702,1.941492e-01,2.00376658e-03,0.973517,114.7782,297.3041
9,backend,numeric,30,10.0000,1.0e-03,-1,LAM,0.7415,0.244702,2.140467e-01,1.87636575e-03,0.972683,114.0032,158.1298
9,backend,numeric,30,10.0000,1.0e-03,-1,LAM,0.7415,0.244702,2.359833e-01,2.00831273e-03,0.966801,111.5442,46.8580
9,backend,numeric,30,10.0000,1.0e-03,-1,LAM,0.7415,0.244702,2.601682e-01,1.97193620e-03,0.973776,113.4893,321.7190
9,backend,numeric,30,10.0000,1.0e-03,-1,LAM,0.7415,0.244702,2.868317e-01,2.09543353e-03,0.968389,111.8237,267.1187
9,backend,numeric,30,10.0000,1.0e-03,-1,LAM,0.7415,0.244702,3.162278e-01,1.88886387e-03,0.967012,113.7850,239.6235
9,backend,numeric,30,10.0000,1.0e-03,-1,LAM,0.7415,0.244702,3.486365e-01,1.88912840e-03,0.967011,113.7517,243.6003
9,backend,numeric,30,10.0000,1.0e-03,-1,LAM,0.7415,0.244702,3.843667e-01,2.10277274e-03,0.968601,111.6455,281.5381
9,backend,numeric,30,10.0000,1.0e-03,-1,LAM,0.7415,0.244702,4.237587e-01,1.80868655e-03,0.974098,115.2155,357.2423
9,backend,numeric,30,10.0000,1.0e-03,-1,LAM,0.7415,0.244702,4.671878e-01,2.20571492e-03,0.970486,112.7820,115.6685
9,backend,numeric,30,10.0000,1.0e-03,-1,LAM,0.7415,0.244702,5.150678e-01,2.10338056e-03,0.969285,111.6856,286.4735
9,backend,numeric,30,10.0000,1.0e-03,-1,LAM,0.7415,0.244702,5.678548e-01,2.10352658e-03,0.972929,114.1553,151.1139
9,backend,numeric,30,10.0000,1.0e-03,-1,LAM,0.7415,0.244702,6.260517e-01,2.11248180e-03,0.966740,111.6548,87.0736
9,backend,numeric,30,10.0000,1.0e-03,-1,LAM,0.7415,0.244702,6.902129e-01,2.15299917e-03,0.967546,111.5232,88.5507
9,backend,numeric,30,10.0000,1.0e-03,-1,LAM,0.7415,0.244702,7.609497e-01,1.91526156e-03,0.971917,115.8885,162.3706
9,backend,numeric,30,10.0000,1.0e-03,-1,LAM,0.7415,0.244702,8.389360e-01,1.78849191e-03,0.974346,114.1807,319.8410
9,backend,numeric,30,10.0000,1.0e-03,-1,LAM,0.7415,0.244702,9.249147e-01,1.98676085e-03,0.967305,113.3529,202.5879
9,backend,numeric,30,10.0000,1.0e-03,-1,LAM,0.7415,0.244702,1.019705e+00,1.80063015e-03,0.968369,115.1633,174.8587
9,backend,numeric,30,10.0000,1.0e-03,-1,LAM,0.7415,0.244702,1.124210e+00,2.15894855e-03,0.969911,111.8801,256.1274
9,backend,numeric,30,10.0000,1.0e-03,-1,LAM,0.7415,0.244702,1.239425e+00,2.08450428e-03,0.971834,113.2413,105.8913
9,backend,numeric,30,10.0000,1.0e-03,-1,LAM,0.7415,0.244702,1.366448e+00,2.16561121e-03,0.969897,112.4714,99.1016
9,backend,numeric,30,10.0000,1.0e-03,-1,LAM,0.7415,0.244702,1.506489e+00,1.78061853e-03,0.969356,115.2681,218.9438
9,backend,numeric,30,10.0000,1.0e-03,-1,LAM,0.7415,0.244702,1.660883e+00,2.14947795e-03,0.972495,113.7886,138.0707
9,backend,numeric,30,10.0000,1.0e-03,-1,LAM,0.7415,0.244702,1.831099e+00,2.11026837e-03,0.970607,112.1564,253.7487
9,backend,numeric,30,10.0000,1.0e-03,-1,LAM,0.7415,0.244702,2.018760e+00,1.87684415e-03,0.967201,114.2939,190.1225
9,backend,numeric,30,10.0000,1.0e-03,-1,LAM,0.7415,0.244702,2.225654e+00,1.76745463e-03,0.972770,115.8705,342.6333
9,backend,numeric,30,10.0000,1.0e-03,-1,LAM,0.7415,0.244702,2.453751e+00,1.65459876e-03,0.970789,116.5807,23.1681
9,backend,numeric,30,10.0000,1.0e-03,-1,LAM,0.7415,0.244702,2.705225e+00,2.02659615e-03,0.972690,112.1771,296.5263
9,backend,numeric,30,10.0000,1.0e-03,-1,LAM,0.7415,0.244702,2.982471e+00,1.81062611e-03,0.968413,115.2106,173.4357
9,backend,numeric,30,10.0000,1.0e-03,-1,LAM,0.7415,0.244702,3.288131e+00,1.75000802e-03,0.972371,116.0441,354.8714
9,backend,numeric,30,10.0000,1.0e-03,-1,LAM,0.7415,0.244702,3.625117e+00,2.11801355e-03,0.972834,114.1270,146.8381
9,backend,numeric,30,10.0000,1.0e-03,-1,LAM,0.7415,0.244702,3.996639e+00,1.64533708e-03,0.967687,115.6098,358.3302
9,backend,numeric,30,10.0000,1.0e-03,-1,LAM,0.7415,0.244702,4.406236e+00,2.02429440e-03,0.967351,112.3613,267.5915
9,backend,numeric,30,10.0000,1.0e-03,-1,LAM,0.7415,0.244702,4.857812e+00,2.07575447e-03,0.972302,112.2863,269.9999
9,backend,numeric,30,10.0000,1.0e-03,-1,LAM,0.7415,0.244702,5.355667e+00,2.12299087e-03,0.968278,111.9022,81.8302
9,backend,numeric,30,10.0000,1.0e-03,-1,LAM,0.7415,0.244702,5.904545e+00,2.12327241e-03,0.972588,113.5985,104.2093
9,backend,numeric,30,10.0000,1.0e-03,-1,LAM,0.7415,0.244702,6.509675e+00,1.63996298e-03,0.971106,116.5392,23.6404
9,backend,numeric,30,10.0000,1.0e-03,-1,LAM,0.7415,0.244702,7.176822e+00,2.13327398e-03,0.971658,111.9805,279.2124
9,backend,numeric,30,10.0000,1.0e-03,-1,LAM,0.7415,0.244702,7.912343e+00,2.13480036e-03,0.969580,112.2855,237.4604
9,backend,numeric,30,10.0000,1.0e-03,-1,LAM,0.7415,0.244702,8.723243e+00,2.03044329e-03,0.972629,112.1812,292.8180
9,backend,numeric,30,10.0000,1.0e-03,-1,LAM,0.7415,0.244702,9.617249e+00,1.82313352e-03,0.969208,115.2947,211.4696
9,backend,numeric,30,10.0000,1.0e-03,-1,LAM,0.7415,0.244702,1.060288e+01,2.06629143e-03,0.966204,111.8357,82.7861
9,backend,numeric,30,10.0000,1.0e-03,-1,LAM,0.7415,0.244702,1.168952e+01,1.69669759e-03,0.973394,115.1335,354.4864
9,backend,numeric,30,10.0000,1.0e-03,-1,LAM,0.7415,0.244702,1.288752e+01,2.17815718e-03,0.971587,112.7707,93.7225
9,backend,numeric,30,10.0000,1.0e-03,-1,LAM,0.7415,0.244702,1.420831e+01,2.12210596e-03,0.970767,112.6095,85.4957
9,backend,numeric,30,10.0000,1.0e-03,-1,LAM,0.7415,0.244702,1.566445e+01,1.92399047e-03,0.972334,115.7089,173.5189
9,backend,numeric,30,10.0000,1.0e-03,-1,LAM,0.7415,0.244702,1.726983e+01,1.96564451e-03,0.972712,113.9287,138.3110
9,backend,numeric,30,10.0000,1.0e-03,-1,LAM,0.7415,0.244702,1.903974e+01,1.88530531e-03,0.972708,114.9833,131.3720
9,backend,numeric,30,10.0000,1.0e-03,-1,LAM,0.7415,0.244702,2.099104e+01,1.72296582e-03,0.966160,114.4154,9.8934
9,backend,numeric,30,10.0000,1.0e-03,-1,LAM,0.7415,0.244702,2.314231e+01,2.02589914e-03,0.973827,113.1144,296.7659
9,backend,numeric,30,10.0000,1.0e-03,-1,LAM,0.7415,0.244702,2.551407e+01,1.84420622e-03,0.972110,115.3127,191.7903
9,backend,numeric,30,10.0000,1.0e-03,-1,LAM,0.7415,0.244702,2.812889e+01,2.13542650e-03,0.971945,112.0931,274.4139
9,backend,numeric,30,10.0000,1.0e-03,-1,LAM,0.7415,0.244702,3.101169e+01,1.91944742e-03,0.972934,114.9365,126.4095
9,backend,numeric,30,10.0000,1.0e-03,-1,LAM,0.7415,0.244702,3.418994e+01,1.90805811e-03,0.966477,112.4841,33.2901
9,backend,numeric,30,10.0000,1.0e-03,-1,LAM,0.7415,0.244702,3.769391e+01,1.75698453e-03,0.974064,114.4275,344.1781
9,backend,numeric,30,10.0000,1.0e-03,-1,LAM,0.7415,0.244702,4.155699e+01,NaN,NaN,NaN,NaN
9,backend,numeric,30,10.0000,1.0e-03,-1,LAM,0.7415,0.244702,4.581598e+01,NaN,NaN,NaN,NaN
9,backend,numeric,30,10.0000,1.0e-03,-1,LAM,0.7415,0.244702,5.051145e+01,NaN,NaN,NaN,NaN
9,backend,numeric,30,10.0000,1.0e-03,-1,LAM,0.7415,0.244702,5.568814e+01,NaN,NaN,NaN,NaN
9,backend,numeric,30,10.0000,1.0e-03,-1,LAM,0.7415,0.244702,6.139537e+01,NaN,NaN,NaN,NaN
9,backend,numeric,30,10.0000,1.0e-03,-1,LAM,0.7415,0.244702,6.768750e+01,NaN,NaN,NaN,NaN
9,backend,numeric,30,10.0000,1.0e-03,-1,LAM,0.7415,0.244702,7.462449e+01,NaN,NaN,NaN,NaN
9,backend,numeric,30,10.0000,1.0e-03,-1,LAM,0.7415,0.244702,8.227241e+01,NaN,NaN,NaN,NaN
9,backend,numeric,30,10.0000,1.0e-03,-1,LAM,0.7415,0.244702,9.070414e+01,NaN,NaN,NaN,NaN
9,backend,numeric,30,10.0000,1.0e-03,-1,LAM,0.7415,0.244702,1.000000e+02,NaN,NaN,NaN,NaN
10,backend,numeric,34,0.1000,1.0e-03,-1,SAM,0.3145,0.016749,0.000000e+00,1.94935864e-03,0.973521,142.9127,76.4312
10,backend,numeric,34,0.1000,1.0e-03,-1,SAM,0.3145,0.016749,1.000000e-03,2.11828755e-03,0.961313,139.1886,88.9395
10,backend,numeric,34,0.1000,1.0e-03,-1,SAM,0.3145,0.016749,1.102485e-03,2.16134766e-03,0.960649,138.6191,89.1012
10,backend,numeric,34,0.1000,1.0e-03,-1,SAM,0.3145,0.016749,1.215474e-03,2.20028891e-03,0.959839,138.0916,89.1960
10,backend,numeric,34,0.1000,1.0e-03,-1,SAM,0.3145,0.016749,1.340043e-03,2.23797582e-03,0.958918,137.5769,89.2408
10,backend,numeric,34,0.1000,1.0e-03,-1,SAM,0.3145,0.016749,1.477378e-03,2.27529803e-03,0.957896,137.0662,89.2369
10,backend,numeric,34,0.1000,1.0e-03,-1,SAM,0.3145,0.016749,1.628787e-03,2.31272668e-03,0.956774,136.5545,89.1820
10,backend,numeric,34,0.1000,1.0e-03,-1,SAM,0.3145,0.016749,1.795714e-03,2.35057114e-03,0.955551,136.0389,89.0710
10,backend,numeric,34,0.1000,1.0e-03,-1,SAM,0.3145,0.016749,1.979749e-03,2.38904695e-03,0.954225,135.5175,88.8969
10,backend,numeric,34,0.1000,1.0e-03,-1,SAM,0.3145,0.016749,2.182645e-03,2.42832600e-03,0.952793,134.9890,88.6516
10,backend,numeric,34,0.1000,1.0e-03,-1,SAM,0.3145,0.016749,2.406334e-03,2.46855593e-03,0.951252,134.4528,88.3251
10,backend,numeric,34,0.1000,1.0e-03,-1,SAM,0.3145,0.016749,2.652948e-03,2.50985933e-03,0.949598,133.9084,87.9061
10,backend,numeric,34,0.1000,1.0e-03,-1,SAM,0.3145,0.016749,2.924837e-03,2.55235216e-03,0.947827,133.3558,87.3822
10,backend,numeric,34,0.1000,1.0e-03,-1,SAM,0.3145,0.016749,3.224591e-03,2.59614130e-03,0.945936,132.7955,86.7388
10,backend,numeric,34,0.1000,1.0e-03,-1,SAM,0.3145,0.016749,3.555064e-03,2.64133446e-03,0.943921,132.2281,85.9591
10,backend,numeric,34,0.1000,1.0e-03,-1,SAM,0.3145,0.016749,3.919407e-03,2.68803702e-03,0.941779,131.6551,85.0246
10,backend,numeric,34,0.1000,1.0e-03,-1,SAM,0.3145,0.016749,4.321089e-03,2.73636308e-03,0.939504,131.0783,83.9145
10,backend,numeric,34,0.1000,1.0e-03,-1,SAM,0.3145,0.016749,4.763938e-03,2.78643032e-03,0.937095,130.5004,82.6051
10,backend,numeric,34,0.1000,1.0e-03,-1,SAM,0.3145,0.016749,5.252173e-03,2.83834960e-03,0.934548,129.9254,81.0702
10,backend,numeric,34,0.1000,1.0e-03,-1,SAM,0.3145,0.016749,5.790444e-03,2.89224205e-03,0.931859,129.3583,79.2803
10,backend,numeric,34,0.1000,1.0e-03,-1,SAM,0.3145,0.016749,6.383880e-03,2.94824786e-03,0.929026,128.8057,77.2018
10,backend,numeric,34,0.1000,1.0e-03,-1,SAM,0.3145,0.016749,7.038136e-03,3.00651748e-03,0.926044,128.2763,74.7969
10,backend,numeric,34,0.1000,1.0e-03,-1,SAM,0.3145,0.016749,7.759442e-03,3.06721003e-03,0.922910,127.7809,72.0220
10,backend,numeric,34,0.1000,1.0e-03,-1,SAM,0.3145,0.016749,8.554673e-03,3.13049155e-03,0.919616,127.3335,68.8271
10,backend,numeric,34,0.1000,1.0e-03,-1,SAM,0.3145,0.016749,9.431402e-03,3.19655123e-03,0.916155,126.9507,65.1537
10,backend,numeric,34,0.1000,1.0e-03,-1,SAM,0.3145,0.016749,1.039798e-02,3.26562961e-03,0.912516,126.6513,60.9332
10,backend,numeric,34,0.1000,1.0e-03,-1,SAM,0.3145,0.016749,1.146363e-02,3.33801222e-03,0.908687,126.4555,56.0840
10,backend,numeric,34,0.1000,1.0e-03,-1,SAM,0.3145,0.016749,1.263848e-02,3.41402083e-03,0.904650,126.3828,50.5072
10,backend,numeric,34,0.1000,1.0e-03,-1,SAM,0.3145,0.016749,1.393374e-02,3.49401035e-03,0.900384,126.4471,44.0819
10,backend,numeric,34,0.1000,1.0e-03,-1,SAM,0.3145,0.016749,1.536175e-02,3.57838598e-03,0.895861,126.6485,36.6602
10,backend,numeric,34,0.1000,1.0e-03,-1,SAM,0.3145,0.016749,1.693611e-02,3.66757188e-03,0.891059,126.9596,28.0637
10,backend,numeric,34,0.1000,1.0e-03,-1,SAM,0.3145,0.016749,1.867181e-02,3.76192275e-03,0.885956,127.3079,18.0868
10,backend,numeric,34,0.1000,1.0e-03,-1,SAM,0.3145,0.016749,2.058540e-02,3.86166464e-03,0.880554,127.5538,6.5159
10,backend,numeric,34,0.1000,1.0e-03,-1,SAM,0.3145,0.016749,2.269511e-02,3.96683225e-03,0.874895,127.4756,353.1784
10,backend,numeric,34,0.1000,1.0e-03,-1,SAM,0.3145,0.016749,2.502102e-02,4.07711734e-03,0.869094,126.7883,338.0242
10,backend,numeric,34,0.1000,1.0e-03,-1,SAM,0.3145,0.016749,2.758532e-02,4.19156977e-03,0.863348,125.2306,321.1996
10,backend,numeric,34,0.1000,1.0e-03,-1,SAM,0.3145,0.016749,3.041241e-02,4.30860297e-03,0.857927,122.7239,303.0237
10,backend,numeric,34,0.1000,1.0e-03,-1,SAM,0.3145,0.016749,3.352924e-02,4.42617669e-03,0.853116,119.5405,283.8191
10,backend,numeric,34,0.1000,1.0e-03,-1,SAM,0.3145,0.016749,3.696550e-02,4.54257462e-03,0.849074,116.3463,263.6879
10,backend,numeric,34,0.1000,1.0e-03,-1,SAM,0.3145,0.016749,4.075393e-02,4.65791852e-03,0.845747,114.0010,242.3795
10,backend,numeric,34,0.1000,1.0e-03,-1,SAM,0.3145,0.016749,4.493062e-02,4.77572391e-03,0.842815,113.1258,219.3496
10,backend,numeric,34,0.1000,1.0e-03,-1,SAM,0.3145,0.016749,4.953535e-02,4.90215711e-03,0.839893,113.5566,193.8876
10,backend,numeric,34,0.1000,1.0e-03,-1,SAM,0.3145,0.016749,5.461201e-02,5.04121508e-03,0.836748,114.1135,165.4041
10,backend,numeric,34,0.1000,1.0e-03,-1,SAM,0.3145,0.016749,6.020894e-02,5.19088779e-03,0.833617,113.4171,134.0400
10,backend,numeric,34,0.1000,1.0e-03,-1,SAM,0.3145,0.016749,6.637949e-02,5.34503773e-03,0.831026,111.7589,100.5007
10,backend,numeric,34,0.1000,1.0e-03,-1,SAM,0.3145,0.016749,7.318242e-02,5.50453179e-03,0.828943,111.5088,64.4468
10,backend,numeric,34,0.1000,1.0e-03,-1,SAM,0.3145,0.016749,8.068256e-02,5.68438768e-03,0.826511,113.6959,23.7272
10,backend,numeric,34,0.1000,1.0e-03,-1,SAM,0.3145,0.016749,8.895135e-02,5.89073500e-03,0.823424,113.9645,336.6742
10,backend,numeric,34,0.1000,1.0e-03,-1,SAM,0.3145,0.016749,9.806757e-02,6.09046747e-03,0.821854,108.2054,287.4042
10,backend,numeric,34,0.1000,1.0e-03,-1,SAM,0.3145,0.016749,1.081181e-01,6.24731361e-03,0.823248,102.5944,239.3540
10,backend,numeric,34,0.1000,1.0e-03,-1,SAM,0.3145,0.016749,1.191986e-01,6.39072075e-03,0.825919,102.4984,190.2214
10,backend,numeric,34,0.1000,1.0e-03,-1,SAM,0.3145,0.016749,1.314147e-01,6.55721044e-03,0.828609,102.3003,138.2700
10,backend,numeric,34,0.1000,1.0e-03,-1,SAM,0.3145,0.016749,1.448828e-01,6.72407034e-03,0.832017,101.1930,83.1783
10,backend,numeric,34,0.1000,1.0e-03,-1,SAM,0.3145,0.016749,1.597312e-01,6.93858808e-03,0.834825,105.3893,21.6279
10,backend,numeric,34,0.1000,1.0e-03,-1,SAM,0.3145,0.016749,1.761014e-01,7.20962819e-03,0.836878,101.9823,312.6733
10,backend,numeric,34,0.1000,1.0e-03,-1,SAM,0.3145,0.016749,1.941492e-01,7.32925536e-03,0.843918,91.9569,245.5520
10,backend,numeric,34,0.1000,1.0e-03,-1,SAM,0.3145,0.016749,2.140467e-01,7.32211094e-03,0.854393,90.3211,178.8693
10,backend,numeric,34,0.1000,1.0e-03,-1,SAM,0.3145,0.016749,2.359833e-01,7.25917844e-03,0.866334,87.8680,109.2464
10,backend,numeric,34,0.1000,1.0e-03,-1,SAM,0.3145,0.016749,2.601682e-01,7.26966381e-03,0.876839,95.0006,32.6477
10,backend,numeric,34,0.1000,1.0e-03,-1,SAM,0.3145,0.016749,2.868317e-01,7.41832262e-03,0.884829,87.6565,311.4105
10,backend,numeric,34,0.1000,1.0e-03,-1,SAM,0.3145,0.016749,3.162278e-01,6.74559445e-03,0.908773,73.5550,219.5946
10,backend,numeric,34,0.1000,1.0e-03,-1,SAM,0.3145,0.016749,3.486365e-01,3.86467560e-03,0.966396,53.7119,111.2082
10,backend,numeric,34,0.1000,1.0e-03,-1,SAM,0.3145,0.016749,3.843667e-01,1.29310501e-02,0.997163,101.2143,189.2188
10,backend,numeric,34,0.1000,1.0e-03,-1,SAM,0.3145,0.016749,4.237587e-01,8.13200676e-03,0.919352,144.1233,257.0940
10,backend,numeric,34,0.1000,1.0e-03,-1,SAM,0.3145,0.016749,4.671878e-01,1.06030076e-02,0.860554,131.3804,169.7577
10,backend,numeric,34,0.1000,1.0e-03,-1,SAM,0.3145,0.016749,5.150678e-01,1.24076516e-02,0.832046,138.6091,57.8384
10,backend,numeric,34,0.1000,1.0e-03,-1,SAM,0.3145,0.016749,5.678548e-01,1.40427861e-02,0.808760,127.9760,264.7321
10,backend,numeric,34,0.1000,1.0e-03,-1,SAM,0.3145,0.016749,6.260517e-01,1.52731664e-02,0.814082,119.5543,133.1302
10,backend,numeric,34,0.1000,1.0e-03,-1,SAM,0.3145,0.016749,6.902129e-01,1.68745466e-02,0.810288,135.0315,346.7457
10,backend,numeric,34,0.1000,1.0e-03,-1,SAM,0.3145,0.016749,7.609497e-01,1.81809425e-02,0.822262,109.5857,208.6160
10,backend,numeric,34,0.1000,1.0e-03,-1,SAM,0.3145,0.016749,8.389360e-01,1.92944038e-02,0.846404,115.6335,93.0668
10,backend,numeric,34,0.1000,1.0e-03,-1,SAM,0.3145,0.016749,9.249147e-01,2.18219003e-02,0.845731,127.1258,319.1428
10,backend,numeric,34,0.1000,1.0e-03,-1,SAM,0.3145,0.016749,1.019705e+00,2.28536536e-02,0.873356,91.0419,213.2242
10,backend,numeric,34,0.1000,1.0e-03,-1,SAM,0.3145,0.016749,1.124210e+00,2.23447530e-02,0.910078,94.3782,128.3481
10,backend,numeric,34,0.1000,1.0e-03,-1,SAM,0.3145,0.016749,1.239425e+00,2.59683755e-02,0.918194,118.1493,62.1239
10,backend,numeric,34,0.1000,1.0e-03,-1,SAM,0.3145,0.016749,1.366448e+00,3.31919443e-02,0.903081,119.0332,322.6148
10,backend,numeric,34,0.1000,1.0e-03,-1,SAM,0.3145,0.016749,1.506489e+00,3.24196832e-02,0.936824,67.8143,249.7436
10,backend,numeric,34,0.1000,1.0e-03,-1,SAM,0.3145,0.016749,1.660883e+00,7.87237275e-02,0.996955,67.9776,237.5755
10,backend,numeric,34,0.1000,1.0e-03,-1,SAM,0.3145,0.016749,1.831099e+00,1.82284102e-01,0.999113,52.8464,247.3906
10,backend,numeric,34,0.1000,1.0e-03,-1,SAM,0.3145,0.016749,2.018760e+00,3.15189526e-01,0.999917,24.7198,205.2362
10,backend,numeric,34,0.1000,1.0e-03,-1,SAM,0.3145,0.016749,2.225654e+00,4.64339589e-01,0.999985,72.8295,128.7191
10,backend,numeric,34,0.1000,1.0e-03,-1,SAM,0.3145,0.016749,2.453751e+00,4.47765310e-01,0.999991,136.6119,164.2338
10,backend,numeric,34,0.1000,1.0e-03,-1,SAM,0.3145,0.016749,2.705225e+00,3.08113754e-01,0.999985,113.4093,252.9910
10,backend,numeric,34,0.1000,1.0e-03,-1,SAM,0.3145,0.016749,2.982471e+00,4.21149278e-01,0.999996,32.5924,268.4121
10,backend,numeric,34,0.1000,1.0e-03,-1,SAM,0.3145,0.016749,3.288131e+00,6.64776334e-01,1.000000,81.8832,93.2975
10,backend,numeric,34,0.1000,1.0e-03,-1,SAM,0.3145,0.016749,3.625117e+00,4.31797100e-01,0.999999,149.6159,260.3726
10,backend,numeric,34,0.1000,1.0e-03,-1,SAM,0.3145,0.016749,3.996639e+00,4.45299799e-01,1.000000,43.5709,295.7632
10,backend,numeric,34,0.1000,1.0e-03,-1,SAM,0.3145,0.016749,4.406236e+00,6.80882973e-01,1.000000,113.1620,65.3465
10,backend,numeric,34,0.1000,1.0e-03,-1,SAM,0.3145,0.016749,4.857812e+00,3.71388927e-01,1.000000,98.0467,291.8645
10,backend,numeric,34,0.1000,1.0e-03,-1,SAM,0.3145,0.016749,5.355667e+00,6.54842267e-01,1.000000,85.4607,45.6308
10,backend,numeric,34,0.1000,1.0e-03,-1,SAM,0.3145,0.016749,5.904545e+00,4.15713442e-01,1.000000,96.0927,302.2136
10,backend,numeric,34,0.1000,1.0e-03,-1,SAM,0.3145,0.016749,6.509675e+00,6.85810812e-01,1.000000,115.1794,34.9499
10,backend,numeric,34,0.1000,1.0e-03,-1,SAM,0.3145,0.016749,7.176822e+00,6.15890703e-01,1.000000,52.1241,345.8028
10,backend,numeric,34,0.1000,1.0e-03,-1,SAM,0.3145,0.016749,7.912343e+00,5.87919426e-01,1.000000,109.2604,311.4932
10,backend,numeric,34,0.1000,1.0e-03,-1,SAM,0.3145,0.016749,8.723243e+00,7.86039419e-01,1.000000,136.5980,356.5607
10,backend,numeric,34,0.1000,1.0e-03,-1,SAM,0.3145,0.016749,9.617249e+00,9.52088347e-01,1.000000,118.1022,29.4195
10,backend,numeric,34,0.1000,1.0e-03,-1,SAM,0.3145,0.016749,1.060288e+01,NaN,NaN,NaN,NaN
10,backend,numeric,34,0.1000,1.0e-03,-1,SAM,0.3145,0.016749,1.168952e+01,NaN,NaN,NaN,NaN
10,backend,numeric,34,0.1000,1.0e-03,-1,SAM,0.3145,0.016749,1.288752e+01,NaN,NaN,NaN,NaN
10,backend,numeric,34,0.1000,1.0e-03,-1,SAM,0.3145,0.016749,1.420831e+01,NaN,NaN,NaN,NaN
10,backend,numeric,34,0.1000,1.0e-03,-1,SAM,0.3145,0.016749,1.566445e+01,NaN,NaN,NaN,NaN
10,backend,numeric,34,0.1000,1.0e-03,-1,SAM,0.3145,0.016749,1.726983e+01,NaN,NaN,NaN,NaN
10,backend,numeric,34,0.1000,1.0e-03,-1,SAM,0.3145,0.016749,1.903974e+01,NaN,NaN,NaN,NaN
10,backend,numeric,34,0.1000,1.0e-03,-1,SAM,0.3145,0.016749,2.099104e+01,NaN,NaN,NaN,NaN
10,backend,numeric,34,0.1000,1.0e-03,-1,SAM,0.3145,0.016749,2.314231e+01,NaN,NaN,NaN,NaN
10,backend,numeric,34,0.1000,1.0e-03,-1,SAM,0.3145,0.016749,2.551407e+01,NaN,NaN,NaN,NaN
10,backend,numeric,34,0.1000,1.0e-03,-1,SAM,0.3145,0.016749,2.812889e+01,NaN,NaN,NaN,NaN
10,backend,numeric,34,0.1000,1.0e-03,-1,SAM,0.3145,0.016749,3.101169e+01,NaN,NaN,NaN,NaN
10,backend,numeric,34,0.1000,1.0e-03,-1,SAM,0.3145,0.016749,3.418994e+01,NaN,NaN,NaN,NaN
10,backend,numeric,34,0.1000,1.0e-03,-1,SAM,0.3145,0.016749,3.769391e+01,NaN,NaN,NaN,NaN
10,backend,numeric,34,0.1000,1.0e-03,-1,SAM,0.3145,0.016749,4.155699e+01,NaN,NaN,NaN,NaN
10,backend,numeric,34,0.1000,1.0e-03,-1,SAM,0.3145,0.016749,4.581598e+01,NaN,NaN,NaN,NaN
10,backend,numeric,34,0.1000,1.0e-03,-1,SAM,0.3145,0.016749,5.051145e+01,NaN,NaN,NaN,NaN
10,backend,numeric,34,0.1000,1.0e-03,-1,SAM,0.3145,0.016749,5.568814e+01,NaN,NaN,NaN,NaN
10,backend,numeric,34,0.1000,1.0e-03,-1,SAM,0.3145,0.016749,6.139537e+01,NaN,NaN,NaN,NaN
10,backend,numeric,34,0.1000,1.0e-03,-1,SAM,0.3145,0.016749,6.768750e+01,NaN,NaN,NaN,NaN
10,backend,numeric,34,0.1000,1.0e-03,-1,SAM,0.3145,0.016749,7.462449e+01,NaN,NaN,NaN,NaN
10,backend,numeric,34,0.1000,1.0e-03,-1,SAM,0.3145,0.016749,8.227241e+01,NaN,NaN,NaN,NaN
10,backend,numeric,34,0.1000,1.0e-03,-1,SAM,0.3145,0.016749,9.070414e+01,NaN,NaN,NaN,NaN
10,backend,numeric,34,0.1000,1.0e-03,-1,SAM,0.3145,0.016749,1.000000e+02,NaN,NaN,NaN,NaN
11,backend,numeric,37,1.8000,1.0e-03,-1,LAM,0.2257,0.733023,0.000000e+00,2.52791406e-04,0.429674,48.6232,1.4066
11,backend,numeric,37,1.8000,1.0e-03,-1,LAM,0.2257,0.733023,1.000000e-03,2.39998283e-04,0.431953,49.3134,54.9396
11,backend,numeric,37,1.8000,1.0e-03,-1,LAM,0.2257,0.733023,1.102485e-03,2.38676513e-04,0.432214,48.6484,344.9535
11,backend,numeric,37,1.8000,1.0e-03,-1,LAM,0.2257,0.733023,1.215474e-03,2.37215756e-04,0.432494,49.2513,267.1205
11,backend,numeric,37,1.8000,1.0e-03,-1,LAM,0.2257,0.733023,1.340043e-03,2.35605024e-04,0.432840,48.7338,181.6171
11,backend,numeric,37,1.8000,1.0e-03,-1,LAM,0.2257,0.733023,1.477378e-03,2.33821609e-04,0.433190,49.2871,85.7900
11,backend,numeric,37,1.8000,1.0e-03,-1,LAM,0.2257,0.733023,1.628787e-03,2.31854005e-04,0.433622,48.6807,340.2668
11,backend,numeric,37,1.8000,1.0e-03,-1,LAM,0.2257,0.733023,1.795714e-03,2.29678361e-04,0.434106,49.2447,222.9421
11,backend,numeric,37,1.8000,1.0e-03,-1,LAM,0.2257,0.733023,1.979749e-03,2.27268831e-04,0.434623,49.2566,91.7436
11,backend,numeric,37,1.8000,1.0e-03,-1,LAM,0.2257,0.733023,2.182645e-03,2.24605669e-04,0.435240,48.8728,306.3785
11,backend,numeric,37,1.8000,1.0e-03,-1,LAM,0.2257,0.733023,2.406334e-03,2.21657744e-04,0.435946,48.7066,144.5352
11,backend,numeric,37,1.8000,1.0e-03,-1,LAM,0.2257,0.733023,2.652948e-03,2.18391991e-04,0.436754,48.7424,323.9303
11,backend,numeric,37,1.8000,1.0e-03,-1,LAM,0.2257,0.733023,2.924837e-03,2.14770750e-04,0.437670,48.9013,121.9875
11,backend,numeric,37,1.8000,1.0e-03,-1,LAM,0.2257,0.733023,3.224591e-03,2.10754470e-04,0.438749,49.3256,256.5368
11,backend,numeric,37,1.8000,1.0e-03,-1,LAM,0.2257,0.733023,3.555064e-03,2.06292787e-04,0.440000,48.8143,3.9215
11,backend,numeric,37,1.8000,1.0e-03,-1,LAM,0.2257,0.733023,3.919407e-03,2.01329772e-04,0.441414,49.2435,79.3994
11,backend,numeric,37,1.8000,1.0e-03,-1,LAM,0.2257,0.733023,4.321089e-03,1.95802431e-04,0.443076,48.7850,119.3022
11,backend,numeric,37,1.8000,1.0e-03,-1,LAM,0.2257,0.733023,4.763938e-03,1.89635851e-04,0.445021,48.7020,117.8850
11,backend,numeric,37,1.8000,1.0e-03,-1,LAM,0.2257,0.733023,5.252173e-03,1.82743622e-04,0.447299,48.9342,68.3376
11,backend,numeric,37,1.8000,1.0e-03,-1,LAM,0.2257,0.733023,5.790444e-03,1.75025736e-04,0.449912,48.1691,321.3914
11,backend,numeric,37,1.8000,1.0e-03,-1,LAM,0.2257,0.733023,6.383880e-03,1.66363776e-04,0.452952,47.8521,146.3853
11,backend,numeric,37,1.8000,1.0e-03,-1,LAM,0.2257,0.733023,7.038136e-03,1.56618917e-04,0.456532,47.9397,248.7735
11,backend,numeric,37,1.8000,1.0e-03,-1,LAM,0.2257,0.733023,7.759442e-03,1.45636775e-04,0.460733,47.3321,248.5976
11,backend,numeric,37,1.8000,1.0e-03,-1,LAM,0.2257,0.733023,8.554673e-03,1.33232108e-04,0.465556,46.2255,117.6130
11,backend,numeric,37,1.8000,1.0e-03,-1,LAM,0.2257,0.733023,9.431402e-03,1.19164845e-04,0.470842,44.9066,173.8535
11,backend,numeric,37,1.8000,1.0e-03,-1,LAM,0.2257,0.733023,1.039798e-02,1.03131467e-04,0.475971,43.1411,344.8921
11,backend,numeric,37,1.8000,1.0e-03,-1,LAM,0.2257,0.733023,1.146363e-02,8.49703390e-05,0.478741,40.6281,136.8078
11,backend,numeric,37,1.8000,1.0e-03,-1,LAM,0.2257,0.733023,1.263848e-02,6.52809443e-05,0.470003,37.1517,318.6318
11,backend,numeric,37,1.8000,1.0e-03,-1,LAM,0.2257,0.733023,1.393374e-02,4.78866503e-05,0.414320,35.7114,37.5001
11,backend,numeric,37,1.8000,1.0e-03,-1,LAM,0.2257,0.733023,1.536175e-02,4.07399646e-05,0.346807,55.7853,9.6103
11,backend,numeric,37,1.8000,1.0e-03,-1,LAM,0.2257,0.733023,1.693611e-02,2.43780753e-05,0.518797,63.8286,94.7640
11,backend,numeric,37,1.8000,1.0e-03,-1,LAM,0.2257,0.733023,1.867181e-02,2.86923472e-05,0.524027,128.4079,104.5007
11,backend,numeric,37,1.8000,1.0e-03,-1,LAM,0.2257,0.733023,2.058540e-02,4.36233359e-05,0.584920,104.6452,308.2750
11,backend,numeric,37,1.8000,1.0e-03,-1,LAM,0.2257,0.733023,2.269511e-02,5.48227353e-05,0.686295,88.8582,205.9814
11,backend,numeric,37,1.8000,1.0e-03,-1,LAM,0.2257,0.733023,2.502102e-02,2.72009360e-05,0.912514,55.7924,179.5861
11,backend,numeric,37,1.8000,1.0e-03,-1,LAM,0.2257,0.733023,2.758532e-02,1.13698791e-04,0.607057,136.5811,31.0648
11,backend,numeric,37,1.8000,1.0e-03,-1,LAM,0.2257,0.733023,3.041241e-02,1.52451084e-04,0.531438,125.1630,274.7788
11,backend,numeric,37,1.8000,1.0e-03,-1,LAM,0.2257,0.733023,3.352924e-02,1.79874410e-04,0.536842,115.8141,272.7847
11,backend,numeric,37,1.8000,1.0e-03,-1,LAM,0.2257,0.733023,3.696550e-02,2.07170178e-04,0.567853,108.3163,241.1609
11,backend,numeric,37,1.8000,1.0e-03,-1,LAM,0.2257,0.733023,4.075393e-02,2.35895254e-04,0.606519,102.3302,191.7106
11,backend,numeric,37,1.8000,1.0e-03,-1,LAM,0.2257,0.733023,4.493062e-02,2.63564560e-04,0.645026,95.6698,52.0933
11,backend,numeric,37,1.8000,1.0e-03,-1,LAM,0.2257,0.733023,4.953535e-02,2.82727269e-04,0.684258,89.1840,91.8143
11,backend,numeric,37,1.8000,1.0e-03,-1,LAM,0.2257,0.733023,5.461201e-02,2.78902247e-04,0.732023,80.9804,226.0187
11,backend,numeric,37,1.8000,1.0e-03,-1,LAM,0.2257,0.733023,6.020894e-02,2.10875273e-04,0.824863,69.9560,337.5158
11,backend,numeric,37,1.8000,1.0e-03,-1,LAM,0.2257,0.733023,6.637949e-02,3.48645772e-04,0.850740,147.4064,14.6257
11,backend,numeric,37,1.8000,1.0e-03,-1,LAM,0.2257,0.733023,7.318242e-02,5.64537201e-04,0.661852,137.6158,328.9503
11,backend,numeric,37,1.8000,1.0e-03,-1,LAM,0.2257,0.733023,8.068256e-02,7.06775982e-04,0.590263,130.9416,44.3127
11,backend,numeric,37,1.8000,1.0e-03,-1,LAM,0.2257,0.733023,8.895135e-02,8.17575689e-04,0.562882,125.2251,36.8114
11,backend,numeric,37,1.8000,1.0e-03,-1,LAM,0.2257,0.733023,9.806757e-02,9.10840579e-04,0.560702,119.8742,27.4041
11,backend,numeric,37,1.8000,1.0e-03,-1,LAM,0.2257,0.733023,1.081181e-01,9.98781164e-04,0.573950,114.7108,70.5384
11,backend,numeric,37,1.8000,1.0e-03,-1,LAM,0.2257,0.733023,1.191986e-01,1.08597970e-03,0.598426,110.1980,199.0441
11,backend,numeric,37,1.8000,1.0e-03,-1,LAM,0.2257,0.733023,1.314147e-01,1.16960195e-03,0.632984,105.4035,76.3937
11,backend,numeric,37,1.8000,1.0e-03,-1,LAM,0.2257,0.733023,1.448828e-01,1.24357525e-03,0.677652,100.5371,71.9875
11,backend,numeric,37,1.8000,1.0e-03,-1,LAM,0.2257,0.733023,1.597312e-01,1.29407419e-03,0.732131,96.4205,182.5369
11,backend,numeric,37,1.8000,1.0e-03,-1,LAM,0.2257,0.733023,1.761014e-01,1.28615716e-03,0.797100,89.3976,39.6417
11,backend,numeric,37,1.8000,1.0e-03,-1,LAM,0.2257,0.733023,1.941492e-01,1.11278727e-03,0.875513,78.9271,316.2097
11,backend,numeric,37,1.8000,1.0e-03,-1,LAM,0.2257,0.733023,2.140467e-01,1.01034377e-03,0.966167,160.6501,247.1962
11,backend,numeric,37,1.8000,1.0e-03,-1,LAM,0.2257,0.733023,2.359833e-01,2.08214357e-03,0.789313,147.7876,295.6522
11,backend,numeric,37,1.8000,1.0e-03,-1,LAM,0.2257,0.733023,2.601682e-01,2.49293079e-03,0.797817,140.9337,232.4496
11,backend,numeric,37,1.8000,1.0e-03,-1,LAM,0.2257,0.733023,2.868317e-01,2.97905568e-03,0.855346,129.5099,266.9161
11,backend,numeric,37,1.8000,1.0e-03,-1,LAM,0.2257,0.733023,3.162278e-01,3.93485799e-03,0.919011,114.3908,99.6070
11,backend,numeric,37,1.8000,1.0e-03,-1,LAM,0.2257,0.733023,3.486365e-01,6.30627489e-03,0.954071,108.0595,29.8535
11,backend,numeric,37,1.8000,1.0e-03,-1,LAM,0.2257,0.733023,3.843667e-01,6.25078694e-03,0.978992,126.2849,75.3107
11,backend,numeric,37,1.8000,1.0e-03,-1,LAM,0.2257,0.733023,4.237587e-01,9.80209690e-03,0.976853,111.7775,181.8901
11,backend,numeric,37,1.8000,1.0e-03,-1,LAM,0.2257,0.733023,4.671878e-01,8.73418991e-03,0.971723,107.2169,308.6965
11,backend,numeric,37,1.8000,1.0e-03,-1,LAM,0.2257,0.733023,5.150678e-01,9.36608388e-03,0.966411,112.3657,84.5251
11,backend,numeric,37,1.8000,1.0e-03,-1,LAM,0.2257,0.733023,5.678548e-01,8.36132023e-03,0.972473,115.5818,214.3314
11,backend,numeric,37,1.8000,1.0e-03,-1,LAM,0.2257,0.733023,6.260517e-01,5.28899991e-03,0.967613,119.6922,41.8987
11,backend,numeric,37,1.8000,1.0e-03,-1,LAM,0.2257,0.733023,6.902129e-01,7.61270013e-03,0.970488,116.2849,215.6924
11,backend,numeric,37,1.8000,1.0e-03,-1,LAM,0.2257,0.733023,7.609497e-01,8.30313912e-03,0.966716,111.1582,86.9408
11,backend,numeric,37,1.8000,1.0e-03,-1,LAM,0.2257,0.733023,8.389360e-01,6.89184037e-03,0.977196,112.4844,305.2104
11,backend,numeric,37,1.8000,1.0e-03,-1,LAM,0.2257,0.733023,9.249147e-01,8.03751040e-03,0.968444,114.6053,205.5826
11,backend,numeric,37,1.8000,1.0e-03,-1,LAM,0.2257,0.733023,1.019705e+00,7.69519438e-03,0.970951,115.6552,130.5420
11,backend,numeric,37,1.8000,1.0e-03,-1,LAM,0.2257,0.733023,1.124210e+00,7.97736679e-03,0.970122,113.0310,81.7536
11,backend,numeric,37,1.8000,1.0e-03,-1,LAM,0.2257,0.733023,1.239425e+00,7.79941427e-03,0.968266,111.8913,75.6436
11,backend,numeric,37,1.8000,1.0e-03,-1,LAM,0.2257,0.733023,1.366448e+00,8.31147841e-03,0.968893,113.1034,106.5933
11,backend,numeric,37,1.8000,1.0e-03,-1,LAM,0.2257,0.733023,1.506489e+00,8.44905107e-03,0.972070,114.3014,166.8532
11,backend,numeric,37,1.8000,1.0e-03,-1,LAM,0.2257,0.733023,1.660883e+00,7.38630639e-03,0.969918,112.5283,268.8540
11,backend,numeric,37,1.8000,1.0e-03,-1,LAM,0.2257,0.733023,1.831099e+00,8.33730714e-03,0.967808,111.2372,83.6700
11,backend,numeric,37,1.8000,1.0e-03,-1,LAM,0.2257,0.733023,2.018760e+00,8.04268067e-03,0.973679,111.2110,267.5471
11,backend,numeric,37,1.8000,1.0e-03,-1,LAM,0.2257,0.733023,2.225654e+00,7.38038976e-03,0.970621,114.6779,178.5096
11,backend,numeric,37,1.8000,1.0e-03,-1,LAM,0.2257,0.733023,2.453751e+00,8.47852550e-03,0.971436,114.0532,154.9978
11,backend,numeric,37,1.8000,1.0e-03,-1,LAM,0.2257,0.733023,2.705225e+00,7.83171160e-03,0.971360,116.1737,192.5988
11,backend,numeric,37,1.8000,1.0e-03,-1,LAM,0.2257,0.733023,2.982471e+00,6.63407310e-03,0.978340,114.4952,307.1803
11,backend,numeric,37,1.8000,1.0e-03,-1,LAM,0.2257,0.733023,3.288131e+00,7.75795500e-03,0.971181,114.0727,155.4941
11,backend,numeric,37,1.8000,1.0e-03,-1,LAM,0.2257,0.733023,3.625117e+00,8.72596827e-03,0.967550,112.0101,108.0768
11,backend,numeric,37,1.8000,1.0e-03,-1,LAM,0.2257,0.733023,3.996639e+00,7.64121468e-03,0.970541,115.9426,141.3093
11,backend,numeric,37,1.8000,1.0e-03,-1,LAM,0.2257,0.733023,4.406236e+00,7.33253445e-03,0.971488,110.0439,309.2957
11,backend,numeric,37,1.8000,1.0e-03,-1,LAM,0.2257,0.733023,4.857812e+00,8.04887480e-03,0.969300,113.4304,227.4701
11,backend,numeric,37,1.8000,1.0e-03,-1,LAM,0.2257,0.733023,5.355667e+00,7.35433514e-03,0.971208,110.4789,301.9974
11,backend,numeric,37,1.8000,1.0e-03,-1,LAM,0.2257,0.733023,5.904545e+00,7.75286812e-03,0.970024,116.3445,159.7670
11,backend,numeric,37,1.8000,1.0e-03,-1,LAM,0.2257,0.733023,6.509675e+00,8.01140056e-03,0.972790,114.6939,186.8334
11,backend,numeric,37,1.8000,1.0e-03,-1,LAM,0.2257,0.733023,7.176822e+00,7.10166014e-03,0.965748,110.6945,45.1037
11,backend,numeric,37,1.8000,1.0e-03,-1,LAM,0.2257,0.733023,7.912343e+00,8.17907794e-03,0.971361,115.0861,118.4829
11,backend,numeric,37,1.8000,1.0e-03,-1,LAM,0.2257,0.733023,8.723243e+00,6.92999938e-03,0.963594,112.6574,65.8858
11,backend,numeric,37,1.8000,1.0e-03,-1,LAM,0.2257,0.733023,9.617249e+00,7.30208786e-03,0.970699,115.9790,228.1439
11,backend,numeric,37,1.8000,1.0e-03,-1,LAM,0.2257,0.733023,1.060288e+01,6.80382902e-03,0.975776,111.2707,334.0810
11,backend,numeric,37,1.8000,1.0e-03,-1,LAM,0.2257,0.733023,1.168952e+01,5.20452676e-03,0.965729,118.6558,40.2609
11,backend,numeric,37,1.8000,1.0e-03,-1,LAM,0.2257,0.733023,1.288752e+01,7.96521396e-03,0.966486,110.4668,64.0447
11,backend,numeric,37,1.8000,1.0e-03,-1,LAM,0.2257,0.733023,1.420831e+01,7.89368635e-03,0.969211,112.5298,80.9863
11,backend,numeric,37,1.8000,1.0e-03,-1,LAM,0.2257,0.733023,1.566445e+01,8.31442441e-03,0.972174,115.4652,172.6464
11,backend,numeric,37,1.8000,1.0e-03,-1,LAM,0.2257,0.733023,1.726983e+01,5.65952560e-03,0.973810,117.5414,354.5125
11,backend,numeric,37,1.8000,1.0e-03,-1,LAM,0.2257,0.733023,1.903974e+01,7.08474811e-03,0.977593,113.1239,298.2572
11,backend,numeric,37,1.8000,1.0e-03,-1,LAM,0.2257,0.733023,2.099104e+01,8.19361513e-03,0.970960,113.8729,94.1938
11,backend,numeric,37,1.8000,1.0e-03,-1,LAM,0.2257,0.733023,2.314231e+01,7.75212511e-03,0.970937,114.7029,115.4492
11,backend,numeric,37,1.8000,1.0e-03,-1,LAM,0.2257,0.733023,2.551407e+01,8.71939350e-03,0.967978,112.6141,110.2550
11,backend,numeric,37,1.8000,1.0e-03,-1,LAM,0.2257,0.733023,2.812889e+01,7.96258981e-03,0.970389,113.4353,87.0115
11,backend,numeric,37,1.8000,1.0e-03,-1,LAM,0.2257,0.733023,3.101169e+01,7.62927700e-03,0.968711,115.6631,176.7633
11,backend,numeric,37,1.8000,1.0e-03,-1,LAM,0.2257,0.733023,3.418994e+01,7.82720367e-03,0.968725,111.9073,72.3324
11,backend,numeric,37,1.8000,1.0e-03,-1,LAM,0.2257,0.733023,3.769391e+01,7.47026710e-03,0.969665,114.6708,238.0943
11,backend,numeric,37,1.8000,1.0e-03,-1,LAM,0.2257,0.733023,4.155699e+01,6.69304010e-03,0.963355,113.8598,70.4077
11,backend,numeric,37,1.8000,1.0e-03,-1,LAM,0.2257,0.733023,4.581598e+01,5.25311230e-03,0.974636,119.2667,351.5260
11,backend,numeric,37,1.8000,1.0e-03,-1,LAM,0.2257,0.733023,5.051145e+01,8.67771396e-03,0.971422,114.2292,154.2724
11,backend,numeric,37,1.8000,1.0e-03,-1,LAM,0.2257,0.733023,5.568814e+01,6.31980932e-03,0.976931,113.5022,338.6756
11,backend,numeric,37,1.8000,1.0e-03,-1,LAM,0.2257,0.733023,6.139537e+01,6.82140698e-03,0.975559,111.9816,337.7841
11,backend,numeric,37,1.8000,1.0e-03,-1,LAM,0.2257,0.733023,6.768750e+01,7.37108858e-03,0.971935,110.9189,288.4573
11,backend,numeric,37,1.8000,1.0e-03,-1,LAM,0.2257,0.733023,7.462449e+01,6.29808986e-03,0.963245,114.9423,64.7599
11,backend,numeric,37,1.8000,1.0e-03,-1,LAM,0.2257,0.733023,8.227241e+01,7.76774204e-03,0.971004,114.1420,148.7361
11,backend,numeric,37,1.8000,1.0e-03,-1,LAM,0.2257,0.733023,9.070414e+01,8.81939494e-03,0.969440,112.7834,118.6616
11,backend,numeric,37,1.8000,1.0e-03,-1,LAM,0.2257,0.733023,1.000000e+02,7.56696471e-03,0.969498,115.9606,160.6204
12,backend,numeric,40,10.0000,1.0e-03,-1,LAM,0.0917,0.859901,0.000000e+00,4.59760133e-04,0.337643,49.8061,127.4383
12,backend,numeric,40,10.0000,1.0e-03,-1,LAM,0.0917,0.859901,1.000000e-03,4.55698820e-04,0.337188,51.6987,331.4359
12,backend,numeric,40,10.0000,1.0e-03,-1,LAM,0.0917,0.859901,1.102485e-03,4.55246376e-04,0.337187,53.1444,277.5575
12,backend,numeric,40,10.0000,1.0e-03,-1,LAM,0.0917,0.859901,1.215474e-03,4.54688153e-04,0.337253,53.4619,219.3963
12,backend,numeric,40,10.0000,1.0e-03,-1,LAM,0.0917,0.859901,1.340043e-03,4.54115096e-04,0.337276,52.3824,153.5813
12,backend,numeric,40,10.0000,1.0e-03,-1,LAM,0.0917,0.859901,1.477378e-03,4.53452798e-04,0.337337,54.3344,81.2069
12,backend,numeric,40,10.0000,1.0e-03,-1,LAM,0.0917,0.859901,1.628787e-03,4.52665094e-04,0.337471,53.3768,2.1962
12,backend,numeric,40,10.0000,1.0e-03,-1,LAM,0.0917,0.859901,1.795714e-03,4.51830742e-04,0.337578,54.7757,273.2565
12,backend,numeric,40,10.0000,1.0e-03,-1,LAM,0.0917,0.859901,1.979749e-03,4.50817585e-04,0.337809,53.9593,176.5862
12,backend,numeric,40,10.0000,1.0e-03,-1,LAM,0.0917,0.859901,2.182645e-03,4.49706347e-04,0.338055,55.9843,68.4713
12,backend,numeric,40,10.0000,1.0e-03,-1,LAM,0.0917,0.859901,2.406334e-03,4.48429252e-04,0.338389,55.0715,309.0641
12,backend,numeric,40,10.0000,1.0e-03,-1,LAM,0.0917,0.859901,2.652948e-03,4.46922538e-04,0.338887,55.4157,178.1385
12,backend,numeric,40,10.0000,1.0e-03,-1,LAM,0.0917,0.859901,2.924837e-03,4.45222036e-04,0.339481,56.9894,32.6259
12,backend,numeric,40,10.0000,1.0e-03,-1,LAM,0.0917,0.859901,3.224591e-03,4.43278676e-04,0.340224,57.9919,231.5090
12,backend,numeric,40,10.0000,1.0e-03,-1,LAM,0.0917,0.859901,3.555064e-03,4.41033036e-04,0.341169,58.7109,53.4822
12,backend,numeric,40,10.0000,1.0e-03,-1,LAM,0.0917,0.859901,3.919407e-03,4.38415166e-04,0.342366,59.0270,217.0774
12,backend,numeric,40,10.0000,1.0e-03,-1,LAM,0.0917,0.859901,4.321089e-03,4.35372234e-04,0.343844,58.7511,359.6104
12,backend,numeric,40,10.0000,1.0e-03,-1,LAM,0.0917,0.859901,4.763938e-03,4.31838425e-04,0.345652,59.9099,118.6228
12,backend,numeric,40,10.0000,1.0e-03,-1,LAM,0.0917,0.859901,5.252173e-03,4.27665119e-04,0.347987,61.2753,213.6909
12,backend,numeric,40,10.0000,1.0e-03,-1,LAM,0.0917,0.859901,5.790444e-03,4.22917706e-04,0.350781,62.1367,279.4630
12,backend,numeric,40,10.0000,1.0e-03,-1,LAM,0.0917,0.859901,6.383880e-03,4.17392960e-04,0.354302,62.0715,315.3306
12,backend,numeric,40,10.0000,1.0e-03,-1,LAM,0.0917,0.859901,7.038136e-03,4.11094953e-04,0.358628,62.9366,317.8040
12,backend,numeric,40,10.0000,1.0e-03,-1,LAM,0.0917,0.859901,7.759442e-03,4.03954126e-04,0.363917,64.6511,284.2654
12,backend,numeric,40,10.0000,1.0e-03,-1,LAM,0.0917,0.859901,8.554673e-03,3.95808261e-04,0.370410,65.5942,212.7085
12,backend,numeric,40,10.0000,1.0e-03,-1,LAM,0.0917,0.859901,9.431402e-03,3.86713741e-04,0.378209,66.4453,99.1958
12,backend,numeric,40,10.0000,1.0e-03,-1,LAM,0.0917,0.859901,1.039798e-02,3.76621088e-04,0.387647,66.5938,303.7372
12,backend,numeric,40,10.0000,1.0e-03,-1,LAM,0.0917,0.859901,1.146363e-02,3.65366908e-04,0.399020,67.6383,104.2500
12,backend,numeric,40,10.0000,1.0e-03,-1,LAM,0.0917,0.859901,1.263848e-02,3.52923318e-04,0.412633,68.2355,220.5275
12,backend,numeric,40,10.0000,1.0e-03,-1,LAM,0.0917,0.859901,1.393374e-02,3.39275208e-04,0.428644,68.1474,291.1236
12,backend,numeric,40,10.0000,1.0e-03,-1,LAM,0.0917,0.859901,1.536175e-02,3.24248473e-04,0.447516,67.8066,317.2764
12,backend,numeric,40,10.0000,1.0e-03,-1,LAM,0.0917,0.859901,1.693611e-02,3.07460935e-04,0.469630,67.5987,298.3854
12,backend,numeric,40,10.0000,1.0e-03,-1,LAM,0.0917,0.859901,1.867181e-02,2.88222859e-04,0.495498,66.8388,232.3832
12,backend,numeric,40,10.0000,1.0e-03,-1,LAM,0.0917,0.859901,2.058540e-02,2.65200538e-04,0.526011,65.1030,111.7498
12,backend,numeric,40,10.0000,1.0e-03,-1,LAM,0.0917,0.859901,2.269511e-02,2.35954847e-04,0.563869,62.4273,279.6093
12,backend,numeric,40,10.0000,1.0e-03,-1,LAM,0.0917,0.859901,2.502102e-02,1.95522933e-04,0.616488,58.3670,335.1055
12,backend,numeric,40,10.0000,1.0e-03,-1,LAM,0.0917,0.859901,2.758532e-02,1.31676422e-04,0.722206,48.5628,183.0330
12,backend,numeric,40,10.0000,1.0e-03,-1,LAM,0.0917,0.859901,3.041241e-02,1.09873240e-04,0.918893,158.0404,321.6871
12,backend,numeric,40,10.0000,1.0e-03,-1,LAM,0.0917,0.859901,3.352924e-02,2.19266259e-04,0.626849,143.8774,116.6294
12,backend,numeric,40,10.0000,1.0e-03,-1,LAM,0.0917,0.859901,3.696550e-02,2.80437381e-04,0.525583,136.4617,94.3131
12,backend,numeric,40,10.0000,1.0e-03,-1,LAM,0.0917,0.859901,4.075393e-02,3.21182732e-04,0.486569,128.7597,194.1341
12,backend,numeric,40,10.0000,1.0e-03,-1,LAM,0.0917,0.859901,4.493062e-02,3.51195123e-04,0.481543,121.6768,218.8165
12,backend,numeric,40,10.0000,1.0e-03,-1,LAM,0.0917,0.859901,4.953535e-02,3.78732156e-04,0.497330,115.4341,292.7392
12,backend,numeric,40,10.0000,1.0e-03,-1,LAM,0.0917,0.859901,5.461201e-02,4.08331955e-04,0.526370,109.9739,154.9713
12,backend,numeric,40,10.0000,1.0e-03,-1,LAM,0.0917,0.859901,6.020894e-02,4.42815905e-04,0.562242,105.1391,212.4581
12,backend,numeric,40,10.0000,1.0e-03,-1,LAM,0.0917,0.859901,6.637949e-02,4.80712795e-04,0.600328,100.5412,107.5084
12,backend,numeric,40,10.0000,1.0e-03,-1,LAM,0.0917,0.859901,7.318242e-02,5.17865209e-04,0.639301,96.2819,169.2987
12,backend,numeric,40,10.0000,1.0e-03,-1,LAM,0.0917,0.859901,8.068256e-02,5.43137071e-04,0.680805,91.3815,359.1043
12,backend,numeric,40,10.0000,1.0e-03,-1,LAM,0.0917,0.859901,8.895135e-02,5.38359889e-04,0.729857,83.2630,273.4426
12,backend,numeric,40,10.0000,1.0e-03,-1,LAM,0.0917,0.859901,9.806757e-02,4.55182698e-04,0.803724,73.0294,205.5594
12,backend,numeric,40,10.0000,1.0e-03,-1,LAM,0.0917,0.859901,1.081181e-01,4.13544635e-04,0.919051,140.8490,105.8880
12,backend,numeric,40,10.0000,1.0e-03,-1,LAM,0.0917,0.859901,1.191986e-01,8.03921863e-04,0.775657,118.7635,253.0831
12,backend,numeric,40,10.0000,1.0e-03,-1,LAM,0.0917,0.859901,1.314147e-01,9.92844203e-04,0.812636,109.1443,99.8503
12,backend,numeric,40,10.0000,1.0e-03,-1,LAM,0.0917,0.859901,1.448828e-01,1.13443350e-03,0.906058,100.0584,156.5419
12,backend,numeric,40,10.0000,1.0e-03,-1,LAM,0.0917,0.859901,1.597312e-01,7.83190337e-04,0.958619,147.2672,188.5801
12,backend,numeric,40,10.0000,1.0e-03,-1,LAM,0.0917,0.859901,1.761014e-01,1.83646848e-03,0.941676,116.0905,18.3527
12,backend,numeric,40,10.0000,1.0e-03,-1,LAM,0.0917,0.859901,1.941492e-01,2.44375129e-03,0.963187,113.6210,108.1646
12,backend,numeric,40,10.0000,1.0e-03,-1,LAM,0.0917,0.859901,2.140467e-01,2.38836022e-03,0.977406,114.8960,301.8982
12,backend,numeric,40,10.0000,1.0e-03,-1,LAM,0.0917,0.859901,2.359833e-01,1.93205928e-03,0.970861,113.2916,177.4970
12,backend,numeric,40,10.0000,1.0e-03,-1,LAM,0.0917,0.859901,2.601682e-01,2.18168198e-03,0.969793,111.6099,82.9652
12,backend,numeric,40,10.0000,1.0e-03,-1,LAM,0.0917,0.859901,2.868317e-01,1.78527184e-03,0.967325,114.2509,30.5808
12,backend,numeric,40,10.0000,1.0e-03,-1,LAM,0.0917,0.859901,3.162278e-01,1.72226258e-03,0.971854,116.3552,2.1268
12,backend,numeric,40,10.0000,1.0e-03,-1,LAM,0.0917,0.859901,3.486365e-01,1.72157541e-03,0.972026,116.2954,6.4114
12,backend,numeric,40,10.0000,1.0e-03,-1,LAM,0.0917,0.859901,3.843667e-01,1.79878871e-03,0.966287,114.0284,47.5796
12,backend,numeric,40,10.0000,1.0e-03,-1,LAM,0.0917,0.859901,4.237587e-01,2.17695172e-03,0.971101,113.0873,118.9843
12,backend,numeric,40,10.0000,1.0e-03,-1,LAM,0.0917,0.859901,4.671878e-01,1.87744966e-03,0.967153,113.8767,246.9417
12,backend,numeric,40,10.0000,1.0e-03,-1,LAM,0.0917,0.859901,5.150678e-01,1.80412412e-03,0.965554,113.8914,59.6421
12,backend,numeric,40,10.0000,1.0e-03,-1,LAM,0.0917,0.859901,5.678548e-01,2.07897004e-03,0.968903,111.9265,276.1564
12,backend,numeric,40,10.0000,1.0e-03,-1,LAM,0.0917,0.859901,6.260517e-01,1.82409137e-03,0.969556,115.4627,207.0622
12,backend,numeric,40,10.0000,1.0e-03,-1,LAM,0.0917,0.859901,6.902129e-01,1.85942036e-03,0.968637,114.9771,207.9584
12,backend,numeric,40,10.0000,1.0e-03,-1,LAM,0.0917,0.859901,7.609497e-01,2.05275784e-03,0.972240,112.1503,281.9050
12,backend,numeric,40,10.0000,1.0e-03,-1,LAM,0.0917,0.859901,8.389360e-01,2.19906370e-03,0.970631,112.2595,91.7915
12,backend,numeric,40,10.0000,1.0e-03,-1,LAM,0.0917,0.859901,9.249147e-01,1.68275372e-03,0.973219,115.6123,329.6069
12,backend,numeric,40,10.0000,1.0e-03,-1,LAM,0.0917,0.859901,1.019705e+00,1.94135727e-03,0.974505,113.5620,296.5172
12,backend,numeric,40,10.0000,1.0e-03,-1,LAM,0.0917,0.859901,1.124210e+00,1.85740120e-03,0.966196,112.8755,22.3075
12,backend,numeric,40,10.0000,1.0e-03,-1,LAM,0.0917,0.859901,1.239425e+00,2.01070910e-03,0.967250,112.6961,243.8106
12,backend,numeric,40,10.0000,1.0e-03,-1,LAM,0.0917,0.859901,1.366448e+00,1.81953039e-03,0.967510,114.4895,234.1511
12,backend,numeric,40,10.0000,1.0e-03,-1,LAM,0.0917,0.859901,1.506489e+00,1.92053889e-03,0.974508,113.4294,342.7069
12,backend,numeric,40,10.0000,1.0e-03,-1,LAM,0.0917,0.859901,1.660883e+00,2.06016920e-03,0.968832,112.1552,259.3960
12,backend,numeric,40,10.0000,1.0e-03,-1,LAM,0.0917,0.859901,1.831099e+00,1.80659872e-03,0.965428,113.4927,34.7270
12,backend,numeric,40,10.0000,1.0e-03,-1,LAM,0.0917,0.859901,2.018760e+00,1.80926767e-03,0.974402,114.8084,312.6278
12,backend,numeric,40,10.0000,1.0e-03,-1,LAM,0.0917,0.859901,2.225654e+00,2.08985957e-03,0.971734,113.1658,101.9206
12,backend,numeric,40,10.0000,1.0e-03,-1,LAM,0.0917,0.859901,2.453751e+00,2.10666505e-03,0.972522,113.7901,142.7260
12,backend,numeric,40,10.0000,1.0e-03,-1,LAM,0.0917,0.859901,2.705225e+00,2.07283110e-03,0.966429,111.6455,76.6157
12,backend,numeric,40,10.0000,1.0e-03,-1,LAM,0.0917,0.859901,2.982471e+00,1.94065381e-03,0.974468,113.3899,294.8992
12,backend,numeric,40,10.0000,1.0e-03,-1,LAM,0.0917,0.859901,3.288131e+00,2.09186053e-03,0.971843,113.3032,113.6885
12,backend,numeric,40,10.0000,1.0e-03,-1,LAM,0.0917,0.859901,3.625117e+00,2.07319737e-03,0.969104,112.0054,269.2734
12,backend,numeric,40,10.0000,1.0e-03,-1,LAM,0.0917,0.859901,3.996639e+00,1.97280435e-03,0.973134,114.6389,118.7818
12,backend,numeric,40,10.0000,1.0e-03,-1,LAM,0.0917,0.859901,4.406236e+00,1.68002650e-03,0.968140,115.8765,33.6996
12,backend,numeric,40,10.0000,1.0e-03,-1,LAM,0.0917,0.859901,4.857812e+00,2.01630105e-03,0.966031,111.6964,49.7914
12,backend,numeric,40,10.0000,1.0e-03,-1,LAM,0.0917,0.859901,5.355667e+00,1.75968417e-03,0.969328,115.1586,213.4257
12,backend,numeric,40,10.0000,1.0e-03,-1,LAM,0.0917,0.859901,5.904545e+00,2.10767690e-03,0.968645,112.4288,226.7783
12,backend,numeric,40,10.0000,1.0e-03,-1,LAM,0.0917,0.859901,6.509675e+00,2.12896139e-03,0.972574,113.8271,144.4785
12,backend,numeric,40,10.0000,1.0e-03,-1,LAM,0.0917,0.859901,7.176822e+00,2.00561926e-03,0.967065,111.7459,42.9058
12,backend,numeric,40,10.0000,1.0e-03,-1,LAM,0.0917,0.859901,7.912343e+00,1.70468184e-03,0.966103,114.6397,14.7511
12,backend,numeric,40,10.0000,1.0e-03,-1,LAM,0.0917,0.859901,8.723243e+00,2.06127070e-03,0.966342,111.6598,73.2888
12,backend,numeric,40,10.0000,1.0e-03,-1,LAM,0.0917,0.859901,9.617249e+00,1.89904455e-03,0.974286,113.1358,334.3147
12,backend,numeric,40,10.0000,1.0e-03,-1,LAM,0.0917,0.859901,1.060288e+01,1.81971536e-03,0.970335,115.6536,202.6533
12,backend,numeric,40,10.0000,1.0e-03,-1,LAM,0.0917,0.859901,1.168952e+01,2.19758270e-03,0.971536,113.0000,122.8656
12,backend,numeric,40,10.0000,1.0e-03,-1,LAM,0.0917,0.859901,1.288752e+01,2.05413875e-03,0.967891,112.7662,216.0181
12,backend,numeric,40,10.0000,1.0e-03,-1,LAM,0.0917,0.859901,1.420831e+01,1.90915937e-03,0.967006,113.7014,222.9308
12,backend,numeric,40,10.0000,1.0e-03,-1,LAM,0.0917,0.859901,1.566445e+01,2.05850816e-03,0.971950,111.9864,294.2210
12,backend,numeric,40,10.0000,1.0e-03,-1,LAM,0.0917,0.859901,1.726983e+01,2.12156825e-03,0.969215,111.6732,273.4081
12,backend,numeric,40,10.0000,1.0e-03,-1,LAM,0.0917,0.859901,1.903974e+01,2.15791471e-03,0.971161,112.1113,257.5846
12,backend,numeric,40,10.0000,1.0e-03,-1,LAM,0.0917,0.859901,2.099104e+01,1.90352688e-03,0.972780,115.1859,130.1761
12,backend,numeric,40,10.0000,1.0e-03,-1,LAM,0.0917,0.859901,2.314231e+01,2.11845284e-03,0.969030,111.7632,59.9734
12,backend,numeric,40,10.0000,1.0e-03,-1,LAM,0.0917,0.859901,2.551407e+01,2.07315952e-03,0.972588,111.8962,316.6970
12,backend,numeric,40,10.0000,1.0e-03,-1,LAM,0.0917,0.859901,2.812889e+01,2.01701111e-03,0.967028,111.6212,39.5976
12,backend,numeric,40,10.0000,1.0e-03,-1,LAM,0.0917,0.859901,3.101169e+01,2.16011718e-03,0.970762,112.1506,251.9308
12,backend,numeric,40,10.0000,1.0e-03,-1,LAM,0.0917,0.859901,3.418994e+01,1.81244331e-03,0.971802,114.7801,158.1592
12,backend,numeric,40,10.0000,1.0e-03,-1,LAM,0.0917,0.859901,3.769391e+01,2.21333134e-03,0.970801,112.5486,115.0657
12,backend,numeric,40,10.0000,1.0e-03,-1,LAM,0.0917,0.859901,4.155699e+01,NaN,NaN,NaN,NaN
12,backend,numeric,40,10.0000,1.0e-03,-1,LAM,0.0917,0.859901,4.581598e+01,NaN,NaN,NaN,NaN
12,backend,numeric,40,10.0000,1.0e-03,-1,LAM,0.0917,0.859901,5.051145e+01,NaN,NaN,NaN,NaN
12,backend,numeric,40,10.0000,1.0e-03,-1,LAM,0.0917,0.859901,5.568814e+01,NaN,NaN,NaN,NaN
12,backend,numeric,40,10.0000,1.0e-03,-1,LAM,0.0917,0.859901,6.139537e+01,NaN,NaN,NaN,NaN
12,backend,numeric,40,10.0000,1.0e-03,-1,LAM,0.0917,0.859901,6.768750e+01,NaN,NaN,NaN,NaN
12,backend,numeric,40,10.0000,1.0e-03,-1,LAM,0.0917,0.859901,7.462449e+01,NaN,NaN,NaN,NaN
12,backend,numeric,40,10.0000,1.0e-03,-1,LAM,0.0917,0.859901,8.227241e+01,NaN,NaN,NaN,NaN
12,backend,numeric,40,10.0000,1.0e-03,-1,LAM,0.0917,0.859901,9.070414e+01,NaN,NaN,NaN,NaN
12,backend,numeric,40,10.0000,1.0e-03,-1,LAM,0.0917,0.859901,1.000000e+02,NaN,NaN,NaN,NaN
13,backend,numeric,44,0.1000,1.0e-03,-1,LAM,0.2282,0.730683,0.000000e+00,7.27216965e-04,0.431372,161.8406,229.9667
13,backend,numeric,44,0.1000,1.0e-03,-1,LAM,0.2282,0.730683,1.000000e-03,7.45503439e-04,0.417258,161.1571,296.6316
13,backend,numeric,44,0.1000,1.0e-03,-1,LAM,0.2282,0.730683,1.102485e-03,7.47329437e-04,0.415879,161.1867,265.8332
13,backend,numeric,44,0.1000,1.0e-03,-1,LAM,0.2282,0.730683,1.215474e-03,7.49333389e-04,0.414373,161.0817,231.5365
13,backend,numeric,44,0.1000,1.0e-03,-1,LAM,0.2282,0.730683,1.340043e-03,7.51523922e-04,0.412736,160.8017,194.0062
13,backend,numeric,44,0.1000,1.0e-03,-1,LAM,0.2282,0.730683,1.477378e-03,7.53914076e-04,0.410959,160.5961,153.2341
13,backend,numeric,44,0.1000,1.0e-03,-1,LAM,0.2282,0.730683,1.628787e-03,7.56532179e-04,0.409023,160.7087,107.9155
13,backend,numeric,44,0.1000,1.0e-03,-1,LAM,0.2282,0.730683,1.795714e-03,7.59409023e-04,0.406908,160.7813,56.5317
13,backend,numeric,44,0.1000,1.0e-03,-1,LAM,0.2282,0.730683,1.979749e-03,7.62547738e-04,0.404616,160.4216,359.9800
13,backend,numeric,44,0.1000,1.0e-03,-1,LAM,0.2282,0.730683,2.182645e-03,7.65959814e-04,0.402141,160.3133,298.3770
13,backend,numeric,44,0.1000,1.0e-03,-1,LAM,0.2282,0.730683,2.406334e-03,7.69689405e-04,0.399457,160.2383,228.6658
13,backend,numeric,44,0.1000,1.0e-03,-1,LAM,0.2282,0.730683,2.652948e-03,7.73718937e-04,0.396579,159.6999,152.8974
13,backend,numeric,44,0.1000,1.0e-03,-1,LAM,0.2282,0.730683,2.924837e-03,7.78097052e-04,0.393479,159.9578,68.2724
13,backend,numeric,44,0.1000,1.0e-03,-1,LAM,0.2282,0.730683,3.224591e-03,7.82842080e-04,0.390150,159.3856,334.0587
13,backend,numeric,44,0.1000,1.0e-03,-1,LAM,0.2282,0.730683,3.555064e-03,7.87961270e-04,0.386593,159.3572,229.3819
13,backend,numeric,44,0.1000,1.0e-03,-1,LAM,0.2282,0.730683,3.919407e-03,7.93438364e-04,0.382827,158.8627,115.0587
13,backend,numeric,44,0.1000,1.0e-03,-1,LAM,0.2282,0.730683,4.321089e-03,7.99350021e-04,0.378806,158.4515,345.7681
13,backend,numeric,44,0.1000,1.0e-03,-1,LAM,0.2282,0.730683,4.763938e-03,8.05647283e-04,0.374568,158.1146,202.8742
13,backend,numeric,44,0.1000,1.0e-03,-1,LAM,0.2282,0.730683,5.252173e-03,8.12303521e-04,0.370132,157.9704,45.3458
13,backend,numeric,44,0.1000,1.0e-03,-1,LAM,0.2282,0.730683,5.790444e-03,8.19341090e-04,0.365489,157.3768,229.6326
13,backend,numeric,44,0.1000,1.0e-03,-1,LAM,0.2282,0.730683,6.383880e-03,8.26684354e-04,0.360687,156.8095,35.1404
13,backend,numeric,44,0.1000,1.0e-03,-1,LAM,0.2282,0.730683,7.038136e-03,8.34301361e-04,0.355742,155.5815,179.1176
13,backend,numeric,44,0.1000,1.0e-03,-1,LAM,0.2282,0.730683,7.759442e-03,8.42089829e-04,0.350709,155.0842,300.7101
13,backend,numeric,44,0.1000,1.0e-03,-1,LAM,0.2282,0.730683,8.554673e-03,8.49994181e-04,0.345610,154.4130,34.1695
13,backend,numeric,44,0.1000,1.0e-03,-1,LAM,0.2282,0.730683,9.431402e-03,8.57841604e-04,0.340525,153.1822,101.3723
13,backend,numeric,44,0.1000,1.0e-03,-1,LAM,0.2282,0.730683,1.039798e-02,8.65551103e-04,0.335484,151.4086,134.9386
13,backend,numeric,44,0.1000,1.0e-03,-1,LAM,0.2282,0.730683,1.146363e-02,8.73012465e-04,0.330568,149.9306,133.3679
13,backend,numeric,44,0.1000,1.0e-03,-1,LAM,0.2282,0.730683,1.263848e-02,8.80492618e-04,0.325805,148.9575,92.3320
13,backend,numeric,44,0.1000,1.0e-03,-1,LAM,0.2282,0.730683,1.393374e-02,8.88184398e-04,0.321218,146.6148,5.0952
13,backend,numeric,44,0.1000,1.0e-03,-1,LAM,0.2282,0.730683,1.536175e-02,8.96142912e-04,0.316907,144.9324,228.6238
13,backend,numeric,44,0.1000,1.0e-03,-1,LAM,0.2282,0.730683,1.693611e-02,9.04316756e-04,0.312963,142.3983,34.1825
13,backend,numeric,44,0.1000,1.0e-03,-1,LAM,0.2282,0.730683,1.867181e-02,9.12464617e-04,0.309489,138.4402,134.9656
13,backend,numeric,44,0.1000,1.0e-03,-1,LAM,0.2282,0.730683,2.058540e-02,9.20147524e-04,0.306585,134.9252,159.2714
13,backend,numeric,44,0.1000,1.0e-03,-1,LAM,0.2282,0.730683,2.269511e-02,9.26516134e-04,0.304385,132.4789,101.1367
13,backend,numeric,44,0.1000,1.0e-03,-1,LAM,0.2282,0.730683,2.502102e-02,9.30516701e-04,0.303013,128.0343,309.9370
13,backend,numeric,44,0.1000,1.0e-03,-1,LAM,0.2282,0.730683,2.758532e-02,9.30590990e-04,0.302675,125.0042,58.0481
13,backend,numeric,44,0.1000,1.0e-03,-1,LAM,0.2282,0.730683,3.041241e-02,9.25100357e-04,0.303590,120.6539,61.2019
13,backend,numeric,44,0.1000,1.0e-03,-1,LAM,0.2282,0.730683,3.352924e-02,9.12493625e-04,0.306185,114.7582,316.3459
13,backend,numeric,44,0.1000,1.0e-03,-1,LAM,0.2282,0.730683,3.696550e-02,8.92110866e-04,0.311078,111.1969,102.6254
13,backend,numeric,44,0.1000,1.0e-03,-1,LAM,0.2282,0.730683,4.075393e-02,8.65070508e-04,0.319420,106.0633,139.7236
13,backend,numeric,44,0.1000,1.0e-03,-1,LAM,0.2282,0.730683,4.493062e-02,8.31759984e-04,0.333094,104.3771,78.9610
13,backend,numeric,44,0.1000,1.0e-03,-1,LAM,0.2282,0.730683,4.953535e-02,7.95158040e-04,0.354048,100.3241,317.7861
13,backend,numeric,44,0.1000,1.0e-03,-1,LAM,0.2282,0.730683,5.461201e-02,7.60489177e-04,0.383697,98.2759,192.1857
13,backend,numeric,44,0.1000,1.0e-03,-1,LAM,0.2282,0.730683,6.020894e-02,7.32412226e-04,0.422379,96.3661,130.8697
13,backend,numeric,44,0.1000,1.0e-03,-1,LAM,0.2282,0.730683,6.637949e-02,7.15698484e-04,0.467110,94.5645,186.4292
13,backend,numeric,44,0.1000,1.0e-03,-1,LAM,0.2282,0.730683,7.318242e-02,7.10049680e-04,0.514585,92.7642,19.2318
13,backend,numeric,44,0.1000,1.0e-03,-1,LAM,0.2282,0.730683,8.068256e-02,7.11214959e-04,0.562037,90.2779,343.7977
13,backend,numeric,44,0.1000,1.0e-03,-1,LAM,0.2282,0.730683,8.895135e-02,7.10535770e-04,0.608391,86.3283,56.5761
13,backend,numeric,44,0.1000,1.0e-03,-1,LAM,0.2282,0.730683,9.806757e-02,6.93381551e-04,0.656307,81.9121,202.5766
13,backend,numeric,44,0.1000,1.0e-03,-1,LAM,0.2282,0.730683,1.081181e-01,6.30479209e-04,0.713469,76.4057,15.2751
13,backend,numeric,44,0.1000,1.0e-03,-1,LAM,0.2282,0.730683,1.191986e-01,4.36366522e-04,0.823873,61.0965,106.7105
13,backend,numeric,44,0.1000,1.0e-03,-1,LAM,0.2282,0.730683,1.314147e-01,7.30809090e-04,0.843109,158.5006,211.8765
13,backend,numeric,44,0.1000,1.0e-03,-1,LAM,0.2282,0.730683,1.448828e-01,1.15484798e-03,0.613353,150.8215,113.0436
13,backend,numeric,44,0.1000,1.0e-03,-1,LAM,0.2282,0.730683,1.597312e-01,1.43658288e-03,0.502367,144.9310,206.0325
13,backend,numeric,44,0.1000,1.0e-03,-1,LAM,0.2282,0.730683,1.761014e-01,1.63195528e-03,0.442491,138.7372,271.4631
13,backend,numeric,44,0.1000,1.0e-03,-1,LAM,0.2282,0.730683,1.941492e-01,1.74880294e-03,0.416727,130.6190,81.4529
13,backend,numeric,44,0.1000,1.0e-03,-1,LAM,0.2282,0.730683,2.140467e-01,1.82410608e-03,0.414812,122.3615,91.5971
13,backend,numeric,44,0.1000,1.0e-03,-1,LAM,0.2282,0.730683,2.359833e-01,1.87193293e-03,0.435068,115.4260,77.3300
13,backend,numeric,44,0.1000,1.0e-03,-1,LAM,0.2282,0.730683,2.601682e-01,1.92120868e-03,0.473991,109.0259,217.9454
13,backend,numeric,44,0.1000,1.0e-03,-1,LAM,0.2282,0.730683,2.868317e-01,2.00327899e-03,0.524114,104.6702,275.3595
13,backend,numeric,44,0.1000,1.0e-03,-1,LAM,0.2282,0.730683,3.162278e-01,2.11966855e-03,0.578159,99.8458,275.3740
13,backend,numeric,44,0.1000,1.0e-03,-1,LAM,0.2282,0.730683,3.486365e-01,2.24785358e-03,0.631373,94.8367,175.4428
13,backend,numeric,44,0.1000,1.0e-03,-1,LAM,0.2282,0.730683,3.843667e-01,2.32485350e-03,0.685111,88.5949,262.4180
13,backend,numeric,44,0.1000,1.0e-03,-1,LAM,0.2282,0.730683,4.237587e-01,2.22177834e-03,0.747261,80.0322,105.6202
13,backend,numeric,44,0.1000,1.0e-03,-1,LAM,0.2282,0.730683,4.671878e-01,1.53858034e-03,0.861948,63.7684,298.3935
13,backend,numeric,44,0.1000,1.0e-03,-1,LAM,0.2282,0.730683,5.150678e-01,2.62165497e-03,0.772880,133.3531,234.8839
13,backend,numeric,44,0.1000,1.0e-03,-1,LAM,0.2282,0.730683,5.678548e-01,3.80405785e-03,0.690841,124.4409,53.6605
13,backend,numeric,44,0.1000,1.0e-03,-1,LAM,0.2282,0.730683,6.260517e-01,4.65341820e-03,0.689658,115.1400,290.3094
13,backend,numeric,44,0.1000,1.0e-03,-1,LAM,0.2282,0.730683,6.902129e-01,5.37803796e-03,0.717566,109.4269,308.5731
13,backend,numeric,44,0.1000,1.0e-03,-1,LAM,0.2282,0.730683,7.609497e-01,5.97818990e-03,0.757968,99.7983,100.5688
13,backend,numeric,44,0.1000,1.0e-03,-1,LAM,0.2282,0.730683,8.389360e-01,6.41992176e-03,0.802618,100.0047,358.9826
13,backend,numeric,44,0.1000,1.0e-03,-1,LAM,0.2282,0.730683,9.249147e-01,6.28846433e-03,0.856963,90.2667,326.1969
13,backend,numeric,44,0.1000,1.0e-03,-1,LAM,0.2282,0.730683,1.019705e+00,5.95355432e-03,0.995701,113.5767,67.8131
13,backend,numeric,44,0.1000,1.0e-03,-1,LAM,0.2282,0.730683,1.124210e+00,8.75516535e-03,0.832007,116.2734,165.6101
13,backend,numeric,44,0.1000,1.0e-03,-1,LAM,0.2282,0.730683,1.239425e+00,1.11909961e-02,0.835392,103.4060,182.4206
13,backend,numeric,44,0.1000,1.0e-03,-1,LAM,0.2282,0.730683,1.366448e+00,1.33130757e-02,0.861514,96.6029,271.4858
13,backend,numeric,44,0.1000,1.0e-03,-1,LAM,0.2282,0.730683,1.506489e+00,1.20752304e-02,0.921711,97.0999,54.3061
13,backend,numeric,44,0.1000,1.0e-03,-1,LAM,0.2282,0.730683,1.660883e+00,2.10540875e-02,0.992854,72.7057,294.9784
13,backend,numeric,44,0.1000,1.0e-03,-1,LAM,0.2282,0.730683,1.831099e+00,8.07755246e-02,0.998338,95.7593,16.5561
13,backend,numeric,44,0.1000,1.0e-03,-1,LAM,0.2282,0.730683,2.018760e+00,4.51694121e-02,0.936878,160.6207,307.3362
13,backend,numeric,44,0.1000,1.0e-03,-1,LAM,0.2282,0.730683,2.225654e+00,5.40328928e-02,0.938761,78.5223,244.6171
13,backend,numeric,44,0.1000,1.0e-03,-1,LAM,0.2282,0.730683,2.453751e+00,1.19283539e-01,0.997405,62.5168,216.8497
13,backend,numeric,44,0.1000,1.0e-03,-1,LAM,0.2282,0.730683,2.705225e+00,2.75826840e-01,0.999479,57.7023,197.4388
13,backend,numeric,44,0.1000,1.0e-03,-1,LAM,0.2282,0.730683,2.982471e+00,4.40614547e-01,0.999813,79.3613,168.2955
13,backend,numeric,44,0.1000,1.0e-03,-1,LAM,0.2282,0.730683,3.288131e+00,5.04680194e-01,0.999935,96.5678,185.5886
13,backend,numeric,44,0.1000,1.0e-03,-1,LAM,0.2282,0.730683,3.625117e+00,6.10554971e-01,0.999977,73.8087,191.5083
13,backend,numeric,44,0.1000,1.0e-03,-1,LAM,0.2282,0.730683,3.996639e+00,7.94606892e-01,0.999991,87.3054,169.6982
13,backend,numeric,44,0.1000,1.0e-03,-1,LAM,0.2282,0.730683,4.406236e+00,8.50573495e-01,0.999998,89.7952,193.0628
13,backend,numeric,44,0.1000,1.0e-03,-1,LAM,0.2282,0.730683,4.857812e+00,NaN,NaN,NaN,NaN
13,backend,numeric,44,0.1000,1.0e-03,-1,LAM,0.2282,0.730683,5.355667e+00,NaN,NaN,NaN,NaN
13,backend,numeric,44,0.1000,1.0e-03,-1,LAM,0.2282,0.730683,5.904545e+00,NaN,NaN,NaN,NaN
13,backend,numeric,44,0.1000,1.0e-03,-1,LAM,0.2282,0.730683,6.509675e+00,NaN,NaN,NaN,NaN
13,backend,numeric,44,0.1000,1.0e-03,-1,LAM,0.2282,0.730683,7.176822e+00,NaN,NaN,NaN,NaN
13,backend,numeric,44,0.1000,1.0e-03,-1,LAM,0.2282,0.730683,7.912343e+00,NaN,NaN,NaN,NaN
13,backend,numeric,44,0.1000,1.0e-03,-1,LAM,0.2282,0.730683,8.723243e+00,NaN,NaN,NaN,NaN
13,backend,numeric,44,0.1000,1.0e-03,-1,LAM,0.2282,0.730683,9.617249e+00,NaN,NaN,NaN,NaN
13,backend,numeric,44,0.1000,1.0e-03,-1,LAM,0.2282,0.730683,1.060288e+01,NaN,NaN,NaN,NaN
13,backend,numeric,44,0.1000,1.0e-03,-1,LAM,0.2282,0.730683,1.168952e+01,NaN,NaN,NaN,NaN
13,backend,numeric,44,0.1000,1.0e-03,-1,LAM,0.2282,0.730683,1.288752e+01,NaN,NaN,NaN,NaN
13,backend,numeric,44,0.1000,1.0e-03,-1,LAM,0.2282,0.730683,1.420831e+01,NaN,NaN,NaN,NaN
13,backend,numeric,44,0.1000,1.0e-03,-1,LAM,0.2282,0.730683,1.566445e+01,NaN,NaN,NaN,NaN
13,backend,numeric,44,0.1000,1.0e-03,-1,LAM,0.2282,0.730683,1.726983e+01,NaN,NaN,NaN,NaN
13,backend,numeric,44,0.1000,1.0e-03,-1,LAM,0.2282,0.730683,1.903974e+01,NaN,NaN,NaN,NaN
13,backend,numeric,44,0.1000,1.0e-03,-1,LAM,0.2282,0.730683,2.099104e+01,NaN,NaN,NaN,NaN
13,backend,numeric,44,0.1000,1.0e-03,-1,LAM,0.2282,0.730683,2.314231e+01,NaN,NaN,NaN,NaN
13,backend,numeric,44,0.1000,1.0e-03,-1,LAM,0.2282,0.730683,2.551407e+01,NaN,NaN,NaN,NaN
13,backend,numeric,44,0.1000,1.0e-03,-1,LAM,0.2282,0.730683,2.812889e+01,NaN,NaN,NaN,NaN
13,backend,numeric,44,0.1000,1.0e-03,-1,LAM,0.2282,0.730683,3.101169e+01,NaN,NaN,NaN,NaN
13,backend,numeric,44,0.1000,1.0e-03,-1,LAM,0.2282,0.730683,3.418994e+01,NaN,NaN,NaN,NaN
13,backend,numeric,44,0.1000,1.0e-03,-1,LAM,0.2282,0.730683,3.769391e+01,NaN,NaN,NaN,NaN
13,backend,numeric,44,0.1000,1.0e-03,-1,LAM,0.2282,0.730683,4.155699e+01,NaN,NaN,NaN,NaN
13,backend,numeric,44,0.1000,1.0e-03,-1,LAM,0.2282,0.730683,4.581598e+01,NaN,NaN,NaN,NaN
13,backend,numeric,44,0.1000,1.0e-03,-1,LAM,0.2282,0.730683,5.051145e+01,NaN,NaN,NaN,NaN
13,backend,numeric,44,0.1000,1.0e-03,-1,LAM,0.2282,0.730683,5.568814e+01,NaN,NaN,NaN,NaN
13,backend,numeric,44,0.1000,1.0e-03,-1,LAM,0.2282,0.730683,6.139537e+01,NaN,NaN,NaN,NaN
13,backend,numeric,44,0.1000,1.0e-03,-1,LAM,0.2282,0.730683,6.768750e+01,NaN,NaN,NaN,NaN
13,backend,numeric,44,0.1000,1.0e-03,-1,LAM,0.2282,0.730683,7.462449e+01,NaN,NaN,NaN,NaN
13,backend,numeric,44,0.1000,1.0e-03,-1,LAM,0.2282,0.730683,8.227241e+01,NaN,NaN,NaN,NaN
13,backend,numeric,44,0.1000,1.0e-03,-1,LAM,0.2282,0.730683,9.070414e+01,NaN,NaN,NaN,NaN
13,backend,numeric,44,0.1000,1.0e-03,-1,LAM,0.2282,0.730683,1.000000e+02,NaN,NaN,NaN,NaN
14,backend,numeric,47,1.8000,1.0e-03,-1,SAM,0.1867,0.009940,0.000000e+00,2.98012411e-03,0.968583,130.6313,81.6993
14,backend,numeric,47,1.8000,1.0e-03,-1,SAM,0.1867,0.009940,1.000000e-03,3.10181791e-03,0.963803,127.9492,89.5113
14,backend,numeric,47,1.8000,1.0e-03,-1,SAM,0.1867,0.009940,1.102485e-03,3.12713415e-03,0.963452,127.5935,90.2220
14,backend,numeric,47,1.8000,1.0e-03,-1,SAM,0.1867,0.009940,1.215474e-03,3.15775254e-03,0.963095,127.1909,90.9834
14,backend,numeric,47,1.8000,1.0e-03,-1,SAM,0.1867,0.009940,1.340043e-03,3.19480456e-03,0.962739,126.7357,91.7947
14,backend,numeric,47,1.8000,1.0e-03,-1,SAM,0.1867,0.009940,1.477378e-03,3.23968616e-03,0.962390,126.2218,92.6535
14,backend,numeric,47,1.8000,1.0e-03,-1,SAM,0.1867,0.009940,1.628787e-03,3.29420738e-03,0.962056,125.6414,93.5544
14,backend,numeric,47,1.8000,1.0e-03,-1,SAM,0.1867,0.009940,1.795714e-03,3.36084603e-03,0.961748,124.9846,94.4873
14,backend,numeric,47,1.8000,1.0e-03,-1,SAM,0.1867,0.009940,1.979749e-03,3.44386980e-03,0.961483,124.2339,95.4290
14,backend,numeric,47,1.8000,1.0e-03,-1,SAM,0.1867,0.009940,2.182645e-03,3.54549125e-03,0.961201,123.4089,95.9728
14,backend,numeric,47,1.8000,1.0e-03,-1,SAM,0.1867,0.009940,2.406334e-03,3.63081464e-03,0.960749,122.6930,96.0254
14,backend,numeric,47,1.8000,1.0e-03,-1,SAM,0.1867,0.009940,2.652948e-03,3.71129827e-03,0.960252,121.9979,96.0154
14,backend,numeric,47,1.8000,1.0e-03,-1,SAM,0.1867,0.009940,2.924837e-03,3.79045836e-03,0.959728,121.3035,95.9529
14,backend,numeric,47,1.8000,1.0e-03,-1,SAM,0.1867,0.009940,3.224591e-03,3.86976519e-03,0.959188,120.6010,95.8397
14,backend,numeric,47,1.8000,1.0e-03,-1,SAM,0.1867,0.009940,3.555064e-03,3.95008382e-03,0.958640,119.8851,95.6750
14,backend,numeric,47,1.8000,1.0e-03,-1,SAM,0.1867,0.009940,3.919407e-03,4.03203174e-03,0.958093,119.1517,95.4562
14,backend,numeric,47,1.8000,1.0e-03,-1,SAM,0.1867,0.009940,4.321089e-03,4.11609062e-03,0.957554,118.3973,95.1799
14,backend,numeric,47,1.8000,1.0e-03,-1,SAM,0.1867,0.009940,4.763938e-03,4.20268912e-03,0.957032,117.6190,94.8425
14,backend,numeric,47,1.8000,1.0e-03,-1,SAM,0.1867,0.009940,5.252173e-03,4.29225567e-03,0.956538,116.8134,94.4398
14,backend,numeric,47,1.8000,1.0e-03,-1,SAM,0.1867,0.009940,5.790444e-03,4.38519386e-03,0.956082,115.9774,93.9675
14,backend,numeric,47,1.8000,1.0e-03,-1,SAM,0.1867,0.009940,6.383880e-03,4.48188299e-03,0.955676,115.1080,93.4214
14,backend,numeric,47,1.8000,1.0e-03,-1,SAM,0.1867,0.009940,7.038136e-03,4.58275625e-03,0.955332,114.2015,92.7973
14,backend,numeric,47,1.8000,1.0e-03,-1,SAM,0.1867,0.009940,7.759442e-03,4.68826618e-03,0.955066,113.2535,92.0916
14,backend,numeric,47,1.8000,1.0e-03,-1,SAM,0.1867,0.009940,8.554673e-03,4.79885510e-03,0.954890,112.2596,91.3015
14,backend,numeric,47,1.8000,1.0e-03,-1,SAM,0.1867,0.009940,9.431402e-03,4.91501803e-03,0.954818,111.2137,90.4253
14,backend,numeric,47,1.8000,1.0e-03,-1,SAM,0.1867,0.009940,1.039798e-02,5.03731110e-03,0.954864,110.1085,89.4619
14,backend,numeric,47,1.8000,1.0e-03,-1,SAM,0.1867,0.009940,1.146363e-02,5.16620964e-03,0.955039,108.9347,88.4113
14,backend,numeric,47,1.8000,1.0e-03,-1,SAM,0.1867,0.009940,1.263848e-02,5.30225137e-03,0.955356,107.6793,87.2755
14,backend,numeric,47,1.8000,1.0e-03,-1,SAM,0.1867,0.009940,1.393374e-02,5.44589781e-03,0.955826,106.3241,86.0576
14,backend,numeric,47,1.8000,1.0e-03,-1,SAM,0.1867,0.009940,1.536175e-02,5.59754088e-03,0.956456,104.8420,84.7631
14,backend,numeric,47,1.8000,1.0e-03,-1,SAM,0.1867,0.009940,1.693611e-02,5.75721909e-03,0.957254,103.1905,83.4020
14,backend,numeric,47,1.8000,1.0e-03,-1,SAM,0.1867,0.009940,1.867181e-02,5.92413500e-03,0.958222,101.2976,81.9876
14,backend,numeric,47,1.8000,1.0e-03,-1,SAM,0.1867,0.009940,2.058540e-02,6.09484471e-03,0.959349,99.0294,80.5412
14,backend,numeric,47,1.8000,1.0e-03,-1,SAM,0.1867,0.009940,2.269511e-02,6.26101385e-03,0.960618,96.0597,79.1105
14,backend,numeric,47,1.8000,1.0e-03,-1,SAM,0.1867,0.009940,2.502102e-02,6.41978723e-03,0.962777,91.8742,80.0054
14,backend,numeric,47,1.8000,1.0e-03,-1,SAM,0.1867,0.009940,2.758532e-02,6.59432784e-03,0.967674,91.7850,85.7048
14,backend,numeric,47,1.8000,1.0e-03,-1,SAM,0.1867,0.009940,3.041241e-02,6.81741344e-03,0.972901,94.8714,93.0326
14,backend,numeric,47,1.8000,1.0e-03,-1,SAM,0.1867,0.009940,3.352924e-02,6.99613389e-03,0.977772,99.5848,102.0032
14,backend,numeric,47,1.8000,1.0e-03,-1,SAM,0.1867,0.009940,3.696550e-02,6.93712131e-03,0.982243,105.2046,112.9179
14,backend,numeric,47,1.8000,1.0e-03,-1,SAM,0.1867,0.009940,4.075393e-02,6.42138520e-03,0.985653,112.6350,126.7390
14,backend,numeric,47,1.8000,1.0e-03,-1,SAM,0.1867,0.009940,4.493062e-02,5.29303004e-03,0.985078,123.8391,145.5328
14,backend,numeric,47,1.8000,1.0e-03,-1,SAM,0.1867,0.009940,4.953535e-02,4.14072197e-03,0.970060,131.8144,172.1931
14,backend,numeric,47,1.8000,1.0e-03,-1,SAM,0.1867,0.009940,5.461201e-02,5.48804484e-03,0.959542,122.7606,189.3305
14,backend,numeric,47,1.8000,1.0e-03,-1,SAM,0.1867,0.009940,6.020894e-02,6.68248049e-03,0.956903,117.5619,187.2423
14,backend,numeric,47,1.8000,1.0e-03,-1,SAM,0.1867,0.009940,6.637949e-02,7.75368354e-03,0.957648,113.1703,184.6319
14,backend,numeric,47,1.8000,1.0e-03,-1,SAM,0.1867,0.009940,7.318242e-02,8.93157788e-03,0.959930,108.0378,182.5865
14,backend,numeric,47,1.8000,1.0e-03,-1,SAM,0.1867,0.009940,8.068256e-02,1.02864114e-02,0.964474,101.2331,187.1526
14,backend,numeric,47,1.8000,1.0e-03,-1,SAM,0.1867,0.009940,8.895135e-02,1.07451947e-02,0.973121,104.1761,202.7665
14,backend,numeric,47,1.8000,1.0e-03,-1,SAM,0.1867,0.009940,9.806757e-02,1.00959630e-02,0.980530,111.8401,223.7163
14,backend,numeric,47,1.8000,1.0e-03,-1,SAM,0.1867,0.009940,1.081181e-01,7.77945163e-03,0.981088,123.1883,254.6433
14,backend,numeric,47,1.8000,1.0e-03,-1,SAM,0.1867,0.009940,1.191986e-01,6.37637072e-03,0.966360,120.2786,296.5614
14,backend,numeric,47,1.8000,1.0e-03,-1,SAM,0.1867,0.009940,1.314147e-01,7.77460641e-03,0.968127,106.9666,326.9839
14,backend,numeric,47,1.8000,1.0e-03,-1,SAM,0.1867,0.009940,1.448828e-01,7.48852428e-03,0.976469,112.7367,359.1922
14,backend,numeric,47,1.8000,1.0e-03,-1,SAM,0.1867,0.009940,1.597312e-01,6.13022315e-03,0.966048,120.9927,49.2942
14,backend,numeric,47,1.8000,1.0e-03,-1,SAM,0.1867,0.009940,1.761014e-01,8.83041041e-03,0.966416,110.6847,92.6333
14,backend,numeric,47,1.8000,1.0e-03,-1,SAM,0.1867,0.009940,1.941492e-01,8.83302481e-03,0.973719,113.8664,138.5077
14,backend,numeric,47,1.8000,1.0e-03,-1,SAM,0.1867,0.009940,2.140467e-01,7.20463883e-03,0.968899,118.5154,202.8676
14,backend,numeric,47,1.8000,1.0e-03,-1,SAM,0.1867,0.009940,2.359833e-01,8.43202680e-03,0.970168,110.3101,266.7903
14,backend,numeric,47,1.8000,1.0e-03,-1,SAM,0.1867,0.009940,2.601682e-01,6.15432591e-03,0.976716,118.4868,337.7791
14,backend,numeric,47,1.8000,1.0e-03,-1,SAM,0.1867,0.009940,2.868317e-01,7.68926064e-03,0.966946,111.1575,58.6419
14,backend,numeric,47,1.8000,1.0e-03,-1,SAM,0.1867,0.009940,3.162278e-01,8.17125607e-03,0.969980,114.3836,140.3737
14,backend,numeric,47,1.8000,1.0e-03,-1,SAM,0.1867,0.009940,3.486365e-01,7.04785691e-03,0.970190,116.1448,242.0953
14,backend,numeric,47,1.8000,1.0e-03,-1,SAM,0.1867,0.009940,3.843667e-01,6.46996302e-03,0.976304,114.0619,351.0689
14,backend,numeric,47,1.8000,1.0e-03,-1,SAM,0.1867,0.009940,4.237587e-01,8.61135235e-03,0.968503,112.8582,108.8457
14,backend,numeric,47,1.8000,1.0e-03,-1,SAM,0.1867,0.009940,4.671878e-01,6.94007620e-03,0.970692,116.2868,235.4467
14,backend,numeric,47,1.8000,1.0e-03,-1,SAM,0.1867,0.009940,5.150678e-01,5.18299308e-03,0.970965,119.8158,30.3257
14,backend,numeric,47,1.8000,1.0e-03,-1,SAM,0.1867,0.009940,5.678548e-01,8.36134799e-03,0.972431,114.7943,175.7298
14,backend,numeric,47,1.8000,1.0e-03,-1,SAM,0.1867,0.009940,6.260517e-01,6.05295580e-03,0.976956,114.9384,354.9576
14,backend,numeric,47,1.8000,1.0e-03,-1,SAM,0.1867,0.009940,6.902129e-01,7.97953480e-03,0.971798,116.0259,185.8072
14,backend,numeric,47,1.8000,1.0e-03,-1,SAM,0.1867,0.009940,7.609497e-01,6.93897469e-03,0.963669,112.3701,61.3208
14,backend,numeric,47,1.8000,1.0e-03,-1,SAM,0.1867,0.009940,8.389360e-01,7.70660966e-03,0.973554,111.0001,274.1122
14,backend,numeric,47,1.8000,1.0e-03,-1,SAM,0.1867,0.009940,9.249147e-01,7.75551625e-03,0.968860,115.9060,178.8012
14,backend,numeric,47,1.8000,1.0e-03,-1,SAM,0.1867,0.009940,1.019705e+00,8.03910002e-03,0.971243,114.5261,102.0914
14,backend,numeric,47,1.8000,1.0e-03,-1,SAM,0.1867,0.009940,1.124210e+00,7.68769277e-03,0.967582,110.7266,55.8131
14,backend,numeric,47,1.8000,1.0e-03,-1,SAM,0.1867,0.009940,1.239425e+00,7.03363059e-03,0.965645,111.1642,51.3447
14,backend,numeric,47,1.8000,1.0e-03,-1,SAM,0.1867,0.009940,1.366448e+00,7.80768275e-03,0.966572,111.7328,82.1367
14,backend,numeric,47,1.8000,1.0e-03,-1,SAM,0.1867,0.009940,1.506489e+00,8.81756185e-03,0.970611,114.0386,140.9316
14,backend,numeric,47,1.8000,1.0e-03,-1,SAM,0.1867,0.009940,1.660883e+00,7.35914336e-03,0.969755,114.9624,240.3049
14,backend,numeric,47,1.8000,1.0e-03,-1,SAM,0.1867,0.009940,1.831099e+00,7.41328209e-03,0.964562,110.9629,59.1079
14,backend,numeric,47,1.8000,1.0e-03,-1,SAM,0.1867,0.009940,2.018760e+00,8.31074061e-03,0.970234,112.2730,240.7665
14,backend,numeric,47,1.8000,1.0e-03,-1,SAM,0.1867,0.009940,2.225654e+00,7.62042285e-03,0.970849,114.3805,148.1771
14,backend,numeric,47,1.8000,1.0e-03,-1,SAM,0.1867,0.009940,2.453751e+00,8.70088218e-03,0.969887,113.7627,128.8892
14,backend,numeric,47,1.8000,1.0e-03,-1,SAM,0.1867,0.009940,2.705225e+00,8.31771772e-03,0.971949,115.5518,166.4174
14,backend,numeric,47,1.8000,1.0e-03,-1,SAM,0.1867,0.009940,2.982471e+00,7.79796080e-03,0.975151,111.3115,276.3883
14,backend,numeric,47,1.8000,1.0e-03,-1,SAM,0.1867,0.009940,3.288131e+00,8.01339742e-03,0.970492,114.0891,126.6902
14,backend,numeric,47,1.8000,1.0e-03,-1,SAM,0.1867,0.009940,3.625117e+00,7.72347208e-03,0.964465,111.7719,84.3821
14,backend,numeric,47,1.8000,1.0e-03,-1,SAM,0.1867,0.009940,3.996639e+00,7.96663094e-03,0.971354,115.1063,113.0219
14,backend,numeric,47,1.8000,1.0e-03,-1,SAM,0.1867,0.009940,4.406236e+00,7.17852518e-03,0.968606,112.2981,281.3182
14,backend,numeric,47,1.8000,1.0e-03,-1,SAM,0.1867,0.009940,4.857812e+00,7.87133712e-03,0.968835,115.2506,200.9364
14,backend,numeric,47,1.8000,1.0e-03,-1,SAM,0.1867,0.009940,5.355667e+00,7.20191729e-03,0.968752,112.7599,274.0643
14,backend,numeric,47,1.8000,1.0e-03,-1,SAM,0.1867,0.009940,5.904545e+00,8.01394387e-03,0.971237,115.7962,132.7389
14,backend,numeric,47,1.8000,1.0e-03,-1,SAM,0.1867,0.009940,6.509675e+00,8.58143409e-03,0.971733,114.2658,160.0442
14,backend,numeric,47,1.8000,1.0e-03,-1,SAM,0.1867,0.009940,7.176822e+00,5.71554703e-03,0.965134,115.0831,19.4865
14,backend,numeric,47,1.8000,1.0e-03,-1,SAM,0.1867,0.009940,7.912343e+00,8.40360804e-03,0.970244,112.9869,92.2577
14,backend,numeric,47,1.8000,1.0e-03,-1,SAM,0.1867,0.009940,8.723243e+00,5.15502858e-03,0.965975,118.7451,34.9984
14,backend,numeric,47,1.8000,1.0e-03,-1,SAM,0.1867,0.009940,9.617249e+00,7.77626238e-03,0.972169,115.8690,199.9496
14,backend,numeric,47,1.8000,1.0e-03,-1,SAM,0.1867,0.009940,1.060288e+01,7.26846771e-03,0.971778,110.2655,303.6309
14,backend,numeric,47,1.8000,1.0e-03,-1,SAM,0.1867,0.009940,1.168952e+01,5.59666149e-03,0.975957,117.1693,359.4823
14,backend,numeric,47,1.8000,1.0e-03,-1,SAM,0.1867,0.009940,1.288752e+01,6.62692452e-03,0.963508,112.4655,38.7866
14,backend,numeric,47,1.8000,1.0e-03,-1,SAM,0.1867,0.009940,1.420831e+01,7.38652618e-03,0.966634,110.8229,55.9978
14,backend,numeric,47,1.8000,1.0e-03,-1,SAM,0.1867,0.009940,1.566445e+01,8.78181962e-03,0.971419,114.4144,147.4249
14,backend,numeric,47,1.8000,1.0e-03,-1,SAM,0.1867,0.009940,1.726983e+01,6.82515082e-03,0.975574,112.7689,322.6974
14,backend,numeric,47,1.8000,1.0e-03,-1,SAM,0.1867,0.009940,1.903974e+01,8.01173486e-03,0.973797,111.2106,269.5450
14,backend,numeric,47,1.8000,1.0e-03,-1,SAM,0.1867,0.009940,2.099104e+01,8.15917593e-03,0.968778,111.4195,67.8095
14,backend,numeric,47,1.8000,1.0e-03,-1,SAM,0.1867,0.009940,2.314231e+01,7.94954406e-03,0.970291,113.3831,86.9939
14,backend,numeric,47,1.8000,1.0e-03,-1,SAM,0.1867,0.009940,2.551407e+01,7.87614653e-03,0.965072,111.7533,86.6950
14,backend,numeric,47,1.8000,1.0e-03,-1,SAM,0.1867,0.009940,2.812889e+01,7.78380280e-03,0.968152,111.0974,60.6695
14,backend,numeric,47,1.8000,1.0e-03,-1,SAM,0.1867,0.009940,3.101169e+01,7.56698706e-03,0.970160,115.9161,148.4248
14,backend,numeric,47,1.8000,1.0e-03,-1,SAM,0.1867,0.009940,3.418994e+01,7.14931737e-03,0.965908,110.7266,47.7149
14,backend,numeric,47,1.8000,1.0e-03,-1,SAM,0.1867,0.009940,3.769391e+01,7.60242355e-03,0.970694,116.0355,210.3427
14,backend,numeric,47,1.8000,1.0e-03,-1,SAM,0.1867,0.009940,4.155699e+01,5.09495909e-03,0.968428,119.9285,38.5833
14,backend,numeric,47,1.8000,1.0e-03,-1,SAM,0.1867,0.009940,4.581598e+01,6.65779123e-03,0.977468,113.0094,313.3602
14,backend,numeric,47,1.8000,1.0e-03,-1,SAM,0.1867,0.009940,5.051145e+01,8.87964885e-03,0.969741,113.6595,128.8991
14,backend,numeric,47,1.8000,1.0e-03,-1,SAM,0.1867,0.009940,5.568814e+01,7.15114198e-03,0.973964,110.6622,305.9810
14,backend,numeric,47,1.8000,1.0e-03,-1,SAM,0.1867,0.009940,6.139537e+01,7.32775495e-03,0.971647,110.0980,309.5503
14,backend,numeric,47,1.8000,1.0e-03,-1,SAM,0.1867,0.009940,6.768750e+01,7.46271747e-03,0.969854,112.9692,259.8030
14,backend,numeric,47,1.8000,1.0e-03,-1,SAM,0.1867,0.009940,7.462449e+01,5.06426394e-03,0.970459,120.0004,29.6437
14,backend,numeric,47,1.8000,1.0e-03,-1,SAM,0.1867,0.009940,8.227241e+01,7.99337522e-03,0.970373,114.0776,120.0002
14,backend,numeric,47,1.8000,1.0e-03,-1,SAM,0.1867,0.009940,9.070414e+01,8.35593166e-03,0.966580,111.3217,94.7936
14,backend,numeric,47,1.8000,1.0e-03,-1,SAM,0.1867,0.009940,1.000000e+02,7.71881672e-03,0.970931,115.7732,132.2267
