case_id,block,backend,ic_id,J,mu_over_J,sigma,band0,band_frac0,d_sep0,t_yr,omega_e,Id_over_Is,beta_deg,alpha_deg
1,backend,numeric,1,0.1000,1.0e-03,-1,LAM,0.1949,0.762218,0.000000e+00,7.89395007e-04,0.408497,38.2810,52.6808
1,backend,numeric,1,0.1000,1.0e-03,-1,LAM,0.1949,0.762218,1.000000e-03,7.80844764e-04,0.404593,37.7793,176.6159
1,backend,numeric,1,0.1000,1.0e-03,-1,LAM,0.1949,0.762218,1.102485e-03,7.80006546e-04,0.404173,37.7353,151.6281
1,backend,numeric,1,0.1000,1.0e-03,-1,LAM,0.1949,0.762218,1.215474e-03,7.79085971e-04,0.403711,38.0053,124.1162
1,backend,numeric,1,0.1000,1.0e-03,-1,LAM,0.1949,0.762218,1.340043e-03,7.78064929e-04,0.403217,38.4671,94.2142
1,backend,numeric,1,0.1000,1.0e-03,-1,LAM,0.1949,0.762218,1.477378e-03,7.76931621e-04,0.402691,38.7179,61.6914
1,backend,numeric,1,0.1000,1.0e-03,-1,LAM,0.1949,0.762218,1.628787e-03,7.75693201e-04,0.402107,38.4570,25.6160
1,backend,numeric,1,0.1000,1.0e-03,-1,LAM,0.1949,0.762218,1.795714e-03,7.74361550e-04,0.401434,38.0781,344.8474
1,backend,numeric,1,0.1000,1.0e-03,-1,LAM,0.1949,0.762218,1.979749e-03,7.72915100e-04,0.400683,38.3697,299.4572
1,backend,numeric,1,0.1000,1.0e-03,-1,LAM,0.1949,0.762218,2.182645e-03,7.71307453e-04,0.399890,38.8892,250.3617
1,backend,numeric,1,0.1000,1.0e-03,-1,LAM,0.1949,0.762218,2.406334e-03,7.69554965e-04,0.399014,38.4342,196.0223
1,backend,numeric,1,0.1000,1.0e-03,-1,LAM,0.1949,0.762218,2.652948e-03,7.67692128e-04,0.397993,38.3352,134.1637
1,backend,numeric,1,0.1000,1.0e-03,-1,LAM,0.1949,0.762218,2.924837e-03,7.65622541e-04,0.396923,39.2289,67.1451
1,backend,numeric,1,0.1000,1.0e-03,-1,LAM,0.1949,0.762218,3.224591e-03,7.63369962e-04,0.395751,38.5936,352.8594
1,backend,numeric,1,0.1000,1.0e-03,-1,LAM,0.1949,0.762218,3.555064e-03,7.60959431e-04,0.394421,39.3200,269.3260
1,backend,numeric,1,0.1000,1.0e-03,-1,LAM,0.1949,0.762218,3.919407e-03,7.58314675e-04,0.393007,38.7908,177.9951
1,backend,numeric,1,0.1000,1.0e-03,-1,LAM,0.1949,0.762218,4.321089e-03,7.55496077e-04,0.391408,39.8105,75.1095
1,backend,numeric,1,0.1000,1.0e-03,-1,LAM,0.1949,0.762218,4.763938e-03,7.52433727e-04,0.389687,39.2042,321.5126
1,backend,numeric,1,0.1000,1.0e-03,-1,LAM,0.1949,0.762218,5.252173e-03,7.49130000e-04,0.387827,39.6553,195.9558
1,backend,numeric,1,0.1000,1.0e-03,-1,LAM,0.1949,0.762218,5.790444e-03,7.45631467e-04,0.385748,40.5685,54.7961
1,backend,numeric,1,0.1000,1.0e-03,-1,LAM,0.1949,0.762218,6.383880e-03,7.41907153e-04,0.383480,40.8573,257.6623
1,backend,numeric,1,0.1000,1.0e-03,-1,LAM,0.1949,0.762218,7.038136e-03,7.37959714e-04,0.381030,41.2622,82.5273
1,backend,numeric,1,0.1000,1.0e-03,-1,LAM,0.1949,0.762218,7.759442e-03,7.33758720e-04,0.378440,41.7690,247.7906
1,backend,numeric,1,0.1000,1.0e-03,-1,LAM,0.1949,0.762218,8.554673e-03,7.29324342e-04,0.375673,41.9954,30.2433
1,backend,numeric,1,0.1000,1.0e-03,-1,LAM,0.1949,0.762218,9.431402e-03,7.24686802e-04,0.372699,41.9203,145.4468
1,backend,numeric,1,0.1000,1.0e-03,-1,LAM,0.1949,0.762218,1.039798e-02,7.19742689e-04,0.369677,43.7080,232.8993
1,backend,numeric,1,0.1000,1.0e-03,-1,LAM,0.1949,0.762218,1.146363e-02,7.14529224e-04,0.366565,44.2058,285.6705
1,backend,numeric,1,0.1000,1.0e-03,-1,LAM,0.1949,0.762218,1.263848e-02,7.08889202e-04,0.363551,44.9134,301.7774
1,backend,numeric,1,0.1000,1.0e-03,-1,LAM,0.1949,0.762218,1.393374e-02,7.02699794e-04,0.360736,46.7445,275.2312
1,backend,numeric,1,0.1000,1.0e-03,-1,LAM,0.1949,0.762218,1.536175e-02,6.95691958e-04,0.358353,47.8530,201.1721
1,backend,numeric,1,0.1000,1.0e-03,-1,LAM,0.1949,0.762218,1.693611e-02,6.87619311e-04,0.356551,50.2856,70.2006
1,backend,numeric,1,0.1000,1.0e-03,-1,LAM,0.1949,0.762218,1.867181e-02,6.77934721e-04,0.355755,52.1107,238.4395
1,backend,numeric,1,0.1000,1.0e-03,-1,LAM,0.1949,0.762218,2.058540e-02,6.66105863e-04,0.356349,52.6477,336.9468
1,backend,numeric,1,0.1000,1.0e-03,-1,LAM,0.1949,0.762218,2.269511e-02,6.51393780e-04,0.358845,55.0629,0.2863
1,backend,numeric,1,0.1000,1.0e-03,-1,LAM,0.1949,0.762218,2.502102e-02,6.32658863e-04,0.363740,57.5367,299.5709
1,backend,numeric,1,0.1000,1.0e-03,-1,LAM,0.1949,0.762218,2.758532e-02,6.09352789e-04,0.371995,59.2635,148.4842
1,backend,numeric,1,0.1000,1.0e-03,-1,LAM,0.1949,0.762218,3.041241e-02,5.81460817e-04,0.384191,62.2469,262.3903
1,backend,numeric,1,0.1000,1.0e-03,-1,LAM,0.1949,0.762218,3.352924e-02,5.48719951e-04,0.401098,63.2952,280.8851
1,backend,numeric,1,0.1000,1.0e-03,-1,LAM,0.1949,0.762218,3.696550e-02,5.11373339e-04,0.423603,64.0234,208.2599
1,backend,numeric,1,0.1000,1.0e-03,-1,LAM,0.1949,0.762218,4.075393e-02,4.67998743e-04,0.452911,64.1563,47.3172
1,backend,numeric,1,0.1000,1.0e-03,-1,LAM,0.1949,0.762218,4.493062e-02,4.16523998e-04,0.490047,62.4524,153.7819
1,backend,numeric,1,0.1000,1.0e-03,-1,LAM,0.1949,0.762218,4.953535e-02,3.50415473e-04,0.538816,59.4618,132.8748
1,backend,numeric,1,0.1000,1.0e-03,-1,LAM,0.1949,0.762218,5.461201e-02,2.53240883e-04,0.617912,51.9827,222.7365
1,backend,numeric,1,0.1000,1.0e-03,-1,LAM,0.1949,0.762218,6.020894e-02,4.22315649e-04,0.999484,91.9871,274.8742
1,backend,numeric,1,0.1000,1.0e-03,-1,LAM,0.1949,0.762218,6.637949e-02,3.04245197e-04,0.578915,155.9203,76.6748
1,backend,numeric,1,0.1000,1.0e-03,-1,LAM,0.1949,0.762218,7.318242e-02,4.16602703e-04,0.405877,145.4028,199.5277
1,backend,numeric,1,0.1000,1.0e-03,-1,LAM,0.1949,0.762218,8.068256e-02,4.59452474e-04,0.357916,129.6525,62.8809
1,backend,numeric,1,0.1000,1.0e-03,-1,LAM,0.1949,0.762218,8.895135e-02,4.59597202e-04,0.374300,113.7292,283.1323
1,backend,numeric,1,0.1000,1.0e-03,-1,LAM,0.1949,0.762218,9.806757e-02,4.47041226e-04,0.446963,104.4221,259.7569
1,backend,numeric,1,0.1000,1.0e-03,-1,LAM,0.1949,0.762218,1.081181e-01,4.62891757e-04,0.541012,97.5057,247.8853
1,backend,numeric,1,0.1000,1.0e-03,-1,LAM,0.1949,0.762218,1.191986e-01,4.94014559e-04,0.623188,90.7950,21.9711
1,backend,numeric,1,0.1000,1.0e-03,-1,LAM,0.1949,0.762218,1.314147e-01,4.85885146e-04,0.701249,80.3149,249.8670
1,backend,numeric,1,0.1000,1.0e-03,-1,LAM,0.1949,0.762218,1.448828e-01,2.67886269e-04,0.879040,57.5916,157.5637
1,backend,numeric,1,0.1000,1.0e-03,-1,LAM,0.1949,0.762218,1.597312e-01,6.92623413e-04,0.737339,118.7241,125.1273
1,backend,numeric,1,0.1000,1.0e-03,-1,LAM,0.1949,0.762218,1.761014e-01,9.70109430e-04,0.705500,107.7402,187.3585
1,backend,numeric,1,0.1000,1.0e-03,-1,LAM,0.1949,0.762218,1.941492e-01,1.17310723e-03,0.712406,98.9568,42.1285
1,backend,numeric,1,0.1000,1.0e-03,-1,LAM,0.1949,0.762218,2.140467e-01,1.30138796e-03,0.733872,93.0138,351.7116
1,backend,numeric,1,0.1000,1.0e-03,-1,LAM,0.1949,0.762218,2.359833e-01,1.29899387e-03,0.771351,84.9737,347.3802
1,backend,numeric,1,0.1000,1.0e-03,-1,LAM,0.1949,0.762218,2.601682e-01,9.57229528e-04,0.860268,66.6915,293.1382
1,backend,numeric,1,0.1000,1.0e-03,-1,LAM,0.1949,0.762218,2.868317e-01,1.47371795e-03,0.810838,123.1742,281.6998
1,backend,numeric,1,0.1000,1.0e-03,-1,LAM,0.1949,0.762218,3.162278e-01,2.17726247e-03,0.741564,113.3536,326.1218
1,backend,numeric,1,0.1000,1.0e-03,-1,LAM,0.1949,0.762218,3.486365e-01,2.66307084e-03,0.737681,104.9632,72.1154
1,backend,numeric,1,0.1000,1.0e-03,-1,LAM,0.1949,0.762218,3.843667e-01,3.03480941e-03,0.752140,97.9464,241.6083
1,backend,numeric,1,0.1000,1.0e-03,-1,LAM,0.1949,0.762218,4.237587e-01,3.23250796e-03,0.779604,89.5055,108.1130
1,backend,numeric,1,0.1000,1.0e-03,-1,LAM,0.1949,0.762218,4.671878e-01,3.15943496e-03,0.820272,86.6099,359.5060
1,backend,numeric,1,0.1000,1.0e-03,-1,LAM,0.1949,0.762218,5.150678e-01,2.10351447e-03,0.916323,65.1088,216.7265
1,backend,numeric,1,0.1000,1.0e-03,-1,LAM,0.1949,0.762218,5.678548e-01,4.25660804e-03,0.895513,141.6745,277.8032
1,backend,numeric,1,0.1000,1.0e-03,-1,LAM,0.1949,0.762218,6.260517e-01,6.55781134e-03,0.782737,132.0566,300.5131
1,backend,numeric,1,0.1000,1.0e-03,-1,LAM,0.1949,0.762218,6.902129e-01,8.04979963e-03,0.753660,123.3827,269.0989
1,backend,numeric,1,0.1000,1.0e-03,-1,LAM,0.1949,0.762218,7.609497e-01,9.29905528e-03,0.756236,116.5732,254.5717
1,backend,numeric,1,0.1000,1.0e-03,-1,LAM,0.1949,0.762218,8.389360e-01,1.04841957e-02,0.774741,113.5981,278.9084
1,backend,numeric,1,0.1000,1.0e-03,-1,LAM,0.1949,0.762218,9.249147e-01,1.15669058e-02,0.805367,116.7000,356.2760
1,backend,numeric,1,0.1000,1.0e-03,-1,LAM,0.1949,0.762218,1.019705e+00,1.23374283e-02,0.842842,98.7335,118.8810
1,backend,numeric,1,0.1000,1.0e-03,-1,LAM,0.1949,0.762218,1.124210e+00,1.38430183e-02,0.868579,92.4532,274.6675
1,backend,numeric,1,0.1000,1.0e-03,-1,LAM,0.1949,0.762218,1.239425e+00,1.06633626e-02,0.936536,77.8509,85.3083
1,backend,numeric,1,0.1000,1.0e-03,-1,LAM,0.1949,0.762218,1.366448e+00,1.14330679e-02,0.922895,121.4875,95.5937
1,backend,numeric,1,0.1000,1.0e-03,-1,LAM,0.1949,0.762218,1.506489e+00,1.77549536e-02,0.874653,105.2303,249.0300
1,backend,numeric,1,0.1000,1.0e-03,-1,LAM,0.1949,0.762218,1.660883e+00,1.83196137e-02,0.918385,99.5703,93.1560
1,backend,numeric,1,0.1000,1.0e-03,-1,LAM,0.1949,0.762218,1.831099e+00,2.66086529e-02,0.898103,111.8931,310.1839
1,backend,numeric,1,0.1000,1.0e-03,-1,LAM,0.1949,0.762218,2.018760e+00,3.43418830e-02,0.992357,68.7008,205.8298
1,backend,numeric,1,0.1000,1.0e-03,-1,LAM,0.1949,0.762218,2.225654e+00,1.42085431e-01,0.997804,62.4431,246.6222
1,backend,numeric,1,0.1000,1.0e-03,-1,LAM,0.1949,0.762218,2.453751e+00,2.95110705e-01,0.999831,26.2886,221.6961
1,backend,numeric,1,0.1000,1.0e-03,-1,LAM,0.1949,0.762218,2.705225e+00,4.78352302e-01,0.999981,78.6623,124.9890
1,backend,numeric,1,0.1000,1.0e-03,-1,LAM,0.1949,0.762218,2.982471e+00,3.92742166e-01,0.999982,146.5114,201.2876
1,backend,numeric,1,0.1000,1.0e-03,-1,LAM,0.1949,0.762218,3.288131e+00,2.97838102e-01,0.999983,78.0400,269.6209
1,backend,numeric,1,0.1000,1.0e-03,-1,LAM,0.1949,0.762218,3.625117e+00,5.57584410e-01,0.999999,30.0737,67.5263
1,backend,numeric,1,0.1000,1.0e-03,-1,LAM,0.1949,0.762218,3.996639e+00,5.15589118e-01,0.999999,177.3578,66.7984
1,backend,numeric,1,0.1000,1.0e-03,-1,LAM,0.1949,0.762218,4.406236e+00,3.50657067e-01,0.999999,65.9438,294.1995
1,backend,numeric,1,0.1000,1.0e-03,-1,LAM,0.1949,0.762218,4.857812e+00,6.16156707e-01,1.000000,99.7096,52.7904
1,backend,numeric,1,0.1000,1.0e-03,-1,LAM,0.1949,0.762218,5.355667e+00,3.24703519e-01,1.000000,101.6969,297.6772
1,backend,numeric,1,0.1000,1.0e-03,-1,LAM,0.1949,0.762218,5.904545e+00,6.05121113e-01,1.000000,96.4543,39.0720
1,backend,numeric,1,0.1000,1.0e-03,-1,LAM,0.1949,0.762218,6.509675e+00,4.02684412e-01,1.000000,75.2082,311.6524
1,backend,numeric,1,0.1000,1.0e-03,-1,LAM,0.1949,0.762218,7.176822e+00,5.72095061e-01,1.000000,139.7638,357.1288
1,backend,numeric,1,0.1000,1.0e-03,-1,LAM,0.1949,0.762218,7.912343e+00,6.99026209e-01,1.000000,78.8089,30.5401
1,backend,numeric,1,0.1000,1.0e-03,-1,LAM,0.1949,0.762218,8.723243e+00,6.56088305e-01,1.000000,54.4822,343.2495
1,backend,numeric,1,0.1000,1.0e-03,-1,LAM,0.1949,0.762218,9.617249e+00,6.77115498e-01,1.000000,72.4067,318.5265
1,backend,numeric,1,0.1000,1.0e-03,-1,LAM,0.1949,0.762218,1.060288e+01,7.70148932e-01,1.000000,79.4721,316.1522
1,backend,numeric,1,0.1000,1.0e-03,-1,LAM,0.1949,0.762218,1.168952e+01,NaN,NaN,NaN,NaN
1,backend,numeric,1,0.1000,1.0e-03,-1,LAM,0.1949,0.762218,1.288752e+01,NaN,NaN,NaN,NaN
1,backend,numeric,1,0.1000,1.0e-03,-1,LAM,0.1949,0.762218,1.420831e+01,NaN,NaN,NaN,NaN
1,backend,numeric,1,0.1000,1.0e-03,-1,LAM,0.1949,0.762218,1.566445e+01,NaN,NaN,NaN,NaN
1,backend,numeric,1,0.1000,1.0e-03,-1,LAM,0.1949,0.762218,1.726983e+01,NaN,NaN,NaN,NaN
1,backend,numeric,1,0.1000,1.0e-03,-1,LAM,0.1949,0.762218,1.903974e+01,NaN,NaN,NaN,NaN
1,backend,numeric,1,0.1000,1.0e-03,-1,LAM,0.1949,0.762218,2.099104e+01,NaN,NaN,NaN,NaN
1,backend,numeric,1,0.1000,1.0e-03,-1,LAM,0.1949,0.762218,2.314231e+01,NaN,NaN,NaN,NaN
1,backend,numeric,1,0.1000,1.0e-03,-1,LAM,0.1949,0.762218,2.551407e+01,NaN,NaN,NaN,NaN
1,backend,numeric,1,0.1000,1.0e-03,-1,LAM,0.1949,0.762218,2.812889e+01,NaN,NaN,NaN,NaN
1,backend,numeric,1,0.1000,1.0e-03,-1,LAM,0.1949,0.762218,3.101169e+01,NaN,NaN,NaN,NaN
1,backend,numeric,1,0.1000,1.0e-03,-1,LAM,0.1949,0.762218,3.418994e+01,NaN,NaN,NaN,NaN
1,backend,numeric,1,0.1000,1.0e-03,-1,LAM,0.1949,0.762218,3.769391e+01,NaN,NaN,NaN,NaN
1,backend,numeric,1,0.1000,1.0e-03,-1,LAM,0.1949,0.762218,4.155699e+01,NaN,NaN,NaN,NaN
1,backend,numeric,1,0.1000,1.0e-03,-1,LAM,0.1949,0.762218,4.581598e+01,NaN,NaN,NaN,NaN
1,backend,numeric,1,0.1000,1.0e-03,-1,LAM,0.1949,0.762218,5.051145e+01,NaN,NaN,NaN,NaN
1,backend,numeric,1,0.1000,1.0e-03,-1,LAM,0.1949,0.762218,5.568814e+01,NaN,NaN,NaN,NaN
1,backend,numeric,1,0.1000,1.0e-03,-1,LAM,0.1949,0.762218,6.139537e+01,NaN,NaN,NaN,NaN
1,backend,numeric,1,0.1000,1.0e-03,-1,LAM,0.1949,0.762218,6.768750e+01,NaN,NaN,NaN,NaN
1,backend,numeric,1,0.1000,1.0e-03,-1,LAM,0.1949,0.762218,7.462449e+01,NaN,NaN,NaN,NaN
1,backend,numeric,1,0.1000,1.0e-03,-1,LAM,0.1949,0.762218,8.227241e+01,NaN,NaN,NaN,NaN
1,backend,numeric,1,0.1000,1.0e-03,-1,LAM,0.1949,0.762218,9.070414e+01,NaN,NaN,NaN,NaN
1,backend,numeric,1,0.1000,1.0e-03,-1,LAM,0.1949,0.762218,1.000000e+02,NaN,NaN,NaN,NaN
2,backend,numeric,4,1.8000,1.0e-03,-1,SAM,0.3301,0.017577,0.000000e+00,1.71067940e-03,0.974122,60.9249,200.4551
2,backend,numeric,4,1.8000,1.0e-03,-1,SAM,0.3301,0.017577,1.000000e-03,2.10302560e-03,0.983204,67.3691,208.4142
2,backend,numeric,4,1.8000,1.0e-03,-1,SAM,0.3301,0.017577,1.102485e-03,2.14781758e-03,0.983767,68.1200,209.2074
2,backend,numeric,4,1.8000,1.0e-03,-1,SAM,0.3301,0.017577,1.215474e-03,2.19727781e-03,0.984332,68.9458,210.0730
2,backend,numeric,4,1.8000,1.0e-03,-1,SAM,0.3301,0.017577,1.340043e-03,2.25173688e-03,0.984893,69.8498,211.0159
2,backend,numeric,4,1.8000,1.0e-03,-1,SAM,0.3301,0.017577,1.477378e-03,2.31153181e-03,0.985446,70.8342,212.0419
2,backend,numeric,4,1.8000,1.0e-03,-1,SAM,0.3301,0.017577,1.628787e-03,2.37699249e-03,0.985987,71.8995,213.1569
2,backend,numeric,4,1.8000,1.0e-03,-1,SAM,0.3301,0.017577,1.795714e-03,2.44839335e-03,0.986513,73.0443,214.3669
2,backend,numeric,4,1.8000,1.0e-03,-1,SAM,0.3301,0.017577,1.979749e-03,2.52595191e-03,0.987022,74.2654,215.6784
2,backend,numeric,4,1.8000,1.0e-03,-1,SAM,0.3301,0.017577,2.182645e-03,2.60978546e-03,0.987516,75.5574,217.0979
2,backend,numeric,4,1.8000,1.0e-03,-1,SAM,0.3301,0.017577,2.406334e-03,2.69993709e-03,0.987996,76.9137,218.6324
2,backend,numeric,4,1.8000,1.0e-03,-1,SAM,0.3301,0.017577,2.652948e-03,2.79630688e-03,0.988465,78.3258,220.2897
2,backend,numeric,4,1.8000,1.0e-03,-1,SAM,0.3301,0.017577,2.924837e-03,2.89867759e-03,0.988928,79.7848,222.0782
2,backend,numeric,4,1.8000,1.0e-03,-1,SAM,0.3301,0.017577,3.224591e-03,3.00665352e-03,0.989393,81.2807,224.0075
2,backend,numeric,4,1.8000,1.0e-03,-1,SAM,0.3301,0.017577,3.555064e-03,3.11961667e-03,0.989868,82.8034,226.0886
2,backend,numeric,4,1.8000,1.0e-03,-1,SAM,0.3301,0.017577,3.919407e-03,3.23666885e-03,0.990360,84.3430,228.3341
2,backend,numeric,4,1.8000,1.0e-03,-1,SAM,0.3301,0.017577,4.321089e-03,3.35651143e-03,0.990880,85.8906,230.7595
2,backend,numeric,4,1.8000,1.0e-03,-1,SAM,0.3301,0.017577,4.763938e-03,3.47701404e-03,0.991435,87.4393,233.3847
2,backend,numeric,4,1.8000,1.0e-03,-1,SAM,0.3301,0.017577,5.252173e-03,3.59486974e-03,0.992030,88.9875,236.2371
2,backend,numeric,4,1.8000,1.0e-03,-1,SAM,0.3301,0.017577,5.790444e-03,3.70635483e-03,0.992669,90.5402,239.3516
2,backend,numeric,4,1.8000,1.0e-03,-1,SAM,0.3301,0.017577,6.383880e-03,3.80862301e-03,0.993346,92.1117,242.7657
2,backend,numeric,4,1.8000,1.0e-03,-1,SAM,0.3301,0.017577,7.038136e-03,3.89859340e-03,0.994055,93.7230,246.5233
2,backend,numeric,4,1.8000,1.0e-03,-1,SAM,0.3301,0.017577,7.759442e-03,3.97214363e-03,0.994787,95.4060,250.6770
2,backend,numeric,4,1.8000,1.0e-03,-1,SAM,0.3301,0.017577,8.554673e-03,4.02345132e-03,0.995529,97.2123,255.2914
2,backend,numeric,4,1.8000,1.0e-03,-1,SAM,0.3301,0.017577,9.431402e-03,4.04408235e-03,0.996265,99.2319,260.4505
2,backend,numeric,4,1.8000,1.0e-03,-1,SAM,0.3301,0.017577,1.039798e-02,4.02207156e-03,0.996972,101.6366,266.2693
2,backend,numeric,4,1.8000,1.0e-03,-1,SAM,0.3301,0.017577,1.146363e-02,3.93818812e-03,0.997627,104.7700,272.9206
2,backend,numeric,4,1.8000,1.0e-03,-1,SAM,0.3301,0.017577,1.263848e-02,3.75930934e-03,0.998191,109.3955,280.7002
2,backend,numeric,4,1.8000,1.0e-03,-1,SAM,0.3301,0.017577,1.393374e-02,3.43251407e-03,0.998561,117.3484,290.2048
2,backend,numeric,4,1.8000,1.0e-03,-1,SAM,0.3301,0.017577,1.536175e-02,2.86142919e-03,0.998200,132.1229,302.8266
2,backend,numeric,4,1.8000,1.0e-03,-1,SAM,0.3301,0.017577,1.693611e-02,1.88820353e-03,0.990263,152.2578,321.9832
2,backend,numeric,4,1.8000,1.0e-03,-1,SAM,0.3301,0.017577,1.867181e-02,1.89552511e-03,0.957604,152.8785,340.4912
2,backend,numeric,4,1.8000,1.0e-03,-1,SAM,0.3301,0.017577,2.058540e-02,2.18493635e-03,0.938996,148.5352,333.7636
2,backend,numeric,4,1.8000,1.0e-03,-1,SAM,0.3301,0.017577,2.269511e-02,2.39069471e-03,0.924319,145.1919,322.2391
2,backend,numeric,4,1.8000,1.0e-03,-1,SAM,0.3301,0.017577,2.502102e-02,2.56849932e-03,0.913322,141.5765,307.7732
2,backend,numeric,4,1.8000,1.0e-03,-1,SAM,0.3301,0.017577,2.758532e-02,2.73313065e-03,0.905866,137.4570,291.5562
2,backend,numeric,4,1.8000,1.0e-03,-1,SAM,0.3301,0.017577,3.041241e-02,2.89169765e-03,0.901869,133.1002,274.4798
2,backend,numeric,4,1.8000,1.0e-03,-1,SAM,0.3301,0.017577,3.352924e-02,3.04927336e-03,0.901058,129.1110,257.0701
2,backend,numeric,4,1.8000,1.0e-03,-1,SAM,0.3301,0.017577,3.696550e-02,3.21178156e-03,0.902848,126.1149,239.5201
2,backend,numeric,4,1.8000,1.0e-03,-1,SAM,0.3301,0.017577,4.075393e-02,3.38768454e-03,0.906436,124.3947,221.8110
2,backend,numeric,4,1.8000,1.0e-03,-1,SAM,0.3301,0.017577,4.493062e-02,3.58760737e-03,0.911026,123.6865,203.8765
2,backend,numeric,4,1.8000,1.0e-03,-1,SAM,0.3301,0.017577,4.953535e-02,3.82275622e-03,0.916140,123.2319,185.7700
2,backend,numeric,4,1.8000,1.0e-03,-1,SAM,0.3301,0.017577,5.461201e-02,4.10275953e-03,0.921730,122.1071,167.8819
2,backend,numeric,4,1.8000,1.0e-03,-1,SAM,0.3301,0.017577,6.020894e-02,4.43610150e-03,0.928044,119.6526,151.0044
2,backend,numeric,4,1.8000,1.0e-03,-1,SAM,0.3301,0.017577,6.637949e-02,4.83108034e-03,0.935283,115.7297,136.0588
2,backend,numeric,4,1.8000,1.0e-03,-1,SAM,0.3301,0.017577,7.318242e-02,5.29592618e-03,0.943293,110.5683,123.6464
2,backend,numeric,4,1.8000,1.0e-03,-1,SAM,0.3301,0.017577,8.068256e-02,5.82839173e-03,0.951511,104.2479,113.8733
2,backend,numeric,4,1.8000,1.0e-03,-1,SAM,0.3301,0.017577,8.895135e-02,6.35422108e-03,0.959262,95.4524,106.4991
2,backend,numeric,4,1.8000,1.0e-03,-1,SAM,0.3301,0.017577,9.806757e-02,6.90243321e-03,0.974349,92.3455,119.6194
2,backend,numeric,4,1.8000,1.0e-03,-1,SAM,0.3301,0.017577,1.081181e-01,6.73253242e-03,0.988008,110.8877,152.1778
2,backend,numeric,4,1.8000,1.0e-03,-1,SAM,0.3301,0.017577,1.191986e-01,4.41639263e-03,0.962312,133.9552,212.2720
2,backend,numeric,4,1.8000,1.0e-03,-1,SAM,0.3301,0.017577,1.314147e-01,7.07380503e-03,0.953496,121.5438,212.0289
2,backend,numeric,4,1.8000,1.0e-03,-1,SAM,0.3301,0.017577,1.448828e-01,9.22041054e-03,0.957979,113.0012,207.7613
2,backend,numeric,4,1.8000,1.0e-03,-1,SAM,0.3301,0.017577,1.597312e-01,1.17814923e-02,0.967129,102.3108,216.7066
2,backend,numeric,4,1.8000,1.0e-03,-1,SAM,0.3301,0.017577,1.761014e-01,1.12872194e-02,0.982168,110.6328,248.7676
2,backend,numeric,4,1.8000,1.0e-03,-1,SAM,0.3301,0.017577,1.941492e-01,6.53199674e-03,0.975068,130.0775,304.3417
2,backend,numeric,4,1.8000,1.0e-03,-1,SAM,0.3301,0.017577,2.140467e-01,9.07325395e-03,0.967067,108.0545,352.9745
2,backend,numeric,4,1.8000,1.0e-03,-1,SAM,0.3301,0.017577,2.359833e-01,7.88811477e-03,0.974243,120.1870,41.2007
2,backend,numeric,4,1.8000,1.0e-03,-1,SAM,0.3301,0.017577,2.601682e-01,9.54111431e-03,0.965795,113.6755,107.6408
2,backend,numeric,4,1.8000,1.0e-03,-1,SAM,0.3301,0.017577,2.868317e-01,9.18807365e-03,0.974785,115.8984,172.6925
2,backend,numeric,4,1.8000,1.0e-03,-1,SAM,0.3301,0.017577,3.162278e-01,8.14833082e-03,0.967368,113.2897,263.4067
2,backend,numeric,4,1.8000,1.0e-03,-1,SAM,0.3301,0.017577,3.486365e-01,6.23285336e-03,0.976657,118.9299,353.6440
2,backend,numeric,4,1.8000,1.0e-03,-1,SAM,0.3301,0.017577,3.843667e-01,8.67262097e-03,0.968676,113.7689,93.9410
2,backend,numeric,4,1.8000,1.0e-03,-1,SAM,0.3301,0.017577,4.237587e-01,7.88042051e-03,0.972770,114.7062,202.9904
2,backend,numeric,4,1.8000,1.0e-03,-1,SAM,0.3301,0.017577,4.671878e-01,7.13764134e-03,0.974864,110.6336,335.9647
2,backend,numeric,4,1.8000,1.0e-03,-1,SAM,0.3301,0.017577,5.150678e-01,8.99900339e-03,0.968962,113.2029,120.1556
2,backend,numeric,4,1.8000,1.0e-03,-1,SAM,0.3301,0.017577,5.678548e-01,7.20153862e-03,0.968945,113.3369,270.7953
2,backend,numeric,4,1.8000,1.0e-03,-1,SAM,0.3301,0.017577,6.260517e-01,8.47104659e-03,0.966453,111.6642,99.4324
2,backend,numeric,4,1.8000,1.0e-03,-1,SAM,0.3301,0.017577,6.902129e-01,7.44724934e-03,0.970876,111.6103,276.6124
2,backend,numeric,4,1.8000,1.0e-03,-1,SAM,0.3301,0.017577,7.609497e-01,8.51887273e-03,0.971443,114.8519,141.4263
2,backend,numeric,4,1.8000,1.0e-03,-1,SAM,0.3301,0.017577,8.389360e-01,5.70179615e-03,0.963624,115.9829,31.9232
2,backend,numeric,4,1.8000,1.0e-03,-1,SAM,0.3301,0.017577,9.249147e-01,7.97008692e-03,0.973576,111.1509,266.3769
2,backend,numeric,4,1.8000,1.0e-03,-1,SAM,0.3301,0.017577,1.019705e+00,7.82893779e-03,0.968224,115.0695,194.8034
2,backend,numeric,4,1.8000,1.0e-03,-1,SAM,0.3301,0.017577,1.124210e+00,7.47140789e-03,0.970460,115.1058,147.4876
2,backend,numeric,4,1.8000,1.0e-03,-1,SAM,0.3301,0.017577,1.239425e+00,7.74901892e-03,0.970807,114.3215,137.9773
2,backend,numeric,4,1.8000,1.0e-03,-1,SAM,0.3301,0.017577,1.366448e+00,7.90815543e-03,0.971877,113.9482,168.2323
2,backend,numeric,4,1.8000,1.0e-03,-1,SAM,0.3301,0.017577,1.506489e+00,7.00076936e-03,0.971137,116.3479,231.9346
2,backend,numeric,4,1.8000,1.0e-03,-1,SAM,0.3301,0.017577,1.660883e+00,6.47225377e-03,0.976670,112.7412,337.8176
2,backend,numeric,4,1.8000,1.0e-03,-1,SAM,0.3301,0.017577,1.831099e+00,8.21346933e-03,0.971379,115.6020,140.6353
2,backend,numeric,4,1.8000,1.0e-03,-1,SAM,0.3301,0.017577,2.018760e+00,5.19612420e-03,0.973141,120.1926,341.4895
2,backend,numeric,4,1.8000,1.0e-03,-1,SAM,0.3301,0.017577,2.225654e+00,7.55133577e-03,0.969054,113.3782,247.3292
2,backend,numeric,4,1.8000,1.0e-03,-1,SAM,0.3301,0.017577,2.453751e+00,7.10572585e-03,0.972039,116.0074,220.1751
2,backend,numeric,4,1.8000,1.0e-03,-1,SAM,0.3301,0.017577,2.705225e+00,7.52015327e-03,0.969838,113.1177,255.0823
2,backend,numeric,4,1.8000,1.0e-03,-1,SAM,0.3301,0.017577,2.982471e+00,6.51646751e-03,0.963698,112.3315,28.3076
2,backend,numeric,4,1.8000,1.0e-03,-1,SAM,0.3301,0.017577,3.288131e+00,7.11915228e-03,0.969806,115.2536,225.5444
2,backend,numeric,4,1.8000,1.0e-03,-1,SAM,0.3301,0.017577,3.625117e+00,8.59050057e-03,0.972047,114.8803,163.4020
2,backend,numeric,4,1.8000,1.0e-03,-1,SAM,0.3301,0.017577,3.996639e+00,8.01228930e-03,0.968243,114.5906,204.3090
2,backend,numeric,4,1.8000,1.0e-03,-1,SAM,0.3301,0.017577,4.406236e+00,5.39858162e-03,0.972272,118.7444,19.6131
2,backend,numeric,4,1.8000,1.0e-03,-1,SAM,0.3301,0.017577,4.857812e+00,7.30887807e-03,0.976099,111.4741,291.2591
2,backend,numeric,4,1.8000,1.0e-03,-1,SAM,0.3301,0.017577,5.355667e+00,5.54155125e-03,0.973086,118.0007,10.2358
2,backend,numeric,4,1.8000,1.0e-03,-1,SAM,0.3301,0.017577,5.904545e+00,8.14525876e-03,0.968947,113.6806,220.2354
2,backend,numeric,4,1.8000,1.0e-03,-1,SAM,0.3301,0.017577,6.509675e+00,6.89842627e-03,0.969126,115.4195,255.0554
2,backend,numeric,4,1.8000,1.0e-03,-1,SAM,0.3301,0.017577,7.176822e+00,7.86943391e-03,0.970622,114.1813,103.9250
2,backend,numeric,4,1.8000,1.0e-03,-1,SAM,0.3301,0.017577,7.912343e+00,7.76743519e-03,0.968917,115.9283,179.7569
2,backend,numeric,4,1.8000,1.0e-03,-1,SAM,0.3301,0.017577,8.723243e+00,8.79055548e-03,0.969880,113.0741,120.9069
2,backend,numeric,4,1.8000,1.0e-03,-1,SAM,0.3301,0.017577,9.617249e+00,7.30335270e-03,0.970991,110.7719,294.1703
2,backend,numeric,4,1.8000,1.0e-03,-1,SAM,0.3301,0.017577,1.060288e+01,5.77629517e-03,0.963718,116.7235,58.0119
2,backend,numeric,4,1.8000,1.0e-03,-1,SAM,0.3301,0.017577,1.168952e+01,8.54602142e-03,0.967235,111.5985,101.4026
2,backend,numeric,4,1.8000,1.0e-03,-1,SAM,0.3301,0.017577,1.288752e+01,8.23538595e-03,0.971346,115.0709,121.6113
2,backend,numeric,4,1.8000,1.0e-03,-1,SAM,0.3301,0.017577,1.420831e+01,7.59960815e-03,0.970791,114.4868,145.3009
2,backend,numeric,4,1.8000,1.0e-03,-1,SAM,0.3301,0.017577,1.566445e+01,7.38424373e-03,0.969940,115.3013,234.2829
2,backend,numeric,4,1.8000,1.0e-03,-1,SAM,0.3301,0.017577,1.726983e+01,7.26951958e-03,0.966080,111.2097,60.4374
2,backend,numeric,4,1.8000,1.0e-03,-1,SAM,0.3301,0.017577,1.903974e+01,5.95433089e-03,0.963882,114.1972,18.2650
2,backend,numeric,4,1.8000,1.0e-03,-1,SAM,0.3301,0.017577,2.099104e+01,7.58235168e-03,0.969665,116.0259,157.7215
2,backend,numeric,4,1.8000,1.0e-03,-1,SAM,0.3301,0.017577,2.314231e+01,7.40221407e-03,0.969359,115.1653,183.4148
2,backend,numeric,4,1.8000,1.0e-03,-1,SAM,0.3301,0.017577,2.551407e+01,8.45700411e-03,0.972100,114.3452,167.3766
2,backend,numeric,4,1.8000,1.0e-03,-1,SAM,0.3301,0.017577,2.812889e+01,7.44073101e-03,0.970310,115.0990,153.2802
2,backend,numeric,4,1.8000,1.0e-03,-1,SAM,0.3301,0.017577,3.101169e+01,8.31444629e-03,0.970014,112.4308,238.0986
2,backend,numeric,4,1.8000,1.0e-03,-1,SAM,0.3301,0.017577,3.418994e+01,7.63592780e-03,0.970784,114.6019,135.8389
2,backend,numeric,4,1.8000,1.0e-03,-1,SAM,0.3301,0.017577,3.769391e+01,7.18993349e-03,0.973770,110.6628,303.1851
2,backend,numeric,4,1.8000,1.0e-03,-1,SAM,0.3301,0.017577,4.155699e+01,8.95164889e-03,0.969323,113.2976,124.6160
2,backend,numeric,4,1.8000,1.0e-03,-1,SAM,0.3301,0.017577,4.581598e+01,7.67536490e-03,0.965140,110.7587,66.3503
2,backend,numeric,4,1.8000,1.0e-03,-1,SAM,0.3301,0.017577,5.051145e+01,7.27767225e-03,0.972271,115.9921,216.9361
2,backend,numeric,4,1.8000,1.0e-03,-1,SAM,0.3301,0.017577,5.568814e+01,6.47157690e-03,0.963288,114.1112,63.0456
2,backend,numeric,4,1.8000,1.0e-03,-1,SAM,0.3301,0.017577,6.139537e+01,6.04745060e-03,0.964467,114.9862,52.4298
2,backend,numeric,4,1.8000,1.0e-03,-1,SAM,0.3301,0.017577,6.768750e+01,5.44417739e-03,0.975212,117.9665,4.4966
2,backend,numeric,4,1.8000,1.0e-03,-1,SAM,0.3301,0.017577,7.462449e+01,8.92945659e-03,0.968945,112.7678,119.8905
2,backend,numeric,4,1.8000,1.0e-03,-1,SAM,0.3301,0.017577,8.227241e+01,7.16739301e-03,0.969937,115.2100,218.3714
2,backend,numeric,4,1.8000,1.0e-03,-1,SAM,0.3301,0.017577,9.070414e+01,8.15008195e-03,0.971895,115.8432,175.1153
2,backend,numeric,4,1.8000,1.0e-03,-1,SAM,0.3301,0.017577,1.000000e+02,8.23755895e-03,0.968879,113.4552,222.6014
3,backend,numeric,7,10.0000,1.0e-03,-1,SAM,0.1265,0.006735,0.000000e+00,6.91376261e-04,0.966257,21.1350,19.4625
3,backend,numeric,7,10.0000,1.0e-03,-1,SAM,0.1265,0.006735,1.000000e-03,1.12970864e-03,0.997916,44.3382,34.2544
3,backend,numeric,7,10.0000,1.0e-03,-1,SAM,0.1265,0.006735,1.102485e-03,1.19472746e-03,0.998267,47.4916,35.7260
3,backend,numeric,7,10.0000,1.0e-03,-1,SAM,0.1265,0.006735,1.215474e-03,1.26584627e-03,0.998536,50.8315,37.2822
3,backend,numeric,7,10.0000,1.0e-03,-1,SAM,0.1265,0.006735,1.340043e-03,1.34402727e-03,0.998739,54.2810,38.9230
3,backend,numeric,7,10.0000,1.0e-03,-1,SAM,0.1265,0.006735,1.477378e-03,1.43017966e-03,0.998887,57.7410,40.6485
3,backend,numeric,7,10.0000,1.0e-03,-1,SAM,0.1265,0.006735,1.628787e-03,1.52504282e-03,0.998992,61.1125,42.4595
3,backend,numeric,7,10.0000,1.0e-03,-1,SAM,0.1265,0.006735,1.795714e-03,1.62897184e-03,0.999067,64.3132,44.3575
3,backend,numeric,7,10.0000,1.0e-03,-1,SAM,0.1265,0.006735,1.979749e-03,1.74186108e-03,0.999121,67.2892,46.3454
3,backend,numeric,7,10.0000,1.0e-03,-1,SAM,0.1265,0.006735,2.182645e-03,1.86286484e-03,0.999165,70.0137,48.4310
3,backend,numeric,7,10.0000,1.0e-03,-1,SAM,0.1265,0.006735,2.406334e-03,1.99078636e-03,0.999206,72.4861,50.6245
3,backend,numeric,7,10.0000,1.0e-03,-1,SAM,0.1265,0.006735,2.652948e-03,2.12479936e-03,0.999248,74.7272,52.9349
3,backend,numeric,7,10.0000,1.0e-03,-1,SAM,0.1265,0.006735,2.924837e-03,2.26435237e-03,0.999292,76.7658,55.3704
3,backend,numeric,7,10.0000,1.0e-03,-1,SAM,0.1265,0.006735,3.224591e-03,2.40907670e-03,0.999340,78.6314,57.9395
3,backend,numeric,7,10.0000,1.0e-03,-1,SAM,0.1265,0.006735,3.555064e-03,2.55868608e-03,0.999391,80.3511,60.6510
3,backend,numeric,7,10.0000,1.0e-03,-1,SAM,0.1265,0.006735,3.919407e-03,2.71280533e-03,0.999445,81.9488,63.5149
3,backend,numeric,7,10.0000,1.0e-03,-1,SAM,0.1265,0.006735,4.321089e-03,2.87096254e-03,0.999502,83.4452,66.5430
3,backend,numeric,7,10.0000,1.0e-03,-1,SAM,0.1265,0.006735,4.763938e-03,3.03246821e-03,0.999560,84.8582,69.7481
3,backend,numeric,7,10.0000,1.0e-03,-1,SAM,0.1265,0.006735,5.252173e-03,3.19634293e-03,0.999619,86.2044,73.1460
3,backend,numeric,7,10.0000,1.0e-03,-1,SAM,0.1265,0.006735,5.790444e-03,3.36152376e-03,0.999677,87.5020,76.7532
3,backend,numeric,7,10.0000,1.0e-03,-1,SAM,0.1265,0.006735,6.383880e-03,3.52671851e-03,0.999732,88.7704,80.5884
3,backend,numeric,7,10.0000,1.0e-03,-1,SAM,0.1265,0.006735,7.038136e-03,3.69021428e-03,0.999784,90.0319,84.6743
3,backend,numeric,7,10.0000,1.0e-03,-1,SAM,0.1265,0.006735,7.759442e-03,3.84970168e-03,0.999831,91.3131,89.0405
3,backend,numeric,7,10.0000,1.0e-03,-1,SAM,0.1265,0.006735,8.554673e-03,4.00163156e-03,0.999872,92.6493,93.7216
3,backend,numeric,7,10.0000,1.0e-03,-1,SAM,0.1265,0.006735,9.431402e-03,4.14078513e-03,0.999906,94.0908,98.7598
3,backend,numeric,7,10.0000,1.0e-03,-1,SAM,0.1265,0.006735,1.039798e-02,4.25938698e-03,0.999934,95.7150,104.2101
3,backend,numeric,7,10.0000,1.0e-03,-1,SAM,0.1265,0.006735,1.146363e-02,4.34563979e-03,0.999956,97.6510,110.1500
3,backend,numeric,7,10.0000,1.0e-03,-1,SAM,0.1265,0.006735,1.263848e-02,4.38158034e-03,0.999972,100.1334,116.6981
3,backend,numeric,7,10.0000,1.0e-03,-1,SAM,0.1265,0.006735,1.393374e-02,4.33511483e-03,0.999984,103.6475,124.0456
3,backend,numeric,7,10.0000,1.0e-03,-1,SAM,0.1265,0.006735,1.536175e-02,4.15059517e-03,0.999991,109.3533,132.5523
3,backend,numeric,7,10.0000,1.0e-03,-1,SAM,0.1265,0.006735,1.693611e-02,3.71081061e-03,0.999995,120.4927,143.0957
3,backend,numeric,7,10.0000,1.0e-03,-1,SAM,0.1265,0.006735,1.867181e-02,2.85850386e-03,0.999992,141.7780,158.3870
3,backend,numeric,7,10.0000,1.0e-03,-1,SAM,0.1265,0.006735,2.058540e-02,9.06425977e-04,0.999373,169.9653,191.5581
3,backend,numeric,7,10.0000,1.0e-03,-1,SAM,0.1265,0.006735,2.269511e-02,6.23208081e-04,0.892887,174.3552,238.2854
3,backend,numeric,7,10.0000,1.0e-03,-1,SAM,0.1265,0.006735,2.502102e-02,7.37024580e-04,0.816164,174.3919,178.9593
3,backend,numeric,7,10.0000,1.0e-03,-1,SAM,0.1265,0.006735,2.758532e-02,8.25328304e-04,0.756966,173.7795,53.3381
3,backend,numeric,7,10.0000,1.0e-03,-1,SAM,0.1265,0.006735,3.041241e-02,9.00506045e-04,0.708519,173.0555,238.6007
3,backend,numeric,7,10.0000,1.0e-03,-1,SAM,0.1265,0.006735,3.352924e-02,9.66545370e-04,0.667149,172.9757,9.5456
3,backend,numeric,7,10.0000,1.0e-03,-1,SAM,0.1265,0.006735,3.696550e-02,1.02558347e-03,0.630512,172.4491,81.9837
3,backend,numeric,7,10.0000,1.0e-03,-1,SAM,0.1265,0.006735,4.075393e-02,1.07929570e-03,0.596861,171.9710,87.3368
3,backend,numeric,7,10.0000,1.0e-03,-1,SAM,0.1265,0.006735,4.493062e-02,1.12928262e-03,0.564841,171.5512,14.3329
3,backend,numeric,7,10.0000,1.0e-03,-1,SAM,0.1265,0.006735,4.953535e-02,1.17731405e-03,0.533354,170.6226,208.8315
3,backend,numeric,7,10.0000,1.0e-03,-1,SAM,0.1265,0.006735,5.461201e-02,1.22551791e-03,0.501482,170.1049,292.2294
3,backend,numeric,7,10.0000,1.0e-03,-1,SAM,0.1265,0.006735,6.020894e-02,1.27598375e-03,0.468733,169.0158,240.5317
3,backend,numeric,7,10.0000,1.0e-03,-1,SAM,0.1265,0.006735,6.637949e-02,1.33055665e-03,0.435302,168.0651,27.8934
3,backend,numeric,7,10.0000,1.0e-03,-1,SAM,0.1265,0.006735,7.318242e-02,1.39000859e-03,0.402125,166.3405,340.1927
3,backend,numeric,7,10.0000,1.0e-03,-1,SAM,0.1265,0.006735,8.068256e-02,1.45077350e-03,0.371372,163.4272,81.9968
3,backend,numeric,7,10.0000,1.0e-03,-1,SAM,0.1265,0.006735,8.895135e-02,1.50418424e-03,0.345511,159.7463,319.1969
3,backend,numeric,7,10.0000,1.0e-03,-1,SAM,0.1265,0.006735,9.806757e-02,1.53801336e-03,0.326603,153.5441,343.5168
3,backend,numeric,7,10.0000,1.0e-03,-1,SAM,0.1265,0.006735,1.081181e-01,1.55782418e-03,0.314650,143.3944,130.3616
3,backend,numeric,7,10.0000,1.0e-03,-1,SAM,0.1265,0.006735,1.191986e-01,1.57061352e-03,0.309796,133.9976,332.8553
3,backend,numeric,7,10.0000,1.0e-03,-1,SAM,0.1265,0.006735,1.314147e-01,1.54393675e-03,0.314650,122.9085,234.3809
3,backend,numeric,7,10.0000,1.0e-03,-1,SAM,0.1265,0.006735,1.448828e-01,1.45080474e-03,0.335901,112.5475,328.2858
3,backend,numeric,7,10.0000,1.0e-03,-1,SAM,0.1265,0.006735,1.597312e-01,1.30650890e-03,0.390622,105.5429,128.7972
3,backend,numeric,7,10.0000,1.0e-03,-1,SAM,0.1265,0.006735,1.761014e-01,1.15181321e-03,0.500176,101.6494,48.7856
3,backend,numeric,7,10.0000,1.0e-03,-1,SAM,0.1265,0.006735,1.941492e-01,1.01451324e-03,0.673255,96.7768,4.3970
3,backend,numeric,7,10.0000,1.0e-03,-1,SAM,0.1265,0.006735,2.140467e-01,8.57841340e-04,0.866908,80.5417,258.9622
3,backend,numeric,7,10.0000,1.0e-03,-1,SAM,0.1265,0.006735,2.359833e-01,1.09865733e-03,0.893079,115.1542,340.6896
3,backend,numeric,7,10.0000,1.0e-03,-1,SAM,0.1265,0.006735,2.601682e-01,1.52341126e-03,0.951430,115.6981,303.1450
3,backend,numeric,7,10.0000,1.0e-03,-1,SAM,0.1265,0.006735,2.868317e-01,3.35617384e-03,0.971001,107.1381,11.5795
3,backend,numeric,7,10.0000,1.0e-03,-1,SAM,0.1265,0.006735,3.162278e-01,2.59523794e-03,0.972256,112.3851,287.5813
3,backend,numeric,7,10.0000,1.0e-03,-1,SAM,0.1265,0.006735,3.486365e-01,2.09582156e-03,0.967473,112.0818,278.7240
3,backend,numeric,7,10.0000,1.0e-03,-1,SAM,0.1265,0.006735,3.843667e-01,2.08941307e-03,0.972001,112.0633,312.5645
3,backend,numeric,7,10.0000,1.0e-03,-1,SAM,0.1265,0.006735,4.237587e-01,1.67248794e-03,0.968256,115.9066,33.7565
3,backend,numeric,7,10.0000,1.0e-03,-1,SAM,0.1265,0.006735,4.671878e-01,2.08776254e-03,0.972740,113.9503,147.7611
3,backend,numeric,7,10.0000,1.0e-03,-1,SAM,0.1265,0.006735,5.150678e-01,2.06609713e-03,0.972756,111.9580,318.2559
3,backend,numeric,7,10.0000,1.0e-03,-1,SAM,0.1265,0.006735,5.678548e-01,1.88695250e-03,0.972408,115.4597,184.5048
3,backend,numeric,7,10.0000,1.0e-03,-1,SAM,0.1265,0.006735,6.260517e-01,2.22758528e-03,0.970318,112.4029,116.5447
3,backend,numeric,7,10.0000,1.0e-03,-1,SAM,0.1265,0.006735,6.902129e-01,2.20949840e-03,0.971075,112.7075,118.0814
3,backend,numeric,7,10.0000,1.0e-03,-1,SAM,0.1265,0.006735,7.609497e-01,1.86698211e-03,0.968714,115.1340,194.9310
3,backend,numeric,7,10.0000,1.0e-03,-1,SAM,0.1265,0.006735,8.389360e-01,1.60295375e-03,0.969583,116.1141,0.4892
3,backend,numeric,7,10.0000,1.0e-03,-1,SAM,0.1265,0.006735,9.249147e-01,2.13126087e-03,0.969168,112.3287,232.8490
3,backend,numeric,7,10.0000,1.0e-03,-1,SAM,0.1265,0.006735,1.019705e+00,2.00193545e-03,0.967057,113.1952,207.6257
3,backend,numeric,7,10.0000,1.0e-03,-1,SAM,0.1265,0.006735,1.124210e+00,2.07481326e-03,0.973298,112.6435,287.0841
3,backend,numeric,7,10.0000,1.0e-03,-1,SAM,0.1265,0.006735,1.239425e+00,1.92473841e-03,0.972699,114.1032,141.0641
3,backend,numeric,7,10.0000,1.0e-03,-1,SAM,0.1265,0.006735,1.366448e+00,2.09019976e-03,0.972233,113.5815,131.1936
3,backend,numeric,7,10.0000,1.0e-03,-1,SAM,0.1265,0.006735,1.506489e+00,1.92970034e-03,0.967177,113.3222,252.6255
3,backend,numeric,7,10.0000,1.0e-03,-1,SAM,0.1265,0.006735,1.660883e+00,1.94613275e-03,0.972586,115.5708,170.1190
3,backend,numeric,7,10.0000,1.0e-03,-1,SAM,0.1265,0.006735,1.831099e+00,2.00439526e-03,0.973392,112.5091,286.8865
3,backend,numeric,7,10.0000,1.0e-03,-1,SAM,0.1265,0.006735,2.018760e+00,2.09247280e-03,0.967787,112.5608,221.5368
3,backend,numeric,7,10.0000,1.0e-03,-1,SAM,0.1265,0.006735,2.225654e+00,1.73788284e-03,0.967499,114.8524,16.9918
3,backend,numeric,7,10.0000,1.0e-03,-1,SAM,0.1265,0.006735,2.453751e+00,1.82786179e-03,0.965742,113.6480,57.6660
3,backend,numeric,7,10.0000,1.0e-03,-1,SAM,0.1265,0.006735,2.705225e+00,1.82198028e-03,0.974313,113.7252,332.6717
3,backend,numeric,7,10.0000,1.0e-03,-1,SAM,0.1265,0.006735,2.982471e+00,2.00408987e-03,0.967163,113.1954,205.6357
3,backend,numeric,7,10.0000,1.0e-03,-1,SAM,0.1265,0.006735,3.288131e+00,1.75886846e-03,0.967140,114.6077,28.9485
3,backend,numeric,7,10.0000,1.0e-03,-1,SAM,0.1265,0.006735,3.625117e+00,1.90604614e-03,0.972322,115.6643,179.5095
3,backend,numeric,7,10.0000,1.0e-03,-1,SAM,0.1265,0.006735,3.996639e+00,1.95796683e-03,0.965920,111.9640,31.0658
3,backend,numeric,7,10.0000,1.0e-03,-1,SAM,0.1265,0.006735,4.406236e+00,2.13080322e-03,0.970409,111.4493,298.4997
3,backend,numeric,7,10.0000,1.0e-03,-1,SAM,0.1265,0.006735,4.857812e+00,1.88036752e-03,0.974424,113.3860,305.1227
3,backend,numeric,7,10.0000,1.0e-03,-1,SAM,0.1265,0.006735,5.355667e+00,2.14659858e-03,0.971149,113.0434,112.2721
3,backend,numeric,7,10.0000,1.0e-03,-1,SAM,0.1265,0.006735,5.904545e+00,1.91710493e-03,0.972533,115.5957,137.0215
3,backend,numeric,7,10.0000,1.0e-03,-1,SAM,0.1265,0.006735,6.509675e+00,1.80534705e-03,0.965568,113.8799,59.4974
3,backend,numeric,7,10.0000,1.0e-03,-1,SAM,0.1265,0.006735,7.176822e+00,1.95435739e-03,0.974132,113.8800,310.8272
3,backend,numeric,7,10.0000,1.0e-03,-1,SAM,0.1265,0.006735,7.912343e+00,2.08169194e-03,0.972576,112.3709,269.3785
3,backend,numeric,7,10.0000,1.0e-03,-1,SAM,0.1265,0.006735,8.723243e+00,1.82884177e-03,0.974315,113.6510,328.8807
3,backend,numeric,7,10.0000,1.0e-03,-1,SAM,0.1265,0.006735,9.617249e+00,1.95484380e-03,0.967635,113.1609,243.2926
3,backend,numeric,7,10.0000,1.0e-03,-1,SAM,0.1265,0.006735,1.060288e+01,2.22792589e-03,0.969693,112.1885,112.2152
3,backend,numeric,7,10.0000,1.0e-03,-1,SAM,0.1265,0.006735,1.168952e+01,1.64524860e-03,0.967213,115.5197,35.1148
3,backend,numeric,7,10.0000,1.0e-03,-1,SAM,0.1265,0.006735,1.288752e+01,2.00680059e-03,0.973031,114.9256,125.4665
3,backend,numeric,7,10.0000,1.0e-03,-1,SAM,0.1265,0.006735,1.420831e+01,2.00862649e-03,0.972566,113.7232,118.9763
3,backend,numeric,7,10.0000,1.0e-03,-1,SAM,0.1265,0.006735,1.566445e+01,1.84141658e-03,0.969089,115.2760,206.6051
3,backend,numeric,7,10.0000,1.0e-03,-1,SAM,0.1265,0.006735,1.726983e+01,1.79800572e-03,0.971562,114.8075,175.7880
3,backend,numeric,7,10.0000,1.0e-03,-1,SAM,0.1265,0.006735,1.903974e+01,1.77891307e-03,0.969279,115.4145,167.6945
3,backend,numeric,7,10.0000,1.0e-03,-1,SAM,0.1265,0.006735,2.099104e+01,2.05254742e-03,0.966696,111.4331,40.9334
3,backend,numeric,7,10.0000,1.0e-03,-1,SAM,0.1265,0.006735,2.314231e+01,1.75946922e-03,0.973127,115.8397,330.7225
3,backend,numeric,7,10.0000,1.0e-03,-1,SAM,0.1265,0.006735,2.551407e+01,1.79875467e-03,0.968479,114.9394,227.0839
3,backend,numeric,7,10.0000,1.0e-03,-1,SAM,0.1265,0.006735,2.812889e+01,1.93955422e-03,0.974325,113.9814,306.4445
3,backend,numeric,7,10.0000,1.0e-03,-1,SAM,0.1265,0.006735,3.101169e+01,1.78413639e-03,0.969756,115.5749,162.1947
3,backend,numeric,7,10.0000,1.0e-03,-1,SAM,0.1265,0.006735,3.418994e+01,2.10502924e-03,0.968797,111.7658,62.2782
3,backend,numeric,7,10.0000,1.0e-03,-1,SAM,0.1265,0.006735,3.769391e+01,1.61162561e-03,0.968776,116.0034,25.0196
3,backend,numeric,7,10.0000,1.0e-03,-1,SAM,0.1265,0.006735,4.155699e+01,1.61827228e-03,0.969193,116.3740,33.3048
3,backend,numeric,7,10.0000,1.0e-03,-1,SAM,0.1265,0.006735,4.581598e+01,1.87102382e-03,0.971053,116.0165,162.8512
3,backend,numeric,7,10.0000,1.0e-03,-1,SAM,0.1265,0.006735,5.051145e+01,2.22088261e-03,0.969912,112.4689,112.9238
3,backend,numeric,7,10.0000,1.0e-03,-1,SAM,0.1265,0.006735,5.568814e+01,NaN,NaN,NaN,NaN
3,backend,numeric,7,10.0000,1.0e-03,-1,SAM,0.1265,0.006735,6.139537e+01,NaN,NaN,NaN,NaN
3,backend,numeric,7,10.0000,1.0e-03,-1,SAM,0.1265,0.006735,6.768750e+01,NaN,NaN,NaN,NaN
3,backend,numeric,7,10.0000,1.0e-03,-1,SAM,0.1265,0.006735,7.462449e+01,NaN,NaN,NaN,NaN
3,backend,numeric,7,10.0000,1.0e-03,-1,SAM,0.1265,0.006735,8.227241e+01,NaN,NaN,NaN,NaN
3,backend,numeric,7,10.0000,1.0e-03,-1,SAM,0.1265,0.006735,9.070414e+01,NaN,NaN,NaN,NaN
3,backend,numeric,7,10.0000,1.0e-03,-1,SAM,0.1265,0.006735,1.000000e+02,NaN,NaN,NaN,NaN
4,backend,numeric,11,0.1000,1.0e-03,-1,SAM,0.2607,0.013882,0.000000e+00,1.08478174e-03,0.971442,44.4008,149.1993
4,backend,numeric,11,0.1000,1.0e-03,-1,SAM,0.2607,0.013882,1.000000e-03,1.54113505e-03,0.989792,55.0182,161.2159
4,backend,numeric,11,0.1000,1.0e-03,-1,SAM,0.2607,0.013882,1.102485e-03,1.59990734e-03,0.990514,56.4708,162.3824
4,backend,numeric,11,0.1000,1.0e-03,-1,SAM,0.2607,0.013882,1.215474e-03,1.66489500e-03,0.991172,58.0456,163.6354
4,backend,numeric,11,0.1000,1.0e-03,-1,SAM,0.2607,0.013882,1.340043e-03,1.73647762e-03,0.991762,59.7341,164.9771
4,backend,numeric,11,0.1000,1.0e-03,-1,SAM,0.2607,0.013882,1.477378e-03,1.81507438e-03,0.992279,61.5241,166.4102
4,backend,numeric,11,0.1000,1.0e-03,-1,SAM,0.2607,0.013882,1.628787e-03,1.90111383e-03,0.992726,63.3986,167.9370
4,backend,numeric,11,0.1000,1.0e-03,-1,SAM,0.2607,0.013882,1.795714e-03,1.99495049e-03,0.993106,65.3365,169.5591
4,backend,numeric,11,0.1000,1.0e-03,-1,SAM,0.2607,0.013882,1.979749e-03,2.09687057e-03,0.993426,67.3155,171.2782
4,backend,numeric,11,0.1000,1.0e-03,-1,SAM,0.2607,0.013882,2.182645e-03,2.20706267e-03,0.993694,69.3136,173.0960
4,backend,numeric,11,0.1000,1.0e-03,-1,SAM,0.2607,0.013882,2.406334e-03,2.32562070e-03,0.993919,71.3116,175.0146
4,backend,numeric,11,0.1000,1.0e-03,-1,SAM,0.2607,0.013882,2.652948e-03,2.45248390e-03,0.994112,73.2934,177.0366
4,backend,numeric,11,0.1000,1.0e-03,-1,SAM,0.2607,0.013882,2.924837e-03,2.58743055e-03,0.994283,75.2470,179.1662
4,backend,numeric,11,0.1000,1.0e-03,-1,SAM,0.2607,0.013882,3.224591e-03,2.73001123e-03,0.994442,77.1647,181.4090
4,backend,numeric,11,0.1000,1.0e-03,-1,SAM,0.2607,0.013882,3.555064e-03,2.87941923e-03,0.994598,79.0422,183.7722
4,backend,numeric,11,0.1000,1.0e-03,-1,SAM,0.2607,0.013882,3.919407e-03,3.03429950e-03,0.994762,80.8794,186.2654
4,backend,numeric,11,0.1000,1.0e-03,-1,SAM,0.2607,0.013882,4.321089e-03,3.19262255e-03,0.994941,82.6812,188.9032
4,backend,numeric,11,0.1000,1.0e-03,-1,SAM,0.2607,0.013882,4.763938e-03,3.35176740e-03,0.995143,84.4573,191.7054
4,backend,numeric,11,0.1000,1.0e-03,-1,SAM,0.2607,0.013882,5.252173e-03,3.50913166e-03,0.995373,86.2249,194.6942
4,backend,numeric,11,0.1000,1.0e-03,-1,SAM,0.2607,0.013882,5.790444e-03,3.66181877e-03,0.995635,88.0058,197.8959
4,backend,numeric,11,0.1000,1.0e-03,-1,SAM,0.2607,0.013882,6.383880e-03,3.80636577e-03,0.995930,89.8276,201.3443
4,backend,numeric,11,0.1000,1.0e-03,-1,SAM,0.2607,0.013882,7.038136e-03,3.93829918e-03,0.996258,91.7256,205.0814
4,backend,numeric,11,0.1000,1.0e-03,-1,SAM,0.2607,0.013882,7.759442e-03,4.05158939e-03,0.996618,93.7478,209.1625
4,backend,numeric,11,0.1000,1.0e-03,-1,SAM,0.2607,0.013882,8.554673e-03,4.13767442e-03,0.997007,95.9659,213.6596
4,backend,numeric,11,0.1000,1.0e-03,-1,SAM,0.2607,0.013882,9.431402e-03,4.18511390e-03,0.997416,98.5023,218.6700
4,backend,numeric,11,0.1000,1.0e-03,-1,SAM,0.2607,0.013882,1.039798e-02,4.17744572e-03,0.997833,101.5776,224.3352
4,backend,numeric,11,0.1000,1.0e-03,-1,SAM,0.2607,0.013882,1.146363e-02,4.08908256e-03,0.998235,105.6276,230.8833
4,backend,numeric,11,0.1000,1.0e-03,-1,SAM,0.2607,0.013882,1.263848e-02,3.87892780e-03,0.998581,111.6162,238.7274
4,backend,numeric,11,0.1000,1.0e-03,-1,SAM,0.2607,0.013882,1.393374e-02,3.49274102e-03,0.998712,121.6355,248.7411
4,backend,numeric,11,0.1000,1.0e-03,-1,SAM,0.2607,0.013882,1.536175e-02,2.82136280e-03,0.997740,137.9710,262.8464
4,backend,numeric,11,0.1000,1.0e-03,-1,SAM,0.2607,0.013882,1.693611e-02,1.85692511e-03,0.983911,155.0531,284.8554
4,backend,numeric,11,0.1000,1.0e-03,-1,SAM,0.2607,0.013882,1.867181e-02,2.07885045e-03,0.954716,150.9698,300.0628
4,backend,numeric,11,0.1000,1.0e-03,-1,SAM,0.2607,0.013882,2.058540e-02,2.34997249e-03,0.935649,145.8800,294.5523
4,backend,numeric,11,0.1000,1.0e-03,-1,SAM,0.2607,0.013882,2.269511e-02,2.55295120e-03,0.918498,141.7455,284.7358
4,backend,numeric,11,0.1000,1.0e-03,-1,SAM,0.2607,0.013882,2.502102e-02,2.73028871e-03,0.903025,137.9969,271.7558
4,backend,numeric,11,0.1000,1.0e-03,-1,SAM,0.2607,0.013882,2.758532e-02,2.89482994e-03,0.888988,134.8149,255.9648
4,backend,numeric,11,0.1000,1.0e-03,-1,SAM,0.2607,0.013882,3.041241e-02,3.05288018e-03,0.876057,132.6532,237.2572
4,backend,numeric,11,0.1000,1.0e-03,-1,SAM,0.2607,0.013882,3.352924e-02,3.20899952e-03,0.863760,131.8511,215.0137
4,backend,numeric,11,0.1000,1.0e-03,-1,SAM,0.2607,0.013882,3.696550e-02,3.36688098e-03,0.851588,132.0762,188.2036
4,backend,numeric,11,0.1000,1.0e-03,-1,SAM,0.2607,0.013882,4.075393e-02,3.52842992e-03,0.839380,132.0121,156.0883
4,backend,numeric,11,0.1000,1.0e-03,-1,SAM,0.2607,0.013882,4.493062e-02,3.69278034e-03,0.827595,130.4824,119.4605
4,backend,numeric,11,0.1000,1.0e-03,-1,SAM,0.2607,0.013882,4.953535e-02,3.85885560e-03,0.816784,128.7525,79.5176
4,backend,numeric,11,0.1000,1.0e-03,-1,SAM,0.2607,0.013882,5.461201e-02,4.03001564e-03,0.806409,129.3205,34.3866
4,backend,numeric,11,0.1000,1.0e-03,-1,SAM,0.2607,0.013882,6.020894e-02,4.21091165e-03,0.795679,129.8521,340.3332
4,backend,numeric,11,0.1000,1.0e-03,-1,SAM,0.2607,0.013882,6.637949e-02,4.39420442e-03,0.786136,125.6052,281.0306
4,backend,numeric,11,0.1000,1.0e-03,-1,SAM,0.2607,0.013882,7.318242e-02,4.57252008e-03,0.779247,122.6030,221.2409
4,backend,numeric,11,0.1000,1.0e-03,-1,SAM,0.2607,0.013882,8.068256e-02,4.75924020e-03,0.772941,123.2753,155.2851
4,backend,numeric,11,0.1000,1.0e-03,-1,SAM,0.2607,0.013882,8.895135e-02,4.95485138e-03,0.767192,121.7332,83.1319
4,backend,numeric,11,0.1000,1.0e-03,-1,SAM,0.2607,0.013882,9.806757e-02,5.16274743e-03,0.761764,123.4831,2.6248
4,backend,numeric,11,0.1000,1.0e-03,-1,SAM,0.2607,0.013882,1.081181e-01,5.37964494e-03,0.757197,118.7196,273.4090
4,backend,numeric,11,0.1000,1.0e-03,-1,SAM,0.2607,0.013882,1.191986e-01,5.58445099e-03,0.756039,117.0579,186.0465
4,backend,numeric,11,0.1000,1.0e-03,-1,SAM,0.2607,0.013882,1.314147e-01,5.80426315e-03,0.755438,116.1111,92.4994
4,backend,numeric,11,0.1000,1.0e-03,-1,SAM,0.2607,0.013882,1.448828e-01,6.04648473e-03,0.754875,118.2708,348.7423
4,backend,numeric,11,0.1000,1.0e-03,-1,SAM,0.2607,0.013882,1.597312e-01,6.28689805e-03,0.756558,111.3573,240.8795
4,backend,numeric,11,0.1000,1.0e-03,-1,SAM,0.2607,0.013882,1.761014e-01,6.51600810e-03,0.761101,110.8725,136.0763
4,backend,numeric,11,0.1000,1.0e-03,-1,SAM,0.2607,0.013882,1.941492e-01,6.77291058e-03,0.765964,113.2078,24.1146
4,backend,numeric,11,0.1000,1.0e-03,-1,SAM,0.2607,0.013882,2.140467e-01,7.05757116e-03,0.771217,106.4969,263.0498
4,backend,numeric,11,0.1000,1.0e-03,-1,SAM,0.2607,0.013882,2.359833e-01,7.28833656e-03,0.780618,104.2804,151.8437
4,backend,numeric,11,0.1000,1.0e-03,-1,SAM,0.2607,0.013882,2.601682e-01,7.55133645e-03,0.790335,107.8296,35.4535
4,backend,numeric,11,0.1000,1.0e-03,-1,SAM,0.2607,0.013882,2.868317e-01,7.87465310e-03,0.799565,100.0933,270.2518
4,backend,numeric,11,0.1000,1.0e-03,-1,SAM,0.2607,0.013882,3.162278e-01,8.03197082e-03,0.814562,95.4267,157.4340
4,backend,numeric,11,0.1000,1.0e-03,-1,SAM,0.2607,0.013882,3.486365e-01,8.20805076e-03,0.829707,101.9458,39.8271
4,backend,numeric,11,0.1000,1.0e-03,-1,SAM,0.2607,0.013882,3.843667e-01,8.51041961e-03,0.842757,91.2751,277.4905
4,backend,numeric,11,0.1000,1.0e-03,-1,SAM,0.2607,0.013882,4.237587e-01,8.24674232e-03,0.867020,82.3190,159.6910
4,backend,numeric,11,0.1000,1.0e-03,-1,SAM,0.2607,0.013882,4.671878e-01,7.81118884e-03,0.892732,92.3181,35.5792
4,backend,numeric,11,0.1000,1.0e-03,-1,SAM,0.2607,0.013882,5.150678e-01,7.14313366e-03,0.919892,71.4183,272.8044
4,backend,numeric,11,0.1000,1.0e-03,-1,SAM,0.2607,0.013882,5.678548e-01,1.49039438e-02,0.994732,87.8887,245.6800
4,backend,numeric,11,0.1000,1.0e-03,-1,SAM,0.2607,0.013882,6.260517e-01,2.00232994e-02,0.999403,102.1029,317.6268
4,backend,numeric,11,0.1000,1.0e-03,-1,SAM,0.2607,0.013882,6.902129e-01,8.44813082e-03,0.888333,157.8392,325.7931
4,backend,numeric,11,0.1000,1.0e-03,-1,SAM,0.2607,0.013882,7.609497e-01,1.12664874e-02,0.811148,134.4810,128.3417
4,backend,numeric,11,0.1000,1.0e-03,-1,SAM,0.2607,0.013882,8.389360e-01,1.33533852e-02,0.775562,129.7853,225.3448
4,backend,numeric,11,0.1000,1.0e-03,-1,SAM,0.2607,0.013882,9.249147e-01,1.50990988e-02,0.770769,137.3671,318.6914
4,backend,numeric,11,0.1000,1.0e-03,-1,SAM,0.2607,0.013882,1.019705e+00,1.66419208e-02,0.787325,127.9129,75.7381
4,backend,numeric,11,0.1000,1.0e-03,-1,SAM,0.2607,0.013882,1.124210e+00,1.83958692e-02,0.805315,112.9827,196.4784
4,backend,numeric,11,0.1000,1.0e-03,-1,SAM,0.2607,0.013882,1.239425e+00,2.05337842e-02,0.829644,129.8834,8.0248
4,backend,numeric,11,0.1000,1.0e-03,-1,SAM,0.2607,0.013882,1.366448e+00,2.23820884e-02,0.862242,96.7923,200.4982
4,backend,numeric,11,0.1000,1.0e-03,-1,SAM,0.2607,0.013882,1.506489e+00,2.33421954e-02,0.903488,111.8435,85.3291
4,backend,numeric,11,0.1000,1.0e-03,-1,SAM,0.2607,0.013882,1.660883e+00,3.04633513e-02,0.890350,113.6566,305.8965
4,backend,numeric,11,0.1000,1.0e-03,-1,SAM,0.2607,0.013882,1.831099e+00,2.31403907e-02,0.956235,57.0670,181.5793
4,backend,numeric,11,0.1000,1.0e-03,-1,SAM,0.2607,0.013882,2.018760e+00,8.74777185e-02,0.996555,80.8845,227.7692
4,backend,numeric,11,0.1000,1.0e-03,-1,SAM,0.2607,0.013882,2.225654e+00,2.05138505e-01,0.998938,52.2884,239.2294
4,backend,numeric,11,0.1000,1.0e-03,-1,SAM,0.2607,0.013882,2.453751e+00,3.63321301e-01,0.999920,36.3499,170.0674
4,backend,numeric,11,0.1000,1.0e-03,-1,SAM,0.2607,0.013882,2.705225e+00,4.88843282e-01,0.999976,99.0789,142.4764
4,backend,numeric,11,0.1000,1.0e-03,-1,SAM,0.2607,0.013882,2.982471e+00,3.83687888e-01,0.999980,128.1246,222.6590
4,backend,numeric,11,0.1000,1.0e-03,-1,SAM,0.2607,0.013882,3.288131e+00,4.27278336e-01,0.999993,49.8559,249.4179
4,backend,numeric,11,0.1000,1.0e-03,-1,SAM,0.2607,0.013882,3.625117e+00,6.82440967e-01,0.999999,71.2936,115.8654
4,backend,numeric,11,0.1000,1.0e-03,-1,SAM,0.2607,0.013882,3.996639e+00,5.19840887e-01,0.999999,141.6537,236.5291
4,backend,numeric,11,0.1000,1.0e-03,-1,SAM,0.2607,0.013882,4.406236e+00,6.06837477e-01,1.000000,20.1970,260.0032
4,backend,numeric,11,0.1000,1.0e-03,-1,SAM,0.2607,0.013882,4.857812e+00,7.68699441e-01,1.000000,152.1078,114.7031
4,backend,numeric,11,0.1000,1.0e-03,-1,SAM,0.2607,0.013882,5.355667e+00,6.05548055e-01,1.000000,42.7167,278.8974
4,backend,numeric,11,0.1000,1.0e-03,-1,SAM,0.2607,0.013882,5.904545e+00,7.85000446e-01,1.000000,164.5664,84.6498
4,backend,numeric,11,0.1000,1.0e-03,-1,SAM,0.2607,0.013882,6.509675e+00,7.44725110e-01,1.000000,17.9541,6.0157
4,backend,numeric,11,0.1000,1.0e-03,-1,SAM,0.2607,0.013882,7.176822e+00,5.87027704e-01,1.000000,115.1673,284.0097
4,backend,numeric,11,0.1000,1.0e-03,-1,SAM,0.2607,0.013882,7.912343e+00,8.56258720e-01,1.000000,145.8594,52.8996
4,backend,numeric,11,0.1000,1.0e-03,-1,SAM,0.2607,0.013882,8.723243e+00,8.99615020e-01,1.000000,74.2244,56.2154
4,backend,numeric,11,0.1000,1.0e-03,-1,SAM,0.2607,0.013882,9.617249e+00,8.49953408e-01,1.000000,40.3862,25.8659
4,backend,numeric,11,0.1000,1.0e-03,-1,SAM,0.2607,0.013882,1.060288e+01,8.69280830e-01,1.000000,37.9136,10.1027
4,backend,numeric,11,0.1000,1.0e-03,-1,SAM,0.2607,0.013882,1.168952e+01,9.66920693e-01,1.000000,52.2272,34.4740
4,backend,numeric,11,0.1000,1.0e-03,-1,SAM,0.2607,0.013882,1.288752e+01,NaN,NaN,NaN,NaN
4,backend,numeric,11,0.1000,1.0e-03,-1,SAM,0.2607,0.013882,1.420831e+01,NaN,NaN,NaN,NaN
4,backend,numeric,11,0.1000,1.0e-03,-1,SAM,0.2607,0.013882,1.566445e+01,NaN,NaN,NaN,NaN
4,backend,numeric,11,0.1000,1.0e-03,-1,SAM,0.2607,0.013882,1.726983e+01,NaN,NaN,NaN,NaN
4,backend,numeric,11,0.1000,1.0e-03,-1,SAM,0.2607,0.013882,1.903974e+01,NaN,NaN,NaN,NaN
4,backend,numeric,11,0.1000,1.0e-03,-1,SAM,0.2607,0.013882,2.099104e+01,NaN,NaN,NaN,NaN
4,backend,numeric,11,0.1000,1.0e-03,-1,SAM,0.2607,0.013882,2.314231e+01,NaN,NaN,NaN,NaN
4,backend,numeric,11,0.1000,1.0e-03,-1,SAM,0.2607,0.013882,2.551407e+01,NaN,NaN,NaN,NaN
4,backend,numeric,11,0.1000,1.0e-03,-1,SAM,0.2607,0.013882,2.812889e+01,NaN,NaN,NaN,NaN
4,backend,numeric,11,0.1000,1.0e-03,-1,SAM,0.2607,0.013882,3.101169e+01,NaN,NaN,NaN,NaN
4,backend,numeric,11,0.1000,1.0e-03,-1,SAM,0.2607,0.013882,3.418994e+01,NaN,NaN,NaN,NaN
4,backend,numeric,11,0.1000,1.0e-03,-1,SAM,0.2607,0.013882,3.769391e+01,NaN,NaN,NaN,NaN
4,backend,numeric,11,0.1000,1.0e-03,-1,SAM,0.2607,0.013882,4.155699e+01,NaN,NaN,NaN,NaN
4,backend,numeric,11,0.1000,1.0e-03,-1,SAM,0.2607,0.013882,4.581598e+01,NaN,NaN,NaN,NaN
4,backend,numeric,11,0.1000,1.0e-03,-1,SAM,0.2607,0.013882,5.051145e+01,NaN,NaN,NaN,NaN
4,backend,numeric,11,0.1000,1.0e-03,-1,SAM,0.2607,0.013882,5.568814e+01,NaN,NaN,NaN,NaN
4,backend,numeric,11,0.1000,1.0e-03,-1,SAM,0.2607,0.013882,6.139537e+01,NaN,NaN,NaN,NaN
4,backend,numeric,11,0.1000,1.0e-03,-1,SAM,0.2607,0.013882,6.768750e+01,NaN,NaN,NaN,NaN
4,backend,numeric,11,0.1000,1.0e-03,-1,SAM,0.2607,0.013882,7.462449e+01,NaN,NaN,NaN,NaN
4,backend,numeric,11,0.1000,1.0e-03,-1,SAM,0.2607,0.013882,8.227241e+01,NaN,NaN,NaN,NaN
4,backend,numeric,11,0.1000,1.0e-03,-1,SAM,0.2607,0.013882,9.070414e+01,NaN,NaN,NaN,NaN
4,backend,numeric,11,0.1000,1.0e-03,-1,SAM,0.2607,0.013882,1.000000e+02,NaN,NaN,NaN,NaN
5,backend,numeric,14,1.8000,1.0e-03,-1,SAM,0.9263,0.049329,0.000000e+00,3.62701039e-04,0.997154,16.3681,35.5283
5,backend,numeric,14,1.8000,1.0e-03,-1,SAM,0.9263,0.049329,1.000000e-03,1.07010405e-03,0.999941,60.7236,57.8598
5,backend,numeric,14,1.8000,1.0e-03,-1,SAM,0.9263,0.049329,1.102485e-03,1.13586470e-03,0.999944,63.5895,59.4711
5,backend,numeric,14,1.8000,1.0e-03,-1,SAM,0.9263,0.049329,1.215474e-03,1.20710556e-03,0.999946,66.2567,61.1771
5,backend,numeric,14,1.8000,1.0e-03,-1,SAM,0.9263,0.049329,1.340043e-03,1.28330495e-03,0.999947,68.7061,62.9866
5,backend,numeric,14,1.8000,1.0e-03,-1,SAM,0.9263,0.049329,1.477378e-03,1.36424407e-03,0.999948,70.9446,64.9047
5,backend,numeric,14,1.8000,1.0e-03,-1,SAM,0.9263,0.049329,1.628787e-03,1.44981640e-03,0.999949,72.9891,66.9360
5,backend,numeric,14,1.8000,1.0e-03,-1,SAM,0.9263,0.049329,1.795714e-03,1.54000888e-03,0.999950,74.8594,69.0859
5,backend,numeric,14,1.8000,1.0e-03,-1,SAM,0.9263,0.049329,1.979749e-03,1.63494705e-03,0.999951,76.5766,71.3598
5,backend,numeric,14,1.8000,1.0e-03,-1,SAM,0.9263,0.049329,2.182645e-03,1.73461136e-03,0.999952,78.1576,73.7641
5,backend,numeric,14,1.8000,1.0e-03,-1,SAM,0.9263,0.049329,2.406334e-03,1.83886483e-03,0.999953,79.6166,76.3055
5,backend,numeric,14,1.8000,1.0e-03,-1,SAM,0.9263,0.049329,2.652948e-03,1.94765923e-03,0.999954,80.9678,78.9902
5,backend,numeric,14,1.8000,1.0e-03,-1,SAM,0.9263,0.049329,2.924837e-03,2.06101671e-03,0.999956,82.2256,81.8254
5,backend,numeric,14,1.8000,1.0e-03,-1,SAM,0.9263,0.049329,3.224591e-03,2.17891865e-03,0.999958,83.4039,84.8198
5,backend,numeric,14,1.8000,1.0e-03,-1,SAM,0.9263,0.049329,3.555064e-03,2.30124429e-03,0.999960,84.5161,87.9838
5,backend,numeric,14,1.8000,1.0e-03,-1,SAM,0.9263,0.049329,3.919407e-03,2.42778099e-03,0.999962,85.5752,91.3273
5,backend,numeric,14,1.8000,1.0e-03,-1,SAM,0.9263,0.049329,4.321089e-03,2.55829223e-03,0.999964,86.5952,94.8611
5,backend,numeric,14,1.8000,1.0e-03,-1,SAM,0.9263,0.049329,4.763938e-03,2.69239798e-03,0.999967,87.5911,98.5975
5,backend,numeric,14,1.8000,1.0e-03,-1,SAM,0.9263,0.049329,5.252173e-03,2.82946512e-03,0.999970,88.5799,102.5513
5,backend,numeric,14,1.8000,1.0e-03,-1,SAM,0.9263,0.049329,5.790444e-03,2.96850572e-03,0.999973,89.5817,106.7390
5,backend,numeric,14,1.8000,1.0e-03,-1,SAM,0.9263,0.049329,6.383880e-03,3.10806570e-03,0.999976,90.6226,111.1831
5,backend,numeric,14,1.8000,1.0e-03,-1,SAM,0.9263,0.049329,7.038136e-03,3.24583581e-03,0.999979,91.7368,115.9110
5,backend,numeric,14,1.8000,1.0e-03,-1,SAM,0.9263,0.049329,7.759442e-03,3.37806117e-03,0.999982,92.9722,120.9564
5,backend,numeric,14,1.8000,1.0e-03,-1,SAM,0.9263,0.049329,8.554673e-03,3.49904023e-03,0.999985,94.4005,126.3639
5,backend,numeric,14,1.8000,1.0e-03,-1,SAM,0.9263,0.049329,9.431402e-03,3.59966609e-03,0.999987,96.1349,132.1957
5,backend,numeric,14,1.8000,1.0e-03,-1,SAM,0.9263,0.049329,1.039798e-02,3.66575635e-03,0.999990,98.3720,138.5470
5,backend,numeric,14,1.8000,1.0e-03,-1,SAM,0.9263,0.049329,1.146363e-02,3.67406856e-03,0.999992,101.4916,145.5767
5,backend,numeric,14,1.8000,1.0e-03,-1,SAM,0.9263,0.049329,1.263848e-02,3.58312338e-03,0.999995,106.3592,153.5682
5,backend,numeric,14,1.8000,1.0e-03,-1,SAM,0.9263,0.049329,1.393374e-02,3.31140003e-03,0.999996,115.2814,163.1647
5,backend,numeric,14,1.8000,1.0e-03,-1,SAM,0.9263,0.049329,1.536175e-02,2.74401080e-03,0.999995,133.5472,176.3789
5,backend,numeric,14,1.8000,1.0e-03,-1,SAM,0.9263,0.049329,1.693611e-02,1.44581574e-03,0.999941,160.2835,200.0274
5,backend,numeric,14,1.8000,1.0e-03,-1,SAM,0.9263,0.049329,1.867181e-02,5.04243295e-04,0.925920,173.9321,266.0980
5,backend,numeric,14,1.8000,1.0e-03,-1,SAM,0.9263,0.049329,2.058540e-02,6.20968835e-04,0.838797,172.3532,237.0329
5,backend,numeric,14,1.8000,1.0e-03,-1,SAM,0.9263,0.049329,2.269511e-02,7.08465671e-04,0.768303,172.4143,134.3774
5,backend,numeric,14,1.8000,1.0e-03,-1,SAM,0.9263,0.049329,2.502102e-02,7.87080099e-04,0.706716,171.8302,332.5180
5,backend,numeric,14,1.8000,1.0e-03,-1,SAM,0.9263,0.049329,2.758532e-02,8.62051680e-04,0.650845,171.2031,110.3267
5,backend,numeric,14,1.8000,1.0e-03,-1,SAM,0.9263,0.049329,3.041241e-02,9.35938870e-04,0.598888,170.5993,176.5598
5,backend,numeric,14,1.8000,1.0e-03,-1,SAM,0.9263,0.049329,3.352924e-02,1.01043020e-03,0.549914,170.0215,159.6731
5,backend,numeric,14,1.8000,1.0e-03,-1,SAM,0.9263,0.049329,3.696550e-02,1.08676000e-03,0.503533,169.6480,45.6153
5,backend,numeric,14,1.8000,1.0e-03,-1,SAM,0.9263,0.049329,4.075393e-02,1.16552823e-03,0.459922,168.5084,176.1583
5,backend,numeric,14,1.8000,1.0e-03,-1,SAM,0.9263,0.049329,4.493062e-02,1.24637206e-03,0.419797,167.4117,176.9097
5,backend,numeric,14,1.8000,1.0e-03,-1,SAM,0.9263,0.049329,4.953535e-02,1.32714547e-03,0.384180,166.6669,36.8615
5,backend,numeric,14,1.8000,1.0e-03,-1,SAM,0.9263,0.049329,5.461201e-02,1.40279061e-03,0.354249,164.0602,111.5965
5,backend,numeric,14,1.8000,1.0e-03,-1,SAM,0.9263,0.049329,6.020894e-02,1.46597814e-03,0.330734,161.8453,45.4661
5,backend,numeric,14,1.8000,1.0e-03,-1,SAM,0.9263,0.049329,6.637949e-02,1.51024628e-03,0.313550,156.6527,207.6715
5,backend,numeric,14,1.8000,1.0e-03,-1,SAM,0.9263,0.049329,7.318242e-02,1.54140562e-03,0.301635,151.3146,229.3552
5,backend,numeric,14,1.8000,1.0e-03,-1,SAM,0.9263,0.049329,8.068256e-02,1.57493988e-03,0.293791,144.4203,50.3735
5,backend,numeric,14,1.8000,1.0e-03,-1,SAM,0.9263,0.049329,8.895135e-02,1.60515718e-03,0.289503,134.4076,328.7462
5,backend,numeric,14,1.8000,1.0e-03,-1,SAM,0.9263,0.049329,9.806757e-02,1.61153224e-03,0.288436,124.2277,317.9321
5,backend,numeric,14,1.8000,1.0e-03,-1,SAM,0.9263,0.049329,1.081181e-01,1.57198678e-03,0.290869,114.6282,22.3340
5,backend,numeric,14,1.8000,1.0e-03,-1,SAM,0.9263,0.049329,1.191986e-01,1.47967187e-03,0.298920,105.1103,195.4150
5,backend,numeric,14,1.8000,1.0e-03,-1,SAM,0.9263,0.049329,1.314147e-01,1.35215857e-03,0.319008,98.7410,146.2328
5,backend,numeric,14,1.8000,1.0e-03,-1,SAM,0.9263,0.049329,1.448828e-01,1.21590009e-03,0.362529,96.7475,60.3383
5,backend,numeric,14,1.8000,1.0e-03,-1,SAM,0.9263,0.049329,1.597312e-01,1.11203232e-03,0.434439,93.5455,302.2902
5,backend,numeric,14,1.8000,1.0e-03,-1,SAM,0.9263,0.049329,1.761014e-01,1.05583867e-03,0.522231,90.4797,357.8541
5,backend,numeric,14,1.8000,1.0e-03,-1,SAM,0.9263,0.049329,1.941492e-01,1.01111191e-03,0.614278,85.5612,167.1954
5,backend,numeric,14,1.8000,1.0e-03,-1,SAM,0.9263,0.049329,2.140467e-01,8.95067439e-04,0.715276,76.5959,274.9158
5,backend,numeric,14,1.8000,1.0e-03,-1,SAM,0.9263,0.049329,2.359833e-01,7.53287497e-04,0.994890,77.8493,95.1669
5,backend,numeric,14,1.8000,1.0e-03,-1,SAM,0.9263,0.049329,2.601682e-01,1.28721874e-03,0.651031,148.4023,150.2442
5,backend,numeric,14,1.8000,1.0e-03,-1,SAM,0.9263,0.049329,2.868317e-01,1.63706630e-03,0.561477,138.7503,208.3243
5,backend,numeric,14,1.8000,1.0e-03,-1,SAM,0.9263,0.049329,3.162278e-01,1.77773109e-03,0.580610,129.4785,178.5190
5,backend,numeric,14,1.8000,1.0e-03,-1,SAM,0.9263,0.049329,3.486365e-01,1.85842065e-03,0.684527,120.1762,175.5493
5,backend,numeric,14,1.8000,1.0e-03,-1,SAM,0.9263,0.049329,3.843667e-01,2.07706600e-03,0.837824,104.9696,99.5860
5,backend,numeric,14,1.8000,1.0e-03,-1,SAM,0.9263,0.049329,4.237587e-01,1.71431968e-03,0.964029,64.8945,148.5789
5,backend,numeric,14,1.8000,1.0e-03,-1,SAM,0.9263,0.049329,4.671878e-01,4.03403342e-03,0.909027,135.9960,216.3686
5,backend,numeric,14,1.8000,1.0e-03,-1,SAM,0.9263,0.049329,5.150678e-01,7.47438987e-03,0.959249,100.7757,123.1284
5,backend,numeric,14,1.8000,1.0e-03,-1,SAM,0.9263,0.049329,5.678548e-01,9.26856267e-03,0.961347,103.7195,234.6769
5,backend,numeric,14,1.8000,1.0e-03,-1,SAM,0.9263,0.049329,6.260517e-01,8.43619255e-03,0.968482,108.1095,30.2535
5,backend,numeric,14,1.8000,1.0e-03,-1,SAM,0.9263,0.049329,6.902129e-01,9.58285026e-03,0.974624,115.4593,189.1553
5,backend,numeric,14,1.8000,1.0e-03,-1,SAM,0.9263,0.049329,7.609497e-01,6.75602711e-03,0.962486,115.7105,55.2378
5,backend,numeric,14,1.8000,1.0e-03,-1,SAM,0.9263,0.049329,8.389360e-01,8.32774319e-03,0.971719,112.0876,253.9940
5,backend,numeric,14,1.8000,1.0e-03,-1,SAM,0.9263,0.049329,9.249147e-01,7.85296730e-03,0.970093,116.2530,155.4527
5,backend,numeric,14,1.8000,1.0e-03,-1,SAM,0.9263,0.049329,1.019705e+00,8.21291370e-03,0.969966,112.5397,77.3886
5,backend,numeric,14,1.8000,1.0e-03,-1,SAM,0.9263,0.049329,1.124210e+00,6.75363421e-03,0.964783,111.1870,33.2130
5,backend,numeric,14,1.8000,1.0e-03,-1,SAM,0.9263,0.049329,1.239425e+00,5.79366854e-03,0.965319,114.9040,27.7591
5,backend,numeric,14,1.8000,1.0e-03,-1,SAM,0.9263,0.049329,1.366448e+00,6.71167725e-03,0.964558,112.7681,60.1390
5,backend,numeric,14,1.8000,1.0e-03,-1,SAM,0.9263,0.049329,1.506489e+00,8.81399403e-03,0.968792,113.1174,117.8377
5,backend,numeric,14,1.8000,1.0e-03,-1,SAM,0.9263,0.049329,1.660883e+00,7.53427620e-03,0.970970,116.0617,214.1577
5,backend,numeric,14,1.8000,1.0e-03,-1,SAM,0.9263,0.049329,1.831099e+00,5.75390013e-03,0.963562,115.7936,33.8984
5,backend,numeric,14,1.8000,1.0e-03,-1,SAM,0.9263,0.049329,2.018760e+00,8.13716333e-03,0.968503,113.9209,216.1218
5,backend,numeric,14,1.8000,1.0e-03,-1,SAM,0.9263,0.049329,2.225654e+00,7.84140730e-03,0.970626,114.3328,120.9239
5,backend,numeric,14,1.8000,1.0e-03,-1,SAM,0.9263,0.049329,2.453751e+00,8.52459824e-03,0.967947,112.6196,105.8596
5,backend,numeric,14,1.8000,1.0e-03,-1,SAM,0.9263,0.049329,2.705225e+00,8.71288566e-03,0.971334,114.4160,143.0869
5,backend,numeric,14,1.8000,1.0e-03,-1,SAM,0.9263,0.049329,2.982471e+00,8.26381978e-03,0.971560,111.6598,250.8319
5,backend,numeric,14,1.8000,1.0e-03,-1,SAM,0.9263,0.049329,3.288131e+00,8.07037112e-03,0.969460,113.3267,101.3685
5,backend,numeric,14,1.8000,1.0e-03,-1,SAM,0.9263,0.049329,3.625117e+00,5.96932755e-03,0.963442,115.9929,60.2222
5,backend,numeric,14,1.8000,1.0e-03,-1,SAM,0.9263,0.049329,3.996639e+00,8.22069411e-03,0.970620,113.3460,87.5425
5,backend,numeric,14,1.8000,1.0e-03,-1,SAM,0.9263,0.049329,4.406236e+00,6.86431242e-03,0.969017,115.3561,253.1582
5,backend,numeric,14,1.8000,1.0e-03,-1,SAM,0.9263,0.049329,4.857812e+00,7.78685601e-03,0.969691,116.2528,176.2760
5,backend,numeric,14,1.8000,1.0e-03,-1,SAM,0.9263,0.049329,5.355667e+00,6.94148732e-03,0.969294,115.3191,245.8157
5,backend,numeric,14,1.8000,1.0e-03,-1,SAM,0.9263,0.049329,5.904545e+00,8.33128217e-03,0.971099,114.2729,108.0964
5,backend,numeric,14,1.8000,1.0e-03,-1,SAM,0.9263,0.049329,6.509675e+00,8.85678572e-03,0.970293,113.9221,136.2557
5,backend,numeric,14,1.8000,1.0e-03,-1,SAM,0.9263,0.049329,7.176822e+00,5.42296304e-03,0.972827,118.7500,348.2202
5,backend,numeric,14,1.8000,1.0e-03,-1,SAM,0.9263,0.049329,7.912343e+00,8.16786220e-03,0.967686,110.8587,68.8042
5,backend,numeric,14,1.8000,1.0e-03,-1,SAM,0.9263,0.049329,8.723243e+00,5.51745287e-03,0.975752,117.5951,356.8470
5,backend,numeric,14,1.8000,1.0e-03,-1,SAM,0.9263,0.049329,9.617249e+00,8.34546344e-03,0.972353,115.1863,175.2984
5,backend,numeric,14,1.8000,1.0e-03,-1,SAM,0.9263,0.049329,1.060288e+01,7.25726378e-03,0.969446,112.3998,276.6819
5,backend,numeric,14,1.8000,1.0e-03,-1,SAM,0.9263,0.049329,1.168952e+01,6.70411297e-03,0.976167,111.8691,325.8753
5,backend,numeric,14,1.8000,1.0e-03,-1,SAM,0.9263,0.049329,1.288752e+01,5.01160525e-03,0.966715,119.4230,9.1472
5,backend,numeric,14,1.8000,1.0e-03,-1,SAM,0.9263,0.049329,1.420831e+01,6.28369634e-03,0.964752,112.7771,33.3792
5,backend,numeric,14,1.8000,1.0e-03,-1,SAM,0.9263,0.049329,1.566445e+01,8.91799391e-03,0.969688,113.0762,124.8252
5,backend,numeric,14,1.8000,1.0e-03,-1,SAM,0.9263,0.049329,1.726983e+01,7.42287704e-03,0.972575,110.9657,296.9096
5,backend,numeric,14,1.8000,1.0e-03,-1,SAM,0.9263,0.049329,1.903974e+01,8.28594611e-03,0.970502,112.0716,244.7621
5,backend,numeric,14,1.8000,1.0e-03,-1,SAM,0.9263,0.049329,2.099104e+01,7.49203528e-03,0.965563,110.1950,44.4954
5,backend,numeric,14,1.8000,1.0e-03,-1,SAM,0.9263,0.049329,2.314231e+01,7.78430292e-03,0.968265,111.2371,62.5822
5,backend,numeric,14,1.8000,1.0e-03,-1,SAM,0.9263,0.049329,2.551407e+01,6.27393613e-03,0.963502,114.9426,63.9921
5,backend,numeric,14,1.8000,1.0e-03,-1,SAM,0.9263,0.049329,2.812889e+01,6.98397620e-03,0.965235,110.6859,37.8933
5,backend,numeric,14,1.8000,1.0e-03,-1,SAM,0.9263,0.049329,3.101169e+01,7.81262937e-03,0.971216,115.4512,121.9029
5,backend,numeric,14,1.8000,1.0e-03,-1,SAM,0.9263,0.049329,3.418994e+01,5.90011336e-03,0.964877,114.2335,24.4144
5,backend,numeric,14,1.8000,1.0e-03,-1,SAM,0.9263,0.049329,3.769391e+01,7.97855329e-03,0.971771,116.0325,185.3609
5,backend,numeric,14,1.8000,1.0e-03,-1,SAM,0.9263,0.049329,4.155699e+01,5.99832664e-03,0.976904,115.6501,2.2992
5,backend,numeric,14,1.8000,1.0e-03,-1,SAM,0.9263,0.049329,4.581598e+01,7.49835449e-03,0.974353,110.9608,283.8813
5,backend,numeric,14,1.8000,1.0e-03,-1,SAM,0.9263,0.049329,5.051145e+01,8.63247305e-03,0.967553,112.3803,106.3505
5,backend,numeric,14,1.8000,1.0e-03,-1,SAM,0.9263,0.049329,5.568814e+01,7.43461845e-03,0.971010,111.4640,278.5893
5,backend,numeric,14,1.8000,1.0e-03,-1,SAM,0.9263,0.049329,6.139537e+01,7.22345477e-03,0.968820,111.9608,283.7534
5,backend,numeric,14,1.8000,1.0e-03,-1,SAM,0.9263,0.049329,6.768750e+01,7.45422173e-03,0.969793,115.0596,233.7018
5,backend,numeric,14,1.8000,1.0e-03,-1,SAM,0.9263,0.049329,7.462449e+01,6.12753395e-03,0.976980,114.5314,352.9571
5,backend,numeric,14,1.8000,1.0e-03,-1,SAM,0.9263,0.049329,8.227241e+01,8.01121838e-03,0.969266,113.0571,94.8316
5,backend,numeric,14,1.8000,1.0e-03,-1,SAM,0.9263,0.049329,9.070414e+01,7.22467203e-03,0.963883,112.1496,72.2383
5,backend,numeric,14,1.8000,1.0e-03,-1,SAM,0.9263,0.049329,1.000000e+02,8.04519676e-03,0.971317,114.7342,106.0782
6,backend,numeric,17,10.0000,1.0e-03,-1,LAM,0.5704,0.406688,0.000000e+00,2.00076967e-03,0.666382,35.4915,235.3583
6,backend,numeric,17,10.0000,1.0e-03,-1,LAM,0.5704,0.406688,1.000000e-03,1.86905339e-03,0.704955,35.3901,193.4410
6,backend,numeric,17,10.0000,1.0e-03,-1,LAM,0.5704,0.406688,1.102485e-03,1.85629265e-03,0.708885,35.4004,189.3102
6,backend,numeric,17,10.0000,1.0e-03,-1,LAM,0.5704,0.406688,1.215474e-03,1.84237823e-03,0.713209,35.4109,184.7948
6,backend,numeric,17,10.0000,1.0e-03,-1,LAM,0.5704,0.406688,1.340043e-03,1.82722274e-03,0.717966,35.4194,179.8634
6,backend,numeric,17,10.0000,1.0e-03,-1,LAM,0.5704,0.406688,1.477378e-03,1.81073526e-03,0.723194,35.4228,174.4823
6,backend,numeric,17,10.0000,1.0e-03,-1,LAM,0.5704,0.406688,1.628787e-03,1.79282145e-03,0.728939,35.4161,168.6154
6,backend,numeric,17,10.0000,1.0e-03,-1,LAM,0.5704,0.406688,1.795714e-03,1.77338403e-03,0.735246,35.3930,162.2229
6,backend,numeric,17,10.0000,1.0e-03,-1,LAM,0.5704,0.406688,1.979749e-03,1.75232302e-03,0.742165,35.3450,155.2605
6,backend,numeric,17,10.0000,1.0e-03,-1,LAM,0.5704,0.406688,2.182645e-03,1.72953375e-03,0.749749,35.2626,147.6778
6,backend,numeric,17,10.0000,1.0e-03,-1,LAM,0.5704,0.406688,2.406334e-03,1.70490670e-03,0.758053,35.1352,139.4168
6,backend,numeric,17,10.0000,1.0e-03,-1,LAM,0.5704,0.406688,2.652948e-03,1.67832648e-03,0.767135,34.9540,130.4110
6,backend,numeric,17,10.0000,1.0e-03,-1,LAM,0.5704,0.406688,2.924837e-03,1.64967409e-03,0.777052,34.7150,120.5837
6,backend,numeric,17,10.0000,1.0e-03,-1,LAM,0.5704,0.406688,3.224591e-03,1.61882857e-03,0.787860,34.4243,109.8506
6,backend,numeric,17,10.0000,1.0e-03,-1,LAM,0.5704,0.406688,3.555064e-03,1.58565626e-03,0.799614,34.1026,98.1302
6,backend,numeric,17,10.0000,1.0e-03,-1,LAM,0.5704,0.406688,3.919407e-03,1.55000114e-03,0.812362,33.7890,85.3604
6,backend,numeric,17,10.0000,1.0e-03,-1,LAM,0.5704,0.406688,4.321089e-03,1.51166827e-03,0.826138,33.5374,71.5270
6,backend,numeric,17,10.0000,1.0e-03,-1,LAM,0.5704,0.406688,4.763938e-03,1.47038630e-03,0.840957,33.4007,56.6950
6,backend,numeric,17,10.0000,1.0e-03,-1,LAM,0.5704,0.406688,5.252173e-03,1.42574150e-03,0.856812,33.3982,41.0287
6,backend,numeric,17,10.0000,1.0e-03,-1,LAM,0.5704,0.406688,5.790444e-03,1.37701280e-03,0.873673,33.4710,24.7745
6,backend,numeric,17,10.0000,1.0e-03,-1,LAM,0.5704,0.406688,6.383880e-03,1.32281374e-03,0.891516,33.4419,8.1954
6,backend,numeric,17,10.0000,1.0e-03,-1,LAM,0.5704,0.406688,7.038136e-03,1.26036905e-03,0.910359,33.0004,351.4925
6,backend,numeric,17,10.0000,1.0e-03,-1,LAM,0.5704,0.406688,7.759442e-03,1.18328449e-03,0.930365,31.6897,334.7977
6,backend,numeric,17,10.0000,1.0e-03,-1,LAM,0.5704,0.406688,8.554673e-03,1.07129624e-03,0.951911,28.6653,318.3757
6,backend,numeric,17,10.0000,1.0e-03,-1,LAM,0.5704,0.406688,9.431402e-03,9.75624191e-04,0.980746,26.1504,315.6351
6,backend,numeric,17,10.0000,1.0e-03,-1,LAM,0.5704,0.406688,1.039798e-02,1.51489510e-03,0.997494,43.9916,329.1072
6,backend,numeric,17,10.0000,1.0e-03,-1,LAM,0.5704,0.406688,1.146363e-02,2.18401959e-03,0.999004,62.6866,340.6084
6,backend,numeric,17,10.0000,1.0e-03,-1,LAM,0.5704,0.406688,1.263848e-02,2.87853919e-03,0.999276,73.3509,350.0540
6,backend,numeric,17,10.0000,1.0e-03,-1,LAM,0.5704,0.406688,1.393374e-02,3.52344433e-03,0.999469,79.5667,358.5207
6,backend,numeric,17,10.0000,1.0e-03,-1,LAM,0.5704,0.406688,1.536175e-02,4.10703007e-03,0.999635,84.0488,6.5490
6,backend,numeric,17,10.0000,1.0e-03,-1,LAM,0.5704,0.406688,1.693611e-02,4.61967488e-03,0.999768,87.8504,14.4589
6,backend,numeric,17,10.0000,1.0e-03,-1,LAM,0.5704,0.406688,1.867181e-02,5.04173083e-03,0.999865,91.5398,22.5069
6,backend,numeric,17,10.0000,1.0e-03,-1,LAM,0.5704,0.406688,2.058540e-02,5.33706889e-03,0.999929,95.6145,30.9845
6,backend,numeric,17,10.0000,1.0e-03,-1,LAM,0.5704,0.406688,2.269511e-02,5.43691092e-03,0.999967,100.8438,40.2930
6,backend,numeric,17,10.0000,1.0e-03,-1,LAM,0.5704,0.406688,2.502102e-02,5.21403501e-03,0.999986,109.1746,51.2086
6,backend,numeric,17,10.0000,1.0e-03,-1,LAM,0.5704,0.406688,2.758532e-02,4.41516944e-03,0.999993,126.8999,65.9837
6,backend,numeric,17,10.0000,1.0e-03,-1,LAM,0.5704,0.406688,3.041241e-02,2.38707621e-03,0.999957,157.4686,92.7171
6,backend,numeric,17,10.0000,1.0e-03,-1,LAM,0.5704,0.406688,3.352924e-02,7.65376606e-04,0.916074,172.8932,144.0109
6,backend,numeric,17,10.0000,1.0e-03,-1,LAM,0.5704,0.406688,3.696550e-02,9.42603184e-04,0.835040,170.1396,82.7973
6,backend,numeric,17,10.0000,1.0e-03,-1,LAM,0.5704,0.406688,4.075393e-02,1.05748204e-03,0.787890,169.0204,328.6402
6,backend,numeric,17,10.0000,1.0e-03,-1,LAM,0.5704,0.406688,4.493062e-02,1.14075268e-03,0.760852,167.9076,179.1537
6,backend,numeric,17,10.0000,1.0e-03,-1,LAM,0.5704,0.406688,4.953535e-02,1.20224453e-03,0.747703,166.7110,356.1434
6,backend,numeric,17,10.0000,1.0e-03,-1,LAM,0.5704,0.406688,5.461201e-02,1.24828379e-03,0.745998,165.6494,158.0311
6,backend,numeric,17,10.0000,1.0e-03,-1,LAM,0.5704,0.406688,6.020894e-02,1.28524920e-03,0.754141,163.5459,308.6544
6,backend,numeric,17,10.0000,1.0e-03,-1,LAM,0.5704,0.406688,6.637949e-02,1.32072353e-03,0.771839,161.9239,106.2559
6,backend,numeric,17,10.0000,1.0e-03,-1,LAM,0.5704,0.406688,7.318242e-02,1.36675035e-03,0.798719,158.3080,279.7511
6,backend,numeric,17,10.0000,1.0e-03,-1,LAM,0.5704,0.406688,8.068256e-02,1.44494603e-03,0.834487,156.1497,114.5100
6,backend,numeric,17,10.0000,1.0e-03,-1,LAM,0.5704,0.406688,8.895135e-02,1.60180888e-03,0.878716,150.5253,342.5880
6,backend,numeric,17,10.0000,1.0e-03,-1,LAM,0.5704,0.406688,9.806757e-02,1.98084666e-03,0.926584,136.1589,257.5830
6,backend,numeric,17,10.0000,1.0e-03,-1,LAM,0.5704,0.406688,1.081181e-01,3.35375702e-03,0.960752,118.1430,235.8786
6,backend,numeric,17,10.0000,1.0e-03,-1,LAM,0.5704,0.406688,1.191986e-01,2.31195804e-03,0.977409,128.6744,313.1474
6,backend,numeric,17,10.0000,1.0e-03,-1,LAM,0.5704,0.406688,1.314147e-01,2.46612586e-03,0.973175,119.5895,54.9589
6,backend,numeric,17,10.0000,1.0e-03,-1,LAM,0.5704,0.406688,1.448828e-01,1.91847523e-03,0.970634,118.8322,197.8551
6,backend,numeric,17,10.0000,1.0e-03,-1,LAM,0.5704,0.406688,1.597312e-01,1.66304903e-03,0.968916,118.4714,357.3194
6,backend,numeric,17,10.0000,1.0e-03,-1,LAM,0.5704,0.406688,1.761014e-01,1.81991533e-03,0.969311,114.3157,177.0948
6,backend,numeric,17,10.0000,1.0e-03,-1,LAM,0.5704,0.406688,1.941492e-01,1.75993446e-03,0.967265,114.7310,19.3528
6,backend,numeric,17,10.0000,1.0e-03,-1,LAM,0.5704,0.406688,2.140467e-01,2.07844466e-03,0.967743,112.0596,247.0700
6,backend,numeric,17,10.0000,1.0e-03,-1,LAM,0.5704,0.406688,2.359833e-01,2.00159822e-03,0.972437,113.6796,124.8124
6,backend,numeric,17,10.0000,1.0e-03,-1,LAM,0.5704,0.406688,2.601682e-01,1.92417303e-03,0.966491,112.4702,43.8292
6,backend,numeric,17,10.0000,1.0e-03,-1,LAM,0.5704,0.406688,2.868317e-01,1.80923458e-03,0.973365,115.4628,345.8230
6,backend,numeric,17,10.0000,1.0e-03,-1,LAM,0.5704,0.406688,3.162278e-01,2.04594125e-03,0.973324,112.6742,317.4779
6,backend,numeric,17,10.0000,1.0e-03,-1,LAM,0.5704,0.406688,3.486365e-01,2.04431926e-03,0.973405,112.6234,321.5914
6,backend,numeric,17,10.0000,1.0e-03,-1,LAM,0.5704,0.406688,3.843667e-01,1.76074915e-03,0.973220,115.8851,1.9045
6,backend,numeric,17,10.0000,1.0e-03,-1,LAM,0.5704,0.406688,4.237587e-01,2.08356088e-03,0.967037,111.8313,79.4961
6,backend,numeric,17,10.0000,1.0e-03,-1,LAM,0.5704,0.406688,4.671878e-01,1.79839013e-03,0.971466,115.2761,200.0904
6,backend,numeric,17,10.0000,1.0e-03,-1,LAM,0.5704,0.406688,5.150678e-01,1.69953524e-03,0.973156,115.9483,11.1872
6,backend,numeric,17,10.0000,1.0e-03,-1,LAM,0.5704,0.406688,5.678548e-01,1.86485926e-03,0.967718,114.1603,234.9353
6,backend,numeric,17,10.0000,1.0e-03,-1,LAM,0.5704,0.406688,6.260517e-01,2.01175721e-03,0.973062,115.0119,162.9086
6,backend,numeric,17,10.0000,1.0e-03,-1,LAM,0.5704,0.406688,6.902129e-01,1.96048075e-03,0.972603,115.5454,164.6457
6,backend,numeric,17,10.0000,1.0e-03,-1,LAM,0.5704,0.406688,7.609497e-01,2.06338695e-03,0.968714,112.3623,240.1765
6,backend,numeric,17,10.0000,1.0e-03,-1,LAM,0.5704,0.406688,8.389360e-01,2.01789283e-03,0.966037,111.7061,52.5629
6,backend,numeric,17,10.0000,1.0e-03,-1,LAM,0.5704,0.406688,9.249147e-01,2.02631417e-03,0.973544,112.6249,280.7039
6,backend,numeric,17,10.0000,1.0e-03,-1,LAM,0.5704,0.406688,1.019705e+00,2.16015680e-03,0.970859,112.1370,253.3519
6,backend,numeric,17,10.0000,1.0e-03,-1,LAM,0.5704,0.406688,1.124210e+00,1.70154048e-03,0.971940,116.2323,337.8492
6,backend,numeric,17,10.0000,1.0e-03,-1,LAM,0.5704,0.406688,1.239425e+00,1.76987223e-03,0.969048,115.0105,197.6760
6,backend,numeric,17,10.0000,1.0e-03,-1,LAM,0.5704,0.406688,1.366448e+00,1.81934877e-03,0.972103,114.7806,184.6114
6,backend,numeric,17,10.0000,1.0e-03,-1,LAM,0.5704,0.406688,1.506489e+00,2.11578138e-03,0.970586,111.5666,299.0744
6,backend,numeric,17,10.0000,1.0e-03,-1,LAM,0.5704,0.406688,1.660883e+00,1.87286375e-03,0.968161,114.4918,218.9526
6,backend,numeric,17,10.0000,1.0e-03,-1,LAM,0.5704,0.406688,1.831099e+00,1.64766385e-03,0.972469,115.7132,343.6564
6,backend,numeric,17,10.0000,1.0e-03,-1,LAM,0.5704,0.406688,2.018760e+00,2.12106165e-03,0.972378,112.3083,267.6180
6,backend,numeric,17,10.0000,1.0e-03,-1,LAM,0.5704,0.406688,2.225654e+00,2.08145843e-03,0.968201,111.7115,60.9824
6,backend,numeric,17,10.0000,1.0e-03,-1,LAM,0.5704,0.406688,2.453751e+00,2.19169577e-03,0.969073,112.1956,101.1886
6,backend,numeric,17,10.0000,1.0e-03,-1,LAM,0.5704,0.406688,2.705225e+00,1.64240795e-03,0.967287,115.5305,32.6883
6,backend,numeric,17,10.0000,1.0e-03,-1,LAM,0.5704,0.406688,2.982471e+00,2.15365559e-03,0.970846,112.2047,251.2620
6,backend,numeric,17,10.0000,1.0e-03,-1,LAM,0.5704,0.406688,3.288131e+00,2.10236222e-03,0.968405,111.8459,72.5455
6,backend,numeric,17,10.0000,1.0e-03,-1,LAM,0.5704,0.406688,3.625117e+00,1.88319496e-03,0.967856,114.1242,228.6513
6,backend,numeric,17,10.0000,1.0e-03,-1,LAM,0.5704,0.406688,3.996639e+00,2.17468167e-03,0.970798,112.3137,75.5740
6,backend,numeric,17,10.0000,1.0e-03,-1,LAM,0.5704,0.406688,4.406236e+00,1.89355221e-03,0.974402,114.2768,346.3226
6,backend,numeric,17,10.0000,1.0e-03,-1,LAM,0.5704,0.406688,4.857812e+00,1.61063513e-03,0.968465,115.9532,4.4672
6,backend,numeric,17,10.0000,1.0e-03,-1,LAM,0.5704,0.406688,5.355667e+00,1.91471607e-03,0.972831,114.2395,163.4668
6,backend,numeric,17,10.0000,1.0e-03,-1,LAM,0.5704,0.406688,5.904545e+00,1.88368253e-03,0.967680,114.5160,186.5915
6,backend,numeric,17,10.0000,1.0e-03,-1,LAM,0.5704,0.406688,6.509675e+00,2.20481045e-03,0.968839,112.0693,103.5582
6,backend,numeric,17,10.0000,1.0e-03,-1,LAM,0.5704,0.406688,7.176822e+00,1.69364752e-03,0.968608,115.6340,2.3986
6,backend,numeric,17,10.0000,1.0e-03,-1,LAM,0.5704,0.406688,7.912343e+00,1.72954730e-03,0.973947,115.0503,323.0071
6,backend,numeric,17,10.0000,1.0e-03,-1,LAM,0.5704,0.406688,8.723243e+00,1.63561078e-03,0.967487,115.5961,28.9940
6,backend,numeric,17,10.0000,1.0e-03,-1,LAM,0.5704,0.406688,9.617249e+00,2.08777621e-03,0.970821,111.8270,289.3032
6,backend,numeric,17,10.0000,1.0e-03,-1,LAM,0.5704,0.406688,1.060288e+01,2.05171283e-03,0.973119,114.6418,158.3028
6,backend,numeric,17,10.0000,1.0e-03,-1,LAM,0.5704,0.406688,1.168952e+01,2.11943033e-03,0.966980,111.5405,83.7661
6,backend,numeric,17,10.0000,1.0e-03,-1,LAM,0.5704,0.406688,1.288752e+01,1.83912568e-03,0.968719,115.3609,175.1997
6,backend,numeric,17,10.0000,1.0e-03,-1,LAM,0.5704,0.406688,1.420831e+01,1.77533973e-03,0.970760,115.0119,174.4168
6,backend,numeric,17,10.0000,1.0e-03,-1,LAM,0.5704,0.406688,1.566445e+01,2.03915402e-03,0.968414,112.3565,252.6356
6,backend,numeric,17,10.0000,1.0e-03,-1,LAM,0.5704,0.406688,1.726983e+01,1.88711069e-03,0.967081,113.8260,231.2329
6,backend,numeric,17,10.0000,1.0e-03,-1,LAM,0.5704,0.406688,1.903974e+01,2.05435071e-03,0.967340,112.7928,216.9642
6,backend,numeric,17,10.0000,1.0e-03,-1,LAM,0.5704,0.406688,2.099104e+01,2.15289757e-03,0.971775,112.8615,85.9501
6,backend,numeric,17,10.0000,1.0e-03,-1,LAM,0.5704,0.406688,2.314231e+01,1.83556264e-03,0.966298,113.1612,21.2880
6,backend,numeric,17,10.0000,1.0e-03,-1,LAM,0.5704,0.406688,2.551407e+01,2.06560560e-03,0.968223,112.0117,275.0448
6,backend,numeric,17,10.0000,1.0e-03,-1,LAM,0.5704,0.406688,2.812889e+01,1.68169598e-03,0.968328,115.5825,358.8700
6,backend,numeric,17,10.0000,1.0e-03,-1,LAM,0.5704,0.406688,3.101169e+01,2.03253573e-03,0.967233,112.9712,211.3603
6,backend,numeric,17,10.0000,1.0e-03,-1,LAM,0.5704,0.406688,3.418994e+01,2.03949355e-03,0.972386,113.5494,109.8110
6,backend,numeric,17,10.0000,1.0e-03,-1,LAM,0.5704,0.406688,3.769391e+01,NaN,NaN,NaN,NaN
6,backend,numeric,17,10.0000,1.0e-03,-1,LAM,0.5704,0.406688,4.155699e+01,NaN,NaN,NaN,NaN
6,backend,numeric,17,10.0000,1.0e-03,-1,LAM,0.5704,0.406688,4.581598e+01,NaN,NaN,NaN,NaN
6,backend,numeric,17,10.0000,1.0e-03,-1,LAM,0.5704,0.406688,5.051145e+01,NaN,NaN,NaN,NaN
6,backend,numeric,17,10.0000,1.0e-03,-1,LAM,0.5704,0.406688,5.568814e+01,NaN,NaN,NaN,NaN
6,backend,numeric,17,10.0000,1.0e-03,-1,LAM,0.5704,0.406688,6.139537e+01,NaN,NaN,NaN,NaN
6,backend,numeric,17,10.0000,1.0e-03,-1,LAM,0.5704,0.406688,6.768750e+01,NaN,NaN,NaN,NaN
6,backend,numeric,17,10.0000,1.0e-03,-1,LAM,0.5704,0.406688,7.462449e+01,NaN,NaN,NaN,NaN
6,backend,numeric,17,10.0000,1.0e-03,-1,LAM,0.5704,0.406688,8.227241e+01,NaN,NaN,NaN,NaN
6,backend,numeric,17,10.0000,1.0e-03,-1,LAM,0.5704,0.406688,9.070414e+01,NaN,NaN,NaN,NaN
6,backend,numeric,17,10.0000,1.0e-03,-1,LAM,0.5704,0.406688,1.000000e+02,NaN,NaN,NaN,NaN
7,backend,numeric,21,0.1000,1.0e-03,-1,SAM,0.3486,0.018566,0.000000e+00,2.93351415e-03,0.974839,68.7554,252.7417
7,backend,numeric,21,0.1000,1.0e-03,-1,SAM,0.3486,0.018566,1.000000e-03,3.25123414e-03,0.979524,71.2346,257.5281
7,backend,numeric,21,0.1000,1.0e-03,-1,SAM,0.3486,0.018566,1.102485e-03,3.28688919e-03,0.979903,71.5216,258.0191
7,backend,numeric,21,0.1000,1.0e-03,-1,SAM,0.3486,0.018566,1.215474e-03,3.32657080e-03,0.980303,71.8415,258.5594
7,backend,numeric,21,0.1000,1.0e-03,-1,SAM,0.3486,0.018566,1.340043e-03,3.37069754e-03,0.980721,72.1974,259.1534
7,backend,numeric,21,0.1000,1.0e-03,-1,SAM,0.3486,0.018566,1.477378e-03,3.41971238e-03,0.981156,72.5926,259.8059
7,backend,numeric,21,0.1000,1.0e-03,-1,SAM,0.3486,0.018566,1.628787e-03,3.47408285e-03,0.981608,73.0302,260.5221
7,backend,numeric,21,0.1000,1.0e-03,-1,SAM,0.3486,0.018566,1.795714e-03,3.53430186e-03,0.982072,73.5132,261.3075
7,backend,numeric,21,0.1000,1.0e-03,-1,SAM,0.3486,0.018566,1.979749e-03,3.60088687e-03,0.982548,74.0446,262.1680
7,backend,numeric,21,0.1000,1.0e-03,-1,SAM,0.3486,0.018566,2.182645e-03,3.67438928e-03,0.983031,74.6269,263.1096
7,backend,numeric,21,0.1000,1.0e-03,-1,SAM,0.3486,0.018566,2.406334e-03,3.75539157e-03,0.983521,75.2621,264.1389
7,backend,numeric,21,0.1000,1.0e-03,-1,SAM,0.3486,0.018566,2.652948e-03,3.84444207e-03,0.984012,75.9510,265.2626
7,backend,numeric,21,0.1000,1.0e-03,-1,SAM,0.3486,0.018566,2.924837e-03,3.94204619e-03,0.984505,76.6936,266.4878
7,backend,numeric,21,0.1000,1.0e-03,-1,SAM,0.3486,0.018566,3.224591e-03,4.04869348e-03,0.984995,77.4888,267.8216
7,backend,numeric,21,0.1000,1.0e-03,-1,SAM,0.3486,0.018566,3.555064e-03,4.16484983e-03,0.985483,78.3345,269.2713
7,backend,numeric,21,0.1000,1.0e-03,-1,SAM,0.3486,0.018566,3.919407e-03,4.29086270e-03,0.985969,79.2274,270.8446
7,backend,numeric,21,0.1000,1.0e-03,-1,SAM,0.3486,0.018566,4.321089e-03,4.42703383e-03,0.986452,80.1634,272.5493
7,backend,numeric,21,0.1000,1.0e-03,-1,SAM,0.3486,0.018566,4.763938e-03,4.57356584e-03,0.986934,81.1374,274.3937
7,backend,numeric,21,0.1000,1.0e-03,-1,SAM,0.3486,0.018566,5.252173e-03,4.73053887e-03,0.987419,82.1439,276.3862
7,backend,numeric,21,0.1000,1.0e-03,-1,SAM,0.3486,0.018566,5.790444e-03,4.89789867e-03,0.987909,83.1768,278.5358
7,backend,numeric,21,0.1000,1.0e-03,-1,SAM,0.3486,0.018566,6.383880e-03,5.07540216e-03,0.988409,84.2303,280.8518
7,backend,numeric,21,0.1000,1.0e-03,-1,SAM,0.3486,0.018566,7.038136e-03,5.26259531e-03,0.988924,85.2989,283.3445
7,backend,numeric,21,0.1000,1.0e-03,-1,SAM,0.3486,0.018566,7.759442e-03,5.45870353e-03,0.989460,86.3780,286.0255
7,backend,numeric,21,0.1000,1.0e-03,-1,SAM,0.3486,0.018566,8.554673e-03,5.66241932e-03,0.990021,87.4649,288.9081
7,backend,numeric,21,0.1000,1.0e-03,-1,SAM,0.3486,0.018566,9.431402e-03,5.87123566e-03,0.990614,88.5601,292.0084
7,backend,numeric,21,0.1000,1.0e-03,-1,SAM,0.3486,0.018566,1.039798e-02,6.08105971e-03,0.991241,89.6699,295.3479
7,backend,numeric,21,0.1000,1.0e-03,-1,SAM,0.3486,0.018566,1.146363e-02,6.28660898e-03,0.991903,90.8083,298.9550
7,backend,numeric,21,0.1000,1.0e-03,-1,SAM,0.3486,0.018566,1.263848e-02,6.48358106e-03,0.992600,92.0009,302.8593
7,backend,numeric,21,0.1000,1.0e-03,-1,SAM,0.3486,0.018566,1.393374e-02,6.66653546e-03,0.993327,93.2868,307.0952
7,backend,numeric,21,0.1000,1.0e-03,-1,SAM,0.3486,0.018566,1.536175e-02,6.82719307e-03,0.994081,94.7252,311.7061
7,backend,numeric,21,0.1000,1.0e-03,-1,SAM,0.3486,0.018566,1.693611e-02,6.95237095e-03,0.994854,96.4103,316.7481
7,backend,numeric,21,0.1000,1.0e-03,-1,SAM,0.3486,0.018566,1.867181e-02,7.02056723e-03,0.995638,98.5021,322.3011
7,backend,numeric,21,0.1000,1.0e-03,-1,SAM,0.3486,0.018566,2.058540e-02,6.99694908e-03,0.996417,101.3015,328.4888
7,backend,numeric,21,0.1000,1.0e-03,-1,SAM,0.3486,0.018566,2.269511e-02,6.82399290e-03,0.997158,105.4419,335.5252
7,backend,numeric,21,0.1000,1.0e-03,-1,SAM,0.3486,0.018566,2.502102e-02,6.40463487e-03,0.997767,112.4164,343.8459
7,backend,numeric,21,0.1000,1.0e-03,-1,SAM,0.3486,0.018566,2.758532e-02,5.57719700e-03,0.997793,125.6269,354.5096
7,backend,numeric,21,0.1000,1.0e-03,-1,SAM,0.3486,0.018566,3.041241e-02,4.03526778e-03,0.993101,146.5254,10.4617
7,backend,numeric,21,0.1000,1.0e-03,-1,SAM,0.3486,0.018566,3.352924e-02,3.50324804e-03,0.961829,153.9890,33.3776
7,backend,numeric,21,0.1000,1.0e-03,-1,SAM,0.3486,0.018566,3.696550e-02,4.16254587e-03,0.942352,150.2730,31.1652
7,backend,numeric,21,0.1000,1.0e-03,-1,SAM,0.3486,0.018566,4.075393e-02,4.56211248e-03,0.923296,149.2242,22.0476
7,backend,numeric,21,0.1000,1.0e-03,-1,SAM,0.3486,0.018566,4.493062e-02,4.89631644e-03,0.905096,148.6529,7.7202
7,backend,numeric,21,0.1000,1.0e-03,-1,SAM,0.3486,0.018566,4.953535e-02,5.20115837e-03,0.887582,147.7315,348.2271
7,backend,numeric,21,0.1000,1.0e-03,-1,SAM,0.3486,0.018566,5.461201e-02,5.49081732e-03,0.870918,145.6569,324.0968
7,backend,numeric,21,0.1000,1.0e-03,-1,SAM,0.3486,0.018566,6.020894e-02,5.77222061e-03,0.855567,142.0721,296.7502
7,backend,numeric,21,0.1000,1.0e-03,-1,SAM,0.3486,0.018566,6.637949e-02,6.04813720e-03,0.842019,137.8269,267.4442
7,backend,numeric,21,0.1000,1.0e-03,-1,SAM,0.3486,0.018566,7.318242e-02,6.32064796e-03,0.830257,134.7943,235.8651
7,backend,numeric,21,0.1000,1.0e-03,-1,SAM,0.3486,0.018566,8.068256e-02,6.59580039e-03,0.819538,134.1081,200.1620
7,backend,numeric,21,0.1000,1.0e-03,-1,SAM,0.3486,0.018566,8.895135e-02,6.87965489e-03,0.809069,134.3868,158.3173
7,backend,numeric,21,0.1000,1.0e-03,-1,SAM,0.3486,0.018566,9.806757e-02,7.17225963e-03,0.798997,133.7406,110.8160
7,backend,numeric,21,0.1000,1.0e-03,-1,SAM,0.3486,0.018566,1.081181e-01,7.47395557e-03,0.789469,134.2648,57.8758
7,backend,numeric,21,0.1000,1.0e-03,-1,SAM,0.3486,0.018566,1.191986e-01,7.79115126e-03,0.779597,135.7141,354.0610
7,backend,numeric,21,0.1000,1.0e-03,-1,SAM,0.3486,0.018566,1.314147e-01,8.11322883e-03,0.771033,130.9438,283.0630
7,backend,numeric,21,0.1000,1.0e-03,-1,SAM,0.3486,0.018566,1.448828e-01,8.42403813e-03,0.766127,127.0963,213.8252
7,backend,numeric,21,0.1000,1.0e-03,-1,SAM,0.3486,0.018566,1.597312e-01,8.74527522e-03,0.762482,127.0705,139.2028
7,backend,numeric,21,0.1000,1.0e-03,-1,SAM,0.3486,0.018566,1.761014e-01,9.08804619e-03,0.759215,128.4688,57.3126
7,backend,numeric,21,0.1000,1.0e-03,-1,SAM,0.3486,0.018566,1.941492e-01,9.46734060e-03,0.755018,128.4128,320.0179
7,backend,numeric,21,0.1000,1.0e-03,-1,SAM,0.3486,0.018566,2.140467e-01,9.82585449e-03,0.755230,121.6273,225.2935
7,backend,numeric,21,0.1000,1.0e-03,-1,SAM,0.3486,0.018566,2.359833e-01,1.01829791e-02,0.758519,120.5387,131.0342
7,backend,numeric,21,0.1000,1.0e-03,-1,SAM,0.3486,0.018566,2.601682e-01,1.05953246e-02,0.761184,125.1911,26.8975
7,backend,numeric,21,0.1000,1.0e-03,-1,SAM,0.3486,0.018566,2.868317e-01,1.10543166e-02,0.763845,118.4955,271.3672
7,backend,numeric,21,0.1000,1.0e-03,-1,SAM,0.3486,0.018566,3.162278e-01,1.14488393e-02,0.773284,113.6644,167.9424
7,backend,numeric,21,0.1000,1.0e-03,-1,SAM,0.3486,0.018566,3.486365e-01,1.18918153e-02,0.783687,118.2552,62.5598
7,backend,numeric,21,0.1000,1.0e-03,-1,SAM,0.3486,0.018566,3.843667e-01,1.25207272e-02,0.789619,115.2106,300.0452
7,backend,numeric,21,0.1000,1.0e-03,-1,SAM,0.3486,0.018566,4.237587e-01,1.29755943e-02,0.804679,105.6107,195.0167
7,backend,numeric,21,0.1000,1.0e-03,-1,SAM,0.3486,0.018566,4.671878e-01,1.33538563e-02,0.823133,107.0274,96.3648
7,backend,numeric,21,0.1000,1.0e-03,-1,SAM,0.3486,0.018566,5.150678e-01,1.43125283e-02,0.830746,115.3144,343.7223
7,backend,numeric,21,0.1000,1.0e-03,-1,SAM,0.3486,0.018566,5.678548e-01,1.49352759e-02,0.847677,96.6207,243.2209
7,backend,numeric,21,0.1000,1.0e-03,-1,SAM,0.3486,0.018566,6.260517e-01,1.47151417e-02,0.874927,87.4073,145.7476
7,backend,numeric,21,0.1000,1.0e-03,-1,SAM,0.3486,0.018566,6.902129e-01,1.49032213e-02,0.895778,103.9828,59.2014
7,backend,numeric,21,0.1000,1.0e-03,-1,SAM,0.3486,0.018566,7.609497e-01,1.72598610e-02,0.894106,107.7812,335.0351
7,backend,numeric,21,0.1000,1.0e-03,-1,SAM,0.3486,0.018566,8.389360e-01,1.67935727e-02,0.919893,71.3657,253.1734
7,backend,numeric,21,0.1000,1.0e-03,-1,SAM,0.3486,0.018566,9.249147e-01,2.54985415e-02,0.992183,80.5418,207.5719
7,backend,numeric,21,0.1000,1.0e-03,-1,SAM,0.3486,0.018566,1.019705e+00,5.55656865e-02,0.997314,81.6831,257.0667
7,backend,numeric,21,0.1000,1.0e-03,-1,SAM,0.3486,0.018566,1.124210e+00,1.11478160e-01,0.998432,64.7036,282.9779
7,backend,numeric,21,0.1000,1.0e-03,-1,SAM,0.3486,0.018566,1.239425e+00,1.83390474e-01,0.999451,50.3890,308.0390
7,backend,numeric,21,0.1000,1.0e-03,-1,SAM,0.3486,0.018566,1.366448e+00,2.63746225e-01,0.999867,47.2559,354.3205
7,backend,numeric,21,0.1000,1.0e-03,-1,SAM,0.3486,0.018566,1.506489e+00,3.50037863e-01,0.999938,75.1472,32.2551
7,backend,numeric,21,0.1000,1.0e-03,-1,SAM,0.3486,0.018566,1.660883e+00,3.71026202e-01,0.999966,115.3994,39.0884
7,backend,numeric,21,0.1000,1.0e-03,-1,SAM,0.3486,0.018566,1.831099e+00,2.52304839e-01,0.999909,154.4810,339.6610
7,backend,numeric,21,0.1000,1.0e-03,-1,SAM,0.3486,0.018566,2.018760e+00,9.43235635e-02,0.996882,144.6241,302.7429
7,backend,numeric,21,0.1000,1.0e-03,-1,SAM,0.3486,0.018566,2.225654e+00,8.15825341e-02,0.961306,84.5985,305.9020
7,backend,numeric,21,0.1000,1.0e-03,-1,SAM,0.3486,0.018566,2.453751e+00,1.71823290e-01,0.994022,69.7558,8.5032
7,backend,numeric,21,0.1000,1.0e-03,-1,SAM,0.3486,0.018566,2.705225e+00,1.97132971e-01,0.997663,130.7886,29.3563
7,backend,numeric,21,0.1000,1.0e-03,-1,SAM,0.3486,0.018566,2.982471e+00,1.51181321e-01,0.962320,108.9290,309.4699
7,backend,numeric,21,0.1000,1.0e-03,-1,SAM,0.3486,0.018566,3.288131e+00,2.44885554e-01,0.990676,66.2204,1.7504
7,backend,numeric,21,0.1000,1.0e-03,-1,SAM,0.3486,0.018566,3.625117e+00,2.83882140e-01,0.996947,130.4086,18.5602
7,backend,numeric,21,0.1000,1.0e-03,-1,SAM,0.3486,0.018566,3.996639e+00,1.38181131e-01,0.979303,102.9546,319.2603
7,backend,numeric,21,0.1000,1.0e-03,-1,SAM,0.3486,0.018566,4.406236e+00,2.34670046e-01,0.996459,92.0092,9.6786
7,backend,numeric,21,0.1000,1.0e-03,-1,SAM,0.3486,0.018566,4.857812e+00,9.80539786e-02,0.966866,132.5871,318.4024
7,backend,numeric,21,0.1000,1.0e-03,-1,SAM,0.3486,0.018566,5.355667e+00,1.65269503e-01,0.994862,105.5742,11.1708
7,backend,numeric,21,0.1000,1.0e-03,-1,SAM,0.3486,0.018566,5.904545e+00,1.53447272e-01,0.983590,59.0563,341.2639
7,backend,numeric,21,0.1000,1.0e-03,-1,SAM,0.3486,0.018566,6.509675e+00,1.44752588e-01,0.965508,126.9536,314.1827
7,backend,numeric,21,0.1000,1.0e-03,-1,SAM,0.3486,0.018566,7.176822e+00,2.46968600e-01,0.996472,126.4677,13.5048
7,backend,numeric,21,0.1000,1.0e-03,-1,SAM,0.3486,0.018566,7.912343e+00,1.70056423e-01,0.995315,104.9655,10.3480
7,backend,numeric,21,0.1000,1.0e-03,-1,SAM,0.3486,0.018566,8.723243e+00,2.85693229e-01,0.996692,93.6262,36.3374
7,backend,numeric,21,0.1000,1.0e-03,-1,SAM,0.3486,0.018566,9.617249e+00,3.15966717e-01,0.995093,86.6864,23.5321
7,backend,numeric,21,0.1000,1.0e-03,-1,SAM,0.3486,0.018566,1.060288e+01,2.57609675e-01,0.996357,90.2461,13.9175
7,backend,numeric,21,0.1000,1.0e-03,-1,SAM,0.3486,0.018566,1.168952e+01,1.81383727e-01,0.997017,124.1174,15.9581
7,backend,numeric,21,0.1000,1.0e-03,-1,SAM,0.3486,0.018566,1.288752e+01,1.26978868e-01,0.967977,113.2423,321.6040
7,backend,numeric,21,0.1000,1.0e-03,-1,SAM,0.3486,0.018566,1.420831e+01,2.41309174e-01,0.996644,113.4745,30.5003
7,backend,numeric,21,0.1000,1.0e-03,-1,SAM,0.3486,0.018566,1.566445e+01,1.44961492e-01,0.983870,88.9708,339.8328
7,backend,numeric,21,0.1000,1.0e-03,-1,SAM,0.3486,0.018566,1.726983e+01,1.60360623e-01,0.975763,85.9766,316.3396
7,backend,numeric,21,0.1000,1.0e-03,-1,SAM,0.3486,0.018566,1.903974e+01,1.10685378e-01,0.971515,136.9491,315.1555
7,backend,numeric,21,0.1000,1.0e-03,-1,SAM,0.3486,0.018566,2.099104e+01,1.31787460e-01,0.971674,95.6297,328.1330
7,backend,numeric,21,0.1000,1.0e-03,-1,SAM,0.3486,0.018566,2.314231e+01,2.51165310e-01,0.996062,115.0181,17.2491
7,backend,numeric,21,0.1000,1.0e-03,-1,SAM,0.3486,0.018566,2.551407e+01,2.73689939e-01,0.993090,71.3089,8.7443
7,backend,numeric,21,0.1000,1.0e-03,-1,SAM,0.3486,0.018566,2.812889e+01,1.59166214e-01,0.977250,78.1018,334.0432
7,backend,numeric,21,0.1000,1.0e-03,-1,SAM,0.3486,0.018566,3.101169e+01,2.80198112e-01,0.993855,94.3914,19.8479
7,backend,numeric,21,0.1000,1.0e-03,-1,SAM,0.3486,0.018566,3.418994e+01,1.36775882e-01,0.979055,106.6180,315.4797
7,backend,numeric,21,0.1000,1.0e-03,-1,SAM,0.3486,0.018566,3.769391e+01,1.10175078e-01,0.959517,123.1763,322.6197
7,backend,numeric,21,0.1000,1.0e-03,-1,SAM,0.3486,0.018566,4.155699e+01,2.94526994e-01,0.994010,77.0150,16.1205
7,backend,numeric,21,0.1000,1.0e-03,-1,SAM,0.3486,0.018566,4.581598e+01,1.18490328e-01,0.967428,70.9911,316.6500
7,backend,numeric,21,0.1000,1.0e-03,-1,SAM,0.3486,0.018566,5.051145e+01,2.15655044e-01,0.994589,81.5794,0.4189
7,backend,numeric,21,0.1000,1.0e-03,-1,SAM,0.3486,0.018566,5.568814e+01,1.44481727e-01,0.982736,88.4814,343.1748
7,backend,numeric,21,0.1000,1.0e-03,-1,SAM,0.3486,0.018566,6.139537e+01,1.60232680e-01,0.996784,113.6786,8.6384
7,backend,numeric,21,0.1000,1.0e-03,-1,SAM,0.3486,0.018566,6.768750e+01,1.97532992e-01,0.996819,121.0636,17.6930
7,backend,numeric,21,0.1000,1.0e-03,-1,SAM,0.3486,0.018566,7.462449e+01,2.59550174e-01,0.996774,92.8670,15.4302
7,backend,numeric,21,0.1000,1.0e-03,-1,SAM,0.3486,0.018566,8.227241e+01,1.38394947e-01,0.985262,93.5415,323.9092
7,backend,numeric,21,0.1000,1.0e-03,-1,SAM,0.3486,0.018566,9.070414e+01,2.61161948e-01,0.997837,105.2754,18.8665
7,backend,numeric,21,0.1000,1.0e-03,-1,SAM,0.3486,0.018566,1.000000e+02,1.38961268e-01,0.963173,106.5849,318.8053
8,backend,numeric,24,1.8000,1.0e-03,-1,LAM,0.8451,0.146688,0.000000e+00,2.78036422e-03,0.854972,57.8202,355.3730
8,backend,numeric,24,1.8000,1.0e-03,-1,LAM,0.8451,0.146688,1.000000e-03,2.71850726e-03,0.864741,57.5896,342.5231
8,backend,numeric,24,1.8000,1.0e-03,-1,LAM,0.8451,0.146688,1.102485e-03,2.71212040e-03,0.865730,57.5419,341.2264
8,backend,numeric,24,1.8000,1.0e-03,-1,LAM,0.8451,0.146688,1.215474e-03,2.70506393e-03,0.866818,57.4838,339.8004
8,backend,numeric,24,1.8000,1.0e-03,-1,LAM,0.8451,0.146688,1.340043e-03,2.69726431e-03,0.868015,57.4131,338.2325
8,backend,numeric,24,1.8000,1.0e-03,-1,LAM,0.8451,0.146688,1.477378e-03,2.68863894e-03,0.869331,57.3269,336.5086
8,backend,numeric,24,1.8000,1.0e-03,-1,LAM,0.8451,0.146688,1.628787e-03,2.67909448e-03,0.870779,57.2219,334.6132
8,backend,numeric,24,1.8000,1.0e-03,-1,LAM,0.8451,0.146688,1.795714e-03,2.66852463e-03,0.872372,57.0940,332.5292
8,backend,numeric,24,1.8000,1.0e-03,-1,LAM,0.8451,0.146688,1.979749e-03,2.65680813e-03,0.874123,56.9382,330.2378
8,backend,numeric,24,1.8000,1.0e-03,-1,LAM,0.8451,0.146688,2.182645e-03,2.64380491e-03,0.876050,56.7486,327.7179
8,backend,numeric,24,1.8000,1.0e-03,-1,LAM,0.8451,0.146688,2.406334e-03,2.62935201e-03,0.878169,56.5180,324.9459
8,backend,numeric,24,1.8000,1.0e-03,-1,LAM,0.8451,0.146688,2.652948e-03,2.61325932e-03,0.880501,56.2380,321.8952
8,backend,numeric,24,1.8000,1.0e-03,-1,LAM,0.8451,0.146688,2.924837e-03,2.59530404e-03,0.883068,55.8991,318.5361
8,backend,numeric,24,1.8000,1.0e-03,-1,LAM,0.8451,0.146688,3.224591e-03,2.57522602e-03,0.885896,55.4904,314.8345
8,backend,numeric,24,1.8000,1.0e-03,-1,LAM,0.8451,0.146688,3.555064e-03,2.55270547e-03,0.889015,54.9994,310.7513
8,backend,numeric,24,1.8000,1.0e-03,-1,LAM,0.8451,0.146688,3.919407e-03,2.52733875e-03,0.892457,54.4130,306.2416
8,backend,numeric,24,1.8000,1.0e-03,-1,LAM,0.8451,0.146688,4.321089e-03,2.49863811e-03,0.896263,53.7178,301.2536
8,backend,numeric,24,1.8000,1.0e-03,-1,LAM,0.8451,0.146688,4.763938e-03,2.46599110e-03,0.900479,52.9013,295.7277
8,backend,numeric,24,1.8000,1.0e-03,-1,LAM,0.8451,0.146688,5.252173e-03,2.42858237e-03,0.905161,51.9530,289.5960
8,backend,numeric,24,1.8000,1.0e-03,-1,LAM,0.8451,0.146688,5.790444e-03,2.38536094e-03,0.910375,50.8669,282.7816
8,backend,numeric,24,1.8000,1.0e-03,-1,LAM,0.8451,0.146688,6.383880e-03,2.33488699e-03,0.916203,49.6432,275.2024
8,backend,numeric,24,1.8000,1.0e-03,-1,LAM,0.8451,0.146688,7.038136e-03,2.27497269e-03,0.922742,48.2856,266.7798
8,backend,numeric,24,1.8000,1.0e-03,-1,LAM,0.8451,0.146688,7.759442e-03,2.20225143e-03,0.930110,46.7961,257.4500
8,backend,numeric,24,1.8000,1.0e-03,-1,LAM,0.8451,0.146688,8.554673e-03,2.11084031e-03,0.938464,45.1498,247.1914
8,backend,numeric,24,1.8000,1.0e-03,-1,LAM,0.8451,0.146688,9.431402e-03,1.98773110e-03,0.948010,43.1962,236.0690
8,backend,numeric,24,1.8000,1.0e-03,-1,LAM,0.8451,0.146688,1.039798e-02,1.78834297e-03,0.958891,40.2024,224.3859
8,backend,numeric,24,1.8000,1.0e-03,-1,LAM,0.8451,0.146688,1.146363e-02,1.71353119e-03,0.976587,38.8658,224.0736
8,backend,numeric,24,1.8000,1.0e-03,-1,LAM,0.8451,0.146688,1.263848e-02,2.29083987e-03,0.991478,49.4109,231.2482
8,backend,numeric,24,1.8000,1.0e-03,-1,LAM,0.8451,0.146688,1.393374e-02,3.06539100e-03,0.995265,61.9379,238.8346
8,backend,numeric,24,1.8000,1.0e-03,-1,LAM,0.8451,0.146688,1.536175e-02,3.88278974e-03,0.996260,70.7579,246.0435
8,backend,numeric,24,1.8000,1.0e-03,-1,LAM,0.8451,0.146688,1.693611e-02,4.70619237e-03,0.996738,76.3261,252.9004
8,backend,numeric,24,1.8000,1.0e-03,-1,LAM,0.8451,0.146688,1.867181e-02,5.51455920e-03,0.997145,79.9349,259.5476
8,backend,numeric,24,1.8000,1.0e-03,-1,LAM,0.8451,0.146688,2.058540e-02,6.30711337e-03,0.997545,82.3889,266.1114
8,backend,numeric,24,1.8000,1.0e-03,-1,LAM,0.8451,0.146688,2.269511e-02,7.09778853e-03,0.997931,84.1241,272.6594
8,backend,numeric,24,1.8000,1.0e-03,-1,LAM,0.8451,0.146688,2.502102e-02,7.90155185e-03,0.998290,85.3810,279.2315
8,backend,numeric,24,1.8000,1.0e-03,-1,LAM,0.8451,0.146688,2.758532e-02,8.73236747e-03,0.998613,86.3111,285.8518
8,backend,numeric,24,1.8000,1.0e-03,-1,LAM,0.8451,0.146688,3.041241e-02,9.60205676e-03,0.998896,87.0245,292.5360
8,backend,numeric,24,1.8000,1.0e-03,-1,LAM,0.8451,0.146688,3.352924e-02,1.05194996e-02,0.999139,87.6112,299.2950
8,backend,numeric,24,1.8000,1.0e-03,-1,LAM,0.8451,0.146688,3.696550e-02,1.14903376e-02,0.999342,88.1555,306.1377
8,backend,numeric,24,1.8000,1.0e-03,-1,LAM,0.8451,0.146688,4.075393e-02,1.25151984e-02,0.999509,88.7418,313.0739
8,backend,numeric,24,1.8000,1.0e-03,-1,LAM,0.8451,0.146688,4.493062e-02,1.35862118e-02,0.999643,89.4572,320.1174
8,backend,numeric,24,1.8000,1.0e-03,-1,LAM,0.8451,0.146688,4.953535e-02,1.46830072e-02,0.999749,90.3979,327.2910
8,backend,numeric,24,1.8000,1.0e-03,-1,LAM,0.8451,0.146688,5.461201e-02,1.57657902e-02,0.999830,91.6826,334.6326
8,backend,numeric,24,1.8000,1.0e-03,-1,LAM,0.8451,0.146688,6.020894e-02,1.67621766e-02,0.999890,93.4807,342.2030
8,backend,numeric,24,1.8000,1.0e-03,-1,LAM,0.8451,0.146688,6.637949e-02,1.75451064e-02,0.999933,96.0842,350.1055
8,backend,numeric,24,1.8000,1.0e-03,-1,LAM,0.8451,0.146688,7.318242e-02,1.78911630e-02,0.999963,100.1080,358.5384
8,backend,numeric,24,1.8000,1.0e-03,-1,LAM,0.8451,0.146688,8.068256e-02,1.73815920e-02,0.999981,107.2133,7.9423
8,backend,numeric,24,1.8000,1.0e-03,-1,LAM,0.8451,0.146688,8.895135e-02,1.51446887e-02,0.999989,123.0590,19.6697
8,backend,numeric,24,1.8000,1.0e-03,-1,LAM,0.8451,0.146688,9.806757e-02,9.36994790e-03,0.999959,153.5172,39.4183
8,backend,numeric,24,1.8000,1.0e-03,-1,LAM,0.8451,0.146688,1.081181e-01,2.72718095e-03,0.940088,172.5860,98.6971
8,backend,numeric,24,1.8000,1.0e-03,-1,LAM,0.8451,0.146688,1.191986e-01,3.40903126e-03,0.889528,168.9801,84.3837
8,backend,numeric,24,1.8000,1.0e-03,-1,LAM,0.8451,0.146688,1.314147e-01,3.84097872e-03,0.876492,166.8932,47.4020
8,backend,numeric,24,1.8000,1.0e-03,-1,LAM,0.8451,0.146688,1.448828e-01,4.23386098e-03,0.878552,165.1698,358.6539
8,backend,numeric,24,1.8000,1.0e-03,-1,LAM,0.8451,0.146688,1.597312e-01,4.67769916e-03,0.888100,159.9055,305.8455
8,backend,numeric,24,1.8000,1.0e-03,-1,LAM,0.8451,0.146688,1.761014e-01,5.27256660e-03,0.902992,152.1679,261.7565
8,backend,numeric,24,1.8000,1.0e-03,-1,LAM,0.8451,0.146688,1.941492e-01,6.16362728e-03,0.919566,146.3584,227.9034
8,backend,numeric,24,1.8000,1.0e-03,-1,LAM,0.8451,0.146688,2.140467e-01,7.55802807e-03,0.934903,140.6352,203.3266
8,backend,numeric,24,1.8000,1.0e-03,-1,LAM,0.8451,0.146688,2.359833e-01,9.88529822e-03,0.949004,131.8849,189.7897
8,backend,numeric,24,1.8000,1.0e-03,-1,LAM,0.8451,0.146688,2.601682e-01,1.45060387e-02,0.960499,118.6188,187.8296
8,backend,numeric,24,1.8000,1.0e-03,-1,LAM,0.8451,0.146688,2.868317e-01,1.66896211e-02,0.976937,112.8376,221.3912
8,backend,numeric,24,1.8000,1.0e-03,-1,LAM,0.8451,0.146688,3.162278e-01,9.57702777e-03,0.974214,129.4223,285.3967
8,backend,numeric,24,1.8000,1.0e-03,-1,LAM,0.8451,0.146688,3.486365e-01,1.05706441e-02,0.973834,110.8132,351.6364
8,backend,numeric,24,1.8000,1.0e-03,-1,LAM,0.8451,0.146688,3.843667e-01,9.34727868e-03,0.963464,118.5686,77.6812
8,backend,numeric,24,1.8000,1.0e-03,-1,LAM,0.8451,0.146688,4.237587e-01,1.08650820e-02,0.972974,117.1275,158.7690
8,backend,numeric,24,1.8000,1.0e-03,-1,LAM,0.8451,0.146688,4.671878e-01,8.30852227e-03,0.969552,114.2005,274.0600
8,backend,numeric,24,1.8000,1.0e-03,-1,LAM,0.8451,0.146688,5.150678e-01,6.60846231e-03,0.964291,115.1799,60.2502
8,backend,numeric,24,1.8000,1.0e-03,-1,LAM,0.8451,0.146688,5.678548e-01,8.27473014e-03,0.972883,115.3447,194.2897
8,backend,numeric,24,1.8000,1.0e-03,-1,LAM,0.8451,0.146688,6.260517e-01,5.35358474e-03,0.974054,119.2934,17.9627
8,backend,numeric,24,1.8000,1.0e-03,-1,LAM,0.8451,0.146688,6.902129e-01,7.80337904e-03,0.971239,116.2538,199.9450
8,backend,numeric,24,1.8000,1.0e-03,-1,LAM,0.8451,0.146688,7.609497e-01,7.69862633e-03,0.964948,111.1322,73.8283
8,backend,numeric,24,1.8000,1.0e-03,-1,LAM,0.8451,0.146688,8.389360e-01,7.39422992e-03,0.975413,111.2021,288.6038
8,backend,numeric,24,1.8000,1.0e-03,-1,LAM,0.8451,0.146688,9.249147e-01,7.87719238e-03,0.968471,115.3689,191.7674
8,backend,numeric,24,1.8000,1.0e-03,-1,LAM,0.8451,0.146688,1.019705e+00,7.87278470e-03,0.971298,115.2096,115.7033
8,backend,numeric,24,1.8000,1.0e-03,-1,LAM,0.8451,0.146688,1.124210e+00,7.90782027e-03,0.968998,111.7737,68.0330
8,backend,numeric,24,1.8000,1.0e-03,-1,LAM,0.8451,0.146688,1.239425e+00,7.49063666e-03,0.966912,111.1080,62.9118
8,backend,numeric,24,1.8000,1.0e-03,-1,LAM,0.8451,0.146688,1.366448e+00,8.12826086e-03,0.967785,112.3254,93.7171
8,backend,numeric,24,1.8000,1.0e-03,-1,LAM,0.8451,0.146688,1.506489e+00,8.67867209e-03,0.971363,114.2061,153.2971
8,backend,numeric,24,1.8000,1.0e-03,-1,LAM,0.8451,0.146688,1.660883e+00,7.36394722e-03,0.969562,113.8717,254.0498
8,backend,numeric,24,1.8000,1.0e-03,-1,LAM,0.8451,0.146688,1.831099e+00,7.96443264e-03,0.966115,110.6298,71.0137
8,backend,numeric,24,1.8000,1.0e-03,-1,LAM,0.8451,0.146688,2.018760e+00,8.25021910e-03,0.971719,111.5691,253.5696
8,backend,numeric,24,1.8000,1.0e-03,-1,LAM,0.8451,0.146688,2.225654e+00,7.49859154e-03,0.970828,114.4439,162.6862
8,backend,numeric,24,1.8000,1.0e-03,-1,LAM,0.8451,0.146688,2.453751e+00,8.63632180e-03,0.970674,114.0038,141.3249
8,backend,numeric,24,1.8000,1.0e-03,-1,LAM,0.8451,0.146688,2.705225e+00,8.07368996e-03,0.971812,115.9553,178.8965
8,backend,numeric,24,1.8000,1.0e-03,-1,LAM,0.8451,0.146688,2.982471e+00,7.33238956e-03,0.977060,112.2148,290.5994
8,backend,numeric,24,1.8000,1.0e-03,-1,LAM,0.8451,0.146688,3.288131e+00,7.90759143e-03,0.970853,114.1090,140.4105
8,backend,numeric,24,1.8000,1.0e-03,-1,LAM,0.8451,0.146688,3.625117e+00,8.31714491e-03,0.965936,111.5096,95.8511
8,backend,numeric,24,1.8000,1.0e-03,-1,LAM,0.8451,0.146688,3.996639e+00,7.79163987e-03,0.971128,115.6393,126.6065
8,backend,numeric,24,1.8000,1.0e-03,-1,LAM,0.8451,0.146688,4.406236e+00,7.31342533e-03,0.969656,110.8377,294.9768
8,backend,numeric,24,1.8000,1.0e-03,-1,LAM,0.8451,0.146688,4.857812e+00,7.96578095e-03,0.968850,114.4301,213.7138
8,backend,numeric,24,1.8000,1.0e-03,-1,LAM,0.8451,0.146688,5.355667e+00,7.32808224e-03,0.969601,111.3677,287.7500
8,backend,numeric,24,1.8000,1.0e-03,-1,LAM,0.8451,0.146688,5.904545e+00,7.85611778e-03,0.970765,116.2159,145.7474
8,backend,numeric,24,1.8000,1.0e-03,-1,LAM,0.8451,0.146688,6.509675e+00,8.33594252e-03,0.972336,114.3833,172.7762
8,backend,numeric,24,1.8000,1.0e-03,-1,LAM,0.8451,0.146688,7.176822e+00,6.43016475e-03,0.964687,112.1734,32.4274
8,backend,numeric,24,1.8000,1.0e-03,-1,LAM,0.8451,0.146688,7.912343e+00,8.33695444e-03,0.971017,114.0910,104.7796
8,backend,numeric,24,1.8000,1.0e-03,-1,LAM,0.8451,0.146688,8.723243e+00,5.92617019e-03,0.963492,115.6262,51.4481
8,backend,numeric,24,1.8000,1.0e-03,-1,LAM,0.8451,0.146688,9.617249e+00,7.50963650e-03,0.971589,116.0906,213.3375
8,backend,numeric,24,1.8000,1.0e-03,-1,LAM,0.8451,0.146688,1.060288e+01,7.12557840e-03,0.973688,110.1727,317.9679
8,backend,numeric,24,1.8000,1.0e-03,-1,LAM,0.8451,0.146688,1.168952e+01,5.08019573e-03,0.971606,119.6807,19.3522
8,backend,numeric,24,1.8000,1.0e-03,-1,LAM,0.8451,0.146688,1.288752e+01,7.40098141e-03,0.964719,110.6713,51.1809
8,backend,numeric,24,1.8000,1.0e-03,-1,LAM,0.8451,0.146688,1.420831e+01,7.71335021e-03,0.967993,111.4475,67.7965
8,backend,numeric,24,1.8000,1.0e-03,-1,LAM,0.8451,0.146688,1.566445e+01,8.58353222e-03,0.971936,114.9659,159.4578
8,backend,numeric,24,1.8000,1.0e-03,-1,LAM,0.8451,0.146688,1.726983e+01,6.28432134e-03,0.975878,115.0201,337.3270
8,backend,numeric,24,1.8000,1.0e-03,-1,LAM,0.8451,0.146688,1.903974e+01,7.65826772e-03,0.975783,111.6095,282.9519
8,backend,numeric,24,1.8000,1.0e-03,-1,LAM,0.8451,0.146688,2.099104e+01,8.24631468e-03,0.970057,112.6419,80.3414
8,backend,numeric,24,1.8000,1.0e-03,-1,LAM,0.8451,0.146688,2.314231e+01,7.88096727e-03,0.970777,114.2050,100.4786
8,backend,numeric,24,1.8000,1.0e-03,-1,LAM,0.8451,0.146688,2.551407e+01,8.38585202e-03,0.966515,111.9115,97.9799
8,backend,numeric,24,1.8000,1.0e-03,-1,LAM,0.8451,0.146688,2.812889e+01,7.94278169e-03,0.969439,112.2392,73.0726
8,backend,numeric,24,1.8000,1.0e-03,-1,LAM,0.8451,0.146688,3.101169e+01,7.54834606e-03,0.969419,115.8883,162.1635
8,backend,numeric,24,1.8000,1.0e-03,-1,LAM,0.8451,0.146688,3.418994e+01,7.56634279e-03,0.967319,110.9271,59.3888
8,backend,numeric,24,1.8000,1.0e-03,-1,LAM,0.8451,0.146688,3.769391e+01,7.50336595e-03,0.970081,115.5614,223.6509
8,backend,numeric,24,1.8000,1.0e-03,-1,LAM,0.8451,0.146688,4.155699e+01,5.63123105e-03,0.964146,117.2960,55.7549
8,backend,numeric,24,1.8000,1.0e-03,-1,LAM,0.8451,0.146688,4.581598e+01,6.00119485e-03,0.977646,115.7810,330.7227
8,backend,numeric,24,1.8000,1.0e-03,-1,LAM,0.8451,0.146688,5.051145e+01,8.83043334e-03,0.970617,114.0414,141.0034
8,backend,numeric,24,1.8000,1.0e-03,-1,LAM,0.8451,0.146688,5.568814e+01,6.83348367e-03,0.975692,111.4048,321.1444
8,backend,numeric,24,1.8000,1.0e-03,-1,LAM,0.8451,0.146688,6.139537e+01,7.17934065e-03,0.973655,110.4174,322.8961
8,backend,numeric,24,1.8000,1.0e-03,-1,LAM,0.8451,0.146688,6.768750e+01,7.45119018e-03,0.970597,111.8333,273.4992
8,backend,numeric,24,1.8000,1.0e-03,-1,LAM,0.8451,0.146688,7.462449e+01,5.32138364e-03,0.965129,118.4488,48.4393
8,backend,numeric,24,1.8000,1.0e-03,-1,LAM,0.8451,0.146688,8.227241e+01,7.90141911e-03,0.970714,114.1786,133.6842
8,backend,numeric,24,1.8000,1.0e-03,-1,LAM,0.8451,0.146688,9.070414e+01,8.66352837e-03,0.968048,111.9157,106.2724
8,backend,numeric,24,1.8000,1.0e-03,-1,LAM,0.8451,0.146688,1.000000e+02,7.60244404e-03,0.970301,115.9687,145.9385
9,backend,numeric,27,10.0000,1.0e-03,-1,SAM,0.7748,0.041263,0.000000e+00,5.43604690e-04,0.991303,108.2356,16.8400
9,backend,numeric,27,10.0000,1.0e-03,-1,SAM,0.7748,0.041263,1.000000e-03,4.00565768e-04,0.956230,132.2531,75.2216
9,backend,numeric,27,10.0000,1.0e-03,-1,SAM,0.7748,0.041263,1.102485e-03,4.21018267e-04,0.952363,130.6279,74.5693
9,backend,numeric,27,10.0000,1.0e-03,-1,SAM,0.7748,0.041263,1.215474e-03,4.39457548e-04,0.948411,129.1960,73.4349
9,backend,numeric,27,10.0000,1.0e-03,-1,SAM,0.7748,0.041263,1.340043e-03,4.56769316e-04,0.944393,127.8997,71.8321
9,backend,numeric,27,10.0000,1.0e-03,-1,SAM,0.7748,0.041263,1.477378e-03,4.73420258e-04,0.940313,126.7152,69.7484
9,backend,numeric,27,10.0000,1.0e-03,-1,SAM,0.7748,0.041263,1.628787e-03,4.89706041e-04,0.936169,125.6356,67.1544
9,backend,numeric,27,10.0000,1.0e-03,-1,SAM,0.7748,0.041263,1.795714e-03,5.05830183e-04,0.931958,124.6657,64.0088
9,backend,numeric,27,10.0000,1.0e-03,-1,SAM,0.7748,0.041263,1.979749e-03,5.21957353e-04,0.927676,123.8183,60.2603
9,backend,numeric,27,10.0000,1.0e-03,-1,SAM,0.7748,0.041263,2.182645e-03,5.38233416e-04,0.923315,123.1120,55.8438
9,backend,numeric,27,10.0000,1.0e-03,-1,SAM,0.7748,0.041263,2.406334e-03,5.54780136e-04,0.918863,122.5701,50.6780
9,backend,numeric,27,10.0000,1.0e-03,-1,SAM,0.7748,0.041263,2.652948e-03,5.71721125e-04,0.914302,122.2141,44.6629
9,backend,numeric,27,10.0000,1.0e-03,-1,SAM,0.7748,0.041263,2.924837e-03,5.89183907e-04,0.909611,122.0560,37.6754
9,backend,numeric,27,10.0000,1.0e-03,-1,SAM,0.7748,0.041263,3.224591e-03,6.07293726e-04,0.904765,122.0857,29.5644
9,backend,numeric,27,10.0000,1.0e-03,-1,SAM,0.7748,0.041263,3.555064e-03,6.26167049e-04,0.899748,122.2520,20.1503
9,backend,numeric,27,10.0000,1.0e-03,-1,SAM,0.7748,0.041263,3.919407e-03,6.45899579e-04,0.894563,122.4383,9.2375
9,backend,numeric,27,10.0000,1.0e-03,-1,SAM,0.7748,0.041263,4.321089e-03,6.66530571e-04,0.889254,122.4444,356.6500
9,backend,numeric,27,10.0000,1.0e-03,-1,SAM,0.7748,0.041263,4.763938e-03,6.88000221e-04,0.883938,121.9925,342.2973
9,backend,numeric,27,10.0000,1.0e-03,-1,SAM,0.7748,0.041263,5.252173e-03,7.10122685e-04,0.878831,120.7930,326.2553
9,backend,numeric,27,10.0000,1.0e-03,-1,SAM,0.7748,0.041263,5.790444e-03,7.32520803e-04,0.874229,118.6978,308.7852
9,backend,numeric,27,10.0000,1.0e-03,-1,SAM,0.7748,0.041263,6.383880e-03,7.54728325e-04,0.870466,115.8809,290.2063
9,backend,numeric,27,10.0000,1.0e-03,-1,SAM,0.7748,0.041263,7.038136e-03,7.76301585e-04,0.867756,112.9315,270.6765
9,backend,numeric,27,10.0000,1.0e-03,-1,SAM,0.7748,0.041263,7.759442e-03,7.97266383e-04,0.866102,110.7127,250.0568
9,backend,numeric,27,10.0000,1.0e-03,-1,SAM,0.7748,0.041263,8.554673e-03,8.18415403e-04,0.865259,109.9511,227.9391
9,backend,numeric,27,10.0000,1.0e-03,-1,SAM,0.7748,0.041263,9.431402e-03,8.41210482e-04,0.864815,110.6388,203.7382
9,backend,numeric,27,10.0000,1.0e-03,-1,SAM,0.7748,0.041263,1.039798e-02,8.66796878e-04,0.864550,111.5769,176.9005
9,backend,numeric,27,10.0000,1.0e-03,-1,SAM,0.7748,0.041263,1.146363e-02,8.94558759e-04,0.864870,110.8241,147.5995
9,backend,numeric,27,10.0000,1.0e-03,-1,SAM,0.7748,0.041263,1.263848e-02,9.21692994e-04,0.866835,107.5457,117.1448
9,backend,numeric,27,10.0000,1.0e-03,-1,SAM,0.7748,0.041263,1.393374e-02,9.45052102e-04,0.871268,103.5311,86.5409
9,backend,numeric,27,10.0000,1.0e-03,-1,SAM,0.7748,0.041263,1.536175e-02,9.65227691e-04,0.877711,101.7900,55.4251
9,backend,numeric,27,10.0000,1.0e-03,-1,SAM,0.7748,0.041263,1.693611e-02,9.88740456e-04,0.884863,103.1248,23.0866
9,backend,numeric,27,10.0000,1.0e-03,-1,SAM,0.7748,0.041263,1.867181e-02,1.02129996e-03,0.892034,104.1800,349.1223
9,backend,numeric,27,10.0000,1.0e-03,-1,SAM,0.7748,0.041263,2.058540e-02,1.05619060e-03,0.900695,100.5561,314.8100
9,backend,numeric,27,10.0000,1.0e-03,-1,SAM,0.7748,0.041263,2.269511e-02,1.07328755e-03,0.913040,92.4815,281.8904
9,backend,numeric,27,10.0000,1.0e-03,-1,SAM,0.7748,0.041263,2.502102e-02,1.04800723e-03,0.929132,84.5562,248.1705
9,backend,numeric,27,10.0000,1.0e-03,-1,SAM,0.7748,0.041263,2.758532e-02,9.58266399e-04,0.946958,79.7501,212.3780
9,backend,numeric,27,10.0000,1.0e-03,-1,SAM,0.7748,0.041263,3.041241e-02,8.59978510e-04,0.978550,76.6364,201.7021
9,backend,numeric,27,10.0000,1.0e-03,-1,SAM,0.7748,0.041263,3.352924e-02,7.76848959e-04,0.991247,132.0778,274.3252
9,backend,numeric,27,10.0000,1.0e-03,-1,SAM,0.7748,0.041263,3.696550e-02,9.93216407e-04,0.928747,117.4075,281.1348
9,backend,numeric,27,10.0000,1.0e-03,-1,SAM,0.7748,0.041263,4.075393e-02,1.18386497e-03,0.928365,105.3902,239.6046
9,backend,numeric,27,10.0000,1.0e-03,-1,SAM,0.7748,0.041263,4.493062e-02,1.34363454e-03,0.941790,101.7424,204.9121
9,backend,numeric,27,10.0000,1.0e-03,-1,SAM,0.7748,0.041263,4.953535e-02,1.53344926e-03,0.956439,94.7647,179.9021
9,backend,numeric,27,10.0000,1.0e-03,-1,SAM,0.7748,0.041263,5.461201e-02,1.69561048e-03,0.984729,106.5506,212.0589
9,backend,numeric,27,10.0000,1.0e-03,-1,SAM,0.7748,0.041263,6.020894e-02,1.65840052e-03,0.956088,109.1433,276.6299
9,backend,numeric,27,10.0000,1.0e-03,-1,SAM,0.7748,0.041263,6.637949e-02,2.18069698e-03,0.982783,97.5416,295.0403
9,backend,numeric,27,10.0000,1.0e-03,-1,SAM,0.7748,0.041263,7.318242e-02,1.56522194e-03,0.950845,134.5015,10.2178
9,backend,numeric,27,10.0000,1.0e-03,-1,SAM,0.7748,0.041263,8.068256e-02,2.57895901e-03,0.955882,119.1068,339.5364
9,backend,numeric,27,10.0000,1.0e-03,-1,SAM,0.7748,0.041263,8.895135e-02,3.13652348e-03,0.980957,115.1604,6.6363
9,backend,numeric,27,10.0000,1.0e-03,-1,SAM,0.7748,0.041263,9.806757e-02,2.93000525e-03,0.965904,114.8363,93.3131
9,backend,numeric,27,10.0000,1.0e-03,-1,SAM,0.7748,0.041263,1.081181e-01,1.95822939e-03,0.968429,124.0374,187.4760
9,backend,numeric,27,10.0000,1.0e-03,-1,SAM,0.7748,0.041263,1.191986e-01,2.28497802e-03,0.976210,116.5949,290.0843
9,backend,numeric,27,10.0000,1.0e-03,-1,SAM,0.7748,0.041263,1.314147e-01,2.18138495e-03,0.970413,114.2071,55.1217
9,backend,numeric,27,10.0000,1.0e-03,-1,SAM,0.7748,0.041263,1.448828e-01,1.88150738e-03,0.967699,115.5885,211.0935
9,backend,numeric,27,10.0000,1.0e-03,-1,SAM,0.7748,0.041263,1.597312e-01,1.74218834e-03,0.966231,114.8995,14.5321
9,backend,numeric,27,10.0000,1.0e-03,-1,SAM,0.7748,0.041263,1.761014e-01,1.83640380e-03,0.967797,114.2174,199.3146
9,backend,numeric,27,10.0000,1.0e-03,-1,SAM,0.7748,0.041263,1.941492e-01,1.93442570e-03,0.966667,112.4268,38.3064
9,backend,numeric,27,10.0000,1.0e-03,-1,SAM,0.7748,0.041263,2.140467e-01,2.14141912e-03,0.969581,111.6675,266.5751
9,backend,numeric,27,10.0000,1.0e-03,-1,SAM,0.7748,0.041263,2.359833e-01,1.89056736e-03,0.972530,114.2067,147.8319
9,backend,numeric,27,10.0000,1.0e-03,-1,SAM,0.7748,0.041263,2.601682e-01,2.06603747e-03,0.967791,111.7189,62.0105
9,backend,numeric,27,10.0000,1.0e-03,-1,SAM,0.7748,0.041263,2.868317e-01,1.70169747e-03,0.970250,116.1684,8.0470
9,backend,numeric,27,10.0000,1.0e-03,-1,SAM,0.7748,0.041263,3.162278e-01,1.89658845e-03,0.974060,114.4739,338.1618
9,backend,numeric,27,10.0000,1.0e-03,-1,SAM,0.7748,0.041263,3.486365e-01,1.89135315e-03,0.974160,114.4776,342.4206
9,backend,numeric,27,10.0000,1.0e-03,-1,SAM,0.7748,0.041263,3.843667e-01,1.67434732e-03,0.969412,116.2698,24.7673
9,backend,numeric,27,10.0000,1.0e-03,-1,SAM,0.7748,0.041263,4.237587e-01,2.17893384e-03,0.969059,112.1873,97.9588
9,backend,numeric,27,10.0000,1.0e-03,-1,SAM,0.7748,0.041263,4.671878e-01,1.77374695e-03,0.968976,115.1737,223.1776
9,backend,numeric,27,10.0000,1.0e-03,-1,SAM,0.7748,0.041263,5.150678e-01,1.63054450e-03,0.968744,116.3225,35.7018
9,backend,numeric,27,10.0000,1.0e-03,-1,SAM,0.7748,0.041263,5.678548e-01,1.98217548e-03,0.967571,112.8080,254.9631
9,backend,numeric,27,10.0000,1.0e-03,-1,SAM,0.7748,0.041263,6.260517e-01,1.88196419e-03,0.971952,115.7659,184.0126
9,backend,numeric,27,10.0000,1.0e-03,-1,SAM,0.7748,0.041263,6.902129e-01,1.86108380e-03,0.970870,115.9118,185.5968
9,backend,numeric,27,10.0000,1.0e-03,-1,SAM,0.7748,0.041263,7.609497e-01,2.09324147e-03,0.970291,112.0534,259.6767
9,backend,numeric,27,10.0000,1.0e-03,-1,SAM,0.7748,0.041263,8.389360e-01,2.16099159e-03,0.968116,111.3772,71.4396
9,backend,numeric,27,10.0000,1.0e-03,-1,SAM,0.7748,0.041263,9.249147e-01,1.87340378e-03,0.974578,113.6810,303.2316
9,backend,numeric,27,10.0000,1.0e-03,-1,SAM,0.7748,0.041263,1.019705e+00,2.09438264e-03,0.972952,112.4512,273.5215
9,backend,numeric,27,10.0000,1.0e-03,-1,SAM,0.7748,0.041263,1.124210e+00,1.68684592e-03,0.968018,115.4199,0.3926
9,backend,numeric,27,10.0000,1.0e-03,-1,SAM,0.7748,0.041263,1.239425e+00,1.85819970e-03,0.967258,114.1440,220.8676
9,backend,numeric,27,10.0000,1.0e-03,-1,SAM,0.7748,0.041263,1.366448e+00,1.75816494e-03,0.969958,115.2090,208.7774
9,backend,numeric,27,10.0000,1.0e-03,-1,SAM,0.7748,0.041263,1.506489e+00,2.06517613e-03,0.972839,111.9789,319.4214
9,backend,numeric,27,10.0000,1.0e-03,-1,SAM,0.7748,0.041263,1.660883e+00,1.97001026e-03,0.967785,113.0894,238.5536
9,backend,numeric,27,10.0000,1.0e-03,-1,SAM,0.7748,0.041263,1.831099e+00,1.61597154e-03,0.968150,115.8403,9.6394
9,backend,numeric,27,10.0000,1.0e-03,-1,SAM,0.7748,0.041263,2.018760e+00,2.00152545e-03,0.974135,113.0683,288.4807
9,backend,numeric,27,10.0000,1.0e-03,-1,SAM,0.7748,0.041263,2.225654e+00,2.12708147e-03,0.970069,112.2997,79.9477
9,backend,numeric,27,10.0000,1.0e-03,-1,SAM,0.7748,0.041263,2.453751e+00,2.19150281e-03,0.971026,113.0452,120.5479
9,backend,numeric,27,10.0000,1.0e-03,-1,SAM,0.7748,0.041263,2.705225e+00,1.84195938e-03,0.965363,113.2988,55.2884
9,backend,numeric,27,10.0000,1.0e-03,-1,SAM,0.7748,0.041263,2.982471e+00,2.08924552e-03,0.972877,112.4387,271.6184
9,backend,numeric,27,10.0000,1.0e-03,-1,SAM,0.7748,0.041263,3.288131e+00,2.13776152e-03,0.970252,112.4986,91.5948
9,backend,numeric,27,10.0000,1.0e-03,-1,SAM,0.7748,0.041263,3.625117e+00,1.98911030e-03,0.967804,112.7978,248.2767
9,backend,numeric,27,10.0000,1.0e-03,-1,SAM,0.7748,0.041263,3.996639e+00,2.10927031e-03,0.972518,113.4196,95.7468
9,backend,numeric,27,10.0000,1.0e-03,-1,SAM,0.7748,0.041263,4.406236e+00,1.72050465e-03,0.972611,116.2293,8.9310
9,backend,numeric,27,10.0000,1.0e-03,-1,SAM,0.7748,0.041263,4.857812e+00,1.77172533e-03,0.965549,113.8536,27.9466
9,backend,numeric,27,10.0000,1.0e-03,-1,SAM,0.7748,0.041263,5.355667e+00,1.80339644e-03,0.971822,114.8640,187.2321
9,backend,numeric,27,10.0000,1.0e-03,-1,SAM,0.7748,0.041263,5.904545e+00,2.00431664e-03,0.967448,113.1955,206.1073
9,backend,numeric,27,10.0000,1.0e-03,-1,SAM,0.7748,0.041263,6.509675e+00,2.21257002e-03,0.970937,112.9340,122.7160
9,backend,numeric,27,10.0000,1.0e-03,-1,SAM,0.7748,0.041263,7.176822e+00,1.82217841e-03,0.966470,113.4135,22.8025
9,backend,numeric,27,10.0000,1.0e-03,-1,SAM,0.7748,0.041263,7.912343e+00,1.60857159e-03,0.970386,116.2492,348.5038
9,backend,numeric,27,10.0000,1.0e-03,-1,SAM,0.7748,0.041263,8.723243e+00,1.82809983e-03,0.965390,113.4014,51.8251
9,backend,numeric,27,10.0000,1.0e-03,-1,SAM,0.7748,0.041263,9.617249e+00,2.03310138e-03,0.972766,112.0955,310.1797
9,backend,numeric,27,10.0000,1.0e-03,-1,SAM,0.7748,0.041263,1.060288e+01,1.91263267e-03,0.972524,115.5317,179.3543
9,backend,numeric,27,10.0000,1.0e-03,-1,SAM,0.7748,0.041263,1.168952e+01,2.21024797e-03,0.969259,111.8778,102.4268
9,backend,numeric,27,10.0000,1.0e-03,-1,SAM,0.7748,0.041263,1.288752e+01,1.93005054e-03,0.967462,113.9678,195.2721
9,backend,numeric,27,10.0000,1.0e-03,-1,SAM,0.7748,0.041263,1.420831e+01,1.78474471e-03,0.968422,114.8887,198.5435
9,backend,numeric,27,10.0000,1.0e-03,-1,SAM,0.7748,0.041263,1.566445e+01,2.08417084e-03,0.969939,111.9339,272.1470
9,backend,numeric,27,10.0000,1.0e-03,-1,SAM,0.7748,0.041263,1.726983e+01,2.02724950e-03,0.967404,112.4760,252.1261
9,backend,numeric,27,10.0000,1.0e-03,-1,SAM,0.7748,0.041263,1.903974e+01,2.14813702e-03,0.968892,112.1917,236.4187
9,backend,numeric,27,10.0000,1.0e-03,-1,SAM,0.7748,0.041263,2.099104e+01,2.05211188e-03,0.973017,114.0102,106.6199
9,backend,numeric,27,10.0000,1.0e-03,-1,SAM,0.7748,0.041263,2.314231e+01,2.01004859e-03,0.967007,111.6686,39.8961
9,backend,numeric,27,10.0000,1.0e-03,-1,SAM,0.7748,0.041263,2.551407e+01,2.11395531e-03,0.970160,111.5894,294.7720
9,backend,numeric,27,10.0000,1.0e-03,-1,SAM,0.7748,0.041263,2.812889e+01,1.82578768e-03,0.966261,113.2507,19.4058
9,backend,numeric,27,10.0000,1.0e-03,-1,SAM,0.7748,0.041263,3.101169e+01,2.13567562e-03,0.968606,112.3115,230.7797
9,backend,numeric,27,10.0000,1.0e-03,-1,SAM,0.7748,0.041263,3.418994e+01,1.92904676e-03,0.972733,114.1284,132.4168
9,backend,numeric,27,10.0000,1.0e-03,-1,SAM,0.7748,0.041263,3.769391e+01,2.18700143e-03,0.968366,111.6253,94.7881
9,backend,numeric,27,10.0000,1.0e-03,-1,SAM,0.7748,0.041263,4.155699e+01,NaN,NaN,NaN,NaN
9,backend,numeric,27,10.0000,1.0e-03,-1,SAM,0.7748,0.041263,4.581598e+01,NaN,NaN,NaN,NaN
9,backend,numeric,27,10.0000,1.0e-03,-1,SAM,0.7748,0.041263,5.051145e+01,NaN,NaN,NaN,NaN
9,backend,numeric,27,10.0000,1.0e-03,-1,SAM,0.7748,0.041263,5.568814e+01,NaN,NaN,NaN,NaN
9,backend,numeric,27,10.0000,1.0e-03,-1,SAM,0.7748,0.041263,6.139537e+01,NaN,NaN,NaN,NaN
9,backend,numeric,27,10.0000,1.0e-03,-1,SAM,0.7748,0.041263,6.768750e+01,NaN,NaN,NaN,NaN
9,backend,numeric,27,10.0000,1.0e-03,-1,SAM,0.7748,0.041263,7.462449e+01,NaN,NaN,NaN,NaN
9,backend,numeric,27,10.0000,1.0e-03,-1,SAM,0.7748,0.041263,8.227241e+01,NaN,NaN,NaN,NaN
9,backend,numeric,27,10.0000,1.0e-03,-1,SAM,0.7748,0.041263,9.070414e+01,NaN,NaN,NaN,NaN
9,backend,numeric,27,10.0000,1.0e-03,-1,SAM,0.7748,0.041263,1.000000e+02,NaN,NaN,NaN,NaN
10,backend,numeric,31,0.1000,1.0e-03,-1,LAM,0.6516,0.329888,0.000000e+00,2.34674891e-04,0.722088,154.8107,322.2846
10,backend,numeric,31,0.1000,1.0e-03,-1,LAM,0.6516,0.329888,1.000000e-03,2.63862657e-04,0.661334,152.1829,65.5788
10,backend,numeric,31,0.1000,1.0e-03,-1,LAM,0.6516,0.329888,1.102485e-03,2.66600029e-04,0.655959,152.1741,37.2113
10,backend,numeric,31,0.1000,1.0e-03,-1,LAM,0.6516,0.329888,1.215474e-03,2.69574662e-04,0.650155,152.2904,4.9329
10,backend,numeric,31,0.1000,1.0e-03,-1,LAM,0.6516,0.329888,1.340043e-03,2.72804472e-04,0.643899,152.1833,328.2413
10,backend,numeric,31,0.1000,1.0e-03,-1,LAM,0.6516,0.329888,1.477378e-03,2.76299331e-04,0.637221,151.6614,287.4302
10,backend,numeric,31,0.1000,1.0e-03,-1,LAM,0.6516,0.329888,1.628787e-03,2.80069447e-04,0.630150,151.1729,242.5827
10,backend,numeric,31,0.1000,1.0e-03,-1,LAM,0.6516,0.329888,1.795714e-03,2.84141563e-04,0.622622,151.1641,192.0863
10,backend,numeric,31,0.1000,1.0e-03,-1,LAM,0.6516,0.329888,1.979749e-03,2.88536329e-04,0.614587,150.9836,134.3402
10,backend,numeric,31,0.1000,1.0e-03,-1,LAM,0.6516,0.329888,2.182645e-03,2.93260146e-04,0.606125,150.4294,70.1426
10,backend,numeric,31,0.1000,1.0e-03,-1,LAM,0.6516,0.329888,2.406334e-03,2.98333077e-04,0.597207,150.4038,357.7729
10,backend,numeric,31,0.1000,1.0e-03,-1,LAM,0.6516,0.329888,2.652948e-03,3.03775347e-04,0.587812,149.8179,275.5362
10,backend,numeric,31,0.1000,1.0e-03,-1,LAM,0.6516,0.329888,2.924837e-03,3.09591692e-04,0.578015,149.4836,183.9151
10,backend,numeric,31,0.1000,1.0e-03,-1,LAM,0.6516,0.329888,3.224591e-03,3.15813201e-04,0.567745,148.9847,79.8484
10,backend,numeric,31,0.1000,1.0e-03,-1,LAM,0.6516,0.329888,3.555064e-03,3.22443416e-04,0.557058,148.6765,322.4170
10,backend,numeric,31,0.1000,1.0e-03,-1,LAM,0.6516,0.329888,3.919407e-03,3.29476021e-04,0.546039,148.0081,190.1720
10,backend,numeric,31,0.1000,1.0e-03,-1,LAM,0.6516,0.329888,4.321089e-03,3.36923242e-04,0.534698,147.4972,40.7305
10,backend,numeric,31,0.1000,1.0e-03,-1,LAM,0.6516,0.329888,4.763938e-03,3.44786032e-04,0.523060,146.7998,231.8142
10,backend,numeric,31,0.1000,1.0e-03,-1,LAM,0.6516,0.329888,5.252173e-03,3.53020527e-04,0.511262,146.1691,41.5297
10,backend,numeric,31,0.1000,1.0e-03,-1,LAM,0.6516,0.329888,5.790444e-03,3.61595922e-04,0.499367,145.2048,186.6887
10,backend,numeric,31,0.1000,1.0e-03,-1,LAM,0.6516,0.329888,6.383880e-03,3.70454789e-04,0.487512,144.3820,304.9466
10,backend,numeric,31,0.1000,1.0e-03,-1,LAM,0.6516,0.329888,7.038136e-03,3.79520999e-04,0.475835,143.4478,32.5662
10,backend,numeric,31,0.1000,1.0e-03,-1,LAM,0.6516,0.329888,7.759442e-03,3.88665530e-04,0.464504,142.3009,87.3016
10,backend,numeric,31,0.1000,1.0e-03,-1,LAM,0.6516,0.329888,8.554673e-03,3.97778917e-04,0.453695,140.8599,105.0324
10,backend,numeric,31,0.1000,1.0e-03,-1,LAM,0.6516,0.329888,9.431402e-03,4.06695465e-04,0.443645,139.5094,82.5973
10,backend,numeric,31,0.1000,1.0e-03,-1,LAM,0.6516,0.329888,1.039798e-02,4.15253531e-04,0.434455,137.5965,16.4754
10,backend,numeric,31,0.1000,1.0e-03,-1,LAM,0.6516,0.329888,1.146363e-02,4.23214866e-04,0.426450,135.8939,264.8511
10,backend,numeric,31,0.1000,1.0e-03,-1,LAM,0.6516,0.329888,1.263848e-02,4.30697063e-04,0.419681,133.5304,103.3845
10,backend,numeric,31,0.1000,1.0e-03,-1,LAM,0.6516,0.329888,1.393374e-02,4.38036534e-04,0.414163,131.4571,248.1833
10,backend,numeric,31,0.1000,1.0e-03,-1,LAM,0.6516,0.329888,1.536175e-02,4.45089254e-04,0.410212,128.1855,336.4805
10,backend,numeric,31,0.1000,1.0e-03,-1,LAM,0.6516,0.329888,1.693611e-02,4.51647035e-04,0.408248,125.6637,5.0019
10,backend,numeric,31,0.1000,1.0e-03,-1,LAM,0.6516,0.329888,1.867181e-02,4.57606786e-04,0.408751,122.6454,333.9386
10,backend,numeric,31,0.1000,1.0e-03,-1,LAM,0.6516,0.329888,2.058540e-02,4.62892583e-04,0.412104,120.6195,245.2439
10,backend,numeric,31,0.1000,1.0e-03,-1,LAM,0.6516,0.329888,2.269511e-02,4.67525895e-04,0.418860,117.4227,105.3928
10,backend,numeric,31,0.1000,1.0e-03,-1,LAM,0.6516,0.329888,2.502102e-02,4.71955378e-04,0.429290,114.7793,285.6394
10,backend,numeric,31,0.1000,1.0e-03,-1,LAM,0.6516,0.329888,2.758532e-02,4.76765503e-04,0.443724,112.3697,80.4032
10,backend,numeric,31,0.1000,1.0e-03,-1,LAM,0.6516,0.329888,3.041241e-02,4.82674326e-04,0.462020,109.7606,228.6637
10,backend,numeric,31,0.1000,1.0e-03,-1,LAM,0.6516,0.329888,3.352924e-02,4.91141484e-04,0.483738,107.3103,28.0161
10,backend,numeric,31,0.1000,1.0e-03,-1,LAM,0.6516,0.329888,3.696550e-02,5.02626743e-04,0.508205,104.8108,214.6387
10,backend,numeric,31,0.1000,1.0e-03,-1,LAM,0.6516,0.329888,4.075393e-02,5.17588571e-04,0.534558,102.4608,80.8400
10,backend,numeric,31,0.1000,1.0e-03,-1,LAM,0.6516,0.329888,4.493062e-02,5.36021050e-04,0.561943,100.2446,353.6119
10,backend,numeric,31,0.1000,1.0e-03,-1,LAM,0.6516,0.329888,4.953535e-02,5.57566689e-04,0.589446,97.6183,314.2124
10,backend,numeric,31,0.1000,1.0e-03,-1,LAM,0.6516,0.329888,5.461201e-02,5.79657401e-04,0.616376,94.8890,318.8878
10,backend,numeric,31,0.1000,1.0e-03,-1,LAM,0.6516,0.329888,6.020894e-02,5.98803371e-04,0.644166,91.8048,0.6879
10,backend,numeric,31,0.1000,1.0e-03,-1,LAM,0.6516,0.329888,6.637949e-02,6.09107381e-04,0.673135,86.7067,70.4238
10,backend,numeric,31,0.1000,1.0e-03,-1,LAM,0.6516,0.329888,7.318242e-02,6.00603297e-04,0.706229,83.4696,151.7921
10,backend,numeric,31,0.1000,1.0e-03,-1,LAM,0.6516,0.329888,8.068256e-02,5.52013180e-04,0.750777,75.5030,219.4766
10,backend,numeric,31,0.1000,1.0e-03,-1,LAM,0.6516,0.329888,8.895135e-02,4.00613254e-04,0.841012,62.9568,209.9041
10,backend,numeric,31,0.1000,1.0e-03,-1,LAM,0.6516,0.329888,9.806757e-02,6.40165946e-04,0.996788,154.3064,37.5343
10,backend,numeric,31,0.1000,1.0e-03,-1,LAM,0.6516,0.329888,1.081181e-01,1.00306969e-03,0.730786,145.7799,76.7983
10,backend,numeric,31,0.1000,1.0e-03,-1,LAM,0.6516,0.329888,1.191986e-01,1.28693325e-03,0.623476,140.9422,116.8896
10,backend,numeric,31,0.1000,1.0e-03,-1,LAM,0.6516,0.329888,1.314147e-01,1.51142900e-03,0.562288,136.4267,345.0526
10,backend,numeric,31,0.1000,1.0e-03,-1,LAM,0.6516,0.329888,1.448828e-01,1.69361886e-03,0.527922,131.4640,93.2269
10,backend,numeric,31,0.1000,1.0e-03,-1,LAM,0.6516,0.329888,1.597312e-01,1.84213052e-03,0.512911,126.4524,123.5782
10,backend,numeric,31,0.1000,1.0e-03,-1,LAM,0.6516,0.329888,1.761014e-01,1.97233412e-03,0.511902,121.7826,117.8961
10,backend,numeric,31,0.1000,1.0e-03,-1,LAM,0.6516,0.329888,1.941492e-01,2.09906105e-03,0.521451,117.4092,114.0206
10,backend,numeric,31,0.1000,1.0e-03,-1,LAM,0.6516,0.329888,2.140467e-01,2.23006784e-03,0.539562,113.1721,148.4782
10,backend,numeric,31,0.1000,1.0e-03,-1,LAM,0.6516,0.329888,2.359833e-01,2.37415452e-03,0.563806,109.3448,249.2034
10,backend,numeric,31,0.1000,1.0e-03,-1,LAM,0.6516,0.329888,2.601682e-01,2.53056153e-03,0.593010,105.7560,75.2420
10,backend,numeric,31,0.1000,1.0e-03,-1,LAM,0.6516,0.329888,2.868317e-01,2.69627675e-03,0.625360,102.9724,350.1212
10,backend,numeric,31,0.1000,1.0e-03,-1,LAM,0.6516,0.329888,3.162278e-01,2.85952092e-03,0.659551,99.2389,351.1064
10,backend,numeric,31,0.1000,1.0e-03,-1,LAM,0.6516,0.329888,3.486365e-01,2.98487161e-03,0.696330,93.7189,66.7821
10,backend,numeric,31,0.1000,1.0e-03,-1,LAM,0.6516,0.329888,3.843667e-01,3.02823496e-03,0.736842,88.0329,196.2764
10,backend,numeric,31,0.1000,1.0e-03,-1,LAM,0.6516,0.329888,4.237587e-01,2.86073647e-03,0.787536,83.7512,356.8036
10,backend,numeric,31,0.1000,1.0e-03,-1,LAM,0.6516,0.329888,4.671878e-01,2.02981707e-03,0.884007,63.1554,124.7134
10,backend,numeric,31,0.1000,1.0e-03,-1,LAM,0.6516,0.329888,5.150678e-01,3.66570590e-03,0.897738,157.1676,102.9117
10,backend,numeric,31,0.1000,1.0e-03,-1,LAM,0.6516,0.329888,5.678548e-01,5.63369019e-03,0.710839,155.2699,42.9439
10,backend,numeric,31,0.1000,1.0e-03,-1,LAM,0.6516,0.329888,6.260517e-01,6.79244257e-03,0.625804,148.9272,83.2881
10,backend,numeric,31,0.1000,1.0e-03,-1,LAM,0.6516,0.329888,6.902129e-01,7.62072004e-03,0.578837,145.5674,310.1083
10,backend,numeric,31,0.1000,1.0e-03,-1,LAM,0.6516,0.329888,7.609497e-01,8.20469579e-03,0.558375,140.4696,67.9750
10,backend,numeric,31,0.1000,1.0e-03,-1,LAM,0.6516,0.329888,8.389360e-01,8.61448930e-03,0.559235,134.0353,118.3541
10,backend,numeric,31,0.1000,1.0e-03,-1,LAM,0.6516,0.329888,9.249147e-01,8.93204618e-03,0.580915,127.7821,173.3879
10,backend,numeric,31,0.1000,1.0e-03,-1,LAM,0.6516,0.329888,1.019705e+00,9.29398564e-03,0.621718,125.7105,310.4175
10,backend,numeric,31,0.1000,1.0e-03,-1,LAM,0.6516,0.329888,1.124210e+00,9.84512739e-03,0.677293,115.9801,238.7046
10,backend,numeric,31,0.1000,1.0e-03,-1,LAM,0.6516,0.329888,1.239425e+00,1.06859563e-02,0.739500,116.3206,348.2133
10,backend,numeric,31,0.1000,1.0e-03,-1,LAM,0.6516,0.329888,1.366448e+00,1.18162858e-02,0.799738,101.7457,256.9796
10,backend,numeric,31,0.1000,1.0e-03,-1,LAM,0.6516,0.329888,1.506489e+00,1.29813638e-02,0.854683,95.2980,290.9162
10,backend,numeric,31,0.1000,1.0e-03,-1,LAM,0.6516,0.329888,1.660883e+00,1.10000558e-02,0.928476,94.3555,28.4999
10,backend,numeric,31,0.1000,1.0e-03,-1,LAM,0.6516,0.329888,1.831099e+00,3.48907052e-02,0.997543,101.8635,25.7718
10,backend,numeric,31,0.1000,1.0e-03,-1,LAM,0.6516,0.329888,2.018760e+00,2.79049411e-02,0.863170,146.1965,246.3971
10,backend,numeric,31,0.1000,1.0e-03,-1,LAM,0.6516,0.329888,2.225654e+00,3.45977563e-02,0.870269,133.8548,134.4420
10,backend,numeric,31,0.1000,1.0e-03,-1,LAM,0.6516,0.329888,2.453751e+00,4.19982660e-02,0.848652,157.4016,266.2777
10,backend,numeric,31,0.1000,1.0e-03,-1,LAM,0.6516,0.329888,2.705225e+00,4.72089064e-02,0.896853,110.0508,167.8022
10,backend,numeric,31,0.1000,1.0e-03,-1,LAM,0.6516,0.329888,2.982471e+00,6.09053401e-02,0.910175,151.1165,144.6407
10,backend,numeric,31,0.1000,1.0e-03,-1,LAM,0.6516,0.329888,3.288131e+00,7.52465371e-02,0.918097,110.9012,220.8690
10,backend,numeric,31,0.1000,1.0e-03,-1,LAM,0.6516,0.329888,3.625117e+00,9.15452497e-02,0.987074,73.9744,182.9311
10,backend,numeric,31,0.1000,1.0e-03,-1,LAM,0.6516,0.329888,3.996639e+00,2.52364731e-01,0.997156,72.0736,201.7533
10,backend,numeric,31,0.1000,1.0e-03,-1,LAM,0.6516,0.329888,4.406236e+00,4.85956605e-01,0.999168,77.3708,173.4127
10,backend,numeric,31,0.1000,1.0e-03,-1,LAM,0.6516,0.329888,4.857812e+00,6.02730880e-01,0.999801,92.4291,187.3372
10,backend,numeric,31,0.1000,1.0e-03,-1,LAM,0.6516,0.329888,5.355667e+00,8.04008292e-01,0.999950,77.5936,177.5065
10,backend,numeric,31,0.1000,1.0e-03,-1,LAM,0.6516,0.329888,5.904545e+00,9.46093581e-01,0.999990,93.2998,186.7223
10,backend,numeric,31,0.1000,1.0e-03,-1,LAM,0.6516,0.329888,6.509675e+00,NaN,NaN,NaN,NaN
10,backend,numeric,31,0.1000,1.0e-03,-1,LAM,0.6516,0.329888,7.176822e+00,NaN,NaN,NaN,NaN
10,backend,numeric,31,0.1000,1.0e-03,-1,LAM,0.6516,0.329888,7.912343e+00,NaN,NaN,NaN,NaN
10,backend,numeric,31,0.1000,1.0e-03,-1,LAM,0.6516,0.329888,8.723243e+00,NaN,NaN,NaN,NaN
10,backend,numeric,31,0.1000,1.0e-03,-1,LAM,0.6516,0.329888,9.617249e+00,NaN,NaN,NaN,NaN
10,backend,numeric,31,0.1000,1.0e-03,-1,LAM,0.6516,0.329888,1.060288e+01,NaN,NaN,NaN,NaN
10,backend,numeric,31,0.1000,1.0e-03,-1,LAM,0.6516,0.329888,1.168952e+01,NaN,NaN,NaN,NaN
10,backend,numeric,31,0.1000,1.0e-03,-1,LAM,0.6516,0.329888,1.288752e+01,NaN,NaN,NaN,NaN
10,backend,numeric,31,0.1000,1.0e-03,-1,LAM,0.6516,0.329888,1.420831e+01,NaN,NaN,NaN,NaN
10,backend,numeric,31,0.1000,1.0e-03,-1,LAM,0.6516,0.329888,1.566445e+01,NaN,NaN,NaN,NaN
10,backend,numeric,31,0.1000,1.0e-03,-1,LAM,0.6516,0.329888,1.726983e+01,NaN,NaN,NaN,NaN
10,backend,numeric,31,0.1000,1.0e-03,-1,LAM,0.6516,0.329888,1.903974e+01,NaN,NaN,NaN,NaN
10,backend,numeric,31,0.1000,1.0e-03,-1,LAM,0.6516,0.329888,2.099104e+01,NaN,NaN,NaN,NaN
10,backend,numeric,31,0.1000,1.0e-03,-1,LAM,0.6516,0.329888,2.314231e+01,NaN,NaN,NaN,NaN
10,backend,numeric,31,0.1000,1.0e-03,-1,LAM,0.6516,0.329888,2.551407e+01,NaN,NaN,NaN,NaN
10,backend,numeric,31,0.1000,1.0e-03,-1,LAM,0.6516,0.329888,2.812889e+01,NaN,NaN,NaN,NaN
10,backend,numeric,31,0.1000,1.0e-03,-1,LAM,0.6516,0.329888,3.101169e+01,NaN,NaN,NaN,NaN
10,backend,numeric,31,0.1000,1.0e-03,-1,LAM,0.6516,0.329888,3.418994e+01,NaN,NaN,NaN,NaN
10,backend,numeric,31,0.1000,1.0e-03,-1,LAM,0.6516,0.329888,3.769391e+01,NaN,NaN,NaN,NaN
10,backend,numeric,31,0.1000,1.0e-03,-1,LAM,0.6516,0.329888,4.155699e+01,NaN,NaN,NaN,NaN
10,backend,numeric,31,0.1000,1.0e-03,-1,LAM,0.6516,0.329888,4.581598e+01,NaN,NaN,NaN,NaN
10,backend,numeric,31,0.1000,1.0e-03,-1,LAM,0.6516,0.329888,5.051145e+01,NaN,NaN,NaN,NaN
10,backend,numeric,31,0.1000,1.0e-03,-1,LAM,0.6516,0.329888,5.568814e+01,NaN,NaN,NaN,NaN
10,backend,numeric,31,0.1000,1.0e-03,-1,LAM,0.6516,0.329888,6.139537e+01,NaN,NaN,NaN,NaN
10,backend,numeric,31,0.1000,1.0e-03,-1,LAM,0.6516,0.329888,6.768750e+01,NaN,NaN,NaN,NaN
10,backend,numeric,31,0.1000,1.0e-03,-1,LAM,0.6516,0.329888,7.462449e+01,NaN,NaN,NaN,NaN
10,backend,numeric,31,0.1000,1.0e-03,-1,LAM,0.6516,0.329888,8.227241e+01,NaN,NaN,NaN,NaN
10,backend,numeric,31,0.1000,1.0e-03,-1,LAM,0.6516,0.329888,9.070414e+01,NaN,NaN,NaN,NaN
10,backend,numeric,31,0.1000,1.0e-03,-1,LAM,0.6516,0.329888,1.000000e+02,NaN,NaN,NaN,NaN
11,backend,numeric,34,1.8000,1.0e-03,-1,SAM,0.3145,0.016749,0.000000e+00,1.94935864e-03,0.973521,142.9127,76.4312
11,backend,numeric,34,1.8000,1.0e-03,-1,SAM,0.3145,0.016749,1.000000e-03,2.09994817e-03,0.961573,139.3377,89.1794
11,backend,numeric,34,1.8000,1.0e-03,-1,SAM,0.3145,0.016749,1.102485e-03,2.15102902e-03,0.961066,138.6616,89.6895
11,backend,numeric,34,1.8000,1.0e-03,-1,SAM,0.3145,0.016749,1.215474e-03,2.19417406e-03,0.960367,138.0854,89.8237
11,backend,numeric,34,1.8000,1.0e-03,-1,SAM,0.3145,0.016749,1.340043e-03,2.23493970e-03,0.959564,137.5329,89.9014
11,backend,numeric,34,1.8000,1.0e-03,-1,SAM,0.3145,0.016749,1.477378e-03,2.27497048e-03,0.958675,136.9872,89.9299
11,backend,numeric,34,1.8000,1.0e-03,-1,SAM,0.3145,0.016749,1.628787e-03,2.31496520e-03,0.957709,136.4412,89.9091
11,backend,numeric,34,1.8000,1.0e-03,-1,SAM,0.3145,0.016749,1.795714e-03,2.35534484e-03,0.956669,135.8906,89.8360
11,backend,numeric,34,1.8000,1.0e-03,-1,SAM,0.3145,0.016749,1.979749e-03,2.39640653e-03,0.955560,135.3324,89.7058
11,backend,numeric,34,1.8000,1.0e-03,-1,SAM,0.3145,0.016749,2.182645e-03,2.43837617e-03,0.954385,134.7646,89.5122
11,backend,numeric,34,1.8000,1.0e-03,-1,SAM,0.3145,0.016749,2.406334e-03,2.48144711e-03,0.953148,134.1854,89.2476
11,backend,numeric,34,1.8000,1.0e-03,-1,SAM,0.3145,0.016749,2.652948e-03,2.52578364e-03,0.951851,133.5938,88.9034
11,backend,numeric,34,1.8000,1.0e-03,-1,SAM,0.3145,0.016749,2.924837e-03,2.57153973e-03,0.950501,132.9888,88.4700
11,backend,numeric,34,1.8000,1.0e-03,-1,SAM,0.3145,0.016749,3.224591e-03,2.61885972e-03,0.949104,132.3701,87.9370
11,backend,numeric,34,1.8000,1.0e-03,-1,SAM,0.3145,0.016749,3.555064e-03,2.66789717e-03,0.947666,131.7371,87.2930
11,backend,numeric,34,1.8000,1.0e-03,-1,SAM,0.3145,0.016749,3.919407e-03,2.71881492e-03,0.946198,131.0895,86.5255
11,backend,numeric,34,1.8000,1.0e-03,-1,SAM,0.3145,0.016749,4.321089e-03,2.77177989e-03,0.944711,130.4275,85.6211
11,backend,numeric,34,1.8000,1.0e-03,-1,SAM,0.3145,0.016749,4.763938e-03,2.82697165e-03,0.943218,129.7518,84.5658
11,backend,numeric,34,1.8000,1.0e-03,-1,SAM,0.3145,0.016749,5.252173e-03,2.88457764e-03,0.941734,129.0638,83.3447
11,backend,numeric,34,1.8000,1.0e-03,-1,SAM,0.3145,0.016749,5.790444e-03,2.94479276e-03,0.940275,128.3656,81.9427
11,backend,numeric,34,1.8000,1.0e-03,-1,SAM,0.3145,0.016749,6.383880e-03,3.00782438e-03,0.938860,127.6604,80.3438
11,backend,numeric,34,1.8000,1.0e-03,-1,SAM,0.3145,0.016749,7.038136e-03,3.07392522e-03,0.937507,126.9521,78.5320
11,backend,numeric,34,1.8000,1.0e-03,-1,SAM,0.3145,0.016749,7.759442e-03,3.14341119e-03,0.936241,126.2456,76.4902
11,backend,numeric,34,1.8000,1.0e-03,-1,SAM,0.3145,0.016749,8.554673e-03,3.21662871e-03,0.935085,125.5473,74.2016
11,backend,numeric,34,1.8000,1.0e-03,-1,SAM,0.3145,0.016749,9.431402e-03,3.29398754e-03,0.934062,124.8653,71.6503
11,backend,numeric,34,1.8000,1.0e-03,-1,SAM,0.3145,0.016749,1.039798e-02,3.37599709e-03,0.933197,124.2089,68.8211
11,backend,numeric,34,1.8000,1.0e-03,-1,SAM,0.3145,0.016749,1.146363e-02,3.46329872e-03,0.932513,123.5883,65.6991
11,backend,numeric,34,1.8000,1.0e-03,-1,SAM,0.3145,0.016749,1.263848e-02,3.55669782e-03,0.932034,123.0147,62.2698
11,backend,numeric,34,1.8000,1.0e-03,-1,SAM,0.3145,0.016749,1.393374e-02,3.65712868e-03,0.931776,122.4995,58.5189
11,backend,numeric,34,1.8000,1.0e-03,-1,SAM,0.3145,0.016749,1.536175e-02,3.76577895e-03,0.931753,122.0527,54.4336
11,backend,numeric,34,1.8000,1.0e-03,-1,SAM,0.3145,0.016749,1.693611e-02,3.88408444e-03,0.931974,121.6810,50.0018
11,backend,numeric,34,1.8000,1.0e-03,-1,SAM,0.3145,0.016749,1.867181e-02,4.01379717e-03,0.932442,121.3847,45.2130
11,backend,numeric,34,1.8000,1.0e-03,-1,SAM,0.3145,0.016749,2.058540e-02,4.15713264e-03,0.933158,121.1538,40.0577
11,backend,numeric,34,1.8000,1.0e-03,-1,SAM,0.3145,0.016749,2.269511e-02,4.31681007e-03,0.934121,120.9640,34.5297
11,backend,numeric,34,1.8000,1.0e-03,-1,SAM,0.3145,0.016749,2.502102e-02,4.49610050e-03,0.935331,120.7723,28.6285
11,backend,numeric,34,1.8000,1.0e-03,-1,SAM,0.3145,0.016749,2.758532e-02,4.69889421e-03,0.936791,120.5133,22.3641
11,backend,numeric,34,1.8000,1.0e-03,-1,SAM,0.3145,0.016749,3.041241e-02,4.92975837e-03,0.938514,120.0962,15.7651
11,backend,numeric,34,1.8000,1.0e-03,-1,SAM,0.3145,0.016749,3.352924e-02,5.19411592e-03,0.940523,119.4045,8.8891
11,backend,numeric,34,1.8000,1.0e-03,-1,SAM,0.3145,0.016749,3.696550e-02,5.49842151e-03,0.942853,118.2979,1.8322
11,backend,numeric,34,1.8000,1.0e-03,-1,SAM,0.3145,0.016749,4.075393e-02,5.84983596e-03,0.945536,116.6209,354.7421
11,backend,numeric,34,1.8000,1.0e-03,-1,SAM,0.3145,0.016749,4.493062e-02,6.25653130e-03,0.948605,114.2019,347.8135
11,backend,numeric,34,1.8000,1.0e-03,-1,SAM,0.3145,0.016749,4.953535e-02,6.72618605e-03,0.952057,110.8402,341.2738
11,backend,numeric,34,1.8000,1.0e-03,-1,SAM,0.3145,0.016749,5.461201e-02,7.25826148e-03,0.955821,106.2343,335.3662
11,backend,numeric,34,1.8000,1.0e-03,-1,SAM,0.3145,0.016749,6.020894e-02,7.82405057e-03,0.959745,99.5748,330.3605
11,backend,numeric,34,1.8000,1.0e-03,-1,SAM,0.3145,0.016749,6.637949e-02,8.31940279e-03,0.966737,91.7955,333.7963
11,backend,numeric,34,1.8000,1.0e-03,-1,SAM,0.3145,0.016749,7.318242e-02,8.82305514e-03,0.977725,97.5928,347.0520
11,backend,numeric,34,1.8000,1.0e-03,-1,SAM,0.3145,0.016749,8.068256e-02,8.49582110e-03,0.986331,109.4064,4.4258
11,backend,numeric,34,1.8000,1.0e-03,-1,SAM,0.3145,0.016749,8.895135e-02,6.06728916e-03,0.984070,131.9343,32.1856
11,backend,numeric,34,1.8000,1.0e-03,-1,SAM,0.3145,0.016749,9.806757e-02,6.69926924e-03,0.959424,129.4379,65.1787
11,backend,numeric,34,1.8000,1.0e-03,-1,SAM,0.3145,0.016749,1.081181e-01,8.90984435e-03,0.956631,123.1915,61.9294
11,backend,numeric,34,1.8000,1.0e-03,-1,SAM,0.3145,0.016749,1.191986e-01,1.12387800e-02,0.959205,118.7368,58.3397
11,backend,numeric,34,1.8000,1.0e-03,-1,SAM,0.3145,0.016749,1.314147e-01,1.46901020e-02,0.963513,113.0638,61.3391
11,backend,numeric,34,1.8000,1.0e-03,-1,SAM,0.3145,0.016749,1.448828e-01,1.54749815e-02,0.971281,114.8354,79.4657
11,backend,numeric,34,1.8000,1.0e-03,-1,SAM,0.3145,0.016749,1.597312e-01,1.36720698e-02,0.975425,121.3003,105.0251
11,backend,numeric,34,1.8000,1.0e-03,-1,SAM,0.3145,0.016749,1.761014e-01,1.13168229e-02,0.970777,124.8476,141.3360
11,backend,numeric,34,1.8000,1.0e-03,-1,SAM,0.3145,0.016749,1.941492e-01,1.15636249e-02,0.967703,118.9959,181.7940
11,backend,numeric,34,1.8000,1.0e-03,-1,SAM,0.3145,0.016749,2.140467e-01,1.15097357e-02,0.971558,116.3593,224.2520
11,backend,numeric,34,1.8000,1.0e-03,-1,SAM,0.3145,0.016749,2.359833e-01,9.42830430e-03,0.973886,117.2588,277.3197
11,backend,numeric,34,1.8000,1.0e-03,-1,SAM,0.3145,0.016749,2.601682e-01,7.25474725e-03,0.972474,115.3069,342.5197
11,backend,numeric,34,1.8000,1.0e-03,-1,SAM,0.3145,0.016749,2.868317e-01,7.48111654e-03,0.966547,115.0919,56.8809
11,backend,numeric,34,1.8000,1.0e-03,-1,SAM,0.3145,0.016749,3.162278e-01,9.00352896e-03,0.970292,113.9413,132.7295
11,backend,numeric,34,1.8000,1.0e-03,-1,SAM,0.3145,0.016749,3.486365e-01,7.26607429e-03,0.970245,116.8997,230.2641
11,backend,numeric,34,1.8000,1.0e-03,-1,SAM,0.3145,0.016749,3.843667e-01,7.04567826e-03,0.976103,112.6027,336.0544
11,backend,numeric,34,1.8000,1.0e-03,-1,SAM,0.3145,0.016749,4.237587e-01,8.41629163e-03,0.967455,112.5851,95.0892
11,backend,numeric,34,1.8000,1.0e-03,-1,SAM,0.3145,0.016749,4.671878e-01,7.35326779e-03,0.972475,115.8178,216.2989
11,backend,numeric,34,1.8000,1.0e-03,-1,SAM,0.3145,0.016749,5.150678e-01,5.95390421e-03,0.976600,116.3211,6.3440
11,backend,numeric,34,1.8000,1.0e-03,-1,SAM,0.3145,0.016749,5.678548e-01,8.73124204e-03,0.971811,114.5366,159.1489
11,backend,numeric,34,1.8000,1.0e-03,-1,SAM,0.3145,0.016749,6.260517e-01,6.77135938e-03,0.975881,111.4708,332.4774
11,backend,numeric,34,1.8000,1.0e-03,-1,SAM,0.3145,0.016749,6.902129e-01,8.32809958e-03,0.972025,115.5210,168.7227
11,backend,numeric,34,1.8000,1.0e-03,-1,SAM,0.3145,0.016749,7.609497e-01,5.68181287e-03,0.963773,116.3348,42.6010
11,backend,numeric,34,1.8000,1.0e-03,-1,SAM,0.3145,0.016749,8.389360e-01,7.94524957e-03,0.971361,111.6476,255.5269
11,backend,numeric,34,1.8000,1.0e-03,-1,SAM,0.3145,0.016749,9.249147e-01,7.70734867e-03,0.969776,116.2839,160.9673
11,backend,numeric,34,1.8000,1.0e-03,-1,SAM,0.3145,0.016749,1.019705e+00,8.17817413e-03,0.970473,113.1556,84.0219
11,backend,numeric,34,1.8000,1.0e-03,-1,SAM,0.3145,0.016749,1.124210e+00,7.09370583e-03,0.965462,110.5127,39.6980
11,backend,numeric,34,1.8000,1.0e-03,-1,SAM,0.3145,0.016749,1.239425e+00,6.16416741e-03,0.964853,113.3668,35.0570
11,backend,numeric,34,1.8000,1.0e-03,-1,SAM,0.3145,0.016749,1.366448e+00,7.09528747e-03,0.964972,112.0167,66.6050
11,backend,numeric,34,1.8000,1.0e-03,-1,SAM,0.3145,0.016749,1.506489e+00,8.85861789e-03,0.969385,113.4714,124.4344
11,backend,numeric,34,1.8000,1.0e-03,-1,SAM,0.3145,0.016749,1.660883e+00,7.45287046e-03,0.970569,115.8938,221.6716
11,backend,numeric,34,1.8000,1.0e-03,-1,SAM,0.3145,0.016749,1.831099e+00,6.29093365e-03,0.963301,113.8257,41.8556
11,backend,numeric,34,1.8000,1.0e-03,-1,SAM,0.3145,0.016749,2.018760e+00,8.21926664e-03,0.968848,113.4481,223.3053
11,backend,numeric,34,1.8000,1.0e-03,-1,SAM,0.3145,0.016749,2.225654e+00,7.78246131e-03,0.970725,114.3894,128.7262
11,backend,numeric,34,1.8000,1.0e-03,-1,SAM,0.3145,0.016749,2.453751e+00,8.62439499e-03,0.968582,113.0186,112.4104
11,backend,numeric,34,1.8000,1.0e-03,-1,SAM,0.3145,0.016749,2.705225e+00,8.61798932e-03,0.971630,114.7870,149.7706
11,backend,numeric,34,1.8000,1.0e-03,-1,SAM,0.3145,0.016749,2.982471e+00,8.18033081e-03,0.972509,111.3679,258.0924
11,backend,numeric,34,1.8000,1.0e-03,-1,SAM,0.3145,0.016749,3.288131e+00,8.08036606e-03,0.969829,113.6669,108.5444
11,backend,numeric,34,1.8000,1.0e-03,-1,SAM,0.3145,0.016749,3.625117e+00,6.53531299e-03,0.963237,114.2443,67.8253
11,backend,numeric,34,1.8000,1.0e-03,-1,SAM,0.3145,0.016749,3.996639e+00,8.17321822e-03,0.971003,113.9505,94.8179
11,backend,numeric,34,1.8000,1.0e-03,-1,SAM,0.3145,0.016749,4.406236e+00,6.93253120e-03,0.968563,114.6045,261.6119
11,backend,numeric,34,1.8000,1.0e-03,-1,SAM,0.3145,0.016749,4.857812e+00,7.78839910e-03,0.969353,116.0587,183.4434
11,backend,numeric,34,1.8000,1.0e-03,-1,SAM,0.3145,0.016749,5.355667e+00,6.99263475e-03,0.968857,114.7395,254.2787
11,backend,numeric,34,1.8000,1.0e-03,-1,SAM,0.3145,0.016749,5.904545e+00,8.25152192e-03,0.971301,114.7998,115.1755
11,backend,numeric,34,1.8000,1.0e-03,-1,SAM,0.3145,0.016749,6.509675e+00,8.80797079e-03,0.970750,114.0823,143.0681
11,backend,numeric,34,1.8000,1.0e-03,-1,SAM,0.3145,0.016749,7.176822e+00,5.26453254e-03,0.970029,118.6879,357.9460
11,backend,numeric,34,1.8000,1.0e-03,-1,SAM,0.3145,0.016749,7.912343e+00,8.29568298e-03,0.968550,111.4099,75.5335
11,backend,numeric,34,1.8000,1.0e-03,-1,SAM,0.3145,0.016749,8.723243e+00,5.19763947e-03,0.973505,119.1524,7.9443
11,backend,numeric,34,1.8000,1.0e-03,-1,SAM,0.3145,0.016749,9.617249e+00,8.18303491e-03,0.972421,115.3888,182.3155
11,backend,numeric,34,1.8000,1.0e-03,-1,SAM,0.3145,0.016749,1.060288e+01,7.28796130e-03,0.969884,111.6101,284.4879
11,backend,numeric,34,1.8000,1.0e-03,-1,SAM,0.3145,0.016749,1.168952e+01,6.43204083e-03,0.976800,112.9937,335.0122
11,backend,numeric,34,1.8000,1.0e-03,-1,SAM,0.3145,0.016749,1.288752e+01,5.34901132e-03,0.964432,117.4487,19.1053
11,backend,numeric,34,1.8000,1.0e-03,-1,SAM,0.3145,0.016749,1.420831e+01,6.66190647e-03,0.965014,111.6451,40.1104
11,backend,numeric,34,1.8000,1.0e-03,-1,SAM,0.3145,0.016749,1.566445e+01,8.91966688e-03,0.970284,113.5001,131.3151
11,backend,numeric,34,1.8000,1.0e-03,-1,SAM,0.3145,0.016749,1.726983e+01,7.31055928e-03,0.973548,111.1396,304.2100
11,backend,numeric,34,1.8000,1.0e-03,-1,SAM,0.3145,0.016749,1.903974e+01,8.25578625e-03,0.971334,111.6777,251.8880
11,backend,numeric,34,1.8000,1.0e-03,-1,SAM,0.3145,0.016749,2.099104e+01,7.76271514e-03,0.966533,110.2291,51.1901
11,backend,numeric,34,1.8000,1.0e-03,-1,SAM,0.3145,0.016749,2.314231e+01,7.88458682e-03,0.968995,111.8581,69.4506
11,backend,numeric,34,1.8000,1.0e-03,-1,SAM,0.3145,0.016749,2.551407e+01,6.81383275e-03,0.963579,113.4255,70.9443
11,backend,numeric,34,1.8000,1.0e-03,-1,SAM,0.3145,0.016749,2.812889e+01,7.29006894e-03,0.966042,110.3623,44.4295
11,backend,numeric,34,1.8000,1.0e-03,-1,SAM,0.3145,0.016749,3.101169e+01,7.72131653e-03,0.971002,115.6655,129.5778
11,backend,numeric,34,1.8000,1.0e-03,-1,SAM,0.3145,0.016749,3.418994e+01,6.29876319e-03,0.964685,112.6532,31.5579
11,backend,numeric,34,1.8000,1.0e-03,-1,SAM,0.3145,0.016749,3.769391e+01,7.84947789e-03,0.971523,116.1378,192.5076
11,backend,numeric,34,1.8000,1.0e-03,-1,SAM,0.3145,0.016749,4.155699e+01,5.61406657e-03,0.975765,117.7537,12.3751
11,backend,numeric,34,1.8000,1.0e-03,-1,SAM,0.3145,0.016749,4.581598e+01,7.31078344e-03,0.975374,111.1732,292.0309
11,backend,numeric,34,1.8000,1.0e-03,-1,SAM,0.3145,0.016749,5.051145e+01,8.75903715e-03,0.968264,112.7872,112.7866
11,backend,numeric,34,1.8000,1.0e-03,-1,SAM,0.3145,0.016749,5.568814e+01,7.38823918e-03,0.971734,111.0125,286.3689
11,backend,numeric,34,1.8000,1.0e-03,-1,SAM,0.3145,0.016749,6.139537e+01,7.29692020e-03,0.969405,111.1569,291.3543
11,backend,numeric,34,1.8000,1.0e-03,-1,SAM,0.3145,0.016749,6.768750e+01,7.44823064e-03,0.969643,114.5263,241.2433
11,backend,numeric,34,1.8000,1.0e-03,-1,SAM,0.3145,0.016749,7.462449e+01,5.76526538e-03,0.976440,116.4983,2.9816
11,backend,numeric,34,1.8000,1.0e-03,-1,SAM,0.3145,0.016749,8.227241e+01,8.03557063e-03,0.969674,113.4700,101.9449
11,backend,numeric,34,1.8000,1.0e-03,-1,SAM,0.3145,0.016749,9.070414e+01,7.63457330e-03,0.964564,111.4957,78.9214
11,backend,numeric,34,1.8000,1.0e-03,-1,SAM,0.3145,0.016749,1.000000e+02,7.94983560e-03,0.971348,115.1347,113.5918
12,backend,numeric,37,10.0000,1.0e-03,-1,LAM,0.2257,0.733023,0.000000e+00,2.52791406e-04,0.429674,48.6232,1.4066
12,backend,numeric,37,10.0000,1.0e-03,-1,LAM,0.2257,0.733023,1.000000e-03,2.39994413e-04,0.431960,49.3133,54.9414
12,backend,numeric,37,10.0000,1.0e-03,-1,LAM,0.2257,0.733023,1.102485e-03,2.38672257e-04,0.432221,48.6484,344.9558
12,backend,numeric,37,10.0000,1.0e-03,-1,LAM,0.2257,0.733023,1.215474e-03,2.37211078e-04,0.432502,49.2512,267.1232
12,backend,numeric,37,10.0000,1.0e-03,-1,LAM,0.2257,0.733023,1.340043e-03,2.35599886e-04,0.432849,48.7337,181.6203
12,backend,numeric,37,10.0000,1.0e-03,-1,LAM,0.2257,0.733023,1.477378e-03,2.33815968e-04,0.433200,49.2869,85.7938
12,backend,numeric,37,10.0000,1.0e-03,-1,LAM,0.2257,0.733023,1.628787e-03,2.31847813e-04,0.433633,48.6805,340.2714
12,backend,numeric,37,10.0000,1.0e-03,-1,LAM,0.2257,0.733023,1.795714e-03,2.29671568e-04,0.434118,49.2445,222.9474
12,backend,numeric,37,10.0000,1.0e-03,-1,LAM,0.2257,0.733023,1.979749e-03,2.27261377e-04,0.434635,49.2562,91.7500
12,backend,numeric,37,10.0000,1.0e-03,-1,LAM,0.2257,0.733023,2.182645e-03,2.24597494e-04,0.435254,48.8724,306.3860
12,backend,numeric,37,10.0000,1.0e-03,-1,LAM,0.2257,0.733023,2.406334e-03,2.21648777e-04,0.435961,48.7061,144.5440
12,backend,numeric,37,10.0000,1.0e-03,-1,LAM,0.2257,0.733023,2.652948e-03,2.18382159e-04,0.436770,48.7419,323.9405
12,backend,numeric,37,10.0000,1.0e-03,-1,LAM,0.2257,0.733023,2.924837e-03,2.14759958e-04,0.437688,48.9005,121.9989
12,backend,numeric,37,10.0000,1.0e-03,-1,LAM,0.2257,0.733023,3.224591e-03,2.10742619e-04,0.438768,49.3246,256.5493
12,backend,numeric,37,10.0000,1.0e-03,-1,LAM,0.2257,0.733023,3.555064e-03,2.06279765e-04,0.440021,48.8135,3.9351
12,backend,numeric,37,10.0000,1.0e-03,-1,LAM,0.2257,0.733023,3.919407e-03,2.01315465e-04,0.441437,49.2421,79.4132
12,backend,numeric,37,10.0000,1.0e-03,-1,LAM,0.2257,0.733023,4.321089e-03,1.95786697e-04,0.443100,48.7834,119.3153
12,backend,numeric,37,10.0000,1.0e-03,-1,LAM,0.2257,0.733023,4.763938e-03,1.89618545e-04,0.445048,48.7001,117.8952
12,backend,numeric,37,10.0000,1.0e-03,-1,LAM,0.2257,0.733023,5.252173e-03,1.82724585e-04,0.447327,48.9317,68.3409
12,backend,numeric,37,10.0000,1.0e-03,-1,LAM,0.2257,0.733023,5.790444e-03,1.75004804e-04,0.449941,48.1664,321.3818
12,backend,numeric,37,10.0000,1.0e-03,-1,LAM,0.2257,0.733023,6.383880e-03,1.66340765e-04,0.452983,47.8489,146.3528
12,backend,numeric,37,10.0000,1.0e-03,-1,LAM,0.2257,0.733023,7.038136e-03,1.56593668e-04,0.456565,47.9354,248.7045
12,backend,numeric,37,10.0000,1.0e-03,-1,LAM,0.2257,0.733023,7.759442e-03,1.45609229e-04,0.460768,47.3270,248.4674
12,backend,numeric,37,10.0000,1.0e-03,-1,LAM,0.2257,0.733023,8.554673e-03,1.33202019e-04,0.465591,46.2210,117.3788
12,backend,numeric,37,10.0000,1.0e-03,-1,LAM,0.2257,0.733023,9.431402e-03,1.19131864e-04,0.470873,44.8974,173.4385
12,backend,numeric,37,10.0000,1.0e-03,-1,LAM,0.2257,0.733023,1.039798e-02,1.03095359e-04,0.475996,43.1304,344.1504
12,backend,numeric,37,10.0000,1.0e-03,-1,LAM,0.2257,0.733023,1.146363e-02,8.49325233e-05,0.478744,40.6210,135.4121
12,backend,numeric,37,10.0000,1.0e-03,-1,LAM,0.2257,0.733023,1.263848e-02,6.52461528e-05,0.469945,37.1502,315.7150
12,backend,numeric,37,10.0000,1.0e-03,-1,LAM,0.2257,0.733023,1.393374e-02,4.78749028e-05,0.414092,35.6466,31.0629
12,backend,numeric,37,10.0000,1.0e-03,-1,LAM,0.2257,0.733023,1.536175e-02,4.07379060e-05,0.346857,55.6039,0.0641
12,backend,numeric,37,10.0000,1.0e-03,-1,LAM,0.2257,0.733023,1.693611e-02,2.43607135e-05,0.519155,63.8136,90.0129
12,backend,numeric,37,10.0000,1.0e-03,-1,LAM,0.2257,0.733023,1.867181e-02,2.84565920e-05,0.524514,127.9896,57.0099
12,backend,numeric,37,10.0000,1.0e-03,-1,LAM,0.2257,0.733023,2.058540e-02,4.34361486e-05,0.588430,104.0721,289.6330
12,backend,numeric,37,10.0000,1.0e-03,-1,LAM,0.2257,0.733023,2.269511e-02,5.42867298e-05,0.690080,88.0094,215.0270
12,backend,numeric,37,10.0000,1.0e-03,-1,LAM,0.2257,0.733023,2.502102e-02,3.04107865e-05,0.993161,63.0943,213.6972
12,backend,numeric,37,10.0000,1.0e-03,-1,LAM,0.2257,0.733023,2.758532e-02,9.79925382e-05,0.585407,130.2092,214.4426
12,backend,numeric,37,10.0000,1.0e-03,-1,LAM,0.2257,0.733023,3.041241e-02,1.30723708e-04,0.555848,117.6072,187.4962
12,backend,numeric,37,10.0000,1.0e-03,-1,LAM,0.2257,0.733023,3.352924e-02,1.58804221e-04,0.584464,108.1867,270.5008
12,backend,numeric,37,10.0000,1.0e-03,-1,LAM,0.2257,0.733023,3.696550e-02,1.86492132e-04,0.625043,100.7406,103.3293
12,backend,numeric,37,10.0000,1.0e-03,-1,LAM,0.2257,0.733023,4.075393e-02,2.10256462e-04,0.666093,93.1407,265.7210
12,backend,numeric,37,10.0000,1.0e-03,-1,LAM,0.2257,0.733023,4.493062e-02,2.19899652e-04,0.711861,84.9624,260.8898
12,backend,numeric,37,10.0000,1.0e-03,-1,LAM,0.2257,0.733023,4.953535e-02,1.91397657e-04,0.783334,75.6684,315.5470
12,backend,numeric,37,10.0000,1.0e-03,-1,LAM,0.2257,0.733023,5.461201e-02,1.92323242e-04,0.938684,153.5613,86.7236
12,backend,numeric,37,10.0000,1.0e-03,-1,LAM,0.2257,0.733023,6.020894e-02,4.09434045e-04,0.679243,135.5676,60.4071
12,backend,numeric,37,10.0000,1.0e-03,-1,LAM,0.2257,0.733023,6.637949e-02,5.28695218e-04,0.604508,128.6234,89.8690
12,backend,numeric,37,10.0000,1.0e-03,-1,LAM,0.2257,0.733023,7.318242e-02,6.18931794e-04,0.583228,122.3351,69.8290
12,backend,numeric,37,10.0000,1.0e-03,-1,LAM,0.2257,0.733023,8.068256e-02,6.94877519e-04,0.589948,116.7064,95.0162
12,backend,numeric,37,10.0000,1.0e-03,-1,LAM,0.2257,0.733023,8.895135e-02,7.64676126e-04,0.614661,111.4215,217.2332
12,backend,numeric,37,10.0000,1.0e-03,-1,LAM,0.2257,0.733023,9.806757e-02,8.25557460e-04,0.656765,106.5429,110.4466
12,backend,numeric,37,10.0000,1.0e-03,-1,LAM,0.2257,0.733023,1.081181e-01,8.70195757e-04,0.718233,102.1287,155.8588
12,backend,numeric,37,10.0000,1.0e-03,-1,LAM,0.2257,0.733023,1.191986e-01,8.85303674e-04,0.799057,96.1040,0.3456
12,backend,numeric,37,10.0000,1.0e-03,-1,LAM,0.2257,0.733023,1.314147e-01,8.13814198e-04,0.889593,85.9266,337.6421
12,backend,numeric,37,10.0000,1.0e-03,-1,LAM,0.2257,0.733023,1.448828e-01,8.52112636e-04,0.918904,142.0172,288.8473
12,backend,numeric,37,10.0000,1.0e-03,-1,LAM,0.2257,0.733023,1.597312e-01,1.46316723e-03,0.900342,124.8837,30.4816
12,backend,numeric,37,10.0000,1.0e-03,-1,LAM,0.2257,0.733023,1.761014e-01,2.49745592e-03,0.984022,99.1945,323.7006
12,backend,numeric,37,10.0000,1.0e-03,-1,LAM,0.2257,0.733023,1.941492e-01,3.83162636e-03,0.968298,113.6722,29.6630
12,backend,numeric,37,10.0000,1.0e-03,-1,LAM,0.2257,0.733023,2.140467e-01,2.23614830e-03,0.973888,120.2114,203.0307
12,backend,numeric,37,10.0000,1.0e-03,-1,LAM,0.2257,0.733023,2.359833e-01,2.29564391e-03,0.968811,111.6746,64.7088
12,backend,numeric,37,10.0000,1.0e-03,-1,LAM,0.2257,0.733023,2.601682e-01,1.89028446e-03,0.973293,114.3292,337.1008
12,backend,numeric,37,10.0000,1.0e-03,-1,LAM,0.2257,0.733023,2.868317e-01,2.14304884e-03,0.969986,111.5219,280.4038
12,backend,numeric,37,10.0000,1.0e-03,-1,LAM,0.2257,0.733023,3.162278e-01,1.98421031e-03,0.967071,112.8551,254.1224
12,backend,numeric,37,10.0000,1.0e-03,-1,LAM,0.2257,0.733023,3.486365e-01,1.99002309e-03,0.967150,112.7350,257.9256
12,backend,numeric,37,10.0000,1.0e-03,-1,LAM,0.2257,0.733023,3.843667e-01,2.13114312e-03,0.970123,111.4493,294.8633
12,backend,numeric,37,10.0000,1.0e-03,-1,LAM,0.2257,0.733023,4.237587e-01,1.69812634e-03,0.972217,116.3862,13.1154
12,backend,numeric,37,10.0000,1.0e-03,-1,LAM,0.2257,0.733023,4.671878e-01,2.17453073e-03,0.971667,113.3459,129.2953
12,backend,numeric,37,10.0000,1.0e-03,-1,LAM,0.2257,0.733023,5.150678e-01,2.11271596e-03,0.970761,111.5914,300.0877
12,backend,numeric,37,10.0000,1.0e-03,-1,LAM,0.2257,0.733023,5.678548e-01,2.00934918e-03,0.973156,114.7906,165.3786
12,backend,numeric,37,10.0000,1.0e-03,-1,LAM,0.2257,0.733023,6.260517e-01,2.19472565e-03,0.968268,111.7189,99.8426
12,backend,numeric,37,10.0000,1.0e-03,-1,LAM,0.2257,0.733023,6.902129e-01,2.20781540e-03,0.969131,111.8347,101.3228
12,backend,numeric,37,10.0000,1.0e-03,-1,LAM,0.2257,0.733023,7.609497e-01,1.86357139e-03,0.970532,115.9369,176.6689
12,backend,numeric,37,10.0000,1.0e-03,-1,LAM,0.2257,0.733023,8.389360e-01,1.67620734e-03,0.973150,115.4064,337.2263
12,backend,numeric,37,10.0000,1.0e-03,-1,LAM,0.2257,0.733023,9.249147e-01,2.06676182e-03,0.967844,112.7195,215.7295
12,backend,numeric,37,10.0000,1.0e-03,-1,LAM,0.2257,0.733023,1.019705e+00,1.87268965e-03,0.967228,114.3339,189.5635
12,backend,numeric,37,10.0000,1.0e-03,-1,LAM,0.2257,0.733023,1.124210e+00,2.14826845e-03,0.971453,111.9922,269.4395
12,backend,numeric,37,10.0000,1.0e-03,-1,LAM,0.2257,0.733023,1.239425e+00,2.02358815e-03,0.972466,113.6515,120.7708
12,backend,numeric,37,10.0000,1.0e-03,-1,LAM,0.2257,0.733023,1.366448e+00,2.15313678e-03,0.971076,113.0229,112.6525
12,backend,numeric,37,10.0000,1.0e-03,-1,LAM,0.2257,0.733023,1.506489e+00,1.82052789e-03,0.967902,114.5957,234.0057
12,backend,numeric,37,10.0000,1.0e-03,-1,LAM,0.2257,0.733023,1.660883e+00,2.06690502e-03,0.972997,114.6381,151.7573
12,backend,numeric,37,10.0000,1.0e-03,-1,LAM,0.2257,0.733023,1.831099e+00,2.08393238e-03,0.971867,112.2041,267.7624
12,backend,numeric,37,10.0000,1.0e-03,-1,LAM,0.2257,0.733023,2.018760e+00,1.97645935e-03,0.966984,113.3977,204.0716
12,backend,numeric,37,10.0000,1.0e-03,-1,LAM,0.2257,0.733023,2.225654e+00,1.70152849e-03,0.970468,116.1611,357.8963
12,backend,numeric,37,10.0000,1.0e-03,-1,LAM,0.2257,0.733023,2.453751e+00,1.66931682e-03,0.967739,115.8431,39.0452
12,backend,numeric,37,10.0000,1.0e-03,-1,LAM,0.2257,0.733023,2.705225e+00,1.95287648e-03,0.973730,112.6146,311.7095
12,backend,numeric,37,10.0000,1.0e-03,-1,LAM,0.2257,0.733023,2.982471e+00,1.88005370e-03,0.967309,114.3323,187.8508
12,backend,numeric,37,10.0000,1.0e-03,-1,LAM,0.2257,0.733023,3.288131e+00,1.69897982e-03,0.969917,116.1264,10.1175
12,backend,numeric,37,10.0000,1.0e-03,-1,LAM,0.2257,0.733023,3.625117e+00,2.02654375e-03,0.973088,114.8989,160.8013
12,backend,numeric,37,10.0000,1.0e-03,-1,LAM,0.2257,0.733023,3.996639e+00,1.76069881e-03,0.965878,113.9311,13.4174
12,backend,numeric,37,10.0000,1.0e-03,-1,LAM,0.2257,0.733023,4.406236e+00,2.09605741e-03,0.968438,111.6976,281.1276
12,backend,numeric,37,10.0000,1.0e-03,-1,LAM,0.2257,0.733023,4.857812e+00,2.00779895e-03,0.973462,112.5535,284.7917
12,backend,numeric,37,10.0000,1.0e-03,-1,LAM,0.2257,0.733023,5.355667e+00,2.15875393e-03,0.969610,112.3335,94.7046
12,backend,numeric,37,10.0000,1.0e-03,-1,LAM,0.2257,0.733023,5.904545e+00,2.03907636e-03,0.973079,114.5420,118.2022
12,backend,numeric,37,10.0000,1.0e-03,-1,LAM,0.2257,0.733023,6.509675e+00,1.64549929e-03,0.967889,116.0306,40.1414
12,backend,numeric,37,10.0000,1.0e-03,-1,LAM,0.2257,0.733023,7.176822e+00,2.07804855e-03,0.973058,112.5564,292.6841
12,backend,numeric,37,10.0000,1.0e-03,-1,LAM,0.2257,0.733023,7.912343e+00,2.13375559e-03,0.970867,112.2446,251.0458
12,backend,numeric,37,10.0000,1.0e-03,-1,LAM,0.2257,0.733023,8.723243e+00,1.95811372e-03,0.973679,112.5909,307.9679
12,backend,numeric,37,10.0000,1.0e-03,-1,LAM,0.2257,0.733023,9.617249e+00,1.86241889e-03,0.968044,114.4148,225.6127
12,backend,numeric,37,10.0000,1.0e-03,-1,LAM,0.2257,0.733023,1.060288e+01,2.16943817e-03,0.967624,111.6612,95.5745
12,backend,numeric,37,10.0000,1.0e-03,-1,LAM,0.2257,0.733023,1.168952e+01,1.61814203e-03,0.971055,116.0425,12.3775
12,backend,numeric,37,10.0000,1.0e-03,-1,LAM,0.2257,0.733023,1.288752e+01,2.12007796e-03,0.972626,113.6953,107.2544
12,backend,numeric,37,10.0000,1.0e-03,-1,LAM,0.2257,0.733023,1.420831e+01,2.08877558e-03,0.971758,113.1573,99.6144
12,backend,numeric,37,10.0000,1.0e-03,-1,LAM,0.2257,0.733023,1.566445e+01,1.85826087e-03,0.971045,115.8898,187.9805
12,backend,numeric,37,10.0000,1.0e-03,-1,LAM,0.2257,0.733023,1.726983e+01,1.88655156e-03,0.972593,114.2768,154.3023
12,backend,numeric,37,10.0000,1.0e-03,-1,LAM,0.2257,0.733023,1.903974e+01,1.81004124e-03,0.971550,115.4409,147.1567
12,backend,numeric,37,10.0000,1.0e-03,-1,LAM,0.2257,0.733023,2.099104e+01,1.87431585e-03,0.965609,112.6851,23.9453
12,backend,numeric,37,10.0000,1.0e-03,-1,LAM,0.2257,0.733023,2.314231e+01,1.91487923e-03,0.974296,114.2660,311.1015
12,backend,numeric,37,10.0000,1.0e-03,-1,LAM,0.2257,0.733023,2.551407e+01,1.79016933e-03,0.970626,115.4600,207.2475
12,backend,numeric,37,10.0000,1.0e-03,-1,LAM,0.2257,0.733023,2.812889e+01,2.07226941e-03,0.973322,112.6651,288.0344
12,backend,numeric,37,10.0000,1.0e-03,-1,LAM,0.2257,0.733023,3.101169e+01,1.83507360e-03,0.971954,115.4822,141.9066
12,backend,numeric,37,10.0000,1.0e-03,-1,LAM,0.2257,0.733023,3.418994e+01,2.01636867e-03,0.967203,111.7241,45.8469
12,backend,numeric,37,10.0000,1.0e-03,-1,LAM,0.2257,0.733023,3.769391e+01,1.65462349e-03,0.972522,115.6250,1.7906
12,backend,numeric,37,10.0000,1.0e-03,-1,LAM,0.2257,0.733023,4.155699e+01,NaN,NaN,NaN,NaN
12,backend,numeric,37,10.0000,1.0e-03,-1,LAM,0.2257,0.733023,4.581598e+01,NaN,NaN,NaN,NaN
12,backend,numeric,37,10.0000,1.0e-03,-1,LAM,0.2257,0.733023,5.051145e+01,NaN,NaN,NaN,NaN
12,backend,numeric,37,10.0000,1.0e-03,-1,LAM,0.2257,0.733023,5.568814e+01,NaN,NaN,NaN,NaN
12,backend,numeric,37,10.0000,1.0e-03,-1,LAM,0.2257,0.733023,6.139537e+01,NaN,NaN,NaN,NaN
12,backend,numeric,37,10.0000,1.0e-03,-1,LAM,0.2257,0.733023,6.768750e+01,NaN,NaN,NaN,NaN
12,backend,numeric,37,10.0000,1.0e-03,-1,LAM,0.2257,0.733023,7.462449e+01,NaN,NaN,NaN,NaN
12,backend,numeric,37,10.0000,1.0e-03,-1,LAM,0.2257,0.733023,8.227241e+01,NaN,NaN,NaN,NaN
12,backend,numeric,37,10.0000,1.0e-03,-1,LAM,0.2257,0.733023,9.070414e+01,NaN,NaN,NaN,NaN
12,backend,numeric,37,10.0000,1.0e-03,-1,LAM,0.2257,0.733023,1.000000e+02,NaN,NaN,NaN,NaN
13,backend,numeric,41,0.1000,1.0e-03,-1,LAM,0.6141,0.365311,0.000000e+00,1.56170991e-03,0.696394,52.9164,113.2345
13,backend,numeric,41,0.1000,1.0e-03,-1,LAM,0.6141,0.365311,1.000000e-03,1.53327544e-03,0.701567,52.1970,66.9106
13,backend,numeric,41,0.1000,1.0e-03,-1,LAM,0.6141,0.365311,1.102485e-03,1.53032195e-03,0.702111,52.1913,62.1303
13,backend,numeric,41,0.1000,1.0e-03,-1,LAM,0.6141,0.365311,1.215474e-03,1.52706195e-03,0.702713,52.2023,56.8636
13,backend,numeric,41,0.1000,1.0e-03,-1,LAM,0.6141,0.365311,1.340043e-03,1.52346488e-03,0.703378,52.2341,51.0655
13,backend,numeric,41,0.1000,1.0e-03,-1,LAM,0.6141,0.365311,1.477378e-03,1.51949740e-03,0.704115,52.2905,44.6879
13,backend,numeric,41,0.1000,1.0e-03,-1,LAM,0.6141,0.365311,1.628787e-03,1.51512327e-03,0.704930,52.3735,37.6803
13,backend,numeric,41,0.1000,1.0e-03,-1,LAM,0.6141,0.365311,1.795714e-03,1.51030289e-03,0.705832,52.4818,29.9886
13,backend,numeric,41,0.1000,1.0e-03,-1,LAM,0.6141,0.365311,1.979749e-03,1.50499241e-03,0.706830,52.6085,21.5545
13,backend,numeric,41,0.1000,1.0e-03,-1,LAM,0.6141,0.365311,2.182645e-03,1.49914195e-03,0.707935,52.7381,12.3124
13,backend,numeric,41,0.1000,1.0e-03,-1,LAM,0.6141,0.365311,2.406334e-03,1.49269313e-03,0.709159,52.8439,2.1855
13,backend,numeric,41,0.1000,1.0e-03,-1,LAM,0.6141,0.365311,2.652948e-03,1.48557521e-03,0.710518,52.8856,351.0782
13,backend,numeric,41,0.1000,1.0e-03,-1,LAM,0.6141,0.365311,2.924837e-03,1.47769867e-03,0.712031,52.8116,338.8661
13,backend,numeric,41,0.1000,1.0e-03,-1,LAM,0.6141,0.365311,3.224591e-03,1.46894843e-03,0.713723,52.5673,325.3841
13,backend,numeric,41,0.1000,1.0e-03,-1,LAM,0.6141,0.365311,3.555064e-03,1.45918152e-03,0.715628,52.1143,310.4155
13,backend,numeric,41,0.1000,1.0e-03,-1,LAM,0.6141,0.365311,3.919407e-03,1.44822564e-03,0.717790,51.4622,293.6909
13,backend,numeric,41,0.1000,1.0e-03,-1,LAM,0.6141,0.365311,4.321089e-03,1.43586986e-03,0.720250,50.7049,274.9135
13,backend,numeric,41,0.1000,1.0e-03,-1,LAM,0.6141,0.365311,4.763938e-03,1.42191316e-03,0.723056,50.0365,253.8325
13,backend,numeric,41,0.1000,1.0e-03,-1,LAM,0.6141,0.365311,5.252173e-03,1.40622157e-03,0.726252,49.6895,230.3576
13,backend,numeric,41,0.1000,1.0e-03,-1,LAM,0.6141,0.365311,5.790444e-03,1.38872741e-03,0.729870,49.7527,204.6025
13,backend,numeric,41,0.1000,1.0e-03,-1,LAM,0.6141,0.365311,6.383880e-03,1.36934684e-03,0.733944,49.9672,176.6785
13,backend,numeric,41,0.1000,1.0e-03,-1,LAM,0.6141,0.365311,7.038136e-03,1.34778064e-03,0.738563,49.7826,146.2703
13,backend,numeric,41,0.1000,1.0e-03,-1,LAM,0.6141,0.365311,7.759442e-03,1.32341052e-03,0.743901,48.9076,112.4031
13,backend,numeric,41,0.1000,1.0e-03,-1,LAM,0.6141,0.365311,8.554673e-03,1.29557975e-03,0.750185,48.0135,74.0284
13,backend,numeric,41,0.1000,1.0e-03,-1,LAM,0.6141,0.365311,9.431402e-03,1.26410138e-03,0.757517,48.1903,31.5266
13,backend,numeric,41,0.1000,1.0e-03,-1,LAM,0.6141,0.365311,1.039798e-02,1.22900749e-03,0.765917,48.6135,346.2418
13,backend,numeric,41,0.1000,1.0e-03,-1,LAM,0.6141,0.365311,1.146363e-02,1.18890034e-03,0.775891,46.9466,296.6237
13,backend,numeric,41,0.1000,1.0e-03,-1,LAM,0.6141,0.365311,1.263848e-02,1.14110773e-03,0.788485,44.6087,238.8864
13,backend,numeric,41,0.1000,1.0e-03,-1,LAM,0.6141,0.365311,1.393374e-02,1.08508311e-03,0.804106,44.6388,175.6166
13,backend,numeric,41,0.1000,1.0e-03,-1,LAM,0.6141,0.365311,1.536175e-02,1.01911296e-03,0.823610,42.6869,108.1200
13,backend,numeric,41,0.1000,1.0e-03,-1,LAM,0.6141,0.365311,1.693611e-02,9.37220347e-04,0.849811,41.3290,31.0998
13,backend,numeric,41,0.1000,1.0e-03,-1,LAM,0.6141,0.365311,1.867181e-02,8.32960731e-04,0.884722,39.5426,313.7894
13,backend,numeric,41,0.1000,1.0e-03,-1,LAM,0.6141,0.365311,2.058540e-02,6.62795252e-04,0.941573,30.9300,228.6261
13,backend,numeric,41,0.1000,1.0e-03,-1,LAM,0.6141,0.365311,2.269511e-02,1.33148479e-03,0.998261,68.2915,233.4141
13,backend,numeric,41,0.1000,1.0e-03,-1,LAM,0.6141,0.365311,2.502102e-02,2.39378955e-03,0.998659,84.4362,258.2406
13,backend,numeric,41,0.1000,1.0e-03,-1,LAM,0.6141,0.365311,2.758532e-02,3.15545209e-03,0.999057,89.2522,278.2839
13,backend,numeric,41,0.1000,1.0e-03,-1,LAM,0.6141,0.365311,3.041241e-02,3.76368112e-03,0.999381,92.2557,296.5624
13,backend,numeric,41,0.1000,1.0e-03,-1,LAM,0.6141,0.365311,3.352924e-02,4.21225526e-03,0.999622,95.7250,314.2831
13,backend,numeric,41,0.1000,1.0e-03,-1,LAM,0.6141,0.365311,3.696550e-02,4.32997839e-03,0.999798,102.4422,332.6994
13,backend,numeric,41,0.1000,1.0e-03,-1,LAM,0.6141,0.365311,4.075393e-02,3.50688981e-03,0.999875,125.9554,355.7644
13,backend,numeric,41,0.1000,1.0e-03,-1,LAM,0.6141,0.365311,4.493062e-02,1.27418258e-03,0.953810,166.8373,55.4510
13,backend,numeric,41,0.1000,1.0e-03,-1,LAM,0.6141,0.365311,4.953535e-02,1.65632030e-03,0.873420,163.3546,36.1752
13,backend,numeric,41,0.1000,1.0e-03,-1,LAM,0.6141,0.365311,5.461201e-02,1.90088413e-03,0.809985,162.1980,326.7151
13,backend,numeric,41,0.1000,1.0e-03,-1,LAM,0.6141,0.365311,6.020894e-02,2.11262428e-03,0.756380,159.2944,225.1990
13,backend,numeric,41,0.1000,1.0e-03,-1,LAM,0.6141,0.365311,6.637949e-02,2.30974952e-03,0.708834,158.8491,81.9920
13,backend,numeric,41,0.1000,1.0e-03,-1,LAM,0.6141,0.365311,7.318242e-02,2.49978112e-03,0.665466,157.3051,254.0607
13,backend,numeric,41,0.1000,1.0e-03,-1,LAM,0.6141,0.365311,8.068256e-02,2.68565753e-03,0.625604,157.0832,21.7996
13,backend,numeric,41,0.1000,1.0e-03,-1,LAM,0.6141,0.365311,8.895135e-02,2.86934348e-03,0.588515,155.5771,94.7685
13,backend,numeric,41,0.1000,1.0e-03,-1,LAM,0.6141,0.365311,9.806757e-02,3.05163713e-03,0.553922,154.2893,107.1444
13,backend,numeric,41,0.1000,1.0e-03,-1,LAM,0.6141,0.365311,1.081181e-01,3.23189086e-03,0.521756,153.3714,51.1963
13,backend,numeric,41,0.1000,1.0e-03,-1,LAM,0.6141,0.365311,1.191986e-01,3.40889689e-03,0.492077,151.6309,276.9935
13,backend,numeric,41,0.1000,1.0e-03,-1,LAM,0.6141,0.365311,1.314147e-01,3.57777247e-03,0.465497,149.9716,62.4064
13,backend,numeric,41,0.1000,1.0e-03,-1,LAM,0.6141,0.365311,1.448828e-01,3.73514962e-03,0.442003,147.0018,114.1399
13,backend,numeric,41,0.1000,1.0e-03,-1,LAM,0.6141,0.365311,1.597312e-01,3.87347791e-03,0.422160,145.0432,67.1628
13,backend,numeric,41,0.1000,1.0e-03,-1,LAM,0.6141,0.365311,1.761014e-01,3.98590816e-03,0.406473,141.6891,277.1229
13,backend,numeric,41,0.1000,1.0e-03,-1,LAM,0.6141,0.365311,1.941492e-01,4.06624506e-03,0.395580,138.0260,27.0525
13,backend,numeric,41,0.1000,1.0e-03,-1,LAM,0.6141,0.365311,2.140467e-01,4.12210510e-03,0.389199,133.6330,33.5239
13,backend,numeric,41,0.1000,1.0e-03,-1,LAM,0.6141,0.365311,2.359833e-01,4.15404069e-03,0.387813,128.9240,302.5677
13,backend,numeric,41,0.1000,1.0e-03,-1,LAM,0.6141,0.365311,2.601682e-01,4.16338692e-03,0.392623,123.1783,121.9241
13,backend,numeric,41,0.1000,1.0e-03,-1,LAM,0.6141,0.365311,2.868317e-01,4.14656499e-03,0.405292,118.3750,234.0694
13,backend,numeric,41,0.1000,1.0e-03,-1,LAM,0.6141,0.365311,3.162278e-01,4.10859714e-03,0.427983,115.2652,325.1016
13,backend,numeric,41,0.1000,1.0e-03,-1,LAM,0.6141,0.365311,3.486365e-01,4.07194935e-03,0.461404,111.2632,93.9276
13,backend,numeric,41,0.1000,1.0e-03,-1,LAM,0.6141,0.365311,3.843667e-01,4.06673776e-03,0.504269,108.2497,320.6755
13,backend,numeric,41,0.1000,1.0e-03,-1,LAM,0.6141,0.365311,4.237587e-01,4.10978303e-03,0.554493,104.9514,323.2136
13,backend,numeric,41,0.1000,1.0e-03,-1,LAM,0.6141,0.365311,4.671878e-01,4.19977583e-03,0.608435,99.8711,117.1393
13,backend,numeric,41,0.1000,1.0e-03,-1,LAM,0.6141,0.365311,5.150678e-01,4.31691735e-03,0.663404,97.9806,51.1298
13,backend,numeric,41,0.1000,1.0e-03,-1,LAM,0.6141,0.365311,5.678548e-01,4.38061324e-03,0.719214,90.1606,101.2679
13,backend,numeric,41,0.1000,1.0e-03,-1,LAM,0.6141,0.365311,6.260517e-01,4.25716780e-03,0.778829,83.8626,238.6605
13,backend,numeric,41,0.1000,1.0e-03,-1,LAM,0.6141,0.365311,6.902129e-01,3.37215523e-03,0.866268,74.6042,32.3580
13,backend,numeric,41,0.1000,1.0e-03,-1,LAM,0.6141,0.365311,7.609497e-01,4.17179568e-03,0.937449,145.6240,290.2954
13,backend,numeric,41,0.1000,1.0e-03,-1,LAM,0.6141,0.365311,8.389360e-01,7.71105437e-03,0.823116,128.9262,350.1825
13,backend,numeric,41,0.1000,1.0e-03,-1,LAM,0.6141,0.365311,9.249147e-01,9.64515435e-03,0.816053,118.8159,25.8668
13,backend,numeric,41,0.1000,1.0e-03,-1,LAM,0.6141,0.365311,1.019705e+00,1.10638074e-02,0.837349,103.5523,107.5537
13,backend,numeric,41,0.1000,1.0e-03,-1,LAM,0.6141,0.365311,1.124210e+00,1.24943031e-02,0.863008,88.5721,231.3130
13,backend,numeric,41,0.1000,1.0e-03,-1,LAM,0.6141,0.365311,1.239425e+00,1.18404982e-02,0.911160,97.2269,43.2869
13,backend,numeric,41,0.1000,1.0e-03,-1,LAM,0.6141,0.365311,1.366448e+00,1.17151178e-02,0.988067,58.9093,243.3770
13,backend,numeric,41,0.1000,1.0e-03,-1,LAM,0.6141,0.365311,1.506489e+00,7.69490512e-02,0.997465,75.7088,324.1427
13,backend,numeric,41,0.1000,1.0e-03,-1,LAM,0.6141,0.365311,1.660883e+00,1.54327605e-01,0.998591,80.6591,5.6695
13,backend,numeric,41,0.1000,1.0e-03,-1,LAM,0.6141,0.365311,1.831099e+00,1.80024566e-01,0.999440,111.7638,26.2053
13,backend,numeric,41,0.1000,1.0e-03,-1,LAM,0.6141,0.365311,2.018760e+00,6.99611049e-02,0.972188,160.3816,320.1597
13,backend,numeric,41,0.1000,1.0e-03,-1,LAM,0.6141,0.365311,2.225654e+00,9.78766391e-02,0.959279,77.2855,283.8675
13,backend,numeric,41,0.1000,1.0e-03,-1,LAM,0.6141,0.365311,2.453751e+00,1.90979957e-01,0.998717,38.1797,358.8967
13,backend,numeric,41,0.1000,1.0e-03,-1,LAM,0.6141,0.365311,2.705225e+00,2.91062442e-01,0.999736,113.2364,50.4720
13,backend,numeric,41,0.1000,1.0e-03,-1,LAM,0.6141,0.365311,2.982471e+00,9.07300631e-02,0.971375,145.2009,298.5092
13,backend,numeric,41,0.1000,1.0e-03,-1,LAM,0.6141,0.365311,3.288131e+00,1.63650885e-01,0.987595,65.4916,341.7354
13,backend,numeric,41,0.1000,1.0e-03,-1,LAM,0.6141,0.365311,3.625117e+00,2.61186443e-01,0.997223,114.7910,26.7407
13,backend,numeric,41,0.1000,1.0e-03,-1,LAM,0.6141,0.365311,3.996639e+00,1.37236220e-01,0.968202,106.2732,315.4057
13,backend,numeric,41,0.1000,1.0e-03,-1,LAM,0.6141,0.365311,4.406236e+00,2.46408414e-01,0.993523,87.8026,11.5452
13,backend,numeric,41,0.1000,1.0e-03,-1,LAM,0.6141,0.365311,4.857812e+00,1.19683466e-01,0.973203,134.8028,320.0055
13,backend,numeric,41,0.1000,1.0e-03,-1,LAM,0.6141,0.365311,5.355667e+00,1.67414218e-01,0.994667,100.1769,6.8028
13,backend,numeric,41,0.1000,1.0e-03,-1,LAM,0.6141,0.365311,5.904545e+00,1.26988635e-01,0.977384,60.0032,326.5802
13,backend,numeric,41,0.1000,1.0e-03,-1,LAM,0.6141,0.365311,6.509675e+00,1.37275858e-01,0.968164,139.5198,315.7132
13,backend,numeric,41,0.1000,1.0e-03,-1,LAM,0.6141,0.365311,7.176822e+00,2.60924384e-01,0.996369,118.4370,17.8894
13,backend,numeric,41,0.1000,1.0e-03,-1,LAM,0.6141,0.365311,7.912343e+00,1.70214792e-01,0.994294,100.3637,7.5999
13,backend,numeric,41,0.1000,1.0e-03,-1,LAM,0.6141,0.365311,8.723243e+00,2.75543096e-01,0.996226,86.6592,33.5971
13,backend,numeric,41,0.1000,1.0e-03,-1,LAM,0.6141,0.365311,9.617249e+00,3.06982203e-01,0.994568,82.4466,21.2094
13,backend,numeric,41,0.1000,1.0e-03,-1,LAM,0.6141,0.365311,1.060288e+01,2.55923416e-01,0.995888,87.6932,12.2401
13,backend,numeric,41,0.1000,1.0e-03,-1,LAM,0.6141,0.365311,1.168952e+01,1.86403999e-01,0.997008,118.6981,17.0629
13,backend,numeric,41,0.1000,1.0e-03,-1,LAM,0.6141,0.365311,1.288752e+01,1.29366798e-01,0.969434,119.4716,319.5159
13,backend,numeric,41,0.1000,1.0e-03,-1,LAM,0.6141,0.365311,1.420831e+01,2.50779998e-01,0.995025,96.8859,27.6207
13,backend,numeric,41,0.1000,1.0e-03,-1,LAM,0.6141,0.365311,1.566445e+01,1.35821235e-01,0.976816,90.3844,336.7336
13,backend,numeric,41,0.1000,1.0e-03,-1,LAM,0.6141,0.365311,1.726983e+01,1.64566036e-01,0.976633,82.3989,317.6911
13,backend,numeric,41,0.1000,1.0e-03,-1,LAM,0.6141,0.365311,1.903974e+01,1.13858267e-01,0.974250,137.1933,314.6728
13,backend,numeric,41,0.1000,1.0e-03,-1,LAM,0.6141,0.365311,2.099104e+01,1.32207880e-01,0.974378,96.0485,328.5883
13,backend,numeric,41,0.1000,1.0e-03,-1,LAM,0.6141,0.365311,2.314231e+01,2.65082603e-01,0.996153,114.9278,19.1105
13,backend,numeric,41,0.1000,1.0e-03,-1,LAM,0.6141,0.365311,2.551407e+01,2.61285112e-01,0.992453,69.2325,4.5623
13,backend,numeric,41,0.1000,1.0e-03,-1,LAM,0.6141,0.365311,2.812889e+01,1.55553738e-01,0.975499,79.6169,331.1774
13,backend,numeric,41,0.1000,1.0e-03,-1,LAM,0.6141,0.365311,3.101169e+01,2.55048196e-01,0.992565,90.0993,14.4151
13,backend,numeric,41,0.1000,1.0e-03,-1,LAM,0.6141,0.365311,3.418994e+01,1.37786510e-01,0.980643,103.2755,316.4705
13,backend,numeric,41,0.1000,1.0e-03,-1,LAM,0.6141,0.365311,3.769391e+01,1.11596910e-01,0.958159,116.4115,317.4299
13,backend,numeric,41,0.1000,1.0e-03,-1,LAM,0.6141,0.365311,4.155699e+01,2.82855867e-01,0.993532,74.5364,12.5563
13,backend,numeric,41,0.1000,1.0e-03,-1,LAM,0.6141,0.365311,4.581598e+01,1.23415579e-01,0.962370,81.9849,313.1580
13,backend,numeric,41,0.1000,1.0e-03,-1,LAM,0.6141,0.365311,5.051145e+01,2.27197405e-01,0.995008,81.7783,2.8171
13,backend,numeric,41,0.1000,1.0e-03,-1,LAM,0.6141,0.365311,5.568814e+01,1.48926502e-01,0.985460,88.1864,343.3034
13,backend,numeric,41,0.1000,1.0e-03,-1,LAM,0.6141,0.365311,6.139537e+01,1.72706776e-01,0.996241,108.4000,9.3918
13,backend,numeric,41,0.1000,1.0e-03,-1,LAM,0.6141,0.365311,6.768750e+01,1.83546688e-01,0.996969,123.6031,16.3163
13,backend,numeric,41,0.1000,1.0e-03,-1,LAM,0.6141,0.365311,7.462449e+01,2.50671464e-01,0.996480,91.4282,13.9966
13,backend,numeric,41,0.1000,1.0e-03,-1,LAM,0.6141,0.365311,8.227241e+01,1.42140776e-01,0.986988,90.9829,325.7552
13,backend,numeric,41,0.1000,1.0e-03,-1,LAM,0.6141,0.365311,9.070414e+01,2.55300381e-01,0.997631,103.1882,18.4115
13,backend,numeric,41,0.1000,1.0e-03,-1,LAM,0.6141,0.365311,1.000000e+02,1.43579884e-01,0.963315,101.6002,319.3344
14,backend,numeric,44,1.8000,1.0e-03,-1,LAM,0.2282,0.730683,0.000000e+00,7.27216965e-04,0.431372,161.8406,229.9667
14,backend,numeric,44,1.8000,1.0e-03,-1,LAM,0.2282,0.730683,1.000000e-03,7.45368073e-04,0.417333,161.1572,296.6503
14,backend,numeric,44,1.8000,1.0e-03,-1,LAM,0.2282,0.730683,1.102485e-03,7.47180738e-04,0.415962,161.1867,265.8562
14,backend,numeric,44,1.8000,1.0e-03,-1,LAM,0.2282,0.730683,1.215474e-03,7.49170109e-04,0.414464,161.0818,231.5646
14,backend,numeric,44,1.8000,1.0e-03,-1,LAM,0.2282,0.730683,1.340043e-03,7.51344738e-04,0.412834,160.8020,194.0395
14,backend,numeric,44,1.8000,1.0e-03,-1,LAM,0.2282,0.730683,1.477378e-03,7.53717529e-04,0.411066,160.5964,153.2730
14,backend,numeric,44,1.8000,1.0e-03,-1,LAM,0.2282,0.730683,1.628787e-03,7.56316705e-04,0.409140,160.7086,107.9626
14,backend,numeric,44,1.8000,1.0e-03,-1,LAM,0.2282,0.730683,1.795714e-03,7.59172951e-04,0.407034,160.7815,56.5897
14,backend,numeric,44,1.8000,1.0e-03,-1,LAM,0.2282,0.730683,1.979749e-03,7.62289352e-04,0.404753,160.4224,0.0475
14,backend,numeric,44,1.8000,1.0e-03,-1,LAM,0.2282,0.730683,2.182645e-03,7.65677238e-04,0.402290,160.3134,298.4566
14,backend,numeric,44,1.8000,1.0e-03,-1,LAM,0.2282,0.730683,2.406334e-03,7.69380676e-04,0.399617,160.2390,228.7627
14,backend,numeric,44,1.8000,1.0e-03,-1,LAM,0.2282,0.730683,2.652948e-03,7.73382206e-04,0.396752,159.7006,153.0076
14,backend,numeric,44,1.8000,1.0e-03,-1,LAM,0.2282,0.730683,2.924837e-03,7.77730131e-04,0.393664,159.9581,68.4077
14,backend,numeric,44,1.8000,1.0e-03,-1,LAM,0.2282,0.730683,3.224591e-03,7.82442979e-04,0.390348,159.3868,334.2120
14,backend,numeric,44,1.8000,1.0e-03,-1,LAM,0.2282,0.730683,3.555064e-03,7.87527610e-04,0.386805,159.3590,229.5670
14,backend,numeric,44,1.8000,1.0e-03,-1,LAM,0.2282,0.730683,3.919407e-03,7.92968304e-04,0.383052,158.8624,115.2680
14,backend,numeric,44,1.8000,1.0e-03,-1,LAM,0.2282,0.730683,4.321089e-03,7.98841668e-04,0.379045,158.4544,346.0082
14,backend,numeric,44,1.8000,1.0e-03,-1,LAM,0.2282,0.730683,4.763938e-03,8.05099146e-04,0.374820,158.1194,203.1537
14,backend,numeric,44,1.8000,1.0e-03,-1,LAM,0.2282,0.730683,5.252173e-03,8.11714092e-04,0.370397,157.9742,45.6697
14,backend,numeric,44,1.8000,1.0e-03,-1,LAM,0.2282,0.730683,5.790444e-03,8.18709329e-04,0.365766,157.3820,229.9961
14,backend,numeric,44,1.8000,1.0e-03,-1,LAM,0.2282,0.730683,6.383880e-03,8.26009723e-04,0.360975,156.8163,35.5435
14,backend,numeric,44,1.8000,1.0e-03,-1,LAM,0.2282,0.730683,7.038136e-03,8.33584655e-04,0.356040,155.5907,179.5438
14,backend,numeric,44,1.8000,1.0e-03,-1,LAM,0.2282,0.730683,7.759442e-03,8.41331374e-04,0.351015,155.0862,301.1748
14,backend,numeric,44,1.8000,1.0e-03,-1,LAM,0.2282,0.730683,8.554673e-03,8.49195226e-04,0.345923,154.4250,34.6749
14,backend,numeric,44,1.8000,1.0e-03,-1,LAM,0.2282,0.730683,9.431402e-03,8.57004707e-04,0.340843,153.1836,101.8923
14,backend,numeric,44,1.8000,1.0e-03,-1,LAM,0.2282,0.730683,1.039798e-02,8.64678303e-04,0.335803,151.4149,135.4560
14,backend,numeric,44,1.8000,1.0e-03,-1,LAM,0.2282,0.730683,1.146363e-02,8.72099076e-04,0.330889,149.9378,133.8932
14,backend,numeric,44,1.8000,1.0e-03,-1,LAM,0.2282,0.730683,1.263848e-02,8.79526032e-04,0.326127,148.9630,92.8874
14,backend,numeric,44,1.8000,1.0e-03,-1,LAM,0.2282,0.730683,1.393374e-02,8.87159316e-04,0.321541,146.6413,5.6640
14,backend,numeric,44,1.8000,1.0e-03,-1,LAM,0.2282,0.730683,1.536175e-02,8.95055775e-04,0.317228,144.9602,229.2745
14,backend,numeric,44,1.8000,1.0e-03,-1,LAM,0.2282,0.730683,1.693611e-02,9.03165827e-04,0.313281,142.4329,34.9411
14,backend,numeric,44,1.8000,1.0e-03,-1,LAM,0.2282,0.730683,1.867181e-02,9.11250961e-04,0.309804,138.4504,135.8681
14,backend,numeric,44,1.8000,1.0e-03,-1,LAM,0.2282,0.730683,2.058540e-02,9.18872694e-04,0.306899,134.9593,160.4141
14,backend,numeric,44,1.8000,1.0e-03,-1,LAM,0.2282,0.730683,2.269511e-02,9.25188828e-04,0.304700,132.4675,102.6716
14,backend,numeric,44,1.8000,1.0e-03,-1,LAM,0.2282,0.730683,2.502102e-02,9.29143812e-04,0.303335,128.0314,311.9017
14,backend,numeric,44,1.8000,1.0e-03,-1,LAM,0.2282,0.730683,2.758532e-02,9.29186150e-04,0.303015,125.0567,60.7490
14,backend,numeric,44,1.8000,1.0e-03,-1,LAM,0.2282,0.730683,3.041241e-02,9.23673881e-04,0.303965,120.7028,64.8407
14,backend,numeric,44,1.8000,1.0e-03,-1,LAM,0.2282,0.730683,3.352924e-02,9.11075048e-04,0.306614,114.7235,321.1803
14,backend,numeric,44,1.8000,1.0e-03,-1,LAM,0.2282,0.730683,3.696550e-02,8.90743617e-04,0.311589,111.0131,109.5390
14,backend,numeric,44,1.8000,1.0e-03,-1,LAM,0.2282,0.730683,4.075393e-02,8.63782516e-04,0.320058,105.9863,149.3288
14,backend,numeric,44,1.8000,1.0e-03,-1,LAM,0.2282,0.730683,4.493062e-02,8.30542032e-04,0.333938,104.1553,92.9239
14,backend,numeric,44,1.8000,1.0e-03,-1,LAM,0.2282,0.730683,4.953535e-02,7.94108811e-04,0.355133,100.2379,337.6218
14,backend,numeric,44,1.8000,1.0e-03,-1,LAM,0.2282,0.730683,5.461201e-02,7.59602272e-04,0.385104,99.0107,220.7512
14,backend,numeric,44,1.8000,1.0e-03,-1,LAM,0.2282,0.730683,6.020894e-02,7.31651590e-04,0.424181,96.2520,169.7963
14,backend,numeric,44,1.8000,1.0e-03,-1,LAM,0.2282,0.730683,6.637949e-02,7.14812619e-04,0.469456,95.0874,237.3000
14,backend,numeric,44,1.8000,1.0e-03,-1,LAM,0.2282,0.730683,7.318242e-02,7.08609872e-04,0.517690,92.7372,83.1437
14,backend,numeric,44,1.8000,1.0e-03,-1,LAM,0.2282,0.730683,8.068256e-02,7.08454192e-04,0.566421,89.8491,62.3395
14,backend,numeric,44,1.8000,1.0e-03,-1,LAM,0.2282,0.730683,8.895135e-02,7.05298840e-04,0.614833,86.7106,151.4180
14,backend,numeric,44,1.8000,1.0e-03,-1,LAM,0.2282,0.730683,9.806757e-02,6.83497102e-04,0.665967,82.5657,317.4711
14,backend,numeric,44,1.8000,1.0e-03,-1,LAM,0.2282,0.730683,1.081181e-01,6.10378656e-04,0.728630,75.3385,150.0431
14,backend,numeric,44,1.8000,1.0e-03,-1,LAM,0.2282,0.730683,1.191986e-01,3.72466522e-04,0.866221,55.9852,242.3255
14,backend,numeric,44,1.8000,1.0e-03,-1,LAM,0.2282,0.730683,1.314147e-01,7.18695927e-04,0.762036,153.5879,1.1973
14,backend,numeric,44,1.8000,1.0e-03,-1,LAM,0.2282,0.730683,1.448828e-01,1.05201715e-03,0.574642,146.5853,298.6522
14,backend,numeric,44,1.8000,1.0e-03,-1,LAM,0.2282,0.730683,1.597312e-01,1.25966091e-03,0.492975,139.6304,112.9669
14,backend,numeric,44,1.8000,1.0e-03,-1,LAM,0.2282,0.730683,1.761014e-01,1.38006991e-03,0.463489,131.9586,15.9795
14,backend,numeric,44,1.8000,1.0e-03,-1,LAM,0.2282,0.730683,1.941492e-01,1.44329476e-03,0.471821,123.0860,198.2296
14,backend,numeric,44,1.8000,1.0e-03,-1,LAM,0.2282,0.730683,2.140467e-01,1.48173056e-03,0.513671,116.3021,143.5524
14,backend,numeric,44,1.8000,1.0e-03,-1,LAM,0.2282,0.730683,2.359833e-01,1.51751204e-03,0.588908,110.3736,52.0610
14,backend,numeric,44,1.8000,1.0e-03,-1,LAM,0.2282,0.730683,2.601682e-01,1.55890559e-03,0.693911,104.3060,26.0760
14,backend,numeric,44,1.8000,1.0e-03,-1,LAM,0.2282,0.730683,2.868317e-01,1.58330068e-03,0.814448,95.5284,39.8149
14,backend,numeric,44,1.8000,1.0e-03,-1,LAM,0.2282,0.730683,3.162278e-01,1.13290839e-03,0.942030,65.7919,291.7784
14,backend,numeric,44,1.8000,1.0e-03,-1,LAM,0.2282,0.730683,3.486365e-01,2.35961286e-03,0.865922,151.1438,354.9692
14,backend,numeric,44,1.8000,1.0e-03,-1,LAM,0.2282,0.730683,3.843667e-01,3.41591700e-03,0.874030,138.4628,38.4289
14,backend,numeric,44,1.8000,1.0e-03,-1,LAM,0.2282,0.730683,4.237587e-01,5.22800973e-03,0.936505,116.8301,233.9104
14,backend,numeric,44,1.8000,1.0e-03,-1,LAM,0.2282,0.730683,4.671878e-01,7.91910765e-03,0.986034,107.7627,244.3317
14,backend,numeric,44,1.8000,1.0e-03,-1,LAM,0.2282,0.730683,5.150678e-01,9.46844595e-03,0.984291,102.1506,343.9877
14,backend,numeric,44,1.8000,1.0e-03,-1,LAM,0.2282,0.730683,5.678548e-01,1.14831960e-02,0.956021,127.4973,26.2822
14,backend,numeric,44,1.8000,1.0e-03,-1,LAM,0.2282,0.730683,6.260517e-01,1.47069516e-02,0.973291,129.0208,67.5768
14,backend,numeric,44,1.8000,1.0e-03,-1,LAM,0.2282,0.730683,6.902129e-01,1.80828197e-02,0.970741,123.2136,169.1666
14,backend,numeric,44,1.8000,1.0e-03,-1,LAM,0.2282,0.730683,7.609497e-01,9.70298647e-03,0.975367,115.0595,305.4440
14,backend,numeric,44,1.8000,1.0e-03,-1,LAM,0.2282,0.730683,8.389360e-01,9.71574640e-03,0.971129,117.3716,146.1207
14,backend,numeric,44,1.8000,1.0e-03,-1,LAM,0.2282,0.730683,9.249147e-01,7.01338583e-03,0.963839,112.6016,35.5568
14,backend,numeric,44,1.8000,1.0e-03,-1,LAM,0.2282,0.730683,1.019705e+00,7.46098812e-03,0.976975,112.4064,290.8183
14,backend,numeric,44,1.8000,1.0e-03,-1,LAM,0.2282,0.730683,1.124210e+00,8.09652034e-03,0.969927,112.3369,247.3249
14,backend,numeric,44,1.8000,1.0e-03,-1,LAM,0.2282,0.730683,1.239425e+00,7.43704981e-03,0.968953,113.9188,242.6979
14,backend,numeric,44,1.8000,1.0e-03,-1,LAM,0.2282,0.730683,1.366448e+00,7.17952791e-03,0.968672,112.7948,274.7041
14,backend,numeric,44,1.8000,1.0e-03,-1,LAM,0.2282,0.730683,1.506489e+00,7.01445624e-03,0.975101,110.6456,334.0808
14,backend,numeric,44,1.8000,1.0e-03,-1,LAM,0.2282,0.730683,1.660883e+00,8.17023037e-03,0.965644,111.3669,91.8547
14,backend,numeric,44,1.8000,1.0e-03,-1,LAM,0.2282,0.730683,1.831099e+00,7.96643519e-03,0.969466,113.3512,231.6879
14,backend,numeric,44,1.8000,1.0e-03,-1,LAM,0.2282,0.730683,2.018760e+00,8.18631443e-03,0.970176,112.7792,79.9774
14,backend,numeric,44,1.8000,1.0e-03,-1,LAM,0.2282,0.730683,2.225654e+00,5.72077802e-03,0.974482,117.5480,345.7439
14,backend,numeric,44,1.8000,1.0e-03,-1,LAM,0.2282,0.730683,2.453751e+00,7.22818187e-03,0.973361,109.9614,323.1966
14,backend,numeric,44,1.8000,1.0e-03,-1,LAM,0.2282,0.730683,2.705225e+00,5.33509946e-03,0.974584,118.4984,5.5314
14,backend,numeric,44,1.8000,1.0e-03,-1,LAM,0.2282,0.730683,2.982471e+00,7.94263514e-03,0.971338,115.3327,117.9438
14,backend,numeric,44,1.8000,1.0e-03,-1,LAM,0.2282,0.730683,3.288131e+00,6.86381393e-03,0.975349,112.4505,323.7973
14,backend,numeric,44,1.8000,1.0e-03,-1,LAM,0.2282,0.730683,3.625117e+00,7.24613179e-03,0.969380,114.0062,258.2988
14,backend,numeric,44,1.8000,1.0e-03,-1,LAM,0.2282,0.730683,3.996639e+00,7.00877370e-03,0.977864,113.2348,298.8990
14,backend,numeric,44,1.8000,1.0e-03,-1,LAM,0.2282,0.730683,4.406236e+00,8.47740198e-03,0.968907,113.1847,111.7960
14,backend,numeric,44,1.8000,1.0e-03,-1,LAM,0.2282,0.730683,4.857812e+00,7.21095289e-03,0.964229,111.1517,51.7606
14,backend,numeric,44,1.8000,1.0e-03,-1,LAM,0.2282,0.730683,5.355667e+00,8.25233080e-03,0.968771,112.9847,103.3643
14,backend,numeric,44,1.8000,1.0e-03,-1,LAM,0.2282,0.730683,5.904545e+00,6.07362794e-03,0.978132,116.2449,321.4451
14,backend,numeric,44,1.8000,1.0e-03,-1,LAM,0.2282,0.730683,6.509675e+00,6.24898475e-03,0.976989,114.5479,357.6426
14,backend,numeric,44,1.8000,1.0e-03,-1,LAM,0.2282,0.730683,7.176822e+00,7.43444537e-03,0.968996,114.9339,206.8228
14,backend,numeric,44,1.8000,1.0e-03,-1,LAM,0.2282,0.730683,7.912343e+00,7.83360603e-03,0.974291,111.1098,272.1464
14,backend,numeric,44,1.8000,1.0e-03,-1,LAM,0.2282,0.730683,8.723243e+00,7.63729817e-03,0.970324,115.9352,209.0030
14,backend,numeric,44,1.8000,1.0e-03,-1,LAM,0.2282,0.730683,9.617249e+00,5.55047613e-03,0.964215,117.5294,53.7251
14,backend,numeric,44,1.8000,1.0e-03,-1,LAM,0.2282,0.730683,1.060288e+01,8.92997236e-03,0.970885,114.0668,142.5562
14,backend,numeric,44,1.8000,1.0e-03,-1,LAM,0.2282,0.730683,1.168952e+01,7.96555256e-03,0.971787,116.0307,186.5351
14,backend,numeric,44,1.8000,1.0e-03,-1,LAM,0.2282,0.730683,1.288752e+01,8.04518186e-03,0.968729,114.2559,213.2039
14,backend,numeric,44,1.8000,1.0e-03,-1,LAM,0.2282,0.730683,1.420831e+01,7.66053401e-03,0.969201,113.0412,248.6724
14,backend,numeric,44,1.8000,1.0e-03,-1,LAM,0.2282,0.730683,1.566445e+01,6.50397028e-03,0.976611,112.6029,336.2801
14,backend,numeric,44,1.8000,1.0e-03,-1,LAM,0.2282,0.730683,1.726983e+01,7.72272588e-03,0.971053,114.1484,152.3589
14,backend,numeric,44,1.8000,1.0e-03,-1,LAM,0.2282,0.730683,1.903974e+01,7.91899139e-03,0.971283,114.8607,108.3473
14,backend,numeric,44,1.8000,1.0e-03,-1,LAM,0.2282,0.730683,2.099104e+01,8.27092905e-03,0.971499,111.6778,250.6001
14,backend,numeric,44,1.8000,1.0e-03,-1,LAM,0.2282,0.730683,2.314231e+01,7.79352435e-03,0.973561,111.2206,279.3183
14,backend,numeric,44,1.8000,1.0e-03,-1,LAM,0.2282,0.730683,2.551407e+01,7.00749519e-03,0.968526,114.0079,268.4862
14,backend,numeric,44,1.8000,1.0e-03,-1,LAM,0.2282,0.730683,2.812889e+01,8.06013373e-03,0.970312,112.0063,252.1001
14,backend,numeric,44,1.8000,1.0e-03,-1,LAM,0.2282,0.730683,3.101169e+01,5.11663003e-03,0.972161,120.3428,344.5849
14,backend,numeric,44,1.8000,1.0e-03,-1,LAM,0.2282,0.730683,3.418994e+01,7.67653815e-03,0.968931,113.5134,239.0584
14,backend,numeric,44,1.8000,1.0e-03,-1,LAM,0.2282,0.730683,3.769391e+01,6.66167845e-03,0.963355,113.5424,65.1226
14,backend,numeric,44,1.8000,1.0e-03,-1,LAM,0.2282,0.730683,4.155699e+01,7.40886173e-03,0.972142,116.0076,214.6493
14,backend,numeric,44,1.8000,1.0e-03,-1,LAM,0.2282,0.730683,4.581598e+01,8.11424589e-03,0.971285,115.9547,152.0288
14,backend,numeric,44,1.8000,1.0e-03,-1,LAM,0.2282,0.730683,5.051145e+01,7.25067664e-03,0.972911,109.7494,319.6932
14,backend,numeric,44,1.8000,1.0e-03,-1,LAM,0.2282,0.730683,5.568814e+01,8.72127291e-03,0.971463,114.5077,146.8044
14,backend,numeric,44,1.8000,1.0e-03,-1,LAM,0.2282,0.730683,6.139537e+01,8.41607658e-03,0.970583,113.9390,137.6494
14,backend,numeric,44,1.8000,1.0e-03,-1,LAM,0.2282,0.730683,6.768750e+01,8.70969021e-03,0.968087,112.0027,108.3749
14,backend,numeric,44,1.8000,1.0e-03,-1,LAM,0.2282,0.730683,7.462449e+01,7.62287391e-03,0.971796,116.0435,207.4036
14,backend,numeric,44,1.8000,1.0e-03,-1,LAM,0.2282,0.730683,8.227241e+01,7.02253597e-03,0.974986,111.9971,316.6476
14,backend,numeric,44,1.8000,1.0e-03,-1,LAM,0.2282,0.730683,9.070414e+01,7.50269683e-03,0.970571,111.9703,269.2988
14,backend,numeric,44,1.8000,1.0e-03,-1,LAM,0.2282,0.730683,1.000000e+02,5.93120187e-03,0.977641,117.4524,322.2548
15,backend,numeric,47,10.0000,1.0e-03,-1,SAM,0.1867,0.009940,0.000000e+00,2.98012411e-03,0.968583,130.6313,81.6993
15,backend,numeric,47,10.0000,1.0e-03,-1,SAM,0.1867,0.009940,1.000000e-03,3.01270581e-03,0.966932,128.5299,89.9196
15,backend,numeric,47,10.0000,1.0e-03,-1,SAM,0.1867,0.009940,1.102485e-03,3.01931333e-03,0.966823,128.2808,90.7313
15,backend,numeric,47,10.0000,1.0e-03,-1,SAM,0.1867,0.009940,1.215474e-03,3.02712981e-03,0.966715,128.0013,91.6194
15,backend,numeric,47,10.0000,1.0e-03,-1,SAM,0.1867,0.009940,1.340043e-03,3.03632681e-03,0.966610,127.6884,92.5902
15,backend,numeric,47,10.0000,1.0e-03,-1,SAM,0.1867,0.009940,1.477378e-03,3.04707509e-03,0.966512,127.3386,93.6506
15,backend,numeric,47,10.0000,1.0e-03,-1,SAM,0.1867,0.009940,1.628787e-03,3.05954382e-03,0.966425,126.9486,94.8078
15,backend,numeric,47,10.0000,1.0e-03,-1,SAM,0.1867,0.009940,1.795714e-03,3.07387507e-03,0.966352,126.5153,96.0698
15,backend,numeric,47,10.0000,1.0e-03,-1,SAM,0.1867,0.009940,1.979749e-03,3.09017944e-03,0.966300,126.0359,97.4449
15,backend,numeric,47,10.0000,1.0e-03,-1,SAM,0.1867,0.009940,2.182645e-03,3.10850030e-03,0.966275,125.5082,98.9424
15,backend,numeric,47,10.0000,1.0e-03,-1,SAM,0.1867,0.009940,2.406334e-03,3.12876722e-03,0.966284,124.9312,100.5722
15,backend,numeric,47,10.0000,1.0e-03,-1,SAM,0.1867,0.009940,2.652948e-03,3.15076810e-03,0.966335,124.3052,102.3455
15,backend,numeric,47,10.0000,1.0e-03,-1,SAM,0.1867,0.009940,2.924837e-03,3.17410890e-03,0.966437,123.6323,104.2749
15,backend,numeric,47,10.0000,1.0e-03,-1,SAM,0.1867,0.009940,3.224591e-03,3.19816784e-03,0.966600,122.9173,106.3751
15,backend,numeric,47,10.0000,1.0e-03,-1,SAM,0.1867,0.009940,3.555064e-03,3.22204527e-03,0.966836,122.1681,108.6630
15,backend,numeric,47,10.0000,1.0e-03,-1,SAM,0.1867,0.009940,3.919407e-03,3.24452589e-03,0.967155,121.3965,111.1591
15,backend,numeric,47,10.0000,1.0e-03,-1,SAM,0.1867,0.009940,4.321089e-03,3.26404853e-03,0.967569,120.6197,113.8874
15,backend,numeric,47,10.0000,1.0e-03,-1,SAM,0.1867,0.009940,4.763938e-03,3.27868242e-03,0.968089,119.8606,116.8774
15,backend,numeric,47,10.0000,1.0e-03,-1,SAM,0.1867,0.009940,5.252173e-03,3.28608620e-03,0.968725,119.1496,120.1657
15,backend,numeric,47,10.0000,1.0e-03,-1,SAM,0.1867,0.009940,5.790444e-03,3.28355285e-03,0.969480,118.5248,123.7978
15,backend,numeric,47,10.0000,1.0e-03,-1,SAM,0.1867,0.009940,6.383880e-03,3.26793915e-03,0.970352,118.0336,127.8314
15,backend,numeric,47,10.0000,1.0e-03,-1,SAM,0.1867,0.009940,7.038136e-03,3.23562442e-03,0.971325,117.7339,132.3406
15,backend,numeric,47,10.0000,1.0e-03,-1,SAM,0.1867,0.009940,7.759442e-03,3.18255502e-03,0.972360,117.6932,137.4229
15,backend,numeric,47,10.0000,1.0e-03,-1,SAM,0.1867,0.009940,8.554673e-03,3.10443768e-03,0.973379,117.9857,143.2071
15,backend,numeric,47,10.0000,1.0e-03,-1,SAM,0.1867,0.009940,9.431402e-03,2.99773023e-03,0.974247,118.6791,149.8619
15,backend,numeric,47,10.0000,1.0e-03,-1,SAM,0.1867,0.009940,1.039798e-02,2.86109024e-03,0.974742,119.8059,157.6087
15,backend,numeric,47,10.0000,1.0e-03,-1,SAM,0.1867,0.009940,1.146363e-02,2.69929395e-03,0.974528,121.2837,166.7257
15,backend,numeric,47,10.0000,1.0e-03,-1,SAM,0.1867,0.009940,1.263848e-02,2.53183393e-03,0.973212,122.7547,177.5100
15,backend,numeric,47,10.0000,1.0e-03,-1,SAM,0.1867,0.009940,1.393374e-02,2.40438568e-03,0.970723,123.4360,190.1022
15,backend,numeric,47,10.0000,1.0e-03,-1,SAM,0.1867,0.009940,1.536175e-02,2.38089298e-03,0.968005,122.4668,204.1623
15,backend,numeric,47,10.0000,1.0e-03,-1,SAM,0.1867,0.009940,1.693611e-02,2.47834753e-03,0.966608,119.9432,218.9514
15,backend,numeric,47,10.0000,1.0e-03,-1,SAM,0.1867,0.009940,1.867181e-02,2.61518804e-03,0.967144,116.9687,234.1991
15,backend,numeric,47,10.0000,1.0e-03,-1,SAM,0.1867,0.009940,2.058540e-02,2.68520913e-03,0.969346,114.6643,250.4173
15,backend,numeric,47,10.0000,1.0e-03,-1,SAM,0.1867,0.009940,2.269511e-02,2.62518634e-03,0.972656,113.7940,268.5637
15,backend,numeric,47,10.0000,1.0e-03,-1,SAM,0.1867,0.009940,2.502102e-02,2.39839415e-03,0.975869,114.9934,290.0497
15,backend,numeric,47,10.0000,1.0e-03,-1,SAM,0.1867,0.009940,2.758532e-02,2.01231591e-03,0.975760,118.4527,317.0716
15,backend,numeric,47,10.0000,1.0e-03,-1,SAM,0.1867,0.009940,3.041241e-02,1.78024745e-03,0.968279,118.6874,350.2844
15,backend,numeric,47,10.0000,1.0e-03,-1,SAM,0.1867,0.009940,3.352924e-02,2.10607340e-03,0.965749,113.2740,21.5156
15,backend,numeric,47,10.0000,1.0e-03,-1,SAM,0.1867,0.009940,3.696550e-02,2.31995437e-03,0.969617,112.9290,52.7629
15,backend,numeric,47,10.0000,1.0e-03,-1,SAM,0.1867,0.009940,4.075393e-02,2.18401637e-03,0.972474,115.1776,91.0884
15,backend,numeric,47,10.0000,1.0e-03,-1,SAM,0.1867,0.009940,4.493062e-02,1.93334902e-03,0.971319,115.2034,138.0439
15,backend,numeric,47,10.0000,1.0e-03,-1,SAM,0.1867,0.009940,4.953535e-02,1.93871261e-03,0.968220,114.7210,190.1867
15,backend,numeric,47,10.0000,1.0e-03,-1,SAM,0.1867,0.009940,5.461201e-02,2.16374283e-03,0.969166,112.9080,244.0403
15,backend,numeric,47,10.0000,1.0e-03,-1,SAM,0.1867,0.009940,6.020894e-02,1.96144853e-03,0.974528,113.5567,303.0861
15,backend,numeric,47,10.0000,1.0e-03,-1,SAM,0.1867,0.009940,6.637949e-02,1.79506066e-03,0.965836,114.0248,16.2734
15,backend,numeric,47,10.0000,1.0e-03,-1,SAM,0.1867,0.009940,7.318242e-02,2.15368503e-03,0.971874,112.7696,84.2270
15,backend,numeric,47,10.0000,1.0e-03,-1,SAM,0.1867,0.009940,8.068256e-02,1.77592751e-03,0.968682,115.2892,173.7440
15,backend,numeric,47,10.0000,1.0e-03,-1,SAM,0.1867,0.009940,8.895135e-02,2.15394404e-03,0.971355,112.2390,262.8768
15,backend,numeric,47,10.0000,1.0e-03,-1,SAM,0.1867,0.009940,9.806757e-02,1.73482961e-03,0.966974,114.4526,7.2224
15,backend,numeric,47,10.0000,1.0e-03,-1,SAM,0.1867,0.009940,1.081181e-01,2.00082366e-03,0.972833,113.8281,112.6773
15,backend,numeric,47,10.0000,1.0e-03,-1,SAM,0.1867,0.009940,1.191986e-01,2.13628823e-03,0.968553,111.9913,243.0803
15,backend,numeric,47,10.0000,1.0e-03,-1,SAM,0.1867,0.009940,1.314147e-01,1.82338034e-03,0.966266,113.2583,18.9521
15,backend,numeric,47,10.0000,1.0e-03,-1,SAM,0.1867,0.009940,1.448828e-01,1.77106944e-03,0.970299,115.1411,169.3161
15,backend,numeric,47,10.0000,1.0e-03,-1,SAM,0.1867,0.009940,1.597312e-01,1.74660575e-03,0.972763,115.9860,335.3761
15,backend,numeric,47,10.0000,1.0e-03,-1,SAM,0.1867,0.009940,1.761014e-01,1.80424858e-03,0.971651,114.8734,158.2520
15,backend,numeric,47,10.0000,1.0e-03,-1,SAM,0.1867,0.009940,1.941492e-01,1.69853328e-03,0.968633,115.6153,4.5096
15,backend,numeric,47,10.0000,1.0e-03,-1,SAM,0.1867,0.009940,2.140467e-01,1.96864336e-03,0.967022,113.1378,232.6480
15,backend,numeric,47,10.0000,1.0e-03,-1,SAM,0.1867,0.009940,2.359833e-01,2.07078252e-03,0.972025,113.3531,109.0181
15,backend,numeric,47,10.0000,1.0e-03,-1,SAM,0.1867,0.009940,2.601682e-01,1.79989764e-03,0.966736,113.9348,30.3302
15,backend,numeric,47,10.0000,1.0e-03,-1,SAM,0.1867,0.009940,2.868317e-01,1.92701345e-03,0.974027,114.1439,330.4912
15,backend,numeric,47,10.0000,1.0e-03,-1,SAM,0.1867,0.009940,3.162278e-01,2.11031115e-03,0.971914,111.8706,303.3728
15,backend,numeric,47,10.0000,1.0e-03,-1,SAM,0.1867,0.009940,3.486365e-01,2.10967216e-03,0.971973,111.8223,307.4100
15,backend,numeric,47,10.0000,1.0e-03,-1,SAM,0.1867,0.009940,3.843667e-01,1.88604451e-03,0.974298,114.4464,345.9937
15,backend,numeric,47,10.0000,1.0e-03,-1,SAM,0.1867,0.009940,4.237587e-01,1.95840419e-03,0.966013,112.4293,66.4811
15,backend,numeric,47,10.0000,1.0e-03,-1,SAM,0.1867,0.009940,4.671878e-01,1.87384144e-03,0.972654,114.8842,183.6717
15,backend,numeric,47,10.0000,1.0e-03,-1,SAM,0.1867,0.009940,5.150678e-01,1.82728334e-03,0.974529,114.4440,354.0841
15,backend,numeric,47,10.0000,1.0e-03,-1,SAM,0.1867,0.009940,5.678548e-01,1.80971225e-03,0.968845,115.0813,220.0076
15,backend,numeric,47,10.0000,1.0e-03,-1,SAM,0.1867,0.009940,6.260517e-01,2.10852431e-03,0.972894,114.2170,148.3202
15,backend,numeric,47,10.0000,1.0e-03,-1,SAM,0.1867,0.009940,6.902129e-01,2.05568626e-03,0.972950,114.7675,150.0115
15,backend,numeric,47,10.0000,1.0e-03,-1,SAM,0.1867,0.009940,7.609497e-01,2.00821147e-03,0.967982,112.9324,226.5892
15,backend,numeric,47,10.0000,1.0e-03,-1,SAM,0.1867,0.009940,8.389360e-01,1.86126307e-03,0.965372,112.9409,38.4519
15,backend,numeric,47,10.0000,1.0e-03,-1,SAM,0.1867,0.009940,9.249147e-01,2.09947931e-03,0.972273,112.3335,265.5288
15,backend,numeric,47,10.0000,1.0e-03,-1,SAM,0.1867,0.009940,1.019705e+00,2.15730262e-03,0.969373,112.1774,239.3562
15,backend,numeric,47,10.0000,1.0e-03,-1,SAM,0.1867,0.009940,1.124210e+00,1.80945957e-03,0.973895,115.3152,321.6254
15,backend,numeric,47,10.0000,1.0e-03,-1,SAM,0.1867,0.009940,1.239425e+00,1.77392724e-03,0.970731,114.9952,180.3262
15,backend,numeric,47,10.0000,1.0e-03,-1,SAM,0.1867,0.009940,1.366448e+00,1.90094498e-03,0.972804,114.3265,167.7123
15,backend,numeric,47,10.0000,1.0e-03,-1,SAM,0.1867,0.009940,1.506489e+00,2.10025730e-03,0.969057,111.7066,284.9477
15,backend,numeric,47,10.0000,1.0e-03,-1,SAM,0.1867,0.009940,1.660883e+00,1.83732970e-03,0.969353,115.4164,204.4123
15,backend,numeric,47,10.0000,1.0e-03,-1,SAM,0.1867,0.009940,1.831099e+00,1.75643178e-03,0.974154,114.4965,325.3110
15,backend,numeric,47,10.0000,1.0e-03,-1,SAM,0.1867,0.009940,2.018760e+00,2.15999861e-03,0.970862,112.1391,253.3137
15,backend,numeric,47,10.0000,1.0e-03,-1,SAM,0.1867,0.009940,2.225654e+00,1.99805258e-03,0.967039,111.8838,47.9399
15,backend,numeric,47,10.0000,1.0e-03,-1,SAM,0.1867,0.009940,2.453751e+00,2.13351213e-03,0.967557,111.8137,87.9366
15,backend,numeric,47,10.0000,1.0e-03,-1,SAM,0.1867,0.009940,2.705225e+00,1.60970583e-03,0.970348,116.0883,14.5207
15,backend,numeric,47,10.0000,1.0e-03,-1,SAM,0.1867,0.009940,2.982471e+00,2.15178330e-03,0.969415,112.2490,237.2059
15,backend,numeric,47,10.0000,1.0e-03,-1,SAM,0.1867,0.009940,3.288131e+00,2.02558473e-03,0.967183,111.8814,59.5049
15,backend,numeric,47,10.0000,1.0e-03,-1,SAM,0.1867,0.009940,3.625117e+00,1.83169513e-03,0.968863,115.1086,214.1139
15,backend,numeric,47,10.0000,1.0e-03,-1,SAM,0.1867,0.009940,3.996639e+00,2.16792616e-03,0.969207,111.6513,61.7640
15,backend,numeric,47,10.0000,1.0e-03,-1,SAM,0.1867,0.009940,4.406236e+00,2.01060924e-03,0.973906,112.8787,331.1258
15,backend,numeric,47,10.0000,1.0e-03,-1,SAM,0.1867,0.009940,4.857812e+00,1.62538651e-03,0.971695,116.0042,346.0275
15,backend,numeric,47,10.0000,1.0e-03,-1,SAM,0.1867,0.009940,5.355667e+00,2.00189386e-03,0.972789,113.9107,147.1546
15,backend,numeric,47,10.0000,1.0e-03,-1,SAM,0.1867,0.009940,5.904545e+00,1.82909128e-03,0.968885,115.4594,171.9840
15,backend,numeric,47,10.0000,1.0e-03,-1,SAM,0.1867,0.009940,6.509675e+00,2.13737113e-03,0.967256,111.7545,90.3125
15,backend,numeric,47,10.0000,1.0e-03,-1,SAM,0.1867,0.009940,7.176822e+00,1.70450383e-03,0.971317,116.2304,346.5855
15,backend,numeric,47,10.0000,1.0e-03,-1,SAM,0.1867,0.009940,7.912343e+00,1.85729764e-03,0.974573,113.7692,305.6685
15,backend,numeric,47,10.0000,1.0e-03,-1,SAM,0.1867,0.009940,8.723243e+00,1.61110452e-03,0.970573,116.0561,10.7107
15,backend,numeric,47,10.0000,1.0e-03,-1,SAM,0.1867,0.009940,9.617249e+00,2.08321093e-03,0.969484,111.9133,275.0263
15,backend,numeric,47,10.0000,1.0e-03,-1,SAM,0.1867,0.009940,1.060288e+01,2.14284589e-03,0.972639,113.8725,143.8046
15,backend,numeric,47,10.0000,1.0e-03,-1,SAM,0.1867,0.009940,1.168952e+01,1.99219129e-03,0.965735,112.1040,70.1975
15,backend,numeric,47,10.0000,1.0e-03,-1,SAM,0.1867,0.009940,1.288752e+01,1.83440591e-03,0.970399,115.9407,160.1837
15,backend,numeric,47,10.0000,1.0e-03,-1,SAM,0.1867,0.009940,1.420831e+01,1.82765772e-03,0.972043,114.6498,157.0450
15,backend,numeric,47,10.0000,1.0e-03,-1,SAM,0.1867,0.009940,1.566445e+01,1.97538524e-03,0.967813,113.0355,238.9233
15,backend,numeric,47,10.0000,1.0e-03,-1,SAM,0.1867,0.009940,1.726983e+01,1.80101756e-03,0.967959,114.6876,215.1778
15,backend,numeric,47,10.0000,1.0e-03,-1,SAM,0.1867,0.009940,1.903974e+01,1.95241001e-03,0.966918,113.5801,202.7724
15,backend,numeric,47,10.0000,1.0e-03,-1,SAM,0.1867,0.009940,2.099104e+01,2.17936257e-03,0.970353,112.0943,71.8354
15,backend,numeric,47,10.0000,1.0e-03,-1,SAM,0.1867,0.009940,2.314231e+01,1.71862347e-03,0.967346,114.8706,7.0363
15,backend,numeric,47,10.0000,1.0e-03,-1,SAM,0.1867,0.009940,2.551407e+01,1.98815961e-03,0.967378,112.7298,260.9585
15,backend,numeric,47,10.0000,1.0e-03,-1,SAM,0.1867,0.009940,2.812889e+01,1.68450804e-03,0.971162,116.2854,342.8415
15,backend,numeric,47,10.0000,1.0e-03,-1,SAM,0.1867,0.009940,3.101169e+01,1.92994812e-03,0.966994,113.8004,197.1860
15,backend,numeric,47,10.0000,1.0e-03,-1,SAM,0.1867,0.009940,3.418994e+01,2.09763160e-03,0.971615,113.0476,94.5265
15,backend,numeric,47,10.0000,1.0e-03,-1,SAM,0.1867,0.009940,3.769391e+01,1.90606539e-03,0.965392,112.7433,62.1263
15,backend,numeric,47,10.0000,1.0e-03,-1,SAM,0.1867,0.009940,4.155699e+01,1.90726236e-03,0.965368,112.8939,69.2315
15,backend,numeric,47,10.0000,1.0e-03,-1,SAM,0.1867,0.009940,4.581598e+01,1.90025295e-03,0.967955,114.4746,196.1606
15,backend,numeric,47,10.0000,1.0e-03,-1,SAM,0.1867,0.009940,5.051145e+01,2.12510163e-03,0.972619,113.8575,145.3276
15,backend,numeric,47,10.0000,1.0e-03,-1,SAM,0.1867,0.009940,5.568814e+01,2.17262701e-03,0.967958,111.5642,92.1639
15,backend,numeric,47,10.0000,1.0e-03,-1,SAM,0.1867,0.009940,6.139537e+01,1.77114666e-03,0.968594,115.0593,224.1326
15,backend,numeric,47,10.0000,1.0e-03,-1,SAM,0.1867,0.009940,6.768750e+01,1.62776522e-03,0.967806,115.7650,31.5476
15,backend,numeric,47,10.0000,1.0e-03,-1,SAM,0.1867,0.009940,7.462449e+01,1.83180149e-03,0.968847,115.0984,214.3573
15,backend,numeric,47,10.0000,1.0e-03,-1,SAM,0.1867,0.009940,8.227241e+01,2.13394285e-03,0.970227,112.4580,88.8648
15,backend,numeric,47,10.0000,1.0e-03,-1,SAM,0.1867,0.009940,9.070414e+01,2.13590660e-03,0.967283,111.4997,84.6484
15,backend,numeric,47,10.0000,1.0e-03,-1,SAM,0.1867,0.009940,1.000000e+02,NaN,NaN,NaN,NaN
