case_id,block,backend,ic_id,J,mu_over_J,sigma,band0,band_frac0,d_sep0,t_yr,omega_e,Id_over_Is,beta_deg,alpha_deg
1,backend,numeric,2,1.8000,1.0e-03,-1,LAM,0.1357,0.818298,0.000000e+00,8.86467479e-04,0.367820,103.8745,264.8843
1,backend,numeric,2,1.8000,1.0e-03,-1,LAM,0.1357,0.818298,1.000000e-03,8.80679089e-04,0.372595,102.3398,355.9737
1,backend,numeric,2,1.8000,1.0e-03,-1,LAM,0.1357,0.818298,1.102485e-03,8.80083793e-04,0.373103,102.1500,328.8753
1,backend,numeric,2,1.8000,1.0e-03,-1,LAM,0.1357,0.818298,1.215474e-03,8.79436034e-04,0.373664,102.5760,299.0214
1,backend,numeric,2,1.8000,1.0e-03,-1,LAM,0.1357,0.818298,1.340043e-03,8.78745971e-04,0.374272,103.2079,266.0045
1,backend,numeric,2,1.8000,1.0e-03,-1,LAM,0.1357,0.818298,1.477378e-03,8.78001914e-04,0.374939,103.1328,229.5606
1,backend,numeric,2,1.8000,1.0e-03,-1,LAM,0.1357,0.818298,1.628787e-03,8.77169563e-04,0.375688,102.1706,189.6651
1,backend,numeric,2,1.8000,1.0e-03,-1,LAM,0.1357,0.818298,1.795714e-03,8.76217855e-04,0.376537,101.7372,146.0850
1,backend,numeric,2,1.8000,1.0e-03,-1,LAM,0.1357,0.818298,1.979749e-03,8.75199716e-04,0.377468,102.6814,98.0720
1,backend,numeric,2,1.8000,1.0e-03,-1,LAM,0.1357,0.818298,2.182645e-03,8.74140138e-04,0.378476,102.8502,44.9904
1,backend,numeric,2,1.8000,1.0e-03,-1,LAM,0.1357,0.818298,2.406334e-03,8.72938131e-04,0.379615,101.6327,347.0589
1,backend,numeric,2,1.8000,1.0e-03,-1,LAM,0.1357,0.818298,2.652948e-03,8.71599930e-04,0.380891,102.2927,283.6623
1,backend,numeric,2,1.8000,1.0e-03,-1,LAM,0.1357,0.818298,2.924837e-03,8.70214241e-04,0.382279,102.1789,213.6438
1,backend,numeric,2,1.8000,1.0e-03,-1,LAM,0.1357,0.818298,3.224591e-03,8.68612349e-04,0.383861,101.2599,137.4527
1,backend,numeric,2,1.8000,1.0e-03,-1,LAM,0.1357,0.818298,3.555064e-03,8.66943979e-04,0.385593,102.3548,53.6130
1,backend,numeric,2,1.8000,1.0e-03,-1,LAM,0.1357,0.818298,3.919407e-03,8.65093664e-04,0.387536,101.0642,322.1953
1,backend,numeric,2,1.8000,1.0e-03,-1,LAM,0.1357,0.818298,4.321089e-03,8.63133753e-04,0.389687,101.7614,221.9639
1,backend,numeric,2,1.8000,1.0e-03,-1,LAM,0.1357,0.818298,4.763938e-03,8.60933874e-04,0.392115,101.1700,112.9060
1,backend,numeric,2,1.8000,1.0e-03,-1,LAM,0.1357,0.818298,5.252173e-03,8.58664214e-04,0.394790,100.6267,353.4865
1,backend,numeric,2,1.8000,1.0e-03,-1,LAM,0.1357,0.818298,5.790444e-03,8.56193357e-04,0.397789,101.2060,223.6399
1,backend,numeric,2,1.8000,1.0e-03,-1,LAM,0.1357,0.818298,6.383880e-03,8.53512893e-04,0.401148,101.1444,82.5067
1,backend,numeric,2,1.8000,1.0e-03,-1,LAM,0.1357,0.818298,7.038136e-03,8.50714813e-04,0.404882,100.4822,289.1713
1,backend,numeric,2,1.8000,1.0e-03,-1,LAM,0.1357,0.818298,7.759442e-03,8.47750988e-04,0.409059,99.8840,122.8263
1,backend,numeric,2,1.8000,1.0e-03,-1,LAM,0.1357,0.818298,8.554673e-03,8.44677540e-04,0.413711,99.7314,302.9116
1,backend,numeric,2,1.8000,1.0e-03,-1,LAM,0.1357,0.818298,9.431402e-03,8.41464490e-04,0.418928,99.6088,108.6901
1,backend,numeric,2,1.8000,1.0e-03,-1,LAM,0.1357,0.818298,1.039798e-02,8.38220779e-04,0.424738,99.6989,259.6203
1,backend,numeric,2,1.8000,1.0e-03,-1,LAM,0.1357,0.818298,1.146363e-02,8.34932616e-04,0.431247,99.2398,35.0593
1,backend,numeric,2,1.8000,1.0e-03,-1,LAM,0.1357,0.818298,1.263848e-02,8.31650474e-04,0.438531,98.0580,155.1372
1,backend,numeric,2,1.8000,1.0e-03,-1,LAM,0.1357,0.818298,1.393374e-02,8.28511093e-04,0.446619,98.5151,259.3317
1,backend,numeric,2,1.8000,1.0e-03,-1,LAM,0.1357,0.818298,1.536175e-02,8.25569424e-04,0.455560,97.5559,347.5558
1,backend,numeric,2,1.8000,1.0e-03,-1,LAM,0.1357,0.818298,1.693611e-02,8.22947148e-04,0.465378,97.6467,60.2087
1,backend,numeric,2,1.8000,1.0e-03,-1,LAM,0.1357,0.818298,1.867181e-02,8.20879926e-04,0.476130,96.6669,117.6127
1,backend,numeric,2,1.8000,1.0e-03,-1,LAM,0.1357,0.818298,2.058540e-02,8.19552514e-04,0.487899,95.8958,160.2826
1,backend,numeric,2,1.8000,1.0e-03,-1,LAM,0.1357,0.818298,2.269511e-02,8.18952469e-04,0.500699,95.3918,189.2263
1,backend,numeric,2,1.8000,1.0e-03,-1,LAM,0.1357,0.818298,2.502102e-02,8.19078961e-04,0.514490,94.7572,205.4625
1,backend,numeric,2,1.8000,1.0e-03,-1,LAM,0.1357,0.818298,2.758532e-02,8.19956128e-04,0.529398,93.9517,210.2028
1,backend,numeric,2,1.8000,1.0e-03,-1,LAM,0.1357,0.818298,3.041241e-02,8.21527021e-04,0.545392,93.0311,204.8391
1,backend,numeric,2,1.8000,1.0e-03,-1,LAM,0.1357,0.818298,3.352924e-02,8.23580458e-04,0.562468,92.0575,190.6669
1,backend,numeric,2,1.8000,1.0e-03,-1,LAM,0.1357,0.818298,3.696550e-02,8.25706632e-04,0.580737,91.0393,169.0689
1,backend,numeric,2,1.8000,1.0e-03,-1,LAM,0.1357,0.818298,4.075393e-02,8.27129048e-04,0.600175,89.7584,141.2232
1,backend,numeric,2,1.8000,1.0e-03,-1,LAM,0.1357,0.818298,4.493062e-02,8.26484693e-04,0.620692,87.8457,107.4592
1,backend,numeric,2,1.8000,1.0e-03,-1,LAM,0.1357,0.818298,4.953535e-02,8.21866719e-04,0.643110,85.6038,67.6146
1,backend,numeric,2,1.8000,1.0e-03,-1,LAM,0.1357,0.818298,5.461201e-02,8.10132098e-04,0.667932,84.1671,20.7680
1,backend,numeric,2,1.8000,1.0e-03,-1,LAM,0.1357,0.818298,6.020894e-02,7.86486978e-04,0.695818,82.0569,324.2987
1,backend,numeric,2,1.8000,1.0e-03,-1,LAM,0.1357,0.818298,6.637949e-02,7.40299602e-04,0.729480,75.9782,250.4256
1,backend,numeric,2,1.8000,1.0e-03,-1,LAM,0.1357,0.818298,7.318242e-02,6.52002820e-04,0.775766,72.1132,144.8949
1,backend,numeric,2,1.8000,1.0e-03,-1,LAM,0.1357,0.818298,8.068256e-02,4.56694242e-04,0.867765,61.7174,324.2418
1,backend,numeric,2,1.8000,1.0e-03,-1,LAM,0.1357,0.818298,8.895135e-02,6.10539722e-04,0.925584,152.1842,286.4879
1,backend,numeric,2,1.8000,1.0e-03,-1,LAM,0.1357,0.818298,9.806757e-02,1.01853780e-03,0.745477,142.1237,294.0447
1,backend,numeric,2,1.8000,1.0e-03,-1,LAM,0.1357,0.818298,1.081181e-01,1.25775574e-03,0.673483,137.4747,118.0691
1,backend,numeric,2,1.8000,1.0e-03,-1,LAM,0.1357,0.818298,1.191986e-01,1.43594287e-03,0.644818,132.2752,229.0901
1,backend,numeric,2,1.8000,1.0e-03,-1,LAM,0.1357,0.818298,1.314147e-01,1.57339735e-03,0.645067,128.4112,322.4112
1,backend,numeric,2,1.8000,1.0e-03,-1,LAM,0.1357,0.818298,1.448828e-01,1.68347580e-03,0.669939,123.1743,89.5630
1,backend,numeric,2,1.8000,1.0e-03,-1,LAM,0.1357,0.818298,1.597312e-01,1.78684203e-03,0.716281,118.0644,289.8039
1,backend,numeric,2,1.8000,1.0e-03,-1,LAM,0.1357,0.818298,1.761014e-01,1.90553826e-03,0.780404,111.3940,241.6094
1,backend,numeric,2,1.8000,1.0e-03,-1,LAM,0.1357,0.818298,1.941492e-01,2.08288850e-03,0.849828,105.8207,313.3045
1,backend,numeric,2,1.8000,1.0e-03,-1,LAM,0.1357,0.818298,2.140467e-01,2.26454109e-03,0.914404,94.1232,141.5606
1,backend,numeric,2,1.8000,1.0e-03,-1,LAM,0.1357,0.818298,2.359833e-01,2.02919048e-03,0.992749,115.5799,113.7197
1,backend,numeric,2,1.8000,1.0e-03,-1,LAM,0.1357,0.818298,2.601682e-01,2.70918310e-03,0.941387,96.1591,78.9771
1,backend,numeric,2,1.8000,1.0e-03,-1,LAM,0.1357,0.818298,2.868317e-01,1.97388376e-03,0.966389,127.1249,125.7580
1,backend,numeric,2,1.8000,1.0e-03,-1,LAM,0.1357,0.818298,3.162278e-01,3.37078012e-03,0.992501,120.6203,187.6046
1,backend,numeric,2,1.8000,1.0e-03,-1,LAM,0.1357,0.818298,3.486365e-01,5.34382268e-03,0.942926,113.9893,179.2246
1,backend,numeric,2,1.8000,1.0e-03,-1,LAM,0.1357,0.818298,3.843667e-01,7.38089087e-03,0.988135,106.2241,204.7794
1,backend,numeric,2,1.8000,1.0e-03,-1,LAM,0.1357,0.818298,4.237587e-01,9.08635409e-03,0.958622,109.0139,263.3358
1,backend,numeric,2,1.8000,1.0e-03,-1,LAM,0.1357,0.818298,4.671878e-01,5.97313460e-03,0.980206,135.7709,349.6606
1,backend,numeric,2,1.8000,1.0e-03,-1,LAM,0.1357,0.818298,5.150678e-01,1.19411040e-02,0.979543,112.6914,34.7231
1,backend,numeric,2,1.8000,1.0e-03,-1,LAM,0.1357,0.818298,5.678548e-01,1.52202013e-02,0.968833,117.6982,143.6074
1,backend,numeric,2,1.8000,1.0e-03,-1,LAM,0.1357,0.818298,6.260517e-01,9.63972875e-03,0.969373,116.6157,263.8347
1,backend,numeric,2,1.8000,1.0e-03,-1,LAM,0.1357,0.818298,6.902129e-01,9.27132196e-03,0.966039,113.2045,84.8552
1,backend,numeric,2,1.8000,1.0e-03,-1,LAM,0.1357,0.818298,7.609497e-01,8.11202580e-03,0.971529,113.2674,261.9386
1,backend,numeric,2,1.8000,1.0e-03,-1,LAM,0.1357,0.818298,8.389360e-01,8.36846951e-03,0.971393,115.7593,141.9053
1,backend,numeric,2,1.8000,1.0e-03,-1,LAM,0.1357,0.818298,9.249147e-01,7.46879743e-03,0.964911,110.5234,47.1078
1,backend,numeric,2,1.8000,1.0e-03,-1,LAM,0.1357,0.818298,1.019705e+00,6.45569987e-03,0.978221,115.4081,311.7236
1,backend,numeric,2,1.8000,1.0e-03,-1,LAM,0.1357,0.818298,1.124210e+00,8.01058937e-03,0.972116,111.3114,266.4892
1,backend,numeric,2,1.8000,1.0e-03,-1,LAM,0.1357,0.818298,1.239425e+00,7.59874446e-03,0.969719,112.2948,263.6984
1,backend,numeric,2,1.8000,1.0e-03,-1,LAM,0.1357,0.818298,1.366448e+00,7.34948882e-03,0.970233,110.7752,295.6231
1,backend,numeric,2,1.8000,1.0e-03,-1,LAM,0.1357,0.818298,1.506489e+00,6.24496198e-03,0.976976,114.5849,357.7968
1,backend,numeric,2,1.8000,1.0e-03,-1,LAM,0.1357,0.818298,1.660883e+00,8.74397166e-03,0.967946,112.0420,109.4525
1,backend,numeric,2,1.8000,1.0e-03,-1,LAM,0.1357,0.818298,1.831099e+00,7.94621352e-03,0.970902,111.9152,251.8054
1,backend,numeric,2,1.8000,1.0e-03,-1,LAM,0.1357,0.818298,2.018760e+00,8.06201516e-03,0.971203,114.4069,100.2169
1,backend,numeric,2,1.8000,1.0e-03,-1,LAM,0.1357,0.818298,2.225654e+00,5.35335813e-03,0.967918,117.5179,11.6563
1,backend,numeric,2,1.8000,1.0e-03,-1,LAM,0.1357,0.818298,2.453751e+00,6.70045177e-03,0.976250,112.3932,345.0998
1,backend,numeric,2,1.8000,1.0e-03,-1,LAM,0.1357,0.818298,2.705225e+00,5.13467266e-03,0.966269,118.9280,36.1149
1,backend,numeric,2,1.8000,1.0e-03,-1,LAM,0.1357,0.818298,2.982471e+00,7.69537998e-03,0.970695,115.9699,138.7963
1,backend,numeric,2,1.8000,1.0e-03,-1,LAM,0.1357,0.818298,3.288131e+00,6.02867829e-03,0.975366,116.0188,346.6345
1,backend,numeric,2,1.8000,1.0e-03,-1,LAM,0.1357,0.818298,3.625117e+00,7.31394409e-03,0.969952,111.8966,279.8156
1,backend,numeric,2,1.8000,1.0e-03,-1,LAM,0.1357,0.818298,3.996639e+00,5.82552911e-03,0.977355,117.8850,324.5408
1,backend,numeric,2,1.8000,1.0e-03,-1,LAM,0.1357,0.818298,4.406236e+00,8.50462294e-03,0.970183,113.8566,130.8784
1,backend,numeric,2,1.8000,1.0e-03,-1,LAM,0.1357,0.818298,4.857812e+00,8.05489171e-03,0.966646,110.6231,70.1854
1,backend,numeric,2,1.8000,1.0e-03,-1,LAM,0.1357,0.818298,5.355667e+00,8.31311162e-03,0.969982,113.7871,122.6477
1,backend,numeric,2,1.8000,1.0e-03,-1,LAM,0.1357,0.818298,5.904545e+00,5.01117189e-03,0.971844,120.5336,351.5781
1,backend,numeric,2,1.8000,1.0e-03,-1,LAM,0.1357,0.818298,6.509675e+00,5.26804154e-03,0.972651,119.5882,25.1528
1,backend,numeric,2,1.8000,1.0e-03,-1,LAM,0.1357,0.818298,7.176822e+00,7.64064001e-03,0.968727,114.0482,228.6584
1,backend,numeric,2,1.8000,1.0e-03,-1,LAM,0.1357,0.818298,7.912343e+00,7.17484106e-03,0.977195,112.2174,294.4914
1,backend,numeric,2,1.8000,1.0e-03,-1,LAM,0.1357,0.818298,8.723243e+00,7.56777472e-03,0.969646,114.8937,229.3540
1,backend,numeric,2,1.8000,1.0e-03,-1,LAM,0.1357,0.818298,9.617249e+00,7.05311006e-03,0.963520,112.9520,74.7724
1,backend,numeric,2,1.8000,1.0e-03,-1,LAM,0.1357,0.818298,1.060288e+01,8.65838217e-03,0.971929,114.6941,161.1178
1,backend,numeric,2,1.8000,1.0e-03,-1,LAM,0.1357,0.818298,1.168952e+01,7.64426659e-03,0.970950,116.1141,206.5030
1,backend,numeric,2,1.8000,1.0e-03,-1,LAM,0.1357,0.818298,1.288752e+01,8.16094819e-03,0.969689,112.8526,232.8845
1,backend,numeric,2,1.8000,1.0e-03,-1,LAM,0.1357,0.818298,1.420831e+01,7.74490593e-03,0.970738,111.6270,269.0067
1,backend,numeric,2,1.8000,1.0e-03,-1,LAM,0.1357,0.818298,1.566445e+01,5.57431301e-03,0.975800,117.3436,3.6520
1,backend,numeric,2,1.8000,1.0e-03,-1,LAM,0.1357,0.818298,1.726983e+01,7.48912547e-03,0.971214,114.3522,174.6401
1,backend,numeric,2,1.8000,1.0e-03,-1,LAM,0.1357,0.818298,1.903974e+01,7.66628803e-03,0.970952,115.5324,129.7150
1,backend,numeric,2,1.8000,1.0e-03,-1,LAM,0.1357,0.818298,2.099104e+01,7.94816647e-03,0.974315,111.2090,270.8474
1,backend,numeric,2,1.8000,1.0e-03,-1,LAM,0.1357,0.818298,2.314231e+01,7.22114466e-03,0.976292,112.4948,299.8074
1,backend,numeric,2,1.8000,1.0e-03,-1,LAM,0.1357,0.818298,2.551407e+01,7.24776013e-03,0.969173,111.3060,290.3227
1,backend,numeric,2,1.8000,1.0e-03,-1,LAM,0.1357,0.818298,2.812889e+01,7.93333699e-03,0.972760,111.2162,271.7738
1,backend,numeric,2,1.8000,1.0e-03,-1,LAM,0.1357,0.818298,3.101169e+01,5.53452250e-03,0.964331,116.2462,12.1270
1,backend,numeric,2,1.8000,1.0e-03,-1,LAM,0.1357,0.818298,3.418994e+01,7.81689725e-03,0.970144,112.0352,259.5566
1,backend,numeric,2,1.8000,1.0e-03,-1,LAM,0.1357,0.818298,3.769391e+01,7.85800619e-03,0.965003,111.3387,83.8129
1,backend,numeric,2,1.8000,1.0e-03,-1,LAM,0.1357,0.818298,4.155699e+01,7.06172931e-03,0.970538,116.1364,236.8338
1,backend,numeric,2,1.8000,1.0e-03,-1,LAM,0.1357,0.818298,4.581598e+01,7.87884092e-03,0.970552,116.3333,171.5374
1,backend,numeric,2,1.8000,1.0e-03,-1,LAM,0.1357,0.818298,5.051145e+01,6.80259401e-03,0.976107,111.6364,341.8824
1,backend,numeric,2,1.8000,1.0e-03,-1,LAM,0.1357,0.818298,5.568814e+01,8.39452896e-03,0.972023,115.3802,165.4611
1,backend,numeric,2,1.8000,1.0e-03,-1,LAM,0.1357,0.818298,6.139537e+01,8.19034690e-03,0.971551,113.9236,157.9198
1,backend,numeric,2,1.8000,1.0e-03,-1,LAM,0.1357,0.818298,6.768750e+01,8.87641233e-03,0.969997,113.2319,126.1489
1,backend,numeric,2,1.8000,1.0e-03,-1,LAM,0.1357,0.818298,7.462449e+01,7.31597930e-03,0.970606,115.9252,228.4344
1,backend,numeric,2,1.8000,1.0e-03,-1,LAM,0.1357,0.818298,8.227241e+01,6.23901118e-03,0.975816,115.1975,338.8607
1,backend,numeric,2,1.8000,1.0e-03,-1,LAM,0.1357,0.818298,9.070414e+01,7.35658526e-03,0.972568,110.8046,290.7306
1,backend,numeric,2,1.8000,1.0e-03,-1,LAM,0.1357,0.818298,1.000000e+02,5.01292619e-03,0.969791,120.2318,351.6992
2,backend,numeric,5,10.0000,1.0e-03,-1,SAM,0.0972,0.005179,0.000000e+00,2.34962900e-03,0.965129,94.2320,108.2913
2,backend,numeric,5,10.0000,1.0e-03,-1,SAM,0.0972,0.005179,1.000000e-03,2.42126962e-03,0.971274,95.0553,115.2367
2,backend,numeric,5,10.0000,1.0e-03,-1,SAM,0.0972,0.005179,1.102485e-03,2.42851292e-03,0.971889,95.3115,116.0000
2,backend,numeric,5,10.0000,1.0e-03,-1,SAM,0.0972,0.005179,1.215474e-03,2.43636954e-03,0.972559,95.6185,116.8507
2,backend,numeric,5,10.0000,1.0e-03,-1,SAM,0.0972,0.005179,1.340043e-03,2.44479899e-03,0.973289,95.9833,117.7993
2,backend,numeric,5,10.0000,1.0e-03,-1,SAM,0.0972,0.005179,1.477378e-03,2.45371262e-03,0.974082,96.4135,118.8578
2,backend,numeric,5,10.0000,1.0e-03,-1,SAM,0.0972,0.005179,1.628787e-03,2.46295905e-03,0.974941,96.9172,120.0394
2,backend,numeric,5,10.0000,1.0e-03,-1,SAM,0.0972,0.005179,1.795714e-03,2.47227282e-03,0.975871,97.5027,121.3594
2,backend,numeric,5,10.0000,1.0e-03,-1,SAM,0.0972,0.005179,1.979749e-03,2.48125453e-03,0.976874,98.1790,122.8349
2,backend,numeric,5,10.0000,1.0e-03,-1,SAM,0.0972,0.005179,2.182645e-03,2.48927146e-03,0.977954,98.9561,124.4861
2,backend,numeric,5,10.0000,1.0e-03,-1,SAM,0.0972,0.005179,2.406334e-03,2.49538773e-03,0.979114,99.8458,126.3365
2,backend,numeric,5,10.0000,1.0e-03,-1,SAM,0.0972,0.005179,2.652948e-03,2.49822237e-03,0.980352,100.8636,128.4144
2,backend,numeric,5,10.0000,1.0e-03,-1,SAM,0.0972,0.005179,2.924837e-03,2.49568890e-03,0.981666,102.0336,130.7555
2,backend,numeric,5,10.0000,1.0e-03,-1,SAM,0.0972,0.005179,3.224591e-03,2.48488008e-03,0.983043,103.3938,133.4056
2,backend,numeric,5,10.0000,1.0e-03,-1,SAM,0.0972,0.005179,3.555064e-03,2.46262761e-03,0.984462,105.0007,136.4218
2,backend,numeric,5,10.0000,1.0e-03,-1,SAM,0.0972,0.005179,3.919407e-03,2.42544694e-03,0.985890,106.9376,139.8755
2,backend,numeric,5,10.0000,1.0e-03,-1,SAM,0.0972,0.005179,4.321089e-03,2.36857579e-03,0.987272,109.3325,143.8625
2,backend,numeric,5,10.0000,1.0e-03,-1,SAM,0.0972,0.005179,4.763938e-03,2.28542141e-03,0.988508,112.3844,148.5174
2,backend,numeric,5,10.0000,1.0e-03,-1,SAM,0.0972,0.005179,5.252173e-03,2.16722347e-03,0.989407,116.3926,154.0403
2,backend,numeric,5,10.0000,1.0e-03,-1,SAM,0.0972,0.005179,5.790444e-03,2.00236942e-03,0.989556,121.7408,160.7496
2,backend,numeric,5,10.0000,1.0e-03,-1,SAM,0.0972,0.005179,6.383880e-03,1.78098704e-03,0.987925,128.6067,169.1722
2,backend,numeric,5,10.0000,1.0e-03,-1,SAM,0.0972,0.005179,7.038136e-03,1.52893924e-03,0.981899,135.6676,180.0447
2,backend,numeric,5,10.0000,1.0e-03,-1,SAM,0.0972,0.005179,7.759442e-03,1.38962582e-03,0.969667,138.2090,193.3540
2,backend,numeric,5,10.0000,1.0e-03,-1,SAM,0.0972,0.005179,8.554673e-03,1.58019650e-03,0.961314,133.7670,205.4696
2,backend,numeric,5,10.0000,1.0e-03,-1,SAM,0.0972,0.005179,9.431402e-03,1.84405257e-03,0.957324,130.0925,205.3112
2,backend,numeric,5,10.0000,1.0e-03,-1,SAM,0.0972,0.005179,1.039798e-02,2.04586364e-03,0.955374,127.5838,203.9214
2,backend,numeric,5,10.0000,1.0e-03,-1,SAM,0.0972,0.005179,1.146363e-02,2.24435810e-03,0.955191,125.3337,202.1473
2,backend,numeric,5,10.0000,1.0e-03,-1,SAM,0.0972,0.005179,1.263848e-02,2.46207101e-03,0.956315,123.0342,200.3523
2,backend,numeric,5,10.0000,1.0e-03,-1,SAM,0.0972,0.005179,1.393374e-02,2.72309588e-03,0.958287,120.4299,198.8254
2,backend,numeric,5,10.0000,1.0e-03,-1,SAM,0.0972,0.005179,1.536175e-02,3.07243360e-03,0.960584,117.0974,197.8912
2,backend,numeric,5,10.0000,1.0e-03,-1,SAM,0.0972,0.005179,1.693611e-02,3.52357396e-03,0.964131,112.8313,202.7847
2,backend,numeric,5,10.0000,1.0e-03,-1,SAM,0.0972,0.005179,1.867181e-02,3.65027108e-03,0.969722,112.1605,212.7436
2,backend,numeric,5,10.0000,1.0e-03,-1,SAM,0.0972,0.005179,2.058540e-02,3.53170731e-03,0.975364,114.2526,225.1291
2,backend,numeric,5,10.0000,1.0e-03,-1,SAM,0.0972,0.005179,2.269511e-02,3.16331629e-03,0.979368,118.8184,241.2949
2,backend,numeric,5,10.0000,1.0e-03,-1,SAM,0.0972,0.005179,2.502102e-02,2.59419658e-03,0.978447,124.7081,263.3780
2,backend,numeric,5,10.0000,1.0e-03,-1,SAM,0.0972,0.005179,2.758532e-02,2.17964085e-03,0.969977,124.3163,291.5435
2,backend,numeric,5,10.0000,1.0e-03,-1,SAM,0.0972,0.005179,3.041241e-02,2.33342569e-03,0.966729,115.2168,317.8591
2,backend,numeric,5,10.0000,1.0e-03,-1,SAM,0.0972,0.005179,3.352924e-02,2.43698656e-03,0.971134,112.3377,342.8951
2,backend,numeric,5,10.0000,1.0e-03,-1,SAM,0.0972,0.005179,3.696550e-02,2.17364370e-03,0.973433,118.2424,14.5205
2,backend,numeric,5,10.0000,1.0e-03,-1,SAM,0.0972,0.005179,4.075393e-02,2.09803481e-03,0.966520,118.1898,56.1446
2,backend,numeric,5,10.0000,1.0e-03,-1,SAM,0.0972,0.005179,4.493062e-02,2.40610068e-03,0.969582,111.6526,95.3810
2,backend,numeric,5,10.0000,1.0e-03,-1,SAM,0.0972,0.005179,4.953535e-02,2.09764709e-03,0.975918,115.9992,140.9309
2,backend,numeric,5,10.0000,1.0e-03,-1,SAM,0.0972,0.005179,5.461201e-02,1.94124691e-03,0.965024,116.3953,202.1900
2,backend,numeric,5,10.0000,1.0e-03,-1,SAM,0.0972,0.005179,6.020894e-02,2.36222741e-03,0.971790,111.5376,255.1305
2,backend,numeric,5,10.0000,1.0e-03,-1,SAM,0.0972,0.005179,6.637949e-02,1.72131625e-03,0.972783,117.9021,323.6843
2,backend,numeric,5,10.0000,1.0e-03,-1,SAM,0.0972,0.005179,7.318242e-02,2.11009256e-03,0.968182,111.6602,35.8194
2,backend,numeric,5,10.0000,1.0e-03,-1,SAM,0.0972,0.005179,8.068256e-02,1.97521783e-03,0.971722,114.0574,116.6035
2,backend,numeric,5,10.0000,1.0e-03,-1,SAM,0.0972,0.005179,8.895135e-02,1.95618243e-03,0.967234,114.2774,214.0819
2,backend,numeric,5,10.0000,1.0e-03,-1,SAM,0.0972,0.005179,9.806757e-02,1.91293546e-03,0.975026,114.2386,310.2980
2,backend,numeric,5,10.0000,1.0e-03,-1,SAM,0.0972,0.005179,1.081181e-01,2.16049024e-03,0.969369,111.4678,60.3257
2,backend,numeric,5,10.0000,1.0e-03,-1,SAM,0.0972,0.005179,1.191986e-01,1.82871018e-03,0.967644,114.4039,190.8487
2,backend,numeric,5,10.0000,1.0e-03,-1,SAM,0.0972,0.005179,1.314147e-01,1.80719587e-03,0.973586,115.1749,323.6978
2,backend,numeric,5,10.0000,1.0e-03,-1,SAM,0.0972,0.005179,1.448828e-01,2.02598977e-03,0.972665,113.5872,109.8985
2,backend,numeric,5,10.0000,1.0e-03,-1,SAM,0.0972,0.005179,1.597312e-01,2.11944096e-03,0.972383,112.2125,282.1378
2,backend,numeric,5,10.0000,1.0e-03,-1,SAM,0.0972,0.005179,1.761014e-01,2.07145453e-03,0.972015,113.3275,100.0418
2,backend,numeric,5,10.0000,1.0e-03,-1,SAM,0.0972,0.005179,1.941492e-01,1.98692138e-03,0.973973,113.5136,309.2218
2,backend,numeric,5,10.0000,1.0e-03,-1,SAM,0.0972,0.005179,2.140467e-01,1.77679204e-03,0.970825,114.9898,174.4766
2,backend,numeric,5,10.0000,1.0e-03,-1,SAM,0.0972,0.005179,2.359833e-01,2.06426734e-03,0.967866,111.7151,59.0583
2,backend,numeric,5,10.0000,1.0e-03,-1,SAM,0.0972,0.005179,2.601682e-01,1.85393482e-03,0.973778,115.0075,335.9018
2,backend,numeric,5,10.0000,1.0e-03,-1,SAM,0.0972,0.005179,2.868317e-01,2.12786336e-03,0.969679,111.5982,280.2742
2,backend,numeric,5,10.0000,1.0e-03,-1,SAM,0.0972,0.005179,3.162278e-01,1.98887031e-03,0.967126,112.7640,253.7449
2,backend,numeric,5,10.0000,1.0e-03,-1,SAM,0.0972,0.005179,3.486365e-01,1.98810267e-03,0.967099,112.7398,257.7319
2,backend,numeric,5,10.0000,1.0e-03,-1,SAM,0.0972,0.005179,3.843667e-01,2.13054659e-03,0.970082,111.4505,294.6433
2,backend,numeric,5,10.0000,1.0e-03,-1,SAM,0.0972,0.005179,4.237587e-01,1.69974086e-03,0.972259,116.3685,12.8357
2,backend,numeric,5,10.0000,1.0e-03,-1,SAM,0.0972,0.005179,4.671878e-01,2.17531819e-03,0.971648,113.3379,129.0543
2,backend,numeric,5,10.0000,1.0e-03,-1,SAM,0.0972,0.005179,5.150678e-01,2.11288008e-03,0.970734,111.5906,299.8490
2,backend,numeric,5,10.0000,1.0e-03,-1,SAM,0.0972,0.005179,5.678548e-01,2.01105704e-03,0.973158,114.7801,165.1274
2,backend,numeric,5,10.0000,1.0e-03,-1,SAM,0.0972,0.005179,6.260517e-01,2.19372772e-03,0.968240,111.7134,99.6209
2,backend,numeric,5,10.0000,1.0e-03,-1,SAM,0.0972,0.005179,6.902129e-01,2.20727781e-03,0.969104,111.8258,101.1006
2,backend,numeric,5,10.0000,1.0e-03,-1,SAM,0.0972,0.005179,7.609497e-01,1.86409243e-03,0.970559,115.9414,176.4213
2,backend,numeric,5,10.0000,1.0e-03,-1,SAM,0.0972,0.005179,8.389360e-01,1.67794646e-03,0.973183,115.3867,336.9177
2,backend,numeric,5,10.0000,1.0e-03,-1,SAM,0.0972,0.005179,9.249147e-01,2.06555303e-03,0.967830,112.7279,215.5019
2,backend,numeric,5,10.0000,1.0e-03,-1,SAM,0.0972,0.005179,1.019705e+00,1.87110392e-03,0.967241,114.3500,189.3147
2,backend,numeric,5,10.0000,1.0e-03,-1,SAM,0.0972,0.005179,1.124210e+00,2.14880157e-03,0.971426,111.9875,269.2070
2,backend,numeric,5,10.0000,1.0e-03,-1,SAM,0.0972,0.005179,1.239425e+00,2.02479761e-03,0.972458,113.6451,120.5067
2,backend,numeric,5,10.0000,1.0e-03,-1,SAM,0.0972,0.005179,1.366448e+00,2.15365036e-03,0.971058,113.0139,112.4120
2,backend,numeric,5,10.0000,1.0e-03,-1,SAM,0.0972,0.005179,1.506489e+00,1.81940542e-03,0.967921,114.6108,233.7494
2,backend,numeric,5,10.0000,1.0e-03,-1,SAM,0.0972,0.005179,1.660883e+00,2.06848820e-03,0.972994,114.6237,151.5164
2,backend,numeric,5,10.0000,1.0e-03,-1,SAM,0.0972,0.005179,1.831099e+00,2.08465515e-03,0.971846,112.2022,267.5144
2,backend,numeric,5,10.0000,1.0e-03,-1,SAM,0.0972,0.005179,2.018760e+00,1.97470584e-03,0.966981,113.4119,203.8344
2,backend,numeric,5,10.0000,1.0e-03,-1,SAM,0.0972,0.005179,2.225654e+00,1.70203731e-03,0.970513,116.1664,357.6326
2,backend,numeric,5,10.0000,1.0e-03,-1,SAM,0.0972,0.005179,2.453751e+00,1.66810395e-03,0.967785,115.8669,38.7792
2,backend,numeric,5,10.0000,1.0e-03,-1,SAM,0.0972,0.005179,2.705225e+00,1.95438456e-03,0.973715,112.6042,311.4390
2,backend,numeric,5,10.0000,1.0e-03,-1,SAM,0.0972,0.005179,2.982471e+00,1.87852513e-03,0.967321,114.3488,187.6063
2,backend,numeric,5,10.0000,1.0e-03,-1,SAM,0.0972,0.005179,3.288131e+00,1.69916673e-03,0.969962,116.1357,9.8552
2,backend,numeric,5,10.0000,1.0e-03,-1,SAM,0.0972,0.005179,3.625117e+00,2.02822148e-03,0.973089,114.8862,160.5552
2,backend,numeric,5,10.0000,1.0e-03,-1,SAM,0.0972,0.005179,3.996639e+00,1.75815081e-03,0.965894,113.9627,13.1681
2,backend,numeric,5,10.0000,1.0e-03,-1,SAM,0.0972,0.005179,4.406236e+00,2.09512096e-03,0.968415,111.7057,280.8942
2,backend,numeric,5,10.0000,1.0e-03,-1,SAM,0.0972,0.005179,4.857812e+00,2.00922349e-03,0.973444,112.5466,284.5283
2,backend,numeric,5,10.0000,1.0e-03,-1,SAM,0.0972,0.005179,5.355667e+00,2.15848675e-03,0.969587,112.3241,94.4758
2,backend,numeric,5,10.0000,1.0e-03,-1,SAM,0.0972,0.005179,5.904545e+00,2.04069624e-03,0.973077,114.5258,117.9544
2,backend,numeric,5,10.0000,1.0e-03,-1,SAM,0.0972,0.005179,6.509675e+00,1.64439247e-03,0.967939,116.0517,39.8627
2,backend,numeric,5,10.0000,1.0e-03,-1,SAM,0.0972,0.005179,7.176822e+00,2.07933890e-03,0.973037,112.5430,292.4458
2,backend,numeric,5,10.0000,1.0e-03,-1,SAM,0.0972,0.005179,7.912343e+00,2.13407100e-03,0.970844,112.2443,250.8045
2,backend,numeric,5,10.0000,1.0e-03,-1,SAM,0.0972,0.005179,8.723243e+00,1.95960786e-03,0.973663,112.5811,307.6962
2,backend,numeric,5,10.0000,1.0e-03,-1,SAM,0.0972,0.005179,9.617249e+00,1.86139332e-03,0.968058,114.4321,225.3693
2,backend,numeric,5,10.0000,1.0e-03,-1,SAM,0.0972,0.005179,1.060288e+01,2.16806878e-03,0.967597,111.6588,95.3510
2,backend,numeric,5,10.0000,1.0e-03,-1,SAM,0.0972,0.005179,1.168952e+01,1.61893542e-03,0.971107,116.0346,12.0628
2,backend,numeric,5,10.0000,1.0e-03,-1,SAM,0.0972,0.005179,1.288752e+01,2.12136853e-03,0.972613,113.6786,107.0138
2,backend,numeric,5,10.0000,1.0e-03,-1,SAM,0.0972,0.005179,1.420831e+01,2.08960600e-03,0.971743,113.1485,99.3614
2,backend,numeric,5,10.0000,1.0e-03,-1,SAM,0.0972,0.005179,1.566445e+01,1.85906528e-03,0.971071,115.8916,187.7274
2,backend,numeric,5,10.0000,1.0e-03,-1,SAM,0.0972,0.005179,1.726983e+01,1.88791144e-03,0.972599,114.2700,154.0184
2,backend,numeric,5,10.0000,1.0e-03,-1,SAM,0.0972,0.005179,1.903974e+01,1.81105959e-03,0.971577,115.4357,146.8802
2,backend,numeric,5,10.0000,1.0e-03,-1,SAM,0.0972,0.005179,2.099104e+01,1.87158765e-03,0.965606,112.7115,23.7092
2,backend,numeric,5,10.0000,1.0e-03,-1,SAM,0.0972,0.005179,2.314231e+01,1.91699637e-03,0.974297,114.2436,310.8449
2,backend,numeric,5,10.0000,1.0e-03,-1,SAM,0.0972,0.005179,2.551407e+01,1.79071113e-03,0.970656,115.4611,206.9770
2,backend,numeric,5,10.0000,1.0e-03,-1,SAM,0.0972,0.005179,2.812889e+01,2.07369363e-03,0.973301,112.6518,287.7928
2,backend,numeric,5,10.0000,1.0e-03,-1,SAM,0.0972,0.005179,3.101169e+01,1.83631348e-03,0.971978,115.4752,141.6329
2,backend,numeric,5,10.0000,1.0e-03,-1,SAM,0.0972,0.005179,3.418994e+01,2.01473034e-03,0.967185,111.7308,45.6281
2,backend,numeric,5,10.0000,1.0e-03,-1,SAM,0.0972,0.005179,3.769391e+01,1.65610242e-03,0.972561,115.6076,1.4772
2,backend,numeric,5,10.0000,1.0e-03,-1,SAM,0.0972,0.005179,4.155699e+01,1.68822965e-03,0.973117,115.8110,10.6580
2,backend,numeric,5,10.0000,1.0e-03,-1,SAM,0.0972,0.005179,4.581598e+01,1.96347970e-03,0.972588,115.5260,143.9509
2,backend,numeric,5,10.0000,1.0e-03,-1,SAM,0.0972,0.005179,5.051145e+01,2.17279581e-03,0.967909,111.8264,95.9574
2,backend,numeric,5,10.0000,1.0e-03,-1,SAM,0.0972,0.005179,5.568814e+01,NaN,NaN,NaN,NaN
2,backend,numeric,5,10.0000,1.0e-03,-1,SAM,0.0972,0.005179,6.139537e+01,NaN,NaN,NaN,NaN
2,backend,numeric,5,10.0000,1.0e-03,-1,SAM,0.0972,0.005179,6.768750e+01,NaN,NaN,NaN,NaN
2,backend,numeric,5,10.0000,1.0e-03,-1,SAM,0.0972,0.005179,7.462449e+01,NaN,NaN,NaN,NaN
2,backend,numeric,5,10.0000,1.0e-03,-1,SAM,0.0972,0.005179,8.227241e+01,NaN,NaN,NaN,NaN
2,backend,numeric,5,10.0000,1.0e-03,-1,SAM,0.0972,0.005179,9.070414e+01,NaN,NaN,NaN,NaN
2,backend,numeric,5,10.0000,1.0e-03,-1,SAM,0.0972,0.005179,1.000000e+02,NaN,NaN,NaN,NaN
3,backend,numeric,9,0.1000,1.0e-03,-1,LAM,0.7574,0.229692,0.000000e+00,4.29216554e-04,0.794765,97.4410,285.2930
3,backend,numeric,9,0.1000,1.0e-03,-1,LAM,0.7574,0.229692,1.000000e-03,4.37911989e-04,0.794829,95.7542,206.8353
3,backend,numeric,9,0.1000,1.0e-03,-1,LAM,0.7574,0.229692,1.102485e-03,4.38838284e-04,0.794821,96.1157,198.8589
3,backend,numeric,9,0.1000,1.0e-03,-1,LAM,0.7574,0.229692,1.215474e-03,4.39903064e-04,0.794795,96.5006,190.0705
3,backend,numeric,9,0.1000,1.0e-03,-1,LAM,0.7574,0.229692,1.340043e-03,4.41123985e-04,0.794748,96.8489,180.3860
3,backend,numeric,9,0.1000,1.0e-03,-1,LAM,0.7574,0.229692,1.477378e-03,4.42508001e-04,0.794678,97.0725,169.7164
3,backend,numeric,9,0.1000,1.0e-03,-1,LAM,0.7574,0.229692,1.628787e-03,4.44049560e-04,0.794592,97.0616,157.9718
3,backend,numeric,9,0.1000,1.0e-03,-1,LAM,0.7574,0.229692,1.795714e-03,4.45720969e-04,0.794513,96.7058,145.0645
3,backend,numeric,9,0.1000,1.0e-03,-1,LAM,0.7574,0.229692,1.979749e-03,4.47460711e-04,0.794470,95.9365,130.9054
3,backend,numeric,9,0.1000,1.0e-03,-1,LAM,0.7574,0.229692,2.182645e-03,4.49178073e-04,0.794504,94.7893,115.3852
3,backend,numeric,9,0.1000,1.0e-03,-1,LAM,0.7574,0.229692,2.406334e-03,4.50774108e-04,0.794647,93.4681,98.3521
3,backend,numeric,9,0.1000,1.0e-03,-1,LAM,0.7574,0.229692,2.652948e-03,4.52212739e-04,0.794933,92.3647,79.6150
3,backend,numeric,9,0.1000,1.0e-03,-1,LAM,0.7574,0.229692,2.924837e-03,4.53582208e-04,0.795341,91.9578,58.9967
3,backend,numeric,9,0.1000,1.0e-03,-1,LAM,0.7574,0.229692,3.224591e-03,4.55118387e-04,0.795776,92.5173,36.3728
3,backend,numeric,9,0.1000,1.0e-03,-1,LAM,0.7574,0.229692,3.555064e-03,4.57127620e-04,0.796110,93.6934,11.5974
3,backend,numeric,9,0.1000,1.0e-03,-1,LAM,0.7574,0.229692,3.919407e-03,4.59745280e-04,0.796321,94.3654,344.4250
3,backend,numeric,9,0.1000,1.0e-03,-1,LAM,0.7574,0.229692,4.321089e-03,4.62569346e-04,0.796572,93.2900,314.6381
3,backend,numeric,9,0.1000,1.0e-03,-1,LAM,0.7574,0.229692,4.763938e-03,4.64754730e-04,0.797223,90.5690,281.9619
3,backend,numeric,9,0.1000,1.0e-03,-1,LAM,0.7574,0.229692,5.252173e-03,4.65738058e-04,0.798450,88.4788,245.8128
3,backend,numeric,9,0.1000,1.0e-03,-1,LAM,0.7574,0.229692,5.790444e-03,4.66386536e-04,0.799934,89.2118,206.1583
3,backend,numeric,9,0.1000,1.0e-03,-1,LAM,0.7574,0.229692,6.383880e-03,4.68083501e-04,0.801216,90.5749,163.2913
3,backend,numeric,9,0.1000,1.0e-03,-1,LAM,0.7574,0.229692,7.038136e-03,4.69707890e-04,0.802686,88.2774,116.4689
3,backend,numeric,9,0.1000,1.0e-03,-1,LAM,0.7574,0.229692,7.759442e-03,4.68789935e-04,0.805318,85.3077,64.0909
3,backend,numeric,9,0.1000,1.0e-03,-1,LAM,0.7574,0.229692,8.554673e-03,4.67339156e-04,0.808350,87.2652,6.7306
3,backend,numeric,9,0.1000,1.0e-03,-1,LAM,0.7574,0.229692,9.431402e-03,4.66941548e-04,0.811180,85.8093,305.0660
3,backend,numeric,9,0.1000,1.0e-03,-1,LAM,0.7574,0.229692,1.039798e-02,4.61418109e-04,0.816168,81.3318,234.9803
3,backend,numeric,9,0.1000,1.0e-03,-1,LAM,0.7574,0.229692,1.146363e-02,4.54360177e-04,0.821961,83.3938,159.0196
3,backend,numeric,9,0.1000,1.0e-03,-1,LAM,0.7574,0.229692,1.263848e-02,4.43675307e-04,0.829472,77.8224,74.7765
3,backend,numeric,9,0.1000,1.0e-03,-1,LAM,0.7574,0.229692,1.393374e-02,4.27224762e-04,0.839655,79.7289,339.9592
3,backend,numeric,9,0.1000,1.0e-03,-1,LAM,0.7574,0.229692,1.536175e-02,4.02003657e-04,0.854169,72.1228,232.2519
3,backend,numeric,9,0.1000,1.0e-03,-1,LAM,0.7574,0.229692,1.693611e-02,3.62833824e-04,0.875661,69.4474,111.6829
3,backend,numeric,9,0.1000,1.0e-03,-1,LAM,0.7574,0.229692,1.867181e-02,2.86435535e-04,0.917490,63.7578,325.8305
3,backend,numeric,9,0.1000,1.0e-03,-1,LAM,0.7574,0.229692,2.058540e-02,6.73756373e-04,0.995928,82.4839,294.8707
3,backend,numeric,9,0.1000,1.0e-03,-1,LAM,0.7574,0.229692,2.269511e-02,1.08324331e-03,0.998699,100.3009,344.8412
3,backend,numeric,9,0.1000,1.0e-03,-1,LAM,0.7574,0.229692,2.502102e-02,5.16706814e-04,0.945547,157.1600,61.9641
3,backend,numeric,9,0.1000,1.0e-03,-1,LAM,0.7574,0.229692,2.758532e-02,7.02554707e-04,0.851459,152.8538,0.6545
3,backend,numeric,9,0.1000,1.0e-03,-1,LAM,0.7574,0.229692,3.041241e-02,8.24335939e-04,0.783748,148.1746,235.4904
3,backend,numeric,9,0.1000,1.0e-03,-1,LAM,0.7574,0.229692,3.352924e-02,9.30972936e-04,0.729541,146.3947,65.7188
3,backend,numeric,9,0.1000,1.0e-03,-1,LAM,0.7574,0.229692,3.696550e-02,1.03055453e-03,0.684088,144.5301,212.8042
3,backend,numeric,9,0.1000,1.0e-03,-1,LAM,0.7574,0.229692,4.075393e-02,1.12613984e-03,0.644999,143.2714,314.9622
3,backend,numeric,9,0.1000,1.0e-03,-1,LAM,0.7574,0.229692,4.493062e-02,1.21839782e-03,0.611565,141.3797,13.6870
3,backend,numeric,9,0.1000,1.0e-03,-1,LAM,0.7574,0.229692,4.953535e-02,1.30785250e-03,0.582896,139.4158,24.6060
3,backend,numeric,9,0.1000,1.0e-03,-1,LAM,0.7574,0.229692,5.461201e-02,1.39433477e-03,0.558663,137.5206,346.9642
3,backend,numeric,9,0.1000,1.0e-03,-1,LAM,0.7574,0.229692,6.020894e-02,1.47722643e-03,0.538610,135.0094,260.1688
3,backend,numeric,9,0.1000,1.0e-03,-1,LAM,0.7574,0.229692,6.637949e-02,1.55594579e-03,0.522870,132.6051,124.8030
3,backend,numeric,9,0.1000,1.0e-03,-1,LAM,0.7574,0.229692,7.318242e-02,1.63068747e-03,0.511206,130.4008,300.2101
3,backend,numeric,9,0.1000,1.0e-03,-1,LAM,0.7574,0.229692,8.068256e-02,1.70051358e-03,0.503992,127.7831,70.9908
3,backend,numeric,9,0.1000,1.0e-03,-1,LAM,0.7574,0.229692,8.895135e-02,1.76730274e-03,0.500816,124.4569,159.7103
3,backend,numeric,9,0.1000,1.0e-03,-1,LAM,0.7574,0.229692,9.806757e-02,1.83400529e-03,0.501575,121.8486,213.2400
3,backend,numeric,9,0.1000,1.0e-03,-1,LAM,0.7574,0.229692,1.081181e-01,1.90259436e-03,0.506149,119.2403,239.1592
3,backend,numeric,9,0.1000,1.0e-03,-1,LAM,0.7574,0.229692,1.191986e-01,1.97360253e-03,0.514551,116.5328,247.1562
3,backend,numeric,9,0.1000,1.0e-03,-1,LAM,0.7574,0.229692,1.314147e-01,2.04950794e-03,0.526931,113.8080,249.4047
3,backend,numeric,9,0.1000,1.0e-03,-1,LAM,0.7574,0.229692,1.448828e-01,2.13409804e-03,0.542568,111.1178,257.6485
3,backend,numeric,9,0.1000,1.0e-03,-1,LAM,0.7574,0.229692,1.597312e-01,2.22765033e-03,0.561031,108.6004,282.1174
3,backend,numeric,9,0.1000,1.0e-03,-1,LAM,0.7574,0.229692,1.761014e-01,2.33078968e-03,0.582424,106.5187,333.1995
3,backend,numeric,9,0.1000,1.0e-03,-1,LAM,0.7574,0.229692,1.941492e-01,2.44163146e-03,0.606324,103.2174,58.6241
3,backend,numeric,9,0.1000,1.0e-03,-1,LAM,0.7574,0.229692,2.140467e-01,2.55792171e-03,0.631482,100.0944,178.9500
3,backend,numeric,9,0.1000,1.0e-03,-1,LAM,0.7574,0.229692,2.359833e-01,2.67310443e-03,0.658378,98.1371,335.7134
3,backend,numeric,9,0.1000,1.0e-03,-1,LAM,0.7574,0.229692,2.601682e-01,2.76556735e-03,0.687239,93.3040,167.3013
3,backend,numeric,9,0.1000,1.0e-03,-1,LAM,0.7574,0.229692,2.868317e-01,2.80984957e-03,0.719252,91.2625,25.4081
3,backend,numeric,9,0.1000,1.0e-03,-1,LAM,0.7574,0.229692,3.162278e-01,2.76067578e-03,0.756374,83.1173,258.4186
3,backend,numeric,9,0.1000,1.0e-03,-1,LAM,0.7574,0.229692,3.486365e-01,2.47635154e-03,0.808209,74.9079,130.6878
3,backend,numeric,9,0.1000,1.0e-03,-1,LAM,0.7574,0.229692,3.843667e-01,1.33380125e-03,0.937745,51.9123,285.8390
3,backend,numeric,9,0.1000,1.0e-03,-1,LAM,0.7574,0.229692,4.237587e-01,2.98719478e-03,0.884227,159.0218,49.5258
3,backend,numeric,9,0.1000,1.0e-03,-1,LAM,0.7574,0.229692,4.671878e-01,4.54772664e-03,0.697806,151.4312,300.5487
3,backend,numeric,9,0.1000,1.0e-03,-1,LAM,0.7574,0.229692,5.150678e-01,5.51245942e-03,0.611167,146.6601,286.7030
3,backend,numeric,9,0.1000,1.0e-03,-1,LAM,0.7574,0.229692,5.678548e-01,6.21032196e-03,0.564273,141.7026,101.6874
3,backend,numeric,9,0.1000,1.0e-03,-1,LAM,0.7574,0.229692,6.260517e-01,6.71623637e-03,0.542845,136.0839,152.6770
3,backend,numeric,9,0.1000,1.0e-03,-1,LAM,0.7574,0.229692,6.902129e-01,7.07113357e-03,0.543714,130.8994,145.5262
3,backend,numeric,9,0.1000,1.0e-03,-1,LAM,0.7574,0.229692,7.609497e-01,7.34432784e-03,0.565469,125.2907,150.4595
3,backend,numeric,9,0.1000,1.0e-03,-1,LAM,0.7574,0.229692,8.389360e-01,7.64421340e-03,0.605134,120.0087,242.5079
3,backend,numeric,9,0.1000,1.0e-03,-1,LAM,0.7574,0.229692,9.249147e-01,8.06293278e-03,0.659053,114.2732,126.5070
3,backend,numeric,9,0.1000,1.0e-03,-1,LAM,0.7574,0.229692,1.019705e+00,8.67367947e-03,0.718148,106.9928,177.9711
3,backend,numeric,9,0.1000,1.0e-03,-1,LAM,0.7574,0.229692,1.124210e+00,9.39411950e-03,0.778061,106.7840,33.3651
3,backend,numeric,9,0.1000,1.0e-03,-1,LAM,0.7574,0.229692,1.239425e+00,9.99451212e-03,0.835493,103.1945,9.0054
3,backend,numeric,9,0.1000,1.0e-03,-1,LAM,0.7574,0.229692,1.366448e+00,8.82298668e-03,0.907661,88.5676,50.6431
3,backend,numeric,9,0.1000,1.0e-03,-1,LAM,0.7574,0.229692,1.506489e+00,3.01073457e-02,0.996802,86.3490,330.3010
3,backend,numeric,9,0.1000,1.0e-03,-1,LAM,0.7574,0.229692,1.660883e+00,2.30003900e-02,0.994568,161.1716,51.6602
3,backend,numeric,9,0.1000,1.0e-03,-1,LAM,0.7574,0.229692,1.831099e+00,3.05671354e-02,0.883830,119.5075,233.4742
3,backend,numeric,9,0.1000,1.0e-03,-1,LAM,0.7574,0.229692,2.018760e+00,3.52256703e-02,0.915830,108.9864,149.1175
3,backend,numeric,9,0.1000,1.0e-03,-1,LAM,0.7574,0.229692,2.225654e+00,4.71516148e-02,0.907646,148.2843,104.4470
3,backend,numeric,9,0.1000,1.0e-03,-1,LAM,0.7574,0.229692,2.453751e+00,5.71172053e-02,0.884766,139.1066,245.7339
3,backend,numeric,9,0.1000,1.0e-03,-1,LAM,0.7574,0.229692,2.705225e+00,5.90199503e-02,0.936968,82.7149,186.7130
3,backend,numeric,9,0.1000,1.0e-03,-1,LAM,0.7574,0.229692,2.982471e+00,4.81660031e-02,0.984389,114.8832,201.0863
3,backend,numeric,9,0.1000,1.0e-03,-1,LAM,0.7574,0.229692,3.288131e+00,2.79156832e-02,0.944476,130.0836,11.7165
3,backend,numeric,9,0.1000,1.0e-03,-1,LAM,0.7574,0.229692,3.625117e+00,8.48934652e-02,0.997784,60.7561,301.3081
3,backend,numeric,9,0.1000,1.0e-03,-1,LAM,0.7574,0.229692,3.996639e+00,2.80937671e-01,0.999679,94.8396,25.5854
3,backend,numeric,9,0.1000,1.0e-03,-1,LAM,0.7574,0.229692,4.406236e+00,7.80417825e-02,0.965088,140.5157,311.0477
3,backend,numeric,9,0.1000,1.0e-03,-1,LAM,0.7574,0.229692,4.857812e+00,2.41077141e-01,0.995831,77.7334,23.7606
3,backend,numeric,9,0.1000,1.0e-03,-1,LAM,0.7574,0.229692,5.355667e+00,1.45636387e-01,0.964690,111.7430,310.5849
3,backend,numeric,9,0.1000,1.0e-03,-1,LAM,0.7574,0.229692,5.904545e+00,2.90053670e-01,0.996133,108.7018,25.0641
3,backend,numeric,9,0.1000,1.0e-03,-1,LAM,0.7574,0.229692,6.509675e+00,1.63720408e-01,0.986857,82.7365,339.8588
3,backend,numeric,9,0.1000,1.0e-03,-1,LAM,0.7574,0.229692,7.176822e+00,1.20464191e-01,0.964752,121.6018,317.5782
3,backend,numeric,9,0.1000,1.0e-03,-1,LAM,0.7574,0.229692,7.912343e+00,1.37599869e-01,0.986333,149.8460,343.3556
3,backend,numeric,9,0.1000,1.0e-03,-1,LAM,0.7574,0.229692,8.723243e+00,2.24461609e-01,0.996447,131.3738,12.7084
3,backend,numeric,9,0.1000,1.0e-03,-1,LAM,0.7574,0.229692,9.617249e+00,2.01682499e-01,0.997381,121.1734,13.0630
3,backend,numeric,9,0.1000,1.0e-03,-1,LAM,0.7574,0.229692,1.060288e+01,1.08799471e-01,0.984687,148.0154,346.3027
3,backend,numeric,9,0.1000,1.0e-03,-1,LAM,0.7574,0.229692,1.168952e+01,1.55346251e-01,0.975900,73.0282,336.7192
3,backend,numeric,9,0.1000,1.0e-03,-1,LAM,0.7574,0.229692,1.288752e+01,2.53805316e-01,0.995183,106.5468,19.4580
3,backend,numeric,9,0.1000,1.0e-03,-1,LAM,0.7574,0.229692,1.420831e+01,1.43467879e-01,0.967339,92.1889,322.2467
3,backend,numeric,9,0.1000,1.0e-03,-1,LAM,0.7574,0.229692,1.566445e+01,2.24979427e-01,0.997119,122.2178,14.7358
3,backend,numeric,9,0.1000,1.0e-03,-1,LAM,0.7574,0.229692,1.726983e+01,1.98690946e-01,0.993168,100.8173,11.3979
3,backend,numeric,9,0.1000,1.0e-03,-1,LAM,0.7574,0.229692,1.903974e+01,1.96467415e-01,0.992931,147.6127,6.7362
3,backend,numeric,9,0.1000,1.0e-03,-1,LAM,0.7574,0.229692,2.099104e+01,1.25255397e-01,0.987050,150.2291,332.8493
3,backend,numeric,9,0.1000,1.0e-03,-1,LAM,0.7574,0.229692,2.314231e+01,1.43543138e-01,0.981301,86.5395,338.5412
3,backend,numeric,9,0.1000,1.0e-03,-1,LAM,0.7574,0.229692,2.551407e+01,1.44254466e-01,0.970060,73.4665,324.6426
3,backend,numeric,9,0.1000,1.0e-03,-1,LAM,0.7574,0.229692,2.812889e+01,1.21407482e-01,0.963649,114.2147,316.2697
3,backend,numeric,9,0.1000,1.0e-03,-1,LAM,0.7574,0.229692,3.101169e+01,1.60291028e-01,0.981733,67.4306,342.2728
3,backend,numeric,9,0.1000,1.0e-03,-1,LAM,0.7574,0.229692,3.418994e+01,1.54240339e-01,0.970327,108.7084,313.8145
3,backend,numeric,9,0.1000,1.0e-03,-1,LAM,0.7574,0.229692,3.769391e+01,1.52122565e-01,0.994454,144.0870,351.3803
3,backend,numeric,9,0.1000,1.0e-03,-1,LAM,0.7574,0.229692,4.155699e+01,2.23042235e-01,0.993323,60.2755,9.5782
3,backend,numeric,9,0.1000,1.0e-03,-1,LAM,0.7574,0.229692,4.581598e+01,1.20847603e-01,0.969505,130.8949,322.2704
3,backend,numeric,9,0.1000,1.0e-03,-1,LAM,0.7574,0.229692,5.051145e+01,2.61637631e-01,0.992496,70.7225,4.2607
3,backend,numeric,9,0.1000,1.0e-03,-1,LAM,0.7574,0.229692,5.568814e+01,1.63436831e-01,0.974405,83.6249,326.2259
3,backend,numeric,9,0.1000,1.0e-03,-1,LAM,0.7574,0.229692,6.139537e+01,2.47119871e-01,0.992651,90.1076,14.9490
3,backend,numeric,9,0.1000,1.0e-03,-1,LAM,0.7574,0.229692,6.768750e+01,2.55789241e-01,0.997470,100.8462,18.0009
3,backend,numeric,9,0.1000,1.0e-03,-1,LAM,0.7574,0.229692,7.462449e+01,3.18696945e-01,0.995166,87.8353,23.7681
3,backend,numeric,9,0.1000,1.0e-03,-1,LAM,0.7574,0.229692,8.227241e+01,1.61269974e-01,0.976430,84.7040,317.0312
3,backend,numeric,9,0.1000,1.0e-03,-1,LAM,0.7574,0.229692,9.070414e+01,3.25949196e-01,0.996533,103.4485,27.3669
3,backend,numeric,9,0.1000,1.0e-03,-1,LAM,0.7574,0.229692,1.000000e+02,1.17917822e-01,0.980665,145.5221,319.2013
4,backend,numeric,12,1.8000,1.0e-03,-1,SAM,0.9477,0.050469,0.000000e+00,3.13452034e-03,0.997980,85.6013,142.2167
4,backend,numeric,12,1.8000,1.0e-03,-1,SAM,0.9477,0.050469,1.000000e-03,3.43574690e-03,0.998257,88.0526,148.8686
4,backend,numeric,12,1.8000,1.0e-03,-1,SAM,0.9477,0.050469,1.102485e-03,3.46364855e-03,0.998284,88.2904,149.5248
4,backend,numeric,12,1.8000,1.0e-03,-1,SAM,0.9477,0.050469,1.215474e-03,3.49378144e-03,0.998314,88.5505,150.2435
4,backend,numeric,12,1.8000,1.0e-03,-1,SAM,0.9477,0.050469,1.340043e-03,3.52624162e-03,0.998347,88.8352,151.0305
4,backend,numeric,12,1.8000,1.0e-03,-1,SAM,0.9477,0.050469,1.477378e-03,3.56110371e-03,0.998382,89.1469,151.8919
4,backend,numeric,12,1.8000,1.0e-03,-1,SAM,0.9477,0.050469,1.628787e-03,3.59840963e-03,0.998421,89.4884,152.8344
4,backend,numeric,12,1.8000,1.0e-03,-1,SAM,0.9477,0.050469,1.795714e-03,3.63816490e-03,0.998464,89.8627,153.8653
4,backend,numeric,12,1.8000,1.0e-03,-1,SAM,0.9477,0.050469,1.979749e-03,3.68032709e-03,0.998510,90.2735,154.9926
4,backend,numeric,12,1.8000,1.0e-03,-1,SAM,0.9477,0.050469,2.182645e-03,3.72478648e-03,0.998560,90.7253,156.2253
4,backend,numeric,12,1.8000,1.0e-03,-1,SAM,0.9477,0.050469,2.406334e-03,3.77134320e-03,0.998615,91.2234,157.5729
4,backend,numeric,12,1.8000,1.0e-03,-1,SAM,0.9477,0.050469,2.652948e-03,3.81967803e-03,0.998674,91.7742,159.0463
4,backend,numeric,12,1.8000,1.0e-03,-1,SAM,0.9477,0.050469,2.924837e-03,3.86930200e-03,0.998737,92.3859,160.6577
4,backend,numeric,12,1.8000,1.0e-03,-1,SAM,0.9477,0.050469,3.224591e-03,3.91950910e-03,0.998805,93.0688,162.4205
4,backend,numeric,12,1.8000,1.0e-03,-1,SAM,0.9477,0.050469,3.555064e-03,3.96929660e-03,0.998878,93.8363,164.3504
4,backend,numeric,12,1.8000,1.0e-03,-1,SAM,0.9477,0.050469,3.919407e-03,4.01727368e-03,0.998955,94.7061,166.4656
4,backend,numeric,12,1.8000,1.0e-03,-1,SAM,0.9477,0.050469,4.321089e-03,4.06153514e-03,0.999037,95.7022,168.7878
4,backend,numeric,12,1.8000,1.0e-03,-1,SAM,0.9477,0.050469,4.763938e-03,4.09942485e-03,0.999122,96.8582,171.3433
4,backend,numeric,12,1.8000,1.0e-03,-1,SAM,0.9477,0.050469,5.252173e-03,4.12719413e-03,0.999210,98.2226,174.1654
4,backend,numeric,12,1.8000,1.0e-03,-1,SAM,0.9477,0.050469,5.790444e-03,4.13957105e-03,0.999301,99.8683,177.2969
4,backend,numeric,12,1.8000,1.0e-03,-1,SAM,0.9477,0.050469,6.383880e-03,4.12908975e-03,0.999392,101.9107,180.7971
4,backend,numeric,12,1.8000,1.0e-03,-1,SAM,0.9477,0.050469,7.038136e-03,4.08447643e-03,0.999481,104.5427,184.7501
4,backend,numeric,12,1.8000,1.0e-03,-1,SAM,0.9477,0.050469,7.759442e-03,3.98886918e-03,0.999564,108.1109,189.2876
4,backend,numeric,12,1.8000,1.0e-03,-1,SAM,0.9477,0.050469,8.554673e-03,3.81709837e-03,0.999635,113.2771,194.6368
4,backend,numeric,12,1.8000,1.0e-03,-1,SAM,0.9477,0.050469,9.431402e-03,3.53788102e-03,0.999669,121.2559,201.2486
4,backend,numeric,12,1.8000,1.0e-03,-1,SAM,0.9477,0.050469,1.039798e-02,3.11801246e-03,0.999578,133.2196,210.0542
4,backend,numeric,12,1.8000,1.0e-03,-1,SAM,0.9477,0.050469,1.146363e-02,2.40609171e-03,0.998873,148.3758,222.7788
4,backend,numeric,12,1.8000,1.0e-03,-1,SAM,0.9477,0.050469,1.263848e-02,1.43348686e-03,0.988130,163.1033,244.4274
4,backend,numeric,12,1.8000,1.0e-03,-1,SAM,0.9477,0.050469,1.393374e-02,1.53641778e-03,0.955105,162.0365,264.4997
4,backend,numeric,12,1.8000,1.0e-03,-1,SAM,0.9477,0.050469,1.536175e-02,1.71867760e-03,0.934175,158.6405,263.9563
4,backend,numeric,12,1.8000,1.0e-03,-1,SAM,0.9477,0.050469,1.693611e-02,1.85553589e-03,0.915800,156.0782,258.2514
4,backend,numeric,12,1.8000,1.0e-03,-1,SAM,0.9477,0.050469,1.867181e-02,1.97470798e-03,0.899862,153.9728,248.5274
4,backend,numeric,12,1.8000,1.0e-03,-1,SAM,0.9477,0.050469,2.058540e-02,2.08450370e-03,0.886135,152.4079,235.0869
4,backend,numeric,12,1.8000,1.0e-03,-1,SAM,0.9477,0.050469,2.269511e-02,2.18862289e-03,0.874394,151.5350,217.7854
4,backend,numeric,12,1.8000,1.0e-03,-1,SAM,0.9477,0.050469,2.502102e-02,2.28917009e-03,0.864414,151.2962,196.0903
4,backend,numeric,12,1.8000,1.0e-03,-1,SAM,0.9477,0.050469,2.758532e-02,2.38744532e-03,0.856075,151.1604,169.4498
4,backend,numeric,12,1.8000,1.0e-03,-1,SAM,0.9477,0.050469,3.041241e-02,2.48433422e-03,0.849530,150.2628,138.2944
4,backend,numeric,12,1.8000,1.0e-03,-1,SAM,0.9477,0.050469,3.352924e-02,2.58069353e-03,0.845186,148.4130,104.4405
4,backend,numeric,12,1.8000,1.0e-03,-1,SAM,0.9477,0.050469,3.696550e-02,2.67808485e-03,0.843229,146.9044,68.9042
4,backend,numeric,12,1.8000,1.0e-03,-1,SAM,0.9477,0.050469,4.075393e-02,2.77901579e-03,0.843131,146.9598,29.8313
4,backend,numeric,12,1.8000,1.0e-03,-1,SAM,0.9477,0.050469,4.493062e-02,2.88593372e-03,0.844403,146.8090,344.6087
4,backend,numeric,12,1.8000,1.0e-03,-1,SAM,0.9477,0.050469,4.953535e-02,3.00026541e-03,0.848068,143.2557,296.7046
4,backend,numeric,12,1.8000,1.0e-03,-1,SAM,0.9477,0.050469,5.461201e-02,3.12578283e-03,0.855471,138.4864,252.4339
4,backend,numeric,12,1.8000,1.0e-03,-1,SAM,0.9477,0.050469,6.020894e-02,3.27270575e-03,0.865333,136.9542,210.4556
4,backend,numeric,12,1.8000,1.0e-03,-1,SAM,0.9477,0.050469,6.637949e-02,3.45535905e-03,0.875391,136.9382,167.1948
4,backend,numeric,12,1.8000,1.0e-03,-1,SAM,0.9477,0.050469,7.318242e-02,3.68191315e-03,0.886228,133.8914,124.6975
4,backend,numeric,12,1.8000,1.0e-03,-1,SAM,0.9477,0.050469,8.068256e-02,3.96356290e-03,0.899291,129.0899,87.9355
4,backend,numeric,12,1.8000,1.0e-03,-1,SAM,0.9477,0.050469,8.895135e-02,4.33315269e-03,0.912986,126.4647,56.6070
4,backend,numeric,12,1.8000,1.0e-03,-1,SAM,0.9477,0.050469,9.806757e-02,4.84603192e-03,0.924854,125.8156,28.1887
4,backend,numeric,12,1.8000,1.0e-03,-1,SAM,0.9477,0.050469,1.081181e-01,5.55504451e-03,0.934975,123.7583,1.7781
4,backend,numeric,12,1.8000,1.0e-03,-1,SAM,0.9477,0.050469,1.191986e-01,6.50866299e-03,0.945122,117.4274,339.2594
4,backend,numeric,12,1.8000,1.0e-03,-1,SAM,0.9477,0.050469,1.314147e-01,7.72162134e-03,0.955762,105.7776,323.0256
4,backend,numeric,12,1.8000,1.0e-03,-1,SAM,0.9477,0.050469,1.448828e-01,8.83364822e-03,0.971028,91.1383,325.4242
4,backend,numeric,12,1.8000,1.0e-03,-1,SAM,0.9477,0.050469,1.597312e-01,8.91852459e-03,0.990052,109.4549,355.9702
4,backend,numeric,12,1.8000,1.0e-03,-1,SAM,0.9477,0.050469,1.761014e-01,6.23978301e-03,0.959060,137.0034,53.5470
4,backend,numeric,12,1.8000,1.0e-03,-1,SAM,0.9477,0.050469,1.941492e-01,9.57514711e-03,0.953812,128.7860,43.2934
4,backend,numeric,12,1.8000,1.0e-03,-1,SAM,0.9477,0.050469,2.140467e-01,1.37690080e-02,0.959848,122.6854,33.5125
4,backend,numeric,12,1.8000,1.0e-03,-1,SAM,0.9477,0.050469,2.359833e-01,1.82635130e-02,0.969124,118.1279,46.8389
4,backend,numeric,12,1.8000,1.0e-03,-1,SAM,0.9477,0.050469,2.601682e-01,1.56034361e-02,0.972961,126.9555,79.4157
4,backend,numeric,12,1.8000,1.0e-03,-1,SAM,0.9477,0.050469,2.868317e-01,1.48715087e-02,0.967014,125.7448,127.6967
4,backend,numeric,12,1.8000,1.0e-03,-1,SAM,0.9477,0.050469,3.162278e-01,1.48448961e-02,0.971849,119.3022,178.8363
4,backend,numeric,12,1.8000,1.0e-03,-1,SAM,0.9477,0.050469,3.486365e-01,1.08032091e-02,0.972257,121.4933,246.8708
4,backend,numeric,12,1.8000,1.0e-03,-1,SAM,0.9477,0.050469,3.843667e-01,9.01976586e-03,0.974958,113.4990,330.2214
4,backend,numeric,12,1.8000,1.0e-03,-1,SAM,0.9477,0.050469,4.237587e-01,8.74105693e-03,0.965438,114.2739,75.2642
4,backend,numeric,12,1.8000,1.0e-03,-1,SAM,0.9477,0.050469,4.671878e-01,9.16612494e-03,0.972450,115.2417,179.1804
4,backend,numeric,12,1.8000,1.0e-03,-1,SAM,0.9477,0.050469,5.150678e-01,7.61238345e-03,0.972461,110.3388,316.8135
4,backend,numeric,12,1.8000,1.0e-03,-1,SAM,0.9477,0.050469,5.678548e-01,9.12615138e-03,0.968465,113.1564,116.6311
4,backend,numeric,12,1.8000,1.0e-03,-1,SAM,0.9477,0.050469,6.260517e-01,7.39607707e-03,0.969924,112.2302,278.0937
4,backend,numeric,12,1.8000,1.0e-03,-1,SAM,0.9477,0.050469,6.902129e-01,8.91080766e-03,0.969700,113.0865,122.8483
4,backend,numeric,12,1.8000,1.0e-03,-1,SAM,0.9477,0.050469,7.609497e-01,6.31119803e-03,0.977364,113.9889,329.2827
4,backend,numeric,12,1.8000,1.0e-03,-1,SAM,0.9477,0.050469,8.389360e-01,7.86046188e-03,0.968963,115.1714,205.0381
4,backend,numeric,12,1.8000,1.0e-03,-1,SAM,0.9477,0.050469,9.249147e-01,8.24271099e-03,0.971261,114.6100,109.9059
4,backend,numeric,12,1.8000,1.0e-03,-1,SAM,0.9477,0.050469,1.019705e+00,7.09108102e-03,0.964723,110.6235,35.9741
4,backend,numeric,12,1.8000,1.0e-03,-1,SAM,0.9477,0.050469,1.124210e+00,5.38426254e-03,0.973350,119.2557,342.6380
4,backend,numeric,12,1.8000,1.0e-03,-1,SAM,0.9477,0.050469,1.239425e+00,6.24390176e-03,0.976018,115.4031,334.0638
4,backend,numeric,12,1.8000,1.0e-03,-1,SAM,0.9477,0.050469,1.366448e+00,5.56346766e-03,0.973382,117.9607,10.4298
4,backend,numeric,12,1.8000,1.0e-03,-1,SAM,0.9477,0.050469,1.506489e+00,7.45882820e-03,0.964323,112.1331,79.6329
4,backend,numeric,12,1.8000,1.0e-03,-1,SAM,0.9477,0.050469,1.660883e+00,8.35811209e-03,0.972177,115.3826,171.0328
4,backend,numeric,12,1.8000,1.0e-03,-1,SAM,0.9477,0.050469,1.831099e+00,5.95822832e-03,0.977674,116.1126,330.1651
4,backend,numeric,12,1.8000,1.0e-03,-1,SAM,0.9477,0.050469,2.018760e+00,7.57676565e-03,0.968945,115.7377,171.7463
4,backend,numeric,12,1.8000,1.0e-03,-1,SAM,0.9477,0.050469,2.225654e+00,7.83672555e-03,0.968617,112.0814,76.9599
4,backend,numeric,12,1.8000,1.0e-03,-1,SAM,0.9477,0.050469,2.453751e+00,6.76721183e-03,0.963922,113.2381,67.6531
4,backend,numeric,12,1.8000,1.0e-03,-1,SAM,0.9477,0.050469,2.705225e+00,8.61741485e-03,0.967791,111.7800,104.0610
4,backend,numeric,12,1.8000,1.0e-03,-1,SAM,0.9477,0.050469,2.982471e+00,8.08001245e-03,0.968337,114.3718,207.9645
4,backend,numeric,12,1.8000,1.0e-03,-1,SAM,0.9477,0.050469,3.288131e+00,7.21842250e-03,0.965842,111.3567,61.3430
4,backend,numeric,12,1.8000,1.0e-03,-1,SAM,0.9477,0.050469,3.625117e+00,5.91657695e-03,0.976776,115.6667,358.7331
4,backend,numeric,12,1.8000,1.0e-03,-1,SAM,0.9477,0.050469,3.996639e+00,7.56990937e-03,0.965862,110.1590,46.1048
4,backend,numeric,12,1.8000,1.0e-03,-1,SAM,0.9477,0.050469,4.406236e+00,7.40112618e-03,0.972558,115.0024,201.5472
4,backend,numeric,12,1.8000,1.0e-03,-1,SAM,0.9477,0.050469,4.857812e+00,8.19755200e-03,0.971361,115.4926,133.4886
4,backend,numeric,12,1.8000,1.0e-03,-1,SAM,0.9477,0.050469,5.355667e+00,7.42263396e-03,0.972151,114.6715,194.3104
4,backend,numeric,12,1.8000,1.0e-03,-1,SAM,0.9477,0.050469,5.904545e+00,8.10875210e-03,0.967284,110.6839,67.0471
4,backend,numeric,12,1.8000,1.0e-03,-1,SAM,0.9477,0.050469,6.509675e+00,8.35084610e-03,0.966435,111.8884,97.0758
4,backend,numeric,12,1.8000,1.0e-03,-1,SAM,0.9477,0.050469,7.176822e+00,7.37602536e-03,0.975164,111.8101,296.9780
4,backend,numeric,12,1.8000,1.0e-03,-1,SAM,0.9477,0.050469,7.912343e+00,6.03155658e-03,0.963379,114.4185,27.4641
4,backend,numeric,12,1.8000,1.0e-03,-1,SAM,0.9477,0.050469,8.723243e+00,7.19861511e-03,0.974214,110.8056,300.8058
4,backend,numeric,12,1.8000,1.0e-03,-1,SAM,0.9477,0.050469,9.617249e+00,8.97468150e-03,0.970347,113.6898,134.8437
4,backend,numeric,12,1.8000,1.0e-03,-1,SAM,0.9477,0.050469,1.060288e+01,7.25670694e-03,0.970770,116.0388,229.2454
4,backend,numeric,12,1.8000,1.0e-03,-1,SAM,0.9477,0.050469,1.168952e+01,7.44447544e-03,0.970891,111.5705,276.8505
4,backend,numeric,12,1.8000,1.0e-03,-1,SAM,0.9477,0.050469,1.288752e+01,6.77835394e-03,0.977917,113.2566,305.6124
4,backend,numeric,12,1.8000,1.0e-03,-1,SAM,0.9477,0.050469,1.420831e+01,5.78144897e-03,0.974955,117.4476,341.4991
4,backend,numeric,12,1.8000,1.0e-03,-1,SAM,0.9477,0.050469,1.566445e+01,7.90935462e-03,0.964978,111.4449,86.4178
4,backend,numeric,12,1.8000,1.0e-03,-1,SAM,0.9477,0.050469,1.726983e+01,7.35211776e-03,0.968975,113.6535,252.2103
4,backend,numeric,12,1.8000,1.0e-03,-1,SAM,0.9477,0.050469,1.903974e+01,7.87483125e-03,0.968202,114.7907,201.4444
4,backend,numeric,12,1.8000,1.0e-03,-1,SAM,0.9477,0.050469,2.099104e+01,5.01593021e-03,0.967955,119.7078,357.4192
4,backend,numeric,12,1.8000,1.0e-03,-1,SAM,0.9477,0.050469,2.314231e+01,6.02504952e-03,0.964471,113.6432,22.5235
4,backend,numeric,12,1.8000,1.0e-03,-1,SAM,0.9477,0.050469,2.551407e+01,5.88101955e-03,0.976500,116.5248,6.8035
4,backend,numeric,12,1.8000,1.0e-03,-1,SAM,0.9477,0.050469,2.812889e+01,5.23629333e-03,0.971249,119.3632,349.8831
4,backend,numeric,12,1.8000,1.0e-03,-1,SAM,0.9477,0.050469,3.101169e+01,8.19838985e-03,0.969928,112.4917,77.3773
4,backend,numeric,12,1.8000,1.0e-03,-1,SAM,0.9477,0.050469,3.418994e+01,6.13283435e-03,0.976286,116.2266,330.3143
4,backend,numeric,12,1.8000,1.0e-03,-1,SAM,0.9477,0.050469,3.769391e+01,8.73726127e-03,0.971349,114.4010,144.2018
4,backend,numeric,12,1.8000,1.0e-03,-1,SAM,0.9477,0.050469,4.155699e+01,7.27091454e-03,0.972033,109.8781,311.0996
4,backend,numeric,12,1.8000,1.0e-03,-1,SAM,0.9477,0.050469,4.581598e+01,7.92119822e-03,0.969773,112.9852,238.5354
4,backend,numeric,12,1.8000,1.0e-03,-1,SAM,0.9477,0.050469,5.051145e+01,6.58886844e-03,0.963497,114.0035,67.9674
4,backend,numeric,12,1.8000,1.0e-03,-1,SAM,0.9477,0.050469,5.568814e+01,7.45749484e-03,0.969809,115.0982,232.9793
4,backend,numeric,12,1.8000,1.0e-03,-1,SAM,0.9477,0.050469,6.139537e+01,6.88858975e-03,0.970518,116.0476,233.8636
4,backend,numeric,12,1.8000,1.0e-03,-1,SAM,0.9477,0.050469,6.768750e+01,7.91429111e-03,0.971718,116.0713,189.4640
4,backend,numeric,12,1.8000,1.0e-03,-1,SAM,0.9477,0.050469,7.462449e+01,7.26858141e-03,0.971938,110.4096,301.3621
4,backend,numeric,12,1.8000,1.0e-03,-1,SAM,0.9477,0.050469,8.227241e+01,7.01337853e-03,0.965507,111.4402,55.0790
4,backend,numeric,12,1.8000,1.0e-03,-1,SAM,0.9477,0.050469,9.070414e+01,5.05289342e-03,0.971196,119.7436,18.9384
4,backend,numeric,12,1.8000,1.0e-03,-1,SAM,0.9477,0.050469,1.000000e+02,8.07545663e-03,0.968282,111.0406,63.0574
5,backend,numeric,15,10.0000,1.0e-03,-1,SAM,0.7286,0.038798,0.000000e+00,1.48518321e-03,0.989515,52.2715,188.2358
5,backend,numeric,15,10.0000,1.0e-03,-1,SAM,0.7286,0.038798,1.000000e-03,2.06171372e-03,0.994491,66.4289,198.2337
5,backend,numeric,15,10.0000,1.0e-03,-1,SAM,0.7286,0.038798,1.102485e-03,2.11907528e-03,0.994696,67.5769,199.1409
5,backend,numeric,15,10.0000,1.0e-03,-1,SAM,0.7286,0.038798,1.215474e-03,2.18166279e-03,0.994898,68.7734,200.1198
5,backend,numeric,15,10.0000,1.0e-03,-1,SAM,0.7286,0.038798,1.340043e-03,2.24981236e-03,0.995096,70.0123,201.1742
5,backend,numeric,15,10.0000,1.0e-03,-1,SAM,0.7286,0.038798,1.477378e-03,2.32384841e-03,0.995292,71.2865,202.3084
5,backend,numeric,15,10.0000,1.0e-03,-1,SAM,0.7286,0.038798,1.628787e-03,2.40407586e-03,0.995487,72.5883,203.5267
5,backend,numeric,15,10.0000,1.0e-03,-1,SAM,0.7286,0.038798,1.795714e-03,2.49076659e-03,0.995683,73.9094,204.8338
5,backend,numeric,15,10.0000,1.0e-03,-1,SAM,0.7286,0.038798,1.979749e-03,2.58412286e-03,0.995883,75.2412,206.2346
5,backend,numeric,15,10.0000,1.0e-03,-1,SAM,0.7286,0.038798,2.182645e-03,2.68421842e-03,0.996088,76.5750,207.7347
5,backend,numeric,15,10.0000,1.0e-03,-1,SAM,0.7286,0.038798,2.406334e-03,2.79091673e-03,0.996302,77.9028,209.3407
5,backend,numeric,15,10.0000,1.0e-03,-1,SAM,0.7286,0.038798,2.652948e-03,2.90384413e-03,0.996525,79.2171,211.0607
5,backend,numeric,15,10.0000,1.0e-03,-1,SAM,0.7286,0.038798,2.924837e-03,3.02247367e-03,0.996761,80.5127,212.9041
5,backend,numeric,15,10.0000,1.0e-03,-1,SAM,0.7286,0.038798,3.224591e-03,3.14637114e-03,0.997007,81.7868,214.8810
5,backend,numeric,15,10.0000,1.0e-03,-1,SAM,0.7286,0.038798,3.555064e-03,3.27510861e-03,0.997264,83.0386,217.0021
5,backend,numeric,15,10.0000,1.0e-03,-1,SAM,0.7286,0.038798,3.919407e-03,3.40820362e-03,0.997528,84.2684,219.2788
5,backend,numeric,15,10.0000,1.0e-03,-1,SAM,0.7286,0.038798,4.321089e-03,3.54508471e-03,0.997797,85.4774,221.7241
5,backend,numeric,15,10.0000,1.0e-03,-1,SAM,0.7286,0.038798,4.763938e-03,3.68508230e-03,0.998067,86.6676,224.3520
5,backend,numeric,15,10.0000,1.0e-03,-1,SAM,0.7286,0.038798,5.252173e-03,3.82729914e-03,0.998333,87.8417,227.1784
5,backend,numeric,15,10.0000,1.0e-03,-1,SAM,0.7286,0.038798,5.790444e-03,3.97055663e-03,0.998590,89.0027,230.2214
5,backend,numeric,15,10.0000,1.0e-03,-1,SAM,0.7286,0.038798,6.383880e-03,4.11328314e-03,0.998834,90.1546,233.5027
5,backend,numeric,15,10.0000,1.0e-03,-1,SAM,0.7286,0.038798,7.038136e-03,4.25379004e-03,0.999060,91.3050,237.0466
5,backend,numeric,15,10.0000,1.0e-03,-1,SAM,0.7286,0.038798,7.759442e-03,4.38997612e-03,0.999263,92.4657,240.8809
5,backend,numeric,15,10.0000,1.0e-03,-1,SAM,0.7286,0.038798,8.554673e-03,4.51895448e-03,0.999440,93.6530,245.0370
5,backend,numeric,15,10.0000,1.0e-03,-1,SAM,0.7286,0.038798,9.431402e-03,4.63684797e-03,0.999589,94.8909,249.5519
5,backend,numeric,15,10.0000,1.0e-03,-1,SAM,0.7286,0.038798,1.039798e-02,4.73835174e-03,0.999710,96.2169,254.4713
5,backend,numeric,15,10.0000,1.0e-03,-1,SAM,0.7286,0.038798,1.146363e-02,4.81605887e-03,0.999804,97.6924,259.8542
5,backend,numeric,15,10.0000,1.0e-03,-1,SAM,0.7286,0.038798,1.263848e-02,4.85923016e-03,0.999874,99.4248,265.7803
5,backend,numeric,15,10.0000,1.0e-03,-1,SAM,0.7286,0.038798,1.393374e-02,4.85028163e-03,0.999923,101.6183,272.3643
5,backend,numeric,15,10.0000,1.0e-03,-1,SAM,0.7286,0.038798,1.536175e-02,4.75926526e-03,0.999956,104.7050,279.7850
5,backend,numeric,15,10.0000,1.0e-03,-1,SAM,0.7286,0.038798,1.693611e-02,4.53204004e-03,0.999977,109.7129,288.3747
5,backend,numeric,15,10.0000,1.0e-03,-1,SAM,0.7286,0.038798,1.867181e-02,4.05208909e-03,0.999987,119.5516,298.9089
5,backend,numeric,15,10.0000,1.0e-03,-1,SAM,0.7286,0.038798,2.058540e-02,3.16615675e-03,0.999983,139.2756,313.7202
5,backend,numeric,15,10.0000,1.0e-03,-1,SAM,0.7286,0.038798,2.269511e-02,1.14086772e-03,0.999269,167.3536,342.7540
5,backend,numeric,15,10.0000,1.0e-03,-1,SAM,0.7286,0.038798,2.502102e-02,7.85473583e-04,0.907998,172.1989,20.4894
5,backend,numeric,15,10.0000,1.0e-03,-1,SAM,0.7286,0.038798,2.758532e-02,9.19921534e-04,0.846191,171.3158,337.0665
5,backend,numeric,15,10.0000,1.0e-03,-1,SAM,0.7286,0.038798,3.041241e-02,1.01722099e-03,0.804320,169.2747,259.7820
5,backend,numeric,15,10.0000,1.0e-03,-1,SAM,0.7286,0.038798,3.352924e-02,1.09373897e-03,0.775959,169.2134,156.9465
5,backend,numeric,15,10.0000,1.0e-03,-1,SAM,0.7286,0.038798,3.696550e-02,1.15479496e-03,0.757674,168.1719,26.9032
5,backend,numeric,15,10.0000,1.0e-03,-1,SAM,0.7286,0.038798,4.075393e-02,1.20341565e-03,0.747869,166.6727,237.3716
5,backend,numeric,15,10.0000,1.0e-03,-1,SAM,0.7286,0.038798,4.493062e-02,1.24236666e-03,0.745415,166.0324,72.2365
5,backend,numeric,15,10.0000,1.0e-03,-1,SAM,0.7286,0.038798,4.953535e-02,1.27458540e-03,0.750007,164.3894,257.4682
5,backend,numeric,15,10.0000,1.0e-03,-1,SAM,0.7286,0.038798,5.461201e-02,1.30406836e-03,0.761491,163.3418,79.7063
5,backend,numeric,15,10.0000,1.0e-03,-1,SAM,0.7286,0.038798,6.020894e-02,1.33636899e-03,0.780130,160.9105,267.8321
5,backend,numeric,15,10.0000,1.0e-03,-1,SAM,0.7286,0.038798,6.637949e-02,1.38167258e-03,0.805365,159.6364,108.9949
5,backend,numeric,15,10.0000,1.0e-03,-1,SAM,0.7286,0.038798,7.318242e-02,1.45700672e-03,0.838401,156.1800,326.4650
5,backend,numeric,15,10.0000,1.0e-03,-1,SAM,0.7286,0.038798,8.068256e-02,1.60241631e-03,0.878852,150.7498,213.8446
5,backend,numeric,15,10.0000,1.0e-03,-1,SAM,0.7286,0.038798,8.895135e-02,1.91246497e-03,0.917199,145.1771,129.4745
5,backend,numeric,15,10.0000,1.0e-03,-1,SAM,0.7286,0.038798,9.806757e-02,2.74768567e-03,0.953481,125.6411,93.3779
5,backend,numeric,15,10.0000,1.0e-03,-1,SAM,0.7286,0.038798,1.081181e-01,3.38630752e-03,0.981578,117.1609,131.8339
5,backend,numeric,15,10.0000,1.0e-03,-1,SAM,0.7286,0.038798,1.191986e-01,3.17332133e-03,0.967839,116.3267,231.0876
5,backend,numeric,15,10.0000,1.0e-03,-1,SAM,0.7286,0.038798,1.314147e-01,2.10376413e-03,0.968350,116.4118,341.7551
5,backend,numeric,15,10.0000,1.0e-03,-1,SAM,0.7286,0.038798,1.448828e-01,2.16223591e-03,0.970835,113.1945,114.3043
5,backend,numeric,15,10.0000,1.0e-03,-1,SAM,0.7286,0.038798,1.597312e-01,2.23379413e-03,0.972254,111.4266,279.8791
5,backend,numeric,15,10.0000,1.0e-03,-1,SAM,0.7286,0.038798,1.761014e-01,2.09158186e-03,0.972285,113.9237,95.0276
5,backend,numeric,15,10.0000,1.0e-03,-1,SAM,0.7286,0.038798,1.941492e-01,2.03063487e-03,0.973317,112.8350,304.2687
5,backend,numeric,15,10.0000,1.0e-03,-1,SAM,0.7286,0.038798,2.140467e-01,1.78262290e-03,0.971397,115.1483,168.2342
5,backend,numeric,15,10.0000,1.0e-03,-1,SAM,0.7286,0.038798,2.359833e-01,2.03295275e-03,0.967526,111.8332,54.2294
5,backend,numeric,15,10.0000,1.0e-03,-1,SAM,0.7286,0.038798,2.601682e-01,1.89879392e-03,0.974041,114.5253,330.3015
5,backend,numeric,15,10.0000,1.0e-03,-1,SAM,0.7286,0.038798,2.868317e-01,2.11718107e-03,0.969120,111.6763,275.2393
5,backend,numeric,15,10.0000,1.0e-03,-1,SAM,0.7286,0.038798,3.162278e-01,1.95202574e-03,0.966987,113.1230,248.3650
5,backend,numeric,15,10.0000,1.0e-03,-1,SAM,0.7286,0.038798,3.486365e-01,1.95020956e-03,0.966959,113.1209,252.3679
5,backend,numeric,15,10.0000,1.0e-03,-1,SAM,0.7286,0.038798,3.843667e-01,2.12451360e-03,0.969481,111.4782,289.5832
5,backend,numeric,15,10.0000,1.0e-03,-1,SAM,0.7286,0.038798,4.237587e-01,1.73692853e-03,0.973150,116.0169,6.7520
5,backend,numeric,15,10.0000,1.0e-03,-1,SAM,0.7286,0.038798,4.671878e-01,2.19116119e-03,0.971230,113.1336,123.8213
5,backend,numeric,15,10.0000,1.0e-03,-1,SAM,0.7286,0.038798,5.150678e-01,2.11368428e-03,0.970155,111.5922,294.6519
5,backend,numeric,15,10.0000,1.0e-03,-1,SAM,0.7286,0.038798,5.678548e-01,2.04804970e-03,0.973143,114.5439,159.6613
5,backend,numeric,15,10.0000,1.0e-03,-1,SAM,0.7286,0.038798,6.260517e-01,2.16814354e-03,0.967638,111.6270,94.7758
5,backend,numeric,15,10.0000,1.0e-03,-1,SAM,0.7286,0.038798,6.902129e-01,2.19186185e-03,0.968496,111.6595,96.2479
5,backend,numeric,15,10.0000,1.0e-03,-1,SAM,0.7286,0.038798,7.609497e-01,1.87905106e-03,0.971123,115.9921,170.9939
5,backend,numeric,15,10.0000,1.0e-03,-1,SAM,0.7286,0.038798,8.389360e-01,1.71853842e-03,0.973803,114.9284,330.2234
5,backend,numeric,15,10.0000,1.0e-03,-1,SAM,0.7286,0.038798,9.249147e-01,2.03729738e-03,0.967564,112.9331,210.5234
5,backend,numeric,15,10.0000,1.0e-03,-1,SAM,0.7286,0.038798,1.019705e+00,1.83888999e-03,0.967580,114.6916,183.8143
5,backend,numeric,15,10.0000,1.0e-03,-1,SAM,0.7286,0.038798,1.124210e+00,2.15739624e-03,0.970837,111.9100,264.1358
5,backend,numeric,15,10.0000,1.0e-03,-1,SAM,0.7286,0.038798,1.239425e+00,2.05006775e-03,0.972256,113.5006,114.7799
5,backend,numeric,15,10.0000,1.0e-03,-1,SAM,0.7286,0.038798,1.366448e+00,2.16235918e-03,0.970633,112.8100,107.1965
5,backend,numeric,15,10.0000,1.0e-03,-1,SAM,0.7286,0.038798,1.506489e+00,1.79832762e-03,0.968408,114.9155,228.0927
5,backend,numeric,15,10.0000,1.0e-03,-1,SAM,0.7286,0.038798,1.660883e+00,2.10206538e-03,0.972874,114.3037,146.2733
5,backend,numeric,15,10.0000,1.0e-03,-1,SAM,0.7286,0.038798,1.831099e+00,2.09815412e-03,0.971366,112.1699,262.1300
5,backend,numeric,15,10.0000,1.0e-03,-1,SAM,0.7286,0.038798,2.018760e+00,1.93605969e-03,0.966967,113.7393,198.6041
5,backend,numeric,15,10.0000,1.0e-03,-1,SAM,0.7286,0.038798,2.225654e+00,1.71936783e-03,0.971471,116.1865,351.8390
5,backend,numeric,15,10.0000,1.0e-03,-1,SAM,0.7286,0.038798,2.453751e+00,1.64986273e-03,0.968877,116.3020,32.8614
5,backend,numeric,15,10.0000,1.0e-03,-1,SAM,0.7286,0.038798,2.705225e+00,1.98539177e-03,0.973355,112.4042,305.5882
5,backend,numeric,15,10.0000,1.0e-03,-1,SAM,0.7286,0.038798,2.982471e+00,1.84748644e-03,0.967646,114.7043,182.2109
5,backend,numeric,15,10.0000,1.0e-03,-1,SAM,0.7286,0.038798,3.288131e+00,1.70987909e-03,0.970951,116.2439,4.0879
5,backend,numeric,15,10.0000,1.0e-03,-1,SAM,0.7286,0.038798,3.625117e+00,2.06439010e-03,0.973069,114.6003,155.2066
5,backend,numeric,15,10.0000,1.0e-03,-1,SAM,0.7286,0.038798,3.996639e+00,1.70615522e-03,0.966385,114.6495,7.6134
5,backend,numeric,15,10.0000,1.0e-03,-1,SAM,0.7286,0.038798,4.406236e+00,2.07175208e-03,0.967945,111.9141,275.7860
5,backend,numeric,15,10.0000,1.0e-03,-1,SAM,0.7286,0.038798,4.857812e+00,2.03822772e-03,0.973026,112.4186,278.8364
5,backend,numeric,15,10.0000,1.0e-03,-1,SAM,0.7286,0.038798,5.355667e+00,2.14957504e-03,0.969085,112.1322,89.5318
5,backend,numeric,15,10.0000,1.0e-03,-1,SAM,0.7286,0.038798,5.904545e+00,2.07495445e-03,0.972969,114.1687,112.5906
5,backend,numeric,15,10.0000,1.0e-03,-1,SAM,0.7286,0.038798,6.509675e+00,1.62919604e-03,0.969120,116.4123,33.7013
5,backend,numeric,15,10.0000,1.0e-03,-1,SAM,0.7286,0.038798,7.176822e+00,2.10458865e-03,0.972537,112.2808,287.2951
5,backend,numeric,15,10.0000,1.0e-03,-1,SAM,0.7286,0.038798,7.912343e+00,2.13831412e-03,0.970345,112.2470,245.6016
5,backend,numeric,15,10.0000,1.0e-03,-1,SAM,0.7286,0.038798,8.723243e+00,1.99007182e-03,0.973297,112.3931,301.8592
5,backend,numeric,15,10.0000,1.0e-03,-1,SAM,0.7286,0.038798,9.617249e+00,1.84174747e-03,0.968428,114.7954,220.0542
5,backend,numeric,15,10.0000,1.0e-03,-1,SAM,0.7286,0.038798,1.060288e+01,2.13450184e-03,0.967021,111.6502,90.5101
5,backend,numeric,15,10.0000,1.0e-03,-1,SAM,0.7286,0.038798,1.168952e+01,1.64212880e-03,0.972141,115.7796,5.2345
5,backend,numeric,15,10.0000,1.0e-03,-1,SAM,0.7286,0.038798,1.288752e+01,2.14715371e-03,0.972275,113.3188,101.8316
5,backend,numeric,15,10.0000,1.0e-03,-1,SAM,0.7286,0.038798,1.420831e+01,2.10558274e-03,0.971398,112.9495,93.9238
5,backend,numeric,15,10.0000,1.0e-03,-1,SAM,0.7286,0.038798,1.566445e+01,1.87986871e-03,0.971616,115.8840,182.2271
5,backend,numeric,15,10.0000,1.0e-03,-1,SAM,0.7286,0.038798,1.726983e+01,1.91786604e-03,0.972702,114.1304,147.8833
5,backend,numeric,15,10.0000,1.0e-03,-1,SAM,0.7286,0.038798,1.903974e+01,1.83627571e-03,0.972099,115.2934,140.8573
5,backend,numeric,15,10.0000,1.0e-03,-1,SAM,0.7286,0.038798,2.099104e+01,1.81211004e-03,0.965639,113.3305,18.5137
5,backend,numeric,15,10.0000,1.0e-03,-1,SAM,0.7286,0.038798,2.314231e+01,1.96171831e-03,0.974223,113.7731,305.3301
5,backend,numeric,15,10.0000,1.0e-03,-1,SAM,0.7286,0.038798,2.551407e+01,1.80630742e-03,0.971273,115.4489,201.1006
5,backend,numeric,15,10.0000,1.0e-03,-1,SAM,0.7286,0.038798,2.812889e+01,2.10188837e-03,0.972813,112.3926,282.5791
5,backend,numeric,15,10.0000,1.0e-03,-1,SAM,0.7286,0.038798,3.101169e+01,1.86572652e-03,0.972440,115.2982,135.7139
5,backend,numeric,15,10.0000,1.0e-03,-1,SAM,0.7286,0.038798,3.418994e+01,1.97663487e-03,0.966833,111.9332,40.8780
5,backend,numeric,15,10.0000,1.0e-03,-1,SAM,0.7286,0.038798,3.769391e+01,NaN,NaN,NaN,NaN
5,backend,numeric,15,10.0000,1.0e-03,-1,SAM,0.7286,0.038798,4.155699e+01,NaN,NaN,NaN,NaN
5,backend,numeric,15,10.0000,1.0e-03,-1,SAM,0.7286,0.038798,4.581598e+01,NaN,NaN,NaN,NaN
5,backend,numeric,15,10.0000,1.0e-03,-1,SAM,0.7286,0.038798,5.051145e+01,NaN,NaN,NaN,NaN
5,backend,numeric,15,10.0000,1.0e-03,-1,SAM,0.7286,0.038798,5.568814e+01,NaN,NaN,NaN,NaN
5,backend,numeric,15,10.0000,1.0e-03,-1,SAM,0.7286,0.038798,6.139537e+01,NaN,NaN,NaN,NaN
5,backend,numeric,15,10.0000,1.0e-03,-1,SAM,0.7286,0.038798,6.768750e+01,NaN,NaN,NaN,NaN
5,backend,numeric,15,10.0000,1.0e-03,-1,SAM,0.7286,0.038798,7.462449e+01,NaN,NaN,NaN,NaN
5,backend,numeric,15,10.0000,1.0e-03,-1,SAM,0.7286,0.038798,8.227241e+01,NaN,NaN,NaN,NaN
5,backend,numeric,15,10.0000,1.0e-03,-1,SAM,0.7286,0.038798,9.070414e+01,NaN,NaN,NaN,NaN
5,backend,numeric,15,10.0000,1.0e-03,-1,SAM,0.7286,0.038798,1.000000e+02,NaN,NaN,NaN,NaN
6,backend,numeric,19,0.1000,1.0e-03,-1,SAM,0.6415,0.034163,0.000000e+00,1.26955086e-03,0.986153,83.4034,277.1546
6,backend,numeric,19,0.1000,1.0e-03,-1,SAM,0.6415,0.034163,1.000000e-03,1.50261548e-03,0.989465,90.3547,291.4430
6,backend,numeric,19,0.1000,1.0e-03,-1,SAM,0.6415,0.034163,1.102485e-03,1.52061204e-03,0.989772,90.9531,292.8492
6,backend,numeric,19,0.1000,1.0e-03,-1,SAM,0.6415,0.034163,1.215474e-03,1.53896090e-03,0.990108,91.5986,294.3940
6,backend,numeric,19,0.1000,1.0e-03,-1,SAM,0.6415,0.034163,1.340043e-03,1.55737600e-03,0.990474,92.2970,296.0924
6,backend,numeric,19,0.1000,1.0e-03,-1,SAM,0.6415,0.034163,1.477378e-03,1.57553506e-03,0.990871,93.0559,297.9609
6,backend,numeric,19,0.1000,1.0e-03,-1,SAM,0.6415,0.034163,1.628787e-03,1.59300828e-03,0.991303,93.8858,300.0186
6,backend,numeric,19,0.1000,1.0e-03,-1,SAM,0.6415,0.034163,1.795714e-03,1.60921614e-03,0.991769,94.8010,302.2875
6,backend,numeric,19,0.1000,1.0e-03,-1,SAM,0.6415,0.034163,1.979749e-03,1.62337632e-03,0.992270,95.8218,304.7934
6,backend,numeric,19,0.1000,1.0e-03,-1,SAM,0.6415,0.034163,2.182645e-03,1.63442957e-03,0.992808,96.9777,307.5672
6,backend,numeric,19,0.1000,1.0e-03,-1,SAM,0.6415,0.034163,2.406334e-03,1.64091559e-03,0.993380,98.3127,310.6470
6,backend,numeric,19,0.1000,1.0e-03,-1,SAM,0.6415,0.034163,2.652948e-03,1.64078304e-03,0.993984,99.8945,314.0820
6,backend,numeric,19,0.1000,1.0e-03,-1,SAM,0.6415,0.034163,2.924837e-03,1.63108769e-03,0.994612,101.8325,317.9370
6,backend,numeric,19,0.1000,1.0e-03,-1,SAM,0.6415,0.034163,3.224591e-03,1.60771188e-03,0.995249,104.3138,322.3023
6,backend,numeric,19,0.1000,1.0e-03,-1,SAM,0.6415,0.034163,3.555064e-03,1.56469703e-03,0.995864,107.6712,327.3127
6,backend,numeric,19,0.1000,1.0e-03,-1,SAM,0.6415,0.034163,3.919407e-03,1.49277397e-03,0.996379,112.5230,333.1892
6,backend,numeric,19,0.1000,1.0e-03,-1,SAM,0.6415,0.034163,4.321089e-03,1.37766678e-03,0.996574,119.9826,340.3293
6,backend,numeric,19,0.1000,1.0e-03,-1,SAM,0.6415,0.034163,4.763938e-03,1.19587224e-03,0.995588,131.3697,349.5226
6,backend,numeric,19,0.1000,1.0e-03,-1,SAM,0.6415,0.034163,5.252173e-03,9.35010431e-04,0.988717,145.1753,2.3855
6,backend,numeric,19,0.1000,1.0e-03,-1,SAM,0.6415,0.034163,5.790444e-03,8.36962069e-04,0.965905,150.0261,19.0509
6,backend,numeric,19,0.1000,1.0e-03,-1,SAM,0.6415,0.034163,6.383880e-03,9.93512408e-04,0.952451,145.6421,22.9441
6,backend,numeric,19,0.1000,1.0e-03,-1,SAM,0.6415,0.034163,7.038136e-03,1.08855984e-03,0.939250,143.9120,18.9531
6,backend,numeric,19,0.1000,1.0e-03,-1,SAM,0.6415,0.034163,7.759442e-03,1.16540036e-03,0.926255,142.9342,12.0878
6,backend,numeric,19,0.1000,1.0e-03,-1,SAM,0.6415,0.034163,8.554673e-03,1.23434624e-03,0.913335,142.2322,2.4410
6,backend,numeric,19,0.1000,1.0e-03,-1,SAM,0.6415,0.034163,9.431402e-03,1.29932936e-03,0.900414,141.4849,349.8958
6,backend,numeric,19,0.1000,1.0e-03,-1,SAM,0.6415,0.034163,1.039798e-02,1.36237843e-03,0.887525,140.3565,334.3948
6,backend,numeric,19,0.1000,1.0e-03,-1,SAM,0.6415,0.034163,1.146363e-02,1.42463259e-03,0.874819,138.5532,316.1114
6,backend,numeric,19,0.1000,1.0e-03,-1,SAM,0.6415,0.034163,1.263848e-02,1.48664605e-03,0.862541,136.0310,295.4338
6,backend,numeric,19,0.1000,1.0e-03,-1,SAM,0.6415,0.034163,1.393374e-02,1.54874217e-03,0.850914,133.2375,272.6826
6,backend,numeric,19,0.1000,1.0e-03,-1,SAM,0.6415,0.034163,1.536175e-02,1.61133870e-03,0.839940,131.1036,247.6481
6,backend,numeric,19,0.1000,1.0e-03,-1,SAM,0.6415,0.034163,1.693611e-02,1.67542431e-03,0.829260,130.4684,219.2932
6,backend,numeric,19,0.1000,1.0e-03,-1,SAM,0.6415,0.034163,1.867181e-02,1.74236941e-03,0.818349,131.0068,185.9647
6,backend,numeric,19,0.1000,1.0e-03,-1,SAM,0.6415,0.034163,2.058540e-02,1.81260545e-03,0.807108,130.7730,146.7755
6,backend,numeric,19,0.1000,1.0e-03,-1,SAM,0.6415,0.034163,2.269511e-02,1.88510116e-03,0.796270,128.6692,103.3443
6,backend,numeric,19,0.1000,1.0e-03,-1,SAM,0.6415,0.034163,2.502102e-02,1.95926518e-03,0.786199,127.4198,56.4985
6,backend,numeric,19,0.1000,1.0e-03,-1,SAM,0.6415,0.034163,2.758532e-02,2.03762808e-03,0.775973,128.5007,2.5392
6,backend,numeric,19,0.1000,1.0e-03,-1,SAM,0.6415,0.034163,3.041241e-02,2.12030021e-03,0.765651,126.6670,300.3500
6,backend,numeric,19,0.1000,1.0e-03,-1,SAM,0.6415,0.034163,3.352924e-02,2.20311565e-03,0.757011,123.4545,235.7105
6,backend,numeric,19,0.1000,1.0e-03,-1,SAM,0.6415,0.034163,3.696550e-02,2.28962815e-03,0.748919,124.2069,164.5174
6,backend,numeric,19,0.1000,1.0e-03,-1,SAM,0.6415,0.034163,4.075393e-02,2.38071019e-03,0.741092,122.1530,85.5454
6,backend,numeric,19,0.1000,1.0e-03,-1,SAM,0.6415,0.034163,4.493062e-02,2.47563105e-03,0.733921,123.0639,359.3435
6,backend,numeric,19,0.1000,1.0e-03,-1,SAM,0.6415,0.034163,4.953535e-02,2.57540016e-03,0.727252,119.4700,263.6110
6,backend,numeric,19,0.1000,1.0e-03,-1,SAM,0.6415,0.034163,5.461201e-02,2.67536839e-03,0.722413,119.4422,164.3660
6,backend,numeric,19,0.1000,1.0e-03,-1,SAM,0.6415,0.034163,6.020894e-02,2.78103819e-03,0.718117,117.7083,56.4987
6,backend,numeric,19,0.1000,1.0e-03,-1,SAM,0.6415,0.034163,6.637949e-02,2.89418345e-03,0.714152,117.0739,297.1650
6,backend,numeric,19,0.1000,1.0e-03,-1,SAM,0.6415,0.034163,7.318242e-02,3.00557529e-03,0.712512,115.2460,175.2129
6,backend,numeric,19,0.1000,1.0e-03,-1,SAM,0.6415,0.034163,8.068256e-02,3.12347407e-03,0.711612,114.0411,45.2433
6,backend,numeric,19,0.1000,1.0e-03,-1,SAM,0.6415,0.034163,8.895135e-02,3.24963960e-03,0.711313,111.3699,263.8913
6,backend,numeric,19,0.1000,1.0e-03,-1,SAM,0.6415,0.034163,9.806757e-02,3.37378735e-03,0.713123,110.6803,121.6168
6,backend,numeric,19,0.1000,1.0e-03,-1,SAM,0.6415,0.034163,1.081181e-01,3.50822670e-03,0.715482,110.9619,329.2337
6,backend,numeric,19,0.1000,1.0e-03,-1,SAM,0.6415,0.034163,1.191986e-01,3.64053980e-03,0.719768,107.3912,173.8240
6,backend,numeric,19,0.1000,1.0e-03,-1,SAM,0.6415,0.034163,1.314147e-01,3.77983466e-03,0.725066,107.5909,13.5048
6,backend,numeric,19,0.1000,1.0e-03,-1,SAM,0.6415,0.034163,1.448828e-01,3.92127605e-03,0.731543,102.8102,206.0228
6,backend,numeric,19,0.1000,1.0e-03,-1,SAM,0.6415,0.034163,1.597312e-01,4.05869967e-03,0.739646,102.9899,39.3467
6,backend,numeric,19,0.1000,1.0e-03,-1,SAM,0.6415,0.034163,1.761014e-01,4.20036479e-03,0.748742,98.1436,223.1808
6,backend,numeric,19,0.1000,1.0e-03,-1,SAM,0.6415,0.034163,1.941492e-01,4.31500546e-03,0.760361,98.2756,51.4402
6,backend,numeric,19,0.1000,1.0e-03,-1,SAM,0.6415,0.034163,2.140467e-01,4.43267272e-03,0.772793,93.0677,229.2350
6,backend,numeric,19,0.1000,1.0e-03,-1,SAM,0.6415,0.034163,2.359833e-01,4.47895649e-03,0.789006,93.3645,52.1843
6,backend,numeric,19,0.1000,1.0e-03,-1,SAM,0.6415,0.034163,2.601682e-01,4.50879848e-03,0.806336,86.8640,224.1249
6,backend,numeric,19,0.1000,1.0e-03,-1,SAM,0.6415,0.034163,2.868317e-01,4.36984739e-03,0.830313,88.2641,35.6398
6,backend,numeric,19,0.1000,1.0e-03,-1,SAM,0.6415,0.034163,3.162278e-01,4.07110322e-03,0.860205,77.2908,193.1081
6,backend,numeric,19,0.1000,1.0e-03,-1,SAM,0.6415,0.034163,3.486365e-01,3.17196766e-03,0.912780,69.6315,324.6124
6,backend,numeric,19,0.1000,1.0e-03,-1,SAM,0.6415,0.034163,3.843667e-01,8.66303075e-03,0.998014,96.9363,317.5232
6,backend,numeric,19,0.1000,1.0e-03,-1,SAM,0.6415,0.034163,4.237587e-01,4.98822090e-03,0.870988,155.7493,353.1424
6,backend,numeric,19,0.1000,1.0e-03,-1,SAM,0.6415,0.034163,4.671878e-01,6.64273965e-03,0.764285,145.2250,99.4852
6,backend,numeric,19,0.1000,1.0e-03,-1,SAM,0.6415,0.034163,5.150678e-01,7.80426077e-03,0.709532,141.2908,102.9531
6,backend,numeric,19,0.1000,1.0e-03,-1,SAM,0.6415,0.034163,5.678548e-01,8.74065937e-03,0.680812,140.9738,50.5722
6,backend,numeric,19,0.1000,1.0e-03,-1,SAM,0.6415,0.034163,6.260517e-01,9.54848130e-03,0.668470,137.4689,321.7330
6,backend,numeric,19,0.1000,1.0e-03,-1,SAM,0.6415,0.034163,6.902129e-01,1.02710026e-02,0.671278,129.0423,228.7069
6,backend,numeric,19,0.1000,1.0e-03,-1,SAM,0.6415,0.034163,7.609497e-01,1.09607005e-02,0.687100,124.3733,148.6729
6,backend,numeric,19,0.1000,1.0e-03,-1,SAM,0.6415,0.034163,8.389360e-01,1.17046635e-02,0.711750,122.6022,95.5661
6,backend,numeric,19,0.1000,1.0e-03,-1,SAM,0.6415,0.034163,9.249147e-01,1.25652048e-02,0.743084,119.1700,83.1840
6,backend,numeric,19,0.1000,1.0e-03,-1,SAM,0.6415,0.034163,1.019705e+00,1.35695026e-02,0.779426,111.8122,122.7164
6,backend,numeric,19,0.1000,1.0e-03,-1,SAM,0.6415,0.034163,1.124210e+00,1.48650879e-02,0.814779,100.8624,212.1971
6,backend,numeric,19,0.1000,1.0e-03,-1,SAM,0.6415,0.034163,1.239425e+00,1.62968221e-02,0.851886,116.1264,9.4170
6,backend,numeric,19,0.1000,1.0e-03,-1,SAM,0.6415,0.034163,1.366448e+00,1.66633050e-02,0.895320,80.4322,190.4411
6,backend,numeric,19,0.1000,1.0e-03,-1,SAM,0.6415,0.034163,1.506489e+00,1.44377962e-02,0.943321,98.0339,40.0091
6,backend,numeric,19,0.1000,1.0e-03,-1,SAM,0.6415,0.034163,1.660883e+00,2.86930150e-02,0.991583,82.5213,13.2042
6,backend,numeric,19,0.1000,1.0e-03,-1,SAM,0.6415,0.034163,1.831099e+00,2.86684710e-02,0.893904,171.3271,250.0376
6,backend,numeric,19,0.1000,1.0e-03,-1,SAM,0.6415,0.034163,2.018760e+00,3.56883478e-02,0.877448,121.2329,184.9762
6,backend,numeric,19,0.1000,1.0e-03,-1,SAM,0.6415,0.034163,2.225654e+00,4.37277670e-02,0.887393,145.2381,123.5234
6,backend,numeric,19,0.1000,1.0e-03,-1,SAM,0.6415,0.034163,2.453751e+00,5.19314831e-02,0.870083,147.4881,231.2855
6,backend,numeric,19,0.1000,1.0e-03,-1,SAM,0.6415,0.034163,2.705225e+00,5.79905860e-02,0.916188,103.5960,180.2144
6,backend,numeric,19,0.1000,1.0e-03,-1,SAM,0.6415,0.034163,2.982471e+00,7.23477092e-02,0.942146,120.0358,155.4837
6,backend,numeric,19,0.1000,1.0e-03,-1,SAM,0.6415,0.034163,3.288131e+00,1.03212496e-01,0.944105,117.0319,199.2187
6,backend,numeric,19,0.1000,1.0e-03,-1,SAM,0.6415,0.034163,3.625117e+00,1.28584960e-01,0.982512,69.7050,196.7577
6,backend,numeric,19,0.1000,1.0e-03,-1,SAM,0.6415,0.034163,3.996639e+00,3.13910577e-01,0.996402,74.7290,185.1988
6,backend,numeric,19,0.1000,1.0e-03,-1,SAM,0.6415,0.034163,4.406236e+00,4.93679663e-01,0.998890,83.5484,181.0376
6,backend,numeric,19,0.1000,1.0e-03,-1,SAM,0.6415,0.034163,4.857812e+00,6.55609704e-01,0.999695,85.1112,181.5771
6,backend,numeric,19,0.1000,1.0e-03,-1,SAM,0.6415,0.034163,5.355667e+00,8.25549238e-01,0.999924,84.3923,182.2000
6,backend,numeric,19,0.1000,1.0e-03,-1,SAM,0.6415,0.034163,5.904545e+00,NaN,NaN,NaN,NaN
6,backend,numeric,19,0.1000,1.0e-03,-1,SAM,0.6415,0.034163,6.509675e+00,NaN,NaN,NaN,NaN
6,backend,numeric,19,0.1000,1.0e-03,-1,SAM,0.6415,0.034163,7.176822e+00,NaN,NaN,NaN,NaN
6,backend,numeric,19,0.1000,1.0e-03,-1,SAM,0.6415,0.034163,7.912343e+00,NaN,NaN,NaN,NaN
6,backend,numeric,19,0.1000,1.0e-03,-1,SAM,0.6415,0.034163,8.723243e+00,NaN,NaN,NaN,NaN
6,backend,numeric,19,0.1000,1.0e-03,-1,SAM,0.6415,0.034163,9.617249e+00,NaN,NaN,NaN,NaN
6,backend,numeric,19,0.1000,1.0e-03,-1,SAM,0.6415,0.034163,1.060288e+01,NaN,NaN,NaN,NaN
6,backend,numeric,19,0.1000,1.0e-03,-1,SAM,0.6415,0.034163,1.168952e+01,NaN,NaN,NaN,NaN
6,backend,numeric,19,0.1000,1.0e-03,-1,SAM,0.6415,0.034163,1.288752e+01,NaN,NaN,NaN,NaN
6,backend,numeric,19,0.1000,1.0e-03,-1,SAM,0.6415,0.034163,1.420831e+01,NaN,NaN,NaN,NaN
6,backend,numeric,19,0.1000,1.0e-03,-1,SAM,0.6415,0.034163,1.566445e+01,NaN,NaN,NaN,NaN
6,backend,numeric,19,0.1000,1.0e-03,-1,SAM,0.6415,0.034163,1.726983e+01,NaN,NaN,NaN,NaN
6,backend,numeric,19,0.1000,1.0e-03,-1,SAM,0.6415,0.034163,1.903974e+01,NaN,NaN,NaN,NaN
6,backend,numeric,19,0.1000,1.0e-03,-1,SAM,0.6415,0.034163,2.099104e+01,NaN,NaN,NaN,NaN
6,backend,numeric,19,0.1000,1.0e-03,-1,SAM,0.6415,0.034163,2.314231e+01,NaN,NaN,NaN,NaN
6,backend,numeric,19,0.1000,1.0e-03,-1,SAM,0.6415,0.034163,2.551407e+01,NaN,NaN,NaN,NaN
6,backend,numeric,19,0.1000,1.0e-03,-1,SAM,0.6415,0.034163,2.812889e+01,NaN,NaN,NaN,NaN
6,backend,numeric,19,0.1000,1.0e-03,-1,SAM,0.6415,0.034163,3.101169e+01,NaN,NaN,NaN,NaN
6,backend,numeric,19,0.1000,1.0e-03,-1,SAM,0.6415,0.034163,3.418994e+01,NaN,NaN,NaN,NaN
6,backend,numeric,19,0.1000,1.0e-03,-1,SAM,0.6415,0.034163,3.769391e+01,NaN,NaN,NaN,NaN
6,backend,numeric,19,0.1000,1.0e-03,-1,SAM,0.6415,0.034163,4.155699e+01,NaN,NaN,NaN,NaN
6,backend,numeric,19,0.1000,1.0e-03,-1,SAM,0.6415,0.034163,4.581598e+01,NaN,NaN,NaN,NaN
6,backend,numeric,19,0.1000,1.0e-03,-1,SAM,0.6415,0.034163,5.051145e+01,NaN,NaN,NaN,NaN
6,backend,numeric,19,0.1000,1.0e-03,-1,SAM,0.6415,0.034163,5.568814e+01,NaN,NaN,NaN,NaN
6,backend,numeric,19,0.1000,1.0e-03,-1,SAM,0.6415,0.034163,6.139537e+01,NaN,NaN,NaN,NaN
6,backend,numeric,19,0.1000,1.0e-03,-1,SAM,0.6415,0.034163,6.768750e+01,NaN,NaN,NaN,NaN
6,backend,numeric,19,0.1000,1.0e-03,-1,SAM,0.6415,0.034163,7.462449e+01,NaN,NaN,NaN,NaN
6,backend,numeric,19,0.1000,1.0e-03,-1,SAM,0.6415,0.034163,8.227241e+01,NaN,NaN,NaN,NaN
6,backend,numeric,19,0.1000,1.0e-03,-1,SAM,0.6415,0.034163,9.070414e+01,NaN,NaN,NaN,NaN
6,backend,numeric,19,0.1000,1.0e-03,-1,SAM,0.6415,0.034163,1.000000e+02,NaN,NaN,NaN,NaN
7,backend,numeric,22,1.8000,1.0e-03,-1,SAM,0.6819,0.036316,0.000000e+00,2.96476303e-04,0.987714,42.6783,212.3128
7,backend,numeric,22,1.8000,1.0e-03,-1,SAM,0.6819,0.036316,1.000000e-03,8.17444612e-04,0.996708,82.4516,245.7216
7,backend,numeric,22,1.8000,1.0e-03,-1,SAM,0.6819,0.036316,1.102485e-03,8.56045857e-04,0.996820,83.6825,248.2423
7,backend,numeric,22,1.8000,1.0e-03,-1,SAM,0.6819,0.036316,1.215474e-03,8.95802941e-04,0.996946,84.8701,250.9322
7,backend,numeric,22,1.8000,1.0e-03,-1,SAM,0.6819,0.036316,1.340043e-03,9.36564152e-04,0.997084,86.0189,253.8044
7,backend,numeric,22,1.8000,1.0e-03,-1,SAM,0.6819,0.036316,1.477378e-03,9.78154601e-04,0.997237,87.1339,256.8727
7,backend,numeric,22,1.8000,1.0e-03,-1,SAM,0.6819,0.036316,1.628787e-03,1.02035471e-03,0.997402,88.2211,260.1532
7,backend,numeric,22,1.8000,1.0e-03,-1,SAM,0.6819,0.036316,1.795714e-03,1.06290252e-03,0.997580,89.2879,263.6643
7,backend,numeric,22,1.8000,1.0e-03,-1,SAM,0.6819,0.036316,1.979749e-03,1.10546769e-03,0.997769,90.3440,267.4270
7,backend,numeric,22,1.8000,1.0e-03,-1,SAM,0.6819,0.036316,2.182645e-03,1.14755909e-03,0.997967,91.4018,271.4657
7,backend,numeric,22,1.8000,1.0e-03,-1,SAM,0.6819,0.036316,2.406334e-03,1.18851015e-03,0.998174,92.4795,275.8087
7,backend,numeric,22,1.8000,1.0e-03,-1,SAM,0.6819,0.036316,2.652948e-03,1.22744663e-03,0.998385,93.6069,280.4879
7,backend,numeric,22,1.8000,1.0e-03,-1,SAM,0.6819,0.036316,2.924837e-03,1.26309806e-03,0.998598,94.8296,285.5425
7,backend,numeric,22,1.8000,1.0e-03,-1,SAM,0.6819,0.036316,3.224591e-03,1.29354237e-03,0.998809,96.2214,291.0233
7,backend,numeric,22,1.8000,1.0e-03,-1,SAM,0.6819,0.036316,3.555064e-03,1.31568643e-03,0.999014,97.9065,296.9995
7,backend,numeric,22,1.8000,1.0e-03,-1,SAM,0.6819,0.036316,3.919407e-03,1.32435173e-03,0.999209,100.1115,303.5740
7,backend,numeric,22,1.8000,1.0e-03,-1,SAM,0.6819,0.036316,4.321089e-03,1.31054180e-03,0.999389,103.2949,310.9168
7,backend,numeric,22,1.8000,1.0e-03,-1,SAM,0.6819,0.036316,4.763938e-03,1.25683874e-03,0.999545,108.5443,319.3506
7,backend,numeric,22,1.8000,1.0e-03,-1,SAM,0.6819,0.036316,5.252173e-03,1.13045408e-03,0.999641,118.9143,329.6640
7,backend,numeric,22,1.8000,1.0e-03,-1,SAM,0.6819,0.036316,5.790444e-03,8.81754451e-04,0.999331,139.6777,344.3103
7,backend,numeric,22,1.8000,1.0e-03,-1,SAM,0.6819,0.036316,6.383880e-03,4.41422773e-04,0.982313,163.8465,11.8678
7,backend,numeric,22,1.8000,1.0e-03,-1,SAM,0.6819,0.036316,7.038136e-03,5.36914816e-04,0.939588,161.4065,24.3560
7,backend,numeric,22,1.8000,1.0e-03,-1,SAM,0.6819,0.036316,7.759442e-03,6.01360366e-04,0.907091,160.2427,13.9716
7,backend,numeric,22,1.8000,1.0e-03,-1,SAM,0.6819,0.036316,8.554673e-03,6.53105608e-04,0.876703,159.6329,353.4315
7,backend,numeric,22,1.8000,1.0e-03,-1,SAM,0.6819,0.036316,9.431402e-03,7.00011181e-04,0.847784,158.4639,323.2188
7,backend,numeric,22,1.8000,1.0e-03,-1,SAM,0.6819,0.036316,1.039798e-02,7.44743121e-04,0.820284,156.2314,285.1473
7,backend,numeric,22,1.8000,1.0e-03,-1,SAM,0.6819,0.036316,1.146363e-02,7.88497849e-04,0.794207,154.3975,240.1776
7,backend,numeric,22,1.8000,1.0e-03,-1,SAM,0.6819,0.036316,1.263848e-02,8.32046588e-04,0.768931,154.4994,183.6003
7,backend,numeric,22,1.8000,1.0e-03,-1,SAM,0.6819,0.036316,1.393374e-02,8.75890535e-04,0.744057,153.5632,112.0813
7,backend,numeric,22,1.8000,1.0e-03,-1,SAM,0.6819,0.036316,1.536175e-02,9.20169988e-04,0.720114,152.7701,30.0178
7,backend,numeric,22,1.8000,1.0e-03,-1,SAM,0.6819,0.036316,1.693611e-02,9.65218590e-04,0.696536,151.8800,289.0892
7,backend,numeric,22,1.8000,1.0e-03,-1,SAM,0.6819,0.036316,1.867181e-02,1.01080952e-03,0.673979,151.0989,174.5858
7,backend,numeric,22,1.8000,1.0e-03,-1,SAM,0.6819,0.036316,2.058540e-02,1.05715355e-03,0.652014,150.1456,39.3448
7,backend,numeric,22,1.8000,1.0e-03,-1,SAM,0.6819,0.036316,2.269511e-02,1.10431179e-03,0.630713,148.8738,241.4058
7,backend,numeric,22,1.8000,1.0e-03,-1,SAM,0.6819,0.036316,2.502102e-02,1.15205026e-03,0.610365,148.1982,60.6977
7,backend,numeric,22,1.8000,1.0e-03,-1,SAM,0.6819,0.036316,2.758532e-02,1.20023908e-03,0.590818,147.0089,211.9938
7,backend,numeric,22,1.8000,1.0e-03,-1,SAM,0.6819,0.036316,3.041241e-02,1.24844420e-03,0.572342,146.4085,333.3205
7,backend,numeric,22,1.8000,1.0e-03,-1,SAM,0.6819,0.036316,3.352924e-02,1.29636020e-03,0.555097,144.9681,62.2178
7,backend,numeric,22,1.8000,1.0e-03,-1,SAM,0.6819,0.036316,3.696550e-02,1.34354691e-03,0.539148,143.5159,114.2955
7,backend,numeric,22,1.8000,1.0e-03,-1,SAM,0.6819,0.036316,4.075393e-02,1.38946119e-03,0.524765,141.9648,127.1535
7,backend,numeric,22,1.8000,1.0e-03,-1,SAM,0.6819,0.036316,4.493062e-02,1.43343305e-03,0.512213,140.4200,98.2397
7,backend,numeric,22,1.8000,1.0e-03,-1,SAM,0.6819,0.036316,4.953535e-02,1.47465139e-03,0.501894,138.8002,25.0608
7,backend,numeric,22,1.8000,1.0e-03,-1,SAM,0.6819,0.036316,5.461201e-02,1.51189433e-03,0.494200,136.5855,266.9278
7,backend,numeric,22,1.8000,1.0e-03,-1,SAM,0.6819,0.036316,6.020894e-02,1.54444777e-03,0.489682,134.1545,104.4706
7,backend,numeric,22,1.8000,1.0e-03,-1,SAM,0.6819,0.036316,6.637949e-02,1.57183128e-03,0.488783,131.8086,257.1976
7,backend,numeric,22,1.8000,1.0e-03,-1,SAM,0.6819,0.036316,7.318242e-02,1.59329078e-03,0.492643,129.3079,12.1946
7,backend,numeric,22,1.8000,1.0e-03,-1,SAM,0.6819,0.036316,8.068256e-02,1.60978194e-03,0.501733,126.2937,96.1038
7,backend,numeric,22,1.8000,1.0e-03,-1,SAM,0.6819,0.036316,8.895135e-02,1.62239830e-03,0.517169,123.1248,160.8389
7,backend,numeric,22,1.8000,1.0e-03,-1,SAM,0.6819,0.036316,9.806757e-02,1.63333322e-03,0.540153,120.3182,224.1444
7,backend,numeric,22,1.8000,1.0e-03,-1,SAM,0.6819,0.036316,1.081181e-01,1.64329303e-03,0.572336,117.7680,307.7228
7,backend,numeric,22,1.8000,1.0e-03,-1,SAM,0.6819,0.036316,1.191986e-01,1.65664709e-03,0.614529,114.1673,77.0593
7,backend,numeric,22,1.8000,1.0e-03,-1,SAM,0.6819,0.036316,1.314147e-01,1.67738516e-03,0.667513,110.3043,271.3207
7,backend,numeric,22,1.8000,1.0e-03,-1,SAM,0.6819,0.036316,1.448828e-01,1.70874253e-03,0.730419,107.0537,194.5182
7,backend,numeric,22,1.8000,1.0e-03,-1,SAM,0.6819,0.036316,1.597312e-01,1.75516361e-03,0.798656,101.1763,210.2395
7,backend,numeric,22,1.8000,1.0e-03,-1,SAM,0.6819,0.036316,1.761014e-01,1.81465452e-03,0.864433,95.5535,313.6960
7,backend,numeric,22,1.8000,1.0e-03,-1,SAM,0.6819,0.036316,1.941492e-01,1.60049655e-03,0.932093,77.8053,125.5437
7,backend,numeric,22,1.8000,1.0e-03,-1,SAM,0.6819,0.036316,2.140467e-01,1.69573779e-03,0.923958,148.6067,201.9737
7,backend,numeric,22,1.8000,1.0e-03,-1,SAM,0.6819,0.036316,2.359833e-01,2.66456035e-03,0.863394,133.1019,342.5019
7,backend,numeric,22,1.8000,1.0e-03,-1,SAM,0.6819,0.036316,2.601682e-01,3.48212101e-03,0.902481,122.5700,177.1315
7,backend,numeric,22,1.8000,1.0e-03,-1,SAM,0.6819,0.036316,2.868317e-01,4.65361047e-03,0.947669,101.1573,101.2391
7,backend,numeric,22,1.8000,1.0e-03,-1,SAM,0.6819,0.036316,3.162278e-01,4.53272160e-03,0.985878,120.1126,148.6623
7,backend,numeric,22,1.8000,1.0e-03,-1,SAM,0.6819,0.036316,3.486365e-01,7.14699853e-03,0.974325,95.6004,213.3048
7,backend,numeric,22,1.8000,1.0e-03,-1,SAM,0.6819,0.036316,3.843667e-01,7.85266841e-03,0.962477,95.9601,310.0339
7,backend,numeric,22,1.8000,1.0e-03,-1,SAM,0.6819,0.036316,4.237587e-01,6.56781505e-03,0.954106,132.8028,46.3862
7,backend,numeric,22,1.8000,1.0e-03,-1,SAM,0.6819,0.036316,4.671878e-01,1.52871351e-02,0.963973,111.2715,18.4123
7,backend,numeric,22,1.8000,1.0e-03,-1,SAM,0.6819,0.036316,5.150678e-01,1.17840833e-02,0.964988,130.4471,94.3324
7,backend,numeric,22,1.8000,1.0e-03,-1,SAM,0.6819,0.036316,5.678548e-01,1.51002877e-02,0.973797,119.8415,180.7229
7,backend,numeric,22,1.8000,1.0e-03,-1,SAM,0.6819,0.036316,6.260517e-01,9.46861325e-03,0.973460,112.7965,306.3105
7,backend,numeric,22,1.8000,1.0e-03,-1,SAM,0.6819,0.036316,6.902129e-01,1.01865426e-02,0.969582,115.4420,121.4643
7,backend,numeric,22,1.8000,1.0e-03,-1,SAM,0.6819,0.036316,7.609497e-01,7.28457968e-03,0.975649,112.2028,307.7327
7,backend,numeric,22,1.8000,1.0e-03,-1,SAM,0.6819,0.036316,8.389360e-01,7.96580136e-03,0.969856,116.4512,182.1917
7,backend,numeric,22,1.8000,1.0e-03,-1,SAM,0.6819,0.036316,9.249147e-01,8.43390996e-03,0.969842,112.5833,85.3880
7,backend,numeric,22,1.8000,1.0e-03,-1,SAM,0.6819,0.036316,1.019705e+00,5.41352442e-03,0.964807,116.9252,9.2069
7,backend,numeric,22,1.8000,1.0e-03,-1,SAM,0.6819,0.036316,1.124210e+00,6.79631411e-03,0.977323,114.0533,309.1567
7,backend,numeric,22,1.8000,1.0e-03,-1,SAM,0.6819,0.036316,1.239425e+00,7.25050085e-03,0.974499,111.5979,305.1399
7,backend,numeric,22,1.8000,1.0e-03,-1,SAM,0.6819,0.036316,1.366448e+00,6.70957878e-03,0.975696,112.6173,338.3861
7,backend,numeric,22,1.8000,1.0e-03,-1,SAM,0.6819,0.036316,1.506489e+00,5.62326191e-03,0.964454,117.2272,53.8882
7,backend,numeric,22,1.8000,1.0e-03,-1,SAM,0.6819,0.036316,1.660883e+00,8.80506066e-03,0.971346,114.3459,146.3594
7,backend,numeric,22,1.8000,1.0e-03,-1,SAM,0.6819,0.036316,1.831099e+00,7.18264029e-03,0.976191,111.5419,296.2794
7,backend,numeric,22,1.8000,1.0e-03,-1,SAM,0.6819,0.036316,2.018760e+00,7.58004353e-03,0.970395,115.8449,143.7507
7,backend,numeric,22,1.8000,1.0e-03,-1,SAM,0.6819,0.036316,2.225654e+00,7.18207379e-03,0.966012,110.9379,52.9174
7,backend,numeric,22,1.8000,1.0e-03,-1,SAM,0.6819,0.036316,2.453751e+00,5.25968416e-03,0.967553,118.8954,38.9811
7,backend,numeric,22,1.8000,1.0e-03,-1,SAM,0.6819,0.036316,2.705225e+00,7.73050876e-03,0.964770,111.3846,80.5597
7,backend,numeric,22,1.8000,1.0e-03,-1,SAM,0.6819,0.036316,2.982471e+00,7.72592876e-03,0.968530,115.6129,181.4571
7,backend,numeric,22,1.8000,1.0e-03,-1,SAM,0.6819,0.036316,3.288131e+00,5.92474104e-03,0.965142,114.6222,36.8538
7,backend,numeric,22,1.8000,1.0e-03,-1,SAM,0.6819,0.036316,3.625117e+00,6.93798311e-03,0.975015,110.7697,325.2676
7,backend,numeric,22,1.8000,1.0e-03,-1,SAM,0.6819,0.036316,3.996639e+00,6.04416926e-03,0.963631,114.0038,20.8720
7,backend,numeric,22,1.8000,1.0e-03,-1,SAM,0.6819,0.036316,4.406236e+00,7.99435613e-03,0.972186,114.0067,172.6362
7,backend,numeric,22,1.8000,1.0e-03,-1,SAM,0.6819,0.036316,4.857812e+00,8.47889433e-03,0.970678,113.6944,108.1977
7,backend,numeric,22,1.8000,1.0e-03,-1,SAM,0.6819,0.036316,5.355667e+00,7.91117001e-03,0.971728,113.9336,165.1036
7,backend,numeric,22,1.8000,1.0e-03,-1,SAM,0.6819,0.036316,5.904545e+00,7.01709922e-03,0.964021,111.3128,42.5533
7,backend,numeric,22,1.8000,1.0e-03,-1,SAM,0.6819,0.036316,6.509675e+00,7.05310086e-03,0.963789,112.8588,73.9536
7,backend,numeric,22,1.8000,1.0e-03,-1,SAM,0.6819,0.036316,7.176822e+00,7.84402984e-03,0.971585,111.3651,270.5778
7,backend,numeric,22,1.8000,1.0e-03,-1,SAM,0.6819,0.036316,7.912343e+00,5.00066477e-03,0.971575,120.5616,351.6849
7,backend,numeric,22,1.8000,1.0e-03,-1,SAM,0.6819,0.036316,8.723243e+00,7.53642454e-03,0.971104,111.5858,271.9984
7,backend,numeric,22,1.8000,1.0e-03,-1,SAM,0.6819,0.036316,9.617249e+00,8.80117950e-03,0.967924,112.2277,111.3009
7,backend,numeric,22,1.8000,1.0e-03,-1,SAM,0.6819,0.036316,1.060288e+01,7.74572774e-03,0.972269,115.8172,201.3485
7,backend,numeric,22,1.8000,1.0e-03,-1,SAM,0.6819,0.036316,1.168952e+01,7.46014543e-03,0.969629,113.8679,249.0486
7,backend,numeric,22,1.8000,1.0e-03,-1,SAM,0.6819,0.036316,1.288752e+01,7.74104055e-03,0.974432,111.0754,275.0733
7,backend,numeric,22,1.8000,1.0e-03,-1,SAM,0.6819,0.036316,1.420831e+01,7.00865679e-03,0.975870,112.6819,310.6241
7,backend,numeric,22,1.8000,1.0e-03,-1,SAM,0.6819,0.036316,1.566445e+01,6.20298025e-03,0.963295,115.0602,61.2935
7,backend,numeric,22,1.8000,1.0e-03,-1,SAM,0.6819,0.036316,1.726983e+01,7.17442507e-03,0.969708,115.1535,222.3521
7,backend,numeric,22,1.8000,1.0e-03,-1,SAM,0.6819,0.036316,1.903974e+01,7.55029551e-03,0.968910,115.6252,173.9262
7,backend,numeric,22,1.8000,1.0e-03,-1,SAM,0.6819,0.036316,2.099104e+01,6.09823769e-03,0.978044,116.7091,318.6436
7,backend,numeric,22,1.8000,1.0e-03,-1,SAM,0.6819,0.036316,2.314231e+01,5.25995431e-03,0.971307,119.2221,350.6314
7,backend,numeric,22,1.8000,1.0e-03,-1,SAM,0.6819,0.036316,2.551407e+01,6.99760116e-03,0.975186,110.6911,334.4687
7,backend,numeric,22,1.8000,1.0e-03,-1,SAM,0.6819,0.036316,2.812889e+01,6.53380000e-03,0.977376,115.0151,315.2810
7,backend,numeric,22,1.8000,1.0e-03,-1,SAM,0.6819,0.036316,3.101169e+01,7.80122336e-03,0.966917,110.3157,52.2338
7,backend,numeric,22,1.8000,1.0e-03,-1,SAM,0.6819,0.036316,3.418994e+01,7.28517396e-03,0.975288,111.9577,300.7328
7,backend,numeric,22,1.8000,1.0e-03,-1,SAM,0.6819,0.036316,3.769391e+01,8.84687427e-03,0.969497,112.8523,120.3278
7,backend,numeric,22,1.8000,1.0e-03,-1,SAM,0.6819,0.036316,4.155699e+01,7.21548093e-03,0.969116,112.0423,282.7670
7,backend,numeric,22,1.8000,1.0e-03,-1,SAM,0.6819,0.036316,4.581598e+01,7.82793767e-03,0.969103,114.9281,212.2292
7,backend,numeric,22,1.8000,1.0e-03,-1,SAM,0.6819,0.036316,5.051145e+01,5.13740849e-03,0.968829,119.7991,37.0476
7,backend,numeric,22,1.8000,1.0e-03,-1,SAM,0.6819,0.036316,5.568814e+01,7.65284898e-03,0.971005,116.1241,205.8152
7,backend,numeric,22,1.8000,1.0e-03,-1,SAM,0.6819,0.036316,6.139537e+01,7.35640115e-03,0.972439,115.0438,202.5444
7,backend,numeric,22,1.8000,1.0e-03,-1,SAM,0.6819,0.036316,6.768750e+01,8.42644524e-03,0.972007,115.3148,163.9599
7,backend,numeric,22,1.8000,1.0e-03,-1,SAM,0.6819,0.036316,7.462449e+01,7.29418112e-03,0.969593,112.5788,272.8503
7,backend,numeric,22,1.8000,1.0e-03,-1,SAM,0.6819,0.036316,8.227241e+01,5.70206605e-03,0.965688,115.5145,29.7900
7,backend,numeric,22,1.8000,1.0e-03,-1,SAM,0.6819,0.036316,9.070414e+01,6.20086907e-03,0.977053,114.1143,339.9159
7,backend,numeric,22,1.8000,1.0e-03,-1,SAM,0.6819,0.036316,1.000000e+02,7.20681706e-03,0.964853,110.4866,38.5113
8,backend,numeric,25,10.0000,1.0e-03,-1,SAM,0.0717,0.003820,0.000000e+00,7.52408181e-04,0.964143,158.3772,342.4894
8,backend,numeric,25,10.0000,1.0e-03,-1,SAM,0.0717,0.003820,1.000000e-03,9.31274000e-04,0.938494,152.4792,339.3348
8,backend,numeric,25,10.0000,1.0e-03,-1,SAM,0.0717,0.003820,1.102485e-03,9.42569261e-04,0.936256,152.1529,338.2543
8,backend,numeric,25,10.0000,1.0e-03,-1,SAM,0.0717,0.003820,1.215474e-03,9.54442994e-04,0.933876,151.8078,336.9965
8,backend,numeric,25,10.0000,1.0e-03,-1,SAM,0.0717,0.003820,1.340043e-03,9.66919917e-04,0.931355,151.4410,335.5369
8,backend,numeric,25,10.0000,1.0e-03,-1,SAM,0.0717,0.003820,1.477378e-03,9.80026719e-04,0.928694,151.0488,333.8480
8,backend,numeric,25,10.0000,1.0e-03,-1,SAM,0.0717,0.003820,1.628787e-03,9.93789459e-04,0.925900,150.6267,331.9002
8,backend,numeric,25,10.0000,1.0e-03,-1,SAM,0.0717,0.003820,1.795714e-03,1.00823876e-03,0.922980,150.1687,329.6613
8,backend,numeric,25,10.0000,1.0e-03,-1,SAM,0.0717,0.003820,1.979749e-03,1.02340507e-03,0.919947,149.6676,327.0969
8,backend,numeric,25,10.0000,1.0e-03,-1,SAM,0.0717,0.003820,2.182645e-03,1.03931919e-03,0.916818,149.1148,324.1711
8,backend,numeric,25,10.0000,1.0e-03,-1,SAM,0.0717,0.003820,2.406334e-03,1.05601407e-03,0.913617,148.5002,320.8466
8,backend,numeric,25,10.0000,1.0e-03,-1,SAM,0.0717,0.003820,2.652948e-03,1.07351921e-03,0.910372,147.8126,317.0863
8,backend,numeric,25,10.0000,1.0e-03,-1,SAM,0.0717,0.003820,2.924837e-03,1.09186177e-03,0.907122,147.0397,312.8542
8,backend,numeric,25,10.0000,1.0e-03,-1,SAM,0.0717,0.003820,3.224591e-03,1.11107192e-03,0.903912,146.1691,308.1171
8,backend,numeric,25,10.0000,1.0e-03,-1,SAM,0.0717,0.003820,3.555064e-03,1.13119791e-03,0.900801,145.1884,302.8458
8,backend,numeric,25,10.0000,1.0e-03,-1,SAM,0.0717,0.003820,3.919407e-03,1.15227474e-03,0.897855,144.0909,297.0166
8,backend,numeric,25,10.0000,1.0e-03,-1,SAM,0.0717,0.003820,4.321089e-03,1.17434679e-03,0.895152,142.8765,290.6134
8,backend,numeric,25,10.0000,1.0e-03,-1,SAM,0.0717,0.003820,4.763938e-03,1.19745940e-03,0.892784,141.5572,283.6246
8,backend,numeric,25,10.0000,1.0e-03,-1,SAM,0.0717,0.003820,5.252173e-03,1.22167016e-03,0.890843,140.1619,276.0415
8,backend,numeric,25,10.0000,1.0e-03,-1,SAM,0.0717,0.003820,5.790444e-03,1.24708579e-03,0.889428,138.7390,267.8563
8,backend,numeric,25,10.0000,1.0e-03,-1,SAM,0.0717,0.003820,6.383880e-03,1.27386458e-03,0.888634,137.3580,259.0546
8,backend,numeric,25,10.0000,1.0e-03,-1,SAM,0.0717,0.003820,7.038136e-03,1.30219237e-03,0.888537,136.1076,249.6128
8,backend,numeric,25,10.0000,1.0e-03,-1,SAM,0.0717,0.003820,7.759442e-03,1.33241184e-03,0.889192,135.0778,239.4979
8,backend,numeric,25,10.0000,1.0e-03,-1,SAM,0.0717,0.003820,8.554673e-03,1.36506537e-03,0.890633,134.3370,228.6572
8,backend,numeric,25,10.0000,1.0e-03,-1,SAM,0.0717,0.003820,9.431402e-03,1.40081866e-03,0.892855,133.9063,217.0242
8,backend,numeric,25,10.0000,1.0e-03,-1,SAM,0.0717,0.003820,1.039798e-02,1.44059007e-03,0.895841,133.7180,204.5352
8,backend,numeric,25,10.0000,1.0e-03,-1,SAM,0.0717,0.003820,1.146363e-02,1.48556506e-03,0.899589,133.5916,191.1722
8,backend,numeric,25,10.0000,1.0e-03,-1,SAM,0.0717,0.003820,1.263848e-02,1.53725723e-03,0.904138,133.2377,177.0384
8,backend,numeric,25,10.0000,1.0e-03,-1,SAM,0.0717,0.003820,1.393374e-02,1.59771391e-03,0.909591,132.3098,162.4487
8,backend,numeric,25,10.0000,1.0e-03,-1,SAM,0.0717,0.003820,1.536175e-02,1.66973982e-03,0.916081,130.5116,147.9674
8,backend,numeric,25,10.0000,1.0e-03,-1,SAM,0.0717,0.003820,1.693611e-02,1.75762135e-03,0.923688,127.6947,134.3405
8,backend,numeric,25,10.0000,1.0e-03,-1,SAM,0.0717,0.003820,1.867181e-02,1.86825493e-03,0.932313,123.8791,122.2801
8,backend,numeric,25,10.0000,1.0e-03,-1,SAM,0.0717,0.003820,2.058540e-02,2.01248460e-03,0.941562,119.1624,112.3091
8,backend,numeric,25,10.0000,1.0e-03,-1,SAM,0.0717,0.003820,2.269511e-02,2.20720097e-03,0.950698,113.5039,104.7176
8,backend,numeric,25,10.0000,1.0e-03,-1,SAM,0.0717,0.003820,2.502102e-02,2.48007034e-03,0.958691,106.1629,99.6374
8,backend,numeric,25,10.0000,1.0e-03,-1,SAM,0.0717,0.003820,2.758532e-02,2.79817842e-03,0.968513,98.2576,106.6554
8,backend,numeric,25,10.0000,1.0e-03,-1,SAM,0.0717,0.003820,3.041241e-02,2.81765023e-03,0.982342,105.6377,127.2358
8,backend,numeric,25,10.0000,1.0e-03,-1,SAM,0.0717,0.003820,3.352924e-02,2.11742900e-03,0.988067,125.6108,158.3736
8,backend,numeric,25,10.0000,1.0e-03,-1,SAM,0.0717,0.003820,3.696550e-02,2.01624289e-03,0.959571,129.9125,200.2537
8,backend,numeric,25,10.0000,1.0e-03,-1,SAM,0.0717,0.003820,4.075393e-02,2.93832817e-03,0.959868,120.6496,197.3836
8,backend,numeric,25,10.0000,1.0e-03,-1,SAM,0.0717,0.003820,4.493062e-02,3.74352478e-03,0.969899,113.7571,213.6672
8,backend,numeric,25,10.0000,1.0e-03,-1,SAM,0.0717,0.003820,4.953535e-02,3.10209805e-03,0.978979,120.9927,246.9635
8,backend,numeric,25,10.0000,1.0e-03,-1,SAM,0.0717,0.003820,5.461201e-02,2.26801340e-03,0.968513,122.2315,298.0584
8,backend,numeric,25,10.0000,1.0e-03,-1,SAM,0.0717,0.003820,6.020894e-02,2.44353974e-03,0.971681,113.2013,344.5461
8,backend,numeric,25,10.0000,1.0e-03,-1,SAM,0.0717,0.003820,6.637949e-02,2.06113878e-03,0.967703,119.3741,46.2222
8,backend,numeric,25,10.0000,1.0e-03,-1,SAM,0.0717,0.003820,7.318242e-02,2.36693459e-03,0.972765,112.0520,111.2774
8,backend,numeric,25,10.0000,1.0e-03,-1,SAM,0.0717,0.003820,8.068256e-02,1.87650439e-03,0.965596,117.2913,198.3009
8,backend,numeric,25,10.0000,1.0e-03,-1,SAM,0.0717,0.003820,8.895135e-02,2.20990653e-03,0.974943,113.5103,279.0392
8,backend,numeric,25,10.0000,1.0e-03,-1,SAM,0.0717,0.003820,9.806757e-02,1.99141977e-03,0.966696,111.7170,21.0269
8,backend,numeric,25,10.0000,1.0e-03,-1,SAM,0.0717,0.003820,1.081181e-01,1.93659210e-03,0.971736,113.8261,128.5942
8,backend,numeric,25,10.0000,1.0e-03,-1,SAM,0.0717,0.003820,1.191986e-01,2.15793649e-03,0.969262,111.7889,256.2334
8,backend,numeric,25,10.0000,1.0e-03,-1,SAM,0.0717,0.003820,1.314147e-01,1.94552892e-03,0.965976,111.9733,31.2888
8,backend,numeric,25,10.0000,1.0e-03,-1,SAM,0.0717,0.003820,1.448828e-01,1.78707678e-03,0.968473,114.7786,184.2733
8,backend,numeric,25,10.0000,1.0e-03,-1,SAM,0.0717,0.003820,1.597312e-01,1.69614415e-03,0.970627,116.0045,349.2521
8,backend,numeric,25,10.0000,1.0e-03,-1,SAM,0.0717,0.003820,1.761014e-01,1.76458366e-03,0.970431,115.2504,173.3277
8,backend,numeric,25,10.0000,1.0e-03,-1,SAM,0.0717,0.003820,1.941492e-01,1.76672613e-03,0.966945,114.2255,17.3986
8,backend,numeric,25,10.0000,1.0e-03,-1,SAM,0.0717,0.003820,2.140467e-01,2.04911015e-03,0.967540,112.4323,245.2708
8,backend,numeric,25,10.0000,1.0e-03,-1,SAM,0.0717,0.003820,2.359833e-01,2.01219400e-03,0.972548,113.7215,122.5867
8,backend,numeric,25,10.0000,1.0e-03,-1,SAM,0.0717,0.003820,2.601682e-01,1.90587123e-03,0.966510,112.6753,42.0515
8,backend,numeric,25,10.0000,1.0e-03,-1,SAM,0.0717,0.003820,2.868317e-01,1.82285465e-03,0.973541,115.3417,343.7850
8,backend,numeric,25,10.0000,1.0e-03,-1,SAM,0.0717,0.003820,3.162278e-01,2.05707787e-03,0.973159,112.5306,315.6052
8,backend,numeric,25,10.0000,1.0e-03,-1,SAM,0.0717,0.003820,3.486365e-01,2.05508037e-03,0.973243,112.4941,319.7055
8,backend,numeric,25,10.0000,1.0e-03,-1,SAM,0.0717,0.003820,3.843667e-01,1.77593764e-03,0.973457,115.7253,359.7780
8,backend,numeric,25,10.0000,1.0e-03,-1,SAM,0.0717,0.003820,4.237587e-01,2.06962656e-03,0.966869,111.8592,77.7931
8,backend,numeric,25,10.0000,1.0e-03,-1,SAM,0.0717,0.003820,4.671878e-01,1.80625716e-03,0.971663,115.2373,197.9211
8,backend,numeric,25,10.0000,1.0e-03,-1,SAM,0.0717,0.003820,5.150678e-01,1.71468224e-03,0.973443,115.7766,8.8982
8,backend,numeric,25,10.0000,1.0e-03,-1,SAM,0.0717,0.003820,5.678548e-01,1.85530496e-03,0.967819,114.2934,233.0104
8,backend,numeric,25,10.0000,1.0e-03,-1,SAM,0.0717,0.003820,6.260517e-01,2.02498097e-03,0.973084,114.9135,160.9689
8,backend,numeric,25,10.0000,1.0e-03,-1,SAM,0.0717,0.003820,6.902129e-01,1.97263543e-03,0.972696,115.4597,162.7039
8,backend,numeric,25,10.0000,1.0e-03,-1,SAM,0.0717,0.003820,7.609497e-01,2.05751807e-03,0.968593,112.4183,238.3847
8,backend,numeric,25,10.0000,1.0e-03,-1,SAM,0.0717,0.003820,8.389360e-01,1.99940167e-03,0.965894,111.8197,50.7581
8,backend,numeric,25,10.0000,1.0e-03,-1,SAM,0.0717,0.003820,9.249147e-01,2.03779282e-03,0.973392,112.5696,278.6743
8,backend,numeric,25,10.0000,1.0e-03,-1,SAM,0.0717,0.003820,1.019705e+00,2.16218995e-03,0.970658,112.1312,251.5006
8,backend,numeric,25,10.0000,1.0e-03,-1,SAM,0.0717,0.003820,1.124210e+00,1.71252248e-03,0.972276,116.1687,335.6990
8,backend,numeric,25,10.0000,1.0e-03,-1,SAM,0.0717,0.003820,1.239425e+00,1.76709900e-03,0.969270,115.0384,195.4222
8,backend,numeric,25,10.0000,1.0e-03,-1,SAM,0.0717,0.003820,1.366448e+00,1.82898327e-03,0.972238,114.7184,182.3681
8,backend,numeric,25,10.0000,1.0e-03,-1,SAM,0.0717,0.003820,1.506489e+00,2.11618776e-03,0.970374,111.5653,297.2073
8,backend,numeric,25,10.0000,1.0e-03,-1,SAM,0.0717,0.003820,1.660883e+00,1.86576994e-03,0.968277,114.6276,217.0737
8,backend,numeric,25,10.0000,1.0e-03,-1,SAM,0.0717,0.003820,1.831099e+00,1.65962943e-03,0.972784,115.5787,341.2097
8,backend,numeric,25,10.0000,1.0e-03,-1,SAM,0.0717,0.003820,2.018760e+00,2.12848269e-03,0.972184,112.2720,265.7181
8,backend,numeric,25,10.0000,1.0e-03,-1,SAM,0.0717,0.003820,2.225654e+00,2.07285855e-03,0.968031,111.6962,59.2568
8,backend,numeric,25,10.0000,1.0e-03,-1,SAM,0.0717,0.003820,2.453751e+00,2.18698470e-03,0.968874,112.1252,99.4275
8,backend,numeric,25,10.0000,1.0e-03,-1,SAM,0.0717,0.003820,2.705225e+00,1.63160546e-03,0.967641,115.6786,30.3833
8,backend,numeric,25,10.0000,1.0e-03,-1,SAM,0.0717,0.003820,2.982471e+00,2.15572725e-03,0.970653,112.2017,249.3992
8,backend,numeric,25,10.0000,1.0e-03,-1,SAM,0.0717,0.003820,3.288131e+00,2.09471144e-03,0.968232,111.8167,70.8162
8,backend,numeric,25,10.0000,1.0e-03,-1,SAM,0.0717,0.003820,3.625117e+00,1.87439622e-03,0.967942,114.2614,226.7742
8,backend,numeric,25,10.0000,1.0e-03,-1,SAM,0.0717,0.003820,3.996639e+00,2.17655602e-03,0.970600,112.2167,73.7369
8,backend,numeric,25,10.0000,1.0e-03,-1,SAM,0.0717,0.003820,4.406236e+00,1.91034200e-03,0.974406,114.0745,344.2835
8,backend,numeric,25,10.0000,1.0e-03,-1,SAM,0.0717,0.003820,4.857812e+00,1.60598575e-03,0.968887,116.0455,2.0956
8,backend,numeric,25,10.0000,1.0e-03,-1,SAM,0.0717,0.003820,5.355667e+00,1.92627366e-03,0.972857,114.1905,161.2928
8,backend,numeric,25,10.0000,1.0e-03,-1,SAM,0.0717,0.003820,5.904545e+00,1.87402998e-03,0.967790,114.6512,184.7123
8,backend,numeric,25,10.0000,1.0e-03,-1,SAM,0.0717,0.003820,6.509675e+00,2.19904314e-03,0.968628,112.0040,101.8050
8,backend,numeric,25,10.0000,1.0e-03,-1,SAM,0.0717,0.003820,7.176822e+00,1.68940621e-03,0.968941,115.7841,0.3677
8,backend,numeric,25,10.0000,1.0e-03,-1,SAM,0.0717,0.003820,7.912343e+00,1.74595378e-03,0.974117,114.8736,320.6782
8,backend,numeric,25,10.0000,1.0e-03,-1,SAM,0.0717,0.003820,8.723243e+00,1.62590008e-03,0.967852,115.7330,26.6687
8,backend,numeric,25,10.0000,1.0e-03,-1,SAM,0.0717,0.003820,9.617249e+00,2.08924700e-03,0.970638,111.8257,287.4043
8,backend,numeric,25,10.0000,1.0e-03,-1,SAM,0.0717,0.003820,1.060288e+01,2.06467718e-03,0.973095,114.5432,156.3744
8,backend,numeric,25,10.0000,1.0e-03,-1,SAM,0.0717,0.003820,1.168952e+01,2.10557871e-03,0.966787,111.5690,82.0089
8,backend,numeric,25,10.0000,1.0e-03,-1,SAM,0.0717,0.003820,1.288752e+01,1.83504152e-03,0.968917,115.4685,173.2585
8,backend,numeric,25,10.0000,1.0e-03,-1,SAM,0.0717,0.003820,1.420831e+01,1.77997159e-03,0.970962,114.9773,172.1300
8,backend,numeric,25,10.0000,1.0e-03,-1,SAM,0.0717,0.003820,1.566445e+01,2.03196577e-03,0.968306,112.4265,250.8338
8,backend,numeric,25,10.0000,1.0e-03,-1,SAM,0.0717,0.003820,1.726983e+01,1.87406063e-03,0.967142,113.9556,229.1847
8,backend,numeric,25,10.0000,1.0e-03,-1,SAM,0.0717,0.003820,1.903974e+01,2.04210665e-03,0.967244,112.8799,215.1255
8,backend,numeric,25,10.0000,1.0e-03,-1,SAM,0.0717,0.003820,2.099104e+01,2.15884723e-03,0.971608,112.7564,84.0698
8,backend,numeric,25,10.0000,1.0e-03,-1,SAM,0.0717,0.003820,2.314231e+01,1.81822298e-03,0.966346,113.3745,19.4833
8,backend,numeric,25,10.0000,1.0e-03,-1,SAM,0.0717,0.003820,2.551407e+01,2.05717338e-03,0.968079,112.0864,273.2047
8,backend,numeric,25,10.0000,1.0e-03,-1,SAM,0.0717,0.003820,2.812889e+01,1.67606509e-03,0.968669,115.7477,356.8178
8,backend,numeric,25,10.0000,1.0e-03,-1,SAM,0.0717,0.003820,3.101169e+01,2.01984044e-03,0.967158,113.0643,209.5259
8,backend,numeric,25,10.0000,1.0e-03,-1,SAM,0.0717,0.003820,3.418994e+01,2.04845983e-03,0.972306,113.4898,107.7634
8,backend,numeric,25,10.0000,1.0e-03,-1,SAM,0.0717,0.003820,3.769391e+01,2.03912036e-03,0.966083,111.8202,74.2525
8,backend,numeric,25,10.0000,1.0e-03,-1,SAM,0.0717,0.003820,4.155699e+01,NaN,NaN,NaN,NaN
8,backend,numeric,25,10.0000,1.0e-03,-1,SAM,0.0717,0.003820,4.581598e+01,NaN,NaN,NaN,NaN
8,backend,numeric,25,10.0000,1.0e-03,-1,SAM,0.0717,0.003820,5.051145e+01,NaN,NaN,NaN,NaN
8,backend,numeric,25,10.0000,1.0e-03,-1,SAM,0.0717,0.003820,5.568814e+01,NaN,NaN,NaN,NaN
8,backend,numeric,25,10.0000,1.0e-03,-1,SAM,0.0717,0.003820,6.139537e+01,NaN,NaN,NaN,NaN
8,backend,numeric,25,10.0000,1.0e-03,-1,SAM,0.0717,0.003820,6.768750e+01,NaN,NaN,NaN,NaN
8,backend,numeric,25,10.0000,1.0e-03,-1,SAM,0.0717,0.003820,7.462449e+01,NaN,NaN,NaN,NaN
8,backend,numeric,25,10.0000,1.0e-03,-1,SAM,0.0717,0.003820,8.227241e+01,NaN,NaN,NaN,NaN
8,backend,numeric,25,10.0000,1.0e-03,-1,SAM,0.0717,0.003820,9.070414e+01,NaN,NaN,NaN,NaN
8,backend,numeric,25,10.0000,1.0e-03,-1,SAM,0.0717,0.003820,1.000000e+02,NaN,NaN,NaN,NaN
9,backend,numeric,29,0.1000,1.0e-03,-1,SAM,0.5225,0.027825,0.000000e+00,4.14348203e-04,0.981556,88.6755,95.1841
9,backend,numeric,29,0.1000,1.0e-03,-1,SAM,0.5225,0.027825,1.000000e-03,3.67794360e-04,0.991524,121.1982,148.0970
9,backend,numeric,29,0.1000,1.0e-03,-1,SAM,0.5225,0.027825,1.102485e-03,3.29187887e-04,0.989680,128.0655,155.8940
9,backend,numeric,29,0.1000,1.0e-03,-1,SAM,0.5225,0.027825,1.215474e-03,2.83357923e-04,0.983767,135.3323,165.8222
9,backend,numeric,29,0.1000,1.0e-03,-1,SAM,0.5225,0.027825,1.340043e-03,2.54341412e-04,0.970956,138.4984,177.9309
9,backend,numeric,29,0.1000,1.0e-03,-1,SAM,0.5225,0.027825,1.477378e-03,2.85253999e-04,0.960755,134.5038,188.1641
9,backend,numeric,29,0.1000,1.0e-03,-1,SAM,0.5225,0.027825,1.628787e-03,3.23186054e-04,0.953092,131.6075,186.6043
9,backend,numeric,29,0.1000,1.0e-03,-1,SAM,0.5225,0.027825,1.795714e-03,3.49546014e-04,0.945407,129.9428,183.1795
9,backend,numeric,29,0.1000,1.0e-03,-1,SAM,0.5225,0.027825,1.979749e-03,3.71992654e-04,0.937841,128.7215,178.3298
9,backend,numeric,29,0.1000,1.0e-03,-1,SAM,0.5225,0.027825,2.182645e-03,3.92491131e-04,0.930330,127.6751,172.1074
9,backend,numeric,29,0.1000,1.0e-03,-1,SAM,0.5225,0.027825,2.406334e-03,4.11913635e-04,0.922841,126.6242,164.4853
9,backend,numeric,29,0.1000,1.0e-03,-1,SAM,0.5225,0.027825,2.652948e-03,4.30719120e-04,0.915389,125.4099,155.4287
9,backend,numeric,29,0.1000,1.0e-03,-1,SAM,0.5225,0.027825,2.924837e-03,4.49158986e-04,0.908035,123.8870,144.9379
9,backend,numeric,29,0.1000,1.0e-03,-1,SAM,0.5225,0.027825,3.224591e-03,4.67339820e-04,0.900881,121.9540,133.0597
9,backend,numeric,29,0.1000,1.0e-03,-1,SAM,0.5225,0.027825,3.555064e-03,4.85270992e-04,0.894063,119.6067,119.8778
9,backend,numeric,29,0.1000,1.0e-03,-1,SAM,0.5225,0.027825,3.919407e-03,5.02886211e-04,0.887694,117.0077,105.4542
9,backend,numeric,29,0.1000,1.0e-03,-1,SAM,0.5225,0.027825,4.321089e-03,5.20164779e-04,0.881835,114.5181,89.7525
9,backend,numeric,29,0.1000,1.0e-03,-1,SAM,0.5225,0.027825,4.763938e-03,5.37237136e-04,0.876393,112.6578,72.5803
9,backend,numeric,29,0.1000,1.0e-03,-1,SAM,0.5225,0.027825,5.252173e-03,5.54575879e-04,0.871136,111.9216,53.5457
9,backend,numeric,29,0.1000,1.0e-03,-1,SAM,0.5225,0.027825,5.790444e-03,5.72945554e-04,0.865704,112.4321,32.0443
9,backend,numeric,29,0.1000,1.0e-03,-1,SAM,0.5225,0.027825,6.383880e-03,5.93018705e-04,0.859767,113.5011,7.3186
9,backend,numeric,29,0.1000,1.0e-03,-1,SAM,0.5225,0.027825,7.038136e-03,6.14769562e-04,0.853400,113.5304,338.9576
9,backend,numeric,29,0.1000,1.0e-03,-1,SAM,0.5225,0.027825,7.759442e-03,6.37051816e-04,0.847296,111.1133,307.7077
9,backend,numeric,29,0.1000,1.0e-03,-1,SAM,0.5225,0.027825,8.554673e-03,6.58088640e-04,0.842325,107.0907,274.8138
9,backend,numeric,29,0.1000,1.0e-03,-1,SAM,0.5225,0.027825,9.431402e-03,6.77336327e-04,0.838498,104.6024,240.0892
9,backend,numeric,29,0.1000,1.0e-03,-1,SAM,0.5225,0.027825,1.039798e-02,6.97351569e-04,0.834793,105.4893,202.0078
9,backend,numeric,29,0.1000,1.0e-03,-1,SAM,0.5225,0.027825,1.146363e-02,7.20643845e-04,0.830422,106.5010,159.0453
9,backend,numeric,29,0.1000,1.0e-03,-1,SAM,0.5225,0.027825,1.263848e-02,7.44502873e-04,0.826341,103.2656,112.2204
9,backend,numeric,29,0.1000,1.0e-03,-1,SAM,0.5225,0.027825,1.393374e-02,7.65075700e-04,0.823679,100.0380,62.7860
9,backend,numeric,29,0.1000,1.0e-03,-1,SAM,0.5225,0.027825,1.536175e-02,7.86795354e-04,0.821092,102.0366,8.5025
9,backend,numeric,29,0.1000,1.0e-03,-1,SAM,0.5225,0.027825,1.693611e-02,8.12514145e-04,0.817923,100.5437,308.0322
9,backend,numeric,29,0.1000,1.0e-03,-1,SAM,0.5225,0.027825,1.867181e-02,8.32051456e-04,0.816633,95.1787,243.9684
9,backend,numeric,29,0.1000,1.0e-03,-1,SAM,0.5225,0.027825,2.058540e-02,8.50298950e-04,0.816008,97.1952,174.9426
9,backend,numeric,29,0.1000,1.0e-03,-1,SAM,0.5225,0.027825,2.269511e-02,8.70598493e-04,0.815311,93.3523,100.0030
9,backend,numeric,29,0.1000,1.0e-03,-1,SAM,0.5225,0.027825,2.502102e-02,8.82932425e-04,0.816585,93.2859,18.0295
9,backend,numeric,29,0.1000,1.0e-03,-1,SAM,0.5225,0.027825,2.758532e-02,8.99556778e-04,0.817315,90.4086,288.7882
9,backend,numeric,29,0.1000,1.0e-03,-1,SAM,0.5225,0.027825,3.041241e-02,8.99734176e-04,0.821578,88.4721,190.9359
9,backend,numeric,29,0.1000,1.0e-03,-1,SAM,0.5225,0.027825,3.352924e-02,8.98281909e-04,0.826397,84.1558,86.3050
9,backend,numeric,29,0.1000,1.0e-03,-1,SAM,0.5225,0.027825,3.696550e-02,8.83602757e-04,0.834077,85.6295,328.7694
9,backend,numeric,29,0.1000,1.0e-03,-1,SAM,0.5225,0.027825,4.075393e-02,8.43686464e-04,0.847212,79.0842,195.7756
9,backend,numeric,29,0.1000,1.0e-03,-1,SAM,0.5225,0.027825,4.493062e-02,7.70739683e-04,0.867889,73.1179,47.1700
9,backend,numeric,29,0.1000,1.0e-03,-1,SAM,0.5225,0.027825,4.953535e-02,6.23134444e-04,0.907397,63.0798,228.3538
9,backend,numeric,29,0.1000,1.0e-03,-1,SAM,0.5225,0.027825,5.461201e-02,1.36485645e-03,0.995982,90.4118,185.1278
9,backend,numeric,29,0.1000,1.0e-03,-1,SAM,0.5225,0.027825,6.020894e-02,9.46144278e-04,0.915888,145.3384,268.4343
9,backend,numeric,29,0.1000,1.0e-03,-1,SAM,0.5225,0.027825,6.637949e-02,1.28545540e-03,0.821464,141.2250,138.3077
9,backend,numeric,29,0.1000,1.0e-03,-1,SAM,0.5225,0.027825,7.318242e-02,1.52984548e-03,0.761023,136.0418,300.5150
9,backend,numeric,29,0.1000,1.0e-03,-1,SAM,0.5225,0.027825,8.068256e-02,1.74333449e-03,0.718865,132.4184,63.9686
9,backend,numeric,29,0.1000,1.0e-03,-1,SAM,0.5225,0.027825,8.895135e-02,1.94116870e-03,0.688039,130.5334,151.0372
9,backend,numeric,29,0.1000,1.0e-03,-1,SAM,0.5225,0.027825,9.806757e-02,2.12845817e-03,0.665847,127.0782,210.4481
9,backend,numeric,29,0.1000,1.0e-03,-1,SAM,0.5225,0.027825,1.081181e-01,2.30859545e-03,0.650520,124.2404,245.8053
9,backend,numeric,29,0.1000,1.0e-03,-1,SAM,0.5225,0.027825,1.191986e-01,2.48343305e-03,0.641179,121.8637,262.7175
9,backend,numeric,29,0.1000,1.0e-03,-1,SAM,0.5225,0.027825,1.314147e-01,2.65590285e-03,0.636999,119.3763,265.7844
9,backend,numeric,29,0.1000,1.0e-03,-1,SAM,0.5225,0.027825,1.448828e-01,2.82815488e-03,0.637285,116.7250,259.3599
9,backend,numeric,29,0.1000,1.0e-03,-1,SAM,0.5225,0.027825,1.597312e-01,3.00205570e-03,0.641426,114.0455,247.9666
9,backend,numeric,29,0.1000,1.0e-03,-1,SAM,0.5225,0.027825,1.761014e-01,3.18053188e-03,0.648988,111.4262,236.0922
9,backend,numeric,29,0.1000,1.0e-03,-1,SAM,0.5225,0.027825,1.941492e-01,3.36389158e-03,0.659575,108.8213,227.7911
9,backend,numeric,29,0.1000,1.0e-03,-1,SAM,0.5225,0.027825,2.140467e-01,3.55127043e-03,0.672872,106.1109,226.5873
9,backend,numeric,29,0.1000,1.0e-03,-1,SAM,0.5225,0.027825,2.359833e-01,3.74051608e-03,0.688757,103.1734,235.3247
9,backend,numeric,29,0.1000,1.0e-03,-1,SAM,0.5225,0.027825,2.601682e-01,3.92680949e-03,0.706594,100.0953,255.6283
9,backend,numeric,29,0.1000,1.0e-03,-1,SAM,0.5225,0.027825,2.868317e-01,4.09993554e-03,0.726872,97.5521,288.5227
9,backend,numeric,29,0.1000,1.0e-03,-1,SAM,0.5225,0.027825,3.162278e-01,4.23267759e-03,0.749867,96.5175,334.4148
9,backend,numeric,29,0.1000,1.0e-03,-1,SAM,0.5225,0.027825,3.486365e-01,4.27481184e-03,0.777029,93.5941,30.7718
9,backend,numeric,29,0.1000,1.0e-03,-1,SAM,0.5225,0.027825,3.843667e-01,4.16611216e-03,0.810010,83.9803,89.9373
9,backend,numeric,29,0.1000,1.0e-03,-1,SAM,0.5225,0.027825,4.237587e-01,3.76443303e-03,0.854111,74.3615,142.0256
9,backend,numeric,29,0.1000,1.0e-03,-1,SAM,0.5225,0.027825,4.671878e-01,2.32136561e-03,0.987911,52.8646,175.5788
9,backend,numeric,29,0.1000,1.0e-03,-1,SAM,0.5225,0.027825,5.150678e-01,4.88822494e-03,0.905011,141.1260,303.6478
9,backend,numeric,29,0.1000,1.0e-03,-1,SAM,0.5225,0.027825,5.678548e-01,7.16694411e-03,0.819981,129.6623,78.4873
9,backend,numeric,29,0.1000,1.0e-03,-1,SAM,0.5225,0.027825,6.260517e-01,8.72641683e-03,0.790900,118.0811,160.0487
9,backend,numeric,29,0.1000,1.0e-03,-1,SAM,0.5225,0.027825,6.902129e-01,1.00931350e-02,0.786543,114.4639,252.6393
9,backend,numeric,29,0.1000,1.0e-03,-1,SAM,0.5225,0.027825,7.609497e-01,1.12433570e-02,0.802668,121.3721,14.6182
9,backend,numeric,29,0.1000,1.0e-03,-1,SAM,0.5225,0.027825,8.389360e-01,1.22548013e-02,0.825818,101.2361,157.4963
9,backend,numeric,29,0.1000,1.0e-03,-1,SAM,0.5225,0.027825,9.249147e-01,1.36964469e-02,0.844973,112.8610,327.0072
9,backend,numeric,29,0.1000,1.0e-03,-1,SAM,0.5225,0.027825,1.019705e+00,1.36160120e-02,0.885020,86.3071,160.7315
9,backend,numeric,29,0.1000,1.0e-03,-1,SAM,0.5225,0.027825,1.124210e+00,1.37649417e-02,0.915618,101.0385,23.5556
9,backend,numeric,29,0.1000,1.0e-03,-1,SAM,0.5225,0.027825,1.239425e+00,1.12508490e-02,0.956811,54.3500,238.6319
9,backend,numeric,29,0.1000,1.0e-03,-1,SAM,0.5225,0.027825,1.366448e+00,7.17724836e-02,0.997231,72.3445,300.1454
9,backend,numeric,29,0.1000,1.0e-03,-1,SAM,0.5225,0.027825,1.506489e+00,1.53833156e-01,0.998620,66.4277,339.4380
9,backend,numeric,29,0.1000,1.0e-03,-1,SAM,0.5225,0.027825,1.660883e+00,2.40628847e-01,0.999187,79.3233,14.2452
9,backend,numeric,29,0.1000,1.0e-03,-1,SAM,0.5225,0.027825,1.831099e+00,2.65762678e-01,0.999619,111.5013,26.8039
9,backend,numeric,29,0.1000,1.0e-03,-1,SAM,0.5225,0.027825,2.018760e+00,1.46879249e-01,0.998069,154.5217,334.1067
9,backend,numeric,29,0.1000,1.0e-03,-1,SAM,0.5225,0.027825,2.225654e+00,1.09213877e-01,0.962227,106.3806,312.0316
9,backend,numeric,29,0.1000,1.0e-03,-1,SAM,0.5225,0.027825,2.453751e+00,1.63693265e-01,0.987394,71.3617,351.0050
9,backend,numeric,29,0.1000,1.0e-03,-1,SAM,0.5225,0.027825,2.705225e+00,2.31546128e-01,0.995825,106.7931,25.1885
9,backend,numeric,29,0.1000,1.0e-03,-1,SAM,0.5225,0.027825,2.982471e+00,1.30352200e-01,0.967055,138.1153,318.0095
9,backend,numeric,29,0.1000,1.0e-03,-1,SAM,0.5225,0.027825,3.288131e+00,1.88193002e-01,0.984400,71.2650,341.4955
9,backend,numeric,29,0.1000,1.0e-03,-1,SAM,0.5225,0.027825,3.625117e+00,2.86485028e-01,0.996122,108.4838,23.5706
9,backend,numeric,29,0.1000,1.0e-03,-1,SAM,0.5225,0.027825,3.996639e+00,1.36593880e-01,0.972662,119.0287,315.5184
9,backend,numeric,29,0.1000,1.0e-03,-1,SAM,0.5225,0.027825,4.406236e+00,2.11249184e-01,0.993727,86.3766,3.5103
9,backend,numeric,29,0.1000,1.0e-03,-1,SAM,0.5225,0.027825,4.857812e+00,1.06349223e-01,0.975106,144.4900,322.8312
9,backend,numeric,29,0.1000,1.0e-03,-1,SAM,0.5225,0.027825,5.355667e+00,1.97761753e-01,0.992334,92.1919,9.3233
9,backend,numeric,29,0.1000,1.0e-03,-1,SAM,0.5225,0.027825,5.904545e+00,1.42157494e-01,0.968365,90.2591,330.8989
9,backend,numeric,29,0.1000,1.0e-03,-1,SAM,0.5225,0.027825,6.509675e+00,1.00575712e-01,0.970489,142.9010,337.2648
9,backend,numeric,29,0.1000,1.0e-03,-1,SAM,0.5225,0.027825,7.176822e+00,1.13350139e-01,0.985995,143.4317,358.3321
9,backend,numeric,29,0.1000,1.0e-03,-1,SAM,0.5225,0.027825,7.912343e+00,2.51143217e-01,0.995884,122.0697,26.8891
9,backend,numeric,29,0.1000,1.0e-03,-1,SAM,0.5225,0.027825,8.723243e+00,2.97137428e-01,0.994735,94.1136,21.5368
9,backend,numeric,29,0.1000,1.0e-03,-1,SAM,0.5225,0.027825,9.617249e+00,2.20992630e-01,0.994908,89.5946,9.5418
9,backend,numeric,29,0.1000,1.0e-03,-1,SAM,0.5225,0.027825,1.060288e+01,2.44126145e-01,0.995093,101.6300,21.0080
9,backend,numeric,29,0.1000,1.0e-03,-1,SAM,0.5225,0.027825,1.168952e+01,1.90332509e-01,0.996072,137.5182,3.3028
9,backend,numeric,29,0.1000,1.0e-03,-1,SAM,0.5225,0.027825,1.288752e+01,1.31320326e-01,0.969451,73.0086,321.8545
9,backend,numeric,29,0.1000,1.0e-03,-1,SAM,0.5225,0.027825,1.420831e+01,2.14657103e-01,0.996363,122.6447,11.5692
9,backend,numeric,29,0.1000,1.0e-03,-1,SAM,0.5225,0.027825,1.566445e+01,2.69726254e-01,0.994775,80.4898,28.5560
9,backend,numeric,29,0.1000,1.0e-03,-1,SAM,0.5225,0.027825,1.726983e+01,1.39381839e-01,0.986738,92.6939,324.9338
9,backend,numeric,29,0.1000,1.0e-03,-1,SAM,0.5225,0.027825,1.903974e+01,1.45384938e-01,0.966372,93.0801,321.9355
9,backend,numeric,29,0.1000,1.0e-03,-1,SAM,0.5225,0.027825,2.099104e+01,1.91563800e-01,0.990930,66.1516,6.2998
9,backend,numeric,29,0.1000,1.0e-03,-1,SAM,0.5225,0.027825,2.314231e+01,9.31699859e-02,0.970458,149.1337,337.0577
9,backend,numeric,29,0.1000,1.0e-03,-1,SAM,0.5225,0.027825,2.551407e+01,2.20712752e-01,0.994794,81.8411,1.7625
9,backend,numeric,29,0.1000,1.0e-03,-1,SAM,0.5225,0.027825,2.812889e+01,1.51249777e-01,0.984972,88.2621,347.0002
9,backend,numeric,29,0.1000,1.0e-03,-1,SAM,0.5225,0.027825,3.101169e+01,1.44415394e-01,0.996176,129.2352,9.7756
9,backend,numeric,29,0.1000,1.0e-03,-1,SAM,0.5225,0.027825,3.418994e+01,1.20541523e-01,0.970535,93.8386,322.3425
9,backend,numeric,29,0.1000,1.0e-03,-1,SAM,0.5225,0.027825,3.769391e+01,1.67110922e-01,0.975986,80.7022,327.4421
9,backend,numeric,29,0.1000,1.0e-03,-1,SAM,0.5225,0.027825,4.155699e+01,2.36440475e-01,0.995516,84.8146,7.5252
9,backend,numeric,29,0.1000,1.0e-03,-1,SAM,0.5225,0.027825,4.581598e+01,1.99068142e-01,0.985650,73.7571,348.4754
9,backend,numeric,29,0.1000,1.0e-03,-1,SAM,0.5225,0.027825,5.051145e+01,2.00805133e-01,0.993032,90.3276,10.5167
9,backend,numeric,29,0.1000,1.0e-03,-1,SAM,0.5225,0.027825,5.568814e+01,2.76344540e-01,0.995681,83.0660,31.2690
9,backend,numeric,29,0.1000,1.0e-03,-1,SAM,0.5225,0.027825,6.139537e+01,1.55266636e-01,0.987316,152.7882,346.0735
9,backend,numeric,29,0.1000,1.0e-03,-1,SAM,0.5225,0.027825,6.768750e+01,1.74064802e-01,0.992859,143.9990,351.2380
9,backend,numeric,29,0.1000,1.0e-03,-1,SAM,0.5225,0.027825,7.462449e+01,2.09701883e-01,0.995988,106.5828,18.3963
9,backend,numeric,29,0.1000,1.0e-03,-1,SAM,0.5225,0.027825,8.227241e+01,1.31137867e-01,0.979841,84.1352,333.7902
9,backend,numeric,29,0.1000,1.0e-03,-1,SAM,0.5225,0.027825,9.070414e+01,1.87831168e-01,0.996836,126.1321,16.0356
9,backend,numeric,29,0.1000,1.0e-03,-1,SAM,0.5225,0.027825,1.000000e+02,1.33420812e-01,0.974429,93.4643,331.1756
10,backend,numeric,32,1.8000,1.0e-03,-1,LAM,0.4696,0.502136,0.000000e+00,3.47403647e-04,0.597148,104.4821,138.1249
10,backend,numeric,32,1.8000,1.0e-03,-1,LAM,0.4696,0.502136,1.000000e-03,3.55024229e-04,0.603615,102.9080,265.0945
10,backend,numeric,32,1.8000,1.0e-03,-1,LAM,0.4696,0.502136,1.102485e-03,3.55775275e-04,0.604265,102.6961,241.9717
10,backend,numeric,32,1.8000,1.0e-03,-1,LAM,0.4696,0.502136,1.215474e-03,3.56602486e-04,0.604979,102.7419,216.6066
10,backend,numeric,32,1.8000,1.0e-03,-1,LAM,0.4696,0.502136,1.340043e-03,3.57526167e-04,0.605756,102.9672,188.7276
10,backend,numeric,32,1.8000,1.0e-03,-1,LAM,0.4696,0.502136,1.477378e-03,3.58560069e-04,0.606599,103.0574,158.0880
10,backend,numeric,32,1.8000,1.0e-03,-1,LAM,0.4696,0.502136,1.628787e-03,3.59697487e-04,0.607523,102.7108,124.5402
10,backend,numeric,32,1.8000,1.0e-03,-1,LAM,0.4696,0.502136,1.795714e-03,3.60922190e-04,0.608554,102.1190,87.9768
10,backend,numeric,32,1.8000,1.0e-03,-1,LAM,0.4696,0.502136,1.979749e-03,3.62248114e-04,0.609709,101.9681,48.1106
10,backend,numeric,32,1.8000,1.0e-03,-1,LAM,0.4696,0.502136,2.182645e-03,3.63734263e-04,0.610948,102.3730,4.4172
10,backend,numeric,32,1.8000,1.0e-03,-1,LAM,0.4696,0.502136,2.406334e-03,3.65404860e-04,0.612275,102.2077,316.5262
10,backend,numeric,32,1.8000,1.0e-03,-1,LAM,0.4696,0.502136,2.652948e-03,3.67194469e-04,0.613787,101.1933,264.5336
10,backend,numeric,32,1.8000,1.0e-03,-1,LAM,0.4696,0.502136,2.924837e-03,3.69119900e-04,0.615498,101.1168,208.1241
10,backend,numeric,32,1.8000,1.0e-03,-1,LAM,0.4696,0.502136,3.224591e-03,3.71297891e-04,0.617310,101.3606,146.4499
10,backend,numeric,32,1.8000,1.0e-03,-1,LAM,0.4696,0.502136,3.555064e-03,3.73658481e-04,0.619321,100.2740,79.5820
10,backend,numeric,32,1.8000,1.0e-03,-1,LAM,0.4696,0.502136,3.919407e-03,3.76220117e-04,0.621530,100.6762,7.1347
10,backend,numeric,32,1.8000,1.0e-03,-1,LAM,0.4696,0.502136,4.321089e-03,3.79113488e-04,0.623883,99.9124,288.2578
10,backend,numeric,32,1.8000,1.0e-03,-1,LAM,0.4696,0.502136,4.763938e-03,3.82107610e-04,0.626542,99.4012,203.4313
10,backend,numeric,32,1.8000,1.0e-03,-1,LAM,0.4696,0.502136,5.252173e-03,3.85497117e-04,0.629357,99.0189,111.4294
10,backend,numeric,32,1.8000,1.0e-03,-1,LAM,0.4696,0.502136,5.790444e-03,3.89035907e-04,0.632582,98.8436,12.5355
10,backend,numeric,32,1.8000,1.0e-03,-1,LAM,0.4696,0.502136,6.383880e-03,3.93003852e-04,0.636000,97.5291,265.6835
10,backend,numeric,32,1.8000,1.0e-03,-1,LAM,0.4696,0.502136,7.038136e-03,3.97111876e-04,0.639857,97.8886,151.2566
10,backend,numeric,32,1.8000,1.0e-03,-1,LAM,0.4696,0.502136,7.759442e-03,4.01441571e-04,0.644015,96.6886,28.5815
10,backend,numeric,32,1.8000,1.0e-03,-1,LAM,0.4696,0.502136,8.554673e-03,4.06180144e-04,0.648449,95.3480,256.9408
10,backend,numeric,32,1.8000,1.0e-03,-1,LAM,0.4696,0.502136,9.431402e-03,4.10979883e-04,0.653281,95.2643,116.6170
10,backend,numeric,32,1.8000,1.0e-03,-1,LAM,0.4696,0.502136,1.039798e-02,4.15901903e-04,0.658572,95.1148,326.8414
10,backend,numeric,32,1.8000,1.0e-03,-1,LAM,0.4696,0.502136,1.146363e-02,4.20777318e-04,0.664479,93.9491,167.4766
10,backend,numeric,32,1.8000,1.0e-03,-1,LAM,0.4696,0.502136,1.263848e-02,4.25621811e-04,0.671015,93.0401,358.1615
10,backend,numeric,32,1.8000,1.0e-03,-1,LAM,0.4696,0.502136,1.393374e-02,4.30138856e-04,0.678234,91.6016,178.4065
10,backend,numeric,32,1.8000,1.0e-03,-1,LAM,0.4696,0.502136,1.536175e-02,4.34057417e-04,0.686200,90.8012,348.0944
10,backend,numeric,32,1.8000,1.0e-03,-1,LAM,0.4696,0.502136,1.693611e-02,4.36865285e-04,0.695103,89.0956,146.4361
10,backend,numeric,32,1.8000,1.0e-03,-1,LAM,0.4696,0.502136,1.867181e-02,4.38049413e-04,0.705167,86.7523,292.6604
10,backend,numeric,32,1.8000,1.0e-03,-1,LAM,0.4696,0.502136,2.058540e-02,4.35876936e-04,0.717018,83.7042,65.6546
10,backend,numeric,32,1.8000,1.0e-03,-1,LAM,0.4696,0.502136,2.269511e-02,4.29691888e-04,0.731091,82.9593,183.0373
10,backend,numeric,32,1.8000,1.0e-03,-1,LAM,0.4696,0.502136,2.502102e-02,4.17553164e-04,0.748196,79.3921,283.9599
10,backend,numeric,32,1.8000,1.0e-03,-1,LAM,0.4696,0.502136,2.758532e-02,3.93130623e-04,0.771649,77.3276,0.2251
10,backend,numeric,32,1.8000,1.0e-03,-1,LAM,0.4696,0.502136,3.041241e-02,3.49936860e-04,0.806428,70.0691,43.7829
10,backend,numeric,32,1.8000,1.0e-03,-1,LAM,0.4696,0.502136,3.352924e-02,2.61391026e-04,0.876284,60.5750,30.8502
10,backend,numeric,32,1.8000,1.0e-03,-1,LAM,0.4696,0.502136,3.696550e-02,6.96528101e-04,0.998659,98.8977,299.2011
10,backend,numeric,32,1.8000,1.0e-03,-1,LAM,0.4696,0.502136,4.075393e-02,4.42595900e-04,0.822515,151.5962,276.5767
10,backend,numeric,32,1.8000,1.0e-03,-1,LAM,0.4696,0.502136,4.493062e-02,5.86228249e-04,0.694975,146.6823,249.6726
10,backend,numeric,32,1.8000,1.0e-03,-1,LAM,0.4696,0.502136,4.953535e-02,6.98956799e-04,0.614844,143.4111,60.0076
10,backend,numeric,32,1.8000,1.0e-03,-1,LAM,0.4696,0.502136,5.461201e-02,7.95298534e-04,0.559769,140.0355,97.4174
10,backend,numeric,32,1.8000,1.0e-03,-1,LAM,0.4696,0.502136,6.020894e-02,8.77723294e-04,0.522411,136.4803,19.8407
10,backend,numeric,32,1.8000,1.0e-03,-1,LAM,0.4696,0.502136,6.637949e-02,9.46369038e-04,0.499178,132.1484,204.1166
10,backend,numeric,32,1.8000,1.0e-03,-1,LAM,0.4696,0.502136,7.318242e-02,1.00294441e-03,0.488160,128.1297,312.3187
10,backend,numeric,32,1.8000,1.0e-03,-1,LAM,0.4696,0.502136,8.068256e-02,1.05194019e-03,0.487445,123.9024,7.1155
10,backend,numeric,32,1.8000,1.0e-03,-1,LAM,0.4696,0.502136,8.895135e-02,1.09775638e-03,0.496015,119.8746,38.8725
10,backend,numeric,32,1.8000,1.0e-03,-1,LAM,0.4696,0.502136,9.806757e-02,1.14272946e-03,0.513521,115.8626,80.4815
10,backend,numeric,32,1.8000,1.0e-03,-1,LAM,0.4696,0.502136,1.081181e-01,1.18966461e-03,0.539772,111.9457,168.8569
10,backend,numeric,32,1.8000,1.0e-03,-1,LAM,0.4696,0.502136,1.191986e-01,1.23990666e-03,0.573952,108.8626,333.9887
10,backend,numeric,32,1.8000,1.0e-03,-1,LAM,0.4696,0.502136,1.314147e-01,1.29101263e-03,0.617278,104.2831,239.6612
10,backend,numeric,32,1.8000,1.0e-03,-1,LAM,0.4696,0.502136,1.448828e-01,1.33750402e-03,0.669364,99.8937,260.1696
10,backend,numeric,32,1.8000,1.0e-03,-1,LAM,0.4696,0.502136,1.597312e-01,1.36630346e-03,0.730198,95.9653,38.9708
10,backend,numeric,32,1.8000,1.0e-03,-1,LAM,0.4696,0.502136,1.761014e-01,1.35243190e-03,0.798697,87.9739,276.2826
10,backend,numeric,32,1.8000,1.0e-03,-1,LAM,0.4696,0.502136,1.941492e-01,1.16191300e-03,0.880229,75.9083,221.6360
10,backend,numeric,32,1.8000,1.0e-03,-1,LAM,0.4696,0.502136,2.140467e-01,1.21560366e-03,0.903788,124.6290,99.5916
10,backend,numeric,32,1.8000,1.0e-03,-1,LAM,0.4696,0.502136,2.359833e-01,1.94483473e-03,0.879049,109.8429,169.2371
10,backend,numeric,32,1.8000,1.0e-03,-1,LAM,0.4696,0.502136,2.601682e-01,2.36021021e-03,0.930147,94.6052,340.8687
10,backend,numeric,32,1.8000,1.0e-03,-1,LAM,0.4696,0.502136,2.868317e-01,5.99258130e-03,0.997719,97.5246,354.1321
10,backend,numeric,32,1.8000,1.0e-03,-1,LAM,0.4696,0.502136,3.162278e-01,3.88179541e-03,0.903332,150.7266,37.9235
10,backend,numeric,32,1.8000,1.0e-03,-1,LAM,0.4696,0.502136,3.486365e-01,5.51866399e-03,0.922124,133.0001,284.0071
10,backend,numeric,32,1.8000,1.0e-03,-1,LAM,0.4696,0.502136,3.843667e-01,8.89193212e-03,0.956011,111.7317,244.0069
10,backend,numeric,32,1.8000,1.0e-03,-1,LAM,0.4696,0.502136,4.237587e-01,9.07197353e-03,0.988415,119.5458,301.3358
10,backend,numeric,32,1.8000,1.0e-03,-1,LAM,0.4696,0.502136,4.671878e-01,1.02853452e-02,0.973893,114.3098,44.0651
10,backend,numeric,32,1.8000,1.0e-03,-1,LAM,0.4696,0.502136,5.150678e-01,1.20849612e-02,0.969557,114.2730,151.9428
10,backend,numeric,32,1.8000,1.0e-03,-1,LAM,0.4696,0.502136,5.678548e-01,8.48294386e-03,0.968208,112.6865,282.3895
10,backend,numeric,32,1.8000,1.0e-03,-1,LAM,0.4696,0.502136,6.260517e-01,9.26632937e-03,0.966321,112.6619,91.9487
10,backend,numeric,32,1.8000,1.0e-03,-1,LAM,0.4696,0.502136,6.902129e-01,7.86451973e-03,0.970642,114.2942,255.4196
10,backend,numeric,32,1.8000,1.0e-03,-1,LAM,0.4696,0.502136,7.609497e-01,8.83605948e-03,0.970063,113.3436,119.9791
10,backend,numeric,32,1.8000,1.0e-03,-1,LAM,0.4696,0.502136,8.389360e-01,5.08038807e-03,0.972826,120.3017,355.8225
10,backend,numeric,32,1.8000,1.0e-03,-1,LAM,0.4696,0.502136,9.249147e-01,8.27254808e-03,0.970416,112.3127,239.9698
10,backend,numeric,32,1.8000,1.0e-03,-1,LAM,0.4696,0.502136,1.019705e+00,7.55572528e-03,0.969158,115.8026,167.5885
10,backend,numeric,32,1.8000,1.0e-03,-1,LAM,0.4696,0.502136,1.124210e+00,7.71894223e-03,0.970994,114.8607,118.4353
10,backend,numeric,32,1.8000,1.0e-03,-1,LAM,0.4696,0.502136,1.239425e+00,7.94251908e-03,0.970304,114.0204,109.9110
10,backend,numeric,32,1.8000,1.0e-03,-1,LAM,0.4696,0.502136,1.366448e+00,8.25671540e-03,0.970790,113.9546,140.7448
10,backend,numeric,32,1.8000,1.0e-03,-1,LAM,0.4696,0.502136,1.506489e+00,7.61309975e-03,0.972842,115.3096,202.4171
10,backend,numeric,32,1.8000,1.0e-03,-1,LAM,0.4696,0.502136,1.660883e+00,7.18044686e-03,0.973381,110.4806,306.5387
10,backend,numeric,32,1.8000,1.0e-03,-1,LAM,0.4696,0.502136,1.831099e+00,8.51294005e-03,0.970811,113.9411,115.6353
10,backend,numeric,32,1.8000,1.0e-03,-1,LAM,0.4696,0.502136,2.018760e+00,6.73079097e-03,0.978178,114.2969,305.6007
10,backend,numeric,32,1.8000,1.0e-03,-1,LAM,0.4696,0.502136,2.225654e+00,7.31946346e-03,0.969263,114.9110,218.3855
10,backend,numeric,32,1.8000,1.0e-03,-1,LAM,0.4696,0.502136,2.453751e+00,7.77499642e-03,0.972832,114.5798,190.6943
10,backend,numeric,32,1.8000,1.0e-03,-1,LAM,0.4696,0.502136,2.705225e+00,7.51709099e-03,0.969821,115.2125,227.8435
10,backend,numeric,32,1.8000,1.0e-03,-1,LAM,0.4696,0.502136,2.982471e+00,5.00023827e-03,0.968217,119.8632,356.9286
10,backend,numeric,32,1.8000,1.0e-03,-1,LAM,0.4696,0.502136,3.288131e+00,7.30418578e-03,0.971189,114.8140,194.6630
10,backend,numeric,32,1.8000,1.0e-03,-1,LAM,0.4696,0.502136,3.625117e+00,8.94340715e-03,0.970712,113.9064,139.0757
10,backend,numeric,32,1.8000,1.0e-03,-1,LAM,0.4696,0.502136,3.996639e+00,7.66491770e-03,0.968663,115.6859,177.6388
10,backend,numeric,32,1.8000,1.0e-03,-1,LAM,0.4696,0.502136,4.406236e+00,6.56491078e-03,0.976186,113.2046,346.3479
10,backend,numeric,32,1.8000,1.0e-03,-1,LAM,0.4696,0.502136,4.857812e+00,7.91766245e-03,0.972402,111.2554,262.5667
10,backend,numeric,32,1.8000,1.0e-03,-1,LAM,0.4696,0.502136,5.355667e+00,6.67295043e-03,0.975722,112.8311,338.2480
10,backend,numeric,32,1.8000,1.0e-03,-1,LAM,0.4696,0.502136,5.904545e+00,7.88882997e-03,0.968554,115.3214,194.3927
10,backend,numeric,32,1.8000,1.0e-03,-1,LAM,0.4696,0.502136,6.509675e+00,7.12410720e-03,0.971758,116.2379,224.4808
10,backend,numeric,32,1.8000,1.0e-03,-1,LAM,0.4696,0.502136,7.176822e+00,7.89522863e-03,0.969319,112.4073,77.2016
10,backend,numeric,32,1.8000,1.0e-03,-1,LAM,0.4696,0.502136,7.912343e+00,7.76818995e-03,0.970313,116.3204,153.3473
10,backend,numeric,32,1.8000,1.0e-03,-1,LAM,0.4696,0.502136,8.723243e+00,8.46666724e-03,0.967247,111.4601,97.4734
10,backend,numeric,32,1.8000,1.0e-03,-1,LAM,0.4696,0.502136,9.617249e+00,7.24655342e-03,0.969333,113.3755,265.8253
10,backend,numeric,32,1.8000,1.0e-03,-1,LAM,0.4696,0.502136,1.060288e+01,5.24935099e-03,0.973415,119.3654,21.0546
10,backend,numeric,32,1.8000,1.0e-03,-1,LAM,0.4696,0.502136,1.168952e+01,7.50763925e-03,0.964267,111.7553,77.9263
10,backend,numeric,32,1.8000,1.0e-03,-1,LAM,0.4696,0.502136,1.288752e+01,8.44849228e-03,0.970232,113.0418,96.2998
10,backend,numeric,32,1.8000,1.0e-03,-1,LAM,0.4696,0.502136,1.420831e+01,7.83062930e-03,0.970645,114.3630,116.5488
10,backend,numeric,32,1.8000,1.0e-03,-1,LAM,0.4696,0.502136,1.566445e+01,7.63586765e-03,0.971291,116.1206,206.9670
10,backend,numeric,32,1.8000,1.0e-03,-1,LAM,0.4696,0.502136,1.726983e+01,6.01803031e-03,0.965007,114.1182,36.2661
10,backend,numeric,32,1.8000,1.0e-03,-1,LAM,0.4696,0.502136,1.903974e+01,5.15592931e-03,0.972201,120.1745,344.1644
10,backend,numeric,32,1.8000,1.0e-03,-1,LAM,0.4696,0.502136,2.099104e+01,7.76454052e-03,0.971029,115.7534,130.1015
10,backend,numeric,32,1.8000,1.0e-03,-1,LAM,0.4696,0.502136,2.314231e+01,7.44232558e-03,0.970367,114.9968,153.9397
10,backend,numeric,32,1.8000,1.0e-03,-1,LAM,0.4696,0.502136,2.551407e+01,8.82808872e-03,0.970690,114.0658,142.1107
10,backend,numeric,32,1.8000,1.0e-03,-1,LAM,0.4696,0.502136,2.812889e+01,7.66406806e-03,0.970935,114.9168,124.0833
10,backend,numeric,32,1.8000,1.0e-03,-1,LAM,0.4696,0.502136,3.101169e+01,8.09780373e-03,0.968383,114.1559,212.1168
10,backend,numeric,32,1.8000,1.0e-03,-1,LAM,0.4696,0.502136,3.418994e+01,7.86190093e-03,0.970601,114.2315,107.2973
10,backend,numeric,32,1.8000,1.0e-03,-1,LAM,0.4696,0.502136,3.769391e+01,7.46221887e-03,0.970785,111.6946,274.5107
10,backend,numeric,32,1.8000,1.0e-03,-1,LAM,0.4696,0.502136,4.155699e+01,8.51971527e-03,0.966685,111.9001,101.2976
10,backend,numeric,32,1.8000,1.0e-03,-1,LAM,0.4696,0.502136,4.581598e+01,6.05846846e-03,0.963334,114.7012,40.7226
10,backend,numeric,32,1.8000,1.0e-03,-1,LAM,0.4696,0.502136,5.051145e+01,7.96886823e-03,0.972823,114.7656,188.7037
10,backend,numeric,32,1.8000,1.0e-03,-1,LAM,0.4696,0.502136,5.568814e+01,5.02480638e-03,0.968531,119.7002,29.8965
10,backend,numeric,32,1.8000,1.0e-03,-1,LAM,0.4696,0.502136,6.139537e+01,5.37098938e-03,0.971641,118.7504,20.7149
10,backend,numeric,32,1.8000,1.0e-03,-1,LAM,0.4696,0.502136,6.768750e+01,6.63936416e-03,0.976349,112.1089,328.4495
10,backend,numeric,32,1.8000,1.0e-03,-1,LAM,0.4696,0.502136,7.462449e+01,8.35514295e-03,0.966056,111.5283,96.7633
10,backend,numeric,32,1.8000,1.0e-03,-1,LAM,0.4696,0.502136,8.227241e+01,7.35824706e-03,0.971106,114.6590,187.6998
10,backend,numeric,32,1.8000,1.0e-03,-1,LAM,0.4696,0.502136,9.070414e+01,8.61454234e-03,0.971646,114.8034,150.2426
10,backend,numeric,32,1.8000,1.0e-03,-1,LAM,0.4696,0.502136,1.000000e+02,7.89166778e-03,0.968211,114.9959,196.4070
11,backend,numeric,35,10.0000,1.0e-03,-1,LAM,0.4432,0.527156,0.000000e+00,2.78687292e-04,0.579000,143.2957,325.7222
11,backend,numeric,35,10.0000,1.0e-03,-1,LAM,0.4432,0.527156,1.000000e-03,2.96978145e-04,0.551053,141.3843,305.6038
11,backend,numeric,35,10.0000,1.0e-03,-1,LAM,0.4432,0.527156,1.102485e-03,2.98726052e-04,0.548533,141.0921,265.7745
11,backend,numeric,35,10.0000,1.0e-03,-1,LAM,0.4432,0.527156,1.215474e-03,3.00624325e-04,0.545833,140.8609,221.8161
11,backend,numeric,35,10.0000,1.0e-03,-1,LAM,0.4432,0.527156,1.340043e-03,3.02685899e-04,0.542934,140.6930,173.0768
11,backend,numeric,35,10.0000,1.0e-03,-1,LAM,0.4432,0.527156,1.477378e-03,3.04922329e-04,0.539827,140.4552,119.0471
11,backend,numeric,35,10.0000,1.0e-03,-1,LAM,0.4432,0.527156,1.628787e-03,3.07342936e-04,0.536516,140.1999,59.2842
11,backend,numeric,35,10.0000,1.0e-03,-1,LAM,0.4432,0.527156,1.795714e-03,3.09961689e-04,0.532990,139.9589,352.9998
11,backend,numeric,35,10.0000,1.0e-03,-1,LAM,0.4432,0.527156,1.979749e-03,3.12787160e-04,0.529260,139.5795,279.5698
11,backend,numeric,35,10.0000,1.0e-03,-1,LAM,0.4432,0.527156,2.182645e-03,3.15822697e-04,0.525345,139.1502,198.3773
11,backend,numeric,35,10.0000,1.0e-03,-1,LAM,0.4432,0.527156,2.406334e-03,3.19080637e-04,0.521238,138.7916,108.5275
11,backend,numeric,35,10.0000,1.0e-03,-1,LAM,0.4432,0.527156,2.652948e-03,3.22576629e-04,0.516928,138.3929,8.7644
11,backend,numeric,35,10.0000,1.0e-03,-1,LAM,0.4432,0.527156,2.924837e-03,3.26304271e-04,0.512470,137.9026,258.3862
11,backend,numeric,35,10.0000,1.0e-03,-1,LAM,0.4432,0.527156,3.224591e-03,3.30260271e-04,0.507881,137.2468,136.3487
11,backend,numeric,35,10.0000,1.0e-03,-1,LAM,0.4432,0.527156,3.555064e-03,3.34462173e-04,0.503137,136.7373,0.9415
11,backend,numeric,35,10.0000,1.0e-03,-1,LAM,0.4432,0.527156,3.919407e-03,3.38896831e-04,0.498335,136.0625,211.2084
11,backend,numeric,35,10.0000,1.0e-03,-1,LAM,0.4432,0.527156,4.321089e-03,3.43548606e-04,0.493536,135.4700,45.8029
11,backend,numeric,35,10.0000,1.0e-03,-1,LAM,0.4432,0.527156,4.763938e-03,3.48420200e-04,0.488773,134.5942,222.7988
11,backend,numeric,35,10.0000,1.0e-03,-1,LAM,0.4432,0.527156,5.252173e-03,3.53468506e-04,0.484154,133.7128,20.9097
11,backend,numeric,35,10.0000,1.0e-03,-1,LAM,0.4432,0.527156,5.790444e-03,3.58666382e-04,0.479757,132.4799,158.4338
11,backend,numeric,35,10.0000,1.0e-03,-1,LAM,0.4432,0.527156,6.383880e-03,3.63994594e-04,0.475705,131.7426,273.4874
11,backend,numeric,35,10.0000,1.0e-03,-1,LAM,0.4432,0.527156,7.038136e-03,3.69423249e-04,0.472119,130.4132,4.1340
11,backend,numeric,35,10.0000,1.0e-03,-1,LAM,0.4432,0.527156,7.759442e-03,3.74964986e-04,0.469003,129.4380,69.3375
11,backend,numeric,35,10.0000,1.0e-03,-1,LAM,0.4432,0.527156,8.554673e-03,3.80680841e-04,0.466509,127.8768,106.8729
11,backend,numeric,35,10.0000,1.0e-03,-1,LAM,0.4432,0.527156,9.431402e-03,3.86643344e-04,0.464660,126.3584,114.9904
11,backend,numeric,35,10.0000,1.0e-03,-1,LAM,0.4432,0.527156,1.039798e-02,3.92826165e-04,0.463680,125.0323,92.3206
11,backend,numeric,35,10.0000,1.0e-03,-1,LAM,0.4432,0.527156,1.146363e-02,3.99199782e-04,0.463831,123.4646,37.8743
11,backend,numeric,35,10.0000,1.0e-03,-1,LAM,0.4432,0.527156,1.263848e-02,4.05734444e-04,0.465270,121.4959,312.1700
11,backend,numeric,35,10.0000,1.0e-03,-1,LAM,0.4432,0.527156,1.393374e-02,4.12560353e-04,0.468045,119.7461,194.6264
11,backend,numeric,35,10.0000,1.0e-03,-1,LAM,0.4432,0.527156,1.536175e-02,4.19917734e-04,0.472396,118.3168,47.1822
11,backend,numeric,35,10.0000,1.0e-03,-1,LAM,0.4432,0.527156,1.693611e-02,4.27750831e-04,0.478629,116.4123,232.0764
11,backend,numeric,35,10.0000,1.0e-03,-1,LAM,0.4432,0.527156,1.867181e-02,4.36192954e-04,0.486817,114.5693,33.1279
11,backend,numeric,35,10.0000,1.0e-03,-1,LAM,0.4432,0.527156,2.058540e-02,4.45508092e-04,0.497049,112.3882,175.5290
11,backend,numeric,35,10.0000,1.0e-03,-1,LAM,0.4432,0.527156,2.269511e-02,4.56220582e-04,0.509018,110.7079,304.6957
11,backend,numeric,35,10.0000,1.0e-03,-1,LAM,0.4432,0.527156,2.502102e-02,4.68551786e-04,0.523048,108.8425,66.4974
11,backend,numeric,35,10.0000,1.0e-03,-1,LAM,0.4432,0.527156,2.758532e-02,4.82582685e-04,0.538834,106.7780,187.6052
11,backend,numeric,35,10.0000,1.0e-03,-1,LAM,0.4432,0.527156,3.041241e-02,4.98484866e-04,0.556519,104.9776,314.3392
11,backend,numeric,35,10.0000,1.0e-03,-1,LAM,0.4432,0.527156,3.352924e-02,5.16102197e-04,0.575379,102.5809,92.3818
11,backend,numeric,35,10.0000,1.0e-03,-1,LAM,0.4432,0.527156,3.696550e-02,5.35248792e-04,0.595618,100.1143,244.7006
11,backend,numeric,35,10.0000,1.0e-03,-1,LAM,0.4432,0.527156,4.075393e-02,5.55399721e-04,0.617229,97.7849,55.2090
11,backend,numeric,35,10.0000,1.0e-03,-1,LAM,0.4432,0.527156,4.493062e-02,5.74722067e-04,0.640421,94.8313,243.7598
11,backend,numeric,35,10.0000,1.0e-03,-1,LAM,0.4432,0.527156,4.953535e-02,5.90337196e-04,0.665675,92.0845,91.6302
11,backend,numeric,35,10.0000,1.0e-03,-1,LAM,0.4432,0.527156,5.461201e-02,5.98470778e-04,0.694382,90.0320,315.1859
11,backend,numeric,35,10.0000,1.0e-03,-1,LAM,0.4432,0.527156,6.020894e-02,5.90770558e-04,0.728128,85.2926,190.5308
11,backend,numeric,35,10.0000,1.0e-03,-1,LAM,0.4432,0.527156,6.637949e-02,5.54484974e-04,0.770524,78.2410,67.3215
11,backend,numeric,35,10.0000,1.0e-03,-1,LAM,0.4432,0.527156,7.318242e-02,4.51180190e-04,0.836594,68.7059,268.4098
11,backend,numeric,35,10.0000,1.0e-03,-1,LAM,0.4432,0.527156,8.068256e-02,1.24044224e-03,0.998567,93.3478,330.0087
11,backend,numeric,35,10.0000,1.0e-03,-1,LAM,0.4432,0.527156,8.895135e-02,8.01547128e-04,0.816608,150.3642,300.6352
11,backend,numeric,35,10.0000,1.0e-03,-1,LAM,0.4432,0.527156,9.806757e-02,1.03214755e-03,0.739642,143.9429,223.8331
11,backend,numeric,35,10.0000,1.0e-03,-1,LAM,0.4432,0.527156,1.081181e-01,1.16067419e-03,0.749760,138.3609,105.5187
11,backend,numeric,35,10.0000,1.0e-03,-1,LAM,0.4432,0.527156,1.191986e-01,1.27386546e-03,0.817445,129.8983,77.1667
11,backend,numeric,35,10.0000,1.0e-03,-1,LAM,0.4432,0.527156,1.314147e-01,1.54586992e-03,0.913094,119.0131,218.3250
11,backend,numeric,35,10.0000,1.0e-03,-1,LAM,0.4432,0.527156,1.448828e-01,2.75904448e-03,0.969723,100.1619,177.4326
11,backend,numeric,35,10.0000,1.0e-03,-1,LAM,0.4432,0.527156,1.597312e-01,2.69946035e-03,0.976870,110.3300,320.2791
11,backend,numeric,35,10.0000,1.0e-03,-1,LAM,0.4432,0.527156,1.761014e-01,2.26208746e-03,0.976343,117.4873,118.2502
11,backend,numeric,35,10.0000,1.0e-03,-1,LAM,0.4432,0.527156,1.941492e-01,1.95293316e-03,0.971746,114.3539,317.8175
11,backend,numeric,35,10.0000,1.0e-03,-1,LAM,0.4432,0.527156,2.140467e-01,1.76109685e-03,0.971547,116.2101,178.9586
11,backend,numeric,35,10.0000,1.0e-03,-1,LAM,0.4432,0.527156,2.359833e-01,2.09926692e-03,0.968656,111.7686,61.3651
11,backend,numeric,35,10.0000,1.0e-03,-1,LAM,0.4432,0.527156,2.601682e-01,1.84365975e-03,0.973837,115.1153,338.8145
11,backend,numeric,35,10.0000,1.0e-03,-1,LAM,0.4432,0.527156,2.868317e-01,2.12862721e-03,0.970076,111.6801,282.9503
11,backend,numeric,35,10.0000,1.0e-03,-1,LAM,0.4432,0.527156,3.162278e-01,2.00867742e-03,0.967210,112.5540,256.6873
11,backend,numeric,35,10.0000,1.0e-03,-1,LAM,0.4432,0.527156,3.486365e-01,2.00689136e-03,0.967224,112.5634,260.6279
11,backend,numeric,35,10.0000,1.0e-03,-1,LAM,0.4432,0.527156,3.843667e-01,2.13108816e-03,0.970422,111.4663,297.4093
11,backend,numeric,35,10.0000,1.0e-03,-1,LAM,0.4432,0.527156,4.237587e-01,1.68351739e-03,0.971691,116.4872,16.1758
11,backend,numeric,35,10.0000,1.0e-03,-1,LAM,0.4432,0.527156,4.671878e-01,2.16470087e-03,0.971859,113.4427,131.9468
11,backend,numeric,35,10.0000,1.0e-03,-1,LAM,0.4432,0.527156,5.150678e-01,2.11003888e-03,0.971057,111.6087,302.7087
11,backend,numeric,35,10.0000,1.0e-03,-1,LAM,0.4432,0.527156,5.678548e-01,1.99058907e-03,0.973124,114.9047,168.1416
11,backend,numeric,35,10.0000,1.0e-03,-1,LAM,0.4432,0.527156,6.260517e-01,2.20465597e-03,0.968574,111.7874,102.2734
11,backend,numeric,35,10.0000,1.0e-03,-1,LAM,0.4432,0.527156,6.902129e-01,2.21280038e-03,0.969433,111.9376,103.7597
11,backend,numeric,35,10.0000,1.0e-03,-1,LAM,0.4432,0.527156,7.609497e-01,1.85883498e-03,0.970243,115.8754,179.3791
11,backend,numeric,35,10.0000,1.0e-03,-1,LAM,0.4432,0.527156,8.389360e-01,1.65804181e-03,0.972750,115.6120,340.6178
11,backend,numeric,35,10.0000,1.0e-03,-1,LAM,0.4432,0.527156,9.249147e-01,2.07945900e-03,0.968003,112.6346,218.2240
11,backend,numeric,35,10.0000,1.0e-03,-1,LAM,0.4432,0.527156,1.019705e+00,1.89056969e-03,0.967112,114.1575,192.2763
11,backend,numeric,35,10.0000,1.0e-03,-1,LAM,0.4432,0.527156,1.124210e+00,2.14163671e-03,0.971745,112.0499,271.9923
11,backend,numeric,35,10.0000,1.0e-03,-1,LAM,0.4432,0.527156,1.239425e+00,2.01005790e-03,0.972545,113.7196,123.6783
11,backend,numeric,35,10.0000,1.0e-03,-1,LAM,0.4432,0.527156,1.366448e+00,2.14688446e-03,0.971275,113.1189,115.3022
11,backend,numeric,35,10.0000,1.0e-03,-1,LAM,0.4432,0.527156,1.506489e+00,1.83366678e-03,0.967702,114.4238,236.8024
11,backend,numeric,35,10.0000,1.0e-03,-1,LAM,0.4432,0.527156,1.660883e+00,2.04933776e-03,0.973016,114.7940,154.4078
11,backend,numeric,35,10.0000,1.0e-03,-1,LAM,0.4432,0.527156,1.831099e+00,2.07538609e-03,0.972105,112.2285,270.4953
11,backend,numeric,35,10.0000,1.0e-03,-1,LAM,0.4432,0.527156,2.018760e+00,1.99550324e-03,0.967035,113.2458,206.6642
11,backend,numeric,35,10.0000,1.0e-03,-1,LAM,0.4432,0.527156,2.225654e+00,1.69765832e-03,0.969975,116.0786,0.7787
11,backend,numeric,35,10.0000,1.0e-03,-1,LAM,0.4432,0.527156,2.453751e+00,1.68464003e-03,0.967266,115.5643,41.9319
11,backend,numeric,35,10.0000,1.0e-03,-1,LAM,0.4432,0.527156,2.705225e+00,1.93587379e-03,0.973886,112.7355,314.6885
11,backend,numeric,35,10.0000,1.0e-03,-1,LAM,0.4432,0.527156,2.982471e+00,1.89725827e-03,0.967198,114.1517,190.5150
11,backend,numeric,35,10.0000,1.0e-03,-1,LAM,0.4432,0.527156,3.288131e+00,1.69873555e-03,0.969425,116.0004,12.9759
11,backend,numeric,35,10.0000,1.0e-03,-1,LAM,0.4432,0.527156,3.625117e+00,2.00810804e-03,0.973056,115.0354,163.5054
11,backend,numeric,35,10.0000,1.0e-03,-1,LAM,0.4432,0.527156,3.996639e+00,1.78923729e-03,0.965733,113.5880,16.1172
11,backend,numeric,35,10.0000,1.0e-03,-1,LAM,0.4432,0.527156,4.406236e+00,2.10553602e-03,0.968697,111.6170,283.6773
11,backend,numeric,35,10.0000,1.0e-03,-1,LAM,0.4432,0.527156,4.857812e+00,1.99169212e-03,0.973655,112.6350,287.6860
11,backend,numeric,35,10.0000,1.0e-03,-1,LAM,0.4432,0.527156,5.355667e+00,2.16089068e-03,0.969854,112.4372,97.2143
11,backend,numeric,35,10.0000,1.0e-03,-1,LAM,0.4432,0.527156,5.904545e+00,2.02116531e-03,0.973089,114.7169,120.9168
11,backend,numeric,35,10.0000,1.0e-03,-1,LAM,0.4432,0.527156,6.509675e+00,1.65980078e-03,0.967364,115.7787,43.1499
11,backend,numeric,35,10.0000,1.0e-03,-1,LAM,0.4432,0.527156,7.176822e+00,2.06328959e-03,0.973284,112.7107,295.2884
11,backend,numeric,35,10.0000,1.0e-03,-1,LAM,0.4432,0.527156,7.912343e+00,2.12965416e-03,0.971120,112.2494,253.6792
11,backend,numeric,35,10.0000,1.0e-03,-1,LAM,0.4432,0.527156,8.723243e+00,1.94138509e-03,0.973838,112.7050,310.9397
11,backend,numeric,35,10.0000,1.0e-03,-1,LAM,0.4432,0.527156,9.617249e+00,1.87416963e-03,0.967902,114.2254,228.2476
11,backend,numeric,35,10.0000,1.0e-03,-1,LAM,0.4432,0.527156,1.060288e+01,2.18329895e-03,0.967924,111.6975,98.0002
11,backend,numeric,35,10.0000,1.0e-03,-1,LAM,0.4432,0.527156,1.168952e+01,1.61128210e-03,0.970484,116.1037,15.7938
11,backend,numeric,35,10.0000,1.0e-03,-1,LAM,0.4432,0.527156,1.288752e+01,2.10552172e-03,0.972761,113.8781,109.8759
11,backend,numeric,35,10.0000,1.0e-03,-1,LAM,0.4432,0.527156,1.420831e+01,2.07924609e-03,0.971914,113.2509,102.3793
11,backend,numeric,35,10.0000,1.0e-03,-1,LAM,0.4432,0.527156,1.566445e+01,1.85044031e-03,0.970755,115.8594,190.7333
11,backend,numeric,35,10.0000,1.0e-03,-1,LAM,0.4432,0.527156,1.726983e+01,1.87191066e-03,0.972508,114.3513,157.4053
11,backend,numeric,35,10.0000,1.0e-03,-1,LAM,0.4432,0.527156,1.903974e+01,1.79978108e-03,0.971252,115.4899,150.1803
11,backend,numeric,35,10.0000,1.0e-03,-1,LAM,0.4432,0.527156,2.099104e+01,1.90364538e-03,0.965669,112.4128,26.4915
11,backend,numeric,35,10.0000,1.0e-03,-1,LAM,0.4432,0.527156,2.314231e+01,1.89164825e-03,0.974268,114.5117,313.9039
11,backend,numeric,35,10.0000,1.0e-03,-1,LAM,0.4432,0.527156,2.551407e+01,1.78536593e-03,0.970301,115.4385,210.1860
11,backend,numeric,35,10.0000,1.0e-03,-1,LAM,0.4432,0.527156,2.812889e+01,2.05608828e-03,0.973542,112.8177,290.6714
11,backend,numeric,35,10.0000,1.0e-03,-1,LAM,0.4432,0.527156,3.101169e+01,1.82237533e-03,0.971681,115.5489,144.8815
11,backend,numeric,35,10.0000,1.0e-03,-1,LAM,0.4432,0.527156,3.418994e+01,2.03346133e-03,0.967408,111.6658,48.2274
11,backend,numeric,35,10.0000,1.0e-03,-1,LAM,0.4432,0.527156,3.769391e+01,1.63968768e-03,0.972062,115.7990,5.2057
11,backend,numeric,35,10.0000,1.0e-03,-1,LAM,0.4432,0.527156,4.155699e+01,1.66766537e-03,0.972627,116.0447,14.2285
11,backend,numeric,35,10.0000,1.0e-03,-1,LAM,0.4432,0.527156,4.581598e+01,NaN,NaN,NaN,NaN
11,backend,numeric,35,10.0000,1.0e-03,-1,LAM,0.4432,0.527156,5.051145e+01,NaN,NaN,NaN,NaN
11,backend,numeric,35,10.0000,1.0e-03,-1,LAM,0.4432,0.527156,5.568814e+01,NaN,NaN,NaN,NaN
11,backend,numeric,35,10.0000,1.0e-03,-1,LAM,0.4432,0.527156,6.139537e+01,NaN,NaN,NaN,NaN
11,backend,numeric,35,10.0000,1.0e-03,-1,LAM,0.4432,0.527156,6.768750e+01,NaN,NaN,NaN,NaN
11,backend,numeric,35,10.0000,1.0e-03,-1,LAM,0.4432,0.527156,7.462449e+01,NaN,NaN,NaN,NaN
11,backend,numeric,35,10.0000,1.0e-03,-1,LAM,0.4432,0.527156,8.227241e+01,NaN,NaN,NaN,NaN
11,backend,numeric,35,10.0000,1.0e-03,-1,LAM,0.4432,0.527156,9.070414e+01,NaN,NaN,NaN,NaN
11,backend,numeric,35,10.0000,1.0e-03,-1,LAM,0.4432,0.527156,1.000000e+02,NaN,NaN,NaN,NaN
12,backend,numeric,39,0.1000,1.0e-03,-1,LAM,0.7472,0.239347,0.000000e+00,6.00838169e-04,0.787762,129.9781,42.1686
12,backend,numeric,39,0.1000,1.0e-03,-1,LAM,0.7472,0.239347,1.000000e-03,6.33264752e-04,0.772217,130.6026,332.2435
12,backend,numeric,39,0.1000,1.0e-03,-1,LAM,0.7472,0.239347,1.102485e-03,6.36480081e-04,0.770719,130.3848,324.8456
12,backend,numeric,39,0.1000,1.0e-03,-1,LAM,0.7472,0.239347,1.215474e-03,6.39992276e-04,0.769102,130.0696,316.7104
12,backend,numeric,39,0.1000,1.0e-03,-1,LAM,0.7472,0.239347,1.340043e-03,6.43821633e-04,0.767367,129.6469,307.7896
12,backend,numeric,39,0.1000,1.0e-03,-1,LAM,0.7472,0.239347,1.477378e-03,6.47985951e-04,0.765515,129.1185,298.0351
12,backend,numeric,39,0.1000,1.0e-03,-1,LAM,0.7472,0.239347,1.628787e-03,6.52505916e-04,0.763551,128.5057,287.3939
12,backend,numeric,39,0.1000,1.0e-03,-1,LAM,0.7472,0.239347,1.795714e-03,6.57404972e-04,0.761481,127.8568,275.7976
12,backend,numeric,39,0.1000,1.0e-03,-1,LAM,0.7472,0.239347,1.979749e-03,6.62711032e-04,0.759302,127.2510,263.1490
12,backend,numeric,39,0.1000,1.0e-03,-1,LAM,0.7472,0.239347,2.182645e-03,6.68463961e-04,0.757003,126.7916,249.3036
12,backend,numeric,39,0.1000,1.0e-03,-1,LAM,0.7472,0.239347,2.406334e-03,6.74717037e-04,0.754558,126.5811,234.0498
12,backend,numeric,39,0.1000,1.0e-03,-1,LAM,0.7472,0.239347,2.652948e-03,6.81540067e-04,0.751925,126.6717,217.0973
12,backend,numeric,39,0.1000,1.0e-03,-1,LAM,0.7472,0.239347,2.924837e-03,6.89013133e-04,0.749056,126.9951,198.0932
12,backend,numeric,39,0.1000,1.0e-03,-1,LAM,0.7472,0.239347,3.224591e-03,6.97207206e-04,0.745916,127.3055,176.7017
12,backend,numeric,39,0.1000,1.0e-03,-1,LAM,0.7472,0.239347,3.555064e-03,7.06154027e-04,0.742522,127.2258,152.7648
12,backend,numeric,39,0.1000,1.0e-03,-1,LAM,0.7472,0.239347,3.919407e-03,7.15830862e-04,0.738962,126.4971,126.4284
12,backend,numeric,39,0.1000,1.0e-03,-1,LAM,0.7472,0.239347,4.321089e-03,7.26177881e-04,0.735345,125.3540,97.9578
12,backend,numeric,39,0.1000,1.0e-03,-1,LAM,0.7472,0.239347,4.763938e-03,7.37238349e-04,0.731720,124.5800,67.1998
12,backend,numeric,39,0.1000,1.0e-03,-1,LAM,0.7472,0.239347,5.252173e-03,7.49211365e-04,0.727935,124.8172,33.2133
12,backend,numeric,39,0.1000,1.0e-03,-1,LAM,0.7472,0.239347,5.790444e-03,7.62339287e-04,0.723761,125.4340,354.7012
12,backend,numeric,39,0.1000,1.0e-03,-1,LAM,0.7472,0.239347,6.383880e-03,7.76596906e-04,0.719326,124.7125,311.6160
12,backend,numeric,39,0.1000,1.0e-03,-1,LAM,0.7472,0.239347,7.038136e-03,7.91640928e-04,0.715101,122.7753,265.5210
12,backend,numeric,39,0.1000,1.0e-03,-1,LAM,0.7472,0.239347,7.759442e-03,8.07520657e-04,0.711085,122.2881,216.0431
12,backend,numeric,39,0.1000,1.0e-03,-1,LAM,0.7472,0.239347,8.554673e-03,8.24874175e-04,0.706751,122.8755,160.3915
12,backend,numeric,39,0.1000,1.0e-03,-1,LAM,0.7472,0.239347,9.431402e-03,8.43523720e-04,0.702376,121.3305,99.1944
12,backend,numeric,39,0.1000,1.0e-03,-1,LAM,0.7472,0.239347,1.039798e-02,8.63106497e-04,0.698340,120.9061,33.7631
12,backend,numeric,39,0.1000,1.0e-03,-1,LAM,0.7472,0.239347,1.146363e-02,8.84587099e-04,0.693967,121.0994,320.0859
12,backend,numeric,39,0.1000,1.0e-03,-1,LAM,0.7472,0.239347,1.263848e-02,9.07033953e-04,0.690088,118.6357,241.3759
12,backend,numeric,39,0.1000,1.0e-03,-1,LAM,0.7472,0.239347,1.393374e-02,9.30969605e-04,0.686441,119.2252,155.8408
12,backend,numeric,39,0.1000,1.0e-03,-1,LAM,0.7472,0.239347,1.536175e-02,9.56439994e-04,0.682985,117.2859,62.9840
12,backend,numeric,39,0.1000,1.0e-03,-1,LAM,0.7472,0.239347,1.693611e-02,9.83792897e-04,0.679614,117.7719,321.4508
12,backend,numeric,39,0.1000,1.0e-03,-1,LAM,0.7472,0.239347,1.867181e-02,1.01229552e-03,0.676966,115.4958,213.3477
12,backend,numeric,39,0.1000,1.0e-03,-1,LAM,0.7472,0.239347,2.058540e-02,1.04289859e-03,0.674553,114.6549,96.1191
12,backend,numeric,39,0.1000,1.0e-03,-1,LAM,0.7472,0.239347,2.269511e-02,1.07534975e-03,0.672607,114.8820,330.4028
12,backend,numeric,39,0.1000,1.0e-03,-1,LAM,0.7472,0.239347,2.502102e-02,1.10951035e-03,0.671317,112.7145,196.6036
12,backend,numeric,39,0.1000,1.0e-03,-1,LAM,0.7472,0.239347,2.758532e-02,1.14600737e-03,0.670452,111.2914,53.6912
12,backend,numeric,39,0.1000,1.0e-03,-1,LAM,0.7472,0.239347,3.041241e-02,1.18508661e-03,0.669988,109.7796,260.3850
12,backend,numeric,39,0.1000,1.0e-03,-1,LAM,0.7472,0.239347,3.352924e-02,1.22576716e-03,0.670315,108.9426,99.7662
12,backend,numeric,39,0.1000,1.0e-03,-1,LAM,0.7472,0.239347,3.696550e-02,1.26925198e-03,0.671104,107.9339,288.5534
12,backend,numeric,39,0.1000,1.0e-03,-1,LAM,0.7472,0.239347,4.075393e-02,1.31425525e-03,0.672859,106.4506,109.9697
12,backend,numeric,39,0.1000,1.0e-03,-1,LAM,0.7472,0.239347,4.493062e-02,1.36221110e-03,0.675201,104.8833,280.8464
12,backend,numeric,39,0.1000,1.0e-03,-1,LAM,0.7472,0.239347,4.953535e-02,1.41082815e-03,0.678439,103.0835,85.0012
12,backend,numeric,39,0.1000,1.0e-03,-1,LAM,0.7472,0.239347,5.461201e-02,1.46199548e-03,0.682275,101.0358,238.5282
12,backend,numeric,39,0.1000,1.0e-03,-1,LAM,0.7472,0.239347,6.020894e-02,1.51354960e-03,0.687142,100.8199,25.7095
12,backend,numeric,39,0.1000,1.0e-03,-1,LAM,0.7472,0.239347,6.637949e-02,1.56590143e-03,0.692851,99.1556,162.9030
12,backend,numeric,39,0.1000,1.0e-03,-1,LAM,0.7472,0.239347,7.318242e-02,1.61795245e-03,0.699499,96.9292,291.8380
12,backend,numeric,39,0.1000,1.0e-03,-1,LAM,0.7472,0.239347,8.068256e-02,1.66285560e-03,0.707925,94.3173,54.9890
12,backend,numeric,39,0.1000,1.0e-03,-1,LAM,0.7472,0.239347,8.895135e-02,1.70358400e-03,0.717544,93.0572,167.3798
12,backend,numeric,39,0.1000,1.0e-03,-1,LAM,0.7472,0.239347,9.806757e-02,1.73493135e-03,0.728738,89.3400,271.0767
12,backend,numeric,39,0.1000,1.0e-03,-1,LAM,0.7472,0.239347,1.081181e-01,1.74268885e-03,0.743106,89.0838,6.6004
12,backend,numeric,39,0.1000,1.0e-03,-1,LAM,0.7472,0.239347,1.191986e-01,1.72241798e-03,0.760640,83.0669,89.1802
12,backend,numeric,39,0.1000,1.0e-03,-1,LAM,0.7472,0.239347,1.314147e-01,1.65225994e-03,0.783880,80.3625,152.2786
12,backend,numeric,39,0.1000,1.0e-03,-1,LAM,0.7472,0.239347,1.448828e-01,1.48518110e-03,0.819117,73.9887,185.7951
12,backend,numeric,39,0.1000,1.0e-03,-1,LAM,0.7472,0.239347,1.597312e-01,1.06700979e-03,0.894387,61.6166,163.0489
12,backend,numeric,39,0.1000,1.0e-03,-1,LAM,0.7472,0.239347,1.761014e-01,1.26143006e-03,0.916614,147.2128,161.0469
12,backend,numeric,39,0.1000,1.0e-03,-1,LAM,0.7472,0.239347,1.941492e-01,2.05359280e-03,0.772966,131.7873,192.0236
12,backend,numeric,39,0.1000,1.0e-03,-1,LAM,0.7472,0.239347,2.140467e-01,2.56515870e-03,0.717559,124.8191,123.1913
12,backend,numeric,39,0.1000,1.0e-03,-1,LAM,0.7472,0.239347,2.359833e-01,2.99026453e-03,0.694753,120.7839,30.1872
12,backend,numeric,39,0.1000,1.0e-03,-1,LAM,0.7472,0.239347,2.601682e-01,3.37173660e-03,0.689027,115.6505,295.6278
12,backend,numeric,39,0.1000,1.0e-03,-1,LAM,0.7472,0.239347,2.868317e-01,3.72419210e-03,0.694958,111.3377,221.5591
12,backend,numeric,39,0.1000,1.0e-03,-1,LAM,0.7472,0.239347,3.162278e-01,4.06190731e-03,0.707819,107.2920,171.6303
12,backend,numeric,39,0.1000,1.0e-03,-1,LAM,0.7472,0.239347,3.486365e-01,4.38046433e-03,0.725746,102.4052,148.5230
12,backend,numeric,39,0.1000,1.0e-03,-1,LAM,0.7472,0.239347,3.843667e-01,4.66620933e-03,0.747543,97.7721,151.1750
12,backend,numeric,39,0.1000,1.0e-03,-1,LAM,0.7472,0.239347,4.237587e-01,4.88629017e-03,0.773195,93.6315,177.3355
12,backend,numeric,39,0.1000,1.0e-03,-1,LAM,0.7472,0.239347,4.671878e-01,4.97140064e-03,0.803652,89.0297,222.8757
12,backend,numeric,39,0.1000,1.0e-03,-1,LAM,0.7472,0.239347,5.150678e-01,4.76742046e-03,0.842402,81.2665,280.1517
12,backend,numeric,39,0.1000,1.0e-03,-1,LAM,0.7472,0.239347,5.678548e-01,3.55171233e-03,0.913119,68.4999,318.1068
12,backend,numeric,39,0.1000,1.0e-03,-1,LAM,0.7472,0.239347,6.260517e-01,4.26412701e-03,0.910548,145.5607,347.9904
12,backend,numeric,39,0.1000,1.0e-03,-1,LAM,0.7472,0.239347,6.902129e-01,6.82871374e-03,0.810345,129.1568,33.3451
12,backend,numeric,39,0.1000,1.0e-03,-1,LAM,0.7472,0.239347,7.609497e-01,8.43177052e-03,0.795746,119.3940,54.5639
12,backend,numeric,39,0.1000,1.0e-03,-1,LAM,0.7472,0.239347,8.389360e-01,9.72066637e-03,0.808443,106.9730,109.4023
12,backend,numeric,39,0.1000,1.0e-03,-1,LAM,0.7472,0.239347,9.249147e-01,1.09474851e-02,0.830464,95.9674,208.7777
12,backend,numeric,39,0.1000,1.0e-03,-1,LAM,0.7472,0.239347,1.019705e+00,1.19301270e-02,0.860829,108.1357,351.6083
12,backend,numeric,39,0.1000,1.0e-03,-1,LAM,0.7472,0.239347,1.124210e+00,1.10557383e-02,0.910196,77.6421,150.1860
12,backend,numeric,39,0.1000,1.0e-03,-1,LAM,0.7472,0.239347,1.239425e+00,6.68010818e-03,0.957761,125.5780,127.2447
12,backend,numeric,39,0.1000,1.0e-03,-1,LAM,0.7472,0.239347,1.366448e+00,1.47003050e-02,0.884369,113.0506,314.1694
12,backend,numeric,39,0.1000,1.0e-03,-1,LAM,0.7472,0.239347,1.506489e+00,1.38649631e-02,0.931021,74.8118,140.7743
12,backend,numeric,39,0.1000,1.0e-03,-1,LAM,0.7472,0.239347,1.660883e+00,1.34899736e-02,0.937987,100.5816,149.3111
12,backend,numeric,39,0.1000,1.0e-03,-1,LAM,0.7472,0.239347,1.831099e+00,2.19218613e-02,0.913467,127.8162,28.9447
12,backend,numeric,39,0.1000,1.0e-03,-1,LAM,0.7472,0.239347,2.018760e+00,2.57619829e-02,0.926813,68.9192,234.6711
12,backend,numeric,39,0.1000,1.0e-03,-1,LAM,0.7472,0.239347,2.225654e+00,8.11838990e-02,0.996151,78.4639,233.5633
12,backend,numeric,39,0.1000,1.0e-03,-1,LAM,0.7472,0.239347,2.453751e+00,2.14463699e-01,0.999189,46.4696,249.5755
12,backend,numeric,39,0.1000,1.0e-03,-1,LAM,0.7472,0.239347,2.705225e+00,4.15997770e-01,0.999967,35.0475,132.3976
12,backend,numeric,39,0.1000,1.0e-03,-1,LAM,0.7472,0.239347,2.982471e+00,4.83350004e-01,0.999989,130.2247,136.8313
12,backend,numeric,39,0.1000,1.0e-03,-1,LAM,0.7472,0.239347,3.288131e+00,2.74974738e-01,0.999959,118.4655,262.5136
12,backend,numeric,39,0.1000,1.0e-03,-1,LAM,0.7472,0.239347,3.625117e+00,4.08677697e-01,0.999994,28.2761,309.3144
12,backend,numeric,39,0.1000,1.0e-03,-1,LAM,0.7472,0.239347,3.996639e+00,6.02243502e-01,0.999999,120.9064,69.1089
12,backend,numeric,39,0.1000,1.0e-03,-1,LAM,0.7472,0.239347,4.406236e+00,2.77975253e-01,0.999997,113.0721,289.8164
12,backend,numeric,39,0.1000,1.0e-03,-1,LAM,0.7472,0.239347,4.857812e+00,4.93634820e-01,1.000000,62.2019,25.1614
12,backend,numeric,39,0.1000,1.0e-03,-1,LAM,0.7472,0.239347,5.355667e+00,3.65621587e-01,1.000000,135.5080,311.2982
12,backend,numeric,39,0.1000,1.0e-03,-1,LAM,0.7472,0.239347,5.904545e+00,5.06819306e-01,1.000000,65.4983,15.7087
12,backend,numeric,39,0.1000,1.0e-03,-1,LAM,0.7472,0.239347,6.509675e+00,3.90339892e-01,1.000000,116.7874,311.2466
12,backend,numeric,39,0.1000,1.0e-03,-1,LAM,0.7472,0.239347,7.176822e+00,6.40001185e-01,1.000000,107.7956,28.4917
12,backend,numeric,39,0.1000,1.0e-03,-1,LAM,0.7472,0.239347,7.912343e+00,6.16269308e-01,1.000000,58.8956,359.1483
12,backend,numeric,39,0.1000,1.0e-03,-1,LAM,0.7472,0.239347,8.723243e+00,5.93516180e-01,1.000000,80.5650,319.2636
12,backend,numeric,39,0.1000,1.0e-03,-1,LAM,0.7472,0.239347,9.617249e+00,6.96200316e-01,1.000000,108.6676,318.8730
12,backend,numeric,39,0.1000,1.0e-03,-1,LAM,0.7472,0.239347,1.060288e+01,8.29152185e-01,1.000000,113.6930,322.5392
12,backend,numeric,39,0.1000,1.0e-03,-1,LAM,0.7472,0.239347,1.168952e+01,NaN,NaN,NaN,NaN
12,backend,numeric,39,0.1000,1.0e-03,-1,LAM,0.7472,0.239347,1.288752e+01,NaN,NaN,NaN,NaN
12,backend,numeric,39,0.1000,1.0e-03,-1,LAM,0.7472,0.239347,1.420831e+01,NaN,NaN,NaN,NaN
12,backend,numeric,39,0.1000,1.0e-03,-1,LAM,0.7472,0.239347,1.566445e+01,NaN,NaN,NaN,NaN
12,backend,numeric,39,0.1000,1.0e-03,-1,LAM,0.7472,0.239347,1.726983e+01,NaN,NaN,NaN,NaN
12,backend,numeric,39,0.1000,1.0e-03,-1,LAM,0.7472,0.239347,1.903974e+01,NaN,NaN,NaN,NaN
12,backend,numeric,39,0.1000,1.0e-03,-1,LAM,0.7472,0.239347,2.099104e+01,NaN,NaN,NaN,NaN
12,backend,numeric,39,0.1000,1.0e-03,-1,LAM,0.7472,0.239347,2.314231e+01,NaN,NaN,NaN,NaN
12,backend,numeric,39,0.1000,1.0e-03,-1,LAM,0.7472,0.239347,2.551407e+01,NaN,NaN,NaN,NaN
12,backend,numeric,39,0.1000,1.0e-03,-1,LAM,0.7472,0.239347,2.812889e+01,NaN,NaN,NaN,NaN
12,backend,numeric,39,0.1000,1.0e-03,-1,LAM,0.7472,0.239347,3.101169e+01,NaN,NaN,NaN,NaN
12,backend,numeric,39,0.1000,1.0e-03,-1,LAM,0.7472,0.239347,3.418994e+01,NaN,NaN,NaN,NaN
12,backend,numeric,39,0.1000,1.0e-03,-1,LAM,0.7472,0.239347,3.769391e+01,NaN,NaN,NaN,NaN
12,backend,numeric,39,0.1000,1.0e-03,-1,LAM,0.7472,0.239347,4.155699e+01,NaN,NaN,NaN,NaN
12,backend,numeric,39,0.1000,1.0e-03,-1,LAM,0.7472,0.239347,4.581598e+01,NaN,NaN,NaN,NaN
12,backend,numeric,39,0.1000,1.0e-03,-1,LAM,0.7472,0.239347,5.051145e+01,NaN,NaN,NaN,NaN
12,backend,numeric,39,0.1000,1.0e-03,-1,LAM,0.7472,0.239347,5.568814e+01,NaN,NaN,NaN,NaN
12,backend,numeric,39,0.1000,1.0e-03,-1,LAM,0.7472,0.239347,6.139537e+01,NaN,NaN,NaN,NaN
12,backend,numeric,39,0.1000,1.0e-03,-1,LAM,0.7472,0.239347,6.768750e+01,NaN,NaN,NaN,NaN
12,backend,numeric,39,0.1000,1.0e-03,-1,LAM,0.7472,0.239347,7.462449e+01,NaN,NaN,NaN,NaN
12,backend,numeric,39,0.1000,1.0e-03,-1,LAM,0.7472,0.239347,8.227241e+01,NaN,NaN,NaN,NaN
12,backend,numeric,39,0.1000,1.0e-03,-1,LAM,0.7472,0.239347,9.070414e+01,NaN,NaN,NaN,NaN
12,backend,numeric,39,0.1000,1.0e-03,-1,LAM,0.7472,0.239347,1.000000e+02,NaN,NaN,NaN,NaN
13,backend,numeric,42,1.8000,1.0e-03,-1,SAM,0.7631,0.040638,0.000000e+00,1.03812990e-03,0.990849,72.6188,65.7381
13,backend,numeric,42,1.8000,1.0e-03,-1,SAM,0.7631,0.040638,1.000000e-03,1.45021071e-03,0.992957,83.7212,81.1327
13,backend,numeric,42,1.8000,1.0e-03,-1,SAM,0.7631,0.040638,1.102485e-03,1.48492259e-03,0.993125,84.4707,82.5417
13,backend,numeric,42,1.8000,1.0e-03,-1,SAM,0.7631,0.040638,1.215474e-03,1.52157218e-03,0.993308,85.2466,84.0707
13,backend,numeric,42,1.8000,1.0e-03,-1,SAM,0.7631,0.040638,1.340043e-03,1.55998569e-03,0.993509,86.0479,85.7302
13,backend,numeric,42,1.8000,1.0e-03,-1,SAM,0.7631,0.040638,1.477378e-03,1.59996575e-03,0.993730,86.8744,87.5316
13,backend,numeric,42,1.8000,1.0e-03,-1,SAM,0.7631,0.040638,1.628787e-03,1.64128188e-03,0.993971,87.7271,89.4876
13,backend,numeric,42,1.8000,1.0e-03,-1,SAM,0.7631,0.040638,1.795714e-03,1.68365096e-03,0.994235,88.6079,91.6124
13,backend,numeric,42,1.8000,1.0e-03,-1,SAM,0.7631,0.040638,1.979749e-03,1.72670945e-03,0.994521,89.5204,93.9219
13,backend,numeric,42,1.8000,1.0e-03,-1,SAM,0.7631,0.040638,2.182645e-03,1.76998456e-03,0.994830,90.4698,96.4339
13,backend,numeric,42,1.8000,1.0e-03,-1,SAM,0.7631,0.040638,2.406334e-03,1.81286856e-03,0.995162,91.4646,99.1688
13,backend,numeric,42,1.8000,1.0e-03,-1,SAM,0.7631,0.040638,2.652948e-03,1.85456729e-03,0.995516,92.5171,102.1506
13,backend,numeric,42,1.8000,1.0e-03,-1,SAM,0.7631,0.040638,2.924837e-03,1.89399270e-03,0.995891,93.6458,105.4077
13,backend,numeric,42,1.8000,1.0e-03,-1,SAM,0.7631,0.040638,3.224591e-03,1.92958925e-03,0.996284,94.8787,108.9740
13,backend,numeric,42,1.8000,1.0e-03,-1,SAM,0.7631,0.040638,3.555064e-03,1.95915607e-03,0.996693,96.2596,112.8915
13,backend,numeric,42,1.8000,1.0e-03,-1,SAM,0.7631,0.040638,3.919407e-03,1.97966981e-03,0.997112,97.8618,117.2141
13,backend,numeric,42,1.8000,1.0e-03,-1,SAM,0.7631,0.040638,4.321089e-03,1.98666986e-03,0.997533,99.8100,122.0138
13,backend,numeric,42,1.8000,1.0e-03,-1,SAM,0.7631,0.040638,4.763938e-03,1.97321565e-03,0.997946,102.3291,127.3955
13,backend,numeric,42,1.8000,1.0e-03,-1,SAM,0.7631,0.040638,5.252173e-03,1.92789406e-03,0.998337,105.8629,133.5277
13,backend,numeric,42,1.8000,1.0e-03,-1,SAM,0.7631,0.040638,5.790444e-03,1.83153059e-03,0.998672,111.3874,140.7150
13,backend,numeric,42,1.8000,1.0e-03,-1,SAM,0.7631,0.040638,6.383880e-03,1.65751147e-03,0.998824,121.0672,149.6222
13,backend,numeric,42,1.8000,1.0e-03,-1,SAM,0.7631,0.040638,7.038136e-03,1.35468198e-03,0.998060,137.5711,161.8172
13,backend,numeric,42,1.8000,1.0e-03,-1,SAM,0.7631,0.040638,7.759442e-03,8.86694388e-04,0.986599,156.2913,181.1831
13,backend,numeric,42,1.8000,1.0e-03,-1,SAM,0.7631,0.040638,8.554673e-03,9.56352799e-04,0.955668,155.9523,198.3846
13,backend,numeric,42,1.8000,1.0e-03,-1,SAM,0.7631,0.040638,9.431402e-03,1.07741309e-03,0.935186,153.6656,195.0501
13,backend,numeric,42,1.8000,1.0e-03,-1,SAM,0.7631,0.040638,1.039798e-02,1.16650304e-03,0.915934,152.5948,186.4221
13,backend,numeric,42,1.8000,1.0e-03,-1,SAM,0.7631,0.040638,1.146363e-02,1.24389922e-03,0.897749,151.8581,173.0363
13,backend,numeric,42,1.8000,1.0e-03,-1,SAM,0.7631,0.040638,1.263848e-02,1.31555790e-03,0.880528,150.9786,154.9702
13,backend,numeric,42,1.8000,1.0e-03,-1,SAM,0.7631,0.040638,1.393374e-02,1.38404153e-03,0.864340,149.5778,132.5540
13,backend,numeric,42,1.8000,1.0e-03,-1,SAM,0.7631,0.040638,1.536175e-02,1.45064692e-03,0.849418,147.6604,106.4726
13,backend,numeric,42,1.8000,1.0e-03,-1,SAM,0.7631,0.040638,1.693611e-02,1.51609457e-03,0.835902,145.9761,76.9975
13,backend,numeric,42,1.8000,1.0e-03,-1,SAM,0.7631,0.040638,1.867181e-02,1.58104735e-03,0.823585,145.5667,42.8996
13,backend,numeric,42,1.8000,1.0e-03,-1,SAM,0.7631,0.040638,2.058540e-02,1.64609474e-03,0.812036,146.0318,1.5086
13,backend,numeric,42,1.8000,1.0e-03,-1,SAM,0.7631,0.040638,2.269511e-02,1.71112239e-03,0.801524,144.7190,312.5022
13,backend,numeric,42,1.8000,1.0e-03,-1,SAM,0.7631,0.040638,2.502102e-02,1.77527371e-03,0.793267,141.5286,260.5488
13,backend,numeric,42,1.8000,1.0e-03,-1,SAM,0.7631,0.040638,2.758532e-02,1.83899833e-03,0.787292,140.7604,205.2113
13,backend,numeric,42,1.8000,1.0e-03,-1,SAM,0.7631,0.040638,3.041241e-02,1.90382637e-03,0.782475,140.7156,141.1568
13,backend,numeric,42,1.8000,1.0e-03,-1,SAM,0.7631,0.040638,3.352924e-02,1.96871800e-03,0.779915,138.3941,72.9043
13,backend,numeric,42,1.8000,1.0e-03,-1,SAM,0.7631,0.040638,3.696550e-02,2.03481402e-03,0.779393,138.9621,358.9294
13,backend,numeric,42,1.8000,1.0e-03,-1,SAM,0.7631,0.040638,4.075393e-02,2.10262851e-03,0.780965,135.6518,277.6156
13,backend,numeric,42,1.8000,1.0e-03,-1,SAM,0.7631,0.040638,4.493062e-02,2.17090185e-03,0.786546,134.2202,198.2287
13,backend,numeric,42,1.8000,1.0e-03,-1,SAM,0.7631,0.040638,4.953535e-02,2.24618932e-03,0.793762,132.8951,112.7897
13,backend,numeric,42,1.8000,1.0e-03,-1,SAM,0.7631,0.040638,5.461201e-02,2.32763269e-03,0.804431,131.5296,29.0780
13,backend,numeric,42,1.8000,1.0e-03,-1,SAM,0.7631,0.040638,6.020894e-02,2.42379969e-03,0.816544,129.2673,300.0516
13,backend,numeric,42,1.8000,1.0e-03,-1,SAM,0.7631,0.040638,6.637949e-02,2.52850648e-03,0.834102,124.5867,221.1270
13,backend,numeric,42,1.8000,1.0e-03,-1,SAM,0.7631,0.040638,7.318242e-02,2.66721195e-03,0.851989,124.7712,145.8473
13,backend,numeric,42,1.8000,1.0e-03,-1,SAM,0.7631,0.040638,8.068256e-02,2.83849125e-03,0.872230,118.7474,78.9479
13,backend,numeric,42,1.8000,1.0e-03,-1,SAM,0.7631,0.040638,8.895135e-02,3.06723348e-03,0.892690,118.8300,20.6862
13,backend,numeric,42,1.8000,1.0e-03,-1,SAM,0.7631,0.040638,9.806757e-02,3.40044775e-03,0.909972,115.2182,325.6108
13,backend,numeric,42,1.8000,1.0e-03,-1,SAM,0.7631,0.040638,1.081181e-01,3.74140800e-03,0.931070,101.5223,283.6230
13,backend,numeric,42,1.8000,1.0e-03,-1,SAM,0.7631,0.040638,1.191986e-01,3.76269925e-03,0.954539,84.5239,252.6121
13,backend,numeric,42,1.8000,1.0e-03,-1,SAM,0.7631,0.040638,1.314147e-01,5.04486787e-03,0.988631,90.0952,278.4182
13,backend,numeric,42,1.8000,1.0e-03,-1,SAM,0.7631,0.040638,1.448828e-01,4.40942868e-03,0.998247,124.4381,335.6761
13,backend,numeric,42,1.8000,1.0e-03,-1,SAM,0.7631,0.040638,1.597312e-01,3.74840463e-03,0.920986,145.1771,355.3865
13,backend,numeric,42,1.8000,1.0e-03,-1,SAM,0.7631,0.040638,1.761014e-01,4.77290076e-03,0.919801,131.3485,296.0143
13,backend,numeric,42,1.8000,1.0e-03,-1,SAM,0.7631,0.040638,1.941492e-01,5.99043939e-03,0.941429,115.3873,259.9574
13,backend,numeric,42,1.8000,1.0e-03,-1,SAM,0.7631,0.040638,2.140467e-01,7.66720342e-03,0.960345,96.9255,243.9828
13,backend,numeric,42,1.8000,1.0e-03,-1,SAM,0.7631,0.040638,2.359833e-01,8.13808917e-03,0.989917,108.9764,291.2710
13,backend,numeric,42,1.8000,1.0e-03,-1,SAM,0.7631,0.040638,2.601682e-01,6.94550226e-03,0.953575,123.1261,346.8752
13,backend,numeric,42,1.8000,1.0e-03,-1,SAM,0.7631,0.040638,2.868317e-01,1.06814071e-02,0.969827,96.7209,339.2618
13,backend,numeric,42,1.8000,1.0e-03,-1,SAM,0.7631,0.040638,3.162278e-01,6.15695471e-03,0.971622,138.9128,48.5262
13,backend,numeric,42,1.8000,1.0e-03,-1,SAM,0.7631,0.040638,3.486365e-01,1.42246093e-02,0.960308,123.9243,56.0369
13,backend,numeric,42,1.8000,1.0e-03,-1,SAM,0.7631,0.040638,3.843667e-01,1.81372734e-02,0.971600,125.0838,89.3192
13,backend,numeric,42,1.8000,1.0e-03,-1,SAM,0.7631,0.040638,4.237587e-01,1.62184455e-02,0.968298,125.3196,154.7048
13,backend,numeric,42,1.8000,1.0e-03,-1,SAM,0.7631,0.040638,4.671878e-01,1.27090145e-02,0.975046,120.5478,229.8502
13,backend,numeric,42,1.8000,1.0e-03,-1,SAM,0.7631,0.040638,5.150678e-01,8.82493164e-03,0.974992,113.0540,340.2856
13,backend,numeric,42,1.8000,1.0e-03,-1,SAM,0.7631,0.040638,5.678548e-01,1.04181761e-02,0.968393,115.0949,118.0309
13,backend,numeric,42,1.8000,1.0e-03,-1,SAM,0.7631,0.040638,6.260517e-01,7.86360427e-03,0.969910,114.4115,265.1487
13,backend,numeric,42,1.8000,1.0e-03,-1,SAM,0.7631,0.040638,6.902129e-01,8.94080333e-03,0.967921,112.4473,106.8945
13,backend,numeric,42,1.8000,1.0e-03,-1,SAM,0.7631,0.040638,7.609497e-01,7.16992403e-03,0.975383,111.3254,303.1163
13,backend,numeric,42,1.8000,1.0e-03,-1,SAM,0.7631,0.040638,8.389360e-01,7.83056342e-03,0.969661,116.2060,183.1036
13,backend,numeric,42,1.8000,1.0e-03,-1,SAM,0.7631,0.040638,9.249147e-01,8.39169213e-03,0.970044,112.7464,87.8887
13,backend,numeric,42,1.8000,1.0e-03,-1,SAM,0.7631,0.040638,1.019705e+00,5.61151215e-03,0.964210,115.8512,13.1691
13,backend,numeric,42,1.8000,1.0e-03,-1,SAM,0.7631,0.040638,1.124210e+00,6.61217529e-03,0.977424,114.7350,313.2216
13,backend,numeric,42,1.8000,1.0e-03,-1,SAM,0.7631,0.040638,1.239425e+00,7.15272178e-03,0.974933,111.8929,308.8133
13,backend,numeric,42,1.8000,1.0e-03,-1,SAM,0.7631,0.040638,1.366448e+00,6.57186023e-03,0.975922,113.2695,342.3877
13,backend,numeric,42,1.8000,1.0e-03,-1,SAM,0.7631,0.040638,1.506489e+00,5.86295660e-03,0.963921,116.3030,57.8958
13,backend,numeric,42,1.8000,1.0e-03,-1,SAM,0.7631,0.040638,1.660883e+00,8.75941954e-03,0.971525,114.5072,149.6387
13,backend,numeric,42,1.8000,1.0e-03,-1,SAM,0.7631,0.040638,1.831099e+00,7.05449788e-03,0.976652,111.8662,300.5049
13,backend,numeric,42,1.8000,1.0e-03,-1,SAM,0.7631,0.040638,2.018760e+00,7.55841360e-03,0.970204,115.8698,147.5565
13,backend,numeric,42,1.8000,1.0e-03,-1,SAM,0.7631,0.040638,2.225654e+00,7.31035848e-03,0.966370,110.9103,56.0950
13,backend,numeric,42,1.8000,1.0e-03,-1,SAM,0.7631,0.040638,2.453751e+00,5.36158590e-03,0.966315,118.2639,43.5543
13,backend,numeric,42,1.8000,1.0e-03,-1,SAM,0.7631,0.040638,2.705225e+00,7.89760376e-03,0.965162,111.2542,83.7775
13,backend,numeric,42,1.8000,1.0e-03,-1,SAM,0.7631,0.040638,2.982471e+00,7.76688808e-03,0.968418,115.4875,185.0811
13,backend,numeric,42,1.8000,1.0e-03,-1,SAM,0.7631,0.040638,3.288131e+00,6.10944429e-03,0.964911,113.9059,40.4392
13,backend,numeric,42,1.8000,1.0e-03,-1,SAM,0.7631,0.040638,3.625117e+00,6.84305002e-03,0.975516,111.1134,329.4756
13,backend,numeric,42,1.8000,1.0e-03,-1,SAM,0.7631,0.040638,3.996639e+00,6.30076094e-03,0.963638,113.0131,24.5275
13,backend,numeric,42,1.8000,1.0e-03,-1,SAM,0.7631,0.040638,4.406236e+00,7.92308202e-03,0.972317,114.0675,176.4205
13,backend,numeric,42,1.8000,1.0e-03,-1,SAM,0.7631,0.040638,4.857812e+00,8.45629164e-03,0.970868,113.9767,111.5686
13,backend,numeric,42,1.8000,1.0e-03,-1,SAM,0.7631,0.040638,5.355667e+00,7.85286236e-03,0.971847,113.9661,168.9445
13,backend,numeric,42,1.8000,1.0e-03,-1,SAM,0.7631,0.040638,5.904545e+00,7.22149229e-03,0.964390,110.8798,45.9270
13,backend,numeric,42,1.8000,1.0e-03,-1,SAM,0.7631,0.040638,6.509675e+00,7.28420984e-03,0.964051,112.4139,77.1498
13,backend,numeric,42,1.8000,1.0e-03,-1,SAM,0.7631,0.040638,7.176822e+00,7.81540555e-03,0.972035,111.2609,274.0993
13,backend,numeric,42,1.8000,1.0e-03,-1,SAM,0.7631,0.040638,7.912343e+00,4.94425601e-03,0.969671,120.4387,357.2732
13,backend,numeric,42,1.8000,1.0e-03,-1,SAM,0.7631,0.040638,8.723243e+00,7.51298350e-03,0.971444,111.3581,275.7828
13,backend,numeric,42,1.8000,1.0e-03,-1,SAM,0.7631,0.040638,9.617249e+00,8.85993919e-03,0.968301,112.4288,114.4440
13,backend,numeric,42,1.8000,1.0e-03,-1,SAM,0.7631,0.040638,1.060288e+01,7.66470141e-03,0.972142,115.9105,205.0143
13,backend,numeric,42,1.8000,1.0e-03,-1,SAM,0.7631,0.040638,1.168952e+01,7.46390016e-03,0.969679,113.5501,252.7780
13,backend,numeric,42,1.8000,1.0e-03,-1,SAM,0.7631,0.040638,1.288752e+01,7.64855751e-03,0.974963,111.1364,278.9589
13,backend,numeric,42,1.8000,1.0e-03,-1,SAM,0.7631,0.040638,1.420831e+01,6.86943715e-03,0.976165,113.1824,314.4803
13,backend,numeric,42,1.8000,1.0e-03,-1,SAM,0.7631,0.040638,1.566445e+01,6.47594270e-03,0.963261,114.2393,65.0058
13,backend,numeric,42,1.8000,1.0e-03,-1,SAM,0.7631,0.040638,1.726983e+01,7.18157471e-03,0.969520,115.0709,226.4908
13,backend,numeric,42,1.8000,1.0e-03,-1,SAM,0.7631,0.040638,1.903974e+01,7.57968884e-03,0.968748,115.5621,177.6984
13,backend,numeric,42,1.8000,1.0e-03,-1,SAM,0.7631,0.040638,2.099104e+01,5.87049037e-03,0.977526,117.6737,323.5401
13,backend,numeric,42,1.8000,1.0e-03,-1,SAM,0.7631,0.040638,2.314231e+01,5.21011851e-03,0.969801,118.9934,355.4952
13,backend,numeric,42,1.8000,1.0e-03,-1,SAM,0.7631,0.040638,2.551407e+01,6.89552347e-03,0.975722,111.1692,338.5147
13,backend,numeric,42,1.8000,1.0e-03,-1,SAM,0.7631,0.040638,2.812889e+01,6.33656908e-03,0.977267,115.7920,319.5713
13,backend,numeric,42,1.8000,1.0e-03,-1,SAM,0.7631,0.040638,3.101169e+01,7.89833399e-03,0.967388,110.5071,55.5518
13,backend,numeric,42,1.8000,1.0e-03,-1,SAM,0.7631,0.040638,3.418994e+01,7.16711266e-03,0.975707,112.3179,304.4614
13,backend,numeric,42,1.8000,1.0e-03,-1,SAM,0.7631,0.040638,3.769391e+01,8.85910632e-03,0.969809,113.0775,123.5129
13,backend,numeric,42,1.8000,1.0e-03,-1,SAM,0.7631,0.040638,4.155699e+01,7.24437821e-03,0.969345,111.6093,286.6108
13,backend,numeric,42,1.8000,1.0e-03,-1,SAM,0.7631,0.040638,4.581598e+01,7.84389305e-03,0.969099,114.6907,215.7665
13,backend,numeric,42,1.8000,1.0e-03,-1,SAM,0.7631,0.040638,5.051145e+01,5.18761962e-03,0.967274,119.3609,42.0077
13,backend,numeric,42,1.8000,1.0e-03,-1,SAM,0.7631,0.040638,5.568814e+01,7.60889984e-03,0.970824,116.0716,209.4383
13,backend,numeric,42,1.8000,1.0e-03,-1,SAM,0.7631,0.040638,6.139537e+01,7.27502333e-03,0.972317,115.2492,206.6607
13,backend,numeric,42,1.8000,1.0e-03,-1,SAM,0.7631,0.040638,6.768750e+01,8.35877555e-03,0.972041,115.4487,167.3406
13,backend,numeric,42,1.8000,1.0e-03,-1,SAM,0.7631,0.040638,7.462449e+01,7.30559269e-03,0.969765,112.2004,276.6861
13,backend,numeric,42,1.8000,1.0e-03,-1,SAM,0.7631,0.040638,8.227241e+01,5.86807733e-03,0.965244,114.7530,33.5806
13,backend,numeric,42,1.8000,1.0e-03,-1,SAM,0.7631,0.040638,9.070414e+01,6.03243259e-03,0.977001,114.9358,344.7802
13,backend,numeric,42,1.8000,1.0e-03,-1,SAM,0.7631,0.040638,1.000000e+02,7.37749324e-03,0.965293,110.2640,41.8129
14,backend,numeric,45,10.0000,1.0e-03,-1,LAM,0.6233,0.356599,0.000000e+00,1.37916690e-03,0.702714,46.9804,39.5926
14,backend,numeric,45,10.0000,1.0e-03,-1,LAM,0.6233,0.356599,1.000000e-03,1.31152647e-03,0.728083,47.3990,348.3360
14,backend,numeric,45,10.0000,1.0e-03,-1,LAM,0.6233,0.356599,1.102485e-03,1.30478713e-03,0.730667,47.3659,343.2550
14,backend,numeric,45,10.0000,1.0e-03,-1,LAM,0.6233,0.356599,1.215474e-03,1.29738953e-03,0.733513,47.3017,337.6767
14,backend,numeric,45,10.0000,1.0e-03,-1,LAM,0.6233,0.356599,1.340043e-03,1.28926926e-03,0.736648,47.1962,331.5488
14,backend,numeric,45,10.0000,1.0e-03,-1,LAM,0.6233,0.356599,1.477378e-03,1.28035467e-03,0.740102,47.0377,324.8106
14,backend,numeric,45,10.0000,1.0e-03,-1,LAM,0.6233,0.356599,1.628787e-03,1.27056571e-03,0.743911,46.8144,317.3916
14,backend,numeric,45,10.0000,1.0e-03,-1,LAM,0.6233,0.356599,1.795714e-03,1.25981348e-03,0.748112,46.5161,309.2092
14,backend,numeric,45,10.0000,1.0e-03,-1,LAM,0.6233,0.356599,1.979749e-03,1.24799556e-03,0.752746,46.1378,300.1671
14,backend,numeric,45,10.0000,1.0e-03,-1,LAM,0.6233,0.356599,2.182645e-03,1.23500055e-03,0.757863,45.6846,290.1558
14,backend,numeric,45,10.0000,1.0e-03,-1,LAM,0.6233,0.356599,2.406334e-03,1.22070256e-03,0.763517,45.1775,279.0561
14,backend,numeric,45,10.0000,1.0e-03,-1,LAM,0.6233,0.356599,2.652948e-03,1.20496826e-03,0.769763,44.6600,266.7493
14,backend,numeric,45,10.0000,1.0e-03,-1,LAM,0.6233,0.356599,2.924837e-03,1.18766033e-03,0.776664,44.1980,253.1368
14,backend,numeric,45,10.0000,1.0e-03,-1,LAM,0.6233,0.356599,3.224591e-03,1.16863770e-03,0.784281,43.8703,238.1669
14,backend,numeric,45,10.0000,1.0e-03,-1,LAM,0.6233,0.356599,3.555064e-03,1.14776026e-03,0.792674,43.7381,221.8576
14,backend,numeric,45,10.0000,1.0e-03,-1,LAM,0.6233,0.356599,3.919407e-03,1.12487406e-03,0.801901,43.7968,204.2901
14,backend,numeric,45,10.0000,1.0e-03,-1,LAM,0.6233,0.356599,4.321089e-03,1.09977474e-03,0.812024,43.9269,185.5471
14,backend,numeric,45,10.0000,1.0e-03,-1,LAM,0.6233,0.356599,4.763938e-03,1.07214978e-03,0.823135,43.8854,165.5985
14,backend,numeric,45,10.0000,1.0e-03,-1,LAM,0.6233,0.356599,5.252173e-03,1.04149002e-03,0.835390,43.3841,144.1891
14,backend,numeric,45,10.0000,1.0e-03,-1,LAM,0.6233,0.356599,5.790444e-03,1.00699102e-03,0.849047,42.2746,120.8022
14,backend,numeric,45,10.0000,1.0e-03,-1,LAM,0.6233,0.356599,6.383880e-03,9.67465488e-04,0.864463,40.7779,94.8236
14,backend,numeric,45,10.0000,1.0e-03,-1,LAM,0.6233,0.356599,7.038136e-03,9.21307298e-04,0.882017,39.5239,66.1065
14,backend,numeric,45,10.0000,1.0e-03,-1,LAM,0.6233,0.356599,7.759442e-03,8.65779581e-04,0.902031,38.9694,35.7162
14,backend,numeric,45,10.0000,1.0e-03,-1,LAM,0.6233,0.356599,8.554673e-03,7.94159948e-04,0.925056,38.3281,5.5501
14,backend,numeric,45,10.0000,1.0e-03,-1,LAM,0.6233,0.356599,9.431402e-03,6.78214068e-04,0.953068,34.6494,337.1198
14,backend,numeric,45,10.0000,1.0e-03,-1,LAM,0.6233,0.356599,1.039798e-02,8.18328621e-04,0.993712,43.1978,344.1113
14,backend,numeric,45,10.0000,1.0e-03,-1,LAM,0.6233,0.356599,1.146363e-02,1.46434775e-03,0.997826,70.5292,2.5131
14,backend,numeric,45,10.0000,1.0e-03,-1,LAM,0.6233,0.356599,1.263848e-02,2.03620427e-03,0.998358,81.8304,16.2352
14,backend,numeric,45,10.0000,1.0e-03,-1,LAM,0.6233,0.356599,1.393374e-02,2.46909568e-03,0.998894,88.5066,28.5908
14,backend,numeric,45,10.0000,1.0e-03,-1,LAM,0.6233,0.356599,1.536175e-02,2.75467988e-03,0.999356,94.2457,40.9250
14,backend,numeric,45,10.0000,1.0e-03,-1,LAM,0.6233,0.356599,1.693611e-02,2.84836563e-03,0.999681,101.0367,54.3143
14,backend,numeric,45,10.0000,1.0e-03,-1,LAM,0.6233,0.356599,1.867181e-02,2.61891661e-03,0.999860,113.3418,70.5940
14,backend,numeric,45,10.0000,1.0e-03,-1,LAM,0.6233,0.356599,2.058540e-02,1.73289404e-03,0.999720,145.4859,96.9375
14,backend,numeric,45,10.0000,1.0e-03,-1,LAM,0.6233,0.356599,2.269511e-02,8.25007034e-04,0.942889,165.3139,141.8553
14,backend,numeric,45,10.0000,1.0e-03,-1,LAM,0.6233,0.356599,2.502102e-02,1.00164838e-03,0.889218,160.7936,117.0949
14,backend,numeric,45,10.0000,1.0e-03,-1,LAM,0.6233,0.356599,2.758532e-02,1.11832386e-03,0.857951,157.1469,73.3434
14,backend,numeric,45,10.0000,1.0e-03,-1,LAM,0.6233,0.356599,3.041241e-02,1.21099158e-03,0.841825,156.3620,15.6457
14,backend,numeric,45,10.0000,1.0e-03,-1,LAM,0.6233,0.356599,3.352924e-02,1.28991142e-03,0.836859,154.0643,303.1584
14,backend,numeric,45,10.0000,1.0e-03,-1,LAM,0.6233,0.356599,3.696550e-02,1.36347093e-03,0.843284,149.9683,233.2253
14,backend,numeric,45,10.0000,1.0e-03,-1,LAM,0.6233,0.356599,4.075393e-02,1.44381595e-03,0.857154,149.8659,161.7632
14,backend,numeric,45,10.0000,1.0e-03,-1,LAM,0.6233,0.356599,4.493062e-02,1.54524799e-03,0.877326,144.5249,93.7606
14,backend,numeric,45,10.0000,1.0e-03,-1,LAM,0.6233,0.356599,4.953535e-02,1.69903689e-03,0.902988,140.3120,41.7165
14,backend,numeric,45,10.0000,1.0e-03,-1,LAM,0.6233,0.356599,5.461201e-02,1.96687701e-03,0.927120,137.6666,359.4845
14,backend,numeric,45,10.0000,1.0e-03,-1,LAM,0.6233,0.356599,6.020894e-02,2.48049177e-03,0.948488,128.5952,330.0115
14,backend,numeric,45,10.0000,1.0e-03,-1,LAM,0.6233,0.356599,6.637949e-02,3.70318286e-03,0.965449,110.4263,324.9553
14,backend,numeric,45,10.0000,1.0e-03,-1,LAM,0.6233,0.356599,7.318242e-02,2.84538700e-03,0.982791,124.5669,6.9549
14,backend,numeric,45,10.0000,1.0e-03,-1,LAM,0.6233,0.356599,8.068256e-02,3.12862299e-03,0.965353,117.8004,75.5343
14,backend,numeric,45,10.0000,1.0e-03,-1,LAM,0.6233,0.356599,8.895135e-02,2.45279572e-03,0.976874,121.4540,141.6041
14,backend,numeric,45,10.0000,1.0e-03,-1,LAM,0.6233,0.356599,9.806757e-02,2.62657452e-03,0.968965,114.1848,230.8037
14,backend,numeric,45,10.0000,1.0e-03,-1,LAM,0.6233,0.356599,1.081181e-01,1.89344921e-03,0.970324,116.0903,332.0796
14,backend,numeric,45,10.0000,1.0e-03,-1,LAM,0.6233,0.356599,1.191986e-01,2.13996307e-03,0.970210,113.7510,85.0621
14,backend,numeric,45,10.0000,1.0e-03,-1,LAM,0.6233,0.356599,1.314147e-01,2.03644662e-03,0.966491,113.3156,227.8547
14,backend,numeric,45,10.0000,1.0e-03,-1,LAM,0.6233,0.356599,1.448828e-01,1.79420811e-03,0.966009,113.7782,15.0610
14,backend,numeric,45,10.0000,1.0e-03,-1,LAM,0.6233,0.356599,1.597312e-01,1.79160677e-03,0.969267,114.7048,181.0995
14,backend,numeric,45,10.0000,1.0e-03,-1,LAM,0.6233,0.356599,1.761014e-01,1.69596818e-03,0.968479,115.6611,4.7777
14,backend,numeric,45,10.0000,1.0e-03,-1,LAM,0.6233,0.356599,1.941492e-01,1.85528921e-03,0.967183,114.1628,211.2569
14,backend,numeric,45,10.0000,1.0e-03,-1,LAM,0.6233,0.356599,2.140467e-01,2.10547885e-03,0.968947,111.9127,66.7102
14,backend,numeric,45,10.0000,1.0e-03,-1,LAM,0.6233,0.356599,2.359833e-01,1.95749737e-03,0.974024,113.8463,319.1703
14,backend,numeric,45,10.0000,1.0e-03,-1,LAM,0.6233,0.356599,2.601682e-01,1.94521170e-03,0.967022,113.2766,238.0704
14,backend,numeric,45,10.0000,1.0e-03,-1,LAM,0.6233,0.356599,2.868317e-01,1.82030130e-03,0.972006,114.6649,172.2781
14,backend,numeric,45,10.0000,1.0e-03,-1,LAM,0.6233,0.356599,3.162278e-01,2.00072679e-03,0.972688,113.8373,140.1007
14,backend,numeric,45,10.0000,1.0e-03,-1,LAM,0.6233,0.356599,3.486365e-01,2.00848948e-03,0.972744,113.8727,144.6239
14,backend,numeric,45,10.0000,1.0e-03,-1,LAM,0.6233,0.356599,3.843667e-01,1.81304440e-03,0.972012,114.8716,188.3539
14,backend,numeric,45,10.0000,1.0e-03,-1,LAM,0.6233,0.356599,4.237587e-01,2.04193794e-03,0.967551,112.1925,271.1005
14,backend,numeric,45,10.0000,1.0e-03,-1,LAM,0.6233,0.356599,4.671878e-01,1.64435710e-03,0.968928,116.3395,33.2848
14,backend,numeric,45,10.0000,1.0e-03,-1,LAM,0.6233,0.356599,5.150678e-01,1.81710871e-03,0.971561,115.4232,198.0984
14,backend,numeric,45,10.0000,1.0e-03,-1,LAM,0.6233,0.356599,5.678548e-01,1.91749442e-03,0.965374,112.8067,70.1147
14,backend,numeric,45,10.0000,1.0e-03,-1,LAM,0.6233,0.356599,6.260517e-01,1.77787852e-03,0.974242,114.3725,350.5804
14,backend,numeric,45,10.0000,1.0e-03,-1,LAM,0.6233,0.356599,6.902129e-01,1.70312542e-03,0.973492,115.0560,353.2935
14,backend,numeric,45,10.0000,1.0e-03,-1,LAM,0.6233,0.356599,7.609497e-01,2.14806521e-03,0.967674,111.4262,79.9338
14,backend,numeric,45,10.0000,1.0e-03,-1,LAM,0.6233,0.356599,8.389360e-01,2.08263179e-03,0.968619,112.4407,229.4867
14,backend,numeric,45,10.0000,1.0e-03,-1,LAM,0.6233,0.356599,9.249147e-01,2.04935952e-03,0.973081,114.3502,113.9811
14,backend,numeric,45,10.0000,1.0e-03,-1,LAM,0.6233,0.356599,1.019705e+00,2.15267017e-03,0.971505,112.7276,81.9173
14,backend,numeric,45,10.0000,1.0e-03,-1,LAM,0.6233,0.356599,1.124210e+00,1.76953028e-03,0.970269,115.2446,166.9005
14,backend,numeric,45,10.0000,1.0e-03,-1,LAM,0.6233,0.356599,1.239425e+00,1.78019455e-03,0.966905,114.1775,25.0231
14,backend,numeric,45,10.0000,1.0e-03,-1,LAM,0.6233,0.356599,1.366448e+00,1.68510001e-03,0.970485,116.4026,17.1143
14,backend,numeric,45,10.0000,1.0e-03,-1,LAM,0.6233,0.356599,1.506489e+00,2.19988046e-03,0.971383,113.1580,127.4669
14,backend,numeric,45,10.0000,1.0e-03,-1,LAM,0.6233,0.356599,1.660883e+00,1.81036714e-03,0.965396,113.6864,57.1265
14,backend,numeric,45,10.0000,1.0e-03,-1,LAM,0.6233,0.356599,1.831099e+00,1.84720047e-03,0.969900,115.8379,171.1862
14,backend,numeric,45,10.0000,1.0e-03,-1,LAM,0.6233,0.356599,2.018760e+00,2.09485297e-03,0.972579,113.4858,96.5922
14,backend,numeric,45,10.0000,1.0e-03,-1,LAM,0.6233,0.356599,2.225654e+00,2.10024274e-03,0.968359,111.9568,257.4495
14,backend,numeric,45,10.0000,1.0e-03,-1,LAM,0.6233,0.356599,2.453751e+00,2.12112217e-03,0.969568,111.5019,292.1827
14,backend,numeric,45,10.0000,1.0e-03,-1,LAM,0.6233,0.356599,2.705225e+00,1.88740207e-03,0.968154,114.4679,212.8998
14,backend,numeric,45,10.0000,1.0e-03,-1,LAM,0.6233,0.356599,2.982471e+00,2.16772913e-03,0.971391,112.6190,82.2144
14,backend,numeric,45,10.0000,1.0e-03,-1,LAM,0.6233,0.356599,3.288131e+00,2.09862327e-03,0.968492,111.8046,269.2666
14,backend,numeric,45,10.0000,1.0e-03,-1,LAM,0.6233,0.356599,3.625117e+00,1.88626299e-03,0.965310,113.0280,66.1017
14,backend,numeric,45,10.0000,1.0e-03,-1,LAM,0.6233,0.356599,3.996639e+00,2.13330109e-03,0.971913,112.2582,262.0859
14,backend,numeric,45,10.0000,1.0e-03,-1,LAM,0.6233,0.356599,4.406236e+00,1.90646647e-03,0.972880,114.4265,172.0499
14,backend,numeric,45,10.0000,1.0e-03,-1,LAM,0.6233,0.356599,4.857812e+00,1.87823170e-03,0.968036,114.7582,187.2318
14,backend,numeric,45,10.0000,1.0e-03,-1,LAM,0.6233,0.356599,5.355667e+00,1.78347993e-03,0.973357,115.7025,356.7757
14,backend,numeric,45,10.0000,1.0e-03,-1,LAM,0.6233,0.356599,5.904545e+00,1.77216933e-03,0.965568,113.8299,22.3906
14,backend,numeric,45,10.0000,1.0e-03,-1,LAM,0.6233,0.356599,6.509675e+00,2.11125555e-03,0.969678,111.6137,290.6744
14,backend,numeric,45,10.0000,1.0e-03,-1,LAM,0.6233,0.356599,7.176822e+00,1.78396027e-03,0.968445,114.9354,192.6394
14,backend,numeric,45,10.0000,1.0e-03,-1,LAM,0.6233,0.356599,7.912343e+00,1.83664760e-03,0.970989,115.9511,153.1847
14,backend,numeric,45,10.0000,1.0e-03,-1,LAM,0.6233,0.356599,8.723243e+00,1.88863398e-03,0.968185,114.5268,209.3639
14,backend,numeric,45,10.0000,1.0e-03,-1,LAM,0.6233,0.356599,9.617249e+00,2.21895948e-03,0.971112,112.8084,124.2560
14,backend,numeric,45,10.0000,1.0e-03,-1,LAM,0.6233,0.356599,1.060288e+01,1.83506640e-03,0.974453,113.8344,345.4100
14,backend,numeric,45,10.0000,1.0e-03,-1,LAM,0.6233,0.356599,1.168952e+01,2.07514493e-03,0.969337,112.0628,260.6726
14,backend,numeric,45,10.0000,1.0e-03,-1,LAM,0.6233,0.356599,1.288752e+01,1.64954526e-03,0.966988,115.3721,10.1554
14,backend,numeric,45,10.0000,1.0e-03,-1,LAM,0.6233,0.356599,1.420831e+01,1.69720536e-03,0.968954,115.7622,4.4183
14,backend,numeric,45,10.0000,1.0e-03,-1,LAM,0.6233,0.356599,1.566445e+01,2.15590035e-03,0.967511,111.5603,90.9391
14,backend,numeric,45,10.0000,1.0e-03,-1,LAM,0.6233,0.356599,1.726983e+01,1.99492523e-03,0.966948,111.9945,53.3051
14,backend,numeric,45,10.0000,1.0e-03,-1,LAM,0.6233,0.356599,1.903974e+01,2.08599492e-03,0.967449,111.3803,44.5682
14,backend,numeric,45,10.0000,1.0e-03,-1,LAM,0.6233,0.356599,2.099104e+01,2.08824565e-03,0.972940,112.4536,272.4488
14,backend,numeric,45,10.0000,1.0e-03,-1,LAM,0.6233,0.356599,2.314231e+01,1.92443167e-03,0.966914,113.6813,213.1498
14,backend,numeric,45,10.0000,1.0e-03,-1,LAM,0.6233,0.356599,2.551407e+01,2.20799442e-03,0.968924,112.0910,104.5263
14,backend,numeric,45,10.0000,1.0e-03,-1,LAM,0.6233,0.356599,2.812889e+01,1.79669884e-03,0.968085,114.8920,188.7986
14,backend,numeric,45,10.0000,1.0e-03,-1,LAM,0.6233,0.356599,3.101169e+01,2.05910359e-03,0.966885,111.4116,41.0609
14,backend,numeric,45,10.0000,1.0e-03,-1,LAM,0.6233,0.356599,3.418994e+01,2.01674673e-03,0.973756,113.1961,304.2690
14,backend,numeric,45,10.0000,1.0e-03,-1,LAM,0.6233,0.356599,3.769391e+01,2.05764670e-03,0.968783,112.2356,252.6442
14,backend,numeric,45,10.0000,1.0e-03,-1,LAM,0.6233,0.356599,4.155699e+01,2.03272671e-03,0.967962,112.3235,265.3416
14,backend,numeric,45,10.0000,1.0e-03,-1,LAM,0.6233,0.356599,4.581598e+01,1.94628462e-03,0.965583,112.2242,49.1401
14,backend,numeric,45,10.0000,1.0e-03,-1,LAM,0.6233,0.356599,5.051145e+01,1.85958090e-03,0.974600,114.0902,350.2296
14,backend,numeric,45,10.0000,1.0e-03,-1,LAM,0.6233,0.356599,5.568814e+01,2.07296495e-03,0.971378,111.9570,283.9994
14,backend,numeric,45,10.0000,1.0e-03,-1,LAM,0.6233,0.356599,6.139537e+01,1.98124860e-03,0.966284,112.2507,66.0920
14,backend,numeric,45,10.0000,1.0e-03,-1,LAM,0.6233,0.356599,6.768750e+01,1.93402084e-03,0.967797,113.6432,226.5896
14,backend,numeric,45,10.0000,1.0e-03,-1,LAM,0.6233,0.356599,7.462449e+01,1.88857928e-03,0.965312,113.0086,66.3261
14,backend,numeric,45,10.0000,1.0e-03,-1,LAM,0.6233,0.356599,8.227241e+01,2.10281288e-03,0.972188,112.0600,299.8032
14,backend,numeric,45,10.0000,1.0e-03,-1,LAM,0.6233,0.356599,9.070414e+01,2.08202264e-03,0.970865,111.9569,275.6031
14,backend,numeric,45,10.0000,1.0e-03,-1,LAM,0.6233,0.356599,1.000000e+02,NaN,NaN,NaN,NaN
