case_id,block,backend,ic_id,J,mu_over_J,sigma,band0,band_frac0,d_sep0,t_yr,omega_e,Id_over_Is,beta_deg,alpha_deg
1,backend,numeric,3,10.0000,1.0e-03,-1,SAM,0.5086,0.027086,0.000000e+00,1.20056181e-03,0.981020,30.2245,194.5294
1,backend,numeric,3,10.0000,1.0e-03,-1,SAM,0.5086,0.027086,1.000000e-03,1.74939609e-03,0.996221,47.2896,204.2610
1,backend,numeric,3,10.0000,1.0e-03,-1,SAM,0.5086,0.027086,1.102485e-03,1.81359435e-03,0.996629,49.1991,205.1967
1,backend,numeric,3,10.0000,1.0e-03,-1,SAM,0.5086,0.027086,1.215474e-03,1.88418316e-03,0.996990,51.2487,206.2044
1,backend,numeric,3,10.0000,1.0e-03,-1,SAM,0.5086,0.027086,1.340043e-03,1.96181203e-03,0.997302,53.4244,207.2876
1,backend,numeric,3,10.0000,1.0e-03,-1,SAM,0.5086,0.027086,1.477378e-03,2.04718277e-03,0.997569,55.7025,208.4493
1,backend,numeric,3,10.0000,1.0e-03,-1,SAM,0.5086,0.027086,1.628787e-03,2.14102679e-03,0.997795,58.0516,209.6919
1,backend,numeric,3,10.0000,1.0e-03,-1,SAM,0.5086,0.027086,1.795714e-03,2.24408629e-03,0.997984,60.4352,211.0173
1,backend,numeric,3,10.0000,1.0e-03,-1,SAM,0.5086,0.027086,1.979749e-03,2.35708456e-03,0.998142,62.8158,212.4276
1,backend,numeric,3,10.0000,1.0e-03,-1,SAM,0.5086,0.027086,2.182645e-03,2.48059449e-03,0.998276,65.1565,213.9253
1,backend,numeric,3,10.0000,1.0e-03,-1,SAM,0.5086,0.027086,2.406334e-03,2.61500972e-03,0.998392,67.4253,215.5128
1,backend,numeric,3,10.0000,1.0e-03,-1,SAM,0.5086,0.027086,2.652948e-03,2.76047769e-03,0.998496,69.5962,217.1940
1,backend,numeric,3,10.0000,1.0e-03,-1,SAM,0.5086,0.027086,2.924837e-03,2.91662842e-03,0.998594,71.6503,218.9743
1,backend,numeric,3,10.0000,1.0e-03,-1,SAM,0.5086,0.027086,3.224591e-03,3.08261850e-03,0.998691,73.5763,220.8615
1,backend,numeric,3,10.0000,1.0e-03,-1,SAM,0.5086,0.027086,3.555064e-03,3.25773281e-03,0.998789,75.3733,222.8632
1,backend,numeric,3,10.0000,1.0e-03,-1,SAM,0.5086,0.027086,3.919407e-03,3.44164301e-03,0.998890,77.0473,224.9864
1,backend,numeric,3,10.0000,1.0e-03,-1,SAM,0.5086,0.027086,4.321089e-03,3.63419381e-03,0.998994,78.6067,227.2385
1,backend,numeric,3,10.0000,1.0e-03,-1,SAM,0.5086,0.027086,4.763938e-03,3.83530076e-03,0.999100,80.0600,229.6276
1,backend,numeric,3,10.0000,1.0e-03,-1,SAM,0.5086,0.027086,5.252173e-03,4.04494785e-03,0.999206,81.4156,232.1619
1,backend,numeric,3,10.0000,1.0e-03,-1,SAM,0.5086,0.027086,5.790444e-03,4.26304128e-03,0.999311,82.6801,234.8504
1,backend,numeric,3,10.0000,1.0e-03,-1,SAM,0.5086,0.027086,6.383880e-03,4.48956080e-03,0.999413,83.8594,237.7023
1,backend,numeric,3,10.0000,1.0e-03,-1,SAM,0.5086,0.027086,7.038136e-03,4.72439177e-03,0.999509,84.9577,240.7275
1,backend,numeric,3,10.0000,1.0e-03,-1,SAM,0.5086,0.027086,7.759442e-03,4.96729557e-03,0.999599,85.9776,243.9374
1,backend,numeric,3,10.0000,1.0e-03,-1,SAM,0.5086,0.027086,8.554673e-03,5.21827791e-03,0.999681,86.9226,247.3428
1,backend,numeric,3,10.0000,1.0e-03,-1,SAM,0.5086,0.027086,9.431402e-03,5.47756362e-03,0.999753,87.7957,250.9543
1,backend,numeric,3,10.0000,1.0e-03,-1,SAM,0.5086,0.027086,1.039798e-02,5.74550509e-03,0.999814,88.5994,254.7831
1,backend,numeric,3,10.0000,1.0e-03,-1,SAM,0.5086,0.027086,1.146363e-02,6.02260763e-03,0.999865,89.3359,258.8402
1,backend,numeric,3,10.0000,1.0e-03,-1,SAM,0.5086,0.027086,1.263848e-02,6.30957473e-03,0.999905,90.0080,263.1372
1,backend,numeric,3,10.0000,1.0e-03,-1,SAM,0.5086,0.027086,1.393374e-02,6.60731656e-03,0.999936,90.6194,267.6868
1,backend,numeric,3,10.0000,1.0e-03,-1,SAM,0.5086,0.027086,1.536175e-02,6.91674135e-03,0.999958,91.1762,272.4994
1,backend,numeric,3,10.0000,1.0e-03,-1,SAM,0.5086,0.027086,1.693611e-02,7.23869371e-03,0.999974,91.6883,277.5856
1,backend,numeric,3,10.0000,1.0e-03,-1,SAM,0.5086,0.027086,1.867181e-02,7.57374015e-03,0.999985,92.1720,282.9558
1,backend,numeric,3,10.0000,1.0e-03,-1,SAM,0.5086,0.027086,2.058540e-02,7.92174852e-03,0.999991,92.6530,288.6215
1,backend,numeric,3,10.0000,1.0e-03,-1,SAM,0.5086,0.027086,2.269511e-02,8.28099480e-03,0.999995,93.1700,294.5965
1,backend,numeric,3,10.0000,1.0e-03,-1,SAM,0.5086,0.027086,2.502102e-02,8.64652847e-03,0.999998,93.7809,300.8982
1,backend,numeric,3,10.0000,1.0e-03,-1,SAM,0.5086,0.027086,2.758532e-02,9.00744763e-03,0.999999,94.5715,307.5526
1,backend,numeric,3,10.0000,1.0e-03,-1,SAM,0.5086,0.027086,3.041241e-02,9.34237011e-03,1.000000,95.6739,314.6014
1,backend,numeric,3,10.0000,1.0e-03,-1,SAM,0.5086,0.027086,3.352924e-02,9.61177078e-03,1.000000,97.3076,322.1154
1,backend,numeric,3,10.0000,1.0e-03,-1,SAM,0.5086,0.027086,3.696550e-02,9.74458552e-03,1.000000,99.8834,330.2271
1,backend,numeric,3,10.0000,1.0e-03,-1,SAM,0.5086,0.027086,4.075393e-02,9.59943923e-03,1.000000,104.3441,339.2009
1,backend,numeric,3,10.0000,1.0e-03,-1,SAM,0.5086,0.027086,4.493062e-02,8.88736770e-03,1.000000,113.4782,349.6933
1,backend,numeric,3,10.0000,1.0e-03,-1,SAM,0.5086,0.027086,4.953535e-02,7.08007847e-03,1.000000,135.2653,4.1993
1,backend,numeric,3,10.0000,1.0e-03,-1,SAM,0.5086,0.027086,5.461201e-02,2.33825461e-03,1.000000,168.4975,36.6051
1,backend,numeric,3,10.0000,1.0e-03,-1,SAM,0.5086,0.027086,6.020894e-02,2.74484233e-04,0.569126,172.5861,201.6862
1,backend,numeric,3,10.0000,1.0e-03,-1,SAM,0.5086,0.027086,6.637949e-02,4.00728026e-04,0.346213,168.1956,344.2368
1,backend,numeric,3,10.0000,1.0e-03,-1,SAM,0.5086,0.027086,7.318242e-02,4.44590201e-04,0.289248,151.6829,25.8200
1,backend,numeric,3,10.0000,1.0e-03,-1,SAM,0.5086,0.027086,8.068256e-02,4.61083703e-04,0.281767,121.8381,259.7793
1,backend,numeric,3,10.0000,1.0e-03,-1,SAM,0.5086,0.027086,8.895135e-02,3.86790818e-04,0.297296,99.4188,269.5650
1,backend,numeric,3,10.0000,1.0e-03,-1,SAM,0.5086,0.027086,9.806757e-02,2.93352595e-04,0.409490,92.0138,227.8878
1,backend,numeric,3,10.0000,1.0e-03,-1,SAM,0.5086,0.027086,1.081181e-01,2.64301530e-04,0.592202,83.8763,303.2161
1,backend,numeric,3,10.0000,1.0e-03,-1,SAM,0.5086,0.027086,1.191986e-01,1.31606801e-04,0.855627,54.7775,107.0052
1,backend,numeric,3,10.0000,1.0e-03,-1,SAM,0.5086,0.027086,1.314147e-01,4.81978478e-04,0.581156,140.5889,75.7275
1,backend,numeric,3,10.0000,1.0e-03,-1,SAM,0.5086,0.027086,1.448828e-01,6.41678134e-04,0.492654,127.1354,342.7798
1,backend,numeric,3,10.0000,1.0e-03,-1,SAM,0.5086,0.027086,1.597312e-01,7.30740549e-04,0.515354,115.9022,11.2100
1,backend,numeric,3,10.0000,1.0e-03,-1,SAM,0.5086,0.027086,1.761014e-01,8.09517665e-04,0.587930,107.2669,313.3161
1,backend,numeric,3,10.0000,1.0e-03,-1,SAM,0.5086,0.027086,1.941492e-01,8.63677340e-04,0.701871,97.5872,267.0402
1,backend,numeric,3,10.0000,1.0e-03,-1,SAM,0.5086,0.027086,2.140467e-01,8.07131224e-04,0.853015,82.6722,101.5507
1,backend,numeric,3,10.0000,1.0e-03,-1,SAM,0.5086,0.027086,2.359833e-01,1.08989638e-03,0.866774,153.8908,232.5245
1,backend,numeric,3,10.0000,1.0e-03,-1,SAM,0.5086,0.027086,2.601682e-01,1.91176558e-03,0.926995,134.8337,209.4006
1,backend,numeric,3,10.0000,1.0e-03,-1,SAM,0.5086,0.027086,2.868317e-01,2.96135413e-03,0.967324,114.6017,310.0023
1,backend,numeric,3,10.0000,1.0e-03,-1,SAM,0.5086,0.027086,3.162278e-01,2.10525637e-03,0.967805,113.4189,237.4318
1,backend,numeric,3,10.0000,1.0e-03,-1,SAM,0.5086,0.027086,3.486365e-01,1.82953480e-03,0.966741,114.6416,236.8052
1,backend,numeric,3,10.0000,1.0e-03,-1,SAM,0.5086,0.027086,3.843667e-01,2.06102231e-03,0.967784,112.0717,274.4041
1,backend,numeric,3,10.0000,1.0e-03,-1,SAM,0.5086,0.027086,4.237587e-01,1.87826652e-03,0.974380,114.3469,348.8363
1,backend,numeric,3,10.0000,1.0e-03,-1,SAM,0.5086,0.027086,4.671878e-01,2.20579300e-03,0.969743,112.4653,108.4057
1,backend,numeric,3,10.0000,1.0e-03,-1,SAM,0.5086,0.027086,5.150678e-01,2.08192306e-03,0.968577,111.8720,279.0801
1,backend,numeric,3,10.0000,1.0e-03,-1,SAM,0.5086,0.027086,5.678548e-01,2.14798292e-03,0.972557,113.7934,143.4774
1,backend,numeric,3,10.0000,1.0e-03,-1,SAM,0.5086,0.027086,6.260517e-01,2.04629581e-03,0.966041,111.8992,80.0047
1,backend,numeric,3,10.0000,1.0e-03,-1,SAM,0.5086,0.027086,6.902129e-01,2.10208681e-03,0.966743,111.5766,81.5174
1,backend,numeric,3,10.0000,1.0e-03,-1,SAM,0.5086,0.027086,7.609497e-01,1.95808739e-03,0.972458,115.6206,154.5662
1,backend,numeric,3,10.0000,1.0e-03,-1,SAM,0.5086,0.027086,8.389360e-01,1.85224670e-03,0.974440,113.5759,310.6868
1,backend,numeric,3,10.0000,1.0e-03,-1,SAM,0.5086,0.027086,9.249147e-01,1.93807470e-03,0.967282,113.8250,195.2853
1,backend,numeric,3,10.0000,1.0e-03,-1,SAM,0.5086,0.027086,1.019705e+00,1.78353434e-03,0.969289,115.4644,166.4950
1,backend,numeric,3,10.0000,1.0e-03,-1,SAM,0.5086,0.027086,1.124210e+00,2.14741471e-03,0.969109,111.9496,248.8586
1,backend,numeric,3,10.0000,1.0e-03,-1,SAM,0.5086,0.027086,1.239425e+00,2.10824170e-03,0.971351,112.9699,98.0249
1,backend,numeric,3,10.0000,1.0e-03,-1,SAM,0.5086,0.027086,1.366448e+00,2.15625372e-03,0.969177,112.1794,91.9222
1,backend,numeric,3,10.0000,1.0e-03,-1,SAM,0.5086,0.027086,1.506489e+00,1.78286901e-03,0.970304,115.4249,210.4911
1,backend,numeric,3,10.0000,1.0e-03,-1,SAM,0.5086,0.027086,1.660883e+00,2.18405618e-03,0.971977,113.3268,130.7312
1,backend,numeric,3,10.0000,1.0e-03,-1,SAM,0.5086,0.027086,1.831099e+00,2.11125678e-03,0.969936,112.1849,246.2848
1,backend,numeric,3,10.0000,1.0e-03,-1,SAM,0.5086,0.027086,2.018760e+00,1.83097986e-03,0.967700,114.7841,182.1814
1,backend,numeric,3,10.0000,1.0e-03,-1,SAM,0.5086,0.027086,2.225654e+00,1.82543017e-03,0.973579,115.3091,334.3623
1,backend,numeric,3,10.0000,1.0e-03,-1,SAM,0.5086,0.027086,2.453751e+00,1.69123499e-03,0.972397,116.3509,14.2188
1,backend,numeric,3,10.0000,1.0e-03,-1,SAM,0.5086,0.027086,2.705225e+00,2.05495437e-03,0.972027,112.0478,288.5075
1,backend,numeric,3,10.0000,1.0e-03,-1,SAM,0.5086,0.027086,2.982471e+00,1.79442085e-03,0.969318,115.5514,165.2469
1,backend,numeric,3,10.0000,1.0e-03,-1,SAM,0.5086,0.027086,3.288131e+00,1.80400757e-03,0.973327,115.5392,346.5499
1,backend,numeric,3,10.0000,1.0e-03,-1,SAM,0.5086,0.027086,3.625117e+00,2.16004321e-03,0.972431,113.6918,139.3581
1,backend,numeric,3,10.0000,1.0e-03,-1,SAM,0.5086,0.027086,3.996639e+00,1.62223768e-03,0.969302,116.1721,349.4426
1,backend,numeric,3,10.0000,1.0e-03,-1,SAM,0.5086,0.027086,4.406236e+00,1.97254186e-03,0.967018,112.8738,260.0030
1,backend,numeric,3,10.0000,1.0e-03,-1,SAM,0.5086,0.027086,4.857812e+00,2.10029678e-03,0.971609,112.2214,262.1626
1,backend,numeric,3,10.0000,1.0e-03,-1,SAM,0.5086,0.027086,5.355667e+00,2.08539259e-03,0.967570,111.8252,74.9510
1,backend,numeric,3,10.0000,1.0e-03,-1,SAM,0.5086,0.027086,5.904545e+00,2.15826915e-03,0.972055,113.0929,96.7268
1,backend,numeric,3,10.0000,1.0e-03,-1,SAM,0.5086,0.027086,6.509675e+00,1.68134383e-03,0.972696,116.1778,14.3996
1,backend,numeric,3,10.0000,1.0e-03,-1,SAM,0.5086,0.027086,7.176822e+00,2.14677589e-03,0.970815,111.8262,271.9311
1,backend,numeric,3,10.0000,1.0e-03,-1,SAM,0.5086,0.027086,7.912343e+00,2.12069051e-03,0.968931,112.3671,230.1653
1,backend,numeric,3,10.0000,1.0e-03,-1,SAM,0.5086,0.027086,8.723243e+00,2.05808310e-03,0.971967,112.0620,284.8183
1,backend,numeric,3,10.0000,1.0e-03,-1,SAM,0.5086,0.027086,9.617249e+00,1.82223946e-03,0.970055,115.6175,203.5302
1,backend,numeric,3,10.0000,1.0e-03,-1,SAM,0.5086,0.027086,1.060288e+01,1.98962886e-03,0.965636,112.2530,75.6587
1,backend,numeric,3,10.0000,1.0e-03,-1,SAM,0.5086,0.027086,1.168952e+01,1.75636057e-03,0.974060,114.4412,344.9272
1,backend,numeric,3,10.0000,1.0e-03,-1,SAM,0.5086,0.027086,1.288752e+01,2.19412869e-03,0.970834,112.3104,86.4644
1,backend,numeric,3,10.0000,1.0e-03,-1,SAM,0.5086,0.027086,1.420831e+01,2.12657948e-03,0.970120,112.2931,78.0446
1,backend,numeric,3,10.0000,1.0e-03,-1,SAM,0.5086,0.027086,1.566445e+01,1.97203397e-03,0.972775,115.4095,165.6691
1,backend,numeric,3,10.0000,1.0e-03,-1,SAM,0.5086,0.027086,1.726983e+01,2.00738344e-03,0.972579,113.7534,129.7979
1,backend,numeric,3,10.0000,1.0e-03,-1,SAM,0.5086,0.027086,1.903974e+01,1.93516291e-03,0.973010,114.6499,122.8697
1,backend,numeric,3,10.0000,1.0e-03,-1,SAM,0.5086,0.027086,2.099104e+01,1.65976354e-03,0.967195,115.3429,1.5755
1,backend,numeric,3,10.0000,1.0e-03,-1,SAM,0.5086,0.027086,2.314231e+01,2.07460102e-03,0.973245,112.6343,289.1592
1,backend,numeric,3,10.0000,1.0e-03,-1,SAM,0.5086,0.027086,2.551407e+01,1.88897749e-03,0.972668,115.1046,183.3952
1,backend,numeric,3,10.0000,1.0e-03,-1,SAM,0.5086,0.027086,2.812889e+01,2.15342673e-03,0.971104,111.9319,267.0786
1,backend,numeric,3,10.0000,1.0e-03,-1,SAM,0.5086,0.027086,3.101169e+01,1.97147487e-03,0.973124,114.5589,118.0852
1,backend,numeric,3,10.0000,1.0e-03,-1,SAM,0.5086,0.027086,3.418994e+01,1.84151173e-03,0.966452,113.2067,26.2503
1,backend,numeric,3,10.0000,1.0e-03,-1,SAM,0.5086,0.027086,3.769391e+01,1.81882368e-03,0.974315,113.7664,334.8798
1,backend,numeric,3,10.0000,1.0e-03,-1,SAM,0.5086,0.027086,4.155699e+01,1.87224605e-03,0.974539,113.6636,345.3150
1,backend,numeric,3,10.0000,1.0e-03,-1,SAM,0.5086,0.027086,4.581598e+01,2.09832949e-03,0.972749,114.1704,122.5864
1,backend,numeric,3,10.0000,1.0e-03,-1,SAM,0.5086,0.027086,5.051145e+01,2.00915356e-03,0.965895,112.1473,76.5826
1,backend,numeric,3,10.0000,1.0e-03,-1,SAM,0.5086,0.027086,5.568814e+01,NaN,NaN,NaN,NaN
1,backend,numeric,3,10.0000,1.0e-03,-1,SAM,0.5086,0.027086,6.139537e+01,NaN,NaN,NaN,NaN
1,backend,numeric,3,10.0000,1.0e-03,-1,SAM,0.5086,0.027086,6.768750e+01,NaN,NaN,NaN,NaN
1,backend,numeric,3,10.0000,1.0e-03,-1,SAM,0.5086,0.027086,7.462449e+01,NaN,NaN,NaN,NaN
1,backend,numeric,3,10.0000,1.0e-03,-1,SAM,0.5086,0.027086,8.227241e+01,NaN,NaN,NaN,NaN
1,backend,numeric,3,10.0000,1.0e-03,-1,SAM,0.5086,0.027086,9.070414e+01,NaN,NaN,NaN,NaN
1,backend,numeric,3,10.0000,1.0e-03,-1,SAM,0.5086,0.027086,1.000000e+02,NaN,NaN,NaN,NaN
2,backend,numeric,7,0.1000,1.0e-03,-1,SAM,0.1265,0.006735,0.000000e+00,6.91376261e-04,0.966257,21.1350,19.4625
2,backend,numeric,7,0.1000,1.0e-03,-1,SAM,0.1265,0.006735,1.000000e-03,1.12751132e-03,0.997814,44.2224,34.2264
2,backend,numeric,7,0.1000,1.0e-03,-1,SAM,0.1265,0.006735,1.102485e-03,1.19257176e-03,0.998168,47.3682,35.6976
2,backend,numeric,7,0.1000,1.0e-03,-1,SAM,0.1265,0.006735,1.215474e-03,1.26373485e-03,0.998438,50.7014,37.2533
2,backend,numeric,7,0.1000,1.0e-03,-1,SAM,0.1265,0.006735,1.340043e-03,1.34193034e-03,0.998639,54.1456,38.8938
2,backend,numeric,7,0.1000,1.0e-03,-1,SAM,0.1265,0.006735,1.477378e-03,1.42804391e-03,0.998783,57.6026,40.6197
2,backend,numeric,7,0.1000,1.0e-03,-1,SAM,0.1265,0.006735,1.628787e-03,1.52279454e-03,0.998881,60.9743,42.4316
2,backend,numeric,7,0.1000,1.0e-03,-1,SAM,0.1265,0.006735,1.795714e-03,1.62654488e-03,0.998945,64.1791,44.3311
2,backend,numeric,7,0.1000,1.0e-03,-1,SAM,0.1265,0.006735,1.979749e-03,1.73924113e-03,0.998984,67.1638,46.3207
2,backend,numeric,7,0.1000,1.0e-03,-1,SAM,0.1265,0.006735,2.182645e-03,1.86020184e-03,0.999009,69.9019,48.4073
2,backend,numeric,7,0.1000,1.0e-03,-1,SAM,0.1265,0.006735,2.406334e-03,1.98828638e-03,0.999027,72.3909,50.6002
2,backend,numeric,7,0.1000,1.0e-03,-1,SAM,0.1265,0.006735,2.652948e-03,2.12251236e-03,0.999044,74.6487,52.9092
2,backend,numeric,7,0.1000,1.0e-03,-1,SAM,0.1265,0.006735,2.924837e-03,2.26226101e-03,0.999061,76.7039,55.3423
2,backend,numeric,7,0.1000,1.0e-03,-1,SAM,0.1265,0.006735,3.224591e-03,2.40712609e-03,0.999080,78.5867,57.9077
2,backend,numeric,7,0.1000,1.0e-03,-1,SAM,0.1265,0.006735,3.555064e-03,2.55673819e-03,0.999103,80.3245,60.6147
2,backend,numeric,7,0.1000,1.0e-03,-1,SAM,0.1265,0.006735,3.919407e-03,2.71068664e-03,0.999129,81.9422,63.4738
2,backend,numeric,7,0.1000,1.0e-03,-1,SAM,0.1265,0.006735,4.321089e-03,2.86837702e-03,0.999160,83.4610,66.4967
2,backend,numeric,7,0.1000,1.0e-03,-1,SAM,0.1265,0.006735,4.763938e-03,3.02913347e-03,0.999196,84.9007,69.6964
2,backend,numeric,7,0.1000,1.0e-03,-1,SAM,0.1265,0.006735,5.252173e-03,3.19196788e-03,0.999237,86.2789,73.0885
2,backend,numeric,7,0.1000,1.0e-03,-1,SAM,0.1265,0.006735,5.790444e-03,3.35551421e-03,0.999282,87.6125,76.6913
2,backend,numeric,7,0.1000,1.0e-03,-1,SAM,0.1265,0.006735,6.383880e-03,3.51821621e-03,0.999333,88.9210,80.5248
2,backend,numeric,7,0.1000,1.0e-03,-1,SAM,0.1265,0.006735,7.038136e-03,3.67813189e-03,0.999388,90.2271,84.6142
2,backend,numeric,7,0.1000,1.0e-03,-1,SAM,0.1265,0.006735,7.759442e-03,3.83263126e-03,0.999447,91.5590,88.9909
2,backend,numeric,7,0.1000,1.0e-03,-1,SAM,0.1265,0.006735,8.554673e-03,3.97783249e-03,0.999508,92.9545,93.6925
2,backend,numeric,7,0.1000,1.0e-03,-1,SAM,0.1265,0.006735,9.431402e-03,4.10806628e-03,0.999571,94.4685,98.7651
2,backend,numeric,7,0.1000,1.0e-03,-1,SAM,0.1265,0.006735,1.039798e-02,4.21501398e-03,0.999634,96.1876,104.2696
2,backend,numeric,7,0.1000,1.0e-03,-1,SAM,0.1265,0.006735,1.146363e-02,4.28625743e-03,0.999696,98.2592,110.2930
2,backend,numeric,7,0.1000,1.0e-03,-1,SAM,0.1265,0.006735,1.263848e-02,4.30204750e-03,0.999757,100.9594,116.9676
2,backend,numeric,7,0.1000,1.0e-03,-1,SAM,0.1265,0.006735,1.393374e-02,4.22680533e-03,0.999813,104.8724,124.5125
2,backend,numeric,7,0.1000,1.0e-03,-1,SAM,0.1265,0.006735,1.536175e-02,3.99450750e-03,0.999859,111.4501,133.3631
2,backend,numeric,7,0.1000,1.0e-03,-1,SAM,0.1265,0.006735,1.693611e-02,3.48878169e-03,0.999871,124.6645,144.6655
2,backend,numeric,7,0.1000,1.0e-03,-1,SAM,0.1265,0.006735,1.867181e-02,2.47977742e-03,0.999568,147.7459,161.7644
2,backend,numeric,7,0.1000,1.0e-03,-1,SAM,0.1265,0.006735,2.058540e-02,1.13962998e-03,0.967144,168.7232,198.5862
2,backend,numeric,7,0.1000,1.0e-03,-1,SAM,0.1265,0.006735,2.269511e-02,1.43759423e-03,0.923199,165.4527,205.1602
2,backend,numeric,7,0.1000,1.0e-03,-1,SAM,0.1265,0.006735,2.502102e-02,1.60344289e-03,0.883912,164.8379,193.0250
2,backend,numeric,7,0.1000,1.0e-03,-1,SAM,0.1265,0.006735,2.758532e-02,1.74305479e-03,0.847517,164.6430,167.0773
2,backend,numeric,7,0.1000,1.0e-03,-1,SAM,0.1265,0.006735,3.041241e-02,1.87196678e-03,0.813127,163.9657,126.6597
2,backend,numeric,7,0.1000,1.0e-03,-1,SAM,0.1265,0.006735,3.352924e-02,1.99602019e-03,0.780363,163.0053,73.6624
2,backend,numeric,7,0.1000,1.0e-03,-1,SAM,0.1265,0.006735,3.696550e-02,2.11851838e-03,0.748600,163.1955,2.2589
2,backend,numeric,7,0.1000,1.0e-03,-1,SAM,0.1265,0.006735,4.075393e-02,2.24112980e-03,0.717635,161.4848,269.5134
2,backend,numeric,7,0.1000,1.0e-03,-1,SAM,0.1265,0.006735,4.493062e-02,2.36450652e-03,0.687711,161.0354,161.5987
2,backend,numeric,7,0.1000,1.0e-03,-1,SAM,0.1265,0.006735,4.953535e-02,2.49024670e-03,0.658160,160.9235,25.7820
2,backend,numeric,7,0.1000,1.0e-03,-1,SAM,0.1265,0.006735,5.461201e-02,2.61870166e-03,0.629103,159.4120,220.2484
2,backend,numeric,7,0.1000,1.0e-03,-1,SAM,0.1265,0.006735,6.020894e-02,2.75014470e-03,0.600656,159.5703,24.2946
2,backend,numeric,7,0.1000,1.0e-03,-1,SAM,0.1265,0.006735,6.637949e-02,2.88488982e-03,0.572659,158.1562,149.5031
2,backend,numeric,7,0.1000,1.0e-03,-1,SAM,0.1265,0.006735,7.318242e-02,3.02312327e-03,0.545143,157.2966,229.5102
2,backend,numeric,7,0.1000,1.0e-03,-1,SAM,0.1265,0.006735,8.068256e-02,3.16428602e-03,0.518386,156.6428,260.3890
2,backend,numeric,7,0.1000,1.0e-03,-1,SAM,0.1265,0.006735,8.895135e-02,3.30794102e-03,0.492495,155.3914,233.9835
2,backend,numeric,7,0.1000,1.0e-03,-1,SAM,0.1265,0.006735,9.806757e-02,3.45196995e-03,0.467835,153.7591,143.8832
2,backend,numeric,7,0.1000,1.0e-03,-1,SAM,0.1265,0.006735,1.081181e-01,3.59503429e-03,0.444520,153.3196,337.0574
2,backend,numeric,7,0.1000,1.0e-03,-1,SAM,0.1265,0.006735,1.191986e-01,3.73180892e-03,0.423262,150.9357,91.7384
2,backend,numeric,7,0.1000,1.0e-03,-1,SAM,0.1265,0.006735,1.314147e-01,3.85807328e-03,0.404273,148.1120,115.8062
2,backend,numeric,7,0.1000,1.0e-03,-1,SAM,0.1265,0.006735,1.448828e-01,3.96646355e-03,0.388121,146.3646,43.6580
2,backend,numeric,7,0.1000,1.0e-03,-1,SAM,0.1265,0.006735,1.597312e-01,4.05175684e-03,0.375196,141.8153,230.0095
2,backend,numeric,7,0.1000,1.0e-03,-1,SAM,0.1265,0.006735,1.761014e-01,4.11612290e-03,0.365665,138.6768,312.6022
2,backend,numeric,7,0.1000,1.0e-03,-1,SAM,0.1265,0.006735,1.941492e-01,4.16359892e-03,0.359535,134.0308,279.7438
2,backend,numeric,7,0.1000,1.0e-03,-1,SAM,0.1265,0.006735,2.140467e-01,4.18600799e-03,0.357639,127.6141,131.1330
2,backend,numeric,7,0.1000,1.0e-03,-1,SAM,0.1265,0.006735,2.359833e-01,4.17635715e-03,0.360656,122.8936,234.3116
2,backend,numeric,7,0.1000,1.0e-03,-1,SAM,0.1265,0.006735,2.601682e-01,4.13377247e-03,0.370254,118.2039,247.3800
2,backend,numeric,7,0.1000,1.0e-03,-1,SAM,0.1265,0.006735,2.868317e-01,4.05647715e-03,0.388906,112.5475,203.4012
2,backend,numeric,7,0.1000,1.0e-03,-1,SAM,0.1265,0.006735,3.162278e-01,3.96311965e-03,0.418528,108.9085,165.3478
2,backend,numeric,7,0.1000,1.0e-03,-1,SAM,0.1265,0.006735,3.486365e-01,3.88473686e-03,0.459340,105.7073,206.8548
2,backend,numeric,7,0.1000,1.0e-03,-1,SAM,0.1265,0.006735,3.843667e-01,3.84997792e-03,0.509494,104.0316,25.9725
2,backend,numeric,7,0.1000,1.0e-03,-1,SAM,0.1265,0.006735,4.237587e-01,3.86916079e-03,0.565600,101.2775,12.7348
2,backend,numeric,7,0.1000,1.0e-03,-1,SAM,0.1265,0.006735,4.671878e-01,3.93233565e-03,0.623636,95.6886,165.5187
2,backend,numeric,7,0.1000,1.0e-03,-1,SAM,0.1265,0.006735,5.150678e-01,3.97821269e-03,0.681954,91.1700,99.0051
2,backend,numeric,7,0.1000,1.0e-03,-1,SAM,0.1265,0.006735,5.678548e-01,3.90399546e-03,0.742694,84.1662,138.2213
2,backend,numeric,7,0.1000,1.0e-03,-1,SAM,0.1265,0.006735,6.260517e-01,3.42130128e-03,0.817751,76.5055,234.6095
2,backend,numeric,7,0.1000,1.0e-03,-1,SAM,0.1265,0.006735,6.902129e-01,6.61724974e-03,0.998203,98.5707,158.7087
2,backend,numeric,7,0.1000,1.0e-03,-1,SAM,0.1265,0.006735,7.609497e-01,5.87315769e-03,0.773394,140.0093,292.7076
2,backend,numeric,7,0.1000,1.0e-03,-1,SAM,0.1265,0.006735,8.389360e-01,7.62585166e-03,0.717483,131.5913,64.9025
2,backend,numeric,7,0.1000,1.0e-03,-1,SAM,0.1265,0.006735,9.249147e-01,8.96703133e-03,0.713674,121.2887,188.4273
2,backend,numeric,7,0.1000,1.0e-03,-1,SAM,0.1265,0.006735,1.019705e+00,1.01738828e-02,0.738674,121.8646,26.2409
2,backend,numeric,7,0.1000,1.0e-03,-1,SAM,0.1265,0.006735,1.124210e+00,1.14768586e-02,0.774563,115.6456,311.8723
2,backend,numeric,7,0.1000,1.0e-03,-1,SAM,0.1265,0.006735,1.239425e+00,1.27897865e-02,0.818693,113.2249,344.8927
2,backend,numeric,7,0.1000,1.0e-03,-1,SAM,0.1265,0.006735,1.366448e+00,1.31263250e-02,0.873636,94.5267,95.0157
2,backend,numeric,7,0.1000,1.0e-03,-1,SAM,0.1265,0.006735,1.506489e+00,1.40902189e-02,0.910155,77.1034,243.7028
2,backend,numeric,7,0.1000,1.0e-03,-1,SAM,0.1265,0.006735,1.660883e+00,3.76641257e-02,0.997593,93.6830,214.7589
2,backend,numeric,7,0.1000,1.0e-03,-1,SAM,0.1265,0.006735,1.831099e+00,8.91699191e-02,0.999618,72.0747,285.8326
2,backend,numeric,7,0.1000,1.0e-03,-1,SAM,0.1265,0.006735,2.018760e+00,2.06590059e-01,0.999883,57.2500,335.4161
2,backend,numeric,7,0.1000,1.0e-03,-1,SAM,0.1265,0.006735,2.225654e+00,3.29042990e-01,0.999951,81.3017,21.9452
2,backend,numeric,7,0.1000,1.0e-03,-1,SAM,0.1265,0.006735,2.453751e+00,3.19036966e-01,0.999977,129.9383,17.7791
2,backend,numeric,7,0.1000,1.0e-03,-1,SAM,0.1265,0.006735,2.705225e+00,1.37428484e-01,0.999634,142.3490,310.2842
2,backend,numeric,7,0.1000,1.0e-03,-1,SAM,0.1265,0.006735,2.982471e+00,7.27976101e-02,0.957642,88.1752,299.9753
2,backend,numeric,7,0.1000,1.0e-03,-1,SAM,0.1265,0.006735,3.288131e+00,1.98300695e-01,0.997315,79.4359,20.5928
2,backend,numeric,7,0.1000,1.0e-03,-1,SAM,0.1265,0.006735,3.625117e+00,1.04014917e-01,0.980671,156.7431,326.2762
2,backend,numeric,7,0.1000,1.0e-03,-1,SAM,0.1265,0.006735,3.996639e+00,1.95588116e-01,0.988173,56.9608,346.8564
2,backend,numeric,7,0.1000,1.0e-03,-1,SAM,0.1265,0.006735,4.406236e+00,2.46687839e-01,0.996536,141.7737,13.3562
2,backend,numeric,7,0.1000,1.0e-03,-1,SAM,0.1265,0.006735,4.857812e+00,1.61153891e-01,0.984900,84.0448,336.4939
2,backend,numeric,7,0.1000,1.0e-03,-1,SAM,0.1265,0.006735,5.355667e+00,1.71226364e-01,0.996399,138.6150,356.7355
2,backend,numeric,7,0.1000,1.0e-03,-1,SAM,0.1265,0.006735,5.904545e+00,1.57595901e-01,0.989626,96.3658,5.5246
2,backend,numeric,7,0.1000,1.0e-03,-1,SAM,0.1265,0.006735,6.509675e+00,1.57077908e-01,0.983338,55.2199,336.0344
2,backend,numeric,7,0.1000,1.0e-03,-1,SAM,0.1265,0.006735,7.176822e+00,1.55097552e-01,0.966605,112.6952,307.9304
2,backend,numeric,7,0.1000,1.0e-03,-1,SAM,0.1265,0.006735,7.912343e+00,2.55318506e-01,0.995884,144.2409,359.2148
2,backend,numeric,7,0.1000,1.0e-03,-1,SAM,0.1265,0.006735,8.723243e+00,2.70547264e-01,0.997630,103.2207,19.1916
2,backend,numeric,7,0.1000,1.0e-03,-1,SAM,0.1265,0.006735,9.617249e+00,1.95883430e-01,0.995525,101.4264,15.6327
2,backend,numeric,7,0.1000,1.0e-03,-1,SAM,0.1265,0.006735,1.060288e+01,2.72719671e-01,0.997103,130.7850,24.7964
2,backend,numeric,7,0.1000,1.0e-03,-1,SAM,0.1265,0.006735,1.168952e+01,1.87845702e-01,0.996303,141.4668,349.0602
2,backend,numeric,7,0.1000,1.0e-03,-1,SAM,0.1265,0.006735,1.288752e+01,1.66759134e-01,0.994877,59.4971,6.1212
2,backend,numeric,7,0.1000,1.0e-03,-1,SAM,0.1265,0.006735,1.420831e+01,2.09044238e-01,0.990458,147.6507,333.5894
2,backend,numeric,7,0.1000,1.0e-03,-1,SAM,0.1265,0.006735,1.566445e+01,1.63520704e-01,0.990197,89.5075,1.7009
2,backend,numeric,7,0.1000,1.0e-03,-1,SAM,0.1265,0.006735,1.726983e+01,1.99951486e-01,0.988183,69.0043,339.8519
2,backend,numeric,7,0.1000,1.0e-03,-1,SAM,0.1265,0.006735,1.903974e+01,1.25142862e-01,0.966879,75.1996,310.4263
2,backend,numeric,7,0.1000,1.0e-03,-1,SAM,0.1265,0.006735,2.099104e+01,1.29293703e-01,0.981634,93.0598,348.2676
2,backend,numeric,7,0.1000,1.0e-03,-1,SAM,0.1265,0.006735,2.314231e+01,1.84184963e-01,0.983843,140.3216,317.1264
2,backend,numeric,7,0.1000,1.0e-03,-1,SAM,0.1265,0.006735,2.551407e+01,2.92368706e-01,0.997839,93.3246,38.8445
2,backend,numeric,7,0.1000,1.0e-03,-1,SAM,0.1265,0.006735,2.812889e+01,2.39990135e-01,0.997355,87.2810,31.5161
2,backend,numeric,7,0.1000,1.0e-03,-1,SAM,0.1265,0.006735,3.101169e+01,1.41373725e-01,0.987452,148.5162,351.6780
2,backend,numeric,7,0.1000,1.0e-03,-1,SAM,0.1265,0.006735,3.418994e+01,1.71594547e-01,0.985585,81.5287,352.1061
2,backend,numeric,7,0.1000,1.0e-03,-1,SAM,0.1265,0.006735,3.769391e+01,1.91841918e-01,0.992323,87.6693,2.0596
2,backend,numeric,7,0.1000,1.0e-03,-1,SAM,0.1265,0.006735,4.155699e+01,1.78917321e-01,0.996069,131.8324,8.4038
2,backend,numeric,7,0.1000,1.0e-03,-1,SAM,0.1265,0.006735,4.581598e+01,2.25343168e-01,0.995927,131.5017,16.7139
2,backend,numeric,7,0.1000,1.0e-03,-1,SAM,0.1265,0.006735,5.051145e+01,1.60800305e-01,0.967538,95.9948,319.0049
2,backend,numeric,7,0.1000,1.0e-03,-1,SAM,0.1265,0.006735,5.568814e+01,2.17648487e-01,0.995098,147.7545,2.5012
2,backend,numeric,7,0.1000,1.0e-03,-1,SAM,0.1265,0.006735,6.139537e+01,2.05825731e-01,0.988711,55.4138,350.1866
2,backend,numeric,7,0.1000,1.0e-03,-1,SAM,0.1265,0.006735,6.768750e+01,2.78118085e-01,0.992436,71.9532,12.7588
2,backend,numeric,7,0.1000,1.0e-03,-1,SAM,0.1265,0.006735,7.462449e+01,1.43597608e-01,0.975308,94.0838,325.0597
2,backend,numeric,7,0.1000,1.0e-03,-1,SAM,0.1265,0.006735,8.227241e+01,1.47005327e-01,0.977771,136.9959,321.0662
2,backend,numeric,7,0.1000,1.0e-03,-1,SAM,0.1265,0.006735,9.070414e+01,2.95674667e-01,0.995725,99.3187,32.4396
2,backend,numeric,7,0.1000,1.0e-03,-1,SAM,0.1265,0.006735,1.000000e+02,1.31938336e-01,0.973951,133.7939,317.1688
3,backend,numeric,10,1.8000,1.0e-03,-1,LAM,0.3829,0.584198,0.000000e+00,2.42359495e-03,0.537624,145.0406,298.2331
3,backend,numeric,10,1.8000,1.0e-03,-1,LAM,0.3829,0.584198,1.000000e-03,2.41588924e-03,0.539788,144.4492,247.5665
3,backend,numeric,10,1.8000,1.0e-03,-1,LAM,0.3829,0.584198,1.102485e-03,2.41509973e-03,0.540014,144.3943,242.4266
3,backend,numeric,10,1.8000,1.0e-03,-1,LAM,0.3829,0.584198,1.215474e-03,2.41422916e-03,0.540264,144.3366,236.7695
3,backend,numeric,10,1.8000,1.0e-03,-1,LAM,0.3829,0.584198,1.340043e-03,2.41326971e-03,0.540541,144.2768,230.5434
3,backend,numeric,10,1.8000,1.0e-03,-1,LAM,0.3829,0.584198,1.477378e-03,2.41221281e-03,0.540848,144.2161,223.6911
3,backend,numeric,10,1.8000,1.0e-03,-1,LAM,0.3829,0.584198,1.628787e-03,2.41104911e-03,0.541186,144.1557,216.1494
3,backend,numeric,10,1.8000,1.0e-03,-1,LAM,0.3829,0.584198,1.795714e-03,2.40976851e-03,0.541561,144.0974,207.8483
3,backend,numeric,10,1.8000,1.0e-03,-1,LAM,0.3829,0.584198,1.979749e-03,2.40836021e-03,0.541976,144.0429,198.7103
3,backend,numeric,10,1.8000,1.0e-03,-1,LAM,0.3829,0.584198,2.182645e-03,2.40681272e-03,0.542434,143.9943,188.6491
3,backend,numeric,10,1.8000,1.0e-03,-1,LAM,0.3829,0.584198,2.406334e-03,2.40511381e-03,0.542940,143.9534,177.5694
3,backend,numeric,10,1.8000,1.0e-03,-1,LAM,0.3829,0.584198,2.652948e-03,2.40325054e-03,0.543499,143.9217,165.3660
3,backend,numeric,10,1.8000,1.0e-03,-1,LAM,0.3829,0.584198,2.924837e-03,2.40120932e-03,0.544116,143.9001,151.9230
3,backend,numeric,10,1.8000,1.0e-03,-1,LAM,0.3829,0.584198,3.224591e-03,2.39897583e-03,0.544796,143.8891,137.1138
3,backend,numeric,10,1.8000,1.0e-03,-1,LAM,0.3829,0.584198,3.555064e-03,2.39653516e-03,0.545545,143.8896,120.7996
3,backend,numeric,10,1.8000,1.0e-03,-1,LAM,0.3829,0.584198,3.919407e-03,2.39387195e-03,0.546369,143.9037,102.8270
3,backend,numeric,10,1.8000,1.0e-03,-1,LAM,0.3829,0.584198,4.321089e-03,2.39097067e-03,0.547276,143.9343,83.0227
3,backend,numeric,10,1.8000,1.0e-03,-1,LAM,0.3829,0.584198,4.763938e-03,2.38781587e-03,0.548271,143.9814,61.1864
3,backend,numeric,10,1.8000,1.0e-03,-1,LAM,0.3829,0.584198,5.252173e-03,2.38439176e-03,0.549363,144.0314,37.0878
3,backend,numeric,10,1.8000,1.0e-03,-1,LAM,0.3829,0.584198,5.790444e-03,2.38067917e-03,0.550563,144.0408,10.4846
3,backend,numeric,10,1.8000,1.0e-03,-1,LAM,0.3829,0.584198,6.383880e-03,2.37664973e-03,0.551885,143.9318,341.1730
3,backend,numeric,10,1.8000,1.0e-03,-1,LAM,0.3829,0.584198,7.038136e-03,2.37225137e-03,0.553361,143.6315,309.0482
3,backend,numeric,10,1.8000,1.0e-03,-1,LAM,0.3829,0.584198,7.759442e-03,2.36738898e-03,0.555032,143.1623,274.0755
3,backend,numeric,10,1.8000,1.0e-03,-1,LAM,0.3829,0.584198,8.554673e-03,2.36199628e-03,0.556938,142.6962,236.1120
3,backend,numeric,10,1.8000,1.0e-03,-1,LAM,0.3829,0.584198,9.431402e-03,2.35607347e-03,0.559092,142.4248,194.7057
3,backend,numeric,10,1.8000,1.0e-03,-1,LAM,0.3829,0.584198,1.039798e-02,2.34967508e-03,0.561492,142.3231,149.2442
3,backend,numeric,10,1.8000,1.0e-03,-1,LAM,0.3829,0.584198,1.146363e-02,2.34282882e-03,0.564144,142.2586,99.3709
3,backend,numeric,10,1.8000,1.0e-03,-1,LAM,0.3829,0.584198,1.263848e-02,2.33556319e-03,0.567059,142.3424,44.6758
3,backend,numeric,10,1.8000,1.0e-03,-1,LAM,0.3829,0.584198,1.393374e-02,2.32792557e-03,0.570240,142.3367,344.2388
3,backend,numeric,10,1.8000,1.0e-03,-1,LAM,0.3829,0.584198,1.536175e-02,2.31976267e-03,0.573834,141.4923,278.4433
3,backend,numeric,10,1.8000,1.0e-03,-1,LAM,0.3829,0.584198,1.693611e-02,2.31074776e-03,0.578047,140.7293,208.1292
3,backend,numeric,10,1.8000,1.0e-03,-1,LAM,0.3829,0.584198,1.867181e-02,2.30117863e-03,0.582799,140.5682,131.4477
3,backend,numeric,10,1.8000,1.0e-03,-1,LAM,0.3829,0.584198,2.058540e-02,2.29123876e-03,0.588094,140.4877,48.1432
3,backend,numeric,10,1.8000,1.0e-03,-1,LAM,0.3829,0.584198,2.269511e-02,2.28121549e-03,0.593899,140.2745,316.5341
3,backend,numeric,10,1.8000,1.0e-03,-1,LAM,0.3829,0.584198,2.502102e-02,2.27058058e-03,0.600699,138.8230,219.4275
3,backend,numeric,10,1.8000,1.0e-03,-1,LAM,0.3829,0.584198,2.758532e-02,2.25990406e-03,0.608462,138.5568,115.0632
3,backend,numeric,10,1.8000,1.0e-03,-1,LAM,0.3829,0.584198,3.041241e-02,2.24965271e-03,0.617141,138.6379,2.8309
3,backend,numeric,10,1.8000,1.0e-03,-1,LAM,0.3829,0.584198,3.352924e-02,2.23987755e-03,0.627015,136.7353,242.4771
3,backend,numeric,10,1.8000,1.0e-03,-1,LAM,0.3829,0.584198,3.696550e-02,2.23056472e-03,0.638558,136.3503,116.5715
3,backend,numeric,10,1.8000,1.0e-03,-1,LAM,0.3829,0.584198,4.075393e-02,2.22350331e-03,0.651436,136.3169,343.2177
3,backend,numeric,10,1.8000,1.0e-03,-1,LAM,0.3829,0.584198,4.493062e-02,2.21914123e-03,0.666311,134.0058,204.8630
3,backend,numeric,10,1.8000,1.0e-03,-1,LAM,0.3829,0.584198,4.953535e-02,2.21924410e-03,0.683233,133.0218,62.4016
3,backend,numeric,10,1.8000,1.0e-03,-1,LAM,0.3829,0.584198,5.461201e-02,2.22634714e-03,0.701995,131.4123,274.7876
3,backend,numeric,10,1.8000,1.0e-03,-1,LAM,0.3829,0.584198,6.020894e-02,2.24139360e-03,0.723906,130.5451,130.7352
3,backend,numeric,10,1.8000,1.0e-03,-1,LAM,0.3829,0.584198,6.637949e-02,2.27048763e-03,0.747829,129.7383,348.1449
3,backend,numeric,10,1.8000,1.0e-03,-1,LAM,0.3829,0.584198,7.318242e-02,2.31635000e-03,0.774604,125.4331,211.9561
3,backend,numeric,10,1.8000,1.0e-03,-1,LAM,0.3829,0.584198,8.068256e-02,2.39032165e-03,0.802786,122.8082,86.0336
3,backend,numeric,10,1.8000,1.0e-03,-1,LAM,0.3829,0.584198,8.895135e-02,2.50351601e-03,0.831799,122.5492,330.3885
3,backend,numeric,10,1.8000,1.0e-03,-1,LAM,0.3829,0.584198,9.806757e-02,2.64999111e-03,0.863720,113.7822,233.7705
3,backend,numeric,10,1.8000,1.0e-03,-1,LAM,0.3829,0.584198,1.081181e-01,2.88238979e-03,0.892208,114.1188,158.9389
3,backend,numeric,10,1.8000,1.0e-03,-1,LAM,0.3829,0.584198,1.191986e-01,3.18904208e-03,0.918746,104.1386,101.7407
3,backend,numeric,10,1.8000,1.0e-03,-1,LAM,0.3829,0.584198,1.314147e-01,3.47071261e-03,0.943885,96.6107,60.4108
3,backend,numeric,10,1.8000,1.0e-03,-1,LAM,0.3829,0.584198,1.448828e-01,3.55778727e-03,0.961441,84.2799,28.7283
3,backend,numeric,10,1.8000,1.0e-03,-1,LAM,0.3829,0.584198,1.597312e-01,2.52167339e-03,0.969598,126.6194,121.8942
3,backend,numeric,10,1.8000,1.0e-03,-1,LAM,0.3829,0.584198,1.761014e-01,4.41584201e-03,0.967330,85.1725,139.2760
3,backend,numeric,10,1.8000,1.0e-03,-1,LAM,0.3829,0.584198,1.941492e-01,3.24890804e-03,0.961704,132.4636,246.2551
3,backend,numeric,10,1.8000,1.0e-03,-1,LAM,0.3829,0.584198,2.140467e-01,6.19262729e-03,0.952201,111.9704,232.8043
3,backend,numeric,10,1.8000,1.0e-03,-1,LAM,0.3829,0.584198,2.359833e-01,8.44857144e-03,0.970684,95.2778,237.9230
3,backend,numeric,10,1.8000,1.0e-03,-1,LAM,0.3829,0.584198,2.601682e-01,4.87562859e-03,0.977197,133.4223,319.0244
3,backend,numeric,10,1.8000,1.0e-03,-1,LAM,0.3829,0.584198,2.868317e-01,9.40256509e-03,0.969566,96.6083,344.3601
3,backend,numeric,10,1.8000,1.0e-03,-1,LAM,0.3829,0.584198,3.162278e-01,6.02341868e-03,0.962966,132.9948,66.1033
3,backend,numeric,10,1.8000,1.0e-03,-1,LAM,0.3829,0.584198,3.486365e-01,1.52055672e-02,0.962292,117.0080,66.4524
3,backend,numeric,10,1.8000,1.0e-03,-1,LAM,0.3829,0.584198,3.843667e-01,1.47787503e-02,0.972583,124.8284,118.1833
3,backend,numeric,10,1.8000,1.0e-03,-1,LAM,0.3829,0.584198,4.237587e-01,1.29177295e-02,0.971102,117.7368,195.2334
3,backend,numeric,10,1.8000,1.0e-03,-1,LAM,0.3829,0.584198,4.671878e-01,8.83061424e-03,0.970198,116.7112,296.0976
3,backend,numeric,10,1.8000,1.0e-03,-1,LAM,0.3829,0.584198,5.150678e-01,7.39300078e-03,0.963948,116.6497,70.2059
3,backend,numeric,10,1.8000,1.0e-03,-1,LAM,0.3829,0.584198,5.678548e-01,8.61363638e-03,0.973064,116.5211,196.0548
3,backend,numeric,10,1.8000,1.0e-03,-1,LAM,0.3829,0.584198,6.260517e-01,5.51891178e-03,0.974445,118.9639,13.9382
3,backend,numeric,10,1.8000,1.0e-03,-1,LAM,0.3829,0.584198,6.902129e-01,7.99239492e-03,0.971498,116.1731,194.9153
3,backend,numeric,10,1.8000,1.0e-03,-1,LAM,0.3829,0.584198,7.609497e-01,7.41354025e-03,0.964314,111.5789,68.6530
3,backend,numeric,10,1.8000,1.0e-03,-1,LAM,0.3829,0.584198,8.389360e-01,7.56577329e-03,0.974573,111.0130,281.9214
3,backend,numeric,10,1.8000,1.0e-03,-1,LAM,0.3829,0.584198,9.249147e-01,7.82079579e-03,0.968617,115.6463,185.6716
3,backend,numeric,10,1.8000,1.0e-03,-1,LAM,0.3829,0.584198,1.019705e+00,7.95618042e-03,0.971322,114.9183,109.1948
3,backend,numeric,10,1.8000,1.0e-03,-1,LAM,0.3829,0.584198,1.124210e+00,7.82376924e-03,0.968359,111.2312,62.1413
3,backend,numeric,10,1.8000,1.0e-03,-1,LAM,0.3829,0.584198,1.239425e+00,7.29369029e-03,0.966285,111.0020,57.3757
3,backend,numeric,10,1.8000,1.0e-03,-1,LAM,0.3829,0.584198,1.366448e+00,7.99494180e-03,0.967221,112.0000,88.1448
3,backend,numeric,10,1.8000,1.0e-03,-1,LAM,0.3829,0.584198,1.506489e+00,8.75492865e-03,0.971016,114.1454,147.3621
3,backend,numeric,10,1.8000,1.0e-03,-1,LAM,0.3829,0.584198,1.660883e+00,7.35667201e-03,0.969597,114.4256,247.4807
3,backend,numeric,10,1.8000,1.0e-03,-1,LAM,0.3829,0.584198,1.831099e+00,7.72810223e-03,0.965351,110.6432,65.3598
3,backend,numeric,10,1.8000,1.0e-03,-1,LAM,0.3829,0.584198,2.018760e+00,8.29406517e-03,0.970963,111.8747,247.4426
3,backend,numeric,10,1.8000,1.0e-03,-1,LAM,0.3829,0.584198,2.225654e+00,7.55631576e-03,0.970854,114.3958,155.7302
3,backend,numeric,10,1.8000,1.0e-03,-1,LAM,0.3829,0.584198,2.453751e+00,8.67811593e-03,0.970311,113.9197,135.3496
3,backend,numeric,10,1.8000,1.0e-03,-1,LAM,0.3829,0.584198,2.705225e+00,8.19014143e-03,0.971915,115.7823,172.9040
3,backend,numeric,10,1.8000,1.0e-03,-1,LAM,0.3829,0.584198,2.982471e+00,7.57632135e-03,0.976184,111.6566,283.6964
3,backend,numeric,10,1.8000,1.0e-03,-1,LAM,0.3829,0.584198,3.288131e+00,7.96280261e-03,0.970688,114.1187,133.8168
3,backend,numeric,10,1.8000,1.0e-03,-1,LAM,0.3829,0.584198,3.625117e+00,8.06147007e-03,0.965212,111.5120,90.3997
3,backend,numeric,10,1.8000,1.0e-03,-1,LAM,0.3829,0.584198,3.996639e+00,7.87385374e-03,0.971282,115.4169,120.0992
3,backend,numeric,10,1.8000,1.0e-03,-1,LAM,0.3829,0.584198,4.406236e+00,7.26009400e-03,0.969059,111.4712,288.5145
3,backend,numeric,10,1.8000,1.0e-03,-1,LAM,0.3829,0.584198,4.857812e+00,7.92013207e-03,0.968796,114.8407,207.6109
3,backend,numeric,10,1.8000,1.0e-03,-1,LAM,0.3829,0.584198,5.355667e+00,7.27683619e-03,0.969105,111.9888,281.2827
3,backend,numeric,10,1.8000,1.0e-03,-1,LAM,0.3829,0.584198,5.904545e+00,7.92631866e-03,0.971027,116.0505,139.5231
3,backend,numeric,10,1.8000,1.0e-03,-1,LAM,0.3829,0.584198,6.509675e+00,8.46070797e-03,0.972063,114.3158,166.6577
3,backend,numeric,10,1.8000,1.0e-03,-1,LAM,0.3829,0.584198,7.176822e+00,6.08399899e-03,0.964643,113.4267,26.4722
3,backend,numeric,10,1.8000,1.0e-03,-1,LAM,0.3829,0.584198,7.912343e+00,8.38125718e-03,0.970701,113.5799,98.7673
3,backend,numeric,10,1.8000,1.0e-03,-1,LAM,0.3829,0.584198,8.723243e+00,5.50164407e-03,0.964248,117.2046,44.0499
3,backend,numeric,10,1.8000,1.0e-03,-1,LAM,0.3829,0.584198,9.617249e+00,7.63067889e-03,0.971906,116.0110,206.8899
3,backend,numeric,10,1.8000,1.0e-03,-1,LAM,0.3829,0.584198,1.060288e+01,7.21000753e-03,0.972741,110.1009,311.0626
3,backend,numeric,10,1.8000,1.0e-03,-1,LAM,0.3829,0.584198,1.168952e+01,5.28435192e-03,0.974106,118.7696,9.7160
3,backend,numeric,10,1.8000,1.0e-03,-1,LAM,0.3829,0.584198,1.288752e+01,7.06279981e-03,0.964047,111.2982,45.3504
3,backend,numeric,10,1.8000,1.0e-03,-1,LAM,0.3829,0.584198,1.420831e+01,7.57778560e-03,0.967357,111.0682,62.1132
3,backend,numeric,10,1.8000,1.0e-03,-1,LAM,0.3829,0.584198,1.566445e+01,8.68637680e-03,0.971724,114.7138,153.6814
3,backend,numeric,10,1.8000,1.0e-03,-1,LAM,0.3829,0.584198,1.726983e+01,6.55861095e-03,0.975933,113.8563,330.1853
3,backend,numeric,10,1.8000,1.0e-03,-1,LAM,0.3829,0.584198,1.903974e+01,7.84744077e-03,0.974836,111.3176,276.4710
3,backend,numeric,10,1.8000,1.0e-03,-1,LAM,0.3829,0.584198,2.099104e+01,8.22361543e-03,0.969495,112.0523,74.3093
3,backend,numeric,10,1.8000,1.0e-03,-1,LAM,0.3829,0.584198,2.314231e+01,7.92264180e-03,0.970591,113.8549,93.9732
3,backend,numeric,10,1.8000,1.0e-03,-1,LAM,0.3829,0.584198,2.551407e+01,8.16848497e-03,0.965822,111.7402,92.5826
3,backend,numeric,10,1.8000,1.0e-03,-1,LAM,0.3829,0.584198,2.812889e+01,7.88604388e-03,0.968867,111.6736,67.0811
3,backend,numeric,10,1.8000,1.0e-03,-1,LAM,0.3829,0.584198,3.101169e+01,7.54591970e-03,0.969774,115.9228,155.6136
3,backend,numeric,10,1.8000,1.0e-03,-1,LAM,0.3829,0.584198,3.418994e+01,7.38928852e-03,0.966636,110.7048,53.7848
3,backend,numeric,10,1.8000,1.0e-03,-1,LAM,0.3829,0.584198,3.769391e+01,7.54158670e-03,0.970359,115.8326,217.2727
3,backend,numeric,10,1.8000,1.0e-03,-1,LAM,0.3829,0.584198,4.155699e+01,5.27852684e-03,0.965698,118.8192,48.0046
3,backend,numeric,10,1.8000,1.0e-03,-1,LAM,0.3829,0.584198,4.581598e+01,6.33132044e-03,0.977803,114.3109,322.2053
3,backend,numeric,10,1.8000,1.0e-03,-1,LAM,0.3829,0.584198,5.051145e+01,8.86645793e-03,0.970217,113.8885,135.1899
3,backend,numeric,10,1.8000,1.0e-03,-1,LAM,0.3829,0.584198,5.568814e+01,7.00302292e-03,0.974888,110.9212,313.7882
3,backend,numeric,10,1.8000,1.0e-03,-1,LAM,0.3829,0.584198,6.139537e+01,7.27043631e-03,0.972686,110.1364,316.4857
3,backend,numeric,10,1.8000,1.0e-03,-1,LAM,0.3829,0.584198,6.768750e+01,7.46214930e-03,0.970178,112.3581,266.9348
3,backend,numeric,10,1.8000,1.0e-03,-1,LAM,0.3829,0.584198,7.462449e+01,5.09150899e-03,0.967331,119.6039,39.8046
3,backend,numeric,10,1.8000,1.0e-03,-1,LAM,0.3829,0.584198,8.227241e+01,7.95014845e-03,0.970562,114.1584,127.1005
3,backend,numeric,10,1.8000,1.0e-03,-1,LAM,0.3829,0.584198,9.070414e+01,8.53757879e-03,0.967361,111.5883,100.7850
3,backend,numeric,10,1.8000,1.0e-03,-1,LAM,0.3829,0.584198,1.000000e+02,7.64962690e-03,0.970626,115.9011,139.3819
4,backend,numeric,13,10.0000,1.0e-03,-1,LAM,0.2660,0.694915,0.000000e+00,2.05485823e-03,0.457316,133.7912,305.6542
4,backend,numeric,13,10.0000,1.0e-03,-1,LAM,0.2660,0.694915,1.000000e-03,1.99912377e-03,0.470674,133.4001,227.1063
4,backend,numeric,13,10.0000,1.0e-03,-1,LAM,0.2660,0.694915,1.102485e-03,1.99348891e-03,0.472080,133.3035,219.2077
4,backend,numeric,13,10.0000,1.0e-03,-1,LAM,0.2660,0.694915,1.215474e-03,1.98729358e-03,0.473638,133.1936,210.5460
4,backend,numeric,13,10.0000,1.0e-03,-1,LAM,0.2660,0.694915,1.340043e-03,1.98048288e-03,0.475366,133.0749,201.0530
4,backend,numeric,13,10.0000,1.0e-03,-1,LAM,0.2660,0.694915,1.477378e-03,1.97299590e-03,0.477284,132.9551,190.6534
4,backend,numeric,13,10.0000,1.0e-03,-1,LAM,0.2660,0.694915,1.628787e-03,1.96476936e-03,0.479413,132.8456,179.2621
4,backend,numeric,13,10.0000,1.0e-03,-1,LAM,0.2660,0.694915,1.795714e-03,1.95573648e-03,0.481779,132.7607,166.7821
4,backend,numeric,13,10.0000,1.0e-03,-1,LAM,0.2660,0.694915,1.979749e-03,1.94582719e-03,0.484407,132.7145,153.1006
4,backend,numeric,13,10.0000,1.0e-03,-1,LAM,0.2660,0.694915,2.182645e-03,1.93496867e-03,0.487327,132.7166,138.0881
4,backend,numeric,13,10.0000,1.0e-03,-1,LAM,0.2660,0.694915,2.406334e-03,1.92308548e-03,0.490570,132.7649,121.5999
4,backend,numeric,13,10.0000,1.0e-03,-1,LAM,0.2660,0.694915,2.652948e-03,1.91009852e-03,0.494171,132.8406,103.4843
4,backend,numeric,13,10.0000,1.0e-03,-1,LAM,0.2660,0.694915,2.924837e-03,1.89592572e-03,0.498173,132.9089,83.5951
4,backend,numeric,13,10.0000,1.0e-03,-1,LAM,0.2660,0.694915,3.224591e-03,1.88047608e-03,0.502623,132.9308,61.8045
4,backend,numeric,13,10.0000,1.0e-03,-1,LAM,0.2660,0.694915,3.555064e-03,1.86365216e-03,0.507580,132.8835,38.0036
4,backend,numeric,13,10.0000,1.0e-03,-1,LAM,0.2660,0.694915,3.919407e-03,1.84535929e-03,0.513108,132.7722,12.0811
4,backend,numeric,13,10.0000,1.0e-03,-1,LAM,0.2660,0.694915,4.321089e-03,1.82552548e-03,0.519278,132.6126,343.8973
4,backend,numeric,13,10.0000,1.0e-03,-1,LAM,0.2660,0.694915,4.763938e-03,1.80408294e-03,0.526170,132.3916,313.2990
4,backend,numeric,13,10.0000,1.0e-03,-1,LAM,0.2660,0.694915,5.252173e-03,1.78093630e-03,0.533885,132.0737,280.1802
4,backend,numeric,13,10.0000,1.0e-03,-1,LAM,0.2660,0.694915,5.790444e-03,1.75600813e-03,0.542533,131.6964,244.5043
4,backend,numeric,13,10.0000,1.0e-03,-1,LAM,0.2660,0.694915,6.383880e-03,1.72928733e-03,0.552227,131.4181,206.1589
4,backend,numeric,13,10.0000,1.0e-03,-1,LAM,0.2660,0.694915,7.038136e-03,1.70083592e-03,0.563061,131.2978,164.8568
4,backend,numeric,13,10.0000,1.0e-03,-1,LAM,0.2660,0.694915,7.759442e-03,1.67076311e-03,0.575150,131.1181,120.4602
4,backend,numeric,13,10.0000,1.0e-03,-1,LAM,0.2660,0.694915,8.554673e-03,1.63921523e-03,0.588630,130.8920,73.2003
4,backend,numeric,13,10.0000,1.0e-03,-1,LAM,0.2660,0.694915,9.431402e-03,1.60655824e-03,0.603571,131.0429,22.8494
4,backend,numeric,13,10.0000,1.0e-03,-1,LAM,0.2660,0.694915,1.039798e-02,1.57323807e-03,0.620037,130.9606,328.8239
4,backend,numeric,13,10.0000,1.0e-03,-1,LAM,0.2660,0.694915,1.146363e-02,1.53942003e-03,0.638338,129.7055,272.4843
4,backend,numeric,13,10.0000,1.0e-03,-1,LAM,0.2660,0.694915,1.263848e-02,1.50559163e-03,0.658693,129.0591,215.0567
4,backend,numeric,13,10.0000,1.0e-03,-1,LAM,0.2660,0.694915,1.393374e-02,1.47314741e-03,0.680763,129.3170,154.8003
4,backend,numeric,13,10.0000,1.0e-03,-1,LAM,0.2660,0.694915,1.536175e-02,1.44300770e-03,0.704626,128.0316,93.1687
4,backend,numeric,13,10.0000,1.0e-03,-1,LAM,0.2660,0.694915,1.693611e-02,1.41646309e-03,0.730297,127.9440,32.1078
4,backend,numeric,13,10.0000,1.0e-03,-1,LAM,0.2660,0.694915,1.867181e-02,1.39639487e-03,0.756741,128.2073,328.7427
4,backend,numeric,13,10.0000,1.0e-03,-1,LAM,0.2660,0.694915,2.058540e-02,1.38328250e-03,0.784639,124.7280,267.7414
4,backend,numeric,13,10.0000,1.0e-03,-1,LAM,0.2660,0.694915,2.269511e-02,1.37939649e-03,0.813940,123.6416,212.4209
4,backend,numeric,13,10.0000,1.0e-03,-1,LAM,0.2660,0.694915,2.502102e-02,1.39268605e-03,0.841982,124.3240,158.6300
4,backend,numeric,13,10.0000,1.0e-03,-1,LAM,0.2660,0.694915,2.758532e-02,1.42592882e-03,0.869308,120.3038,109.7064
4,backend,numeric,13,10.0000,1.0e-03,-1,LAM,0.2660,0.694915,3.041241e-02,1.48143570e-03,0.896773,115.5421,70.5482
4,backend,numeric,13,10.0000,1.0e-03,-1,LAM,0.2660,0.694915,3.352924e-02,1.58036885e-03,0.921086,114.1317,39.4068
4,backend,numeric,13,10.0000,1.0e-03,-1,LAM,0.2660,0.694915,3.696550e-02,1.76478234e-03,0.939919,113.2855,14.7894
4,backend,numeric,13,10.0000,1.0e-03,-1,LAM,0.2660,0.694915,4.075393e-02,2.08980347e-03,0.954244,108.6546,357.1523
4,backend,numeric,13,10.0000,1.0e-03,-1,LAM,0.2660,0.694915,4.493062e-02,2.57943769e-03,0.968266,98.3594,358.0240
4,backend,numeric,13,10.0000,1.0e-03,-1,LAM,0.2660,0.694915,4.953535e-02,2.18145196e-03,0.983495,120.4906,37.8693
4,backend,numeric,13,10.0000,1.0e-03,-1,LAM,0.2660,0.694915,5.461201e-02,2.30978481e-03,0.962851,113.9493,101.8464
4,backend,numeric,13,10.0000,1.0e-03,-1,LAM,0.2660,0.694915,6.020894e-02,2.48641729e-03,0.977707,112.4378,147.3454
4,backend,numeric,13,10.0000,1.0e-03,-1,LAM,0.2660,0.694915,6.637949e-02,2.05224409e-03,0.963187,119.1330,220.6671
4,backend,numeric,13,10.0000,1.0e-03,-1,LAM,0.2660,0.694915,7.318242e-02,2.51220037e-03,0.976092,112.0522,278.5682
4,backend,numeric,13,10.0000,1.0e-03,-1,LAM,0.2660,0.694915,8.068256e-02,1.87527516e-03,0.964260,115.3798,3.3263
4,backend,numeric,13,10.0000,1.0e-03,-1,LAM,0.2660,0.694915,8.895135e-02,2.15981086e-03,0.972760,116.0383,80.3699
4,backend,numeric,13,10.0000,1.0e-03,-1,LAM,0.2660,0.694915,9.806757e-02,1.93118164e-03,0.969772,114.4180,185.0584
4,backend,numeric,13,10.0000,1.0e-03,-1,LAM,0.2660,0.694915,1.081181e-01,2.09724751e-03,0.973270,111.8750,293.3264
4,backend,numeric,13,10.0000,1.0e-03,-1,LAM,0.2660,0.694915,1.191986e-01,2.15194056e-03,0.968070,110.9345,54.8255
4,backend,numeric,13,10.0000,1.0e-03,-1,LAM,0.2660,0.694915,1.314147e-01,1.86420745e-03,0.967035,113.9475,197.4548
4,backend,numeric,13,10.0000,1.0e-03,-1,LAM,0.2660,0.694915,1.448828e-01,1.70774033e-03,0.970828,115.7140,345.2469
4,backend,numeric,13,10.0000,1.0e-03,-1,LAM,0.2660,0.694915,1.597312e-01,1.83953547e-03,0.972387,114.7015,148.9367
4,backend,numeric,13,10.0000,1.0e-03,-1,LAM,0.2660,0.694915,1.761014e-01,1.75472924e-03,0.972887,116.0498,335.5095
4,backend,numeric,13,10.0000,1.0e-03,-1,LAM,0.2660,0.694915,1.941492e-01,1.77064436e-03,0.970010,115.0054,180.0441
4,backend,numeric,13,10.0000,1.0e-03,-1,LAM,0.2660,0.694915,2.140467e-01,1.96269131e-03,0.966722,112.0763,42.3606
4,backend,numeric,13,10.0000,1.0e-03,-1,LAM,0.2660,0.694915,2.359833e-01,2.11039801e-03,0.972047,112.0725,292.6015
4,backend,numeric,13,10.0000,1.0e-03,-1,LAM,0.2660,0.694915,2.601682e-01,1.78382583e-03,0.968385,114.8706,208.4875
4,backend,numeric,13,10.0000,1.0e-03,-1,LAM,0.2660,0.694915,2.868317e-01,1.96832125e-03,0.972724,113.9297,140.9242
4,backend,numeric,13,10.0000,1.0e-03,-1,LAM,0.2660,0.694915,3.162278e-01,2.12063767e-03,0.971460,113.1392,111.4104
4,backend,numeric,13,10.0000,1.0e-03,-1,LAM,0.2660,0.694915,3.486365e-01,2.13150338e-03,0.971480,113.1954,116.0599
4,backend,numeric,13,10.0000,1.0e-03,-1,LAM,0.2660,0.694915,3.843667e-01,1.97183440e-03,0.972932,114.0886,157.4085
4,backend,numeric,13,10.0000,1.0e-03,-1,LAM,0.2660,0.694915,4.237587e-01,1.85468011e-03,0.967183,114.1171,243.7287
4,backend,numeric,13,10.0000,1.0e-03,-1,LAM,0.2660,0.694915,4.671878e-01,1.77658976e-03,0.974040,115.3615,1.7078
4,backend,numeric,13,10.0000,1.0e-03,-1,LAM,0.2660,0.694915,5.150678e-01,1.98141008e-03,0.973135,114.6556,168.6568
4,backend,numeric,13,10.0000,1.0e-03,-1,LAM,0.2660,0.694915,5.678548e-01,1.63986528e-03,0.967602,115.9060,41.6196
4,backend,numeric,13,10.0000,1.0e-03,-1,LAM,0.2660,0.694915,6.260517e-01,1.98075876e-03,0.973567,112.4383,319.5479
4,backend,numeric,13,10.0000,1.0e-03,-1,LAM,0.2660,0.694915,6.902129e-01,1.91352503e-03,0.974061,112.9065,320.8111
4,backend,numeric,13,10.0000,1.0e-03,-1,LAM,0.2660,0.694915,7.609497e-01,1.91696834e-03,0.965466,112.5343,54.5082
4,backend,numeric,13,10.0000,1.0e-03,-1,LAM,0.2660,0.694915,8.389360e-01,1.95779364e-03,0.967600,113.6657,204.2475
4,backend,numeric,13,10.0000,1.0e-03,-1,LAM,0.2660,0.694915,9.249147e-01,2.17954558e-03,0.971403,112.6146,87.2345
4,backend,numeric,13,10.0000,1.0e-03,-1,LAM,0.2660,0.694915,1.019705e+00,2.14763959e-03,0.968680,111.5230,56.0513
4,backend,numeric,13,10.0000,1.0e-03,-1,LAM,0.2660,0.694915,1.124210e+00,1.87867294e-03,0.972620,114.5726,135.2573
4,backend,numeric,13,10.0000,1.0e-03,-1,LAM,0.2660,0.694915,1.239425e+00,1.71024522e-03,0.970963,116.1989,356.9078
4,backend,numeric,13,10.0000,1.0e-03,-1,LAM,0.2660,0.694915,1.366448e+00,1.86504656e-03,0.974148,114.7501,347.2266
4,backend,numeric,13,10.0000,1.0e-03,-1,LAM,0.2660,0.694915,1.506489e+00,2.19937102e-03,0.968669,112.0201,101.9427
4,backend,numeric,13,10.0000,1.0e-03,-1,LAM,0.2660,0.694915,1.660883e+00,1.60903902e-03,0.969301,116.1380,25.9186
4,backend,numeric,13,10.0000,1.0e-03,-1,LAM,0.2660,0.694915,1.831099e+00,1.95097022e-03,0.972526,115.5938,143.3249
4,backend,numeric,13,10.0000,1.0e-03,-1,LAM,0.2660,0.694915,2.018760e+00,2.17106474e-03,0.970282,112.0983,69.7848
4,backend,numeric,13,10.0000,1.0e-03,-1,LAM,0.2660,0.694915,2.225654e+00,1.93930417e-03,0.966990,113.3877,230.6605
4,backend,numeric,13,10.0000,1.0e-03,-1,LAM,0.2660,0.694915,2.453751e+00,2.00749710e-03,0.967291,112.5286,266.0502
4,backend,numeric,13,10.0000,1.0e-03,-1,LAM,0.2660,0.694915,2.705225e+00,1.85795905e-03,0.970582,115.8890,185.8326
4,backend,numeric,13,10.0000,1.0e-03,-1,LAM,0.2660,0.694915,2.982471e+00,2.15178436e-03,0.968436,111.4288,56.5847
4,backend,numeric,13,10.0000,1.0e-03,-1,LAM,0.2660,0.694915,3.288131e+00,1.94186324e-03,0.966995,113.2620,242.5479
4,backend,numeric,13,10.0000,1.0e-03,-1,LAM,0.2660,0.694915,3.625117e+00,1.62550023e-03,0.967995,115.9518,36.5343
4,backend,numeric,13,10.0000,1.0e-03,-1,LAM,0.2660,0.694915,3.996639e+00,2.15039805e-03,0.969194,112.2470,235.8105
4,backend,numeric,13,10.0000,1.0e-03,-1,LAM,0.2660,0.694915,4.406236e+00,2.07171419e-03,0.972588,113.7945,142.4065
4,backend,numeric,13,10.0000,1.0e-03,-1,LAM,0.2660,0.694915,4.857812e+00,1.85240212e-03,0.970789,116.0031,159.8150
4,backend,numeric,13,10.0000,1.0e-03,-1,LAM,0.2660,0.694915,5.355667e+00,2.00542325e-03,0.973844,113.0798,328.2583
4,backend,numeric,13,10.0000,1.0e-03,-1,LAM,0.2660,0.694915,5.904545e+00,1.60579707e-03,0.970053,116.2328,350.9592
4,backend,numeric,13,10.0000,1.0e-03,-1,LAM,0.2660,0.694915,6.509675e+00,2.00873139e-03,0.967500,112.5305,264.5423
4,backend,numeric,13,10.0000,1.0e-03,-1,LAM,0.2660,0.694915,7.176822e+00,1.79730980e-03,0.971485,114.9108,160.6817
4,backend,numeric,13,10.0000,1.0e-03,-1,LAM,0.2660,0.694915,7.912343e+00,1.98953792e-03,0.973056,114.9725,124.6304
4,backend,numeric,13,10.0000,1.0e-03,-1,LAM,0.2660,0.694915,8.723243e+00,1.86229399e-03,0.970627,115.9169,182.3326
4,backend,numeric,13,10.0000,1.0e-03,-1,LAM,0.2660,0.694915,9.617249e+00,2.19102943e-03,0.968142,111.7098,99.2528
4,backend,numeric,13,10.0000,1.0e-03,-1,LAM,0.2660,0.694915,1.060288e+01,2.02150887e-03,0.973061,112.1742,315.3007
4,backend,numeric,13,10.0000,1.0e-03,-1,LAM,0.2660,0.694915,1.168952e+01,1.98034122e-03,0.967865,113.0479,235.1482
4,backend,numeric,13,10.0000,1.0e-03,-1,LAM,0.2660,0.694915,1.288752e+01,1.65560884e-03,0.972678,115.7661,336.5272
4,backend,numeric,13,10.0000,1.0e-03,-1,LAM,0.2660,0.694915,1.420831e+01,1.80057495e-03,0.973351,115.5511,334.9926
4,backend,numeric,13,10.0000,1.0e-03,-1,LAM,0.2660,0.694915,1.566445e+01,1.91286061e-03,0.965380,112.7404,65.5910
4,backend,numeric,13,10.0000,1.0e-03,-1,LAM,0.2660,0.694915,1.726983e+01,1.77438273e-03,0.966969,114.3327,28.4385
4,backend,numeric,13,10.0000,1.0e-03,-1,LAM,0.2660,0.694915,1.903974e+01,1.84540556e-03,0.965802,112.9463,19.5411
4,backend,numeric,13,10.0000,1.0e-03,-1,LAM,0.2660,0.694915,2.099104e+01,2.15959697e-03,0.970223,112.1898,245.6480
4,backend,numeric,13,10.0000,1.0e-03,-1,LAM,0.2660,0.694915,2.314231e+01,1.77549452e-03,0.968787,115.0820,183.5002
4,backend,numeric,13,10.0000,1.0e-03,-1,LAM,0.2660,0.694915,2.551407e+01,2.04438917e-03,0.966149,111.9669,79.9509
4,backend,numeric,13,10.0000,1.0e-03,-1,LAM,0.2660,0.694915,2.812889e+01,1.78930273e-03,0.971249,115.1114,157.3620
4,backend,numeric,13,10.0000,1.0e-03,-1,LAM,0.2660,0.694915,3.101169e+01,1.79150522e-03,0.965789,113.5570,15.5498
4,backend,numeric,13,10.0000,1.0e-03,-1,LAM,0.2660,0.694915,3.418994e+01,2.13810375e-03,0.971275,111.8814,278.0368
4,backend,numeric,13,10.0000,1.0e-03,-1,LAM,0.2660,0.694915,3.769391e+01,NaN,NaN,NaN,NaN
4,backend,numeric,13,10.0000,1.0e-03,-1,LAM,0.2660,0.694915,4.155699e+01,NaN,NaN,NaN,NaN
4,backend,numeric,13,10.0000,1.0e-03,-1,LAM,0.2660,0.694915,4.581598e+01,NaN,NaN,NaN,NaN
4,backend,numeric,13,10.0000,1.0e-03,-1,LAM,0.2660,0.694915,5.051145e+01,NaN,NaN,NaN,NaN
4,backend,numeric,13,10.0000,1.0e-03,-1,LAM,0.2660,0.694915,5.568814e+01,NaN,NaN,NaN,NaN
4,backend,numeric,13,10.0000,1.0e-03,-1,LAM,0.2660,0.694915,6.139537e+01,NaN,NaN,NaN,NaN
4,backend,numeric,13,10.0000,1.0e-03,-1,LAM,0.2660,0.694915,6.768750e+01,NaN,NaN,NaN,NaN
4,backend,numeric,13,10.0000,1.0e-03,-1,LAM,0.2660,0.694915,7.462449e+01,NaN,NaN,NaN,NaN
4,backend,numeric,13,10.0000,1.0e-03,-1,LAM,0.2660,0.694915,8.227241e+01,NaN,NaN,NaN,NaN
4,backend,numeric,13,10.0000,1.0e-03,-1,LAM,0.2660,0.694915,9.070414e+01,NaN,NaN,NaN,NaN
4,backend,numeric,13,10.0000,1.0e-03,-1,LAM,0.2660,0.694915,1.000000e+02,NaN,NaN,NaN,NaN
5,backend,numeric,17,0.1000,1.0e-03,-1,LAM,0.5704,0.406688,0.000000e+00,2.00076967e-03,0.666382,35.4915,235.3583
5,backend,numeric,17,0.1000,1.0e-03,-1,LAM,0.5704,0.406688,1.000000e-03,1.96334892e-03,0.671441,35.3740,192.3765
5,backend,numeric,17,0.1000,1.0e-03,-1,LAM,0.5704,0.406688,1.102485e-03,1.95948929e-03,0.671973,35.3805,188.0082
5,backend,numeric,17,0.1000,1.0e-03,-1,LAM,0.5704,0.406688,1.215474e-03,1.95522925e-03,0.672562,35.3868,183.2013
5,backend,numeric,17,0.1000,1.0e-03,-1,LAM,0.5704,0.406688,1.340043e-03,1.95052656e-03,0.673216,35.3911,177.9120
5,backend,numeric,17,0.1000,1.0e-03,-1,LAM,0.5704,0.406688,1.477378e-03,1.94533429e-03,0.673941,35.3907,172.0913
5,backend,numeric,17,0.1000,1.0e-03,-1,LAM,0.5704,0.406688,1.628787e-03,1.93960004e-03,0.674746,35.3820,165.6842
5,backend,numeric,17,0.1000,1.0e-03,-1,LAM,0.5704,0.406688,1.795714e-03,1.93326516e-03,0.675640,35.3600,158.6282
5,backend,numeric,17,0.1000,1.0e-03,-1,LAM,0.5704,0.406688,1.979749e-03,1.92626384e-03,0.676634,35.3191,150.8516
5,backend,numeric,17,0.1000,1.0e-03,-1,LAM,0.5704,0.406688,2.182645e-03,1.91852177e-03,0.677742,35.2533,142.2711
5,backend,numeric,17,0.1000,1.0e-03,-1,LAM,0.5704,0.406688,2.406334e-03,1.90995501e-03,0.678977,35.1582,132.7904
5,backend,numeric,17,0.1000,1.0e-03,-1,LAM,0.5704,0.406688,2.652948e-03,1.90046858e-03,0.680356,35.0330,122.2981
5,backend,numeric,17,0.1000,1.0e-03,-1,LAM,0.5704,0.406688,2.924837e-03,1.88995616e-03,0.681899,34.8844,110.6689
5,backend,numeric,17,0.1000,1.0e-03,-1,LAM,0.5704,0.406688,3.224591e-03,1.87830178e-03,0.683628,34.7302,97.7680
5,backend,numeric,17,0.1000,1.0e-03,-1,LAM,0.5704,0.406688,3.555064e-03,1.86537731e-03,0.685569,34.6018,83.4626
5,backend,numeric,17,0.1000,1.0e-03,-1,LAM,0.5704,0.406688,3.919407e-03,1.85104608e-03,0.687749,34.5403,67.6399
5,backend,numeric,17,0.1000,1.0e-03,-1,LAM,0.5704,0.406688,4.321089e-03,1.83516586e-03,0.690201,34.5805,50.2254
5,backend,numeric,17,0.1000,1.0e-03,-1,LAM,0.5704,0.406688,4.763938e-03,1.81758797e-03,0.692960,34.7200,31.1813
5,backend,numeric,17,0.1000,1.0e-03,-1,LAM,0.5704,0.406688,5.252173e-03,1.79813766e-03,0.696067,34.8811,10.4629
5,backend,numeric,17,0.1000,1.0e-03,-1,LAM,0.5704,0.406688,5.790444e-03,1.77658022e-03,0.699581,34.8955,347.9174
5,backend,numeric,17,0.1000,1.0e-03,-1,LAM,0.5704,0.406688,6.383880e-03,1.75257523e-03,0.703582,34.5583,323.1569
5,backend,numeric,17,0.1000,1.0e-03,-1,LAM,0.5704,0.406688,7.038136e-03,1.72565702e-03,0.708190,33.7873,295.4992
5,backend,numeric,17,0.1000,1.0e-03,-1,LAM,0.5704,0.406688,7.759442e-03,1.69528592e-03,0.713555,32.8232,264.1608
5,backend,numeric,17,0.1000,1.0e-03,-1,LAM,0.5704,0.406688,8.554673e-03,1.66101494e-03,0.719831,32.1960,228.8645
5,backend,numeric,17,0.1000,1.0e-03,-1,LAM,0.5704,0.406688,9.431402e-03,1.62253355e-03,0.727161,32.1310,190.2624
5,backend,numeric,17,0.1000,1.0e-03,-1,LAM,0.5704,0.406688,1.039798e-02,1.57939204e-03,0.735735,31.9919,148.7274
5,backend,numeric,17,0.1000,1.0e-03,-1,LAM,0.5704,0.406688,1.146363e-02,1.53059093e-03,0.745935,31.2235,102.7774
5,backend,numeric,17,0.1000,1.0e-03,-1,LAM,0.5704,0.406688,1.263848e-02,1.47502010e-03,0.758255,30.8460,51.1383
5,backend,numeric,17,0.1000,1.0e-03,-1,LAM,0.5704,0.406688,1.393374e-02,1.41202164e-03,0.773084,31.2349,356.2851
5,backend,numeric,17,0.1000,1.0e-03,-1,LAM,0.5704,0.406688,1.536175e-02,1.33963433e-03,0.791374,29.7429,297.9938
5,backend,numeric,17,0.1000,1.0e-03,-1,LAM,0.5704,0.406688,1.693611e-02,1.25362565e-03,0.815234,27.3642,230.7525
5,backend,numeric,17,0.1000,1.0e-03,-1,LAM,0.5704,0.406688,1.867181e-02,1.15020936e-03,0.846701,26.7996,159.9409
5,backend,numeric,17,0.1000,1.0e-03,-1,LAM,0.5704,0.406688,2.058540e-02,1.01867104e-03,0.889913,24.1811,87.1902
5,backend,numeric,17,0.1000,1.0e-03,-1,LAM,0.5704,0.406688,2.269511e-02,7.99828206e-04,0.953688,21.1731,16.7086
5,backend,numeric,17,0.1000,1.0e-03,-1,LAM,0.5704,0.406688,2.502102e-02,1.76373286e-03,0.999195,63.9605,38.6232
5,backend,numeric,17,0.1000,1.0e-03,-1,LAM,0.5704,0.406688,2.758532e-02,3.04152042e-03,0.999348,83.1579,59.6410
5,backend,numeric,17,0.1000,1.0e-03,-1,LAM,0.5704,0.406688,3.041241e-02,3.89087471e-03,0.999521,90.3300,77.4468
5,backend,numeric,17,0.1000,1.0e-03,-1,LAM,0.5704,0.406688,3.352924e-02,4.39307913e-03,0.999696,95.9969,94.9345
5,backend,numeric,17,0.1000,1.0e-03,-1,LAM,0.5704,0.406688,3.696550e-02,4.43911782e-03,0.999836,103.9113,113.9392
5,backend,numeric,17,0.1000,1.0e-03,-1,LAM,0.5704,0.406688,4.075393e-02,3.49519229e-03,0.999885,128.3084,138.9921
5,backend,numeric,17,0.1000,1.0e-03,-1,LAM,0.5704,0.406688,4.493062e-02,1.27141716e-03,0.951595,167.4860,195.7402
5,backend,numeric,17,0.1000,1.0e-03,-1,LAM,0.5704,0.406688,4.953535e-02,1.63871107e-03,0.869738,166.0316,172.7622
5,backend,numeric,17,0.1000,1.0e-03,-1,LAM,0.5704,0.406688,5.461201e-02,1.87767797e-03,0.804913,164.4453,101.9599
5,backend,numeric,17,0.1000,1.0e-03,-1,LAM,0.5704,0.406688,6.020894e-02,2.08601745e-03,0.749415,163.6447,352.1537
5,backend,numeric,17,0.1000,1.0e-03,-1,LAM,0.5704,0.406688,6.637949e-02,2.28094614e-03,0.699872,161.7642,199.7098
5,backend,numeric,17,0.1000,1.0e-03,-1,LAM,0.5704,0.406688,7.318242e-02,2.46967874e-03,0.654283,161.5847,357.2019
5,backend,numeric,17,0.1000,1.0e-03,-1,LAM,0.5704,0.406688,8.068256e-02,2.65539819e-03,0.612009,160.1915,103.0838
5,backend,numeric,17,0.1000,1.0e-03,-1,LAM,0.5704,0.406688,8.895135e-02,2.84044201e-03,0.572292,158.9879,146.8695
5,backend,numeric,17,0.1000,1.0e-03,-1,LAM,0.5704,0.406688,9.806757e-02,3.02531112e-03,0.534963,157.9334,121.1163
5,backend,numeric,17,0.1000,1.0e-03,-1,LAM,0.5704,0.406688,1.081181e-01,3.20996152e-03,0.499989,157.3753,13.9685
5,backend,numeric,17,0.1000,1.0e-03,-1,LAM,0.5704,0.406688,1.191986e-01,3.39278681e-03,0.467593,154.6764,176.0003
5,backend,numeric,17,0.1000,1.0e-03,-1,LAM,0.5704,0.406688,1.314147e-01,3.57014660e-03,0.438155,153.2973,235.3534
5,backend,numeric,17,0.1000,1.0e-03,-1,LAM,0.5704,0.406688,1.448828e-01,3.73476760e-03,0.412374,150.1254,186.0865
5,backend,numeric,17,0.1000,1.0e-03,-1,LAM,0.5704,0.406688,1.597312e-01,3.87783940e-03,0.390723,148.7865,18.9856
5,backend,numeric,17,0.1000,1.0e-03,-1,LAM,0.5704,0.406688,1.761014e-01,3.98928441e-03,0.373713,144.3866,88.8787
5,backend,numeric,17,0.1000,1.0e-03,-1,LAM,0.5704,0.406688,1.941492e-01,4.07051197e-03,0.361285,140.2858,27.9934
5,backend,numeric,17,0.1000,1.0e-03,-1,LAM,0.5704,0.406688,2.140467e-01,4.12942064e-03,0.353347,132.6312,191.2480
5,backend,numeric,17,0.1000,1.0e-03,-1,LAM,0.5704,0.406688,2.359833e-01,4.15754725e-03,0.350577,127.3225,214.7082
5,backend,numeric,17,0.1000,1.0e-03,-1,LAM,0.5704,0.406688,2.601682e-01,4.13982115e-03,0.354226,122.4479,113.0845
5,backend,numeric,17,0.1000,1.0e-03,-1,LAM,0.5704,0.406688,2.868317e-01,4.07932819e-03,0.365780,117.2885,274.0582
5,backend,numeric,17,0.1000,1.0e-03,-1,LAM,0.5704,0.406688,3.162278e-01,3.97626842e-03,0.388708,112.0381,27.6949
5,backend,numeric,17,0.1000,1.0e-03,-1,LAM,0.5704,0.406688,3.486365e-01,3.86193181e-03,0.425090,106.8275,187.1019
5,backend,numeric,17,0.1000,1.0e-03,-1,LAM,0.5704,0.406688,3.843667e-01,3.78029459e-03,0.474144,104.3706,123.7479
5,backend,numeric,17,0.1000,1.0e-03,-1,LAM,0.5704,0.406688,4.237587e-01,3.75822211e-03,0.532294,101.0954,256.8239
5,backend,numeric,17,0.1000,1.0e-03,-1,LAM,0.5704,0.406688,4.671878e-01,3.79587282e-03,0.594498,97.2990,239.9196
5,backend,numeric,17,0.1000,1.0e-03,-1,LAM,0.5704,0.406688,5.150678e-01,3.84730048e-03,0.656792,94.6866,47.2752
5,backend,numeric,17,0.1000,1.0e-03,-1,LAM,0.5704,0.406688,5.678548e-01,3.82181586e-03,0.720143,90.0081,356.2361
5,backend,numeric,17,0.1000,1.0e-03,-1,LAM,0.5704,0.406688,6.260517e-01,3.45854676e-03,0.794160,82.1389,27.5021
5,backend,numeric,17,0.1000,1.0e-03,-1,LAM,0.5704,0.406688,6.902129e-01,3.76692152e-03,0.994871,79.3681,104.3056
5,backend,numeric,17,0.1000,1.0e-03,-1,LAM,0.5704,0.406688,7.609497e-01,5.24490427e-03,0.772184,143.2871,302.0561
5,backend,numeric,17,0.1000,1.0e-03,-1,LAM,0.5704,0.406688,8.389360e-01,7.01380963e-03,0.696226,136.0708,329.8877
5,backend,numeric,17,0.1000,1.0e-03,-1,LAM,0.5704,0.406688,9.249147e-01,8.27404903e-03,0.688488,129.6554,334.5984
5,backend,numeric,17,0.1000,1.0e-03,-1,LAM,0.5704,0.406688,1.019705e+00,9.37173912e-03,0.713807,121.0111,58.8082
5,backend,numeric,17,0.1000,1.0e-03,-1,LAM,0.5704,0.406688,1.124210e+00,1.05521270e-02,0.752600,110.4525,249.1320
5,backend,numeric,17,0.1000,1.0e-03,-1,LAM,0.5704,0.406688,1.239425e+00,1.17458503e-02,0.801578,101.2394,211.5461
5,backend,numeric,17,0.1000,1.0e-03,-1,LAM,0.5704,0.406688,1.366448e+00,1.30900985e-02,0.847379,95.5962,269.0355
5,backend,numeric,17,0.1000,1.0e-03,-1,LAM,0.5704,0.406688,1.506489e+00,1.25869105e-02,0.906209,102.1810,32.8932
5,backend,numeric,17,0.1000,1.0e-03,-1,LAM,0.5704,0.406688,1.660883e+00,2.29132183e-02,0.993244,79.4907,258.1934
5,backend,numeric,17,0.1000,1.0e-03,-1,LAM,0.5704,0.406688,1.831099e+00,1.01312228e-01,0.997895,74.0746,334.8710
5,backend,numeric,17,0.1000,1.0e-03,-1,LAM,0.5704,0.406688,2.018760e+00,1.83140931e-01,0.998979,90.1382,15.3546
5,backend,numeric,17,0.1000,1.0e-03,-1,LAM,0.5704,0.406688,2.225654e+00,1.35824295e-01,0.999082,146.9260,11.0840
5,backend,numeric,17,0.1000,1.0e-03,-1,LAM,0.5704,0.406688,2.453751e+00,9.62051488e-02,0.952734,112.9227,294.4672
5,backend,numeric,17,0.1000,1.0e-03,-1,LAM,0.5704,0.406688,2.705225e+00,1.45132864e-01,0.994819,39.8387,324.4282
5,backend,numeric,17,0.1000,1.0e-03,-1,LAM,0.5704,0.406688,2.982471e+00,2.90076300e-01,0.999467,98.2680,42.1616
5,backend,numeric,17,0.1000,1.0e-03,-1,LAM,0.5704,0.406688,3.288131e+00,1.01387491e-01,0.978517,152.0501,304.8917
5,backend,numeric,17,0.1000,1.0e-03,-1,LAM,0.5704,0.406688,3.625117e+00,1.70977778e-01,0.986186,67.4344,343.3847
5,backend,numeric,17,0.1000,1.0e-03,-1,LAM,0.5704,0.406688,3.996639e+00,2.36101614e-01,0.996688,129.9282,20.8484
5,backend,numeric,17,0.1000,1.0e-03,-1,LAM,0.5704,0.406688,4.406236e+00,1.52815695e-01,0.975161,87.2493,324.5435
5,backend,numeric,17,0.1000,1.0e-03,-1,LAM,0.5704,0.406688,4.857812e+00,2.57564851e-01,0.996378,113.3197,20.5192
5,backend,numeric,17,0.1000,1.0e-03,-1,LAM,0.5704,0.406688,5.355667e+00,1.42949945e-01,0.978606,87.5364,330.1061
5,backend,numeric,17,0.1000,1.0e-03,-1,LAM,0.5704,0.406688,5.904545e+00,1.57753950e-01,0.993736,145.8045,356.1971
5,backend,numeric,17,0.1000,1.0e-03,-1,LAM,0.5704,0.406688,6.509675e+00,2.35833847e-01,0.992265,86.3761,13.0424
5,backend,numeric,17,0.1000,1.0e-03,-1,LAM,0.5704,0.406688,7.176822e+00,1.50123690e-01,0.979302,83.6507,333.5402
5,backend,numeric,17,0.1000,1.0e-03,-1,LAM,0.5704,0.406688,7.912343e+00,1.19163428e-01,0.965095,120.3647,320.3355
5,backend,numeric,17,0.1000,1.0e-03,-1,LAM,0.5704,0.406688,8.723243e+00,1.05283367e-01,0.962137,130.9944,327.9327
5,backend,numeric,17,0.1000,1.0e-03,-1,LAM,0.5704,0.406688,9.617249e+00,1.33596096e-01,0.965095,117.1130,322.5989
5,backend,numeric,17,0.1000,1.0e-03,-1,LAM,0.5704,0.406688,1.060288e+01,1.58790979e-01,0.977091,81.8107,342.1254
5,backend,numeric,17,0.1000,1.0e-03,-1,LAM,0.5704,0.406688,1.168952e+01,2.43098553e-01,0.993188,96.2016,17.7834
5,backend,numeric,17,0.1000,1.0e-03,-1,LAM,0.5704,0.406688,1.288752e+01,1.43013047e-01,0.986059,147.6015,335.0054
5,backend,numeric,17,0.1000,1.0e-03,-1,LAM,0.5704,0.406688,1.420831e+01,1.68382450e-01,0.985859,82.2938,351.4963
5,backend,numeric,17,0.1000,1.0e-03,-1,LAM,0.5704,0.406688,1.566445e+01,1.36237629e-01,0.961689,89.8892,318.0725
5,backend,numeric,17,0.1000,1.0e-03,-1,LAM,0.5704,0.406688,1.726983e+01,1.36185769e-01,0.974213,135.5786,321.7805
5,backend,numeric,17,0.1000,1.0e-03,-1,LAM,0.5704,0.406688,1.903974e+01,1.39349467e-01,0.968632,124.4454,316.2390
5,backend,numeric,17,0.1000,1.0e-03,-1,LAM,0.5704,0.406688,2.099104e+01,1.38057020e-01,0.966202,93.0480,324.3216
5,backend,numeric,17,0.1000,1.0e-03,-1,LAM,0.5704,0.406688,2.314231e+01,2.05951044e-01,0.995350,139.4933,19.7724
5,backend,numeric,17,0.1000,1.0e-03,-1,LAM,0.5704,0.406688,2.551407e+01,2.01155615e-01,0.988578,76.1104,0.9802
5,backend,numeric,17,0.1000,1.0e-03,-1,LAM,0.5704,0.406688,2.812889e+01,1.48378919e-01,0.979705,81.1779,339.6556
5,backend,numeric,17,0.1000,1.0e-03,-1,LAM,0.5704,0.406688,3.101169e+01,2.54526832e-01,0.996061,117.1511,18.4052
5,backend,numeric,17,0.1000,1.0e-03,-1,LAM,0.5704,0.406688,3.418994e+01,1.36555239e-01,0.979485,87.7274,332.4414
5,backend,numeric,17,0.1000,1.0e-03,-1,LAM,0.5704,0.406688,3.769391e+01,2.24019365e-01,0.987960,71.0915,354.5508
5,backend,numeric,17,0.1000,1.0e-03,-1,LAM,0.5704,0.406688,4.155699e+01,2.20613029e-01,0.996139,102.2710,15.0378
5,backend,numeric,17,0.1000,1.0e-03,-1,LAM,0.5704,0.406688,4.581598e+01,1.97568478e-01,0.994991,101.6533,13.2261
5,backend,numeric,17,0.1000,1.0e-03,-1,LAM,0.5704,0.406688,5.051145e+01,1.03950769e-01,0.960965,131.5703,333.6806
5,backend,numeric,17,0.1000,1.0e-03,-1,LAM,0.5704,0.406688,5.568814e+01,1.89238262e-01,0.997395,128.6223,11.4080
5,backend,numeric,17,0.1000,1.0e-03,-1,LAM,0.5704,0.406688,6.139537e+01,2.24283093e-01,0.990391,71.2333,350.3694
5,backend,numeric,17,0.1000,1.0e-03,-1,LAM,0.5704,0.406688,6.768750e+01,2.10431338e-01,0.992200,79.1958,353.9931
5,backend,numeric,17,0.1000,1.0e-03,-1,LAM,0.5704,0.406688,7.462449e+01,1.19475202e-01,0.979182,56.5925,328.9620
5,backend,numeric,17,0.1000,1.0e-03,-1,LAM,0.5704,0.406688,8.227241e+01,1.95136262e-01,0.990425,146.8620,337.1868
5,backend,numeric,17,0.1000,1.0e-03,-1,LAM,0.5704,0.406688,9.070414e+01,2.07231134e-01,0.993714,88.3758,5.6388
5,backend,numeric,17,0.1000,1.0e-03,-1,LAM,0.5704,0.406688,1.000000e+02,1.24260622e-01,0.968864,121.4483,317.0819
6,backend,numeric,20,1.8000,1.0e-03,-1,LAM,0.8496,0.142388,0.000000e+00,3.86597528e-04,0.858092,138.1520,69.7539
6,backend,numeric,20,1.8000,1.0e-03,-1,LAM,0.8496,0.142388,1.000000e-03,4.31846030e-04,0.822606,138.2186,357.1095
6,backend,numeric,20,1.8000,1.0e-03,-1,LAM,0.8496,0.142388,1.102485e-03,4.36076251e-04,0.819318,138.1826,348.6493
6,backend,numeric,20,1.8000,1.0e-03,-1,LAM,0.8496,0.142388,1.215474e-03,4.40665198e-04,0.815774,138.0283,339.1784
6,backend,numeric,20,1.8000,1.0e-03,-1,LAM,0.8496,0.142388,1.340043e-03,4.45633329e-04,0.811973,137.7082,328.6243
6,backend,numeric,20,1.8000,1.0e-03,-1,LAM,0.8496,0.142388,1.477378e-03,4.50998772e-04,0.807925,137.1823,316.9355
6,backend,numeric,20,1.8000,1.0e-03,-1,LAM,0.8496,0.142388,1.628787e-03,4.56779781e-04,0.803647,136.4372,304.0807
6,backend,numeric,20,1.8000,1.0e-03,-1,LAM,0.8496,0.142388,1.795714e-03,4.62994944e-04,0.799167,135.5117,290.0308
6,backend,numeric,20,1.8000,1.0e-03,-1,LAM,0.8496,0.142388,1.979749e-03,4.69663081e-04,0.794507,134.5212,274.7202
6,backend,numeric,20,1.8000,1.0e-03,-1,LAM,0.8496,0.142388,2.182645e-03,4.76809786e-04,0.789670,133.6591,257.9922
6,backend,numeric,20,1.8000,1.0e-03,-1,LAM,0.8496,0.142388,2.406334e-03,4.84483239e-04,0.784633,133.1507,239.5366
6,backend,numeric,20,1.8000,1.0e-03,-1,LAM,0.8496,0.142388,2.652948e-03,4.92745498e-04,0.779314,133.1407,218.8508
6,backend,numeric,20,1.8000,1.0e-03,-1,LAM,0.8496,0.142388,2.924837e-03,5.01675183e-04,0.773619,133.5113,195.2796
6,backend,numeric,20,1.8000,1.0e-03,-1,LAM,0.8496,0.142388,3.224591e-03,5.11330778e-04,0.767497,133.7580,168.2693
6,backend,numeric,20,1.8000,1.0e-03,-1,LAM,0.8496,0.142388,3.555064e-03,5.21711128e-04,0.761048,133.2181,137.8456
6,backend,numeric,20,1.8000,1.0e-03,-1,LAM,0.8496,0.142388,3.919407e-03,5.32747414e-04,0.754500,131.8432,104.6663
6,backend,numeric,20,1.8000,1.0e-03,-1,LAM,0.8496,0.142388,4.321089e-03,5.44437737e-04,0.747993,130.7119,68.9039
6,backend,numeric,20,1.8000,1.0e-03,-1,LAM,0.8496,0.142388,4.763938e-03,5.56942896e-04,0.741312,130.9118,29.1365
6,backend,numeric,20,1.8000,1.0e-03,-1,LAM,0.8496,0.142388,5.252173e-03,5.70465717e-04,0.734148,131.3685,343.3296
6,backend,numeric,20,1.8000,1.0e-03,-1,LAM,0.8496,0.142388,5.790444e-03,5.84892056e-04,0.726832,129.8690,292.2561
6,backend,numeric,20,1.8000,1.0e-03,-1,LAM,0.8496,0.142388,6.383880e-03,5.99933838e-04,0.719909,128.2457,237.9515
6,backend,numeric,20,1.8000,1.0e-03,-1,LAM,0.8496,0.142388,7.038136e-03,6.15976806e-04,0.712881,128.8156,177.3738
6,backend,numeric,20,1.8000,1.0e-03,-1,LAM,0.8496,0.142388,7.759442e-03,6.33186988e-04,0.705627,127.6227,109.0593
6,backend,numeric,20,1.8000,1.0e-03,-1,LAM,0.8496,0.142388,8.554673e-03,6.51174911e-04,0.698875,126.7667,35.9546
6,backend,numeric,20,1.8000,1.0e-03,-1,LAM,0.8496,0.142388,9.431402e-03,6.70533213e-04,0.691863,126.7291,313.1175
6,backend,numeric,20,1.8000,1.0e-03,-1,LAM,0.8496,0.142388,1.039798e-02,6.90643069e-04,0.685497,124.6948,224.4579
6,backend,numeric,20,1.8000,1.0e-03,-1,LAM,0.8496,0.142388,1.146363e-02,7.12038956e-04,0.679232,124.6569,126.1738
6,backend,numeric,20,1.8000,1.0e-03,-1,LAM,0.8496,0.142388,1.263848e-02,7.34454773e-04,0.673595,123.6991,20.3758
6,backend,numeric,20,1.8000,1.0e-03,-1,LAM,0.8496,0.142388,1.393374e-02,7.58319745e-04,0.668159,121.9669,263.2828
6,backend,numeric,20,1.8000,1.0e-03,-1,LAM,0.8496,0.142388,1.536175e-02,7.83193046e-04,0.663628,121.8257,138.0633
6,backend,numeric,20,1.8000,1.0e-03,-1,LAM,0.8496,0.142388,1.693611e-02,8.09280067e-04,0.659742,120.9298,2.9270
6,backend,numeric,20,1.8000,1.0e-03,-1,LAM,0.8496,0.142388,1.867181e-02,8.36655655e-04,0.656625,118.7874,216.8545
6,backend,numeric,20,1.8000,1.0e-03,-1,LAM,0.8496,0.142388,2.058540e-02,8.65251612e-04,0.654479,117.6044,60.8369
6,backend,numeric,20,1.8000,1.0e-03,-1,LAM,0.8496,0.142388,2.269511e-02,8.95238848e-04,0.653228,116.1353,253.6859
6,backend,numeric,20,1.8000,1.0e-03,-1,LAM,0.8496,0.142388,2.502102e-02,9.26267547e-04,0.653243,114.9961,77.7031
6,backend,numeric,20,1.8000,1.0e-03,-1,LAM,0.8496,0.142388,2.758532e-02,9.58983187e-04,0.654392,113.3830,250.9513
6,backend,numeric,20,1.8000,1.0e-03,-1,LAM,0.8496,0.142388,3.041241e-02,9.92899033e-04,0.657012,112.2227,56.4541
6,backend,numeric,20,1.8000,1.0e-03,-1,LAM,0.8496,0.142388,3.352924e-02,1.02832715e-03,0.660987,110.6854,212.4912
6,backend,numeric,20,1.8000,1.0e-03,-1,LAM,0.8496,0.142388,3.696550e-02,1.06491163e-03,0.666565,110.2876,1.8908
6,backend,numeric,20,1.8000,1.0e-03,-1,LAM,0.8496,0.142388,4.075393e-02,1.10243769e-03,0.673948,108.3940,144.7202
6,backend,numeric,20,1.8000,1.0e-03,-1,LAM,0.8496,0.142388,4.493062e-02,1.14080627e-03,0.683355,105.8812,282.6004
6,backend,numeric,20,1.8000,1.0e-03,-1,LAM,0.8496,0.142388,4.953535e-02,1.17788296e-03,0.695357,103.6007,60.1018
6,backend,numeric,20,1.8000,1.0e-03,-1,LAM,0.8496,0.142388,5.461201e-02,1.21443500e-03,0.709638,102.1790,194.7623
6,backend,numeric,20,1.8000,1.0e-03,-1,LAM,0.8496,0.142388,6.020894e-02,1.24958519e-03,0.726554,101.4852,331.1668
6,backend,numeric,20,1.8000,1.0e-03,-1,LAM,0.8496,0.142388,6.637949e-02,1.27831699e-03,0.746907,97.3324,111.8785
6,backend,numeric,20,1.8000,1.0e-03,-1,LAM,0.8496,0.142388,7.318242e-02,1.29906243e-03,0.770589,92.9662,255.1653
6,backend,numeric,20,1.8000,1.0e-03,-1,LAM,0.8496,0.142388,8.068256e-02,1.29975928e-03,0.798683,90.5241,48.6892
6,backend,numeric,20,1.8000,1.0e-03,-1,LAM,0.8496,0.142388,8.895135e-02,1.27377657e-03,0.830717,86.2568,202.4506
6,backend,numeric,20,1.8000,1.0e-03,-1,LAM,0.8496,0.142388,9.806757e-02,1.18254238e-03,0.869047,83.8162,1.3036
6,backend,numeric,20,1.8000,1.0e-03,-1,LAM,0.8496,0.142388,1.081181e-01,8.57873696e-04,0.931754,66.1450,137.6951
6,backend,numeric,20,1.8000,1.0e-03,-1,LAM,0.8496,0.142388,1.191986e-01,2.18163009e-03,0.998924,120.8193,199.1994
6,backend,numeric,20,1.8000,1.0e-03,-1,LAM,0.8496,0.142388,1.314147e-01,1.88794300e-03,0.851730,153.7142,172.1757
6,backend,numeric,20,1.8000,1.0e-03,-1,LAM,0.8496,0.142388,1.448828e-01,2.28996814e-03,0.812062,146.3993,329.2339
6,backend,numeric,20,1.8000,1.0e-03,-1,LAM,0.8496,0.142388,1.597312e-01,2.59616139e-03,0.818481,141.2666,118.0142
6,backend,numeric,20,1.8000,1.0e-03,-1,LAM,0.8496,0.142388,1.761014e-01,2.93108255e-03,0.847483,133.4324,288.9091
6,backend,numeric,20,1.8000,1.0e-03,-1,LAM,0.8496,0.142388,1.941492e-01,3.43084005e-03,0.885268,128.9265,155.1075
6,backend,numeric,20,1.8000,1.0e-03,-1,LAM,0.8496,0.142388,2.140467e-01,4.23153176e-03,0.923677,116.4946,72.9079
6,backend,numeric,20,1.8000,1.0e-03,-1,LAM,0.8496,0.142388,2.359833e-01,5.78802170e-03,0.947961,112.5008,23.7008
6,backend,numeric,20,1.8000,1.0e-03,-1,LAM,0.8496,0.142388,2.601682e-01,8.19728670e-03,0.967345,93.8374,5.2474
6,backend,numeric,20,1.8000,1.0e-03,-1,LAM,0.8496,0.142388,2.868317e-01,5.64501445e-03,0.964028,129.1785,87.9593
6,backend,numeric,20,1.8000,1.0e-03,-1,LAM,0.8496,0.142388,3.162278e-01,1.24969319e-02,0.970326,108.3844,120.5924
6,backend,numeric,20,1.8000,1.0e-03,-1,LAM,0.8496,0.142388,3.486365e-01,7.84375024e-03,0.970924,124.2506,203.6464
6,backend,numeric,20,1.8000,1.0e-03,-1,LAM,0.8496,0.142388,3.843667e-01,9.31331514e-03,0.975224,111.6056,294.0189
6,backend,numeric,20,1.8000,1.0e-03,-1,LAM,0.8496,0.142388,4.237587e-01,7.50404339e-03,0.965909,112.1355,49.4961
6,backend,numeric,20,1.8000,1.0e-03,-1,LAM,0.8496,0.142388,4.671878e-01,9.20331251e-03,0.970222,113.6239,159.4091
6,backend,numeric,20,1.8000,1.0e-03,-1,LAM,0.8496,0.142388,5.150678e-01,7.53594414e-03,0.969035,110.4751,298.8826
6,backend,numeric,20,1.8000,1.0e-03,-1,LAM,0.8496,0.142388,5.678548e-01,8.88918760e-03,0.966687,112.0348,100.8682
6,backend,numeric,20,1.8000,1.0e-03,-1,LAM,0.8496,0.142388,6.260517e-01,7.40894302e-03,0.969653,114.1495,257.7866
6,backend,numeric,20,1.8000,1.0e-03,-1,LAM,0.8496,0.142388,6.902129e-01,8.68281682e-03,0.967806,111.9821,106.2523
6,backend,numeric,20,1.8000,1.0e-03,-1,LAM,0.8496,0.142388,7.609497e-01,7.04017511e-03,0.975705,111.3405,305.9631
6,backend,numeric,20,1.8000,1.0e-03,-1,LAM,0.8496,0.142388,8.389360e-01,7.79651769e-03,0.969474,116.0543,186.6449
6,backend,numeric,20,1.8000,1.0e-03,-1,LAM,0.8496,0.142388,9.249147e-01,8.37942377e-03,0.970350,113.0915,91.7002
6,backend,numeric,20,1.8000,1.0e-03,-1,LAM,0.8496,0.142388,1.019705e+00,5.89248669e-03,0.963820,114.5457,17.7460
6,backend,numeric,20,1.8000,1.0e-03,-1,LAM,0.8496,0.142388,1.124210e+00,6.38271604e-03,0.977358,115.6293,318.2024
6,backend,numeric,20,1.8000,1.0e-03,-1,LAM,0.8496,0.142388,1.239425e+00,7.02196552e-03,0.975393,112.3321,313.1988
6,backend,numeric,20,1.8000,1.0e-03,-1,LAM,0.8496,0.142388,1.366448e+00,6.39523603e-03,0.976027,114.1207,347.2006
6,backend,numeric,20,1.8000,1.0e-03,-1,LAM,0.8496,0.142388,1.506489e+00,6.16962244e-03,0.963591,115.2441,62.2944
6,backend,numeric,20,1.8000,1.0e-03,-1,LAM,0.8496,0.142388,1.660883e+00,8.69876450e-03,0.971709,114.6869,153.5040
6,backend,numeric,20,1.8000,1.0e-03,-1,LAM,0.8496,0.142388,1.831099e+00,6.88892938e-03,0.977137,112.3570,305.5779
6,backend,numeric,20,1.8000,1.0e-03,-1,LAM,0.8496,0.142388,2.018760e+00,7.54097806e-03,0.969972,115.8833,152.0138
6,backend,numeric,20,1.8000,1.0e-03,-1,LAM,0.8496,0.142388,2.225654e+00,7.44419116e-03,0.966802,110.9783,59.8357
6,backend,numeric,20,1.8000,1.0e-03,-1,LAM,0.8496,0.142388,2.453751e+00,5.54743392e-03,0.965195,117.3461,48.6186
6,backend,numeric,20,1.8000,1.0e-03,-1,LAM,0.8496,0.142388,2.705225e+00,8.07337485e-03,0.965641,111.1972,87.5230
6,backend,numeric,20,1.8000,1.0e-03,-1,LAM,0.8496,0.142388,2.982471e+00,7.81974595e-03,0.968318,115.3226,189.3124
6,backend,numeric,20,1.8000,1.0e-03,-1,LAM,0.8496,0.142388,3.288131e+00,6.33230667e-03,0.964822,113.1460,44.4785
6,backend,numeric,20,1.8000,1.0e-03,-1,LAM,0.8496,0.142388,3.625117e+00,6.71453663e-03,0.976052,111.6408,334.5100
6,backend,numeric,20,1.8000,1.0e-03,-1,LAM,0.8496,0.142388,3.996639e+00,6.58806645e-03,0.963824,112.0287,28.6477
6,backend,numeric,20,1.8000,1.0e-03,-1,LAM,0.8496,0.142388,4.406236e+00,7.83502423e-03,0.972449,114.1682,180.9008
6,backend,numeric,20,1.8000,1.0e-03,-1,LAM,0.8496,0.142388,4.857812e+00,8.42175687e-03,0.971052,114.2948,115.5402
6,backend,numeric,20,1.8000,1.0e-03,-1,LAM,0.8496,0.142388,5.355667e+00,7.78067687e-03,0.971970,114.0292,173.4863
6,backend,numeric,20,1.8000,1.0e-03,-1,LAM,0.8496,0.142388,5.904545e+00,7.43667632e-03,0.964877,110.5426,49.8364
6,backend,numeric,20,1.8000,1.0e-03,-1,LAM,0.8496,0.142388,6.509675e+00,7.53255685e-03,0.964424,112.0440,80.8425
6,backend,numeric,20,1.8000,1.0e-03,-1,LAM,0.8496,0.142388,7.176822e+00,7.76915562e-03,0.972590,111.1940,278.2324
6,backend,numeric,20,1.8000,1.0e-03,-1,LAM,0.8496,0.142388,7.912343e+00,4.97066719e-03,0.967582,119.8306,3.6498
6,backend,numeric,20,1.8000,1.0e-03,-1,LAM,0.8496,0.142388,8.723243e+00,7.47771150e-03,0.971882,111.1286,280.2544
6,backend,numeric,20,1.8000,1.0e-03,-1,LAM,0.8496,0.142388,9.617249e+00,8.91353873e-03,0.968725,112.6713,118.1434
6,backend,numeric,20,1.8000,1.0e-03,-1,LAM,0.8496,0.142388,1.060288e+01,7.57356277e-03,0.971959,116.0053,209.3574
6,backend,numeric,20,1.8000,1.0e-03,-1,LAM,0.8496,0.142388,1.168952e+01,7.46779734e-03,0.969784,113.1700,257.1611
6,backend,numeric,20,1.8000,1.0e-03,-1,LAM,0.8496,0.142388,1.288752e+01,7.52608890e-03,0.975586,111.2849,283.5973
6,backend,numeric,20,1.8000,1.0e-03,-1,LAM,0.8496,0.142388,1.420831e+01,6.69057079e-03,0.976398,113.8597,319.1145
6,backend,numeric,20,1.8000,1.0e-03,-1,LAM,0.8496,0.142388,1.566445e+01,6.78730635e-03,0.963374,113.3926,69.1750
6,backend,numeric,20,1.8000,1.0e-03,-1,LAM,0.8496,0.142388,1.726983e+01,7.19851877e-03,0.969321,114.9209,231.3187
6,backend,numeric,20,1.8000,1.0e-03,-1,LAM,0.8496,0.142388,1.903974e+01,7.62143665e-03,0.968579,115.4697,182.1061
6,backend,numeric,20,1.8000,1.0e-03,-1,LAM,0.8496,0.142388,2.099104e+01,5.60797093e-03,0.976533,118.7677,329.4934
6,backend,numeric,20,1.8000,1.0e-03,-1,LAM,0.8496,0.142388,2.314231e+01,5.22413845e-03,0.968141,118.3786,1.0627
6,backend,numeric,20,1.8000,1.0e-03,-1,LAM,0.8496,0.142388,2.551407e+01,6.75474322e-03,0.976271,111.8632,343.3650
6,backend,numeric,20,1.8000,1.0e-03,-1,LAM,0.8496,0.142388,2.812889e+01,6.09801414e-03,0.976889,116.7423,324.7719
6,backend,numeric,20,1.8000,1.0e-03,-1,LAM,0.8496,0.142388,3.101169e+01,7.99370169e-03,0.967925,110.7972,59.4719
6,backend,numeric,20,1.8000,1.0e-03,-1,LAM,0.8496,0.142388,3.418994e+01,7.01167075e-03,0.976131,112.8365,308.9219
6,backend,numeric,20,1.8000,1.0e-03,-1,LAM,0.8496,0.142388,3.769391e+01,8.86157870e-03,0.970152,113.3380,127.2655
6,backend,numeric,20,1.8000,1.0e-03,-1,LAM,0.8496,0.142388,4.155699e+01,7.27202803e-03,0.969689,111.1401,291.1016
6,backend,numeric,20,1.8000,1.0e-03,-1,LAM,0.8496,0.142388,4.581598e+01,7.86299758e-03,0.969130,114.3973,219.9201
6,backend,numeric,20,1.8000,1.0e-03,-1,LAM,0.8496,0.142388,5.051145e+01,5.32960945e-03,0.965761,118.5543,47.5427
6,backend,numeric,20,1.8000,1.0e-03,-1,LAM,0.8496,0.142388,5.568814e+01,7.56428097e-03,0.970610,115.9767,213.7114
6,backend,numeric,20,1.8000,1.0e-03,-1,LAM,0.8496,0.142388,6.139537e+01,7.18313227e-03,0.972113,115.4854,211.5468
6,backend,numeric,20,1.8000,1.0e-03,-1,LAM,0.8496,0.142388,6.768750e+01,8.27723582e-03,0.972052,115.5954,171.3315
6,backend,numeric,20,1.8000,1.0e-03,-1,LAM,0.8496,0.142388,7.462449e+01,7.31508023e-03,0.970029,111.7751,281.1854
6,backend,numeric,20,1.8000,1.0e-03,-1,LAM,0.8496,0.142388,8.227241e+01,6.08161810e-03,0.964943,113.8917,37.8238
6,backend,numeric,20,1.8000,1.0e-03,-1,LAM,0.8496,0.142388,9.070414e+01,5.82588599e-03,0.976702,115.9814,350.6648
6,backend,numeric,20,1.8000,1.0e-03,-1,LAM,0.8496,0.142388,1.000000e+02,7.55498153e-03,0.965841,110.1580,45.6808
7,backend,numeric,23,10.0000,1.0e-03,-1,LAM,0.2976,0.665027,0.000000e+00,3.33215928e-03,0.478995,77.5178,269.6629
7,backend,numeric,23,10.0000,1.0e-03,-1,LAM,0.2976,0.665027,1.000000e-03,3.08509865e-03,0.517893,77.1795,230.3755
7,backend,numeric,23,10.0000,1.0e-03,-1,LAM,0.2976,0.665027,1.102485e-03,3.06069239e-03,0.522073,77.1415,226.5316
7,backend,numeric,23,10.0000,1.0e-03,-1,LAM,0.2976,0.665027,1.215474e-03,3.03400930e-03,0.526717,77.1028,222.3328
7,backend,numeric,23,10.0000,1.0e-03,-1,LAM,0.2976,0.665027,1.340043e-03,3.00487294e-03,0.531881,77.0650,217.7514
7,backend,numeric,23,10.0000,1.0e-03,-1,LAM,0.2976,0.665027,1.477378e-03,2.97310297e-03,0.537625,77.0303,212.7584
7,backend,numeric,23,10.0000,1.0e-03,-1,LAM,0.2976,0.665027,1.628787e-03,2.93851892e-03,0.544017,77.0012,207.3244
7,backend,numeric,23,10.0000,1.0e-03,-1,LAM,0.2976,0.665027,1.795714e-03,2.90094498e-03,0.551130,76.9806,201.4198
7,backend,numeric,23,10.0000,1.0e-03,-1,LAM,0.2976,0.665027,1.979749e-03,2.86021631e-03,0.559048,76.9713,195.0154
7,backend,numeric,23,10.0000,1.0e-03,-1,LAM,0.2976,0.665027,2.182645e-03,2.81618572e-03,0.567861,76.9752,188.0831
7,backend,numeric,23,10.0000,1.0e-03,-1,LAM,0.2976,0.665027,2.406334e-03,2.76873293e-03,0.577666,76.9920,180.5967
7,backend,numeric,23,10.0000,1.0e-03,-1,LAM,0.2976,0.665027,2.652948e-03,2.71777731e-03,0.588566,77.0178,172.5327
7,backend,numeric,23,10.0000,1.0e-03,-1,LAM,0.2976,0.665027,2.924837e-03,2.66328730e-03,0.600668,77.0437,163.8707
7,backend,numeric,23,10.0000,1.0e-03,-1,LAM,0.2976,0.665027,3.224591e-03,2.60529778e-03,0.614083,77.0545,154.5938
7,backend,numeric,23,10.0000,1.0e-03,-1,LAM,0.2976,0.665027,3.555064e-03,2.54391984e-03,0.628916,77.0296,144.6880
7,backend,numeric,23,10.0000,1.0e-03,-1,LAM,0.2976,0.665027,3.919407e-03,2.47935948e-03,0.645260,76.9457,134.1420
7,backend,numeric,23,10.0000,1.0e-03,-1,LAM,0.2976,0.665027,4.321089e-03,2.41192379e-03,0.663193,76.7849,122.9469
7,backend,numeric,23,10.0000,1.0e-03,-1,LAM,0.2976,0.665027,4.763938e-03,2.34203601e-03,0.682762,76.5456,111.0957
7,backend,numeric,23,10.0000,1.0e-03,-1,LAM,0.2976,0.665027,5.252173e-03,2.27023652e-03,0.703959,76.2554,98.5869
7,backend,numeric,23,10.0000,1.0e-03,-1,LAM,0.2976,0.665027,5.790444e-03,2.19719364e-03,0.726704,75.9816,85.4357
7,backend,numeric,23,10.0000,1.0e-03,-1,LAM,0.2976,0.665027,6.383880e-03,2.12371761e-03,0.750827,75.8279,71.6898
7,backend,numeric,23,10.0000,1.0e-03,-1,LAM,0.2976,0.665027,7.038136e-03,2.05073047e-03,0.776034,75.9090,57.4504
7,backend,numeric,23,10.0000,1.0e-03,-1,LAM,0.2976,0.665027,7.759442e-03,1.97924460e-03,0.801891,76.3003,42.8847
7,backend,numeric,23,10.0000,1.0e-03,-1,LAM,0.2976,0.665027,8.554673e-03,1.91020827e-03,0.827829,76.9746,28.2100
7,backend,numeric,23,10.0000,1.0e-03,-1,LAM,0.2976,0.665027,9.431402e-03,1.84434693e-03,0.853193,77.7575,13.6416
7,backend,numeric,23,10.0000,1.0e-03,-1,LAM,0.2976,0.665027,1.039798e-02,1.78174975e-03,0.877305,78.3267,359.3378
7,backend,numeric,23,10.0000,1.0e-03,-1,LAM,0.2976,0.665027,1.146363e-02,1.72087442e-03,0.899546,78.2517,345.3518
7,backend,numeric,23,10.0000,1.0e-03,-1,LAM,0.2976,0.665027,1.263848e-02,1.65697166e-03,0.919504,77.0414,331.5946
7,backend,numeric,23,10.0000,1.0e-03,-1,LAM,0.2976,0.665027,1.393374e-02,1.57756348e-03,0.937119,74.1121,317.7944
7,backend,numeric,23,10.0000,1.0e-03,-1,LAM,0.2976,0.665027,1.536175e-02,1.44336702e-03,0.952923,68.3574,303.4194
7,backend,numeric,23,10.0000,1.0e-03,-1,LAM,0.2976,0.665027,1.693611e-02,1.29427608e-03,0.974341,59.6394,300.6393
7,backend,numeric,23,10.0000,1.0e-03,-1,LAM,0.2976,0.665027,1.867181e-02,2.08665844e-03,0.990211,71.5548,318.8694
7,backend,numeric,23,10.0000,1.0e-03,-1,LAM,0.2976,0.665027,2.058540e-02,2.92651983e-03,0.994359,81.6892,334.1820
7,backend,numeric,23,10.0000,1.0e-03,-1,LAM,0.2976,0.665027,2.269511e-02,3.61196069e-03,0.996951,88.2085,347.7376
7,backend,numeric,23,10.0000,1.0e-03,-1,LAM,0.2976,0.665027,2.502102e-02,4.07585653e-03,0.998602,94.0468,1.0325
7,backend,numeric,23,10.0000,1.0e-03,-1,LAM,0.2976,0.665027,2.758532e-02,4.21170830e-03,0.999478,101.8377,15.2592
7,backend,numeric,23,10.0000,1.0e-03,-1,LAM,0.2976,0.665027,3.041241e-02,3.69268209e-03,0.999821,119.3466,33.0260
7,backend,numeric,23,10.0000,1.0e-03,-1,LAM,0.2976,0.665027,3.352924e-02,1.61405467e-03,0.997870,161.0702,69.4801
7,backend,numeric,23,10.0000,1.0e-03,-1,LAM,0.2976,0.665027,3.696550e-02,1.40367503e-03,0.928614,162.8670,100.1023
7,backend,numeric,23,10.0000,1.0e-03,-1,LAM,0.2976,0.665027,4.075393e-02,1.63868514e-03,0.910582,157.9062,80.0825
7,backend,numeric,23,10.0000,1.0e-03,-1,LAM,0.2976,0.665027,4.493062e-02,1.84653529e-03,0.914956,154.1836,54.9601
7,backend,numeric,23,10.0000,1.0e-03,-1,LAM,0.2976,0.665027,4.953535e-02,2.10798188e-03,0.927849,151.2463,30.9472
7,backend,numeric,23,10.0000,1.0e-03,-1,LAM,0.2976,0.665027,5.461201e-02,2.51388073e-03,0.942248,147.1564,10.5325
7,backend,numeric,23,10.0000,1.0e-03,-1,LAM,0.2976,0.665027,6.020894e-02,3.27059370e-03,0.955260,139.4475,356.4248
7,backend,numeric,23,10.0000,1.0e-03,-1,LAM,0.2976,0.665027,6.637949e-02,4.90089552e-03,0.966351,126.4689,1.7447
7,backend,numeric,23,10.0000,1.0e-03,-1,LAM,0.2976,0.665027,7.318242e-02,4.15448773e-03,0.974910,128.3558,35.2114
7,backend,numeric,23,10.0000,1.0e-03,-1,LAM,0.2976,0.665027,8.068256e-02,3.41344303e-03,0.968399,126.5639,88.4714
7,backend,numeric,23,10.0000,1.0e-03,-1,LAM,0.2976,0.665027,8.895135e-02,2.94219697e-03,0.973623,120.2327,149.2329
7,backend,numeric,23,10.0000,1.0e-03,-1,LAM,0.2976,0.665027,9.806757e-02,2.61927402e-03,0.967664,117.6974,232.7910
7,backend,numeric,23,10.0000,1.0e-03,-1,LAM,0.2976,0.665027,1.081181e-01,1.98023260e-03,0.973505,118.1350,327.0872
7,backend,numeric,23,10.0000,1.0e-03,-1,LAM,0.2976,0.665027,1.191986e-01,2.23039113e-03,0.971176,114.0601,78.0103
7,backend,numeric,23,10.0000,1.0e-03,-1,LAM,0.2976,0.665027,1.314147e-01,2.01044592e-03,0.967210,113.9669,219.7126
7,backend,numeric,23,10.0000,1.0e-03,-1,LAM,0.2976,0.665027,1.448828e-01,1.71998844e-03,0.967420,115.2812,7.1935
7,backend,numeric,23,10.0000,1.0e-03,-1,LAM,0.2976,0.665027,1.597312e-01,1.76971108e-03,0.970063,115.1891,172.5293
7,backend,numeric,23,10.0000,1.0e-03,-1,LAM,0.2976,0.665027,1.761014e-01,1.69085567e-03,0.969557,115.9133,356.8336
7,backend,numeric,23,10.0000,1.0e-03,-1,LAM,0.2976,0.665027,1.941492e-01,1.80741693e-03,0.967823,114.7109,202.8574
7,backend,numeric,23,10.0000,1.0e-03,-1,LAM,0.2976,0.665027,2.140467e-01,2.08344195e-03,0.968262,111.6984,59.7873
7,backend,numeric,23,10.0000,1.0e-03,-1,LAM,0.2976,0.665027,2.359833e-01,2.01238146e-03,0.973684,113.1902,311.5968
7,backend,numeric,23,10.0000,1.0e-03,-1,LAM,0.2976,0.665027,2.601682e-01,1.89214537e-03,0.967067,113.7845,230.1818
7,backend,numeric,23,10.0000,1.0e-03,-1,LAM,0.2976,0.665027,2.868317e-01,1.85845079e-03,0.972430,114.4275,163.3548
7,backend,numeric,23,10.0000,1.0e-03,-1,LAM,0.2976,0.665027,3.162278e-01,2.04077135e-03,0.972473,113.6789,131.8625
7,backend,numeric,23,10.0000,1.0e-03,-1,LAM,0.2976,0.665027,3.486365e-01,2.04965973e-03,0.972517,113.7170,136.4294
7,backend,numeric,23,10.0000,1.0e-03,-1,LAM,0.2976,0.665027,3.843667e-01,1.85283785e-03,0.972515,114.6254,179.5600
7,backend,numeric,23,10.0000,1.0e-03,-1,LAM,0.2976,0.665027,4.237587e-01,1.99401385e-03,0.967142,112.6579,263.6976
7,backend,numeric,23,10.0000,1.0e-03,-1,LAM,0.2976,0.665027,4.671878e-01,1.64796242e-03,0.970663,116.5861,24.5396
7,backend,numeric,23,10.0000,1.0e-03,-1,LAM,0.2976,0.665027,5.150678e-01,1.85433331e-03,0.972259,115.2740,189.7809
7,backend,numeric,23,10.0000,1.0e-03,-1,LAM,0.2976,0.665027,5.678548e-01,1.82685935e-03,0.965365,113.6358,62.7383
7,backend,numeric,23,10.0000,1.0e-03,-1,LAM,0.2976,0.665027,6.260517e-01,1.84086138e-03,0.974409,113.6841,341.5985
7,backend,numeric,23,10.0000,1.0e-03,-1,LAM,0.2976,0.665027,6.902129e-01,1.76241612e-03,0.974102,114.3724,343.9015
7,backend,numeric,23,10.0000,1.0e-03,-1,LAM,0.2976,0.665027,7.609497e-01,2.10043174e-03,0.966873,111.4612,72.9992
7,backend,numeric,23,10.0000,1.0e-03,-1,LAM,0.2976,0.665027,8.389360e-01,2.05500750e-03,0.968156,112.6665,222.4446
7,backend,numeric,23,10.0000,1.0e-03,-1,LAM,0.2976,0.665027,9.249147e-01,2.09622041e-03,0.972835,113.8530,106.3565
7,backend,numeric,23,10.0000,1.0e-03,-1,LAM,0.2976,0.665027,1.019705e+00,2.16750800e-03,0.970793,112.3424,74.5383
7,backend,numeric,23,10.0000,1.0e-03,-1,LAM,0.2976,0.665027,1.124210e+00,1.78621619e-03,0.971142,115.1490,158.0290
7,backend,numeric,23,10.0000,1.0e-03,-1,LAM,0.2976,0.665027,1.239425e+00,1.73189800e-03,0.967674,115.0087,17.5569
7,backend,numeric,23,10.0000,1.0e-03,-1,LAM,0.2976,0.665027,1.366448e+00,1.71429673e-03,0.971953,116.3250,8.6959
7,backend,numeric,23,10.0000,1.0e-03,-1,LAM,0.2976,0.665027,1.506489e+00,2.21568643e-03,0.970704,112.8295,120.1945
7,backend,numeric,23,10.0000,1.0e-03,-1,LAM,0.2976,0.665027,1.660883e+00,1.72635677e-03,0.965886,114.5833,49.0703
7,backend,numeric,23,10.0000,1.0e-03,-1,LAM,0.2976,0.665027,1.831099e+00,1.85960998e-03,0.970760,116.0045,163.4424
7,backend,numeric,23,10.0000,1.0e-03,-1,LAM,0.2976,0.665027,2.018760e+00,2.12940415e-03,0.972079,113.0919,88.9253
7,backend,numeric,23,10.0000,1.0e-03,-1,LAM,0.2976,0.665027,2.225654e+00,2.06542844e-03,0.967760,112.2465,250.1742
7,backend,numeric,23,10.0000,1.0e-03,-1,LAM,0.2976,0.665027,2.453751e+00,2.10350286e-03,0.968779,111.6455,284.9372
7,backend,numeric,23,10.0000,1.0e-03,-1,LAM,0.2976,0.665027,2.705225e+00,1.86284375e-03,0.968643,114.9944,205.5145
7,backend,numeric,23,10.0000,1.0e-03,-1,LAM,0.2976,0.665027,2.982471e+00,2.18025601e-03,0.970636,112.2178,74.9289
7,backend,numeric,23,10.0000,1.0e-03,-1,LAM,0.2976,0.665027,3.288131e+00,2.06564707e-03,0.967859,112.0884,262.0050
7,backend,numeric,23,10.0000,1.0e-03,-1,LAM,0.2976,0.665027,3.625117e+00,1.79626093e-03,0.965430,113.8878,58.4760
7,backend,numeric,23,10.0000,1.0e-03,-1,LAM,0.2976,0.665027,3.996639e+00,2.15227071e-03,0.971138,112.1930,254.6457
7,backend,numeric,23,10.0000,1.0e-03,-1,LAM,0.2976,0.665027,4.406236e+00,1.95434286e-03,0.972985,114.2245,163.5921
7,backend,numeric,23,10.0000,1.0e-03,-1,LAM,0.2976,0.665027,4.857812e+00,1.85223556e-03,0.968626,115.2634,179.7704
7,backend,numeric,23,10.0000,1.0e-03,-1,LAM,0.2976,0.665027,5.355667e+00,1.84670764e-03,0.973996,114.9920,348.5718
7,backend,numeric,23,10.0000,1.0e-03,-1,LAM,0.2976,0.665027,5.904545e+00,1.69307596e-03,0.966234,114.7881,14.2444
7,backend,numeric,23,10.0000,1.0e-03,-1,LAM,0.2976,0.665027,6.509675e+00,2.09587008e-03,0.968929,111.7464,283.3825
7,backend,numeric,23,10.0000,1.0e-03,-1,LAM,0.2976,0.665027,7.176822e+00,1.76770164e-03,0.969309,115.0993,183.8635
7,backend,numeric,23,10.0000,1.0e-03,-1,LAM,0.2976,0.665027,7.912343e+00,1.86747716e-03,0.971832,115.8634,145.1619
7,backend,numeric,23,10.0000,1.0e-03,-1,LAM,0.2976,0.665027,8.723243e+00,1.86486323e-03,0.968684,115.0495,201.9866
7,backend,numeric,23,10.0000,1.0e-03,-1,LAM,0.2976,0.665027,9.617249e+00,2.22837541e-03,0.970343,112.4302,117.2001
7,backend,numeric,23,10.0000,1.0e-03,-1,LAM,0.2976,0.665027,1.060288e+01,1.89623219e-03,0.974341,113.2071,336.7077
7,backend,numeric,23,10.0000,1.0e-03,-1,LAM,0.2976,0.665027,1.168952e+01,2.05767362e-03,0.968786,112.2263,253.4954
7,backend,numeric,23,10.0000,1.0e-03,-1,LAM,0.2976,0.665027,1.288752e+01,1.61119558e-03,0.968478,115.9833,1.1162
7,backend,numeric,23,10.0000,1.0e-03,-1,LAM,0.2976,0.665027,1.420831e+01,1.69715953e-03,0.970333,116.1470,356.3070
7,backend,numeric,23,10.0000,1.0e-03,-1,LAM,0.2976,0.665027,1.566445e+01,2.10506574e-03,0.966719,111.6129,84.0220
7,backend,numeric,23,10.0000,1.0e-03,-1,LAM,0.2976,0.665027,1.726983e+01,1.93603676e-03,0.966582,112.4156,46.5688
7,backend,numeric,23,10.0000,1.0e-03,-1,LAM,0.2976,0.665027,1.903974e+01,2.03289406e-03,0.966735,111.5054,37.6792
7,backend,numeric,23,10.0000,1.0e-03,-1,LAM,0.2976,0.665027,2.099104e+01,2.12175047e-03,0.972209,112.3040,264.8236
7,backend,numeric,23,10.0000,1.0e-03,-1,LAM,0.2976,0.665027,2.314231e+01,1.87037464e-03,0.967123,114.1695,205.2153
7,backend,numeric,23,10.0000,1.0e-03,-1,LAM,0.2976,0.665027,2.551407e+01,2.18127586e-03,0.968090,111.8598,97.6207
7,backend,numeric,23,10.0000,1.0e-03,-1,LAM,0.2976,0.665027,2.812889e+01,1.77328236e-03,0.968924,115.1372,180.2093
7,backend,numeric,23,10.0000,1.0e-03,-1,LAM,0.2976,0.665027,3.101169e+01,1.99594300e-03,0.966244,111.6990,34.1317
7,backend,numeric,23,10.0000,1.0e-03,-1,LAM,0.2976,0.665027,3.418994e+01,2.06431145e-03,0.973222,112.6809,296.8134
7,backend,numeric,23,10.0000,1.0e-03,-1,LAM,0.2976,0.665027,3.769391e+01,2.03243670e-03,0.968327,112.4829,245.5368
7,backend,numeric,23,10.0000,1.0e-03,-1,LAM,0.2976,0.665027,4.155699e+01,NaN,NaN,NaN,NaN
7,backend,numeric,23,10.0000,1.0e-03,-1,LAM,0.2976,0.665027,4.581598e+01,NaN,NaN,NaN,NaN
7,backend,numeric,23,10.0000,1.0e-03,-1,LAM,0.2976,0.665027,5.051145e+01,NaN,NaN,NaN,NaN
7,backend,numeric,23,10.0000,1.0e-03,-1,LAM,0.2976,0.665027,5.568814e+01,NaN,NaN,NaN,NaN
7,backend,numeric,23,10.0000,1.0e-03,-1,LAM,0.2976,0.665027,6.139537e+01,NaN,NaN,NaN,NaN
7,backend,numeric,23,10.0000,1.0e-03,-1,LAM,0.2976,0.665027,6.768750e+01,NaN,NaN,NaN,NaN
7,backend,numeric,23,10.0000,1.0e-03,-1,LAM,0.2976,0.665027,7.462449e+01,NaN,NaN,NaN,NaN
7,backend,numeric,23,10.0000,1.0e-03,-1,LAM,0.2976,0.665027,8.227241e+01,NaN,NaN,NaN,NaN
7,backend,numeric,23,10.0000,1.0e-03,-1,LAM,0.2976,0.665027,9.070414e+01,NaN,NaN,NaN,NaN
7,backend,numeric,23,10.0000,1.0e-03,-1,LAM,0.2976,0.665027,1.000000e+02,NaN,NaN,NaN,NaN
8,backend,numeric,27,0.1000,1.0e-03,-1,SAM,0.7748,0.041263,0.000000e+00,5.43604690e-04,0.991303,108.2356,16.8400
8,backend,numeric,27,0.1000,1.0e-03,-1,SAM,0.7748,0.041263,1.000000e-03,4.00992237e-04,0.956244,132.1591,75.1775
8,backend,numeric,27,0.1000,1.0e-03,-1,SAM,0.7748,0.041263,1.102485e-03,4.21454526e-04,0.952369,130.5357,74.5245
8,backend,numeric,27,0.1000,1.0e-03,-1,SAM,0.7748,0.041263,1.215474e-03,4.39892764e-04,0.948399,129.1064,73.3887
8,backend,numeric,27,0.1000,1.0e-03,-1,SAM,0.7748,0.041263,1.340043e-03,4.57195945e-04,0.944350,127.8136,71.7830
8,backend,numeric,27,0.1000,1.0e-03,-1,SAM,0.7748,0.041263,1.477378e-03,4.73831613e-04,0.940222,126.6337,69.6937
8,backend,numeric,27,0.1000,1.0e-03,-1,SAM,0.7748,0.041263,1.628787e-03,4.90096718e-04,0.936008,125.5600,67.0899
8,backend,numeric,27,0.1000,1.0e-03,-1,SAM,0.7748,0.041263,1.795714e-03,5.06195640e-04,0.931700,124.5978,63.9282
8,backend,numeric,27,0.1000,1.0e-03,-1,SAM,0.7748,0.041263,1.979749e-03,5.22295102e-04,0.927288,123.7601,60.1542
8,backend,numeric,27,0.1000,1.0e-03,-1,SAM,0.7748,0.041263,2.182645e-03,5.38542058e-04,0.922755,123.0663,55.6990
8,backend,numeric,27,0.1000,1.0e-03,-1,SAM,0.7748,0.041263,2.406334e-03,5.55060031e-04,0.918077,122.5403,50.4751
8,backend,numeric,27,0.1000,1.0e-03,-1,SAM,0.7748,0.041263,2.652948e-03,5.71976327e-04,0.913224,122.2040,44.3749
8,backend,numeric,27,0.1000,1.0e-03,-1,SAM,0.7748,0.041263,2.924837e-03,5.89422586e-04,0.908158,122.0695,37.2645
8,backend,numeric,27,0.1000,1.0e-03,-1,SAM,0.7748,0.041263,3.224591e-03,6.07528534e-04,0.902838,122.1255,28.9777
8,backend,numeric,27,0.1000,1.0e-03,-1,SAM,0.7748,0.041263,3.555064e-03,6.26419325e-04,0.897222,122.3168,19.3153
8,backend,numeric,27,0.1000,1.0e-03,-1,SAM,0.7748,0.041263,3.919407e-03,6.46199211e-04,0.891290,122.5185,8.0587
8,backend,numeric,27,0.1000,1.0e-03,-1,SAM,0.7748,0.041263,4.321089e-03,6.66913057e-04,0.885053,122.5173,355.0071
8,backend,numeric,27,0.1000,1.0e-03,-1,SAM,0.7748,0.041263,4.763938e-03,6.88509873e-04,0.878595,122.0217,340.0499
8,backend,numeric,27,0.1000,1.0e-03,-1,SAM,0.7748,0.041263,5.252173e-03,7.10818280e-04,0.872101,120.7428,323.2507
8,backend,numeric,27,0.1000,1.0e-03,-1,SAM,0.7748,0.041263,5.790444e-03,7.33485350e-04,0.865815,118.5743,304.8514
8,backend,numeric,27,0.1000,1.0e-03,-1,SAM,0.7748,0.041263,6.383880e-03,7.56129199e-04,0.860015,115.7920,285.1096
8,backend,numeric,27,0.1000,1.0e-03,-1,SAM,0.7748,0.041263,7.038136e-03,7.78447279e-04,0.854799,113.1301,264.0429
8,backend,numeric,27,0.1000,1.0e-03,-1,SAM,0.7748,0.041263,7.759442e-03,8.00752725e-04,0.850026,111.5399,241.2853
8,backend,numeric,27,0.1000,1.0e-03,-1,SAM,0.7748,0.041263,8.554673e-03,8.24073195e-04,0.845300,111.5916,216.1044
8,backend,numeric,27,0.1000,1.0e-03,-1,SAM,0.7748,0.041263,9.431402e-03,8.49670850e-04,0.840162,112.6778,187.5362
8,backend,numeric,27,0.1000,1.0e-03,-1,SAM,0.7748,0.041263,1.039798e-02,8.77796116e-04,0.834566,112.8095,155.0354
8,backend,numeric,27,0.1000,1.0e-03,-1,SAM,0.7748,0.041263,1.146363e-02,9.06822635e-04,0.829220,110.4281,119.5144
8,backend,numeric,27,0.1000,1.0e-03,-1,SAM,0.7748,0.041263,1.263848e-02,9.34692209e-04,0.824862,107.2517,82.1114
8,backend,numeric,27,0.1000,1.0e-03,-1,SAM,0.7748,0.041263,1.393374e-02,9.62296536e-04,0.821080,106.9102,41.8393
8,backend,numeric,27,0.1000,1.0e-03,-1,SAM,0.7748,0.041263,1.536175e-02,9.93739889e-04,0.816764,108.7127,356.3402
8,backend,numeric,27,0.1000,1.0e-03,-1,SAM,0.7748,0.041263,1.693611e-02,1.02805522e-03,0.812249,106.6148,305.6108
8,backend,numeric,27,0.1000,1.0e-03,-1,SAM,0.7748,0.041263,1.867181e-02,1.05862914e-03,0.809202,101.9531,252.8436
8,backend,numeric,27,0.1000,1.0e-03,-1,SAM,0.7748,0.041263,2.058540e-02,1.08792554e-03,0.806912,102.6219,196.5267
8,backend,numeric,27,0.1000,1.0e-03,-1,SAM,0.7748,0.041263,2.269511e-02,1.12255683e-03,0.804063,102.4826,134.1728
8,backend,numeric,27,0.1000,1.0e-03,-1,SAM,0.7748,0.041263,2.502102e-02,1.15353473e-03,0.802344,98.4368,67.7477
8,backend,numeric,27,0.1000,1.0e-03,-1,SAM,0.7748,0.041263,2.758532e-02,1.18561059e-03,0.800896,100.8046,355.1523
8,backend,numeric,27,0.1000,1.0e-03,-1,SAM,0.7748,0.041263,3.041241e-02,1.22018357e-03,0.799549,96.0633,275.8165
8,backend,numeric,27,0.1000,1.0e-03,-1,SAM,0.7748,0.041263,3.352924e-02,1.24381684e-03,0.800349,95.4014,191.9824
8,backend,numeric,27,0.1000,1.0e-03,-1,SAM,0.7748,0.041263,3.696550e-02,1.27178473e-03,0.800963,92.8897,101.9691
8,backend,numeric,27,0.1000,1.0e-03,-1,SAM,0.7748,0.041263,4.075393e-02,1.29058600e-03,0.803303,93.7564,3.5094
8,backend,numeric,27,0.1000,1.0e-03,-1,SAM,0.7748,0.041263,4.493062e-02,1.30892062e-03,0.806054,87.6650,256.3653
8,backend,numeric,27,0.1000,1.0e-03,-1,SAM,0.7748,0.041263,4.953535e-02,1.30976611e-03,0.811536,88.4520,142.0024
8,backend,numeric,27,0.1000,1.0e-03,-1,SAM,0.7748,0.041263,5.461201e-02,1.29500551e-03,0.819481,86.1247,15.9046
8,backend,numeric,27,0.1000,1.0e-03,-1,SAM,0.7748,0.041263,6.020894e-02,1.26537905e-03,0.829836,79.1883,236.4945
8,backend,numeric,27,0.1000,1.0e-03,-1,SAM,0.7748,0.041263,6.637949e-02,1.18922191e-03,0.847146,75.6666,83.6499
8,backend,numeric,27,0.1000,1.0e-03,-1,SAM,0.7748,0.041263,7.318242e-02,1.05206631e-03,0.874448,69.4958,264.7092
8,backend,numeric,27,0.1000,1.0e-03,-1,SAM,0.7748,0.041263,8.068256e-02,5.96857964e-04,0.955848,51.7301,42.8993
8,backend,numeric,27,0.1000,1.0e-03,-1,SAM,0.7748,0.041263,8.895135e-02,1.15718717e-03,0.996785,143.2631,160.7812
8,backend,numeric,27,0.1000,1.0e-03,-1,SAM,0.7748,0.041263,9.806757e-02,1.46938513e-03,0.825405,143.1794,62.8796
8,backend,numeric,27,0.1000,1.0e-03,-1,SAM,0.7748,0.041263,1.081181e-01,1.82723430e-03,0.744313,139.9408,165.8510
8,backend,numeric,27,0.1000,1.0e-03,-1,SAM,0.7748,0.041263,1.191986e-01,2.12521002e-03,0.691273,135.5164,201.0476
8,backend,numeric,27,0.1000,1.0e-03,-1,SAM,0.7748,0.041263,1.314147e-01,2.39138064e-03,0.655065,132.5332,185.3365
8,backend,numeric,27,0.1000,1.0e-03,-1,SAM,0.7748,0.041263,1.448828e-01,2.63567372e-03,0.630995,129.5000,129.6142
8,backend,numeric,27,0.1000,1.0e-03,-1,SAM,0.7748,0.041263,1.597312e-01,2.86319805e-03,0.616521,126.7939,43.5469
8,backend,numeric,27,0.1000,1.0e-03,-1,SAM,0.7748,0.041263,1.761014e-01,3.07893040e-03,0.609679,123.6633,293.2697
8,backend,numeric,27,0.1000,1.0e-03,-1,SAM,0.7748,0.041263,1.941492e-01,3.28588931e-03,0.610182,120.4677,173.7418
8,backend,numeric,27,0.1000,1.0e-03,-1,SAM,0.7748,0.041263,2.140467e-01,3.49191354e-03,0.616257,117.9975,51.3265
8,backend,numeric,27,0.1000,1.0e-03,-1,SAM,0.7748,0.041263,2.359833e-01,3.70528822e-03,0.626786,114.6928,291.1007
8,backend,numeric,27,0.1000,1.0e-03,-1,SAM,0.7748,0.041263,2.601682e-01,3.92499373e-03,0.641893,111.3668,187.5314
8,backend,numeric,27,0.1000,1.0e-03,-1,SAM,0.7748,0.041263,2.868317e-01,4.15269422e-03,0.660631,107.8659,104.0303
8,backend,numeric,27,0.1000,1.0e-03,-1,SAM,0.7748,0.041263,3.162278e-01,4.38731701e-03,0.682438,106.6727,43.1751
8,backend,numeric,27,0.1000,1.0e-03,-1,SAM,0.7748,0.041263,3.486365e-01,4.62411769e-03,0.706438,104.4926,7.8674
8,backend,numeric,27,0.1000,1.0e-03,-1,SAM,0.7748,0.041263,3.843667e-01,4.84218859e-03,0.732946,101.2836,359.9387
8,backend,numeric,27,0.1000,1.0e-03,-1,SAM,0.7748,0.041263,4.237587e-01,4.99725284e-03,0.762542,98.0707,17.3606
8,backend,numeric,27,0.1000,1.0e-03,-1,SAM,0.7748,0.041263,4.671878e-01,5.00597728e-03,0.796855,92.0707,53.7729
8,backend,numeric,27,0.1000,1.0e-03,-1,SAM,0.7748,0.041263,5.150678e-01,4.73112743e-03,0.839314,80.1769,97.4783
8,backend,numeric,27,0.1000,1.0e-03,-1,SAM,0.7748,0.041263,5.678548e-01,3.62300707e-03,0.908913,64.7048,126.0811
8,backend,numeric,27,0.1000,1.0e-03,-1,SAM,0.7748,0.041263,6.260517e-01,5.04189545e-03,0.881168,136.5750,109.1638
8,backend,numeric,27,0.1000,1.0e-03,-1,SAM,0.7748,0.041263,6.902129e-01,7.36881883e-03,0.782315,127.7879,122.1054
8,backend,numeric,27,0.1000,1.0e-03,-1,SAM,0.7748,0.041263,7.609497e-01,8.93111619e-03,0.759477,123.2936,96.7437
8,backend,numeric,27,0.1000,1.0e-03,-1,SAM,0.7748,0.041263,8.389360e-01,1.02535817e-02,0.766042,118.0588,91.1161
8,backend,numeric,27,0.1000,1.0e-03,-1,SAM,0.7748,0.041263,9.249147e-01,1.14918631e-02,0.788138,110.4956,127.6004
8,backend,numeric,27,0.1000,1.0e-03,-1,SAM,0.7748,0.041263,1.019705e+00,1.28120264e-02,0.815946,100.0531,211.1526
8,backend,numeric,27,0.1000,1.0e-03,-1,SAM,0.7748,0.041263,1.124210e+00,1.41567405e-02,0.848417,113.1234,352.1725
8,backend,numeric,27,0.1000,1.0e-03,-1,SAM,0.7748,0.041263,1.239425e+00,1.39683559e-02,0.895340,81.6327,161.6799
8,backend,numeric,27,0.1000,1.0e-03,-1,SAM,0.7748,0.041263,1.366448e+00,1.39543288e-02,0.928793,97.9844,4.2440
8,backend,numeric,27,0.1000,1.0e-03,-1,SAM,0.7748,0.041263,1.506489e+00,3.96124161e-02,0.995428,78.4593,334.5283
8,backend,numeric,27,0.1000,1.0e-03,-1,SAM,0.7748,0.041263,1.660883e+00,7.49630912e-02,0.998887,109.0132,30.9614
8,backend,numeric,27,0.1000,1.0e-03,-1,SAM,0.7748,0.041263,1.831099e+00,4.62920557e-02,0.926488,147.9854,288.8964
8,backend,numeric,27,0.1000,1.0e-03,-1,SAM,0.7748,0.041263,2.018760e+00,5.01203456e-02,0.944101,69.6315,235.9087
8,backend,numeric,27,0.1000,1.0e-03,-1,SAM,0.7748,0.041263,2.225654e+00,1.18017286e-01,0.996964,65.6523,214.5174
8,backend,numeric,27,0.1000,1.0e-03,-1,SAM,0.7748,0.041263,2.453751e+00,2.57760884e-01,0.999154,58.3163,203.3426
8,backend,numeric,27,0.1000,1.0e-03,-1,SAM,0.7748,0.041263,2.705225e+00,4.14876868e-01,0.999717,71.2024,170.3337
8,backend,numeric,27,0.1000,1.0e-03,-1,SAM,0.7748,0.041263,2.982471e+00,5.04907217e-01,0.999882,97.4064,174.3535
8,backend,numeric,27,0.1000,1.0e-03,-1,SAM,0.7748,0.041263,3.288131e+00,5.32244755e-01,0.999962,85.5638,201.2750
8,backend,numeric,27,0.1000,1.0e-03,-1,SAM,0.7748,0.041263,3.625117e+00,7.17231537e-01,0.999985,70.0315,175.1451
8,backend,numeric,27,0.1000,1.0e-03,-1,SAM,0.7748,0.041263,3.996639e+00,8.29773242e-01,0.999995,101.3880,175.7259
8,backend,numeric,27,0.1000,1.0e-03,-1,SAM,0.7748,0.041263,4.406236e+00,8.91867825e-01,0.999999,74.7720,196.7817
8,backend,numeric,27,0.1000,1.0e-03,-1,SAM,0.7748,0.041263,4.857812e+00,NaN,NaN,NaN,NaN
8,backend,numeric,27,0.1000,1.0e-03,-1,SAM,0.7748,0.041263,5.355667e+00,NaN,NaN,NaN,NaN
8,backend,numeric,27,0.1000,1.0e-03,-1,SAM,0.7748,0.041263,5.904545e+00,NaN,NaN,NaN,NaN
8,backend,numeric,27,0.1000,1.0e-03,-1,SAM,0.7748,0.041263,6.509675e+00,NaN,NaN,NaN,NaN
8,backend,numeric,27,0.1000,1.0e-03,-1,SAM,0.7748,0.041263,7.176822e+00,NaN,NaN,NaN,NaN
8,backend,numeric,27,0.1000,1.0e-03,-1,SAM,0.7748,0.041263,7.912343e+00,NaN,NaN,NaN,NaN
8,backend,numeric,27,0.1000,1.0e-03,-1,SAM,0.7748,0.041263,8.723243e+00,NaN,NaN,NaN,NaN
8,backend,numeric,27,0.1000,1.0e-03,-1,SAM,0.7748,0.041263,9.617249e+00,NaN,NaN,NaN,NaN
8,backend,numeric,27,0.1000,1.0e-03,-1,SAM,0.7748,0.041263,1.060288e+01,NaN,NaN,NaN,NaN
8,backend,numeric,27,0.1000,1.0e-03,-1,SAM,0.7748,0.041263,1.168952e+01,NaN,NaN,NaN,NaN
8,backend,numeric,27,0.1000,1.0e-03,-1,SAM,0.7748,0.041263,1.288752e+01,NaN,NaN,NaN,NaN
8,backend,numeric,27,0.1000,1.0e-03,-1,SAM,0.7748,0.041263,1.420831e+01,NaN,NaN,NaN,NaN
8,backend,numeric,27,0.1000,1.0e-03,-1,SAM,0.7748,0.041263,1.566445e+01,NaN,NaN,NaN,NaN
8,backend,numeric,27,0.1000,1.0e-03,-1,SAM,0.7748,0.041263,1.726983e+01,NaN,NaN,NaN,NaN
8,backend,numeric,27,0.1000,1.0e-03,-1,SAM,0.7748,0.041263,1.903974e+01,NaN,NaN,NaN,NaN
8,backend,numeric,27,0.1000,1.0e-03,-1,SAM,0.7748,0.041263,2.099104e+01,NaN,NaN,NaN,NaN
8,backend,numeric,27,0.1000,1.0e-03,-1,SAM,0.7748,0.041263,2.314231e+01,NaN,NaN,NaN,NaN
8,backend,numeric,27,0.1000,1.0e-03,-1,SAM,0.7748,0.041263,2.551407e+01,NaN,NaN,NaN,NaN
8,backend,numeric,27,0.1000,1.0e-03,-1,SAM,0.7748,0.041263,2.812889e+01,NaN,NaN,NaN,NaN
8,backend,numeric,27,0.1000,1.0e-03,-1,SAM,0.7748,0.041263,3.101169e+01,NaN,NaN,NaN,NaN
8,backend,numeric,27,0.1000,1.0e-03,-1,SAM,0.7748,0.041263,3.418994e+01,NaN,NaN,NaN,NaN
8,backend,numeric,27,0.1000,1.0e-03,-1,SAM,0.7748,0.041263,3.769391e+01,NaN,NaN,NaN,NaN
8,backend,numeric,27,0.1000,1.0e-03,-1,SAM,0.7748,0.041263,4.155699e+01,NaN,NaN,NaN,NaN
8,backend,numeric,27,0.1000,1.0e-03,-1,SAM,0.7748,0.041263,4.581598e+01,NaN,NaN,NaN,NaN
8,backend,numeric,27,0.1000,1.0e-03,-1,SAM,0.7748,0.041263,5.051145e+01,NaN,NaN,NaN,NaN
8,backend,numeric,27,0.1000,1.0e-03,-1,SAM,0.7748,0.041263,5.568814e+01,NaN,NaN,NaN,NaN
8,backend,numeric,27,0.1000,1.0e-03,-1,SAM,0.7748,0.041263,6.139537e+01,NaN,NaN,NaN,NaN
8,backend,numeric,27,0.1000,1.0e-03,-1,SAM,0.7748,0.041263,6.768750e+01,NaN,NaN,NaN,NaN
8,backend,numeric,27,0.1000,1.0e-03,-1,SAM,0.7748,0.041263,7.462449e+01,NaN,NaN,NaN,NaN
8,backend,numeric,27,0.1000,1.0e-03,-1,SAM,0.7748,0.041263,8.227241e+01,NaN,NaN,NaN,NaN
8,backend,numeric,27,0.1000,1.0e-03,-1,SAM,0.7748,0.041263,9.070414e+01,NaN,NaN,NaN,NaN
8,backend,numeric,27,0.1000,1.0e-03,-1,SAM,0.7748,0.041263,1.000000e+02,NaN,NaN,NaN,NaN
9,backend,numeric,30,1.8000,1.0e-03,-1,LAM,0.7415,0.244702,0.000000e+00,5.85356922e-04,0.783878,41.0071,247.9681
9,backend,numeric,30,1.8000,1.0e-03,-1,LAM,0.7415,0.244702,1.000000e-03,5.39234124e-04,0.810234,40.6717,150.7620
9,backend,numeric,30,1.8000,1.0e-03,-1,LAM,0.7415,0.244702,1.102485e-03,5.34269299e-04,0.813213,40.3892,141.1558
9,backend,numeric,30,1.8000,1.0e-03,-1,LAM,0.7415,0.244702,1.215474e-03,5.28713063e-04,0.816589,39.9835,130.5170
9,backend,numeric,30,1.8000,1.0e-03,-1,LAM,0.7415,0.244702,1.340043e-03,5.22475928e-04,0.820437,39.4530,118.6815
9,backend,numeric,30,1.8000,1.0e-03,-1,LAM,0.7415,0.244702,1.477378e-03,5.15450416e-04,0.824846,38.8254,105.4633
9,backend,numeric,30,1.8000,1.0e-03,-1,LAM,0.7415,0.244702,1.628787e-03,5.07512949e-04,0.829922,38.1719,90.6796
9,backend,numeric,30,1.8000,1.0e-03,-1,LAM,0.7415,0.244702,1.795714e-03,4.98525408e-04,0.835783,37.6077,74.2043
9,backend,numeric,30,1.8000,1.0e-03,-1,LAM,0.7415,0.244702,1.979749e-03,4.88333209e-04,0.842555,37.2609,56.0401
9,backend,numeric,30,1.8000,1.0e-03,-1,LAM,0.7415,0.244702,2.182645e-03,4.76749409e-04,0.850375,37.1918,36.3582
9,backend,numeric,30,1.8000,1.0e-03,-1,LAM,0.7415,0.244702,2.406334e-03,4.63527071e-04,0.859412,37.2831,15.4260
9,backend,numeric,30,1.8000,1.0e-03,-1,LAM,0.7415,0.244702,2.652948e-03,4.48284311e-04,0.869931,37.1774,353.3880
9,backend,numeric,30,1.8000,1.0e-03,-1,LAM,0.7415,0.244702,2.924837e-03,4.30378449e-04,0.882412,36.3651,330.0149
9,backend,numeric,30,1.8000,1.0e-03,-1,LAM,0.7415,0.244702,3.224591e-03,4.08677349e-04,0.897703,34.4678,304.6067
9,backend,numeric,30,1.8000,1.0e-03,-1,LAM,0.7415,0.244702,3.555064e-03,3.80984200e-04,0.917159,31.5957,276.2894
9,backend,numeric,30,1.8000,1.0e-03,-1,LAM,0.7415,0.244702,3.919407e-03,3.41136304e-04,0.942715,28.1224,245.3205
9,backend,numeric,30,1.8000,1.0e-03,-1,LAM,0.7415,0.244702,4.321089e-03,2.95789643e-04,0.982102,25.9794,229.1762
9,backend,numeric,30,1.8000,1.0e-03,-1,LAM,0.7415,0.244702,4.763938e-03,5.56391821e-04,0.998390,55.2846,243.7306
9,backend,numeric,30,1.8000,1.0e-03,-1,LAM,0.7415,0.244702,5.252173e-03,8.49892083e-04,0.998848,72.6722,256.1079
9,backend,numeric,30,1.8000,1.0e-03,-1,LAM,0.7415,0.244702,5.790444e-03,1.11821624e-03,0.998948,79.5802,266.8643
9,backend,numeric,30,1.8000,1.0e-03,-1,LAM,0.7415,0.244702,6.383880e-03,1.36335188e-03,0.999064,83.2958,276.8062
9,backend,numeric,30,1.8000,1.0e-03,-1,LAM,0.7415,0.244702,7.038136e-03,1.59493194e-03,0.999190,85.7692,286.3017
9,backend,numeric,30,1.8000,1.0e-03,-1,LAM,0.7415,0.244702,7.759442e-03,1.81697966e-03,0.999317,87.6978,295.5724
9,backend,numeric,30,1.8000,1.0e-03,-1,LAM,0.7415,0.244702,8.554673e-03,2.02952607e-03,0.999440,89.4493,304.7732
9,backend,numeric,30,1.8000,1.0e-03,-1,LAM,0.7415,0.244702,9.431402e-03,2.22843545e-03,0.999555,91.2978,314.0443
9,backend,numeric,30,1.8000,1.0e-03,-1,LAM,0.7415,0.244702,1.039798e-02,2.40277163e-03,0.999659,93.5278,323.5436
9,backend,numeric,30,1.8000,1.0e-03,-1,LAM,0.7415,0.244702,1.146363e-02,2.53003854e-03,0.999753,96.5663,333.4834
9,backend,numeric,30,1.8000,1.0e-03,-1,LAM,0.7415,0.244702,1.263848e-02,2.56714909e-03,0.999834,101.3316,344.2429
9,backend,numeric,30,1.8000,1.0e-03,-1,LAM,0.7415,0.244702,1.393374e-02,2.42141690e-03,0.999896,110.6770,356.7023
9,backend,numeric,30,1.8000,1.0e-03,-1,LAM,0.7415,0.244702,1.536175e-02,1.90104370e-03,0.999879,134.7571,14.2789
9,backend,numeric,30,1.8000,1.0e-03,-1,LAM,0.7415,0.244702,1.693611e-02,6.17282114e-04,0.980237,169.3363,58.0900
9,backend,numeric,30,1.8000,1.0e-03,-1,LAM,0.7415,0.244702,1.867181e-02,8.29438520e-04,0.910295,165.1384,71.3249
9,backend,numeric,30,1.8000,1.0e-03,-1,LAM,0.7415,0.244702,2.058540e-02,9.45692903e-04,0.858853,163.6681,46.2509
9,backend,numeric,30,1.8000,1.0e-03,-1,LAM,0.7415,0.244702,2.269511e-02,1.04168039e-03,0.814414,163.5494,355.0033
9,backend,numeric,30,1.8000,1.0e-03,-1,LAM,0.7415,0.244702,2.502102e-02,1.12838015e-03,0.775016,161.5265,278.8792
9,backend,numeric,30,1.8000,1.0e-03,-1,LAM,0.7415,0.244702,2.758532e-02,1.20956649e-03,0.739824,160.7904,185.4890
9,backend,numeric,30,1.8000,1.0e-03,-1,LAM,0.7415,0.244702,3.041241e-02,1.28724868e-03,0.707425,159.8208,61.8512
9,backend,numeric,30,1.8000,1.0e-03,-1,LAM,0.7415,0.244702,3.352924e-02,1.36221795e-03,0.677498,158.7938,268.5870
9,backend,numeric,30,1.8000,1.0e-03,-1,LAM,0.7415,0.244702,3.696550e-02,1.43463740e-03,0.649945,158.0918,87.1688
9,backend,numeric,30,1.8000,1.0e-03,-1,LAM,0.7415,0.244702,4.075393e-02,1.50479179e-03,0.624175,156.9144,229.0898
9,backend,numeric,30,1.8000,1.0e-03,-1,LAM,0.7415,0.244702,4.493062e-02,1.57244307e-03,0.600213,156.5242,332.3115
9,backend,numeric,30,1.8000,1.0e-03,-1,LAM,0.7415,0.244702,4.953535e-02,1.63740418e-03,0.578001,155.3250,33.3036
9,backend,numeric,30,1.8000,1.0e-03,-1,LAM,0.7415,0.244702,5.461201e-02,1.69955154e-03,0.557377,154.0923,45.2586
9,backend,numeric,30,1.8000,1.0e-03,-1,LAM,0.7415,0.244702,6.020894e-02,1.75819427e-03,0.538404,152.8602,3.4303
9,backend,numeric,30,1.8000,1.0e-03,-1,LAM,0.7415,0.244702,6.637949e-02,1.81262491e-03,0.521306,151.0087,262.8324
9,backend,numeric,30,1.8000,1.0e-03,-1,LAM,0.7415,0.244702,7.318242e-02,1.86137048e-03,0.506454,149.1787,100.9339
9,backend,numeric,30,1.8000,1.0e-03,-1,LAM,0.7415,0.244702,8.068256e-02,1.90354982e-03,0.493993,147.0117,229.4921
9,backend,numeric,30,1.8000,1.0e-03,-1,LAM,0.7415,0.244702,8.895135e-02,1.93638583e-03,0.484823,144.9320,290.4054
9,backend,numeric,30,1.8000,1.0e-03,-1,LAM,0.7415,0.244702,9.806757e-02,1.95765233e-03,0.479821,142.1464,283.3831
9,backend,numeric,30,1.8000,1.0e-03,-1,LAM,0.7415,0.244702,1.081181e-01,1.96602958e-03,0.480275,138.4844,215.4948
9,backend,numeric,30,1.8000,1.0e-03,-1,LAM,0.7415,0.244702,1.191986e-01,1.96122237e-03,0.488007,135.1453,97.4760
9,backend,numeric,30,1.8000,1.0e-03,-1,LAM,0.7415,0.244702,1.314147e-01,1.94223358e-03,0.505902,131.5226,305.0778
9,backend,numeric,30,1.8000,1.0e-03,-1,LAM,0.7415,0.244702,1.448828e-01,1.91259089e-03,0.538029,127.0358,156.6327
9,backend,numeric,30,1.8000,1.0e-03,-1,LAM,0.7415,0.244702,1.597312e-01,1.88313469e-03,0.587652,123.0739,61.7827
9,backend,numeric,30,1.8000,1.0e-03,-1,LAM,0.7415,0.244702,1.761014e-01,1.87318251e-03,0.656955,118.1373,78.6668
9,backend,numeric,30,1.8000,1.0e-03,-1,LAM,0.7415,0.244702,1.941492e-01,1.91151648e-03,0.742229,111.9692,250.8156
9,backend,numeric,30,1.8000,1.0e-03,-1,LAM,0.7415,0.244702,2.140467e-01,2.02662168e-03,0.832078,104.1614,238.6549
9,backend,numeric,30,1.8000,1.0e-03,-1,LAM,0.7415,0.244702,2.359833e-01,2.20326102e-03,0.908499,98.6816,19.4424
9,backend,numeric,30,1.8000,1.0e-03,-1,LAM,0.7415,0.244702,2.601682e-01,4.06277910e-03,0.992804,86.6414,302.8109
9,backend,numeric,30,1.8000,1.0e-03,-1,LAM,0.7415,0.244702,2.868317e-01,2.92335688e-03,0.914990,153.3657,51.6468
9,backend,numeric,30,1.8000,1.0e-03,-1,LAM,0.7415,0.244702,3.162278e-01,4.28473765e-03,0.900360,138.8758,271.0811
9,backend,numeric,30,1.8000,1.0e-03,-1,LAM,0.7415,0.244702,3.486365e-01,6.22246124e-03,0.935613,125.9369,189.6499
9,backend,numeric,30,1.8000,1.0e-03,-1,LAM,0.7415,0.244702,3.843667e-01,1.00738315e-02,0.966813,96.0136,174.7392
9,backend,numeric,30,1.8000,1.0e-03,-1,LAM,0.7415,0.244702,4.237587e-01,8.00917398e-03,0.959775,122.9087,284.0166
9,backend,numeric,30,1.8000,1.0e-03,-1,LAM,0.7415,0.244702,4.671878e-01,1.04466125e-02,0.989294,115.2115,335.2238
9,backend,numeric,30,1.8000,1.0e-03,-1,LAM,0.7415,0.244702,5.150678e-01,1.50370421e-02,0.964655,111.2412,21.9894
9,backend,numeric,30,1.8000,1.0e-03,-1,LAM,0.7415,0.244702,5.678548e-01,1.31759886e-02,0.963891,127.4789,110.6836
9,backend,numeric,30,1.8000,1.0e-03,-1,LAM,0.7415,0.244702,6.260517e-01,1.28691854e-02,0.974970,121.2607,207.5003
9,backend,numeric,30,1.8000,1.0e-03,-1,LAM,0.7415,0.244702,6.902129e-01,6.41037054e-03,0.974805,120.9704,8.8912
9,backend,numeric,30,1.8000,1.0e-03,-1,LAM,0.7415,0.244702,7.609497e-01,8.97056124e-03,0.970777,117.1099,188.5619
9,backend,numeric,30,1.8000,1.0e-03,-1,LAM,0.7415,0.244702,8.389360e-01,8.11506301e-03,0.965999,111.2560,68.8590
9,backend,numeric,30,1.8000,1.0e-03,-1,LAM,0.7415,0.244702,9.249147e-01,6.87092737e-03,0.978154,113.5637,304.0282
9,backend,numeric,30,1.8000,1.0e-03,-1,LAM,0.7415,0.244702,1.019705e+00,8.28040554e-03,0.969083,113.2750,226.6751
9,backend,numeric,30,1.8000,1.0e-03,-1,LAM,0.7415,0.244702,1.124210e+00,7.43677017e-03,0.969193,115.2475,182.4573
9,backend,numeric,30,1.8000,1.0e-03,-1,LAM,0.7415,0.244702,1.239425e+00,7.44389695e-03,0.970882,114.4916,172.8318
9,backend,numeric,30,1.8000,1.0e-03,-1,LAM,0.7415,0.244702,1.366448e+00,7.29046446e-03,0.972104,115.0574,203.1066
9,backend,numeric,30,1.8000,1.0e-03,-1,LAM,0.7415,0.244702,1.506489e+00,6.99341960e-03,0.968496,114.0763,268.1712
9,backend,numeric,30,1.8000,1.0e-03,-1,LAM,0.7415,0.244702,1.660883e+00,5.09448758e-03,0.971616,119.7314,22.5889
9,backend,numeric,30,1.8000,1.0e-03,-1,LAM,0.7415,0.244702,1.831099e+00,7.84867246e-03,0.970341,116.3503,171.1691
9,backend,numeric,30,1.8000,1.0e-03,-1,LAM,0.7415,0.244702,2.018760e+00,6.17841884e-03,0.963716,113.3712,21.9820
9,backend,numeric,30,1.8000,1.0e-03,-1,LAM,0.7415,0.244702,2.225654e+00,7.65161590e-03,0.971507,111.2704,279.2528
9,backend,numeric,30,1.8000,1.0e-03,-1,LAM,0.7415,0.244702,2.453751e+00,6.85618190e-03,0.968843,115.2659,257.3432
9,backend,numeric,30,1.8000,1.0e-03,-1,LAM,0.7415,0.244702,2.705225e+00,7.38417883e-03,0.972319,110.8794,288.2306
9,backend,numeric,30,1.8000,1.0e-03,-1,LAM,0.7415,0.244702,2.982471e+00,7.95707547e-03,0.967336,110.5189,57.5612
9,backend,numeric,30,1.8000,1.0e-03,-1,LAM,0.7415,0.244702,3.288131e+00,7.33798690e-03,0.969021,113.1961,260.8891
9,backend,numeric,30,1.8000,1.0e-03,-1,LAM,0.7415,0.244702,3.625117e+00,7.91198913e-03,0.972261,115.7673,193.6753
9,backend,numeric,30,1.8000,1.0e-03,-1,LAM,0.7415,0.244702,3.996639e+00,8.31664907e-03,0.969822,112.5944,235.2161
9,backend,numeric,30,1.8000,1.0e-03,-1,LAM,0.7415,0.244702,4.406236e+00,6.26642314e-03,0.964211,114.3272,56.9760
9,backend,numeric,30,1.8000,1.0e-03,-1,LAM,0.7415,0.244702,4.857812e+00,5.79761080e-03,0.977458,117.0899,331.4829
9,backend,numeric,30,1.8000,1.0e-03,-1,LAM,0.7415,0.244702,5.355667e+00,6.04509589e-03,0.964736,114.6866,47.9463
9,backend,numeric,30,1.8000,1.0e-03,-1,LAM,0.7415,0.244702,5.904545e+00,8.14532632e-03,0.971509,111.6494,251.2937
9,backend,numeric,30,1.8000,1.0e-03,-1,LAM,0.7415,0.244702,6.509675e+00,7.24178671e-03,0.969101,111.3699,289.8150
9,backend,numeric,30,1.8000,1.0e-03,-1,LAM,0.7415,0.244702,7.176822e+00,7.59410835e-03,0.970765,114.6881,137.9256
9,backend,numeric,30,1.8000,1.0e-03,-1,LAM,0.7415,0.244702,7.912343e+00,8.07450100e-03,0.968589,114.3094,210.6320
9,backend,numeric,30,1.8000,1.0e-03,-1,LAM,0.7415,0.244702,8.723243e+00,8.55327682e-03,0.971636,114.9240,149.4748
9,backend,numeric,30,1.8000,1.0e-03,-1,LAM,0.7415,0.244702,9.617249e+00,6.87641461e-03,0.975374,110.9748,329.1609
9,backend,numeric,30,1.8000,1.0e-03,-1,LAM,0.7415,0.244702,1.060288e+01,7.93095265e-03,0.964875,111.6434,88.1945
9,backend,numeric,30,1.8000,1.0e-03,-1,LAM,0.7415,0.244702,1.168952e+01,8.86894820e-03,0.970282,113.4473,129.1928
9,backend,numeric,30,1.8000,1.0e-03,-1,LAM,0.7415,0.244702,1.288752e+01,7.84532135e-03,0.970579,116.3146,152.5807
9,backend,numeric,30,1.8000,1.0e-03,-1,LAM,0.7415,0.244702,1.420831e+01,7.35789586e-03,0.970334,114.8142,180.5695
9,backend,numeric,30,1.8000,1.0e-03,-1,LAM,0.7415,0.244702,1.566445e+01,7.39541104e-03,0.969897,112.6183,267.3492
9,backend,numeric,30,1.8000,1.0e-03,-1,LAM,0.7415,0.244702,1.726983e+01,7.96420527e-03,0.968898,112.6800,88.9848
9,backend,numeric,30,1.8000,1.0e-03,-1,LAM,0.7415,0.244702,1.903974e+01,7.63609904e-03,0.966511,110.1981,47.8603
9,backend,numeric,30,1.8000,1.0e-03,-1,LAM,0.7415,0.244702,2.099104e+01,7.81573870e-03,0.968297,115.2854,189.9267
9,backend,numeric,30,1.8000,1.0e-03,-1,LAM,0.7415,0.244702,2.314231e+01,7.69144324e-03,0.968529,114.3769,217.6478
9,backend,numeric,30,1.8000,1.0e-03,-1,LAM,0.7415,0.244702,2.551407e+01,7.71103544e-03,0.972866,115.1941,199.1193
9,backend,numeric,30,1.8000,1.0e-03,-1,LAM,0.7415,0.244702,2.812889e+01,7.45121992e-03,0.969027,115.1879,188.1161
9,backend,numeric,30,1.8000,1.0e-03,-1,LAM,0.7415,0.244702,3.101169e+01,8.00176337e-03,0.973982,111.2080,269.2619
9,backend,numeric,30,1.8000,1.0e-03,-1,LAM,0.7415,0.244702,3.418994e+01,7.39272605e-03,0.970348,114.7882,170.9034
9,backend,numeric,30,1.8000,1.0e-03,-1,LAM,0.7415,0.244702,3.769391e+01,6.20276975e-03,0.977014,114.0740,341.3358
9,backend,numeric,30,1.8000,1.0e-03,-1,LAM,0.7415,0.244702,4.155699e+01,8.77594841e-03,0.971446,114.3474,153.4663
9,backend,numeric,30,1.8000,1.0e-03,-1,LAM,0.7415,0.244702,4.581598e+01,8.50473936e-03,0.968793,111.9463,94.6943
9,backend,numeric,30,1.8000,1.0e-03,-1,LAM,0.7415,0.244702,5.051145e+01,6.89544352e-03,0.969273,115.5724,253.0534
9,backend,numeric,30,1.8000,1.0e-03,-1,LAM,0.7415,0.244702,5.568814e+01,8.22525255e-03,0.965988,111.2809,92.0770
9,backend,numeric,30,1.8000,1.0e-03,-1,LAM,0.7415,0.244702,6.139537e+01,7.71547458e-03,0.965916,111.6897,80.7671
9,backend,numeric,30,1.8000,1.0e-03,-1,LAM,0.7415,0.244702,6.768750e+01,5.62420671e-03,0.963978,116.9158,50.3073
9,backend,numeric,30,1.8000,1.0e-03,-1,LAM,0.7415,0.244702,7.462449e+01,8.84939561e-03,0.971323,114.3223,148.1382
9,backend,numeric,30,1.8000,1.0e-03,-1,LAM,0.7415,0.244702,8.227241e+01,7.35339586e-03,0.968984,113.5606,253.8499
9,backend,numeric,30,1.8000,1.0e-03,-1,LAM,0.7415,0.244702,9.070414e+01,7.65233733e-03,0.970752,116.0912,206.0468
9,backend,numeric,30,1.8000,1.0e-03,-1,LAM,0.7415,0.244702,1.000000e+02,8.24832361e-03,0.971818,111.5554,253.4431
10,backend,numeric,33,10.0000,1.0e-03,-1,SAM,0.5555,0.029581,0.000000e+00,5.61220578e-04,0.982829,114.0645,158.8191
10,backend,numeric,33,10.0000,1.0e-03,-1,SAM,0.5555,0.029581,1.000000e-03,5.12680821e-04,0.961373,119.1964,206.1820
10,backend,numeric,33,10.0000,1.0e-03,-1,SAM,0.5555,0.029581,1.102485e-03,5.45677040e-04,0.959678,117.5766,206.0338
10,backend,numeric,33,10.0000,1.0e-03,-1,SAM,0.5555,0.029581,1.215474e-03,5.71146044e-04,0.957775,116.4031,205.4551
10,backend,numeric,33,10.0000,1.0e-03,-1,SAM,0.5555,0.029581,1.340043e-03,5.93956847e-04,0.955810,115.4293,204.5811
10,backend,numeric,33,10.0000,1.0e-03,-1,SAM,0.5555,0.029581,1.477378e-03,6.15347617e-04,0.953803,114.5900,203.4302
10,backend,numeric,33,10.0000,1.0e-03,-1,SAM,0.5555,0.029581,1.628787e-03,6.35941815e-04,0.951764,113.8525,201.9974
10,backend,numeric,33,10.0000,1.0e-03,-1,SAM,0.5555,0.029581,1.795714e-03,6.56120560e-04,0.949696,113.1974,200.2673
10,backend,numeric,33,10.0000,1.0e-03,-1,SAM,0.5555,0.029581,1.979749e-03,6.76135634e-04,0.947602,112.6116,198.2186
10,backend,numeric,33,10.0000,1.0e-03,-1,SAM,0.5555,0.029581,2.182645e-03,6.96164138e-04,0.945483,112.0844,195.8244
10,backend,numeric,33,10.0000,1.0e-03,-1,SAM,0.5555,0.029581,2.406334e-03,7.16362043e-04,0.943347,111.6040,193.0532
10,backend,numeric,33,10.0000,1.0e-03,-1,SAM,0.5555,0.029581,2.652948e-03,7.36869246e-04,0.941205,111.1558,189.8702
10,backend,numeric,33,10.0000,1.0e-03,-1,SAM,0.5555,0.029581,2.924837e-03,7.57795727e-04,0.939071,110.7213,186.2375
10,backend,numeric,33,10.0000,1.0e-03,-1,SAM,0.5555,0.029581,3.224591e-03,7.79223256e-04,0.936964,110.2754,182.1154
10,backend,numeric,33,10.0000,1.0e-03,-1,SAM,0.5555,0.029581,3.555064e-03,8.01215921e-04,0.934914,109.7833,177.4643
10,backend,numeric,33,10.0000,1.0e-03,-1,SAM,0.5555,0.029581,3.919407e-03,8.23796201e-04,0.932964,109.1994,172.2477
10,backend,numeric,33,10.0000,1.0e-03,-1,SAM,0.5555,0.029581,4.321089e-03,8.46921940e-04,0.931169,108.4653,166.4355
10,backend,numeric,33,10.0000,1.0e-03,-1,SAM,0.5555,0.029581,4.763938e-03,8.70457321e-04,0.929604,107.5105,160.0085
10,backend,numeric,33,10.0000,1.0e-03,-1,SAM,0.5555,0.029581,5.252173e-03,8.94153040e-04,0.928368,106.2550,152.9638
10,backend,numeric,33,10.0000,1.0e-03,-1,SAM,0.5555,0.029581,5.790444e-03,9.17551640e-04,0.927583,104.6175,145.3141
10,backend,numeric,33,10.0000,1.0e-03,-1,SAM,0.5555,0.029581,6.383880e-03,9.39934062e-04,0.927385,102.5271,137.0862
10,backend,numeric,33,10.0000,1.0e-03,-1,SAM,0.5555,0.029581,7.038136e-03,9.60208234e-04,0.927936,99.9363,128.3024
10,backend,numeric,33,10.0000,1.0e-03,-1,SAM,0.5555,0.029581,7.759442e-03,9.76731074e-04,0.929368,96.8373,118.9465
10,backend,numeric,33,10.0000,1.0e-03,-1,SAM,0.5555,0.029581,8.554673e-03,9.87269027e-04,0.931809,93.2729,108.9063
10,backend,numeric,33,10.0000,1.0e-03,-1,SAM,0.5555,0.029581,9.431402e-03,9.88478304e-04,0.935385,89.3394,97.9213
10,backend,numeric,33,10.0000,1.0e-03,-1,SAM,0.5555,0.029581,1.039798e-02,9.75499833e-04,0.940228,85.1742,85.5666
10,backend,numeric,33,10.0000,1.0e-03,-1,SAM,0.5555,0.029581,1.146363e-02,9.40202527e-04,0.946509,80.8634,71.3338
10,backend,numeric,33,10.0000,1.0e-03,-1,SAM,0.5555,0.029581,1.263848e-02,8.62042836e-04,0.954652,75.8575,54.8095
10,backend,numeric,33,10.0000,1.0e-03,-1,SAM,0.5555,0.029581,1.393374e-02,7.56682253e-04,0.973103,70.5065,50.5291
10,backend,numeric,33,10.0000,1.0e-03,-1,SAM,0.5555,0.029581,1.536175e-02,1.13231633e-03,0.987497,89.4869,76.9494
10,backend,numeric,33,10.0000,1.0e-03,-1,SAM,0.5555,0.029581,1.693611e-02,1.19746052e-03,0.994671,104.8501,106.5987
10,backend,numeric,33,10.0000,1.0e-03,-1,SAM,0.5555,0.029581,1.867181e-02,6.14377213e-04,0.978370,148.3586,157.4079
10,backend,numeric,33,10.0000,1.0e-03,-1,SAM,0.5555,0.029581,2.058540e-02,8.86269887e-04,0.926535,138.0519,153.8642
10,backend,numeric,33,10.0000,1.0e-03,-1,SAM,0.5555,0.029581,2.269511e-02,1.03716746e-03,0.903111,131.2230,118.5686
10,backend,numeric,33,10.0000,1.0e-03,-1,SAM,0.5555,0.029581,2.502102e-02,1.15516127e-03,0.896051,124.4607,80.8348
10,backend,numeric,33,10.0000,1.0e-03,-1,SAM,0.5555,0.029581,2.758532e-02,1.26386562e-03,0.899819,121.9044,43.7707
10,backend,numeric,33,10.0000,1.0e-03,-1,SAM,0.5555,0.029581,3.041241e-02,1.38584487e-03,0.908842,122.1465,6.4717
10,backend,numeric,33,10.0000,1.0e-03,-1,SAM,0.5555,0.029581,3.352924e-02,1.53635967e-03,0.921844,118.8536,331.0279
10,backend,numeric,33,10.0000,1.0e-03,-1,SAM,0.5555,0.029581,3.696550e-02,1.72155704e-03,0.939243,109.4906,303.4735
10,backend,numeric,33,10.0000,1.0e-03,-1,SAM,0.5555,0.029581,4.075393e-02,1.90865288e-03,0.957248,94.4823,285.6713
10,backend,numeric,33,10.0000,1.0e-03,-1,SAM,0.5555,0.029581,4.493062e-02,2.22170234e-03,0.983788,92.8376,305.8905
10,backend,numeric,33,10.0000,1.0e-03,-1,SAM,0.5555,0.029581,4.953535e-02,1.60516705e-03,0.994555,134.1795,356.6834
10,backend,numeric,33,10.0000,1.0e-03,-1,SAM,0.5555,0.029581,5.461201e-02,1.77906877e-03,0.939619,139.5266,18.3297
10,backend,numeric,33,10.0000,1.0e-03,-1,SAM,0.5555,0.029581,6.020894e-02,2.37317627e-03,0.947342,132.0658,351.8273
10,backend,numeric,33,10.0000,1.0e-03,-1,SAM,0.5555,0.029581,6.637949e-02,3.62013518e-03,0.961551,117.4435,338.3404
10,backend,numeric,33,10.0000,1.0e-03,-1,SAM,0.5555,0.029581,7.318242e-02,3.41355575e-03,0.979589,120.6022,14.2010
10,backend,numeric,33,10.0000,1.0e-03,-1,SAM,0.5555,0.029581,8.068256e-02,2.83512266e-03,0.964936,121.5420,81.4225
10,backend,numeric,33,10.0000,1.0e-03,-1,SAM,0.5555,0.029581,8.895135e-02,2.57193711e-03,0.976825,118.9348,146.7736
10,backend,numeric,33,10.0000,1.0e-03,-1,SAM,0.5555,0.029581,9.806757e-02,2.61696805e-03,0.967898,113.8869,237.7255
10,backend,numeric,33,10.0000,1.0e-03,-1,SAM,0.5555,0.029581,1.081181e-01,1.81262073e-03,0.969838,117.9241,338.3710
10,backend,numeric,33,10.0000,1.0e-03,-1,SAM,0.5555,0.029581,1.191986e-01,2.11963743e-03,0.971246,114.7449,89.4143
10,backend,numeric,33,10.0000,1.0e-03,-1,SAM,0.5555,0.029581,1.314147e-01,2.04732467e-03,0.967130,113.5758,232.0581
10,backend,numeric,33,10.0000,1.0e-03,-1,SAM,0.5555,0.029581,1.448828e-01,1.81009322e-03,0.965857,113.7461,19.6507
10,backend,numeric,33,10.0000,1.0e-03,-1,SAM,0.5555,0.029581,1.597312e-01,1.79302066e-03,0.968482,114.6982,186.7349
10,backend,numeric,33,10.0000,1.0e-03,-1,SAM,0.5555,0.029581,1.761014e-01,1.72491739e-03,0.967805,114.9982,9.5138
10,backend,numeric,33,10.0000,1.0e-03,-1,SAM,0.5555,0.029581,1.941492e-01,1.88199361e-03,0.966970,113.9571,216.3567
10,backend,numeric,33,10.0000,1.0e-03,-1,SAM,0.5555,0.029581,2.140467e-01,2.11761856e-03,0.969419,112.0497,71.0100
10,backend,numeric,33,10.0000,1.0e-03,-1,SAM,0.5555,0.029581,2.359833e-01,1.92108426e-03,0.974055,114.2505,323.9517
10,backend,numeric,33,10.0000,1.0e-03,-1,SAM,0.5555,0.029581,2.601682e-01,1.97852753e-03,0.967103,112.9520,242.8363
10,backend,numeric,33,10.0000,1.0e-03,-1,SAM,0.5555,0.029581,2.868317e-01,1.80034981e-03,0.971652,114.8005,177.8463
10,backend,numeric,33,10.0000,1.0e-03,-1,SAM,0.5555,0.029581,3.162278e-01,1.97431183e-03,0.972765,113.9370,145.2855
10,backend,numeric,33,10.0000,1.0e-03,-1,SAM,0.5555,0.029581,3.486365e-01,1.98148557e-03,0.972828,113.9681,149.7787
10,backend,numeric,33,10.0000,1.0e-03,-1,SAM,0.5555,0.029581,3.843667e-01,1.79237675e-03,0.971598,115.0129,193.8404
10,backend,numeric,33,10.0000,1.0e-03,-1,SAM,0.5555,0.029581,4.237587e-01,2.06728300e-03,0.967894,111.9560,275.6269
10,backend,numeric,33,10.0000,1.0e-03,-1,SAM,0.5555,0.029581,4.671878e-01,1.65901569e-03,0.967937,115.9786,38.5472
10,backend,numeric,33,10.0000,1.0e-03,-1,SAM,0.5555,0.029581,5.150678e-01,1.79996535e-03,0.971047,115.4642,203.2618
10,backend,numeric,33,10.0000,1.0e-03,-1,SAM,0.5555,0.029581,5.678548e-01,1.97118324e-03,0.965558,112.3975,74.5368
10,backend,numeric,33,10.0000,1.0e-03,-1,SAM,0.5555,0.029581,6.260517e-01,1.73890625e-03,0.973939,114.8261,356.2682
10,backend,numeric,33,10.0000,1.0e-03,-1,SAM,0.5555,0.029581,6.902129e-01,1.67000909e-03,0.972896,115.4498,359.2131
10,backend,numeric,33,10.0000,1.0e-03,-1,SAM,0.5555,0.029581,7.609497e-01,2.17041147e-03,0.968198,111.4902,84.2048
10,backend,numeric,33,10.0000,1.0e-03,-1,SAM,0.5555,0.029581,8.389360e-01,2.09570943e-03,0.968951,112.3411,233.8739
10,backend,numeric,33,10.0000,1.0e-03,-1,SAM,0.5555,0.029581,9.249147e-01,2.01802443e-03,0.973125,114.6522,118.7661
10,backend,numeric,33,10.0000,1.0e-03,-1,SAM,0.5555,0.029581,1.019705e+00,2.13793917e-03,0.971897,112.9703,86.5562
10,backend,numeric,33,10.0000,1.0e-03,-1,SAM,0.5555,0.029581,1.124210e+00,1.76688475e-03,0.969690,115.2403,172.3616
10,backend,numeric,33,10.0000,1.0e-03,-1,SAM,0.5555,0.029581,1.239425e+00,1.81668995e-03,0.966629,113.6549,29.4861
10,backend,numeric,33,10.0000,1.0e-03,-1,SAM,0.5555,0.029581,1.366448e+00,1.68051970e-03,0.969534,116.2463,22.2627
10,backend,numeric,33,10.0000,1.0e-03,-1,SAM,0.5555,0.029581,1.506489e+00,2.18476917e-03,0.971759,113.3522,132.0329
10,backend,numeric,33,10.0000,1.0e-03,-1,SAM,0.5555,0.029581,1.660883e+00,1.86548931e-03,0.965321,113.1588,61.8865
10,backend,numeric,33,10.0000,1.0e-03,-1,SAM,0.5555,0.029581,1.831099e+00,1.84730179e-03,0.969385,115.6476,175.9306
10,backend,numeric,33,10.0000,1.0e-03,-1,SAM,0.5555,0.029581,2.018760e+00,2.06948422e-03,0.972816,113.7285,101.4143
10,backend,numeric,33,10.0000,1.0e-03,-1,SAM,0.5555,0.029581,2.225654e+00,2.11649501e-03,0.968787,111.8306,261.9068
10,backend,numeric,33,10.0000,1.0e-03,-1,SAM,0.5555,0.029581,2.453751e+00,2.12598211e-03,0.970091,111.4689,296.6759
10,backend,numeric,33,10.0000,1.0e-03,-1,SAM,0.5555,0.029581,2.705225e+00,1.90679166e-03,0.967956,114.1291,217.4041
10,backend,numeric,33,10.0000,1.0e-03,-1,SAM,0.5555,0.029581,2.982471e+00,2.15410703e-03,0.971811,112.8785,86.7880
10,backend,numeric,33,10.0000,1.0e-03,-1,SAM,0.5555,0.029581,3.288131e+00,2.11357677e-03,0.968940,111.6870,273.7198
10,backend,numeric,33,10.0000,1.0e-03,-1,SAM,0.5555,0.029581,3.625117e+00,1.94097359e-03,0.965428,112.5766,70.6486
10,backend,numeric,33,10.0000,1.0e-03,-1,SAM,0.5555,0.029581,3.996639e+00,2.11623410e-03,0.972383,112.3282,266.7485
10,backend,numeric,33,10.0000,1.0e-03,-1,SAM,0.5555,0.029581,4.406236e+00,1.87760932e-03,0.972726,114.5673,177.3539
10,backend,numeric,33,10.0000,1.0e-03,-1,SAM,0.5555,0.029581,4.857812e+00,1.89950666e-03,0.967782,114.4243,191.7695
10,backend,numeric,33,10.0000,1.0e-03,-1,SAM,0.5555,0.029581,5.355667e+00,1.74854356e-03,0.972746,116.0516,1.9306
10,backend,numeric,33,10.0000,1.0e-03,-1,SAM,0.5555,0.029581,5.904545e+00,1.82617670e-03,0.965408,113.2441,27.1976
10,backend,numeric,33,10.0000,1.0e-03,-1,SAM,0.5555,0.029581,6.509675e+00,2.11509658e-03,0.970174,111.5776,295.2112
10,backend,numeric,33,10.0000,1.0e-03,-1,SAM,0.5555,0.029581,7.176822e+00,1.80196259e-03,0.967976,114.7610,197.9651
10,backend,numeric,33,10.0000,1.0e-03,-1,SAM,0.5555,0.029581,7.912343e+00,1.82497914e-03,0.970414,115.9119,158.1337
10,backend,numeric,33,10.0000,1.0e-03,-1,SAM,0.5555,0.029581,8.723243e+00,1.90762676e-03,0.967980,114.1886,213.8619
10,backend,numeric,33,10.0000,1.0e-03,-1,SAM,0.5555,0.029581,9.617249e+00,2.20717569e-03,0.971544,113.0550,128.6657
10,backend,numeric,33,10.0000,1.0e-03,-1,SAM,0.5555,0.029581,1.060288e+01,1.79532247e-03,0.974355,114.2757,350.9252
10,backend,numeric,33,10.0000,1.0e-03,-1,SAM,0.5555,0.029581,1.168952e+01,2.08168028e-03,0.969712,111.9978,265.1587
10,backend,numeric,33,10.0000,1.0e-03,-1,SAM,0.5555,0.029581,1.288752e+01,1.68770865e-03,0.966289,114.8542,15.5018
10,backend,numeric,33,10.0000,1.0e-03,-1,SAM,0.5555,0.029581,1.420831e+01,1.71021058e-03,0.968191,115.3728,9.3107
10,backend,numeric,33,10.0000,1.0e-03,-1,SAM,0.5555,0.029581,1.566445e+01,2.18004703e-03,0.968034,111.6130,95.1998
10,backend,numeric,33,10.0000,1.0e-03,-1,SAM,0.5555,0.029581,1.726983e+01,2.02708102e-03,0.967263,111.8437,57.4554
10,backend,numeric,33,10.0000,1.0e-03,-1,SAM,0.5555,0.029581,1.903974e+01,2.11201843e-03,0.967936,111.4034,48.8421
10,backend,numeric,33,10.0000,1.0e-03,-1,SAM,0.5555,0.029581,2.099104e+01,2.06259410e-03,0.973360,112.5877,277.2356
10,backend,numeric,33,10.0000,1.0e-03,-1,SAM,0.5555,0.029581,2.314231e+01,1.95901198e-03,0.966913,113.3780,217.9347
10,backend,numeric,33,10.0000,1.0e-03,-1,SAM,0.5555,0.029581,2.551407e+01,2.21739058e-03,0.969433,112.2724,108.8403
10,backend,numeric,33,10.0000,1.0e-03,-1,SAM,0.5555,0.029581,2.812889e+01,1.81894906e-03,0.967656,114.6738,193.9966
10,backend,numeric,33,10.0000,1.0e-03,-1,SAM,0.5555,0.029581,3.101169e+01,2.09151981e-03,0.967350,111.3499,45.3360
10,backend,numeric,33,10.0000,1.0e-03,-1,SAM,0.5555,0.029581,3.418994e+01,1.98289101e-03,0.973983,113.5677,308.9560
10,backend,numeric,33,10.0000,1.0e-03,-1,SAM,0.5555,0.029581,3.769391e+01,NaN,NaN,NaN,NaN
10,backend,numeric,33,10.0000,1.0e-03,-1,SAM,0.5555,0.029581,4.155699e+01,NaN,NaN,NaN,NaN
10,backend,numeric,33,10.0000,1.0e-03,-1,SAM,0.5555,0.029581,4.581598e+01,NaN,NaN,NaN,NaN
10,backend,numeric,33,10.0000,1.0e-03,-1,SAM,0.5555,0.029581,5.051145e+01,NaN,NaN,NaN,NaN
10,backend,numeric,33,10.0000,1.0e-03,-1,SAM,0.5555,0.029581,5.568814e+01,NaN,NaN,NaN,NaN
10,backend,numeric,33,10.0000,1.0e-03,-1,SAM,0.5555,0.029581,6.139537e+01,NaN,NaN,NaN,NaN
10,backend,numeric,33,10.0000,1.0e-03,-1,SAM,0.5555,0.029581,6.768750e+01,NaN,NaN,NaN,NaN
10,backend,numeric,33,10.0000,1.0e-03,-1,SAM,0.5555,0.029581,7.462449e+01,NaN,NaN,NaN,NaN
10,backend,numeric,33,10.0000,1.0e-03,-1,SAM,0.5555,0.029581,8.227241e+01,NaN,NaN,NaN,NaN
10,backend,numeric,33,10.0000,1.0e-03,-1,SAM,0.5555,0.029581,9.070414e+01,NaN,NaN,NaN,NaN
10,backend,numeric,33,10.0000,1.0e-03,-1,SAM,0.5555,0.029581,1.000000e+02,NaN,NaN,NaN,NaN
11,backend,numeric,37,0.1000,1.0e-03,-1,LAM,0.2257,0.733023,0.000000e+00,2.52791406e-04,0.429674,48.6232,1.4066
11,backend,numeric,37,0.1000,1.0e-03,-1,LAM,0.2257,0.733023,1.000000e-03,2.39999087e-04,0.431952,49.3134,54.9392
11,backend,numeric,37,0.1000,1.0e-03,-1,LAM,0.2257,0.733023,1.102485e-03,2.38677395e-04,0.432212,48.6484,344.9530
11,backend,numeric,37,0.1000,1.0e-03,-1,LAM,0.2257,0.733023,1.215474e-03,2.37216724e-04,0.432492,49.2514,267.1199
11,backend,numeric,37,0.1000,1.0e-03,-1,LAM,0.2257,0.733023,1.340043e-03,2.35606086e-04,0.432838,48.7338,181.6164
11,backend,numeric,37,0.1000,1.0e-03,-1,LAM,0.2257,0.733023,1.477378e-03,2.33822775e-04,0.433188,49.2872,85.7892
11,backend,numeric,37,0.1000,1.0e-03,-1,LAM,0.2257,0.733023,1.628787e-03,2.31855284e-04,0.433620,48.6807,340.2658
11,backend,numeric,37,0.1000,1.0e-03,-1,LAM,0.2257,0.733023,1.795714e-03,2.29679765e-04,0.434104,49.2448,222.9410
11,backend,numeric,37,0.1000,1.0e-03,-1,LAM,0.2257,0.733023,1.979749e-03,2.27270373e-04,0.434620,49.2567,91.7422
11,backend,numeric,37,0.1000,1.0e-03,-1,LAM,0.2257,0.733023,2.182645e-03,2.24607357e-04,0.435237,48.8729,306.3769
11,backend,numeric,37,0.1000,1.0e-03,-1,LAM,0.2257,0.733023,2.406334e-03,2.21659596e-04,0.435943,48.7067,144.5333
11,backend,numeric,37,0.1000,1.0e-03,-1,LAM,0.2257,0.733023,2.652948e-03,2.18394029e-04,0.436750,48.7425,323.9282
11,backend,numeric,37,0.1000,1.0e-03,-1,LAM,0.2257,0.733023,2.924837e-03,2.14772987e-04,0.437666,48.9015,121.9851
11,backend,numeric,37,0.1000,1.0e-03,-1,LAM,0.2257,0.733023,3.224591e-03,2.10756926e-04,0.438745,49.3258,256.5342
11,backend,numeric,37,0.1000,1.0e-03,-1,LAM,0.2257,0.733023,3.555064e-03,2.06295487e-04,0.439996,48.8145,3.9187
11,backend,numeric,37,0.1000,1.0e-03,-1,LAM,0.2257,0.733023,3.919407e-03,2.01332734e-04,0.441409,49.2438,79.3965
11,backend,numeric,37,0.1000,1.0e-03,-1,LAM,0.2257,0.733023,4.321089e-03,1.95805691e-04,0.443071,48.7854,119.2994
11,backend,numeric,37,0.1000,1.0e-03,-1,LAM,0.2257,0.733023,4.763938e-03,1.89639432e-04,0.445016,48.7024,117.8828
11,backend,numeric,37,0.1000,1.0e-03,-1,LAM,0.2257,0.733023,5.252173e-03,1.82747560e-04,0.447293,48.9347,68.3368
11,backend,numeric,37,0.1000,1.0e-03,-1,LAM,0.2257,0.733023,5.790444e-03,1.75030059e-04,0.449906,48.1696,321.3933
11,backend,numeric,37,0.1000,1.0e-03,-1,LAM,0.2257,0.733023,6.383880e-03,1.66368526e-04,0.452946,47.8528,146.3919
11,backend,numeric,37,0.1000,1.0e-03,-1,LAM,0.2257,0.733023,7.038136e-03,1.56624128e-04,0.456526,47.9406,248.7877
11,backend,numeric,37,0.1000,1.0e-03,-1,LAM,0.2257,0.733023,7.759442e-03,1.45642461e-04,0.460726,47.3332,248.6245
11,backend,numeric,37,0.1000,1.0e-03,-1,LAM,0.2257,0.733023,8.554673e-03,1.33238321e-04,0.465549,46.2264,117.6614
11,backend,numeric,37,0.1000,1.0e-03,-1,LAM,0.2257,0.733023,9.431402e-03,1.19171653e-04,0.470836,44.9085,173.9391
11,backend,numeric,37,0.1000,1.0e-03,-1,LAM,0.2257,0.733023,1.039798e-02,1.03138918e-04,0.475966,43.1434,345.0452
11,backend,numeric,37,0.1000,1.0e-03,-1,LAM,0.2257,0.733023,1.146363e-02,8.49781396e-05,0.478740,40.6296,137.0959
11,backend,numeric,37,0.1000,1.0e-03,-1,LAM,0.2257,0.733023,1.263848e-02,6.52881264e-05,0.470015,37.1522,319.2338
11,backend,numeric,37,0.1000,1.0e-03,-1,LAM,0.2257,0.733023,1.393374e-02,4.78890931e-05,0.414367,35.7239,38.8252
11,backend,numeric,37,0.1000,1.0e-03,-1,LAM,0.2257,0.733023,1.536175e-02,4.07404027e-05,0.346796,55.8286,11.5759
11,backend,numeric,37,0.1000,1.0e-03,-1,LAM,0.2257,0.733023,1.693611e-02,2.43816537e-05,0.518723,63.8316,95.7477
11,backend,numeric,37,0.1000,1.0e-03,-1,LAM,0.2257,0.733023,1.867181e-02,2.87407356e-05,0.523646,128.5229,112.4608
11,backend,numeric,37,0.1000,1.0e-03,-1,LAM,0.2257,0.733023,2.058540e-02,4.36386667e-05,0.583921,104.6671,300.2369
11,backend,numeric,37,0.1000,1.0e-03,-1,LAM,0.2257,0.733023,2.269511e-02,5.49098774e-05,0.685383,89.5267,188.1532
11,backend,numeric,37,0.1000,1.0e-03,-1,LAM,0.2257,0.733023,2.502102e-02,2.87721118e-05,0.902057,57.8976,167.0800
11,backend,numeric,37,0.1000,1.0e-03,-1,LAM,0.2257,0.733023,2.758532e-02,1.16213628e-04,0.584930,145.8014,110.8971
11,backend,numeric,37,0.1000,1.0e-03,-1,LAM,0.2257,0.733023,3.041241e-02,1.55346860e-04,0.460059,133.5598,195.1144
11,backend,numeric,37,0.1000,1.0e-03,-1,LAM,0.2257,0.733023,3.352924e-02,1.73900078e-04,0.445526,121.2241,296.1200
11,backend,numeric,37,0.1000,1.0e-03,-1,LAM,0.2257,0.733023,3.696550e-02,1.87634545e-04,0.481832,112.0176,254.9206
11,backend,numeric,37,0.1000,1.0e-03,-1,LAM,0.2257,0.733023,4.075393e-02,2.05429164e-04,0.539618,104.7344,56.2656
11,backend,numeric,37,0.1000,1.0e-03,-1,LAM,0.2257,0.733023,4.493062e-02,2.28139969e-04,0.598093,98.1096,56.0389
11,backend,numeric,37,0.1000,1.0e-03,-1,LAM,0.2257,0.733023,4.953535e-02,2.48972479e-04,0.651029,91.2646,86.9556
11,backend,numeric,37,0.1000,1.0e-03,-1,LAM,0.2257,0.733023,5.461201e-02,2.52861886e-04,0.706163,84.9978,340.6261
11,backend,numeric,37,0.1000,1.0e-03,-1,LAM,0.2257,0.733023,6.020894e-02,2.03566869e-04,0.795704,70.5366,285.5970
11,backend,numeric,37,0.1000,1.0e-03,-1,LAM,0.2257,0.733023,6.637949e-02,2.57109242e-04,0.798206,150.3037,48.3980
11,backend,numeric,37,0.1000,1.0e-03,-1,LAM,0.2257,0.733023,7.318242e-02,4.30389570e-04,0.566277,140.2926,35.5061
11,backend,numeric,37,0.1000,1.0e-03,-1,LAM,0.2257,0.733023,8.068256e-02,5.30049728e-04,0.492805,131.3478,230.6179
11,backend,numeric,37,0.1000,1.0e-03,-1,LAM,0.2257,0.733023,8.895135e-02,5.93737562e-04,0.479408,122.6811,285.1918
11,backend,numeric,37,0.1000,1.0e-03,-1,LAM,0.2257,0.733023,9.806757e-02,6.48240456e-04,0.496593,115.3722,57.2568
11,backend,numeric,37,0.1000,1.0e-03,-1,LAM,0.2257,0.733023,1.081181e-01,7.07171304e-04,0.530619,109.2036,56.8961
11,backend,numeric,37,0.1000,1.0e-03,-1,LAM,0.2257,0.733023,1.191986e-01,7.76599747e-04,0.571339,104.0951,334.9325
11,backend,numeric,37,0.1000,1.0e-03,-1,LAM,0.2257,0.733023,1.314147e-01,8.52444361e-04,0.611823,98.8817,146.6172
11,backend,numeric,37,0.1000,1.0e-03,-1,LAM,0.2257,0.733023,1.448828e-01,9.21556034e-04,0.651024,93.6317,150.0388
11,backend,numeric,37,0.1000,1.0e-03,-1,LAM,0.2257,0.733023,1.597312e-01,9.57349151e-04,0.692181,86.7000,278.7770
11,backend,numeric,37,0.1000,1.0e-03,-1,LAM,0.2257,0.733023,1.761014e-01,9.05722632e-04,0.744772,78.3979,108.4482
11,backend,numeric,37,0.1000,1.0e-03,-1,LAM,0.2257,0.733023,1.941492e-01,5.81377030e-04,0.868409,60.1172,214.1660
11,backend,numeric,37,0.1000,1.0e-03,-1,LAM,0.2257,0.733023,2.140467e-01,1.10849885e-03,0.787799,124.2491,158.1545
11,backend,numeric,37,0.1000,1.0e-03,-1,LAM,0.2257,0.733023,2.359833e-01,1.58845688e-03,0.729332,112.1332,146.6020
11,backend,numeric,37,0.1000,1.0e-03,-1,LAM,0.2257,0.733023,2.601682e-01,1.93603419e-03,0.724735,104.5213,201.4435
11,backend,numeric,37,0.1000,1.0e-03,-1,LAM,0.2257,0.733023,2.868317e-01,2.20409790e-03,0.736689,98.2903,323.0111
11,backend,numeric,37,0.1000,1.0e-03,-1,LAM,0.2257,0.733023,3.162278e-01,2.35501998e-03,0.760425,89.8493,135.7358
11,backend,numeric,37,0.1000,1.0e-03,-1,LAM,0.2257,0.733023,3.486365e-01,2.31980572e-03,0.797226,84.1491,324.3719
11,backend,numeric,37,0.1000,1.0e-03,-1,LAM,0.2257,0.733023,3.843667e-01,1.73979978e-03,0.878262,66.1275,119.9142
11,backend,numeric,37,0.1000,1.0e-03,-1,LAM,0.2257,0.733023,4.237587e-01,2.24791087e-03,0.955684,160.9330,84.0470
11,backend,numeric,37,0.1000,1.0e-03,-1,LAM,0.2257,0.733023,4.671878e-01,4.30229277e-03,0.718758,152.5088,52.5588
11,backend,numeric,37,0.1000,1.0e-03,-1,LAM,0.2257,0.733023,5.150678e-01,5.33611206e-03,0.621322,147.6495,52.2129
11,backend,numeric,37,0.1000,1.0e-03,-1,LAM,0.2257,0.733023,5.678548e-01,6.07749340e-03,0.569016,141.2882,222.6010
11,backend,numeric,37,0.1000,1.0e-03,-1,LAM,0.2257,0.733023,6.260517e-01,6.61114598e-03,0.545409,137.1976,270.6013
11,backend,numeric,37,0.1000,1.0e-03,-1,LAM,0.2257,0.733023,6.902129e-01,6.98648554e-03,0.545043,131.6628,257.5974
11,backend,numeric,37,0.1000,1.0e-03,-1,LAM,0.2257,0.733023,7.609497e-01,7.27579094e-03,0.566192,126.0976,256.8921
11,backend,numeric,37,0.1000,1.0e-03,-1,LAM,0.2257,0.733023,8.389360e-01,7.58183351e-03,0.606354,123.4161,347.3514
11,backend,numeric,37,0.1000,1.0e-03,-1,LAM,0.2257,0.733023,9.249147e-01,8.02140989e-03,0.659237,113.2216,226.1819
11,backend,numeric,37,0.1000,1.0e-03,-1,LAM,0.2257,0.733023,1.019705e+00,8.65413459e-03,0.717945,109.0859,275.4757
11,backend,numeric,37,0.1000,1.0e-03,-1,LAM,0.2257,0.733023,1.124210e+00,9.32541030e-03,0.779381,100.4778,132.9614
11,backend,numeric,37,0.1000,1.0e-03,-1,LAM,0.2257,0.733023,1.239425e+00,9.74294319e-03,0.839837,91.0220,110.2347
11,backend,numeric,37,0.1000,1.0e-03,-1,LAM,0.2257,0.733023,1.366448e+00,8.86038882e-03,0.907812,72.3285,150.7442
11,backend,numeric,37,0.1000,1.0e-03,-1,LAM,0.2257,0.733023,1.506489e+00,1.00281187e-02,0.882184,136.0144,59.4208
11,backend,numeric,37,0.1000,1.0e-03,-1,LAM,0.2257,0.733023,1.660883e+00,1.47404343e-02,0.845046,122.0374,74.2647
11,backend,numeric,37,0.1000,1.0e-03,-1,LAM,0.2257,0.733023,1.831099e+00,1.77427827e-02,0.870740,98.1144,146.2024
11,backend,numeric,37,0.1000,1.0e-03,-1,LAM,0.2257,0.733023,2.018760e+00,2.30774926e-02,0.884297,105.5502,291.5511
11,backend,numeric,37,0.1000,1.0e-03,-1,LAM,0.2257,0.733023,2.225654e+00,3.13446055e-02,0.991715,88.1270,180.7903
11,backend,numeric,37,0.1000,1.0e-03,-1,LAM,0.2257,0.733023,2.453751e+00,2.25531790e-02,0.911528,111.0032,257.2502
11,backend,numeric,37,0.1000,1.0e-03,-1,LAM,0.2257,0.733023,2.705225e+00,2.83622658e-02,0.992016,99.9453,173.1141
11,backend,numeric,37,0.1000,1.0e-03,-1,LAM,0.2257,0.733023,2.982471e+00,3.54239140e-02,0.990335,86.8396,230.6464
11,backend,numeric,37,0.1000,1.0e-03,-1,LAM,0.2257,0.733023,3.288131e+00,1.93315495e-01,0.999220,50.5196,320.6793
11,backend,numeric,37,0.1000,1.0e-03,-1,LAM,0.2257,0.733023,3.625117e+00,3.65108604e-01,0.999891,100.2076,36.4513
11,backend,numeric,37,0.1000,1.0e-03,-1,LAM,0.2257,0.733023,3.996639e+00,1.19542833e-01,0.997220,144.3439,303.5977
11,backend,numeric,37,0.1000,1.0e-03,-1,LAM,0.2257,0.733023,4.406236e+00,1.09537561e-01,0.988064,92.0257,358.8800
11,backend,numeric,37,0.1000,1.0e-03,-1,LAM,0.2257,0.733023,4.857812e+00,9.64595709e-02,0.952940,92.0681,301.5790
11,backend,numeric,37,0.1000,1.0e-03,-1,LAM,0.2257,0.733023,5.355667e+00,2.23913369e-01,0.999037,123.8187,36.5585
11,backend,numeric,37,0.1000,1.0e-03,-1,LAM,0.2257,0.733023,5.904545e+00,2.01550255e-01,0.987229,65.0306,349.0210
11,backend,numeric,37,0.1000,1.0e-03,-1,LAM,0.2257,0.733023,6.509675e+00,1.46008603e-01,0.974561,131.5820,316.8875
11,backend,numeric,37,0.1000,1.0e-03,-1,LAM,0.2257,0.733023,7.176822e+00,1.65472953e-01,0.996871,132.3423,5.6069
11,backend,numeric,37,0.1000,1.0e-03,-1,LAM,0.2257,0.733023,7.912343e+00,2.09805229e-01,0.994737,111.6184,19.0751
11,backend,numeric,37,0.1000,1.0e-03,-1,LAM,0.2257,0.733023,8.723243e+00,2.53468768e-01,0.993980,98.9487,19.8371
11,backend,numeric,37,0.1000,1.0e-03,-1,LAM,0.2257,0.733023,9.617249e+00,2.47774096e-01,0.994474,95.4500,16.7501
11,backend,numeric,37,0.1000,1.0e-03,-1,LAM,0.2257,0.733023,1.060288e+01,2.28149886e-01,0.996157,107.4218,17.6794
11,backend,numeric,37,0.1000,1.0e-03,-1,LAM,0.2257,0.733023,1.168952e+01,1.29576491e-01,0.989280,147.1661,346.3374
11,backend,numeric,37,0.1000,1.0e-03,-1,LAM,0.2257,0.733023,1.288752e+01,1.71234236e-01,0.984423,67.7357,351.7548
11,backend,numeric,37,0.1000,1.0e-03,-1,LAM,0.2257,0.733023,1.420831e+01,1.64787567e-01,0.990622,144.9020,346.3572
11,backend,numeric,37,0.1000,1.0e-03,-1,LAM,0.2257,0.733023,1.566445e+01,2.96274343e-01,0.994944,93.4760,30.5300
11,backend,numeric,37,0.1000,1.0e-03,-1,LAM,0.2257,0.733023,1.726983e+01,1.29831312e-01,0.987514,92.1520,330.8977
11,backend,numeric,37,0.1000,1.0e-03,-1,LAM,0.2257,0.733023,1.903974e+01,1.50617593e-01,0.979091,86.8304,324.0847
11,backend,numeric,37,0.1000,1.0e-03,-1,LAM,0.2257,0.733023,2.099104e+01,2.21126593e-01,0.996957,81.2680,28.3494
11,backend,numeric,37,0.1000,1.0e-03,-1,LAM,0.2257,0.733023,2.314231e+01,1.70460263e-01,0.994666,145.4879,344.9111
11,backend,numeric,37,0.1000,1.0e-03,-1,LAM,0.2257,0.733023,2.551407e+01,3.10268118e-01,0.995193,86.5244,20.0165
11,backend,numeric,37,0.1000,1.0e-03,-1,LAM,0.2257,0.733023,2.812889e+01,1.95817441e-01,0.988934,77.8236,351.7854
11,backend,numeric,37,0.1000,1.0e-03,-1,LAM,0.2257,0.733023,3.101169e+01,2.64149112e-01,0.995736,143.4353,6.1107
11,backend,numeric,37,0.1000,1.0e-03,-1,LAM,0.2257,0.733023,3.418994e+01,1.88648007e-01,0.987735,70.8772,342.7878
11,backend,numeric,37,0.1000,1.0e-03,-1,LAM,0.2257,0.733023,3.769391e+01,1.50623869e-01,0.984198,87.4696,337.9830
11,backend,numeric,37,0.1000,1.0e-03,-1,LAM,0.2257,0.733023,4.155699e+01,2.28208922e-01,0.995687,104.5734,17.2984
11,backend,numeric,37,0.1000,1.0e-03,-1,LAM,0.2257,0.733023,4.581598e+01,2.00041424e-01,0.995441,102.2514,13.6291
11,backend,numeric,37,0.1000,1.0e-03,-1,LAM,0.2257,0.733023,5.051145e+01,1.06473746e-01,0.960573,129.8619,332.2208
11,backend,numeric,37,0.1000,1.0e-03,-1,LAM,0.2257,0.733023,5.568814e+01,1.87404312e-01,0.997365,129.4386,10.9109
11,backend,numeric,37,0.1000,1.0e-03,-1,LAM,0.2257,0.733023,6.139537e+01,2.22926449e-01,0.990378,71.8380,350.6243
11,backend,numeric,37,0.1000,1.0e-03,-1,LAM,0.2257,0.733023,6.768750e+01,2.19904999e-01,0.992787,79.1951,356.8222
11,backend,numeric,37,0.1000,1.0e-03,-1,LAM,0.2257,0.733023,7.462449e+01,1.44361997e-01,0.986408,54.9341,343.7240
11,backend,numeric,37,0.1000,1.0e-03,-1,LAM,0.2257,0.733023,8.227241e+01,1.74877245e-01,0.983456,141.9352,320.6728
11,backend,numeric,37,0.1000,1.0e-03,-1,LAM,0.2257,0.733023,9.070414e+01,2.33440743e-01,0.994843,87.8258,9.0138
11,backend,numeric,37,0.1000,1.0e-03,-1,LAM,0.2257,0.733023,1.000000e+02,1.42396469e-01,0.974834,85.6896,337.4730
12,backend,numeric,40,1.8000,1.0e-03,-1,LAM,0.0917,0.859901,0.000000e+00,4.59760133e-04,0.337643,49.8061,127.4383
12,backend,numeric,40,1.8000,1.0e-03,-1,LAM,0.0917,0.859901,1.000000e-03,4.55716844e-04,0.337176,51.6989,331.4305
12,backend,numeric,40,1.8000,1.0e-03,-1,LAM,0.0917,0.859901,1.102485e-03,4.55266255e-04,0.337172,53.1449,277.5511
12,backend,numeric,40,1.8000,1.0e-03,-1,LAM,0.0917,0.859901,1.215474e-03,4.54710057e-04,0.337237,53.4621,219.3885
12,backend,numeric,40,1.8000,1.0e-03,-1,LAM,0.0917,0.859901,1.340043e-03,4.54139270e-04,0.337259,52.3827,153.5714
12,backend,numeric,40,1.8000,1.0e-03,-1,LAM,0.0917,0.859901,1.477378e-03,4.53479439e-04,0.337318,54.3351,81.1951
12,backend,numeric,40,1.8000,1.0e-03,-1,LAM,0.0917,0.859901,1.628787e-03,4.52694458e-04,0.337451,53.3769,2.1813
12,backend,numeric,40,1.8000,1.0e-03,-1,LAM,0.0917,0.859901,1.795714e-03,4.51863138e-04,0.337555,54.7769,273.2385
12,backend,numeric,40,1.8000,1.0e-03,-1,LAM,0.0917,0.859901,1.979749e-03,4.50853299e-04,0.337783,53.9595,176.5635
12,backend,numeric,40,1.8000,1.0e-03,-1,LAM,0.0917,0.859901,2.182645e-03,4.49745663e-04,0.338027,55.9854,68.4441
12,backend,numeric,40,1.8000,1.0e-03,-1,LAM,0.0917,0.859901,2.406334e-03,4.48472589e-04,0.338358,55.0733,309.0296
12,backend,numeric,40,1.8000,1.0e-03,-1,LAM,0.0917,0.859901,2.652948e-03,4.46970275e-04,0.338853,55.4160,178.0957
12,backend,numeric,40,1.8000,1.0e-03,-1,LAM,0.0917,0.859901,2.924837e-03,4.45274588e-04,0.339444,56.9896,32.5739
12,backend,numeric,40,1.8000,1.0e-03,-1,LAM,0.0917,0.859901,3.224591e-03,4.43336548e-04,0.340183,57.9930,231.4447
12,backend,numeric,40,1.8000,1.0e-03,-1,LAM,0.0917,0.859901,3.555064e-03,4.41096910e-04,0.341124,58.7123,53.4024
12,backend,numeric,40,1.8000,1.0e-03,-1,LAM,0.0917,0.859901,3.919407e-03,4.38485764e-04,0.342315,59.0272,216.9778
12,backend,numeric,40,1.8000,1.0e-03,-1,LAM,0.0917,0.859901,4.321089e-03,4.35450394e-04,0.343788,58.7514,359.4856
12,backend,numeric,40,1.8000,1.0e-03,-1,LAM,0.0917,0.859901,4.763938e-03,4.31924716e-04,0.345590,59.9183,118.4706
12,backend,numeric,40,1.8000,1.0e-03,-1,LAM,0.0917,0.859901,5.252173e-03,4.27759852e-04,0.347918,61.2750,213.5068
12,backend,numeric,40,1.8000,1.0e-03,-1,LAM,0.0917,0.859901,5.790444e-03,4.23021635e-04,0.350704,62.1484,279.2384
12,backend,numeric,40,1.8000,1.0e-03,-1,LAM,0.0917,0.859901,6.383880e-03,4.17507161e-04,0.354216,62.0829,315.0535
12,backend,numeric,40,1.8000,1.0e-03,-1,LAM,0.0917,0.859901,7.038136e-03,4.11219894e-04,0.358532,62.9495,317.4658
12,backend,numeric,40,1.8000,1.0e-03,-1,LAM,0.0917,0.859901,7.759442e-03,4.04091302e-04,0.363809,64.6709,283.8555
12,backend,numeric,40,1.8000,1.0e-03,-1,LAM,0.0917,0.859901,8.554673e-03,3.95958963e-04,0.370287,65.5925,212.2058
12,backend,numeric,40,1.8000,1.0e-03,-1,LAM,0.0917,0.859901,9.431402e-03,3.86879473e-04,0.378067,66.4716,98.5770
12,backend,numeric,40,1.8000,1.0e-03,-1,LAM,0.0917,0.859901,1.039798e-02,3.76803717e-04,0.387483,66.6232,302.9693
12,backend,numeric,40,1.8000,1.0e-03,-1,LAM,0.0917,0.859901,1.146363e-02,3.65568963e-04,0.398830,67.6742,103.3069
12,backend,numeric,40,1.8000,1.0e-03,-1,LAM,0.0917,0.859901,1.263848e-02,3.53147472e-04,0.412416,68.2378,219.3803
12,backend,numeric,40,1.8000,1.0e-03,-1,LAM,0.0917,0.859901,1.393374e-02,3.39525443e-04,0.428398,68.1916,289.7497
12,backend,numeric,40,1.8000,1.0e-03,-1,LAM,0.0917,0.859901,1.536175e-02,3.24531476e-04,0.447232,67.8449,315.6690
12,backend,numeric,40,1.8000,1.0e-03,-1,LAM,0.0917,0.859901,1.693611e-02,3.07786822e-04,0.469301,67.6461,296.5785
12,backend,numeric,40,1.8000,1.0e-03,-1,LAM,0.0917,0.859901,1.867181e-02,2.88606473e-04,0.495112,66.8744,230.4573
12,backend,numeric,40,1.8000,1.0e-03,-1,LAM,0.0917,0.859901,2.058540e-02,2.65664385e-04,0.525543,65.1551,109.8717
12,backend,numeric,40,1.8000,1.0e-03,-1,LAM,0.0917,0.859901,2.269511e-02,2.36539107e-04,0.563255,62.4869,278.1538
12,backend,numeric,40,1.8000,1.0e-03,-1,LAM,0.0917,0.859901,2.502102e-02,1.96304098e-04,0.615559,58.4663,334.9216
12,backend,numeric,40,1.8000,1.0e-03,-1,LAM,0.0917,0.859901,2.758532e-02,1.32945063e-04,0.719650,48.7424,185.7970
12,backend,numeric,40,1.8000,1.0e-03,-1,LAM,0.0917,0.859901,3.041241e-02,1.09983346e-04,0.930641,158.6901,311.1482
12,backend,numeric,40,1.8000,1.0e-03,-1,LAM,0.0917,0.859901,3.352924e-02,2.24792744e-04,0.637201,144.1355,178.2416
12,backend,numeric,40,1.8000,1.0e-03,-1,LAM,0.0917,0.859901,3.696550e-02,2.88344136e-04,0.534338,136.7731,245.7472
12,backend,numeric,40,1.8000,1.0e-03,-1,LAM,0.0917,0.859901,4.075393e-02,3.31712314e-04,0.492478,129.6938,80.3475
12,backend,numeric,40,1.8000,1.0e-03,-1,LAM,0.0917,0.859901,4.493062e-02,3.63673858e-04,0.484228,122.3646,189.0808
12,backend,numeric,40,1.8000,1.0e-03,-1,LAM,0.0917,0.859901,4.953535e-02,3.92611123e-04,0.496421,116.3256,325.7827
12,backend,numeric,40,1.8000,1.0e-03,-1,LAM,0.0917,0.859901,5.461201e-02,4.23018221e-04,0.522100,111.0251,222.5843
12,backend,numeric,40,1.8000,1.0e-03,-1,LAM,0.0917,0.859901,6.020894e-02,4.58328026e-04,0.554568,106.3289,289.7381
12,backend,numeric,40,1.8000,1.0e-03,-1,LAM,0.0917,0.859901,6.637949e-02,4.97898320e-04,0.589748,101.9936,177.5097
12,backend,numeric,40,1.8000,1.0e-03,-1,LAM,0.0917,0.859901,7.318242e-02,5.39249679e-04,0.624773,96.9014,221.9873
12,backend,numeric,40,1.8000,1.0e-03,-1,LAM,0.0917,0.859901,8.068256e-02,5.74217764e-04,0.659616,92.4870,28.9902
12,backend,numeric,40,1.8000,1.0e-03,-1,LAM,0.0917,0.859901,8.895135e-02,5.90161178e-04,0.697604,86.3778,277.4233
12,backend,numeric,40,1.8000,1.0e-03,-1,LAM,0.0917,0.859901,9.806757e-02,5.59154631e-04,0.746568,79.2626,202.7650
12,backend,numeric,40,1.8000,1.0e-03,-1,LAM,0.0917,0.859901,1.081181e-01,3.97734428e-04,0.846996,63.5236,70.9393
12,backend,numeric,40,1.8000,1.0e-03,-1,LAM,0.0917,0.859901,1.191986e-01,6.76289571e-04,0.809259,149.3216,153.1042
12,backend,numeric,40,1.8000,1.0e-03,-1,LAM,0.0917,0.859901,1.314147e-01,1.01597338e-03,0.647508,138.2287,39.3326
12,backend,numeric,40,1.8000,1.0e-03,-1,LAM,0.0917,0.859901,1.448828e-01,1.23318398e-03,0.592319,131.8513,73.0200
12,backend,numeric,40,1.8000,1.0e-03,-1,LAM,0.0917,0.859901,1.597312e-01,1.38590904e-03,0.585412,125.7943,65.8112
12,backend,numeric,40,1.8000,1.0e-03,-1,LAM,0.0917,0.859901,1.761014e-01,1.49836423e-03,0.613406,120.0258,130.4317
12,backend,numeric,40,1.8000,1.0e-03,-1,LAM,0.0917,0.859901,1.941492e-01,1.59397210e-03,0.670620,114.6742,356.6011
12,backend,numeric,40,1.8000,1.0e-03,-1,LAM,0.0917,0.859901,2.140467e-01,1.69149383e-03,0.752056,106.3389,78.1207
12,backend,numeric,40,1.8000,1.0e-03,-1,LAM,0.0917,0.859901,2.359833e-01,1.80017987e-03,0.842842,101.1382,11.1561
12,backend,numeric,40,1.8000,1.0e-03,-1,LAM,0.0917,0.859901,2.601682e-01,1.65476241e-03,0.931034,77.8948,104.1117
12,backend,numeric,40,1.8000,1.0e-03,-1,LAM,0.0917,0.859901,2.868317e-01,1.98409632e-03,0.916305,105.8618,77.2648
12,backend,numeric,40,1.8000,1.0e-03,-1,LAM,0.0917,0.859901,3.162278e-01,2.62196834e-03,0.983886,72.8400,291.9513
12,backend,numeric,40,1.8000,1.0e-03,-1,LAM,0.0917,0.859901,3.486365e-01,3.25873906e-03,0.911570,151.8782,49.1755
12,backend,numeric,40,1.8000,1.0e-03,-1,LAM,0.0917,0.859901,3.843667e-01,5.01358343e-03,0.916647,133.5395,263.4446
12,backend,numeric,40,1.8000,1.0e-03,-1,LAM,0.0917,0.859901,4.237587e-01,8.44551296e-03,0.954450,112.5987,206.4730
12,backend,numeric,40,1.8000,1.0e-03,-1,LAM,0.0917,0.859901,4.671878e-01,7.48710604e-03,0.985127,128.5675,273.9097
12,backend,numeric,40,1.8000,1.0e-03,-1,LAM,0.0917,0.859901,5.150678e-01,7.72227626e-03,0.980456,122.7577,34.0404
12,backend,numeric,40,1.8000,1.0e-03,-1,LAM,0.0917,0.859901,5.678548e-01,1.25166347e-02,0.972344,117.5075,149.7704
12,backend,numeric,40,1.8000,1.0e-03,-1,LAM,0.0917,0.859901,6.260517e-01,8.60510166e-03,0.972349,112.8401,288.8735
12,backend,numeric,40,1.8000,1.0e-03,-1,LAM,0.0917,0.859901,6.902129e-01,9.31158334e-03,0.969301,114.1978,121.0350
12,backend,numeric,40,1.8000,1.0e-03,-1,LAM,0.0917,0.859901,7.609497e-01,6.80719762e-03,0.976562,112.4411,318.4106
12,backend,numeric,40,1.8000,1.0e-03,-1,LAM,0.0917,0.859901,8.389360e-01,7.85999194e-03,0.969213,115.9060,194.4693
12,backend,numeric,40,1.8000,1.0e-03,-1,LAM,0.0917,0.859901,9.249147e-01,8.37127026e-03,0.970804,113.7630,98.4284
12,backend,numeric,40,1.8000,1.0e-03,-1,LAM,0.0917,0.859901,1.019705e+00,6.35562254e-03,0.963773,112.7312,24.4890
12,backend,numeric,40,1.8000,1.0e-03,-1,LAM,0.0917,0.859901,1.124210e+00,6.01086935e-03,0.976727,117.1155,326.3123
12,backend,numeric,40,1.8000,1.0e-03,-1,LAM,0.0917,0.859901,1.239425e+00,6.78570097e-03,0.975935,113.2080,320.1609
12,backend,numeric,40,1.8000,1.0e-03,-1,LAM,0.0917,0.859901,1.366448e+00,6.09980759e-03,0.975756,115.5524,354.9177
12,backend,numeric,40,1.8000,1.0e-03,-1,LAM,0.0917,0.859901,1.506489e+00,6.65244354e-03,0.963541,113.8094,68.6030
12,backend,numeric,40,1.8000,1.0e-03,-1,LAM,0.0917,0.859901,1.660883e+00,8.59199733e-03,0.971938,114.9462,159.5177
12,backend,numeric,40,1.8000,1.0e-03,-1,LAM,0.0917,0.859901,1.831099e+00,6.60055617e-03,0.977706,113.3688,313.6964
12,backend,numeric,40,1.8000,1.0e-03,-1,LAM,0.0917,0.859901,2.018760e+00,7.53201495e-03,0.969604,115.8716,158.8781
12,backend,numeric,40,1.8000,1.0e-03,-1,LAM,0.0917,0.859901,2.225654e+00,7.61677426e-03,0.967469,111.2494,65.6676
12,backend,numeric,40,1.8000,1.0e-03,-1,LAM,0.0917,0.859901,2.453751e+00,5.93444669e-03,0.964172,115.7831,55.7828
12,backend,numeric,40,1.8000,1.0e-03,-1,LAM,0.0917,0.859901,2.705225e+00,8.30410119e-03,0.966396,111.2738,93.2670
12,backend,numeric,40,1.8000,1.0e-03,-1,LAM,0.0917,0.859901,2.982471e+00,7.90832653e-03,0.968235,115.0312,195.8091
12,backend,numeric,40,1.8000,1.0e-03,-1,LAM,0.0917,0.859901,3.288131e+00,6.66874666e-03,0.964975,112.2130,50.4622
12,backend,numeric,40,1.8000,1.0e-03,-1,LAM,0.0917,0.859901,3.625117e+00,6.47792521e-03,0.976698,112.7337,342.5361
12,backend,numeric,40,1.8000,1.0e-03,-1,LAM,0.0917,0.859901,3.996639e+00,6.98622536e-03,0.964373,110.9320,34.7931
12,backend,numeric,40,1.8000,1.0e-03,-1,LAM,0.0917,0.859901,4.406236e+00,7.69069929e-03,0.972591,114.3899,187.9201
12,backend,numeric,40,1.8000,1.0e-03,-1,LAM,0.0917,0.859901,4.857812e+00,8.35441077e-03,0.971254,114.7540,121.7119
12,backend,numeric,40,1.8000,1.0e-03,-1,LAM,0.0917,0.859901,5.355667e+00,7.66206345e-03,0.972114,114.1859,180.5858
12,backend,numeric,40,1.8000,1.0e-03,-1,LAM,0.0917,0.859901,5.904545e+00,7.71980468e-03,0.965694,110.3333,55.8134
12,backend,numeric,40,1.8000,1.0e-03,-1,LAM,0.0917,0.859901,6.509675e+00,7.86758080e-03,0.965085,111.7558,86.4777
12,backend,numeric,40,1.8000,1.0e-03,-1,LAM,0.0917,0.859901,7.176822e+00,7.66911685e-03,0.973484,111.2242,284.6422
12,backend,numeric,40,1.8000,1.0e-03,-1,LAM,0.0917,0.859901,7.912343e+00,5.20200119e-03,0.965129,118.2007,12.8246
12,backend,numeric,40,1.8000,1.0e-03,-1,LAM,0.0917,0.859901,8.723243e+00,7.40511275e-03,0.972630,110.8714,287.2424
12,backend,numeric,40,1.8000,1.0e-03,-1,LAM,0.0917,0.859901,9.617249e+00,8.96580744e-03,0.969338,113.0442,123.8854
12,backend,numeric,40,1.8000,1.0e-03,-1,LAM,0.0917,0.859901,1.060288e+01,7.44455137e-03,0.971605,116.1040,216.1504
12,backend,numeric,40,1.8000,1.0e-03,-1,LAM,0.0917,0.859901,1.168952e+01,7.46969362e-03,0.970049,112.5840,263.9434
12,backend,numeric,40,1.8000,1.0e-03,-1,LAM,0.0917,0.859901,1.288752e+01,7.30585960e-03,0.976515,111.7027,290.9417
12,backend,numeric,40,1.8000,1.0e-03,-1,LAM,0.0917,0.859901,1.420831e+01,6.38722965e-03,0.976435,115.0632,326.5207
12,backend,numeric,40,1.8000,1.0e-03,-1,LAM,0.0917,0.859901,1.566445e+01,7.22962443e-03,0.963779,112.3847,75.3233
12,backend,numeric,40,1.8000,1.0e-03,-1,LAM,0.0917,0.859901,1.726983e+01,7.24045514e-03,0.969086,114.5813,238.6778
12,backend,numeric,40,1.8000,1.0e-03,-1,LAM,0.0917,0.859901,1.903974e+01,7.69910693e-03,0.968372,115.2850,188.8581
12,backend,numeric,40,1.8000,1.0e-03,-1,LAM,0.0917,0.859901,2.099104e+01,5.25160833e-03,0.974117,120.0740,339.0672
12,backend,numeric,40,1.8000,1.0e-03,-1,LAM,0.0917,0.859901,2.314231e+01,5.39264197e-03,0.966113,116.9103,9.1614
12,backend,numeric,40,1.8000,1.0e-03,-1,LAM,0.0917,0.859901,2.551407e+01,6.49313916e-03,0.976863,113.2173,351.1061
12,backend,numeric,40,1.8000,1.0e-03,-1,LAM,0.0917,0.859901,2.812889e+01,5.73468418e-03,0.975670,118.1398,333.1570
12,backend,numeric,40,1.8000,1.0e-03,-1,LAM,0.0917,0.859901,3.101169e+01,8.10326850e-03,0.968700,111.3394,65.5842
12,backend,numeric,40,1.8000,1.0e-03,-1,LAM,0.0917,0.859901,3.418994e+01,6.73762198e-03,0.976576,113.8362,316.0165
12,backend,numeric,40,1.8000,1.0e-03,-1,LAM,0.0917,0.859901,3.769391e+01,8.84196996e-03,0.970629,113.7265,133.0879
12,backend,numeric,40,1.8000,1.0e-03,-1,LAM,0.0917,0.859901,4.155699e+01,7.29733576e-03,0.970364,110.5281,298.0135
12,backend,numeric,40,1.8000,1.0e-03,-1,LAM,0.0917,0.859901,4.581598e+01,7.89046468e-03,0.969257,113.9207,226.3428
12,backend,numeric,40,1.8000,1.0e-03,-1,LAM,0.0917,0.859901,5.051145e+01,5.69193767e-03,0.964234,116.9682,55.3551
12,backend,numeric,40,1.8000,1.0e-03,-1,LAM,0.0917,0.859901,5.568814e+01,7.51063427e-03,0.970292,115.7568,220.3458
12,backend,numeric,40,1.8000,1.0e-03,-1,LAM,0.0917,0.859901,6.139537e+01,7.05482068e-03,0.971671,115.8030,219.1887
12,backend,numeric,40,1.8000,1.0e-03,-1,LAM,0.0917,0.859901,6.768750e+01,8.14936109e-03,0.972005,115.7964,177.5429
12,backend,numeric,40,1.8000,1.0e-03,-1,LAM,0.0917,0.859901,7.462449e+01,7.31796722e-03,0.970562,111.1838,288.1322
12,backend,numeric,40,1.8000,1.0e-03,-1,LAM,0.0917,0.859901,8.227241e+01,6.42289376e-03,0.964860,112.7405,44.0219
12,backend,numeric,40,1.8000,1.0e-03,-1,LAM,0.0917,0.859901,9.070414e+01,5.50530740e-03,0.975603,117.6373,0.1105
12,backend,numeric,40,1.8000,1.0e-03,-1,LAM,0.0917,0.859901,1.000000e+02,7.78252265e-03,0.966708,110.2625,51.6496
13,backend,numeric,43,10.0000,1.0e-03,-1,LAM,0.9368,0.059825,0.000000e+00,2.57596268e-03,0.917979,90.7246,100.9487
13,backend,numeric,43,10.0000,1.0e-03,-1,LAM,0.9368,0.059825,1.000000e-03,2.53288250e-03,0.934313,89.4011,95.5101
13,backend,numeric,43,10.0000,1.0e-03,-1,LAM,0.9368,0.059825,1.102485e-03,2.52898481e-03,0.935732,89.2518,95.0009
13,backend,numeric,43,10.0000,1.0e-03,-1,LAM,0.9368,0.059825,1.215474e-03,2.52476256e-03,0.937247,89.0836,94.4492
13,backend,numeric,43,10.0000,1.0e-03,-1,LAM,0.9368,0.059825,1.340043e-03,2.52018494e-03,0.938858,88.8934,93.8523
13,backend,numeric,43,10.0000,1.0e-03,-1,LAM,0.9368,0.059825,1.477378e-03,2.51521196e-03,0.940565,88.6776,93.2076
13,backend,numeric,43,10.0000,1.0e-03,-1,LAM,0.9368,0.059825,1.628787e-03,2.50979130e-03,0.942365,88.4315,92.5127
13,backend,numeric,43,10.0000,1.0e-03,-1,LAM,0.9368,0.059825,1.795714e-03,2.50385263e-03,0.944254,88.1492,91.7653
13,backend,numeric,43,10.0000,1.0e-03,-1,LAM,0.9368,0.059825,1.979749e-03,2.49729063e-03,0.946225,87.8231,90.9632
13,backend,numeric,43,10.0000,1.0e-03,-1,LAM,0.9368,0.059825,2.182645e-03,2.48994857e-03,0.948268,87.4431,90.1045
13,backend,numeric,43,10.0000,1.0e-03,-1,LAM,0.9368,0.059825,2.406334e-03,2.48158603e-03,0.950371,86.9951,89.1880
13,backend,numeric,43,10.0000,1.0e-03,-1,LAM,0.9368,0.059825,2.652948e-03,2.47182458e-03,0.952516,86.4592,88.2126
13,backend,numeric,43,10.0000,1.0e-03,-1,LAM,0.9368,0.059825,2.924837e-03,2.46002230e-03,0.954682,85.8052,87.1787
13,backend,numeric,43,10.0000,1.0e-03,-1,LAM,0.9368,0.059825,3.224591e-03,2.44502911e-03,0.956839,84.9840,86.0887
13,backend,numeric,43,10.0000,1.0e-03,-1,LAM,0.9368,0.059825,3.555064e-03,2.42456048e-03,0.958941,83.9040,84.9501
13,backend,numeric,43,10.0000,1.0e-03,-1,LAM,0.9368,0.059825,3.919407e-03,2.39260598e-03,0.960882,82.3311,83.7963
13,backend,numeric,43,10.0000,1.0e-03,-1,LAM,0.9368,0.059825,4.321089e-03,2.35938008e-03,0.963424,80.4606,84.5220
13,backend,numeric,43,10.0000,1.0e-03,-1,LAM,0.9368,0.059825,4.763938e-03,2.37242252e-03,0.967506,80.3066,86.8147
13,backend,numeric,43,10.0000,1.0e-03,-1,LAM,0.9368,0.059825,5.252173e-03,2.42450552e-03,0.972020,81.3638,89.7848
13,backend,numeric,43,10.0000,1.0e-03,-1,LAM,0.9368,0.059825,5.790444e-03,2.50863777e-03,0.976367,83.3427,93.3488
13,backend,numeric,43,10.0000,1.0e-03,-1,LAM,0.9368,0.059825,6.383880e-03,2.61481072e-03,0.980285,85.9579,97.4688
13,backend,numeric,43,10.0000,1.0e-03,-1,LAM,0.9368,0.059825,7.038136e-03,2.73115915e-03,0.983814,88.8888,102.1332
13,backend,numeric,43,10.0000,1.0e-03,-1,LAM,0.9368,0.059825,7.759442e-03,2.84387123e-03,0.987080,91.8891,107.3514
13,backend,numeric,43,10.0000,1.0e-03,-1,LAM,0.9368,0.059825,8.554673e-03,2.93145798e-03,0.990120,94.8894,113.2068
13,backend,numeric,43,10.0000,1.0e-03,-1,LAM,0.9368,0.059825,9.431402e-03,2.97345475e-03,0.992845,98.0868,119.8592
13,backend,numeric,43,10.0000,1.0e-03,-1,LAM,0.9368,0.059825,1.039798e-02,2.95287570e-03,0.995145,101.9460,127.5061
13,backend,numeric,43,10.0000,1.0e-03,-1,LAM,0.9368,0.059825,1.146363e-02,2.83641922e-03,0.996915,107.5470,136.5110
13,backend,numeric,43,10.0000,1.0e-03,-1,LAM,0.9368,0.059825,1.263848e-02,2.55972409e-03,0.997983,117.7829,147.7137
13,backend,numeric,43,10.0000,1.0e-03,-1,LAM,0.9368,0.059825,1.393374e-02,1.98969400e-03,0.997138,138.1244,163.5965
13,backend,numeric,43,10.0000,1.0e-03,-1,LAM,0.9368,0.059825,1.536175e-02,1.29248166e-03,0.972237,157.4969,190.4813
13,backend,numeric,43,10.0000,1.0e-03,-1,LAM,0.9368,0.059825,1.693611e-02,1.61728232e-03,0.949918,152.2217,199.7097
13,backend,numeric,43,10.0000,1.0e-03,-1,LAM,0.9368,0.059825,1.867181e-02,1.82613312e-03,0.940259,149.6104,194.8880
13,backend,numeric,43,10.0000,1.0e-03,-1,LAM,0.9368,0.059825,2.058540e-02,2.01114254e-03,0.937595,147.5575,187.5687
13,backend,numeric,43,10.0000,1.0e-03,-1,LAM,0.9368,0.059825,2.269511e-02,2.20697300e-03,0.939504,145.3835,179.3976
13,backend,numeric,43,10.0000,1.0e-03,-1,LAM,0.9368,0.059825,2.502102e-02,2.44299056e-03,0.944170,142.6584,171.5156
13,backend,numeric,43,10.0000,1.0e-03,-1,LAM,0.9368,0.059825,2.758532e-02,2.76057524e-03,0.950186,139.0101,164.9115
13,backend,numeric,43,10.0000,1.0e-03,-1,LAM,0.9368,0.059825,3.041241e-02,3.24044566e-03,0.956448,134.0546,160.4180
13,backend,numeric,43,10.0000,1.0e-03,-1,LAM,0.9368,0.059825,3.352924e-02,4.18721020e-03,0.961683,126.8198,159.7649
13,backend,numeric,43,10.0000,1.0e-03,-1,LAM,0.9368,0.059825,3.696550e-02,4.63768471e-03,0.969708,121.7995,175.7087
13,backend,numeric,43,10.0000,1.0e-03,-1,LAM,0.9368,0.059825,4.075393e-02,4.12201844e-03,0.975829,124.3114,197.0150
13,backend,numeric,43,10.0000,1.0e-03,-1,LAM,0.9368,0.059825,4.493062e-02,3.28887810e-03,0.973213,129.4313,227.9901
13,backend,numeric,43,10.0000,1.0e-03,-1,LAM,0.9368,0.059825,4.953535e-02,3.10322465e-03,0.968008,123.1638,265.8289
13,backend,numeric,43,10.0000,1.0e-03,-1,LAM,0.9368,0.059825,5.461201e-02,2.95174269e-03,0.973540,116.2297,303.0448
13,backend,numeric,43,10.0000,1.0e-03,-1,LAM,0.9368,0.059825,6.020894e-02,2.13832787e-03,0.972508,122.2258,352.5745
13,backend,numeric,43,10.0000,1.0e-03,-1,LAM,0.9368,0.059825,6.637949e-02,2.52164603e-03,0.967224,114.5942,49.8716
13,backend,numeric,43,10.0000,1.0e-03,-1,LAM,0.9368,0.059825,7.318242e-02,2.24817093e-03,0.974098,116.6141,113.3091
13,backend,numeric,43,10.0000,1.0e-03,-1,LAM,0.9368,0.059825,8.068256e-02,2.06679236e-03,0.967220,114.6168,197.0910
13,backend,numeric,43,10.0000,1.0e-03,-1,LAM,0.9368,0.059825,8.895135e-02,2.12843600e-03,0.972868,113.7066,281.5614
13,backend,numeric,43,10.0000,1.0e-03,-1,LAM,0.9368,0.059825,9.806757e-02,1.89415100e-03,0.966651,113.4383,23.2929
13,backend,numeric,43,10.0000,1.0e-03,-1,LAM,0.9368,0.059825,1.081181e-01,1.93328762e-03,0.973107,114.4182,130.0868
13,backend,numeric,43,10.0000,1.0e-03,-1,LAM,0.9368,0.059825,1.191986e-01,2.18161927e-03,0.970267,111.7602,257.4742
13,backend,numeric,43,10.0000,1.0e-03,-1,LAM,0.9368,0.059825,1.314147e-01,1.96924260e-03,0.966656,111.8614,32.6556
13,backend,numeric,43,10.0000,1.0e-03,-1,LAM,0.9368,0.059825,1.448828e-01,1.78662012e-03,0.968646,114.9848,186.6288
13,backend,numeric,43,10.0000,1.0e-03,-1,LAM,0.9368,0.059825,1.597312e-01,1.67961845e-03,0.970146,116.2504,351.8861
13,backend,numeric,43,10.0000,1.0e-03,-1,LAM,0.9368,0.059825,1.761014e-01,1.76644629e-03,0.970041,115.1133,176.0055
13,backend,numeric,43,10.0000,1.0e-03,-1,LAM,0.9368,0.059825,1.941492e-01,1.77944916e-03,0.966831,114.0648,19.5595
13,backend,numeric,43,10.0000,1.0e-03,-1,LAM,0.9368,0.059825,2.140467e-01,2.06397087e-03,0.967696,112.2841,247.4393
13,backend,numeric,43,10.0000,1.0e-03,-1,LAM,0.9368,0.059825,2.359833e-01,2.00038083e-03,0.972584,113.7654,125.0685
13,backend,numeric,43,10.0000,1.0e-03,-1,LAM,0.9368,0.059825,2.601682e-01,1.92504858e-03,0.966553,112.4906,44.0851
13,backend,numeric,43,10.0000,1.0e-03,-1,LAM,0.9368,0.059825,2.868317e-01,1.80531737e-03,0.973339,115.5246,346.1952
13,backend,numeric,43,10.0000,1.0e-03,-1,LAM,0.9368,0.059825,3.162278e-01,2.04431917e-03,0.973343,112.6868,317.8101
13,backend,numeric,43,10.0000,1.0e-03,-1,LAM,0.9368,0.059825,3.486365e-01,2.04211986e-03,0.973430,112.6508,321.9239
13,backend,numeric,43,10.0000,1.0e-03,-1,LAM,0.9368,0.059825,3.843667e-01,1.75808000e-03,0.973175,115.9135,2.2792
13,backend,numeric,43,10.0000,1.0e-03,-1,LAM,0.9368,0.059825,4.237587e-01,2.08593000e-03,0.967067,111.8275,79.7952
13,backend,numeric,43,10.0000,1.0e-03,-1,LAM,0.9368,0.059825,4.671878e-01,1.79708561e-03,0.971430,115.2824,200.4710
13,backend,numeric,43,10.0000,1.0e-03,-1,LAM,0.9368,0.059825,5.150678e-01,1.69697024e-03,0.973103,115.9769,11.5897
13,backend,numeric,43,10.0000,1.0e-03,-1,LAM,0.9368,0.059825,5.678548e-01,1.86658792e-03,0.967702,114.1368,235.2718
13,backend,numeric,43,10.0000,1.0e-03,-1,LAM,0.9368,0.059825,6.260517e-01,2.00943667e-03,0.973057,115.0288,163.2495
13,backend,numeric,43,10.0000,1.0e-03,-1,LAM,0.9368,0.059825,6.902129e-01,1.95837772e-03,0.972585,115.5597,164.9868
13,backend,numeric,43,10.0000,1.0e-03,-1,LAM,0.9368,0.059825,7.609497e-01,2.06436419e-03,0.968736,112.3531,240.4911
13,backend,numeric,43,10.0000,1.0e-03,-1,LAM,0.9368,0.059825,8.389360e-01,2.02105229e-03,0.966063,111.6878,52.8783
13,backend,numeric,43,10.0000,1.0e-03,-1,LAM,0.9368,0.059825,9.249147e-01,2.02424589e-03,0.973570,112.6353,281.0610
13,backend,numeric,43,10.0000,1.0e-03,-1,LAM,0.9368,0.059825,1.019705e+00,2.15972591e-03,0.970894,112.1384,253.6770
13,backend,numeric,43,10.0000,1.0e-03,-1,LAM,0.9368,0.059825,1.124210e+00,1.69975171e-03,0.971880,116.2411,338.2263
13,backend,numeric,43,10.0000,1.0e-03,-1,LAM,0.9368,0.059825,1.239425e+00,1.77046432e-03,0.969010,115.0046,198.0700
13,backend,numeric,43,10.0000,1.0e-03,-1,LAM,0.9368,0.059825,1.366448e+00,1.81770554e-03,0.972078,114.7914,185.0054
13,backend,numeric,43,10.0000,1.0e-03,-1,LAM,0.9368,0.059825,1.506489e+00,2.11563378e-03,0.970623,111.5675,299.4023
13,backend,numeric,43,10.0000,1.0e-03,-1,LAM,0.9368,0.059825,1.660883e+00,1.87416797e-03,0.968142,114.4678,219.2813
13,backend,numeric,43,10.0000,1.0e-03,-1,LAM,0.9368,0.059825,1.831099e+00,1.64567229e-03,0.972411,115.7353,344.0864
13,backend,numeric,43,10.0000,1.0e-03,-1,LAM,0.9368,0.059825,2.018760e+00,2.11969075e-03,0.972412,112.3152,267.9519
13,backend,numeric,43,10.0000,1.0e-03,-1,LAM,0.9368,0.059825,2.225654e+00,2.08288998e-03,0.968231,111.7151,61.2856
13,backend,numeric,43,10.0000,1.0e-03,-1,LAM,0.9368,0.059825,2.453751e+00,2.19243219e-03,0.969108,112.2084,101.4981
13,backend,numeric,43,10.0000,1.0e-03,-1,LAM,0.9368,0.059825,2.705225e+00,1.64449544e-03,0.967228,115.5025,33.0892
13,backend,numeric,43,10.0000,1.0e-03,-1,LAM,0.9368,0.059825,2.982471e+00,2.15322370e-03,0.970880,112.2055,251.5888
13,backend,numeric,43,10.0000,1.0e-03,-1,LAM,0.9368,0.059825,3.288131e+00,2.10362244e-03,0.968436,111.8519,72.8488
13,backend,numeric,43,10.0000,1.0e-03,-1,LAM,0.9368,0.059825,3.625117e+00,1.88478050e-03,0.967842,114.1001,228.9788
13,backend,numeric,43,10.0000,1.0e-03,-1,LAM,0.9368,0.059825,3.996639e+00,2.17427043e-03,0.970832,112.3309,75.8965
13,backend,numeric,43,10.0000,1.0e-03,-1,LAM,0.9368,0.059825,4.406236e+00,1.89058945e-03,0.974399,114.3125,346.6807
13,backend,numeric,43,10.0000,1.0e-03,-1,LAM,0.9368,0.059825,4.857812e+00,1.61166375e-03,0.968393,115.9344,4.8798
13,backend,numeric,43,10.0000,1.0e-03,-1,LAM,0.9368,0.059825,5.355667e+00,1.91269854e-03,0.972825,114.2483,163.8484
13,backend,numeric,43,10.0000,1.0e-03,-1,LAM,0.9368,0.059825,5.904545e+00,1.88543230e-03,0.967663,114.4922,186.9195
13,backend,numeric,43,10.0000,1.0e-03,-1,LAM,0.9368,0.059825,6.509675e+00,2.20572796e-03,0.968876,112.0812,103.8659
13,backend,numeric,43,10.0000,1.0e-03,-1,LAM,0.9368,0.059825,7.176822e+00,1.69456176e-03,0.968552,115.6059,2.7523
13,backend,numeric,43,10.0000,1.0e-03,-1,LAM,0.9368,0.059825,7.912343e+00,1.72670928e-03,0.973914,115.0811,323.4169
13,backend,numeric,43,10.0000,1.0e-03,-1,LAM,0.9368,0.059825,8.723243e+00,1.63750751e-03,0.967425,115.5700,29.3986
13,backend,numeric,43,10.0000,1.0e-03,-1,LAM,0.9368,0.059825,9.617249e+00,2.08745337e-03,0.970853,111.8277,289.6368
13,backend,numeric,43,10.0000,1.0e-03,-1,LAM,0.9368,0.059825,1.060288e+01,2.04941870e-03,0.973122,114.6590,158.6419
13,backend,numeric,43,10.0000,1.0e-03,-1,LAM,0.9368,0.059825,1.168952e+01,2.12177266e-03,0.967015,111.5368,84.0746
13,backend,numeric,43,10.0000,1.0e-03,-1,LAM,0.9368,0.059825,1.288752e+01,1.83994431e-03,0.968686,115.3412,175.5396
13,backend,numeric,43,10.0000,1.0e-03,-1,LAM,0.9368,0.059825,1.420831e+01,1.77460863e-03,0.970724,115.0174,174.8186
13,backend,numeric,43,10.0000,1.0e-03,-1,LAM,0.9368,0.059825,1.566445e+01,2.04036811e-03,0.968434,112.3449,252.9522
13,backend,numeric,43,10.0000,1.0e-03,-1,LAM,0.9368,0.059825,1.726983e+01,1.88942869e-03,0.967072,113.8030,231.5901
13,backend,numeric,43,10.0000,1.0e-03,-1,LAM,0.9368,0.059825,1.903974e+01,2.05644682e-03,0.967358,112.7781,217.2858
13,backend,numeric,43,10.0000,1.0e-03,-1,LAM,0.9368,0.059825,2.099104e+01,2.15178393e-03,0.971804,112.8800,86.2807
13,backend,numeric,43,10.0000,1.0e-03,-1,LAM,0.9368,0.059825,2.314231e+01,1.83861966e-03,0.966292,113.1247,21.6020
13,backend,numeric,43,10.0000,1.0e-03,-1,LAM,0.9368,0.059825,2.551407e+01,2.06702296e-03,0.968249,111.9992,275.3676
13,backend,numeric,43,10.0000,1.0e-03,-1,LAM,0.9368,0.059825,2.812889e+01,1.68286418e-03,0.968270,115.5517,359.2283
13,backend,numeric,43,10.0000,1.0e-03,-1,LAM,0.9368,0.059825,3.101169e+01,2.03472691e-03,0.967247,112.9554,211.6819
13,backend,numeric,43,10.0000,1.0e-03,-1,LAM,0.9368,0.059825,3.418994e+01,2.03789049e-03,0.972399,113.5597,110.1705
13,backend,numeric,43,10.0000,1.0e-03,-1,LAM,0.9368,0.059825,3.769391e+01,2.05947947e-03,0.966269,111.7223,76.3501
13,backend,numeric,43,10.0000,1.0e-03,-1,LAM,0.9368,0.059825,4.155699e+01,2.06639645e-03,0.966233,111.8688,83.1055
13,backend,numeric,43,10.0000,1.0e-03,-1,LAM,0.9368,0.059825,4.581598e+01,1.97411801e-03,0.967686,113.4512,210.2681
13,backend,numeric,43,10.0000,1.0e-03,-1,LAM,0.9368,0.059825,5.051145e+01,2.03234905e-03,0.973117,114.3804,160.6732
13,backend,numeric,43,10.0000,1.0e-03,-1,LAM,0.9368,0.059825,5.568814e+01,2.21574590e-03,0.969652,112.0229,105.7814
13,backend,numeric,43,10.0000,1.0e-03,-1,LAM,0.9368,0.059825,6.139537e+01,1.84315700e-03,0.967249,114.2374,240.6961
13,backend,numeric,43,10.0000,1.0e-03,-1,LAM,0.9368,0.059825,6.768750e+01,1.74914971e-03,0.965706,114.2808,48.7262
13,backend,numeric,43,10.0000,1.0e-03,-1,LAM,0.9368,0.059825,7.462449e+01,NaN,NaN,NaN,NaN
13,backend,numeric,43,10.0000,1.0e-03,-1,LAM,0.9368,0.059825,8.227241e+01,NaN,NaN,NaN,NaN
13,backend,numeric,43,10.0000,1.0e-03,-1,LAM,0.9368,0.059825,9.070414e+01,NaN,NaN,NaN,NaN
13,backend,numeric,43,10.0000,1.0e-03,-1,LAM,0.9368,0.059825,1.000000e+02,NaN,NaN,NaN,NaN
14,backend,numeric,47,0.1000,1.0e-03,-1,SAM,0.1867,0.009940,0.000000e+00,2.98012411e-03,0.968583,130.6313,81.6993
14,backend,numeric,47,0.1000,1.0e-03,-1,SAM,0.1867,0.009940,1.000000e-03,3.12303601e-03,0.963180,127.8351,89.4123
14,backend,numeric,47,0.1000,1.0e-03,-1,SAM,0.1867,0.009940,1.102485e-03,3.15336613e-03,0.962792,127.4592,90.0956
14,backend,numeric,47,0.1000,1.0e-03,-1,SAM,0.1867,0.009940,1.215474e-03,3.19046812e-03,0.962402,127.0323,90.8201
14,backend,numeric,47,0.1000,1.0e-03,-1,SAM,0.1867,0.009940,1.340043e-03,3.23615118e-03,0.962021,126.5470,91.5803
14,backend,numeric,47,0.1000,1.0e-03,-1,SAM,0.1867,0.009940,1.477378e-03,3.29320615e-03,0.961663,125.9923,92.3643
14,backend,numeric,47,0.1000,1.0e-03,-1,SAM,0.1867,0.009940,1.628787e-03,3.36921081e-03,0.961363,125.3386,93.1112
14,backend,numeric,47,0.1000,1.0e-03,-1,SAM,0.1867,0.009940,1.795714e-03,3.44145721e-03,0.960894,124.7461,93.1993
14,backend,numeric,47,0.1000,1.0e-03,-1,SAM,0.1867,0.009940,1.979749e-03,3.50586460e-03,0.960319,124.1918,93.2191
14,backend,numeric,47,0.1000,1.0e-03,-1,SAM,0.1867,0.009940,2.182645e-03,3.56802728e-03,0.959671,123.6458,93.1908
14,backend,numeric,47,0.1000,1.0e-03,-1,SAM,0.1867,0.009940,2.406334e-03,3.62949895e-03,0.958957,123.0992,93.1160
14,backend,numeric,47,0.1000,1.0e-03,-1,SAM,0.1867,0.009940,2.652948e-03,3.69108737e-03,0.958180,122.5477,92.9932
14,backend,numeric,47,0.1000,1.0e-03,-1,SAM,0.1867,0.009940,2.924837e-03,3.75326795e-03,0.957342,121.9890,92.8184
14,backend,numeric,47,0.1000,1.0e-03,-1,SAM,0.1867,0.009940,3.224591e-03,3.81635809e-03,0.956440,121.4217,92.5864
14,backend,numeric,47,0.1000,1.0e-03,-1,SAM,0.1867,0.009940,3.555064e-03,3.88062394e-03,0.955476,120.8445,92.2908
14,backend,numeric,47,0.1000,1.0e-03,-1,SAM,0.1867,0.009940,3.919407e-03,3.94628379e-03,0.954448,120.2569,91.9242
14,backend,numeric,47,0.1000,1.0e-03,-1,SAM,0.1867,0.009940,4.321089e-03,4.01352442e-03,0.953356,119.6584,91.4781
14,backend,numeric,47,0.1000,1.0e-03,-1,SAM,0.1867,0.009940,4.763938e-03,4.08250581e-03,0.952200,119.0492,90.9428
14,backend,numeric,47,0.1000,1.0e-03,-1,SAM,0.1867,0.009940,5.252173e-03,4.15336455e-03,0.950980,118.4298,90.3077
14,backend,numeric,47,0.1000,1.0e-03,-1,SAM,0.1867,0.009940,5.790444e-03,4.22621775e-03,0.949694,117.8012,89.5605
14,backend,numeric,47,0.1000,1.0e-03,-1,SAM,0.1867,0.009940,6.383880e-03,4.30117644e-03,0.948343,117.1650,88.6881
14,backend,numeric,47,0.1000,1.0e-03,-1,SAM,0.1867,0.009940,7.038136e-03,4.37834895e-03,0.946927,116.5231,87.6757
14,backend,numeric,47,0.1000,1.0e-03,-1,SAM,0.1867,0.009940,7.759442e-03,4.45786782e-03,0.945449,115.8784,86.5067
14,backend,numeric,47,0.1000,1.0e-03,-1,SAM,0.1867,0.009940,8.554673e-03,4.53989344e-03,0.943908,115.2341,85.1629
14,backend,numeric,47,0.1000,1.0e-03,-1,SAM,0.1867,0.009940,9.431402e-03,4.62459200e-03,0.942308,114.5951,83.6241
14,backend,numeric,47,0.1000,1.0e-03,-1,SAM,0.1867,0.009940,1.039798e-02,4.71213290e-03,0.940647,113.9674,81.8680
14,backend,numeric,47,0.1000,1.0e-03,-1,SAM,0.1867,0.009940,1.146363e-02,4.80266869e-03,0.938928,113.3593,79.8699
14,backend,numeric,47,0.1000,1.0e-03,-1,SAM,0.1867,0.009940,1.263848e-02,4.89636372e-03,0.937151,112.7810,77.6021
14,backend,numeric,47,0.1000,1.0e-03,-1,SAM,0.1867,0.009940,1.393374e-02,4.99348327e-03,0.935316,112.2448,75.0336
14,backend,numeric,47,0.1000,1.0e-03,-1,SAM,0.1867,0.009940,1.536175e-02,5.09439126e-03,0.933421,111.7659,72.1299
14,backend,numeric,47,0.1000,1.0e-03,-1,SAM,0.1867,0.009940,1.693611e-02,5.19950322e-03,0.931462,111.3624,68.8515
14,backend,numeric,47,0.1000,1.0e-03,-1,SAM,0.1867,0.009940,1.867181e-02,5.30936354e-03,0.929431,111.0555,65.1532
14,backend,numeric,47,0.1000,1.0e-03,-1,SAM,0.1867,0.009940,2.058540e-02,5.42469114e-03,0.927319,110.8683,60.9819
14,backend,numeric,47,0.1000,1.0e-03,-1,SAM,0.1867,0.009940,2.269511e-02,5.54642031e-03,0.925109,110.8243,56.2756
14,backend,numeric,47,0.1000,1.0e-03,-1,SAM,0.1867,0.009940,2.502102e-02,5.67566949e-03,0.922781,110.9440,50.9592
14,backend,numeric,47,0.1000,1.0e-03,-1,SAM,0.1867,0.009940,2.758532e-02,5.81376201e-03,0.920307,111.2395,44.9412
14,backend,numeric,47,0.1000,1.0e-03,-1,SAM,0.1867,0.009940,3.041241e-02,5.96215948e-03,0.917656,111.7046,38.1087
14,backend,numeric,47,0.1000,1.0e-03,-1,SAM,0.1867,0.009940,3.352924e-02,6.12238106e-03,0.914799,112.3002,30.3241
14,backend,numeric,47,0.1000,1.0e-03,-1,SAM,0.1867,0.009940,3.696550e-02,6.29555205e-03,0.911714,112.9354,21.4269
14,backend,numeric,47,0.1000,1.0e-03,-1,SAM,0.1867,0.009940,4.075393e-02,6.48211545e-03,0.908410,113.4437,11.2475
14,backend,numeric,47,0.1000,1.0e-03,-1,SAM,0.1867,0.009940,4.493062e-02,6.68126149e-03,0.904947,113.5644,359.6434
14,backend,numeric,47,0.1000,1.0e-03,-1,SAM,0.1867,0.009940,4.953535e-02,6.89002957e-03,0.901470,112.9500,346.5668
14,backend,numeric,47,0.1000,1.0e-03,-1,SAM,0.1867,0.009940,5.461201e-02,7.10211331e-03,0.898233,111.2278,332.1338
14,backend,numeric,47,0.1000,1.0e-03,-1,SAM,0.1867,0.009940,6.020894e-02,7.30751481e-03,0.895629,108.1295,316.6298
14,backend,numeric,47,0.1000,1.0e-03,-1,SAM,0.1867,0.009940,6.637949e-02,7.49032565e-03,0.894075,103.6657,300.3672
14,backend,numeric,47,0.1000,1.0e-03,-1,SAM,0.1867,0.009940,7.318242e-02,7.62949544e-03,0.893906,98.2333,283.4002
14,backend,numeric,47,0.1000,1.0e-03,-1,SAM,0.1867,0.009940,8.068256e-02,7.70400659e-03,0.895270,92.6161,265.2454
14,backend,numeric,47,0.1000,1.0e-03,-1,SAM,0.1867,0.009940,8.895135e-02,7.69959648e-03,0.898245,87.8745,245.0713
14,backend,numeric,47,0.1000,1.0e-03,-1,SAM,0.1867,0.009940,9.806757e-02,7.61996001e-03,0.902684,84.9962,222.5229
14,backend,numeric,47,0.1000,1.0e-03,-1,SAM,0.1867,0.009940,1.081181e-01,7.48690219e-03,0.908133,84.0556,198.1811
14,backend,numeric,47,0.1000,1.0e-03,-1,SAM,0.1867,0.009940,1.191986e-01,7.31810770e-03,0.914206,83.6235,172.6882
14,backend,numeric,47,0.1000,1.0e-03,-1,SAM,0.1867,0.009940,1.314147e-01,7.08337934e-03,0.921292,81.6749,145.4502
14,backend,numeric,47,0.1000,1.0e-03,-1,SAM,0.1867,0.009940,1.448828e-01,6.67080212e-03,0.930910,77.6772,114.0913
14,backend,numeric,47,0.1000,1.0e-03,-1,SAM,0.1867,0.009940,1.597312e-01,5.87859039e-03,0.945110,74.0252,75.8233
14,backend,numeric,47,0.1000,1.0e-03,-1,SAM,0.1867,0.009940,1.761014e-01,4.74522047e-03,0.976475,72.4065,52.5020
14,backend,numeric,47,0.1000,1.0e-03,-1,SAM,0.1867,0.009940,1.941492e-01,5.24409772e-03,0.992034,124.4305,119.2118
14,backend,numeric,47,0.1000,1.0e-03,-1,SAM,0.1867,0.009940,2.140467e-01,5.96516048e-03,0.928087,121.2380,145.1029
14,backend,numeric,47,0.1000,1.0e-03,-1,SAM,0.1867,0.009940,2.359833e-01,7.24659940e-03,0.904681,113.3536,102.7473
14,backend,numeric,47,0.1000,1.0e-03,-1,SAM,0.1867,0.009940,2.601682e-01,8.28929948e-03,0.889856,116.4702,47.8316
14,backend,numeric,47,0.1000,1.0e-03,-1,SAM,0.1867,0.009940,2.868317e-01,9.36275815e-03,0.875733,115.0217,336.1714
14,backend,numeric,47,0.1000,1.0e-03,-1,SAM,0.1867,0.009940,3.162278e-01,1.00999437e-02,0.874220,100.9559,268.9614
14,backend,numeric,47,0.1000,1.0e-03,-1,SAM,0.1867,0.009940,3.486365e-01,1.04052782e-02,0.882648,93.8479,207.7480
14,backend,numeric,47,0.1000,1.0e-03,-1,SAM,0.1867,0.009940,3.843667e-01,1.03406009e-02,0.896409,86.7356,143.6854
14,backend,numeric,47,0.1000,1.0e-03,-1,SAM,0.1867,0.009940,4.237587e-01,1.01760883e-02,0.910717,94.4088,74.3739
14,backend,numeric,47,0.1000,1.0e-03,-1,SAM,0.1867,0.009940,4.671878e-01,1.11839690e-02,0.911115,101.3254,5.9085
14,backend,numeric,47,0.1000,1.0e-03,-1,SAM,0.1867,0.009940,5.150678e-01,1.12081764e-02,0.923380,78.7085,297.0297
14,backend,numeric,47,0.1000,1.0e-03,-1,SAM,0.1867,0.009940,5.678548e-01,1.16370544e-02,0.988909,67.3591,242.1989
14,backend,numeric,47,0.1000,1.0e-03,-1,SAM,0.1867,0.009940,6.260517e-01,3.27051261e-02,0.996151,85.6325,295.1905
14,backend,numeric,47,0.1000,1.0e-03,-1,SAM,0.1867,0.009940,6.902129e-01,5.64173160e-02,0.997842,81.6001,329.3291
14,backend,numeric,47,0.1000,1.0e-03,-1,SAM,0.1867,0.009940,7.609497e-01,8.50984352e-02,0.998562,83.4851,355.7234
14,backend,numeric,47,0.1000,1.0e-03,-1,SAM,0.1867,0.009940,8.389360e-01,1.06647370e-01,0.999137,94.0030,15.9278
14,backend,numeric,47,0.1000,1.0e-03,-1,SAM,0.1867,0.009940,9.249147e-01,9.70012234e-02,0.999570,123.7649,29.1308
14,backend,numeric,47,0.1000,1.0e-03,-1,SAM,0.1867,0.009940,1.019705e+00,4.20296525e-02,0.965090,169.9339,347.8116
14,backend,numeric,47,0.1000,1.0e-03,-1,SAM,0.1867,0.009940,1.124210e+00,5.58687774e-02,0.931513,132.2349,282.9105
14,backend,numeric,47,0.1000,1.0e-03,-1,SAM,0.1867,0.009940,1.239425e+00,6.05833227e-02,0.940952,85.2576,260.2237
14,backend,numeric,47,0.1000,1.0e-03,-1,SAM,0.1867,0.009940,1.366448e+00,5.97177848e-02,0.987290,44.0413,233.5161
14,backend,numeric,47,0.1000,1.0e-03,-1,SAM,0.1867,0.009940,1.506489e+00,1.46350384e-01,0.999244,49.9378,232.8292
14,backend,numeric,47,0.1000,1.0e-03,-1,SAM,0.1867,0.009940,1.660883e+00,2.44720990e-01,0.999894,42.1373,208.7766
14,backend,numeric,47,0.1000,1.0e-03,-1,SAM,0.1867,0.009940,1.831099e+00,3.53758466e-01,0.999977,58.6391,163.1729
14,backend,numeric,47,0.1000,1.0e-03,-1,SAM,0.1867,0.009940,2.018760e+00,4.41504329e-01,0.999987,92.9794,157.0552
14,backend,numeric,47,0.1000,1.0e-03,-1,SAM,0.1867,0.009940,2.225654e+00,4.17594428e-01,0.999995,113.5778,190.4281
14,backend,numeric,47,0.1000,1.0e-03,-1,SAM,0.1867,0.009940,2.453751e+00,4.07021621e-01,0.999998,82.8611,222.5580
14,backend,numeric,47,0.1000,1.0e-03,-1,SAM,0.1867,0.009940,2.705225e+00,5.56901921e-01,0.999999,50.0812,189.5030
14,backend,numeric,47,0.1000,1.0e-03,-1,SAM,0.1867,0.009940,2.982471e+00,7.11408489e-01,1.000000,89.0306,152.3654
14,backend,numeric,47,0.1000,1.0e-03,-1,SAM,0.1867,0.009940,3.288131e+00,6.60127721e-01,1.000000,115.1265,201.2011
14,backend,numeric,47,0.1000,1.0e-03,-1,SAM,0.1867,0.009940,3.625117e+00,7.45632187e-01,1.000000,56.3691,206.2292
14,backend,numeric,47,0.1000,1.0e-03,-1,SAM,0.1867,0.009940,3.996639e+00,9.51408987e-01,1.000000,92.7772,150.8290
14,backend,numeric,47,0.1000,1.0e-03,-1,SAM,0.1867,0.009940,4.406236e+00,8.65133498e-01,1.000000,98.7914,217.3981
14,backend,numeric,47,0.1000,1.0e-03,-1,SAM,0.1867,0.009940,4.857812e+00,NaN,NaN,NaN,NaN
14,backend,numeric,47,0.1000,1.0e-03,-1,SAM,0.1867,0.009940,5.355667e+00,NaN,NaN,NaN,NaN
14,backend,numeric,47,0.1000,1.0e-03,-1,SAM,0.1867,0.009940,5.904545e+00,NaN,NaN,NaN,NaN
14,backend,numeric,47,0.1000,1.0e-03,-1,SAM,0.1867,0.009940,6.509675e+00,NaN,NaN,NaN,NaN
14,backend,numeric,47,0.1000,1.0e-03,-1,SAM,0.1867,0.009940,7.176822e+00,NaN,NaN,NaN,NaN
14,backend,numeric,47,0.1000,1.0e-03,-1,SAM,0.1867,0.009940,7.912343e+00,NaN,NaN,NaN,NaN
14,backend,numeric,47,0.1000,1.0e-03,-1,SAM,0.1867,0.009940,8.723243e+00,NaN,NaN,NaN,NaN
14,backend,numeric,47,0.1000,1.0e-03,-1,SAM,0.1867,0.009940,9.617249e+00,NaN,NaN,NaN,NaN
14,backend,numeric,47,0.1000,1.0e-03,-1,SAM,0.1867,0.009940,1.060288e+01,NaN,NaN,NaN,NaN
14,backend,numeric,47,0.1000,1.0e-03,-1,SAM,0.1867,0.009940,1.168952e+01,NaN,NaN,NaN,NaN
14,backend,numeric,47,0.1000,1.0e-03,-1,SAM,0.1867,0.009940,1.288752e+01,NaN,NaN,NaN,NaN
14,backend,numeric,47,0.1000,1.0e-03,-1,SAM,0.1867,0.009940,1.420831e+01,NaN,NaN,NaN,NaN
14,backend,numeric,47,0.1000,1.0e-03,-1,SAM,0.1867,0.009940,1.566445e+01,NaN,NaN,NaN,NaN
14,backend,numeric,47,0.1000,1.0e-03,-1,SAM,0.1867,0.009940,1.726983e+01,NaN,NaN,NaN,NaN
14,backend,numeric,47,0.1000,1.0e-03,-1,SAM,0.1867,0.009940,1.903974e+01,NaN,NaN,NaN,NaN
14,backend,numeric,47,0.1000,1.0e-03,-1,SAM,0.1867,0.009940,2.099104e+01,NaN,NaN,NaN,NaN
14,backend,numeric,47,0.1000,1.0e-03,-1,SAM,0.1867,0.009940,2.314231e+01,NaN,NaN,NaN,NaN
14,backend,numeric,47,0.1000,1.0e-03,-1,SAM,0.1867,0.009940,2.551407e+01,NaN,NaN,NaN,NaN
14,backend,numeric,47,0.1000,1.0e-03,-1,SAM,0.1867,0.009940,2.812889e+01,NaN,NaN,NaN,NaN
14,backend,numeric,47,0.1000,1.0e-03,-1,SAM,0.1867,0.009940,3.101169e+01,NaN,NaN,NaN,NaN
14,backend,numeric,47,0.1000,1.0e-03,-1,SAM,0.1867,0.009940,3.418994e+01,NaN,NaN,NaN,NaN
14,backend,numeric,47,0.1000,1.0e-03,-1,SAM,0.1867,0.009940,3.769391e+01,NaN,NaN,NaN,NaN
14,backend,numeric,47,0.1000,1.0e-03,-1,SAM,0.1867,0.009940,4.155699e+01,NaN,NaN,NaN,NaN
14,backend,numeric,47,0.1000,1.0e-03,-1,SAM,0.1867,0.009940,4.581598e+01,NaN,NaN,NaN,NaN
14,backend,numeric,47,0.1000,1.0e-03,-1,SAM,0.1867,0.009940,5.051145e+01,NaN,NaN,NaN,NaN
14,backend,numeric,47,0.1000,1.0e-03,-1,SAM,0.1867,0.009940,5.568814e+01,NaN,NaN,NaN,NaN
14,backend,numeric,47,0.1000,1.0e-03,-1,SAM,0.1867,0.009940,6.139537e+01,NaN,NaN,NaN,NaN
14,backend,numeric,47,0.1000,1.0e-03,-1,SAM,0.1867,0.009940,6.768750e+01,NaN,NaN,NaN,NaN
14,backend,numeric,47,0.1000,1.0e-03,-1,SAM,0.1867,0.009940,7.462449e+01,NaN,NaN,NaN,NaN
14,backend,numeric,47,0.1000,1.0e-03,-1,SAM,0.1867,0.009940,8.227241e+01,NaN,NaN,NaN,NaN
14,backend,numeric,47,0.1000,1.0e-03,-1,SAM,0.1867,0.009940,9.070414e+01,NaN,NaN,NaN,NaN
14,backend,numeric,47,0.1000,1.0e-03,-1,SAM,0.1867,0.009940,1.000000e+02,NaN,NaN,NaN,NaN
