beta0_deg,Id0_over_Is,Pe_min,J,mu_over_J,sigma,omega_e0,fate,omega_e_final,omega_e_tailmean,ripple,t_end_yr,reached_horizon,beta_final_deg,Id_final_over_Is,eps_beta_max,in_domain,omega_e_pred,rel_err_pred,alpha_rev_per_yr,beta_pole_min_deg,wall_s,error
15.00,0.7659,20.0,0.1000,1.0e-03,-1,5.23598776e-03,equilibrium,4.01041876e-03,4.01041876e-03,1.513940e-15,100.0000,1,44.1075,1.000000,2.696624e-03,1,4.01041876e-03,-8.651084e-15,4.575463,15.0000,9.61,
45.00,0.7659,20.0,0.1000,1.0e-03,-1,5.23598776e-03,equilibrium,4.01041876e-03,4.01041876e-03,1.189524e-14,100.0000,1,61.0850,1.000000,3.208970e-03,1,4.01041876e-03,-1.126804e-13,3.281880,38.5221,2.68,
75.00,0.7659,20.0,0.1000,1.0e-03,-1,5.23598776e-03,equilibrium,4.01041876e-03,4.01041876e-03,7.785976e-15,100.0000,1,102.5619,1.000000,3.363907e-03,1,4.01041876e-03,-6.380174e-14,2.815559,54.2275,2.25,
105.00,0.7659,20.0,0.1000,1.0e-03,-1,5.23598776e-03,equilibrium,4.01041876e-03,4.01041876e-03,4.758096e-15,100.0000,1,92.7274,1.000000,3.679212e-03,1,4.01041876e-03,-9.083638e-15,2.841339,57.3624,2.21,
135.00,0.7659,20.0,0.1000,1.0e-03,-1,5.23598776e-03,equilibrium,4.01041876e-03,4.01041876e-03,2.097888e-14,100.0000,1,98.9968,1.000000,3.975847e-03,1,4.01041876e-03,1.563683e-13,3.110250,33.0009,2.21,
165.00,0.7659,20.0,0.1000,1.0e-03,-1,5.23598776e-03,equilibrium,4.01041876e-03,4.01041876e-03,3.633455e-14,100.0000,1,140.4464,1.000000,2.554313e-03,1,4.01041876e-03,3.719966e-13,2.579812,1.1036,2.87,
15.00,0.7841,20.0,0.1000,1.0e-03,-1,5.23598776e-03,equilibrium,4.10549820e-03,4.10549820e-03,2.535220e-15,100.0000,1,35.8255,1.000000,2.781062e-03,1,4.10549820e-03,-3.845084e-14,4.058015,15.0000,3.32,
45.00,0.7841,20.0,0.1000,1.0e-03,-1,5.23598776e-03,equilibrium,4.10549820e-03,4.10549820e-03,1.267610e-14,100.0000,1,77.6509,1.000000,3.185139e-03,1,4.10549820e-03,-1.200004e-13,2.996910,43.4729,2.59,
75.00,0.7841,20.0,0.1000,1.0e-03,-1,5.23598776e-03,equilibrium,4.10549820e-03,4.10549820e-03,6.126781e-15,100.0000,1,80.9609,1.000000,3.183082e-03,1,4.10549820e-03,-2.746488e-15,2.790681,58.0531,2.44,
105.00,0.7841,20.0,0.1000,1.0e-03,-1,5.23598776e-03,equilibrium,4.10549820e-03,4.10549820e-03,2.091556e-14,100.0000,1,150.9653,1.000000,2.991852e-03,1,4.10549820e-03,1.761978e-13,3.145997,27.1017,2.26,
135.00,0.7841,20.0,0.1000,1.0e-03,-1,5.23598776e-03,equilibrium,4.10549820e-03,4.10549820e-03,2.661981e-14,100.0000,1,127.0913,1.000000,3.444444e-03,1,4.10549820e-03,2.866911e-13,3.500444,12.8366,2.46,
165.00,0.7841,20.0,0.1000,1.0e-03,-1,5.23598776e-03,equilibrium,4.10549820e-03,4.10549820e-03,3.422547e-14,100.0000,1,166.1632,1.000000,2.482851e-03,1,4.10549820e-03,3.287335e-13,3.703665,6.2919,2.59,
15.00,0.8023,20.0,0.1000,1.0e-03,-1,5.23598776e-03,equilibrium,4.20057765e-03,4.20057765e-03,7.639993e-15,100.0000,1,48.8498,1.000000,2.770727e-03,1,4.20057765e-03,-7.041183e-14,3.777319,15.0000,3.13,
45.00,0.8023,20.0,0.1000,1.0e-03,-1,5.23598776e-03,equilibrium,4.20057765e-03,4.20057765e-03,1.424755e-14,100.0000,1,82.4668,1.000000,3.106035e-03,1,4.20057765e-03,-1.092313e-13,2.804169,45.0000,2.46,
75.00,0.8023,20.0,0.1000,1.0e-03,-1,5.23598776e-03,equilibrium,4.20057765e-03,4.20057765e-03,7.846479e-15,100.0000,1,115.5598,1.000000,3.126924e-03,1,4.20057765e-03,4.150375e-14,2.792974,50.7859,2.30,
105.00,0.8023,20.0,0.1000,1.0e-03,-1,5.23598776e-03,equilibrium,4.20057765e-03,4.20057765e-03,2.209403e-14,100.0000,1,155.3140,1.000000,2.668620e-03,1,4.20057765e-03,2.508809e-13,3.313620,18.6401,2.35,
135.00,0.8023,20.0,0.1000,1.0e-03,-1,5.23598776e-03,equilibrium,4.20057765e-03,4.20057765e-03,3.861294e-14,100.0000,1,179.4487,1.000000,2.585005e-03,1,4.20057765e-03,3.807607e-13,1.407140,0.4566,3.00,
165.00,0.8023,20.0,0.1000,1.0e-03,-1,5.23598776e-03,equilibrium,4.20057765e-03,4.20057765e-03,2.994051e-14,100.0000,1,123.8148,1.000000,2.530510e-03,1,4.20057765e-03,3.113813e-13,3.490129,10.9788,2.24,
15.00,0.8204,20.0,0.1000,1.0e-03,-1,5.23598776e-03,equilibrium,4.29565709e-03,4.29565709e-03,9.086218e-15,100.0000,1,47.5130,1.000000,2.719333e-03,1,4.29565709e-03,-6.239203e-14,3.601998,15.0000,2.81,
45.00,0.8204,20.0,0.1000,1.0e-03,-1,5.23598776e-03,equilibrium,4.29565709e-03,4.29565709e-03,1.554753e-14,100.0000,1,87.9968,1.000000,3.010731e-03,1,4.29565709e-03,-9.429475e-14,2.704428,45.0000,2.20,
75.00,0.8204,20.0,0.1000,1.0e-03,-1,5.23598776e-03,equilibrium,4.29565709e-03,4.29565709e-03,9.288134e-15,100.0000,1,81.5970,1.000000,2.962443e-03,1,4.29565709e-03,5.209432e-14,2.789947,45.5469,2.27,
105.00,0.8204,20.0,0.1000,1.0e-03,-1,5.23598776e-03,equilibrium,4.29565709e-03,4.29565709e-03,2.665291e-14,100.0000,1,121.2250,1.000000,2.471037e-03,1,4.29565709e-03,2.869226e-13,3.409523,11.2587,2.43,
135.00,0.8204,20.0,0.1000,1.0e-03,-1,5.23598776e-03,equilibrium,4.29565709e-03,4.29565709e-03,4.785408e-14,100.0000,1,164.5814,1.000000,1.918797e-03,1,4.29565709e-03,4.676374e-13,0.509843,0.3904,2.39,
165.00,0.8204,20.0,0.1000,1.0e-03,-1,5.23598776e-03,equilibrium,4.29565709e-03,4.29565709e-03,2.887398e-14,100.0000,1,124.0238,1.000000,2.496619e-03,1,4.29565709e-03,2.794517e-13,3.369114,12.6428,2.19,
15.00,0.8386,20.0,0.1000,1.0e-03,-1,5.23598776e-03,equilibrium,4.39073654e-03,4.39073654e-03,7.309112e-15,100.0000,1,58.5607,1.000000,2.662423e-03,1,4.39073654e-03,-7.921497e-14,3.474532,15.0000,2.74,
45.00,0.8386,20.0,0.1000,1.0e-03,-1,5.23598776e-03,equilibrium,4.39073654e-03,4.39073654e-03,1.066735e-14,100.0000,1,86.4833,1.000000,2.946687e-03,1,4.39073654e-03,-7.467147e-14,2.633134,45.0000,2.13,
75.00,0.8386,20.0,0.1000,1.0e-03,-1,5.23598776e-03,equilibrium,4.39073654e-03,4.39073654e-03,1.046981e-14,100.0000,1,137.4013,1.000000,2.882726e-03,1,4.39073654e-03,9.659880e-14,2.775365,41.4387,2.07,
105.00,0.8386,20.0,0.1000,1.0e-03,-1,5.23598776e-03,equilibrium,4.39073654e-03,4.39073654e-03,3.121188e-14,100.0000,1,170.1209,1.000000,2.278358e-03,1,4.39073654e-03,3.050073e-13,3.415297,7.6801,2.41,
135.00,0.8386,20.0,0.1000,1.0e-03,-1,5.23598776e-03,equilibrium,4.39073654e-03,4.39073654e-03,4.820063e-14,100.0000,1,160.9756,1.000000,1.933841e-03,1,4.39073654e-03,4.446706e-13,0.550462,1.3595,2.26,
165.00,0.8386,20.0,0.1000,1.0e-03,-1,5.23598776e-03,equilibrium,4.39073654e-03,4.39073654e-03,2.133470e-14,100.0000,1,112.9419,1.000000,2.506201e-03,1,4.39073654e-03,2.581894e-13,3.199583,15.0000,2.22,
15.00,0.8567,20.0,0.1000,1.0e-03,-1,5.23598776e-03,equilibrium,4.48581598e-03,4.48581598e-03,9.474469e-15,100.0000,1,56.1707,1.000000,2.586309e-03,1,4.48581598e-03,-6.825485e-14,3.393605,15.0000,2.66,
45.00,0.8567,20.0,0.1000,1.0e-03,-1,5.23598776e-03,equilibrium,4.48581598e-03,4.48581598e-03,1.140803e-14,100.0000,1,68.2800,1.000000,2.862551e-03,1,4.48581598e-03,-9.126427e-14,2.578246,45.0000,1.95,
75.00,0.8567,20.0,0.1000,1.0e-03,-1,5.23598776e-03,equilibrium,4.48581598e-03,4.48581598e-03,4.447200e-15,100.0000,1,133.5611,1.000000,2.791009e-03,1,4.48581598e-03,8.797721e-14,2.744210,39.6173,2.01,
105.00,0.8567,20.0,0.1000,1.0e-03,-1,5.23598776e-03,equilibrium,4.48581598e-03,4.48581598e-03,2.977690e-14,100.0000,1,169.9537,1.000000,2.292642e-03,1,4.48581598e-03,2.929351e-13,3.344300,7.0497,2.45,
135.00,0.8567,20.0,0.1000,1.0e-03,-1,5.23598776e-03,equilibrium,4.48581598e-03,4.48581598e-03,3.422410e-14,100.0000,1,156.2831,1.000000,1.904876e-03,1,4.48581598e-03,3.567428e-13,1.060770,7.0833,2.35,
165.00,0.8567,20.0,0.1000,1.0e-03,-1,5.23598776e-03,equilibrium,4.48581598e-03,4.48581598e-03,2.126922e-14,100.0000,1,107.6141,1.000000,2.658862e-03,1,4.48581598e-03,2.007041e-13,2.990063,15.0000,2.11,
15.00,0.8749,20.0,0.1000,1.0e-03,-1,5.23598776e-03,equilibrium,4.58089543e-03,4.58089543e-03,4.922925e-15,100.0000,1,58.4257,1.000000,2.502350e-03,1,4.58089543e-03,-6.380868e-14,3.354542,15.0000,2.91,
45.00,0.8749,20.0,0.1000,1.0e-03,-1,5.23598776e-03,equilibrium,4.58089543e-03,4.58089543e-03,9.467164e-15,100.0000,1,103.3283,1.000000,2.779487e-03,1,4.58089543e-03,-7.422256e-14,2.536159,45.0000,2.04,
75.00,0.8749,20.0,0.1000,1.0e-03,-1,5.23598776e-03,equilibrium,4.58089543e-03,4.58089543e-03,5.301612e-15,100.0000,1,84.0373,1.000000,2.694026e-03,1,4.58089543e-03,8.842331e-14,2.699663,39.0880,2.02,
105.00,0.8749,20.0,0.1000,1.0e-03,-1,5.23598776e-03,equilibrium,4.58089543e-03,4.58089543e-03,2.480397e-14,100.0000,1,135.4385,1.000000,2.238054e-03,1,4.58089543e-03,2.662166e-13,3.230703,8.1893,2.19,
135.00,0.8749,20.0,0.1000,1.0e-03,-1,5.23598776e-03,equilibrium,4.58089543e-03,4.58089543e-03,3.237770e-14,100.0000,1,172.2101,1.000000,2.011765e-03,1,4.58089543e-03,3.336228e-13,1.512213,1.5150,2.72,
165.00,0.8749,20.0,0.1000,1.0e-03,-1,5.23598776e-03,equilibrium,4.58089543e-03,4.58089543e-03,2.328922e-14,100.0000,1,123.4967,1.000000,2.457224e-03,1,4.58089543e-03,2.302414e-13,2.990794,15.0000,2.09,
15.00,0.8930,20.0,0.1000,1.0e-03,-1,5.23598776e-03,equilibrium,4.67597488e-03,4.67597488e-03,6.677757e-15,100.0000,1,57.5249,1.000000,2.400237e-03,1,4.67597488e-03,-5.509149e-14,3.364754,15.0000,2.70,
45.00,0.8930,20.0,0.1000,1.0e-03,-1,5.23598776e-03,equilibrium,4.67597488e-03,4.67597488e-03,7.419730e-15,100.0000,1,80.1791,1.000000,2.698362e-03,1,4.67597488e-03,-6.418066e-14,2.507613,45.0000,2.07,
75.00,0.8930,20.0,0.1000,1.0e-03,-1,5.23598776e-03,equilibrium,4.67597488e-03,4.67597488e-03,8.532689e-15,100.0000,1,139.6026,1.000000,2.646454e-03,1,4.67597488e-03,8.365745e-14,2.646009,40.1248,1.94,
105.00,0.8930,20.0,0.1000,1.0e-03,-1,5.23598776e-03,equilibrium,4.67597488e-03,4.67597488e-03,2.522708e-14,100.0000,1,136.4460,1.000000,2.344470e-03,1,4.67597488e-03,2.283422e-13,2.998588,9.1676,2.03,
135.00,0.8930,20.0,0.1000,1.0e-03,-1,5.23598776e-03,equilibrium,4.67597488e-03,4.67597488e-03,3.876809e-14,100.0000,1,140.6686,1.000000,2.013156e-03,1,4.67597488e-03,3.383397e-13,1.659176,1.1496,3.02,
165.00,0.8930,20.0,0.1000,1.0e-03,-1,5.23598776e-03,equilibrium,4.67597488e-03,4.67597488e-03,2.207370e-14,100.0000,1,154.0780,1.000000,2.372567e-03,1,4.67597488e-03,2.368749e-13,2.993391,15.0000,2.10,
15.00,0.9112,20.0,0.1000,1.0e-03,-1,5.23598776e-03,equilibrium,4.77105432e-03,4.77105432e-03,4.363120e-15,100.0000,1,57.3333,1.000000,2.285863e-03,1,4.77105432e-03,-2.472435e-14,3.435661,15.0000,2.97,
45.00,0.9112,20.0,0.1000,1.0e-03,-1,5.23598776e-03,equilibrium,4.77105432e-03,4.77105432e-03,5.999290e-15,100.0000,1,77.5641,1.000000,2.613045e-03,1,4.77105432e-03,-7.453663e-14,2.482079,45.0000,2.15,
75.00,0.9112,20.0,0.1000,1.0e-03,-1,5.23598776e-03,equilibrium,4.77105432e-03,4.77105432e-03,8.726240e-15,100.0000,1,128.5294,1.000000,2.580357e-03,1,4.77105432e-03,2.181560e-14,2.587176,41.9899,2.30,
105.00,0.9112,20.0,0.1000,1.0e-03,-1,5.23598776e-03,equilibrium,4.77105432e-03,4.77105432e-03,1.290756e-14,100.0000,1,159.4164,1.000000,2.288382e-03,1,4.77105432e-03,9.253450e-14,2.995868,4.4604,2.46,
135.00,0.9112,20.0,0.1000,1.0e-03,-1,5.23598776e-03,equilibrium,4.77105432e-03,4.77105432e-03,1.327116e-14,100.0000,1,140.5370,1.000000,1.976477e-03,1,4.77105432e-03,1.305300e-13,1.499161,0.7739,2.93,
165.00,0.9112,20.0,0.1000,1.0e-03,-1,5.23598776e-03,equilibrium,4.77105432e-03,4.77105432e-03,1.272577e-14,100.0000,1,148.3795,1.000000,2.254176e-03,1,4.77105432e-03,9.507965e-14,2.991833,11.9343,2.20,
15.00,0.9364,20.0,0.1000,1.0e-03,-1,5.23598776e-03,equilibrium,4.90311917e-03,4.90311917e-03,1.769000e-15,100.0000,1,45.5017,1.000000,2.105264e-03,1,4.90311917e-03,-8.491200e-15,3.644552,15.0000,3.11,
45.00,0.9364,20.0,0.1000,1.0e-03,-1,5.23598776e-03,equilibrium,4.90311917e-03,4.90311917e-03,4.953200e-15,100.0000,1,68.4159,1.000000,2.462784e-03,1,4.90311917e-03,-6.792960e-14,2.501779,41.1183,2.07,
75.00,0.9364,20.0,0.1000,1.0e-03,-1,5.23598776e-03,equilibrium,4.90311917e-03,4.90311917e-03,2.476600e-15,100.0000,1,89.8948,1.000000,2.514079e-03,1,4.90311917e-03,1.963590e-14,2.498406,46.8072,1.96,
105.00,0.9364,20.0,0.1000,1.0e-03,-1,5.23598776e-03,equilibrium,4.90311917e-03,4.90311917e-03,1.043710e-14,100.0000,1,112.8838,1.000000,2.275171e-03,1,4.90311917e-03,9.251870e-14,2.799277,14.2997,1.95,
135.00,0.9364,20.0,0.1000,1.0e-03,-1,5.23598776e-03,equilibrium,4.90311917e-03,4.90311917e-03,1.362130e-14,100.0000,1,164.6442,1.000000,1.793426e-03,1,4.90311917e-03,1.250683e-13,0.839081,0.6186,2.25,
165.00,0.9364,20.0,0.1000,1.0e-03,-1,5.23598776e-03,equilibrium,4.90311917e-03,4.90311917e-03,1.202920e-14,100.0000,1,133.9941,1.000000,1.980128e-03,1,4.90311917e-03,1.395741e-13,2.329190,0.3904,2.79,
15.00,0.9435,20.0,0.1000,1.0e-03,-1,5.23598776e-03,equilibrium,4.94010456e-03,4.94010456e-03,1.580180e-15,100.0000,1,24.4277,1.000000,2.061354e-03,1,4.94010456e-03,-6.496297e-15,3.671028,13.9401,2.85,
45.00,0.9435,20.0,0.1000,1.0e-03,-1,5.23598776e-03,equilibrium,4.94010456e-03,4.94010456e-03,8.427628e-15,100.0000,1,51.7975,1.000000,2.458845e-03,1,4.94010456e-03,-7.145926e-14,2.498765,40.3217,1.88,
75.00,0.9435,20.0,0.1000,1.0e-03,-1,5.23598776e-03,equilibrium,4.94010456e-03,4.94010456e-03,3.687087e-15,100.0000,1,99.8043,1.000000,2.483729e-03,1,4.94010456e-03,2.932112e-14,2.498213,43.4514,1.76,
105.00,0.9435,20.0,0.1000,1.0e-03,-1,5.23598776e-03,equilibrium,4.94010456e-03,4.94010456e-03,1.106126e-14,100.0000,1,107.1155,1.000000,2.245681e-03,1,4.94010456e-03,7.848229e-14,2.779789,13.8230,1.95,
135.00,0.9435,20.0,0.1000,1.0e-03,-1,5.23598776e-03,equilibrium,4.94010456e-03,4.94010456e-03,1.404605e-14,100.0000,1,143.4446,1.000000,1.780165e-03,1,4.94010456e-03,1.306282e-13,0.809833,1.8121,2.22,
165.00,0.9435,20.0,0.1000,1.0e-03,-1,5.23598776e-03,equilibrium,4.94010456e-03,4.94010456e-03,1.650410e-14,100.0000,1,143.5097,1.000000,1.886169e-03,1,4.94010456e-03,1.423918e-13,1.159044,2.7427,2.53,
15.00,0.9506,20.0,0.1000,1.0e-03,-1,5.23598776e-03,equilibrium,4.97708996e-03,4.97708996e-03,1.742709e-15,100.0000,1,45.5517,1.000000,2.022061e-03,1,4.97708996e-03,-4.531042e-15,3.685407,12.8276,3.21,
45.00,0.9506,20.0,0.1000,1.0e-03,-1,5.23598776e-03,equilibrium,4.97708996e-03,4.97708996e-03,7.842189e-15,100.0000,1,51.7996,1.000000,2.426410e-03,1,4.97708996e-03,-5.576667e-14,2.500778,39.6347,2.04,
75.00,0.9506,20.0,0.1000,1.0e-03,-1,5.23598776e-03,equilibrium,4.97708996e-03,4.97708996e-03,3.833959e-15,100.0000,1,124.7401,1.000000,2.460683e-03,1,4.97708996e-03,2.631490e-14,2.473873,45.1474,1.93,
105.00,0.9506,20.0,0.1000,1.0e-03,-1,5.23598776e-03,equilibrium,4.97708996e-03,4.97708996e-03,5.576667e-15,100.0000,1,111.9774,1.000000,2.212679e-03,1,4.97708996e-03,8.016459e-14,2.759283,14.0871,1.94,
135.00,0.9506,20.0,0.1000,1.0e-03,-1,5.23598776e-03,equilibrium,4.97708996e-03,4.97708996e-03,1.446448e-14,100.0000,1,145.0067,1.000000,1.758873e-03,1,4.97708996e-03,1.362798e-13,0.819475,1.4804,2.24,
165.00,0.9506,20.0,0.1000,1.0e-03,-1,5.23598776e-03,equilibrium,4.97708996e-03,4.97708996e-03,1.289604e-14,100.0000,1,138.1842,1.000000,1.834768e-03,1,4.97708996e-03,1.232095e-13,1.039978,0.9447,2.32,
15.00,0.9576,20.0,0.1000,1.0e-03,-1,5.23598776e-03,equilibrium,5.01407536e-03,5.01407536e-03,1.556868e-15,100.0000,1,38.5924,1.000000,1.993074e-03,1,5.01407536e-03,-9.341211e-15,3.693605,12.1822,3.01,
45.00,0.9576,20.0,0.1000,1.0e-03,-1,5.23598776e-03,equilibrium,5.01407536e-03,5.01407536e-03,3.632693e-15,100.0000,1,64.8536,1.000000,2.392330e-03,1,5.01407536e-03,-5.293353e-14,2.501989,39.1273,1.84,
75.00,0.9576,20.0,0.1000,1.0e-03,-1,5.23598776e-03,equilibrium,5.01407536e-03,5.01407536e-03,4.324635e-15,100.0000,1,79.1327,1.000000,2.433383e-03,1,5.01407536e-03,1.972033e-14,2.458894,45.4236,1.76,
105.00,0.9576,20.0,0.1000,1.0e-03,-1,5.23598776e-03,equilibrium,5.01407536e-03,5.01407536e-03,9.168225e-15,100.0000,1,145.6609,1.000000,2.194288e-03,1,5.01407536e-03,9.496897e-14,2.737930,14.3029,1.76,
135.00,0.9576,20.0,0.1000,1.0e-03,-1,5.23598776e-03,equilibrium,5.01407536e-03,5.01407536e-03,1.245495e-14,100.0000,1,170.9007,1.000000,1.715072e-03,1,5.01407536e-03,1.197059e-13,0.820475,0.5955,2.08,
165.00,0.9576,20.0,0.1000,1.0e-03,-1,5.23598776e-03,equilibrium,5.01407536e-03,5.01407536e-03,1.089808e-14,100.0000,1,154.1983,1.000000,1.802599e-03,1,5.01407536e-03,1.257604e-13,0.920786,0.6448,2.15,
15.00,0.9647,20.0,0.1000,1.0e-03,-1,5.23598776e-03,equilibrium,5.05106076e-03,5.05106076e-03,2.060625e-15,100.0000,1,43.7436,1.000000,1.957771e-03,1,5.05106076e-03,-4.464687e-15,3.695460,11.5011,2.82,
45.00,0.9647,20.0,0.1000,1.0e-03,-1,5.23598776e-03,equilibrium,5.05106076e-03,5.05106076e-03,4.979843e-15,100.0000,1,58.8710,1.000000,2.367860e-03,1,5.05106076e-03,-4.670749e-14,2.501574,38.1016,1.84,
75.00,0.9647,20.0,0.1000,1.0e-03,-1,5.23598776e-03,equilibrium,5.05106076e-03,5.05106076e-03,2.919218e-15,100.0000,1,134.5301,1.000000,2.406528e-03,1,5.05106076e-03,9.101093e-15,2.445600,45.4699,1.65,
105.00,0.9647,20.0,0.1000,1.0e-03,-1,5.23598776e-03,equilibrium,5.05106076e-03,5.05106076e-03,9.787968e-15,100.0000,1,141.7562,1.000000,2.175166e-03,1,5.05106076e-03,8.534421e-14,2.718120,14.5967,1.75,
135.00,0.9647,20.0,0.1000,1.0e-03,-1,5.23598776e-03,equilibrium,5.05106076e-03,5.05106076e-03,1.236375e-14,100.0000,1,146.6058,1.000000,1.773314e-03,1,5.05106076e-03,1.179708e-13,0.839254,2.0504,1.93,
165.00,0.9647,20.0,0.1000,1.0e-03,-1,5.23598776e-03,equilibrium,5.05106076e-03,5.05106076e-03,1.219203e-14,100.0000,1,147.8598,1.000000,1.754499e-03,1,5.05106076e-03,1.246678e-13,0.839236,1.9097,2.06,
15.00,0.9717,20.0,0.1000,1.0e-03,-1,5.23598776e-03,equilibrium,5.08804616e-03,5.08804616e-03,1.022823e-15,100.0000,1,39.8273,1.000000,1.932956e-03,1,5.08804616e-03,-2.897998e-15,3.694359,10.4655,2.76,
45.00,0.9717,20.0,0.1000,1.0e-03,-1,5.23598776e-03,equilibrium,5.08804616e-03,5.08804616e-03,4.773174e-15,100.0000,1,48.9425,1.000000,2.325237e-03,1,5.08804616e-03,-5.216397e-14,2.498751,37.9630,2.00,
75.00,0.9717,20.0,0.1000,1.0e-03,-1,5.23598776e-03,equilibrium,5.08804616e-03,5.08804616e-03,3.920821e-15,100.0000,1,117.2972,1.000000,2.384657e-03,1,5.08804616e-03,7.330231e-15,2.432784,45.2628,1.60,
105.00,0.9717,20.0,0.1000,1.0e-03,-1,5.23598776e-03,equilibrium,5.08804616e-03,5.08804616e-03,7.159761e-15,100.0000,1,136.6080,1.000000,2.146873e-03,1,5.08804616e-03,8.216678e-14,2.698327,14.4167,1.82,
135.00,0.9717,20.0,0.1000,1.0e-03,-1,5.23598776e-03,equilibrium,5.08804616e-03,5.08804616e-03,1.448999e-14,100.0000,1,150.9455,1.000000,1.774788e-03,1,5.08804616e-03,1.302395e-13,0.859054,2.9297,1.92,
165.00,0.9717,20.0,0.1000,1.0e-03,-1,5.23598776e-03,equilibrium,5.08804616e-03,5.08804616e-03,1.772893e-14,100.0000,1,147.6923,1.000000,1.734176e-03,1,5.08804616e-03,1.437066e-13,0.769317,4.3711,1.96,
15.00,0.9788,20.0,0.1000,1.0e-03,-1,5.23598776e-03,equilibrium,5.12503156e-03,5.12503156e-03,8.462014e-16,100.0000,1,17.7662,1.000000,1.905079e-03,1,5.12503156e-03,1.353922e-15,3.688923,9.5642,2.83,
45.00,0.9788,20.0,0.1000,1.0e-03,-1,5.23598776e-03,equilibrium,5.12503156e-03,5.12503156e-03,5.923410e-15,100.0000,1,50.0072,1.000000,2.316146e-03,1,5.12503156e-03,-4.958740e-14,2.478609,37.3432,1.86,
75.00,0.9788,20.0,0.1000,1.0e-03,-1,5.23598776e-03,equilibrium,5.12503156e-03,5.12503156e-03,8.123533e-15,100.0000,1,90.3210,1.000000,2.355720e-03,1,5.12503156e-03,2.453984e-14,2.421037,44.8785,1.61,
105.00,0.9788,20.0,0.1000,1.0e-03,-1,5.23598776e-03,equilibrium,5.12503156e-03,5.12503156e-03,1.269302e-14,100.0000,1,123.4327,1.000000,2.077465e-03,1,5.12503156e-03,8.326621e-14,2.668658,14.4925,1.72,
135.00,0.9788,20.0,0.1000,1.0e-03,-1,5.23598776e-03,equilibrium,5.12503156e-03,5.12503156e-03,1.540086e-14,100.0000,1,136.8162,1.000000,1.811177e-03,1,5.12503156e-03,1.343768e-13,0.929528,1.9122,2.11,
165.00,0.9788,20.0,0.1000,1.0e-03,-1,5.23598776e-03,equilibrium,5.12503156e-03,5.12503156e-03,1.540086e-14,100.0000,1,168.0805,1.000000,1.685732e-03,1,5.12503156e-03,1.507931e-13,0.690275,1.0778,1.78,
15.00,0.9859,20.0,0.1000,1.0e-03,-1,5.23598776e-03,equilibrium,5.16201696e-03,5.16201696e-03,1.344221e-15,100.0000,1,32.5397,1.000000,1.877254e-03,1,5.16201696e-03,2.184360e-15,3.682987,9.5572,2.90,
45.00,0.9859,20.0,0.1000,1.0e-03,-1,5.23598776e-03,equilibrium,5.16201696e-03,5.16201696e-03,9.577578e-15,100.0000,1,70.0565,1.000000,2.290981e-03,1,5.16201696e-03,-4.671170e-14,2.467385,37.0810,1.86,
75.00,0.9859,20.0,0.1000,1.0e-03,-1,5.23598776e-03,equilibrium,5.16201696e-03,5.16201696e-03,4.704775e-15,100.0000,1,73.8823,1.000000,2.336035e-03,1,5.16201696e-03,3.965453e-14,2.409507,44.6631,1.74,
105.00,0.9859,20.0,0.1000,1.0e-03,-1,5.23598776e-03,equilibrium,5.16201696e-03,5.16201696e-03,8.569412e-15,100.0000,1,140.3350,1.000000,2.077648e-03,1,5.16201696e-03,9.006284e-14,2.668207,13.3948,1.62,
135.00,0.9859,20.0,0.1000,1.0e-03,-1,5.23598776e-03,equilibrium,5.16201696e-03,5.16201696e-03,1.478644e-14,100.0000,1,157.9463,1.000000,1.917038e-03,1,5.16201696e-03,1.330779e-13,1.588715,1.9110,2.03,
165.00,0.9859,20.0,0.1000,1.0e-03,-1,5.23598776e-03,equilibrium,5.16201696e-03,5.16201696e-03,1.529052e-14,100.0000,1,150.3117,1.000000,1.663201e-03,1,5.16201696e-03,1.655073e-13,0.639338,2.3569,1.83,
15.00,0.9929,20.0,0.1000,1.0e-03,-1,5.23598776e-03,equilibrium,5.19900236e-03,5.19900236e-03,1.167826e-15,100.0000,1,35.6984,1.000000,1.858023e-03,1,5.19900236e-03,5.004970e-15,3.673727,8.7074,3.10,
45.00,0.9929,20.0,0.1000,1.0e-03,-1,5.23598776e-03,equilibrium,5.19900236e-03,5.19900236e-03,5.672300e-15,100.0000,1,75.4269,1.000000,2.265535e-03,1,5.19900236e-03,-4.304274e-14,2.457123,36.7415,1.80,
75.00,0.9929,20.0,0.1000,1.0e-03,-1,5.23598776e-03,equilibrium,5.19900236e-03,5.19900236e-03,4.504473e-15,100.0000,1,86.6825,1.000000,2.315844e-03,1,5.19900236e-03,3.520162e-14,2.398500,44.4485,1.76,
105.00,0.9929,20.0,0.1000,1.0e-03,-1,5.23598776e-03,equilibrium,5.19900236e-03,5.19900236e-03,7.841120e-15,100.0000,1,145.4062,1.000000,2.085106e-03,1,5.19900236e-03,7.791070e-14,2.647960,14.2088,1.61,
135.00,0.9929,20.0,0.1000,1.0e-03,-1,5.23598776e-03,equilibrium,5.19900236e-03,5.19900236e-03,1.568224e-14,100.0000,1,132.2845,1.000000,1.851442e-03,1,5.19900236e-03,1.349674e-13,1.609856,0.6842,1.99,
165.00,0.9929,20.0,0.1000,1.0e-03,-1,5.23598776e-03,equilibrium,5.19900236e-03,5.19900236e-03,2.018671e-14,100.0000,1,149.6598,1.000000,1.635765e-03,1,5.19900236e-03,1.825146e-13,0.629384,0.4081,1.85,
15.00,0.7659,60.0,0.1000,1.0e-03,-1,1.74532925e-03,equilibrium,1.33680625e-03,1.33680625e-03,1.622078e-16,100.0000,1,24.9939,1.000000,1.114787e-02,1,1.33680625e-03,1.784286e-15,15.316921,12.2764,9.63,
45.00,0.7659,60.0,0.1000,1.0e-03,-1,1.74532925e-03,equilibrium,1.33680625e-03,1.33680625e-03,1.573416e-14,100.0000,1,52.9958,1.000000,1.640012e-02,1,1.33680625e-03,-1.401476e-13,11.572116,36.6185,7.95,
75.00,0.7659,60.0,0.1000,1.0e-03,-1,1.74532925e-03,equilibrium,1.33680625e-03,1.33680625e-03,7.785976e-15,100.0000,1,71.9152,1.000000,1.578132e-02,1,1.33680625e-03,-2.579104e-13,7.958642,64.6167,5.33,
105.00,0.7659,60.0,0.1000,1.0e-03,-1,1.74532925e-03,equilibrium,1.33680625e-03,1.33680625e-03,9.245846e-15,100.0000,1,101.5740,1.000000,1.895644e-02,1,1.33680625e-03,-4.022754e-14,7.578000,65.2710,4.94,
135.00,0.7659,60.0,0.1000,1.0e-03,-1,1.74532925e-03,equilibrium,1.33680625e-03,1.33680625e-03,5.661053e-14,100.0000,1,123.2150,1.000000,1.540376e-02,1,1.33680625e-03,6.376390e-13,9.959613,31.9322,5.44,
165.00,0.7659,60.0,0.1000,1.0e-03,-1,1.74532925e-03,equilibrium,1.33680625e-03,1.33680625e-03,8.532132e-14,100.0000,1,161.5050,1.000000,1.019719e-02,1,1.33680625e-03,7.902765e-13,12.368081,5.8124,5.53,
15.00,0.7841,60.0,0.1000,1.0e-03,-1,1.74532925e-03,equilibrium,1.36849940e-03,1.36849940e-03,0.000000e+00,100.0000,1,20.7057,1.000000,9.986639e-03,1,1.36849940e-03,3.010574e-15,15.326974,8.9242,10.08,
45.00,0.7841,60.0,0.1000,1.0e-03,-1,1.74532925e-03,equilibrium,1.36849940e-03,1.36849940e-03,1.806344e-14,100.0000,1,54.4145,1.000000,1.600938e-02,1,1.36849940e-03,-1.522716e-13,11.095420,37.9724,8.30,
75.00,0.7841,60.0,0.1000,1.0e-03,-1,1.74532925e-03,equilibrium,1.36849940e-03,1.36849940e-03,2.978883e-14,100.0000,1,86.4463,1.000000,1.844904e-02,1,1.36849940e-03,-3.029588e-13,7.625076,67.3050,5.08,
105.00,0.7841,60.0,0.1000,1.0e-03,-1,1.74532925e-03,equilibrium,1.36849940e-03,1.36849940e-03,1.109159e-14,100.0000,1,91.5257,1.000000,1.802699e-02,1,1.36849940e-03,-1.711273e-14,7.478895,62.8296,5.08,
135.00,0.7841,60.0,0.1000,1.0e-03,-1,1.74532925e-03,equilibrium,1.36849940e-03,1.36849940e-03,4.119732e-14,100.0000,1,134.3744,1.000000,1.642566e-02,1,1.36849940e-03,4.539628e-13,8.636599,45.0000,6.13,
165.00,0.7841,60.0,0.1000,1.0e-03,-1,1.74532925e-03,equilibrium,1.36849940e-03,1.36849940e-03,1.194722e-13,100.0000,1,169.4768,1.000000,6.764153e-03,1,1.36849940e-03,1.110902e-12,5.909650,0.3476,6.25,
15.00,0.8023,60.0,0.1000,1.0e-03,-1,1.74532925e-03,equilibrium,1.40019255e-03,1.40019255e-03,1.703512e-15,100.0000,1,33.7712,1.000000,1.202406e-02,1,1.40019255e-03,-1.084053e-15,13.717006,15.0000,9.05,
45.00,0.8023,60.0,0.1000,1.0e-03,-1,1.74532925e-03,equilibrium,1.40019255e-03,1.40019255e-03,2.632700e-15,100.0000,1,42.0109,1.000000,1.398991e-02,1,1.40019255e-03,-3.453483e-14,12.224361,29.4270,7.76,
75.00,0.8023,60.0,0.1000,1.0e-03,-1,1.74532925e-03,equilibrium,1.40019255e-03,1.40019255e-03,2.493322e-14,100.0000,1,73.1049,1.000000,1.719415e-02,1,1.40019255e-03,-2.809246e-13,8.702410,52.2504,11.50,
105.00,0.8023,60.0,0.1000,1.0e-03,-1,1.74532925e-03,equilibrium,1.40019255e-03,1.40019255e-03,2.663673e-14,100.0000,1,94.8275,1.000000,1.770835e-02,1,1.40019255e-03,-1.811917e-13,7.235139,62.6157,5.22,
135.00,0.8023,60.0,0.1000,1.0e-03,-1,1.74532925e-03,equilibrium,1.40019255e-03,1.40019255e-03,7.975533e-14,100.0000,1,146.3822,1.000000,1.332344e-02,1,1.40019255e-03,7.606955e-13,10.137483,27.4230,6.20,
165.00,0.8023,60.0,0.1000,1.0e-03,-1,1.74532925e-03,equilibrium,1.40019255e-03,1.40019255e-03,1.023656e-13,100.0000,1,165.7694,1.000000,7.672489e-03,1,1.40019255e-03,1.025514e-12,7.930659,1.0172,7.24,
15.00,0.8204,60.0,0.1000,1.0e-03,-1,1.74532925e-03,equilibrium,1.43188570e-03,1.43188570e-03,3.028739e-16,100.0000,1,12.8493,1.000000,8.831197e-03,1,1.43188570e-03,2.271555e-15,14.868572,6.4343,11.41,
45.00,0.8204,60.0,0.1000,1.0e-03,-1,1.74532925e-03,equilibrium,1.43188570e-03,1.43188570e-03,1.544657e-14,100.0000,1,57.5297,1.000000,1.519775e-02,1,1.43188570e-03,-1.897505e-13,10.192638,40.4915,8.01,
75.00,0.8204,60.0,0.1000,1.0e-03,-1,1.74532925e-03,equilibrium,1.43188570e-03,1.43188570e-03,1.226639e-14,100.0000,1,87.1680,1.000000,1.707163e-02,1,1.43188570e-03,-2.212494e-13,7.173688,70.1024,5.09,
105.00,0.8204,60.0,0.1000,1.0e-03,-1,1.74532925e-03,equilibrium,1.43188570e-03,1.43188570e-03,2.104974e-14,100.0000,1,110.5468,1.000000,1.628988e-02,1,1.43188570e-03,1.353847e-13,7.480969,55.1601,5.18,
135.00,0.8204,60.0,0.1000,1.0e-03,-1,1.74532925e-03,equilibrium,1.43188570e-03,1.43188570e-03,8.071591e-14,100.0000,1,142.0240,1.000000,1.309049e-02,1,1.43188570e-03,7.565791e-13,9.693382,29.7565,6.06,
165.00,0.8204,60.0,0.1000,1.0e-03,-1,1.74532925e-03,equilibrium,1.43188570e-03,1.43188570e-03,9.661679e-14,100.0000,1,159.9560,1.000000,8.644395e-03,1,1.43188570e-03,9.287630e-13,11.758937,3.0628,5.94,
15.00,0.8386,60.0,0.1000,1.0e-03,-1,1.74532925e-03,equilibrium,1.46357885e-03,1.46357885e-03,1.333419e-15,100.0000,1,34.8798,1.000000,1.124850e-02,1,1.46357885e-03,1.674182e-14,13.105868,15.0000,9.12,
45.00,0.8386,60.0,0.1000,1.0e-03,-1,1.74532925e-03,equilibrium,1.46357885e-03,1.46357885e-03,3.200206e-14,100.0000,1,62.6028,1.000000,1.561574e-02,1,1.46357885e-03,-3.105385e-13,8.824277,45.0000,6.73,
75.00,0.8386,60.0,0.1000,1.0e-03,-1,1.74532925e-03,equilibrium,1.46357885e-03,1.46357885e-03,2.266812e-14,100.0000,1,67.7208,1.000000,1.856371e-02,1,1.46357885e-03,-2.869814e-13,7.279514,63.8847,5.28,
105.00,0.8386,60.0,0.1000,1.0e-03,-1,1.74532925e-03,equilibrium,1.46357885e-03,1.46357885e-03,1.526024e-14,100.0000,1,92.9575,1.000000,1.631662e-02,1,1.46357885e-03,-3.111311e-15,7.129103,59.0489,5.06,
135.00,0.8386,60.0,0.1000,1.0e-03,-1,1.74532925e-03,equilibrium,1.46357885e-03,1.46357885e-03,8.696855e-14,100.0000,1,137.2848,1.000000,1.560989e-02,1,1.46357885e-03,8.212380e-13,10.249545,20.8508,5.57,
165.00,0.8386,60.0,0.1000,1.0e-03,-1,1.74532925e-03,equilibrium,1.46357885e-03,1.46357885e-03,1.177853e-13,100.0000,1,169.8022,1.000000,1.452855e-02,1,1.46357885e-03,1.165853e-12,5.329466,0.5346,5.42,
15.00,0.8567,60.0,0.1000,1.0e-03,-1,1.74532925e-03,equilibrium,1.49527199e-03,1.49527199e-03,1.450174e-15,100.0000,1,26.7575,1.000000,1.043803e-02,1,1.49527199e-03,5.655678e-15,13.141301,15.0000,9.00,
45.00,0.8567,60.0,0.1000,1.0e-03,-1,1.74532925e-03,equilibrium,1.49527199e-03,1.49527199e-03,4.205504e-15,100.0000,1,45.0722,1.000000,1.259299e-02,1,1.49527199e-03,-2.349282e-14,11.405348,29.2924,8.40,
75.00,0.8567,60.0,0.1000,1.0e-03,-1,1.74532925e-03,equilibrium,1.49527199e-03,1.49527199e-03,1.450174e-14,100.0000,1,69.8262,1.000000,1.555925e-02,1,1.49527199e-03,-2.516052e-13,7.821062,54.1283,6.63,
105.00,0.8567,60.0,0.1000,1.0e-03,-1,1.74532925e-03,equilibrium,1.49527199e-03,1.49527199e-03,8.846060e-15,100.0000,1,96.0121,1.000000,1.576395e-02,1,1.49527199e-03,-8.004960e-14,6.754003,69.9587,5.02,
135.00,0.8567,60.0,0.1000,1.0e-03,-1,1.74532925e-03,equilibrium,1.49527199e-03,1.49527199e-03,5.119114e-14,100.0000,1,133.7808,1.000000,1.399813e-02,1,1.49527199e-03,5.048055e-13,8.115359,42.7720,5.33,
165.00,0.8567,60.0,0.1000,1.0e-03,-1,1.74532925e-03,equilibrium,1.49527199e-03,1.49527199e-03,9.092590e-14,100.0000,1,166.4246,1.000000,8.002779e-03,1,1.49527199e-03,9.514591e-13,11.212764,3.4988,5.92,
15.00,0.8749,60.0,0.1000,1.0e-03,-1,1.74532925e-03,equilibrium,1.52696514e-03,1.52696514e-03,0.000000e+00,100.0000,1,16.7735,1.000000,7.607413e-03,1,1.52696514e-03,2.556134e-15,14.044448,4.5636,10.30,
45.00,0.8749,60.0,0.1000,1.0e-03,-1,1.74532925e-03,equilibrium,1.52696514e-03,1.52696514e-03,2.044907e-14,100.0000,1,53.9247,1.000000,1.364957e-02,1,1.52696514e-03,-1.570602e-13,9.594327,39.5958,7.21,
75.00,0.8749,60.0,0.1000,1.0e-03,-1,1.74532925e-03,equilibrium,1.52696514e-03,1.52696514e-03,1.377472e-14,100.0000,1,96.4910,1.000000,1.532115e-02,1,1.52696514e-03,-1.935562e-13,6.652881,73.8512,4.75,
105.00,0.8749,60.0,0.1000,1.0e-03,-1,1.74532925e-03,equilibrium,1.52696514e-03,1.52696514e-03,3.677993e-14,100.0000,1,124.0367,1.000000,1.401625e-02,1,1.52696514e-03,3.527465e-13,7.544570,47.4278,5.02,
135.00,0.8749,60.0,0.1000,1.0e-03,-1,1.74532925e-03,equilibrium,1.52696514e-03,1.52696514e-03,7.682603e-14,100.0000,1,135.2598,1.000000,1.180524e-02,1,1.52696514e-03,8.114306e-13,9.188560,28.1934,5.16,
165.00,0.8749,60.0,0.1000,1.0e-03,-1,1.74532925e-03,equilibrium,1.52696514e-03,1.52696514e-03,8.832864e-14,100.0000,1,168.5287,1.000000,8.030963e-03,1,1.52696514e-03,9.386693e-13,10.914765,4.8472,5.09,
15.00,0.8930,60.0,0.1000,1.0e-03,-1,1.74532925e-03,equilibrium,1.55865829e-03,1.55865829e-03,5.564797e-16,100.0000,1,24.1790,1.000000,9.601157e-03,1,1.55865829e-03,4.730078e-15,12.740979,15.0000,7.92,
45.00,0.8930,60.0,0.1000,1.0e-03,-1,1.74532925e-03,equilibrium,1.55865829e-03,1.55865829e-03,3.603206e-14,100.0000,1,52.7537,1.000000,1.382219e-02,1,1.55865829e-03,-2.623802e-13,8.510137,45.0000,5.85,
75.00,0.8930,60.0,0.1000,1.0e-03,-1,1.74532925e-03,equilibrium,1.55865829e-03,1.55865829e-03,1.711175e-14,100.0000,1,98.4364,1.000000,1.476636e-02,1,1.55865829e-03,-1.658310e-13,6.493215,70.9949,4.34,
105.00,0.8930,60.0,0.1000,1.0e-03,-1,1.74532925e-03,equilibrium,1.55865829e-03,1.55865829e-03,5.356117e-14,100.0000,1,124.5220,1.000000,1.291526e-02,1,1.55865829e-03,5.578709e-13,7.908307,41.1474,4.71,
135.00,0.8930,60.0,0.1000,1.0e-03,-1,1.74532925e-03,equilibrium,1.55865829e-03,1.55865829e-03,9.348859e-14,100.0000,1,150.8426,1.000000,8.752936e-03,1,1.55865829e-03,9.117920e-13,10.370414,10.3462,4.95,
165.00,0.8930,60.0,0.1000,1.0e-03,-1,1.74532925e-03,equilibrium,1.55865829e-03,1.55865829e-03,1.065659e-13,100.0000,1,169.1004,1.000000,7.126771e-03,1,1.55865829e-03,1.071641e-12,9.782473,0.3563,5.96,
15.00,0.9112,60.0,0.1000,1.0e-03,-1,1.74532925e-03,equilibrium,1.59035144e-03,1.59035144e-03,2.863297e-15,100.0000,1,33.4052,1.000000,1.005731e-02,1,1.59035144e-03,1.336205e-14,11.943334,15.0000,7.68,
45.00,0.9112,60.0,0.1000,1.0e-03,-1,1.74532925e-03,equilibrium,1.59035144e-03,1.59035144e-03,4.676719e-14,100.0000,1,58.0815,1.000000,1.376796e-02,1,1.59035144e-03,-3.416868e-13,7.790288,45.0000,5.50,
75.00,0.9112,60.0,0.1000,1.0e-03,-1,1.74532925e-03,equilibrium,1.59035144e-03,1.59035144e-03,1.077145e-14,100.0000,1,109.9070,1.000000,1.410521e-02,1,1.59035144e-03,2.440620e-14,6.462624,62.7670,4.21,
105.00,0.9112,60.0,0.1000,1.0e-03,-1,1.74532925e-03,equilibrium,1.59035144e-03,1.59035144e-03,6.571949e-14,100.0000,1,124.0533,1.000000,1.159944e-02,1,1.59035144e-03,6.933270e-13,8.459183,32.3310,4.79,
135.00,0.9112,60.0,0.1000,1.0e-03,-1,1.74532925e-03,equilibrium,1.59035144e-03,1.59035144e-03,9.557959e-14,100.0000,1,156.8390,1.000000,7.511382e-03,1,1.59035144e-03,9.608408e-13,10.519123,3.9457,4.97,
165.00,0.9112,60.0,0.1000,1.0e-03,-1,1.74532925e-03,equilibrium,1.59035144e-03,1.59035144e-03,1.013062e-13,100.0000,1,162.1549,1.000000,7.277960e-03,1,1.59035144e-03,1.021243e-12,10.588587,2.4775,5.19,
15.00,0.9364,60.0,0.1000,1.0e-03,-1,1.74532925e-03,equilibrium,1.63437306e-03,1.63437306e-03,5.307000e-16,100.0000,1,23.4144,1.000000,8.589817e-03,1,1.63437306e-03,5.041650e-15,12.391539,13.3748,7.81,
45.00,0.9364,60.0,0.1000,1.0e-03,-1,1.74532925e-03,equilibrium,1.63437306e-03,1.63437306e-03,1.034865e-14,100.0000,1,54.9574,1.000000,1.250749e-02,1,1.63437306e-03,-1.876024e-13,8.551020,42.6362,6.06,
75.00,0.9364,60.0,0.1000,1.0e-03,-1,1.74532925e-03,equilibrium,1.63437306e-03,1.63437306e-03,1.353285e-14,100.0000,1,103.2029,1.000000,1.366197e-02,1,1.63437306e-03,-1.742023e-13,6.245971,72.6880,4.15,
105.00,0.9364,60.0,0.1000,1.0e-03,-1,1.74532925e-03,equilibrium,1.63437306e-03,1.63437306e-03,4.418077e-14,100.0000,1,127.1459,1.000000,1.236391e-02,1,1.63437306e-03,4.338472e-13,7.191971,45.3204,4.38,
135.00,0.9364,60.0,0.1000,1.0e-03,-1,1.74532925e-03,equilibrium,1.63437306e-03,1.63437306e-03,8.995365e-14,100.0000,1,141.5792,1.000000,9.059887e-03,1,1.63437306e-03,8.731341e-13,9.519661,15.7740,4.67,
165.00,0.9364,60.0,0.1000,1.0e-03,-1,1.74532925e-03,equilibrium,1.63437306e-03,1.63437306e-03,1.261739e-13,100.0000,1,175.4867,1.000000,5.355695e-03,1,1.63437306e-03,1.265852e-12,3.800482,0.2896,4.49,
15.00,0.9435,60.0,0.1000,1.0e-03,-1,1.74532925e-03,equilibrium,1.64670152e-03,1.64670152e-03,2.633634e-16,100.0000,1,19.0337,1.000000,8.283923e-03,1,1.64670152e-03,5.003904e-15,12.400473,12.3101,8.02,
45.00,0.9435,60.0,0.1000,1.0e-03,-1,1.74532925e-03,equilibrium,1.64670152e-03,1.64670152e-03,2.567793e-14,100.0000,1,62.8111,1.000000,1.227957e-02,1,1.64670152e-03,-1.852761e-13,8.615765,41.4119,6.12,
75.00,0.9435,60.0,0.1000,1.0e-03,-1,1.74532925e-03,equilibrium,1.64670152e-03,1.64670152e-03,1.883048e-14,100.0000,1,99.1119,1.000000,1.348977e-02,1,1.64670152e-03,-1.559111e-13,6.217298,71.6392,4.49,
105.00,0.9435,60.0,0.1000,1.0e-03,-1,1.74532925e-03,equilibrium,1.64670152e-03,1.64670152e-03,4.240150e-14,100.0000,1,110.2467,1.000000,1.232954e-02,1,1.64670152e-03,4.433722e-13,7.060275,46.3318,4.65,
135.00,0.9435,60.0,0.1000,1.0e-03,-1,1.74532925e-03,equilibrium,1.64670152e-03,1.64670152e-03,8.058919e-14,100.0000,1,153.5244,1.000000,9.190403e-03,1,1.64670152e-03,8.484251e-13,9.333121,17.2852,4.68,
165.00,0.9435,60.0,0.1000,1.0e-03,-1,1.74532925e-03,equilibrium,1.64670152e-03,1.64670152e-03,1.249659e-13,100.0000,1,170.5905,1.000000,5.244602e-03,1,1.64670152e-03,1.277181e-12,1.940023,0.2440,4.85,
15.00,0.9506,60.0,0.1000,1.0e-03,-1,1.74532925e-03,equilibrium,1.65902999e-03,1.65902999e-03,1.307031e-16,100.0000,1,26.1791,1.000000,8.114584e-03,1,1.65902999e-03,3.398282e-15,12.375563,11.7260,9.01,
45.00,0.9506,60.0,0.1000,1.0e-03,-1,1.74532925e-03,equilibrium,1.65902999e-03,1.65902999e-03,9.410626e-15,100.0000,1,58.6082,1.000000,1.203754e-02,1,1.65902999e-03,-1.624640e-13,8.635145,40.9480,6.33,
75.00,0.9506,60.0,0.1000,1.0e-03,-1,1.74532925e-03,equilibrium,1.65902999e-03,1.65902999e-03,2.875469e-14,100.0000,1,95.3623,1.000000,1.328528e-02,1,1.65902999e-03,-1.550139e-13,6.182719,70.9644,4.23,
105.00,0.9506,60.0,0.1000,1.0e-03,-1,1.74532925e-03,equilibrium,1.65902999e-03,1.65902999e-03,4.483118e-14,100.0000,1,126.8229,1.000000,1.217242e-02,1,1.65902999e-03,3.638776e-13,6.964930,46.8717,4.42,
135.00,0.9506,60.0,0.1000,1.0e-03,-1,1.74532925e-03,equilibrium,1.65902999e-03,1.65902999e-03,8.874743e-14,100.0000,1,153.1830,1.000000,9.209320e-03,1,1.65902999e-03,8.844682e-13,9.183869,18.4377,4.58,
165.00,0.9506,60.0,0.1000,1.0e-03,-1,1.74532925e-03,equilibrium,1.65902999e-03,1.65902999e-03,1.212925e-13,100.0000,1,173.9664,1.000000,5.311023e-03,1,1.65902999e-03,1.247431e-12,3.909368,0.6344,4.14,
15.00,0.9576,60.0,0.1000,1.0e-03,-1,1.74532925e-03,equilibrium,1.67135845e-03,1.67135845e-03,6.486952e-16,100.0000,1,23.6996,1.000000,7.877397e-03,1,1.67135845e-03,3.762432e-15,12.333969,10.9893,7.53,
45.00,0.9576,60.0,0.1000,1.0e-03,-1,1.74532925e-03,equilibrium,1.67135845e-03,1.67135845e-03,7.524864e-15,100.0000,1,57.4746,1.000000,1.184313e-02,1,1.67135845e-03,-1.185815e-13,8.631762,40.4951,5.79,
75.00,0.9576,60.0,0.1000,1.0e-03,-1,1.74532925e-03,equilibrium,1.67135845e-03,1.67135845e-03,2.750468e-14,100.0000,1,89.2234,1.000000,1.316841e-02,1,1.67135845e-03,-1.925327e-13,6.144357,70.6932,3.79,
105.00,0.9576,60.0,0.1000,1.0e-03,-1,1.74532925e-03,equilibrium,1.67135845e-03,1.67135845e-03,4.372206e-14,100.0000,1,106.5351,1.000000,1.204898e-02,1,1.67135845e-03,3.822112e-13,6.890052,47.2821,3.85,
135.00,0.9576,60.0,0.1000,1.0e-03,-1,1.74532925e-03,equilibrium,1.67135845e-03,1.67135845e-03,8.731437e-14,100.0000,1,155.1295,1.000000,9.210147e-03,1,1.67135845e-03,8.721058e-13,9.057049,19.1612,4.37,
165.00,0.9576,60.0,0.1000,1.0e-03,-1,1.74532925e-03,equilibrium,1.67135845e-03,1.67135845e-03,1.277930e-13,100.0000,1,169.2758,1.000000,5.374535e-03,1,1.67135845e-03,1.238489e-12,4.170230,0.7398,4.02,
15.00,0.9647,60.0,0.1000,1.0e-03,-1,1.74532925e-03,equilibrium,1.68368692e-03,1.68368692e-03,5.151562e-16,100.0000,1,22.2878,1.000000,7.804935e-03,1,1.68368692e-03,4.121250e-15,12.282372,10.4814,6.92,
45.00,0.9647,60.0,0.1000,1.0e-03,-1,1.74532925e-03,equilibrium,1.68368692e-03,1.68368692e-03,1.056070e-14,100.0000,1,55.8900,1.000000,1.168861e-02,1,1.68368692e-03,-1.302057e-13,8.614677,39.8209,5.18,
75.00,0.9647,60.0,0.1000,1.0e-03,-1,1.74532925e-03,equilibrium,1.68368692e-03,1.68368692e-03,1.171980e-14,100.0000,1,88.9756,1.000000,1.300633e-02,1,1.68368692e-03,-1.430846e-13,6.103991,70.5103,3.38,
105.00,0.9647,60.0,0.1000,1.0e-03,-1,1.74532925e-03,equilibrium,1.68368692e-03,1.68368692e-03,3.606093e-14,100.0000,1,130.3388,1.000000,1.198941e-02,1,1.68368692e-03,3.740034e-13,6.825595,47.4333,3.75,
135.00,0.9647,60.0,0.1000,1.0e-03,-1,1.74532925e-03,equilibrium,1.68368692e-03,1.68368692e-03,9.234175e-14,100.0000,1,142.5884,1.000000,9.198956e-03,1,1.68368692e-03,8.621139e-13,8.940737,19.9854,3.90,
165.00,0.9647,60.0,0.1000,1.0e-03,-1,1.74532925e-03,equilibrium,1.68368692e-03,1.68368692e-03,1.179708e-13,100.0000,1,177.5712,1.000000,5.411886e-03,1,1.68368692e-03,1.190268e-12,4.399691,0.3338,3.83,
15.00,0.9717,60.0,0.1000,1.0e-03,-1,1.74532925e-03,equilibrium,1.69601539e-03,1.69601539e-03,5.114115e-16,100.0000,1,23.0125,1.000000,7.665095e-03,1,1.69601539e-03,2.557057e-15,12.224109,10.1196,6.98,
45.00,0.9717,60.0,0.1000,1.0e-03,-1,1.74532925e-03,equilibrium,1.69601539e-03,1.69601539e-03,1.559805e-14,100.0000,1,47.7334,1.000000,1.144399e-02,1,1.69601539e-03,-1.232502e-13,8.588580,39.4797,5.15,
75.00,0.9717,60.0,0.1000,1.0e-03,-1,1.74532925e-03,equilibrium,1.69601539e-03,1.69601539e-03,2.518702e-14,100.0000,1,95.8343,1.000000,1.284896e-02,1,1.69601539e-03,-1.555969e-13,6.062387,70.3879,3.71,
105.00,0.9717,60.0,0.1000,1.0e-03,-1,1.74532925e-03,equilibrium,1.69601539e-03,1.69601539e-03,4.423709e-14,100.0000,1,114.8885,1.000000,1.182862e-02,1,1.69601539e-03,3.822801e-13,6.768368,47.6252,4.21,
135.00,0.9717,60.0,0.1000,1.0e-03,-1,1.74532925e-03,equilibrium,1.69601539e-03,1.69601539e-03,8.425504e-14,100.0000,1,144.3087,1.000000,9.128595e-03,1,1.69601539e-03,8.333450e-13,8.838410,20.2602,3.87,
165.00,0.9717,60.0,0.1000,1.0e-03,-1,1.74532925e-03,equilibrium,1.69601539e-03,1.69601539e-03,1.154511e-13,100.0000,1,167.9265,1.000000,5.454888e-03,1,1.69601539e-03,1.168320e-12,4.550297,0.6811,3.56,
15.00,0.9788,60.0,0.1000,1.0e-03,-1,1.74532925e-03,equilibrium,1.70834385e-03,1.70834385e-03,1.015442e-15,100.0000,1,20.3313,1.000000,7.507370e-03,1,1.70834385e-03,5.077208e-15,12.161863,10.1170,6.38,
45.00,0.9788,60.0,0.1000,1.0e-03,-1,1.74532925e-03,equilibrium,1.70834385e-03,1.70834385e-03,1.167758e-14,100.0000,1,60.9549,1.000000,1.136486e-02,1,1.70834385e-03,-9.900556e-14,8.556968,39.1947,4.81,
75.00,0.9788,60.0,0.1000,1.0e-03,-1,1.74532925e-03,equilibrium,1.70834385e-03,1.70834385e-03,2.195893e-14,100.0000,1,73.4898,1.000000,1.269538e-02,1,1.70834385e-03,-2.032153e-13,6.019237,70.4414,3.54,
105.00,0.9788,60.0,0.1000,1.0e-03,-1,1.74532925e-03,equilibrium,1.70834385e-03,1.70834385e-03,4.315627e-14,100.0000,1,127.7678,1.000000,1.158655e-02,1,1.70834385e-03,3.694938e-13,6.715179,47.5271,3.46,
135.00,0.9788,60.0,0.1000,1.0e-03,-1,1.74532925e-03,equilibrium,1.70834385e-03,1.70834385e-03,9.177054e-14,100.0000,1,143.9786,1.000000,9.104847e-03,1,1.70834385e-03,8.668064e-13,8.741070,20.6190,4.33,
165.00,0.9788,60.0,0.1000,1.0e-03,-1,1.74532925e-03,equilibrium,1.70834385e-03,1.70834385e-03,1.151257e-13,100.0000,1,169.0569,1.000000,5.475490e-03,1,1.70834385e-03,1.139833e-12,4.669194,0.9629,3.85,
15.00,0.9859,60.0,0.1000,1.0e-03,-1,1.74532925e-03,equilibrium,1.72067232e-03,1.72067232e-03,1.260208e-16,100.0000,1,24.5441,1.000000,7.346599e-03,1,1.72067232e-03,3.150519e-15,12.096047,9.5047,6.82,
45.00,0.9859,60.0,0.1000,1.0e-03,-1,1.74532925e-03,equilibrium,1.72067232e-03,1.72067232e-03,2.671640e-14,100.0000,1,55.3109,1.000000,1.118518e-02,1,1.72067232e-03,-1.216100e-13,8.521622,39.3455,5.03,
75.00,0.9859,60.0,0.1000,1.0e-03,-1,1.74532925e-03,equilibrium,1.72067232e-03,1.72067232e-03,4.158685e-14,100.0000,1,78.0026,1.000000,1.254144e-02,1,1.72067232e-03,-1.921817e-13,5.978621,72.1993,3.23,
105.00,0.9859,60.0,0.1000,1.0e-03,-1,1.74532925e-03,equilibrium,1.72067232e-03,1.72067232e-03,3.604194e-14,100.0000,1,132.2009,1.000000,1.151847e-02,1,1.72067232e-03,3.751638e-13,6.666144,47.6574,3.50,
135.00,0.9859,60.0,0.1000,1.0e-03,-1,1.74532925e-03,equilibrium,1.72067232e-03,1.72067232e-03,8.972678e-14,100.0000,1,140.3754,1.000000,9.062811e-03,1,1.72067232e-03,8.496320e-13,8.650640,20.9421,3.97,
165.00,0.9859,60.0,0.1000,1.0e-03,-1,1.74532925e-03,equilibrium,1.72067232e-03,1.72067232e-03,1.121585e-13,100.0000,1,173.1281,1.000000,5.477310e-03,1,1.72067232e-03,1.092978e-12,4.748697,0.5626,4.18,
15.00,0.9929,60.0,0.1000,1.0e-03,-1,1.74532925e-03,equilibrium,1.73300079e-03,1.73300079e-03,3.753728e-16,100.0000,1,16.9863,1.000000,7.297315e-03,1,1.73300079e-03,3.128106e-15,12.028339,9.1932,6.32,
45.00,0.9929,60.0,0.1000,1.0e-03,-1,1.74532925e-03,equilibrium,1.73300079e-03,1.73300079e-03,2.790271e-14,100.0000,1,57.2398,1.000000,1.105530e-02,1,1.73300079e-03,-2.182167e-13,8.482592,44.0329,4.53,
75.00,0.9929,60.0,0.1000,1.0e-03,-1,1.74532925e-03,equilibrium,1.73300079e-03,1.73300079e-03,2.339824e-14,100.0000,1,98.2094,1.000000,1.239082e-02,1,1.73300079e-03,-2.040777e-13,5.935529,70.3364,3.28,
105.00,0.9929,60.0,0.1000,1.0e-03,-1,1.74532925e-03,equilibrium,1.73300079e-03,1.73300079e-03,4.129100e-14,100.0000,1,102.9029,1.000000,1.147327e-02,1,1.73300079e-03,3.812536e-13,6.619601,47.5492,3.28,
135.00,0.9929,60.0,0.1000,1.0e-03,-1,1.74532925e-03,equilibrium,1.73300079e-03,1.73300079e-03,8.721161e-14,100.0000,1,153.5807,1.000000,8.898249e-03,1,1.73300079e-03,8.380823e-13,8.565198,21.3031,3.49,
165.00,0.9929,60.0,0.1000,1.0e-03,-1,1.74532925e-03,equilibrium,1.73300079e-03,1.73300079e-03,1.102345e-13,100.0000,1,177.9645,1.000000,5.428195e-03,1,1.73300079e-03,1.089207e-12,4.918142,0.1566,3.72,
15.00,0.7659,120.0,0.1000,1.0e-03,-1,8.72664626e-04,equilibrium,6.68403126e-04,6.68403126e-04,1.622078e-16,100.0000,1,14.7852,1.000000,2.692187e-02,1,6.68403126e-04,2.076260e-14,31.631701,7.5423,15.87,
45.00,0.7659,120.0,0.1000,1.0e-03,-1,8.72664626e-04,equilibrium,6.68403126e-04,6.68403126e-04,4.866235e-15,100.0000,1,40.7894,1.000000,4.636249e-02,1,6.68403126e-04,1.346325e-14,26.567032,27.5674,11.70,
75.00,0.7659,120.0,0.1000,1.0e-03,-1,8.72664626e-04,equilibrium,6.68403126e-04,6.68403126e-04,9.310729e-14,100.0000,1,81.8615,1.000000,6.524093e-02,1,6.68403126e-04,-7.266911e-13,16.692168,61.7022,8.34,
105.00,0.7659,120.0,0.1000,1.0e-03,-1,8.72664626e-04,equilibrium,6.68403126e-04,6.68403126e-04,1.638299e-14,100.0000,1,101.8593,1.000000,6.396929e-02,1,6.68403126e-04,4.850014e-14,15.080495,63.6506,6.98,
135.00,0.7659,120.0,0.1000,1.0e-03,-1,8.72664626e-04,equilibrium,6.68403126e-04,6.68403126e-04,1.531242e-13,100.0000,1,143.1438,1.000000,4.804170e-02,1,6.68403126e-04,1.525727e-12,20.682122,32.3702,8.45,
165.00,0.7659,120.0,0.1000,1.0e-03,-1,8.72664626e-04,equilibrium,6.68403126e-04,6.68403126e-04,1.730757e-13,100.0000,1,163.4031,1.000000,3.625537e-02,1,6.68403126e-04,1.674634e-12,24.687759,8.4653,7.17,
15.00,0.7841,120.0,0.1000,1.0e-03,-1,8.72664626e-04,equilibrium,6.84249700e-04,6.84249700e-04,3.169025e-16,100.0000,1,19.4819,1.000000,3.003611e-02,1,6.84249700e-04,1.616203e-14,30.253726,11.3388,15.58,
45.00,0.7841,120.0,0.1000,1.0e-03,-1,8.72664626e-04,equilibrium,6.84249700e-04,6.84249700e-04,1.330990e-14,100.0000,1,46.1140,1.000000,5.114646e-02,1,6.84249700e-04,-1.318314e-13,23.293525,36.0550,9.20,
75.00,0.7841,120.0,0.1000,1.0e-03,-1,8.72664626e-04,equilibrium,6.84249700e-04,6.84249700e-04,5.831006e-14,100.0000,1,73.6052,1.000000,6.233979e-02,1,6.84249700e-04,-7.187348e-13,16.405161,61.1309,7.07,
105.00,0.7841,120.0,0.1000,1.0e-03,-1,8.72664626e-04,equilibrium,6.84249700e-04,6.84249700e-04,1.964795e-14,100.0000,1,119.2054,1.000000,6.019314e-02,1,6.84249700e-04,2.669903e-13,15.235956,58.5006,7.30,
135.00,0.7841,120.0,0.1000,1.0e-03,-1,8.72664626e-04,equilibrium,6.84249700e-04,6.84249700e-04,1.240673e-13,100.0000,1,125.8060,1.000000,5.350850e-02,1,6.84249700e-04,1.154793e-12,17.514865,41.6093,8.19,
165.00,0.7841,120.0,0.1000,1.0e-03,-1,8.72664626e-04,equilibrium,6.84249700e-04,6.84249700e-04,1.633632e-13,100.0000,1,153.1178,1.000000,3.584010e-02,1,6.84249700e-04,1.540621e-12,22.938276,9.7837,9.90,
15.00,0.8023,120.0,0.1000,1.0e-03,-1,8.72664626e-04,equilibrium,7.00096275e-04,7.00096275e-04,1.548647e-16,100.0000,1,14.0018,1.000000,2.449405e-02,1,7.00096275e-04,1.579620e-14,30.431626,6.1936,14.01,
45.00,0.8023,120.0,0.1000,1.0e-03,-1,8.72664626e-04,equilibrium,7.00096275e-04,7.00096275e-04,1.347323e-14,100.0000,1,48.9602,1.000000,5.033333e-02,1,7.00096275e-04,-2.169655e-13,22.025040,38.5446,8.82,
75.00,0.8023,120.0,0.1000,1.0e-03,-1,8.72664626e-04,equilibrium,7.00096275e-04,7.00096275e-04,3.143754e-14,100.0000,1,75.4893,1.000000,5.993662e-02,1,7.00096275e-04,-6.312286e-13,15.895276,61.8765,6.54,
105.00,0.8023,120.0,0.1000,1.0e-03,-1,8.72664626e-04,equilibrium,7.00096275e-04,7.00096275e-04,1.502188e-14,100.0000,1,93.5164,1.000000,5.943256e-02,1,7.00096275e-04,-1.049983e-13,14.190141,67.2166,6.52,
135.00,0.8023,120.0,0.1000,1.0e-03,-1,8.72664626e-04,equilibrium,7.00096275e-04,7.00096275e-04,1.054629e-13,100.0000,1,127.2446,1.000000,5.067076e-02,1,7.00096275e-04,1.144450e-12,17.513718,40.4414,7.09,
165.00,0.8023,120.0,0.1000,1.0e-03,-1,8.72664626e-04,equilibrium,7.00096275e-04,7.00096275e-04,2.028728e-13,100.0000,1,171.9729,1.000000,2.202086e-02,1,7.00096275e-04,2.038484e-12,24.275722,1.1371,8.38,
15.00,0.8204,120.0,0.1000,1.0e-03,-1,8.72664626e-04,equilibrium,7.15942849e-04,7.15942849e-04,3.028739e-16,100.0000,1,18.7773,1.000000,2.809249e-02,1,7.15942849e-04,1.650663e-14,28.987996,10.9417,12.11,
45.00,0.8204,120.0,0.1000,1.0e-03,-1,8.72664626e-04,equilibrium,7.15942849e-04,7.15942849e-04,1.998968e-14,100.0000,1,43.3159,1.000000,4.824612e-02,1,7.15942849e-04,-2.373017e-13,21.769059,36.9725,8.99,
75.00,0.8204,120.0,0.1000,1.0e-03,-1,8.72664626e-04,equilibrium,7.15942849e-04,7.15942849e-04,1.105490e-13,100.0000,1,75.9305,1.000000,5.621633e-02,1,7.15942849e-04,-8.687939e-13,16.846276,55.2701,7.98,
105.00,0.8204,120.0,0.1000,1.0e-03,-1,8.72664626e-04,equilibrium,7.15942849e-04,7.15942849e-04,7.723286e-15,100.0000,1,108.2611,1.000000,5.246111e-02,1,7.15942849e-04,2.304871e-13,14.614123,57.9620,6.95,
135.00,0.8204,120.0,0.1000,1.0e-03,-1,8.72664626e-04,equilibrium,7.15942849e-04,7.15942849e-04,1.050973e-13,100.0000,1,123.9526,1.000000,4.923962e-02,1,7.15942849e-04,1.071719e-12,16.754177,36.1053,7.62,
165.00,0.8204,120.0,0.1000,1.0e-03,-1,8.72664626e-04,equilibrium,7.15942849e-04,7.15942849e-04,2.183721e-13,100.0000,1,191.9133,1.000000,1.885556e-02,1,7.15942849e-04,2.077564e-12,16.594695,1.2574,8.80,
15.00,0.8386,120.0,0.1000,1.0e-03,-1,8.72664626e-04,equilibrium,7.31789423e-04,7.31789423e-04,0.000000e+00,100.0000,1,19.5109,1.000000,2.523399e-02,1,7.31789423e-04,1.333419e-14,28.726630,8.7814,11.30,
45.00,0.8386,120.0,0.1000,1.0e-03,-1,8.72664626e-04,equilibrium,7.31789423e-04,7.31789423e-04,3.259469e-14,100.0000,1,53.8342,1.000000,4.697757e-02,1,7.31789423e-04,-2.966117e-13,20.992079,38.8178,7.68,
75.00,0.8386,120.0,0.1000,1.0e-03,-1,8.72664626e-04,equilibrium,7.31789423e-04,7.31789423e-04,6.711543e-14,100.0000,1,84.5419,1.000000,5.565486e-02,1,7.31789423e-04,-6.064094e-13,14.781614,64.6593,5.48,
105.00,0.8386,120.0,0.1000,1.0e-03,-1,8.72664626e-04,equilibrium,7.31789423e-04,7.31789423e-04,2.874259e-14,100.0000,1,115.0270,1.000000,5.285181e-02,1,7.31789423e-04,2.505346e-13,14.257799,58.3616,5.00,
135.00,0.8386,120.0,0.1000,1.0e-03,-1,8.72664626e-04,equilibrium,7.31789423e-04,7.31789423e-04,9.867301e-14,100.0000,1,122.5191,1.000000,4.839272e-02,1,7.31789423e-04,1.022732e-12,16.154320,38.1332,15.46,
165.00,0.8386,120.0,0.1000,1.0e-03,-1,8.72664626e-04,equilibrium,7.31789423e-04,7.31789423e-04,1.681590e-13,100.0000,1,150.6215,1.000000,3.008514e-02,1,7.31789423e-04,1.685590e-12,21.809553,14.7111,11.79,
15.00,0.8567,120.0,0.1000,1.0e-03,-1,8.72664626e-04,equilibrium,7.47635997e-04,7.47635997e-04,1.450174e-16,100.0000,1,18.7439,1.000000,2.536845e-02,1,7.47635997e-04,9.426130e-15,28.013531,10.1086,21.11,
45.00,0.8567,120.0,0.1000,1.0e-03,-1,8.72664626e-04,equilibrium,7.47635997e-04,7.47635997e-04,5.539664e-14,100.0000,1,46.0943,1.000000,4.564813e-02,1,7.47635997e-04,-4.375175e-13,20.300105,40.0202,14.87,
75.00,0.8567,120.0,0.1000,1.0e-03,-1,8.72664626e-04,equilibrium,7.47635997e-04,7.47635997e-04,5.206124e-14,100.0000,1,86.1176,1.000000,5.365098e-02,1,7.47635997e-04,-4.434632e-13,13.727926,71.6364,9.88,
105.00,0.8567,120.0,0.1000,1.0e-03,-1,8.72664626e-04,equilibrium,7.47635997e-04,7.47635997e-04,3.929971e-14,100.0000,1,106.9438,1.000000,4.888448e-02,1,7.47635997e-04,5.964565e-13,14.849425,51.6954,9.97,
135.00,0.8567,120.0,0.1000,1.0e-03,-1,8.72664626e-04,equilibrium,7.47635997e-04,7.47635997e-04,1.699604e-13,100.0000,1,143.4449,1.000000,3.569445e-02,1,7.47635997e-04,1.697864e-12,19.550753,21.5244,10.86,
165.00,0.8567,120.0,0.1000,1.0e-03,-1,8.72664626e-04,equilibrium,7.47635997e-04,7.47635997e-04,1.846071e-13,100.0000,1,159.6274,1.000000,2.632758e-02,1,7.47635997e-04,1.837805e-12,21.878140,10.0287,10.61,
15.00,0.8749,120.0,0.1000,1.0e-03,-1,8.72664626e-04,equilibrium,7.63482572e-04,7.63482572e-04,2.840149e-16,100.0000,1,23.7925,1.000000,2.672128e-02,1,7.63482572e-04,9.088477e-15,26.936013,12.8740,18.60,
45.00,0.8749,120.0,0.1000,1.0e-03,-1,8.72664626e-04,equilibrium,7.63482572e-04,7.63482572e-04,2.428327e-14,100.0000,1,48.2214,1.000000,4.349143e-02,1,7.63482572e-04,-2.769145e-13,20.174541,38.6187,15.95,
75.00,0.8749,120.0,0.1000,1.0e-03,-1,8.72664626e-04,equilibrium,7.63482572e-04,7.63482572e-04,7.611600e-14,100.0000,1,77.1433,1.000000,5.161184e-02,1,7.63482572e-04,-5.775443e-13,13.968207,66.2003,10.49,
105.00,0.8749,120.0,0.1000,1.0e-03,-1,8.72664626e-04,equilibrium,7.63482572e-04,7.63482572e-04,3.067361e-14,100.0000,1,107.1145,1.000000,4.956985e-02,1,7.63482572e-04,1.915681e-13,13.424854,59.9192,8.66,
135.00,0.8749,120.0,0.1000,1.0e-03,-1,8.72664626e-04,equilibrium,7.63482572e-04,7.63482572e-04,1.627405e-13,100.0000,1,144.0007,1.000000,3.557882e-02,1,7.63482572e-04,1.705652e-12,18.991037,27.4135,10.84,
165.00,0.8749,120.0,0.1000,1.0e-03,-1,8.72664626e-04,equilibrium,7.63482572e-04,7.63482572e-04,1.643026e-13,100.0000,1,150.1932,1.000000,2.823719e-02,1,7.63482572e-04,1.777223e-12,20.899324,10.7507,10.58,
15.00,0.8930,120.0,0.1000,1.0e-03,-1,8.72664626e-04,equilibrium,7.79329146e-04,7.79329146e-04,5.564797e-16,100.0000,1,25.8408,1.000000,2.676924e-02,1,7.79329146e-04,1.210343e-14,26.116678,14.6557,16.36,
45.00,0.8930,120.0,0.1000,1.0e-03,-1,8.72664626e-04,equilibrium,7.79329146e-04,7.79329146e-04,1.766823e-14,100.0000,1,47.1635,1.000000,4.036384e-02,1,7.79329146e-04,-1.783518e-13,20.603241,35.7045,13.45,
75.00,0.8930,120.0,0.1000,1.0e-03,-1,8.72664626e-04,equilibrium,7.79329146e-04,7.79329146e-04,4.730078e-14,100.0000,1,95.1781,1.000000,4.946355e-02,1,7.79329146e-04,-2.860306e-13,12.740965,74.3136,8.14,
105.00,0.8930,120.0,0.1000,1.0e-03,-1,8.72664626e-04,equilibrium,7.79329146e-04,7.79329146e-04,9.418419e-14,100.0000,1,130.4847,1.000000,4.323308e-02,1,7.79329146e-04,1.038113e-12,15.117406,47.0412,8.96,
135.00,0.8930,120.0,0.1000,1.0e-03,-1,8.72664626e-04,equilibrium,7.79329146e-04,7.79329146e-04,1.751520e-13,100.0000,1,142.1149,1.000000,3.690310e-02,1,7.79329146e-04,1.580542e-12,17.642167,32.5710,9.56,
165.00,0.8930,120.0,0.1000,1.0e-03,-1,8.72664626e-04,equilibrium,7.79329146e-04,7.79329146e-04,2.291305e-13,100.0000,1,172.4153,1.000000,2.026127e-02,1,7.79329146e-04,2.218685e-12,16.603662,0.5625,11.24,
15.00,0.9112,120.0,0.1000,1.0e-03,-1,8.72664626e-04,equilibrium,7.95175720e-04,7.95175720e-04,2.726950e-16,100.0000,1,18.6472,1.000000,2.605316e-02,1,7.95175720e-04,9.544325e-15,26.656768,7.8175,17.40,
45.00,0.9112,120.0,0.1000,1.0e-03,-1,8.72664626e-04,equilibrium,7.95175720e-04,7.95175720e-04,3.804095e-14,100.0000,1,61.2630,1.000000,4.345836e-02,1,7.95175720e-04,-4.622180e-13,17.521603,45.0000,11.94,
75.00,0.9112,120.0,0.1000,1.0e-03,-1,8.72664626e-04,equilibrium,7.95175720e-04,7.95175720e-04,6.503775e-14,100.0000,1,81.4878,1.000000,4.795422e-02,1,7.95175720e-04,-4.717623e-13,12.700276,75.0000,8.19,
105.00,0.9112,120.0,0.1000,1.0e-03,-1,8.72664626e-04,equilibrium,7.95175720e-04,7.95175720e-04,1.077145e-14,100.0000,1,100.7890,1.000000,4.554896e-02,1,7.95175720e-04,1.915682e-13,13.100012,58.8779,7.91,
135.00,0.9112,120.0,0.1000,1.0e-03,-1,8.72664626e-04,equilibrium,7.95175720e-04,7.95175720e-04,1.667530e-13,100.0000,1,143.5916,1.000000,3.141889e-02,1,7.95175720e-04,1.725478e-12,18.818658,23.7144,9.94,
165.00,0.9112,120.0,0.1000,1.0e-03,-1,8.72664626e-04,equilibrium,7.95175720e-04,7.95175720e-04,2.287911e-13,100.0000,1,187.9214,1.000000,1.658222e-02,1,7.95175720e-04,2.243189e-12,16.148062,0.8441,11.26,
15.00,0.9364,120.0,0.1000,1.0e-03,-1,8.72664626e-04,equilibrium,8.17186528e-04,8.17186528e-04,1.326750e-16,100.0000,1,19.1833,1.000000,2.291362e-02,1,8.17186528e-04,1.061400e-14,25.470959,11.7263,17.97,
45.00,0.9364,120.0,0.1000,1.0e-03,-1,8.72664626e-04,equilibrium,8.17186528e-04,8.17186528e-04,2.560627e-14,100.0000,1,57.8862,1.000000,3.968536e-02,1,8.17186528e-04,-2.937424e-13,18.226107,41.1473,12.48,
75.00,0.9364,120.0,0.1000,1.0e-03,-1,8.72664626e-04,equilibrium,8.17186528e-04,8.17186528e-04,5.346802e-14,100.0000,1,86.4074,1.000000,4.564028e-02,1,8.17186528e-04,-5.094720e-13,12.613205,71.3068,7.95,
105.00,0.9364,120.0,0.1000,1.0e-03,-1,8.72664626e-04,equilibrium,8.17186528e-04,8.17186528e-04,4.020052e-14,100.0000,1,116.3203,1.000000,4.195032e-02,1,8.17186528e-04,4.788241e-13,13.394873,53.6232,7.87,
135.00,0.9364,120.0,0.1000,1.0e-03,-1,8.72664626e-04,equilibrium,8.17186528e-04,8.17186528e-04,1.667725e-13,100.0000,1,150.6235,1.000000,2.999798e-02,1,8.17186528e-04,1.741757e-12,18.077084,25.6118,8.72,
165.00,0.9364,120.0,0.1000,1.0e-03,-1,8.72664626e-04,equilibrium,8.17186528e-04,8.17186528e-04,2.124127e-13,100.0000,1,176.9817,1.000000,1.363350e-02,1,8.17186528e-04,2.125188e-12,12.444821,0.9219,9.80,
15.00,0.9435,120.0,0.1000,1.0e-03,-1,8.72664626e-04,equilibrium,8.23350761e-04,8.23350761e-04,1.316817e-16,100.0000,1,21.3086,1.000000,2.240224e-02,1,8.23350761e-04,1.185135e-14,25.405535,11.1577,14.59,
45.00,0.9435,120.0,0.1000,1.0e-03,-1,8.72664626e-04,equilibrium,8.23350761e-04,8.23350761e-04,3.265706e-14,100.0000,1,45.9009,1.000000,3.876352e-02,1,8.23350761e-04,-2.467715e-13,18.289033,40.5267,10.69,
75.00,0.9435,120.0,0.1000,1.0e-03,-1,8.72664626e-04,equilibrium,8.23350761e-04,8.23350761e-04,5.082913e-14,100.0000,1,82.5123,1.000000,4.506294e-02,1,8.23350761e-04,-5.472691e-13,12.583615,70.5433,7.06,
105.00,0.9435,120.0,0.1000,1.0e-03,-1,8.72664626e-04,equilibrium,8.23350761e-04,8.23350761e-04,3.779264e-14,100.0000,1,114.8149,1.000000,4.154773e-02,1,8.23350761e-04,4.496930e-13,13.183605,54.4484,6.96,
135.00,0.9435,120.0,0.1000,1.0e-03,-1,8.72664626e-04,equilibrium,8.23350761e-04,8.23350761e-04,1.747416e-13,100.0000,1,142.4988,1.000000,3.101188e-02,1,8.23350761e-04,1.729639e-12,17.728355,26.8191,8.37,
165.00,0.9435,120.0,0.1000,1.0e-03,-1,8.72664626e-04,equilibrium,8.23350761e-04,8.23350761e-04,2.143778e-13,100.0000,1,175.4450,1.000000,1.449405e-02,1,8.23350761e-04,2.141408e-12,13.524772,0.5420,8.29,
15.00,0.9506,120.0,0.1000,1.0e-03,-1,8.72664626e-04,equilibrium,8.29514994e-04,8.29514994e-04,7.842189e-16,100.0000,1,19.7515,1.000000,2.156635e-02,1,8.29514994e-04,1.307031e-14,25.293431,11.6580,13.72,
45.00,0.9506,120.0,0.1000,1.0e-03,-1,8.72664626e-04,equilibrium,8.29514994e-04,8.29514994e-04,3.973376e-14,100.0000,1,55.4302,1.000000,3.709072e-02,1,8.29514994e-04,-2.968268e-13,18.261954,40.7171,11.39,
75.00,0.9506,120.0,0.1000,1.0e-03,-1,8.72664626e-04,equilibrium,8.29514994e-04,8.29514994e-04,3.738110e-14,100.0000,1,94.9929,1.000000,4.445467e-02,1,8.29514994e-04,-4.983711e-13,12.516914,70.0452,7.51,
105.00,0.9506,120.0,0.1000,1.0e-03,-1,8.72664626e-04,equilibrium,8.29514994e-04,8.29514994e-04,3.542055e-14,100.0000,1,112.4274,1.000000,4.084556e-02,1,8.29514994e-04,5.213748e-13,13.044294,54.8414,7.09,
135.00,0.9506,120.0,0.1000,1.0e-03,-1,8.72664626e-04,equilibrium,8.29514994e-04,8.29514994e-04,1.687378e-13,100.0000,1,148.7395,1.000000,3.108147e-02,1,8.29514994e-04,1.712603e-12,17.485866,27.5823,8.33,
165.00,0.9506,120.0,0.1000,1.0e-03,-1,8.72664626e-04,equilibrium,8.29514994e-04,8.29514994e-04,2.099092e-13,100.0000,1,174.2936,1.000000,1.491899e-02,1,8.29514994e-04,2.178299e-12,14.236900,0.3918,8.57,
15.00,0.9576,120.0,0.1000,1.0e-03,-1,8.72664626e-04,equilibrium,8.35679227e-04,8.35679227e-04,2.594781e-16,100.0000,1,19.7416,1.000000,2.148715e-02,1,8.35679227e-04,1.375234e-14,25.162192,10.2064,13.35,
45.00,0.9576,120.0,0.1000,1.0e-03,-1,8.72664626e-04,equilibrium,8.35679227e-04,8.35679227e-04,1.530921e-14,100.0000,1,47.9955,1.000000,3.752687e-02,1,8.35679227e-04,-2.321031e-13,18.198371,39.7795,9.78,
75.00,0.9576,120.0,0.1000,1.0e-03,-1,8.72664626e-04,equilibrium,8.35679227e-04,8.35679227e-04,5.397144e-14,100.0000,1,89.6024,1.000000,4.385496e-02,1,8.35679227e-04,-5.838257e-13,12.435697,70.0193,6.12,
105.00,0.9576,120.0,0.1000,1.0e-03,-1,8.72664626e-04,equilibrium,8.35679227e-04,8.35679227e-04,4.696553e-14,100.0000,1,121.1448,1.000000,4.081105e-02,1,8.35679227e-04,5.173993e-13,12.931873,54.9609,6.06,
135.00,0.9576,120.0,0.1000,1.0e-03,-1,8.72664626e-04,equilibrium,8.35679227e-04,8.35679227e-04,1.750180e-13,100.0000,1,148.6965,1.000000,3.083134e-02,1,8.35679227e-04,1.702695e-12,17.286997,28.0239,6.33,
165.00,0.9576,120.0,0.1000,1.0e-03,-1,8.72664626e-04,equilibrium,8.35679227e-04,8.35679227e-04,2.218538e-13,100.0000,1,166.9632,1.000000,1.471712e-02,1,8.35679227e-04,2.227230e-12,14.719437,0.9114,7.57,
15.00,0.9647,120.0,0.1000,1.0e-03,-1,8.72664626e-04,equilibrium,8.41843460e-04,8.41843460e-04,1.287890e-16,100.0000,1,17.2319,1.000000,2.053826e-02,1,8.41843460e-04,1.236375e-14,25.020905,10.4016,11.80,
45.00,0.9647,120.0,0.1000,1.0e-03,-1,8.72664626e-04,equilibrium,8.41843460e-04,8.41843460e-04,4.507617e-14,100.0000,1,57.1769,1.000000,3.699457e-02,1,8.41843460e-04,-2.110852e-13,18.116744,39.5631,8.51,
75.00,0.9647,120.0,0.1000,1.0e-03,-1,8.72664626e-04,equilibrium,8.41843460e-04,8.41843460e-04,5.898538e-14,100.0000,1,94.1877,1.000000,4.324779e-02,1,8.41843460e-04,-4.875953e-13,12.347060,69.9891,5.81,
105.00,0.9647,120.0,0.1000,1.0e-03,-1,8.72664626e-04,equilibrium,8.41843460e-04,8.41843460e-04,3.992460e-14,100.0000,1,116.2632,1.000000,4.036724e-02,1,8.41843460e-04,5.306109e-13,12.833285,55.0884,5.16,
135.00,0.9647,120.0,0.1000,1.0e-03,-1,8.72664626e-04,equilibrium,8.41843460e-04,8.41843460e-04,1.700015e-13,100.0000,1,138.0044,1.000000,3.067797e-02,1,8.41843460e-04,1.729251e-12,17.110312,28.3488,7.34,
165.00,0.9647,120.0,0.1000,1.0e-03,-1,8.72664626e-04,equilibrium,8.41843460e-04,8.41843460e-04,2.198429e-13,100.0000,1,166.3037,1.000000,1.523002e-02,1,8.41843460e-04,2.246467e-12,15.229781,0.4001,7.81,
15.00,0.9717,120.0,0.1000,1.0e-03,-1,8.72664626e-04,equilibrium,8.48007693e-04,8.48007693e-04,3.835586e-16,100.0000,1,18.9335,1.000000,2.075074e-02,1,8.48007693e-04,1.355240e-14,24.873648,9.8653,9.99,
45.00,0.9717,120.0,0.1000,1.0e-03,-1,8.72664626e-04,equilibrium,8.48007693e-04,8.48007693e-04,2.812763e-14,100.0000,1,49.2353,1.000000,3.648409e-02,1,8.48007693e-04,-1.807840e-13,18.024383,39.2527,8.11,
75.00,0.9717,120.0,0.1000,1.0e-03,-1,8.72664626e-04,equilibrium,8.48007693e-04,8.48007693e-04,5.894017e-14,100.0000,1,82.0542,1.000000,4.269927e-02,1,8.48007693e-04,-4.944070e-13,12.254856,69.9220,6.45,
105.00,0.9717,120.0,0.1000,1.0e-03,-1,8.72664626e-04,equilibrium,8.48007693e-04,8.48007693e-04,4.730556e-14,100.0000,1,119.9843,1.000000,3.982633e-02,1,8.48007693e-04,4.903158e-13,12.742661,55.2035,5.59,
135.00,0.9717,120.0,0.1000,1.0e-03,-1,8.72664626e-04,equilibrium,8.48007693e-04,8.48007693e-04,1.694051e-13,100.0000,1,136.7812,1.000000,3.040631e-02,1,8.48007693e-04,1.681010e-12,16.948857,28.6179,8.09,
165.00,0.9717,120.0,0.1000,1.0e-03,-1,8.72664626e-04,equilibrium,8.48007693e-04,8.48007693e-04,2.236147e-13,100.0000,1,186.5232,1.000000,1.522061e-02,1,8.48007693e-04,2.271051e-12,15.731454,0.2753,8.50,
15.00,0.9788,120.0,0.1000,1.0e-03,-1,8.72664626e-04,equilibrium,8.54171927e-04,8.54171927e-04,1.269302e-16,100.0000,1,19.0027,1.000000,1.964061e-02,1,8.54171927e-04,1.218530e-14,24.723177,10.1465,9.98,
45.00,0.9788,120.0,0.1000,1.0e-03,-1,8.72664626e-04,equilibrium,8.54171927e-04,8.54171927e-04,2.398981e-14,100.0000,1,51.9666,1.000000,3.596911e-02,1,8.54171927e-04,-2.021998e-13,17.925333,39.6635,7.28,
75.00,0.9788,120.0,0.1000,1.0e-03,-1,8.72664626e-04,equilibrium,8.54171927e-04,8.54171927e-04,6.346510e-14,100.0000,1,79.6941,1.000000,4.215290e-02,1,8.54171927e-04,-5.516387e-13,12.160546,69.9806,5.00,
105.00,0.9788,120.0,0.1000,1.0e-03,-1,8.72664626e-04,equilibrium,8.54171927e-04,8.54171927e-04,2.614762e-14,100.0000,1,119.8907,1.000000,3.938582e-02,1,8.54171927e-04,4.412094e-13,12.657662,54.9795,5.27,
135.00,0.9788,120.0,0.1000,1.0e-03,-1,8.72664626e-04,equilibrium,8.54171927e-04,8.54171927e-04,1.732597e-13,100.0000,1,148.5777,1.000000,2.984282e-02,1,8.54171927e-04,1.718508e-12,16.796629,28.8115,6.20,
165.00,0.9788,120.0,0.1000,1.0e-03,-1,8.72664626e-04,equilibrium,8.54171927e-04,8.54171927e-04,2.377403e-13,100.0000,1,171.2448,1.000000,1.526707e-02,1,8.54171927e-04,2.290456e-12,16.177702,0.2437,7.39,
15.00,0.9859,120.0,0.1000,1.0e-03,-1,8.72664626e-04,equilibrium,8.60336160e-04,8.60336160e-04,1.260208e-16,100.0000,1,16.7093,1.000000,2.007230e-02,1,8.60336160e-04,1.096381e-14,24.570922,9.6115,11.67,
45.00,0.9859,120.0,0.1000,1.0e-03,-1,8.72664626e-04,equilibrium,8.60336160e-04,8.60336160e-04,1.802097e-14,100.0000,1,54.4988,1.000000,3.545775e-02,1,8.60336160e-04,-1.665994e-13,17.821994,39.2674,7.06,
75.00,0.9859,120.0,0.1000,1.0e-03,-1,8.72664626e-04,equilibrium,8.60336160e-04,8.60336160e-04,4.461135e-14,100.0000,1,84.4189,1.000000,4.163003e-02,1,8.60336160e-04,-4.858100e-13,12.065128,70.1132,4.75,
105.00,0.9859,120.0,0.1000,1.0e-03,-1,8.72664626e-04,equilibrium,8.60336160e-04,8.60336160e-04,5.746547e-14,100.0000,1,123.9216,1.000000,3.863305e-02,1,8.60336160e-04,5.565077e-13,12.576088,54.9116,4.97,
135.00,0.9859,120.0,0.1000,1.0e-03,-1,8.72664626e-04,equilibrium,8.60336160e-04,8.60336160e-04,1.692459e-13,100.0000,1,143.7857,1.000000,2.977071e-02,1,8.60336160e-04,1.735180e-12,16.651453,28.9909,6.34,
165.00,0.9859,120.0,0.1000,1.0e-03,-1,8.72664626e-04,equilibrium,8.60336160e-04,8.60336160e-04,2.200322e-13,100.0000,1,168.8273,1.000000,1.511919e-02,1,8.60336160e-04,2.273162e-12,16.641388,0.4180,7.40,
15.00,0.9929,120.0,0.1000,1.0e-03,-1,8.72664626e-04,equilibrium,8.66500393e-04,8.66500393e-04,2.502485e-16,100.0000,1,19.5588,1.000000,1.981195e-02,1,8.66500393e-04,1.263755e-14,24.417078,9.3930,12.52,
45.00,0.9929,120.0,0.1000,1.0e-03,-1,8.72664626e-04,equilibrium,8.66500393e-04,8.66500393e-04,1.163656e-14,100.0000,1,55.1806,1.000000,3.486033e-02,1,8.66500393e-04,-1.941928e-13,17.715997,39.0544,7.16,
75.00,0.9929,120.0,0.1000,1.0e-03,-1,8.72664626e-04,equilibrium,8.66500393e-04,8.66500393e-04,7.144595e-14,100.0000,1,72.9038,1.000000,2.603017e-02,1,8.66500393e-04,-5.067532e-13,11.969399,70.3580,4.74,
105.00,0.9929,120.0,0.1000,1.0e-03,-1,8.72664626e-04,equilibrium,8.66500393e-04,8.66500393e-04,2.765246e-14,100.0000,1,116.0235,1.000000,3.816521e-02,1,8.66500393e-04,4.438157e-13,12.498010,54.7327,4.45,
135.00,0.9929,120.0,0.1000,1.0e-03,-1,8.72664626e-04,equilibrium,8.66500393e-04,8.66500393e-04,1.763001e-13,100.0000,1,144.9072,1.000000,2.909495e-02,1,8.66500393e-04,1.698312e-12,16.512569,29.0713,4.68,
165.00,0.9929,120.0,0.1000,1.0e-03,-1,8.72664626e-04,equilibrium,8.66500393e-04,8.66500393e-04,2.210946e-13,100.0000,1,165.3661,1.000000,1.512398e-02,1,8.66500393e-04,2.287772e-12,17.300085,0.9509,5.54,
15.00,0.7659,20.0,0.5000,1.0e-03,-1,5.23598776e-03,equilibrium,4.01041876e-03,4.01041876e-03,1.730217e-15,100.0000,1,41.4442,1.000000,2.650892e-03,1,4.01041876e-03,4.325542e-16,4.675241,14.4130,1.96,
45.00,0.7659,20.0,0.5000,1.0e-03,-1,5.23598776e-03,equilibrium,4.01041876e-03,4.01041876e-03,9.299915e-15,100.0000,1,52.2572,1.000000,3.173567e-03,1,4.01041876e-03,-7.742720e-14,3.391295,37.1007,1.63,
75.00,0.7659,20.0,0.5000,1.0e-03,-1,5.23598776e-03,equilibrium,4.01041876e-03,4.01041876e-03,4.974373e-15,100.0000,1,102.8927,1.000000,3.369729e-03,1,4.01041876e-03,-2.033005e-14,2.797101,59.9503,1.56,
105.00,0.7659,20.0,0.5000,1.0e-03,-1,5.23598776e-03,equilibrium,4.01041876e-03,4.01041876e-03,2.141143e-14,100.0000,1,103.8583,1.000000,3.209393e-03,1,4.01041876e-03,1.650194e-13,3.088519,34.4904,1.87,
135.00,0.7659,20.0,0.5000,1.0e-03,-1,5.23598776e-03,equilibrium,4.01041876e-03,4.01041876e-03,3.179273e-14,100.0000,1,136.8253,1.000000,2.614767e-03,1,4.01041876e-03,2.943531e-13,3.820351,5.8609,2.71,
165.00,0.7659,20.0,0.5000,1.0e-03,-1,5.23598776e-03,equilibrium,4.01041876e-03,4.01041876e-03,3.482061e-14,100.0000,1,163.6551,1.000000,2.518313e-03,1,4.01041876e-03,3.354458e-13,2.668972,1.1417,2.50,
15.00,0.7841,20.0,0.5000,1.0e-03,-1,5.23598776e-03,equilibrium,4.10549820e-03,4.10549820e-03,1.267610e-15,100.0000,1,39.2463,1.000000,2.574731e-03,1,4.10549820e-03,4.225367e-15,4.574454,13.3068,2.60,
45.00,0.7841,20.0,0.5000,1.0e-03,-1,5.23598776e-03,equilibrium,4.10549820e-03,4.10549820e-03,7.605660e-15,100.0000,1,64.8609,1.000000,3.083782e-03,1,4.10549820e-03,-7.500026e-14,3.222409,38.4284,2.22,
75.00,0.7841,20.0,0.5000,1.0e-03,-1,5.23598776e-03,equilibrium,4.10549820e-03,4.10549820e-03,4.647903e-15,100.0000,1,107.5792,1.000000,3.257908e-03,1,4.10549820e-03,-5.704245e-15,2.757151,63.2496,1.82,
105.00,0.7841,20.0,0.5000,1.0e-03,-1,5.23598776e-03,equilibrium,4.10549820e-03,4.10549820e-03,2.133810e-14,100.0000,1,141.3931,1.000000,3.037329e-03,1,4.10549820e-03,1.935218e-13,3.103026,28.4864,1.79,
135.00,0.7841,20.0,0.5000,1.0e-03,-1,5.23598776e-03,equilibrium,4.10549820e-03,4.10549820e-03,3.211279e-14,100.0000,1,165.4764,1.000000,2.457248e-03,1,4.10549820e-03,3.061278e-13,3.783057,3.1064,1.63,
165.00,0.7841,20.0,0.5000,1.0e-03,-1,5.23598776e-03,equilibrium,4.10549820e-03,4.10549820e-03,3.253532e-14,100.0000,1,170.0707,1.000000,2.315703e-03,1,4.10549820e-03,3.365504e-13,1.671834,1.0740,2.47,
15.00,0.8023,20.0,0.5000,1.0e-03,-1,5.23598776e-03,equilibrium,4.20057765e-03,4.20057765e-03,2.271349e-15,100.0000,1,39.4553,1.000000,2.497303e-03,1,4.20057765e-03,-6.194589e-16,4.474499,13.0586,2.41,
45.00,0.8023,20.0,0.5000,1.0e-03,-1,5.23598776e-03,equilibrium,4.20057765e-03,4.20057765e-03,9.085397e-15,100.0000,1,47.2846,1.000000,3.021254e-03,1,4.20057765e-03,-8.899560e-14,3.068794,39.2101,1.87,
75.00,0.8023,20.0,0.5000,1.0e-03,-1,5.23598776e-03,equilibrium,4.20057765e-03,4.20057765e-03,2.477836e-15,100.0000,1,110.4546,1.000000,3.146074e-03,1,4.20057765e-03,5.162158e-15,2.724184,59.7681,1.90,
105.00,0.8023,20.0,0.5000,1.0e-03,-1,5.23598776e-03,equilibrium,4.20057765e-03,4.20057765e-03,2.209403e-14,100.0000,1,141.7760,1.000000,3.025187e-03,1,4.20057765e-03,1.633307e-13,3.007357,24.7317,1.28,
135.00,0.8023,20.0,0.5000,1.0e-03,-1,5.23598776e-03,error,NaN,NaN,NaN,NaN,0,NaN,NaN,NaN,0,4.20057765e-03,NaN,NaN,NaN,0.02,DomainError with -2.053075702815321e-15: sqrt was called wit
165.00,0.8023,20.0,0.5000,1.0e-03,-1,5.23598776e-03,equilibrium,4.20057765e-03,4.20057765e-03,3.675456e-14,100.0000,1,171.3210,1.000000,2.086834e-03,1,4.20057765e-03,3.650678e-13,1.000196,4.3361,2.04,
15.00,0.8204,20.0,0.5000,1.0e-03,-1,5.23598776e-03,equilibrium,4.29565709e-03,4.29565709e-03,1.413412e-15,100.0000,1,31.1769,1.000000,2.424039e-03,1,4.29565709e-03,-5.249815e-15,4.377362,12.5645,2.86,
45.00,0.8204,20.0,0.5000,1.0e-03,-1,5.23598776e-03,equilibrium,4.29565709e-03,4.29565709e-03,9.893882e-15,100.0000,1,49.0887,1.000000,2.938140e-03,1,4.29565709e-03,-7.026676e-14,2.998581,39.4026,2.05,
75.00,0.8204,20.0,0.5000,1.0e-03,-1,5.23598776e-03,equilibrium,4.29565709e-03,4.29565709e-03,5.047899e-15,100.0000,1,94.5847,1.000000,3.047243e-03,1,4.29565709e-03,2.968165e-14,2.691551,57.3312,1.61,
105.00,0.8204,20.0,0.5000,1.0e-03,-1,5.23598776e-03,equilibrium,4.29565709e-03,4.29565709e-03,2.221076e-14,100.0000,1,93.9711,1.000000,2.922767e-03,1,4.29565709e-03,1.881857e-13,2.999998,21.4619,2.02,
135.00,0.8204,20.0,0.5000,1.0e-03,-1,5.23598776e-03,error,NaN,NaN,NaN,NaN,0,NaN,NaN,NaN,0,4.29565709e-03,NaN,NaN,NaN,0.03,DomainError with -2.053075702815321e-15: sqrt was called wit
165.00,0.8204,20.0,0.5000,1.0e-03,-1,5.23598776e-03,equilibrium,4.29565709e-03,4.29565709e-03,3.412380e-14,100.0000,1,156.5003,1.000000,2.054479e-03,1,4.29565709e-03,3.513338e-13,0.679368,0.2758,2.52,
15.00,0.8386,20.0,0.5000,1.0e-03,-1,5.23598776e-03,equilibrium,4.39073654e-03,4.39073654e-03,1.777892e-15,100.0000,1,42.3952,1.000000,2.352351e-03,1,4.39073654e-03,-7.901743e-15,4.285675,12.1065,2.90,
45.00,0.8386,20.0,0.5000,1.0e-03,-1,5.23598776e-03,equilibrium,4.39073654e-03,4.39073654e-03,1.066735e-14,100.0000,1,82.6086,1.000000,2.852129e-03,1,4.39073654e-03,-8.454864e-14,2.996495,36.9544,2.04,
75.00,0.8386,20.0,0.5000,1.0e-03,-1,5.23598776e-03,equilibrium,4.39073654e-03,4.39073654e-03,3.950871e-15,100.0000,1,92.6224,1.000000,2.939363e-03,1,4.39073654e-03,3.338486e-14,2.658064,55.2746,2.28,
105.00,0.8386,20.0,0.5000,1.0e-03,-1,5.23598776e-03,equilibrium,4.39073654e-03,4.39073654e-03,2.113716e-14,100.0000,1,98.9473,1.000000,2.776893e-03,1,4.39073654e-03,2.052478e-13,3.000194,20.1970,2.11,
135.00,0.8386,20.0,0.5000,1.0e-03,-1,5.23598776e-03,equilibrium,4.39073654e-03,4.39073654e-03,3.338486e-14,100.0000,1,149.5408,1.000000,2.231276e-03,1,4.39073654e-03,3.059950e-13,3.261049,1.0894,2.61,
165.00,0.8386,20.0,0.5000,1.0e-03,-1,5.23598776e-03,equilibrium,4.39073654e-03,4.39073654e-03,3.773082e-14,100.0000,1,160.3935,1.000000,2.013877e-03,1,4.39073654e-03,3.364167e-13,0.849083,1.3877,2.49,
15.00,0.8567,20.0,0.5000,1.0e-03,-1,5.23598776e-03,equilibrium,4.48581598e-03,4.48581598e-03,3.093704e-15,100.0000,1,42.0445,1.000000,2.285852e-03,1,4.48581598e-03,-9.861182e-15,4.196020,11.9847,2.71,
45.00,0.8567,20.0,0.5000,1.0e-03,-1,5.23598776e-03,equilibrium,4.48581598e-03,4.48581598e-03,4.833913e-15,100.0000,1,67.0916,1.000000,2.771740e-03,1,4.48581598e-03,-8.817057e-14,2.862599,37.5644,1.96,
75.00,0.8567,20.0,0.5000,1.0e-03,-1,5.23598776e-03,equilibrium,4.48581598e-03,4.48581598e-03,6.960834e-15,100.0000,1,121.6910,1.000000,2.859784e-03,1,4.48581598e-03,5.220626e-14,2.624743,53.5861,2.07,
105.00,0.8567,20.0,0.5000,1.0e-03,-1,5.23598776e-03,equilibrium,4.48581598e-03,4.48581598e-03,1.720873e-14,100.0000,1,101.7381,1.000000,2.631109e-03,1,4.48581598e-03,2.095985e-13,2.999650,15.0640,1.79,
135.00,0.8567,20.0,0.5000,1.0e-03,-1,5.23598776e-03,equilibrium,4.48581598e-03,4.48581598e-03,3.035697e-14,100.0000,1,133.7935,1.000000,2.165865e-03,1,4.48581598e-03,2.923550e-13,3.009840,1.0602,2.31,
165.00,0.8567,20.0,0.5000,1.0e-03,-1,5.23598776e-03,equilibrium,4.48581598e-03,4.48581598e-03,3.132376e-14,100.0000,1,158.3016,1.000000,1.935451e-03,1,4.48581598e-03,3.250323e-13,0.919134,1.2979,2.71,
15.00,0.8749,20.0,0.5000,1.0e-03,-1,5.23598776e-03,equilibrium,4.58089543e-03,4.58089543e-03,2.650806e-15,100.0000,1,41.4139,1.000000,2.225916e-03,1,4.58089543e-03,0.000000e+00,4.104827,11.3433,2.67,
45.00,0.8749,20.0,0.5000,1.0e-03,-1,5.23598776e-03,equilibrium,4.58089543e-03,4.58089543e-03,9.467164e-15,100.0000,1,48.1595,1.000000,2.676219e-03,1,4.58089543e-03,-7.346519e-14,2.790498,38.5785,2.72,
75.00,0.8749,20.0,0.5000,1.0e-03,-1,5.23598776e-03,equilibrium,4.58089543e-03,4.58089543e-03,8.520447e-15,100.0000,1,100.9730,1.000000,2.778292e-03,1,4.58089543e-03,5.623495e-14,2.591754,52.2157,2.14,
105.00,0.8749,20.0,0.5000,1.0e-03,-1,5.23598776e-03,equilibrium,4.58089543e-03,4.58089543e-03,1.741958e-14,100.0000,1,112.3258,1.000000,2.556772e-03,1,4.58089543e-03,2.253185e-13,2.999155,11.8494,1.92,
135.00,0.8749,20.0,0.5000,1.0e-03,-1,5.23598776e-03,equilibrium,4.58089543e-03,4.58089543e-03,2.840149e-14,100.0000,1,177.6949,1.000000,2.058766e-03,1,4.58089543e-03,2.991624e-13,1.756960,0.7762,2.58,
165.00,0.8749,20.0,0.5000,1.0e-03,-1,5.23598776e-03,equilibrium,4.58089543e-03,4.58089543e-03,3.029492e-14,100.0000,1,172.6410,1.000000,1.911146e-03,1,4.58089543e-03,3.110910e-13,0.800051,1.3902,2.32,
15.00,0.8930,20.0,0.5000,1.0e-03,-1,5.23598776e-03,equilibrium,4.67597488e-03,4.67597488e-03,3.524372e-15,100.0000,1,30.2217,1.000000,2.180449e-03,1,4.67597488e-03,-1.094410e-14,4.002141,11.9359,9.61,
45.00,0.8930,20.0,0.5000,1.0e-03,-1,5.23598776e-03,equilibrium,4.67597488e-03,4.67597488e-03,1.168607e-14,100.0000,1,62.8498,1.000000,2.618137e-03,1,4.67597488e-03,-6.065629e-14,2.727719,38.1351,3.15,
75.00,0.8930,20.0,0.5000,1.0e-03,-1,5.23598776e-03,equilibrium,4.67597488e-03,4.67597488e-03,6.863250e-15,100.0000,1,82.2413,1.000000,2.686944e-03,1,4.67597488e-03,5.230909e-14,2.558591,51.0581,2.97,
105.00,0.8930,20.0,0.5000,1.0e-03,-1,5.23598776e-03,equilibrium,4.67597488e-03,4.67597488e-03,1.929130e-14,100.0000,1,102.7550,1.000000,2.477224e-03,1,4.67597488e-03,1.984778e-13,2.849688,19.2909,2.97,
135.00,0.8930,20.0,0.5000,1.0e-03,-1,5.23598776e-03,equilibrium,4.67597488e-03,4.67597488e-03,2.634004e-14,100.0000,1,170.9615,1.000000,2.019153e-03,1,4.67597488e-03,2.927083e-13,1.598068,0.9608,3.92,
165.00,0.8930,20.0,0.5000,1.0e-03,-1,5.23598776e-03,equilibrium,4.67597488e-03,4.67597488e-03,3.283230e-14,100.0000,1,148.3022,1.000000,1.863903e-03,1,4.67597488e-03,3.140401e-13,0.749652,1.0572,3.51,
15.00,0.9112,20.0,0.5000,1.0e-03,-1,5.23598776e-03,equilibrium,4.77105432e-03,4.77105432e-03,5.453900e-16,100.0000,1,19.3413,1.000000,2.081705e-03,1,4.77105432e-03,-1.817967e-16,4.000999,9.2686,3.92,
45.00,0.9112,20.0,0.5000,1.0e-03,-1,5.23598776e-03,error,NaN,NaN,NaN,NaN,0,NaN,NaN,NaN,0,4.77105432e-03,NaN,NaN,NaN,0.12,DomainError with -2.053075702815321e-15: sqrt was called wit
75.00,0.9112,20.0,0.5000,1.0e-03,-1,5.23598776e-03,equilibrium,4.77105432e-03,4.77105432e-03,3.090543e-15,100.0000,1,129.9923,1.000000,2.620630e-03,1,4.77105432e-03,1.927045e-14,2.525757,50.0077,3.03,
105.00,0.9112,20.0,0.5000,1.0e-03,-1,5.23598776e-03,equilibrium,4.77105432e-03,4.77105432e-03,3.454137e-15,100.0000,1,139.0381,1.000000,2.406392e-03,1,4.77105432e-03,3.872269e-14,2.808014,18.6326,2.85,
135.00,0.9112,20.0,0.5000,1.0e-03,-1,5.23598776e-03,equilibrium,4.77105432e-03,4.77105432e-03,3.817730e-15,100.0000,1,137.5270,1.000000,1.917627e-03,1,4.77105432e-03,4.581276e-14,1.400101,1.1582,3.64,
165.00,0.9112,20.0,0.5000,1.0e-03,-1,5.23598776e-03,equilibrium,4.77105432e-03,4.77105432e-03,9.089833e-16,100.0000,1,147.1628,1.000000,1.801124e-03,1,4.77105432e-03,2.817848e-14,0.729769,1.1323,3.36,
15.00,0.9364,20.0,0.5000,1.0e-03,-1,5.23598776e-03,equilibrium,4.90311917e-03,4.90311917e-03,3.538000e-16,100.0000,1,29.3732,1.000000,1.991837e-03,1,4.90311917e-03,-1.415200e-15,3.922609,9.2749,3.94,
45.00,0.9364,20.0,0.5000,1.0e-03,-1,5.23598776e-03,equilibrium,4.90311917e-03,4.90311917e-03,3.538000e-15,100.0000,1,73.2396,1.000000,2.411081e-03,1,4.90311917e-03,-4.280980e-14,2.607201,37.2495,3.10,
75.00,0.9364,20.0,0.5000,1.0e-03,-1,5.23598776e-03,equilibrium,4.90311917e-03,4.90311917e-03,2.476600e-15,100.0000,1,121.1352,1.000000,2.520679e-03,1,4.90311917e-03,1.680550e-14,2.483811,48.1200,2.76,
105.00,0.9364,20.0,0.5000,1.0e-03,-1,5.23598776e-03,equilibrium,4.90311917e-03,4.90311917e-03,3.007300e-15,100.0000,1,103.5632,1.000000,2.292743e-03,1,4.90311917e-03,4.174840e-14,2.749996,17.5103,2.82,
135.00,0.9364,20.0,0.5000,1.0e-03,-1,5.23598776e-03,equilibrium,4.90311917e-03,4.90311917e-03,2.653500e-15,100.0000,1,135.1871,1.000000,1.913733e-03,1,4.90311917e-03,3.396480e-14,1.199599,0.6739,3.73,
165.00,0.9364,20.0,0.5000,1.0e-03,-1,5.23598776e-03,equilibrium,4.90311917e-03,4.90311917e-03,2.299700e-15,100.0000,1,153.7533,1.000000,1.694368e-03,1,4.90311917e-03,2.423530e-14,0.509458,0.5967,3.61,
15.00,0.9435,20.0,0.5000,1.0e-03,-1,5.23598776e-03,equilibrium,4.94010456e-03,4.94010456e-03,1.755756e-16,100.0000,1,36.9729,1.000000,1.972267e-03,1,4.94010456e-03,5.267267e-16,3.886449,9.4628,3.81,
45.00,0.9435,20.0,0.5000,1.0e-03,-1,5.23598776e-03,equilibrium,4.94010456e-03,4.94010456e-03,5.793994e-15,100.0000,1,56.0861,1.000000,2.428437e-03,1,4.94010456e-03,-4.073354e-14,2.588092,37.2379,2.94,
75.00,0.9435,20.0,0.5000,1.0e-03,-1,5.23598776e-03,equilibrium,4.94010456e-03,4.94010456e-03,3.160360e-15,100.0000,1,103.1686,1.000000,2.494468e-03,1,4.94010456e-03,6.847448e-15,2.471753,47.7089,2.78,
105.00,0.9435,20.0,0.5000,1.0e-03,-1,5.23598776e-03,error,NaN,NaN,NaN,NaN,0,NaN,NaN,NaN,0,4.94010456e-03,NaN,NaN,NaN,0.00,DomainError with -1.1686106900433771e-11: sqrt was called wi
135.00,0.9435,20.0,0.5000,1.0e-03,-1,5.23598776e-03,equilibrium,4.94010456e-03,4.94010456e-03,3.160360e-15,100.0000,1,143.1837,1.000000,1.876746e-03,1,4.94010456e-03,3.353494e-14,1.140463,1.1036,3.53,
165.00,0.9435,20.0,0.5000,1.0e-03,-1,5.23598776e-03,error,NaN,NaN,NaN,NaN,0,NaN,NaN,NaN,0,4.94010456e-03,NaN,NaN,NaN,0.02,DomainError with -2.053075702815321e-15: sqrt was called wit
15.00,0.9506,20.0,0.5000,1.0e-03,-1,5.23598776e-03,equilibrium,4.97708996e-03,4.97708996e-03,3.485417e-16,100.0000,1,38.1020,1.000000,1.948023e-03,1,4.97708996e-03,2.788334e-15,3.856294,9.2524,3.84,
45.00,0.9506,20.0,0.5000,1.0e-03,-1,5.23598776e-03,equilibrium,4.97708996e-03,4.97708996e-03,3.311146e-15,100.0000,1,45.3515,1.000000,2.404680e-03,1,4.97708996e-03,-3.694542e-14,2.569263,37.0751,3.01,
75.00,0.9506,20.0,0.5000,1.0e-03,-1,5.23598776e-03,equilibrium,4.97708996e-03,4.97708996e-03,3.833959e-15,100.0000,1,82.6199,1.000000,2.460815e-03,1,4.97708996e-03,1.150188e-14,2.460685,47.3554,2.74,
105.00,0.9506,20.0,0.5000,1.0e-03,-1,5.23598776e-03,equilibrium,4.97708996e-03,4.97708996e-03,4.182501e-15,100.0000,1,122.4129,1.000000,2.249610e-03,1,4.97708996e-03,3.659688e-14,2.721178,16.8110,2.92,
135.00,0.9506,20.0,0.5000,1.0e-03,-1,5.23598776e-03,equilibrium,4.97708996e-03,4.97708996e-03,4.008230e-15,100.0000,1,147.2924,1.000000,1.883853e-03,1,4.97708996e-03,3.485417e-14,1.100670,0.9366,3.35,
165.00,0.9506,20.0,0.5000,1.0e-03,-1,5.23598776e-03,error,NaN,NaN,NaN,NaN,0,NaN,NaN,NaN,0,4.97708996e-03,NaN,NaN,NaN,0.03,DomainError with -4.106151405630643e-15: sqrt was called wit
15.00,0.9576,20.0,0.5000,1.0e-03,-1,5.23598776e-03,equilibrium,5.01407536e-03,5.01407536e-03,5.189561e-16,100.0000,1,31.7481,1.000000,1.940050e-03,1,5.01407536e-03,6.919415e-16,3.826978,8.7048,3.58,
45.00,0.9576,20.0,0.5000,1.0e-03,-1,5.23598776e-03,equilibrium,5.01407536e-03,5.01407536e-03,4.497620e-15,100.0000,1,47.1987,1.000000,2.372952e-03,1,5.01407536e-03,-3.269424e-14,2.550454,37.0292,3.21,
75.00,0.9576,20.0,0.5000,1.0e-03,-1,5.23598776e-03,equilibrium,5.01407536e-03,5.01407536e-03,3.113737e-15,100.0000,1,73.1779,1.000000,2.438603e-03,1,5.01407536e-03,2.266108e-14,2.449631,46.9531,2.79,
105.00,0.9576,20.0,0.5000,1.0e-03,-1,5.23598776e-03,equilibrium,5.01407536e-03,5.01407536e-03,6.400459e-15,100.0000,1,123.2094,1.000000,2.201997e-03,1,5.01407536e-03,3.926768e-14,2.708695,16.3605,2.94,
135.00,0.9576,20.0,0.5000,1.0e-03,-1,5.23598776e-03,equilibrium,5.01407536e-03,5.01407536e-03,4.324635e-15,100.0000,1,147.0400,1.000000,1.884562e-03,1,5.01407536e-03,3.822977e-14,1.058913,1.0563,3.37,
165.00,0.9576,20.0,0.5000,1.0e-03,-1,5.23598776e-03,error,NaN,NaN,NaN,NaN,0,NaN,NaN,NaN,0,5.01407536e-03,NaN,NaN,NaN,0.03,DomainError with -2.053075702815321e-15: sqrt was called wit
15.00,0.9647,20.0,0.5000,1.0e-03,-1,5.23598776e-03,equilibrium,5.05106076e-03,5.05106076e-03,3.434375e-16,100.0000,1,16.4106,1.000000,1.918460e-03,1,5.05106076e-03,-1.717187e-16,3.798997,8.5214,3.59,
45.00,0.9647,20.0,0.5000,1.0e-03,-1,5.23598776e-03,equilibrium,5.05106076e-03,5.05106076e-03,4.979843e-15,100.0000,1,44.6657,1.000000,2.334629e-03,1,5.05106076e-03,-3.880843e-14,2.529621,37.2333,3.09,
75.00,0.9647,20.0,0.5000,1.0e-03,-1,5.23598776e-03,equilibrium,5.05106076e-03,5.05106076e-03,2.404062e-15,100.0000,1,79.1785,1.000000,2.398544e-03,1,5.05106076e-03,1.906078e-14,2.438824,46.3231,2.70,
105.00,0.9647,20.0,0.5000,1.0e-03,-1,5.23598776e-03,error,NaN,NaN,NaN,NaN,0,NaN,NaN,NaN,0,5.05106076e-03,NaN,NaN,NaN,0.02,DomainError with -9.813701859457866e-13: sqrt was called wit
135.00,0.9647,20.0,0.5000,1.0e-03,-1,5.23598776e-03,equilibrium,5.05106076e-03,5.05106076e-03,4.808124e-15,100.0000,1,164.9651,1.000000,2.069344e-03,1,5.05106076e-03,4.069734e-14,1.968555,0.7327,3.81,
165.00,0.9647,20.0,0.5000,1.0e-03,-1,5.23598776e-03,error,NaN,NaN,NaN,NaN,0,NaN,NaN,NaN,0,5.05106076e-03,NaN,NaN,NaN,0.04,DomainError with -5.3379968273198525e-14: sqrt was called wi
15.00,0.9717,20.0,0.5000,1.0e-03,-1,5.23598776e-03,equilibrium,5.08804616e-03,5.08804616e-03,1.193293e-15,100.0000,1,26.4395,1.000000,1.898844e-03,1,5.08804616e-03,-1.022823e-15,3.772263,8.4561,4.02,
45.00,0.9717,20.0,0.5000,1.0e-03,-1,5.23598776e-03,equilibrium,5.08804616e-03,5.08804616e-03,2.045646e-15,100.0000,1,70.0555,1.000000,2.333330e-03,1,5.08804616e-03,-3.392363e-14,2.502674,37.5894,3.37,
75.00,0.9717,20.0,0.5000,1.0e-03,-1,5.23598776e-03,equilibrium,5.08804616e-03,5.08804616e-03,1.704705e-15,100.0000,1,89.1732,1.000000,2.382182e-03,1,5.08804616e-03,1.636517e-14,2.428374,46.1221,3.23,
105.00,0.9717,20.0,0.5000,1.0e-03,-1,5.23598776e-03,equilibrium,5.08804616e-03,5.08804616e-03,6.307408e-15,100.0000,1,110.9784,1.000000,2.117896e-03,1,5.08804616e-03,5.369821e-14,2.669063,16.0860,3.32,
135.00,0.9717,20.0,0.5000,1.0e-03,-1,5.23598776e-03,equilibrium,5.08804616e-03,5.08804616e-03,3.579880e-15,100.0000,1,162.7726,1.000000,1.990855e-03,1,5.08804616e-03,3.818539e-14,1.857738,1.6269,3.65,
165.00,0.9717,20.0,0.5000,1.0e-03,-1,5.23598776e-03,equilibrium,5.08804616e-03,5.08804616e-03,2.045646e-15,100.0000,1,164.2916,1.000000,1.584524e-03,1,5.08804616e-03,2.454775e-14,0.429645,0.4354,3.54,
15.00,0.9788,20.0,0.5000,1.0e-03,-1,5.23598776e-03,equilibrium,5.12503156e-03,5.12503156e-03,8.462014e-16,100.0000,1,36.9419,1.000000,1.886688e-03,1,5.12503156e-03,-3.046325e-15,3.744202,8.4674,3.83,
45.00,0.9788,20.0,0.5000,1.0e-03,-1,5.23598776e-03,equilibrium,5.12503156e-03,5.12503156e-03,4.738728e-15,100.0000,1,58.3613,1.000000,2.281783e-03,1,5.12503156e-03,-4.332551e-14,2.501514,37.1427,3.14,
75.00,0.9788,20.0,0.5000,1.0e-03,-1,5.23598776e-03,equilibrium,5.12503156e-03,5.12503156e-03,2.030883e-15,100.0000,1,97.0182,1.000000,2.363842e-03,1,5.12503156e-03,1.421618e-14,2.418128,45.3097,2.89,
105.00,0.9788,20.0,0.5000,1.0e-03,-1,5.23598776e-03,equilibrium,5.12503156e-03,5.12503156e-03,3.215565e-15,100.0000,1,127.7098,1.000000,2.118907e-03,1,5.12503156e-03,4.315627e-14,2.668590,15.1663,2.68,
135.00,0.9788,20.0,0.5000,1.0e-03,-1,5.23598776e-03,equilibrium,5.12503156e-03,5.12503156e-03,4.738728e-15,100.0000,1,132.8988,1.000000,1.963372e-03,1,5.12503156e-03,4.044843e-14,1.829834,1.9503,3.10,
165.00,0.9788,20.0,0.5000,1.0e-03,-1,5.23598776e-03,equilibrium,5.12503156e-03,5.12503156e-03,2.369364e-15,100.0000,1,152.8987,1.000000,1.612665e-03,1,5.12503156e-03,2.504756e-14,0.449451,1.8320,3.44,
15.00,0.9859,20.0,0.5000,1.0e-03,-1,5.23598776e-03,equilibrium,5.16201696e-03,5.16201696e-03,1.680277e-16,100.0000,1,39.7806,1.000000,1.868096e-03,1,5.16201696e-03,-1.512249e-15,3.716013,8.3032,3.69,
45.00,0.9859,20.0,0.5000,1.0e-03,-1,5.23598776e-03,equilibrium,5.16201696e-03,5.16201696e-03,2.856471e-15,100.0000,1,48.0666,1.000000,2.281448e-03,1,5.16201696e-03,-2.335585e-14,2.498656,36.7991,3.25,
75.00,0.9859,20.0,0.5000,1.0e-03,-1,5.23598776e-03,equilibrium,5.16201696e-03,5.16201696e-03,3.696609e-15,100.0000,1,101.6050,1.000000,2.340789e-03,1,5.16201696e-03,1.713882e-14,2.408002,44.9198,2.92,
105.00,0.9859,20.0,0.5000,1.0e-03,-1,5.23598776e-03,equilibrium,5.16201696e-03,5.16201696e-03,3.360554e-15,100.0000,1,115.4364,1.000000,2.095161e-03,1,5.16201696e-03,3.646201e-14,2.669057,12.9754,2.82,
135.00,0.9859,20.0,0.5000,1.0e-03,-1,5.23598776e-03,equilibrium,5.16201696e-03,5.16201696e-03,3.864637e-15,100.0000,1,158.4521,1.000000,1.878273e-03,1,5.16201696e-03,3.747017e-14,1.711001,2.2657,3.38,
165.00,0.9859,20.0,0.5000,1.0e-03,-1,5.23598776e-03,equilibrium,5.16201696e-03,5.16201696e-03,2.688443e-15,100.0000,1,147.7997,1.000000,1.589349e-03,1,5.16201696e-03,2.402796e-14,0.469640,0.7665,3.41,
15.00,0.9929,20.0,0.5000,1.0e-03,-1,5.23598776e-03,equilibrium,5.19900236e-03,5.19900236e-03,6.673294e-16,100.0000,1,16.8744,1.000000,1.848817e-03,1,5.19900236e-03,-3.336647e-16,3.688705,8.1260,3.44,
45.00,0.9929,20.0,0.5000,1.0e-03,-1,5.23598776e-03,equilibrium,5.19900236e-03,5.19900236e-03,2.168820e-15,100.0000,1,85.1438,1.000000,2.262953e-03,1,5.19900236e-03,-3.770411e-14,2.465481,36.2415,2.92,
75.00,0.9929,20.0,0.5000,1.0e-03,-1,5.23598776e-03,equilibrium,5.19900236e-03,5.19900236e-03,2.836150e-15,100.0000,1,102.6888,1.000000,2.317959e-03,1,5.19900236e-03,1.935255e-14,2.397982,44.3190,2.71,
105.00,0.9929,20.0,0.5000,1.0e-03,-1,5.23598776e-03,equilibrium,5.19900236e-03,5.19900236e-03,5.171803e-15,100.0000,1,132.6039,1.000000,2.097546e-03,1,5.19900236e-03,3.603579e-14,2.641626,14.6385,2.68,
135.00,0.9929,20.0,0.5000,1.0e-03,-1,5.23598776e-03,equilibrium,5.19900236e-03,5.19900236e-03,3.336647e-15,100.0000,1,160.7492,1.000000,1.862197e-03,1,5.19900236e-03,3.236547e-14,1.621000,0.7815,3.06,
165.00,0.9929,20.0,0.5000,1.0e-03,-1,5.23598776e-03,equilibrium,5.19900236e-03,5.19900236e-03,2.335653e-15,100.0000,1,147.6678,1.000000,1.626382e-03,1,5.19900236e-03,2.502485e-14,0.499563,2.9913,3.21,
15.00,0.7659,60.0,0.5000,1.0e-03,-1,1.74532925e-03,equilibrium,1.33680625e-03,1.33680625e-03,0.000000e+00,100.0000,1,15.4521,1.000000,9.339071e-03,1,1.33680625e-03,8.110391e-16,16.093162,4.7954,11.05,
45.00,0.7659,60.0,0.5000,1.0e-03,-1,1.74532925e-03,equilibrium,1.33680625e-03,1.33680625e-03,3.406364e-15,100.0000,1,45.0909,1.000000,1.528063e-02,1,1.33680625e-03,-4.363390e-14,12.612913,31.0064,8.14,
75.00,0.7659,60.0,0.5000,1.0e-03,-1,1.74532925e-03,equilibrium,1.33680625e-03,1.33680625e-03,4.736468e-14,100.0000,1,71.3492,1.000000,1.885518e-02,1,1.33680625e-03,-3.686984e-13,8.771171,55.6686,6.29,
105.00,0.7659,60.0,0.5000,1.0e-03,-1,1.74532925e-03,equilibrium,1.33680625e-03,1.33680625e-03,2.270910e-14,100.0000,1,99.0533,1.000000,1.907921e-02,1,1.33680625e-03,-2.165474e-13,7.561936,74.8037,4.72,
135.00,0.7659,60.0,0.5000,1.0e-03,-1,1.74532925e-03,equilibrium,1.33680625e-03,1.33680625e-03,2.660208e-14,100.0000,1,126.8805,1.000000,1.708822e-02,1,1.33680625e-03,3.297685e-13,8.547490,45.0000,5.40,
165.00,0.7659,60.0,0.5000,1.0e-03,-1,1.74532925e-03,equilibrium,1.33680625e-03,1.33680625e-03,7.120924e-14,100.0000,1,158.9689,1.000000,1.105406e-02,1,1.33680625e-03,7.176074e-13,12.087761,11.5954,5.44,
15.00,0.7841,60.0,0.5000,1.0e-03,-1,1.74532925e-03,equilibrium,1.36849940e-03,1.36849940e-03,1.584512e-16,100.0000,1,17.6856,1.000000,1.045841e-02,1,1.36849940e-03,1.109159e-15,15.168568,10.9601,9.72,
45.00,0.7841,60.0,0.5000,1.0e-03,-1,1.74532925e-03,equilibrium,1.36849940e-03,1.36849940e-03,1.346836e-14,100.0000,1,45.2869,1.000000,1.603484e-02,1,1.36849940e-03,-1.365850e-13,11.070251,38.2751,7.50,
75.00,0.7841,60.0,0.5000,1.0e-03,-1,1.74532925e-03,equilibrium,1.36849940e-03,1.36849940e-03,4.500015e-14,100.0000,1,77.9950,1.000000,1.844108e-02,1,1.36849940e-03,-3.626949e-13,7.740790,65.2826,5.21,
105.00,0.7841,60.0,0.5000,1.0e-03,-1,1.74532925e-03,equilibrium,1.36849940e-03,1.36849940e-03,1.093314e-14,100.0000,1,123.8260,1.000000,1.747741e-02,1,1.36849940e-03,8.540522e-14,7.846978,55.0489,4.88,
135.00,0.7841,60.0,0.5000,1.0e-03,-1,1.74532925e-03,equilibrium,1.36849940e-03,1.36849940e-03,6.765868e-14,100.0000,1,140.5948,1.000000,1.468939e-02,1,1.36849940e-03,6.973439e-13,9.894774,32.7082,5.52,
165.00,0.7841,60.0,0.5000,1.0e-03,-1,1.74532925e-03,equilibrium,1.36849940e-03,1.36849940e-03,7.811646e-14,100.0000,1,153.4809,1.000000,1.001902e-02,1,1.36849940e-03,8.157070e-13,12.050139,8.1011,5.41,
15.00,0.8023,60.0,0.5000,1.0e-03,-1,1.74532925e-03,equilibrium,1.40019255e-03,1.40019255e-03,3.097295e-16,100.0000,1,25.3325,1.000000,1.070848e-02,1,1.40019255e-03,1.238918e-15,14.522958,13.6360,9.31,
45.00,0.8023,60.0,0.5000,1.0e-03,-1,1.74532925e-03,equilibrium,1.40019255e-03,1.40019255e-03,1.811917e-14,100.0000,1,57.8627,1.000000,1.549492e-02,1,1.40019255e-03,-1.701963e-13,10.775952,38.2684,7.23,
75.00,0.8023,60.0,0.5000,1.0e-03,-1,1.74532925e-03,equilibrium,1.40019255e-03,1.40019255e-03,4.057456e-14,100.0000,1,89.3421,1.000000,1.770877e-02,1,1.40019255e-03,-3.882459e-13,7.725956,65.7913,5.30,
105.00,0.8023,60.0,0.5000,1.0e-03,-1,1.74532925e-03,equilibrium,1.40019255e-03,1.40019255e-03,1.564134e-14,100.0000,1,95.6791,1.000000,1.689053e-02,1,1.40019255e-03,2.019436e-13,7.569169,56.7975,5.33,
135.00,0.8023,60.0,0.5000,1.0e-03,-1,1.74532925e-03,equilibrium,1.40019255e-03,1.40019255e-03,7.464480e-14,100.0000,1,147.7749,1.000000,1.272470e-02,1,1.40019255e-03,7.727750e-13,10.484140,23.9173,5.58,
165.00,0.8023,60.0,0.5000,1.0e-03,-1,1.74532925e-03,equilibrium,1.40019255e-03,1.40019255e-03,9.570640e-14,100.0000,1,172.6806,1.000000,7.942499e-03,1,1.40019255e-03,1.003523e-12,9.167206,1.0950,7.04,
15.00,0.8204,60.0,0.5000,1.0e-03,-1,1.74532925e-03,equilibrium,1.43188570e-03,1.43188570e-03,4.543109e-16,100.0000,1,25.9228,1.000000,1.052068e-02,1,1.43188570e-03,1.817244e-15,14.072039,14.4909,10.28,
45.00,0.8204,60.0,0.5000,1.0e-03,-1,1.74532925e-03,equilibrium,1.43188570e-03,1.43188570e-03,1.620376e-14,100.0000,1,52.4001,1.000000,1.500107e-02,1,1.43188570e-03,-1.478025e-13,10.464499,38.8643,7.54,
75.00,0.8204,60.0,0.5000,1.0e-03,-1,1.74532925e-03,equilibrium,1.43188570e-03,1.43188570e-03,2.953021e-14,100.0000,1,89.6224,1.000000,1.705580e-02,1,1.43188570e-03,-2.881846e-13,7.495827,63.5291,5.39,
105.00,0.8204,60.0,0.5000,1.0e-03,-1,1.74532925e-03,equilibrium,1.43188570e-03,1.43188570e-03,2.635003e-14,100.0000,1,96.3525,1.000000,1.640478e-02,1,1.43188570e-03,1.971709e-13,7.439143,56.0796,4.67,
135.00,0.8204,60.0,0.5000,1.0e-03,-1,1.74532925e-03,equilibrium,1.43188570e-03,1.43188570e-03,6.950957e-14,100.0000,1,153.2539,1.000000,1.212054e-02,1,1.43188570e-03,7.617280e-13,10.326542,23.0087,4.96,
165.00,0.8204,60.0,0.5000,1.0e-03,-1,1.74532925e-03,equilibrium,1.43188570e-03,1.43188570e-03,1.141835e-13,100.0000,1,171.4776,1.000000,6.627927e-03,1,1.43188570e-03,1.141835e-12,5.740869,1.1246,5.12,
15.00,0.8386,60.0,0.5000,1.0e-03,-1,1.74532925e-03,equilibrium,1.46357885e-03,1.46357885e-03,5.926307e-16,100.0000,1,21.9319,1.000000,1.033958e-02,1,1.46357885e-03,4.741046e-15,13.688681,15.0000,8.26,
45.00,0.8386,60.0,0.5000,1.0e-03,-1,1.74532925e-03,equilibrium,1.46357885e-03,1.46357885e-03,2.296444e-14,100.0000,1,55.0553,1.000000,1.467419e-02,1,1.46357885e-03,-2.007536e-13,10.001452,40.2777,6.41,
75.00,0.8386,60.0,0.5000,1.0e-03,-1,1.74532925e-03,equilibrium,1.46357885e-03,1.46357885e-03,2.340891e-14,100.0000,1,83.6095,1.000000,1.642055e-02,1,1.46357885e-03,-2.763141e-13,7.164632,66.4298,4.46,
105.00,0.8386,60.0,0.5000,1.0e-03,-1,1.74532925e-03,equilibrium,1.46357885e-03,1.46357885e-03,3.792836e-14,100.0000,1,115.9494,1.000000,1.529061e-02,1,1.46357885e-03,2.369041e-13,7.481241,52.7118,4.51,
135.00,0.8386,60.0,0.5000,1.0e-03,-1,1.74532925e-03,equilibrium,1.46357885e-03,1.46357885e-03,7.970883e-14,100.0000,1,150.4280,1.000000,1.142205e-02,1,1.46357885e-03,7.750128e-13,10.273072,20.8621,4.93,
165.00,0.8386,60.0,0.5000,1.0e-03,-1,1.74532925e-03,equilibrium,1.46357885e-03,1.46357885e-03,1.423795e-13,100.0000,1,171.9378,1.000000,5.908494e-03,1,1.46357885e-03,1.329863e-12,0.999962,0.3799,3.85,
15.00,0.8567,60.0,0.5000,1.0e-03,-1,1.74532925e-03,equilibrium,1.49527199e-03,1.49527199e-03,1.595191e-15,100.0000,1,22.6012,1.000000,1.012482e-02,1,1.49527199e-03,6.960834e-15,13.350559,15.0000,7.44,
45.00,0.8567,60.0,0.5000,1.0e-03,-1,1.74532925e-03,equilibrium,1.49527199e-03,1.49527199e-03,3.306396e-14,100.0000,1,55.8982,1.000000,1.435765e-02,1,1.49527199e-03,-2.463845e-13,9.533941,41.5531,5.69,
75.00,0.8567,60.0,0.5000,1.0e-03,-1,1.74532925e-03,equilibrium,1.49527199e-03,1.49527199e-03,1.015122e-14,100.0000,1,99.8929,1.000000,1.582300e-02,1,1.49527199e-03,-1.889577e-13,6.896236,69.5483,3.88,
105.00,0.8567,60.0,0.5000,1.0e-03,-1,1.74532925e-03,equilibrium,1.49527199e-03,1.49527199e-03,2.421790e-14,100.0000,1,123.8431,1.000000,1.466946e-02,1,1.49527199e-03,2.629165e-13,7.552679,49.5702,4.00,
135.00,0.8567,60.0,0.5000,1.0e-03,-1,1.74532925e-03,equilibrium,1.49527199e-03,1.49527199e-03,7.772932e-14,100.0000,1,152.5392,1.000000,1.065674e-02,1,1.49527199e-03,7.761330e-13,10.233139,18.7024,4.36,
165.00,0.8567,60.0,0.5000,1.0e-03,-1,1.74532925e-03,equilibrium,1.49527199e-03,1.49527199e-03,1.276153e-13,100.0000,1,169.7280,1.000000,6.048699e-03,1,1.49527199e-03,1.199874e-12,4.859870,0.6802,4.35,
15.00,0.8749,60.0,0.5000,1.0e-03,-1,1.74532925e-03,equilibrium,1.52696514e-03,1.52696514e-03,5.680298e-16,100.0000,1,30.5837,1.000000,9.823571e-03,1,1.52696514e-03,5.964313e-15,13.066030,15.0000,7.89,
45.00,0.8749,60.0,0.5000,1.0e-03,-1,1.74532925e-03,equilibrium,1.52696514e-03,1.52696514e-03,2.527733e-14,100.0000,1,59.2058,1.000000,1.401804e-02,1,1.52696514e-03,-2.263599e-13,9.164999,42.7165,5.33,
75.00,0.8749,60.0,0.5000,1.0e-03,-1,1.74532925e-03,equilibrium,1.52696514e-03,1.52696514e-03,1.746692e-14,100.0000,1,95.8254,1.000000,1.531871e-02,1,1.52696514e-03,-1.603264e-13,6.702509,71.4293,3.68,
105.00,0.8749,60.0,0.5000,1.0e-03,-1,1.74532925e-03,equilibrium,1.52696514e-03,1.52696514e-03,4.998662e-14,100.0000,1,111.3449,1.000000,1.394932e-02,1,1.52696514e-03,4.221882e-13,7.550377,47.3852,3.68,
135.00,0.8749,60.0,0.5000,1.0e-03,-1,1.74532925e-03,equilibrium,1.52696514e-03,1.52696514e-03,7.810410e-14,100.0000,1,152.6036,1.000000,1.025685e-02,1,1.52696514e-03,7.760707e-13,10.102213,17.4738,3.97,
165.00,0.8749,60.0,0.5000,1.0e-03,-1,1.74532925e-03,equilibrium,1.52696514e-03,1.52696514e-03,1.087777e-13,100.0000,1,169.8230,1.000000,6.259702e-03,1,1.52696514e-03,1.139184e-12,5.579084,0.4891,4.55,
15.00,0.8930,60.0,0.5000,1.0e-03,-1,1.74532925e-03,equilibrium,1.55865829e-03,1.55865829e-03,5.564797e-16,100.0000,1,29.9712,1.000000,9.386533e-03,1,1.55865829e-03,4.869198e-15,12.846539,15.0000,7.34,
45.00,0.8930,60.0,0.5000,1.0e-03,-1,1.74532925e-03,equilibrium,1.55865829e-03,1.55865829e-03,1.864207e-14,100.0000,1,58.3873,1.000000,1.352169e-02,1,1.55865829e-03,-2.465205e-13,8.924640,43.2182,6.01,
75.00,0.8930,60.0,0.5000,1.0e-03,-1,1.74532925e-03,equilibrium,1.55865829e-03,1.55865829e-03,8.486316e-15,100.0000,1,89.5528,1.000000,1.479134e-02,1,1.55865829e-03,-1.254862e-13,6.554375,73.5498,4.11,
105.00,0.8930,60.0,0.5000,1.0e-03,-1,1.74532925e-03,equilibrium,1.55865829e-03,1.55865829e-03,5.050054e-14,100.0000,1,116.6563,1.000000,1.347788e-02,1,1.55865829e-03,4.639650e-13,7.450761,46.6167,4.08,
135.00,0.8930,60.0,0.5000,1.0e-03,-1,1.74532925e-03,equilibrium,1.55865829e-03,1.55865829e-03,7.595948e-14,100.0000,1,151.0186,1.000000,9.933568e-03,1,1.55865829e-03,8.089824e-13,9.881716,17.4456,4.48,
165.00,0.8930,60.0,0.5000,1.0e-03,-1,1.74532925e-03,equilibrium,1.55865829e-03,1.55865829e-03,1.083744e-13,100.0000,1,167.0824,1.000000,6.370794e-03,1,1.55865829e-03,1.045347e-12,5.940562,0.5904,4.87,
15.00,0.9112,60.0,0.5000,1.0e-03,-1,1.74532925e-03,equilibrium,1.59035144e-03,1.59035144e-03,1.363475e-15,100.0000,1,28.9525,1.000000,9.019604e-03,1,1.59035144e-03,5.590247e-15,12.695908,14.0632,7.61,
45.00,0.9112,60.0,0.5000,1.0e-03,-1,1.74532925e-03,equilibrium,1.59035144e-03,1.59035144e-03,2.072482e-14,100.0000,1,59.3097,1.000000,1.307923e-02,1,1.59035144e-03,-2.315180e-13,8.813178,42.2725,5.25,
75.00,0.9112,60.0,0.5000,1.0e-03,-1,1.74532925e-03,equilibrium,1.59035144e-03,1.59035144e-03,8.453545e-15,100.0000,1,92.9644,1.000000,1.430578e-02,1,1.59035144e-03,-1.285757e-13,6.434999,71.6292,3.50,
105.00,0.9112,60.0,0.5000,1.0e-03,-1,1.74532925e-03,equilibrium,1.59035144e-03,1.59035144e-03,4.376755e-14,100.0000,1,125.3437,1.000000,1.308131e-02,1,1.59035144e-03,4.053611e-13,7.277743,46.8744,3.70,
135.00,0.9112,60.0,0.5000,1.0e-03,-1,1.74532925e-03,equilibrium,1.59035144e-03,1.59035144e-03,8.439910e-14,100.0000,1,152.6035,1.000000,9.795920e-03,1,1.59035144e-03,8.386734e-13,9.612992,18.2820,3.87,
165.00,0.9112,60.0,0.5000,1.0e-03,-1,1.74532925e-03,equilibrium,1.59035144e-03,1.59035144e-03,1.075782e-13,100.0000,1,164.7142,1.000000,6.234398e-03,1,1.59035144e-03,1.086008e-12,5.899699,0.2563,4.27,
15.00,0.9364,60.0,0.5000,1.0e-03,-1,1.74532925e-03,equilibrium,1.63437306e-03,1.63437306e-03,7.960500e-16,100.0000,1,25.2881,1.000000,8.273364e-03,1,1.63437306e-03,2.918850e-15,12.576855,11.4872,6.62,
45.00,0.9364,60.0,0.5000,1.0e-03,-1,1.74532925e-03,equilibrium,1.63437306e-03,1.63437306e-03,2.082997e-14,100.0000,1,59.6609,1.000000,1.230786e-02,1,1.63437306e-03,-1.864084e-13,8.845478,40.3308,5.18,
75.00,0.9364,60.0,0.5000,1.0e-03,-1,1.74532925e-03,equilibrium,1.63437306e-03,1.63437306e-03,1.432890e-14,100.0000,1,72.4592,1.000000,1.366428e-02,1,1.63437306e-03,-1.158253e-13,6.309388,69.4949,9.61,
105.00,0.9364,60.0,0.5000,1.0e-03,-1,1.74532925e-03,equilibrium,1.63437306e-03,1.63437306e-03,3.794505e-14,100.0000,1,122.8248,1.000000,1.264001e-02,1,1.63437306e-03,4.152727e-13,6.963308,48.4476,4.70,
135.00,0.9364,60.0,0.5000,1.0e-03,-1,1.74532925e-03,equilibrium,1.63437306e-03,1.63437306e-03,8.690212e-14,100.0000,1,137.4653,1.000000,9.622075e-03,1,1.63437306e-03,8.326683e-13,9.219913,19.9071,5.22,
165.00,0.9364,60.0,0.5000,1.0e-03,-1,1.74532925e-03,equilibrium,1.63437306e-03,1.63437306e-03,1.171520e-13,100.0000,1,168.7541,1.000000,5.728084e-03,1,1.63437306e-03,1.165152e-12,4.800452,0.3359,5.32,
15.00,0.9435,60.0,0.5000,1.0e-03,-1,1.74532925e-03,equilibrium,1.64670152e-03,1.64670152e-03,1.316817e-16,100.0000,1,20.9093,1.000000,8.071050e-03,1,1.64670152e-03,1.316817e-15,12.521582,11.3461,9.45,
45.00,0.9435,60.0,0.5000,1.0e-03,-1,1.74532925e-03,equilibrium,1.64670152e-03,1.64670152e-03,1.488003e-14,100.0000,1,50.8029,1.000000,1.208584e-02,1,1.64670152e-03,-1.589398e-13,8.818195,39.9334,6.68,
75.00,0.9435,60.0,0.5000,1.0e-03,-1,1.74532925e-03,equilibrium,1.64670152e-03,1.64670152e-03,1.501171e-14,100.0000,1,89.2792,1.000000,1.348912e-02,1,1.64670152e-03,-1.513023e-13,6.264736,69.5200,4.72,
105.00,0.9435,60.0,0.5000,1.0e-03,-1,1.74532925e-03,equilibrium,1.64670152e-03,1.64670152e-03,4.292823e-14,100.0000,1,131.3318,1.000000,1.250479e-02,1,1.64670152e-03,3.906996e-13,6.906239,48.5983,4.86,
135.00,0.9435,60.0,0.5000,1.0e-03,-1,1.74532925e-03,equilibrium,1.64670152e-03,1.64670152e-03,8.453964e-14,100.0000,1,146.8912,1.000000,9.553705e-03,1,1.64670152e-03,8.710744e-13,9.121431,20.2993,4.90,
165.00,0.9435,60.0,0.5000,1.0e-03,-1,1.74532925e-03,equilibrium,1.64670152e-03,1.64670152e-03,1.149581e-13,100.0000,1,170.8698,1.000000,5.564471e-03,1,1.64670152e-03,1.172757e-12,4.760863,0.6664,5.04,
15.00,0.9506,60.0,0.5000,1.0e-03,-1,1.74532925e-03,equilibrium,1.65902999e-03,1.65902999e-03,3.921094e-16,100.0000,1,19.7492,1.000000,7.949031e-03,1,1.65902999e-03,1.437735e-15,12.457974,10.6101,9.06,
45.00,0.9506,60.0,0.5000,1.0e-03,-1,1.74532925e-03,equilibrium,1.65902999e-03,1.65902999e-03,1.555367e-14,100.0000,1,57.0669,1.000000,1.194890e-02,1,1.65902999e-03,-1.534455e-13,8.781840,39.7709,6.51,
75.00,0.9506,60.0,0.5000,1.0e-03,-1,1.74532925e-03,equilibrium,1.65902999e-03,1.65902999e-03,1.581508e-14,100.0000,1,87.9619,1.000000,1.333178e-02,1,1.65902999e-03,-1.669079e-13,6.217884,69.3986,4.67,
105.00,0.9506,60.0,0.5000,1.0e-03,-1,1.74532925e-03,equilibrium,1.65902999e-03,1.65902999e-03,4.365485e-14,100.0000,1,131.3219,1.000000,1.236412e-02,1,1.65902999e-03,3.982525e-13,6.856201,48.4496,4.58,
135.00,0.9506,60.0,0.5000,1.0e-03,-1,1.74532925e-03,equilibrium,1.65902999e-03,1.65902999e-03,8.979306e-14,100.0000,1,145.3996,1.000000,9.424957e-03,1,1.65902999e-03,8.210771e-13,9.031214,20.4630,5.13,
165.00,0.9506,60.0,0.5000,1.0e-03,-1,1.74532925e-03,equilibrium,1.65902999e-03,1.65902999e-03,1.169793e-13,100.0000,1,168.5597,1.000000,5.637707e-03,1,1.65902999e-03,1.140908e-12,4.750451,0.2220,4.91,
15.00,0.9576,60.0,0.5000,1.0e-03,-1,1.74532925e-03,equilibrium,1.67135845e-03,1.67135845e-03,3.892171e-16,100.0000,1,20.8574,1.000000,7.839203e-03,1,1.67135845e-03,7.784342e-16,12.391826,10.3178,8.89,
45.00,0.9576,60.0,0.5000,1.0e-03,-1,1.74532925e-03,equilibrium,1.67135845e-03,1.67135845e-03,1.673634e-14,100.0000,1,45.8505,1.000000,1.178345e-02,1,1.67135845e-03,-1.528326e-13,8.738959,39.4368,6.45,
75.00,0.9576,60.0,0.5000,1.0e-03,-1,1.74532925e-03,equilibrium,1.67135845e-03,1.67135845e-03,2.075825e-14,100.0000,1,83.8313,1.000000,1.316916e-02,1,1.67135845e-03,-1.581519e-13,6.170899,69.6288,4.45,
105.00,0.9576,60.0,0.5000,1.0e-03,-1,1.74532925e-03,equilibrium,1.67135845e-03,1.67135845e-03,3.918119e-14,100.0000,1,105.7944,1.000000,1.222653e-02,1,1.67135845e-03,3.960933e-13,6.810126,48.3590,4.67,
135.00,0.9576,60.0,0.5000,1.0e-03,-1,1.74532925e-03,equilibrium,1.67135845e-03,1.67135845e-03,8.446011e-14,100.0000,1,145.0855,1.000000,9.411425e-03,1,1.67135845e-03,8.648404e-13,8.941219,20.7053,5.25,
165.00,0.9576,60.0,0.5000,1.0e-03,-1,1.74532925e-03,equilibrium,1.67135845e-03,1.67135845e-03,1.091105e-13,100.0000,1,166.8602,1.000000,5.586420e-03,1,1.67135845e-03,1.124318e-12,4.779948,0.7808,5.35,
15.00,0.9647,60.0,0.5000,1.0e-03,-1,1.74532925e-03,equilibrium,1.68368692e-03,1.68368692e-03,1.287890e-16,100.0000,1,21.8357,1.000000,7.678320e-03,1,1.68368692e-03,1.545469e-15,12.322392,10.0204,9.49,
45.00,0.9647,60.0,0.5000,1.0e-03,-1,1.74532925e-03,equilibrium,1.68368692e-03,1.68368692e-03,1.493953e-14,100.0000,1,55.7757,1.000000,1.161619e-02,1,1.68368692e-03,-1.356149e-13,8.693307,39.2744,6.60,
75.00,0.9647,60.0,0.5000,1.0e-03,-1,1.74532925e-03,equilibrium,1.68368692e-03,1.68368692e-03,1.056070e-14,100.0000,1,90.5482,1.000000,1.300422e-02,1,1.68368692e-03,-1.587969e-13,6.123358,69.7494,4.60,
105.00,0.9647,60.0,0.5000,1.0e-03,-1,1.74532925e-03,equilibrium,1.68368692e-03,1.68368692e-03,3.902308e-14,100.0000,1,125.5034,1.000000,1.206699e-02,1,1.68368692e-03,4.185644e-13,6.767573,48.2668,4.46,
135.00,0.9647,60.0,0.5000,1.0e-03,-1,1.74532925e-03,equilibrium,1.68368692e-03,1.68368692e-03,7.894769e-14,100.0000,1,135.4136,1.000000,9.337084e-03,1,1.68368692e-03,7.934693e-13,8.859429,20.9937,4.76,
165.00,0.9647,60.0,0.5000,1.0e-03,-1,1.74532925e-03,equilibrium,1.68368692e-03,1.68368692e-03,1.094707e-13,100.0000,1,166.8075,1.000000,5.582750e-03,1,1.68368692e-03,1.115442e-12,4.799626,0.3813,5.09,
15.00,0.9717,60.0,0.5000,1.0e-03,-1,1.74532925e-03,equilibrium,1.69601539e-03,1.69601539e-03,1.278529e-16,100.0000,1,19.0942,1.000000,7.619905e-03,1,1.69601539e-03,1.406382e-15,12.251436,9.7643,8.81,
45.00,0.9717,60.0,0.5000,1.0e-03,-1,1.74532925e-03,equilibrium,1.69601539e-03,1.69601539e-03,1.457523e-14,100.0000,1,57.1212,1.000000,1.135317e-02,1,1.69601539e-03,-1.237616e-13,8.645169,40.1000,6.46,
75.00,0.9717,60.0,0.5000,1.0e-03,-1,1.74532925e-03,equilibrium,1.69601539e-03,1.69601539e-03,7.543319e-15,100.0000,1,100.0497,1.000000,1.283175e-02,1,1.69601539e-03,-9.870242e-14,6.075868,69.9101,3.92,
105.00,0.9717,60.0,0.5000,1.0e-03,-1,1.74532925e-03,equilibrium,1.69601539e-03,1.69601539e-03,4.960691e-14,100.0000,1,131.8055,1.000000,1.188764e-02,1,1.69601539e-03,3.974946e-13,6.726312,48.1945,4.27,
135.00,0.9717,60.0,0.5000,1.0e-03,-1,1.74532925e-03,equilibrium,1.69601539e-03,1.69601539e-03,8.233725e-14,100.0000,1,134.9015,1.000000,9.117844e-03,1,1.69601539e-03,8.534179e-13,8.779553,21.0526,4.51,
165.00,0.9717,60.0,0.5000,1.0e-03,-1,1.74532925e-03,equilibrium,1.69601539e-03,1.69601539e-03,1.112320e-13,100.0000,1,166.5695,1.000000,5.537360e-03,1,1.69601539e-03,1.106183e-12,4.819588,0.5932,4.64,
15.00,0.9788,60.0,0.5000,1.0e-03,-1,1.74532925e-03,equilibrium,1.70834385e-03,1.70834385e-03,1.269302e-16,100.0000,1,16.3370,1.000000,7.522839e-03,1,1.70834385e-03,2.538604e-15,12.178721,9.5548,8.11,
45.00,0.9788,60.0,0.5000,1.0e-03,-1,1.74532925e-03,equilibrium,1.70834385e-03,1.70834385e-03,1.129679e-14,100.0000,1,58.4381,1.000000,1.133488e-02,1,1.70834385e-03,-1.193144e-13,8.595435,38.9110,5.82,
75.00,0.9788,60.0,0.5000,1.0e-03,-1,1.74532925e-03,equilibrium,1.70834385e-03,1.70834385e-03,1.472390e-14,100.0000,1,79.4241,1.000000,1.269045e-02,1,1.70834385e-03,-1.303573e-13,6.028472,69.9314,4.04,
105.00,0.9788,60.0,0.5000,1.0e-03,-1,1.74532925e-03,equilibrium,1.70834385e-03,1.70834385e-03,5.089901e-14,100.0000,1,129.9529,1.000000,1.173972e-02,1,1.70834385e-03,4.182350e-13,6.687081,47.9549,4.11,
135.00,0.9788,60.0,0.5000,1.0e-03,-1,1.74532925e-03,equilibrium,1.70834385e-03,1.70834385e-03,8.682026e-14,100.0000,1,147.3998,1.000000,9.118263e-03,1,1.70834385e-03,8.519555e-13,8.701801,21.2225,4.47,
165.00,0.9788,60.0,0.5000,1.0e-03,-1,1.74532925e-03,equilibrium,1.70834385e-03,1.70834385e-03,1.068752e-13,100.0000,1,165.8624,1.000000,5.551881e-03,1,1.70834385e-03,1.102897e-12,4.839927,1.0140,4.50,
15.00,0.9859,60.0,0.5000,1.0e-03,-1,1.74532925e-03,equilibrium,1.72067232e-03,1.72067232e-03,6.301038e-16,100.0000,1,24.3979,1.000000,7.419861e-03,1,1.72067232e-03,2.646436e-15,12.106142,9.3415,7.92,
45.00,0.9859,60.0,0.5000,1.0e-03,-1,1.74532925e-03,equilibrium,1.72067232e-03,1.72067232e-03,8.821453e-15,100.0000,1,55.1504,1.000000,1.118528e-02,1,1.72067232e-03,-1.441678e-13,8.544714,39.2214,6.00,
75.00,0.9859,60.0,0.5000,1.0e-03,-1,1.74532925e-03,equilibrium,1.72067232e-03,1.72067232e-03,1.285412e-14,100.0000,1,89.9654,1.000000,8.905154e-03,1,1.72067232e-03,-9.527170e-14,5.984618,70.0633,3.89,
105.00,0.9859,60.0,0.5000,1.0e-03,-1,1.74532925e-03,equilibrium,1.72067232e-03,1.72067232e-03,3.780623e-14,100.0000,1,106.9971,1.000000,1.140258e-02,1,1.72067232e-03,4.166246e-13,6.648847,48.0911,4.26,
135.00,0.9859,60.0,0.5000,1.0e-03,-1,1.74532925e-03,equilibrium,1.72067232e-03,1.72067232e-03,9.073495e-14,100.0000,1,147.9817,1.000000,9.101543e-03,1,1.72067232e-03,8.942433e-13,8.627908,21.3096,4.40,
165.00,0.9859,60.0,0.5000,1.0e-03,-1,1.74532925e-03,equilibrium,1.72067232e-03,1.72067232e-03,1.064875e-13,100.0000,1,169.0511,1.000000,5.535083e-03,1,1.72067232e-03,1.076973e-12,4.860852,1.2907,4.39,
15.00,0.9929,60.0,0.5000,1.0e-03,-1,1.74532925e-03,equilibrium,1.73300079e-03,1.73300079e-03,1.251243e-16,100.0000,1,21.8469,1.000000,7.299444e-03,1,1.73300079e-03,1.376367e-15,12.033351,9.1656,8.18,
45.00,0.9929,60.0,0.5000,1.0e-03,-1,1.74532925e-03,equilibrium,1.73300079e-03,1.73300079e-03,1.651640e-14,100.0000,1,55.6019,1.000000,1.106768e-02,1,1.73300079e-03,-1.386377e-13,8.493245,39.2052,5.61,
75.00,0.9929,60.0,0.5000,1.0e-03,-1,1.74532925e-03,equilibrium,1.73300079e-03,1.73300079e-03,1.413904e-14,100.0000,1,90.7066,1.000000,1.237681e-02,1,1.73300079e-03,-1.116108e-13,5.937793,70.4796,4.02,
105.00,0.9929,60.0,0.5000,1.0e-03,-1,1.74532925e-03,equilibrium,1.73300079e-03,1.73300079e-03,3.991464e-14,100.0000,1,119.6890,1.000000,1.147064e-02,1,1.73300079e-03,4.215436e-13,6.611260,47.5736,4.12,
135.00,0.9929,60.0,0.5000,1.0e-03,-1,1.74532925e-03,equilibrium,1.73300079e-03,1.73300079e-03,8.596036e-14,100.0000,1,150.7489,1.000000,9.011774e-03,1,1.73300079e-03,8.602293e-13,8.554210,21.4016,4.46,
165.00,0.9929,60.0,0.5000,1.0e-03,-1,1.74532925e-03,equilibrium,1.73300079e-03,1.73300079e-03,1.098591e-13,100.0000,1,173.0233,1.000000,5.465835e-03,1,1.73300079e-03,1.102970e-12,4.921626,6.1066,4.56,
15.00,0.7659,120.0,0.5000,1.0e-03,-1,8.72664626e-04,equilibrium,6.68403126e-04,6.68403126e-04,0.000000e+00,100.0000,1,17.8087,1.000000,2.830202e-02,1,6.68403126e-04,2.757533e-15,31.641645,9.8600,21.18,
45.00,0.7659,120.0,0.5000,1.0e-03,-1,8.72664626e-04,equilibrium,6.68403126e-04,6.68403126e-04,1.330104e-14,100.0000,1,44.5431,1.000000,5.200729e-02,1,6.68403126e-04,-1.416074e-13,24.583504,35.0689,17.60,
75.00,0.7659,120.0,0.5000,1.0e-03,-1,8.72664626e-04,equilibrium,6.68403126e-04,6.68403126e-04,7.185807e-14,100.0000,1,72.2358,1.000000,6.485937e-02,1,6.68403126e-04,-6.590504e-13,17.267979,59.5143,12.41,
105.00,0.7659,120.0,0.5000,1.0e-03,-1,8.72664626e-04,equilibrium,6.68403126e-04,6.68403126e-04,1.540974e-14,100.0000,1,90.5928,1.000000,6.470620e-02,1,6.68403126e-04,-1.283064e-13,14.949182,66.9060,9.14,
135.00,0.7659,120.0,0.5000,1.0e-03,-1,8.72664626e-04,equilibrium,6.68403126e-04,6.68403126e-04,1.360924e-13,100.0000,1,128.6484,1.000000,5.357852e-02,1,6.68403126e-04,1.357193e-12,18.738224,42.6326,10.48,
165.00,0.7659,120.0,0.5000,1.0e-03,-1,8.72664626e-04,equilibrium,6.68403126e-04,6.68403126e-04,2.034086e-13,100.0000,1,172.8740,1.000000,2.220543e-02,1,6.68403126e-04,1.985099e-12,19.704650,0.3722,12.26,
15.00,0.7841,120.0,0.5000,1.0e-03,-1,8.72664626e-04,equilibrium,6.84249700e-04,6.84249700e-04,1.584512e-16,100.0000,1,25.4300,1.000000,3.379314e-02,1,6.84249700e-04,4.278184e-15,29.695593,15.0000,17.25,
45.00,0.7841,120.0,0.5000,1.0e-03,-1,8.72664626e-04,equilibrium,6.84249700e-04,6.84249700e-04,5.862696e-15,100.0000,1,38.0911,1.000000,4.418867e-02,1,6.84249700e-04,-7.779956e-14,25.120269,34.8184,13.70,
75.00,0.7841,120.0,0.5000,1.0e-03,-1,8.72664626e-04,equilibrium,6.84249700e-04,6.84249700e-04,6.068683e-14,100.0000,1,68.2602,1.000000,6.229676e-02,1,6.84249700e-04,-6.699319e-13,16.710375,60.1460,10.19,
105.00,0.7841,120.0,0.5000,1.0e-03,-1,8.72664626e-04,equilibrium,6.84249700e-04,6.84249700e-04,4.151423e-14,100.0000,1,100.1843,1.000000,6.293913e-02,1,6.84249700e-04,-3.463744e-13,14.542568,72.6763,8.24,
135.00,0.7841,120.0,0.5000,1.0e-03,-1,8.72664626e-04,equilibrium,6.84249700e-04,6.84249700e-04,1.334159e-13,100.0000,1,137.3954,1.000000,5.115219e-02,1,6.84249700e-04,1.325286e-12,18.446289,41.9062,9.35,
165.00,0.7841,120.0,0.5000,1.0e-03,-1,8.72664626e-04,equilibrium,6.84249700e-04,6.84249700e-04,1.858633e-13,100.0000,1,164.0595,1.000000,2.484860e-02,1,6.84249700e-04,1.927084e-12,24.900349,3.4021,8.82,
15.00,0.8023,120.0,0.5000,1.0e-03,-1,8.72664626e-04,equilibrium,7.00096275e-04,7.00096275e-04,3.097295e-16,100.0000,1,25.6945,1.000000,3.313929e-02,1,7.00096275e-04,3.716753e-15,28.942497,15.0000,16.38,
45.00,0.8023,120.0,0.5000,1.0e-03,-1,8.72664626e-04,equilibrium,7.00096275e-04,7.00096275e-04,9.911342e-15,100.0000,1,45.4217,1.000000,4.634334e-02,1,7.00096275e-04,-1.080956e-13,24.221820,33.0432,13.87,
75.00,0.8023,120.0,0.5000,1.0e-03,-1,8.72664626e-04,equilibrium,7.00096275e-04,7.00096275e-04,8.966668e-14,100.0000,1,81.1647,1.000000,5.979227e-02,1,7.00096275e-04,-7.704520e-13,16.171943,61.0767,10.49,
105.00,0.8023,120.0,0.5000,1.0e-03,-1,8.72664626e-04,equilibrium,7.00096275e-04,7.00096275e-04,9.446748e-15,100.0000,1,105.9363,1.000000,5.968557e-02,1,7.00096275e-04,-9.524181e-14,14.217643,67.5342,7.85,
135.00,0.8023,120.0,0.5000,1.0e-03,-1,8.72664626e-04,equilibrium,7.00096275e-04,7.00096275e-04,1.409269e-13,100.0000,1,135.5251,1.000000,4.474197e-02,1,7.00096275e-04,1.584886e-12,19.690509,33.6014,8.66,
165.00,0.8023,120.0,0.5000,1.0e-03,-1,8.72664626e-04,equilibrium,7.00096275e-04,7.00096275e-04,2.118549e-13,100.0000,1,169.7347,1.000000,2.206793e-02,1,7.00096275e-04,2.052887e-12,24.522291,1.0611,9.39,
15.00,0.8204,120.0,0.5000,1.0e-03,-1,8.72664626e-04,equilibrium,7.15942849e-04,7.15942849e-04,0.000000e+00,100.0000,1,19.9059,1.000000,2.747328e-02,1,7.15942849e-04,2.574429e-15,29.385395,10.4430,14.66,
45.00,0.8204,120.0,0.5000,1.0e-03,-1,8.72664626e-04,equilibrium,7.15942849e-04,7.15942849e-04,3.074171e-14,100.0000,1,59.8613,1.000000,5.073983e-02,1,7.15942849e-04,-3.882844e-13,20.566831,42.1354,11.03,
75.00,0.8204,120.0,0.5000,1.0e-03,-1,8.72664626e-04,equilibrium,7.15942849e-04,7.15942849e-04,5.784892e-14,100.0000,1,73.7884,1.000000,5.641327e-02,1,7.15942849e-04,-5.580452e-13,16.457663,57.7152,8.99,
105.00,0.8204,120.0,0.5000,1.0e-03,-1,8.72664626e-04,equilibrium,7.15942849e-04,7.15942849e-04,1.771813e-14,100.0000,1,103.4608,1.000000,5.763667e-02,1,7.15942849e-04,-1.293272e-13,13.867658,70.5820,6.52,
135.00,0.8204,120.0,0.5000,1.0e-03,-1,8.72664626e-04,equilibrium,7.15942849e-04,7.15942849e-04,1.462881e-13,100.0000,1,133.2188,1.000000,4.539126e-02,1,7.15942849e-04,1.445012e-12,18.444344,37.6998,7.12,
165.00,0.8204,120.0,0.5000,1.0e-03,-1,8.72664626e-04,equilibrium,7.15942849e-04,7.15942849e-04,2.304871e-13,100.0000,1,167.6264,1.000000,1.977697e-02,1,7.15942849e-04,2.161914e-12,18.670360,0.5538,9.22,
15.00,0.8386,120.0,0.5000,1.0e-03,-1,8.72664626e-04,equilibrium,7.31789423e-04,7.31789423e-04,0.000000e+00,100.0000,1,18.8741,1.000000,2.634155e-02,1,7.31789423e-04,1.926050e-15,28.783575,9.8991,13.93,
45.00,0.8386,120.0,0.5000,1.0e-03,-1,8.72664626e-04,equilibrium,7.31789423e-04,7.31789423e-04,1.437129e-14,100.0000,1,46.0434,1.000000,4.357923e-02,1,7.31789423e-04,-1.290453e-13,22.791499,33.4158,10.34,
75.00,0.8386,120.0,0.5000,1.0e-03,-1,8.72664626e-04,equilibrium,7.31789423e-04,7.31789423e-04,6.281885e-14,100.0000,1,86.0138,1.000000,5.550133e-02,1,7.31789423e-04,-7.907175e-13,14.812099,65.1952,6.35,
105.00,0.8386,120.0,0.5000,1.0e-03,-1,8.72664626e-04,equilibrium,7.31789423e-04,7.31789423e-04,1.792708e-14,100.0000,1,103.9637,1.000000,5.362042e-02,1,7.31789423e-04,7.763462e-14,14.000528,61.5813,5.78,
135.00,0.8386,120.0,0.5000,1.0e-03,-1,8.72664626e-04,equilibrium,7.31789423e-04,7.31789423e-04,1.656403e-13,100.0000,1,137.6676,1.000000,4.227006e-02,1,7.31789423e-04,1.510616e-12,18.613515,34.7127,7.86,
165.00,0.8386,120.0,0.5000,1.0e-03,-1,8.72664626e-04,equilibrium,7.31789423e-04,7.31789423e-04,1.980868e-13,100.0000,1,167.6002,1.000000,2.416813e-02,1,7.31789423e-04,1.959978e-12,23.056821,5.7848,7.64,
15.00,0.8567,120.0,0.5000,1.0e-03,-1,8.72664626e-04,equilibrium,7.47635997e-04,7.47635997e-04,1.450174e-16,100.0000,1,19.9536,1.000000,2.705468e-02,1,7.47635997e-04,3.770452e-15,27.811072,12.1362,15.61,
45.00,0.8567,120.0,0.5000,1.0e-03,-1,8.72664626e-04,equilibrium,7.47635997e-04,7.47635997e-04,5.177121e-14,100.0000,1,57.3661,1.000000,4.694712e-02,1,7.47635997e-04,-4.874034e-13,19.691687,42.0380,8.55,
75.00,0.8567,120.0,0.5000,1.0e-03,-1,8.72664626e-04,equilibrium,7.47635997e-04,7.47635997e-04,2.668320e-14,100.0000,1,78.2524,1.000000,5.364992e-02,1,7.47635997e-04,-4.525993e-13,14.154747,67.7514,5.61,
105.00,0.8567,120.0,0.5000,1.0e-03,-1,8.72664626e-04,equilibrium,7.47635997e-04,7.47635997e-04,2.508801e-14,100.0000,1,107.9963,1.000000,5.183713e-02,1,7.47635997e-04,8.323998e-14,13.660924,62.0334,5.29,
135.00,0.8567,120.0,0.5000,1.0e-03,-1,8.72664626e-04,equilibrium,7.47635997e-04,7.47635997e-04,1.679301e-13,100.0000,1,136.7104,1.000000,3.860871e-02,1,7.47635997e-04,1.600412e-12,18.930329,30.7003,6.27,
165.00,0.8567,120.0,0.5000,1.0e-03,-1,8.72664626e-04,equilibrium,7.47635997e-04,7.47635997e-04,2.270972e-13,100.0000,1,171.4498,1.000000,1.899905e-02,1,7.47635997e-04,2.253280e-12,18.973291,0.1480,8.72,
15.00,0.8749,120.0,0.5000,1.0e-03,-1,8.72664626e-04,equilibrium,7.63482572e-04,7.63482572e-04,4.260224e-16,100.0000,1,23.7818,1.000000,2.712826e-02,1,7.63482572e-04,1.988104e-15,26.987191,13.4295,12.42,
45.00,0.8749,120.0,0.5000,1.0e-03,-1,8.72664626e-04,equilibrium,7.63482572e-04,7.63482572e-04,5.396283e-15,100.0000,1,41.3389,1.000000,3.964842e-02,1,7.63482572e-04,-1.060796e-13,22.214294,32.2587,9.66,
75.00,0.8749,120.0,0.5000,1.0e-03,-1,8.72664626e-04,equilibrium,7.63482572e-04,7.63482572e-04,4.842454e-14,100.0000,1,67.6222,1.000000,5.135708e-02,1,7.63482572e-04,-4.640804e-13,14.529945,62.8786,6.12,
105.00,0.8749,120.0,0.5000,1.0e-03,-1,8.72664626e-04,equilibrium,7.63482572e-04,7.63482572e-04,1.065056e-14,100.0000,1,116.0140,1.000000,5.026871e-02,1,7.63482572e-04,6.234127e-14,13.246809,63.9519,5.14,
135.00,0.8749,120.0,0.5000,1.0e-03,-1,8.72664626e-04,equilibrium,7.63482572e-04,7.63482572e-04,1.190022e-13,100.0000,1,136.5582,1.000000,4.329084e-02,1,7.63482572e-04,1.240435e-12,16.246706,43.1855,6.67,
165.00,0.8749,120.0,0.5000,1.0e-03,-1,8.72664626e-04,equilibrium,7.63482572e-04,7.63482572e-04,1.972484e-13,100.0000,1,160.5555,1.000000,2.336860e-02,1,7.63482572e-04,1.999039e-12,21.950612,7.1949,7.08,
15.00,0.8930,120.0,0.5000,1.0e-03,-1,8.72664626e-04,equilibrium,7.79329146e-04,7.79329146e-04,2.782399e-16,100.0000,1,17.7237,1.000000,2.239594e-02,1,7.79329146e-04,3.199758e-15,27.262100,8.9651,14.44,
45.00,0.8930,120.0,0.5000,1.0e-03,-1,8.72664626e-04,equilibrium,7.79329146e-04,7.79329146e-04,2.225919e-14,100.0000,1,57.0707,1.000000,4.347120e-02,1,7.79329146e-04,-3.326358e-13,18.962461,41.6818,7.81,
75.00,0.8930,120.0,0.5000,1.0e-03,-1,8.72664626e-04,equilibrium,7.79329146e-04,7.79329146e-04,4.451838e-14,100.0000,1,85.0897,1.000000,4.973689e-02,1,7.79329146e-04,-5.228127e-13,13.297936,70.6133,5.63,
105.00,0.8930,120.0,0.5000,1.0e-03,-1,8.72664626e-04,equilibrium,7.79329146e-04,7.79329146e-04,3.644942e-14,100.0000,1,113.0891,1.000000,4.592688e-02,1,7.79329146e-04,4.015001e-13,13.924526,54.5877,4.67,
135.00,0.8930,120.0,0.5000,1.0e-03,-1,8.72664626e-04,equilibrium,7.79329146e-04,7.79329146e-04,1.683351e-13,100.0000,1,147.5935,1.000000,3.221804e-02,1,7.79329146e-04,1.719244e-12,19.191284,24.2532,5.37,
165.00,0.8930,120.0,0.5000,1.0e-03,-1,8.72664626e-04,equilibrium,7.79329146e-04,7.79329146e-04,2.192530e-13,100.0000,1,165.9615,1.000000,1.771095e-02,1,7.79329146e-04,2.252908e-12,18.159845,0.2943,6.24,
15.00,0.9112,120.0,0.5000,1.0e-03,-1,8.72664626e-04,equilibrium,7.95175720e-04,7.95175720e-04,2.726950e-16,100.0000,1,25.4467,1.000000,2.605159e-02,1,7.95175720e-04,3.817730e-15,25.736953,14.1170,11.99,
45.00,0.9112,120.0,0.5000,1.0e-03,-1,8.72664626e-04,equilibrium,7.95175720e-04,7.95175720e-04,3.095088e-14,100.0000,1,55.9674,1.000000,4.260192e-02,1,7.95175720e-04,-4.011343e-13,18.097831,43.6250,8.75,
75.00,0.9112,120.0,0.5000,1.0e-03,-1,8.72664626e-04,equilibrium,7.95175720e-04,7.95175720e-04,1.308936e-14,100.0000,1,98.4944,1.000000,4.794946e-02,1,7.95175720e-04,-2.782852e-13,12.631791,75.0000,5.81,
105.00,0.9112,120.0,0.5000,1.0e-03,-1,8.72664626e-04,equilibrium,7.95175720e-04,7.95175720e-04,7.376399e-14,100.0000,1,112.3574,1.000000,4.153947e-02,1,7.95175720e-04,8.857133e-13,14.619076,48.5097,6.10,
135.00,0.9112,120.0,0.5000,1.0e-03,-1,8.72664626e-04,equilibrium,7.95175720e-04,7.95175720e-04,1.672984e-13,100.0000,1,151.0484,1.000000,2.966160e-02,1,7.95175720e-04,1.742521e-12,19.393751,20.4112,7.22,
165.00,0.9112,120.0,0.5000,1.0e-03,-1,8.72664626e-04,equilibrium,7.95175720e-04,7.95175720e-04,2.968285e-13,100.0000,1,175.5746,1.000000,1.095534e-02,1,7.95175720e-04,2.901611e-12,0.999773,0.3254,6.12,
15.00,0.9364,120.0,0.5000,1.0e-03,-1,8.72664626e-04,equilibrium,8.17186528e-04,8.17186528e-04,1.326750e-16,100.0000,1,17.1731,1.000000,2.258552e-02,1,8.17186528e-04,3.582225e-15,25.559906,11.5146,12.84,
45.00,0.9364,120.0,0.5000,1.0e-03,-1,8.72664626e-04,equilibrium,8.17186528e-04,8.17186528e-04,4.298670e-14,100.0000,1,55.8993,1.000000,3.956093e-02,1,8.17186528e-04,-3.021010e-13,18.331699,40.8059,9.13,
75.00,0.9364,120.0,0.5000,1.0e-03,-1,8.72664626e-04,equilibrium,8.17186528e-04,8.17186528e-04,4.232332e-14,100.0000,1,86.8513,1.000000,4.565216e-02,1,8.17186528e-04,-4.784260e-13,12.665368,71.1614,7.57,
105.00,0.9364,120.0,0.5000,1.0e-03,-1,8.72664626e-04,equilibrium,8.17186528e-04,8.17186528e-04,6.779692e-14,100.0000,1,114.3080,1.000000,4.238898e-02,1,8.17186528e-04,4.838657e-13,13.333761,54.2750,6.11,
135.00,0.9364,120.0,0.5000,1.0e-03,-1,8.72664626e-04,equilibrium,8.17186528e-04,8.17186528e-04,1.901233e-13,100.0000,1,146.3084,1.000000,3.082130e-02,1,8.17186528e-04,1.789918e-12,17.991444,26.1897,6.65,
165.00,0.9364,120.0,0.5000,1.0e-03,-1,8.72664626e-04,equilibrium,8.17186528e-04,8.17186528e-04,2.136067e-13,100.0000,1,174.1221,1.000000,1.414286e-02,1,8.17186528e-04,2.141905e-12,13.197771,0.5180,6.79,
15.00,0.9435,120.0,0.5000,1.0e-03,-1,8.72664626e-04,equilibrium,8.23350761e-04,8.23350761e-04,1.316817e-16,100.0000,1,20.0644,1.000000,2.213495e-02,1,8.23350761e-04,5.135586e-15,25.464586,10.8828,10.97,
45.00,0.9435,120.0,0.5000,1.0e-03,-1,8.72664626e-04,equilibrium,8.23350761e-04,8.23350761e-04,4.569355e-14,100.0000,1,48.8726,1.000000,3.866599e-02,1,8.23350761e-04,-2.267559e-13,18.348317,40.1939,7.55,
75.00,0.9435,120.0,0.5000,1.0e-03,-1,8.72664626e-04,equilibrium,8.23350761e-04,8.23350761e-04,2.041066e-14,100.0000,1,82.2997,1.000000,4.505731e-02,1,8.23350761e-04,-4.477177e-13,12.614901,70.3063,4.90,
105.00,0.9435,120.0,0.5000,1.0e-03,-1,8.72664626e-04,equilibrium,8.23350761e-04,8.23350761e-04,6.320721e-14,100.0000,1,105.2193,1.000000,4.199799e-02,1,8.23350761e-04,5.684698e-13,13.159983,54.7738,5.48,
135.00,0.9435,120.0,0.5000,1.0e-03,-1,8.72664626e-04,equilibrium,8.23350761e-04,8.23350761e-04,1.735565e-13,100.0000,1,148.5381,1.000000,3.126654e-02,1,8.23350761e-04,1.710018e-12,17.705674,27.1916,6.13,
165.00,0.9435,120.0,0.5000,1.0e-03,-1,8.72664626e-04,equilibrium,8.23350761e-04,8.23350761e-04,2.181966e-13,100.0000,1,172.9205,1.000000,1.475763e-02,1,8.23350761e-04,2.183809e-12,13.877869,0.5409,7.68,
15.00,0.9506,120.0,0.5000,1.0e-03,-1,8.72664626e-04,equilibrium,8.29514994e-04,8.29514994e-04,2.614063e-16,100.0000,1,20.6664,1.000000,2.195136e-02,1,8.29514994e-04,3.659688e-15,25.337137,10.7335,10.81,
45.00,0.9506,120.0,0.5000,1.0e-03,-1,8.72664626e-04,equilibrium,8.29514994e-04,8.29514994e-04,2.757836e-14,100.0000,1,55.0918,1.000000,3.814585e-02,1,8.29514994e-04,-2.253322e-13,18.302388,40.0651,8.25,
75.00,0.9506,120.0,0.5000,1.0e-03,-1,8.72664626e-04,equilibrium,8.29514994e-04,8.29514994e-04,3.058454e-14,100.0000,1,73.2888,1.000000,4.444188e-02,1,8.29514994e-04,-4.285756e-13,12.539081,70.1027,4.84,
105.00,0.9506,120.0,0.5000,1.0e-03,-1,8.72664626e-04,equilibrium,8.29514994e-04,8.29514994e-04,3.346000e-14,100.0000,1,120.5188,1.000000,4.122643e-02,1,8.29514994e-04,5.345759e-13,13.031663,55.0026,5.72,
135.00,0.9506,120.0,0.5000,1.0e-03,-1,8.72664626e-04,equilibrium,8.29514994e-04,8.29514994e-04,1.641631e-13,100.0000,1,145.4615,1.000000,3.112900e-02,1,8.29514994e-04,1.716524e-12,17.481606,27.7564,14.83,
165.00,0.9506,120.0,0.5000,1.0e-03,-1,8.72664626e-04,equilibrium,8.29514994e-04,8.29514994e-04,2.232410e-13,100.0000,1,167.9923,1.000000,1.504147e-02,1,8.29514994e-04,2.222346e-12,14.459156,0.6138,12.02,
15.00,0.9576,120.0,0.5000,1.0e-03,-1,8.72664626e-04,equilibrium,8.35679227e-04,8.35679227e-04,0.000000e+00,100.0000,1,20.7860,1.000000,2.140066e-02,1,8.35679227e-04,3.632693e-15,25.195716,10.2667,18.75,
45.00,0.9576,120.0,0.5000,1.0e-03,-1,8.72664626e-04,equilibrium,8.35679227e-04,8.35679227e-04,3.632693e-14,100.0000,1,52.5690,1.000000,3.749459e-02,1,8.35679227e-04,-2.352169e-13,18.227698,39.5799,13.41,
75.00,0.9576,120.0,0.5000,1.0e-03,-1,8.72664626e-04,equilibrium,8.35679227e-04,8.35679227e-04,7.732447e-14,100.0000,1,90.9863,1.000000,4.383881e-02,1,8.35679227e-04,-6.887845e-13,12.452385,69.7664,9.35,
105.00,0.9576,120.0,0.5000,1.0e-03,-1,8.72664626e-04,equilibrium,8.35679227e-04,8.35679227e-04,6.370187e-14,100.0000,1,112.7670,1.000000,4.035332e-02,1,8.35679227e-04,5.424389e-13,12.923873,55.1339,8.72,
135.00,0.9576,120.0,0.5000,1.0e-03,-1,8.72664626e-04,equilibrium,8.35679227e-04,8.35679227e-04,1.611359e-13,100.0000,1,136.2206,1.000000,3.088799e-02,1,8.35679227e-04,1.667147e-12,17.289053,28.1091,9.80,
165.00,0.9576,120.0,0.5000,1.0e-03,-1,8.72664626e-04,equilibrium,8.35679227e-04,8.35679227e-04,2.317139e-13,100.0000,1,166.9372,1.000000,1.452981e-02,1,8.35679227e-04,2.247988e-12,14.939381,1.3763,11.61,
15.00,0.9647,120.0,0.5000,1.0e-03,-1,8.72664626e-04,equilibrium,8.41843460e-04,8.41843460e-04,2.575781e-16,100.0000,1,21.0035,1.000000,2.106948e-02,1,8.41843460e-04,4.507617e-15,25.046218,10.1028,17.26,
45.00,0.9647,120.0,0.5000,1.0e-03,-1,8.72664626e-04,equilibrium,8.41843460e-04,8.41843460e-04,3.451546e-14,100.0000,1,49.5209,1.000000,3.694275e-02,1,8.41843460e-04,-2.690403e-13,18.138095,39.3916,14.12,
75.00,0.9647,120.0,0.5000,1.0e-03,-1,8.72664626e-04,equilibrium,8.41843460e-04,8.41843460e-04,4.881105e-14,100.0000,1,73.7222,1.000000,4.328701e-02,1,8.41843460e-04,-4.350494e-13,12.359865,69.9026,9.83,
105.00,0.9647,120.0,0.5000,1.0e-03,-1,8.72664626e-04,equilibrium,8.41843460e-04,8.41843460e-04,4.533374e-14,100.0000,1,120.5372,1.000000,4.036924e-02,1,8.41843460e-04,5.222396e-13,12.827581,55.0955,8.83,
135.00,0.9647,120.0,0.5000,1.0e-03,-1,8.72664626e-04,equilibrium,8.41843460e-04,8.41843460e-04,1.747667e-13,100.0000,1,143.0765,1.000000,3.069536e-02,1,8.41843460e-04,1.725129e-12,17.114386,28.4019,9.27,
165.00,0.9647,120.0,0.5000,1.0e-03,-1,8.72664626e-04,equilibrium,8.41843460e-04,8.41843460e-04,2.246081e-13,100.0000,1,173.4638,1.000000,1.501657e-02,1,8.41843460e-04,2.263983e-12,15.386770,0.6596,11.57,
15.00,0.9717,120.0,0.5000,1.0e-03,-1,8.72664626e-04,equilibrium,8.48007693e-04,8.48007693e-04,3.835586e-16,100.0000,1,19.3675,1.000000,2.058878e-02,1,8.48007693e-04,3.707733e-15,24.892593,9.9732,16.68,
45.00,0.9717,120.0,0.5000,1.0e-03,-1,8.72664626e-04,equilibrium,8.48007693e-04,8.48007693e-04,3.388101e-14,100.0000,1,45.0752,1.000000,3.646077e-02,1,8.48007693e-04,-2.516144e-13,18.039899,39.2787,12.01,
75.00,0.9717,120.0,0.5000,1.0e-03,-1,8.72664626e-04,equilibrium,8.48007693e-04,8.48007693e-04,2.787193e-14,100.0000,1,80.0447,1.000000,4.272369e-02,1,8.48007693e-04,-4.055493e-13,12.264285,69.8557,7.86,
105.00,0.9717,120.0,0.5000,1.0e-03,-1,8.72664626e-04,equilibrium,8.48007693e-04,8.48007693e-04,4.730556e-14,100.0000,1,110.3346,1.000000,3.959890e-02,1,8.48007693e-04,5.300780e-13,12.738417,55.0157,7.91,
135.00,0.9717,120.0,0.5000,1.0e-03,-1,8.72664626e-04,equilibrium,8.48007693e-04,8.48007693e-04,1.837246e-13,100.0000,1,145.3782,1.000000,2.901943e-02,1,8.48007693e-04,1.737265e-12,16.952534,28.6585,8.94,
165.00,0.9717,120.0,0.5000,1.0e-03,-1,8.72664626e-04,equilibrium,8.48007693e-04,8.48007693e-04,2.251489e-13,100.0000,1,166.2868,1.000000,1.526137e-02,1,8.48007693e-04,2.259288e-12,15.799274,0.4241,10.29,
15.00,0.9788,120.0,0.5000,1.0e-03,-1,8.72664626e-04,equilibrium,8.54171927e-04,8.54171927e-04,3.807906e-16,100.0000,1,20.6612,1.000000,1.949843e-02,1,8.54171927e-04,5.838789e-15,24.736281,10.6332,16.00,
45.00,0.9788,120.0,0.5000,1.0e-03,-1,8.72664626e-04,equilibrium,8.54171927e-04,8.54171927e-04,2.817851e-14,100.0000,1,54.8985,1.000000,3.595588e-02,1,8.54171927e-04,-2.725191e-13,17.935909,39.3138,11.86,
75.00,0.9788,120.0,0.5000,1.0e-03,-1,8.72664626e-04,equilibrium,8.54171927e-04,8.54171927e-04,5.788017e-14,100.0000,1,94.4089,1.000000,4.213968e-02,1,8.54171927e-04,-5.720744e-13,12.167044,69.9168,8.26,
105.00,0.9788,120.0,0.5000,1.0e-03,-1,8.72664626e-04,equilibrium,8.54171927e-04,8.54171927e-04,2.475139e-14,100.0000,1,112.2463,1.000000,3.875780e-02,1,8.54171927e-04,4.261047e-13,12.654183,55.1693,7.83,
135.00,0.9788,120.0,0.5000,1.0e-03,-1,8.72664626e-04,equilibrium,8.54171927e-04,8.54171927e-04,1.803678e-13,100.0000,1,134.5791,1.000000,3.006559e-02,1,8.54171927e-04,1.788574e-12,16.799767,28.8145,8.45,
165.00,0.9788,120.0,0.5000,1.0e-03,-1,8.72664626e-04,equilibrium,8.54171927e-04,8.54171927e-04,2.259358e-13,100.0000,1,172.8079,1.000000,1.518480e-02,1,8.54171927e-04,2.315588e-12,16.246879,0.1276,10.16,
15.00,0.9859,120.0,0.5000,1.0e-03,-1,8.72664626e-04,equilibrium,8.60336160e-04,8.60336160e-04,1.260208e-16,100.0000,1,15.5521,1.000000,2.003169e-02,1,8.60336160e-04,3.528581e-15,24.578784,9.6075,16.64,
45.00,0.9859,120.0,0.5000,1.0e-03,-1,8.72664626e-04,equilibrium,8.60336160e-04,8.60336160e-04,4.624962e-14,100.0000,1,48.6130,1.000000,3.549848e-02,1,8.60336160e-04,-3.122794e-13,17.828177,38.9773,13.27,
75.00,0.9859,120.0,0.5000,1.0e-03,-1,8.72664626e-04,equilibrium,8.60336160e-04,8.60336160e-04,2.268374e-14,100.0000,1,72.8322,1.000000,4.160963e-02,1,8.60336160e-04,-3.355933e-13,12.069314,70.0444,8.83,
105.00,0.9859,120.0,0.5000,1.0e-03,-1,8.72664626e-04,equilibrium,8.60336160e-04,8.60336160e-04,5.418893e-14,100.0000,1,112.7385,1.000000,3.864991e-02,1,8.60336160e-04,5.434015e-13,12.573962,54.8522,7.98,
135.00,0.9859,120.0,0.5000,1.0e-03,-1,8.72664626e-04,equilibrium,8.60336160e-04,8.60336160e-04,1.678597e-13,100.0000,1,142.3224,1.000000,2.971083e-02,1,8.60336160e-04,1.752697e-12,16.653983,28.9613,8.45,
165.00,0.9859,120.0,0.5000,1.0e-03,-1,8.72664626e-04,equilibrium,8.60336160e-04,8.60336160e-04,2.205363e-13,100.0000,1,168.1450,1.000000,1.519159e-02,1,8.60336160e-04,2.315379e-12,16.718535,0.5151,9.85,
15.00,0.9929,120.0,0.5000,1.0e-03,-1,8.72664626e-04,equilibrium,8.66500393e-04,8.66500393e-04,1.251243e-16,100.0000,1,17.6136,1.000000,1.977143e-02,1,8.66500393e-04,5.004970e-15,24.421413,9.3071,15.02,
45.00,0.9929,120.0,0.5000,1.0e-03,-1,8.72664626e-04,equilibrium,8.66500393e-04,8.66500393e-04,2.027013e-14,100.0000,1,45.3293,1.000000,3.500205e-02,1,8.66500393e-04,-1.443934e-13,17.718793,39.0577,10.61,
75.00,0.9929,120.0,0.5000,1.0e-03,-1,8.72664626e-04,equilibrium,8.66500393e-04,8.66500393e-04,6.143601e-14,100.0000,1,90.6819,1.000000,3.581272e-02,1,8.66500393e-04,-5.743203e-13,11.971582,70.3111,7.17,
105.00,0.9929,120.0,0.5000,1.0e-03,-1,8.72664626e-04,equilibrium,8.66500393e-04,8.66500393e-04,5.505467e-14,100.0000,1,125.2063,1.000000,3.827908e-02,1,8.66500393e-04,5.455418e-13,12.496716,54.7583,6.85,
135.00,0.9929,120.0,0.5000,1.0e-03,-1,8.72664626e-04,equilibrium,8.66500393e-04,8.66500393e-04,1.699187e-13,100.0000,1,142.3856,1.000000,2.948024e-02,1,8.66500393e-04,1.721209e-12,16.513797,29.0873,7.61,
165.00,0.9929,120.0,0.5000,1.0e-03,-1,8.72664626e-04,equilibrium,8.66500393e-04,8.66500393e-04,2.272256e-13,100.0000,1,170.6527,1.000000,1.510446e-02,1,8.66500393e-04,2.273383e-12,17.192722,0.3746,8.69,
15.00,0.7659,20.0,1.0000,1.0e-03,-1,5.23598776e-03,error,NaN,NaN,NaN,NaN,0,NaN,NaN,NaN,0,4.01041876e-03,NaN,NaN,NaN,0.02,DomainError with -2.053075702815321e-15: sqrt was called wit
45.00,0.7659,20.0,1.0000,1.0e-03,-1,5.23598776e-03,error,NaN,NaN,NaN,NaN,0,NaN,NaN,NaN,0,4.01041876e-03,NaN,NaN,NaN,0.02,DomainError with -1.964349983495765e-9: sqrt was called with
75.00,0.7659,20.0,1.0000,1.0e-03,-1,5.23598776e-03,error,NaN,NaN,NaN,NaN,0,NaN,NaN,NaN,0,4.01041876e-03,NaN,NaN,NaN,0.01,DomainError with -1.0595513087826296e-9: sqrt was called wit
105.00,0.7659,20.0,1.0000,1.0e-03,-1,5.23598776e-03,error,NaN,NaN,NaN,NaN,0,NaN,NaN,NaN,0,4.01041876e-03,NaN,NaN,NaN,0.02,DomainError with -5.991490823549516e-11: sqrt was called wit
135.00,0.7659,20.0,1.0000,1.0e-03,-1,5.23598776e-03,equilibrium,4.01041876e-03,4.01041876e-03,7.569698e-15,100.0000,1,131.4361,1.000000,2.493182e-03,1,4.01041876e-03,6.855984e-14,3.789406,6.9844,5.81,
165.00,0.7659,20.0,1.0000,1.0e-03,-1,5.23598776e-03,error,NaN,NaN,NaN,NaN,0,NaN,NaN,NaN,0,4.01041876e-03,NaN,NaN,NaN,0.04,DomainError with -6.159227108445964e-15: sqrt was called wit
15.00,0.7841,20.0,1.0000,1.0e-03,-1,5.23598776e-03,equilibrium,4.10549820e-03,4.10549820e-03,4.225367e-16,100.0000,1,20.5525,1.000000,2.480101e-03,1,4.10549820e-03,2.112683e-15,4.751294,9.7317,5.66,
45.00,0.7841,20.0,1.0000,1.0e-03,-1,5.23598776e-03,error,NaN,NaN,NaN,NaN,0,NaN,NaN,NaN,0,4.10549820e-03,NaN,NaN,NaN,0.01,DomainError with -3.9068593472585597e-10: sqrt was called wi
75.00,0.7841,20.0,1.0000,1.0e-03,-1,5.23598776e-03,error,NaN,NaN,NaN,NaN,0,NaN,NaN,NaN,0,4.10549820e-03,NaN,NaN,NaN,0.03,DomainError with -6.031156246343134e-10: sqrt was called wit
105.00,0.7841,20.0,1.0000,1.0e-03,-1,5.23598776e-03,error,NaN,NaN,NaN,NaN,0,NaN,NaN,NaN,0,4.10549820e-03,NaN,NaN,NaN,0.02,DomainError with -3.2706707267535204e-9: sqrt was called wit
135.00,0.7841,20.0,1.0000,1.0e-03,-1,5.23598776e-03,error,NaN,NaN,NaN,NaN,0,NaN,NaN,NaN,0,4.10549820e-03,NaN,NaN,NaN,0.02,DomainError with -8.212302811261287e-15: sqrt was called wit
165.00,0.7841,20.0,1.0000,1.0e-03,-1,5.23598776e-03,error,NaN,NaN,NaN,NaN,0,NaN,NaN,NaN,0,4.10549820e-03,NaN,NaN,NaN,0.03,DomainError with -8.907868439978616e-9: sqrt was called with
15.00,0.8023,20.0,1.0000,1.0e-03,-1,5.23598776e-03,equilibrium,4.20057765e-03,4.20057765e-03,8.259452e-16,100.0000,1,34.1372,1.000000,2.415763e-03,1,4.20057765e-03,-8.259452e-16,4.634016,9.8629,4.61,
45.00,0.8023,20.0,1.0000,1.0e-03,-1,5.23598776e-03,error,NaN,NaN,NaN,NaN,0,NaN,NaN,NaN,0,4.20057765e-03,NaN,NaN,NaN,0.01,DomainError with -1.9480198191271725e-10: sqrt was called wi
75.00,0.8023,20.0,1.0000,1.0e-03,-1,5.23598776e-03,error,NaN,NaN,NaN,NaN,0,NaN,NaN,NaN,0,4.20057765e-03,NaN,NaN,NaN,0.01,DomainError with -4.4971802041216166e-10: sqrt was called wi
105.00,0.8023,20.0,1.0000,1.0e-03,-1,5.23598776e-03,error,NaN,NaN,NaN,NaN,0,NaN,NaN,NaN,0,4.20057765e-03,NaN,NaN,NaN,0.02,DomainError with -1.4483319893102599e-9: sqrt was called wit
135.00,0.8023,20.0,1.0000,1.0e-03,-1,5.23598776e-03,error,NaN,NaN,NaN,NaN,0,NaN,NaN,NaN,0,4.20057765e-03,NaN,NaN,NaN,0.01,DomainError with -4.106151405630643e-15: sqrt was called wit
165.00,0.8023,20.0,1.0000,1.0e-03,-1,5.23598776e-03,error,NaN,NaN,NaN,NaN,0,NaN,NaN,NaN,0,4.20057765e-03,NaN,NaN,NaN,0.02,DomainError with -2.053075702815321e-15: sqrt was called wit
15.00,0.8204,20.0,1.0000,1.0e-03,-1,5.23598776e-03,error,NaN,NaN,NaN,NaN,0,NaN,NaN,NaN,0,4.29565709e-03,NaN,NaN,NaN,0.01,DomainError with -2.053075702815321e-15: sqrt was called wit
45.00,0.8204,20.0,1.0000,1.0e-03,-1,5.23598776e-03,error,NaN,NaN,NaN,NaN,0,NaN,NaN,NaN,0,4.29565709e-03,NaN,NaN,NaN,0.03,DomainError with -7.13639550309127e-8: sqrt was called with 
75.00,0.8204,20.0,1.0000,1.0e-03,-1,5.23598776e-03,error,NaN,NaN,NaN,NaN,0,NaN,NaN,NaN,0,4.29565709e-03,NaN,NaN,NaN,0.02,DomainError with -9.056096394899744e-10: sqrt was called wit
105.00,0.8204,20.0,1.0000,1.0e-03,-1,5.23598776e-03,error,NaN,NaN,NaN,NaN,0,NaN,NaN,NaN,0,4.29565709e-03,NaN,NaN,NaN,0.00,DomainError with -1.4800396904706354e-9: sqrt was called wit
135.00,0.8204,20.0,1.0000,1.0e-03,-1,5.23598776e-03,error,NaN,NaN,NaN,NaN,0,NaN,NaN,NaN,0,4.29565709e-03,NaN,NaN,NaN,0.04,DomainError with -4.106151405630643e-15: sqrt was called wit
165.00,0.8204,20.0,1.0000,1.0e-03,-1,5.23598776e-03,error,NaN,NaN,NaN,NaN,0,NaN,NaN,NaN,0,4.29565709e-03,NaN,NaN,NaN,0.00,DomainError with -1.2404506842000998e-8: sqrt was called wit
15.00,0.8386,20.0,1.0000,1.0e-03,-1,5.23598776e-03,error,NaN,NaN,NaN,NaN,0,NaN,NaN,NaN,0,4.39073654e-03,NaN,NaN,NaN,0.02,DomainError with -2.053075702815321e-15: sqrt was called wit
45.00,0.8386,20.0,1.0000,1.0e-03,-1,5.23598776e-03,error,NaN,NaN,NaN,NaN,0,NaN,NaN,NaN,0,4.39073654e-03,NaN,NaN,NaN,0.02,DomainError with -6.862551746566611e-8: sqrt was called with
75.00,0.8386,20.0,1.0000,1.0e-03,-1,5.23598776e-03,error,NaN,NaN,NaN,NaN,0,NaN,NaN,NaN,0,4.39073654e-03,NaN,NaN,NaN,0.00,DomainError with -1.816766689442945e-10: sqrt was called wit
105.00,0.8386,20.0,1.0000,1.0e-03,-1,5.23598776e-03,error,NaN,NaN,NaN,NaN,0,NaN,NaN,NaN,0,4.39073654e-03,NaN,NaN,NaN,0.01,DomainError with -2.150966352355928e-10: sqrt was called wit
135.00,0.8386,20.0,1.0000,1.0e-03,-1,5.23598776e-03,equilibrium,4.39073654e-03,4.39073654e-03,3.555784e-15,100.0000,1,142.3824,1.000000,2.240840e-03,1,4.39073654e-03,3.970626e-14,3.558988,1.4181,6.37,
165.00,0.8386,20.0,1.0000,1.0e-03,-1,5.23598776e-03,error,NaN,NaN,NaN,NaN,0,NaN,NaN,NaN,0,4.39073654e-03,NaN,NaN,NaN,0.01,DomainError with -4.5322487914171164e-9: sqrt was called wit
15.00,0.8567,20.0,1.0000,1.0e-03,-1,5.23598776e-03,equilibrium,4.48581598e-03,4.48581598e-03,9.667826e-16,100.0000,1,30.6646,1.000000,2.234201e-03,1,4.48581598e-03,7.734261e-16,4.312907,9.2362,4.79,
45.00,0.8567,20.0,1.0000,1.0e-03,-1,5.23598776e-03,error,NaN,NaN,NaN,NaN,0,NaN,NaN,NaN,0,4.48581598e-03,NaN,NaN,NaN,0.01,DomainError with -3.843254045043794e-8: sqrt was called with
75.00,0.8567,20.0,1.0000,1.0e-03,-1,5.23598776e-03,error,NaN,NaN,NaN,NaN,0,NaN,NaN,NaN,0,4.48581598e-03,NaN,NaN,NaN,0.01,DomainError with -6.572675493762509e-10: sqrt was called wit
105.00,0.8567,20.0,1.0000,1.0e-03,-1,5.23598776e-03,error,NaN,NaN,NaN,NaN,0,NaN,NaN,NaN,0,4.48581598e-03,NaN,NaN,NaN,0.02,DomainError with -1.0585165586282667e-9: sqrt was called wit
135.00,0.8567,20.0,1.0000,1.0e-03,-1,5.23598776e-03,equilibrium,4.48581598e-03,4.48581598e-03,3.867130e-15,100.0000,1,136.5280,1.000000,2.148939e-03,1,4.48581598e-03,4.601885e-14,3.089414,0.5466,7.44,
165.00,0.8567,20.0,1.0000,1.0e-03,-1,5.23598776e-03,equilibrium,4.48581598e-03,4.48581598e-03,3.480417e-15,100.0000,1,157.7196,1.000000,1.848462e-03,1,4.48581598e-03,2.997026e-14,0.419576,0.3235,7.78,
15.00,0.8749,20.0,1.0000,1.0e-03,-1,5.23598776e-03,equilibrium,4.58089543e-03,4.58089543e-03,3.786865e-16,100.0000,1,31.6235,1.000000,2.176417e-03,1,4.58089543e-03,-3.786865e-16,4.213048,9.7245,5.52,
45.00,0.8749,20.0,1.0000,1.0e-03,-1,5.23598776e-03,error,NaN,NaN,NaN,NaN,0,NaN,NaN,NaN,0,4.58089543e-03,NaN,NaN,NaN,0.02,DomainError with -1.8677232094249075e-8: sqrt was called wit
75.00,0.8749,20.0,1.0000,1.0e-03,-1,5.23598776e-03,error,NaN,NaN,NaN,NaN,0,NaN,NaN,NaN,0,4.58089543e-03,NaN,NaN,NaN,0.01,DomainError with -9.229601822062196e-11: sqrt was called wit
105.00,0.8749,20.0,1.0000,1.0e-03,-1,5.23598776e-03,error,NaN,NaN,NaN,NaN,0,NaN,NaN,NaN,0,4.58089543e-03,NaN,NaN,NaN,0.03,DomainError with -4.706101187652726e-10: sqrt was called wit
135.00,0.8749,20.0,1.0000,1.0e-03,-1,5.23598776e-03,equilibrium,4.58089543e-03,4.58089543e-03,3.597522e-15,100.0000,1,140.6085,1.000000,2.088331e-03,1,4.58089543e-03,4.203421e-14,2.159162,0.5234,7.94,
165.00,0.8749,20.0,1.0000,1.0e-03,-1,5.23598776e-03,error,NaN,NaN,NaN,NaN,0,NaN,NaN,NaN,0,4.58089543e-03,NaN,NaN,NaN,0.02,DomainError with -2.771317547965309e-9: sqrt was called with
15.00,0.8930,20.0,1.0000,1.0e-03,-1,5.23598776e-03,equilibrium,4.67597488e-03,4.67597488e-03,7.419730e-16,100.0000,1,16.7997,1.000000,2.124096e-03,1,4.67597488e-03,-1.854932e-15,4.110526,9.0236,5.54,
45.00,0.8930,20.0,1.0000,1.0e-03,-1,5.23598776e-03,error,NaN,NaN,NaN,NaN,0,NaN,NaN,NaN,0,4.67597488e-03,NaN,NaN,NaN,0.00,DomainError with -4.3611060544281414e-8: sqrt was called wit
75.00,0.8930,20.0,1.0000,1.0e-03,-1,5.23598776e-03,error,NaN,NaN,NaN,NaN,0,NaN,NaN,NaN,0,4.67597488e-03,NaN,NaN,NaN,0.02,DomainError with -6.434339252650394e-11: sqrt was called wit
105.00,0.8930,20.0,1.0000,1.0e-03,-1,5.23598776e-03,error,NaN,NaN,NaN,NaN,0,NaN,NaN,NaN,0,4.67597488e-03,NaN,NaN,NaN,0.03,DomainError with -2.2294143749627572e-10: sqrt was called wi
135.00,0.8930,20.0,1.0000,1.0e-03,-1,5.23598776e-03,equilibrium,4.67597488e-03,4.67597488e-03,4.266345e-15,100.0000,1,147.2343,1.000000,2.033643e-03,1,4.67597488e-03,4.025203e-14,1.680813,0.6067,7.93,
165.00,0.8930,20.0,1.0000,1.0e-03,-1,5.23598776e-03,error,NaN,NaN,NaN,NaN,0,NaN,NaN,NaN,0,4.67597488e-03,NaN,NaN,NaN,0.02,DomainError with -4.899049242215476e-10: sqrt was called wit
15.00,0.9112,20.0,1.0000,1.0e-03,-1,5.23598776e-03,equilibrium,4.77105432e-03,4.77105432e-03,0.000000e+00,100.0000,1,24.2733,1.000000,2.090250e-03,1,4.77105432e-03,0.000000e+00,4.001659,8.6633,4.71,
45.00,0.9112,20.0,1.0000,1.0e-03,-1,5.23598776e-03,error,NaN,NaN,NaN,NaN,0,NaN,NaN,NaN,0,4.77105432e-03,NaN,NaN,NaN,0.01,DomainError with -1.3334346882452897e-8: sqrt was called wit
75.00,0.9112,20.0,1.0000,1.0e-03,-1,5.23598776e-03,error,NaN,NaN,NaN,NaN,0,NaN,NaN,NaN,0,4.77105432e-03,NaN,NaN,NaN,0.01,DomainError with -3.6466730633493025e-11: sqrt was called wi
105.00,0.9112,20.0,1.0000,1.0e-03,-1,5.23598776e-03,error,NaN,NaN,NaN,NaN,0,NaN,NaN,NaN,0,4.77105432e-03,NaN,NaN,NaN,0.01,DomainError with -2.41811256281427e-10: sqrt was called with
135.00,0.9112,20.0,1.0000,1.0e-03,-1,5.23598776e-03,error,NaN,NaN,NaN,NaN,0,NaN,NaN,NaN,0,4.77105432e-03,NaN,NaN,NaN,0.03,DomainError with -6.159227108445964e-15: sqrt was called wit
165.00,0.9112,20.0,1.0000,1.0e-03,-1,5.23598776e-03,error,NaN,NaN,NaN,NaN,0,NaN,NaN,NaN,0,4.77105432e-03,NaN,NaN,NaN,0.02,DomainError with -1.6939927623948047e-11: sqrt was called wi
15.00,0.9364,20.0,1.0000,1.0e-03,-1,5.23598776e-03,equilibrium,4.90311917e-03,4.90311917e-03,0.000000e+00,100.0000,1,21.0882,1.000000,1.981009e-03,1,4.90311917e-03,1.769000e-16,4.002167,5.0775,5.03,
45.00,0.9364,20.0,1.0000,1.0e-03,-1,5.23598776e-03,error,NaN,NaN,NaN,NaN,0,NaN,NaN,NaN,0,4.90311917e-03,NaN,NaN,NaN,0.01,DomainError with -2.854922285659098e-8: sqrt was called with
75.00,0.9364,20.0,1.0000,1.0e-03,-1,5.23598776e-03,error,NaN,NaN,NaN,NaN,0,NaN,NaN,NaN,0,4.90311917e-03,NaN,NaN,NaN,0.00,DomainError with -1.1743593020112688e-11: sqrt was called wi
105.00,0.9364,20.0,1.0000,1.0e-03,-1,5.23598776e-03,error,NaN,NaN,NaN,NaN,0,NaN,NaN,NaN,0,4.90311917e-03,NaN,NaN,NaN,0.02,DomainError with -3.3645804617811786e-11: sqrt was called wi
135.00,0.9364,20.0,1.0000,1.0e-03,-1,5.23598776e-03,equilibrium,4.90311917e-03,4.90311917e-03,0.000000e+00,100.0000,1,159.9041,1.000000,1.922154e-03,1,4.90311917e-03,3.538000e-16,1.248550,0.4384,6.82,
165.00,0.9364,20.0,1.0000,1.0e-03,-1,5.23598776e-03,error,NaN,NaN,NaN,NaN,0,NaN,NaN,NaN,0,4.90311917e-03,NaN,NaN,NaN,0.01,DomainError with -1.880617343779066e-12: sqrt was called wit
15.00,0.9435,20.0,1.0000,1.0e-03,-1,5.23598776e-03,equilibrium,4.94010456e-03,4.94010456e-03,0.000000e+00,100.0000,1,36.6393,1.000000,1.963195e-03,1,4.94010456e-03,1.755756e-16,3.926303,8.3216,4.82,
45.00,0.9435,20.0,1.0000,1.0e-03,-1,5.23598776e-03,error,NaN,NaN,NaN,NaN,0,NaN,NaN,NaN,0,4.94010456e-03,NaN,NaN,NaN,0.01,DomainError with -5.669003959615982e-9: sqrt was called with
75.00,0.9435,20.0,1.0000,1.0e-03,-1,5.23598776e-03,error,NaN,NaN,NaN,NaN,0,NaN,NaN,NaN,0,4.94010456e-03,NaN,NaN,NaN,0.01,DomainError with -4.475705032138714e-12: sqrt was called wit
105.00,0.9435,20.0,1.0000,1.0e-03,-1,5.23598776e-03,error,NaN,NaN,NaN,NaN,0,NaN,NaN,NaN,0,4.94010456e-03,NaN,NaN,NaN,0.01,DomainError with -4.03983706044042e-11: sqrt was called with
135.00,0.9435,20.0,1.0000,1.0e-03,-1,5.23598776e-03,equilibrium,4.94010456e-03,4.94010456e-03,0.000000e+00,100.0000,1,137.8129,1.000000,1.918493e-03,1,4.94010456e-03,1.755756e-16,1.189248,0.5674,6.77,
165.00,0.9435,20.0,1.0000,1.0e-03,-1,5.23598776e-03,error,NaN,NaN,NaN,NaN,0,NaN,NaN,NaN,0,4.94010456e-03,NaN,NaN,NaN,0.01,DomainError with -1.9709526747027335e-13: sqrt was called wi
15.00,0.9506,20.0,1.0000,1.0e-03,-1,5.23598776e-03,equilibrium,4.97708996e-03,4.97708996e-03,0.000000e+00,100.0000,1,38.2851,1.000000,1.947662e-03,1,4.97708996e-03,0.000000e+00,3.885045,8.5111,4.76,
45.00,0.9506,20.0,1.0000,1.0e-03,-1,5.23598776e-03,error,NaN,NaN,NaN,NaN,0,NaN,NaN,NaN,0,4.97708996e-03,NaN,NaN,NaN,0.00,DomainError with -1.549345368402616e-8: sqrt was called with
75.00,0.9506,20.0,1.0000,1.0e-03,-1,5.23598776e-03,error,NaN,NaN,NaN,NaN,0,NaN,NaN,NaN,0,4.97708996e-03,NaN,NaN,NaN,0.02,DomainError with -1.17002731228641e-10: sqrt was called with
105.00,0.9506,20.0,1.0000,1.0e-03,-1,5.23598776e-03,error,NaN,NaN,NaN,NaN,0,NaN,NaN,NaN,0,4.97708996e-03,NaN,NaN,NaN,0.00,DomainError with -7.895923845498371e-11: sqrt was called wit
135.00,0.9506,20.0,1.0000,1.0e-03,-1,5.23598776e-03,error,NaN,NaN,NaN,NaN,0,NaN,NaN,NaN,0,4.97708996e-03,NaN,NaN,NaN,0.01,DomainError with -2.053075702815321e-15: sqrt was called wit
165.00,0.9506,20.0,1.0000,1.0e-03,-1,5.23598776e-03,equilibrium,4.97708996e-03,4.97708996e-03,0.000000e+00,100.0000,1,163.9520,1.000000,1.579319e-03,1,4.97708996e-03,0.000000e+00,0.310302,1.0672,6.61,
15.00,0.9576,20.0,1.0000,1.0e-03,-1,5.23598776e-03,equilibrium,5.01407536e-03,5.01407536e-03,0.000000e+00,100.0000,1,15.6481,1.000000,1.927447e-03,1,5.01407536e-03,3.459708e-16,3.849164,8.3546,4.69,
45.00,0.9576,20.0,1.0000,1.0e-03,-1,5.23598776e-03,error,NaN,NaN,NaN,NaN,0,NaN,NaN,NaN,0,5.01407536e-03,NaN,NaN,NaN,0.02,DomainError with -2.6728341796853603e-8: sqrt was called wit
75.00,0.9576,20.0,1.0000,1.0e-03,-1,5.23598776e-03,error,NaN,NaN,NaN,NaN,0,NaN,NaN,NaN,0,5.01407536e-03,NaN,NaN,NaN,0.00,DomainError with -7.12609026480924e-9: sqrt was called with 
105.00,0.9576,20.0,1.0000,1.0e-03,-1,5.23598776e-03,error,NaN,NaN,NaN,NaN,0,NaN,NaN,NaN,0,5.01407536e-03,NaN,NaN,NaN,0.01,DomainError with -5.8861680399737986e-12: sqrt was called wi
135.00,0.9576,20.0,1.0000,1.0e-03,-1,5.23598776e-03,error,NaN,NaN,NaN,NaN,0,NaN,NaN,NaN,0,5.01407536e-03,NaN,NaN,NaN,0.01,DomainError with -2.053075702815321e-15: sqrt was called wit
165.00,0.9576,20.0,1.0000,1.0e-03,-1,5.23598776e-03,equilibrium,5.01407536e-03,5.01407536e-03,0.000000e+00,100.0000,1,163.9018,1.000000,1.626657e-03,1,5.01407536e-03,3.459708e-16,0.309665,0.7568,7.05,
15.00,0.9647,20.0,1.0000,1.0e-03,-1,5.23598776e-03,error,NaN,NaN,NaN,NaN,0,NaN,NaN,NaN,0,5.05106076e-03,NaN,NaN,NaN,0.01,DomainError with -3.8509540957804326e-11: sqrt was called wi
45.00,0.9647,20.0,1.0000,1.0e-03,-1,5.23598776e-03,error,NaN,NaN,NaN,NaN,0,NaN,NaN,NaN,0,5.05106076e-03,NaN,NaN,NaN,0.01,DomainError with -2.5694125438758264e-8: sqrt was called wit
75.00,0.9647,20.0,1.0000,1.0e-03,-1,5.23598776e-03,error,NaN,NaN,NaN,NaN,0,NaN,NaN,NaN,0,5.05106076e-03,NaN,NaN,NaN,0.00,DomainError with -3.5476343421595065e-8: sqrt was called wit
105.00,0.9647,20.0,1.0000,1.0e-03,-1,5.23598776e-03,error,NaN,NaN,NaN,NaN,0,NaN,NaN,NaN,0,5.05106076e-03,NaN,NaN,NaN,0.01,DomainError with -2.0086533064821707e-8: sqrt was called wit
135.00,0.9647,20.0,1.0000,1.0e-03,-1,5.23598776e-03,equilibrium,5.05106076e-03,5.05106076e-03,5.151562e-16,100.0000,1,132.7844,1.000000,2.076913e-03,1,5.05106076e-03,6.868749e-16,2.049764,0.7492,6.10,
165.00,0.9647,20.0,1.0000,1.0e-03,-1,5.23598776e-03,equilibrium,5.05106076e-03,5.05106076e-03,0.000000e+00,100.0000,1,156.5386,1.000000,1.618143e-03,1,5.05106076e-03,0.000000e+00,0.339458,0.1678,6.88,
15.00,0.9717,20.0,1.0000,1.0e-03,-1,5.23598776e-03,error,NaN,NaN,NaN,NaN,0,NaN,NaN,NaN,0,5.08804616e-03,NaN,NaN,NaN,4.49,DomainError with -6.880677910446345e-11: sqrt was called wit
45.00,0.9717,20.0,1.0000,1.0e-03,-1,5.23598776e-03,error,NaN,NaN,NaN,NaN,0,NaN,NaN,NaN,0,5.08804616e-03,NaN,NaN,NaN,0.01,DomainError with -1.943885748347682e-8: sqrt was called with
75.00,0.9717,20.0,1.0000,1.0e-03,-1,5.23598776e-03,error,NaN,NaN,NaN,NaN,0,NaN,NaN,NaN,0,5.08804616e-03,NaN,NaN,NaN,0.01,DomainError with -2.4675095681826273e-8: sqrt was called wit
105.00,0.9717,20.0,1.0000,1.0e-03,-1,5.23598776e-03,error,NaN,NaN,NaN,NaN,0,NaN,NaN,NaN,0,5.08804616e-03,NaN,NaN,NaN,0.01,DomainError with -2.4480825445896176e-8: sqrt was called wit
135.00,0.9717,20.0,1.0000,1.0e-03,-1,5.23598776e-03,equilibrium,5.08804616e-03,5.08804616e-03,0.000000e+00,100.0000,1,120.7762,1.000000,1.990709e-03,1,5.08804616e-03,0.000000e+00,1.949962,2.5677,9.72,
165.00,0.9717,20.0,1.0000,1.0e-03,-1,5.23598776e-03,equilibrium,5.08804616e-03,5.08804616e-03,0.000000e+00,100.0000,1,150.2595,1.000000,1.611947e-03,1,5.08804616e-03,1.704705e-16,0.379611,1.1974,10.69,
15.00,0.9788,20.0,1.0000,1.0e-03,-1,5.23598776e-03,error,NaN,NaN,NaN,NaN,0,NaN,NaN,NaN,0,5.12503156e-03,NaN,NaN,NaN,0.01,DomainError with -1.0043030415527918e-10: sqrt was called wi
45.00,0.9788,20.0,1.0000,1.0e-03,-1,5.23598776e-03,error,NaN,NaN,NaN,NaN,0,NaN,NaN,NaN,0,5.12503156e-03,NaN,NaN,NaN,0.01,DomainError with -9.551940872565023e-9: sqrt was called with
75.00,0.9788,20.0,1.0000,1.0e-03,-1,5.23598776e-03,error,NaN,NaN,NaN,NaN,0,NaN,NaN,NaN,0,5.12503156e-03,NaN,NaN,NaN,0.02,DomainError with -3.207506011039886e-8: sqrt was called with
105.00,0.9788,20.0,1.0000,1.0e-03,-1,5.23598776e-03,error,NaN,NaN,NaN,NaN,0,NaN,NaN,NaN,0,5.12503156e-03,NaN,NaN,NaN,0.01,DomainError with -2.1382783444851583e-11: sqrt was called wi
135.00,0.9788,20.0,1.0000,1.0e-03,-1,5.23598776e-03,error,NaN,NaN,NaN,NaN,0,NaN,NaN,NaN,0,5.12503156e-03,NaN,NaN,NaN,0.03,DomainError with -2.053075702815321e-15: sqrt was called wit
165.00,0.9788,20.0,1.0000,1.0e-03,-1,5.23598776e-03,error,NaN,NaN,NaN,NaN,0,NaN,NaN,NaN,0,5.12503156e-03,NaN,NaN,NaN,0.02,DomainError with -2.053075702815321e-15: sqrt was called wit
15.00,0.9859,20.0,1.0000,1.0e-03,-1,5.23598776e-03,error,NaN,NaN,NaN,NaN,0,NaN,NaN,NaN,0,5.16201696e-03,NaN,NaN,NaN,0.01,DomainError with -3.569272109352798e-11: sqrt was called wit
45.00,0.9859,20.0,1.0000,1.0e-03,-1,5.23598776e-03,error,NaN,NaN,NaN,NaN,0,NaN,NaN,NaN,0,5.16201696e-03,NaN,NaN,NaN,0.02,DomainError with -5.622624979455005e-9: sqrt was called with
75.00,0.9859,20.0,1.0000,1.0e-03,-1,5.23598776e-03,error,NaN,NaN,NaN,NaN,0,NaN,NaN,NaN,0,5.16201696e-03,NaN,NaN,NaN,0.01,DomainError with -6.99480428579531e-9: sqrt was called with 
105.00,0.9859,20.0,1.0000,1.0e-03,-1,5.23598776e-03,error,NaN,NaN,NaN,NaN,0,NaN,NaN,NaN,0,5.16201696e-03,NaN,NaN,NaN,0.01,DomainError with -5.6923556426772205e-9: sqrt was called wit
135.00,0.9859,20.0,1.0000,1.0e-03,-1,5.23598776e-03,error,NaN,NaN,NaN,NaN,0,NaN,NaN,NaN,0,5.16201696e-03,NaN,NaN,NaN,0.02,DomainError with -2.053075702815321e-15: sqrt was called wit
165.00,0.9859,20.0,1.0000,1.0e-03,-1,5.23598776e-03,error,NaN,NaN,NaN,NaN,0,NaN,NaN,NaN,0,5.16201696e-03,NaN,NaN,NaN,0.02,DomainError with -4.106151405630643e-15: sqrt was called wit
15.00,0.9929,20.0,1.0000,1.0e-03,-1,5.23598776e-03,error,NaN,NaN,NaN,NaN,0,NaN,NaN,NaN,0,5.19900236e-03,NaN,NaN,NaN,0.01,DomainError with -8.655561855548293e-11: sqrt was called wit
45.00,0.9929,20.0,1.0000,1.0e-03,-1,5.23598776e-03,error,NaN,NaN,NaN,NaN,0,NaN,NaN,NaN,0,5.19900236e-03,NaN,NaN,NaN,0.01,DomainError with -3.83127125997142e-9: sqrt was called with 
75.00,0.9929,20.0,1.0000,1.0e-03,-1,5.23598776e-03,error,NaN,NaN,NaN,NaN,0,NaN,NaN,NaN,0,5.19900236e-03,NaN,NaN,NaN,0.01,DomainError with -1.0527628146251475e-8: sqrt was called wit
105.00,0.9929,20.0,1.0000,1.0e-03,-1,5.23598776e-03,error,NaN,NaN,NaN,NaN,0,NaN,NaN,NaN,0,5.19900236e-03,NaN,NaN,NaN,0.01,DomainError with -2.3819476346432543e-9: sqrt was called wit
135.00,0.9929,20.0,1.0000,1.0e-03,-1,5.23598776e-03,equilibrium,5.19900236e-03,5.19900236e-03,0.000000e+00,100.0000,1,165.8763,1.000000,1.859065e-03,1,5.19900236e-03,6.673294e-16,1.631075,1.9386,9.76,
165.00,0.9929,20.0,1.0000,1.0e-03,-1,5.23598776e-03,equilibrium,5.19900236e-03,5.19900236e-03,0.000000e+00,100.0000,1,146.6031,1.000000,1.622949e-03,1,5.19900236e-03,1.668323e-16,0.509682,0.9623,10.71,
15.00,0.7659,60.0,1.0000,1.0e-03,-1,1.74532925e-03,equilibrium,1.33680625e-03,1.33680625e-03,0.000000e+00,100.0000,1,23.8916,1.000000,1.124300e-02,1,1.33680625e-03,3.244156e-16,15.354179,13.2967,10.70,
45.00,0.7659,60.0,1.0000,1.0e-03,-1,1.74532925e-03,equilibrium,1.33680625e-03,1.33680625e-03,2.757533e-15,100.0000,1,47.6870,1.000000,1.609058e-02,1,1.33680625e-03,-7.867080e-14,11.917786,35.0418,9.11,
75.00,0.7659,60.0,1.0000,1.0e-03,-1,1.74532925e-03,equilibrium,1.33680625e-03,1.33680625e-03,2.854858e-14,100.0000,1,84.0448,1.000000,1.903375e-02,1,1.33680625e-03,-3.244156e-13,8.437100,58.8994,6.17,
105.00,0.7659,60.0,1.0000,1.0e-03,-1,1.74532925e-03,equilibrium,1.33680625e-03,1.33680625e-03,1.086792e-14,100.0000,1,91.4058,1.000000,1.871621e-02,1,1.33680625e-03,1.146809e-13,7.739622,60.5537,5.45,
135.00,0.7659,60.0,1.0000,1.0e-03,-1,1.74532925e-03,equilibrium,1.33680625e-03,1.33680625e-03,8.775443e-14,100.0000,1,144.8350,1.000000,1.427734e-02,1,1.33680625e-03,8.524021e-13,10.723332,26.8180,6.23,
165.00,0.7659,60.0,1.0000,1.0e-03,-1,1.74532925e-03,equilibrium,1.33680625e-03,1.33680625e-03,1.042996e-13,100.0000,1,165.0746,1.000000,8.031432e-03,1,1.33680625e-03,9.996868e-13,8.210240,1.1078,7.08,
15.00,0.7841,60.0,1.0000,1.0e-03,-1,1.74532925e-03,equilibrium,1.36849940e-03,1.36849940e-03,0.000000e+00,100.0000,1,24.0451,1.000000,1.083564e-02,1,1.36849940e-03,1.267610e-15,14.983503,12.5870,10.43,
45.00,0.7841,60.0,1.0000,1.0e-03,-1,1.74532925e-03,equilibrium,1.36849940e-03,1.36849940e-03,1.045778e-14,100.0000,1,47.7481,1.000000,1.541764e-02,1,1.36849940e-03,-7.890872e-14,11.647767,34.6841,8.38,
75.00,0.7841,60.0,1.0000,1.0e-03,-1,1.74532925e-03,equilibrium,1.36849940e-03,1.36849940e-03,2.661981e-14,100.0000,1,77.4139,1.000000,1.822735e-02,1,1.36849940e-03,-2.752298e-13,8.317611,57.8297,6.23,
105.00,0.7841,60.0,1.0000,1.0e-03,-1,1.74532925e-03,equilibrium,1.36849940e-03,1.36849940e-03,1.172539e-14,100.0000,1,104.2899,1.000000,1.808591e-02,1,1.36849940e-03,5.434878e-14,7.474537,63.6437,5.50,
135.00,0.7841,60.0,1.0000,1.0e-03,-1,1.74532925e-03,equilibrium,1.36849940e-03,1.36849940e-03,7.875027e-14,100.0000,1,147.1520,1.000000,1.412484e-02,1,1.36849940e-03,8.421684e-13,10.216962,29.5900,6.18,
165.00,0.7841,60.0,1.0000,1.0e-03,-1,1.74532925e-03,equilibrium,1.36849940e-03,1.36849940e-03,1.191553e-13,100.0000,1,172.8281,1.000000,6.747037e-03,1,1.36849940e-03,1.180462e-12,5.719108,0.2627,6.74,
15.00,0.8023,60.0,1.0000,1.0e-03,-1,1.74532925e-03,equilibrium,1.40019255e-03,1.40019255e-03,0.000000e+00,100.0000,1,20.8423,1.000000,1.052082e-02,1,1.40019255e-03,1.084053e-15,14.610986,12.8638,10.60,
45.00,0.8023,60.0,1.0000,1.0e-03,-1,1.74532925e-03,equilibrium,1.40019255e-03,1.40019255e-03,1.223431e-14,100.0000,1,49.5652,1.000000,1.507500e-02,1,1.40019255e-03,-1.282280e-13,11.104419,36.4407,8.07,
75.00,0.8023,60.0,1.0000,1.0e-03,-1,1.74532925e-03,equilibrium,1.40019255e-03,1.40019255e-03,2.880484e-14,100.0000,1,80.9244,1.000000,1.755876e-02,1,1.40019255e-03,-2.649735e-13,7.872965,60.6352,5.39,
105.00,0.8023,60.0,1.0000,1.0e-03,-1,1.74532925e-03,equilibrium,1.40019255e-03,1.40019255e-03,1.424755e-14,100.0000,1,92.1550,1.000000,1.713246e-02,1,1.40019255e-03,1.206396e-13,7.419784,59.9160,5.14,
135.00,0.8023,60.0,1.0000,1.0e-03,-1,1.74532925e-03,equilibrium,1.40019255e-03,1.40019255e-03,8.471100e-14,100.0000,1,141.1983,1.000000,1.333963e-02,1,1.40019255e-03,8.582603e-13,10.131347,27.6857,6.04,
165.00,0.8023,60.0,1.0000,1.0e-03,-1,1.74532925e-03,equilibrium,1.40019255e-03,1.40019255e-03,1.198653e-13,100.0000,1,172.0247,1.000000,6.450083e-03,1,1.40019255e-03,1.211971e-12,4.079414,0.0679,6.33,
15.00,0.8204,60.0,1.0000,1.0e-03,-1,1.74532925e-03,equilibrium,1.43188570e-03,1.43188570e-03,0.000000e+00,100.0000,1,19.4623,1.000000,1.027511e-02,1,1.43188570e-03,1.060059e-15,14.260365,12.9783,9.55,
45.00,0.8204,60.0,1.0000,1.0e-03,-1,1.74532925e-03,equilibrium,1.43188570e-03,1.43188570e-03,1.181208e-14,100.0000,1,56.8379,1.000000,1.487771e-02,1,1.43188570e-03,-1.400792e-13,10.587107,37.9317,7.17,
75.00,0.8204,60.0,1.0000,1.0e-03,-1,1.74532925e-03,equilibrium,1.43188570e-03,1.43188570e-03,2.104974e-14,100.0000,1,86.6285,1.000000,1.706046e-02,1,1.43188570e-03,-2.429049e-13,7.492527,63.6088,5.01,
105.00,0.8204,60.0,1.0000,1.0e-03,-1,1.74532925e-03,equilibrium,1.43188570e-03,1.43188570e-03,1.332645e-14,100.0000,1,116.7124,1.000000,1.635318e-02,1,1.43188570e-03,2.316986e-13,7.421902,56.4638,4.63,
135.00,0.8204,60.0,1.0000,1.0e-03,-1,1.74532925e-03,equilibrium,1.43188570e-03,1.43188570e-03,8.647051e-14,100.0000,1,134.7742,1.000000,1.259898e-02,1,1.43188570e-03,8.416867e-13,10.119010,25.2917,5.32,
165.00,0.8204,60.0,1.0000,1.0e-03,-1,1.74532925e-03,equilibrium,1.43188570e-03,1.43188570e-03,1.120634e-13,100.0000,1,171.2533,1.000000,6.465991e-03,1,1.43188570e-03,1.164550e-12,5.369311,0.6567,5.18,
15.00,0.8386,60.0,1.0000,1.0e-03,-1,1.74532925e-03,equilibrium,1.46357885e-03,1.46357885e-03,1.481577e-16,100.0000,1,18.7212,1.000000,9.985220e-03,1,1.46357885e-03,8.889460e-16,13.939748,12.9582,8.90,
45.00,0.8386,60.0,1.0000,1.0e-03,-1,1.74532925e-03,equilibrium,1.46357885e-03,1.46357885e-03,1.407498e-14,100.0000,1,59.3359,1.000000,1.450866e-02,1,1.46357885e-03,-1.568990e-13,10.156972,39.0079,6.86,
75.00,0.8386,60.0,1.0000,1.0e-03,-1,1.74532925e-03,equilibrium,1.46357885e-03,1.46357885e-03,2.770548e-14,100.0000,1,84.5654,1.000000,1.637724e-02,1,1.46357885e-03,-2.246070e-13,7.203361,67.0748,4.92,
105.00,0.8386,60.0,1.0000,1.0e-03,-1,1.74532925e-03,equilibrium,1.46357885e-03,1.46357885e-03,2.859443e-14,100.0000,1,108.7052,1.000000,1.557597e-02,1,1.46357885e-03,2.933522e-13,7.418359,53.7665,4.77,
135.00,0.8386,60.0,1.0000,1.0e-03,-1,1.74532925e-03,equilibrium,1.46357885e-03,1.46357885e-03,8.756118e-14,100.0000,1,153.0072,1.000000,1.170104e-02,1,1.46357885e-03,8.593145e-13,10.056443,23.4180,5.31,
165.00,0.8386,60.0,1.0000,1.0e-03,-1,1.74532925e-03,equilibrium,1.46357885e-03,1.46357885e-03,1.151185e-13,100.0000,1,172.4072,1.000000,6.475565e-03,1,1.46357885e-03,1.146000e-12,5.641123,1.2889,5.13,
15.00,0.8567,60.0,1.0000,1.0e-03,-1,1.74532925e-03,equilibrium,1.49527199e-03,1.49527199e-03,1.450174e-16,100.0000,1,18.6356,1.000000,9.642618e-03,1,1.49527199e-03,1.160139e-15,13.649305,12.7932,8.68,
45.00,0.8567,60.0,1.0000,1.0e-03,-1,1.74532925e-03,equilibrium,1.49527199e-03,1.49527199e-03,1.493679e-14,100.0000,1,53.0342,1.000000,1.412606e-02,1,1.49527199e-03,-1.738758e-13,9.811188,39.8984,6.76,
75.00,0.8567,60.0,1.0000,1.0e-03,-1,1.74532925e-03,equilibrium,1.49527199e-03,1.49527199e-03,2.044745e-14,100.0000,1,90.1826,1.000000,1.579169e-02,1,1.49527199e-03,-2.172360e-13,6.977544,72.7949,4.65,
105.00,0.8567,60.0,1.0000,1.0e-03,-1,1.74532925e-03,equilibrium,1.49527199e-03,1.49527199e-03,2.436292e-14,100.0000,1,120.9936,1.000000,1.487347e-02,1,1.49527199e-03,3.418060e-13,7.381891,51.9179,4.64,
135.00,0.8567,60.0,1.0000,1.0e-03,-1,1.74532925e-03,equilibrium,1.49527199e-03,1.49527199e-03,8.556026e-14,100.0000,1,150.0036,1.000000,1.130071e-02,1,1.49527199e-03,8.585029e-13,9.934351,22.2573,4.96,
165.00,0.8567,60.0,1.0000,1.0e-03,-1,1.74532925e-03,equilibrium,1.49527199e-03,1.49527199e-03,1.118084e-13,100.0000,1,169.1107,1.000000,6.453194e-03,1,1.49527199e-03,1.085310e-12,5.829135,0.6188,5.34,
15.00,0.8749,60.0,1.0000,1.0e-03,-1,1.74532925e-03,equilibrium,1.52696514e-03,1.52696514e-03,0.000000e+00,100.0000,1,26.9491,1.000000,9.298888e-03,1,1.52696514e-03,2.698142e-15,13.386509,12.7349,8.51,
45.00,0.8749,60.0,1.0000,1.0e-03,-1,1.74532925e-03,equilibrium,1.52696514e-03,1.52696514e-03,1.505279e-14,100.0000,1,54.4165,1.000000,1.370240e-02,1,1.52696514e-03,-1.779353e-13,9.534076,40.2300,6.62,
75.00,0.8749,60.0,1.0000,1.0e-03,-1,1.74532925e-03,equilibrium,1.52696514e-03,1.52696514e-03,2.399926e-14,100.0000,1,89.5215,1.000000,1.531941e-02,1,1.52696514e-03,-2.086090e-13,6.793096,68.4483,5.00,
105.00,0.8749,60.0,1.0000,1.0e-03,-1,1.74532925e-03,equilibrium,1.52696514e-03,1.52696514e-03,3.905205e-14,100.0000,1,121.2215,1.000000,1.378162e-02,1,1.52696514e-03,3.933607e-13,7.311698,50.6197,4.96,
135.00,0.8749,60.0,1.0000,1.0e-03,-1,1.74532925e-03,equilibrium,1.52696514e-03,1.52696514e-03,9.003273e-14,100.0000,1,139.5413,1.000000,1.073769e-02,1,1.52696514e-03,8.709317e-13,9.770395,21.4889,4.98,
165.00,0.8749,60.0,1.0000,1.0e-03,-1,1.74532925e-03,equilibrium,1.52696514e-03,1.52696514e-03,1.109078e-13,100.0000,1,166.8359,1.000000,6.337299e-03,1,1.52696514e-03,1.086641e-12,5.919375,0.8473,5.72,
15.00,0.8930,60.0,1.0000,1.0e-03,-1,1.74532925e-03,equilibrium,1.55865829e-03,1.55865829e-03,2.782399e-16,100.0000,1,19.4378,1.000000,8.955725e-03,1,1.55865829e-03,1.669439e-15,13.148475,12.0839,9.79,
45.00,0.8930,60.0,1.0000,1.0e-03,-1,1.74532925e-03,equilibrium,1.55865829e-03,1.55865829e-03,1.405111e-14,100.0000,1,55.3287,1.000000,1.322344e-02,1,1.55865829e-03,-1.608226e-13,9.313619,40.2708,6.43,
75.00,0.8930,60.0,1.0000,1.0e-03,-1,1.74532925e-03,equilibrium,1.55865829e-03,1.55865829e-03,2.100711e-14,100.0000,1,90.3444,1.000000,1.479709e-02,1,1.55865829e-03,-1.448238e-13,6.635083,68.9560,4.81,
105.00,0.8930,60.0,1.0000,1.0e-03,-1,1.74532925e-03,equilibrium,1.55865829e-03,1.55865829e-03,4.368366e-14,100.0000,1,120.0812,1.000000,1.372263e-02,1,1.55865829e-03,4.020566e-13,7.214297,49.8646,4.41,
135.00,0.8930,60.0,1.0000,1.0e-03,-1,1.74532925e-03,equilibrium,1.55865829e-03,1.55865829e-03,8.166340e-14,100.0000,1,150.0011,1.000000,1.048312e-02,1,1.55865829e-03,8.846636e-13,9.583515,21.2530,4.79,
165.00,0.8930,60.0,1.0000,1.0e-03,-1,1.74532925e-03,equilibrium,1.55865829e-03,1.55865829e-03,1.064267e-13,100.0000,1,173.2499,1.000000,6.343801e-03,1,1.55865829e-03,1.074423e-12,5.898326,1.6043,5.09,
15.00,0.9112,60.0,1.0000,1.0e-03,-1,1.74532925e-03,equilibrium,1.59035144e-03,1.59035144e-03,5.453900e-16,100.0000,1,24.0122,1.000000,8.551768e-03,1,1.59035144e-03,2.317907e-15,12.934110,11.5884,8.35,
45.00,0.9112,60.0,1.0000,1.0e-03,-1,1.74532925e-03,equilibrium,1.59035144e-03,1.59035144e-03,2.467890e-14,100.0000,1,58.2139,1.000000,1.279724e-02,1,1.59035144e-03,-1.632080e-13,9.142539,40.2091,5.76,
75.00,0.9112,60.0,1.0000,1.0e-03,-1,1.74532925e-03,equilibrium,1.59035144e-03,1.59035144e-03,1.527092e-14,100.0000,1,100.5465,1.000000,1.430758e-02,1,1.59035144e-03,-1.416650e-13,6.496678,69.2777,4.23,
105.00,0.9112,60.0,1.0000,1.0e-03,-1,1.74532925e-03,equilibrium,1.59035144e-03,1.59035144e-03,4.335850e-14,100.0000,1,124.5126,1.000000,1.324127e-02,1,1.59035144e-03,3.830001e-13,7.095049,49.3877,4.12,
135.00,0.9112,60.0,1.0000,1.0e-03,-1,1.74532925e-03,equilibrium,1.59035144e-03,1.59035144e-03,9.108013e-14,100.0000,1,154.7731,1.000000,1.013333e-02,1,1.59035144e-03,8.734421e-13,9.385888,21.2432,4.53,
165.00,0.9112,60.0,1.0000,1.0e-03,-1,1.74532925e-03,equilibrium,1.59035144e-03,1.59035144e-03,1.017152e-13,100.0000,1,175.2816,1.000000,6.217013e-03,1,1.59035144e-03,1.050012e-12,5.752400,0.5637,4.68,
15.00,0.9364,60.0,1.0000,1.0e-03,-1,1.74532925e-03,equilibrium,1.63437306e-03,1.63437306e-03,1.326750e-16,100.0000,1,24.6618,1.000000,8.106174e-03,1,1.63437306e-03,9.287250e-16,12.675430,10.6204,7.49,
45.00,0.9364,60.0,1.0000,1.0e-03,-1,1.74532925e-03,equilibrium,1.63437306e-03,1.63437306e-03,1.525762e-14,100.0000,1,59.4816,1.000000,1.216305e-02,1,1.63437306e-03,-1.489940e-13,8.987125,39.1513,5.24,
75.00,0.9364,60.0,1.0000,1.0e-03,-1,1.74532925e-03,equilibrium,1.63437306e-03,1.63437306e-03,9.552600e-15,100.0000,1,81.6783,1.000000,1.365818e-02,1,1.63437306e-03,-1.464732e-13,6.330796,68.6943,3.82,
105.00,0.9364,60.0,1.0000,1.0e-03,-1,1.74532925e-03,equilibrium,1.63437306e-03,1.63437306e-03,3.927180e-14,100.0000,1,123.7979,1.000000,1.272205e-02,1,1.63437306e-03,3.712246e-13,6.897624,49.5275,3.88,
135.00,0.9364,60.0,1.0000,1.0e-03,-1,1.74532925e-03,equilibrium,1.63437306e-03,1.63437306e-03,8.371792e-14,100.0000,1,142.3721,1.000000,9.758073e-03,1,1.63437306e-03,8.756550e-13,9.090893,21.6286,4.10,
165.00,0.9364,60.0,1.0000,1.0e-03,-1,1.74532925e-03,equilibrium,1.63437306e-03,1.63437306e-03,1.037518e-13,100.0000,1,166.3557,1.000000,5.846045e-03,1,1.63437306e-03,1.077454e-12,5.210118,1.3124,4.13,
15.00,0.9435,60.0,1.0000,1.0e-03,-1,1.74532925e-03,equilibrium,1.64670152e-03,1.64670152e-03,0.000000e+00,100.0000,1,20.7357,1.000000,7.995697e-03,1,1.64670152e-03,1.316817e-15,12.597606,10.2334,7.07,
45.00,0.9435,60.0,1.0000,1.0e-03,-1,1.74532925e-03,equilibrium,1.64670152e-03,1.64670152e-03,1.264144e-14,100.0000,1,55.4478,1.000000,1.203033e-02,1,1.64670152e-03,-1.476152e-13,8.931658,39.2814,5.84,
75.00,0.9435,60.0,1.0000,1.0e-03,-1,1.74532925e-03,equilibrium,1.64670152e-03,1.64670152e-03,1.672357e-14,100.0000,1,72.5089,1.000000,1.348546e-02,1,1.64670152e-03,-1.801405e-13,6.279154,68.8732,3.32,
105.00,0.9435,60.0,1.0000,1.0e-03,-1,1.74532925e-03,equilibrium,1.64670152e-03,1.64670152e-03,4.622027e-14,100.0000,1,130.6809,1.000000,1.250625e-02,1,1.64670152e-03,4.224349e-13,6.856494,49.2689,3.30,
135.00,0.9435,60.0,1.0000,1.0e-03,-1,1.74532925e-03,equilibrium,1.64670152e-03,1.64670152e-03,9.020196e-14,100.0000,1,146.0942,1.000000,9.753409e-03,1,1.64670152e-03,8.775268e-13,9.018106,21.6168,3.85,
165.00,0.9435,60.0,1.0000,1.0e-03,-1,1.74532925e-03,equilibrium,1.64670152e-03,1.64670152e-03,1.067938e-13,100.0000,1,167.4065,1.000000,5.778492e-03,1,1.64670152e-03,1.088217e-12,5.150439,0.2413,3.92,
15.00,0.9506,60.0,1.0000,1.0e-03,-1,1.74532925e-03,equilibrium,1.65902999e-03,1.65902999e-03,5.228126e-16,100.0000,1,17.6258,1.000000,7.887965e-03,1,1.65902999e-03,2.091250e-15,12.518371,10.2108,7.34,
45.00,0.9506,60.0,1.0000,1.0e-03,-1,1.74532925e-03,equilibrium,1.65902999e-03,1.65902999e-03,1.280891e-14,100.0000,1,57.1979,1.000000,1.187490e-02,1,1.65902999e-03,-1.441656e-13,8.872190,38.9807,5.48,
75.00,0.9506,60.0,1.0000,1.0e-03,-1,1.74532925e-03,equilibrium,1.65902999e-03,1.65902999e-03,1.960547e-14,100.0000,1,89.8778,1.000000,1.333310e-02,1,1.65902999e-03,-1.602421e-13,6.227744,69.0006,4.00,
105.00,0.9506,60.0,1.0000,1.0e-03,-1,1.74532925e-03,equilibrium,1.65902999e-03,1.65902999e-03,2.940821e-14,100.0000,1,112.4506,1.000000,1.238228e-02,1,1.65902999e-03,3.812611e-13,6.818410,49.0088,3.88,
135.00,0.9506,60.0,1.0000,1.0e-03,-1,1.74532925e-03,equilibrium,1.65902999e-03,1.65902999e-03,8.770181e-14,100.0000,1,142.1980,1.000000,9.650186e-03,1,1.65902999e-03,8.759725e-13,8.940907,21.6179,3.93,
165.00,0.9506,60.0,1.0000,1.0e-03,-1,1.74532925e-03,equilibrium,1.65902999e-03,1.65902999e-03,1.112284e-13,100.0000,1,168.7516,1.000000,5.778911e-03,1,1.65902999e-03,1.076863e-12,5.090744,0.2731,4.34,
15.00,0.9576,60.0,1.0000,1.0e-03,-1,1.74532925e-03,equilibrium,1.67135845e-03,1.67135845e-03,2.594781e-16,100.0000,1,17.8909,1.000000,7.769115e-03,1,1.67135845e-03,2.075825e-15,12.438232,9.7715,7.27,
45.00,0.9576,60.0,1.0000,1.0e-03,-1,1.74532925e-03,equilibrium,1.67135845e-03,1.67135845e-03,1.050886e-14,100.0000,1,53.1706,1.000000,1.125305e-02,1,1.67135845e-03,-1.180625e-13,8.811322,39.0095,5.82,
75.00,0.9576,60.0,1.0000,1.0e-03,-1,1.74532925e-03,equilibrium,1.67135845e-03,1.67135845e-03,2.348277e-14,100.0000,1,99.0899,1.000000,1.316360e-02,1,1.67135845e-03,-1.431022e-13,6.177073,69.3279,3.63,
105.00,0.9576,60.0,1.0000,1.0e-03,-1,1.74532925e-03,equilibrium,1.67135845e-03,1.67135845e-03,3.944067e-14,100.0000,1,117.4120,1.000000,1.223617e-02,1,1.67135845e-03,3.945364e-13,6.781120,49.0891,3.42,
135.00,0.9576,60.0,1.0000,1.0e-03,-1,1.74532925e-03,equilibrium,1.67135845e-03,1.67135845e-03,7.589734e-14,100.0000,1,143.4614,1.000000,9.538482e-03,1,1.67135845e-03,8.497907e-13,8.871098,21.5922,3.69,
165.00,0.9576,60.0,1.0000,1.0e-03,-1,1.74532925e-03,equilibrium,1.67135845e-03,1.67135845e-03,1.002883e-13,100.0000,1,171.9878,1.000000,5.727239e-03,1,1.67135845e-03,1.059449e-12,5.031361,0.5178,3.91,
15.00,0.9647,60.0,1.0000,1.0e-03,-1,1.74532925e-03,equilibrium,1.68368692e-03,1.68368692e-03,5.151562e-16,100.0000,1,19.4048,1.000000,7.683575e-03,1,1.68368692e-03,2.189414e-15,12.357790,9.6187,6.70,
45.00,0.9647,60.0,1.0000,1.0e-03,-1,1.74532925e-03,equilibrium,1.68368692e-03,1.68368692e-03,1.133344e-14,100.0000,1,44.5482,1.000000,1.158146e-02,1,1.68368692e-03,-1.403801e-13,8.749260,38.8555,4.78,
75.00,0.9647,60.0,1.0000,1.0e-03,-1,1.74532925e-03,equilibrium,1.68368692e-03,1.68368692e-03,1.777289e-14,100.0000,1,98.6489,1.000000,1.299051e-02,1,1.68368692e-03,-1.531302e-13,6.127151,69.4303,3.50,
105.00,0.9647,60.0,1.0000,1.0e-03,-1,1.74532925e-03,equilibrium,1.68368692e-03,1.68368692e-03,3.734882e-14,100.0000,1,128.9848,1.000000,1.203172e-02,1,1.68368692e-03,3.949960e-13,6.745582,48.6219,3.42,
135.00,0.9647,60.0,1.0000,1.0e-03,-1,1.74532925e-03,equilibrium,1.68368692e-03,1.68368692e-03,8.976597e-14,100.0000,1,149.3435,1.000000,9.368677e-03,1,1.68368692e-03,8.949551e-13,8.803034,21.6939,3.44,
165.00,0.9647,60.0,1.0000,1.0e-03,-1,1.74532925e-03,equilibrium,1.68368692e-03,1.68368692e-03,1.038040e-13,100.0000,1,178.6183,1.000000,5.682842e-03,1,1.68368692e-03,1.054138e-12,5.002304,1.3346,3.55,
15.00,0.9717,60.0,1.0000,1.0e-03,-1,1.74532925e-03,equilibrium,1.69601539e-03,1.69601539e-03,2.557057e-16,100.0000,1,20.8228,1.000000,7.518300e-03,1,1.69601539e-03,3.324175e-15,12.277428,9.9162,5.75,
45.00,0.9717,60.0,1.0000,1.0e-03,-1,1.74532925e-03,equilibrium,1.69601539e-03,1.69601539e-03,2.007290e-14,100.0000,1,59.1802,1.000000,1.142517e-02,1,1.69601539e-03,-1.268300e-13,8.687131,38.8524,4.35,
75.00,0.9717,60.0,1.0000,1.0e-03,-1,1.74532925e-03,equilibrium,1.69601539e-03,1.69601539e-03,2.058431e-14,100.0000,1,85.5921,1.000000,1.285039e-02,1,1.69601539e-03,-1.750306e-13,6.078047,69.6032,3.37,
105.00,0.9717,60.0,1.0000,1.0e-03,-1,1.74532925e-03,equilibrium,1.69601539e-03,1.69601539e-03,3.669377e-14,100.0000,1,109.1512,1.000000,1.194376e-02,1,1.69601539e-03,3.934033e-13,6.710430,48.3920,3.13,
135.00,0.9717,60.0,1.0000,1.0e-03,-1,1.74532925e-03,equilibrium,1.69601539e-03,1.69601539e-03,8.745136e-14,100.0000,1,152.8605,1.000000,9.289551e-03,1,1.69601539e-03,8.812898e-13,8.737092,21.6037,3.51,
165.00,0.9717,60.0,1.0000,1.0e-03,-1,1.74532925e-03,equilibrium,1.69601539e-03,1.69601539e-03,1.020266e-13,100.0000,1,169.6923,1.000000,5.664864e-03,1,1.69601539e-03,1.046987e-12,5.008957,0.6437,3.57,
15.00,0.9788,60.0,1.0000,1.0e-03,-1,1.74532925e-03,equilibrium,1.70834385e-03,1.70834385e-03,1.269302e-16,100.0000,1,21.2479,1.000000,7.484731e-03,1,1.70834385e-03,1.269302e-16,12.197300,9.4608,5.48,
45.00,0.9788,60.0,1.0000,1.0e-03,-1,1.74532925e-03,equilibrium,1.70834385e-03,1.70834385e-03,1.764330e-14,100.0000,1,58.8887,1.000000,1.127638e-02,1,1.70834385e-03,-1.326421e-13,8.625570,38.8455,4.05,
75.00,0.9788,60.0,1.0000,1.0e-03,-1,1.74532925e-03,equilibrium,1.70834385e-03,1.70834385e-03,1.269302e-14,100.0000,1,74.0890,1.000000,1.269513e-02,1,1.70834385e-03,-1.245185e-13,6.029938,70.0112,3.38,
105.00,0.9788,60.0,1.0000,1.0e-03,-1,1.74532925e-03,equilibrium,1.70834385e-03,1.70834385e-03,3.579432e-14,100.0000,1,131.7767,1.000000,1.173380e-02,1,1.70834385e-03,3.995763e-13,6.676274,48.1014,3.40,
135.00,0.9788,60.0,1.0000,1.0e-03,-1,1.74532925e-03,equilibrium,1.70834385e-03,1.70834385e-03,8.973965e-14,100.0000,1,142.1881,1.000000,9.235201e-03,1,1.70834385e-03,8.690911e-13,8.670944,21.6484,3.30,
165.00,0.9788,60.0,1.0000,1.0e-03,-1,1.74532925e-03,equilibrium,1.70834385e-03,1.70834385e-03,1.064944e-13,100.0000,1,167.4805,1.000000,5.598273e-03,1,1.70834385e-03,1.057456e-12,4.970584,0.9519,3.33,
15.00,0.9859,60.0,1.0000,1.0e-03,-1,1.74532925e-03,equilibrium,1.72067232e-03,1.72067232e-03,1.260208e-16,100.0000,1,20.2140,1.000000,7.385140e-03,1,1.72067232e-03,1.260208e-15,12.117508,9.7114,6.55,
45.00,0.9859,60.0,1.0000,1.0e-03,-1,1.74532925e-03,equilibrium,1.72067232e-03,1.72067232e-03,1.512249e-14,100.0000,1,54.2299,1.000000,1.115250e-02,1,1.72067232e-03,-1.489565e-13,8.563829,38.7386,4.50,
75.00,0.9859,60.0,1.0000,1.0e-03,-1,1.74532925e-03,equilibrium,1.72067232e-03,1.72067232e-03,1.915516e-14,100.0000,1,92.9723,1.000000,9.921450e-03,1,1.72067232e-03,-1.319437e-13,5.985041,70.4539,9.61,
105.00,0.9859,60.0,1.0000,1.0e-03,-1,1.74532925e-03,equilibrium,1.72067232e-03,1.72067232e-03,4.461135e-14,100.0000,1,124.2480,1.000000,1.162515e-02,1,1.72067232e-03,3.917985e-13,6.642002,47.9104,4.79,
135.00,0.9859,60.0,1.0000,1.0e-03,-1,1.74532925e-03,equilibrium,1.72067232e-03,1.72067232e-03,9.073495e-14,100.0000,1,145.7528,1.000000,9.058447e-03,1,1.72067232e-03,8.570672e-13,8.608123,21.5509,4.96,
165.00,0.9859,60.0,1.0000,1.0e-03,-1,1.74532925e-03,equilibrium,1.72067232e-03,1.72067232e-03,1.073697e-13,100.0000,1,174.5526,1.000000,5.542187e-03,1,1.72067232e-03,1.036647e-12,4.948420,0.9801,5.60,
15.00,0.9929,60.0,1.0000,1.0e-03,-1,1.74532925e-03,equilibrium,1.73300079e-03,1.73300079e-03,2.502485e-16,100.0000,1,17.1630,1.000000,7.299948e-03,1,1.73300079e-03,2.752734e-15,12.038246,9.2669,9.47,
45.00,0.9929,60.0,1.0000,1.0e-03,-1,1.74532925e-03,equilibrium,1.73300079e-03,1.73300079e-03,1.076069e-14,100.0000,1,57.1630,1.000000,1.103677e-02,1,1.73300079e-03,-1.221213e-13,8.502470,38.7980,6.67,
75.00,0.9929,60.0,1.0000,1.0e-03,-1,1.74532925e-03,equilibrium,1.73300079e-03,1.73300079e-03,1.939426e-14,100.0000,1,89.1568,1.000000,1.238650e-02,1,1.73300079e-03,-1.547787e-13,5.937884,70.4087,4.67,
105.00,0.9929,60.0,1.0000,1.0e-03,-1,1.74532925e-03,equilibrium,1.73300079e-03,1.73300079e-03,4.179150e-14,100.0000,1,107.7110,1.000000,1.131070e-02,1,1.73300079e-03,3.980203e-13,6.608797,47.6446,4.78,
135.00,0.9929,60.0,1.0000,1.0e-03,-1,1.74532925e-03,equilibrium,1.73300079e-03,1.73300079e-03,8.420862e-14,100.0000,1,151.9335,1.000000,9.012704e-03,1,1.73300079e-03,8.601041e-13,8.544716,21.5288,4.72,
165.00,0.9929,60.0,1.0000,1.0e-03,-1,1.74532925e-03,equilibrium,1.73300079e-03,1.73300079e-03,9.934866e-14,100.0000,1,165.7993,1.000000,5.534463e-03,1,1.73300079e-03,1.046289e-12,4.970254,6.3660,5.46,
15.00,0.7659,120.0,1.0000,1.0e-03,-1,8.72664626e-04,equilibrium,6.68403126e-04,6.68403126e-04,0.000000e+00,100.0000,1,15.7164,1.000000,2.816576e-02,1,6.68403126e-04,9.732469e-16,31.951383,8.0041,23.11,
45.00,0.7659,120.0,1.0000,1.0e-03,-1,8.72664626e-04,equilibrium,6.68403126e-04,6.68403126e-04,5.028443e-15,100.0000,1,32.9886,1.000000,4.650614e-02,1,6.68403126e-04,8.272599e-15,26.959297,27.6205,18.29,
75.00,0.7659,120.0,1.0000,1.0e-03,-1,8.72664626e-04,equilibrium,6.68403126e-04,6.68403126e-04,9.326950e-14,100.0000,1,72.1329,1.000000,6.413872e-02,1,6.68403126e-04,-9.047952e-13,17.937680,58.1612,13.67,
105.00,0.7659,120.0,1.0000,1.0e-03,-1,8.72664626e-04,equilibrium,6.68403126e-04,6.68403126e-04,1.832948e-14,100.0000,1,87.6531,1.000000,6.582599e-02,1,6.68403126e-04,-3.289575e-13,15.030622,75.0000,11.05,
135.00,0.7659,120.0,1.0000,1.0e-03,-1,8.72664626e-04,equilibrium,6.68403126e-04,6.68403126e-04,1.427429e-13,100.0000,1,134.3602,1.000000,5.210872e-02,1,6.68403126e-04,1.344216e-12,19.485089,39.3138,12.82,
165.00,0.7659,120.0,1.0000,1.0e-03,-1,8.72664626e-04,equilibrium,6.68403126e-04,6.68403126e-04,2.073016e-13,100.0000,1,172.0020,1.000000,2.302588e-02,1,6.68403126e-04,2.101727e-12,23.177020,0.6011,13.66,
15.00,0.7841,120.0,1.0000,1.0e-03,-1,8.72664626e-04,equilibrium,6.84249700e-04,6.84249700e-04,4.753537e-16,100.0000,1,25.3519,1.000000,3.406900e-02,1,6.84249700e-04,1.426061e-15,29.722419,15.0000,19.51,
45.00,0.7841,120.0,1.0000,1.0e-03,-1,8.72664626e-04,equilibrium,6.84249700e-04,6.84249700e-04,1.980641e-14,100.0000,1,48.3521,1.000000,4.995794e-02,1,6.84249700e-04,-9.110947e-14,24.082156,34.5023,16.08,
75.00,0.7841,120.0,1.0000,1.0e-03,-1,8.72664626e-04,equilibrium,6.84249700e-04,6.84249700e-04,5.625019e-14,100.0000,1,60.3607,1.000000,5.922985e-02,1,6.84249700e-04,-7.475730e-13,19.103720,50.2250,13.22,
105.00,0.7841,120.0,1.0000,1.0e-03,-1,8.72664626e-04,equilibrium,6.84249700e-04,6.84249700e-04,3.913746e-14,100.0000,1,82.6674,1.000000,6.287302e-02,1,6.84249700e-04,-3.371843e-13,14.610000,75.0000,9.46,
135.00,0.7841,120.0,1.0000,1.0e-03,-1,8.72664626e-04,equilibrium,6.84249700e-04,6.84249700e-04,1.641555e-13,100.0000,1,129.5453,1.000000,4.792663e-02,1,6.84249700e-04,1.578967e-12,19.719956,35.8567,10.63,
165.00,0.7841,120.0,1.0000,1.0e-03,-1,8.72664626e-04,equilibrium,6.84249700e-04,6.84249700e-04,2.061451e-13,100.0000,1,170.6727,1.000000,2.280842e-02,1,6.84249700e-04,2.113264e-12,24.467576,1.1882,11.92,
15.00,0.8023,120.0,1.0000,1.0e-03,-1,8.72664626e-04,equilibrium,7.00096275e-04,7.00096275e-04,0.000000e+00,100.0000,1,12.6497,1.000000,2.523388e-02,1,7.00096275e-04,1.703512e-15,30.629433,7.2840,20.10,
45.00,0.8023,120.0,1.0000,1.0e-03,-1,8.72664626e-04,equilibrium,7.00096275e-04,7.00096275e-04,3.019862e-14,100.0000,1,52.0061,1.000000,4.980420e-02,1,7.00096275e-04,-2.002401e-13,22.667243,37.2927,14.95,
75.00,0.8023,120.0,1.0000,1.0e-03,-1,8.72664626e-04,equilibrium,7.00096275e-04,7.00096275e-04,4.134888e-14,100.0000,1,84.3626,1.000000,5.970269e-02,1,7.00096275e-04,-9.285689e-13,15.956297,62.4229,10.87,
105.00,0.8023,120.0,1.0000,1.0e-03,-1,8.72664626e-04,equilibrium,7.00096275e-04,7.00096275e-04,1.610593e-14,100.0000,1,102.3524,1.000000,5.915296e-02,1,7.00096275e-04,-9.137019e-15,14.340745,65.6417,8.92,
135.00,0.8023,120.0,1.0000,1.0e-03,-1,8.72664626e-04,equilibrium,7.00096275e-04,7.00096275e-04,1.715901e-13,100.0000,1,140.9957,1.000000,4.354600e-02,1,7.00096275e-04,1.703512e-12,20.103448,31.4953,10.56,
165.00,0.8023,120.0,1.0000,1.0e-03,-1,8.72664626e-04,equilibrium,7.00096275e-04,7.00096275e-04,1.864571e-13,100.0000,1,163.7145,1.000000,2.730497e-02,1,7.00096275e-04,1.858841e-12,23.941893,7.5756,10.93,
15.00,0.8204,120.0,1.0000,1.0e-03,-1,8.72664626e-04,equilibrium,7.15942849e-04,7.15942849e-04,0.000000e+00,100.0000,1,23.4529,1.000000,3.037783e-02,1,7.15942849e-04,3.028739e-16,28.732772,13.8057,19.64,
45.00,0.8204,120.0,1.0000,1.0e-03,-1,8.72664626e-04,equilibrium,7.15942849e-04,7.15942849e-04,6.693514e-14,100.0000,1,54.6982,1.000000,5.012797e-02,1,7.15942849e-04,-5.027707e-13,20.912809,41.3105,14.21,
75.00,0.8204,120.0,1.0000,1.0e-03,-1,8.72664626e-04,equilibrium,7.15942849e-04,7.15942849e-04,5.118570e-14,100.0000,1,70.7647,1.000000,5.743771e-02,1,7.15942849e-04,-6.610224e-13,15.783977,61.2426,10.56,
105.00,0.8204,120.0,1.0000,1.0e-03,-1,8.72664626e-04,equilibrium,7.15942849e-04,7.15942849e-04,2.407848e-14,100.0000,1,97.5664,1.000000,5.679840e-02,1,7.15942849e-04,-2.067115e-13,13.964306,66.8959,8.40,
135.00,0.8204,120.0,1.0000,1.0e-03,-1,8.72664626e-04,equilibrium,7.15942849e-04,7.15942849e-04,1.459852e-13,100.0000,1,138.4606,1.000000,4.247723e-02,1,7.15942849e-04,1.681253e-12,19.500783,32.2781,9.57,
165.00,0.8204,120.0,1.0000,1.0e-03,-1,8.72664626e-04,equilibrium,7.15942849e-04,7.15942849e-04,2.180692e-13,100.0000,1,165.4442,1.000000,2.103640e-02,1,7.15942849e-04,2.180238e-12,23.099634,0.7701,10.55,
15.00,0.8386,120.0,1.0000,1.0e-03,-1,8.72664626e-04,equilibrium,7.31789423e-04,7.31789423e-04,0.000000e+00,100.0000,1,20.2896,1.000000,2.664724e-02,1,7.31789423e-04,1.629734e-15,28.687347,10.8182,15.91,
45.00,0.8386,120.0,1.0000,1.0e-03,-1,8.72664626e-04,equilibrium,7.31789423e-04,7.31789423e-04,9.778406e-15,100.0000,1,44.4290,1.000000,4.176996e-02,1,7.31789423e-04,-8.652408e-14,23.767037,30.3227,12.44,
75.00,0.8386,120.0,1.0000,1.0e-03,-1,8.72664626e-04,equilibrium,7.31789423e-04,7.31789423e-04,4.370651e-14,100.0000,1,79.1007,1.000000,5.480798e-02,1,7.31789423e-04,-5.920381e-13,15.917218,58.4176,9.57,
105.00,0.8386,120.0,1.0000,1.0e-03,-1,8.72664626e-04,equilibrium,7.31789423e-04,7.31789423e-04,9.926564e-15,100.0000,1,107.2356,1.000000,5.520468e-02,1,7.31789423e-04,-2.185326e-13,13.591981,69.4813,8.02,
135.00,0.8386,120.0,1.0000,1.0e-03,-1,8.72664626e-04,equilibrium,7.31789423e-04,7.31789423e-04,1.262303e-13,100.0000,1,123.5417,1.000000,4.785544e-02,1,7.31789423e-04,1.020658e-12,16.394023,45.0000,7.87,
165.00,0.8386,120.0,1.0000,1.0e-03,-1,8.72664626e-04,equilibrium,7.31789423e-04,7.31789423e-04,1.997165e-13,100.0000,1,163.7291,1.000000,2.607159e-02,1,7.31789423e-04,1.935680e-12,22.794632,8.4058,7.88,
15.00,0.8567,120.0,1.0000,1.0e-03,-1,8.72664626e-04,equilibrium,7.47635997e-04,7.47635997e-04,1.450174e-16,100.0000,1,13.9732,1.000000,2.243625e-02,1,7.47635997e-04,1.740209e-15,28.781341,6.9290,16.61,
45.00,0.8567,120.0,1.0000,1.0e-03,-1,8.72664626e-04,equilibrium,7.47635997e-04,7.47635997e-04,1.580689e-14,100.0000,1,48.5559,1.000000,4.451170e-02,1,7.47635997e-04,-1.893927e-13,21.043384,37.7640,11.86,
75.00,0.8567,120.0,1.0000,1.0e-03,-1,8.72664626e-04,equilibrium,7.47635997e-04,7.47635997e-04,6.728807e-14,100.0000,1,80.8077,1.000000,5.361945e-02,1,7.47635997e-04,-6.931831e-13,14.044986,68.8306,8.04,
105.00,0.8567,120.0,1.0000,1.0e-03,-1,8.72664626e-04,equilibrium,7.47635997e-04,7.47635997e-04,4.394027e-14,100.0000,1,105.9965,1.000000,5.015695e-02,1,7.47635997e-04,4.365023e-13,14.270202,56.6588,7.48,
135.00,0.8567,120.0,1.0000,1.0e-03,-1,8.72664626e-04,equilibrium,7.47635997e-04,7.47635997e-04,1.761961e-13,100.0000,1,145.4488,1.000000,3.960896e-02,1,7.47635997e-04,1.625065e-12,18.596810,32.6258,8.04,
165.00,0.8567,120.0,1.0000,1.0e-03,-1,8.72664626e-04,equilibrium,7.47635997e-04,7.47635997e-04,2.030243e-13,100.0000,1,158.6750,1.000000,2.419037e-02,1,7.47635997e-04,2.019077e-12,22.449339,7.1723,7.87,
15.00,0.8749,120.0,1.0000,1.0e-03,-1,8.72664626e-04,equilibrium,7.63482572e-04,7.63482572e-04,2.840149e-16,100.0000,1,20.2221,1.000000,2.534949e-02,1,7.63482572e-04,1.278067e-15,27.374155,11.5538,13.01,
45.00,0.8749,120.0,1.0000,1.0e-03,-1,8.72664626e-04,equilibrium,7.63482572e-04,7.63482572e-04,3.408179e-14,100.0000,1,45.5769,1.000000,4.384239e-02,1,7.63482572e-04,-3.957748e-13,19.979930,39.7705,9.54,
75.00,0.8749,120.0,1.0000,1.0e-03,-1,8.72664626e-04,equilibrium,7.63482572e-04,7.63482572e-04,7.327585e-14,100.0000,1,74.5029,1.000000,5.155564e-02,1,7.63482572e-04,-7.429830e-13,14.108386,65.5812,6.65,
105.00,0.8749,120.0,1.0000,1.0e-03,-1,8.72664626e-04,equilibrium,7.63482572e-04,7.63482572e-04,2.002305e-14,100.0000,1,97.4997,1.000000,4.891499e-02,1,7.63482572e-04,1.226944e-13,13.609341,59.8856,6.24,
135.00,0.8749,120.0,1.0000,1.0e-03,-1,8.72664626e-04,equilibrium,7.63482572e-04,7.63482572e-04,1.793554e-13,100.0000,1,135.5183,1.000000,3.575888e-02,1,7.63482572e-04,1.787448e-12,18.929428,28.9545,6.74,
165.00,0.8749,120.0,1.0000,1.0e-03,-1,8.72664626e-04,equilibrium,7.63482572e-04,7.63482572e-04,2.235197e-13,100.0000,1,172.6912,1.000000,1.686193e-02,1,7.63482572e-04,2.168312e-12,15.427844,1.3438,7.71,
15.00,0.8930,120.0,1.0000,1.0e-03,-1,8.72664626e-04,equilibrium,7.79329146e-04,7.79329146e-04,5.564797e-16,100.0000,1,22.5890,1.000000,2.580595e-02,1,7.79329146e-04,1.808559e-15,26.491712,13.7147,11.91,
45.00,0.8930,120.0,1.0000,1.0e-03,-1,8.72664626e-04,equilibrium,7.79329146e-04,7.79329146e-04,4.897022e-14,100.0000,1,52.4709,1.000000,4.269093e-02,1,7.79329146e-04,-4.257070e-13,19.253301,40.8799,10.03,
75.00,0.8930,120.0,1.0000,1.0e-03,-1,8.72664626e-04,equilibrium,7.79329146e-04,7.79329146e-04,7.679420e-14,100.0000,1,92.5740,1.000000,4.972417e-02,1,7.79329146e-04,-6.734796e-13,13.242304,71.3173,6.52,
105.00,0.8930,120.0,1.0000,1.0e-03,-1,8.72664626e-04,equilibrium,7.79329146e-04,7.79329146e-04,6.914261e-14,100.0000,1,118.3453,1.000000,4.556673e-02,1,7.79329146e-04,5.342205e-13,14.023159,53.9495,5.95,
135.00,0.8930,120.0,1.0000,1.0e-03,-1,8.72664626e-04,equilibrium,7.79329146e-04,7.79329146e-04,1.768214e-13,100.0000,1,147.8301,1.000000,3.353690e-02,1,7.79329146e-04,1.805777e-12,18.972749,25.7042,5.83,
165.00,0.8930,120.0,1.0000,1.0e-03,-1,8.72664626e-04,equilibrium,7.79329146e-04,7.79329146e-04,2.420687e-13,100.0000,1,179.5872,1.000000,1.114211e-02,1,7.79329146e-04,2.395089e-12,4.321925,0.4128,6.12,
15.00,0.9112,120.0,1.0000,1.0e-03,-1,8.72664626e-04,equilibrium,7.95175720e-04,7.95175720e-04,1.363475e-16,100.0000,1,23.8948,1.000000,2.602950e-02,1,7.95175720e-04,4.090425e-15,25.771795,14.3102,10.72,
45.00,0.9112,120.0,1.0000,1.0e-03,-1,8.72664626e-04,equilibrium,7.95175720e-04,7.95175720e-04,4.431294e-14,100.0000,1,55.2163,1.000000,4.294518e-02,1,7.95175720e-04,-4.829428e-13,17.930881,44.3721,8.59,
75.00,0.9112,120.0,1.0000,1.0e-03,-1,8.72664626e-04,equilibrium,7.95175720e-04,7.95175720e-04,4.676719e-14,100.0000,1,90.9565,1.000000,4.797492e-02,1,7.95175720e-04,-4.301763e-13,12.683218,75.0000,7.86,
105.00,0.9112,120.0,1.0000,1.0e-03,-1,8.72664626e-04,equilibrium,7.95175720e-04,7.95175720e-04,7.867250e-14,100.0000,1,130.2460,1.000000,4.290860e-02,1,7.95175720e-04,8.521718e-13,14.406684,49.6976,6.34,
135.00,0.9112,120.0,1.0000,1.0e-03,-1,8.72664626e-04,equilibrium,7.95175720e-04,7.95175720e-04,1.707071e-13,100.0000,1,149.6303,1.000000,3.032928e-02,1,7.95175720e-04,1.778653e-12,19.191291,21.8318,5.77,
165.00,0.9112,120.0,1.0000,1.0e-03,-1,8.72664626e-04,equilibrium,7.95175720e-04,7.95175720e-04,2.151563e-13,100.0000,1,173.8080,1.000000,1.273476e-02,1,7.95175720e-04,2.202148e-12,9.998566,0.2009,6.66,
15.00,0.9364,120.0,1.0000,1.0e-03,-1,8.72664626e-04,equilibrium,8.17186528e-04,8.17186528e-04,3.980250e-16,100.0000,1,20.2859,1.000000,2.290795e-02,1,8.17186528e-04,4.112925e-15,25.613602,11.2657,9.68,
45.00,0.9364,120.0,1.0000,1.0e-03,-1,8.72664626e-04,equilibrium,8.17186528e-04,8.17186528e-04,3.980250e-14,100.0000,1,53.8094,1.000000,3.938579e-02,1,8.17186528e-04,-3.083367e-13,18.435473,40.5259,8.47,
75.00,0.9364,120.0,1.0000,1.0e-03,-1,8.72664626e-04,equilibrium,8.17186528e-04,8.17186528e-04,8.531002e-14,100.0000,1,93.3091,1.000000,4.565884e-02,1,8.17186528e-04,-6.404222e-13,12.716117,70.6135,5.83,
105.00,0.9364,120.0,1.0000,1.0e-03,-1,8.72664626e-04,equilibrium,8.17186528e-04,8.17186528e-04,5.943840e-14,100.0000,1,115.3660,1.000000,4.233526e-02,1,8.17186528e-04,5.167691e-13,13.253451,54.8346,5.01,
135.00,0.9364,120.0,1.0000,1.0e-03,-1,8.72664626e-04,equilibrium,8.17186528e-04,8.17186528e-04,1.846836e-13,100.0000,1,148.8285,1.000000,3.110546e-02,1,8.17186528e-04,1.801328e-12,17.875717,26.9790,6.53,
165.00,0.9364,120.0,1.0000,1.0e-03,-1,8.72664626e-04,equilibrium,8.17186528e-04,8.17186528e-04,2.209039e-13,100.0000,1,174.8392,1.000000,1.462626e-02,1,8.17186528e-04,2.187015e-12,13.886898,1.2226,6.55,
15.00,0.9435,120.0,1.0000,1.0e-03,-1,8.72664626e-04,equilibrium,8.23350761e-04,8.23350761e-04,2.633634e-16,100.0000,1,20.9246,1.000000,2.224918e-02,1,8.23350761e-04,2.896997e-15,25.495446,10.7275,9.78,
45.00,0.9435,120.0,1.0000,1.0e-03,-1,8.72664626e-04,equilibrium,8.23350761e-04,8.23350761e-04,2.738979e-14,100.0000,1,45.2576,1.000000,3.865008e-02,1,8.23350761e-04,-2.587545e-13,18.409646,40.1748,7.90,
75.00,0.9435,120.0,1.0000,1.0e-03,-1,8.72664626e-04,equilibrium,8.23350761e-04,8.23350761e-04,5.570135e-14,100.0000,1,86.2047,1.000000,4.504869e-02,1,8.23350761e-04,-6.287801e-13,12.647803,69.7973,5.34,
105.00,0.9435,120.0,1.0000,1.0e-03,-1,8.72664626e-04,equilibrium,8.23350761e-04,8.23350761e-04,5.056577e-14,100.0000,1,121.1123,1.000000,4.212062e-02,1,8.23350761e-04,4.940697e-13,13.111930,55.1932,5.32,
135.00,0.9435,120.0,1.0000,1.0e-03,-1,8.72664626e-04,equilibrium,8.23350761e-04,8.23350761e-04,1.813257e-13,100.0000,1,138.6506,1.000000,3.096606e-02,1,8.23350761e-04,1.791924e-12,17.638762,27.6431,6.05,
165.00,0.9435,120.0,1.0000,1.0e-03,-1,8.72664626e-04,equilibrium,8.23350761e-04,8.23350761e-04,2.214886e-13,100.0000,1,190.5762,1.000000,1.501394e-02,1,8.23350761e-04,2.191710e-12,14.373771,0.7942,7.97,
15.00,0.9506,120.0,1.0000,1.0e-03,-1,8.72664626e-04,equilibrium,8.29514994e-04,8.29514994e-04,3.921094e-16,100.0000,1,21.1095,1.000000,2.167747e-02,1,8.29514994e-04,2.352657e-15,25.356851,10.4095,9.41,
45.00,0.9506,120.0,1.0000,1.0e-03,-1,8.72664626e-04,equilibrium,8.29514994e-04,8.29514994e-04,2.600993e-14,100.0000,1,54.6983,1.000000,3.804464e-02,1,8.29514994e-04,-2.525185e-13,18.342480,39.9685,6.73,
75.00,0.9506,120.0,1.0000,1.0e-03,-1,8.72664626e-04,equilibrium,8.29514994e-04,8.29514994e-04,4.064868e-14,100.0000,1,87.7489,1.000000,4.444925e-02,1,8.29514994e-04,-5.794070e-13,12.562860,69.6296,4.47,
105.00,0.9506,120.0,1.0000,1.0e-03,-1,8.72664626e-04,equilibrium,8.29514994e-04,8.29514994e-04,3.411352e-14,100.0000,1,103.0638,1.000000,4.156735e-02,1,8.29514994e-04,3.923708e-13,12.999102,55.2318,4.24,
135.00,0.9506,120.0,1.0000,1.0e-03,-1,8.72664626e-04,equilibrium,8.29514994e-04,8.29514994e-04,1.790633e-13,100.0000,1,135.7793,1.000000,3.117281e-02,1,8.29514994e-04,1.789849e-12,17.439193,28.0111,5.38,
165.00,0.9506,120.0,1.0000,1.0e-03,-1,8.72664626e-04,equilibrium,8.29514994e-04,8.29514994e-04,2.151374e-13,100.0000,1,172.6124,1.000000,1.520313e-02,1,8.29514994e-04,2.185487e-12,14.807611,0.4921,8.57,
15.00,0.9576,120.0,1.0000,1.0e-03,-1,8.72664626e-04,equilibrium,8.35679227e-04,8.35679227e-04,5.189561e-16,100.0000,1,16.6253,1.000000,2.146590e-02,1,8.35679227e-04,5.708518e-15,25.208545,10.3618,10.28,
45.00,0.9576,120.0,1.0000,1.0e-03,-1,8.72664626e-04,equilibrium,8.35679227e-04,8.35679227e-04,2.387198e-14,100.0000,1,53.7401,1.000000,3.744253e-02,1,8.35679227e-04,-2.509153e-13,18.255630,39.4426,7.71,
75.00,0.9576,120.0,1.0000,1.0e-03,-1,8.72664626e-04,equilibrium,8.35679227e-04,8.35679227e-04,5.942048e-14,100.0000,1,74.0736,1.000000,4.387184e-02,1,8.35679227e-04,-5.221996e-13,12.469958,71.7159,6.06,
105.00,0.9576,120.0,1.0000,1.0e-03,-1,8.72664626e-04,equilibrium,8.35679227e-04,8.35679227e-04,5.384170e-14,100.0000,1,105.7575,1.000000,4.065938e-02,1,8.35679227e-04,4.705635e-13,12.900123,55.4049,5.58,
135.00,0.9576,120.0,1.0000,1.0e-03,-1,8.72664626e-04,equilibrium,8.35679227e-04,8.35679227e-04,1.678823e-13,100.0000,1,137.7377,1.000000,3.078625e-02,1,8.35679227e-04,1.728643e-12,17.260257,28.3408,7.06,
165.00,0.9576,120.0,1.0000,1.0e-03,-1,8.72664626e-04,equilibrium,8.35679227e-04,8.35679227e-04,2.241891e-13,100.0000,1,169.2297,1.000000,1.530963e-02,1,8.35679227e-04,2.223468e-12,15.171113,0.6060,8.55,
15.00,0.9647,120.0,1.0000,1.0e-03,-1,8.72664626e-04,equilibrium,8.41843460e-04,8.41843460e-04,3.863671e-16,100.0000,1,19.7969,1.000000,2.089770e-02,1,8.41843460e-04,3.348515e-15,25.055179,9.9146,10.93,
45.00,0.9647,120.0,1.0000,1.0e-03,-1,8.72664626e-04,equilibrium,8.41843460e-04,8.41843460e-04,2.253808e-14,100.0000,1,54.7261,1.000000,3.694873e-02,1,8.41843460e-04,-2.502371e-13,18.157343,39.5386,10.42,
75.00,0.9647,120.0,1.0000,1.0e-03,-1,8.72664626e-04,equilibrium,8.41843460e-04,8.41843460e-04,5.151562e-14,100.0000,1,87.3148,1.000000,4.328970e-02,1,8.41843460e-04,-4.901711e-13,12.372928,69.6370,5.30,
105.00,0.9647,120.0,1.0000,1.0e-03,-1,8.72664626e-04,equilibrium,8.41843460e-04,8.41843460e-04,6.632636e-14,100.0000,1,104.0754,1.000000,4.036254e-02,1,8.41843460e-04,4.850196e-13,12.809937,55.2865,5.79,
135.00,0.9647,120.0,1.0000,1.0e-03,-1,8.72664626e-04,equilibrium,8.41843460e-04,8.41843460e-04,1.737364e-13,100.0000,1,145.9068,1.000000,3.069325e-02,1,8.41843460e-04,1.687909e-12,17.095286,28.5473,5.43,
165.00,0.9647,120.0,1.0000,1.0e-03,-1,8.72664626e-04,equilibrium,8.41843460e-04,8.41843460e-04,2.297597e-13,100.0000,1,191.1576,1.000000,1.530846e-02,1,8.41843460e-04,2.278407e-12,15.586089,0.6520,6.68,
15.00,0.9717,120.0,1.0000,1.0e-03,-1,8.72664626e-04,equilibrium,8.48007693e-04,8.48007693e-04,3.835586e-16,100.0000,1,17.1735,1.000000,2.051852e-02,1,8.48007693e-04,3.068469e-15,24.898124,9.7962,9.88,
45.00,0.9717,120.0,1.0000,1.0e-03,-1,8.72664626e-04,equilibrium,8.48007693e-04,8.48007693e-04,2.288566e-14,100.0000,1,52.2857,1.000000,3.638186e-02,1,8.48007693e-04,-2.346100e-13,18.053012,39.2724,6.76,
75.00,0.9717,120.0,1.0000,1.0e-03,-1,8.72664626e-04,equilibrium,8.48007693e-04,8.48007693e-04,4.807268e-14,100.0000,1,80.8094,1.000000,4.271258e-02,1,8.48007693e-04,-5.075759e-13,12.273854,70.0402,5.11,
105.00,0.9717,120.0,1.0000,1.0e-03,-1,8.72664626e-04,equilibrium,8.48007693e-04,8.48007693e-04,4.717771e-14,100.0000,1,119.5244,1.000000,3.995892e-02,1,8.48007693e-04,4.532384e-13,12.725482,55.2301,5.27,
135.00,0.9717,120.0,1.0000,1.0e-03,-1,8.72664626e-04,equilibrium,8.48007693e-04,8.48007693e-04,1.720900e-13,100.0000,1,134.9679,1.000000,3.046587e-02,1,8.48007693e-04,1.720772e-12,16.939834,28.7313,6.61,
165.00,0.9717,120.0,1.0000,1.0e-03,-1,8.72664626e-04,equilibrium,8.48007693e-04,8.48007693e-04,2.280895e-13,100.0000,1,173.3193,1.000000,1.491171e-02,1,8.48007693e-04,2.249188e-12,15.966531,0.8379,6.85,
15.00,0.9788,120.0,1.0000,1.0e-03,-1,8.72664626e-04,equilibrium,8.54171927e-04,8.54171927e-04,1.269302e-16,100.0000,1,15.6315,1.000000,2.012143e-02,1,8.54171927e-04,3.046325e-15,24.740235,9.6795,11.67,
45.00,0.9788,120.0,1.0000,1.0e-03,-1,8.72664626e-04,equilibrium,8.54171927e-04,8.54171927e-04,2.119734e-14,100.0000,1,49.3873,1.000000,3.589064e-02,1,8.54171927e-04,-2.124812e-13,17.944608,39.0414,8.22,
75.00,0.9788,120.0,1.0000,1.0e-03,-1,8.72664626e-04,equilibrium,8.54171927e-04,8.54171927e-04,3.097097e-14,100.0000,1,81.1211,1.000000,4.217055e-02,1,8.54171927e-04,-4.768768e-13,12.173822,69.8829,5.34,
105.00,0.9788,120.0,1.0000,1.0e-03,-1,8.72664626e-04,equilibrium,8.54171927e-04,8.54171927e-04,4.747190e-14,100.0000,1,117.8188,1.000000,3.915389e-02,1,8.54171927e-04,4.898237e-13,12.645265,55.0821,5.62,
135.00,0.9788,120.0,1.0000,1.0e-03,-1,8.72664626e-04,equilibrium,8.54171927e-04,8.54171927e-04,1.671671e-13,100.0000,1,144.0384,1.000000,2.976434e-02,1,8.54171927e-04,1.695280e-12,16.791498,28.8632,6.80,
165.00,0.9788,120.0,1.0000,1.0e-03,-1,8.72664626e-04,equilibrium,8.54171927e-04,8.54171927e-04,2.308860e-13,100.0000,1,172.6547,1.000000,1.521796e-02,1,8.54171927e-04,2.297691e-12,16.344525,0.2653,8.15,
15.00,0.9859,120.0,1.0000,1.0e-03,-1,8.72664626e-04,equilibrium,8.60336160e-04,8.60336160e-04,1.260208e-16,100.0000,1,17.6546,1.000000,2.007201e-02,1,8.60336160e-04,3.906644e-15,24.581370,9.4435,9.45,
45.00,0.9859,120.0,1.0000,1.0e-03,-1,8.72664626e-04,equilibrium,8.60336160e-04,8.60336160e-04,2.961488e-14,100.0000,1,50.0317,1.000000,3.545444e-02,1,8.60336160e-04,-2.212925e-13,17.833581,39.1871,8.95,
75.00,0.9859,120.0,1.0000,1.0e-03,-1,8.72664626e-04,equilibrium,8.60336160e-04,8.60336160e-04,5.935578e-14,100.0000,1,82.9889,1.000000,4.163349e-02,1,8.60336160e-04,-5.353362e-13,12.073531,69.9567,4.51,
105.00,0.9859,120.0,1.0000,1.0e-03,-1,8.72664626e-04,equilibrium,8.60336160e-04,8.60336160e-04,4.725779e-14,100.0000,1,108.3666,1.000000,3.855680e-02,1,8.60336160e-04,4.259502e-13,12.568572,54.9207,4.78,
135.00,0.9859,120.0,1.0000,1.0e-03,-1,8.72664626e-04,equilibrium,8.60336160e-04,8.60336160e-04,1.672295e-13,100.0000,1,133.9106,1.000000,2.954348e-02,1,8.60336160e-04,1.687040e-12,16.649425,28.9912,6.18,
165.00,0.9859,120.0,1.0000,1.0e-03,-1,8.72664626e-04,equilibrium,8.60336160e-04,8.60336160e-04,2.269634e-13,100.0000,1,170.7297,1.000000,1.521723e-02,1,8.60336160e-04,2.263207e-12,16.767789,0.1945,6.87,
15.00,0.9929,120.0,1.0000,1.0e-03,-1,8.72664626e-04,equilibrium,8.66500393e-04,8.66500393e-04,1.251243e-16,100.0000,1,18.8365,1.000000,1.984257e-02,1,8.66500393e-04,3.253231e-15,24.422287,9.3351,11.06,
45.00,0.9929,120.0,1.0000,1.0e-03,-1,8.72664626e-04,equilibrium,8.66500393e-04,8.66500393e-04,2.114600e-14,100.0000,1,52.8088,1.000000,3.491771e-02,1,8.66500393e-04,-1.969456e-13,17.721464,38.9747,8.81,
75.00,0.9929,120.0,1.0000,1.0e-03,-1,8.72664626e-04,equilibrium,8.66500393e-04,8.66500393e-04,5.555517e-14,100.0000,1,83.7151,1.000000,3.587149e-02,1,8.66500393e-04,-4.812279e-13,11.973459,70.5072,5.54,
105.00,0.9929,120.0,1.0000,1.0e-03,-1,8.72664626e-04,equilibrium,8.66500393e-04,8.66500393e-04,5.730691e-14,100.0000,1,112.7054,1.000000,3.819442e-02,1,8.66500393e-04,4.733451e-13,12.494020,54.8662,5.86,
135.00,0.9929,120.0,1.0000,1.0e-03,-1,8.72664626e-04,equilibrium,8.66500393e-04,8.66500393e-04,1.690429e-13,100.0000,1,143.9354,1.000000,2.950017e-02,1,8.66500393e-04,1.637126e-12,16.511544,29.1290,4.86,
165.00,0.9929,120.0,1.0000,1.0e-03,-1,8.72664626e-04,equilibrium,8.66500393e-04,8.66500393e-04,2.343577e-13,100.0000,1,170.2843,1.000000,1.511307e-02,1,8.66500393e-04,2.277887e-12,17.252392,0.2816,4.67,
15.00,0.7659,20.0,1.8000,1.0e-03,-1,5.23598776e-03,error,NaN,NaN,NaN,NaN,0,NaN,NaN,NaN,0,4.01041876e-03,NaN,NaN,NaN,0.01,DomainError with -3.229704892170386e-8: sqrt was called with
45.00,0.7659,20.0,1.8000,1.0e-03,-1,5.23598776e-03,error,NaN,NaN,NaN,NaN,0,NaN,NaN,NaN,0,4.01041876e-03,NaN,NaN,NaN,0.01,DomainError with -1.3769989539251638e-7: sqrt was called wit
75.00,0.7659,20.0,1.8000,1.0e-03,-1,5.23598776e-03,error,NaN,NaN,NaN,NaN,0,NaN,NaN,NaN,0,4.01041876e-03,NaN,NaN,NaN,0.00,DomainError with -2.2298573175930822e-7: sqrt was called wit
105.00,0.7659,20.0,1.8000,1.0e-03,-1,5.23598776e-03,error,NaN,NaN,NaN,NaN,0,NaN,NaN,NaN,0,4.01041876e-03,NaN,NaN,NaN,0.01,DomainError with -2.320542023118252e-7: sqrt was called with
135.00,0.7659,20.0,1.8000,1.0e-03,-1,5.23598776e-03,error,NaN,NaN,NaN,NaN,0,NaN,NaN,NaN,0,4.01041876e-03,NaN,NaN,NaN,4.50,DomainError with -2.5804751505341786e-7: sqrt was called wit
165.00,0.7659,20.0,1.8000,1.0e-03,-1,5.23598776e-03,error,NaN,NaN,NaN,NaN,0,NaN,NaN,NaN,0,4.01041876e-03,NaN,NaN,NaN,0.03,DomainError with -1.037419152633288e-11: sqrt was called wit
15.00,0.7841,20.0,1.8000,1.0e-03,-1,5.23598776e-03,error,NaN,NaN,NaN,NaN,0,NaN,NaN,NaN,0,4.10549820e-03,NaN,NaN,NaN,0.02,DomainError with -5.346150636236445e-8: sqrt was called with
45.00,0.7841,20.0,1.8000,1.0e-03,-1,5.23598776e-03,error,NaN,NaN,NaN,NaN,0,NaN,NaN,NaN,0,4.10549820e-03,NaN,NaN,NaN,0.02,DomainError with -1.098141420273724e-7: sqrt was called with
75.00,0.7841,20.0,1.8000,1.0e-03,-1,5.23598776e-03,error,NaN,NaN,NaN,NaN,0,NaN,NaN,NaN,0,4.10549820e-03,NaN,NaN,NaN,0.02,DomainError with -1.8339478960506384e-7: sqrt was called wit
105.00,0.7841,20.0,1.8000,1.0e-03,-1,5.23598776e-03,error,NaN,NaN,NaN,NaN,0,NaN,NaN,NaN,0,4.10549820e-03,NaN,NaN,NaN,0.02,DomainError with -2.7307665796321045e-7: sqrt was called wit
135.00,0.7841,20.0,1.8000,1.0e-03,-1,5.23598776e-03,error,NaN,NaN,NaN,NaN,0,NaN,NaN,NaN,0,4.10549820e-03,NaN,NaN,NaN,0.02,DomainError with -1.3657367537707414e-9: sqrt was called wit
165.00,0.7841,20.0,1.8000,1.0e-03,-1,5.23598776e-03,error,NaN,NaN,NaN,NaN,0,NaN,NaN,NaN,0,4.10549820e-03,NaN,NaN,NaN,0.02,DomainError with -5.859478055837179e-12: sqrt was called wit
15.00,0.8023,20.0,1.8000,1.0e-03,-1,5.23598776e-03,error,NaN,NaN,NaN,NaN,0,NaN,NaN,NaN,0,4.20057765e-03,NaN,NaN,NaN,0.02,DomainError with -4.2508388480352276e-8: sqrt was called wit
45.00,0.8023,20.0,1.8000,1.0e-03,-1,5.23598776e-03,error,NaN,NaN,NaN,NaN,0,NaN,NaN,NaN,0,4.20057765e-03,NaN,NaN,NaN,0.02,DomainError with -1.0431418413977192e-7: sqrt was called wit
75.00,0.8023,20.0,1.8000,1.0e-03,-1,5.23598776e-03,error,NaN,NaN,NaN,NaN,0,NaN,NaN,NaN,0,4.20057765e-03,NaN,NaN,NaN,0.02,DomainError with -2.4811429716801e-7: sqrt was called with a
105.00,0.8023,20.0,1.8000,1.0e-03,-1,5.23598776e-03,error,NaN,NaN,NaN,NaN,0,NaN,NaN,NaN,0,4.20057765e-03,NaN,NaN,NaN,0.02,DomainError with -8.867276716051566e-8: sqrt was called with
135.00,0.8023,20.0,1.8000,1.0e-03,-1,5.23598776e-03,error,NaN,NaN,NaN,NaN,0,NaN,NaN,NaN,0,4.20057765e-03,NaN,NaN,NaN,0.02,DomainError with -2.0900550893194117e-8: sqrt was called wit
165.00,0.8023,20.0,1.8000,1.0e-03,-1,5.23598776e-03,error,NaN,NaN,NaN,NaN,0,NaN,NaN,NaN,0,4.20057765e-03,NaN,NaN,NaN,0.03,DomainError with -4.9294347624611805e-12: sqrt was called wi
15.00,0.8204,20.0,1.8000,1.0e-03,-1,5.23598776e-03,error,NaN,NaN,NaN,NaN,0,NaN,NaN,NaN,0,4.29565709e-03,NaN,NaN,NaN,0.02,DomainError with -2.9428218479037035e-8: sqrt was called wit
45.00,0.8204,20.0,1.8000,1.0e-03,-1,5.23598776e-03,error,NaN,NaN,NaN,NaN,0,NaN,NaN,NaN,0,4.29565709e-03,NaN,NaN,NaN,0.02,DomainError with -1.2657552528940718e-8: sqrt was called wit
75.00,0.8204,20.0,1.8000,1.0e-03,-1,5.23598776e-03,error,NaN,NaN,NaN,NaN,0,NaN,NaN,NaN,0,4.29565709e-03,NaN,NaN,NaN,0.02,DomainError with -2.403541532353164e-7: sqrt was called with
105.00,0.8204,20.0,1.8000,1.0e-03,-1,5.23598776e-03,error,NaN,NaN,NaN,NaN,0,NaN,NaN,NaN,0,4.29565709e-03,NaN,NaN,NaN,0.02,DomainError with -1.1508047837811194e-7: sqrt was called wit
135.00,0.8204,20.0,1.8000,1.0e-03,-1,5.23598776e-03,error,NaN,NaN,NaN,NaN,0,NaN,NaN,NaN,0,4.29565709e-03,NaN,NaN,NaN,0.02,DomainError with -9.852322124918043e-8: sqrt was called with
165.00,0.8204,20.0,1.8000,1.0e-03,-1,5.23598776e-03,error,NaN,NaN,NaN,NaN,0,NaN,NaN,NaN,0,4.29565709e-03,NaN,NaN,NaN,0.03,DomainError with -7.247357230938427e-13: sqrt was called wit
15.00,0.8386,20.0,1.8000,1.0e-03,-1,5.23598776e-03,error,NaN,NaN,NaN,NaN,0,NaN,NaN,NaN,0,4.39073654e-03,NaN,NaN,NaN,0.02,DomainError with -2.2418395894135002e-9: sqrt was called wit
45.00,0.8386,20.0,1.8000,1.0e-03,-1,5.23598776e-03,error,NaN,NaN,NaN,NaN,0,NaN,NaN,NaN,0,4.39073654e-03,NaN,NaN,NaN,0.02,DomainError with -8.252235589001618e-8: sqrt was called with
75.00,0.8386,20.0,1.8000,1.0e-03,-1,5.23598776e-03,error,NaN,NaN,NaN,NaN,0,NaN,NaN,NaN,0,4.39073654e-03,NaN,NaN,NaN,0.02,DomainError with -1.249769070258975e-7: sqrt was called with
105.00,0.8386,20.0,1.8000,1.0e-03,-1,5.23598776e-03,error,NaN,NaN,NaN,NaN,0,NaN,NaN,NaN,0,4.39073654e-03,NaN,NaN,NaN,0.02,DomainError with -1.1152706006648336e-7: sqrt was called wit
135.00,0.8386,20.0,1.8000,1.0e-03,-1,5.23598776e-03,error,NaN,NaN,NaN,NaN,0,NaN,NaN,NaN,0,4.39073654e-03,NaN,NaN,NaN,0.02,DomainError with -9.528348417352463e-8: sqrt was called with
165.00,0.8386,20.0,1.8000,1.0e-03,-1,5.23598776e-03,error,NaN,NaN,NaN,NaN,0,NaN,NaN,NaN,0,4.39073654e-03,NaN,NaN,NaN,0.02,DomainError with -3.5518209658705876e-13: sqrt was called wi
15.00,0.8567,20.0,1.8000,1.0e-03,-1,5.23598776e-03,error,NaN,NaN,NaN,NaN,0,NaN,NaN,NaN,0,4.48581598e-03,NaN,NaN,NaN,0.02,DomainError with -1.4356517843698805e-8: sqrt was called wit
45.00,0.8567,20.0,1.8000,1.0e-03,-1,5.23598776e-03,error,NaN,NaN,NaN,NaN,0,NaN,NaN,NaN,0,4.48581598e-03,NaN,NaN,NaN,0.02,DomainError with -3.657471018473666e-8: sqrt was called with
75.00,0.8567,20.0,1.8000,1.0e-03,-1,5.23598776e-03,error,NaN,NaN,NaN,NaN,0,NaN,NaN,NaN,0,4.48581598e-03,NaN,NaN,NaN,0.02,DomainError with -2.1397423406994203e-7: sqrt was called wit
105.00,0.8567,20.0,1.8000,1.0e-03,-1,5.23598776e-03,error,NaN,NaN,NaN,NaN,0,NaN,NaN,NaN,0,4.48581598e-03,NaN,NaN,NaN,0.02,DomainError with -1.9687255852166867e-7: sqrt was called wit
135.00,0.8567,20.0,1.8000,1.0e-03,-1,5.23598776e-03,error,NaN,NaN,NaN,NaN,0,NaN,NaN,NaN,0,4.48581598e-03,NaN,NaN,NaN,0.03,DomainError with -3.245562397933105e-7: sqrt was called with
165.00,0.8567,20.0,1.8000,1.0e-03,-1,5.23598776e-03,error,NaN,NaN,NaN,NaN,0,NaN,NaN,NaN,0,4.48581598e-03,NaN,NaN,NaN,0.03,DomainError with -5.748611967882919e-14: sqrt was called wit
15.00,0.8749,20.0,1.8000,1.0e-03,-1,5.23598776e-03,error,NaN,NaN,NaN,NaN,0,NaN,NaN,NaN,0,4.58089543e-03,NaN,NaN,NaN,0.02,DomainError with -3.6695640450365556e-8: sqrt was called wit
45.00,0.8749,20.0,1.8000,1.0e-03,-1,5.23598776e-03,error,NaN,NaN,NaN,NaN,0,NaN,NaN,NaN,0,4.58089543e-03,NaN,NaN,NaN,0.02,DomainError with -2.7256914350719474e-8: sqrt was called wit
75.00,0.8749,20.0,1.8000,1.0e-03,-1,5.23598776e-03,error,NaN,NaN,NaN,NaN,0,NaN,NaN,NaN,0,4.58089543e-03,NaN,NaN,NaN,0.02,DomainError with -2.4795232796746453e-7: sqrt was called wit
105.00,0.8749,20.0,1.8000,1.0e-03,-1,5.23598776e-03,error,NaN,NaN,NaN,NaN,0,NaN,NaN,NaN,0,4.58089543e-03,NaN,NaN,NaN,0.02,DomainError with -2.503200417053362e-7: sqrt was called with
135.00,0.8749,20.0,1.8000,1.0e-03,-1,5.23598776e-03,error,NaN,NaN,NaN,NaN,0,NaN,NaN,NaN,0,4.58089543e-03,NaN,NaN,NaN,0.02,DomainError with -2.2106307856458824e-9: sqrt was called wit
165.00,0.8749,20.0,1.8000,1.0e-03,-1,5.23598776e-03,error,NaN,NaN,NaN,NaN,0,NaN,NaN,NaN,0,4.58089543e-03,NaN,NaN,NaN,0.02,DomainError with -2.569279379325364e-7: sqrt was called with
15.00,0.8930,20.0,1.8000,1.0e-03,-1,5.23598776e-03,error,NaN,NaN,NaN,NaN,0,NaN,NaN,NaN,0,4.67597488e-03,NaN,NaN,NaN,0.02,DomainError with -3.94057866208008e-8: sqrt was called with 
45.00,0.8930,20.0,1.8000,1.0e-03,-1,5.23598776e-03,error,NaN,NaN,NaN,NaN,0,NaN,NaN,NaN,0,4.67597488e-03,NaN,NaN,NaN,0.02,DomainError with -6.948492059112654e-8: sqrt was called with
75.00,0.8930,20.0,1.8000,1.0e-03,-1,5.23598776e-03,error,NaN,NaN,NaN,NaN,0,NaN,NaN,NaN,0,4.67597488e-03,NaN,NaN,NaN,0.02,DomainError with -1.485414307978728e-7: sqrt was called with
105.00,0.8930,20.0,1.8000,1.0e-03,-1,5.23598776e-03,error,NaN,NaN,NaN,NaN,0,NaN,NaN,NaN,0,4.67597488e-03,NaN,NaN,NaN,0.02,DomainError with -1.6678295336194624e-7: sqrt was called wit
135.00,0.8930,20.0,1.8000,1.0e-03,-1,5.23598776e-03,error,NaN,NaN,NaN,NaN,0,NaN,NaN,NaN,0,4.67597488e-03,NaN,NaN,NaN,0.03,DomainError with -1.2325703521624372e-7: sqrt was called wit
165.00,0.8930,20.0,1.8000,1.0e-03,-1,5.23598776e-03,error,NaN,NaN,NaN,NaN,0,NaN,NaN,NaN,0,4.67597488e-03,NaN,NaN,NaN,0.02,DomainError with -1.087392042553186e-8: sqrt was called with
15.00,0.9112,20.0,1.8000,1.0e-03,-1,5.23598776e-03,error,NaN,NaN,NaN,NaN,0,NaN,NaN,NaN,0,4.77105432e-03,NaN,NaN,NaN,0.04,DomainError with -2.4510619680591252e-8: sqrt was called wit
45.00,0.9112,20.0,1.8000,1.0e-03,-1,5.23598776e-03,error,NaN,NaN,NaN,NaN,0,NaN,NaN,NaN,0,4.77105432e-03,NaN,NaN,NaN,0.03,DomainError with -1.1647708234461366e-8: sqrt was called wit
75.00,0.9112,20.0,1.8000,1.0e-03,-1,5.23598776e-03,error,NaN,NaN,NaN,NaN,0,NaN,NaN,NaN,0,4.77105432e-03,NaN,NaN,NaN,0.02,DomainError with -1.631950392474982e-7: sqrt was called with
105.00,0.9112,20.0,1.8000,1.0e-03,-1,5.23598776e-03,error,NaN,NaN,NaN,NaN,0,NaN,NaN,NaN,0,4.77105432e-03,NaN,NaN,NaN,0.02,DomainError with -2.9802857279063854e-7: sqrt was called wit
135.00,0.9112,20.0,1.8000,1.0e-03,-1,5.23598776e-03,error,NaN,NaN,NaN,NaN,0,NaN,NaN,NaN,0,4.77105432e-03,NaN,NaN,NaN,0.03,DomainError with -2.573117729609206e-8: sqrt was called with
165.00,0.9112,20.0,1.8000,1.0e-03,-1,5.23598776e-03,error,NaN,NaN,NaN,NaN,0,NaN,NaN,NaN,0,4.77105432e-03,NaN,NaN,NaN,0.02,DomainError with -1.6231130100463987e-7: sqrt was called wit
15.00,0.9364,20.0,1.8000,1.0e-03,-1,5.23598776e-03,error,NaN,NaN,NaN,NaN,0,NaN,NaN,NaN,0,4.90311917e-03,NaN,NaN,NaN,0.01,DomainError with -5.968311601179573e-9: sqrt was called with
45.00,0.9364,20.0,1.8000,1.0e-03,-1,5.23598776e-03,error,NaN,NaN,NaN,NaN,0,NaN,NaN,NaN,0,4.90311917e-03,NaN,NaN,NaN,0.01,DomainError with -2.123957117878647e-8: sqrt was called with
75.00,0.9364,20.0,1.8000,1.0e-03,-1,5.23598776e-03,error,NaN,NaN,NaN,NaN,0,NaN,NaN,NaN,0,4.90311917e-03,NaN,NaN,NaN,0.01,DomainError with -2.669453586261892e-7: sqrt was called with
105.00,0.9364,20.0,1.8000,1.0e-03,-1,5.23598776e-03,error,NaN,NaN,NaN,NaN,0,NaN,NaN,NaN,0,4.90311917e-03,NaN,NaN,NaN,0.01,DomainError with -4.203739445136689e-7: sqrt was called with
135.00,0.9364,20.0,1.8000,1.0e-03,-1,5.23598776e-03,error,NaN,NaN,NaN,NaN,0,NaN,NaN,NaN,0,4.90311917e-03,NaN,NaN,NaN,0.01,DomainError with -1.6289996709502148e-7: sqrt was called wit
165.00,0.9364,20.0,1.8000,1.0e-03,-1,5.23598776e-03,error,NaN,NaN,NaN,NaN,0,NaN,NaN,NaN,0,4.90311917e-03,NaN,NaN,NaN,0.01,DomainError with -1.462627555431695e-9: sqrt was called with
15.00,0.9435,20.0,1.8000,1.0e-03,-1,5.23598776e-03,error,NaN,NaN,NaN,NaN,0,NaN,NaN,NaN,0,4.94010456e-03,NaN,NaN,NaN,0.01,DomainError with -2.407383603572701e-8: sqrt was called with
45.00,0.9435,20.0,1.8000,1.0e-03,-1,5.23598776e-03,error,NaN,NaN,NaN,NaN,0,NaN,NaN,NaN,0,4.94010456e-03,NaN,NaN,NaN,0.01,DomainError with -2.5145761235160343e-8: sqrt was called wit
75.00,0.9435,20.0,1.8000,1.0e-03,-1,5.23598776e-03,error,NaN,NaN,NaN,NaN,0,NaN,NaN,NaN,0,4.94010456e-03,NaN,NaN,NaN,0.01,DomainError with -2.3145682912177856e-7: sqrt was called wit
105.00,0.9435,20.0,1.8000,1.0e-03,-1,5.23598776e-03,error,NaN,NaN,NaN,NaN,0,NaN,NaN,NaN,0,4.94010456e-03,NaN,NaN,NaN,0.01,DomainError with -4.300973608588888e-7: sqrt was called with
135.00,0.9435,20.0,1.8000,1.0e-03,-1,5.23598776e-03,error,NaN,NaN,NaN,NaN,0,NaN,NaN,NaN,0,4.94010456e-03,NaN,NaN,NaN,0.01,DomainError with -2.488330317742719e-7: sqrt was called with
165.00,0.9435,20.0,1.8000,1.0e-03,-1,5.23598776e-03,error,NaN,NaN,NaN,NaN,0,NaN,NaN,NaN,0,4.94010456e-03,NaN,NaN,NaN,0.01,DomainError with -1.2324510800186638e-8: sqrt was called wit
15.00,0.9506,20.0,1.8000,1.0e-03,-1,5.23598776e-03,error,NaN,NaN,NaN,NaN,0,NaN,NaN,NaN,0,4.97708996e-03,NaN,NaN,NaN,0.01,DomainError with -1.4124524394998321e-8: sqrt was called wit
45.00,0.9506,20.0,1.8000,1.0e-03,-1,5.23598776e-03,error,NaN,NaN,NaN,NaN,0,NaN,NaN,NaN,0,4.97708996e-03,NaN,NaN,NaN,0.01,DomainError with -4.681286086488792e-8: sqrt was called with
75.00,0.9506,20.0,1.8000,1.0e-03,-1,5.23598776e-03,error,NaN,NaN,NaN,NaN,0,NaN,NaN,NaN,0,4.97708996e-03,NaN,NaN,NaN,0.01,DomainError with -2.6968498704668994e-7: sqrt was called wit
105.00,0.9506,20.0,1.8000,1.0e-03,-1,5.23598776e-03,error,NaN,NaN,NaN,NaN,0,NaN,NaN,NaN,0,4.97708996e-03,NaN,NaN,NaN,0.01,DomainError with -2.216895921810731e-7: sqrt was called with
135.00,0.9506,20.0,1.8000,1.0e-03,-1,5.23598776e-03,error,NaN,NaN,NaN,NaN,0,NaN,NaN,NaN,0,4.97708996e-03,NaN,NaN,NaN,0.01,DomainError with -1.7576832560655625e-7: sqrt was called wit
165.00,0.9506,20.0,1.8000,1.0e-03,-1,5.23598776e-03,error,NaN,NaN,NaN,NaN,0,NaN,NaN,NaN,0,4.97708996e-03,NaN,NaN,NaN,0.01,DomainError with -8.271267145895256e-10: sqrt was called wit
15.00,0.9576,20.0,1.8000,1.0e-03,-1,5.23598776e-03,error,NaN,NaN,NaN,NaN,0,NaN,NaN,NaN,0,5.01407536e-03,NaN,NaN,NaN,0.01,DomainError with -8.903474857969452e-9: sqrt was called with
45.00,0.9576,20.0,1.8000,1.0e-03,-1,5.23598776e-03,error,NaN,NaN,NaN,NaN,0,NaN,NaN,NaN,0,5.01407536e-03,NaN,NaN,NaN,0.01,DomainError with -2.768777892821774e-11: sqrt was called wit
75.00,0.9576,20.0,1.8000,1.0e-03,-1,5.23598776e-03,error,NaN,NaN,NaN,NaN,0,NaN,NaN,NaN,0,5.01407536e-03,NaN,NaN,NaN,0.01,DomainError with -1.8074333465990223e-7: sqrt was called wit
105.00,0.9576,20.0,1.8000,1.0e-03,-1,5.23598776e-03,error,NaN,NaN,NaN,NaN,0,NaN,NaN,NaN,0,5.01407536e-03,NaN,NaN,NaN,0.01,DomainError with -9.912888680167245e-8: sqrt was called with
135.00,0.9576,20.0,1.8000,1.0e-03,-1,5.23598776e-03,error,NaN,NaN,NaN,NaN,0,NaN,NaN,NaN,0,5.01407536e-03,NaN,NaN,NaN,0.02,DomainError with -1.7733276932836556e-7: sqrt was called wit
165.00,0.9576,20.0,1.8000,1.0e-03,-1,5.23598776e-03,error,NaN,NaN,NaN,NaN,0,NaN,NaN,NaN,0,5.01407536e-03,NaN,NaN,NaN,0.01,DomainError with -4.255982818535496e-9: sqrt was called with
15.00,0.9647,20.0,1.8000,1.0e-03,-1,5.23598776e-03,error,NaN,NaN,NaN,NaN,0,NaN,NaN,NaN,0,5.05106076e-03,NaN,NaN,NaN,0.02,DomainError with -3.7200253529592244e-9: sqrt was called wit
45.00,0.9647,20.0,1.8000,1.0e-03,-1,5.23598776e-03,error,NaN,NaN,NaN,NaN,0,NaN,NaN,NaN,0,5.05106076e-03,NaN,NaN,NaN,0.01,DomainError with -2.4719659743176086e-8: sqrt was called wit
75.00,0.9647,20.0,1.8000,1.0e-03,-1,5.23598776e-03,error,NaN,NaN,NaN,NaN,0,NaN,NaN,NaN,0,5.05106076e-03,NaN,NaN,NaN,0.01,DomainError with -3.775795101377943e-9: sqrt was called with
105.00,0.9647,20.0,1.8000,1.0e-03,-1,5.23598776e-03,error,NaN,NaN,NaN,NaN,0,NaN,NaN,NaN,0,5.05106076e-03,NaN,NaN,NaN,0.01,DomainError with -4.458379215707982e-7: sqrt was called with
135.00,0.9647,20.0,1.8000,1.0e-03,-1,5.23598776e-03,error,NaN,NaN,NaN,NaN,0,NaN,NaN,NaN,0,5.05106076e-03,NaN,NaN,NaN,0.01,DomainError with -1.8297790230820194e-7: sqrt was called wit
165.00,0.9647,20.0,1.8000,1.0e-03,-1,5.23598776e-03,error,NaN,NaN,NaN,NaN,0,NaN,NaN,NaN,0,5.05106076e-03,NaN,NaN,NaN,0.01,DomainError with -2.2256654590219775e-9: sqrt was called wit
15.00,0.9717,20.0,1.8000,1.0e-03,-1,5.23598776e-03,error,NaN,NaN,NaN,NaN,0,NaN,NaN,NaN,0,5.08804616e-03,NaN,NaN,NaN,0.01,DomainError with -1.5018330890602861e-9: sqrt was called wit
45.00,0.9717,20.0,1.8000,1.0e-03,-1,5.23598776e-03,error,NaN,NaN,NaN,NaN,0,NaN,NaN,NaN,0,5.08804616e-03,NaN,NaN,NaN,0.01,DomainError with -2.43706574033298e-8: sqrt was called with 
75.00,0.9717,20.0,1.8000,1.0e-03,-1,5.23598776e-03,error,NaN,NaN,NaN,NaN,0,NaN,NaN,NaN,0,5.08804616e-03,NaN,NaN,NaN,0.01,DomainError with -1.7688929675394226e-7: sqrt was called wit
105.00,0.9717,20.0,1.8000,1.0e-03,-1,5.23598776e-03,error,NaN,NaN,NaN,NaN,0,NaN,NaN,NaN,0,5.08804616e-03,NaN,NaN,NaN,0.01,DomainError with -4.317024124195657e-7: sqrt was called with
135.00,0.9717,20.0,1.8000,1.0e-03,-1,5.23598776e-03,error,NaN,NaN,NaN,NaN,0,NaN,NaN,NaN,0,5.08804616e-03,NaN,NaN,NaN,0.01,DomainError with -1.7942304270571884e-7: sqrt was called wit
165.00,0.9717,20.0,1.8000,1.0e-03,-1,5.23598776e-03,error,NaN,NaN,NaN,NaN,0,NaN,NaN,NaN,0,5.08804616e-03,NaN,NaN,NaN,0.03,DomainError with -3.31919927716196e-9: sqrt was called with 
15.00,0.9788,20.0,1.8000,1.0e-03,-1,5.23598776e-03,error,NaN,NaN,NaN,NaN,0,NaN,NaN,NaN,0,5.12503156e-03,NaN,NaN,NaN,0.01,DomainError with -8.496239079548061e-9: sqrt was called with
45.00,0.9788,20.0,1.8000,1.0e-03,-1,5.23598776e-03,error,NaN,NaN,NaN,NaN,0,NaN,NaN,NaN,0,5.12503156e-03,NaN,NaN,NaN,0.01,DomainError with -1.9323610131681724e-8: sqrt was called wit
75.00,0.9788,20.0,1.8000,1.0e-03,-1,5.23598776e-03,error,NaN,NaN,NaN,NaN,0,NaN,NaN,NaN,0,5.12503156e-03,NaN,NaN,NaN,0.01,DomainError with -4.161152699153315e-8: sqrt was called with
105.00,0.9788,20.0,1.8000,1.0e-03,-1,5.23598776e-03,error,NaN,NaN,NaN,NaN,0,NaN,NaN,NaN,0,5.12503156e-03,NaN,NaN,NaN,0.01,DomainError with -2.2802532548193217e-8: sqrt was called wit
135.00,0.9788,20.0,1.8000,1.0e-03,-1,5.23598776e-03,error,NaN,NaN,NaN,NaN,0,NaN,NaN,NaN,0,5.12503156e-03,NaN,NaN,NaN,0.01,DomainError with -1.1115235321448495e-7: sqrt was called wit
165.00,0.9788,20.0,1.8000,1.0e-03,-1,5.23598776e-03,error,NaN,NaN,NaN,NaN,0,NaN,NaN,NaN,0,5.12503156e-03,NaN,NaN,NaN,0.01,DomainError with -2.23880719659955e-9: sqrt was called with 
15.00,0.9859,20.0,1.8000,1.0e-03,-1,5.23598776e-03,error,NaN,NaN,NaN,NaN,0,NaN,NaN,NaN,0,5.16201696e-03,NaN,NaN,NaN,0.01,DomainError with -2.6866199628910184e-9: sqrt was called wit
45.00,0.9859,20.0,1.8000,1.0e-03,-1,5.23598776e-03,error,NaN,NaN,NaN,NaN,0,NaN,NaN,NaN,0,5.16201696e-03,NaN,NaN,NaN,0.01,DomainError with -1.4564849594886125e-8: sqrt was called wit
75.00,0.9859,20.0,1.8000,1.0e-03,-1,5.23598776e-03,error,NaN,NaN,NaN,NaN,0,NaN,NaN,NaN,0,5.16201696e-03,NaN,NaN,NaN,0.01,DomainError with -1.6399672015900164e-7: sqrt was called wit
105.00,0.9859,20.0,1.8000,1.0e-03,-1,5.23598776e-03,error,NaN,NaN,NaN,NaN,0,NaN,NaN,NaN,0,5.16201696e-03,NaN,NaN,NaN,0.01,DomainError with -4.313747230411485e-7: sqrt was called with
135.00,0.9859,20.0,1.8000,1.0e-03,-1,5.23598776e-03,error,NaN,NaN,NaN,NaN,0,NaN,NaN,NaN,0,5.16201696e-03,NaN,NaN,NaN,0.01,DomainError with -1.8236235940159942e-7: sqrt was called wit
165.00,0.9859,20.0,1.8000,1.0e-03,-1,5.23598776e-03,error,NaN,NaN,NaN,NaN,0,NaN,NaN,NaN,0,5.16201696e-03,NaN,NaN,NaN,0.01,DomainError with -6.621990371889322e-11: sqrt was called wit
15.00,0.9929,20.0,1.8000,1.0e-03,-1,5.23598776e-03,error,NaN,NaN,NaN,NaN,0,NaN,NaN,NaN,0,5.19900236e-03,NaN,NaN,NaN,0.01,DomainError with -1.544331552218588e-8: sqrt was called with
45.00,0.9929,20.0,1.8000,1.0e-03,-1,5.23598776e-03,error,NaN,NaN,NaN,NaN,0,NaN,NaN,NaN,0,5.19900236e-03,NaN,NaN,NaN,0.01,DomainError with -5.411737149260459e-9: sqrt was called with
75.00,0.9929,20.0,1.8000,1.0e-03,-1,5.23598776e-03,error,NaN,NaN,NaN,NaN,0,NaN,NaN,NaN,0,5.19900236e-03,NaN,NaN,NaN,0.00,DomainError with -1.3886067567290283e-7: sqrt was called wit
105.00,0.9929,20.0,1.8000,1.0e-03,-1,5.23598776e-03,error,NaN,NaN,NaN,NaN,0,NaN,NaN,NaN,0,5.19900236e-03,NaN,NaN,NaN,0.01,DomainError with -5.054575081315066e-8: sqrt was called with
135.00,0.9929,20.0,1.8000,1.0e-03,-1,5.23598776e-03,error,NaN,NaN,NaN,NaN,0,NaN,NaN,NaN,0,5.19900236e-03,NaN,NaN,NaN,0.01,DomainError with -8.450389629784555e-8: sqrt was called with
165.00,0.9929,20.0,1.8000,1.0e-03,-1,5.23598776e-03,error,NaN,NaN,NaN,NaN,0,NaN,NaN,NaN,0,5.19900236e-03,NaN,NaN,NaN,0.01,DomainError with -4.174087680751178e-10: sqrt was called wit
15.00,0.7659,60.0,1.8000,1.0e-03,-1,1.74532925e-03,equilibrium,1.33680625e-03,1.33680625e-03,0.000000e+00,100.0000,1,23.5506,1.000000,1.074456e-02,1,1.33680625e-03,4.866235e-16,15.586556,10.8564,11.35,
45.00,0.7659,60.0,1.8000,1.0e-03,-1,1.74532925e-03,equilibrium,1.33680625e-03,1.33680625e-03,5.190650e-15,100.0000,1,49.4252,1.000000,1.548808e-02,1,1.33680625e-03,-6.147677e-14,12.405908,32.1272,9.45,
75.00,0.7659,60.0,1.8000,1.0e-03,-1,1.74532925e-03,equilibrium,1.33680625e-03,1.33680625e-03,3.276598e-14,100.0000,1,62.7877,1.000000,1.875936e-02,1,1.33680625e-03,-3.247401e-13,8.900392,54.5909,7.45,
105.00,0.7659,60.0,1.8000,1.0e-03,-1,1.74532925e-03,equilibrium,1.33680625e-03,1.33680625e-03,7.461560e-15,100.0000,1,98.3095,1.000000,1.909125e-02,1,1.33680625e-03,-3.487468e-14,7.544510,68.1471,5.95,
135.00,0.7659,60.0,1.8000,1.0e-03,-1,1.74532925e-03,equilibrium,1.33680625e-03,1.33680625e-03,7.623768e-14,100.0000,1,137.2013,1.000000,1.541888e-02,1,1.33680625e-03,7.502112e-13,9.933390,34.9207,6.49,
165.00,0.7659,60.0,1.8000,1.0e-03,-1,1.74532925e-03,equilibrium,1.33680625e-03,1.33680625e-03,8.743002e-14,100.0000,1,169.4877,1.000000,6.276220e-03,1,1.33680625e-03,9.030110e-13,7.118949,3.8004,7.03,
15.00,0.7841,60.0,1.8000,1.0e-03,-1,1.74532925e-03,equilibrium,1.36849940e-03,1.36849940e-03,3.169025e-16,100.0000,1,22.1247,1.000000,1.047389e-02,1,1.36849940e-03,9.507075e-16,15.183880,10.9840,11.17,
45.00,0.7841,60.0,1.8000,1.0e-03,-1,1.74532925e-03,equilibrium,1.36849940e-03,1.36849940e-03,1.315145e-14,100.0000,1,47.3423,1.000000,1.540461e-02,1,1.36849940e-03,-9.554610e-14,11.671293,35.1873,8.43,
75.00,0.7841,60.0,1.8000,1.0e-03,-1,1.74532925e-03,equilibrium,1.36849940e-03,1.36849940e-03,2.947193e-14,100.0000,1,75.8116,1.000000,1.829112e-02,1,1.36849940e-03,-3.175363e-13,8.237807,58.6625,6.70,
105.00,0.7841,60.0,1.8000,1.0e-03,-1,1.74532925e-03,equilibrium,1.36849940e-03,1.36849940e-03,1.758809e-14,100.0000,1,106.9164,1.000000,1.700974e-02,1,1.36849940e-03,3.422547e-14,7.481340,62.8273,5.64,
135.00,0.7841,60.0,1.8000,1.0e-03,-1,1.74532925e-03,equilibrium,1.36849940e-03,1.36849940e-03,7.843337e-14,100.0000,1,127.7882,1.000000,1.449322e-02,1,1.36849940e-03,7.848090e-13,10.029098,31.3810,6.14,
165.00,0.7841,60.0,1.8000,1.0e-03,-1,1.74532925e-03,equilibrium,1.36849940e-03,1.36849940e-03,8.651438e-14,100.0000,1,169.5993,1.000000,7.311714e-03,1,1.36849940e-03,8.798798e-13,6.868946,0.4112,7.16,
15.00,0.8023,60.0,1.8000,1.0e-03,-1,1.74532925e-03,equilibrium,1.40019255e-03,1.40019255e-03,1.548647e-16,100.0000,1,21.3491,1.000000,1.018214e-02,1,1.40019255e-03,3.097295e-16,14.811930,10.8889,10.52,
45.00,0.8023,60.0,1.8000,1.0e-03,-1,1.74532925e-03,equilibrium,1.40019255e-03,1.40019255e-03,2.059701e-14,100.0000,1,52.9644,1.000000,1.514439e-02,1,1.40019255e-03,-1.080956e-13,11.105438,36.2940,7.91,
75.00,0.8023,60.0,1.8000,1.0e-03,-1,1.74532925e-03,equilibrium,1.40019255e-03,1.40019255e-03,3.159240e-14,100.0000,1,81.6529,1.000000,1.767421e-02,1,1.40019255e-03,-2.401952e-13,7.781455,63.8423,6.73,
105.00,0.8023,60.0,1.8000,1.0e-03,-1,1.74532925e-03,equilibrium,1.40019255e-03,1.40019255e-03,1.827404e-14,100.0000,1,108.8990,1.000000,1.715272e-02,1,1.40019255e-03,1.296218e-13,7.474346,59.1959,6.47,
135.00,0.8023,60.0,1.8000,1.0e-03,-1,1.74532925e-03,equilibrium,1.40019255e-03,1.40019255e-03,7.510939e-14,100.0000,1,144.9289,1.000000,1.353222e-02,1,1.40019255e-03,7.973985e-13,10.074770,28.3056,6.74,
165.00,0.8023,60.0,1.8000,1.0e-03,-1,1.74532925e-03,equilibrium,1.40019255e-03,1.40019255e-03,8.471100e-14,100.0000,1,170.9094,1.000000,7.023089e-03,1,1.40019255e-03,8.814900e-13,6.678725,1.0410,11.79,
15.00,0.8204,60.0,1.8000,1.0e-03,-1,1.74532925e-03,equilibrium,1.43188570e-03,1.43188570e-03,0.000000e+00,100.0000,1,17.2841,1.000000,9.895355e-03,1,1.43188570e-03,1.514370e-16,14.468882,10.9943,10.60,
45.00,0.8204,60.0,1.8000,1.0e-03,-1,1.74532925e-03,equilibrium,1.43188570e-03,1.43188570e-03,1.468939e-14,100.0000,1,43.4451,1.000000,1.478250e-02,1,1.43188570e-03,-1.421993e-13,10.659912,37.3411,8.48,
75.00,0.8204,60.0,1.8000,1.0e-03,-1,1.74532925e-03,equilibrium,1.43188570e-03,1.43188570e-03,1.544657e-14,100.0000,1,84.2505,1.000000,1.703655e-02,1,1.43188570e-03,-1.789985e-13,7.453106,64.1971,6.64,
105.00,0.8204,60.0,1.8000,1.0e-03,-1,1.74532925e-03,equilibrium,1.43188570e-03,1.43188570e-03,2.922734e-14,100.0000,1,101.9967,1.000000,1.618680e-02,1,1.43188570e-03,2.323043e-13,7.458641,55.7910,6.39,
135.00,0.8204,60.0,1.8000,1.0e-03,-1,1.74532925e-03,equilibrium,1.43188570e-03,1.43188570e-03,8.011016e-14,100.0000,1,142.7058,1.000000,1.270590e-02,1,1.43188570e-03,7.779317e-13,10.031425,26.2178,6.37,
165.00,0.8204,60.0,1.8000,1.0e-03,-1,1.74532925e-03,equilibrium,1.43188570e-03,1.43188570e-03,8.737913e-14,100.0000,1,174.5791,1.000000,6.912752e-03,1,1.43188570e-03,8.574361e-13,6.538077,0.2504,6.94,
15.00,0.8386,60.0,1.8000,1.0e-03,-1,1.74532925e-03,equilibrium,1.46357885e-03,1.46357885e-03,1.481577e-16,100.0000,1,19.4916,1.000000,9.449670e-03,1,1.46357885e-03,4.444730e-16,14.151208,11.3825,10.36,
45.00,0.8386,60.0,1.8000,1.0e-03,-1,1.74532925e-03,equilibrium,1.46357885e-03,1.46357885e-03,2.089023e-14,100.0000,1,54.5445,1.000000,1.438829e-02,1,1.46357885e-03,-1.737889e-13,10.295218,38.1672,7.73,
75.00,0.8386,60.0,1.8000,1.0e-03,-1,1.74532925e-03,equilibrium,1.46357885e-03,1.46357885e-03,2.474233e-14,100.0000,1,79.4007,1.000000,1.645844e-02,1,1.46357885e-03,-2.081615e-13,7.198139,65.8767,6.57,
105.00,0.8386,60.0,1.8000,1.0e-03,-1,1.74532925e-03,equilibrium,1.46357885e-03,1.46357885e-03,4.237309e-14,100.0000,1,119.5313,1.000000,1.533197e-02,1,1.46357885e-03,2.918706e-13,7.417632,53.7992,6.20,
135.00,0.8386,60.0,1.8000,1.0e-03,-1,1.74532925e-03,equilibrium,1.46357885e-03,1.46357885e-03,7.215279e-14,100.0000,1,149.2977,1.000000,1.209455e-02,1,1.46357885e-03,7.471591e-13,9.927329,24.8303,6.22,
165.00,0.8386,60.0,1.8000,1.0e-03,-1,1.74532925e-03,equilibrium,1.46357885e-03,1.46357885e-03,8.533882e-14,100.0000,1,172.2609,1.000000,6.749061e-03,1,1.46357885e-03,8.615369e-13,6.448445,0.5866,7.13,
15.00,0.8567,60.0,1.8000,1.0e-03,-1,1.74532925e-03,equilibrium,1.49527199e-03,1.49527199e-03,0.000000e+00,100.0000,1,22.7177,1.000000,9.278269e-03,1,1.49527199e-03,2.900348e-16,13.853274,11.1500,9.83,
45.00,0.8567,60.0,1.8000,1.0e-03,-1,1.74532925e-03,equilibrium,1.49527199e-03,1.49527199e-03,1.711205e-14,100.0000,1,59.7045,1.000000,1.393436e-02,1,1.49527199e-03,-1.605342e-13,9.986807,38.8184,7.64,
75.00,0.8567,60.0,1.8000,1.0e-03,-1,1.74532925e-03,equilibrium,1.49527199e-03,1.49527199e-03,2.305776e-14,100.0000,1,82.0312,1.000000,1.587234e-02,1,1.49527199e-03,-1.937432e-13,6.988055,67.7246,6.75,
105.00,0.8567,60.0,1.8000,1.0e-03,-1,1.74532925e-03,equilibrium,1.49527199e-03,1.49527199e-03,3.277393e-14,100.0000,1,121.1167,1.000000,1.497647e-02,1,1.49527199e-03,3.555826e-13,7.352561,52.2758,6.98,
135.00,0.8567,60.0,1.8000,1.0e-03,-1,1.74532925e-03,equilibrium,1.49527199e-03,1.49527199e-03,7.540904e-14,100.0000,1,137.1685,1.000000,1.156229e-02,1,1.49527199e-03,7.290024e-13,9.788852,23.9220,6.76,
165.00,0.8567,60.0,1.8000,1.0e-03,-1,1.74532925e-03,equilibrium,1.49527199e-03,1.49527199e-03,7.642416e-14,100.0000,1,165.4763,1.000000,6.699614e-03,1,1.49527199e-03,8.277592e-13,6.309894,0.2607,7.30,
15.00,0.8749,60.0,1.8000,1.0e-03,-1,1.74532925e-03,equilibrium,1.52696514e-03,1.52696514e-03,1.420075e-16,100.0000,1,22.6283,1.000000,8.919098e-03,1,1.52696514e-03,8.520447e-16,13.573076,10.8199,9.57,
45.00,0.8749,60.0,1.8000,1.0e-03,-1,1.74532925e-03,equilibrium,1.52696514e-03,1.52696514e-03,1.732491e-14,100.0000,1,52.4097,1.000000,1.355588e-02,1,1.52696514e-03,-1.661487e-13,9.721241,39.2906,7.24,
75.00,0.8749,60.0,1.8000,1.0e-03,-1,1.74532925e-03,equilibrium,1.52696514e-03,1.52696514e-03,2.044907e-14,100.0000,1,94.7769,1.000000,1.530938e-02,1,1.52696514e-03,-1.922781e-13,6.807257,67.8489,6.69,
105.00,0.8749,60.0,1.8000,1.0e-03,-1,1.74532925e-03,equilibrium,1.52696514e-03,1.52696514e-03,3.379777e-14,100.0000,1,100.4586,1.000000,1.432383e-02,1,1.52696514e-03,3.361316e-13,7.269633,51.2515,6.59,
135.00,0.8749,60.0,1.8000,1.0e-03,-1,1.74532925e-03,equilibrium,1.52696514e-03,1.52696514e-03,6.929964e-14,100.0000,1,137.2302,1.000000,1.102801e-02,1,1.52696514e-03,7.330425e-13,9.630318,23.4634,6.24,
165.00,0.8749,60.0,1.8000,1.0e-03,-1,1.74532925e-03,equilibrium,1.52696514e-03,1.52696514e-03,8.108626e-14,100.0000,1,178.3454,1.000000,6.540625e-03,1,1.52696514e-03,7.949577e-13,6.206049,1.3652,6.80,
15.00,0.8930,60.0,1.8000,1.0e-03,-1,1.74532925e-03,equilibrium,1.55865829e-03,1.55865829e-03,6.955997e-16,100.0000,1,19.0461,1.000000,8.679113e-03,1,1.55865829e-03,2.504159e-15,13.308063,10.5552,8.74,
45.00,0.8930,60.0,1.8000,1.0e-03,-1,1.74532925e-03,equilibrium,1.55865829e-03,1.55865829e-03,1.683351e-14,100.0000,1,52.3182,1.000000,1.309407e-02,1,1.55865829e-03,-1.515016e-13,9.487886,39.1570,6.51,
75.00,0.8930,60.0,1.8000,1.0e-03,-1,1.74532925e-03,equilibrium,1.55865829e-03,1.55865829e-03,1.210343e-14,100.0000,1,98.8266,1.000000,1.480016e-02,1,1.55865829e-03,-1.569273e-13,6.646886,69.2683,6.05,
105.00,0.8930,60.0,1.8000,1.0e-03,-1,1.74532925e-03,equilibrium,1.55865829e-03,1.55865829e-03,3.992742e-14,100.0000,1,121.1045,1.000000,1.370126e-02,1,1.55865829e-03,3.401482e-13,7.173195,50.3891,5.93,
135.00,0.8930,60.0,1.8000,1.0e-03,-1,1.74532925e-03,equilibrium,1.55865829e-03,1.55865829e-03,7.122940e-14,100.0000,1,148.2166,1.000000,1.065045e-02,1,1.55865829e-03,7.117376e-13,9.462457,22.7741,6.10,
165.00,0.8930,60.0,1.8000,1.0e-03,-1,1.74532925e-03,equilibrium,1.55865829e-03,1.55865829e-03,7.999396e-14,100.0000,1,172.3705,1.000000,6.063101e-03,1,1.55865829e-03,8.084259e-13,5.971777,0.6374,6.64,
15.00,0.9112,60.0,1.8000,1.0e-03,-1,1.74532925e-03,equilibrium,1.59035144e-03,1.59035144e-03,0.000000e+00,100.0000,1,16.9735,1.000000,8.282183e-03,1,1.59035144e-03,8.180850e-16,13.058678,10.1461,8.72,
45.00,0.9112,60.0,1.8000,1.0e-03,-1,1.74532925e-03,equilibrium,1.59035144e-03,1.59035144e-03,1.445283e-14,100.0000,1,54.9860,1.000000,1.269472e-02,1,1.59035144e-03,-1.404379e-13,9.284876,39.1523,6.76,
75.00,0.9112,60.0,1.8000,1.0e-03,-1,1.74532925e-03,equilibrium,1.59035144e-03,1.59035144e-03,1.118049e-14,100.0000,1,93.1705,1.000000,1.430066e-02,1,1.59035144e-03,-1.469826e-13,6.502602,69.0128,6.17,
105.00,0.9112,60.0,1.8000,1.0e-03,-1,1.74532925e-03,equilibrium,1.59035144e-03,1.59035144e-03,3.626843e-14,100.0000,1,126.0097,1.000000,1.335468e-02,1,1.59035144e-03,3.510948e-13,7.065343,49.7924,6.33,
135.00,0.9112,60.0,1.8000,1.0e-03,-1,1.74532925e-03,equilibrium,1.59035144e-03,1.59035144e-03,7.008261e-14,100.0000,1,134.6951,1.000000,1.031161e-02,1,1.59035144e-03,6.761472e-13,9.289362,22.3747,6.37,
165.00,0.9112,60.0,1.8000,1.0e-03,-1,1.74532925e-03,equilibrium,1.59035144e-03,1.59035144e-03,7.294591e-14,100.0000,1,172.2179,1.000000,6.230164e-03,1,1.59035144e-03,7.512747e-13,5.811694,0.6081,6.80,
15.00,0.9364,60.0,1.8000,1.0e-03,-1,1.74532925e-03,equilibrium,1.63437306e-03,1.63437306e-03,0.000000e+00,100.0000,1,16.2276,1.000000,7.976593e-03,1,1.63437306e-03,1.194075e-15,12.740410,9.6577,8.47,
45.00,0.9364,60.0,1.8000,1.0e-03,-1,1.74532925e-03,equilibrium,1.63437306e-03,1.63437306e-03,1.937055e-14,100.0000,1,53.5848,1.000000,1.213729e-02,1,1.63437306e-03,-1.524436e-13,9.053978,38.7261,6.63,
75.00,0.9364,60.0,1.8000,1.0e-03,-1,1.74532925e-03,equilibrium,1.63437306e-03,1.63437306e-03,2.029927e-14,100.0000,1,91.8286,1.000000,1.365682e-02,1,1.63437306e-03,-1.196728e-13,6.322970,69.0581,6.28,
105.00,0.9364,60.0,1.8000,1.0e-03,-1,1.74532925e-03,equilibrium,1.63437306e-03,1.63437306e-03,2.746372e-14,100.0000,1,105.5953,1.000000,1.262788e-02,1,1.63437306e-03,3.452203e-13,6.898851,49.3856,6.22,
135.00,0.9364,60.0,1.8000,1.0e-03,-1,1.74532925e-03,equilibrium,1.63437306e-03,1.63437306e-03,6.952170e-14,100.0000,1,150.7785,1.000000,9.910405e-03,1,1.63437306e-03,6.416163e-13,9.034619,22.3350,6.90,
165.00,0.9364,60.0,1.8000,1.0e-03,-1,1.74532925e-03,error,NaN,NaN,NaN,NaN,0,NaN,NaN,NaN,0,1.63437306e-03,NaN,NaN,NaN,0.03,DomainError with -2.053075702815321e-15: sqrt was called wit
15.00,0.9435,60.0,1.8000,1.0e-03,-1,1.74532925e-03,equilibrium,1.64670152e-03,1.64670152e-03,1.316817e-16,100.0000,1,19.2982,1.000000,7.904918e-03,1,1.64670152e-03,1.316817e-15,12.651613,9.6633,8.78,
45.00,0.9435,60.0,1.8000,1.0e-03,-1,1.74532925e-03,equilibrium,1.64670152e-03,1.64670152e-03,1.764535e-14,100.0000,1,55.3810,1.000000,1.198696e-02,1,1.64670152e-03,-1.441914e-13,8.984969,44.1957,7.20,
75.00,0.9435,60.0,1.8000,1.0e-03,-1,1.74532925e-03,equilibrium,1.64670152e-03,1.64670152e-03,1.672357e-14,100.0000,1,88.9388,1.000000,1.349777e-02,1,1.64670152e-03,-1.480102e-13,6.271336,69.1070,7.62,
105.00,0.9435,60.0,1.8000,1.0e-03,-1,1.74532925e-03,equilibrium,1.64670152e-03,1.64670152e-03,3.318379e-14,100.0000,1,106.8319,1.000000,1.255729e-02,1,1.64670152e-03,3.673919e-13,6.860286,49.2056,6.39,
135.00,0.9435,60.0,1.8000,1.0e-03,-1,1.74532925e-03,equilibrium,1.64670152e-03,1.64670152e-03,6.452403e-14,100.0000,1,154.0182,1.000000,9.666720e-03,1,1.64670152e-03,6.519560e-13,8.966385,22.4214,6.59,
165.00,0.9435,60.0,1.8000,1.0e-03,-1,1.74532925e-03,equilibrium,1.64670152e-03,1.64670152e-03,7.584865e-14,100.0000,1,166.8082,1.000000,5.915906e-03,1,1.64670152e-03,7.271463e-13,5.329300,0.9595,6.61,
15.00,0.9506,60.0,1.8000,1.0e-03,-1,1.74532925e-03,equilibrium,1.65902999e-03,1.65902999e-03,0.000000e+00,100.0000,1,21.4145,1.000000,7.803149e-03,1,1.65902999e-03,1.176328e-15,12.562623,9.7260,7.82,
45.00,0.9506,60.0,1.8000,1.0e-03,-1,1.74532925e-03,equilibrium,1.65902999e-03,1.65902999e-03,1.607649e-14,100.0000,1,56.3412,1.000000,1.183770e-02,1,1.65902999e-03,-1.222074e-13,8.915168,38.9636,6.26,
75.00,0.9506,60.0,1.8000,1.0e-03,-1,1.74532925e-03,equilibrium,1.65902999e-03,1.65902999e-03,1.463875e-14,100.0000,1,77.7033,1.000000,1.332382e-02,1,1.65902999e-03,-1.467796e-13,6.220416,69.5051,6.06,
105.00,0.9506,60.0,1.8000,1.0e-03,-1,1.74532925e-03,equilibrium,1.65902999e-03,1.65902999e-03,4.639962e-14,100.0000,1,121.9201,1.000000,1.240475e-02,1,1.65902999e-03,3.715890e-13,6.823404,48.9462,5.96,
135.00,0.9506,60.0,1.8000,1.0e-03,-1,1.74532925e-03,equilibrium,1.65902999e-03,1.65902999e-03,6.574368e-14,100.0000,1,146.4262,1.000000,9.650166e-03,1,1.65902999e-03,6.282900e-13,8.901717,22.1182,6.02,
165.00,0.9506,60.0,1.8000,1.0e-03,-1,1.74532925e-03,equilibrium,1.65902999e-03,1.65902999e-03,7.057970e-14,100.0000,1,165.3831,1.000000,5.839119e-03,1,1.65902999e-03,7.191287e-13,5.279982,0.4165,5.91,
15.00,0.9576,60.0,1.8000,1.0e-03,-1,1.74532925e-03,equilibrium,1.67135845e-03,1.67135845e-03,0.000000e+00,100.0000,1,22.1564,1.000000,7.604278e-03,1,1.67135845e-03,1.037912e-15,12.474083,9.4084,7.50,
45.00,0.9576,60.0,1.8000,1.0e-03,-1,1.74532925e-03,equilibrium,1.67135845e-03,1.67135845e-03,1.427129e-14,100.0000,1,58.0172,1.000000,1.170229e-02,1,1.67135845e-03,-1.250684e-13,8.845478,38.9073,5.68,
75.00,0.9576,60.0,1.8000,1.0e-03,-1,1.74532925e-03,error,NaN,NaN,NaN,NaN,0,NaN,NaN,NaN,0,1.67135845e-03,NaN,NaN,NaN,0.01,DomainError with -2.053075702815321e-15: sqrt was called wit
105.00,0.9576,60.0,1.8000,1.0e-03,-1,1.74532925e-03,equilibrium,1.67135845e-03,1.67135845e-03,3.632693e-14,100.0000,1,126.9030,1.000000,1.224164e-02,1,1.67135845e-03,3.844168e-13,6.787388,48.7903,5.39,
135.00,0.9576,60.0,1.8000,1.0e-03,-1,1.74532925e-03,equilibrium,1.67135845e-03,1.67135845e-03,6.084761e-14,100.0000,1,134.1588,1.000000,9.590966e-03,1,1.67135845e-03,6.326075e-13,8.839427,22.0536,5.64,
165.00,0.9576,60.0,1.8000,1.0e-03,-1,1.74532925e-03,equilibrium,1.67135845e-03,1.67135845e-03,6.837247e-14,100.0000,1,170.8364,1.000000,5.803726e-03,1,1.67135845e-03,6.977365e-13,5.211272,0.1864,6.02,
15.00,0.9647,60.0,1.8000,1.0e-03,-1,1.74532925e-03,equilibrium,1.68368692e-03,1.68368692e-03,2.575781e-16,100.0000,1,24.1763,1.000000,7.623373e-03,1,1.68368692e-03,1.287890e-15,12.386061,9.3103,7.52,
45.00,0.9647,60.0,1.8000,1.0e-03,-1,1.74532925e-03,equilibrium,1.68368692e-03,1.68368692e-03,1.043191e-14,100.0000,1,61.1832,1.000000,1.155804e-02,1,1.68368692e-03,-1.228648e-13,8.776154,38.5960,5.98,
75.00,0.9647,60.0,1.8000,1.0e-03,-1,1.74532925e-03,equilibrium,1.68368692e-03,1.68368692e-03,7.212187e-15,100.0000,1,92.5269,1.000000,1.299888e-02,1,1.68368692e-03,-1.403801e-13,6.121641,69.7688,5.51,
105.00,0.9647,60.0,1.8000,1.0e-03,-1,1.74532925e-03,equilibrium,1.68368692e-03,1.68368692e-03,3.618972e-14,100.0000,1,114.6164,1.000000,1.209016e-02,1,1.68368692e-03,3.889429e-13,6.750858,48.5499,5.49,
135.00,0.9647,60.0,1.8000,1.0e-03,-1,1.74532925e-03,equilibrium,1.68368692e-03,1.68368692e-03,6.091722e-14,100.0000,1,145.2780,1.000000,9.187810e-03,1,1.68368692e-03,6.237254e-13,8.778145,21.9258,5.42,
165.00,0.9647,60.0,1.8000,1.0e-03,-1,1.74532925e-03,equilibrium,1.68368692e-03,1.68368692e-03,6.709909e-14,100.0000,1,175.9242,1.000000,5.755405e-03,1,1.68368692e-03,6.936578e-13,5.168164,0.7614,6.18,
15.00,0.9717,60.0,1.8000,1.0e-03,-1,1.74532925e-03,equilibrium,1.69601539e-03,1.69601539e-03,1.278529e-16,100.0000,1,15.6012,1.000000,7.550042e-03,1,1.69601539e-03,1.150676e-15,12.298925,9.4115,7.89,
45.00,0.9717,60.0,1.8000,1.0e-03,-1,1.74532925e-03,equilibrium,1.69601539e-03,1.69601539e-03,1.086749e-14,100.0000,1,57.5826,1.000000,1.143508e-02,1,1.69601539e-03,-1.300264e-13,8.707305,39.0810,6.24,
75.00,0.9717,60.0,1.8000,1.0e-03,-1,1.74532925e-03,equilibrium,1.69601539e-03,1.69601539e-03,5.753379e-15,100.0000,1,89.2730,1.000000,1.282723e-02,1,1.69601539e-03,-1.091864e-13,6.073692,70.1277,5.87,
105.00,0.9717,60.0,1.8000,1.0e-03,-1,1.74532925e-03,equilibrium,1.69601539e-03,1.69601539e-03,4.206359e-14,100.0000,1,128.2604,1.000000,1.192122e-02,1,1.69601539e-03,3.677049e-13,6.715396,48.3036,5.87,
135.00,0.9717,60.0,1.8000,1.0e-03,-1,1.74532925e-03,equilibrium,1.69601539e-03,1.69601539e-03,6.469355e-14,100.0000,1,151.3287,1.000000,9.311450e-03,1,1.69601539e-03,6.171458e-13,8.717366,21.8497,5.78,
165.00,0.9717,60.0,1.8000,1.0e-03,-1,1.74532925e-03,equilibrium,1.69601539e-03,1.69601539e-03,6.405429e-14,100.0000,1,165.7015,1.000000,5.670239e-03,1,1.69601539e-03,6.855471e-13,5.100197,0.2639,6.06,
15.00,0.9788,60.0,1.8000,1.0e-03,-1,1.74532925e-03,equilibrium,1.70834385e-03,1.70834385e-03,2.538604e-16,100.0000,1,21.6860,1.000000,7.444247e-03,1,1.70834385e-03,8.885114e-16,12.213209,9.1899,6.76,
45.00,0.9788,60.0,1.8000,1.0e-03,-1,1.74532925e-03,equilibrium,1.70834385e-03,1.70834385e-03,6.346510e-15,100.0000,1,44.6778,1.000000,1.131335e-02,1,1.70834385e-03,-9.583230e-14,8.639884,39.0923,5.15,
75.00,0.9788,60.0,1.8000,1.0e-03,-1,1.74532925e-03,equilibrium,1.70834385e-03,1.70834385e-03,1.878567e-14,100.0000,1,102.4505,1.000000,1.269926e-02,1,1.70834385e-03,-1.174104e-13,6.026221,70.0575,5.61,
105.00,0.9788,60.0,1.8000,1.0e-03,-1,1.74532925e-03,equilibrium,1.70834385e-03,1.70834385e-03,3.630204e-14,100.0000,1,104.5004,1.000000,1.174436e-02,1,1.70834385e-03,3.456309e-13,6.679988,48.1402,5.35,
135.00,0.9788,60.0,1.8000,1.0e-03,-1,1.74532925e-03,equilibrium,1.70834385e-03,1.70834385e-03,6.283045e-14,100.0000,1,149.1763,1.000000,9.169646e-03,1,1.70834385e-03,6.102804e-13,8.657707,21.7450,5.35,
165.00,0.9788,60.0,1.8000,1.0e-03,-1,1.74532925e-03,equilibrium,1.70834385e-03,1.70834385e-03,6.879617e-14,100.0000,1,175.5879,1.000000,5.636229e-03,1,1.70834385e-03,6.924043e-13,5.048237,0.2267,5.30,
15.00,0.9859,60.0,1.8000,1.0e-03,-1,1.74532925e-03,equilibrium,1.72067232e-03,1.72067232e-03,5.040830e-16,100.0000,1,20.9462,1.000000,7.366178e-03,1,1.72067232e-03,1.764291e-15,12.127309,9.3126,6.19,
45.00,0.9859,60.0,1.8000,1.0e-03,-1,1.74532925e-03,equilibrium,1.72067232e-03,1.72067232e-03,2.280976e-14,100.0000,1,56.3342,1.000000,1.116739e-02,1,1.72067232e-03,-1.541234e-13,8.572910,38.9330,5.07,
75.00,0.9859,60.0,1.8000,1.0e-03,-1,1.74532925e-03,equilibrium,1.72067232e-03,1.72067232e-03,1.298014e-14,100.0000,1,94.3405,1.000000,1.254414e-02,1,1.72067232e-03,-9.955640e-14,5.982818,72.1771,4.72,
105.00,0.9859,60.0,1.8000,1.0e-03,-1,1.74532925e-03,equilibrium,1.72067232e-03,1.72067232e-03,3.402561e-14,100.0000,1,125.2863,1.000000,1.159228e-02,1,1.72067232e-03,3.558826e-13,6.644843,47.8709,5.13,
135.00,0.9859,60.0,1.8000,1.0e-03,-1,1.74532925e-03,equilibrium,1.72067232e-03,1.72067232e-03,6.149813e-14,100.0000,1,138.5522,1.000000,9.102461e-03,1,1.72067232e-03,6.094364e-13,8.598797,21.7250,4.64,
165.00,0.9859,60.0,1.8000,1.0e-03,-1,1.74532925e-03,equilibrium,1.72067232e-03,1.72067232e-03,6.452263e-14,100.0000,1,171.5889,1.000000,5.602883e-03,1,1.72067232e-03,6.798820e-13,5.001408,1.0251,4.62,
15.00,0.9929,60.0,1.8000,1.0e-03,-1,1.74532925e-03,equilibrium,1.73300079e-03,1.73300079e-03,1.251243e-16,100.0000,1,21.7901,1.000000,7.306823e-03,1,1.73300079e-03,2.127112e-15,12.043534,9.0694,5.82,
45.00,0.9929,60.0,1.8000,1.0e-03,-1,1.74532925e-03,equilibrium,1.73300079e-03,1.73300079e-03,1.238730e-14,100.0000,1,61.8698,1.000000,1.105532e-02,1,1.73300079e-03,-1.231223e-13,8.506507,38.7318,5.24,
75.00,0.9929,60.0,1.8000,1.0e-03,-1,1.74532925e-03,equilibrium,1.73300079e-03,1.73300079e-03,1.201193e-14,100.0000,1,102.2607,1.000000,1.238962e-02,1,1.73300079e-03,-1.003497e-13,5.936857,70.4393,4.94,
105.00,0.9929,60.0,1.8000,1.0e-03,-1,1.74532925e-03,equilibrium,1.73300079e-03,1.73300079e-03,3.353330e-14,100.0000,1,104.2219,1.000000,1.144140e-02,1,1.73300079e-03,3.688663e-13,6.609920,47.6259,5.59,
135.00,0.9929,60.0,1.8000,1.0e-03,-1,1.74532925e-03,equilibrium,1.73300079e-03,1.73300079e-03,6.518974e-14,100.0000,1,136.1369,1.000000,9.002001e-03,1,1.73300079e-03,6.061019e-13,8.540184,21.5938,5.26,
165.00,0.9929,60.0,1.8000,1.0e-03,-1,1.74532925e-03,equilibrium,1.73300079e-03,1.73300079e-03,6.819272e-14,100.0000,1,165.3651,1.000000,5.578647e-03,1,1.73300079e-03,6.690394e-13,4.989558,6.2909,5.30,
15.00,0.7659,120.0,1.8000,1.0e-03,-1,8.72664626e-04,equilibrium,6.68403126e-04,6.68403126e-04,1.622078e-16,100.0000,1,17.6887,1.000000,2.830190e-02,1,6.68403126e-04,1.297663e-15,31.877213,8.7331,13.30,
45.00,0.7659,120.0,1.8000,1.0e-03,-1,8.72664626e-04,equilibrium,6.68403126e-04,6.68403126e-04,2.465559e-14,100.0000,1,48.0406,1.000000,5.278427e-02,1,6.68403126e-04,-1.716159e-13,24.305604,36.0097,11.52,
75.00,0.7659,120.0,1.8000,1.0e-03,-1,8.72664626e-04,equilibrium,6.68403126e-04,6.68403126e-04,8.759223e-14,100.0000,1,77.5699,1.000000,6.540296e-02,1,6.68403126e-04,-8.433185e-13,16.717798,62.2938,9.29,
105.00,0.7659,120.0,1.8000,1.0e-03,-1,8.72664626e-04,equilibrium,6.68403126e-04,6.68403126e-04,1.281442e-14,100.0000,1,95.7175,1.000000,6.346812e-02,1,6.68403126e-04,0.000000e+00,15.259709,62.3818,9.37,
135.00,0.7659,120.0,1.8000,1.0e-03,-1,8.72664626e-04,equilibrium,6.68403126e-04,6.68403126e-04,1.291174e-13,100.0000,1,127.4096,1.000000,5.701800e-02,1,6.68403126e-04,1.217694e-12,17.735378,45.0000,7.10,
165.00,0.7659,120.0,1.8000,1.0e-03,-1,8.72664626e-04,equilibrium,6.68403126e-04,6.68403126e-04,1.867012e-13,100.0000,1,163.1156,1.000000,3.027079e-02,1,6.68403126e-04,1.764010e-12,24.993709,8.6570,6.71,
15.00,0.7841,120.0,1.8000,1.0e-03,-1,8.72664626e-04,equilibrium,6.84249700e-04,6.84249700e-04,3.169025e-16,100.0000,1,24.5930,1.000000,3.267909e-02,1,6.84249700e-04,2.376769e-15,30.045914,14.0091,11.43,
45.00,0.7841,120.0,1.8000,1.0e-03,-1,8.72664626e-04,equilibrium,6.84249700e-04,6.84249700e-04,3.137335e-14,100.0000,1,48.8229,1.000000,5.342493e-02,1,6.84249700e-04,-3.111982e-13,22.423900,39.8161,10.00,
75.00,0.7841,120.0,1.8000,1.0e-03,-1,8.72664626e-04,equilibrium,6.84249700e-04,6.84249700e-04,5.894386e-14,100.0000,1,84.2570,1.000000,6.233887e-02,1,6.84249700e-04,-6.479071e-13,16.166113,63.1873,8.24,
105.00,0.7841,120.0,1.8000,1.0e-03,-1,8.72664626e-04,equilibrium,6.84249700e-04,6.84249700e-04,2.994729e-14,100.0000,1,115.0872,1.000000,6.042755e-02,1,6.84249700e-04,3.010574e-15,14.962158,62.7881,7.33,
135.00,0.7841,120.0,1.8000,1.0e-03,-1,8.72664626e-04,equilibrium,6.84249700e-04,6.84249700e-04,1.617787e-13,100.0000,1,129.5693,1.000000,4.767620e-02,1,6.84249700e-04,1.576748e-12,19.799037,35.4885,7.79,
165.00,0.7841,120.0,1.8000,1.0e-03,-1,8.72664626e-04,equilibrium,6.84249700e-04,6.84249700e-04,2.085218e-13,100.0000,1,166.2926,1.000000,2.209727e-02,1,6.84249700e-04,2.143212e-12,21.629810,0.1859,7.78,
15.00,0.8023,120.0,1.8000,1.0e-03,-1,8.72664626e-04,equilibrium,7.00096275e-04,7.00096275e-04,0.000000e+00,100.0000,1,18.7203,1.000000,2.670911e-02,1,7.00096275e-04,9.291884e-16,30.416148,8.5558,13.72,
45.00,0.8023,120.0,1.8000,1.0e-03,-1,8.72664626e-04,equilibrium,7.00096275e-04,7.00096275e-04,6.814048e-15,100.0000,1,40.9568,1.000000,4.379287e-02,1,7.00096275e-04,-3.825159e-14,25.281585,29.1056,11.49,
75.00,0.8023,120.0,1.8000,1.0e-03,-1,8.72664626e-04,equilibrium,7.00096275e-04,7.00096275e-04,8.223317e-14,100.0000,1,73.3204,1.000000,5.851835e-02,1,7.00096275e-04,-7.371561e-13,17.472336,55.0075,9.49,
105.00,0.8023,120.0,1.8000,1.0e-03,-1,8.72664626e-04,equilibrium,7.00096275e-04,7.00096275e-04,2.044214e-14,100.0000,1,88.2381,1.000000,6.018422e-02,1,7.00096275e-04,-2.186690e-13,14.228440,74.9565,5.79,
135.00,0.8023,120.0,1.8000,1.0e-03,-1,8.72664626e-04,equilibrium,7.00096275e-04,7.00096275e-04,9.555154e-14,100.0000,1,123.9443,1.000000,5.226203e-02,1,7.00096275e-04,1.010492e-12,17.014760,45.0000,5.79,
165.00,0.8023,120.0,1.8000,1.0e-03,-1,8.72664626e-04,equilibrium,7.00096275e-04,7.00096275e-04,1.802625e-13,100.0000,1,164.0191,1.000000,2.776878e-02,1,7.00096275e-04,1.829262e-12,23.884638,8.0955,5.64,
15.00,0.8204,120.0,1.8000,1.0e-03,-1,8.72664626e-04,equilibrium,7.15942849e-04,7.15942849e-04,0.000000e+00,100.0000,1,11.8200,1.000000,2.357147e-02,1,7.15942849e-04,1.362933e-15,30.089703,6.3526,11.11,
45.00,0.8204,120.0,1.8000,1.0e-03,-1,8.72664626e-04,equilibrium,7.15942849e-04,7.15942849e-04,1.014628e-14,100.0000,1,46.9335,1.000000,4.671821e-02,1,7.15942849e-04,-1.627947e-13,22.625264,35.9710,11.42,
75.00,0.8204,120.0,1.8000,1.0e-03,-1,8.72664626e-04,equilibrium,7.15942849e-04,7.15942849e-04,5.270007e-14,100.0000,1,75.6839,1.000000,5.801976e-02,1,7.15942849e-04,-5.372984e-13,14.974467,66.3846,7.17,
105.00,0.8204,120.0,1.8000,1.0e-03,-1,8.72664626e-04,equilibrium,7.15942849e-04,7.15942849e-04,2.544141e-14,100.0000,1,116.4502,1.000000,5.483273e-02,1,7.15942849e-04,1.447737e-13,14.567586,59.1274,6.58,
135.00,0.8204,120.0,1.8000,1.0e-03,-1,8.72664626e-04,equilibrium,7.15942849e-04,7.15942849e-04,1.372019e-13,100.0000,1,139.1801,1.000000,4.597030e-02,1,7.15942849e-04,1.428354e-12,18.297301,38.5777,7.06,
165.00,0.8204,120.0,1.8000,1.0e-03,-1,8.72664626e-04,equilibrium,7.15942849e-04,7.15942849e-04,1.930821e-13,100.0000,1,163.3967,1.000000,2.771960e-02,1,7.15942849e-04,1.842837e-12,23.125404,10.0499,7.32,
15.00,0.8386,120.0,1.8000,1.0e-03,-1,8.72664626e-04,equilibrium,7.31789423e-04,7.31789423e-04,0.000000e+00,100.0000,1,19.5868,1.000000,2.573079e-02,1,7.31789423e-04,2.370523e-15,28.802595,11.1853,14.60,
45.00,0.8386,120.0,1.8000,1.0e-03,-1,8.72664626e-04,equilibrium,7.31789423e-04,7.31789423e-04,2.518680e-14,100.0000,1,51.7107,1.000000,4.652830e-02,1,7.31789423e-04,-2.729064e-13,21.361488,38.2639,10.89,
75.00,0.8386,120.0,1.8000,1.0e-03,-1,8.72664626e-04,equilibrium,7.31789423e-04,7.31789423e-04,7.570857e-14,100.0000,1,74.4135,1.000000,5.548127e-02,1,7.31789423e-04,-8.127930e-13,15.073658,63.4049,8.71,
105.00,0.8386,120.0,1.8000,1.0e-03,-1,8.72664626e-04,equilibrium,7.31789423e-04,7.31789423e-04,1.851971e-14,100.0000,1,102.9089,1.000000,4.896733e-02,1,7.31789423e-04,8.622777e-14,13.960498,70.3153,6.56,
135.00,0.8386,120.0,1.8000,1.0e-03,-1,8.72664626e-04,equilibrium,7.31789423e-04,7.31789423e-04,1.643069e-13,100.0000,1,144.3364,1.000000,3.963680e-02,1,7.31789423e-04,1.656255e-12,19.395371,30.5089,7.10,
165.00,0.8386,120.0,1.8000,1.0e-03,-1,8.72664626e-04,equilibrium,7.31789423e-04,7.31789423e-04,2.089023e-13,100.0000,1,168.8044,1.000000,2.119530e-02,1,7.31789423e-04,2.088134e-12,23.412413,2.1334,7.23,
15.00,0.8567,120.0,1.8000,1.0e-03,-1,8.72664626e-04,equilibrium,7.47635997e-04,7.47635997e-04,5.800695e-16,100.0000,1,17.7009,1.000000,2.143733e-02,1,7.47635997e-04,3.335400e-15,27.910093,11.9844,24.50,
45.00,0.8567,120.0,1.8000,1.0e-03,-1,8.72664626e-04,equilibrium,7.47635997e-04,7.47635997e-04,3.523922e-14,100.0000,1,50.9104,1.000000,4.454502e-02,1,7.47635997e-04,-2.366684e-13,21.102718,37.7072,16.14,
75.00,0.8567,120.0,1.8000,1.0e-03,-1,8.72664626e-04,equilibrium,7.47635997e-04,7.47635997e-04,8.091970e-14,100.0000,1,79.0542,1.000000,5.334533e-02,1,7.47635997e-04,-8.392156e-13,14.743028,63.3831,11.51,
105.00,0.8567,120.0,1.8000,1.0e-03,-1,8.72664626e-04,equilibrium,7.47635997e-04,7.47635997e-04,1.551686e-14,100.0000,1,101.8432,1.000000,5.192665e-02,1,7.47635997e-04,5.452654e-14,13.668461,62.1679,9.49,
135.00,0.8567,120.0,1.8000,1.0e-03,-1,8.72664626e-04,equilibrium,7.47635997e-04,7.47635997e-04,1.628545e-13,100.0000,1,146.0583,1.000000,3.889311e-02,1,7.47635997e-04,1.632896e-12,18.756872,31.7359,11.02,
165.00,0.8567,120.0,1.8000,1.0e-03,-1,8.72664626e-04,equilibrium,7.47635997e-04,7.47635997e-04,2.007041e-13,100.0000,1,175.8124,1.000000,1.668838e-02,1,7.47635997e-04,2.056927e-12,14.785768,0.9567,12.56,
15.00,0.8749,120.0,1.8000,1.0e-03,-1,8.72664626e-04,equilibrium,7.63482572e-04,7.63482572e-04,2.840149e-16,100.0000,1,21.2832,1.000000,2.592635e-02,1,7.63482572e-04,1.562082e-15,27.194283,12.5562,18.52,
45.00,0.8749,120.0,1.8000,1.0e-03,-1,8.72664626e-04,equilibrium,7.63482572e-04,7.63482572e-04,3.464982e-14,100.0000,1,47.1098,1.000000,4.380494e-02,1,7.63482572e-04,-3.824261e-13,20.120425,39.5215,14.44,
75.00,0.8749,120.0,1.8000,1.0e-03,-1,8.72664626e-04,equilibrium,7.63482572e-04,7.63482572e-04,4.075614e-14,100.0000,1,89.6205,1.000000,5.163773e-02,1,7.63482572e-04,-4.539978e-13,13.822021,68.1297,10.62,
105.00,0.8749,120.0,1.8000,1.0e-03,-1,8.72664626e-04,equilibrium,7.63482572e-04,7.63482572e-04,1.902900e-14,100.0000,1,119.0069,1.000000,4.868235e-02,1,7.63482572e-04,2.571755e-13,13.882372,57.2436,10.28,
135.00,0.8749,120.0,1.8000,1.0e-03,-1,8.72664626e-04,equilibrium,7.63482572e-04,7.63482572e-04,1.775093e-13,100.0000,1,135.8116,1.000000,3.616624e-02,1,7.63482572e-04,1.708918e-12,18.859114,28.7962,10.86,
165.00,0.8749,120.0,1.8000,1.0e-03,-1,8.72664626e-04,equilibrium,7.63482572e-04,7.63482572e-04,2.185495e-13,100.0000,1,175.4874,1.000000,1.438180e-02,1,7.63482572e-04,2.141330e-12,9.628027,0.2846,12.38,
15.00,0.8930,120.0,1.8000,1.0e-03,-1,8.72664626e-04,equilibrium,7.79329146e-04,7.79329146e-04,2.782399e-16,100.0000,1,24.4620,1.000000,2.579078e-02,1,7.79329146e-04,2.504159e-15,26.516439,13.1544,18.06,
45.00,0.8930,120.0,1.8000,1.0e-03,-1,8.72664626e-04,equilibrium,7.79329146e-04,7.79329146e-04,5.216997e-14,100.0000,1,55.8594,1.000000,4.346569e-02,1,7.79329146e-04,-5.077877e-13,18.981423,42.0607,12.74,
75.00,0.8930,120.0,1.8000,1.0e-03,-1,8.72664626e-04,equilibrium,7.79329146e-04,7.79329146e-04,3.158022e-14,100.0000,1,80.0835,1.000000,4.965965e-02,1,7.79329146e-04,-3.170543e-13,13.188445,72.3961,8.46,
105.00,0.8930,120.0,1.8000,1.0e-03,-1,8.72664626e-04,equilibrium,7.79329146e-04,7.79329146e-04,5.286557e-14,100.0000,1,122.4276,1.000000,4.554861e-02,1,7.79329146e-04,3.899532e-13,14.112513,53.3554,8.62,
135.00,0.8930,120.0,1.8000,1.0e-03,-1,8.72664626e-04,equilibrium,7.79329146e-04,7.79329146e-04,1.605444e-13,100.0000,1,148.4526,1.000000,3.315015e-02,1,7.79329146e-04,1.716183e-12,19.032068,25.4048,9.14,
165.00,0.8930,120.0,1.8000,1.0e-03,-1,8.72664626e-04,equilibrium,7.79329146e-04,7.79329146e-04,2.122970e-13,100.0000,1,177.0773,1.000000,1.434346e-02,1,7.79329146e-04,2.123527e-12,12.266717,0.3605,10.79,
15.00,0.9112,120.0,1.8000,1.0e-03,-1,8.72664626e-04,equilibrium,7.95175720e-04,7.95175720e-04,2.726950e-16,100.0000,1,22.7498,1.000000,2.502295e-02,1,7.95175720e-04,5.453900e-16,26.022123,12.9257,16.34,
45.00,0.9112,120.0,1.8000,1.0e-03,-1,8.72664626e-04,equilibrium,7.95175720e-04,7.95175720e-04,3.313244e-14,100.0000,1,54.7280,1.000000,4.219746e-02,1,7.95175720e-04,-4.879877e-13,18.411101,42.5516,12.42,
75.00,0.9112,120.0,1.8000,1.0e-03,-1,8.72664626e-04,equilibrium,7.95175720e-04,7.95175720e-04,5.603882e-14,100.0000,1,90.4786,1.000000,4.797618e-02,1,7.95175720e-04,-5.494804e-13,12.882873,73.0878,8.58,
105.00,0.9112,120.0,1.8000,1.0e-03,-1,8.72664626e-04,equilibrium,7.95175720e-04,7.95175720e-04,4.635815e-14,100.0000,1,115.3491,1.000000,4.370163e-02,1,7.95175720e-04,5.569795e-13,13.913929,52.9543,8.32,
135.00,0.9112,120.0,1.8000,1.0e-03,-1,8.72664626e-04,equilibrium,7.95175720e-04,7.95175720e-04,1.664803e-13,100.0000,1,140.3389,1.000000,3.191345e-02,1,7.95175720e-04,1.713615e-12,18.710039,24.9323,9.31,
165.00,0.9112,120.0,1.8000,1.0e-03,-1,8.72664626e-04,equilibrium,7.95175720e-04,7.95175720e-04,2.095661e-13,100.0000,1,174.3847,1.000000,1.523641e-02,1,7.95175720e-04,2.129884e-12,14.003390,0.8034,10.43,
15.00,0.9364,120.0,1.8000,1.0e-03,-1,8.72664626e-04,equilibrium,8.17186528e-04,8.17186528e-04,7.960500e-16,100.0000,1,21.8459,1.000000,2.266383e-02,1,8.17186528e-04,3.184200e-15,25.676597,10.8612,16.78,
45.00,0.9364,120.0,1.8000,1.0e-03,-1,8.72664626e-04,equilibrium,8.17186528e-04,8.17186528e-04,1.127737e-14,100.0000,1,55.4505,1.000000,3.921071e-02,1,8.17186528e-04,-2.179850e-13,18.561961,39.9258,13.93,
75.00,0.9364,120.0,1.8000,1.0e-03,-1,8.72664626e-04,equilibrium,8.17186528e-04,8.17186528e-04,6.156120e-14,100.0000,1,79.2506,1.000000,4.564326e-02,1,8.17186528e-04,-6.120297e-13,12.778302,69.3504,8.87,
105.00,0.9364,120.0,1.8000,1.0e-03,-1,8.72664626e-04,equilibrium,8.17186528e-04,8.17186528e-04,2.600430e-14,100.0000,1,119.1147,1.000000,4.271854e-02,1,8.17186528e-04,3.403114e-13,13.162736,55.5168,8.15,
135.00,0.9364,120.0,1.8000,1.0e-03,-1,8.72664626e-04,equilibrium,8.17186528e-04,8.17186528e-04,1.723448e-13,100.0000,1,146.3122,1.000000,3.147047e-02,1,8.17186528e-04,1.704476e-12,17.742312,27.9032,8.73,
165.00,0.9364,120.0,1.8000,1.0e-03,-1,8.72664626e-04,equilibrium,8.17186528e-04,8.17186528e-04,2.167909e-13,100.0000,1,173.0079,1.000000,1.521226e-02,1,8.17186528e-04,2.173614e-12,14.757537,0.7914,10.27,
15.00,0.9435,120.0,1.8000,1.0e-03,-1,8.72664626e-04,equilibrium,8.23350761e-04,8.23350761e-04,0.000000e+00,100.0000,1,21.5449,1.000000,2.202590e-02,1,8.23350761e-04,3.950451e-15,25.536280,10.8678,15.16,
45.00,0.9435,120.0,1.8000,1.0e-03,-1,8.72664626e-04,equilibrium,8.23350761e-04,8.23350761e-04,2.054234e-14,100.0000,1,49.9493,1.000000,3.859470e-02,1,8.23350761e-04,-1.872514e-13,18.494701,39.7277,10.97,
75.00,0.9435,120.0,1.8000,1.0e-03,-1,8.72664626e-04,equilibrium,8.23350761e-04,8.23350761e-04,5.464790e-14,100.0000,1,90.2240,1.000000,4.504016e-02,1,8.23350761e-04,-5.957280e-13,12.692409,69.2221,7.42,
105.00,0.9435,120.0,1.8000,1.0e-03,-1,8.72664626e-04,equilibrium,8.23350761e-04,8.23350761e-04,2.106907e-14,100.0000,1,101.6682,1.000000,4.226280e-02,1,8.23350761e-04,2.895680e-13,13.049395,55.6294,6.83,
135.00,0.9435,120.0,1.8000,1.0e-03,-1,8.72664626e-04,equilibrium,8.23350761e-04,8.23350761e-04,1.657872e-13,100.0000,1,149.0881,1.000000,3.162412e-02,1,8.23350761e-04,1.673279e-12,17.546483,28.2548,8.12,
165.00,0.9435,120.0,1.8000,1.0e-03,-1,8.72664626e-04,equilibrium,8.23350761e-04,8.23350761e-04,2.166164e-13,100.0000,1,167.6142,1.000000,1.532782e-02,1,8.23350761e-04,2.219627e-12,15.079136,0.7970,9.19,
15.00,0.9506,120.0,1.8000,1.0e-03,-1,8.72664626e-04,equilibrium,8.29514994e-04,8.29514994e-04,3.921094e-16,100.0000,1,19.8509,1.000000,2.159844e-02,1,8.29514994e-04,2.091250e-15,25.385014,10.2271,14.00,
45.00,0.9506,120.0,1.8000,1.0e-03,-1,8.72664626e-04,equilibrium,8.29514994e-04,8.29514994e-04,1.803703e-14,100.0000,1,52.4898,1.000000,3.798743e-02,1,8.29514994e-04,-1.610263e-13,18.403011,39.4748,10.32,
75.00,0.9506,120.0,1.8000,1.0e-03,-1,8.72664626e-04,equilibrium,8.29514994e-04,8.29514994e-04,6.692001e-14,100.0000,1,90.6914,1.000000,4.446207e-02,1,8.29514994e-04,-6.259374e-13,12.595896,69.2375,7.28,
105.00,0.9506,120.0,1.8000,1.0e-03,-1,8.72664626e-04,equilibrium,8.29514994e-04,8.29514994e-04,2.718625e-14,100.0000,1,117.6855,1.000000,4.158069e-02,1,8.29514994e-04,3.102893e-13,12.952963,55.7893,7.58,
135.00,0.9506,120.0,1.8000,1.0e-03,-1,8.72664626e-04,equilibrium,8.29514994e-04,8.29514994e-04,1.683456e-13,100.0000,1,145.7036,1.000000,3.143440e-02,1,8.29514994e-04,1.648428e-12,17.372400,28.4749,8.13,
165.00,0.9506,120.0,1.8000,1.0e-03,-1,8.72664626e-04,equilibrium,8.29514994e-04,8.29514994e-04,2.276849e-13,100.0000,1,173.6914,1.000000,1.553933e-02,1,8.29514994e-04,2.246787e-12,15.384843,0.8131,9.58,
15.00,0.9576,120.0,1.8000,1.0e-03,-1,8.72664626e-04,equilibrium,8.35679227e-04,8.35679227e-04,3.892171e-16,100.0000,1,18.2542,1.000000,2.121905e-02,1,8.35679227e-04,2.335303e-15,25.227830,10.0033,13.76,
45.00,0.9576,120.0,1.8000,1.0e-03,-1,8.72664626e-04,equilibrium,8.35679227e-04,8.35679227e-04,2.257459e-14,100.0000,1,44.6274,1.000000,3.737204e-02,1,8.35679227e-04,-1.853971e-13,18.299631,39.5832,9.92,
75.00,0.9576,120.0,1.8000,1.0e-03,-1,8.72664626e-04,equilibrium,8.35679227e-04,8.35679227e-04,6.175578e-14,100.0000,1,80.9137,1.000000,4.386216e-02,1,8.35679227e-04,-5.751331e-13,12.494789,69.3574,6.35,
105.00,0.9576,120.0,1.8000,1.0e-03,-1,8.72664626e-04,equilibrium,8.35679227e-04,8.35679227e-04,3.386189e-14,100.0000,1,118.0283,1.000000,4.106475e-02,1,8.35679227e-04,2.908749e-13,12.865364,55.5687,6.32,
135.00,0.9576,120.0,1.8000,1.0e-03,-1,8.72664626e-04,equilibrium,8.35679227e-04,8.35679227e-04,1.582816e-13,100.0000,1,143.9383,1.000000,3.108897e-02,1,8.35679227e-04,1.646648e-12,17.211387,28.6441,6.93,
165.00,0.9576,120.0,1.8000,1.0e-03,-1,8.72664626e-04,equilibrium,8.35679227e-04,8.35679227e-04,2.226322e-13,100.0000,1,173.7889,1.000000,1.546675e-02,1,8.35679227e-04,2.208158e-12,15.625566,0.3346,7.44,
15.00,0.9647,120.0,1.8000,1.0e-03,-1,8.72664626e-04,equilibrium,8.41843460e-04,8.41843460e-04,1.287890e-16,100.0000,1,17.1043,1.000000,2.101423e-02,1,8.41843460e-04,1.159101e-15,25.068192,9.9003,11.49,
45.00,0.9647,120.0,1.8000,1.0e-03,-1,8.72664626e-04,equilibrium,8.41843460e-04,8.41843460e-04,1.815926e-14,100.0000,1,44.5543,1.000000,3.690900e-02,1,8.41843460e-04,-1.414104e-13,18.189656,39.3686,8.80,
75.00,0.9647,120.0,1.8000,1.0e-03,-1,8.72664626e-04,equilibrium,8.41843460e-04,8.41843460e-04,6.439452e-14,100.0000,1,89.1556,1.000000,4.328951e-02,1,8.41843460e-04,-6.116192e-13,12.391486,69.5181,5.82,
105.00,0.9647,120.0,1.8000,1.0e-03,-1,8.72664626e-04,equilibrium,8.41843460e-04,8.41843460e-04,5.550808e-14,100.0000,1,112.1722,1.000000,4.020637e-02,1,8.41843460e-04,5.420731e-13,12.783913,55.5906,5.12,
135.00,0.9647,120.0,1.8000,1.0e-03,-1,8.72664626e-04,equilibrium,8.41843460e-04,8.41843460e-04,1.634333e-13,100.0000,1,134.4633,1.000000,3.085284e-02,1,8.41843460e-04,1.650947e-12,17.059663,28.8127,6.98,
165.00,0.9647,120.0,1.8000,1.0e-03,-1,8.72664626e-04,equilibrium,8.41843460e-04,8.41843460e-04,2.329794e-13,100.0000,1,165.9277,1.000000,1.529703e-02,1,8.41843460e-04,2.242990e-12,15.879862,0.3369,7.19,
15.00,0.9717,120.0,1.8000,1.0e-03,-1,8.72664626e-04,equilibrium,8.48007693e-04,8.48007693e-04,2.557057e-16,100.0000,1,19.6729,1.000000,2.072324e-02,1,8.48007693e-04,2.684910e-15,24.907186,9.6730,12.87,
45.00,0.9717,120.0,1.8000,1.0e-03,-1,8.72664626e-04,equilibrium,8.48007693e-04,8.48007693e-04,2.697696e-14,100.0000,1,55.0936,1.000000,3.623419e-02,1,8.48007693e-04,-1.756698e-13,18.075961,39.4791,7.43,
75.00,0.9717,120.0,1.8000,1.0e-03,-1,8.72664626e-04,equilibrium,8.48007693e-04,8.48007693e-04,6.430999e-14,100.0000,1,93.8672,1.000000,4.272592e-02,1,8.48007693e-04,-5.781507e-13,12.287062,69.5839,5.01,
105.00,0.9717,120.0,1.8000,1.0e-03,-1,8.72664626e-04,equilibrium,8.48007693e-04,8.48007693e-04,5.305894e-14,100.0000,1,124.4467,1.000000,3.994116e-02,1,8.48007693e-04,4.487636e-13,12.706382,55.3451,5.15,
135.00,0.9717,120.0,1.8000,1.0e-03,-1,8.72664626e-04,equilibrium,8.48007693e-04,8.48007693e-04,1.610946e-13,100.0000,1,142.4913,1.000000,3.041608e-02,1,8.48007693e-04,1.608261e-12,16.914317,28.8944,6.48,
165.00,0.9717,120.0,1.8000,1.0e-03,-1,8.72664626e-04,equilibrium,8.48007693e-04,8.48007693e-04,2.257882e-13,100.0000,1,168.3726,1.000000,1.539051e-02,1,8.48007693e-04,2.271818e-12,16.268559,0.5367,7.88,
15.00,0.9788,120.0,1.8000,1.0e-03,-1,8.72664626e-04,equilibrium,8.54171927e-04,8.54171927e-04,3.807906e-16,100.0000,1,20.3825,1.000000,2.030476e-02,1,8.54171927e-04,2.411674e-15,24.745911,9.5202,14.32,
45.00,0.9788,120.0,1.8000,1.0e-03,-1,8.72664626e-04,equilibrium,8.54171927e-04,8.54171927e-04,1.193144e-14,100.0000,1,45.6415,1.000000,3.583943e-02,1,8.54171927e-04,-1.317536e-13,17.960136,44.1155,7.38,
75.00,0.9788,120.0,1.8000,1.0e-03,-1,8.72664626e-04,equilibrium,8.54171927e-04,8.54171927e-04,5.521464e-14,100.0000,1,87.9146,1.000000,4.214336e-02,1,8.54171927e-04,-6.058379e-13,12.182877,69.9330,4.79,
105.00,0.9788,120.0,1.8000,1.0e-03,-1,8.72664626e-04,equilibrium,8.54171927e-04,8.54171927e-04,6.422668e-14,100.0000,1,120.9243,1.000000,3.783138e-02,1,8.54171927e-04,3.911989e-13,12.631915,55.1651,4.66,
135.00,0.9788,120.0,1.8000,1.0e-03,-1,8.72664626e-04,equilibrium,8.54171927e-04,8.54171927e-04,1.617091e-13,100.0000,1,142.3913,1.000000,2.987063e-02,1,8.54171927e-04,1.635369e-12,16.774307,29.0045,5.18,
165.00,0.9788,120.0,1.8000,1.0e-03,-1,8.72664626e-04,equilibrium,8.54171927e-04,8.54171927e-04,2.264435e-13,100.0000,1,165.4444,1.000000,1.529937e-02,1,8.54171927e-04,2.305687e-12,16.569493,0.1730,6.88,
15.00,0.9859,120.0,1.8000,1.0e-03,-1,8.72664626e-04,equilibrium,8.60336160e-04,8.60336160e-04,1.260208e-16,100.0000,1,18.7567,1.000000,2.011886e-02,1,8.60336160e-04,2.898477e-15,24.584570,9.5469,10.57,
45.00,0.9859,120.0,1.8000,1.0e-03,-1,8.72664626e-04,equilibrium,8.60336160e-04,8.60336160e-04,2.016332e-14,100.0000,1,52.0791,1.000000,3.542789e-02,1,8.60336160e-04,-1.358504e-13,17.843015,38.9724,8.74,
75.00,0.9859,120.0,1.8000,1.0e-03,-1,8.72664626e-04,equilibrium,8.60336160e-04,8.60336160e-04,5.381086e-14,100.0000,1,74.4055,1.000000,4.162417e-02,1,8.60336160e-04,-5.500806e-13,12.078878,69.9769,5.68,
105.00,0.9859,120.0,1.8000,1.0e-03,-1,8.72664626e-04,equilibrium,8.60336160e-04,8.60336160e-04,6.704304e-14,100.0000,1,104.1928,1.000000,3.893106e-02,1,8.60336160e-04,5.136606e-13,12.559939,54.9628,4.56,
135.00,0.9859,120.0,1.8000,1.0e-03,-1,8.72664626e-04,equilibrium,8.60336160e-04,8.60336160e-04,1.551316e-13,100.0000,1,135.3688,1.000000,2.980441e-02,1,8.60336160e-04,1.637010e-12,16.638986,29.0642,5.44,
165.00,0.9859,120.0,1.8000,1.0e-03,-1,8.72664626e-04,equilibrium,8.60336160e-04,8.60336160e-04,2.307440e-13,100.0000,1,171.4683,1.000000,1.520767e-02,1,8.60336160e-04,2.294586e-12,16.943521,0.6126,5.97,
15.00,0.9929,120.0,1.8000,1.0e-03,-1,8.72664626e-04,equilibrium,8.66500393e-04,8.66500393e-04,3.753728e-16,100.0000,1,18.5293,1.000000,1.979696e-02,1,8.66500393e-04,2.377361e-15,24.423662,9.3128,11.18,
45.00,0.9929,120.0,1.8000,1.0e-03,-1,8.72664626e-04,equilibrium,8.66500393e-04,8.66500393e-04,1.564053e-14,100.0000,1,53.9537,1.000000,3.486264e-02,1,8.66500393e-04,-1.418909e-13,17.725754,39.0043,8.09,
75.00,0.9929,120.0,1.8000,1.0e-03,-1,8.72664626e-04,equilibrium,8.66500393e-04,8.66500393e-04,3.165644e-14,100.0000,1,92.2895,1.000000,3.589187e-02,1,8.66500393e-04,-4.439409e-13,11.975923,70.6277,6.45,
105.00,0.9929,120.0,1.8000,1.0e-03,-1,8.72664626e-04,equilibrium,8.66500393e-04,8.66500393e-04,6.569023e-14,100.0000,1,104.5084,1.000000,3.815605e-02,1,8.66500393e-04,4.052775e-13,12.489960,54.8280,4.94,
135.00,0.9929,120.0,1.8000,1.0e-03,-1,8.72664626e-04,equilibrium,8.66500393e-04,8.66500393e-04,1.615354e-13,100.0000,1,147.3862,1.000000,2.914791e-02,1,8.66500393e-04,1.633873e-12,16.507138,29.1189,5.10,
165.00,0.9929,120.0,1.8000,1.0e-03,-1,8.72664626e-04,equilibrium,8.66500393e-04,8.66500393e-04,2.269754e-13,100.0000,1,167.5202,1.000000,1.502445e-02,1,8.66500393e-04,2.285520e-12,17.420958,0.3796,5.74,
15.00,0.7659,20.0,5.0000,1.0e-03,-1,5.23598776e-03,error,NaN,NaN,NaN,NaN,0,NaN,NaN,NaN,0,4.01041876e-03,NaN,NaN,NaN,0.02,DomainError with -2.265102612938638e-7: sqrt was called with
45.00,0.7659,20.0,5.0000,1.0e-03,-1,5.23598776e-03,error,NaN,NaN,NaN,NaN,0,NaN,NaN,NaN,0,4.01041876e-03,NaN,NaN,NaN,0.00,DomainError with -4.96160647488346e-8: sqrt was called with 
75.00,0.7659,20.0,5.0000,1.0e-03,-1,5.23598776e-03,error,NaN,NaN,NaN,NaN,0,NaN,NaN,NaN,0,4.01041876e-03,NaN,NaN,NaN,0.02,DomainError with -1.767143829123049e-7: sqrt was called with
105.00,0.7659,20.0,5.0000,1.0e-03,-1,5.23598776e-03,error,NaN,NaN,NaN,NaN,0,NaN,NaN,NaN,0,4.01041876e-03,NaN,NaN,NaN,0.00,DomainError with -3.200650420618627e-7: sqrt was called with
135.00,0.7659,20.0,5.0000,1.0e-03,-1,5.23598776e-03,error,NaN,NaN,NaN,NaN,0,NaN,NaN,NaN,0,4.01041876e-03,NaN,NaN,NaN,0.02,DomainError with -3.298546473894743e-7: sqrt was called with
165.00,0.7659,20.0,5.0000,1.0e-03,-1,5.23598776e-03,error,NaN,NaN,NaN,NaN,0,NaN,NaN,NaN,0,4.01041876e-03,NaN,NaN,NaN,0.02,DomainError with -2.8677098677221232e-8: sqrt was called wit
15.00,0.7841,20.0,5.0000,1.0e-03,-1,5.23598776e-03,error,NaN,NaN,NaN,NaN,0,NaN,NaN,NaN,0,4.10549820e-03,NaN,NaN,NaN,0.01,DomainError with -9.296142006101832e-10: sqrt was called wit
45.00,0.7841,20.0,5.0000,1.0e-03,-1,5.23598776e-03,error,NaN,NaN,NaN,NaN,0,NaN,NaN,NaN,0,4.10549820e-03,NaN,NaN,NaN,0.00,DomainError with -2.3287671989652144e-7: sqrt was called wit
75.00,0.7841,20.0,5.0000,1.0e-03,-1,5.23598776e-03,error,NaN,NaN,NaN,NaN,0,NaN,NaN,NaN,0,4.10549820e-03,NaN,NaN,NaN,0.03,DomainError with -3.995172215866701e-7: sqrt was called with
105.00,0.7841,20.0,5.0000,1.0e-03,-1,5.23598776e-03,error,NaN,NaN,NaN,NaN,0,NaN,NaN,NaN,0,4.10549820e-03,NaN,NaN,NaN,0.01,DomainError with -1.7788473669086313e-7: sqrt was called wit
135.00,0.7841,20.0,5.0000,1.0e-03,-1,5.23598776e-03,error,NaN,NaN,NaN,NaN,0,NaN,NaN,NaN,0,4.10549820e-03,NaN,NaN,NaN,0.02,DomainError with -3.4768710324762774e-7: sqrt was called wit
165.00,0.7841,20.0,5.0000,1.0e-03,-1,5.23598776e-03,error,NaN,NaN,NaN,NaN,0,NaN,NaN,NaN,0,4.10549820e-03,NaN,NaN,NaN,0.02,DomainError with -6.003250043580045e-8: sqrt was called with
15.00,0.8023,20.0,5.0000,1.0e-03,-1,5.23598776e-03,error,NaN,NaN,NaN,NaN,0,NaN,NaN,NaN,0,4.20057765e-03,NaN,NaN,NaN,0.00,DomainError with -4.638647399416707e-8: sqrt was called with
45.00,0.8023,20.0,5.0000,1.0e-03,-1,5.23598776e-03,error,NaN,NaN,NaN,NaN,0,NaN,NaN,NaN,0,4.20057765e-03,NaN,NaN,NaN,0.02,DomainError with -2.4065021497331376e-7: sqrt was called wit
75.00,0.8023,20.0,5.0000,1.0e-03,-1,5.23598776e-03,error,NaN,NaN,NaN,NaN,0,NaN,NaN,NaN,0,4.20057765e-03,NaN,NaN,NaN,0.01,DomainError with -3.9630503871342465e-7: sqrt was called wit
105.00,0.8023,20.0,5.0000,1.0e-03,-1,5.23598776e-03,error,NaN,NaN,NaN,NaN,0,NaN,NaN,NaN,0,4.20057765e-03,NaN,NaN,NaN,0.01,DomainError with -4.377284897003245e-7: sqrt was called with
135.00,0.8023,20.0,5.0000,1.0e-03,-1,5.23598776e-03,error,NaN,NaN,NaN,NaN,0,NaN,NaN,NaN,0,4.20057765e-03,NaN,NaN,NaN,0.01,DomainError with -3.651057555605553e-7: sqrt was called with
165.00,0.8023,20.0,5.0000,1.0e-03,-1,5.23598776e-03,error,NaN,NaN,NaN,NaN,0,NaN,NaN,NaN,0,4.20057765e-03,NaN,NaN,NaN,0.03,DomainError with -6.904801170606412e-8: sqrt was called with
15.00,0.8204,20.0,5.0000,1.0e-03,-1,5.23598776e-03,error,NaN,NaN,NaN,NaN,0,NaN,NaN,NaN,0,4.29565709e-03,NaN,NaN,NaN,0.02,DomainError with -3.34384167839446e-7: sqrt was called with 
45.00,0.8204,20.0,5.0000,1.0e-03,-1,5.23598776e-03,error,NaN,NaN,NaN,NaN,0,NaN,NaN,NaN,0,4.29565709e-03,NaN,NaN,NaN,0.01,DomainError with -7.896792748032116e-8: sqrt was called with
75.00,0.8204,20.0,5.0000,1.0e-03,-1,5.23598776e-03,error,NaN,NaN,NaN,NaN,0,NaN,NaN,NaN,0,4.29565709e-03,NaN,NaN,NaN,0.02,DomainError with -4.1597069433440444e-7: sqrt was called wit
105.00,0.8204,20.0,5.0000,1.0e-03,-1,5.23598776e-03,error,NaN,NaN,NaN,NaN,0,NaN,NaN,NaN,0,4.29565709e-03,NaN,NaN,NaN,0.01,DomainError with -3.4686516982781256e-8: sqrt was called wit
135.00,0.8204,20.0,5.0000,1.0e-03,-1,5.23598776e-03,error,NaN,NaN,NaN,NaN,0,NaN,NaN,NaN,0,4.29565709e-03,NaN,NaN,NaN,0.00,DomainError with -3.7397495679785986e-7: sqrt was called wit
165.00,0.8204,20.0,5.0000,1.0e-03,-1,5.23598776e-03,error,NaN,NaN,NaN,NaN,0,NaN,NaN,NaN,0,4.29565709e-03,NaN,NaN,NaN,0.02,DomainError with -1.459162121197533e-7: sqrt was called with
15.00,0.8386,20.0,5.0000,1.0e-03,-1,5.23598776e-03,error,NaN,NaN,NaN,NaN,0,NaN,NaN,NaN,0,4.39073654e-03,NaN,NaN,NaN,0.02,DomainError with -2.403318239832679e-7: sqrt was called with
45.00,0.8386,20.0,5.0000,1.0e-03,-1,5.23598776e-03,error,NaN,NaN,NaN,NaN,0,NaN,NaN,NaN,0,4.39073654e-03,NaN,NaN,NaN,0.00,DomainError with -2.9504507385928417e-7: sqrt was called wit
75.00,0.8386,20.0,5.0000,1.0e-03,-1,5.23598776e-03,error,NaN,NaN,NaN,NaN,0,NaN,NaN,NaN,0,4.39073654e-03,NaN,NaN,NaN,0.06,DomainError with -2.7458095069089737e-7: sqrt was called wit
105.00,0.8386,20.0,5.0000,1.0e-03,-1,5.23598776e-03,error,NaN,NaN,NaN,NaN,0,NaN,NaN,NaN,0,4.39073654e-03,NaN,NaN,NaN,0.01,DomainError with -9.991517990383804e-8: sqrt was called with
135.00,0.8386,20.0,5.0000,1.0e-03,-1,5.23598776e-03,error,NaN,NaN,NaN,NaN,0,NaN,NaN,NaN,0,4.39073654e-03,NaN,NaN,NaN,0.01,DomainError with -3.4042935096655174e-7: sqrt was called wit
165.00,0.8386,20.0,5.0000,1.0e-03,-1,5.23598776e-03,error,NaN,NaN,NaN,NaN,0,NaN,NaN,NaN,0,4.39073654e-03,NaN,NaN,NaN,0.01,DomainError with -9.076678737673923e-8: sqrt was called with
15.00,0.8567,20.0,5.0000,1.0e-03,-1,5.23598776e-03,error,NaN,NaN,NaN,NaN,0,NaN,NaN,NaN,0,4.48581598e-03,NaN,NaN,NaN,0.01,DomainError with -5.2627569589905665e-8: sqrt was called wit
45.00,0.8567,20.0,5.0000,1.0e-03,-1,5.23598776e-03,error,NaN,NaN,NaN,NaN,0,NaN,NaN,NaN,0,4.48581598e-03,NaN,NaN,NaN,0.00,DomainError with -1.3924232488289966e-8: sqrt was called wit
75.00,0.8567,20.0,5.0000,1.0e-03,-1,5.23598776e-03,error,NaN,NaN,NaN,NaN,0,NaN,NaN,NaN,0,4.48581598e-03,NaN,NaN,NaN,0.02,DomainError with -4.0814796221453325e-7: sqrt was called wit
105.00,0.8567,20.0,5.0000,1.0e-03,-1,5.23598776e-03,error,NaN,NaN,NaN,NaN,0,NaN,NaN,NaN,0,4.48581598e-03,NaN,NaN,NaN,0.01,DomainError with -2.0081630320030457e-8: sqrt was called wit
135.00,0.8567,20.0,5.0000,1.0e-03,-1,5.23598776e-03,error,NaN,NaN,NaN,NaN,0,NaN,NaN,NaN,0,4.48581598e-03,NaN,NaN,NaN,0.00,DomainError with -3.024084773769743e-7: sqrt was called with
165.00,0.8567,20.0,5.0000,1.0e-03,-1,5.23598776e-03,error,NaN,NaN,NaN,NaN,0,NaN,NaN,NaN,0,4.48581598e-03,NaN,NaN,NaN,0.01,DomainError with -4.880225427804049e-8: sqrt was called with
15.00,0.8749,20.0,5.0000,1.0e-03,-1,5.23598776e-03,error,NaN,NaN,NaN,NaN,0,NaN,NaN,NaN,0,4.58089543e-03,NaN,NaN,NaN,0.01,DomainError with -3.471523129969165e-8: sqrt was called with
45.00,0.8749,20.0,5.0000,1.0e-03,-1,5.23598776e-03,error,NaN,NaN,NaN,NaN,0,NaN,NaN,NaN,0,4.58089543e-03,NaN,NaN,NaN,0.00,DomainError with -1.8792459534546522e-7: sqrt was called wit
75.00,0.8749,20.0,5.0000,1.0e-03,-1,5.23598776e-03,error,NaN,NaN,NaN,NaN,0,NaN,NaN,NaN,0,4.58089543e-03,NaN,NaN,NaN,0.02,DomainError with -1.9917751793008768e-7: sqrt was called wit
105.00,0.8749,20.0,5.0000,1.0e-03,-1,5.23598776e-03,error,NaN,NaN,NaN,NaN,0,NaN,NaN,NaN,0,4.58089543e-03,NaN,NaN,NaN,0.01,DomainError with -5.011047047527892e-7: sqrt was called with
135.00,0.8749,20.0,5.0000,1.0e-03,-1,5.23598776e-03,error,NaN,NaN,NaN,NaN,0,NaN,NaN,NaN,0,4.58089543e-03,NaN,NaN,NaN,0.00,DomainError with -1.1701190937496322e-7: sqrt was called wit
165.00,0.8749,20.0,5.0000,1.0e-03,-1,5.23598776e-03,error,NaN,NaN,NaN,NaN,0,NaN,NaN,NaN,0,4.58089543e-03,NaN,NaN,NaN,0.02,DomainError with -1.1090494937638638e-7: sqrt was called wit
15.00,0.8930,20.0,5.0000,1.0e-03,-1,5.23598776e-03,error,NaN,NaN,NaN,NaN,0,NaN,NaN,NaN,0,4.67597488e-03,NaN,NaN,NaN,0.00,DomainError with -2.0585850771606445e-7: sqrt was called wit
45.00,0.8930,20.0,5.0000,1.0e-03,-1,5.23598776e-03,error,NaN,NaN,NaN,NaN,0,NaN,NaN,NaN,0,4.67597488e-03,NaN,NaN,NaN,4.50,DomainError with -4.7218616257918387e-7: sqrt was called wit
75.00,0.8930,20.0,5.0000,1.0e-03,-1,5.23598776e-03,error,NaN,NaN,NaN,NaN,0,NaN,NaN,NaN,0,4.67597488e-03,NaN,NaN,NaN,0.02,DomainError with -6.600981071490537e-8: sqrt was called with
105.00,0.8930,20.0,5.0000,1.0e-03,-1,5.23598776e-03,error,NaN,NaN,NaN,NaN,0,NaN,NaN,NaN,0,4.67597488e-03,NaN,NaN,NaN,0.02,DomainError with -1.0945152573844588e-7: sqrt was called wit
135.00,0.8930,20.0,5.0000,1.0e-03,-1,5.23598776e-03,error,NaN,NaN,NaN,NaN,0,NaN,NaN,NaN,0,4.67597488e-03,NaN,NaN,NaN,0.02,DomainError with -1.0163802866802979e-7: sqrt was called wit
165.00,0.8930,20.0,5.0000,1.0e-03,-1,5.23598776e-03,error,NaN,NaN,NaN,NaN,0,NaN,NaN,NaN,0,4.67597488e-03,NaN,NaN,NaN,0.02,DomainError with -1.4563362266845778e-7: sqrt was called wit
15.00,0.9112,20.0,5.0000,1.0e-03,-1,5.23598776e-03,error,NaN,NaN,NaN,NaN,0,NaN,NaN,NaN,0,4.77105432e-03,NaN,NaN,NaN,0.02,DomainError with -3.205055664277892e-7: sqrt was called with
45.00,0.9112,20.0,5.0000,1.0e-03,-1,5.23598776e-03,error,NaN,NaN,NaN,NaN,0,NaN,NaN,NaN,0,4.77105432e-03,NaN,NaN,NaN,0.02,DomainError with -2.377855912044146e-7: sqrt was called with
75.00,0.9112,20.0,5.0000,1.0e-03,-1,5.23598776e-03,error,NaN,NaN,NaN,NaN,0,NaN,NaN,NaN,0,4.77105432e-03,NaN,NaN,NaN,0.02,DomainError with -1.2912283684242832e-7: sqrt was called wit
105.00,0.9112,20.0,5.0000,1.0e-03,-1,5.23598776e-03,error,NaN,NaN,NaN,NaN,0,NaN,NaN,NaN,0,4.77105432e-03,NaN,NaN,NaN,0.02,DomainError with -3.875058185920834e-7: sqrt was called with
135.00,0.9112,20.0,5.0000,1.0e-03,-1,5.23598776e-03,error,NaN,NaN,NaN,NaN,0,NaN,NaN,NaN,0,4.77105432e-03,NaN,NaN,NaN,0.02,DomainError with -2.8839460912578015e-7: sqrt was called wit
165.00,0.9112,20.0,5.0000,1.0e-03,-1,5.23598776e-03,error,NaN,NaN,NaN,NaN,0,NaN,NaN,NaN,0,4.77105432e-03,NaN,NaN,NaN,0.02,DomainError with -1.7492490771689255e-7: sqrt was called wit
15.00,0.9364,20.0,5.0000,1.0e-03,-1,5.23598776e-03,error,NaN,NaN,NaN,NaN,0,NaN,NaN,NaN,0,4.90311917e-03,NaN,NaN,NaN,0.01,DomainError with -2.8329730238410203e-7: sqrt was called wit
45.00,0.9364,20.0,5.0000,1.0e-03,-1,5.23598776e-03,error,NaN,NaN,NaN,NaN,0,NaN,NaN,NaN,0,4.90311917e-03,NaN,NaN,NaN,0.01,DomainError with -2.370539324872437e-7: sqrt was called with
75.00,0.9364,20.0,5.0000,1.0e-03,-1,5.23598776e-03,error,NaN,NaN,NaN,NaN,0,NaN,NaN,NaN,0,4.90311917e-03,NaN,NaN,NaN,0.01,DomainError with -3.3291537483347655e-7: sqrt was called wit
105.00,0.9364,20.0,5.0000,1.0e-03,-1,5.23598776e-03,error,NaN,NaN,NaN,NaN,0,NaN,NaN,NaN,0,4.90311917e-03,NaN,NaN,NaN,0.01,DomainError with -2.788431934909124e-7: sqrt was called with
135.00,0.9364,20.0,5.0000,1.0e-03,-1,5.23598776e-03,error,NaN,NaN,NaN,NaN,0,NaN,NaN,NaN,0,4.90311917e-03,NaN,NaN,NaN,0.01,DomainError with -3.5585250186850546e-7: sqrt was called wit
165.00,0.9364,20.0,5.0000,1.0e-03,-1,5.23598776e-03,error,NaN,NaN,NaN,NaN,0,NaN,NaN,NaN,0,4.90311917e-03,NaN,NaN,NaN,0.01,DomainError with -3.4725137390002896e-8: sqrt was called wit
15.00,0.9435,20.0,5.0000,1.0e-03,-1,5.23598776e-03,error,NaN,NaN,NaN,NaN,0,NaN,NaN,NaN,0,4.94010456e-03,NaN,NaN,NaN,0.01,DomainError with -3.6457738418467164e-7: sqrt was called wit
45.00,0.9435,20.0,5.0000,1.0e-03,-1,5.23598776e-03,error,NaN,NaN,NaN,NaN,0,NaN,NaN,NaN,0,4.94010456e-03,NaN,NaN,NaN,0.01,DomainError with -3.0538198809751833e-7: sqrt was called wit
75.00,0.9435,20.0,5.0000,1.0e-03,-1,5.23598776e-03,error,NaN,NaN,NaN,NaN,0,NaN,NaN,NaN,0,4.94010456e-03,NaN,NaN,NaN,0.01,DomainError with -1.2869612665564178e-8: sqrt was called wit
105.00,0.9435,20.0,5.0000,1.0e-03,-1,5.23598776e-03,error,NaN,NaN,NaN,NaN,0,NaN,NaN,NaN,0,4.94010456e-03,NaN,NaN,NaN,0.01,DomainError with -4.844748212801561e-7: sqrt was called with
135.00,0.9435,20.0,5.0000,1.0e-03,-1,5.23598776e-03,error,NaN,NaN,NaN,NaN,0,NaN,NaN,NaN,0,4.94010456e-03,NaN,NaN,NaN,0.01,DomainError with -2.2833876752475226e-7: sqrt was called wit
165.00,0.9435,20.0,5.0000,1.0e-03,-1,5.23598776e-03,error,NaN,NaN,NaN,NaN,0,NaN,NaN,NaN,0,4.94010456e-03,NaN,NaN,NaN,0.01,DomainError with -1.0623303183273491e-7: sqrt was called wit
15.00,0.9506,20.0,5.0000,1.0e-03,-1,5.23598776e-03,error,NaN,NaN,NaN,NaN,0,NaN,NaN,NaN,0,4.97708996e-03,NaN,NaN,NaN,0.01,DomainError with -3.73950032457604e-7: sqrt was called with 
45.00,0.9506,20.0,5.0000,1.0e-03,-1,5.23598776e-03,error,NaN,NaN,NaN,NaN,0,NaN,NaN,NaN,0,4.97708996e-03,NaN,NaN,NaN,0.01,DomainError with -3.4775215290116544e-7: sqrt was called wit
75.00,0.9506,20.0,5.0000,1.0e-03,-1,5.23598776e-03,error,NaN,NaN,NaN,NaN,0,NaN,NaN,NaN,0,4.97708996e-03,NaN,NaN,NaN,0.01,DomainError with -1.4158420998659814e-7: sqrt was called wit
105.00,0.9506,20.0,5.0000,1.0e-03,-1,5.23598776e-03,error,NaN,NaN,NaN,NaN,0,NaN,NaN,NaN,0,4.97708996e-03,NaN,NaN,NaN,0.01,DomainError with -1.2959721641622641e-7: sqrt was called wit
135.00,0.9506,20.0,5.0000,1.0e-03,-1,5.23598776e-03,error,NaN,NaN,NaN,NaN,0,NaN,NaN,NaN,0,4.97708996e-03,NaN,NaN,NaN,0.01,DomainError with -3.223856233612473e-7: sqrt was called with
165.00,0.9506,20.0,5.0000,1.0e-03,-1,5.23598776e-03,error,NaN,NaN,NaN,NaN,0,NaN,NaN,NaN,0,4.97708996e-03,NaN,NaN,NaN,0.01,DomainError with -1.2163211815974935e-7: sqrt was called wit
15.00,0.9576,20.0,5.0000,1.0e-03,-1,5.23598776e-03,error,NaN,NaN,NaN,NaN,0,NaN,NaN,NaN,0,5.01407536e-03,NaN,NaN,NaN,0.01,DomainError with -2.4830189696646826e-7: sqrt was called wit
45.00,0.9576,20.0,5.0000,1.0e-03,-1,5.23598776e-03,error,NaN,NaN,NaN,NaN,0,NaN,NaN,NaN,0,5.01407536e-03,NaN,NaN,NaN,0.01,DomainError with -1.209109670953503e-7: sqrt was called with
75.00,0.9576,20.0,5.0000,1.0e-03,-1,5.23598776e-03,error,NaN,NaN,NaN,NaN,0,NaN,NaN,NaN,0,5.01407536e-03,NaN,NaN,NaN,0.02,DomainError with -4.4861945128013304e-7: sqrt was called wit
105.00,0.9576,20.0,5.0000,1.0e-03,-1,5.23598776e-03,error,NaN,NaN,NaN,NaN,0,NaN,NaN,NaN,0,5.01407536e-03,NaN,NaN,NaN,0.01,DomainError with -4.458774186434811e-7: sqrt was called with
135.00,0.9576,20.0,5.0000,1.0e-03,-1,5.23598776e-03,error,NaN,NaN,NaN,NaN,0,NaN,NaN,NaN,0,5.01407536e-03,NaN,NaN,NaN,0.01,DomainError with -3.251284607591503e-7: sqrt was called with
165.00,0.9576,20.0,5.0000,1.0e-03,-1,5.23598776e-03,error,NaN,NaN,NaN,NaN,0,NaN,NaN,NaN,0,5.01407536e-03,NaN,NaN,NaN,0.01,DomainError with -6.611171307522275e-8: sqrt was called with
15.00,0.9647,20.0,5.0000,1.0e-03,-1,5.23598776e-03,error,NaN,NaN,NaN,NaN,0,NaN,NaN,NaN,0,5.05106076e-03,NaN,NaN,NaN,0.01,DomainError with -1.0705264635475888e-7: sqrt was called wit
45.00,0.9647,20.0,5.0000,1.0e-03,-1,5.23598776e-03,error,NaN,NaN,NaN,NaN,0,NaN,NaN,NaN,0,5.05106076e-03,NaN,NaN,NaN,0.01,DomainError with -3.7518367427687323e-8: sqrt was called wit
75.00,0.9647,20.0,5.0000,1.0e-03,-1,5.23598776e-03,error,NaN,NaN,NaN,NaN,0,NaN,NaN,NaN,0,5.05106076e-03,NaN,NaN,NaN,0.01,DomainError with -2.2070994039103924e-7: sqrt was called wit
105.00,0.9647,20.0,5.0000,1.0e-03,-1,5.23598776e-03,error,NaN,NaN,NaN,NaN,0,NaN,NaN,NaN,0,5.05106076e-03,NaN,NaN,NaN,0.01,DomainError with -2.9790167217648304e-7: sqrt was called wit
135.00,0.9647,20.0,5.0000,1.0e-03,-1,5.23598776e-03,error,NaN,NaN,NaN,NaN,0,NaN,NaN,NaN,0,5.05106076e-03,NaN,NaN,NaN,0.01,DomainError with -2.2941757260982082e-7: sqrt was called wit
165.00,0.9647,20.0,5.0000,1.0e-03,-1,5.23598776e-03,error,NaN,NaN,NaN,NaN,0,NaN,NaN,NaN,0,5.05106076e-03,NaN,NaN,NaN,0.01,DomainError with -1.680387130370236e-7: sqrt was called with
15.00,0.9717,20.0,5.0000,1.0e-03,-1,5.23598776e-03,error,NaN,NaN,NaN,NaN,0,NaN,NaN,NaN,0,5.08804616e-03,NaN,NaN,NaN,0.01,DomainError with -1.0038105563614385e-7: sqrt was called wit
45.00,0.9717,20.0,5.0000,1.0e-03,-1,5.23598776e-03,error,NaN,NaN,NaN,NaN,0,NaN,NaN,NaN,0,5.08804616e-03,NaN,NaN,NaN,0.01,DomainError with -4.607213334227935e-7: sqrt was called with
75.00,0.9717,20.0,5.0000,1.0e-03,-1,5.23598776e-03,error,NaN,NaN,NaN,NaN,0,NaN,NaN,NaN,0,5.08804616e-03,NaN,NaN,NaN,0.01,DomainError with -9.070550306628009e-8: sqrt was called with
105.00,0.9717,20.0,5.0000,1.0e-03,-1,5.23598776e-03,error,NaN,NaN,NaN,NaN,0,NaN,NaN,NaN,0,5.08804616e-03,NaN,NaN,NaN,0.01,DomainError with -2.301198189628509e-7: sqrt was called with
135.00,0.9717,20.0,5.0000,1.0e-03,-1,5.23598776e-03,error,NaN,NaN,NaN,NaN,0,NaN,NaN,NaN,0,5.08804616e-03,NaN,NaN,NaN,0.01,DomainError with -2.1462082769690362e-7: sqrt was called wit
165.00,0.9717,20.0,5.0000,1.0e-03,-1,5.23598776e-03,error,NaN,NaN,NaN,NaN,0,NaN,NaN,NaN,0,5.08804616e-03,NaN,NaN,NaN,0.01,DomainError with -1.1088881836035448e-7: sqrt was called wit
15.00,0.9788,20.0,5.0000,1.0e-03,-1,5.23598776e-03,error,NaN,NaN,NaN,NaN,0,NaN,NaN,NaN,0,5.12503156e-03,NaN,NaN,NaN,0.01,DomainError with -2.1073087531953797e-7: sqrt was called wit
45.00,0.9788,20.0,5.0000,1.0e-03,-1,5.23598776e-03,error,NaN,NaN,NaN,NaN,0,NaN,NaN,NaN,0,5.12503156e-03,NaN,NaN,NaN,0.01,DomainError with -4.763805595458617e-7: sqrt was called with
75.00,0.9788,20.0,5.0000,1.0e-03,-1,5.23598776e-03,error,NaN,NaN,NaN,NaN,0,NaN,NaN,NaN,0,5.12503156e-03,NaN,NaN,NaN,0.01,DomainError with -1.9509240428544975e-7: sqrt was called wit
105.00,0.9788,20.0,5.0000,1.0e-03,-1,5.23598776e-03,error,NaN,NaN,NaN,NaN,0,NaN,NaN,NaN,0,5.12503156e-03,NaN,NaN,NaN,0.01,DomainError with -3.1393362360861977e-7: sqrt was called wit
135.00,0.9788,20.0,5.0000,1.0e-03,-1,5.23598776e-03,error,NaN,NaN,NaN,NaN,0,NaN,NaN,NaN,0,5.12503156e-03,NaN,NaN,NaN,0.01,DomainError with -1.6500131475899468e-7: sqrt was called wit
165.00,0.9788,20.0,5.0000,1.0e-03,-1,5.23598776e-03,error,NaN,NaN,NaN,NaN,0,NaN,NaN,NaN,0,5.12503156e-03,NaN,NaN,NaN,0.01,DomainError with -3.503176424762252e-8: sqrt was called with
15.00,0.9859,20.0,5.0000,1.0e-03,-1,5.23598776e-03,error,NaN,NaN,NaN,NaN,0,NaN,NaN,NaN,0,5.16201696e-03,NaN,NaN,NaN,0.00,DomainError with -4.188989942145241e-8: sqrt was called with
45.00,0.9859,20.0,5.0000,1.0e-03,-1,5.23598776e-03,error,NaN,NaN,NaN,NaN,0,NaN,NaN,NaN,0,5.16201696e-03,NaN,NaN,NaN,0.01,DomainError with -7.765563022064851e-8: sqrt was called with
75.00,0.9859,20.0,5.0000,1.0e-03,-1,5.23598776e-03,error,NaN,NaN,NaN,NaN,0,NaN,NaN,NaN,0,5.16201696e-03,NaN,NaN,NaN,0.01,DomainError with -4.688671437683658e-7: sqrt was called with
105.00,0.9859,20.0,5.0000,1.0e-03,-1,5.23598776e-03,error,NaN,NaN,NaN,NaN,0,NaN,NaN,NaN,0,5.16201696e-03,NaN,NaN,NaN,0.01,DomainError with -4.924780291097446e-7: sqrt was called with
135.00,0.9859,20.0,5.0000,1.0e-03,-1,5.23598776e-03,error,NaN,NaN,NaN,NaN,0,NaN,NaN,NaN,0,5.16201696e-03,NaN,NaN,NaN,0.01,DomainError with -1.7028619658113108e-7: sqrt was called wit
165.00,0.9859,20.0,5.0000,1.0e-03,-1,5.23598776e-03,error,NaN,NaN,NaN,NaN,0,NaN,NaN,NaN,0,5.16201696e-03,NaN,NaN,NaN,0.01,DomainError with -1.8814867829858123e-7: sqrt was called wit
15.00,0.9929,20.0,5.0000,1.0e-03,-1,5.23598776e-03,error,NaN,NaN,NaN,NaN,0,NaN,NaN,NaN,0,5.19900236e-03,NaN,NaN,NaN,0.01,DomainError with -2.8201464680449728e-8: sqrt was called wit
45.00,0.9929,20.0,5.0000,1.0e-03,-1,5.23598776e-03,error,NaN,NaN,NaN,NaN,0,NaN,NaN,NaN,0,5.19900236e-03,NaN,NaN,NaN,0.01,DomainError with -2.126379773928873e-7: sqrt was called with
75.00,0.9929,20.0,5.0000,1.0e-03,-1,5.23598776e-03,error,NaN,NaN,NaN,NaN,0,NaN,NaN,NaN,0,5.19900236e-03,NaN,NaN,NaN,0.01,DomainError with -3.953143865207445e-7: sqrt was called with
105.00,0.9929,20.0,5.0000,1.0e-03,-1,5.23598776e-03,error,NaN,NaN,NaN,NaN,0,NaN,NaN,NaN,0,5.19900236e-03,NaN,NaN,NaN,0.01,DomainError with -2.422487890400191e-7: sqrt was called with
135.00,0.9929,20.0,5.0000,1.0e-03,-1,5.23598776e-03,error,NaN,NaN,NaN,NaN,0,NaN,NaN,NaN,0,5.19900236e-03,NaN,NaN,NaN,0.01,DomainError with -3.417308059782267e-7: sqrt was called with
165.00,0.9929,20.0,5.0000,1.0e-03,-1,5.23598776e-03,error,NaN,NaN,NaN,NaN,0,NaN,NaN,NaN,0,5.19900236e-03,NaN,NaN,NaN,0.01,DomainError with -1.4980726080646298e-7: sqrt was called wit
15.00,0.7659,60.0,5.0000,1.0e-03,-1,1.74532925e-03,equilibrium,1.33680625e-03,1.33680625e-03,0.000000e+00,100.0000,1,17.7003,1.000000,1.004458e-02,1,1.33680625e-03,1.622078e-16,15.757825,8.7348,15.82,
45.00,0.7659,60.0,5.0000,1.0e-03,-1,1.74532925e-03,error,NaN,NaN,NaN,NaN,0,NaN,NaN,NaN,0,1.33680625e-03,NaN,NaN,NaN,0.45,DomainError with -2.053075702815321e-15: sqrt was called wit
75.00,0.7659,60.0,5.0000,1.0e-03,-1,1.74532925e-03,equilibrium,1.33680625e-03,1.33680625e-03,1.184117e-14,100.0000,1,76.8900,1.000000,1.912135e-02,1,1.33680625e-03,-1.257111e-13,8.193792,62.3289,20.01,
105.00,0.7659,60.0,5.0000,1.0e-03,-1,1.74532925e-03,error,NaN,NaN,NaN,NaN,0,NaN,NaN,NaN,0,1.33680625e-03,NaN,NaN,NaN,0.03,DomainError with -2.744963578096651e-7: sqrt was called with
135.00,0.7659,60.0,5.0000,1.0e-03,-1,1.74532925e-03,equilibrium,1.33680625e-03,1.33680625e-03,6.163897e-15,100.0000,1,141.5854,1.000000,1.493208e-02,1,1.33680625e-03,6.342326e-14,10.287709,31.2959,19.07,
165.00,0.7659,60.0,5.0000,1.0e-03,-1,1.74532925e-03,error,NaN,NaN,NaN,NaN,0,NaN,NaN,NaN,0,1.33680625e-03,NaN,NaN,NaN,0.03,DomainError with -2.053075702815321e-15: sqrt was called wit
15.00,0.7841,60.0,5.0000,1.0e-03,-1,1.74532925e-03,equilibrium,1.36849940e-03,1.36849940e-03,0.000000e+00,100.0000,1,20.3767,1.000000,1.005536e-02,1,1.36849940e-03,3.169025e-16,15.353793,9.3539,16.16,
45.00,0.7841,60.0,5.0000,1.0e-03,-1,1.74532925e-03,error,NaN,NaN,NaN,NaN,0,NaN,NaN,NaN,0,1.36849940e-03,NaN,NaN,NaN,0.03,DomainError with -2.053075702815321e-15: sqrt was called wit
75.00,0.7841,60.0,5.0000,1.0e-03,-1,1.74532925e-03,error,NaN,NaN,NaN,NaN,0,NaN,NaN,NaN,0,1.36849940e-03,NaN,NaN,NaN,0.03,DomainError with -8.869287036162702e-13: sqrt was called wit
105.00,0.7841,60.0,5.0000,1.0e-03,-1,1.74532925e-03,error,NaN,NaN,NaN,NaN,0,NaN,NaN,NaN,0,1.36849940e-03,NaN,NaN,NaN,0.02,DomainError with -2.053075702815321e-15: sqrt was called wit
135.00,0.7841,60.0,5.0000,1.0e-03,-1,1.74532925e-03,equilibrium,1.36849940e-03,1.36849940e-03,2.693671e-15,100.0000,1,143.4674,1.000000,1.395069e-02,1,1.36849940e-03,3.438392e-14,10.322051,28.3171,19.76,
165.00,0.7841,60.0,5.0000,1.0e-03,-1,1.74532925e-03,error,NaN,NaN,NaN,NaN,0,NaN,NaN,NaN,0,1.36849940e-03,NaN,NaN,NaN,0.03,DomainError with -4.106151405630643e-15: sqrt was called wit
15.00,0.8023,60.0,5.0000,1.0e-03,-1,1.74532925e-03,equilibrium,1.40019255e-03,1.40019255e-03,0.000000e+00,100.0000,1,20.7111,1.000000,9.823266e-03,1,1.40019255e-03,1.548647e-16,14.983969,9.2658,15.85,
45.00,0.8023,60.0,5.0000,1.0e-03,-1,1.74532925e-03,equilibrium,1.40019255e-03,1.40019255e-03,3.407024e-15,100.0000,1,53.0777,1.000000,1.533091e-02,1,1.40019255e-03,-3.608348e-14,10.937505,37.3737,18.03,
75.00,0.8023,60.0,5.0000,1.0e-03,-1,1.74532925e-03,error,NaN,NaN,NaN,NaN,0,NaN,NaN,NaN,0,1.40019255e-03,NaN,NaN,NaN,0.02,DomainError with -7.2276949283616085e-9: sqrt was called wit
105.00,0.8023,60.0,5.0000,1.0e-03,-1,1.74532925e-03,error,NaN,NaN,NaN,NaN,0,NaN,NaN,NaN,0,1.40019255e-03,NaN,NaN,NaN,0.03,DomainError with -4.0856206486025977e-13: sqrt was called wi
135.00,0.8023,60.0,5.0000,1.0e-03,-1,1.74532925e-03,equilibrium,1.40019255e-03,1.40019255e-03,2.787565e-15,100.0000,1,131.3352,1.000000,1.326588e-02,1,1.40019255e-03,3.128267e-14,10.229437,26.7060,21.50,
165.00,0.8023,60.0,5.0000,1.0e-03,-1,1.74532925e-03,error,NaN,NaN,NaN,NaN,0,NaN,NaN,NaN,0,1.40019255e-03,NaN,NaN,NaN,0.03,DomainError with -1.6424605622522583e-14: sqrt was called wi
15.00,0.8204,60.0,5.0000,1.0e-03,-1,1.74532925e-03,equilibrium,1.43188570e-03,1.43188570e-03,0.000000e+00,100.0000,1,21.8983,1.000000,9.530546e-03,1,1.43188570e-03,1.514370e-16,14.636867,9.3406,16.31,
45.00,0.8204,60.0,5.0000,1.0e-03,-1,1.74532925e-03,equilibrium,1.43188570e-03,1.43188570e-03,3.937361e-15,100.0000,1,53.0549,1.000000,1.484962e-02,1,1.43188570e-03,-3.467907e-14,10.597594,37.8785,17.60,
75.00,0.8204,60.0,5.0000,1.0e-03,-1,1.74532925e-03,error,NaN,NaN,NaN,NaN,0,NaN,NaN,NaN,0,1.43188570e-03,NaN,NaN,NaN,0.02,DomainError with -3.0996987944543715e-9: sqrt was called wit
105.00,0.8204,60.0,5.0000,1.0e-03,-1,1.74532925e-03,error,NaN,NaN,NaN,NaN,0,NaN,NaN,NaN,0,1.43188570e-03,NaN,NaN,NaN,0.01,DomainError with -3.6578294775880143e-9: sqrt was called wit
135.00,0.8204,60.0,5.0000,1.0e-03,-1,1.74532925e-03,equilibrium,1.43188570e-03,1.43188570e-03,1.968681e-15,100.0000,1,134.1538,1.000000,1.255564e-02,1,1.43188570e-03,2.347273e-14,10.090117,25.5788,19.78,
165.00,0.8204,60.0,5.0000,1.0e-03,-1,1.74532925e-03,error,NaN,NaN,NaN,NaN,0,NaN,NaN,NaN,0,1.43188570e-03,NaN,NaN,NaN,0.03,DomainError with -2.874305983941454e-14: sqrt was called wit
15.00,0.8386,60.0,5.0000,1.0e-03,-1,1.74532925e-03,equilibrium,1.46357885e-03,1.46357885e-03,0.000000e+00,100.0000,1,15.7411,1.000000,9.227658e-03,1,1.46357885e-03,1.481577e-16,14.308810,9.4058,15.61,
45.00,0.8386,60.0,5.0000,1.0e-03,-1,1.74532925e-03,equilibrium,1.46357885e-03,1.46357885e-03,4.148415e-15,100.0000,1,45.0150,1.000000,1.440471e-02,1,1.46357885e-03,-2.563128e-14,10.298794,38.2797,17.36,
75.00,0.8386,60.0,5.0000,1.0e-03,-1,1.74532925e-03,error,NaN,NaN,NaN,NaN,0,NaN,NaN,NaN,0,1.46357885e-03,NaN,NaN,NaN,0.02,DomainError with -5.709028668546583e-10: sqrt was called wit
105.00,0.8386,60.0,5.0000,1.0e-03,-1,1.74532925e-03,error,NaN,NaN,NaN,NaN,0,NaN,NaN,NaN,0,1.46357885e-03,NaN,NaN,NaN,0.01,DomainError with -1.0632410971041615e-8: sqrt was called wit
135.00,0.8386,60.0,5.0000,1.0e-03,-1,1.74532925e-03,error,NaN,NaN,NaN,NaN,0,NaN,NaN,NaN,0,1.46357885e-03,NaN,NaN,NaN,0.03,DomainError with -2.053075702815321e-15: sqrt was called wit
165.00,0.8386,60.0,5.0000,1.0e-03,-1,1.74532925e-03,error,NaN,NaN,NaN,NaN,0,NaN,NaN,NaN,0,1.46357885e-03,NaN,NaN,NaN,0.03,DomainError with -4.106151405630643e-15: sqrt was called wit
15.00,0.8567,60.0,5.0000,1.0e-03,-1,1.74532925e-03,equilibrium,1.49527199e-03,1.49527199e-03,0.000000e+00,100.0000,1,22.3805,1.000000,8.937007e-03,1,1.49527199e-03,1.450174e-16,13.996787,9.3809,16.31,
45.00,0.8567,60.0,5.0000,1.0e-03,-1,1.74532925e-03,equilibrium,1.49527199e-03,1.49527199e-03,4.640556e-15,100.0000,1,45.0646,1.000000,1.389815e-02,1,1.49527199e-03,-3.465916e-14,10.028845,38.5727,18.50,
75.00,0.8567,60.0,5.0000,1.0e-03,-1,1.74532925e-03,error,NaN,NaN,NaN,NaN,0,NaN,NaN,NaN,0,1.49527199e-03,NaN,NaN,NaN,0.02,DomainError with -3.929340526205544e-10: sqrt was called wit
105.00,0.8567,60.0,5.0000,1.0e-03,-1,1.74532925e-03,error,NaN,NaN,NaN,NaN,0,NaN,NaN,NaN,0,1.49527199e-03,NaN,NaN,NaN,0.02,DomainError with -1.2638994777632151e-8: sqrt was called wit
135.00,0.8567,60.0,5.0000,1.0e-03,-1,1.74532925e-03,equilibrium,1.49527199e-03,1.49527199e-03,1.595191e-15,100.0000,1,146.8735,1.000000,1.151234e-02,1,1.49527199e-03,1.609693e-14,9.762252,24.2210,21.53,
165.00,0.8567,60.0,5.0000,1.0e-03,-1,1.74532925e-03,error,NaN,NaN,NaN,NaN,0,NaN,NaN,NaN,0,1.49527199e-03,NaN,NaN,NaN,0.03,DomainError with -2.053075702815321e-15: sqrt was called wit
15.00,0.8749,60.0,5.0000,1.0e-03,-1,1.74532925e-03,error,NaN,NaN,NaN,NaN,0,NaN,NaN,NaN,0,1.52696514e-03,NaN,NaN,NaN,0.03,DomainError with -2.053075702815321e-15: sqrt was called wit
45.00,0.8749,60.0,5.0000,1.0e-03,-1,1.74532925e-03,equilibrium,1.52696514e-03,1.52696514e-03,2.272119e-15,100.0000,1,54.1427,1.000000,1.348199e-02,1,1.52696514e-03,-3.053160e-14,9.781596,38.4764,20.30,
75.00,0.8749,60.0,5.0000,1.0e-03,-1,1.74532925e-03,error,NaN,NaN,NaN,NaN,0,NaN,NaN,NaN,0,1.52696514e-03,NaN,NaN,NaN,0.11,DomainError with -1.5959994591142677e-10: sqrt was called wi
105.00,0.8749,60.0,5.0000,1.0e-03,-1,1.74532925e-03,error,NaN,NaN,NaN,NaN,0,NaN,NaN,NaN,0,1.52696514e-03,NaN,NaN,NaN,0.02,DomainError with -2.3887002006319287e-9: sqrt was called wit
135.00,0.8749,60.0,5.0000,1.0e-03,-1,1.74532925e-03,error,NaN,NaN,NaN,NaN,0,NaN,NaN,NaN,0,1.52696514e-03,NaN,NaN,NaN,0.02,DomainError with -5.555006929127671e-11: sqrt was called wit
165.00,0.8749,60.0,5.0000,1.0e-03,-1,1.74532925e-03,error,NaN,NaN,NaN,NaN,0,NaN,NaN,NaN,0,1.52696514e-03,NaN,NaN,NaN,0.03,DomainError with -8.212302811261287e-15: sqrt was called wit
15.00,0.8930,60.0,5.0000,1.0e-03,-1,1.74532925e-03,error,NaN,NaN,NaN,NaN,0,NaN,NaN,NaN,0,1.55865829e-03,NaN,NaN,NaN,0.03,DomainError with -2.053075702815321e-15: sqrt was called wit
45.00,0.8930,60.0,5.0000,1.0e-03,-1,1.74532925e-03,error,NaN,NaN,NaN,NaN,0,NaN,NaN,NaN,0,1.55865829e-03,NaN,NaN,NaN,0.03,DomainError with -4.106151405630643e-15: sqrt was called wit
75.00,0.8930,60.0,5.0000,1.0e-03,-1,1.74532925e-03,error,NaN,NaN,NaN,NaN,0,NaN,NaN,NaN,0,1.55865829e-03,NaN,NaN,NaN,0.02,DomainError with -1.2540186392806301e-11: sqrt was called wi
105.00,0.8930,60.0,5.0000,1.0e-03,-1,1.74532925e-03,error,NaN,NaN,NaN,NaN,0,NaN,NaN,NaN,0,1.55865829e-03,NaN,NaN,NaN,0.02,DomainError with -2.9583527445621356e-9: sqrt was called wit
135.00,0.8930,60.0,5.0000,1.0e-03,-1,1.74532925e-03,error,NaN,NaN,NaN,NaN,0,NaN,NaN,NaN,0,1.55865829e-03,NaN,NaN,NaN,0.03,DomainError with -4.038399907438806e-12: sqrt was called wit
165.00,0.8930,60.0,5.0000,1.0e-03,-1,1.74532925e-03,error,NaN,NaN,NaN,NaN,0,NaN,NaN,NaN,0,1.55865829e-03,NaN,NaN,NaN,0.03,DomainError with -2.053075702815321e-15: sqrt was called wit
15.00,0.9112,60.0,5.0000,1.0e-03,-1,1.74532925e-03,equilibrium,1.59035144e-03,1.59035144e-03,0.000000e+00,100.0000,1,21.4851,1.000000,8.198743e-03,1,1.59035144e-03,1.363475e-16,13.143765,9.5552,20.46,
45.00,0.9112,60.0,5.0000,1.0e-03,-1,1.74532925e-03,error,NaN,NaN,NaN,NaN,0,NaN,NaN,NaN,0,1.59035144e-03,NaN,NaN,NaN,0.03,DomainError with -1.494433804080738e-11: sqrt was called wit
75.00,0.9112,60.0,5.0000,1.0e-03,-1,1.74532925e-03,error,NaN,NaN,NaN,NaN,0,NaN,NaN,NaN,0,1.59035144e-03,NaN,NaN,NaN,0.03,DomainError with -5.6641155863639416e-9: sqrt was called wit
105.00,0.9112,60.0,5.0000,1.0e-03,-1,1.74532925e-03,error,NaN,NaN,NaN,NaN,0,NaN,NaN,NaN,0,1.59035144e-03,NaN,NaN,NaN,0.03,DomainError with -6.498395214828277e-10: sqrt was called wit
135.00,0.9112,60.0,5.0000,1.0e-03,-1,1.74532925e-03,error,NaN,NaN,NaN,NaN,0,NaN,NaN,NaN,0,1.59035144e-03,NaN,NaN,NaN,0.03,DomainError with -5.767311383567694e-9: sqrt was called with
165.00,0.9112,60.0,5.0000,1.0e-03,-1,1.74532925e-03,equilibrium,1.59035144e-03,1.59035144e-03,0.000000e+00,100.0000,1,165.6887,1.000000,6.246212e-03,1,1.59035144e-03,8.180850e-16,5.820262,0.6353,27.94,
15.00,0.9364,60.0,5.0000,1.0e-03,-1,1.74532925e-03,equilibrium,1.63437306e-03,1.63437306e-03,0.000000e+00,100.0000,1,22.1060,1.000000,7.919751e-03,1,1.63437306e-03,1.326750e-16,12.786961,9.1679,17.47,
45.00,0.9364,60.0,5.0000,1.0e-03,-1,1.74532925e-03,error,NaN,NaN,NaN,NaN,0,NaN,NaN,NaN,0,1.63437306e-03,NaN,NaN,NaN,0.01,DomainError with -4.286822067479596e-12: sqrt was called wit
75.00,0.9364,60.0,5.0000,1.0e-03,-1,1.74532925e-03,error,NaN,NaN,NaN,NaN,0,NaN,NaN,NaN,0,1.63437306e-03,NaN,NaN,NaN,4.49,DomainError with -5.576085056529482e-8: sqrt was called with
105.00,0.9364,60.0,5.0000,1.0e-03,-1,1.74532925e-03,error,NaN,NaN,NaN,NaN,0,NaN,NaN,NaN,0,1.63437306e-03,NaN,NaN,NaN,0.01,DomainError with -2.9099063166838536e-10: sqrt was called wi
135.00,0.9364,60.0,5.0000,1.0e-03,-1,1.74532925e-03,error,NaN,NaN,NaN,NaN,0,NaN,NaN,NaN,0,1.63437306e-03,NaN,NaN,NaN,0.01,DomainError with -1.7794438264276647e-9: sqrt was called wit
165.00,0.9364,60.0,5.0000,1.0e-03,-1,1.74532925e-03,error,NaN,NaN,NaN,NaN,0,NaN,NaN,NaN,0,1.63437306e-03,NaN,NaN,NaN,0.02,DomainError with -2.053075702815321e-15: sqrt was called wit
15.00,0.9435,60.0,5.0000,1.0e-03,-1,1.74532925e-03,equilibrium,1.64670152e-03,1.64670152e-03,0.000000e+00,100.0000,1,16.1815,1.000000,7.833676e-03,1,1.64670152e-03,2.633634e-16,12.690682,9.3054,22.26,
45.00,0.9435,60.0,5.0000,1.0e-03,-1,1.74532925e-03,error,NaN,NaN,NaN,NaN,0,NaN,NaN,NaN,0,1.64670152e-03,NaN,NaN,NaN,0.01,DomainError with -3.576457874305128e-12: sqrt was called wit
75.00,0.9435,60.0,5.0000,1.0e-03,-1,1.74532925e-03,error,NaN,NaN,NaN,NaN,0,NaN,NaN,NaN,0,1.64670152e-03,NaN,NaN,NaN,0.01,DomainError with -2.819438772847592e-8: sqrt was called with
105.00,0.9435,60.0,5.0000,1.0e-03,-1,1.74532925e-03,error,NaN,NaN,NaN,NaN,0,NaN,NaN,NaN,0,1.64670152e-03,NaN,NaN,NaN,0.01,DomainError with -5.626248656015885e-11: sqrt was called wit
135.00,0.9435,60.0,5.0000,1.0e-03,-1,1.74532925e-03,error,NaN,NaN,NaN,NaN,0,NaN,NaN,NaN,0,1.64670152e-03,NaN,NaN,NaN,0.01,DomainError with -2.2270225420619352e-9: sqrt was called wit
165.00,0.9435,60.0,5.0000,1.0e-03,-1,1.74532925e-03,error,NaN,NaN,NaN,NaN,0,NaN,NaN,NaN,0,1.64670152e-03,NaN,NaN,NaN,0.01,DomainError with -2.053075702815321e-15: sqrt was called wit
15.00,0.9506,60.0,5.0000,1.0e-03,-1,1.74532925e-03,equilibrium,1.65902999e-03,1.65902999e-03,0.000000e+00,100.0000,1,22.5444,1.000000,7.519968e-03,1,1.65902999e-03,0.000000e+00,12.594847,9.3607,22.31,
45.00,0.9506,60.0,5.0000,1.0e-03,-1,1.74532925e-03,error,NaN,NaN,NaN,NaN,0,NaN,NaN,NaN,0,1.65902999e-03,NaN,NaN,NaN,0.01,DomainError with -3.714013946393821e-12: sqrt was called wit
75.00,0.9506,60.0,5.0000,1.0e-03,-1,1.74532925e-03,error,NaN,NaN,NaN,NaN,0,NaN,NaN,NaN,0,1.65902999e-03,NaN,NaN,NaN,0.01,DomainError with -5.38256294350278e-9: sqrt was called with 
105.00,0.9506,60.0,5.0000,1.0e-03,-1,1.74532925e-03,error,NaN,NaN,NaN,NaN,0,NaN,NaN,NaN,0,1.65902999e-03,NaN,NaN,NaN,0.01,DomainError with -2.533392763531098e-10: sqrt was called wit
135.00,0.9506,60.0,5.0000,1.0e-03,-1,1.74532925e-03,error,NaN,NaN,NaN,NaN,0,NaN,NaN,NaN,0,1.65902999e-03,NaN,NaN,NaN,0.01,DomainError with -4.949017000120923e-9: sqrt was called with
165.00,0.9506,60.0,5.0000,1.0e-03,-1,1.74532925e-03,equilibrium,1.65902999e-03,1.65902999e-03,0.000000e+00,100.0000,1,172.8183,1.000000,5.898608e-03,1,1.65902999e-03,1.307031e-16,5.381753,0.4054,35.00,
15.00,0.9576,60.0,5.0000,1.0e-03,-1,1.74532925e-03,equilibrium,1.67135845e-03,1.67135845e-03,0.000000e+00,100.0000,1,15.8227,1.000000,7.645204e-03,1,1.67135845e-03,1.297390e-16,12.500527,9.0657,21.83,
45.00,0.9576,60.0,5.0000,1.0e-03,-1,1.74532925e-03,error,NaN,NaN,NaN,NaN,0,NaN,NaN,NaN,0,1.67135845e-03,NaN,NaN,NaN,0.01,DomainError with -1.6055051996017498e-12: sqrt was called wi
75.00,0.9576,60.0,5.0000,1.0e-03,-1,1.74532925e-03,error,NaN,NaN,NaN,NaN,0,NaN,NaN,NaN,0,1.67135845e-03,NaN,NaN,NaN,0.01,DomainError with -5.465238061378035e-8: sqrt was called with
105.00,0.9576,60.0,5.0000,1.0e-03,-1,1.74532925e-03,error,NaN,NaN,NaN,NaN,0,NaN,NaN,NaN,0,1.67135845e-03,NaN,NaN,NaN,0.01,DomainError with -1.2752063805433272e-10: sqrt was called wi
135.00,0.9576,60.0,5.0000,1.0e-03,-1,1.74532925e-03,error,NaN,NaN,NaN,NaN,0,NaN,NaN,NaN,0,1.67135845e-03,NaN,NaN,NaN,0.01,DomainError with -5.613765957790822e-9: sqrt was called with
165.00,0.9576,60.0,5.0000,1.0e-03,-1,1.74532925e-03,error,NaN,NaN,NaN,NaN,0,NaN,NaN,NaN,0,1.67135845e-03,NaN,NaN,NaN,0.01,DomainError with -4.3271034128905434e-10: sqrt was called wi
15.00,0.9647,60.0,5.0000,1.0e-03,-1,1.74532925e-03,equilibrium,1.68368692e-03,1.68368692e-03,0.000000e+00,100.0000,1,22.6674,1.000000,7.427142e-03,1,1.68368692e-03,2.575781e-16,12.406815,9.1956,22.35,
45.00,0.9647,60.0,5.0000,1.0e-03,-1,1.74532925e-03,error,NaN,NaN,NaN,NaN,0,NaN,NaN,NaN,0,1.68368692e-03,NaN,NaN,NaN,0.01,DomainError with -2.4515189827120426e-8: sqrt was called wit
75.00,0.9647,60.0,5.0000,1.0e-03,-1,1.74532925e-03,error,NaN,NaN,NaN,NaN,0,NaN,NaN,NaN,0,1.68368692e-03,NaN,NaN,NaN,0.01,DomainError with -5.6691333223739556e-8: sqrt was called wit
105.00,0.9647,60.0,5.0000,1.0e-03,-1,1.74532925e-03,error,NaN,NaN,NaN,NaN,0,NaN,NaN,NaN,0,1.68368692e-03,NaN,NaN,NaN,0.01,DomainError with -2.464306766093216e-11: sqrt was called wit
135.00,0.9647,60.0,5.0000,1.0e-03,-1,1.74532925e-03,error,NaN,NaN,NaN,NaN,0,NaN,NaN,NaN,0,1.68368692e-03,NaN,NaN,NaN,0.01,DomainError with -5.647450770871815e-9: sqrt was called with
165.00,0.9647,60.0,5.0000,1.0e-03,-1,1.74532925e-03,error,NaN,NaN,NaN,NaN,0,NaN,NaN,NaN,0,1.68368692e-03,NaN,NaN,NaN,0.01,DomainError with -1.6831525227006542e-10: sqrt was called wi
15.00,0.9717,60.0,5.0000,1.0e-03,-1,1.74532925e-03,equilibrium,1.69601539e-03,1.69601539e-03,0.000000e+00,100.0000,1,23.2739,1.000000,7.486850e-03,1,1.69601539e-03,0.000000e+00,12.315280,9.3918,23.17,
45.00,0.9717,60.0,5.0000,1.0e-03,-1,1.74532925e-03,error,NaN,NaN,NaN,NaN,0,NaN,NaN,NaN,0,1.69601539e-03,NaN,NaN,NaN,0.01,DomainError with -1.972759381346734e-10: sqrt was called wit
75.00,0.9717,60.0,5.0000,1.0e-03,-1,1.74532925e-03,error,NaN,NaN,NaN,NaN,0,NaN,NaN,NaN,0,1.69601539e-03,NaN,NaN,NaN,0.00,DomainError with -1.4646765249834985e-9: sqrt was called wit
105.00,0.9717,60.0,5.0000,1.0e-03,-1,1.74532925e-03,error,NaN,NaN,NaN,NaN,0,NaN,NaN,NaN,0,1.69601539e-03,NaN,NaN,NaN,0.02,DomainError with -3.7279748611811825e-11: sqrt was called wi
135.00,0.9717,60.0,5.0000,1.0e-03,-1,1.74532925e-03,error,NaN,NaN,NaN,NaN,0,NaN,NaN,NaN,0,1.69601539e-03,NaN,NaN,NaN,0.01,DomainError with -2.3524880513744013e-9: sqrt was called wit
165.00,0.9717,60.0,5.0000,1.0e-03,-1,1.74532925e-03,equilibrium,1.69601539e-03,1.69601539e-03,0.000000e+00,100.0000,1,174.0468,1.000000,5.729725e-03,1,1.69601539e-03,5.114115e-16,5.168355,0.2342,36.29,
15.00,0.9788,60.0,5.0000,1.0e-03,-1,1.74532925e-03,equilibrium,1.70834385e-03,1.70834385e-03,0.000000e+00,100.0000,1,22.5117,1.000000,7.435189e-03,1,1.70834385e-03,1.269302e-16,12.224680,9.0741,20.69,
45.00,0.9788,60.0,5.0000,1.0e-03,-1,1.74532925e-03,error,NaN,NaN,NaN,NaN,0,NaN,NaN,NaN,0,1.70834385e-03,NaN,NaN,NaN,0.02,DomainError with -1.4598129952092478e-8: sqrt was called wit
75.00,0.9788,60.0,5.0000,1.0e-03,-1,1.74532925e-03,error,NaN,NaN,NaN,NaN,0,NaN,NaN,NaN,0,1.70834385e-03,NaN,NaN,NaN,0.01,DomainError with -1.3935026648546785e-7: sqrt was called wit
105.00,0.9788,60.0,5.0000,1.0e-03,-1,1.74532925e-03,error,NaN,NaN,NaN,NaN,0,NaN,NaN,NaN,0,1.70834385e-03,NaN,NaN,NaN,0.01,DomainError with -1.0439684641317171e-10: sqrt was called wi
135.00,0.9788,60.0,5.0000,1.0e-03,-1,1.74532925e-03,error,NaN,NaN,NaN,NaN,0,NaN,NaN,NaN,0,1.70834385e-03,NaN,NaN,NaN,0.01,DomainError with -1.076817675445728e-9: sqrt was called with
165.00,0.9788,60.0,5.0000,1.0e-03,-1,1.74532925e-03,error,NaN,NaN,NaN,NaN,0,NaN,NaN,NaN,0,1.70834385e-03,NaN,NaN,NaN,0.01,DomainError with -1.7165150028721475e-10: sqrt was called wi
15.00,0.9859,60.0,5.0000,1.0e-03,-1,1.74532925e-03,equilibrium,1.72067232e-03,1.72067232e-03,0.000000e+00,100.0000,1,23.2563,1.000000,7.316600e-03,1,1.72067232e-03,2.520415e-16,12.135199,9.2677,21.26,
45.00,0.9859,60.0,5.0000,1.0e-03,-1,1.74532925e-03,error,NaN,NaN,NaN,NaN,0,NaN,NaN,NaN,0,1.72067232e-03,NaN,NaN,NaN,0.00,DomainError with -3.183328780167345e-9: sqrt was called with
75.00,0.9859,60.0,5.0000,1.0e-03,-1,1.74532925e-03,error,NaN,NaN,NaN,NaN,0,NaN,NaN,NaN,0,1.72067232e-03,NaN,NaN,NaN,0.01,DomainError with -1.4125497876078162e-7: sqrt was called wit
105.00,0.9859,60.0,5.0000,1.0e-03,-1,1.74532925e-03,error,NaN,NaN,NaN,NaN,0,NaN,NaN,NaN,0,1.72067232e-03,NaN,NaN,NaN,0.01,DomainError with -2.2280593449988592e-10: sqrt was called wi
135.00,0.9859,60.0,5.0000,1.0e-03,-1,1.74532925e-03,error,NaN,NaN,NaN,NaN,0,NaN,NaN,NaN,0,1.72067232e-03,NaN,NaN,NaN,0.01,DomainError with -7.740382830605469e-10: sqrt was called wit
165.00,0.9859,60.0,5.0000,1.0e-03,-1,1.74532925e-03,error,NaN,NaN,NaN,NaN,0,NaN,NaN,NaN,0,1.72067232e-03,NaN,NaN,NaN,0.00,DomainError with -2.757786904622853e-7: sqrt was called with
15.00,0.9929,60.0,5.0000,1.0e-03,-1,1.74532925e-03,equilibrium,1.73300079e-03,1.73300079e-03,0.000000e+00,100.0000,1,23.2942,1.000000,7.274250e-03,1,1.73300079e-03,2.502485e-16,12.046635,9.2291,21.63,
45.00,0.9929,60.0,5.0000,1.0e-03,-1,1.74532925e-03,error,NaN,NaN,NaN,NaN,0,NaN,NaN,NaN,0,1.73300079e-03,NaN,NaN,NaN,0.01,DomainError with -8.497008982937474e-9: sqrt was called with
75.00,0.9929,60.0,5.0000,1.0e-03,-1,1.74532925e-03,error,NaN,NaN,NaN,NaN,0,NaN,NaN,NaN,0,1.73300079e-03,NaN,NaN,NaN,0.01,DomainError with -1.2165682692622737e-7: sqrt was called wit
105.00,0.9929,60.0,5.0000,1.0e-03,-1,1.74532925e-03,error,NaN,NaN,NaN,NaN,0,NaN,NaN,NaN,0,1.73300079e-03,NaN,NaN,NaN,0.00,DomainError with -2.564840054645057e-7: sqrt was called with
135.00,0.9929,60.0,5.0000,1.0e-03,-1,1.74532925e-03,error,NaN,NaN,NaN,NaN,0,NaN,NaN,NaN,0,1.73300079e-03,NaN,NaN,NaN,0.01,DomainError with -2.093500763432526e-10: sqrt was called wit
165.00,0.9929,60.0,5.0000,1.0e-03,-1,1.74532925e-03,error,NaN,NaN,NaN,NaN,0,NaN,NaN,NaN,0,1.73300079e-03,NaN,NaN,NaN,0.01,DomainError with -9.72437013401523e-8: sqrt was called with 
15.00,0.7659,120.0,5.0000,1.0e-03,-1,8.72664626e-04,equilibrium,6.68403126e-04,6.68403126e-04,0.000000e+00,100.0000,1,16.6050,1.000000,2.782030e-02,1,6.68403126e-04,3.244156e-16,31.924059,8.4458,20.94,
45.00,0.7659,120.0,5.0000,1.0e-03,-1,8.72664626e-04,equilibrium,6.68403126e-04,6.68403126e-04,1.978935e-14,100.0000,1,51.0131,1.000000,5.273332e-02,1,6.68403126e-04,-1.297663e-13,24.316951,35.7007,15.74,
75.00,0.7659,120.0,5.0000,1.0e-03,-1,8.72664626e-04,equilibrium,6.68403126e-04,6.68403126e-04,6.601858e-14,100.0000,1,80.6077,1.000000,6.567159e-02,1,6.68403126e-04,-6.086038e-13,16.317767,64.6938,11.31,
105.00,0.7659,120.0,5.0000,1.0e-03,-1,8.72664626e-04,equilibrium,6.68403126e-04,6.68403126e-04,1.686961e-14,100.0000,1,104.2442,1.000000,6.345699e-02,1,6.68403126e-04,1.245756e-13,15.223683,62.8493,10.15,
135.00,0.7659,120.0,5.0000,1.0e-03,-1,8.72664626e-04,equilibrium,6.68403126e-04,6.68403126e-04,1.281442e-13,100.0000,1,133.9715,1.000000,5.437103e-02,1,6.68403126e-04,1.371629e-12,18.691982,43.0081,11.55,
165.00,0.7659,120.0,5.0000,1.0e-03,-1,8.72664626e-04,equilibrium,6.68403126e-04,6.68403126e-04,1.675607e-13,100.0000,1,157.6161,1.000000,3.247349e-02,1,6.68403126e-04,1.636353e-12,24.650641,11.1667,11.97,
15.00,0.7841,120.0,5.0000,1.0e-03,-1,8.72664626e-04,equilibrium,6.84249700e-04,6.84249700e-04,0.000000e+00,100.0000,1,20.2209,1.000000,2.916448e-02,1,6.84249700e-04,1.742964e-15,30.876810,10.1675,19.17,
45.00,0.7841,120.0,5.0000,1.0e-03,-1,8.72664626e-04,equilibrium,6.84249700e-04,6.84249700e-04,1.473597e-14,100.0000,1,41.6763,1.000000,4.987848e-02,1,6.84249700e-04,-8.952495e-14,24.140348,34.6590,15.01,
75.00,0.7841,120.0,5.0000,1.0e-03,-1,8.72664626e-04,equilibrium,6.84249700e-04,6.84249700e-04,8.952495e-14,100.0000,1,80.4433,1.000000,6.204788e-02,1,6.84249700e-04,-7.789463e-13,16.987035,58.8686,11.20,
105.00,0.7841,120.0,5.0000,1.0e-03,-1,8.72664626e-04,equilibrium,6.84249700e-04,6.84249700e-04,1.616203e-14,100.0000,1,109.6568,1.000000,6.145549e-02,1,6.84249700e-04,-1.632048e-14,14.657541,66.0632,8.16,
135.00,0.7841,120.0,5.0000,1.0e-03,-1,8.72664626e-04,equilibrium,6.84249700e-04,6.84249700e-04,1.742964e-13,100.0000,1,132.3397,1.000000,4.669785e-02,1,6.84249700e-04,1.642506e-12,20.160045,33.7087,9.54,
165.00,0.7841,120.0,5.0000,1.0e-03,-1,8.72664626e-04,equilibrium,6.84249700e-04,6.84249700e-04,2.005993e-13,100.0000,1,169.1971,1.000000,2.345427e-02,1,6.84249700e-04,2.070482e-12,25.072668,2.0656,9.52,
15.00,0.8023,120.0,5.0000,1.0e-03,-1,8.72664626e-04,equilibrium,7.00096275e-04,7.00096275e-04,0.000000e+00,100.0000,1,18.9190,1.000000,2.811532e-02,1,7.00096275e-04,1.548647e-16,30.143382,10.2073,16.19,
45.00,0.8023,120.0,5.0000,1.0e-03,-1,8.72664626e-04,equilibrium,7.00096275e-04,7.00096275e-04,9.291884e-15,100.0000,1,47.0235,1.000000,4.720538e-02,1,7.00096275e-04,-1.189361e-13,23.892239,33.6563,13.33,
75.00,0.8023,120.0,5.0000,1.0e-03,-1,8.72664626e-04,equilibrium,7.00096275e-04,7.00096275e-04,5.420265e-14,100.0000,1,75.1781,1.000000,5.910177e-02,1,7.00096275e-04,-6.676218e-13,16.932558,57.2319,9.97,
105.00,0.8023,120.0,5.0000,1.0e-03,-1,8.72664626e-04,equilibrium,7.00096275e-04,7.00096275e-04,8.827289e-15,100.0000,1,99.7563,1.000000,5.971355e-02,1,7.00096275e-04,-2.539781e-14,14.220821,68.9208,8.01,
135.00,0.8023,120.0,5.0000,1.0e-03,-1,8.72664626e-04,equilibrium,7.00096275e-04,7.00096275e-04,1.523869e-13,100.0000,1,139.4468,1.000000,4.712408e-02,1,7.00096275e-04,1.574819e-12,18.977478,37.3252,9.43,
165.00,0.8023,120.0,5.0000,1.0e-03,-1,8.72664626e-04,equilibrium,7.00096275e-04,7.00096275e-04,2.197530e-13,100.0000,1,168.0411,1.000000,2.081525e-02,1,7.00096275e-04,2.224012e-12,19.738830,0.5135,10.62,
15.00,0.8204,120.0,5.0000,1.0e-03,-1,8.72664626e-04,equilibrium,7.15942849e-04,7.15942849e-04,1.514370e-16,100.0000,1,20.5942,1.000000,2.752377e-02,1,7.15942849e-04,1.514370e-15,29.416993,12.0988,15.93,
45.00,0.8204,120.0,5.0000,1.0e-03,-1,8.72664626e-04,equilibrium,7.15942849e-04,7.15942849e-04,1.514370e-14,100.0000,1,49.8568,1.000000,4.613782e-02,1,7.15942849e-04,-1.125177e-13,22.917067,34.9415,11.69,
75.00,0.8204,120.0,5.0000,1.0e-03,-1,8.72664626e-04,equilibrium,7.15942849e-04,7.15942849e-04,5.300294e-14,100.0000,1,68.8094,1.000000,5.729328e-02,1,7.15942849e-04,-5.277578e-13,15.968399,60.2290,8.92,
105.00,0.8204,120.0,5.0000,1.0e-03,-1,8.72664626e-04,equilibrium,7.15942849e-04,7.15942849e-04,1.181208e-14,100.0000,1,90.7062,1.000000,5.692151e-02,1,7.15942849e-04,4.876271e-14,14.009536,66.0667,6.76,
135.00,0.8204,120.0,5.0000,1.0e-03,-1,8.72664626e-04,equilibrium,7.15942849e-04,7.15942849e-04,1.518913e-13,100.0000,1,141.7564,1.000000,4.475397e-02,1,7.15942849e-04,1.602506e-12,18.726084,36.4358,7.88,
165.00,0.8204,120.0,5.0000,1.0e-03,-1,8.72664626e-04,equilibrium,7.15942849e-04,7.15942849e-04,2.033799e-13,100.0000,1,168.7770,1.000000,1.955280e-02,1,7.15942849e-04,2.165700e-12,18.238725,0.2891,9.23,
15.00,0.8386,120.0,5.0000,1.0e-03,-1,8.72664626e-04,equilibrium,7.31789423e-04,7.31789423e-04,0.000000e+00,100.0000,1,19.7595,1.000000,2.706018e-02,1,7.31789423e-04,1.185261e-15,28.701694,11.2477,12.97,
45.00,0.8386,120.0,5.0000,1.0e-03,-1,8.72664626e-04,equilibrium,7.31789423e-04,7.31789423e-04,2.429786e-14,100.0000,1,53.1415,1.000000,4.574584e-02,1,7.31789423e-04,-2.220884e-13,21.796555,37.1809,9.91,
75.00,0.8386,120.0,5.0000,1.0e-03,-1,8.72664626e-04,equilibrium,7.31789423e-04,7.31789423e-04,5.733702e-14,100.0000,1,84.2384,1.000000,5.551828e-02,1,7.31789423e-04,-5.120329e-13,15.051928,63.4396,7.92,
105.00,0.8386,120.0,5.0000,1.0e-03,-1,8.72664626e-04,equilibrium,7.31789423e-04,7.31789423e-04,1.718629e-14,100.0000,1,100.2160,1.000000,5.373725e-02,1,7.31789423e-04,2.016426e-13,13.940301,62.4759,5.99,
135.00,0.8386,120.0,5.0000,1.0e-03,-1,8.72664626e-04,equilibrium,7.31789423e-04,7.31789423e-04,1.634179e-13,100.0000,1,136.9610,1.000000,4.165631e-02,1,7.31789423e-04,1.682330e-12,18.820771,33.6846,8.59,
165.00,0.8386,120.0,5.0000,1.0e-03,-1,8.72664626e-04,equilibrium,7.31789423e-04,7.31789423e-04,2.129026e-13,100.0000,1,169.7605,1.000000,1.877092e-02,1,7.31789423e-04,2.157768e-12,17.228542,0.5479,8.40,
15.00,0.8567,120.0,5.0000,1.0e-03,-1,8.72664626e-04,equilibrium,7.47635997e-04,7.47635997e-04,4.350522e-16,100.0000,1,20.2765,1.000000,2.621420e-02,1,7.47635997e-04,1.740209e-15,28.034886,11.2294,10.90,
45.00,0.8567,120.0,5.0000,1.0e-03,-1,8.72664626e-04,equilibrium,7.47635997e-04,7.47635997e-04,2.914849e-14,100.0000,1,46.9209,1.000000,4.486760e-02,1,7.47635997e-04,-2.629165e-13,20.840573,38.6355,10.29,
75.00,0.8567,120.0,5.0000,1.0e-03,-1,8.72664626e-04,equilibrium,7.47635997e-04,7.47635997e-04,5.496159e-14,100.0000,1,88.4347,1.000000,5.354778e-02,1,7.47635997e-04,-5.187272e-13,14.376168,66.0539,7.82,
105.00,0.8567,120.0,5.0000,1.0e-03,-1,8.72664626e-04,equilibrium,7.47635997e-04,7.47635997e-04,3.016362e-14,100.0000,1,108.9422,1.000000,5.106194e-02,1,7.47635997e-04,3.390506e-13,13.904893,59.6299,7.91,
135.00,0.8567,120.0,5.0000,1.0e-03,-1,8.72664626e-04,equilibrium,7.47635997e-04,7.47635997e-04,1.783714e-13,100.0000,1,140.0025,1.000000,3.862873e-02,1,7.47635997e-04,1.783859e-12,18.854044,31.2170,8.38,
165.00,0.8567,120.0,5.0000,1.0e-03,-1,8.72664626e-04,equilibrium,7.47635997e-04,7.47635997e-04,2.189763e-13,100.0000,1,168.3127,1.000000,1.806726e-02,1,7.47635997e-04,2.194693e-12,16.720428,0.4119,7.24,
15.00,0.8749,120.0,5.0000,1.0e-03,-1,8.72664626e-04,equilibrium,7.63482572e-04,7.63482572e-04,2.840149e-16,100.0000,1,20.8256,1.000000,2.554915e-02,1,7.63482572e-04,2.130112e-15,27.432439,11.2482,10.65,
45.00,0.8749,120.0,5.0000,1.0e-03,-1,8.72664626e-04,equilibrium,7.63482572e-04,7.63482572e-04,2.612937e-14,100.0000,1,53.4533,1.000000,4.376709e-02,1,7.63482572e-04,-2.580275e-13,20.102646,39.6180,7.96,
75.00,0.8749,120.0,5.0000,1.0e-03,-1,8.72664626e-04,equilibrium,7.63482572e-04,7.63482572e-04,4.175019e-14,100.0000,1,88.9762,1.000000,5.163971e-02,1,7.63482572e-04,-4.101175e-13,13.881933,68.0596,6.27,
105.00,0.8749,120.0,5.0000,1.0e-03,-1,8.72664626e-04,equilibrium,7.63482572e-04,7.63482572e-04,4.927659e-14,100.0000,1,122.2291,1.000000,4.887540e-02,1,7.63482572e-04,4.758670e-13,13.816754,57.7709,6.40,
135.00,0.8749,120.0,5.0000,1.0e-03,-1,8.72664626e-04,equilibrium,7.63482572e-04,7.63482572e-04,1.878759e-13,100.0000,1,142.4888,1.000000,3.651582e-02,1,7.63482572e-04,1.847233e-12,18.723522,29.6245,7.80,
165.00,0.8749,120.0,5.0000,1.0e-03,-1,8.72664626e-04,equilibrium,7.63482572e-04,7.63482572e-04,2.181235e-13,100.0000,1,174.0035,1.000000,1.761211e-02,1,7.63482572e-04,2.219719e-12,16.636197,0.0710,7.65,
15.00,0.8930,120.0,5.0000,1.0e-03,-1,8.72664626e-04,equilibrium,7.79329146e-04,7.79329146e-04,2.782399e-16,100.0000,1,20.6803,1.000000,2.439308e-02,1,7.79329146e-04,1.808559e-15,26.892275,11.1488,10.37,
45.00,0.8930,120.0,5.0000,1.0e-03,-1,8.72664626e-04,equilibrium,7.79329146e-04,7.79329146e-04,3.408438e-14,100.0000,1,53.8462,1.000000,4.243689e-02,1,7.79329146e-04,-3.046726e-13,19.552700,39.6960,8.67,
75.00,0.8930,120.0,5.0000,1.0e-03,-1,8.72664626e-04,equilibrium,7.79329146e-04,7.79329146e-04,5.870861e-14,100.0000,1,89.5052,1.000000,4.972708e-02,1,7.79329146e-04,-4.671647e-13,13.502326,68.5237,6.82,
105.00,0.8930,120.0,5.0000,1.0e-03,-1,8.72664626e-04,equilibrium,7.79329146e-04,7.79329146e-04,5.244821e-14,100.0000,1,119.4255,1.000000,4.664836e-02,1,7.79329146e-04,5.226736e-13,13.655709,56.8334,6.65,
135.00,0.8930,120.0,5.0000,1.0e-03,-1,8.72664626e-04,equilibrium,7.79329146e-04,7.79329146e-04,1.759867e-13,100.0000,1,144.0928,1.000000,3.447576e-02,1,7.79329146e-04,1.822054e-12,18.457900,28.8959,7.71,
165.00,0.8930,120.0,5.0000,1.0e-03,-1,8.72664626e-04,equilibrium,7.79329146e-04,7.79329146e-04,2.288523e-13,100.0000,1,171.5521,1.000000,1.725816e-02,1,7.79329146e-04,2.252908e-12,16.782613,0.8594,7.17,
15.00,0.9112,120.0,5.0000,1.0e-03,-1,8.72664626e-04,equilibrium,7.95175720e-04,7.95175720e-04,1.363475e-16,100.0000,1,21.7020,1.000000,2.361383e-02,1,7.95175720e-04,2.317907e-15,26.406174,10.7971,9.77,
45.00,0.9112,120.0,5.0000,1.0e-03,-1,8.72664626e-04,equilibrium,7.95175720e-04,7.95175720e-04,2.426985e-14,100.0000,1,54.0317,1.000000,4.091208e-02,1,7.95175720e-04,-2.699680e-13,19.152664,41.4601,6.85,
75.00,0.9112,120.0,5.0000,1.0e-03,-1,8.72664626e-04,equilibrium,7.95175720e-04,7.95175720e-04,4.090425e-14,100.0000,1,72.5608,1.000000,4.797040e-02,1,7.95175720e-04,-4.360393e-13,13.199012,68.7567,4.77,
105.00,0.9112,120.0,5.0000,1.0e-03,-1,8.72664626e-04,equilibrium,7.95175720e-04,7.95175720e-04,5.931116e-14,100.0000,1,120.1523,1.000000,4.496572e-02,1,7.95175720e-04,5.572522e-13,13.432139,56.5579,4.80,
135.00,0.9112,120.0,5.0000,1.0e-03,-1,8.72664626e-04,equilibrium,7.95175720e-04,7.95175720e-04,1.851599e-13,100.0000,1,143.3558,1.000000,3.371993e-02,1,7.95175720e-04,1.797878e-12,18.104659,28.7382,7.78,
165.00,0.9112,120.0,5.0000,1.0e-03,-1,8.72664626e-04,equilibrium,7.95175720e-04,7.95175720e-04,2.283821e-13,100.0000,1,192.5126,1.000000,1.675746e-02,1,7.95175720e-04,2.255188e-12,16.975540,0.4934,7.90,
15.00,0.9364,120.0,5.0000,1.0e-03,-1,8.72664626e-04,equilibrium,8.17186528e-04,8.17186528e-04,1.326750e-16,100.0000,1,20.6194,1.000000,2.207196e-02,1,8.17186528e-04,2.520825e-15,25.806859,10.1482,9.74,
45.00,0.9364,120.0,5.0000,1.0e-03,-1,8.72664626e-04,equilibrium,8.17186528e-04,8.17186528e-04,1.684972e-14,100.0000,1,53.4977,1.000000,3.875476e-02,1,8.17186528e-04,-2.144028e-13,18.802613,39.1416,8.74,
75.00,0.9364,120.0,5.0000,1.0e-03,-1,8.72664626e-04,equilibrium,8.17186528e-04,8.17186528e-04,4.709962e-14,100.0000,1,79.2835,1.000000,4.566372e-02,1,8.17186528e-04,-4.130173e-13,12.868220,68.3566,6.47,
105.00,0.9364,120.0,5.0000,1.0e-03,-1,8.72664626e-04,equilibrium,8.17186528e-04,8.17186528e-04,6.156120e-14,100.0000,1,102.6623,1.000000,4.304512e-02,1,8.17186528e-04,5.119928e-13,13.038945,56.6356,6.04,
135.00,0.9364,120.0,5.0000,1.0e-03,-1,8.72664626e-04,equilibrium,8.17186528e-04,8.17186528e-04,1.740696e-13,100.0000,1,141.9810,1.000000,3.236883e-02,1,8.17186528e-04,1.766170e-12,17.504273,29.3618,7.54,
165.00,0.9364,120.0,5.0000,1.0e-03,-1,8.72664626e-04,equilibrium,8.17186528e-04,8.17186528e-04,2.255475e-13,100.0000,1,189.8830,1.000000,1.633251e-02,1,8.17186528e-04,2.260517e-12,17.053080,0.4743,8.34,
15.00,0.9435,120.0,5.0000,1.0e-03,-1,8.72664626e-04,equilibrium,8.23350761e-04,8.23350761e-04,5.267267e-16,100.0000,1,18.8689,1.000000,2.180448e-02,1,8.23350761e-04,1.975225e-15,25.633919,9.9816,13.05,
45.00,0.9435,120.0,5.0000,1.0e-03,-1,8.72664626e-04,equilibrium,8.23350761e-04,8.23350761e-04,2.528288e-14,100.0000,1,53.5032,1.000000,3.822988e-02,1,8.23350761e-04,-2.155629e-13,18.675709,39.1098,8.77,
75.00,0.9435,120.0,5.0000,1.0e-03,-1,8.72664626e-04,equilibrium,8.23350761e-04,8.23350761e-04,3.410556e-14,100.0000,1,81.6512,1.000000,4.506338e-02,1,8.23350761e-04,-4.246734e-13,12.753473,68.6244,5.03,
105.00,0.9435,120.0,5.0000,1.0e-03,-1,8.72664626e-04,equilibrium,8.23350761e-04,8.23350761e-04,5.122418e-14,100.0000,1,115.6523,1.000000,4.163861e-02,1,8.23350761e-04,5.546433e-13,12.961129,56.3384,4.88,
135.00,0.9435,120.0,5.0000,1.0e-03,-1,8.72664626e-04,equilibrium,8.23350761e-04,8.23350761e-04,1.735565e-13,100.0000,1,143.7399,1.000000,3.214139e-02,1,8.23350761e-04,1.787184e-12,17.361482,29.3997,5.44,
165.00,0.9435,120.0,5.0000,1.0e-03,-1,8.72664626e-04,equilibrium,8.23350761e-04,8.23350761e-04,2.221470e-13,100.0000,1,170.5003,1.000000,1.577764e-02,1,8.23350761e-04,2.238720e-12,17.122261,2.7966,7.02,
15.00,0.9506,120.0,5.0000,1.0e-03,-1,8.72664626e-04,equilibrium,8.29514994e-04,8.29514994e-04,3.921094e-16,100.0000,1,15.4023,1.000000,2.129910e-02,1,8.29514994e-04,1.568438e-15,25.459224,9.8039,9.30,
45.00,0.9506,120.0,5.0000,1.0e-03,-1,8.72664626e-04,equilibrium,8.29514994e-04,8.29514994e-04,2.065110e-14,100.0000,1,52.9113,1.000000,3.773310e-02,1,8.29514994e-04,-2.023285e-13,18.542757,38.9769,8.57,
75.00,0.9506,120.0,5.0000,1.0e-03,-1,8.72664626e-04,equilibrium,8.29514994e-04,8.29514994e-04,4.352415e-14,100.0000,1,91.3012,1.000000,4.444632e-02,1,8.29514994e-04,-3.840058e-13,12.637273,70.1215,6.35,
105.00,0.9506,120.0,5.0000,1.0e-03,-1,8.72664626e-04,equilibrium,8.29514994e-04,8.29514994e-04,4.966719e-14,100.0000,1,104.1515,1.000000,4.182797e-02,1,8.29514994e-04,5.357522e-13,12.888824,56.1863,13.57,
135.00,0.9506,120.0,5.0000,1.0e-03,-1,8.72664626e-04,equilibrium,8.29514994e-04,8.29514994e-04,1.878204e-13,100.0000,1,147.3781,1.000000,3.190046e-02,1,8.29514994e-04,1.824877e-12,17.227087,29.3828,10.18,
165.00,0.9506,120.0,5.0000,1.0e-03,-1,8.72664626e-04,equilibrium,8.29514994e-04,8.29514994e-04,2.314753e-13,100.0000,1,166.8650,1.000000,1.585999e-02,1,8.29514994e-04,2.315145e-12,17.350542,0.1499,13.01,
15.00,0.9576,120.0,5.0000,1.0e-03,-1,8.72664626e-04,equilibrium,8.35679227e-04,8.35679227e-04,0.000000e+00,100.0000,1,19.1966,1.000000,2.107800e-02,1,8.35679227e-04,2.465042e-15,25.284930,9.6646,18.15,
45.00,0.9576,120.0,5.0000,1.0e-03,-1,8.72664626e-04,equilibrium,8.35679227e-04,8.35679227e-04,1.790399e-14,100.0000,1,52.1817,1.000000,3.729471e-02,1,8.35679227e-04,-2.121233e-13,18.407645,38.9802,13.68,
75.00,0.9576,120.0,5.0000,1.0e-03,-1,8.72664626e-04,equilibrium,8.35679227e-04,8.35679227e-04,3.723510e-14,100.0000,1,90.7180,1.000000,4.385809e-02,1,8.35679227e-04,-3.705347e-13,12.522191,69.0162,9.29,
105.00,0.9576,120.0,5.0000,1.0e-03,-1,8.72664626e-04,equilibrium,8.35679227e-04,8.35679227e-04,6.473978e-14,100.0000,1,103.5073,1.000000,4.101357e-02,1,8.35679227e-04,5.669596e-13,12.818917,55.9590,8.71,
135.00,0.9576,120.0,5.0000,1.0e-03,-1,8.72664626e-04,equilibrium,8.35679227e-04,8.35679227e-04,1.706068e-13,100.0000,1,147.1489,1.000000,3.138776e-02,1,8.35679227e-04,1.773273e-12,17.097164,29.3877,9.75,
165.00,0.9576,120.0,5.0000,1.0e-03,-1,8.72664626e-04,equilibrium,8.35679227e-04,8.35679227e-04,2.231511e-13,100.0000,1,168.7987,1.000000,1.574650e-02,1,8.35679227e-04,2.273028e-12,17.391357,0.3670,11.51,
15.00,0.9647,120.0,5.0000,1.0e-03,-1,8.72664626e-04,equilibrium,8.41843460e-04,8.41843460e-04,0.000000e+00,100.0000,1,17.7501,1.000000,2.066361e-02,1,8.41843460e-04,2.060625e-15,25.111358,9.6927,17.86,
45.00,0.9647,120.0,5.0000,1.0e-03,-1,8.72664626e-04,equilibrium,8.41843460e-04,8.41843460e-04,1.867441e-14,100.0000,1,53.6255,1.000000,3.678201e-02,1,8.41843460e-04,-2.068352e-13,18.272545,38.9097,14.41,
75.00,0.9647,120.0,5.0000,1.0e-03,-1,8.72664626e-04,equilibrium,8.41843460e-04,8.41843460e-04,4.997015e-14,100.0000,1,78.6574,1.000000,4.327025e-02,1,8.41843460e-04,-4.123825e-13,12.408345,69.2053,9.19,
105.00,0.9647,120.0,5.0000,1.0e-03,-1,8.72664626e-04,equilibrium,8.41843460e-04,8.41843460e-04,4.906863e-14,100.0000,1,108.8225,1.000000,4.057990e-02,1,8.41843460e-04,5.957781e-13,12.750453,55.8077,8.31,
135.00,0.9647,120.0,5.0000,1.0e-03,-1,8.72664626e-04,equilibrium,8.41843460e-04,8.41843460e-04,1.752819e-13,100.0000,1,137.6271,1.000000,3.088840e-02,1,8.41843460e-04,1.764281e-12,16.970405,29.4759,9.82,
165.00,0.9647,120.0,5.0000,1.0e-03,-1,8.72664626e-04,equilibrium,8.41843460e-04,8.41843460e-04,2.213884e-13,100.0000,1,173.0061,1.000000,1.583126e-02,1,8.41843460e-04,2.266687e-12,17.475563,0.4107,11.49,
15.00,0.9717,120.0,5.0000,1.0e-03,-1,8.72664626e-04,equilibrium,8.48007693e-04,8.48007693e-04,6.392643e-16,100.0000,1,16.3879,1.000000,1.947653e-02,1,8.48007693e-04,1.917793e-15,24.938339,14.0380,16.02,
45.00,0.9717,120.0,5.0000,1.0e-03,-1,8.72664626e-04,equilibrium,8.48007693e-04,8.48007693e-04,1.112320e-14,100.0000,1,54.2333,1.000000,3.627785e-02,1,8.48007693e-04,-1.893501e-13,18.137339,38.8873,11.85,
75.00,0.9717,120.0,5.0000,1.0e-03,-1,8.72664626e-04,equilibrium,8.48007693e-04,8.48007693e-04,3.515954e-14,100.0000,1,94.6314,1.000000,4.272588e-02,1,8.48007693e-04,-3.391937e-13,12.296868,69.5447,8.36,
105.00,0.9717,120.0,5.0000,1.0e-03,-1,8.72664626e-04,equilibrium,8.48007693e-04,8.48007693e-04,5.574385e-14,100.0000,1,113.6707,1.000000,3.962353e-02,1,8.48007693e-04,6.243056e-13,12.683592,55.7397,7.91,
135.00,0.9717,120.0,5.0000,1.0e-03,-1,8.72664626e-04,equilibrium,8.48007693e-04,8.48007693e-04,1.760534e-13,100.0000,1,144.1683,1.000000,3.071186e-02,1,8.48007693e-04,1.763219e-12,16.847789,29.3274,8.97,
165.00,0.9717,120.0,5.0000,1.0e-03,-1,8.72664626e-04,equilibrium,8.48007693e-04,8.48007693e-04,2.199069e-13,100.0000,1,168.5635,1.000000,1.530179e-02,1,8.48007693e-04,2.228859e-12,17.591328,0.4352,10.42,
15.00,0.9788,120.0,5.0000,1.0e-03,-1,8.72664626e-04,equilibrium,8.54171927e-04,8.54171927e-04,3.807906e-16,100.0000,1,19.3478,1.000000,2.033159e-02,1,8.54171927e-04,8.885114e-16,24.767193,9.4009,15.81,
45.00,0.9788,120.0,5.0000,1.0e-03,-1,8.72664626e-04,equilibrium,8.54171927e-04,8.54171927e-04,1.459697e-14,100.0000,1,50.5553,1.000000,3.585958e-02,1,8.54171927e-04,-1.920454e-13,18.003369,38.9939,12.09,
75.00,0.9788,120.0,5.0000,1.0e-03,-1,8.72664626e-04,equilibrium,8.54171927e-04,8.54171927e-04,4.163311e-14,100.0000,1,90.0664,1.000000,4.215738e-02,1,8.54171927e-04,-4.306742e-13,12.187504,69.7495,8.18,
105.00,0.9788,120.0,5.0000,1.0e-03,-1,8.72664626e-04,equilibrium,8.54171927e-04,8.54171927e-04,6.346510e-14,100.0000,1,121.2329,1.000000,3.907532e-02,1,8.54171927e-04,5.978413e-13,12.617475,55.2907,7.92,
135.00,0.9788,120.0,5.0000,1.0e-03,-1,8.72664626e-04,equilibrium,8.54171927e-04,8.54171927e-04,1.724981e-13,100.0000,1,147.5365,1.000000,3.027926e-02,1,8.54171927e-04,1.775500e-12,16.727041,29.3073,8.80,
165.00,0.9788,120.0,5.0000,1.0e-03,-1,8.72664626e-04,equilibrium,8.54171927e-04,8.54171927e-04,2.165429e-13,100.0000,1,166.0355,1.000000,1.554926e-02,1,8.54171927e-04,2.227498e-12,17.720375,0.4611,10.91,
15.00,0.9859,120.0,5.0000,1.0e-03,-1,8.72664626e-04,equilibrium,8.60336160e-04,8.60336160e-04,1.260208e-16,100.0000,1,18.3913,1.000000,1.995861e-02,1,8.60336160e-04,2.016332e-15,24.597531,9.3678,16.61,
45.00,0.9859,120.0,5.0000,1.0e-03,-1,8.72664626e-04,equilibrium,8.60336160e-04,8.60336160e-04,2.243170e-14,100.0000,1,47.4077,1.000000,3.537723e-02,1,8.60336160e-04,-1.848725e-13,17.870547,39.0135,12.99,
75.00,0.9859,120.0,5.0000,1.0e-03,-1,8.72664626e-04,equilibrium,8.60336160e-04,8.60336160e-04,5.204657e-14,100.0000,1,82.6331,1.000000,4.158169e-02,1,8.60336160e-04,-3.499597e-13,12.080806,70.2372,8.33,
105.00,0.9859,120.0,5.0000,1.0e-03,-1,8.72664626e-04,equilibrium,8.60336160e-04,8.60336160e-04,5.292872e-14,100.0000,1,119.5833,1.000000,3.843453e-02,1,8.60336160e-04,5.931797e-13,12.551518,55.1261,7.45,
135.00,0.9859,120.0,5.0000,1.0e-03,-1,8.72664626e-04,equilibrium,8.60336160e-04,8.60336160e-04,1.841163e-13,100.0000,1,136.3066,1.000000,2.966290e-02,1,8.60336160e-04,1.756225e-12,16.608810,29.3467,8.53,
165.00,0.9859,120.0,5.0000,1.0e-03,-1,8.72664626e-04,equilibrium,8.60336160e-04,8.60336160e-04,2.303660e-13,100.0000,1,168.7827,1.000000,1.537442e-02,1,8.60336160e-04,2.251235e-12,17.831494,0.4869,9.71,
15.00,0.9929,120.0,5.0000,1.0e-03,-1,8.72664626e-04,equilibrium,8.66500393e-04,8.66500393e-04,6.256213e-16,100.0000,1,14.9688,1.000000,1.965399e-02,1,8.66500393e-04,1.876864e-15,24.429884,9.3830,14.87,
45.00,0.9929,120.0,5.0000,1.0e-03,-1,8.72664626e-04,equilibrium,8.66500393e-04,8.66500393e-04,1.601590e-14,100.0000,1,47.0376,1.000000,3.495848e-02,1,8.66500393e-04,-1.901889e-13,17.738409,38.8570,10.45,
75.00,0.9929,120.0,5.0000,1.0e-03,-1,8.72664626e-04,equilibrium,8.66500393e-04,8.66500393e-04,3.315793e-14,100.0000,1,93.6122,1.000000,3.588169e-02,1,8.66500393e-04,-3.407133e-13,11.976086,70.7361,6.94,
105.00,0.9929,120.0,5.0000,1.0e-03,-1,8.72664626e-04,equilibrium,8.66500393e-04,8.66500393e-04,6.681635e-14,100.0000,1,125.1271,1.000000,3.833666e-02,1,8.66500393e-04,6.197404e-13,12.486526,54.8650,7.10,
135.00,0.9929,120.0,5.0000,1.0e-03,-1,8.72664626e-04,equilibrium,8.66500393e-04,8.66500393e-04,1.700439e-13,100.0000,1,144.9605,1.000000,2.924644e-02,1,8.66500393e-04,1.717581e-12,16.492277,29.2263,7.67,
165.00,0.9929,120.0,5.0000,1.0e-03,-1,8.72664626e-04,equilibrium,8.66500393e-04,8.66500393e-04,2.185921e-13,100.0000,1,172.8946,1.000000,1.501210e-02,1,8.66500393e-04,2.195430e-12,17.825857,0.5123,9.24,
15.00,0.7659,20.0,10.0000,1.0e-03,-1,5.23598776e-03,error,NaN,NaN,NaN,NaN,0,NaN,NaN,NaN,0,4.01041876e-03,NaN,NaN,NaN,0.02,DomainError with -3.8241072910594555e-7: sqrt was called wit
45.00,0.7659,20.0,10.0000,1.0e-03,-1,5.23598776e-03,error,NaN,NaN,NaN,NaN,0,NaN,NaN,NaN,0,4.01041876e-03,NaN,NaN,NaN,0.01,DomainError with -3.6573059070300384e-7: sqrt was called wit
75.00,0.7659,20.0,10.0000,1.0e-03,-1,5.23598776e-03,error,NaN,NaN,NaN,NaN,0,NaN,NaN,NaN,0,4.01041876e-03,NaN,NaN,NaN,0.01,DomainError with -2.4035934546393267e-7: sqrt was called wit
105.00,0.7659,20.0,10.0000,1.0e-03,-1,5.23598776e-03,error,NaN,NaN,NaN,NaN,0,NaN,NaN,NaN,0,4.01041876e-03,NaN,NaN,NaN,0.02,DomainError with -2.9929443772636133e-7: sqrt was called wit
135.00,0.7659,20.0,10.0000,1.0e-03,-1,5.23598776e-03,error,NaN,NaN,NaN,NaN,0,NaN,NaN,NaN,0,4.01041876e-03,NaN,NaN,NaN,0.02,DomainError with -2.649352824707087e-7: sqrt was called with
165.00,0.7659,20.0,10.0000,1.0e-03,-1,5.23598776e-03,error,NaN,NaN,NaN,NaN,0,NaN,NaN,NaN,0,4.01041876e-03,NaN,NaN,NaN,0.01,DomainError with -1.5085385106891725e-7: sqrt was called wit
15.00,0.7841,20.0,10.0000,1.0e-03,-1,5.23598776e-03,error,NaN,NaN,NaN,NaN,0,NaN,NaN,NaN,0,4.10549820e-03,NaN,NaN,NaN,0.00,DomainError with -3.003931453381281e-7: sqrt was called with
45.00,0.7841,20.0,10.0000,1.0e-03,-1,5.23598776e-03,error,NaN,NaN,NaN,NaN,0,NaN,NaN,NaN,0,4.10549820e-03,NaN,NaN,NaN,0.02,DomainError with -2.6963076942161043e-7: sqrt was called wit
75.00,0.7841,20.0,10.0000,1.0e-03,-1,5.23598776e-03,error,NaN,NaN,NaN,NaN,0,NaN,NaN,NaN,0,4.10549820e-03,NaN,NaN,NaN,0.02,DomainError with -2.7442229926024443e-7: sqrt was called wit
105.00,0.7841,20.0,10.0000,1.0e-03,-1,5.23598776e-03,error,NaN,NaN,NaN,NaN,0,NaN,NaN,NaN,0,4.10549820e-03,NaN,NaN,NaN,0.01,DomainError with -3.5173202686517026e-8: sqrt was called wit
135.00,0.7841,20.0,10.0000,1.0e-03,-1,5.23598776e-03,error,NaN,NaN,NaN,NaN,0,NaN,NaN,NaN,0,4.10549820e-03,NaN,NaN,NaN,0.02,DomainError with -1.7888346565526728e-7: sqrt was called wit
165.00,0.7841,20.0,10.0000,1.0e-03,-1,5.23598776e-03,error,NaN,NaN,NaN,NaN,0,NaN,NaN,NaN,0,4.10549820e-03,NaN,NaN,NaN,0.02,DomainError with -1.6223228017223065e-7: sqrt was called wit
15.00,0.8023,20.0,10.0000,1.0e-03,-1,5.23598776e-03,error,NaN,NaN,NaN,NaN,0,NaN,NaN,NaN,0,4.20057765e-03,NaN,NaN,NaN,0.01,DomainError with -3.5687112516073853e-7: sqrt was called wit
45.00,0.8023,20.0,10.0000,1.0e-03,-1,5.23598776e-03,error,NaN,NaN,NaN,NaN,0,NaN,NaN,NaN,0,4.20057765e-03,NaN,NaN,NaN,0.02,DomainError with -3.5741345745152183e-7: sqrt was called wit
75.00,0.8023,20.0,10.0000,1.0e-03,-1,5.23598776e-03,error,NaN,NaN,NaN,NaN,0,NaN,NaN,NaN,0,4.20057765e-03,NaN,NaN,NaN,0.00,DomainError with -1.468784579240228e-7: sqrt was called with
105.00,0.8023,20.0,10.0000,1.0e-03,-1,5.23598776e-03,error,NaN,NaN,NaN,NaN,0,NaN,NaN,NaN,0,4.20057765e-03,NaN,NaN,NaN,0.02,DomainError with -1.9448018325444013e-7: sqrt was called wit
135.00,0.8023,20.0,10.0000,1.0e-03,-1,5.23598776e-03,error,NaN,NaN,NaN,NaN,0,NaN,NaN,NaN,0,4.20057765e-03,NaN,NaN,NaN,0.01,DomainError with -4.0624512227761607e-7: sqrt was called wit
165.00,0.8023,20.0,10.0000,1.0e-03,-1,5.23598776e-03,error,NaN,NaN,NaN,NaN,0,NaN,NaN,NaN,0,4.20057765e-03,NaN,NaN,NaN,0.02,DomainError with -2.0187606838646165e-7: sqrt was called wit
15.00,0.8204,20.0,10.0000,1.0e-03,-1,5.23598776e-03,error,NaN,NaN,NaN,NaN,0,NaN,NaN,NaN,0,4.29565709e-03,NaN,NaN,NaN,0.02,DomainError with -4.95456194227414e-7: sqrt was called with 
45.00,0.8204,20.0,10.0000,1.0e-03,-1,5.23598776e-03,error,NaN,NaN,NaN,NaN,0,NaN,NaN,NaN,0,4.29565709e-03,NaN,NaN,NaN,0.02,DomainError with -1.7128197322161182e-7: sqrt was called wit
75.00,0.8204,20.0,10.0000,1.0e-03,-1,5.23598776e-03,error,NaN,NaN,NaN,NaN,0,NaN,NaN,NaN,0,4.29565709e-03,NaN,NaN,NaN,0.02,DomainError with -4.866063738845199e-7: sqrt was called with
105.00,0.8204,20.0,10.0000,1.0e-03,-1,5.23598776e-03,error,NaN,NaN,NaN,NaN,0,NaN,NaN,NaN,0,4.29565709e-03,NaN,NaN,NaN,0.02,DomainError with -2.2260437704250635e-7: sqrt was called wit
135.00,0.8204,20.0,10.0000,1.0e-03,-1,5.23598776e-03,error,NaN,NaN,NaN,NaN,0,NaN,NaN,NaN,0,4.29565709e-03,NaN,NaN,NaN,0.02,DomainError with -4.979477061840099e-8: sqrt was called with
165.00,0.8204,20.0,10.0000,1.0e-03,-1,5.23598776e-03,error,NaN,NaN,NaN,NaN,0,NaN,NaN,NaN,0,4.29565709e-03,NaN,NaN,NaN,0.02,DomainError with -8.686287004153976e-8: sqrt was called with
15.00,0.8386,20.0,10.0000,1.0e-03,-1,5.23598776e-03,error,NaN,NaN,NaN,NaN,0,NaN,NaN,NaN,0,4.39073654e-03,NaN,NaN,NaN,0.02,DomainError with -9.988729092312519e-8: sqrt was called with
45.00,0.8386,20.0,10.0000,1.0e-03,-1,5.23598776e-03,error,NaN,NaN,NaN,NaN,0,NaN,NaN,NaN,0,4.39073654e-03,NaN,NaN,NaN,0.02,DomainError with -1.457655006078523e-9: sqrt was called with
75.00,0.8386,20.0,10.0000,1.0e-03,-1,5.23598776e-03,error,NaN,NaN,NaN,NaN,0,NaN,NaN,NaN,0,4.39073654e-03,NaN,NaN,NaN,0.02,DomainError with -5.122005428613799e-7: sqrt was called with
105.00,0.8386,20.0,10.0000,1.0e-03,-1,5.23598776e-03,error,NaN,NaN,NaN,NaN,0,NaN,NaN,NaN,0,4.39073654e-03,NaN,NaN,NaN,0.01,DomainError with -2.0129786066097417e-7: sqrt was called wit
135.00,0.8386,20.0,10.0000,1.0e-03,-1,5.23598776e-03,error,NaN,NaN,NaN,NaN,0,NaN,NaN,NaN,0,4.39073654e-03,NaN,NaN,NaN,0.02,DomainError with -3.380449395352359e-7: sqrt was called with
165.00,0.8386,20.0,10.0000,1.0e-03,-1,5.23598776e-03,error,NaN,NaN,NaN,NaN,0,NaN,NaN,NaN,0,4.39073654e-03,NaN,NaN,NaN,0.02,DomainError with -8.060728586235987e-8: sqrt was called with
15.00,0.8567,20.0,10.0000,1.0e-03,-1,5.23598776e-03,error,NaN,NaN,NaN,NaN,0,NaN,NaN,NaN,0,4.48581598e-03,NaN,NaN,NaN,0.03,DomainError with -2.0768957618054195e-7: sqrt was called wit
45.00,0.8567,20.0,10.0000,1.0e-03,-1,5.23598776e-03,error,NaN,NaN,NaN,NaN,0,NaN,NaN,NaN,0,4.48581598e-03,NaN,NaN,NaN,0.02,DomainError with -3.916948549311919e-7: sqrt was called with
75.00,0.8567,20.0,10.0000,1.0e-03,-1,5.23598776e-03,error,NaN,NaN,NaN,NaN,0,NaN,NaN,NaN,0,4.48581598e-03,NaN,NaN,NaN,0.02,DomainError with -3.918395762449273e-7: sqrt was called with
105.00,0.8567,20.0,10.0000,1.0e-03,-1,5.23598776e-03,error,NaN,NaN,NaN,NaN,0,NaN,NaN,NaN,0,4.48581598e-03,NaN,NaN,NaN,0.02,DomainError with -2.3475158457973665e-7: sqrt was called wit
135.00,0.8567,20.0,10.0000,1.0e-03,-1,5.23598776e-03,error,NaN,NaN,NaN,NaN,0,NaN,NaN,NaN,0,4.48581598e-03,NaN,NaN,NaN,0.02,DomainError with -4.0419006114126093e-7: sqrt was called wit
165.00,0.8567,20.0,10.0000,1.0e-03,-1,5.23598776e-03,error,NaN,NaN,NaN,NaN,0,NaN,NaN,NaN,0,4.48581598e-03,NaN,NaN,NaN,0.02,DomainError with -6.463515514178475e-9: sqrt was called with
15.00,0.8749,20.0,10.0000,1.0e-03,-1,5.23598776e-03,error,NaN,NaN,NaN,NaN,0,NaN,NaN,NaN,0,4.58089543e-03,NaN,NaN,NaN,0.02,DomainError with -2.3406933313116365e-7: sqrt was called wit
45.00,0.8749,20.0,10.0000,1.0e-03,-1,5.23598776e-03,error,NaN,NaN,NaN,NaN,0,NaN,NaN,NaN,0,4.58089543e-03,NaN,NaN,NaN,0.02,DomainError with -3.8659887851350307e-7: sqrt was called wit
75.00,0.8749,20.0,10.0000,1.0e-03,-1,5.23598776e-03,error,NaN,NaN,NaN,NaN,0,NaN,NaN,NaN,0,4.58089543e-03,NaN,NaN,NaN,0.02,DomainError with -4.961958517528671e-7: sqrt was called with
105.00,0.8749,20.0,10.0000,1.0e-03,-1,5.23598776e-03,error,NaN,NaN,NaN,NaN,0,NaN,NaN,NaN,0,4.58089543e-03,NaN,NaN,NaN,0.02,DomainError with -2.5303482174380017e-7: sqrt was called wit
135.00,0.8749,20.0,10.0000,1.0e-03,-1,5.23598776e-03,error,NaN,NaN,NaN,NaN,0,NaN,NaN,NaN,0,4.58089543e-03,NaN,NaN,NaN,0.02,DomainError with -3.045325628937551e-7: sqrt was called with
165.00,0.8749,20.0,10.0000,1.0e-03,-1,5.23598776e-03,error,NaN,NaN,NaN,NaN,0,NaN,NaN,NaN,0,4.58089543e-03,NaN,NaN,NaN,0.02,DomainError with -7.937677698002975e-8: sqrt was called with
15.00,0.8930,20.0,10.0000,1.0e-03,-1,5.23598776e-03,error,NaN,NaN,NaN,NaN,0,NaN,NaN,NaN,0,4.67597488e-03,NaN,NaN,NaN,0.02,DomainError with -8.521335919869059e-8: sqrt was called with
45.00,0.8930,20.0,10.0000,1.0e-03,-1,5.23598776e-03,error,NaN,NaN,NaN,NaN,0,NaN,NaN,NaN,0,4.67597488e-03,NaN,NaN,NaN,0.02,DomainError with -2.5057624708379094e-7: sqrt was called wit
75.00,0.8930,20.0,10.0000,1.0e-03,-1,5.23598776e-03,error,NaN,NaN,NaN,NaN,0,NaN,NaN,NaN,0,4.67597488e-03,NaN,NaN,NaN,0.01,DomainError with -3.819515997634866e-7: sqrt was called with
105.00,0.8930,20.0,10.0000,1.0e-03,-1,5.23598776e-03,error,NaN,NaN,NaN,NaN,0,NaN,NaN,NaN,0,4.67597488e-03,NaN,NaN,NaN,0.03,DomainError with -7.891612386890364e-10: sqrt was called wit
135.00,0.8930,20.0,10.0000,1.0e-03,-1,5.23598776e-03,error,NaN,NaN,NaN,NaN,0,NaN,NaN,NaN,0,4.67597488e-03,NaN,NaN,NaN,0.02,DomainError with -3.718321615819197e-7: sqrt was called with
165.00,0.8930,20.0,10.0000,1.0e-03,-1,5.23598776e-03,error,NaN,NaN,NaN,NaN,0,NaN,NaN,NaN,0,4.67597488e-03,NaN,NaN,NaN,0.02,DomainError with -9.872709372218561e-8: sqrt was called with
15.00,0.9112,20.0,10.0000,1.0e-03,-1,5.23598776e-03,error,NaN,NaN,NaN,NaN,0,NaN,NaN,NaN,0,4.77105432e-03,NaN,NaN,NaN,0.02,DomainError with -2.175443829437469e-7: sqrt was called with
45.00,0.9112,20.0,10.0000,1.0e-03,-1,5.23598776e-03,error,NaN,NaN,NaN,NaN,0,NaN,NaN,NaN,0,4.77105432e-03,NaN,NaN,NaN,0.02,DomainError with -1.5798443771075042e-7: sqrt was called wit
75.00,0.9112,20.0,10.0000,1.0e-03,-1,5.23598776e-03,error,NaN,NaN,NaN,NaN,0,NaN,NaN,NaN,0,4.77105432e-03,NaN,NaN,NaN,0.02,DomainError with -4.4694969908439565e-7: sqrt was called wit
105.00,0.9112,20.0,10.0000,1.0e-03,-1,5.23598776e-03,error,NaN,NaN,NaN,NaN,0,NaN,NaN,NaN,0,4.77105432e-03,NaN,NaN,NaN,0.02,DomainError with -3.024819138447044e-7: sqrt was called with
135.00,0.9112,20.0,10.0000,1.0e-03,-1,5.23598776e-03,error,NaN,NaN,NaN,NaN,0,NaN,NaN,NaN,0,4.77105432e-03,NaN,NaN,NaN,0.02,DomainError with -1.205178030920298e-7: sqrt was called with
165.00,0.9112,20.0,10.0000,1.0e-03,-1,5.23598776e-03,error,NaN,NaN,NaN,NaN,0,NaN,NaN,NaN,0,4.77105432e-03,NaN,NaN,NaN,0.02,DomainError with -3.20727380817692e-8: sqrt was called with 
15.00,0.9364,20.0,10.0000,1.0e-03,-1,5.23598776e-03,error,NaN,NaN,NaN,NaN,0,NaN,NaN,NaN,0,4.90311917e-03,NaN,NaN,NaN,0.01,DomainError with -4.923264238308204e-7: sqrt was called with
45.00,0.9364,20.0,10.0000,1.0e-03,-1,5.23598776e-03,error,NaN,NaN,NaN,NaN,0,NaN,NaN,NaN,0,4.90311917e-03,NaN,NaN,NaN,0.01,DomainError with -3.9880409596930245e-7: sqrt was called wit
75.00,0.9364,20.0,10.0000,1.0e-03,-1,5.23598776e-03,error,NaN,NaN,NaN,NaN,0,NaN,NaN,NaN,0,4.90311917e-03,NaN,NaN,NaN,0.01,DomainError with -2.4981185001916033e-7: sqrt was called wit
105.00,0.9364,20.0,10.0000,1.0e-03,-1,5.23598776e-03,error,NaN,NaN,NaN,NaN,0,NaN,NaN,NaN,0,4.90311917e-03,NaN,NaN,NaN,0.00,DomainError with -1.640520341257781e-7: sqrt was called with
135.00,0.9364,20.0,10.0000,1.0e-03,-1,5.23598776e-03,error,NaN,NaN,NaN,NaN,0,NaN,NaN,NaN,0,4.90311917e-03,NaN,NaN,NaN,0.02,DomainError with -3.3413942272724795e-7: sqrt was called wit
165.00,0.9364,20.0,10.0000,1.0e-03,-1,5.23598776e-03,error,NaN,NaN,NaN,NaN,0,NaN,NaN,NaN,0,4.90311917e-03,NaN,NaN,NaN,0.01,DomainError with -2.1462712448026155e-7: sqrt was called wit
15.00,0.9435,20.0,10.0000,1.0e-03,-1,5.23598776e-03,error,NaN,NaN,NaN,NaN,0,NaN,NaN,NaN,0,4.94010456e-03,NaN,NaN,NaN,0.01,DomainError with -3.8378875769314005e-7: sqrt was called wit
45.00,0.9435,20.0,10.0000,1.0e-03,-1,5.23598776e-03,error,NaN,NaN,NaN,NaN,0,NaN,NaN,NaN,0,4.94010456e-03,NaN,NaN,NaN,0.01,DomainError with -3.7346978312486454e-7: sqrt was called wit
75.00,0.9435,20.0,10.0000,1.0e-03,-1,5.23598776e-03,error,NaN,NaN,NaN,NaN,0,NaN,NaN,NaN,0,4.94010456e-03,NaN,NaN,NaN,0.01,DomainError with -4.711593166469678e-9: sqrt was called with
105.00,0.9435,20.0,10.0000,1.0e-03,-1,5.23598776e-03,error,NaN,NaN,NaN,NaN,0,NaN,NaN,NaN,0,4.94010456e-03,NaN,NaN,NaN,0.01,DomainError with -2.212478195507984e-7: sqrt was called with
135.00,0.9435,20.0,10.0000,1.0e-03,-1,5.23598776e-03,error,NaN,NaN,NaN,NaN,0,NaN,NaN,NaN,0,4.94010456e-03,NaN,NaN,NaN,0.00,DomainError with -9.03077915017832e-8: sqrt was called with 
165.00,0.9435,20.0,10.0000,1.0e-03,-1,5.23598776e-03,error,NaN,NaN,NaN,NaN,0,NaN,NaN,NaN,0,4.94010456e-03,NaN,NaN,NaN,0.01,DomainError with -2.347142617153849e-7: sqrt was called with
15.00,0.9506,20.0,10.0000,1.0e-03,-1,5.23598776e-03,error,NaN,NaN,NaN,NaN,0,NaN,NaN,NaN,0,4.97708996e-03,NaN,NaN,NaN,0.00,DomainError with -3.417809441422149e-7: sqrt was called with
45.00,0.9506,20.0,10.0000,1.0e-03,-1,5.23598776e-03,error,NaN,NaN,NaN,NaN,0,NaN,NaN,NaN,0,4.97708996e-03,NaN,NaN,NaN,0.00,DomainError with -2.6107259080776235e-7: sqrt was called wit
75.00,0.9506,20.0,10.0000,1.0e-03,-1,5.23598776e-03,error,NaN,NaN,NaN,NaN,0,NaN,NaN,NaN,0,4.97708996e-03,NaN,NaN,NaN,0.01,DomainError with -1.7662331073503828e-8: sqrt was called wit
105.00,0.9506,20.0,10.0000,1.0e-03,-1,5.23598776e-03,error,NaN,NaN,NaN,NaN,0,NaN,NaN,NaN,0,4.97708996e-03,NaN,NaN,NaN,0.00,DomainError with -2.304723567085923e-7: sqrt was called with
135.00,0.9506,20.0,10.0000,1.0e-03,-1,5.23598776e-03,error,NaN,NaN,NaN,NaN,0,NaN,NaN,NaN,0,4.97708996e-03,NaN,NaN,NaN,0.01,DomainError with -7.636424559052049e-8: sqrt was called with
165.00,0.9506,20.0,10.0000,1.0e-03,-1,5.23598776e-03,error,NaN,NaN,NaN,NaN,0,NaN,NaN,NaN,0,4.97708996e-03,NaN,NaN,NaN,0.01,DomainError with -1.5660754451529727e-7: sqrt was called wit
15.00,0.9576,20.0,10.0000,1.0e-03,-1,5.23598776e-03,error,NaN,NaN,NaN,NaN,0,NaN,NaN,NaN,0,5.01407536e-03,NaN,NaN,NaN,0.01,DomainError with -4.3187437113651465e-8: sqrt was called wit
45.00,0.9576,20.0,10.0000,1.0e-03,-1,5.23598776e-03,error,NaN,NaN,NaN,NaN,0,NaN,NaN,NaN,0,5.01407536e-03,NaN,NaN,NaN,0.01,DomainError with -1.4577374919400698e-7: sqrt was called wit
75.00,0.9576,20.0,10.0000,1.0e-03,-1,5.23598776e-03,error,NaN,NaN,NaN,NaN,0,NaN,NaN,NaN,0,5.01407536e-03,NaN,NaN,NaN,0.00,DomainError with -3.949535440757247e-7: sqrt was called with
105.00,0.9576,20.0,10.0000,1.0e-03,-1,5.23598776e-03,error,NaN,NaN,NaN,NaN,0,NaN,NaN,NaN,0,5.01407536e-03,NaN,NaN,NaN,0.01,DomainError with -2.271389315704695e-7: sqrt was called with
135.00,0.9576,20.0,10.0000,1.0e-03,-1,5.23598776e-03,error,NaN,NaN,NaN,NaN,0,NaN,NaN,NaN,0,5.01407536e-03,NaN,NaN,NaN,0.01,DomainError with -3.3702521579689516e-7: sqrt was called wit
165.00,0.9576,20.0,10.0000,1.0e-03,-1,5.23598776e-03,error,NaN,NaN,NaN,NaN,0,NaN,NaN,NaN,0,5.01407536e-03,NaN,NaN,NaN,0.01,DomainError with -1.0409571224509491e-7: sqrt was called wit
15.00,0.9647,20.0,10.0000,1.0e-03,-1,5.23598776e-03,error,NaN,NaN,NaN,NaN,0,NaN,NaN,NaN,0,5.05106076e-03,NaN,NaN,NaN,0.01,DomainError with -4.341658282908252e-7: sqrt was called with
45.00,0.9647,20.0,10.0000,1.0e-03,-1,5.23598776e-03,error,NaN,NaN,NaN,NaN,0,NaN,NaN,NaN,0,5.05106076e-03,NaN,NaN,NaN,0.01,DomainError with -4.1809549435323935e-7: sqrt was called wit
75.00,0.9647,20.0,10.0000,1.0e-03,-1,5.23598776e-03,error,NaN,NaN,NaN,NaN,0,NaN,NaN,NaN,0,5.05106076e-03,NaN,NaN,NaN,0.00,DomainError with -9.058386038251631e-8: sqrt was called with
105.00,0.9647,20.0,10.0000,1.0e-03,-1,5.23598776e-03,error,NaN,NaN,NaN,NaN,0,NaN,NaN,NaN,0,5.05106076e-03,NaN,NaN,NaN,0.01,DomainError with -3.3955101023939227e-7: sqrt was called wit
135.00,0.9647,20.0,10.0000,1.0e-03,-1,5.23598776e-03,error,NaN,NaN,NaN,NaN,0,NaN,NaN,NaN,0,5.05106076e-03,NaN,NaN,NaN,4.49,DomainError with -1.695404188685218e-7: sqrt was called with
165.00,0.9647,20.0,10.0000,1.0e-03,-1,5.23598776e-03,error,NaN,NaN,NaN,NaN,0,NaN,NaN,NaN,0,5.05106076e-03,NaN,NaN,NaN,0.01,DomainError with -2.4991069740519084e-7: sqrt was called wit
15.00,0.9717,20.0,10.0000,1.0e-03,-1,5.23598776e-03,error,NaN,NaN,NaN,NaN,0,NaN,NaN,NaN,0,5.08804616e-03,NaN,NaN,NaN,0.01,DomainError with -3.521074780926447e-7: sqrt was called with
45.00,0.9717,20.0,10.0000,1.0e-03,-1,5.23598776e-03,error,NaN,NaN,NaN,NaN,0,NaN,NaN,NaN,0,5.08804616e-03,NaN,NaN,NaN,0.02,DomainError with -2.6417296927654767e-7: sqrt was called wit
75.00,0.9717,20.0,10.0000,1.0e-03,-1,5.23598776e-03,error,NaN,NaN,NaN,NaN,0,NaN,NaN,NaN,0,5.08804616e-03,NaN,NaN,NaN,0.01,DomainError with -1.9742630384918703e-7: sqrt was called wit
105.00,0.9717,20.0,10.0000,1.0e-03,-1,5.23598776e-03,error,NaN,NaN,NaN,NaN,0,NaN,NaN,NaN,0,5.08804616e-03,NaN,NaN,NaN,0.01,DomainError with -1.538416778274583e-7: sqrt was called with
135.00,0.9717,20.0,10.0000,1.0e-03,-1,5.23598776e-03,error,NaN,NaN,NaN,NaN,0,NaN,NaN,NaN,0,5.08804616e-03,NaN,NaN,NaN,0.01,DomainError with -1.3365535261052734e-7: sqrt was called wit
165.00,0.9717,20.0,10.0000,1.0e-03,-1,5.23598776e-03,error,NaN,NaN,NaN,NaN,0,NaN,NaN,NaN,0,5.08804616e-03,NaN,NaN,NaN,0.01,DomainError with -9.990044703240139e-8: sqrt was called with
15.00,0.9788,20.0,10.0000,1.0e-03,-1,5.23598776e-03,error,NaN,NaN,NaN,NaN,0,NaN,NaN,NaN,0,5.12503156e-03,NaN,NaN,NaN,0.01,DomainError with -2.1423995545332432e-7: sqrt was called wit
45.00,0.9788,20.0,10.0000,1.0e-03,-1,5.23598776e-03,error,NaN,NaN,NaN,NaN,0,NaN,NaN,NaN,0,5.12503156e-03,NaN,NaN,NaN,0.01,DomainError with -2.9986642053351226e-7: sqrt was called wit
75.00,0.9788,20.0,10.0000,1.0e-03,-1,5.23598776e-03,error,NaN,NaN,NaN,NaN,0,NaN,NaN,NaN,0,5.12503156e-03,NaN,NaN,NaN,0.01,DomainError with -5.01708871591933e-7: sqrt was called with 
105.00,0.9788,20.0,10.0000,1.0e-03,-1,5.23598776e-03,error,NaN,NaN,NaN,NaN,0,NaN,NaN,NaN,0,5.12503156e-03,NaN,NaN,NaN,0.01,DomainError with -1.7670590370945554e-7: sqrt was called wit
135.00,0.9788,20.0,10.0000,1.0e-03,-1,5.23598776e-03,error,NaN,NaN,NaN,NaN,0,NaN,NaN,NaN,0,5.12503156e-03,NaN,NaN,NaN,0.01,DomainError with -3.5464014418484074e-7: sqrt was called wit
165.00,0.9788,20.0,10.0000,1.0e-03,-1,5.23598776e-03,error,NaN,NaN,NaN,NaN,0,NaN,NaN,NaN,0,5.12503156e-03,NaN,NaN,NaN,0.01,DomainError with -1.20497271391036e-9: sqrt was called with 
15.00,0.9859,20.0,10.0000,1.0e-03,-1,5.23598776e-03,error,NaN,NaN,NaN,NaN,0,NaN,NaN,NaN,0,5.16201696e-03,NaN,NaN,NaN,0.01,DomainError with -3.624263951458556e-7: sqrt was called with
45.00,0.9859,20.0,10.0000,1.0e-03,-1,5.23598776e-03,error,NaN,NaN,NaN,NaN,0,NaN,NaN,NaN,0,5.16201696e-03,NaN,NaN,NaN,0.01,DomainError with -4.610322306952835e-7: sqrt was called with
75.00,0.9859,20.0,10.0000,1.0e-03,-1,5.23598776e-03,error,NaN,NaN,NaN,NaN,0,NaN,NaN,NaN,0,5.16201696e-03,NaN,NaN,NaN,0.01,DomainError with -2.968773454476118e-7: sqrt was called with
105.00,0.9859,20.0,10.0000,1.0e-03,-1,5.23598776e-03,error,NaN,NaN,NaN,NaN,0,NaN,NaN,NaN,0,5.16201696e-03,NaN,NaN,NaN,0.01,DomainError with -2.505279956970361e-7: sqrt was called with
135.00,0.9859,20.0,10.0000,1.0e-03,-1,5.23598776e-03,error,NaN,NaN,NaN,NaN,0,NaN,NaN,NaN,0,5.16201696e-03,NaN,NaN,NaN,0.01,DomainError with -2.0100285831159704e-7: sqrt was called wit
165.00,0.9859,20.0,10.0000,1.0e-03,-1,5.23598776e-03,error,NaN,NaN,NaN,NaN,0,NaN,NaN,NaN,0,5.16201696e-03,NaN,NaN,NaN,0.01,DomainError with -2.648660507025262e-7: sqrt was called with
15.00,0.9929,20.0,10.0000,1.0e-03,-1,5.23598776e-03,error,NaN,NaN,NaN,NaN,0,NaN,NaN,NaN,0,5.19900236e-03,NaN,NaN,NaN,0.01,DomainError with -4.6005500150394027e-7: sqrt was called wit
45.00,0.9929,20.0,10.0000,1.0e-03,-1,5.23598776e-03,error,NaN,NaN,NaN,NaN,0,NaN,NaN,NaN,0,5.19900236e-03,NaN,NaN,NaN,0.01,DomainError with -2.1284973983909345e-7: sqrt was called wit
75.00,0.9929,20.0,10.0000,1.0e-03,-1,5.23598776e-03,error,NaN,NaN,NaN,NaN,0,NaN,NaN,NaN,0,5.19900236e-03,NaN,NaN,NaN,0.01,DomainError with -2.463570634577021e-7: sqrt was called with
105.00,0.9929,20.0,10.0000,1.0e-03,-1,5.23598776e-03,error,NaN,NaN,NaN,NaN,0,NaN,NaN,NaN,0,5.19900236e-03,NaN,NaN,NaN,0.01,DomainError with -6.847693432264035e-8: sqrt was called with
135.00,0.9929,20.0,10.0000,1.0e-03,-1,5.23598776e-03,error,NaN,NaN,NaN,NaN,0,NaN,NaN,NaN,0,5.19900236e-03,NaN,NaN,NaN,0.01,DomainError with -2.1354362606609974e-7: sqrt was called wit
165.00,0.9929,20.0,10.0000,1.0e-03,-1,5.23598776e-03,error,NaN,NaN,NaN,NaN,0,NaN,NaN,NaN,0,5.19900236e-03,NaN,NaN,NaN,0.01,DomainError with -2.0848615520346762e-7: sqrt was called wit
15.00,0.7659,60.0,10.0000,1.0e-03,-1,1.74532925e-03,equilibrium,1.33680625e-03,1.33680625e-03,0.000000e+00,100.0000,1,17.9939,1.000000,1.034708e-02,1,1.33680625e-03,1.622078e-16,15.761645,12.3039,41.18,
45.00,0.7659,60.0,10.0000,1.0e-03,-1,1.74532925e-03,error,NaN,NaN,NaN,NaN,0,NaN,NaN,NaN,0,1.33680625e-03,NaN,NaN,NaN,0.02,DomainError with -7.578372611129695e-8: sqrt was called with
75.00,0.7659,60.0,10.0000,1.0e-03,-1,1.74532925e-03,error,NaN,NaN,NaN,NaN,0,NaN,NaN,NaN,0,1.33680625e-03,NaN,NaN,NaN,0.02,DomainError with -1.2584515686106594e-7: sqrt was called wit
105.00,0.7659,60.0,10.0000,1.0e-03,-1,1.74532925e-03,error,NaN,NaN,NaN,NaN,0,NaN,NaN,NaN,0,1.33680625e-03,NaN,NaN,NaN,0.02,DomainError with -4.47792440828849e-9: sqrt was called with 
135.00,0.7659,60.0,10.0000,1.0e-03,-1,1.74532925e-03,error,NaN,NaN,NaN,NaN,0,NaN,NaN,NaN,0,1.33680625e-03,NaN,NaN,NaN,0.02,DomainError with -2.519898516985603e-8: sqrt was called with
165.00,0.7659,60.0,10.0000,1.0e-03,-1,1.74532925e-03,error,NaN,NaN,NaN,NaN,0,NaN,NaN,NaN,0,1.33680625e-03,NaN,NaN,NaN,0.02,DomainError with -7.600309691103975e-9: sqrt was called with
15.00,0.7841,60.0,10.0000,1.0e-03,-1,1.74532925e-03,error,NaN,NaN,NaN,NaN,0,NaN,NaN,NaN,0,1.36849940e-03,NaN,NaN,NaN,0.02,DomainError with -5.1655384682850986e-12: sqrt was called wi
45.00,0.7841,60.0,10.0000,1.0e-03,-1,1.74532925e-03,error,NaN,NaN,NaN,NaN,0,NaN,NaN,NaN,0,1.36849940e-03,NaN,NaN,NaN,0.02,DomainError with -2.617809492275527e-8: sqrt was called with
75.00,0.7841,60.0,10.0000,1.0e-03,-1,1.74532925e-03,error,NaN,NaN,NaN,NaN,0,NaN,NaN,NaN,0,1.36849940e-03,NaN,NaN,NaN,0.02,DomainError with -7.094480114458582e-8: sqrt was called with
105.00,0.7841,60.0,10.0000,1.0e-03,-1,1.74532925e-03,error,NaN,NaN,NaN,NaN,0,NaN,NaN,NaN,0,1.36849940e-03,NaN,NaN,NaN,0.02,DomainError with -7.085698288365611e-8: sqrt was called with
135.00,0.7841,60.0,10.0000,1.0e-03,-1,1.74532925e-03,error,NaN,NaN,NaN,NaN,0,NaN,NaN,NaN,0,1.36849940e-03,NaN,NaN,NaN,0.02,DomainError with -1.3165606643220662e-8: sqrt was called wit
165.00,0.7841,60.0,10.0000,1.0e-03,-1,1.74532925e-03,error,NaN,NaN,NaN,NaN,0,NaN,NaN,NaN,0,1.36849940e-03,NaN,NaN,NaN,0.02,DomainError with -3.742576336489996e-9: sqrt was called with
15.00,0.8023,60.0,10.0000,1.0e-03,-1,1.74532925e-03,error,NaN,NaN,NaN,NaN,0,NaN,NaN,NaN,0,1.40019255e-03,NaN,NaN,NaN,0.02,DomainError with -7.850961487569832e-12: sqrt was called wit
45.00,0.8023,60.0,10.0000,1.0e-03,-1,1.74532925e-03,error,NaN,NaN,NaN,NaN,0,NaN,NaN,NaN,0,1.40019255e-03,NaN,NaN,NaN,0.02,DomainError with -4.776327067513597e-8: sqrt was called with
75.00,0.8023,60.0,10.0000,1.0e-03,-1,1.74532925e-03,error,NaN,NaN,NaN,NaN,0,NaN,NaN,NaN,0,1.40019255e-03,NaN,NaN,NaN,0.02,DomainError with -3.919497463458848e-7: sqrt was called with
105.00,0.8023,60.0,10.0000,1.0e-03,-1,1.74532925e-03,error,NaN,NaN,NaN,NaN,0,NaN,NaN,NaN,0,1.40019255e-03,NaN,NaN,NaN,0.02,DomainError with -3.419484641124777e-8: sqrt was called with
135.00,0.8023,60.0,10.0000,1.0e-03,-1,1.74532925e-03,error,NaN,NaN,NaN,NaN,0,NaN,NaN,NaN,0,1.40019255e-03,NaN,NaN,NaN,0.02,DomainError with -4.491702599338197e-9: sqrt was called with
165.00,0.8023,60.0,10.0000,1.0e-03,-1,1.74532925e-03,error,NaN,NaN,NaN,NaN,0,NaN,NaN,NaN,0,1.40019255e-03,NaN,NaN,NaN,0.02,DomainError with -6.047991467107553e-10: sqrt was called wit
15.00,0.8204,60.0,10.0000,1.0e-03,-1,1.74532925e-03,error,NaN,NaN,NaN,NaN,0,NaN,NaN,NaN,0,1.43188570e-03,NaN,NaN,NaN,0.02,DomainError with -4.225209265754098e-10: sqrt was called wit
45.00,0.8204,60.0,10.0000,1.0e-03,-1,1.74532925e-03,error,NaN,NaN,NaN,NaN,0,NaN,NaN,NaN,0,1.43188570e-03,NaN,NaN,NaN,0.02,DomainError with -6.205382739214766e-8: sqrt was called with
75.00,0.8204,60.0,10.0000,1.0e-03,-1,1.74532925e-03,error,NaN,NaN,NaN,NaN,0,NaN,NaN,NaN,0,1.43188570e-03,NaN,NaN,NaN,0.03,DomainError with -2.9020626783166614e-7: sqrt was called wit
105.00,0.8204,60.0,10.0000,1.0e-03,-1,1.74532925e-03,error,NaN,NaN,NaN,NaN,0,NaN,NaN,NaN,0,1.43188570e-03,NaN,NaN,NaN,0.02,DomainError with -5.008535664784445e-9: sqrt was called with
135.00,0.8204,60.0,10.0000,1.0e-03,-1,1.74532925e-03,error,NaN,NaN,NaN,NaN,0,NaN,NaN,NaN,0,1.43188570e-03,NaN,NaN,NaN,0.02,DomainError with -3.6626870538234125e-12: sqrt was called wi
165.00,0.8204,60.0,10.0000,1.0e-03,-1,1.74532925e-03,error,NaN,NaN,NaN,NaN,0,NaN,NaN,NaN,0,1.43188570e-03,NaN,NaN,NaN,0.02,DomainError with -3.785995200558492e-8: sqrt was called with
15.00,0.8386,60.0,10.0000,1.0e-03,-1,1.74532925e-03,error,NaN,NaN,NaN,NaN,0,NaN,NaN,NaN,0,1.46357885e-03,NaN,NaN,NaN,0.02,DomainError with -4.084477086531212e-9: sqrt was called with
45.00,0.8386,60.0,10.0000,1.0e-03,-1,1.74532925e-03,error,NaN,NaN,NaN,NaN,0,NaN,NaN,NaN,0,1.46357885e-03,NaN,NaN,NaN,0.04,DomainError with -7.576284017196442e-8: sqrt was called with
75.00,0.8386,60.0,10.0000,1.0e-03,-1,1.74532925e-03,error,NaN,NaN,NaN,NaN,0,NaN,NaN,NaN,0,1.46357885e-03,NaN,NaN,NaN,0.02,DomainError with -4.919984819214672e-7: sqrt was called with
105.00,0.8386,60.0,10.0000,1.0e-03,-1,1.74532925e-03,error,NaN,NaN,NaN,NaN,0,NaN,NaN,NaN,0,1.46357885e-03,NaN,NaN,NaN,0.02,DomainError with -1.5039506255099022e-7: sqrt was called wit
135.00,0.8386,60.0,10.0000,1.0e-03,-1,1.74532925e-03,error,NaN,NaN,NaN,NaN,0,NaN,NaN,NaN,0,1.46357885e-03,NaN,NaN,NaN,0.02,DomainError with -1.6724991130437797e-9: sqrt was called wit
165.00,0.8386,60.0,10.0000,1.0e-03,-1,1.74532925e-03,error,NaN,NaN,NaN,NaN,0,NaN,NaN,NaN,0,1.46357885e-03,NaN,NaN,NaN,0.02,DomainError with -2.0767670544861007e-7: sqrt was called wit
15.00,0.8567,60.0,10.0000,1.0e-03,-1,1.74532925e-03,error,NaN,NaN,NaN,NaN,0,NaN,NaN,NaN,0,1.49527199e-03,NaN,NaN,NaN,0.02,DomainError with -3.732002996615309e-9: sqrt was called with
45.00,0.8567,60.0,10.0000,1.0e-03,-1,1.74532925e-03,error,NaN,NaN,NaN,NaN,0,NaN,NaN,NaN,0,1.49527199e-03,NaN,NaN,NaN,0.02,DomainError with -6.802037955606005e-8: sqrt was called with
75.00,0.8567,60.0,10.0000,1.0e-03,-1,1.74532925e-03,error,NaN,NaN,NaN,NaN,0,NaN,NaN,NaN,0,1.49527199e-03,NaN,NaN,NaN,0.02,DomainError with -4.6377996267588947e-7: sqrt was called wit
105.00,0.8567,60.0,10.0000,1.0e-03,-1,1.74532925e-03,error,NaN,NaN,NaN,NaN,0,NaN,NaN,NaN,0,1.49527199e-03,NaN,NaN,NaN,0.02,DomainError with -6.826178225243249e-8: sqrt was called with
135.00,0.8567,60.0,10.0000,1.0e-03,-1,1.74532925e-03,error,NaN,NaN,NaN,NaN,0,NaN,NaN,NaN,0,1.49527199e-03,NaN,NaN,NaN,0.02,DomainError with -9.255764171311202e-9: sqrt was called with
165.00,0.8567,60.0,10.0000,1.0e-03,-1,1.74532925e-03,error,NaN,NaN,NaN,NaN,0,NaN,NaN,NaN,0,1.49527199e-03,NaN,NaN,NaN,0.02,DomainError with -5.3166684689376446e-8: sqrt was called wit
15.00,0.8749,60.0,10.0000,1.0e-03,-1,1.74532925e-03,error,NaN,NaN,NaN,NaN,0,NaN,NaN,NaN,0,1.52696514e-03,NaN,NaN,NaN,0.02,DomainError with -3.320578539934303e-8: sqrt was called with
45.00,0.8749,60.0,10.0000,1.0e-03,-1,1.74532925e-03,error,NaN,NaN,NaN,NaN,0,NaN,NaN,NaN,0,1.52696514e-03,NaN,NaN,NaN,0.02,DomainError with -1.0432931941406038e-7: sqrt was called wit
75.00,0.8749,60.0,10.0000,1.0e-03,-1,1.74532925e-03,error,NaN,NaN,NaN,NaN,0,NaN,NaN,NaN,0,1.52696514e-03,NaN,NaN,NaN,0.02,DomainError with -4.6099454032924986e-7: sqrt was called wit
105.00,0.8749,60.0,10.0000,1.0e-03,-1,1.74532925e-03,error,NaN,NaN,NaN,NaN,0,NaN,NaN,NaN,0,1.52696514e-03,NaN,NaN,NaN,0.02,DomainError with -1.5243713380863507e-7: sqrt was called wit
135.00,0.8749,60.0,10.0000,1.0e-03,-1,1.74532925e-03,error,NaN,NaN,NaN,NaN,0,NaN,NaN,NaN,0,1.52696514e-03,NaN,NaN,NaN,0.02,DomainError with -5.25283526528065e-8: sqrt was called with 
165.00,0.8749,60.0,10.0000,1.0e-03,-1,1.74532925e-03,error,NaN,NaN,NaN,NaN,0,NaN,NaN,NaN,0,1.52696514e-03,NaN,NaN,NaN,0.02,DomainError with -4.652068750132755e-7: sqrt was called with
15.00,0.8930,60.0,10.0000,1.0e-03,-1,1.74532925e-03,error,NaN,NaN,NaN,NaN,0,NaN,NaN,NaN,0,1.55865829e-03,NaN,NaN,NaN,0.02,DomainError with -2.5106405826883248e-8: sqrt was called wit
45.00,0.8930,60.0,10.0000,1.0e-03,-1,1.74532925e-03,error,NaN,NaN,NaN,NaN,0,NaN,NaN,NaN,0,1.55865829e-03,NaN,NaN,NaN,0.02,DomainError with -4.4812101625097305e-8: sqrt was called wit
75.00,0.8930,60.0,10.0000,1.0e-03,-1,1.74532925e-03,error,NaN,NaN,NaN,NaN,0,NaN,NaN,NaN,0,1.55865829e-03,NaN,NaN,NaN,0.02,DomainError with -6.349173182167643e-8: sqrt was called with
105.00,0.8930,60.0,10.0000,1.0e-03,-1,1.74532925e-03,error,NaN,NaN,NaN,NaN,0,NaN,NaN,NaN,0,1.55865829e-03,NaN,NaN,NaN,0.02,DomainError with -2.3818928954554907e-7: sqrt was called wit
135.00,0.8930,60.0,10.0000,1.0e-03,-1,1.74532925e-03,error,NaN,NaN,NaN,NaN,0,NaN,NaN,NaN,0,1.55865829e-03,NaN,NaN,NaN,0.02,DomainError with -5.8642888453978043e-8: sqrt was called wit
165.00,0.8930,60.0,10.0000,1.0e-03,-1,1.74532925e-03,error,NaN,NaN,NaN,NaN,0,NaN,NaN,NaN,0,1.55865829e-03,NaN,NaN,NaN,0.04,DomainError with -6.532227466454321e-8: sqrt was called with
15.00,0.9112,60.0,10.0000,1.0e-03,-1,1.74532925e-03,error,NaN,NaN,NaN,NaN,0,NaN,NaN,NaN,0,1.59035144e-03,NaN,NaN,NaN,0.02,DomainError with -5.454768196448903e-8: sqrt was called with
45.00,0.9112,60.0,10.0000,1.0e-03,-1,1.74532925e-03,error,NaN,NaN,NaN,NaN,0,NaN,NaN,NaN,0,1.59035144e-03,NaN,NaN,NaN,0.03,DomainError with -1.0145631504130229e-7: sqrt was called wit
75.00,0.9112,60.0,10.0000,1.0e-03,-1,1.74532925e-03,error,NaN,NaN,NaN,NaN,0,NaN,NaN,NaN,0,1.59035144e-03,NaN,NaN,NaN,0.02,DomainError with -4.560809344846424e-7: sqrt was called with
105.00,0.9112,60.0,10.0000,1.0e-03,-1,1.74532925e-03,error,NaN,NaN,NaN,NaN,0,NaN,NaN,NaN,0,1.59035144e-03,NaN,NaN,NaN,0.02,DomainError with -1.8747060281026503e-7: sqrt was called wit
135.00,0.9112,60.0,10.0000,1.0e-03,-1,1.74532925e-03,error,NaN,NaN,NaN,NaN,0,NaN,NaN,NaN,0,1.59035144e-03,NaN,NaN,NaN,0.02,DomainError with -7.62790901687415e-8: sqrt was called with 
165.00,0.9112,60.0,10.0000,1.0e-03,-1,1.74532925e-03,error,NaN,NaN,NaN,NaN,0,NaN,NaN,NaN,0,1.59035144e-03,NaN,NaN,NaN,0.02,DomainError with -4.361875187408836e-7: sqrt was called with
15.00,0.9364,60.0,10.0000,1.0e-03,-1,1.74532925e-03,error,NaN,NaN,NaN,NaN,0,NaN,NaN,NaN,0,1.63437306e-03,NaN,NaN,NaN,0.01,DomainError with -2.4159769572616148e-8: sqrt was called wit
45.00,0.9364,60.0,10.0000,1.0e-03,-1,1.74532925e-03,error,NaN,NaN,NaN,NaN,0,NaN,NaN,NaN,0,1.63437306e-03,NaN,NaN,NaN,0.01,DomainError with -3.9314094206363524e-8: sqrt was called wit
75.00,0.9364,60.0,10.0000,1.0e-03,-1,1.74532925e-03,error,NaN,NaN,NaN,NaN,0,NaN,NaN,NaN,0,1.63437306e-03,NaN,NaN,NaN,0.01,DomainError with -2.5330082850607737e-7: sqrt was called wit
105.00,0.9364,60.0,10.0000,1.0e-03,-1,1.74532925e-03,error,NaN,NaN,NaN,NaN,0,NaN,NaN,NaN,0,1.63437306e-03,NaN,NaN,NaN,0.01,DomainError with -2.8773570651784662e-8: sqrt was called wit
135.00,0.9364,60.0,10.0000,1.0e-03,-1,1.74532925e-03,error,NaN,NaN,NaN,NaN,0,NaN,NaN,NaN,0,1.63437306e-03,NaN,NaN,NaN,0.01,DomainError with -4.519014305411755e-7: sqrt was called with
165.00,0.9364,60.0,10.0000,1.0e-03,-1,1.74532925e-03,error,NaN,NaN,NaN,NaN,0,NaN,NaN,NaN,0,1.63437306e-03,NaN,NaN,NaN,0.01,DomainError with -2.108038477912625e-7: sqrt was called with
15.00,0.9435,60.0,10.0000,1.0e-03,-1,1.74532925e-03,error,NaN,NaN,NaN,NaN,0,NaN,NaN,NaN,0,1.64670152e-03,NaN,NaN,NaN,0.01,DomainError with -1.0753454634358795e-7: sqrt was called wit
45.00,0.9435,60.0,10.0000,1.0e-03,-1,1.74532925e-03,error,NaN,NaN,NaN,NaN,0,NaN,NaN,NaN,0,1.64670152e-03,NaN,NaN,NaN,0.01,DomainError with -2.8245509313665435e-8: sqrt was called wit
75.00,0.9435,60.0,10.0000,1.0e-03,-1,1.74532925e-03,error,NaN,NaN,NaN,NaN,0,NaN,NaN,NaN,0,1.64670152e-03,NaN,NaN,NaN,0.01,DomainError with -1.5649885879150763e-7: sqrt was called wit
105.00,0.9435,60.0,10.0000,1.0e-03,-1,1.74532925e-03,error,NaN,NaN,NaN,NaN,0,NaN,NaN,NaN,0,1.64670152e-03,NaN,NaN,NaN,0.01,DomainError with -4.3898868816999924e-7: sqrt was called wit
135.00,0.9435,60.0,10.0000,1.0e-03,-1,1.74532925e-03,error,NaN,NaN,NaN,NaN,0,NaN,NaN,NaN,0,1.64670152e-03,NaN,NaN,NaN,0.01,DomainError with -4.077178982648034e-7: sqrt was called with
165.00,0.9435,60.0,10.0000,1.0e-03,-1,1.74532925e-03,error,NaN,NaN,NaN,NaN,0,NaN,NaN,NaN,0,1.64670152e-03,NaN,NaN,NaN,0.01,DomainError with -2.658350367695911e-7: sqrt was called with
15.00,0.9506,60.0,10.0000,1.0e-03,-1,1.74532925e-03,error,NaN,NaN,NaN,NaN,0,NaN,NaN,NaN,0,1.65902999e-03,NaN,NaN,NaN,0.01,DomainError with -3.5291034860873776e-8: sqrt was called wit
45.00,0.9506,60.0,10.0000,1.0e-03,-1,1.74532925e-03,error,NaN,NaN,NaN,NaN,0,NaN,NaN,NaN,0,1.65902999e-03,NaN,NaN,NaN,0.01,DomainError with -1.123026196899963e-7: sqrt was called with
75.00,0.9506,60.0,10.0000,1.0e-03,-1,1.74532925e-03,error,NaN,NaN,NaN,NaN,0,NaN,NaN,NaN,0,1.65902999e-03,NaN,NaN,NaN,0.01,DomainError with -8.980213537480667e-8: sqrt was called with
105.00,0.9506,60.0,10.0000,1.0e-03,-1,1.74532925e-03,error,NaN,NaN,NaN,NaN,0,NaN,NaN,NaN,0,1.65902999e-03,NaN,NaN,NaN,0.01,DomainError with -1.8405269362374952e-7: sqrt was called wit
135.00,0.9506,60.0,10.0000,1.0e-03,-1,1.74532925e-03,error,NaN,NaN,NaN,NaN,0,NaN,NaN,NaN,0,1.65902999e-03,NaN,NaN,NaN,0.01,DomainError with -1.771144616776541e-7: sqrt was called with
165.00,0.9506,60.0,10.0000,1.0e-03,-1,1.74532925e-03,error,NaN,NaN,NaN,NaN,0,NaN,NaN,NaN,0,1.65902999e-03,NaN,NaN,NaN,0.01,DomainError with -6.947555856583628e-8: sqrt was called with
15.00,0.9576,60.0,10.0000,1.0e-03,-1,1.74532925e-03,error,NaN,NaN,NaN,NaN,0,NaN,NaN,NaN,0,1.67135845e-03,NaN,NaN,NaN,0.01,DomainError with -9.085748199699246e-8: sqrt was called with
45.00,0.9576,60.0,10.0000,1.0e-03,-1,1.74532925e-03,error,NaN,NaN,NaN,NaN,0,NaN,NaN,NaN,0,1.67135845e-03,NaN,NaN,NaN,0.01,DomainError with -3.0039673699539366e-8: sqrt was called wit
75.00,0.9576,60.0,10.0000,1.0e-03,-1,1.74532925e-03,error,NaN,NaN,NaN,NaN,0,NaN,NaN,NaN,0,1.67135845e-03,NaN,NaN,NaN,0.01,DomainError with -3.2730171933045835e-8: sqrt was called wit
105.00,0.9576,60.0,10.0000,1.0e-03,-1,1.74532925e-03,error,NaN,NaN,NaN,NaN,0,NaN,NaN,NaN,0,1.67135845e-03,NaN,NaN,NaN,0.01,DomainError with -4.530940869247057e-7: sqrt was called with
135.00,0.9576,60.0,10.0000,1.0e-03,-1,1.74532925e-03,error,NaN,NaN,NaN,NaN,0,NaN,NaN,NaN,0,1.67135845e-03,NaN,NaN,NaN,0.01,DomainError with -5.0592813467798766e-8: sqrt was called wit
165.00,0.9576,60.0,10.0000,1.0e-03,-1,1.74532925e-03,error,NaN,NaN,NaN,NaN,0,NaN,NaN,NaN,0,1.67135845e-03,NaN,NaN,NaN,0.01,DomainError with -1.8463792286700164e-7: sqrt was called wit
15.00,0.9647,60.0,10.0000,1.0e-03,-1,1.74532925e-03,error,NaN,NaN,NaN,NaN,0,NaN,NaN,NaN,0,1.68368692e-03,NaN,NaN,NaN,0.01,DomainError with -6.931938109570012e-8: sqrt was called with
45.00,0.9647,60.0,10.0000,1.0e-03,-1,1.74532925e-03,error,NaN,NaN,NaN,NaN,0,NaN,NaN,NaN,0,1.68368692e-03,NaN,NaN,NaN,0.01,DomainError with -1.8690503382020782e-7: sqrt was called wit
75.00,0.9647,60.0,10.0000,1.0e-03,-1,1.74532925e-03,error,NaN,NaN,NaN,NaN,0,NaN,NaN,NaN,0,1.68368692e-03,NaN,NaN,NaN,0.01,DomainError with -4.0326076306510643e-7: sqrt was called wit
105.00,0.9647,60.0,10.0000,1.0e-03,-1,1.74532925e-03,error,NaN,NaN,NaN,NaN,0,NaN,NaN,NaN,0,1.68368692e-03,NaN,NaN,NaN,0.01,DomainError with -3.967167317401643e-7: sqrt was called with
135.00,0.9647,60.0,10.0000,1.0e-03,-1,1.74532925e-03,error,NaN,NaN,NaN,NaN,0,NaN,NaN,NaN,0,1.68368692e-03,NaN,NaN,NaN,0.01,DomainError with -4.7295576626643783e-7: sqrt was called wit
165.00,0.9647,60.0,10.0000,1.0e-03,-1,1.74532925e-03,error,NaN,NaN,NaN,NaN,0,NaN,NaN,NaN,0,1.68368692e-03,NaN,NaN,NaN,0.01,DomainError with -2.063830398292691e-7: sqrt was called with
15.00,0.9717,60.0,10.0000,1.0e-03,-1,1.74532925e-03,error,NaN,NaN,NaN,NaN,0,NaN,NaN,NaN,0,1.69601539e-03,NaN,NaN,NaN,0.01,DomainError with -5.7141211387405116e-8: sqrt was called wit
45.00,0.9717,60.0,10.0000,1.0e-03,-1,1.74532925e-03,error,NaN,NaN,NaN,NaN,0,NaN,NaN,NaN,0,1.69601539e-03,NaN,NaN,NaN,0.01,DomainError with -1.395452532477613e-7: sqrt was called with
75.00,0.9717,60.0,10.0000,1.0e-03,-1,1.74532925e-03,error,NaN,NaN,NaN,NaN,0,NaN,NaN,NaN,0,1.69601539e-03,NaN,NaN,NaN,0.01,DomainError with -3.477602132767428e-7: sqrt was called with
105.00,0.9717,60.0,10.0000,1.0e-03,-1,1.74532925e-03,error,NaN,NaN,NaN,NaN,0,NaN,NaN,NaN,0,1.69601539e-03,NaN,NaN,NaN,0.01,DomainError with -3.6914218676295574e-7: sqrt was called wit
135.00,0.9717,60.0,10.0000,1.0e-03,-1,1.74532925e-03,error,NaN,NaN,NaN,NaN,0,NaN,NaN,NaN,0,1.69601539e-03,NaN,NaN,NaN,0.01,DomainError with -4.834610637605819e-7: sqrt was called with
165.00,0.9717,60.0,10.0000,1.0e-03,-1,1.74532925e-03,error,NaN,NaN,NaN,NaN,0,NaN,NaN,NaN,0,1.69601539e-03,NaN,NaN,NaN,0.01,DomainError with -2.761216198155026e-7: sqrt was called with
15.00,0.9788,60.0,10.0000,1.0e-03,-1,1.74532925e-03,error,NaN,NaN,NaN,NaN,0,NaN,NaN,NaN,0,1.70834385e-03,NaN,NaN,NaN,0.01,DomainError with -2.2069740553882942e-8: sqrt was called wit
45.00,0.9788,60.0,10.0000,1.0e-03,-1,1.74532925e-03,error,NaN,NaN,NaN,NaN,0,NaN,NaN,NaN,0,1.70834385e-03,NaN,NaN,NaN,0.01,DomainError with -1.5941429615454213e-7: sqrt was called wit
75.00,0.9788,60.0,10.0000,1.0e-03,-1,1.74532925e-03,error,NaN,NaN,NaN,NaN,0,NaN,NaN,NaN,0,1.70834385e-03,NaN,NaN,NaN,0.01,DomainError with -4.3803505703496964e-7: sqrt was called wit
105.00,0.9788,60.0,10.0000,1.0e-03,-1,1.74532925e-03,error,NaN,NaN,NaN,NaN,0,NaN,NaN,NaN,0,1.70834385e-03,NaN,NaN,NaN,0.01,DomainError with -4.7270787173146346e-7: sqrt was called wit
135.00,0.9788,60.0,10.0000,1.0e-03,-1,1.74532925e-03,error,NaN,NaN,NaN,NaN,0,NaN,NaN,NaN,0,1.70834385e-03,NaN,NaN,NaN,0.01,DomainError with -3.679773988435079e-7: sqrt was called with
165.00,0.9788,60.0,10.0000,1.0e-03,-1,1.74532925e-03,error,NaN,NaN,NaN,NaN,0,NaN,NaN,NaN,0,1.70834385e-03,NaN,NaN,NaN,4.49,DomainError with -2.1955480810959984e-7: sqrt was called wit
15.00,0.9859,60.0,10.0000,1.0e-03,-1,1.74532925e-03,error,NaN,NaN,NaN,NaN,0,NaN,NaN,NaN,0,1.72067232e-03,NaN,NaN,NaN,0.01,DomainError with -8.057316579689375e-8: sqrt was called with
45.00,0.9859,60.0,10.0000,1.0e-03,-1,1.74532925e-03,error,NaN,NaN,NaN,NaN,0,NaN,NaN,NaN,0,1.72067232e-03,NaN,NaN,NaN,0.01,DomainError with -1.8447547940730726e-7: sqrt was called wit
75.00,0.9859,60.0,10.0000,1.0e-03,-1,1.74532925e-03,error,NaN,NaN,NaN,NaN,0,NaN,NaN,NaN,0,1.72067232e-03,NaN,NaN,NaN,0.00,DomainError with -1.4581093244877243e-7: sqrt was called wit
105.00,0.9859,60.0,10.0000,1.0e-03,-1,1.74532925e-03,error,NaN,NaN,NaN,NaN,0,NaN,NaN,NaN,0,1.72067232e-03,NaN,NaN,NaN,0.01,DomainError with -3.11011634821603e-7: sqrt was called with 
135.00,0.9859,60.0,10.0000,1.0e-03,-1,1.74532925e-03,error,NaN,NaN,NaN,NaN,0,NaN,NaN,NaN,0,1.72067232e-03,NaN,NaN,NaN,0.01,DomainError with -4.2640407455712905e-7: sqrt was called wit
165.00,0.9859,60.0,10.0000,1.0e-03,-1,1.74532925e-03,error,NaN,NaN,NaN,NaN,0,NaN,NaN,NaN,0,1.72067232e-03,NaN,NaN,NaN,0.01,DomainError with -1.7931923508958834e-7: sqrt was called wit
15.00,0.9929,60.0,10.0000,1.0e-03,-1,1.74532925e-03,error,NaN,NaN,NaN,NaN,0,NaN,NaN,NaN,0,1.73300079e-03,NaN,NaN,NaN,0.01,DomainError with -5.194758885938941e-8: sqrt was called with
45.00,0.9929,60.0,10.0000,1.0e-03,-1,1.74532925e-03,error,NaN,NaN,NaN,NaN,0,NaN,NaN,NaN,0,1.73300079e-03,NaN,NaN,NaN,0.01,DomainError with -2.1533153477377997e-7: sqrt was called wit
75.00,0.9929,60.0,10.0000,1.0e-03,-1,1.74532925e-03,error,NaN,NaN,NaN,NaN,0,NaN,NaN,NaN,0,1.73300079e-03,NaN,NaN,NaN,0.01,DomainError with -1.464679084739761e-7: sqrt was called with
105.00,0.9929,60.0,10.0000,1.0e-03,-1,1.74532925e-03,error,NaN,NaN,NaN,NaN,0,NaN,NaN,NaN,0,1.73300079e-03,NaN,NaN,NaN,0.01,DomainError with -4.5842383070662524e-7: sqrt was called wit
135.00,0.9929,60.0,10.0000,1.0e-03,-1,1.74532925e-03,error,NaN,NaN,NaN,NaN,0,NaN,NaN,NaN,0,1.73300079e-03,NaN,NaN,NaN,0.01,DomainError with -7.350835772061066e-8: sqrt was called with
165.00,0.9929,60.0,10.0000,1.0e-03,-1,1.74532925e-03,error,NaN,NaN,NaN,NaN,0,NaN,NaN,NaN,0,1.73300079e-03,NaN,NaN,NaN,0.01,DomainError with -1.1352321016877773e-7: sqrt was called wit
15.00,0.7659,120.0,10.0000,1.0e-03,-1,8.72664626e-04,equilibrium,6.68403126e-04,6.68403126e-04,0.000000e+00,100.0000,1,17.4641,1.000000,2.890832e-02,1,6.68403126e-04,6.488313e-16,31.882145,8.7057,24.31,
45.00,0.7659,120.0,10.0000,1.0e-03,-1,8.72664626e-04,equilibrium,6.68403126e-04,6.68403126e-04,4.379611e-15,100.0000,1,36.9401,1.000000,4.868478e-02,1,6.68403126e-04,-4.006533e-14,26.158600,30.1301,19.24,
75.00,0.7659,120.0,10.0000,1.0e-03,-1,8.72664626e-04,equilibrium,6.68403126e-04,6.68403126e-04,6.845170e-14,100.0000,1,68.5447,1.000000,6.307163e-02,1,6.68403126e-04,-6.890588e-13,18.742850,53.4137,14.33,
105.00,0.7659,120.0,10.0000,1.0e-03,-1,8.72664626e-04,equilibrium,6.68403126e-04,6.68403126e-04,1.557195e-14,100.0000,1,84.2139,1.000000,6.556012e-02,1,6.68403126e-04,-1.231157e-13,14.859385,72.7059,10.63,
135.00,0.7659,120.0,10.0000,1.0e-03,-1,8.72664626e-04,equilibrium,6.68403126e-04,6.68403126e-04,1.403098e-13,100.0000,1,123.3488,1.000000,5.245075e-02,1,6.68403126e-04,1.481282e-12,19.309284,40.1174,12.03,
165.00,0.7659,120.0,10.0000,1.0e-03,-1,8.72664626e-04,equilibrium,6.68403126e-04,6.68403126e-04,1.991912e-13,100.0000,1,170.3653,1.000000,2.427484e-02,1,6.68403126e-04,2.008619e-12,25.704390,2.4282,13.04,
15.00,0.7841,120.0,10.0000,1.0e-03,-1,8.72664626e-04,equilibrium,6.84249700e-04,6.84249700e-04,0.000000e+00,100.0000,1,15.1578,1.000000,2.807062e-02,1,6.84249700e-04,4.753537e-16,31.080412,9.1493,21.70,
45.00,0.7841,120.0,10.0000,1.0e-03,-1,8.72664626e-04,equilibrium,6.84249700e-04,6.84249700e-04,9.507075e-15,100.0000,1,45.0121,1.000000,4.821694e-02,1,6.84249700e-04,-5.957767e-14,24.965869,31.8828,18.62,
75.00,0.7841,120.0,10.0000,1.0e-03,-1,8.72664626e-04,equilibrium,6.84249700e-04,6.84249700e-04,6.512346e-14,100.0000,1,70.5947,1.000000,6.092503e-02,1,6.84249700e-04,-7.135060e-13,17.731169,56.1832,13.91,
105.00,0.7841,120.0,10.0000,1.0e-03,-1,8.72664626e-04,equilibrium,6.84249700e-04,6.84249700e-04,7.922562e-15,100.0000,1,92.1493,1.000000,6.275524e-02,1,6.84249700e-04,-1.207398e-13,14.514396,71.8463,9.71,
135.00,0.7841,120.0,10.0000,1.0e-03,-1,8.72664626e-04,equilibrium,6.84249700e-04,6.84249700e-04,1.692259e-13,100.0000,1,136.1911,1.000000,5.083969e-02,1,6.84249700e-04,1.529688e-12,18.657469,41.0367,11.80,
165.00,0.7841,120.0,10.0000,1.0e-03,-1,8.72664626e-04,equilibrium,6.84249700e-04,6.84249700e-04,1.931521e-13,100.0000,1,171.0713,1.000000,2.358097e-02,1,6.84249700e-04,1.935165e-12,25.065895,2.1128,11.83,
15.00,0.8023,120.0,10.0000,1.0e-03,-1,8.72664626e-04,equilibrium,7.00096275e-04,7.00096275e-04,1.548647e-16,100.0000,1,18.5795,1.000000,2.760496e-02,1,7.00096275e-04,4.645942e-16,30.282348,9.4816,19.31,
45.00,0.8023,120.0,10.0000,1.0e-03,-1,8.72664626e-04,equilibrium,7.00096275e-04,7.00096275e-04,8.052966e-15,100.0000,1,47.8733,1.000000,4.786824e-02,1,7.00096275e-04,-9.276397e-14,23.621799,34.5560,15.34,
75.00,0.8023,120.0,10.0000,1.0e-03,-1,8.72664626e-04,equilibrium,7.00096275e-04,7.00096275e-04,5.575130e-14,100.0000,1,71.9085,1.000000,5.958776e-02,1,7.00096275e-04,-6.183748e-13,16.495165,59.2992,11.74,
105.00,0.8023,120.0,10.0000,1.0e-03,-1,8.72664626e-04,equilibrium,7.00096275e-04,7.00096275e-04,2.090674e-14,100.0000,1,95.3197,1.000000,5.952543e-02,1,7.00096275e-04,-4.181348e-15,14.260351,67.5473,9.44,
135.00,0.8023,120.0,10.0000,1.0e-03,-1,8.72664626e-04,equilibrium,7.00096275e-04,7.00096275e-04,1.568780e-13,100.0000,1,137.8786,1.000000,4.736091e-02,1,7.00096275e-04,1.574045e-12,18.821780,38.1740,10.67,
165.00,0.8023,120.0,10.0000,1.0e-03,-1,8.72664626e-04,equilibrium,7.00096275e-04,7.00096275e-04,2.011693e-13,100.0000,1,164.8762,1.000000,2.254321e-02,1,7.00096275e-04,1.976074e-12,24.539380,1.7770,11.56,
15.00,0.8204,120.0,10.0000,1.0e-03,-1,8.72664626e-04,equilibrium,7.15942849e-04,7.15942849e-04,0.000000e+00,100.0000,1,17.1070,1.000000,2.691214e-02,1,7.15942849e-04,9.086218e-16,29.540965,9.8902,18.92,
45.00,0.8204,120.0,10.0000,1.0e-03,-1,8.72664626e-04,equilibrium,7.15942849e-04,7.15942849e-04,1.862675e-14,100.0000,1,45.7567,1.000000,4.702752e-02,1,7.15942849e-04,-1.871761e-13,22.514786,36.0420,14.55,
75.00,0.8204,120.0,10.0000,1.0e-03,-1,8.72664626e-04,equilibrium,7.15942849e-04,7.15942849e-04,3.740493e-14,100.0000,1,71.6093,1.000000,5.758233e-02,1,7.15942849e-04,-4.935331e-13,15.574306,62.3972,11.69,
105.00,0.8204,120.0,10.0000,1.0e-03,-1,8.72664626e-04,equilibrium,7.15942849e-04,7.15942849e-04,2.059543e-14,100.0000,1,109.6961,1.000000,5.637364e-02,1,7.15942849e-04,1.314473e-13,14.135531,63.9487,9.90,
135.00,0.8204,120.0,10.0000,1.0e-03,-1,8.72664626e-04,equilibrium,7.15942849e-04,7.15942849e-04,1.558286e-13,100.0000,1,143.4061,1.000000,4.293161e-02,1,7.15942849e-04,1.619013e-12,18.956456,35.7003,12.33,
165.00,0.8204,120.0,10.0000,1.0e-03,-1,8.72664626e-04,equilibrium,7.15942849e-04,7.15942849e-04,1.939908e-13,100.0000,1,169.8767,1.000000,2.109204e-02,1,7.15942849e-04,1.986399e-12,24.032414,1.3564,12.08,
15.00,0.8386,120.0,10.0000,1.0e-03,-1,8.72664626e-04,equilibrium,7.31789423e-04,7.31789423e-04,0.000000e+00,100.0000,1,19.2610,1.000000,2.598198e-02,1,7.31789423e-04,4.444730e-16,28.857384,10.1853,17.65,
45.00,0.8386,120.0,10.0000,1.0e-03,-1,8.72664626e-04,equilibrium,7.31789423e-04,7.31789423e-04,2.607575e-14,100.0000,1,49.1003,1.000000,4.607144e-02,1,7.31789423e-04,-2.145323e-13,21.631164,37.2841,13.41,
75.00,0.8386,120.0,10.0000,1.0e-03,-1,8.72664626e-04,equilibrium,7.31789423e-04,7.31789423e-04,5.259597e-14,100.0000,1,67.9838,1.000000,5.548171e-02,1,7.31789423e-04,-5.597397e-13,14.889409,64.5648,9.88,
105.00,0.8386,120.0,10.0000,1.0e-03,-1,8.72664626e-04,equilibrium,7.31789423e-04,7.31789423e-04,2.963153e-14,100.0000,1,115.4871,1.000000,5.370181e-02,1,7.31789423e-04,2.561646e-13,14.041995,61.2721,9.04,
135.00,0.8386,120.0,10.0000,1.0e-03,-1,8.72664626e-04,equilibrium,7.31789423e-04,7.31789423e-04,1.509727e-13,100.0000,1,138.0426,1.000000,4.101289e-02,1,7.31789423e-04,1.645587e-12,18.934185,33.3263,9.28,
165.00,0.8386,120.0,10.0000,1.0e-03,-1,8.72664626e-04,equilibrium,7.31789423e-04,7.31789423e-04,1.952718e-13,100.0000,1,168.2317,1.000000,2.017679e-02,1,7.31789423e-04,1.975090e-12,22.391142,0.9121,10.49,
15.00,0.8567,120.0,10.0000,1.0e-03,-1,8.72664626e-04,equilibrium,7.47635997e-04,7.47635997e-04,0.000000e+00,100.0000,1,19.2990,1.000000,2.523101e-02,1,7.47635997e-04,1.450174e-16,28.224991,10.1297,16.07,
45.00,0.8567,120.0,10.0000,1.0e-03,-1,8.72664626e-04,equilibrium,7.47635997e-04,7.47635997e-04,2.929351e-14,100.0000,1,47.8617,1.000000,4.476506e-02,1,7.47635997e-04,-2.411639e-13,20.913802,38.0520,11.02,
75.00,0.8567,120.0,10.0000,1.0e-03,-1,8.72664626e-04,equilibrium,7.47635997e-04,7.47635997e-04,5.090110e-14,100.0000,1,75.8204,1.000000,5.360941e-02,1,7.47635997e-04,-4.610103e-13,14.354052,66.2074,9.49,
105.00,0.8567,120.0,10.0000,1.0e-03,-1,8.72664626e-04,equilibrium,7.47635997e-04,7.47635997e-04,3.074369e-14,100.0000,1,119.1155,1.000000,5.113957e-02,1,7.47635997e-04,3.616734e-13,13.927201,59.3865,9.67,
135.00,0.8567,120.0,10.0000,1.0e-03,-1,8.72664626e-04,equilibrium,7.47635997e-04,7.47635997e-04,1.693803e-13,100.0000,1,142.6365,1.000000,3.902349e-02,1,7.47635997e-04,1.669730e-12,18.781586,31.6699,9.30,
165.00,0.8567,120.0,10.0000,1.0e-03,-1,8.72664626e-04,equilibrium,7.47635997e-04,7.47635997e-04,1.793865e-13,100.0000,1,165.4954,1.000000,1.924128e-02,1,7.47635997e-04,1.856078e-12,21.329770,0.8768,11.18,
15.00,0.8749,120.0,10.0000,1.0e-03,-1,8.72664626e-04,equilibrium,7.63482572e-04,7.63482572e-04,1.420075e-16,100.0000,1,18.8655,1.000000,2.443634e-02,1,7.63482572e-04,1.704089e-15,27.634348,10.3048,14.86,
45.00,0.8749,120.0,10.0000,1.0e-03,-1,8.72664626e-04,equilibrium,7.63482572e-04,7.63482572e-04,1.462677e-14,100.0000,1,55.2761,1.000000,4.346249e-02,1,7.63482572e-04,-2.762045e-13,20.316945,38.6495,11.18,
75.00,0.8749,120.0,10.0000,1.0e-03,-1,8.72664626e-04,equilibrium,7.63482572e-04,7.63482572e-04,4.047212e-14,100.0000,1,78.2672,1.000000,5.162411e-02,1,7.63482572e-04,-4.512997e-13,13.914799,67.2948,8.92,
105.00,0.8749,120.0,10.0000,1.0e-03,-1,8.72664626e-04,equilibrium,7.63482572e-04,7.63482572e-04,4.629443e-14,100.0000,1,103.4299,1.000000,4.899592e-02,1,7.63482572e-04,3.720595e-13,13.778716,58.1106,8.10,
135.00,0.8749,120.0,10.0000,1.0e-03,-1,8.72664626e-04,equilibrium,7.63482572e-04,7.63482572e-04,1.590484e-13,100.0000,1,140.6017,1.000000,3.714811e-02,1,7.63482572e-04,1.648423e-12,18.543968,30.6822,7.98,
165.00,0.8749,120.0,10.0000,1.0e-03,-1,8.72664626e-04,equilibrium,7.63482572e-04,7.63482572e-04,1.841837e-13,100.0000,1,169.6149,1.000000,1.869737e-02,1,7.63482572e-04,1.784466e-12,20.671855,0.9303,9.10,
15.00,0.8930,120.0,10.0000,1.0e-03,-1,8.72664626e-04,equilibrium,7.79329146e-04,7.79329146e-04,2.782399e-16,100.0000,1,15.7308,1.000000,2.379588e-02,1,7.79329146e-04,2.782399e-15,27.079082,10.0405,12.67,
45.00,0.8930,120.0,10.0000,1.0e-03,-1,8.72664626e-04,equilibrium,7.79329146e-04,7.79329146e-04,2.796311e-14,100.0000,1,44.6989,1.000000,4.208855e-02,1,7.79329146e-04,-2.671103e-13,19.809907,39.3293,9.88,
75.00,0.8930,120.0,10.0000,1.0e-03,-1,8.72664626e-04,equilibrium,7.79329146e-04,7.79329146e-04,5.216997e-14,100.0000,1,84.0315,1.000000,4.975454e-02,1,7.79329146e-04,-4.205596e-13,13.541099,68.2133,7.87,
105.00,0.8930,120.0,10.0000,1.0e-03,-1,8.72664626e-04,equilibrium,7.79329146e-04,7.79329146e-04,2.128535e-14,100.0000,1,100.2200,1.000000,4.692593e-02,1,7.79329146e-04,3.949615e-13,13.599343,57.1821,9.31,
135.00,0.8930,120.0,10.0000,1.0e-03,-1,8.72664626e-04,equilibrium,7.79329146e-04,7.79329146e-04,1.572055e-13,100.0000,1,141.3481,1.000000,3.573097e-02,1,7.79329146e-04,1.573446e-12,18.254402,30.0895,7.92,
165.00,0.8930,120.0,10.0000,1.0e-03,-1,8.72664626e-04,equilibrium,7.79329146e-04,7.79329146e-04,1.602662e-13,100.0000,1,168.7556,1.000000,1.811671e-02,1,7.79329146e-04,1.651910e-12,20.131382,0.4988,8.19,
15.00,0.9112,120.0,10.0000,1.0e-03,-1,8.72664626e-04,equilibrium,7.95175720e-04,7.95175720e-04,4.090425e-16,100.0000,1,19.9503,1.000000,2.297570e-02,1,7.95175720e-04,1.499822e-15,26.555501,9.9168,11.70,
45.00,0.9112,120.0,10.0000,1.0e-03,-1,8.72664626e-04,equilibrium,7.95175720e-04,7.95175720e-04,2.808758e-14,100.0000,1,49.5724,1.000000,4.056626e-02,1,7.95175720e-04,-2.381991e-13,19.374893,39.1196,10.16,
75.00,0.9112,120.0,10.0000,1.0e-03,-1,8.72664626e-04,equilibrium,7.95175720e-04,7.95175720e-04,3.108723e-14,100.0000,1,93.1030,1.000000,4.781379e-02,1,7.95175720e-04,-3.840909e-13,13.216423,68.5152,11.35,
105.00,0.9112,120.0,10.0000,1.0e-03,-1,8.72664626e-04,equilibrium,7.95175720e-04,7.95175720e-04,3.954077e-14,100.0000,1,114.6952,1.000000,4.516462e-02,1,7.95175720e-04,4.412205e-13,13.393244,56.6762,8.08,
135.00,0.9112,120.0,10.0000,1.0e-03,-1,8.72664626e-04,equilibrium,7.95175720e-04,7.95175720e-04,1.427558e-13,100.0000,1,143.9009,1.000000,3.412463e-02,1,7.95175720e-04,1.530773e-12,17.931586,30.3736,6.97,
165.00,0.9112,120.0,10.0000,1.0e-03,-1,8.72664626e-04,equilibrium,7.95175720e-04,7.95175720e-04,1.617081e-13,100.0000,1,165.4371,1.000000,1.718146e-02,1,7.95175720e-04,1.589675e-12,19.619397,0.7437,8.22,
15.00,0.9364,120.0,10.0000,1.0e-03,-1,8.72664626e-04,equilibrium,8.17186528e-04,8.17186528e-04,3.980250e-16,100.0000,1,15.4603,1.000000,2.178142e-02,1,8.17186528e-04,1.592100e-15,25.878923,9.7057,11.22,
45.00,0.9364,120.0,10.0000,1.0e-03,-1,8.72664626e-04,equilibrium,8.17186528e-04,8.17186528e-04,2.825977e-14,100.0000,1,50.1442,1.000000,3.867320e-02,1,8.17186528e-04,-2.305891e-13,18.883394,38.8067,9.60,
75.00,0.9364,120.0,10.0000,1.0e-03,-1,8.72664626e-04,equilibrium,8.17186528e-04,8.17186528e-04,4.351740e-14,100.0000,1,71.8381,1.000000,4.560667e-02,1,8.17186528e-04,-3.834307e-13,12.829258,68.8360,9.67,
105.00,0.9364,120.0,10.0000,1.0e-03,-1,8.72664626e-04,equilibrium,8.17186528e-04,8.17186528e-04,4.962045e-14,100.0000,1,123.6916,1.000000,4.287033e-02,1,8.17186528e-04,4.285402e-13,13.066694,56.3084,8.24,
135.00,0.9364,120.0,10.0000,1.0e-03,-1,8.72664626e-04,equilibrium,8.17186528e-04,8.17186528e-04,1.377166e-13,100.0000,1,133.8508,1.000000,3.265981e-02,1,8.17186528e-04,1.392291e-12,17.429222,29.7972,7.67,
165.00,0.9364,120.0,10.0000,1.0e-03,-1,8.72664626e-04,equilibrium,8.17186528e-04,8.17186528e-04,1.407682e-13,100.0000,1,165.7586,1.000000,1.629590e-02,1,8.17186528e-04,1.477203e-12,19.270225,1.2400,9.65,
15.00,0.9435,120.0,10.0000,1.0e-03,-1,8.72664626e-04,equilibrium,8.23350761e-04,8.23350761e-04,1.316817e-16,100.0000,1,18.9906,1.000000,2.138771e-02,1,8.23350761e-04,1.975225e-15,25.692436,9.7970,12.60,
45.00,0.9435,120.0,10.0000,1.0e-03,-1,8.72664626e-04,equilibrium,8.23350761e-04,8.23350761e-04,2.896997e-14,100.0000,1,55.9093,1.000000,3.810824e-02,1,8.23350761e-04,-2.125342e-13,18.736909,38.9489,10.12,
75.00,0.9435,120.0,10.0000,1.0e-03,-1,8.72664626e-04,equilibrium,8.23350761e-04,8.23350761e-04,3.423724e-14,100.0000,1,81.6411,1.000000,4.503833e-02,1,8.23350761e-04,-3.527752e-13,12.713538,69.2674,7.89,
105.00,0.9435,120.0,10.0000,1.0e-03,-1,8.72664626e-04,equilibrium,8.23350761e-04,8.23350761e-04,5.188258e-14,100.0000,1,120.2317,1.000000,4.229245e-02,1,8.23350761e-04,4.623344e-13,12.992143,56.1923,7.37,
135.00,0.9435,120.0,10.0000,1.0e-03,-1,8.72664626e-04,equilibrium,8.23350761e-04,8.23350761e-04,1.301015e-13,100.0000,1,144.6643,1.000000,3.225828e-02,1,8.23350761e-04,1.336832e-12,17.302366,29.7479,6.97,
165.00,0.9435,120.0,10.0000,1.0e-03,-1,8.72664626e-04,equilibrium,8.23350761e-04,8.23350761e-04,1.402410e-13,100.0000,1,166.6001,1.000000,1.658304e-02,1,8.23350761e-04,1.460745e-12,19.210588,0.4442,8.10,
15.00,0.9506,120.0,10.0000,1.0e-03,-1,8.72664626e-04,equilibrium,8.29514994e-04,8.29514994e-04,1.307031e-16,100.0000,1,20.2396,1.000000,2.125544e-02,1,8.29514994e-04,1.307031e-15,25.506662,9.7314,12.99,
45.00,0.9506,120.0,10.0000,1.0e-03,-1,8.72664626e-04,equilibrium,8.29514994e-04,8.29514994e-04,1.895196e-14,100.0000,1,45.8840,1.000000,3.768585e-02,1,8.29514994e-04,-2.059882e-13,18.590263,38.8105,9.43,
75.00,0.9506,120.0,10.0000,1.0e-03,-1,8.72664626e-04,equilibrium,8.29514994e-04,8.29514994e-04,3.607407e-14,100.0000,1,72.3114,1.000000,4.442743e-02,1,8.29514994e-04,-3.468861e-13,12.599635,69.1695,9.23,
105.00,0.9506,120.0,10.0000,1.0e-03,-1,8.72664626e-04,equilibrium,8.29514994e-04,8.29514994e-04,4.117149e-14,100.0000,1,101.2667,1.000000,4.127341e-02,1,8.29514994e-04,4.302747e-13,12.919451,55.8901,10.37,
135.00,0.9506,120.0,10.0000,1.0e-03,-1,8.72664626e-04,equilibrium,8.29514994e-04,8.29514994e-04,1.287426e-13,100.0000,1,133.8266,1.000000,3.192337e-02,1,8.29514994e-04,1.318141e-12,17.179749,29.6915,10.07,
165.00,0.9506,120.0,10.0000,1.0e-03,-1,8.72664626e-04,equilibrium,8.29514994e-04,8.29514994e-04,1.411594e-13,100.0000,1,171.2675,1.000000,1.635092e-02,1,8.29514994e-04,1.426102e-12,18.953725,0.3305,10.62,
15.00,0.9576,120.0,10.0000,1.0e-03,-1,8.72664626e-04,equilibrium,8.35679227e-04,8.35679227e-04,0.000000e+00,100.0000,1,18.7825,1.000000,2.099222e-02,1,8.35679227e-04,2.335303e-15,25.323059,9.4762,13.67,
45.00,0.9576,120.0,10.0000,1.0e-03,-1,8.72664626e-04,equilibrium,8.35679227e-04,8.35679227e-04,2.270433e-14,100.0000,1,48.6136,1.000000,3.721772e-02,1,8.35679227e-04,-2.226322e-13,18.444266,38.8113,8.97,
75.00,0.9576,120.0,10.0000,1.0e-03,-1,8.72664626e-04,equilibrium,8.35679227e-04,8.35679227e-04,3.931093e-14,100.0000,1,82.7328,1.000000,4.386848e-02,1,8.35679227e-04,-3.806543e-13,12.488036,69.5266,8.59,
105.00,0.9576,120.0,10.0000,1.0e-03,-1,8.72664626e-04,equilibrium,8.35679227e-04,8.35679227e-04,5.799335e-14,100.0000,1,118.4118,1.000000,4.088597e-02,1,8.35679227e-04,4.438372e-13,12.847727,55.6880,8.11,
135.00,0.9576,120.0,10.0000,1.0e-03,-1,8.72664626e-04,equilibrium,8.35679227e-04,8.35679227e-04,1.289606e-13,100.0000,1,133.8928,1.000000,3.148829e-02,1,8.35679227e-04,1.288438e-12,17.059766,29.6350,8.38,
165.00,0.9576,120.0,10.0000,1.0e-03,-1,8.72664626e-04,equilibrium,8.35679227e-04,8.35679227e-04,1.428427e-13,100.0000,1,164.9451,1.000000,1.616984e-02,1,8.35679227e-04,1.398717e-12,18.899677,0.5176,9.18,
15.00,0.9647,120.0,10.0000,1.0e-03,-1,8.72664626e-04,equilibrium,8.41843460e-04,8.41843460e-04,1.287890e-16,100.0000,1,17.5555,1.000000,2.067332e-02,1,8.41843460e-04,1.674258e-15,25.141374,9.4424,10.71,
45.00,0.9647,120.0,10.0000,1.0e-03,-1,8.72664626e-04,equilibrium,8.41843460e-04,8.41843460e-04,1.519711e-14,100.0000,1,45.0394,1.000000,3.675224e-02,1,8.41843460e-04,-1.980776e-13,18.300037,38.7753,9.44,
75.00,0.9647,120.0,10.0000,1.0e-03,-1,8.72664626e-04,equilibrium,8.41843460e-04,8.41843460e-04,3.670488e-14,100.0000,1,72.3551,1.000000,4.328564e-02,1,8.41843460e-04,-3.495335e-13,12.379429,69.5542,8.38,
105.00,0.9647,120.0,10.0000,1.0e-03,-1,8.72664626e-04,error,NaN,NaN,NaN,NaN,0,NaN,NaN,NaN,0,8.41843460e-04,NaN,NaN,NaN,0.01,DomainError with -2.053075702815321e-15: sqrt was called wit
135.00,0.9647,120.0,10.0000,1.0e-03,-1,8.72664626e-04,equilibrium,8.41843460e-04,8.41843460e-04,1.300769e-13,100.0000,1,144.3603,1.000000,3.107831e-02,1,8.41843460e-04,1.258784e-12,16.941800,29.6086,8.13,
165.00,0.9647,120.0,10.0000,1.0e-03,-1,8.72664626e-04,equilibrium,8.41843460e-04,8.41843460e-04,1.360012e-13,100.0000,1,168.6997,1.000000,1.499589e-02,1,8.41843460e-04,1.364134e-12,18.768291,1.4890,8.63,
15.00,0.9717,120.0,10.0000,1.0e-03,-1,8.72664626e-04,equilibrium,8.48007693e-04,8.48007693e-04,0.000000e+00,100.0000,1,17.9305,1.000000,2.028052e-02,1,8.48007693e-04,1.534234e-15,24.961583,9.5738,12.41,
45.00,0.9717,120.0,10.0000,1.0e-03,-1,8.72664626e-04,equilibrium,8.48007693e-04,8.48007693e-04,2.748837e-14,100.0000,1,54.2942,1.000000,3.632381e-02,1,8.48007693e-04,-2.165828e-13,18.157313,39.0376,10.53,
75.00,0.9717,120.0,10.0000,1.0e-03,-1,8.72664626e-04,equilibrium,8.48007693e-04,8.48007693e-04,3.592666e-14,100.0000,1,83.8751,1.000000,4.271974e-02,1,8.48007693e-04,-3.206550e-13,12.273363,69.8004,8.38,
105.00,0.9717,120.0,10.0000,1.0e-03,-1,8.72664626e-04,equilibrium,8.48007693e-04,8.48007693e-04,4.219145e-14,100.0000,1,113.1326,1.000000,3.990127e-02,1,8.48007693e-04,4.428823e-13,12.704688,55.3233,10.05,
135.00,0.9717,120.0,10.0000,1.0e-03,-1,8.72664626e-04,equilibrium,8.48007693e-04,8.48007693e-04,1.264465e-13,100.0000,1,147.4793,1.000000,3.057537e-02,1,8.48007693e-04,1.244648e-12,16.826011,29.4858,8.06,
165.00,0.9717,120.0,10.0000,1.0e-03,-1,8.72664626e-04,equilibrium,8.48007693e-04,8.48007693e-04,1.338620e-13,100.0000,1,167.5479,1.000000,1.582133e-02,1,8.48007693e-04,1.332227e-12,18.648587,0.4995,10.22,
15.00,0.9788,120.0,10.0000,1.0e-03,-1,8.72664626e-04,equilibrium,8.54171927e-04,8.54171927e-04,1.269302e-16,100.0000,1,18.4319,1.000000,2.014812e-02,1,8.54171927e-04,2.411674e-15,24.783765,9.3259,11.52,
45.00,0.9788,120.0,10.0000,1.0e-03,-1,8.72664626e-04,equilibrium,8.54171927e-04,8.54171927e-04,1.573935e-14,100.0000,1,55.9561,1.000000,3.584315e-02,1,8.54171927e-04,-1.868413e-13,18.016972,38.8528,9.88,
75.00,0.9788,120.0,10.0000,1.0e-03,-1,8.72664626e-04,equilibrium,8.54171927e-04,8.54171927e-04,3.401729e-14,100.0000,1,74.0677,1.000000,4.195417e-02,1,8.54171927e-04,-3.713978e-13,12.169911,73.6007,10.65,
105.00,0.9788,120.0,10.0000,1.0e-03,-1,8.72664626e-04,equilibrium,8.54171927e-04,8.54171927e-04,4.531408e-14,100.0000,1,113.1701,1.000000,3.857443e-02,1,8.54171927e-04,5.040398e-13,12.633764,55.1771,7.68,
135.00,0.9788,120.0,10.0000,1.0e-03,-1,8.72664626e-04,equilibrium,8.54171927e-04,8.54171927e-04,1.236300e-13,100.0000,1,143.6116,1.000000,3.028723e-02,1,8.54171927e-04,1.225638e-12,16.711502,29.4028,4.67,
165.00,0.9788,120.0,10.0000,1.0e-03,-1,8.72664626e-04,equilibrium,8.54171927e-04,8.54171927e-04,1.148718e-13,100.0000,1,165.8258,1.000000,1.537018e-02,1,8.54171927e-04,1.261940e-12,18.420358,0.4310,5.07,
15.00,0.9859,120.0,10.0000,1.0e-03,-1,8.72664626e-04,equilibrium,8.60336160e-04,8.60336160e-04,5.040830e-16,100.0000,1,17.3076,1.000000,1.908574e-02,1,8.60336160e-04,2.898477e-15,24.607888,9.2455,7.39,
45.00,0.9859,120.0,10.0000,1.0e-03,-1,8.72664626e-04,equilibrium,8.60336160e-04,8.60336160e-04,2.633834e-14,100.0000,1,46.2204,1.000000,3.537927e-02,1,8.60336160e-04,-1.996169e-13,17.878558,38.8515,6.57,
75.00,0.9859,120.0,10.0000,1.0e-03,-1,8.72664626e-04,equilibrium,8.60336160e-04,8.60336160e-04,2.772457e-14,100.0000,1,75.7846,1.000000,4.159677e-02,1,8.60336160e-04,-3.062304e-13,12.068708,70.2890,6.93,
105.00,0.9859,120.0,10.0000,1.0e-03,-1,8.72664626e-04,equilibrium,8.60336160e-04,8.60336160e-04,5.670934e-14,100.0000,1,118.6057,1.000000,3.870362e-02,1,8.60336160e-04,5.316816e-13,12.562920,55.1018,6.88,
135.00,0.9859,120.0,10.0000,1.0e-03,-1,8.72664626e-04,equilibrium,8.60336160e-04,8.60336160e-04,1.200978e-13,100.0000,1,134.0139,1.000000,2.960416e-02,1,8.60336160e-04,1.180815e-12,16.599212,29.3359,6.54,
165.00,0.9859,120.0,10.0000,1.0e-03,-1,8.72664626e-04,error,NaN,NaN,NaN,NaN,0,NaN,NaN,NaN,0,8.60336160e-04,NaN,NaN,NaN,0.01,DomainError with -2.053075702815321e-15: sqrt was called wit
15.00,0.9929,120.0,10.0000,1.0e-03,-1,8.72664626e-04,equilibrium,8.66500393e-04,8.66500393e-04,2.502485e-16,100.0000,1,18.8599,1.000000,1.973799e-02,1,8.66500393e-04,2.001988e-15,24.434878,9.5345,8.43,
45.00,0.9929,120.0,10.0000,1.0e-03,-1,8.72664626e-04,equilibrium,8.66500393e-04,8.66500393e-04,1.726715e-14,100.0000,1,53.7927,1.000000,3.489440e-02,1,8.66500393e-04,-1.799287e-13,17.742502,38.8777,6.94,
75.00,0.9929,120.0,10.0000,1.0e-03,-1,8.72664626e-04,error,NaN,NaN,NaN,NaN,0,NaN,NaN,NaN,0,8.66500393e-04,NaN,NaN,NaN,0.01,DomainError with -2.053075702815321e-15: sqrt was called wit
105.00,0.9929,120.0,10.0000,1.0e-03,-1,8.72664626e-04,equilibrium,8.66500393e-04,8.66500393e-04,6.531486e-14,100.0000,1,121.3628,1.000000,3.812558e-02,1,8.66500393e-04,5.260224e-13,12.492152,54.8001,5.28,
135.00,0.9929,120.0,10.0000,1.0e-03,-1,8.72664626e-04,equilibrium,8.66500393e-04,8.66500393e-04,1.152394e-13,100.0000,1,140.4438,1.000000,2.910047e-02,1,8.66500393e-04,1.181298e-12,16.488291,29.2598,6.95,
165.00,0.9929,120.0,10.0000,1.0e-03,-1,8.72664626e-04,equilibrium,8.66500393e-04,8.66500393e-04,1.206198e-13,100.0000,1,169.7564,1.000000,1.524597e-02,1,8.66500393e-04,1.199566e-12,18.082112,0.2570,7.64,
